method_id,step,retriever,ranker,M,repeat,restricted_oracle_node,restricted_oracle_gain,pool_best_node,pool_best_gain,selected_node,selected_gain,candidate_loss,ranking_loss,total_regret,decomposition_error,retrieval_runtime_seconds,reranking_runtime_seconds,gain_evaluation_runtime_seconds
method-001,1,Degree,OriginalOrder,10,,1265,84.4,1265,84.4,916,28.9,0.0,55.50000000000001,55.50000000000001,0.0,9.530000079394085e-05,4.000003173132427e-07,0.3970380999999179
method-001,2,Degree,OriginalOrder,10,,1265,90.3,1265,90.3,410,49.6,0.0,40.699999999999996,40.699999999999996,0.0,9.270000009564683e-05,9.999985195463523e-08,0.4757254999994984
method-001,3,Degree,OriginalOrder,10,,1265,84.1,1265,84.1,1265,84.1,0.0,0.0,0.0,0.0,0.00011189999986527255,2.999995558639057e-07,0.47591360000023997
method-001,4,Degree,OriginalOrder,10,,228,46.1,310,40.2,830,22.0,5.899999999999999,18.200000000000003,24.1,0.0,9.62999993134872e-05,3.0000046535860747e-07,0.40558770000006916
method-001,5,Degree,OriginalOrder,10,,228,56.0,310,42.5,1249,15.5,13.5,27.0,40.5,0.0,9.480000062467298e-05,1.9999970390927047e-07,0.4837962999999945
method-001,6,Degree,OriginalOrder,10,,228,49.6,985,35.8,72,10.2,13.800000000000004,25.599999999999998,39.400000000000006,3.552713678800501e-15,0.00011200000062672189,2.999995558639057e-07,0.4958842000005461
method-001,7,Degree,OriginalOrder,10,,228,50.1,310,43.1,98,14.8,7.0,28.3,35.3,-3.552713678800501e-15,8.900000011635711e-05,2.0000061340397224e-07,0.41276290000041627
method-001,8,Degree,OriginalOrder,10,,228,54.7,1807,33.4,1423,10.6,21.300000000000004,22.799999999999997,44.1,0.0,0.00010550000024522888,1.9999970390927047e-07,0.4994101000002047
method-001,9,Degree,OriginalOrder,10,,3519,61.6,310,42.9,310,42.9,18.700000000000003,0.0,18.700000000000003,0.0,9.250000039173756e-05,2.0000061340397224e-07,0.48758300000008603
method-001,10,Degree,OriginalOrder,10,,228,56.0,1807,36.6,985,30.6,19.4,6.0,25.4,0.0,9.15000000532018e-05,4.000003173132427e-07,0.49026860000049055
method-002,1,Degree,MarginalGainPredictor,10,,1265,84.4,1265,84.4,1265,84.4,0.0,0.0,0.0,0.0,9.530000079394085e-05,0.0011224999998376006,0.3970380999999179
method-002,2,Degree,MarginalGainPredictor,10,,228,52.6,410,49.8,410,49.8,2.8000000000000043,0.0,2.8000000000000043,0.0,9.690000024420442e-05,0.0012629000002561952,0.4252031000005445
method-002,3,Degree,MarginalGainPredictor,10,,228,56.1,310,45.0,310,45.0,11.100000000000001,0.0,11.100000000000001,0.0,9.469999986322364e-05,0.0012200000001030276,0.3208223999999973
method-002,4,Degree,MarginalGainPredictor,10,,228,46.2,985,33.6,985,33.6,12.600000000000001,0.0,12.600000000000001,0.0,0.00014290000035543926,0.001285700000153156,0.4199527999999191
method-002,5,Degree,MarginalGainPredictor,10,,228,56.1,1807,34.3,1807,34.3,21.800000000000004,0.0,21.800000000000004,0.0,9.510000018053688e-05,0.0012552999996842118,0.32976400000006834
method-002,6,Degree,MarginalGainPredictor,10,,228,49.6,658,30.2,916,14.7,19.400000000000002,15.5,34.900000000000006,3.552713678800501e-15,0.00012349999997240957,0.0011350999993737787,0.4374601999998049
method-002,7,Degree,MarginalGainPredictor,10,,228,50.0,658,23.4,820,19.8,26.6,3.599999999999998,30.2,0.0,0.0001129000002038083,0.0012294999996811384,0.43786289999934525
method-002,8,Degree,MarginalGainPredictor,10,,228,54.2,892,31.9,1249,15.3,22.300000000000004,16.599999999999998,38.900000000000006,3.552713678800501e-15,9.140000020124717e-05,0.0012083999999958905,0.3536915000004228
method-002,9,Degree,MarginalGainPredictor,10,,228,64.3,830,34.4,1423,12.1,29.9,22.299999999999997,52.199999999999996,0.0,8.720000005268957e-05,0.0013576999999713735,0.39006439999957365
method-002,10,Degree,MarginalGainPredictor,10,,228,55.4,892,34.1,1352,12.6,21.299999999999997,21.5,42.8,0.0,8.930000058171572e-05,0.0012538000000859029,0.3314323999993576
method-003,1,Degree,OriginalOrder,20,,1265,84.4,1265,84.4,916,28.9,0.0,55.50000000000001,55.50000000000001,0.0,9.530000079394085e-05,3.9999940781854093e-07,0.3970380999999179
method-003,2,Degree,OriginalOrder,20,,1265,90.3,1265,90.3,410,49.6,0.0,40.699999999999996,40.699999999999996,0.0,9.270000009564683e-05,2.0000061340397224e-07,0.4757254999994984
method-003,3,Degree,OriginalOrder,20,,1265,84.1,1265,84.1,1265,84.1,0.0,0.0,0.0,0.0,0.00011189999986527255,3.0000046535860747e-07,0.47591360000023997
method-003,4,Degree,OriginalOrder,20,,228,46.1,310,40.2,830,22.0,5.899999999999999,18.200000000000003,24.1,0.0,9.62999993134872e-05,2.999995558639057e-07,0.40558770000006916
method-003,5,Degree,OriginalOrder,20,,228,56.0,310,42.5,1249,15.5,13.5,27.0,40.5,0.0,9.480000062467298e-05,2.999995558639057e-07,0.4837962999999945
method-003,6,Degree,OriginalOrder,20,,228,49.6,892,41.4,72,10.2,8.200000000000003,31.2,39.400000000000006,3.552713678800501e-15,0.00011200000062672189,4.000003173132427e-07,0.4958842000005461
method-003,7,Degree,OriginalOrder,20,,228,50.1,310,43.1,98,14.8,7.0,28.3,35.3,-3.552713678800501e-15,8.900000011635711e-05,2.999995558639057e-07,0.41276290000041627
method-003,8,Degree,OriginalOrder,20,,228,54.7,1807,33.4,1423,10.6,21.300000000000004,22.799999999999997,44.1,0.0,0.00010550000024522888,4.000003173132427e-07,0.4994101000002047
method-003,9,Degree,OriginalOrder,20,,3519,61.6,310,42.9,310,42.9,18.700000000000003,0.0,18.700000000000003,0.0,9.250000039173756e-05,4.000003173132427e-07,0.48758300000008603
method-003,10,Degree,OriginalOrder,20,,228,56.0,1807,36.6,985,30.6,19.4,6.0,25.4,0.0,9.15000000532018e-05,3.9999940781854093e-07,0.49026860000049055
method-004,1,Degree,MarginalGainPredictor,20,,1265,84.4,1265,84.4,1265,84.4,0.0,0.0,0.0,0.0,9.530000079394085e-05,0.0005129999999553547,0.3970380999999179
method-004,2,Degree,MarginalGainPredictor,20,,228,52.6,410,49.8,410,49.8,2.8000000000000043,0.0,2.8000000000000043,0.0,9.690000024420442e-05,0.0005860999999640626,0.4252031000005445
method-004,3,Degree,MarginalGainPredictor,20,,228,56.1,310,45.0,310,45.0,11.100000000000001,0.0,11.100000000000001,0.0,9.469999986322364e-05,0.0006343000004562782,0.3208223999999973
method-004,4,Degree,MarginalGainPredictor,20,,228,46.2,985,33.6,1807,33.6,12.600000000000001,0.0,12.600000000000001,0.0,0.00014290000035543926,0.0006239999993340462,0.4199527999999191
method-004,5,Degree,MarginalGainPredictor,20,,228,56.0,892,35.7,985,28.9,20.299999999999997,6.800000000000004,27.1,0.0,0.00010460000066814246,0.0011766999996325467,0.4759282000004532
method-004,6,Degree,MarginalGainPredictor,20,,228,49.6,892,44.8,820,16.7,4.800000000000004,28.099999999999998,32.900000000000006,3.552713678800501e-15,9.829999999055872e-05,0.0013902000000598491,0.4173835000001418
method-004,7,Degree,MarginalGainPredictor,20,,228,50.0,892,31.9,1277,0.0,18.1,31.9,50.0,0.0,9.020000015880214e-05,0.0012784000000465312,0.399102700000185
method-004,8,Degree,MarginalGainPredictor,20,,228,54.2,892,31.9,916,4.0,22.300000000000004,27.9,50.2,0.0,9.520000003249152e-05,0.0012042999996992876,0.49183850000008533
method-004,9,Degree,MarginalGainPredictor,20,,228,64.3,830,34.4,2216,32.5,29.9,1.8999999999999986,31.799999999999997,0.0,9.099999988393392e-05,0.0011785999995481689,0.4829435999999987
method-004,10,Degree,MarginalGainPredictor,20,,228,55.5,892,34.1,1249,7.0,21.4,27.1,48.5,0.0,9.279999994760146e-05,0.0012165999996796018,0.48234279999996943
method-005,1,Degree,OriginalOrder,50,,1265,84.4,1265,84.4,916,28.9,0.0,55.50000000000001,55.50000000000001,0.0,9.530000079394085e-05,1.9999970390927047e-07,0.3970380999999179
method-005,2,Degree,OriginalOrder,50,,1265,90.3,1265,90.3,410,49.6,0.0,40.699999999999996,40.699999999999996,0.0,9.270000009564683e-05,1.9999970390927047e-07,0.4757254999994984
method-005,3,Degree,OriginalOrder,50,,1265,84.1,1265,84.1,1265,84.1,0.0,0.0,0.0,0.0,0.00011189999986527255,9.999985195463523e-08,0.47591360000023997
method-005,4,Degree,OriginalOrder,50,,228,46.1,228,46.1,830,22.0,0.0,24.1,24.1,0.0,9.62999993134872e-05,3.0000046535860747e-07,0.40558770000006916
method-005,5,Degree,OriginalOrder,50,,228,56.0,228,56.0,1249,15.5,0.0,40.5,40.5,0.0,9.480000062467298e-05,4.000003173132427e-07,0.4837962999999945
method-005,6,Degree,OriginalOrder,50,,228,49.6,228,49.6,72,10.2,0.0,39.400000000000006,39.400000000000006,0.0,0.00011200000062672189,1.9999970390927047e-07,0.4958842000005461
method-005,7,Degree,OriginalOrder,50,,228,50.1,228,50.1,98,14.8,0.0,35.3,35.3,0.0,8.900000011635711e-05,1.9999970390927047e-07,0.41276290000041627
method-005,8,Degree,OriginalOrder,50,,228,54.7,228,54.7,1423,10.6,0.0,44.1,44.1,0.0,0.00010550000024522888,1.9999970390927047e-07,0.4994101000002047
method-005,9,Degree,OriginalOrder,50,,3519,61.6,228,54.7,310,42.9,6.899999999999999,11.800000000000004,18.700000000000003,0.0,9.250000039173756e-05,3.0000046535860747e-07,0.48758300000008603
method-005,10,Degree,OriginalOrder,50,,228,56.0,228,56.0,985,30.6,0.0,25.4,25.4,0.0,9.15000000532018e-05,6.000000212225132e-07,0.49026860000049055
method-006,1,Degree,MarginalGainPredictor,50,,1265,84.4,1265,84.4,1265,84.4,0.0,0.0,0.0,0.0,9.530000079394085e-05,0.0005201999993005302,0.3970380999999179
method-006,2,Degree,MarginalGainPredictor,50,,228,52.6,228,52.6,410,49.8,0.0,2.8000000000000043,2.8000000000000043,0.0,9.690000024420442e-05,0.0005907000004299334,0.4252031000005445
method-006,3,Degree,MarginalGainPredictor,50,,228,56.1,228,56.1,310,45.0,0.0,11.100000000000001,11.100000000000001,0.0,9.469999986322364e-05,0.0006317999996099388,0.3208223999999973
method-006,4,Degree,MarginalGainPredictor,50,,228,46.2,228,46.2,1807,33.6,0.0,12.600000000000001,12.600000000000001,0.0,0.00014290000035543926,0.0005838000006406219,0.4199527999999191
method-006,5,Degree,MarginalGainPredictor,50,,228,56.0,228,56.0,985,28.9,0.0,27.1,27.1,0.0,0.00010460000066814246,0.000647900000330992,0.4759282000004532
method-006,6,Degree,MarginalGainPredictor,50,,228,49.6,228,49.6,2216,30.6,0.0,19.0,19.0,0.0,9.829999999055872e-05,0.0006507999996756553,0.4173835000001418
method-006,7,Degree,MarginalGainPredictor,50,,228,50.0,228,50.0,820,19.8,0.0,30.2,30.2,0.0,9.720000070956303e-05,0.001250800000889285,0.4842337000000043
method-006,8,Degree,MarginalGainPredictor,50,,228,54.2,228,54.2,1277,0.0,0.0,54.2,54.2,0.0,0.00013140000010025688,0.0015174000000115484,0.41093410000030417
method-006,9,Degree,MarginalGainPredictor,50,,228,64.3,228,64.3,7995,14.1,0.0,50.199999999999996,50.199999999999996,0.0,9.719999980006833e-05,0.0012082000002919813,0.4080607999994754
method-006,10,Degree,MarginalGainPredictor,50,,228,55.5,228,55.5,916,7.5,0.0,48.0,48.0,0.0,9.959999988495838e-05,0.0012758999992001918,0.5001910999999382
method-007,1,Degree,OriginalOrder,100,,1265,84.4,1265,84.4,916,28.9,0.0,55.50000000000001,55.50000000000001,0.0,9.530000079394085e-05,2.0000061340397224e-07,0.3970380999999179
method-007,2,Degree,OriginalOrder,100,,1265,90.3,1265,90.3,410,49.6,0.0,40.699999999999996,40.699999999999996,0.0,9.270000009564683e-05,2.0000061340397224e-07,0.4757254999994984
method-007,3,Degree,OriginalOrder,100,,1265,84.1,1265,84.1,1265,84.1,0.0,0.0,0.0,0.0,0.00011189999986527255,1.9999970390927047e-07,0.47591360000023997
method-007,4,Degree,OriginalOrder,100,,228,46.1,228,46.1,830,22.0,0.0,24.1,24.1,0.0,9.62999993134872e-05,3.0000046535860747e-07,0.40558770000006916
method-007,5,Degree,OriginalOrder,100,,228,56.0,228,56.0,1249,15.5,0.0,40.5,40.5,0.0,9.480000062467298e-05,3.0000046535860747e-07,0.4837962999999945
method-007,6,Degree,OriginalOrder,100,,228,49.6,228,49.6,72,10.2,0.0,39.400000000000006,39.400000000000006,0.0,0.00011200000062672189,2.0000061340397224e-07,0.4958842000005461
method-007,7,Degree,OriginalOrder,100,,228,50.1,228,50.1,98,14.8,0.0,35.3,35.3,0.0,8.900000011635711e-05,2.999995558639057e-07,0.41276290000041627
method-007,8,Degree,OriginalOrder,100,,228,54.7,228,54.7,1423,10.6,0.0,44.1,44.1,0.0,0.00010550000024522888,3.0000046535860747e-07,0.4994101000002047
method-007,9,Degree,OriginalOrder,100,,3519,61.6,3519,61.6,310,42.9,0.0,18.700000000000003,18.700000000000003,0.0,9.250000039173756e-05,3.0000046535860747e-07,0.48758300000008603
method-007,10,Degree,OriginalOrder,100,,228,56.0,228,56.0,985,30.6,0.0,25.4,25.4,0.0,9.15000000532018e-05,1.9999970390927047e-07,0.49026860000049055
method-008,1,Degree,MarginalGainPredictor,100,,1265,84.4,1265,84.4,1265,84.4,0.0,0.0,0.0,0.0,9.530000079394085e-05,0.0005570000002990128,0.3970380999999179
method-008,2,Degree,MarginalGainPredictor,100,,228,52.6,228,52.6,410,49.8,0.0,2.8000000000000043,2.8000000000000043,0.0,9.690000024420442e-05,0.000559800000701216,0.4252031000005445
method-008,3,Degree,MarginalGainPredictor,100,,228,56.1,228,56.1,310,45.0,0.0,11.100000000000001,11.100000000000001,0.0,9.469999986322364e-05,0.0007304999999178108,0.3208223999999973
method-008,4,Degree,MarginalGainPredictor,100,,228,46.2,228,46.2,1807,33.6,0.0,12.600000000000001,12.600000000000001,0.0,0.00014290000035543926,0.0006874000000607339,0.4199527999999191
method-008,5,Degree,MarginalGainPredictor,100,,228,56.0,228,56.0,985,28.9,0.0,27.1,27.1,0.0,0.00010460000066814246,0.0006659999999101274,0.4759282000004532
method-008,6,Degree,MarginalGainPredictor,100,,228,49.6,228,49.6,2216,30.6,0.0,19.0,19.0,0.0,9.829999999055872e-05,0.0006353999997372739,0.4173835000001418
method-008,7,Degree,MarginalGainPredictor,100,,228,50.0,228,50.0,820,19.8,0.0,30.2,30.2,0.0,9.720000070956303e-05,0.0007528999994974583,0.4842337000000043
method-008,8,Degree,MarginalGainPredictor,100,,228,54.2,228,54.2,1277,0.0,0.0,54.2,54.2,0.0,0.00013140000010025688,0.0007302000003619469,0.41093410000030417
method-008,9,Degree,MarginalGainPredictor,100,,228,64.3,228,64.3,7995,14.1,0.0,50.199999999999996,50.199999999999996,0.0,9.719999980006833e-05,0.0007554999992862577,0.4080607999994754
method-008,10,Degree,MarginalGainPredictor,100,,228,55.5,228,55.5,916,7.5,0.0,48.0,48.0,0.0,9.959999988495838e-05,0.0007421000000249478,0.5001910999999382
method-009,1,DegreeDiscount,OriginalOrder,10,,1265,84.4,1277,84.4,12802,19.1,0.0,65.30000000000001,65.30000000000001,0.0,0.0034036000006381073,1.9999970390927047e-07,0.3970380999999179
method-009,2,DegreeDiscount,OriginalOrder,10,,1265,93.5,1277,93.5,12803,0.0,0.0,93.5,93.5,0.0,0.0020939000005455455,5.000001692678779e-07,0.405850900000587
method-009,3,DegreeDiscount,OriginalOrder,10,,1265,97.4,1277,97.4,1352,13.9,0.0,83.5,83.5,0.0,0.0021532000000661355,4.000003173132427e-07,0.47454239999933634
method-009,4,DegreeDiscount,OriginalOrder,10,,1265,80.6,1277,80.6,12804,0.6,0.0,80.0,80.0,0.0,0.0021692000000257394,3.0000046535860747e-07,0.4779387999997198
method-009,5,DegreeDiscount,OriginalOrder,10,,1265,107.6,1277,107.6,310,41.7,0.0,65.89999999999999,65.89999999999999,0.0,0.0020862000001216074,2.0000061340397224e-07,0.39798900000005233
method-009,6,DegreeDiscount,OriginalOrder,10,,1265,76.7,1277,76.7,905,24.1,0.0,52.6,52.6,0.0,0.0022252000007938477,2.999995558639057e-07,0.48801319999984116
method-009,7,DegreeDiscount,OriginalOrder,10,,1265,64.8,1277,64.8,72,11.3,0.0,53.5,53.5,0.0,0.002139799999895331,3.0000046535860747e-07,0.39541559999997844
method-009,8,DegreeDiscount,OriginalOrder,10,,1265,86.3,1277,86.3,1277,86.3,0.0,0.0,0.0,0.0,0.002104499999404652,1.9999970390927047e-07,0.4859631999997873
method-009,9,DegreeDiscount,OriginalOrder,10,,228,64.3,1807,43.7,1249,22.1,20.599999999999994,21.6,42.199999999999996,0.0,0.002093300000524323,2.0000061340397224e-07,0.47384650000003603
method-009,10,DegreeDiscount,OriginalOrder,10,,228,56.1,1807,43.2,1439,20.4,12.899999999999999,22.800000000000004,35.7,0.0,0.0022838000004412606,3.0000046535860747e-07,0.42636469999979454
method-010,1,DegreeDiscount,MarginalGainPredictor,10,,1265,84.4,1277,84.4,310,49.6,0.0,34.800000000000004,34.800000000000004,0.0,0.0034036000006381073,0.0004693000000770553,0.3970380999999179
method-010,2,DegreeDiscount,MarginalGainPredictor,10,,1265,92.9,1277,92.9,1277,92.9,0.0,0.0,0.0,0.0,0.0020753000007971423,0.0011574000000109663,0.5409417000000758
method-010,3,DegreeDiscount,MarginalGainPredictor,10,,228,56.0,12802,24.7,1249,20.3,31.3,4.399999999999999,35.7,3.552713678800501e-15,0.00205539999933535,0.0011874999991050572,0.42852810000022146
method-010,4,DegreeDiscount,MarginalGainPredictor,10,,410,49.6,12802,26.7,1816,15.6,22.900000000000002,11.1,34.0,-1.7763568394002505e-15,0.002106699999785633,0.0012061000006724498,0.3231802999998763
method-010,5,DegreeDiscount,MarginalGainPredictor,10,,228,56.3,1439,24.2,1439,24.2,32.099999999999994,0.0,32.099999999999994,0.0,0.0021019999994678074,0.0012453000008463277,0.4328830000004018
method-010,6,DegreeDiscount,MarginalGainPredictor,10,,228,49.5,905,24.3,1423,19.8,25.2,4.5,29.7,0.0,0.002091199999995297,0.0012250999998286716,0.329632799999672
method-010,7,DegreeDiscount,MarginalGainPredictor,10,,228,50.1,181,33.9,1352,14.2,16.200000000000003,19.7,35.900000000000006,3.552713678800501e-15,0.002104400000462192,0.0012162000002717832,0.4306445000001986
method-010,8,DegreeDiscount,MarginalGainPredictor,10,,228,54.5,181,26.7,72,9.0,27.8,17.7,45.5,0.0,0.0021306999997250387,0.0012894999999844003,0.32967869999993127
method-010,9,DegreeDiscount,MarginalGainPredictor,10,,228,64.3,181,25.6,1807,11.5,38.699999999999996,14.100000000000001,52.8,0.0,0.0020755000005010515,0.0012082999992344412,0.42553289999978006
method-010,10,DegreeDiscount,MarginalGainPredictor,10,,228,55.4,4679,25.3,1920,23.5,30.099999999999998,1.8000000000000007,31.9,0.0,0.0020491000004767557,0.0012809999998353305,0.4468305999998847
method-011,1,DegreeDiscount,OriginalOrder,20,,1265,84.4,1277,84.4,12802,19.1,0.0,65.30000000000001,65.30000000000001,0.0,0.0034036000006381073,1.9999970390927047e-07,0.3970380999999179
method-011,2,DegreeDiscount,OriginalOrder,20,,1265,93.5,1277,93.5,12803,0.0,0.0,93.5,93.5,0.0,0.0020939000005455455,1.9999970390927047e-07,0.405850900000587
method-011,3,DegreeDiscount,OriginalOrder,20,,1265,97.4,1277,97.4,1352,13.9,0.0,83.5,83.5,0.0,0.0021532000000661355,4.000003173132427e-07,0.47454239999933634
method-011,4,DegreeDiscount,OriginalOrder,20,,1265,80.6,1277,80.6,12804,0.6,0.0,80.0,80.0,0.0,0.0021692000000257394,4.000003173132427e-07,0.4779387999997198
method-011,5,DegreeDiscount,OriginalOrder,20,,1265,107.6,1277,107.6,310,41.7,0.0,65.89999999999999,65.89999999999999,0.0,0.0020862000001216074,3.0000046535860747e-07,0.39798900000005233
method-011,6,DegreeDiscount,OriginalOrder,20,,1265,76.7,1277,76.7,905,24.1,0.0,52.6,52.6,0.0,0.0022252000007938477,4.000003173132427e-07,0.48801319999984116
method-011,7,DegreeDiscount,OriginalOrder,20,,1265,64.8,1265,64.8,72,11.3,0.0,53.5,53.5,0.0,0.002139799999895331,2.999995558639057e-07,0.39541559999997844
method-011,8,DegreeDiscount,OriginalOrder,20,,1265,86.3,1265,86.3,1277,86.3,0.0,0.0,0.0,0.0,0.002104499999404652,2.999995558639057e-07,0.4859631999997873
method-011,9,DegreeDiscount,OriginalOrder,20,,228,64.3,1807,43.7,1249,22.1,20.599999999999994,21.6,42.199999999999996,0.0,0.002093300000524323,3.0000046535860747e-07,0.47384650000003603
method-011,10,DegreeDiscount,OriginalOrder,20,,228,56.1,1807,43.2,1439,20.4,12.899999999999999,22.800000000000004,35.7,0.0,0.0022838000004412606,4.000003173132427e-07,0.42636469999979454
method-012,1,DegreeDiscount,MarginalGainPredictor,20,,1265,84.4,1277,84.4,310,49.6,0.0,34.800000000000004,34.800000000000004,0.0,0.0034036000006381073,0.00041369999962626025,0.3970380999999179
method-012,2,DegreeDiscount,MarginalGainPredictor,20,,1265,92.9,1277,92.9,1807,37.6,0.0,55.300000000000004,55.300000000000004,0.0,0.0020753000007971423,0.000527700000020559,0.5409417000000758
method-012,3,DegreeDiscount,MarginalGainPredictor,20,,1265,89.0,1277,89.0,1277,89.0,0.0,0.0,0.0,0.0,0.002090199999656761,0.001237299999957031,0.41328929999963293
method-012,4,DegreeDiscount,MarginalGainPredictor,20,,410,49.7,1920,30.9,1423,13.2,18.800000000000004,17.7,36.5,-3.552713678800501e-15,0.0021289999995133257,0.001210700000228826,0.47895619999962946
method-012,5,DegreeDiscount,MarginalGainPredictor,20,,228,56.3,3916,32.6,1439,24.2,23.699999999999996,8.400000000000002,32.099999999999994,-3.552713678800501e-15,0.002100300000165589,0.001254700000572484,0.40082949999941775
method-012,6,DegreeDiscount,MarginalGainPredictor,20,,228,49.5,2023,29.3,1265,0.0,20.2,29.3,49.5,0.0,0.0020731000004161615,0.0012317999999140739,0.49894469999981084
method-012,7,DegreeDiscount,MarginalGainPredictor,20,,228,50.1,181,34.1,1352,14.2,16.0,19.900000000000002,35.900000000000006,3.552713678800501e-15,0.0020769999991898658,0.0011764999999286374,0.5015135000003283
method-012,8,DegreeDiscount,MarginalGainPredictor,20,,228,54.5,1920,29.0,1920,29.0,25.5,0.0,25.5,0.0,0.002080299999761337,0.0012215000006108312,0.49073540000063076
method-012,9,DegreeDiscount,MarginalGainPredictor,20,,228,64.2,181,25.4,72,9.1,38.800000000000004,16.299999999999997,55.1,0.0,0.002097600000524835,0.0012365000002318993,0.40732980000029784
method-012,10,DegreeDiscount,MarginalGainPredictor,20,,228,55.4,3916,27.2,3916,27.2,28.2,0.0,28.2,0.0,0.0021928999994997866,0.0016277999993690173,0.4121557999997094
method-013,1,DegreeDiscount,OriginalOrder,50,,1265,84.4,1265,84.4,12802,19.1,0.0,65.30000000000001,65.30000000000001,0.0,0.0034036000006381073,1.00000761449337e-07,0.3970380999999179
method-013,2,DegreeDiscount,OriginalOrder,50,,1265,93.5,1265,93.5,12803,0.0,0.0,93.5,93.5,0.0,0.0020939000005455455,2.0000061340397224e-07,0.405850900000587
method-013,3,DegreeDiscount,OriginalOrder,50,,1265,97.4,1265,97.4,1352,13.9,0.0,83.5,83.5,0.0,0.0021532000000661355,3.0000046535860747e-07,0.47454239999933634
method-013,4,DegreeDiscount,OriginalOrder,50,,1265,80.6,1265,80.6,12804,0.6,0.0,80.0,80.0,0.0,0.0021692000000257394,4.000003173132427e-07,0.4779387999997198
method-013,5,DegreeDiscount,OriginalOrder,50,,1265,107.6,1265,107.6,310,41.7,0.0,65.89999999999999,65.89999999999999,0.0,0.0020862000001216074,2.999995558639057e-07,0.39798900000005233
method-013,6,DegreeDiscount,OriginalOrder,50,,1265,76.7,1265,76.7,905,24.1,0.0,52.6,52.6,0.0,0.0022252000007938477,2.999995558639057e-07,0.48801319999984116
method-013,7,DegreeDiscount,OriginalOrder,50,,1265,64.8,1265,64.8,72,11.3,0.0,53.5,53.5,0.0,0.002139799999895331,4.000003173132427e-07,0.39541559999997844
method-013,8,DegreeDiscount,OriginalOrder,50,,1265,86.3,1265,86.3,1277,86.3,0.0,0.0,0.0,0.0,0.002104499999404652,3.0000046535860747e-07,0.4859631999997873
method-013,9,DegreeDiscount,OriginalOrder,50,,228,64.3,3519,62.7,1249,22.1,1.5999999999999943,40.6,42.199999999999996,0.0,0.002093300000524323,3.9999940781854093e-07,0.47384650000003603
method-013,10,DegreeDiscount,OriginalOrder,50,,228,56.1,410,51.0,1439,20.4,5.100000000000001,30.6,35.7,0.0,0.0022838000004412606,2.999995558639057e-07,0.42636469999979454
method-014,1,DegreeDiscount,MarginalGainPredictor,50,,1265,84.4,1265,84.4,1265,84.4,0.0,0.0,0.0,0.0,0.0034036000006381073,0.0004576999999699183,0.3970380999999179
method-014,2,DegreeDiscount,MarginalGainPredictor,50,,228,52.6,410,49.8,410,49.8,2.8000000000000043,0.0,2.8000000000000043,0.0,0.0033852000005936134,0.0006532999996125,0.4252031000005445
method-014,3,DegreeDiscount,MarginalGainPredictor,50,,228,56.1,9070,53.2,310,45.0,2.8999999999999986,8.200000000000003,11.100000000000001,0.0,0.003390899999430985,0.00070770000002085,0.3208223999999973
method-014,4,DegreeDiscount,MarginalGainPredictor,50,,228,46.2,5753,39.1,1807,33.6,7.100000000000001,5.5,12.600000000000001,0.0,0.003409300000384974,0.000706499999978405,0.4199527999999191
method-014,5,DegreeDiscount,MarginalGainPredictor,50,,228,56.0,5753,41.3,985,28.9,14.700000000000003,12.399999999999999,27.1,0.0,0.0034042999996017898,0.0007058000001052278,0.4759282000004532
method-014,6,DegreeDiscount,MarginalGainPredictor,50,,228,49.6,3519,43.5,1277,0.0,6.100000000000001,43.5,49.6,0.0,0.0034292000000277767,0.0008407999994233251,0.4173835000001418
method-014,7,DegreeDiscount,MarginalGainPredictor,50,,228,50.0,3519,45.9,7995,17.8,4.100000000000001,28.099999999999998,32.2,3.552713678800501e-15,0.002117200000611774,0.001321799999459472,0.41703920000054495
method-014,8,DegreeDiscount,MarginalGainPredictor,50,,228,54.2,3519,47.4,1423,10.9,6.800000000000004,36.5,43.300000000000004,0.0,0.0021561000003202935,0.0012682000005952432,0.43300449999969715
method-014,9,DegreeDiscount,MarginalGainPredictor,50,,228,64.3,3519,60.6,1816,0.0,3.6999999999999957,60.6,64.3,0.0,0.002104700000018056,0.0012877999997726874,0.46956649999992806
method-014,10,DegreeDiscount,MarginalGainPredictor,50,,228,55.4,5753,42.4,1439,20.5,13.0,21.9,34.9,0.0,0.0020747999997183797,0.001278999999158259,0.4851722000003065
method-015,1,DegreeDiscount,OriginalOrder,100,,1265,84.4,1265,84.4,12802,19.1,0.0,65.30000000000001,65.30000000000001,0.0,0.0034036000006381073,2.0000061340397224e-07,0.3970380999999179
method-015,2,DegreeDiscount,OriginalOrder,100,,1265,93.5,1265,93.5,12803,0.0,0.0,93.5,93.5,0.0,0.0020939000005455455,1.9999970390927047e-07,0.405850900000587
method-015,3,DegreeDiscount,OriginalOrder,100,,1265,97.4,1265,97.4,1352,13.9,0.0,83.5,83.5,0.0,0.0021532000000661355,2.0000061340397224e-07,0.47454239999933634
method-015,4,DegreeDiscount,OriginalOrder,100,,1265,80.6,1265,80.6,12804,0.6,0.0,80.0,80.0,0.0,0.0021692000000257394,2.999995558639057e-07,0.4779387999997198
method-015,5,DegreeDiscount,OriginalOrder,100,,1265,107.6,1265,107.6,310,41.7,0.0,65.89999999999999,65.89999999999999,0.0,0.0020862000001216074,3.0000046535860747e-07,0.39798900000005233
method-015,6,DegreeDiscount,OriginalOrder,100,,1265,76.7,1265,76.7,905,24.1,0.0,52.6,52.6,0.0,0.0022252000007938477,1.9999970390927047e-07,0.48801319999984116
method-015,7,DegreeDiscount,OriginalOrder,100,,1265,64.8,1265,64.8,72,11.3,0.0,53.5,53.5,0.0,0.002139799999895331,4.000003173132427e-07,0.39541559999997844
method-015,8,DegreeDiscount,OriginalOrder,100,,1265,86.3,1265,86.3,1277,86.3,0.0,0.0,0.0,0.0,0.002104499999404652,3.0000046535860747e-07,0.4859631999997873
method-015,9,DegreeDiscount,OriginalOrder,100,,228,64.3,228,64.3,1249,22.1,0.0,42.199999999999996,42.199999999999996,0.0,0.002093300000524323,3.0000046535860747e-07,0.47384650000003603
method-015,10,DegreeDiscount,OriginalOrder,100,,228,56.1,228,56.1,1439,20.4,0.0,35.7,35.7,0.0,0.0022838000004412606,3.0000046535860747e-07,0.42636469999979454
method-016,1,DegreeDiscount,MarginalGainPredictor,100,,1265,84.4,1265,84.4,1265,84.4,0.0,0.0,0.0,0.0,0.0034036000006381073,0.00047369999992952216,0.3970380999999179
method-016,2,DegreeDiscount,MarginalGainPredictor,100,,228,52.6,228,52.6,410,49.8,0.0,2.8000000000000043,2.8000000000000043,0.0,0.0033852000005936134,0.0005480999998326297,0.4252031000005445
method-016,3,DegreeDiscount,MarginalGainPredictor,100,,228,56.1,228,56.1,310,45.0,0.0,11.100000000000001,11.100000000000001,0.0,0.003390899999430985,0.0006592999998247251,0.3208223999999973
method-016,4,DegreeDiscount,MarginalGainPredictor,100,,228,46.2,228,46.2,1807,33.6,0.0,12.600000000000001,12.600000000000001,0.0,0.003409300000384974,0.000677900000482623,0.4199527999999191
method-016,5,DegreeDiscount,MarginalGainPredictor,100,,228,56.0,228,56.0,985,28.9,0.0,27.1,27.1,0.0,0.0034042999996017898,0.0006413000000975444,0.4759282000004532
method-016,6,DegreeDiscount,MarginalGainPredictor,100,,228,49.6,228,49.6,2216,30.6,0.0,19.0,19.0,0.0,0.0034292000000277767,0.0007955999999467167,0.4173835000001418
method-016,7,DegreeDiscount,MarginalGainPredictor,100,,228,50.0,228,50.0,820,19.8,0.0,30.2,30.2,0.0,0.0033702000000630505,0.0008152000000336557,0.4842337000000043
method-016,8,DegreeDiscount,MarginalGainPredictor,100,,228,54.2,228,54.2,1277,0.0,0.0,54.2,54.2,0.0,0.0034597000003486755,0.000994100000752951,0.41093410000030417
method-016,9,DegreeDiscount,MarginalGainPredictor,100,,228,64.3,228,64.3,7995,14.1,0.0,50.199999999999996,50.199999999999996,0.0,0.0033634999999776483,0.000820199999907345,0.4080607999994754
method-016,10,DegreeDiscount,MarginalGainPredictor,100,,228,55.5,228,55.5,1423,17.8,0.0,37.7,37.7,0.0,0.003296700000646524,0.0007083000000420725,0.5001910999999382
method-017,1,FeatureDQN,OriginalOrder,10,,1265,84.4,905,18.3,2034,17.2,66.10000000000001,1.1000000000000014,67.2,-7.105427357601002e-15,0.0012311999998928513,1.9999970390927047e-07,0.3970380999999179
method-017,2,FeatureDQN,OriginalOrder,10,,1265,87.9,461,14.1,1126,5.9,73.80000000000001,8.2,82.0,-1.0658141036401503e-14,0.0012385999998514308,4.000003173132427e-07,0.3892438000002585
method-017,3,FeatureDQN,OriginalOrder,10,,1265,94.6,7963,21.1,1158,2.1,73.5,19.0,92.5,0.0,0.0011966000001848442,2.999995558639057e-07,0.4842816000000312
method-017,4,FeatureDQN,OriginalOrder,10,,1265,79.7,4826,18.2,4826,18.2,61.5,0.0,61.5,0.0,0.0011604999999690335,5.000001692678779e-07,0.3986183999995774
method-017,5,FeatureDQN,OriginalOrder,10,,1265,107.7,7963,31.7,1236,6.1,76.0,25.6,101.60000000000001,7.105427357601002e-15,0.0014847000002191635,4.000003173132427e-07,0.46802430000025197
method-017,6,FeatureDQN,OriginalOrder,10,,1265,79.2,2105,20.9,723,2.6,58.300000000000004,18.299999999999997,76.60000000000001,7.105427357601002e-15,0.0015035999995234306,3.9999940781854093e-07,0.3873826999997618
method-017,7,FeatureDQN,OriginalOrder,10,,1265,63.5,892,29.7,711,3.1,33.8,26.599999999999998,60.4,3.552713678800501e-15,0.0012346000003162771,4.000003173132427e-07,0.5017959000006158
method-017,8,FeatureDQN,OriginalOrder,10,,1265,93.0,228,54.7,461,10.2,38.3,44.5,82.8,0.0,0.001162599999588565,2.0000061340397224e-07,0.4824766000001546
method-017,9,FeatureDQN,OriginalOrder,10,,1265,73.8,228,62.7,905,10.4,11.099999999999994,52.300000000000004,63.4,0.0,0.0012122999996790895,2.0000061340397224e-07,0.4074113999995461
method-017,10,FeatureDQN,OriginalOrder,10,,1265,88.7,228,56.5,2510,16.7,32.2,39.8,72.0,0.0,0.0012008000003334018,3.0000046535860747e-07,0.4091147999997702
method-018,1,FeatureDQN,MarginalGainPredictor,10,,1265,84.4,905,18.3,905,18.3,66.10000000000001,0.0,66.10000000000001,0.0,0.0012311999998928513,0.0004129999997530831,0.3970380999999179
method-018,2,FeatureDQN,MarginalGainPredictor,10,,1265,86.0,461,14.1,2510,9.5,71.9,4.6,76.5,-5.329070518200751e-15,0.0012578999994730111,0.0010038999998869258,0.4286002000008011
method-018,3,FeatureDQN,MarginalGainPredictor,10,,1265,96.2,7963,21.1,7963,21.1,75.1,0.0,75.1,0.0,0.0011992999998255982,0.0010194000005867565,0.32756739999967976
method-018,4,FeatureDQN,MarginalGainPredictor,10,,1265,80.2,4826,18.2,1158,3.7,62.0,14.5,76.5,0.0,0.0012062999994668644,0.0010305000005246256,0.4200564000002487
method-018,5,FeatureDQN,MarginalGainPredictor,10,,1265,100.6,2105,20.6,2105,20.6,80.0,0.0,80.0,0.0,0.0012023999997836654,0.0010489999995115795,0.3269836999998006
method-018,6,FeatureDQN,MarginalGainPredictor,10,,1265,77.6,4826,18.6,2854,15.4,58.99999999999999,3.200000000000001,62.199999999999996,1.7763568394002505e-15,0.0011967000000367989,0.001039400000081514,0.43238689999998314
method-018,7,FeatureDQN,MarginalGainPredictor,10,,1265,65.5,892,22.2,892,22.2,43.3,0.0,43.3,0.0,0.0012130000004617614,0.0010194999995292164,0.33289570000033564
method-018,8,FeatureDQN,MarginalGainPredictor,10,,1265,90.8,228,54.8,228,54.8,36.0,0.0,36.0,0.0,0.0012069000003975816,0.001008700000056706,0.33018410000022413
method-018,9,FeatureDQN,MarginalGainPredictor,10,,1265,75.7,4826,13.2,2032,9.5,62.5,3.6999999999999993,66.2,3.552713678800501e-15,0.0012004999998680432,0.001009900000099151,0.42221819999940635
method-018,10,FeatureDQN,MarginalGainPredictor,10,,1265,87.2,1236,13.5,4826,7.3,73.7,6.2,79.9,2.6645352591003757e-15,0.0011854999993374804,0.001152199999523873,0.4387919000000693
method-019,1,FeatureDQN,OriginalOrder,20,,1265,84.4,228,56.7,2034,17.2,27.700000000000003,39.5,67.2,0.0,0.0012311999998928513,1.9999970390927047e-07,0.3970380999999179
method-019,2,FeatureDQN,OriginalOrder,20,,1265,87.9,228,53.0,1126,5.9,34.900000000000006,47.1,82.0,-7.105427357601002e-15,0.0012385999998514308,1.9999970390927047e-07,0.3892438000002585
method-019,3,FeatureDQN,OriginalOrder,20,,1265,94.6,228,56.3,1158,2.1,38.3,54.199999999999996,92.5,7.105427357601002e-15,0.0011966000001848442,2.999995558639057e-07,0.4842816000000312
method-019,4,FeatureDQN,OriginalOrder,20,,1265,79.7,228,46.6,4826,18.2,33.1,28.400000000000002,61.5,-3.552713678800501e-15,0.0011604999999690335,1.9999970390927047e-07,0.3986183999995774
method-019,5,FeatureDQN,OriginalOrder,20,,1265,107.7,228,56.2,1236,6.1,51.5,50.1,101.60000000000001,7.105427357601002e-15,0.0014847000002191635,1.9999970390927047e-07,0.46802430000025197
method-019,6,FeatureDQN,OriginalOrder,20,,1265,79.2,228,49.6,723,2.6,29.6,47.0,76.60000000000001,7.105427357601002e-15,0.0015035999995234306,2.999995558639057e-07,0.3873826999997618
method-019,7,FeatureDQN,OriginalOrder,20,,1265,63.5,228,50.1,711,3.1,13.399999999999999,47.0,60.4,0.0,0.0012346000003162771,1.9999970390927047e-07,0.5017959000006158
method-019,8,FeatureDQN,OriginalOrder,20,,1265,93.0,228,54.7,461,10.2,38.3,44.5,82.8,0.0,0.001162599999588565,3.0000046535860747e-07,0.4824766000001546
method-019,9,FeatureDQN,OriginalOrder,20,,1265,73.8,228,62.7,905,10.4,11.099999999999994,52.300000000000004,63.4,0.0,0.0012122999996790895,6.000000212225132e-07,0.4074113999995461
method-019,10,FeatureDQN,OriginalOrder,20,,1265,88.7,228,56.5,2510,16.7,32.2,39.8,72.0,0.0,0.0012008000003334018,2.0000061340397224e-07,0.4091147999997702
method-020,1,FeatureDQN,MarginalGainPredictor,20,,1265,84.4,228,56.7,892,36.7,27.700000000000003,20.0,47.7,0.0,0.0012311999998928513,0.0004476000003705849,0.3970380999999179
method-020,2,FeatureDQN,MarginalGainPredictor,20,,1265,87.3,228,53.0,3916,29.5,34.3,23.5,57.8,0.0,0.0011645999993561418,0.0013560999996116152,0.4075741000006019
method-020,3,FeatureDQN,MarginalGainPredictor,20,,1265,93.3,228,52.0,2105,15.9,41.3,36.1,77.39999999999999,-7.105427357601002e-15,0.0011856000000989297,0.0009872999999060994,0.52112599999964
method-020,4,FeatureDQN,MarginalGainPredictor,20,,1265,79.6,228,46.5,7963,12.8,33.099999999999994,33.7,66.8,0.0,0.00120489999972051,0.0010377999997217557,0.47580010000001494
method-020,5,FeatureDQN,MarginalGainPredictor,20,,1265,99.1,228,55.9,2122,20.7,43.199999999999996,35.2,78.39999999999999,-7.105427357601002e-15,0.0012107999991712859,0.0009826999994402286,0.4868116999996346
method-020,6,FeatureDQN,MarginalGainPredictor,20,,1265,78.4,228,49.6,905,7.8,28.800000000000004,41.800000000000004,70.60000000000001,0.0,0.0012175000001661829,0.0010410000004412723,0.3997215999997934
method-020,7,FeatureDQN,MarginalGainPredictor,20,,1265,64.7,228,48.8,901,8.1,15.900000000000006,40.699999999999996,56.6,0.0,0.0011554999991858494,0.001007200000458397,0.5019320999999763
method-020,8,FeatureDQN,MarginalGainPredictor,20,,1265,92.7,228,54.7,2510,14.8,38.0,39.900000000000006,77.9,0.0,0.0011549000000741216,0.001118799999858311,0.4999964999997246
method-020,9,FeatureDQN,MarginalGainPredictor,20,,1265,76.5,228,64.2,4331,16.6,12.299999999999997,47.6,59.9,0.0,0.0014837999997325824,0.001109599999836064,0.39848870000059833
method-020,10,FeatureDQN,MarginalGainPredictor,20,,1265,87.7,228,52.0,228,52.0,35.7,0.0,35.7,0.0,0.0012159999996583792,0.001026599999931932,0.41189140000005864
method-021,1,FeatureDQN,OriginalOrder,50,,1265,84.4,228,56.7,2034,17.2,27.700000000000003,39.5,67.2,0.0,0.0012311999998928513,1.9999970390927047e-07,0.3970380999999179
method-021,2,FeatureDQN,OriginalOrder,50,,1265,87.9,228,53.0,1126,5.9,34.900000000000006,47.1,82.0,-7.105427357601002e-15,0.0012385999998514308,3.0000046535860747e-07,0.3892438000002585
method-021,3,FeatureDQN,OriginalOrder,50,,1265,94.6,228,56.3,1158,2.1,38.3,54.199999999999996,92.5,7.105427357601002e-15,0.0011966000001848442,2.999995558639057e-07,0.4842816000000312
method-021,4,FeatureDQN,OriginalOrder,50,,1265,79.7,228,46.6,4826,18.2,33.1,28.400000000000002,61.5,-3.552713678800501e-15,0.0011604999999690335,2.999995558639057e-07,0.3986183999995774
method-021,5,FeatureDQN,OriginalOrder,50,,1265,107.7,228,56.2,1236,6.1,51.5,50.1,101.60000000000001,7.105427357601002e-15,0.0014847000002191635,1.9999970390927047e-07,0.46802430000025197
method-021,6,FeatureDQN,OriginalOrder,50,,1265,79.2,228,49.6,723,2.6,29.6,47.0,76.60000000000001,7.105427357601002e-15,0.0015035999995234306,2.0000061340397224e-07,0.3873826999997618
method-021,7,FeatureDQN,OriginalOrder,50,,1265,63.5,228,50.1,711,3.1,13.399999999999999,47.0,60.4,0.0,0.0012346000003162771,2.999995558639057e-07,0.5017959000006158
method-021,8,FeatureDQN,OriginalOrder,50,,1265,93.0,228,54.7,461,10.2,38.3,44.5,82.8,0.0,0.001162599999588565,2.999995558639057e-07,0.4824766000001546
method-021,9,FeatureDQN,OriginalOrder,50,,1265,73.8,228,62.7,905,10.4,11.099999999999994,52.300000000000004,63.4,0.0,0.0012122999996790895,2.999995558639057e-07,0.4074113999995461
method-021,10,FeatureDQN,OriginalOrder,50,,1265,88.7,228,56.5,2510,16.7,32.2,39.8,72.0,0.0,0.0012008000003334018,3.0000046535860747e-07,0.4091147999997702
method-022,1,FeatureDQN,MarginalGainPredictor,50,,1265,84.4,228,56.7,916,28.9,27.700000000000003,27.800000000000004,55.50000000000001,0.0,0.0012311999998928513,0.00048119999974005623,0.3970380999999179
method-022,2,FeatureDQN,MarginalGainPredictor,50,,1265,90.3,228,53.0,1423,23.7,37.3,29.3,66.6,-3.552713678800501e-15,0.0012862000003224239,0.0006167999999888707,0.4757254999994984
method-022,3,FeatureDQN,MarginalGainPredictor,50,,1265,83.9,228,54.6,3916,37.8,29.300000000000004,16.800000000000004,46.10000000000001,0.0,0.0011978000002272893,0.0010841999992408091,0.39064110000072105
method-022,4,FeatureDQN,MarginalGainPredictor,50,,1265,70.0,228,46.5,892,32.4,23.5,14.100000000000001,37.6,0.0,0.0015822999994270504,0.0011169999997946434,0.4190013999996154
method-022,5,FeatureDQN,MarginalGainPredictor,50,,1265,89.5,228,56.0,592,20.1,33.5,35.9,69.4,7.105427357601002e-15,0.0011661999997159,0.0011056000003009103,0.5065531999998711
method-022,6,FeatureDQN,MarginalGainPredictor,50,,1265,69.2,228,49.5,2105,20.6,19.700000000000003,28.9,48.6,0.0,0.0011383000000932952,0.0011611999998422107,0.48785959999986517
method-022,7,FeatureDQN,MarginalGainPredictor,50,,1265,63.0,228,48.8,4331,17.9,14.200000000000003,30.9,45.1,0.0,0.001206800000545627,0.0010712000002968125,0.3949484000004304
method-022,8,FeatureDQN,MarginalGainPredictor,50,,1265,85.9,228,52.0,7963,25.7,33.900000000000006,26.3,60.2,-3.552713678800501e-15,0.0011906999998245738,0.0010745999998107436,0.4847215999998298
method-022,9,FeatureDQN,MarginalGainPredictor,50,,1265,64.2,228,62.2,2014,11.0,2.0,51.2,53.2,0.0,0.0012034000001222012,0.0012233999996169587,0.491786200000206
method-022,10,FeatureDQN,MarginalGainPredictor,50,,1265,86.3,228,52.0,12804,5.6,34.3,46.4,80.7,7.105427357601002e-15,0.0011966000001848442,0.0010399000002507819,0.4814415000000736
method-023,1,FeatureDQN,OriginalOrder,100,,1265,84.4,228,56.7,2034,17.2,27.700000000000003,39.5,67.2,0.0,0.0012311999998928513,1.9999970390927047e-07,0.3970380999999179
method-023,2,FeatureDQN,OriginalOrder,100,,1265,87.9,228,53.0,1126,5.9,34.900000000000006,47.1,82.0,-7.105427357601002e-15,0.0012385999998514308,2.999995558639057e-07,0.3892438000002585
method-023,3,FeatureDQN,OriginalOrder,100,,1265,94.6,228,56.3,1158,2.1,38.3,54.199999999999996,92.5,7.105427357601002e-15,0.0011966000001848442,3.0000046535860747e-07,0.4842816000000312
method-023,4,FeatureDQN,OriginalOrder,100,,1265,79.7,228,46.6,4826,18.2,33.1,28.400000000000002,61.5,-3.552713678800501e-15,0.0011604999999690335,2.999995558639057e-07,0.3986183999995774
method-023,5,FeatureDQN,OriginalOrder,100,,1265,107.7,228,56.2,1236,6.1,51.5,50.1,101.60000000000001,7.105427357601002e-15,0.0014847000002191635,2.999995558639057e-07,0.46802430000025197
method-023,6,FeatureDQN,OriginalOrder,100,,1265,79.2,228,49.6,723,2.6,29.6,47.0,76.60000000000001,7.105427357601002e-15,0.0015035999995234306,4.999992597731762e-07,0.3873826999997618
method-023,7,FeatureDQN,OriginalOrder,100,,1265,63.5,228,50.1,711,3.1,13.399999999999999,47.0,60.4,0.0,0.0012346000003162771,3.0000046535860747e-07,0.5017959000006158
method-023,8,FeatureDQN,OriginalOrder,100,,1265,93.0,228,54.7,461,10.2,38.3,44.5,82.8,0.0,0.001162599999588565,3.9999940781854093e-07,0.4824766000001546
method-023,9,FeatureDQN,OriginalOrder,100,,1265,73.8,228,62.7,905,10.4,11.099999999999994,52.300000000000004,63.4,0.0,0.0012122999996790895,1.9999970390927047e-07,0.4074113999995461
method-023,10,FeatureDQN,OriginalOrder,100,,1265,88.7,228,56.5,2510,16.7,32.2,39.8,72.0,0.0,0.0012008000003334018,3.9999940781854093e-07,0.4091147999997702
method-024,1,FeatureDQN,MarginalGainPredictor,100,,1265,84.4,228,56.7,916,28.9,27.700000000000003,27.800000000000004,55.50000000000001,0.0,0.0012311999998928513,0.00044240000079298625,0.3970380999999179
method-024,2,FeatureDQN,MarginalGainPredictor,100,,1265,90.3,228,53.0,1423,23.7,37.3,29.3,66.6,-3.552713678800501e-15,0.0012862000003224239,0.0006178999992698664,0.4757254999994984
method-024,3,FeatureDQN,MarginalGainPredictor,100,,1265,83.9,228,54.6,1352,13.7,29.300000000000004,40.900000000000006,70.2,-7.105427357601002e-15,0.0011978000002272893,0.0007915999995020684,0.39064110000072105
method-024,4,FeatureDQN,MarginalGainPredictor,100,,1265,70.1,228,46.7,1255,10.1,23.39999999999999,36.6,59.99999999999999,0.0,0.0011742000006051967,0.0011305999996693572,0.4935518000002048
method-024,5,FeatureDQN,MarginalGainPredictor,100,,1265,85.3,228,56.6,658,17.5,28.699999999999996,39.1,67.8,0.0,0.001202799999191484,0.0011297000000922708,0.41491810000025
method-024,6,FeatureDQN,MarginalGainPredictor,100,,1265,70.1,228,48.3,1920,23.1,21.799999999999997,25.199999999999996,46.99999999999999,0.0,0.0011254999999437132,0.0010964000002786634,0.47898609999992914
method-024,7,FeatureDQN,MarginalGainPredictor,100,,1265,60.4,228,50.1,3916,23.5,10.299999999999997,26.6,36.9,0.0,0.0011360999997123145,0.0011223000001336914,0.5243717000003016
method-024,8,FeatureDQN,MarginalGainPredictor,100,,1265,84.1,228,54.8,408,14.6,29.299999999999997,40.199999999999996,69.5,7.105427357601002e-15,0.0011859000005642883,0.0011504000003697001,0.4069921999998769
method-024,9,FeatureDQN,MarginalGainPredictor,100,,3519,64.2,228,64.1,830,29.2,0.10000000000000853,34.89999999999999,35.0,0.0,0.0011930999999094638,0.001119999999900756,0.49625620000006165
method-024,10,FeatureDQN,MarginalGainPredictor,100,,1265,75.7,228,56.0,820,28.9,19.700000000000003,27.1,46.800000000000004,0.0,0.0011825999999928172,0.0011495999997350737,0.40227709999999206
method-025,1,Random,OriginalOrder,10,0,1265,84.4,1140,27.8,2510,14.2,56.60000000000001,13.600000000000001,70.2,-7.105427357601002e-15,5.849999979545828e-05,9.999985195463523e-08,0.3970380999999179
method-025,2,Random,OriginalOrder,10,0,1265,92.4,7123,44.6,423,16.4,47.800000000000004,28.200000000000003,76.0,-7.105427357601002e-15,4.379999973025406e-05,9.999985195463523e-08,0.45177140000032523
method-025,3,Random,OriginalOrder,10,0,1265,95.8,3225,38.5,3225,38.5,57.3,0.0,57.3,0.0,4.140000055485871e-05,1.9999970390927047e-07,0.4772769999999582
method-025,4,Random,OriginalOrder,10,0,1265,80.3,228,46.8,1140,25.9,33.5,20.9,54.4,0.0,4.199999966658652e-05,9.999985195463523e-08,0.3994814999996379
method-025,5,Random,OriginalOrder,10,0,1265,107.1,830,28.1,2146,15.5,79.0,12.600000000000001,91.6,-7.105427357601002e-15,5.5700000302749686e-05,2.0000061340397224e-07,0.4863604000001942
method-025,6,Random,OriginalOrder,10,0,1265,77.4,1807,45.7,334,9.7,31.700000000000003,36.0,67.7,0.0,4.099999932805076e-05,1.9999970390927047e-07,0.3985928000001877
method-025,7,Random,OriginalOrder,10,0,1265,67.4,1816,32.0,4679,18.9,35.400000000000006,13.100000000000001,48.50000000000001,0.0,4.150000040681334e-05,1.9999970390927047e-07,0.4029835000001185
method-025,8,Random,OriginalOrder,10,0,1265,89.9,7963,25.6,19,3.1,64.30000000000001,22.5,86.80000000000001,0.0,4.9000000217347406e-05,9.999985195463523e-08,0.48934879999978875
method-025,9,Random,OriginalOrder,10,0,1265,76.1,3519,57.5,892,29.6,18.599999999999994,27.9,46.49999999999999,0.0,4.489999992074445e-05,1.9999970390927047e-07,0.4163959999996223
method-025,10,Random,OriginalOrder,10,0,1265,87.2,4285,22.2,2442,20.8,65.0,1.3999999999999986,66.4,7.105427357601002e-15,4.600000011123484e-05,2.0000061340397224e-07,0.4842066999999588
method-026,1,Random,MarginalGainPredictor,10,0,1265,84.4,1140,27.8,2442,23.2,56.60000000000001,4.600000000000001,61.2,-7.105427357601002e-15,5.849999979545828e-05,0.00036530000033963006,0.3970380999999179
method-026,2,Random,MarginalGainPredictor,10,0,1265,93.2,7123,44.6,3078,19.7,48.6,24.900000000000002,73.5,-3.552713678800501e-15,4.360000002634479e-05,0.0011889999996128608,0.3227256000000125
method-026,3,Random,MarginalGainPredictor,10,0,1265,97.0,3519,55.5,6314,11.6,41.5,43.9,85.4,7.105427357601002e-15,4.040000021632295e-05,0.0012520000000222353,0.3301919999994425
method-026,4,Random,MarginalGainPredictor,10,0,1265,79.1,228,46.5,1920,31.6,32.599999999999994,14.899999999999999,47.49999999999999,0.0,4.059999992023222e-05,0.001223500000378408,0.4230510999996113
method-026,5,Random,MarginalGainPredictor,10,0,1265,96.5,830,28.3,699,10.8,68.2,17.5,85.7,0.0,4.7200000153679866e-05,0.0012126999999964028,0.34513719999995374
method-026,6,Random,MarginalGainPredictor,10,0,1265,78.2,1807,46.0,1807,46.0,32.2,0.0,32.2,0.0,4.089999947609613e-05,0.0012347000001682318,0.42027779999989434
method-026,7,Random,MarginalGainPredictor,10,0,1265,67.5,189,24.6,1423,22.6,42.9,2.0,44.9,0.0,4.220000027999049e-05,0.0012527999997473671,0.426391799999692
method-026,8,Random,MarginalGainPredictor,10,0,1265,88.6,8264,22.4,98,13.7,66.19999999999999,8.7,74.89999999999999,3.552713678800501e-15,4.170000011072261e-05,0.0012507999999797903,0.32988490000025195
method-026,9,Random,MarginalGainPredictor,10,0,1265,67.1,1277,67.1,2216,32.5,0.0,34.599999999999994,34.599999999999994,0.0,4.2300000131945126e-05,0.0012023999997836654,0.4271019999996497
method-026,10,Random,MarginalGainPredictor,10,0,1265,84.9,1785,18.9,287,15.6,66.0,3.299999999999999,69.30000000000001,1.2434497875801753e-14,4.980000085197389e-05,0.0012309000003369874,0.45224190000044473
method-027,1,Random,OriginalOrder,20,0,1265,84.4,3519,45.9,2510,14.2,38.50000000000001,31.7,70.2,-3.552713678800501e-15,5.849999979545828e-05,2.0000061340397224e-07,0.3970380999999179
method-027,2,Random,OriginalOrder,20,0,1265,92.4,7123,44.6,423,16.4,47.800000000000004,28.200000000000003,76.0,-7.105427357601002e-15,4.379999973025406e-05,3.0000046535860747e-07,0.45177140000032523
method-027,3,Random,OriginalOrder,20,0,1265,95.8,3225,38.5,3225,38.5,57.3,0.0,57.3,0.0,4.140000055485871e-05,3.0000046535860747e-07,0.4772769999999582
method-027,4,Random,OriginalOrder,20,0,1265,80.3,228,46.8,1140,25.9,33.5,20.9,54.4,0.0,4.199999966658652e-05,3.0000046535860747e-07,0.3994814999996379
method-027,5,Random,OriginalOrder,20,0,1265,107.1,4285,34.8,2146,15.5,72.3,19.299999999999997,91.6,0.0,5.5700000302749686e-05,4.000003173132427e-07,0.4863604000001942
method-027,6,Random,OriginalOrder,20,0,1265,77.4,1807,45.7,334,9.7,31.700000000000003,36.0,67.7,0.0,4.099999932805076e-05,1.9999970390927047e-07,0.3985928000001877
method-027,7,Random,OriginalOrder,20,0,1265,67.4,228,43.9,4679,18.9,23.500000000000007,25.0,48.50000000000001,0.0,4.150000040681334e-05,4.000003173132427e-07,0.4029835000001185
method-027,8,Random,OriginalOrder,20,0,1265,89.9,7963,25.6,19,3.1,64.30000000000001,22.5,86.80000000000001,0.0,4.9000000217347406e-05,1.9999970390927047e-07,0.48934879999978875
method-027,9,Random,OriginalOrder,20,0,1265,76.1,1277,76.1,892,29.6,0.0,46.49999999999999,46.49999999999999,0.0,4.489999992074445e-05,2.999995558639057e-07,0.4163959999996223
method-027,10,Random,OriginalOrder,20,0,1265,87.2,985,31.2,2442,20.8,56.0,10.399999999999999,66.4,7.105427357601002e-15,4.600000011123484e-05,2.999995558639057e-07,0.4842066999999588
method-028,1,Random,MarginalGainPredictor,20,0,1265,84.4,3519,45.9,9561,16.5,38.50000000000001,29.4,67.9,0.0,5.849999979545828e-05,0.0004019999996671686,0.3970380999999179
method-028,2,Random,MarginalGainPredictor,20,0,1265,93.4,892,42.7,3078,19.7,50.7,23.000000000000004,73.7,-3.552713678800501e-15,5.779999992228113e-05,0.0012966000003871159,0.4770957000000635
method-028,3,Random,MarginalGainPredictor,20,0,1265,97.1,3519,55.5,1249,22.4,41.599999999999994,33.1,74.69999999999999,-7.105427357601002e-15,4.620000072463881e-05,0.001225999999405758,0.47097389999998995
method-028,4,Random,MarginalGainPredictor,20,0,1265,77.0,1277,77.0,1277,77.0,0.0,0.0,0.0,0.0,5.210000017541461e-05,0.0012139000000388478,0.3922247000000425
method-028,5,Random,MarginalGainPredictor,20,0,228,56.4,830,25.9,7995,16.4,30.5,9.5,40.0,0.0,4.189999981463188e-05,0.0012260000003152527,0.47558759999992617
method-028,6,Random,MarginalGainPredictor,20,0,228,49.5,892,41.5,820,22.5,8.0,19.0,27.0,0.0,4.160000025876798e-05,0.001237299999957031,0.3868453999994017
method-028,7,Random,MarginalGainPredictor,20,0,228,50.1,1807,40.4,310,39.8,9.700000000000003,0.6000000000000014,10.300000000000004,0.0,4.2800000301213004e-05,0.0013066999999864493,0.4936702000004516
method-028,8,Random,MarginalGainPredictor,20,0,228,54.7,692,35.8,1423,10.9,18.900000000000006,24.9,43.800000000000004,0.0,5.2400000640773214e-05,0.0012691000001723296,0.4898678999998083
method-028,9,Random,MarginalGainPredictor,20,0,228,64.3,892,30.5,1439,27.3,33.8,3.1999999999999993,37.0,3.552713678800501e-15,4.2800000301213004e-05,0.0013046000003669178,0.4099421999999322
method-028,10,Random,MarginalGainPredictor,20,0,228,55.9,3225,24.2,1352,12.8,31.7,11.399999999999999,43.099999999999994,-3.552713678800501e-15,4.170000011072261e-05,0.0012569999998959247,0.41157790000033856
method-029,1,Random,OriginalOrder,50,0,1265,84.4,5753,47.3,2510,14.2,37.10000000000001,33.099999999999994,70.2,0.0,5.849999979545828e-05,1.9999970390927047e-07,0.3970380999999179
method-029,2,Random,OriginalOrder,50,0,1265,92.4,7123,44.6,423,16.4,47.800000000000004,28.200000000000003,76.0,-7.105427357601002e-15,4.379999973025406e-05,4.000003173132427e-07,0.45177140000032523
method-029,3,Random,OriginalOrder,50,0,1265,95.8,3225,38.5,3225,38.5,57.3,0.0,57.3,0.0,4.140000055485871e-05,4.000003173132427e-07,0.4772769999999582
method-029,4,Random,OriginalOrder,50,0,1265,80.3,228,46.8,1140,25.9,33.5,20.9,54.4,0.0,4.199999966658652e-05,5.000001692678779e-07,0.3994814999996379
method-029,5,Random,OriginalOrder,50,0,1265,107.1,1265,107.1,2146,15.5,0.0,91.6,91.6,0.0,5.5700000302749686e-05,4.000003173132427e-07,0.4863604000001942
method-029,6,Random,OriginalOrder,50,0,1265,77.4,1265,77.4,334,9.7,0.0,67.7,67.7,0.0,4.099999932805076e-05,2.0000061340397224e-07,0.3985928000001877
method-029,7,Random,OriginalOrder,50,0,1265,67.4,1807,45.5,4679,18.9,21.900000000000006,26.6,48.50000000000001,0.0,4.150000040681334e-05,6.000000212225132e-07,0.4029835000001185
method-029,8,Random,OriginalOrder,50,0,1265,89.9,310,37.3,19,3.1,52.60000000000001,34.199999999999996,86.80000000000001,7.105427357601002e-15,4.9000000217347406e-05,3.0000046535860747e-07,0.48934879999978875
method-029,9,Random,OriginalOrder,50,0,1265,76.1,1277,76.1,892,29.6,0.0,46.49999999999999,46.49999999999999,0.0,4.489999992074445e-05,3.0000046535860747e-07,0.4163959999996223
method-029,10,Random,OriginalOrder,50,0,1265,87.2,228,51.2,2442,20.8,36.0,30.400000000000002,66.4,3.552713678800501e-15,4.600000011123484e-05,2.999995558639057e-07,0.4842066999999588
method-030,1,Random,MarginalGainPredictor,50,0,1265,84.4,5753,47.3,985,29.2,37.10000000000001,18.099999999999998,55.2,-3.552713678800501e-15,5.849999979545828e-05,0.00039910000032250537,0.3970380999999179
method-030,2,Random,MarginalGainPredictor,50,0,1265,93.4,7123,44.1,2216,31.1,49.300000000000004,13.0,62.300000000000004,0.0,4.27999993917183e-05,0.001508800000010524,0.5085167999995974
method-030,3,Random,MarginalGainPredictor,50,0,1265,97.2,1277,97.2,820,16.7,0.0,80.5,80.5,0.0,4.199999966658652e-05,0.0012952999995832215,0.4749136999998882
method-030,4,Random,MarginalGainPredictor,50,0,1265,80.2,1807,34.7,1807,34.7,45.5,0.0,45.5,0.0,5.0999999984924216e-05,0.0013122000000294065,0.4745676000002277
method-030,5,Random,MarginalGainPredictor,50,0,1265,100.4,1265,100.4,1265,100.4,0.0,0.0,0.0,0.0,5.4600000112259295e-05,0.0012154000005466514,0.40010760000041046
method-030,6,Random,MarginalGainPredictor,50,0,228,49.6,5753,33.9,1277,0.0,15.700000000000003,33.9,49.6,0.0,5.1699999858101364e-05,0.001239299999724608,0.4800966000002518
method-030,7,Random,MarginalGainPredictor,50,0,228,50.0,228,50.0,310,42.5,0.0,7.5,7.5,0.0,6.119999943621224e-05,0.0014123999999355874,0.4220831000002363
method-030,8,Random,MarginalGainPredictor,50,0,228,54.5,3519,48.5,916,4.0,6.0,44.5,50.5,0.0,4.5000000682193786e-05,0.0013085000000501168,0.40371780000077706
method-030,9,Random,MarginalGainPredictor,50,0,228,64.3,647,37.0,7995,13.8,27.299999999999997,23.2,50.5,3.552713678800501e-15,4.2499999835854396e-05,0.0012824999994336395,0.5011175999998159
method-030,10,Random,MarginalGainPredictor,50,0,228,55.5,3519,34.6,1423,17.8,20.9,16.8,37.7,3.552713678800501e-15,4.8099999730766285e-05,0.0012446999999156105,0.4936993999999686
method-031,1,Random,OriginalOrder,100,0,1265,84.4,1265,84.4,2510,14.2,0.0,70.2,70.2,0.0,5.849999979545828e-05,1.9999970390927047e-07,0.3970380999999179
method-031,2,Random,OriginalOrder,100,0,1265,92.4,1265,92.4,423,16.4,0.0,76.0,76.0,0.0,4.379999973025406e-05,2.999995558639057e-07,0.45177140000032523
method-031,3,Random,OriginalOrder,100,0,1265,95.8,3519,51.9,3225,38.5,43.9,13.399999999999999,57.3,0.0,4.140000055485871e-05,2.999995558639057e-07,0.4772769999999582
method-031,4,Random,OriginalOrder,100,0,1265,80.3,1277,80.3,1140,25.9,0.0,54.4,54.4,0.0,4.199999966658652e-05,4.000003173132427e-07,0.3994814999996379
method-031,5,Random,OriginalOrder,100,0,1265,107.1,1265,107.1,2146,15.5,0.0,91.6,91.6,0.0,5.5700000302749686e-05,1.9999970390927047e-07,0.4863604000001942
method-031,6,Random,OriginalOrder,100,0,1265,77.4,1265,77.4,334,9.7,0.0,67.7,67.7,0.0,4.099999932805076e-05,2.999995558639057e-07,0.3985928000001877
method-031,7,Random,OriginalOrder,100,0,1265,67.4,1807,45.5,4679,18.9,21.900000000000006,26.6,48.50000000000001,0.0,4.150000040681334e-05,3.0000046535860747e-07,0.4029835000001185
method-031,8,Random,OriginalOrder,100,0,1265,89.9,1277,89.9,19,3.1,0.0,86.80000000000001,86.80000000000001,0.0,4.9000000217347406e-05,3.0000046535860747e-07,0.48934879999978875
method-031,9,Random,OriginalOrder,100,0,1265,76.1,1265,76.1,892,29.6,0.0,46.49999999999999,46.49999999999999,0.0,4.489999992074445e-05,3.9999940781854093e-07,0.4163959999996223
method-031,10,Random,OriginalOrder,100,0,1265,87.2,228,51.2,2442,20.8,36.0,30.400000000000002,66.4,3.552713678800501e-15,4.600000011123484e-05,4.000003173132427e-07,0.4842066999999588
method-032,1,Random,MarginalGainPredictor,100,0,1265,84.4,1265,84.4,1265,84.4,0.0,0.0,0.0,0.0,5.849999979545828e-05,0.0004602999997587176,0.3970380999999179
method-032,2,Random,MarginalGainPredictor,100,0,228,52.6,7123,44.0,2216,31.1,8.600000000000001,12.899999999999999,21.5,0.0,4.859999990003416e-05,0.0006253999999898952,0.4252031000005445
method-032,3,Random,MarginalGainPredictor,100,0,228,56.1,9070,55.6,820,18.3,0.5,37.3,37.8,0.0,4.179999996267725e-05,0.0013591999995696824,0.4260685999997804
method-032,4,Random,MarginalGainPredictor,100,0,410,49.1,228,46.2,310,40.7,2.8999999999999986,5.5,8.399999999999999,0.0,4.179999996267725e-05,0.0013240999996924074,0.4860080000007656
method-032,5,Random,MarginalGainPredictor,100,0,228,56.4,228,56.4,410,42.7,0.0,13.699999999999996,13.699999999999996,0.0,5.229999987932388e-05,0.0012907000000268454,0.47893800000019837
method-032,6,Random,MarginalGainPredictor,100,0,228,49.6,3519,47.3,1277,0.0,2.3000000000000043,47.3,49.6,0.0,4.1199999941454735e-05,0.0012848999995185295,0.4015361000001576
method-032,7,Random,MarginalGainPredictor,100,0,228,50.1,228,50.1,1807,44.6,0.0,5.5,5.5,0.0,4.199999966658652e-05,0.0012937999999849126,0.4889822000004642
method-032,8,Random,MarginalGainPredictor,100,0,228,54.2,228,54.2,985,25.7,0.0,28.500000000000004,28.500000000000004,0.0,7.050000021990854e-05,0.0014000000001033186,0.5110172999993665
method-032,9,Random,MarginalGainPredictor,100,0,228,64.3,2021,37.4,7995,14.1,26.9,23.299999999999997,50.199999999999996,0.0,4.129999979340937e-05,0.0012901000000056229,0.4102591000000757
method-032,10,Random,MarginalGainPredictor,100,0,228,55.5,228,55.5,1423,17.8,0.0,37.7,37.7,0.0,4.269999953976367e-05,0.0014360999994096346,0.43077249999987544
method-033,1,Random,OriginalOrder,10,1,1265,84.4,287,23.9,287,23.9,60.50000000000001,0.0,60.50000000000001,0.0,5.070000042906031e-05,1.00000761449337e-07,0.3970380999999179
method-033,2,Random,OriginalOrder,10,1,1265,93.5,228,53.0,1236,11.4,40.5,41.6,82.1,-7.105427357601002e-15,4.259999968780903e-05,2.0000061340397224e-07,0.4047719000000143
method-033,3,Random,OriginalOrder,10,1,1265,95.9,9070,55.6,12383,5.3,40.300000000000004,50.300000000000004,90.60000000000001,0.0,4.179999996267725e-05,1.9999970390927047e-07,0.5221632000002501
method-033,4,Random,OriginalOrder,10,1,1265,78.4,658,31.1,905,20.2,47.300000000000004,10.900000000000002,58.2,-3.552713678800501e-15,4.1399999645364005e-05,2.0000061340397224e-07,0.3988793999997142
method-033,5,Random,OriginalOrder,10,1,1265,102.8,2105,20.8,1324,6.9,82.0,13.9,95.89999999999999,-8.881784197001252e-15,5.8399999943503644e-05,3.0000046535860747e-07,0.4146215000000666
method-033,6,Random,OriginalOrder,10,1,1265,78.6,1807,45.6,4511,12.9,32.99999999999999,32.7,65.69999999999999,-7.105427357601002e-15,4.129999979340937e-05,9.999985195463523e-08,0.47903930000029504
method-033,7,Random,OriginalOrder,10,1,1265,57.4,1265,57.4,927,8.8,0.0,48.599999999999994,48.599999999999994,0.0,4.189999981463188e-05,1.9999970390927047e-07,0.4121274999997695
method-033,8,Random,OriginalOrder,10,1,1265,80.1,310,38.9,310,38.9,41.199999999999996,0.0,41.199999999999996,0.0,5.289999990054639e-05,2.0000061340397224e-07,0.408336400000735
method-033,9,Random,OriginalOrder,10,1,1265,65.3,228,64.3,2854,3.5,1.0,60.8,61.8,0.0,4.2499999835854396e-05,1.9999970390927047e-07,0.49047220000011293
method-033,10,Random,OriginalOrder,10,1,1265,78.3,3916,32.2,9608,18.6,46.099999999999994,13.600000000000001,59.699999999999996,0.0,4.290000015316764e-05,9.999985195463523e-08,0.49657329999990907
method-034,1,Random,MarginalGainPredictor,10,1,1265,84.4,287,23.9,287,23.9,60.50000000000001,0.0,60.50000000000001,0.0,5.070000042906031e-05,0.0003801000002567889,0.3970380999999179
method-034,2,Random,MarginalGainPredictor,10,1,1265,93.5,228,53.0,1255,15.6,40.5,37.4,77.9,7.105427357601002e-15,4.259999968780903e-05,0.0012458999999580556,0.4047719000000143
method-034,3,Random,MarginalGainPredictor,10,1,1265,94.1,647,32.7,1978,10.6,61.39999999999999,22.1,83.5,7.105427357601002e-15,4.099999932805076e-05,0.0012487999993027188,0.32388689999970666
method-034,4,Random,MarginalGainPredictor,10,1,1265,76.3,228,46.8,1816,16.6,29.5,30.199999999999996,59.699999999999996,0.0,4.25000007453491e-05,0.0011995000004390022,0.43072790000042005
method-034,5,Random,MarginalGainPredictor,10,1,1265,93.6,5753,45.4,5753,45.4,48.199999999999996,0.0,48.199999999999996,0.0,4.140000055485871e-05,0.0011430000004111207,0.42491620000055264
method-034,6,Random,MarginalGainPredictor,10,1,1265,69.6,1277,69.6,1807,12.3,0.0,57.3,57.3,0.0,4.25000007453491e-05,0.0012059999999110005,0.42204469999978755
method-034,7,Random,MarginalGainPredictor,10,1,1265,65.3,1265,65.3,1265,65.3,0.0,0.0,0.0,0.0,4.200000057608122e-05,0.0012026999993395293,0.4218116000001828
method-034,8,Random,MarginalGainPredictor,10,1,228,54.6,181,27.8,985,25.7,26.8,2.1000000000000014,28.900000000000002,0.0,4.059999992023222e-05,0.00149280000005092,0.4311342999999397
method-034,9,Random,MarginalGainPredictor,10,1,228,64.5,2477,28.9,7995,15.5,35.6,13.399999999999999,49.0,0.0,4.189999981463188e-05,0.0012694000006376882,0.34017190000031405
method-034,10,Random,MarginalGainPredictor,10,1,228,56.0,892,32.9,692,19.2,23.1,13.7,36.8,-3.552713678800501e-15,4.5900000259280205e-05,0.0012335000001257868,0.3309982000000673
method-035,1,Random,OriginalOrder,20,1,1265,84.4,287,23.9,287,23.9,60.50000000000001,0.0,60.50000000000001,0.0,5.070000042906031e-05,3.0000046535860747e-07,0.3970380999999179
method-035,2,Random,OriginalOrder,20,1,1265,93.5,228,53.0,1236,11.4,40.5,41.6,82.1,-7.105427357601002e-15,4.259999968780903e-05,2.999995558639057e-07,0.4047719000000143
method-035,3,Random,OriginalOrder,20,1,1265,95.9,9070,55.6,12383,5.3,40.300000000000004,50.300000000000004,90.60000000000001,0.0,4.179999996267725e-05,4.000003173132427e-07,0.5221632000002501
method-035,4,Random,OriginalOrder,20,1,1265,78.4,658,31.1,905,20.2,47.300000000000004,10.900000000000002,58.2,-3.552713678800501e-15,4.1399999645364005e-05,1.9999970390927047e-07,0.3988793999997142
method-035,5,Random,OriginalOrder,20,1,1265,102.8,410,44.8,1324,6.9,58.0,37.9,95.89999999999999,-7.105427357601002e-15,5.8399999943503644e-05,2.999995558639057e-07,0.4146215000000666
method-035,6,Random,OriginalOrder,20,1,1265,78.6,1807,45.6,4511,12.9,32.99999999999999,32.7,65.69999999999999,-7.105427357601002e-15,4.129999979340937e-05,2.999995558639057e-07,0.47903930000029504
method-035,7,Random,OriginalOrder,20,1,1265,57.4,1265,57.4,927,8.8,0.0,48.599999999999994,48.599999999999994,0.0,4.189999981463188e-05,3.9999940781854093e-07,0.4121274999997695
method-035,8,Random,OriginalOrder,20,1,1265,80.1,310,38.9,310,38.9,41.199999999999996,0.0,41.199999999999996,0.0,5.289999990054639e-05,4.000003173132427e-07,0.408336400000735
method-035,9,Random,OriginalOrder,20,1,1265,65.3,228,64.3,2854,3.5,1.0,60.8,61.8,0.0,4.2499999835854396e-05,5.000001692678779e-07,0.49047220000011293
method-035,10,Random,OriginalOrder,20,1,1265,78.3,1807,48.7,9608,18.6,29.599999999999994,30.1,59.699999999999996,0.0,4.290000015316764e-05,2.999995558639057e-07,0.49657329999990907
method-036,1,Random,MarginalGainPredictor,20,1,1265,84.4,287,23.9,830,22.2,60.50000000000001,1.6999999999999993,62.2,-3.552713678800501e-15,5.070000042906031e-05,0.00040970000009110663,0.3970380999999179
method-036,2,Random,MarginalGainPredictor,20,1,1265,93.2,1277,93.2,1277,93.2,0.0,0.0,0.0,0.0,4.3199999709031545e-05,0.0011862000001201523,0.4739339000007021
method-036,3,Random,MarginalGainPredictor,20,1,228,56.0,647,35.1,408,17.9,20.9,17.200000000000003,38.1,0.0,4.1199999941454735e-05,0.0012162000002717832,0.47792979999940144
method-036,4,Random,MarginalGainPredictor,20,1,410,49.7,228,46.1,1807,33.5,3.6000000000000014,12.600000000000001,16.200000000000003,0.0,5.1899999562010635e-05,0.001223299999765004,0.4102069999999003
method-036,5,Random,MarginalGainPredictor,20,1,228,56.2,410,44.9,410,44.9,11.300000000000004,0.0,11.300000000000004,0.0,4.150000040681334e-05,0.0012040999999953783,0.4903408000000127
method-036,6,Random,MarginalGainPredictor,20,1,228,49.6,905,24.0,618,15.9,25.6,8.1,33.7,1.7763568394002505e-15,4.309999985707691e-05,0.0011962999997194856,0.4141743999998653
method-036,7,Random,MarginalGainPredictor,20,1,228,49.5,1140,27.4,1249,16.0,22.1,11.399999999999999,33.5,0.0,4.189999981463188e-05,0.0012149000003773835,0.40216740000050777
method-036,8,Random,MarginalGainPredictor,20,1,228,54.4,2122,28.8,1816,0.0,25.599999999999998,28.8,54.4,0.0,4.11000000895001e-05,0.0012492999994719867,0.4003098000002865
method-036,9,Random,MarginalGainPredictor,20,1,3519,59.6,3519,59.6,3078,21.1,0.0,38.5,38.5,0.0,4.2100000428035855e-05,0.0011977000003753346,0.4852049999999508
method-036,10,Random,MarginalGainPredictor,20,1,228,56.0,310,40.4,310,40.4,15.600000000000001,0.0,15.600000000000001,0.0,4.2300000131945126e-05,0.0012489000000641681,0.48870890000034706
method-037,1,Random,OriginalOrder,50,1,1265,84.4,1265,84.4,287,23.9,0.0,60.50000000000001,60.50000000000001,0.0,5.070000042906031e-05,1.9999970390927047e-07,0.3970380999999179
method-037,2,Random,OriginalOrder,50,1,1265,93.5,228,53.0,1236,11.4,40.5,41.6,82.1,-7.105427357601002e-15,4.259999968780903e-05,3.0000046535860747e-07,0.4047719000000143
method-037,3,Random,OriginalOrder,50,1,1265,95.9,9070,55.6,12383,5.3,40.300000000000004,50.300000000000004,90.60000000000001,0.0,4.179999996267725e-05,1.9999970390927047e-07,0.5221632000002501
method-037,4,Random,OriginalOrder,50,1,1265,78.4,1277,78.4,905,20.2,0.0,58.2,58.2,0.0,4.1399999645364005e-05,1.9999970390927047e-07,0.3988793999997142
method-037,5,Random,OriginalOrder,50,1,1265,102.8,410,44.8,1324,6.9,58.0,37.9,95.89999999999999,-7.105427357601002e-15,5.8399999943503644e-05,1.9999970390927047e-07,0.4146215000000666
method-037,6,Random,OriginalOrder,50,1,1265,78.6,228,49.6,4511,12.9,28.999999999999993,36.7,65.69999999999999,-7.105427357601002e-15,4.129999979340937e-05,6.000000212225132e-07,0.47903930000029504
method-037,7,Random,OriginalOrder,50,1,1265,57.4,1265,57.4,927,8.8,0.0,48.599999999999994,48.599999999999994,0.0,4.189999981463188e-05,2.999995558639057e-07,0.4121274999997695
method-037,8,Random,OriginalOrder,50,1,1265,80.1,3519,62.1,310,38.9,17.999999999999993,23.200000000000003,41.199999999999996,0.0,5.289999990054639e-05,2.999995558639057e-07,0.408336400000735
method-037,9,Random,OriginalOrder,50,1,1265,65.3,1277,65.3,2854,3.5,0.0,61.8,61.8,0.0,4.2499999835854396e-05,1.9999970390927047e-07,0.49047220000011293
method-037,10,Random,OriginalOrder,50,1,1265,78.3,1807,48.7,9608,18.6,29.599999999999994,30.1,59.699999999999996,0.0,4.290000015316764e-05,6.000000212225132e-07,0.49657329999990907
method-038,1,Random,MarginalGainPredictor,50,1,1265,84.4,1265,84.4,1265,84.4,0.0,0.0,0.0,0.0,5.070000042906031e-05,0.0004090999991603894,0.3970380999999179
method-038,2,Random,MarginalGainPredictor,50,1,228,52.6,228,52.6,1807,36.5,0.0,16.1,16.1,0.0,7.579999964946182e-05,0.0006294999993770034,0.4252031000005445
method-038,3,Random,MarginalGainPredictor,50,1,228,56.1,3519,53.4,410,43.0,2.700000000000003,10.399999999999999,13.100000000000001,0.0,4.739999985758914e-05,0.0012520000000222353,0.49774539999998524
method-038,4,Random,MarginalGainPredictor,50,1,228,46.2,228,46.2,985,33.7,0.0,12.5,12.5,0.0,5.130000045028282e-05,0.0013535999996747705,0.48622550000072806
method-038,5,Random,MarginalGainPredictor,50,1,228,56.0,310,42.6,310,42.6,13.399999999999999,0.0,13.399999999999999,0.0,5.2800000048591755e-05,0.0012788000003638444,0.3844563000002381
method-038,6,Random,MarginalGainPredictor,50,1,228,49.6,228,49.6,820,16.7,0.0,32.900000000000006,32.900000000000006,0.0,4.2800000301213004e-05,0.001410300000316056,0.4857238000004145
method-038,7,Random,MarginalGainPredictor,50,1,228,50.0,3519,45.6,2216,37.7,4.399999999999999,7.899999999999999,12.299999999999997,0.0,4.1000000237545464e-05,0.0012407999993229168,0.4962727000001905
method-038,8,Random,MarginalGainPredictor,50,1,228,54.2,228,54.2,1277,0.0,0.0,54.2,54.2,0.0,4.040000021632295e-05,0.0012657000006583985,0.48529860000053304
method-038,9,Random,MarginalGainPredictor,50,1,228,64.3,228,64.3,1920,19.8,0.0,44.5,44.5,0.0,4.0099999750964344e-05,0.0012926999997944222,0.4225438999992548
method-038,10,Random,MarginalGainPredictor,50,1,228,55.5,228,55.5,7995,15.6,0.0,39.9,39.9,0.0,4.170000011072261e-05,0.001303899999584246,0.40905969999948866
method-039,1,Random,OriginalOrder,100,1,1265,84.4,1265,84.4,287,23.9,0.0,60.50000000000001,60.50000000000001,0.0,5.070000042906031e-05,1.9999970390927047e-07,0.3970380999999179
method-039,2,Random,OriginalOrder,100,1,1265,93.5,1265,93.5,1236,11.4,0.0,82.1,82.1,0.0,4.259999968780903e-05,3.0000046535860747e-07,0.4047719000000143
method-039,3,Random,OriginalOrder,100,1,1265,95.9,9070,55.6,12383,5.3,40.300000000000004,50.300000000000004,90.60000000000001,0.0,4.179999996267725e-05,2.999995558639057e-07,0.5221632000002501
method-039,4,Random,OriginalOrder,100,1,1265,78.4,1265,78.4,905,20.2,0.0,58.2,58.2,0.0,4.1399999645364005e-05,1.9999970390927047e-07,0.3988793999997142
method-039,5,Random,OriginalOrder,100,1,1265,102.8,1277,102.8,1324,6.9,0.0,95.89999999999999,95.89999999999999,0.0,5.8399999943503644e-05,4.000003173132427e-07,0.4146215000000666
method-039,6,Random,OriginalOrder,100,1,1265,78.6,1265,78.6,4511,12.9,0.0,65.69999999999999,65.69999999999999,0.0,4.129999979340937e-05,1.9999970390927047e-07,0.47903930000029504
method-039,7,Random,OriginalOrder,100,1,1265,57.4,1265,57.4,927,8.8,0.0,48.599999999999994,48.599999999999994,0.0,4.189999981463188e-05,2.999995558639057e-07,0.4121274999997695
method-039,8,Random,OriginalOrder,100,1,1265,80.1,1277,80.1,310,38.9,0.0,41.199999999999996,41.199999999999996,0.0,5.289999990054639e-05,3.0000046535860747e-07,0.408336400000735
method-039,9,Random,OriginalOrder,100,1,1265,65.3,1277,65.3,2854,3.5,0.0,61.8,61.8,0.0,4.2499999835854396e-05,3.0000046535860747e-07,0.49047220000011293
method-039,10,Random,OriginalOrder,100,1,1265,78.3,228,56.1,9608,18.6,22.199999999999996,37.5,59.699999999999996,0.0,4.290000015316764e-05,4.000003173132427e-07,0.49657329999990907
method-040,1,Random,MarginalGainPredictor,100,1,1265,84.4,1265,84.4,1265,84.4,0.0,0.0,0.0,0.0,5.070000042906031e-05,0.0004836999996769009,0.3970380999999179
method-040,2,Random,MarginalGainPredictor,100,1,228,52.6,228,52.6,1807,36.5,0.0,16.1,16.1,0.0,7.579999964946182e-05,0.0006715999998050393,0.4252031000005445
method-040,3,Random,MarginalGainPredictor,100,1,228,56.1,3519,53.4,410,43.0,2.700000000000003,10.399999999999999,13.100000000000001,0.0,4.739999985758914e-05,0.0007580999999845517,0.49774539999998524
method-040,4,Random,MarginalGainPredictor,100,1,228,46.2,228,46.2,985,33.7,0.0,12.5,12.5,0.0,5.130000045028282e-05,0.0006671999999525724,0.48622550000072806
method-040,5,Random,MarginalGainPredictor,100,1,228,56.0,310,42.6,310,42.6,13.399999999999999,0.0,13.399999999999999,0.0,5.2800000048591755e-05,0.000721999999768741,0.3844563000002381
method-040,6,Random,MarginalGainPredictor,100,1,228,49.6,228,49.6,2216,30.6,0.0,19.0,19.0,0.0,4.2800000301213004e-05,0.0007068000004437636,0.4857238000004145
method-040,7,Random,MarginalGainPredictor,100,1,228,50.0,228,50.0,820,19.8,0.0,30.2,30.2,0.0,4.160000025876798e-05,0.0013411999998425017,0.4032086999995954
method-040,8,Random,MarginalGainPredictor,100,1,228,54.2,228,54.2,1277,0.0,0.0,54.2,54.2,0.0,4.220000027999049e-05,0.0014341000005515525,0.40008119999947667
method-040,9,Random,MarginalGainPredictor,100,1,228,64.3,228,64.3,1439,28.3,0.0,36.0,36.0,0.0,4.069999977218686e-05,0.0016125000001920853,0.49483089999921503
method-040,10,Random,MarginalGainPredictor,100,1,228,55.5,228,55.5,7995,16.0,0.0,39.5,39.5,0.0,4.2300000131945126e-05,0.0013665999995282618,0.48825510000006034
method-041,1,Random,OriginalOrder,10,2,1265,84.4,1277,84.4,2368,10.8,0.0,73.60000000000001,73.60000000000001,0.0,4.9199999921256676e-05,1.9999970390927047e-07,0.3970380999999179
method-041,2,Random,OriginalOrder,10,2,1265,93.5,892,42.7,892,42.7,50.8,0.0,50.8,0.0,4.259999968780903e-05,1.9999970390927047e-07,0.3974469999993744
method-041,3,Random,OriginalOrder,10,2,1265,97.1,5753,42.1,11244,8.3,54.99999999999999,33.8,88.8,7.105427357601002e-15,4.1399999645364005e-05,1.9999970390927047e-07,0.3989438999997219
method-041,4,Random,OriginalOrder,10,2,1265,79.8,5753,41.4,12385,1.8,38.4,39.6,78.0,0.0,4.309999985707691e-05,9.999985195463523e-08,0.48449669999990874
method-041,5,Random,OriginalOrder,10,2,1265,101.9,592,20.2,11250,1.1,81.7,19.099999999999998,100.80000000000001,1.0658141036401503e-14,4.2499999835854396e-05,1.9999970390927047e-07,0.48079500000039843
method-041,6,Random,OriginalOrder,10,2,1265,77.8,820,22.3,88,3.9,55.5,18.400000000000002,73.89999999999999,-1.0658141036401503e-14,4.189999981463188e-05,9.999985195463523e-08,0.419795100000556
method-041,7,Random,OriginalOrder,10,2,1265,67.2,3519,49.9,3700,21.3,17.300000000000004,28.599999999999998,45.900000000000006,3.552713678800501e-15,4.1399999645364005e-05,1.9999970390927047e-07,0.4891067999997176
method-041,8,Random,OriginalOrder,10,2,1265,91.2,310,38.9,932,5.3,52.300000000000004,33.6,85.9,0.0,4.0800000533636194e-05,2.0000061340397224e-07,0.4914624000002732
method-041,9,Random,OriginalOrder,10,2,1265,77.9,228,62.8,12377,3.8,15.100000000000009,59.0,74.10000000000001,0.0,5.0600000577105675e-05,1.9999970390927047e-07,0.3999091999994562
method-041,10,Random,OriginalOrder,10,2,1265,92.0,1277,92.0,1807,47.8,0.0,44.2,44.2,0.0,4.759999956149841e-05,1.9999970390927047e-07,0.4961409999996249
method-042,1,Random,MarginalGainPredictor,10,2,1265,84.4,1277,84.4,310,49.6,0.0,34.800000000000004,34.800000000000004,0.0,4.9199999921256676e-05,0.00040470000021741726,0.3970380999999179
method-042,2,Random,MarginalGainPredictor,10,2,1265,92.9,12802,22.0,1978,11.1,70.9,10.9,81.80000000000001,5.329070518200751e-15,3.35000004270114e-05,0.0012142000005042064,0.5409417000000758
method-042,3,Random,MarginalGainPredictor,10,2,1265,95.1,5753,44.0,1249,22.7,51.099999999999994,21.3,72.39999999999999,-3.552713678800501e-15,4.089999947609613e-05,0.001229800000146497,0.42220090000046184
method-042,4,Random,MarginalGainPredictor,10,2,1265,77.1,9070,30.8,9070,30.8,46.3,0.0,46.3,0.0,4.1199999941454735e-05,0.0012309000003369874,0.3276308999993489
method-042,5,Random,MarginalGainPredictor,10,2,1265,98.6,2216,31.8,2216,31.8,66.8,0.0,66.8,0.0,4.11000000895001e-05,0.0012031000005663373,0.32884480000029725
method-042,6,Random,MarginalGainPredictor,10,2,1265,76.9,2477,31.6,181,25.0,45.300000000000004,6.600000000000001,51.900000000000006,0.0,4.179999996267725e-05,0.001180499999463791,0.4238384000000224
method-042,7,Random,MarginalGainPredictor,10,2,1265,67.0,2477,26.8,1439,18.9,40.2,7.900000000000002,48.1,-3.552713678800501e-15,4.340000032243552e-05,0.0012168000002930057,0.42296750000059546
method-042,8,Random,MarginalGainPredictor,10,2,1265,86.8,5753,31.1,5753,31.1,55.699999999999996,0.0,55.699999999999996,0.0,4.820000049221562e-05,0.0012070000002495362,0.43054790000041976
method-042,9,Random,MarginalGainPredictor,10,2,1265,75.0,647,36.2,658,27.3,38.8,8.900000000000002,47.7,3.552713678800501e-15,5.229999987932388e-05,0.0012226999997437815,0.46612869999989925
method-042,10,Random,MarginalGainPredictor,10,2,1265,78.0,1807,45.8,1807,45.8,32.2,0.0,32.2,0.0,4.189999981463188e-05,0.001207799999974668,0.347077100000206
method-043,1,Random,OriginalOrder,20,2,1265,84.4,1277,84.4,2368,10.8,0.0,73.60000000000001,73.60000000000001,0.0,4.9199999921256676e-05,1.9999970390927047e-07,0.3970380999999179
method-043,2,Random,OriginalOrder,20,2,1265,93.5,892,42.7,892,42.7,50.8,0.0,50.8,0.0,4.259999968780903e-05,2.999995558639057e-07,0.3974469999993744
method-043,3,Random,OriginalOrder,20,2,1265,97.1,1265,97.1,11244,8.3,0.0,88.8,88.8,0.0,4.1399999645364005e-05,3.0000046535860747e-07,0.3989438999997219
method-043,4,Random,OriginalOrder,20,2,1265,79.8,5753,41.4,12385,1.8,38.4,39.6,78.0,0.0,4.309999985707691e-05,1.9999970390927047e-07,0.48449669999990874
method-043,5,Random,OriginalOrder,20,2,1265,101.9,1807,41.2,11250,1.1,60.7,40.1,100.80000000000001,7.105427357601002e-15,4.2499999835854396e-05,1.9999970390927047e-07,0.48079500000039843
method-043,6,Random,OriginalOrder,20,2,1265,77.8,820,22.3,88,3.9,55.5,18.400000000000002,73.89999999999999,-1.0658141036401503e-14,4.189999981463188e-05,2.999995558639057e-07,0.419795100000556
method-043,7,Random,OriginalOrder,20,2,1265,67.2,3519,49.9,3700,21.3,17.300000000000004,28.599999999999998,45.900000000000006,3.552713678800501e-15,4.1399999645364005e-05,3.0000046535860747e-07,0.4891067999997176
method-043,8,Random,OriginalOrder,20,2,1265,91.2,310,38.9,932,5.3,52.300000000000004,33.6,85.9,0.0,4.0800000533636194e-05,2.999995558639057e-07,0.4914624000002732
method-043,9,Random,OriginalOrder,20,2,1265,77.9,1265,77.9,12377,3.8,0.0,74.10000000000001,74.10000000000001,0.0,5.0600000577105675e-05,8.000006346264854e-07,0.3999091999994562
method-043,10,Random,OriginalOrder,20,2,1265,92.0,1277,92.0,1807,47.8,0.0,44.2,44.2,0.0,4.759999956149841e-05,3.0000046535860747e-07,0.4961409999996249
method-044,1,Random,MarginalGainPredictor,20,2,1265,84.4,1277,84.4,310,49.6,0.0,34.800000000000004,34.800000000000004,0.0,4.9199999921256676e-05,0.00039120000019465806,0.3970380999999179
method-044,2,Random,MarginalGainPredictor,20,2,1265,92.9,2054,23.8,1978,11.1,69.10000000000001,12.700000000000001,81.80000000000001,1.7763568394002505e-15,3.35000004270114e-05,0.0005863000005774666,0.5409417000000758
method-044,3,Random,MarginalGainPredictor,20,2,1265,95.1,1265,95.1,1265,95.1,0.0,0.0,0.0,0.0,4.089999947609613e-05,0.0006030000004102476,0.42220090000046184
method-044,4,Random,MarginalGainPredictor,20,2,410,49.7,9070,30.8,1249,20.5,18.900000000000002,10.3,29.200000000000003,0.0,4.219999937049579e-05,0.0012176999998700921,0.4857527000003756
method-044,5,Random,MarginalGainPredictor,20,2,228,56.1,892,35.7,618,19.5,20.4,16.200000000000003,36.6,0.0,4.089999947609613e-05,0.0011885999992955476,0.47322780000013154
method-044,6,Random,MarginalGainPredictor,20,2,228,49.5,2477,31.2,1255,5.4,18.3,25.799999999999997,44.1,3.552713678800501e-15,4.259999968780903e-05,0.0012355999997453182,0.39561739999953716
method-044,7,Random,MarginalGainPredictor,20,2,228,49.3,2477,27.4,1423,17.1,21.9,10.299999999999997,32.199999999999996,0.0,4.309999985707691e-05,0.0013112000006003655,0.4023381999995763
method-044,8,Random,MarginalGainPredictor,20,2,228,54.7,1807,42.0,1807,42.0,12.700000000000003,0.0,12.700000000000003,0.0,5.140000030223746e-05,0.0012655000000449945,0.4196633000001384
method-044,9,Random,MarginalGainPredictor,20,2,228,60.8,830,37.0,1816,0.0,23.799999999999997,37.0,60.8,0.0,4.1199999941454735e-05,0.0011682000003929716,0.407102300000588
method-044,10,Random,MarginalGainPredictor,20,2,228,55.4,9070,35.3,820,29.1,20.1,6.199999999999996,26.299999999999997,0.0,4.1900000724126585e-05,0.0012422999998307205,0.5261550999994142
method-045,1,Random,OriginalOrder,50,2,1265,84.4,1277,84.4,2368,10.8,0.0,73.60000000000001,73.60000000000001,0.0,4.9199999921256676e-05,9.999985195463523e-08,0.3970380999999179
method-045,2,Random,OriginalOrder,50,2,1265,93.5,228,52.7,892,42.7,40.8,10.0,50.8,0.0,4.259999968780903e-05,1.9999970390927047e-07,0.3974469999993744
method-045,3,Random,OriginalOrder,50,2,1265,97.1,1265,97.1,11244,8.3,0.0,88.8,88.8,0.0,4.1399999645364005e-05,3.0000046535860747e-07,0.3989438999997219
method-045,4,Random,OriginalOrder,50,2,1265,79.8,228,46.6,12385,1.8,33.199999999999996,44.800000000000004,78.0,0.0,4.309999985707691e-05,3.0000046535860747e-07,0.48449669999990874
method-045,5,Random,OriginalOrder,50,2,1265,101.9,5753,41.5,11250,1.1,60.400000000000006,40.4,100.80000000000001,7.105427357601002e-15,4.2499999835854396e-05,1.9999970390927047e-07,0.48079500000039843
method-045,6,Random,OriginalOrder,50,2,1265,77.8,2122,31.0,88,3.9,46.8,27.1,73.89999999999999,-7.105427357601002e-15,4.189999981463188e-05,4.000003173132427e-07,0.419795100000556
method-045,7,Random,OriginalOrder,50,2,1265,67.2,228,50.1,3700,21.3,17.1,28.8,45.900000000000006,3.552713678800501e-15,4.1399999645364005e-05,3.0000046535860747e-07,0.4891067999997176
method-045,8,Random,OriginalOrder,50,2,1265,91.2,1807,42.7,932,5.3,48.5,37.400000000000006,85.9,0.0,4.0800000533636194e-05,3.9999940781854093e-07,0.4914624000002732
method-045,9,Random,OriginalOrder,50,2,1265,77.9,1265,77.9,12377,3.8,0.0,74.10000000000001,74.10000000000001,0.0,5.0600000577105675e-05,2.999995558639057e-07,0.3999091999994562
method-045,10,Random,OriginalOrder,50,2,1265,92.0,1277,92.0,1807,47.8,0.0,44.2,44.2,0.0,4.759999956149841e-05,3.0000046535860747e-07,0.4961409999996249
method-046,1,Random,MarginalGainPredictor,50,2,1265,84.4,1277,84.4,310,49.6,0.0,34.800000000000004,34.800000000000004,0.0,4.9199999921256676e-05,0.0004259000006641145,0.3970380999999179
method-046,2,Random,MarginalGainPredictor,50,2,1265,92.9,892,42.7,7995,15.3,50.2,27.400000000000002,77.60000000000001,3.552713678800501e-15,3.35000004270114e-05,0.0005711000003429945,0.5409417000000758
method-046,3,Random,MarginalGainPredictor,50,2,1265,85.5,1265,85.5,1265,85.5,0.0,0.0,0.0,0.0,4.1199999941454735e-05,0.0012440000000424334,0.3895383999997648
method-046,4,Random,MarginalGainPredictor,50,2,410,49.7,9070,30.8,1249,20.5,18.900000000000002,10.3,29.200000000000003,0.0,4.179999996267725e-05,0.0012338000005911454,0.3992958000008002
method-046,5,Random,MarginalGainPredictor,50,2,228,56.4,892,35.7,3078,19.3,20.699999999999996,16.400000000000002,37.099999999999994,-3.552713678800501e-15,4.199999966658652e-05,0.0013072000001557171,0.48461760000009235
method-046,6,Random,MarginalGainPredictor,50,2,228,49.5,1807,36.0,1807,36.0,13.5,0.0,13.5,0.0,4.199999966658652e-05,0.0012614999996003462,0.4900996000005762
method-046,7,Random,MarginalGainPredictor,50,2,228,50.1,2216,37.7,2216,37.7,12.399999999999999,0.0,12.399999999999999,0.0,4.1000000237545464e-05,0.0012836000005336246,0.4837112999994133
method-046,8,Random,MarginalGainPredictor,50,2,228,54.5,228,54.5,1439,16.2,0.0,38.3,38.3,0.0,4.189999981463188e-05,0.0012613999997483916,0.49149209999995946
method-046,9,Random,MarginalGainPredictor,50,2,228,64.3,410,37.9,410,37.9,26.4,0.0,26.4,0.0,4.2800000301213004e-05,0.0012258999995538034,0.48653529999955936
method-046,10,Random,MarginalGainPredictor,50,2,228,55.4,5753,42.9,820,17.7,12.5,25.2,37.7,3.552713678800501e-15,5.4600000112259295e-05,0.0013064000004305854,0.40810719999990397
method-047,1,Random,OriginalOrder,100,2,1265,84.4,1277,84.4,2368,10.8,0.0,73.60000000000001,73.60000000000001,0.0,4.9199999921256676e-05,1.9999970390927047e-07,0.3970380999999179
method-047,2,Random,OriginalOrder,100,2,1265,93.5,1265,93.5,892,42.7,0.0,50.8,50.8,0.0,4.259999968780903e-05,2.999995558639057e-07,0.3974469999993744
method-047,3,Random,OriginalOrder,100,2,1265,97.1,1265,97.1,11244,8.3,0.0,88.8,88.8,0.0,4.1399999645364005e-05,3.0000046535860747e-07,0.3989438999997219
method-047,4,Random,OriginalOrder,100,2,1265,79.8,1277,79.8,12385,1.8,0.0,78.0,78.0,0.0,4.309999985707691e-05,4.000003173132427e-07,0.48449669999990874
method-047,5,Random,OriginalOrder,100,2,1265,101.9,1277,101.9,11250,1.1,0.0,100.80000000000001,100.80000000000001,0.0,4.2499999835854396e-05,4.000003173132427e-07,0.48079500000039843
method-047,6,Random,OriginalOrder,100,2,1265,77.8,1265,77.8,88,3.9,0.0,73.89999999999999,73.89999999999999,0.0,4.189999981463188e-05,1.9999970390927047e-07,0.419795100000556
method-047,7,Random,OriginalOrder,100,2,1265,67.2,1277,67.2,3700,21.3,0.0,45.900000000000006,45.900000000000006,0.0,4.1399999645364005e-05,2.999995558639057e-07,0.4891067999997176
method-047,8,Random,OriginalOrder,100,2,1265,91.2,1807,42.7,932,5.3,48.5,37.400000000000006,85.9,0.0,4.0800000533636194e-05,3.0000046535860747e-07,0.4914624000002732
method-047,9,Random,OriginalOrder,100,2,1265,77.9,1265,77.9,12377,3.8,0.0,74.10000000000001,74.10000000000001,0.0,5.0600000577105675e-05,3.9999940781854093e-07,0.3999091999994562
method-047,10,Random,OriginalOrder,100,2,1265,92.0,1277,92.0,1807,47.8,0.0,44.2,44.2,0.0,4.759999956149841e-05,3.9999940781854093e-07,0.4961409999996249
method-048,1,Random,MarginalGainPredictor,100,2,1265,84.4,1277,84.4,310,49.6,0.0,34.800000000000004,34.800000000000004,0.0,4.9199999921256676e-05,0.0005013999998482177,0.3970380999999179
method-048,2,Random,MarginalGainPredictor,100,2,1265,92.9,1265,92.9,1265,92.9,0.0,0.0,0.0,0.0,3.35000004270114e-05,0.0005978999997751089,0.5409417000000758
method-048,3,Random,MarginalGainPredictor,100,2,228,56.0,5753,44.0,410,43.0,12.0,1.0,13.0,0.0,4.4800000068789814e-05,0.0012735000000247965,0.4738230000002659
method-048,4,Random,MarginalGainPredictor,100,2,228,46.2,1807,33.6,1807,33.6,12.600000000000001,0.0,12.600000000000001,0.0,4.129999979340937e-05,0.0013598000005003996,0.4855235000004541
method-048,5,Random,MarginalGainPredictor,100,2,228,56.0,228,56.0,985,28.9,0.0,27.1,27.1,0.0,5.199999941396527e-05,0.0013354000002436806,0.41146459999981744
method-048,6,Random,MarginalGainPredictor,100,2,228,49.6,892,44.8,2216,30.6,4.800000000000004,14.199999999999996,19.0,0.0,4.3000000005122274e-05,0.0013108000002830522,0.3930267999994612
method-048,7,Random,MarginalGainPredictor,100,2,228,50.0,228,50.0,1423,19.1,0.0,30.9,30.9,0.0,4.259999968780903e-05,0.0013129000008120784,0.40218520000053104
method-048,8,Random,MarginalGainPredictor,100,2,228,54.2,3519,49.0,820,17.6,5.200000000000003,31.4,36.6,0.0,4.129999979340937e-05,0.0013543999993999023,0.4152856000000611
method-048,9,Random,MarginalGainPredictor,100,2,228,64.3,228,64.3,1277,0.0,0.0,64.3,64.3,0.0,4.360000002634479e-05,0.0013985000005050097,0.4880894999996599
method-048,10,Random,MarginalGainPredictor,100,2,228,55.4,5753,45.1,1439,20.5,10.299999999999997,24.6,34.9,0.0,4.090000038559083e-05,0.0013159000000086962,0.5097732999993241
method-049,1,Random,OriginalOrder,10,3,1265,84.4,228,56.7,118,10.5,27.700000000000003,46.2,73.9,0.0,5.899999996472616e-05,9.999985195463523e-08,0.3970380999999179
method-049,2,Random,OriginalOrder,10,3,1265,93.5,1439,24.6,1249,15.0,68.9,9.600000000000001,78.5,-7.105427357601002e-15,4.2499999835854396e-05,1.9999970390927047e-07,0.4874002999995355
method-049,3,Random,OriginalOrder,10,3,1265,94.9,597,18.2,6314,11.6,76.7,6.6,83.30000000000001,8.881784197001252e-15,5.400000009103678e-05,2.0000061340397224e-07,0.474315999999817
method-049,4,Random,OriginalOrder,10,3,1265,76.8,1265,76.8,188,10.2,0.0,66.6,66.6,0.0,4.2800000301213004e-05,1.9999970390927047e-07,0.4838078000002497
method-049,5,Random,OriginalOrder,10,3,1265,98.5,647,28.4,2414,16.3,70.1,12.099999999999998,82.2,1.0658141036401503e-14,4.2499999835854396e-05,9.999985195463523e-08,0.48251410000011674
method-049,6,Random,OriginalOrder,10,3,1265,77.0,3519,48.6,905,24.3,28.4,24.3,52.7,3.552713678800501e-15,4.170000011072261e-05,1.9999970390927047e-07,0.4795691999997871
method-049,7,Random,OriginalOrder,10,3,1265,66.2,228,50.1,1392,4.5,16.1,45.6,61.7,0.0,5.8799999351322185e-05,9.999985195463523e-08,0.48671230000036303
method-049,8,Random,OriginalOrder,10,3,1265,91.8,3519,59.7,2368,13.3,32.099999999999994,46.400000000000006,78.5,0.0,4.189999981463188e-05,9.999985195463523e-08,0.49101770000015676
method-049,9,Random,OriginalOrder,10,3,1265,75.5,1265,75.5,1580,7.0,0.0,68.5,68.5,0.0,4.1599999349273276e-05,9.999985195463523e-08,0.42365569999947184
method-049,10,Random,OriginalOrder,10,3,1265,80.8,423,23.0,4934,22.4,57.8,0.6000000000000014,58.4,0.0,4.769999941345304e-05,5.000001692678779e-07,0.42426139999952284
method-050,1,Random,MarginalGainPredictor,10,3,1265,84.4,228,56.7,6314,14.7,27.700000000000003,42.0,69.7,0.0,5.899999996472616e-05,0.0003821000000243657,0.3970380999999179
method-050,2,Random,MarginalGainPredictor,10,3,1265,93.1,4679,24.6,1249,15.0,68.5,9.600000000000001,78.1,-7.105427357601002e-15,4.260000059730373e-05,0.0011827999996967264,0.3514331000005768
method-050,3,Random,MarginalGainPredictor,10,3,1265,94.2,5753,43.2,5753,43.2,51.0,0.0,51.0,0.0,4.150000040681334e-05,0.0012532000000646804,0.3284654999997656
method-050,4,Random,MarginalGainPredictor,10,3,1265,75.5,1265,75.5,1265,75.5,0.0,0.0,0.0,0.0,4.149999949731864e-05,0.0011980999997831532,0.32198930000049586
method-050,5,Random,MarginalGainPredictor,10,3,228,56.4,1785,17.5,5454,14.4,38.9,3.0999999999999996,42.0,1.7763568394002505e-15,4.170000011072261e-05,0.0012625999997908366,0.3323746000005485
method-050,6,Random,MarginalGainPredictor,10,3,228,49.6,985,36.3,985,36.3,13.300000000000004,0.0,13.300000000000004,0.0,4.160000025876798e-05,0.0011751000001822831,0.4243072999997821
method-050,7,Random,MarginalGainPredictor,10,3,228,50.0,2054,37.5,7995,23.5,12.5,14.0,26.5,0.0,5.300000066199573e-05,0.0012440000000424334,0.32894020000003366
method-050,8,Random,MarginalGainPredictor,10,3,228,54.8,3519,49.9,916,5.6,4.899999999999999,44.3,49.199999999999996,0.0,4.11000000895001e-05,0.0012044999994031969,0.33331859999998414
method-050,9,Random,MarginalGainPredictor,10,3,228,64.5,404,16.9,72,14.8,47.6,2.099999999999998,49.7,3.552713678800501e-15,4.150000040681334e-05,0.0012240000005476759,0.43230969999967783
method-050,10,Random,MarginalGainPredictor,10,3,228,56.6,310,37.3,310,37.3,19.300000000000004,0.0,19.300000000000004,0.0,4.149999949731864e-05,0.0012061999996149098,0.43530160000045726
method-051,1,Random,OriginalOrder,20,3,1265,84.4,228,56.7,118,10.5,27.700000000000003,46.2,73.9,0.0,5.899999996472616e-05,2.0000061340397224e-07,0.3970380999999179
method-051,2,Random,OriginalOrder,20,3,1265,93.5,228,53.0,1249,15.0,40.5,38.0,78.5,0.0,4.2499999835854396e-05,1.9999970390927047e-07,0.4874002999995355
method-051,3,Random,OriginalOrder,20,3,1265,94.9,7995,26.9,6314,11.6,68.0,15.299999999999999,83.30000000000001,1.2434497875801753e-14,5.400000009103678e-05,1.9999970390927047e-07,0.474315999999817
method-051,4,Random,OriginalOrder,20,3,1265,76.8,1265,76.8,188,10.2,0.0,66.6,66.6,0.0,4.2800000301213004e-05,4.000003173132427e-07,0.4838078000002497
method-051,5,Random,OriginalOrder,20,3,1265,98.5,1807,38.4,2414,16.3,60.1,22.099999999999998,82.2,3.552713678800501e-15,4.2499999835854396e-05,4.000003173132427e-07,0.48251410000011674
method-051,6,Random,OriginalOrder,20,3,1265,77.0,3519,48.6,905,24.3,28.4,24.3,52.7,3.552713678800501e-15,4.170000011072261e-05,1.9999970390927047e-07,0.4795691999997871
method-051,7,Random,OriginalOrder,20,3,1265,66.2,228,50.1,1392,4.5,16.1,45.6,61.7,0.0,5.8799999351322185e-05,4.000003173132427e-07,0.48671230000036303
method-051,8,Random,OriginalOrder,20,3,1265,91.8,3519,59.7,2368,13.3,32.099999999999994,46.400000000000006,78.5,0.0,4.189999981463188e-05,2.999995558639057e-07,0.49101770000015676
method-051,9,Random,OriginalOrder,20,3,1265,75.5,1265,75.5,1580,7.0,0.0,68.5,68.5,0.0,4.1599999349273276e-05,2.999995558639057e-07,0.42365569999947184
method-051,10,Random,OriginalOrder,20,3,1265,80.8,2477,28.1,4934,22.4,52.699999999999996,5.700000000000003,58.4,0.0,4.769999941345304e-05,3.0000046535860747e-07,0.42426139999952284
method-052,1,Random,MarginalGainPredictor,20,3,1265,84.4,228,56.7,6314,14.7,27.700000000000003,42.0,69.7,0.0,5.899999996472616e-05,0.0003820000001724111,0.3970380999999179
method-052,2,Random,MarginalGainPredictor,20,3,1265,93.1,4934,27.1,1249,15.0,66.0,12.100000000000001,78.1,-7.105427357601002e-15,4.260000059730373e-05,0.0006087000001571141,0.3514331000005768
method-052,3,Random,MarginalGainPredictor,20,3,1265,94.2,228,56.3,5753,43.2,37.900000000000006,13.099999999999994,51.0,0.0,4.150000040681334e-05,0.0005952000001343549,0.3284654999997656
method-052,4,Random,MarginalGainPredictor,20,3,1265,75.5,1265,75.5,1265,75.5,0.0,0.0,0.0,0.0,4.149999949731864e-05,0.0006141000003481167,0.32198930000049586
method-052,5,Random,MarginalGainPredictor,20,3,228,56.4,7123,28.5,7995,16.4,27.9,12.100000000000001,40.0,0.0,4.170000011072261e-05,0.0006782999998904415,0.3323746000005485
method-052,6,Random,MarginalGainPredictor,20,3,228,49.6,985,36.5,985,36.5,13.100000000000001,0.0,13.100000000000001,0.0,4.7000000449770596e-05,0.0012372000001050765,0.39804000000003725
method-052,7,Random,MarginalGainPredictor,20,3,228,50.0,3519,47.5,181,29.5,2.5,18.0,20.5,0.0,4.160000025876798e-05,0.0012391000000206986,0.48208359999989625
method-052,8,Random,MarginalGainPredictor,20,3,228,54.8,3519,49.6,916,9.3,5.199999999999996,40.3,45.5,7.105427357601002e-15,4.340000032243552e-05,0.001180400000521331,0.4813819999999396
method-052,9,Random,MarginalGainPredictor,20,3,228,61.8,410,38.1,410,38.1,23.699999999999996,0.0,23.699999999999996,0.0,4.1599999349273276e-05,0.0012134999997215346,0.40106480000031297
method-052,10,Random,MarginalGainPredictor,20,3,228,56.5,310,37.3,310,37.3,19.200000000000003,0.0,19.200000000000003,0.0,4.459999945538584e-05,0.0014551000003848458,0.4671587000002546
method-053,1,Random,OriginalOrder,50,3,1265,84.4,1265,84.4,118,10.5,0.0,73.9,73.9,0.0,5.899999996472616e-05,9.999985195463523e-08,0.3970380999999179
method-053,2,Random,OriginalOrder,50,3,1265,93.5,1277,93.5,1249,15.0,0.0,78.5,78.5,0.0,4.2499999835854396e-05,5.000001692678779e-07,0.4874002999995355
method-053,3,Random,OriginalOrder,50,3,1265,94.9,2477,35.2,6314,11.6,59.7,23.6,83.30000000000001,7.105427357601002e-15,5.400000009103678e-05,2.999995558639057e-07,0.474315999999817
method-053,4,Random,OriginalOrder,50,3,1265,76.8,1265,76.8,188,10.2,0.0,66.6,66.6,0.0,4.2800000301213004e-05,3.0000046535860747e-07,0.4838078000002497
method-053,5,Random,OriginalOrder,50,3,1265,98.5,1807,38.4,2414,16.3,60.1,22.099999999999998,82.2,3.552713678800501e-15,4.2499999835854396e-05,5.000001692678779e-07,0.48251410000011674
method-053,6,Random,OriginalOrder,50,3,1265,77.0,1277,77.0,905,24.3,0.0,52.7,52.7,0.0,4.170000011072261e-05,4.000003173132427e-07,0.4795691999997871
method-053,7,Random,OriginalOrder,50,3,1265,66.2,228,50.1,1392,4.5,16.1,45.6,61.7,0.0,5.8799999351322185e-05,1.9999970390927047e-07,0.48671230000036303
method-053,8,Random,OriginalOrder,50,3,1265,91.8,3519,59.7,2368,13.3,32.099999999999994,46.400000000000006,78.5,0.0,4.189999981463188e-05,2.999995558639057e-07,0.49101770000015676
method-053,9,Random,OriginalOrder,50,3,1265,75.5,1265,75.5,1580,7.0,0.0,68.5,68.5,0.0,4.1599999349273276e-05,3.0000046535860747e-07,0.42365569999947184
method-053,10,Random,OriginalOrder,50,3,1265,80.8,7123,28.2,4934,22.4,52.599999999999994,5.800000000000001,58.4,3.552713678800501e-15,4.769999941345304e-05,1.9999970390927047e-07,0.42426139999952284
method-054,1,Random,MarginalGainPredictor,50,3,1265,84.4,1265,84.4,1265,84.4,0.0,0.0,0.0,0.0,5.899999996472616e-05,0.0004389000005176058,0.3970380999999179
method-054,2,Random,MarginalGainPredictor,50,3,228,52.6,228,52.6,1807,36.5,0.0,16.1,16.1,0.0,5.400000009103678e-05,0.0005561999996643863,0.4252031000005445
method-054,3,Random,MarginalGainPredictor,50,3,228,56.1,985,34.9,985,34.9,21.200000000000003,0.0,21.200000000000003,0.0,5.2099999265919905e-05,0.0005940999999438645,0.49774539999998524
method-054,4,Random,MarginalGainPredictor,50,3,410,49.1,228,46.2,2216,28.4,2.8999999999999986,17.800000000000004,20.700000000000003,0.0,5.1900000471505336e-05,0.001228600000104052,0.5410806999998385
method-054,5,Random,MarginalGainPredictor,50,3,228,56.3,228,56.3,820,20.9,0.0,35.4,35.4,0.0,4.149999949731864e-05,0.001234199999998964,0.4812554000000091
method-054,6,Random,MarginalGainPredictor,50,3,228,49.6,892,44.4,410,37.0,5.200000000000003,7.399999999999999,12.600000000000001,0.0,5.129999954078812e-05,0.0012786999996023951,0.4826255999996647
method-054,7,Random,MarginalGainPredictor,50,3,228,50.0,228,50.0,1277,0.0,0.0,50.0,50.0,0.0,4.6299999667098746e-05,0.001286699999582197,0.5007363000004261
method-054,8,Random,MarginalGainPredictor,50,3,228,54.5,3519,49.5,916,4.0,5.0,45.5,50.5,0.0,4.0500000068277586e-05,0.001247999999577587,0.39686710000023595
method-054,9,Random,MarginalGainPredictor,50,3,228,64.5,830,36.4,1352,26.7,28.1,9.7,37.8,-3.552713678800501e-15,4.200000057608122e-05,0.0014283999998951913,0.4734805999996752
method-054,10,Random,MarginalGainPredictor,50,3,228,56.1,3519,35.7,1423,17.3,20.4,18.400000000000002,38.8,-3.552713678800501e-15,4.1199999941454735e-05,0.001305000000684231,0.49945320000006177
method-055,1,Random,OriginalOrder,100,3,1265,84.4,1265,84.4,118,10.5,0.0,73.9,73.9,0.0,5.899999996472616e-05,1.9999970390927047e-07,0.3970380999999179
method-055,2,Random,OriginalOrder,100,3,1265,93.5,1277,93.5,1249,15.0,0.0,78.5,78.5,0.0,4.2499999835854396e-05,2.999995558639057e-07,0.4874002999995355
method-055,3,Random,OriginalOrder,100,3,1265,94.9,5753,44.1,6314,11.6,50.800000000000004,32.5,83.30000000000001,7.105427357601002e-15,5.400000009103678e-05,1.9999970390927047e-07,0.474315999999817
method-055,4,Random,OriginalOrder,100,3,1265,76.8,1265,76.8,188,10.2,0.0,66.6,66.6,0.0,4.2800000301213004e-05,1.9999970390927047e-07,0.4838078000002497
method-055,5,Random,OriginalOrder,100,3,1265,98.5,228,56.6,2414,16.3,41.9,40.3,82.2,7.105427357601002e-15,4.2499999835854396e-05,3.0000046535860747e-07,0.48251410000011674
method-055,6,Random,OriginalOrder,100,3,1265,77.0,1265,77.0,905,24.3,0.0,52.7,52.7,0.0,4.170000011072261e-05,3.9999940781854093e-07,0.4795691999997871
method-055,7,Random,OriginalOrder,100,3,1265,66.2,1265,66.2,1392,4.5,0.0,61.7,61.7,0.0,5.8799999351322185e-05,1.9999970390927047e-07,0.48671230000036303
method-055,8,Random,OriginalOrder,100,3,1265,91.8,1277,91.8,2368,13.3,0.0,78.5,78.5,0.0,4.189999981463188e-05,3.0000046535860747e-07,0.49101770000015676
method-055,9,Random,OriginalOrder,100,3,1265,75.5,1265,75.5,1580,7.0,0.0,68.5,68.5,0.0,4.1599999349273276e-05,5.000001692678779e-07,0.42365569999947184
method-055,10,Random,OriginalOrder,100,3,1265,80.8,1265,80.8,4934,22.4,0.0,58.4,58.4,0.0,4.769999941345304e-05,3.9999940781854093e-07,0.42426139999952284
method-056,1,Random,MarginalGainPredictor,100,3,1265,84.4,1265,84.4,1265,84.4,0.0,0.0,0.0,0.0,5.899999996472616e-05,0.00048599999990983633,0.3970380999999179
method-056,2,Random,MarginalGainPredictor,100,3,228,52.6,228,52.6,410,49.8,0.0,2.8000000000000043,2.8000000000000043,0.0,5.400000009103678e-05,0.0005909999999857973,0.4252031000005445
method-056,3,Random,MarginalGainPredictor,100,3,228,56.1,5753,44.1,1807,37.5,12.0,6.600000000000001,18.6,0.0,4.799999987881165e-05,0.0005978999997751089,0.3208223999999973
method-056,4,Random,MarginalGainPredictor,100,3,228,46.2,228,46.2,985,33.7,0.0,12.5,12.5,0.0,4.2100000428035855e-05,0.0013039999994362006,0.41042709999965155
method-056,5,Random,MarginalGainPredictor,100,3,228,56.0,228,56.0,310,42.6,0.0,13.399999999999999,13.399999999999999,0.0,4.270000044925837e-05,0.0013618000002679764,0.39362919999985024
method-056,6,Random,MarginalGainPredictor,100,3,228,49.6,3519,43.5,2216,30.6,6.100000000000001,12.899999999999999,19.0,0.0,4.9000000217347406e-05,0.0013569000002462417,0.39408540000022185
method-056,7,Random,MarginalGainPredictor,100,3,228,50.0,228,50.0,1277,0.0,0.0,50.0,50.0,0.0,5.3699999625678174e-05,0.0013073000000076718,0.4097444999997606
method-056,8,Random,MarginalGainPredictor,100,3,228,54.2,3519,49.1,7995,13.1,5.100000000000001,36.0,41.1,0.0,4.11000000895001e-05,0.0013184000008550356,0.4818559000004825
method-056,9,Random,MarginalGainPredictor,100,3,228,64.3,5753,40.9,916,10.0,23.4,30.9,54.3,0.0,4.839999928663019e-05,0.0013263999999253429,0.48456239999995887
method-056,10,Random,MarginalGainPredictor,100,3,228,55.5,3519,34.8,820,16.5,20.700000000000003,18.299999999999997,39.0,0.0,4.42000000475673e-05,0.0015123000002859044,0.405214899999919
method-057,1,Random,OriginalOrder,10,4,1265,84.4,2216,32.5,181,22.6,51.900000000000006,9.899999999999999,61.800000000000004,0.0,5.090000013296958e-05,9.999985195463523e-08,0.3970380999999179
method-057,2,Random,OriginalOrder,10,4,1265,93.5,3078,19.7,12381,6.6,73.8,13.1,86.9,8.881784197001252e-15,4.340000032243552e-05,1.9999970390927047e-07,0.4840745000001334
method-057,3,Random,OriginalOrder,10,4,1265,96.8,547,21.2,547,21.2,75.6,0.0,75.6,0.0,4.5900000259280205e-05,2.999995558639057e-07,0.4935379999997167
method-057,4,Random,OriginalOrder,10,4,1265,80.2,1920,31.6,7995,12.0,48.6,19.6,68.2,0.0,4.189999981463188e-05,1.9999970390927047e-07,0.4722116000002643
method-057,5,Random,OriginalOrder,10,4,1265,101.3,1265,101.3,7993,6.2,0.0,95.1,95.1,0.0,4.749999970954377e-05,1.9999970390927047e-07,0.48358420000022306
method-057,6,Random,OriginalOrder,10,4,1265,75.1,2021,27.3,12380,5.0,47.8,22.3,70.1,-3.552713678800501e-15,4.179999996267725e-05,1.9999970390927047e-07,0.4818197999993572
method-057,7,Random,OriginalOrder,10,4,1265,67.0,228,50.1,657,7.0,16.9,43.1,60.0,0.0,4.269999953976367e-05,9.999985195463523e-08,0.49001749999933963
method-057,8,Random,OriginalOrder,10,4,1265,90.2,1277,90.2,2034,10.9,0.0,79.3,79.3,0.0,4.2099999518541154e-05,1.9999970390927047e-07,0.4066517000001113
method-057,9,Random,OriginalOrder,10,4,1265,73.0,1920,20.2,4934,19.6,52.8,0.5999999999999979,53.4,3.552713678800501e-15,5.249999958323315e-05,2.0000061340397224e-07,0.40884580000056303
method-057,10,Random,OriginalOrder,10,4,1265,88.2,1277,88.2,1943,11.8,0.0,76.4,76.4,0.0,4.170000011072261e-05,9.999985195463523e-08,0.49053770000045915
method-058,1,Random,MarginalGainPredictor,10,4,1265,84.4,2216,32.5,2216,32.5,51.900000000000006,0.0,51.900000000000006,0.0,5.090000013296958e-05,0.00039140000080806203,0.3970380999999179
method-058,2,Random,MarginalGainPredictor,10,4,1265,93.5,423,16.4,2014,10.8,77.1,5.599999999999998,82.7,1.0658141036401503e-14,5.210000017541461e-05,0.0012061999996149098,0.46298879999994824
method-058,3,Random,MarginalGainPredictor,10,4,1265,97.4,7123,21.1,6314,11.6,76.30000000000001,9.500000000000002,85.80000000000001,-1.7763568394002505e-15,5.1199999688833486e-05,0.0012721000002784422,0.34519950000048993
method-058,4,Random,MarginalGainPredictor,10,4,1265,79.4,228,46.8,1439,25.3,32.60000000000001,21.499999999999996,54.10000000000001,3.552713678800501e-15,4.350000017439015e-05,0.001374999999825377,0.4257132000002457
method-058,5,Random,MarginalGainPredictor,10,4,1265,104.0,1265,104.0,1265,104.0,0.0,0.0,0.0,0.0,4.069999977218686e-05,0.0012444000003597466,0.32671269999991637
method-058,6,Random,MarginalGainPredictor,10,4,228,49.5,181,23.9,1255,5.4,25.6,18.5,44.1,0.0,5.140000030223746e-05,0.001166400000329304,0.42076879999967787
method-058,7,Random,MarginalGainPredictor,10,4,228,50.1,1140,30.3,1352,16.7,19.8,13.600000000000001,33.400000000000006,3.552713678800501e-15,5.019999935029773e-05,0.0012202999996588915,0.33684750000065833
method-058,8,Random,MarginalGainPredictor,10,4,228,55.1,1140,32.5,4679,18.1,22.6,14.399999999999999,37.0,0.0,4.160000025876798e-05,0.0012458999999580556,0.43140170000060607
method-058,9,Random,MarginalGainPredictor,10,4,228,64.5,9070,36.4,9070,36.4,28.1,0.0,28.1,0.0,4.11000000895001e-05,0.0012234999994689133,0.4774413999994067
method-058,10,Random,MarginalGainPredictor,10,4,228,56.6,423,20.1,1978,14.9,36.5,5.200000000000001,41.7,1.7763568394002505e-15,4.780000017490238e-05,0.0012749999996231054,0.399924700000156
method-059,1,Random,OriginalOrder,20,4,1265,84.4,2216,32.5,181,22.6,51.900000000000006,9.899999999999999,61.800000000000004,0.0,5.090000013296958e-05,2.0000061340397224e-07,0.3970380999999179
method-059,2,Random,OriginalOrder,20,4,1265,93.5,1807,37.5,12381,6.6,56.0,30.9,86.9,7.105427357601002e-15,4.340000032243552e-05,3.0000046535860747e-07,0.4840745000001334
method-059,3,Random,OriginalOrder,20,4,1265,96.8,228,56.3,547,21.2,40.5,35.099999999999994,75.6,0.0,4.5900000259280205e-05,3.0000046535860747e-07,0.4935379999997167
method-059,4,Random,OriginalOrder,20,4,1265,80.2,1920,31.6,7995,12.0,48.6,19.6,68.2,0.0,4.189999981463188e-05,1.9999970390927047e-07,0.4722116000002643
method-059,5,Random,OriginalOrder,20,4,1265,101.3,1265,101.3,7993,6.2,0.0,95.1,95.1,0.0,4.749999970954377e-05,4.000003173132427e-07,0.48358420000022306
method-059,6,Random,OriginalOrder,20,4,1265,75.1,2021,27.3,12380,5.0,47.8,22.3,70.1,-3.552713678800501e-15,4.179999996267725e-05,4.000003173132427e-07,0.4818197999993572
method-059,7,Random,OriginalOrder,20,4,1265,67.0,228,50.1,657,7.0,16.9,43.1,60.0,0.0,4.269999953976367e-05,4.000003173132427e-07,0.49001749999933963
method-059,8,Random,OriginalOrder,20,4,1265,90.2,1277,90.2,2034,10.9,0.0,79.3,79.3,0.0,4.2099999518541154e-05,2.999995558639057e-07,0.4066517000001113
method-059,9,Random,OriginalOrder,20,4,1265,73.0,228,56.0,4934,19.6,17.0,36.4,53.4,0.0,5.249999958323315e-05,3.0000046535860747e-07,0.40884580000056303
method-059,10,Random,OriginalOrder,20,4,1265,88.2,1277,88.2,1943,11.8,0.0,76.4,76.4,0.0,4.170000011072261e-05,4.000003173132427e-07,0.49053770000045915
method-060,1,Random,MarginalGainPredictor,20,4,1265,84.4,2216,32.5,2216,32.5,51.900000000000006,0.0,51.900000000000006,0.0,5.090000013296958e-05,0.0003864999998768326,0.3970380999999179
method-060,2,Random,MarginalGainPredictor,20,4,1265,93.5,1807,38.0,1807,38.0,55.5,0.0,55.5,0.0,5.210000017541461e-05,0.0005999000004521804,0.46298879999994824
method-060,3,Random,MarginalGainPredictor,20,4,1265,91.3,547,21.2,3078,19.0,70.1,2.1999999999999993,72.3,3.552713678800501e-15,4.4299999899521936e-05,0.0011829000004581758,0.4731024000002435
method-060,4,Random,MarginalGainPredictor,20,4,1265,79.3,1277,79.3,1277,79.3,0.0,0.0,0.0,0.0,4.619999981514411e-05,0.0013768999997409992,0.4006170000002385
method-060,5,Random,MarginalGainPredictor,20,4,228,56.3,1439,24.3,1265,0.0,31.999999999999996,24.3,56.3,0.0,4.269999953976367e-05,0.0013552000000345288,0.47718369999984134
method-060,6,Random,MarginalGainPredictor,20,4,228,49.5,4285,30.3,3916,22.1,19.2,8.2,27.4,0.0,6.169999960548012e-05,0.0012790999999197084,0.3974400999995851
method-060,7,Random,MarginalGainPredictor,20,4,228,48.8,8264,23.8,1352,14.1,24.999999999999996,9.700000000000001,34.699999999999996,-1.7763568394002505e-15,5.019999935029773e-05,0.0012891999995190417,0.49200680000012653
method-060,8,Random,MarginalGainPredictor,20,4,228,54.8,2442,16.6,916,4.0,38.199999999999996,12.600000000000001,50.8,0.0,4.189999981463188e-05,0.0012498999994932092,0.4950778000002174
method-060,9,Random,MarginalGainPredictor,20,4,228,64.5,692,27.3,692,27.3,37.2,0.0,37.2,0.0,4.219999937049579e-05,0.0012914000008095172,0.43161999999938416
method-060,10,Random,MarginalGainPredictor,20,4,228,54.5,985,31.7,985,31.7,22.8,0.0,22.8,0.0,4.580000040732557e-05,0.0011849000002257526,0.5618603999992047
method-061,1,Random,OriginalOrder,50,4,1265,84.4,2216,32.5,181,22.6,51.900000000000006,9.899999999999999,61.800000000000004,0.0,5.090000013296958e-05,2.0000061340397224e-07,0.3970380999999179
method-061,2,Random,OriginalOrder,50,4,1265,93.5,1807,37.5,12381,6.6,56.0,30.9,86.9,7.105427357601002e-15,4.340000032243552e-05,3.0000046535860747e-07,0.4840745000001334
method-061,3,Random,OriginalOrder,50,4,1265,96.8,228,56.3,547,21.2,40.5,35.099999999999994,75.6,0.0,4.5900000259280205e-05,4.000003173132427e-07,0.4935379999997167
method-061,4,Random,OriginalOrder,50,4,1265,80.2,228,46.6,7995,12.0,33.6,34.6,68.2,0.0,4.189999981463188e-05,2.999995558639057e-07,0.4722116000002643
method-061,5,Random,OriginalOrder,50,4,1265,101.3,1265,101.3,7993,6.2,0.0,95.1,95.1,0.0,4.749999970954377e-05,4.000003173132427e-07,0.48358420000022306
method-061,6,Random,OriginalOrder,50,4,1265,75.1,3519,43.1,12380,5.0,31.999999999999993,38.1,70.1,0.0,4.179999996267725e-05,1.9999970390927047e-07,0.4818197999993572
method-061,7,Random,OriginalOrder,50,4,1265,67.0,1265,67.0,657,7.0,0.0,60.0,60.0,0.0,4.269999953976367e-05,4.000003173132427e-07,0.49001749999933963
method-061,8,Random,OriginalOrder,50,4,1265,90.2,1277,90.2,2034,10.9,0.0,79.3,79.3,0.0,4.2099999518541154e-05,4.000003173132427e-07,0.4066517000001113
method-061,9,Random,OriginalOrder,50,4,1265,73.0,1265,73.0,4934,19.6,0.0,53.4,53.4,0.0,5.249999958323315e-05,1.9999970390927047e-07,0.40884580000056303
method-061,10,Random,OriginalOrder,50,4,1265,88.2,1277,88.2,1943,11.8,0.0,76.4,76.4,0.0,4.170000011072261e-05,1.9999970390927047e-07,0.49053770000045915
method-062,1,Random,MarginalGainPredictor,50,4,1265,84.4,2216,32.5,2216,32.5,51.900000000000006,0.0,51.900000000000006,0.0,5.090000013296958e-05,0.0004143999994994374,0.3970380999999179
method-062,2,Random,MarginalGainPredictor,50,4,1265,93.5,5753,39.6,1807,38.0,53.9,1.6000000000000014,55.5,0.0,5.210000017541461e-05,0.0005922000000282424,0.46298879999994824
method-062,3,Random,MarginalGainPredictor,50,4,1265,91.3,9070,55.6,410,47.0,35.699999999999996,8.600000000000001,44.3,0.0,4.4299999899521936e-05,0.0007160000004660105,0.4731024000002435
method-062,4,Random,MarginalGainPredictor,50,4,1265,79.5,1920,31.3,1249,23.1,48.2,8.2,56.4,-3.552713678800501e-15,5.220000002736924e-05,0.0012511999993876088,0.4863728000000265
method-062,5,Random,MarginalGainPredictor,50,4,1265,91.6,1265,91.6,1265,91.6,0.0,0.0,0.0,0.0,4.140000055485871e-05,0.0012541999994937214,0.48988680000002205
method-062,6,Random,MarginalGainPredictor,50,4,228,49.6,228,49.6,916,15.3,0.0,34.3,34.3,0.0,4.199999966658652e-05,0.0012453999997887877,0.47700819999954547
method-062,7,Random,MarginalGainPredictor,50,4,228,50.1,228,50.1,820,21.3,0.0,28.8,28.8,0.0,4.2499999835854396e-05,0.001396999999997206,0.4030139999995299
method-062,8,Random,MarginalGainPredictor,50,4,228,54.5,7123,38.3,1816,0.0,16.200000000000003,38.3,54.5,0.0,4.160000025876798e-05,0.0012665000003835303,0.4124701000000641
method-062,9,Random,MarginalGainPredictor,50,4,228,64.5,3519,61.4,985,31.4,3.1000000000000014,30.0,33.1,0.0,4.059999992023222e-05,0.0012669000007008435,0.5108794000007038
method-062,10,Random,MarginalGainPredictor,50,4,228,56.1,5753,45.9,1439,20.4,10.200000000000003,25.5,35.7,0.0,5.8399999943503644e-05,0.001353200000266952,0.5025037999994311
method-063,1,Random,OriginalOrder,100,4,1265,84.4,892,36.7,181,22.6,47.7,14.100000000000001,61.800000000000004,0.0,5.090000013296958e-05,1.9999970390927047e-07,0.3970380999999179
method-063,2,Random,OriginalOrder,100,4,1265,93.5,1265,93.5,12381,6.6,0.0,86.9,86.9,0.0,4.340000032243552e-05,3.0000046535860747e-07,0.4840745000001334
method-063,3,Random,OriginalOrder,100,4,1265,96.8,1265,96.8,547,21.2,0.0,75.6,75.6,0.0,4.5900000259280205e-05,2.0000061340397224e-07,0.4935379999997167
method-063,4,Random,OriginalOrder,100,4,1265,80.2,1277,80.2,7995,12.0,0.0,68.2,68.2,0.0,4.189999981463188e-05,1.9999970390927047e-07,0.4722116000002643
method-063,5,Random,OriginalOrder,100,4,1265,101.3,1265,101.3,7993,6.2,0.0,95.1,95.1,0.0,4.749999970954377e-05,2.999995558639057e-07,0.48358420000022306
method-063,6,Random,OriginalOrder,100,4,1265,75.1,1277,75.1,12380,5.0,0.0,70.1,70.1,0.0,4.179999996267725e-05,1.9999970390927047e-07,0.4818197999993572
method-063,7,Random,OriginalOrder,100,4,1265,67.0,1265,67.0,657,7.0,0.0,60.0,60.0,0.0,4.269999953976367e-05,3.0000046535860747e-07,0.49001749999933963
method-063,8,Random,OriginalOrder,100,4,1265,90.2,1277,90.2,2034,10.9,0.0,79.3,79.3,0.0,4.2099999518541154e-05,2.999995558639057e-07,0.4066517000001113
method-063,9,Random,OriginalOrder,100,4,1265,73.0,1265,73.0,4934,19.6,0.0,53.4,53.4,0.0,5.249999958323315e-05,2.999995558639057e-07,0.40884580000056303
method-063,10,Random,OriginalOrder,100,4,1265,88.2,1277,88.2,1943,11.8,0.0,76.4,76.4,0.0,4.170000011072261e-05,1.9999970390927047e-07,0.49053770000045915
method-064,1,Random,MarginalGainPredictor,100,4,1265,84.4,892,36.7,2216,32.5,47.7,4.200000000000003,51.900000000000006,0.0,5.090000013296958e-05,0.00046889999975974206,0.3970380999999179
method-064,2,Random,MarginalGainPredictor,100,4,1265,93.5,1265,93.5,1265,93.5,0.0,0.0,0.0,0.0,5.210000017541461e-05,0.0005749000001742388,0.46298879999994824
method-064,3,Random,MarginalGainPredictor,100,4,228,56.1,9070,55.6,410,43.0,0.5,12.600000000000001,13.100000000000001,0.0,4.220000027999049e-05,0.00130890000036743,0.49640699999963545
method-064,4,Random,MarginalGainPredictor,100,4,228,46.2,5753,39.6,1807,33.6,6.600000000000001,6.0,12.600000000000001,0.0,4.160000025876798e-05,0.001524000000244996,0.3955234000004566
method-064,5,Random,MarginalGainPredictor,100,4,228,56.0,3519,41.4,820,20.0,14.600000000000001,21.4,36.0,0.0,4.1399999645364005e-05,0.0012875000002168235,0.41031050000037794
method-064,6,Random,MarginalGainPredictor,100,4,228,49.6,228,49.6,310,36.2,0.0,13.399999999999999,13.399999999999999,0.0,4.220000027999049e-05,0.0012951999997312669,0.396816100000251
method-064,7,Random,MarginalGainPredictor,100,4,228,50.1,228,50.1,985,30.7,0.0,19.400000000000002,19.400000000000002,0.0,5.2400000640773214e-05,0.0013756999996985542,0.4937380999999732
method-064,8,Random,MarginalGainPredictor,100,4,228,54.2,228,54.2,916,4.0,0.0,50.2,50.2,0.0,5.449999935080996e-05,0.0013861000006727409,0.5243540000001303
method-064,9,Random,MarginalGainPredictor,100,4,228,64.3,228,64.3,1249,13.2,0.0,51.099999999999994,51.099999999999994,0.0,4.150000040681334e-05,0.001330699999925855,0.42806560000008176
method-064,10,Random,MarginalGainPredictor,100,4,228,55.5,228,55.5,1277,0.0,0.0,55.5,55.5,0.0,4.219999937049579e-05,0.0013533999999708612,0.554027799999858
method-065,1,Random,OriginalOrder,10,5,1265,84.4,5753,47.3,985,29.2,37.10000000000001,18.099999999999998,55.2,-3.552713678800501e-15,4.920000083075138e-05,9.999985195463523e-08,0.3970380999999179
method-065,2,Random,OriginalOrder,10,5,1265,93.4,410,49.8,2442,21.0,43.60000000000001,28.799999999999997,72.4,0.0,5.4400000408350024e-05,9.999985195463523e-08,0.5085167999995974
method-065,3,Random,OriginalOrder,10,5,1265,96.8,1140,34.5,2717,24.5,62.3,10.0,72.3,0.0,4.259999968780903e-05,3.9999940781854093e-07,0.40964440000061586
method-065,4,Random,OriginalOrder,10,5,1265,80.6,410,49.1,4758,13.7,31.499999999999993,35.400000000000006,66.89999999999999,-7.105427357601002e-15,4.2800000301213004e-05,1.9999970390927047e-07,0.48012370000014926
method-065,5,Random,OriginalOrder,10,5,1265,101.3,1265,101.3,7993,6.3,0.0,95.0,95.0,0.0,4.1599999349273276e-05,1.9999970390927047e-07,0.48234080000020185
method-065,6,Random,OriginalOrder,10,5,1265,78.7,7995,23.1,1785,20.8,55.6,2.3000000000000007,57.900000000000006,3.552713678800501e-15,4.179999996267725e-05,1.9999970390927047e-07,0.47259870000016235
method-065,7,Random,OriginalOrder,10,5,1265,67.9,181,33.0,2122,24.0,34.900000000000006,9.0,43.900000000000006,0.0,4.259999968780903e-05,1.9999970390927047e-07,0.49953020000066317
method-065,8,Random,OriginalOrder,10,5,1265,93.6,1265,93.6,2368,13.3,0.0,80.3,80.3,0.0,5.599999985861359e-05,2.0000061340397224e-07,0.41888100000051054
method-065,9,Random,OriginalOrder,10,5,1265,77.4,310,51.6,2146,13.1,25.800000000000004,38.5,64.30000000000001,7.105427357601002e-15,4.290000015316764e-05,1.9999970390927047e-07,0.47191709999970044
method-065,10,Random,OriginalOrder,10,5,1265,89.5,1140,24.8,58,5.6,64.7,19.200000000000003,83.9,0.0,4.309999985707691e-05,2.999995558639057e-07,0.5419481999997515
method-066,1,Random,MarginalGainPredictor,10,5,1265,84.4,5753,47.3,985,29.2,37.10000000000001,18.099999999999998,55.2,-3.552713678800501e-15,4.920000083075138e-05,0.0003971999994973885,0.3970380999999179
method-066,2,Random,MarginalGainPredictor,10,5,1265,93.4,410,49.8,410,49.8,43.60000000000001,0.0,43.60000000000001,0.0,5.4400000408350024e-05,0.00045369999952526996,0.5085167999995974
method-066,3,Random,MarginalGainPredictor,10,5,1265,93.2,1140,34.5,1423,18.8,58.7,15.7,74.4,3.552713678800501e-15,4.2100000428035855e-05,0.0012181000001874054,0.44973729999946954
method-066,4,Random,MarginalGainPredictor,10,5,1265,78.7,1265,78.7,1265,78.7,0.0,0.0,0.0,0.0,4.749999970954377e-05,0.001275300000088464,0.41822809999939636
method-066,5,Random,MarginalGainPredictor,10,5,228,56.1,3078,19.2,1277,0.0,36.900000000000006,19.2,56.1,-3.552713678800501e-15,4.2099999518541154e-05,0.0012527999997473671,0.3313346000004458
method-066,6,Random,MarginalGainPredictor,10,5,228,49.6,4305,12.6,4305,12.6,37.0,0.0,37.0,0.0,4.0800000533636194e-05,0.0012070000002495362,0.43236030000025494
method-066,7,Random,MarginalGainPredictor,10,5,228,50.0,1807,45.0,1807,45.0,5.0,0.0,5.0,0.0,4.1900000724126585e-05,0.0012526000000434578,0.3382221000001664
method-066,8,Random,MarginalGainPredictor,10,5,228,54.5,656,24.7,1249,15.3,29.8,9.399999999999999,39.2,3.552713678800501e-15,4.760000047099311e-05,0.0011942000000999542,0.4395271999992474
method-066,9,Random,MarginalGainPredictor,10,5,228,64.5,1352,26.5,1352,26.5,38.0,0.0,38.0,0.0,4.1599999349273276e-05,0.001222099999722559,0.33241330000055314
method-066,10,Random,MarginalGainPredictor,10,5,228,56.0,5753,45.7,5753,45.7,10.299999999999997,0.0,10.299999999999997,0.0,5.740000051446259e-05,0.004826299999876937,0.4628620999992563
method-067,1,Random,OriginalOrder,20,5,1265,84.4,5753,47.3,985,29.2,37.10000000000001,18.099999999999998,55.2,-3.552713678800501e-15,4.920000083075138e-05,1.9999970390927047e-07,0.3970380999999179
method-067,2,Random,OriginalOrder,20,5,1265,93.4,410,49.8,2442,21.0,43.60000000000001,28.799999999999997,72.4,0.0,5.4400000408350024e-05,2.0000061340397224e-07,0.5085167999995974
method-067,3,Random,OriginalOrder,20,5,1265,96.8,2477,35.1,2717,24.5,61.699999999999996,10.600000000000001,72.3,0.0,4.259999968780903e-05,3.0000046535860747e-07,0.40964440000061586
method-067,4,Random,OriginalOrder,20,5,1265,80.6,410,49.1,4758,13.7,31.499999999999993,35.400000000000006,66.89999999999999,-7.105427357601002e-15,4.2800000301213004e-05,2.999995558639057e-07,0.48012370000014926
method-067,5,Random,OriginalOrder,20,5,1265,101.3,1265,101.3,7993,6.3,0.0,95.0,95.0,0.0,4.1599999349273276e-05,2.999995558639057e-07,0.48234080000020185
method-067,6,Random,OriginalOrder,20,5,1265,78.7,4285,31.0,1785,20.8,47.7,10.2,57.900000000000006,3.552713678800501e-15,4.179999996267725e-05,1.9999970390927047e-07,0.47259870000016235
method-067,7,Random,OriginalOrder,20,5,1265,67.9,310,41.0,2122,24.0,26.900000000000006,17.0,43.900000000000006,0.0,4.259999968780903e-05,6.999998731771484e-07,0.49953020000066317
method-067,8,Random,OriginalOrder,20,5,1265,93.6,1265,93.6,2368,13.3,0.0,80.3,80.3,0.0,5.599999985861359e-05,3.9999940781854093e-07,0.41888100000051054
method-067,9,Random,OriginalOrder,20,5,1265,77.4,310,51.6,2146,13.1,25.800000000000004,38.5,64.30000000000001,7.105427357601002e-15,4.290000015316764e-05,2.999995558639057e-07,0.47191709999970044
method-067,10,Random,OriginalOrder,20,5,1265,89.5,8264,25.0,58,5.6,64.5,19.4,83.9,7.105427357601002e-15,4.309999985707691e-05,3.9999940781854093e-07,0.5419481999997515
method-068,1,Random,MarginalGainPredictor,20,5,1265,84.4,5753,47.3,985,29.2,37.10000000000001,18.099999999999998,55.2,-3.552713678800501e-15,4.920000083075138e-05,0.00038829999994050013,0.3970380999999179
method-068,2,Random,MarginalGainPredictor,20,5,1265,93.4,410,49.8,410,49.8,43.60000000000001,0.0,43.60000000000001,0.0,5.4400000408350024e-05,0.00045620000037160935,0.5085167999995974
method-068,3,Random,MarginalGainPredictor,20,5,1265,93.2,1140,34.5,1423,18.8,58.7,15.7,74.4,3.552713678800501e-15,4.2100000428035855e-05,0.0005854000000908854,0.44973729999946954
method-068,4,Random,MarginalGainPredictor,20,5,1265,78.7,1265,78.7,1265,78.7,0.0,0.0,0.0,0.0,4.749999970954377e-05,0.0006294000004345435,0.41822809999939636
method-068,5,Random,MarginalGainPredictor,20,5,228,56.1,9070,34.8,1277,0.0,21.300000000000004,34.8,56.1,0.0,4.2099999518541154e-05,0.0006190000003698515,0.3313346000004458
method-068,6,Random,MarginalGainPredictor,20,5,228,49.6,4172,16.6,679,14.1,33.0,2.5000000000000018,35.5,-1.7763568394002505e-15,4.0800000533636194e-05,0.0005451999995784718,0.43236030000025494
method-068,7,Random,MarginalGainPredictor,20,5,228,50.0,228,50.0,1807,45.0,0.0,5.0,5.0,0.0,4.189999981463188e-05,0.001223299999765004,0.4763215000002674
method-068,8,Random,MarginalGainPredictor,20,5,228,54.5,2122,28.8,1249,15.3,25.7,13.5,39.2,3.552713678800501e-15,5.210000017541461e-05,0.0012446999999156105,0.40348829999948066
method-068,9,Random,MarginalGainPredictor,20,5,228,64.5,2021,40.1,2216,32.5,24.4,7.600000000000001,32.0,0.0,4.270000044925837e-05,0.0012624000000869273,0.4822455000003174
method-068,10,Random,MarginalGainPredictor,20,5,228,56.0,5753,46.0,5753,46.0,10.0,0.0,10.0,0.0,5.8399999943503644e-05,0.0016981999997369712,0.6399191000000428
method-069,1,Random,OriginalOrder,50,5,1265,84.4,1277,84.4,985,29.2,0.0,55.2,55.2,0.0,4.920000083075138e-05,1.9999970390927047e-07,0.3970380999999179
method-069,2,Random,OriginalOrder,50,5,1265,93.4,410,49.8,2442,21.0,43.60000000000001,28.799999999999997,72.4,0.0,5.4400000408350024e-05,1.9999970390927047e-07,0.5085167999995974
method-069,3,Random,OriginalOrder,50,5,1265,96.8,3519,55.5,2717,24.5,41.3,31.0,72.3,0.0,4.259999968780903e-05,2.0000061340397224e-07,0.40964440000061586
method-069,4,Random,OriginalOrder,50,5,1265,80.6,3519,49.6,4758,13.7,30.999999999999993,35.900000000000006,66.89999999999999,-7.105427357601002e-15,4.2800000301213004e-05,2.0000061340397224e-07,0.48012370000014926
method-069,5,Random,OriginalOrder,50,5,1265,101.3,1265,101.3,7993,6.3,0.0,95.0,95.0,0.0,4.1599999349273276e-05,1.9999970390927047e-07,0.48234080000020185
method-069,6,Random,OriginalOrder,50,5,1265,78.7,4285,31.0,1785,20.8,47.7,10.2,57.900000000000006,3.552713678800501e-15,4.179999996267725e-05,1.9999970390927047e-07,0.47259870000016235
method-069,7,Random,OriginalOrder,50,5,1265,67.9,228,50.0,2122,24.0,17.900000000000006,26.0,43.900000000000006,0.0,4.259999968780903e-05,1.9999970390927047e-07,0.49953020000066317
method-069,8,Random,OriginalOrder,50,5,1265,93.6,1265,93.6,2368,13.3,0.0,80.3,80.3,0.0,5.599999985861359e-05,2.0000061340397224e-07,0.41888100000051054
method-069,9,Random,OriginalOrder,50,5,1265,77.4,1265,77.4,2146,13.1,0.0,64.30000000000001,64.30000000000001,0.0,4.290000015316764e-05,1.9999970390927047e-07,0.47191709999970044
method-069,10,Random,OriginalOrder,50,5,1265,89.5,2216,31.6,58,5.6,57.9,26.0,83.9,7.105427357601002e-15,4.309999985707691e-05,4.000003173132427e-07,0.5419481999997515
method-070,1,Random,MarginalGainPredictor,50,5,1265,84.4,1277,84.4,410,46.9,0.0,37.50000000000001,37.50000000000001,0.0,4.920000083075138e-05,0.0004334999994171085,0.3970380999999179
method-070,2,Random,MarginalGainPredictor,50,5,1265,93.5,1265,93.5,1265,93.5,0.0,0.0,0.0,0.0,4.2499999835854396e-05,0.0012075000004188041,0.3969394000005195
method-070,3,Random,MarginalGainPredictor,50,5,228,56.1,228,56.1,310,45.0,0.0,11.100000000000001,11.100000000000001,0.0,4.600000011123484e-05,0.0012758000002577319,0.3949493000000075
method-070,4,Random,MarginalGainPredictor,50,5,228,46.2,985,33.6,985,33.6,12.600000000000001,0.0,12.600000000000001,0.0,4.769999941345304e-05,0.0013085000000501168,0.40394629999991594
method-070,5,Random,MarginalGainPredictor,50,5,228,56.1,228,56.1,1277,0.0,0.0,56.1,56.1,0.0,4.140000055485871e-05,0.0014830999998594052,0.47648189999927126
method-070,6,Random,MarginalGainPredictor,50,5,228,49.6,658,30.2,6314,13.7,19.400000000000002,16.5,35.900000000000006,3.552713678800501e-15,4.1199999941454735e-05,0.0012425999993865844,0.3997111999997287
method-070,7,Random,MarginalGainPredictor,50,5,228,50.0,228,50.0,1807,44.6,0.0,5.399999999999999,5.399999999999999,0.0,4.1900000724126585e-05,0.0012505999993663863,0.4171734000001379
method-070,8,Random,MarginalGainPredictor,50,5,228,54.2,228,54.2,1249,15.3,0.0,38.900000000000006,38.900000000000006,0.0,4.269999953976367e-05,0.0013395000005402835,0.4812149999997928
method-070,9,Random,MarginalGainPredictor,50,5,228,64.3,2021,39.2,916,10.3,25.099999999999994,28.900000000000002,54.0,3.552713678800501e-15,4.270000044925837e-05,0.0012749000006806455,0.4895812999993723
method-070,10,Random,MarginalGainPredictor,50,5,228,55.5,5753,44.7,1352,13.2,10.799999999999997,31.500000000000004,42.3,-3.552713678800501e-15,4.040000021632295e-05,0.001507599999968079,0.4827837000002546
method-071,1,Random,OriginalOrder,100,5,1265,84.4,1277,84.4,985,29.2,0.0,55.2,55.2,0.0,4.920000083075138e-05,9.999985195463523e-08,0.3970380999999179
method-071,2,Random,OriginalOrder,100,5,1265,93.4,1277,93.4,2442,21.0,0.0,72.4,72.4,0.0,5.4400000408350024e-05,4.999992597731762e-07,0.5085167999995974
method-071,3,Random,OriginalOrder,100,5,1265,96.8,1265,96.8,2717,24.5,0.0,72.3,72.3,0.0,4.259999968780903e-05,2.999995558639057e-07,0.40964440000061586
method-071,4,Random,OriginalOrder,100,5,1265,80.6,3519,49.6,4758,13.7,30.999999999999993,35.900000000000006,66.89999999999999,-7.105427357601002e-15,4.2800000301213004e-05,1.9999970390927047e-07,0.48012370000014926
method-071,5,Random,OriginalOrder,100,5,1265,101.3,1265,101.3,7993,6.3,0.0,95.0,95.0,0.0,4.1599999349273276e-05,3.9999940781854093e-07,0.48234080000020185
method-071,6,Random,OriginalOrder,100,5,1265,78.7,410,40.4,1785,20.8,38.300000000000004,19.599999999999998,57.900000000000006,3.552713678800501e-15,4.179999996267725e-05,1.9999970390927047e-07,0.47259870000016235
method-071,7,Random,OriginalOrder,100,5,1265,67.9,228,50.0,2122,24.0,17.900000000000006,26.0,43.900000000000006,0.0,4.259999968780903e-05,1.9999970390927047e-07,0.49953020000066317
method-071,8,Random,OriginalOrder,100,5,1265,93.6,1265,93.6,2368,13.3,0.0,80.3,80.3,0.0,5.599999985861359e-05,1.9999970390927047e-07,0.41888100000051054
method-071,9,Random,OriginalOrder,100,5,1265,77.4,1265,77.4,2146,13.1,0.0,64.30000000000001,64.30000000000001,0.0,4.290000015316764e-05,2.999995558639057e-07,0.47191709999970044
method-071,10,Random,OriginalOrder,100,5,1265,89.5,1265,89.5,58,5.6,0.0,83.9,83.9,0.0,4.309999985707691e-05,1.9999970390927047e-07,0.5419481999997515
method-072,1,Random,MarginalGainPredictor,100,5,1265,84.4,1277,84.4,410,46.9,0.0,37.50000000000001,37.50000000000001,0.0,4.920000083075138e-05,0.0004971999996996601,0.3970380999999179
method-072,2,Random,MarginalGainPredictor,100,5,1265,93.5,1265,93.5,1265,93.5,0.0,0.0,0.0,0.0,4.2499999835854396e-05,0.0007099000004018308,0.3969394000005195
method-072,3,Random,MarginalGainPredictor,100,5,228,56.1,228,56.1,310,45.0,0.0,11.100000000000001,11.100000000000001,0.0,4.600000011123484e-05,0.0006794999999328866,0.3949493000000075
method-072,4,Random,MarginalGainPredictor,100,5,228,46.2,228,46.2,985,33.6,0.0,12.600000000000001,12.600000000000001,0.0,4.769999941345304e-05,0.0007661999998163083,0.40394629999991594
method-072,5,Random,MarginalGainPredictor,100,5,228,56.1,228,56.1,1277,0.0,0.0,56.1,56.1,0.0,4.140000055485871e-05,0.0007183999996414059,0.47648189999927126
method-072,6,Random,MarginalGainPredictor,100,5,228,49.6,3519,46.5,916,20.9,3.1000000000000014,25.6,28.700000000000003,0.0,4.1199999941454735e-05,0.0007666999999855761,0.3997111999997287
method-072,7,Random,MarginalGainPredictor,100,5,228,50.0,228,50.0,1807,35.6,0.0,14.399999999999999,14.399999999999999,0.0,4.2300000131945126e-05,0.0013650000000779983,0.494681700000001
method-072,8,Random,MarginalGainPredictor,100,5,228,54.2,7123,37.7,2216,29.6,16.5,8.100000000000001,24.6,0.0,4.87000006614835e-05,0.0013509999998859712,0.4159641999995074
method-072,9,Random,MarginalGainPredictor,100,5,228,64.3,228,64.3,1816,0.0,0.0,64.3,64.3,0.0,4.270000044925837e-05,0.0013140999999450287,0.3959882999997717
method-072,10,Random,MarginalGainPredictor,100,5,228,55.5,5753,45.4,820,16.5,10.100000000000001,28.9,39.0,0.0,4.9199999921256676e-05,0.0015937000007397728,0.5505966000000626
method-073,1,Random,OriginalOrder,10,6,1265,84.4,5454,24.3,5454,24.3,60.10000000000001,0.0,60.10000000000001,0.0,4.9700000090524554e-05,9.999985195463523e-08,0.3970380999999179
method-073,2,Random,OriginalOrder,10,6,1265,89.3,618,28.2,597,12.7,61.099999999999994,15.5,76.6,0.0,4.4299999899521936e-05,1.9999970390927047e-07,0.48736430000008113
method-073,3,Random,OriginalOrder,10,6,1265,96.6,228,56.3,802,5.9,40.3,50.4,90.69999999999999,-7.105427357601002e-15,5.0999999984924216e-05,1.9999970390927047e-07,0.46772190000046976
method-073,4,Random,OriginalOrder,10,6,1265,78.2,1277,78.2,7123,24.5,0.0,53.7,53.7,0.0,4.27999993917183e-05,9.999985195463523e-08,0.4811027000005197
method-073,5,Random,OriginalOrder,10,6,1265,102.8,2216,31.8,2272,13.2,71.0,18.6,89.6,-7.105427357601002e-15,4.650000028050272e-05,1.9999970390927047e-07,0.5007834000007279
method-073,6,Random,OriginalOrder,10,6,1265,75.1,1807,43.7,12382,4.1,31.39999999999999,39.6,71.0,7.105427357601002e-15,5.200000032345997e-05,1.9999970390927047e-07,0.4766781999996965
method-073,7,Random,OriginalOrder,10,6,1265,67.9,1816,31.0,1816,31.0,36.900000000000006,0.0,36.900000000000006,0.0,4.189999981463188e-05,9.999985195463523e-08,0.3927771999997276
method-073,8,Random,OriginalOrder,10,6,1265,87.9,547,19.3,3700,16.6,68.60000000000001,2.6999999999999993,71.30000000000001,3.552713678800501e-15,4.819999958272092e-05,3.9999940781854093e-07,0.5028791000004276
method-073,9,Random,OriginalOrder,10,6,1265,72.9,228,64.5,228,64.5,8.400000000000006,0.0,8.400000000000006,0.0,4.1000000237545464e-05,2.0000061340397224e-07,0.4802825999995548
method-073,10,Random,OriginalOrder,10,6,1265,89.1,2477,23.0,2477,23.0,66.1,0.0,66.1,0.0,4.340000032243552e-05,9.999985195463523e-08,0.3988611000004312
method-074,1,Random,MarginalGainPredictor,10,6,1265,84.4,5454,24.3,1255,10.2,60.10000000000001,14.100000000000001,74.2,-7.105427357601002e-15,4.9700000090524554e-05,0.0003806000004260568,0.3970380999999179
method-074,2,Random,MarginalGainPredictor,10,6,1265,89.2,9070,24.3,9070,24.3,64.9,0.0,64.9,0.0,5.830000009154901e-05,0.0016476999999213149,0.32857140000032814
method-074,3,Random,MarginalGainPredictor,10,6,1265,94.2,7995,27.0,7995,27.0,67.2,0.0,67.2,0.0,4.160000025876798e-05,0.001223599999320868,0.42717129999982717
method-074,4,Random,MarginalGainPredictor,10,6,1265,77.5,1140,25.8,3916,21.3,51.7,4.5,56.2,0.0,4.1900000724126585e-05,0.0012035999998261104,0.3267017999996824
method-074,5,Random,MarginalGainPredictor,10,6,1265,100.8,650,13.2,699,11.3,87.6,1.8999999999999986,89.5,7.105427357601002e-15,5.090000013296958e-05,0.0012391999998726533,0.34268859999974666
method-074,6,Random,MarginalGainPredictor,10,6,1265,74.8,1807,42.5,1807,42.5,32.3,0.0,32.3,0.0,4.179999996267725e-05,0.0012270999995962484,0.32587019999937183
method-074,7,Random,MarginalGainPredictor,10,6,1265,65.1,5753,32.4,3078,18.8,32.699999999999996,13.599999999999998,46.3,3.552713678800501e-15,5.899999996472616e-05,0.0012337999996816507,0.4269960000001447
method-074,8,Random,MarginalGainPredictor,10,6,1265,88.9,647,39.6,1249,17.7,49.300000000000004,21.900000000000002,71.2,-3.552713678800501e-15,5.890000011277152e-05,0.0012120999999751803,0.4263565000001108
method-074,9,Random,MarginalGainPredictor,10,6,1265,71.4,1352,26.4,1352,26.4,45.00000000000001,0.0,45.00000000000001,0.0,5.609999971056823e-05,0.0012153999996371567,0.3450019000001703
method-074,10,Random,MarginalGainPredictor,10,6,1265,76.8,7123,27.8,181,24.2,49.0,3.6000000000000014,52.599999999999994,-7.105427357601002e-15,4.069999977218686e-05,0.0012412999994921847,0.4503370000002178
method-075,1,Random,OriginalOrder,20,6,1265,84.4,5454,24.3,5454,24.3,60.10000000000001,0.0,60.10000000000001,0.0,4.9700000090524554e-05,1.9999970390927047e-07,0.3970380999999179
method-075,2,Random,OriginalOrder,20,6,1265,89.3,618,28.2,597,12.7,61.099999999999994,15.5,76.6,0.0,4.4299999899521936e-05,3.9999940781854093e-07,0.48736430000008113
method-075,3,Random,OriginalOrder,20,6,1265,96.6,228,56.3,802,5.9,40.3,50.4,90.69999999999999,-7.105427357601002e-15,5.0999999984924216e-05,3.9999940781854093e-07,0.46772190000046976
method-075,4,Random,OriginalOrder,20,6,1265,78.2,1277,78.2,7123,24.5,0.0,53.7,53.7,0.0,4.27999993917183e-05,4.000003173132427e-07,0.4811027000005197
method-075,5,Random,OriginalOrder,20,6,1265,102.8,2216,31.8,2272,13.2,71.0,18.6,89.6,-7.105427357601002e-15,4.650000028050272e-05,1.9999970390927047e-07,0.5007834000007279
method-075,6,Random,OriginalOrder,20,6,1265,75.1,1807,43.7,12382,4.1,31.39999999999999,39.6,71.0,7.105427357601002e-15,5.200000032345997e-05,2.999995558639057e-07,0.4766781999996965
method-075,7,Random,OriginalOrder,20,6,1265,67.9,1807,44.0,1816,31.0,23.900000000000006,13.0,36.900000000000006,0.0,4.189999981463188e-05,1.9999970390927047e-07,0.3927771999997276
method-075,8,Random,OriginalOrder,20,6,1265,87.9,1920,29.1,3700,16.6,58.800000000000004,12.5,71.30000000000001,7.105427357601002e-15,4.819999958272092e-05,3.0000046535860747e-07,0.5028791000004276
method-075,9,Random,OriginalOrder,20,6,1265,72.9,228,64.5,228,64.5,8.400000000000006,0.0,8.400000000000006,0.0,4.1000000237545464e-05,3.0000046535860747e-07,0.4802825999995548
method-075,10,Random,OriginalOrder,20,6,1265,89.1,1265,89.1,2477,23.0,0.0,66.1,66.1,0.0,4.340000032243552e-05,4.000003173132427e-07,0.3988611000004312
method-076,1,Random,MarginalGainPredictor,20,6,1265,84.4,5454,24.3,820,20.1,60.10000000000001,4.199999999999999,64.30000000000001,3.552713678800501e-15,4.9700000090524554e-05,0.00039909999941301066,0.3970380999999179
method-076,2,Random,MarginalGainPredictor,20,6,1265,93.3,618,28.0,1816,16.5,65.3,11.5,76.8,0.0,4.360000002634479e-05,0.0012085999996997998,0.4809763000002931
method-076,3,Random,MarginalGainPredictor,20,6,1265,90.9,1277,90.9,1277,90.9,0.0,0.0,0.0,0.0,4.11000000895001e-05,0.0011998999998468207,0.39095760000054725
method-076,4,Random,MarginalGainPredictor,20,6,410,49.1,9070,30.8,9070,30.8,18.3,0.0,18.3,0.0,4.9199999921256676e-05,0.001227600000675011,0.48283940000055736
method-076,5,Random,MarginalGainPredictor,20,6,228,56.2,4938,14.5,1255,8.6,41.7,5.9,47.6,-1.7763568394002505e-15,5.020000025979243e-05,0.0012655999998969492,0.4920910000000731
method-076,6,Random,MarginalGainPredictor,20,6,228,49.5,3519,45.1,1807,12.8,4.399999999999999,32.3,36.7,7.105427357601002e-15,4.2499999835854396e-05,0.0012917000003653811,0.48447140000007494
method-076,7,Random,MarginalGainPredictor,20,6,228,50.0,2122,23.6,3078,18.8,26.4,4.800000000000001,31.2,0.0,4.569999964587623e-05,0.0012993999998798245,0.49389760000030947
method-076,8,Random,MarginalGainPredictor,20,6,228,54.8,647,36.4,1249,15.3,18.4,21.099999999999998,39.5,3.552713678800501e-15,4.140000055485871e-05,0.0014406999998755055,0.3970249000003605
method-076,9,Random,MarginalGainPredictor,20,6,228,64.1,1352,26.7,7995,15.8,37.39999999999999,10.899999999999999,48.3,7.105427357601002e-15,4.160000025876798e-05,0.0012599000001500826,0.5172791999993933
method-076,10,Random,MarginalGainPredictor,20,6,228,56.0,2216,31.6,1265,0.0,24.4,31.6,56.0,0.0,4.189999981463188e-05,0.001285400000597292,0.43633520000003045
method-077,1,Random,OriginalOrder,50,6,1265,84.4,228,56.7,5454,24.3,27.700000000000003,32.400000000000006,60.10000000000001,0.0,4.9700000090524554e-05,1.9999970390927047e-07,0.3970380999999179
method-077,2,Random,OriginalOrder,50,6,1265,89.3,410,49.4,597,12.7,39.9,36.7,76.6,-7.105427357601002e-15,4.4299999899521936e-05,2.999995558639057e-07,0.48736430000008113
method-077,3,Random,OriginalOrder,50,6,1265,96.6,228,56.3,802,5.9,40.3,50.4,90.69999999999999,-7.105427357601002e-15,5.0999999984924216e-05,2.999995558639057e-07,0.46772190000046976
method-077,4,Random,OriginalOrder,50,6,1265,78.2,1277,78.2,7123,24.5,0.0,53.7,53.7,0.0,4.27999993917183e-05,3.9999940781854093e-07,0.4811027000005197
method-077,5,Random,OriginalOrder,50,6,1265,102.8,228,56.4,2272,13.2,46.4,43.2,89.6,-7.105427357601002e-15,4.650000028050272e-05,3.0000046535860747e-07,0.5007834000007279
method-077,6,Random,OriginalOrder,50,6,1265,75.1,1807,43.7,12382,4.1,31.39999999999999,39.6,71.0,7.105427357601002e-15,5.200000032345997e-05,3.0000046535860747e-07,0.4766781999996965
method-077,7,Random,OriginalOrder,50,6,1265,67.9,1807,44.0,1816,31.0,23.900000000000006,13.0,36.900000000000006,0.0,4.189999981463188e-05,1.9999970390927047e-07,0.3927771999997276
method-077,8,Random,OriginalOrder,50,6,1265,87.9,228,54.7,3700,16.6,33.2,38.1,71.30000000000001,7.105427357601002e-15,4.819999958272092e-05,3.9999940781854093e-07,0.5028791000004276
method-077,9,Random,OriginalOrder,50,6,1265,72.9,228,64.5,228,64.5,8.400000000000006,0.0,8.400000000000006,0.0,4.1000000237545464e-05,3.0000046535860747e-07,0.4802825999995548
method-077,10,Random,OriginalOrder,50,6,1265,89.1,1265,89.1,2477,23.0,0.0,66.1,66.1,0.0,4.340000032243552e-05,1.9999970390927047e-07,0.3988611000004312
method-078,1,Random,MarginalGainPredictor,50,6,1265,84.4,228,56.7,410,46.9,27.700000000000003,9.800000000000004,37.50000000000001,0.0,4.9700000090524554e-05,0.000559800000701216,0.3970380999999179
method-078,2,Random,MarginalGainPredictor,50,6,1265,93.5,1265,93.5,1265,93.5,0.0,0.0,0.0,0.0,5.3499999921768904e-05,0.0005918000006204238,0.3969394000005195
method-078,3,Random,MarginalGainPredictor,50,6,228,56.1,228,56.1,310,45.0,0.0,11.100000000000001,11.100000000000001,0.0,5.210000017541461e-05,0.0006843999999546213,0.3949493000000075
method-078,4,Random,MarginalGainPredictor,50,6,228,46.2,5753,39.1,916,25.4,7.100000000000001,13.700000000000003,20.800000000000004,0.0,5.230000078881858e-05,0.0006582000005437294,0.40394629999991594
method-078,5,Random,MarginalGainPredictor,50,6,228,56.1,3519,40.4,820,21.0,15.700000000000003,19.4,35.1,0.0,4.749999970954377e-05,0.0013108000002830522,0.40171529999952327
method-078,6,Random,MarginalGainPredictor,50,6,228,49.6,985,34.8,985,34.8,14.800000000000004,0.0,14.800000000000004,0.0,5.069999951956561e-05,0.001277900000786758,0.4912536000001637
method-078,7,Random,MarginalGainPredictor,50,6,228,50.0,2122,30.0,1277,0.0,20.0,30.0,50.0,0.0,4.290000015316764e-05,0.0014536999997289968,0.4009015999999974
method-078,8,Random,MarginalGainPredictor,50,6,228,54.4,1807,36.1,1807,36.1,18.299999999999997,0.0,18.299999999999997,0.0,4.1399999645364005e-05,0.0011902999995072605,0.4861286999994263
method-078,9,Random,MarginalGainPredictor,50,6,228,64.3,3519,60.5,1255,8.2,3.799999999999997,52.3,56.099999999999994,0.0,4.11000000895001e-05,0.0012270000006537884,0.5101979000000938
method-078,10,Random,MarginalGainPredictor,50,6,228,55.5,7123,28.2,7995,14.7,27.3,13.5,40.8,-3.552713678800501e-15,4.170000011072261e-05,0.0012648000001718174,0.4997197000002416
method-079,1,Random,OriginalOrder,100,6,1265,84.4,1277,84.4,5454,24.3,0.0,60.10000000000001,60.10000000000001,0.0,4.9700000090524554e-05,1.9999970390927047e-07,0.3970380999999179
method-079,2,Random,OriginalOrder,100,6,1265,89.3,1277,89.3,597,12.7,0.0,76.6,76.6,0.0,4.4299999899521936e-05,2.0000061340397224e-07,0.48736430000008113
method-079,3,Random,OriginalOrder,100,6,1265,96.6,228,56.3,802,5.9,40.3,50.4,90.69999999999999,-7.105427357601002e-15,5.0999999984924216e-05,2.0000061340397224e-07,0.46772190000046976
method-079,4,Random,OriginalOrder,100,6,1265,78.2,1265,78.2,7123,24.5,0.0,53.7,53.7,0.0,4.27999993917183e-05,2.0000061340397224e-07,0.4811027000005197
method-079,5,Random,OriginalOrder,100,6,1265,102.8,1277,102.8,2272,13.2,0.0,89.6,89.6,0.0,4.650000028050272e-05,5.000001692678779e-07,0.5007834000007279
method-079,6,Random,OriginalOrder,100,6,1265,75.1,1277,75.1,12382,4.1,0.0,71.0,71.0,0.0,5.200000032345997e-05,6.000000212225132e-07,0.4766781999996965
method-079,7,Random,OriginalOrder,100,6,1265,67.9,1265,67.9,1816,31.0,0.0,36.900000000000006,36.900000000000006,0.0,4.189999981463188e-05,2.999995558639057e-07,0.3927771999997276
method-079,8,Random,OriginalOrder,100,6,1265,87.9,228,54.7,3700,16.6,33.2,38.1,71.30000000000001,7.105427357601002e-15,4.819999958272092e-05,3.0000046535860747e-07,0.5028791000004276
method-079,9,Random,OriginalOrder,100,6,1265,72.9,228,64.5,228,64.5,8.400000000000006,0.0,8.400000000000006,0.0,4.1000000237545464e-05,2.0000061340397224e-07,0.4802825999995548
method-079,10,Random,OriginalOrder,100,6,1265,89.1,1265,89.1,2477,23.0,0.0,66.1,66.1,0.0,4.340000032243552e-05,2.999995558639057e-07,0.3988611000004312
method-080,1,Random,MarginalGainPredictor,100,6,1265,84.4,1277,84.4,410,46.9,0.0,37.50000000000001,37.50000000000001,0.0,4.9700000090524554e-05,0.0007268999997904757,0.3970380999999179
method-080,2,Random,MarginalGainPredictor,100,6,1265,93.5,1265,93.5,1265,93.5,0.0,0.0,0.0,0.0,5.3499999921768904e-05,0.0005769999997937703,0.3969394000005195
method-080,3,Random,MarginalGainPredictor,100,6,228,56.1,228,56.1,310,45.0,0.0,11.100000000000001,11.100000000000001,0.0,5.210000017541461e-05,0.0006798000003982452,0.3949493000000075
method-080,4,Random,MarginalGainPredictor,100,6,228,46.2,5753,39.1,2216,28.4,7.100000000000001,10.700000000000003,17.800000000000004,0.0,5.230000078881858e-05,0.0006616999999096151,0.40394629999991594
method-080,5,Random,MarginalGainPredictor,100,6,228,56.1,3519,41.7,1807,34.7,14.399999999999999,7.0,21.4,0.0,4.6799999836366624e-05,0.001309199999923294,0.4730924999994386
method-080,6,Random,MarginalGainPredictor,100,6,228,49.6,892,44.8,1277,0.0,4.800000000000004,44.8,49.6,0.0,5.1199999688833486e-05,0.0013034000003244728,0.3825731999995696
method-080,7,Random,MarginalGainPredictor,100,6,228,50.1,3519,45.9,985,32.2,4.200000000000003,13.699999999999996,17.9,0.0,4.27999993917183e-05,0.0013298000003487687,0.4824421000002985
method-080,8,Random,MarginalGainPredictor,100,6,228,54.2,228,54.2,7995,13.1,0.0,41.1,41.1,0.0,4.170000011072261e-05,0.001288600000407314,0.3759251999999833
method-080,9,Random,MarginalGainPredictor,100,6,228,64.3,3519,60.6,1816,0.0,3.6999999999999957,60.6,64.3,0.0,5.6799999583745375e-05,0.0014523999998345971,0.564453400000275
method-080,10,Random,MarginalGainPredictor,100,6,228,55.5,3519,34.9,820,16.5,20.6,18.4,39.0,0.0,4.170000011072261e-05,0.0013120000003254972,0.4735668999992413
method-081,1,Random,OriginalOrder,10,7,1265,84.4,5753,47.3,189,12.8,37.10000000000001,34.5,71.60000000000001,0.0,5.020000025979243e-05,1.00000761449337e-07,0.3970380999999179
method-081,2,Random,OriginalOrder,10,7,1265,93.5,3078,19.7,2854,9.7,73.8,10.0,83.8,0.0,5.690000034519471e-05,1.9999970390927047e-07,0.4581092999997054
method-081,3,Random,OriginalOrder,10,7,1265,97.0,2216,30.5,2216,30.5,66.5,0.0,66.5,0.0,4.1199999941454735e-05,1.9999970390927047e-07,0.47444350000023405
method-081,4,Random,OriginalOrder,10,7,1265,79.1,2477,25.0,2455,12.6,54.099999999999994,12.4,66.5,5.329070518200751e-15,4.290000015316764e-05,1.00000761449337e-07,0.48507319999953324
method-081,5,Random,OriginalOrder,10,7,1265,102.6,1265,102.6,595,7.6,0.0,95.0,95.0,0.0,4.0800000533636194e-05,1.9999970390927047e-07,0.48218290000022535
method-081,6,Random,OriginalOrder,10,7,1265,77.4,1140,27.2,12380,5.5,50.2,21.7,71.9,3.552713678800501e-15,4.2800000301213004e-05,2.0000061340397224e-07,0.5074504000003799
method-081,7,Random,OriginalOrder,10,7,1265,67.3,310,40.3,193,9.1,27.0,31.199999999999996,58.199999999999996,0.0,4.189999981463188e-05,2.0000061340397224e-07,0.4115647999997236
method-081,8,Random,OriginalOrder,10,7,1265,91.7,647,38.2,3916,25.8,53.5,12.400000000000002,65.9,3.552713678800501e-15,5.6400000175926834e-05,1.9999970390927047e-07,0.4847164000002522
method-081,9,Random,OriginalOrder,10,7,1265,74.6,1807,41.8,2717,15.9,32.8,25.9,58.699999999999996,0.0,4.4499999603431206e-05,2.0000061340397224e-07,0.5621690999996645
method-081,10,Random,OriginalOrder,10,7,1265,89.8,5454,19.4,11247,2.8,70.4,16.599999999999998,87.0,-3.552713678800501e-15,4.1000000237545464e-05,1.9999970390927047e-07,0.5013818999996147
method-082,1,Random,MarginalGainPredictor,10,7,1265,84.4,5753,47.3,410,46.9,37.10000000000001,0.3999999999999986,37.50000000000001,0.0,5.020000025979243e-05,0.0004214000000501983,0.3970380999999179
method-082,2,Random,MarginalGainPredictor,10,7,1265,93.5,1140,23.4,597,13.1,70.1,10.299999999999999,80.4,1.2434497875801753e-14,5.019999935029773e-05,0.0014345999998113257,0.3969394000005195
method-082,3,Random,MarginalGainPredictor,10,7,1265,93.4,181,26.7,1352,13.7,66.7,13.0,79.7,0.0,4.1000000237545464e-05,0.0012731999995594379,0.32392580000032467
method-082,4,Random,MarginalGainPredictor,10,7,1265,80.5,647,32.4,1920,30.6,48.1,1.7999999999999972,49.9,0.0,4.200000057608122e-05,0.001234699999258737,0.33340559999942343
method-082,5,Random,MarginalGainPredictor,10,7,1265,97.6,830,27.8,98,19.2,69.8,8.600000000000001,78.39999999999999,-7.105427357601002e-15,5.650000002788147e-05,0.0012462000004234142,0.32844269999986864
method-082,6,Random,MarginalGainPredictor,10,7,1265,74.7,4285,30.8,1816,30.6,43.900000000000006,0.1999999999999993,44.1,-3.552713678800501e-15,4.2099999518541154e-05,0.001214599999912025,0.32336639999994077
method-082,7,Random,MarginalGainPredictor,10,7,1265,65.0,2216,37.7,2216,37.7,27.299999999999997,0.0,27.299999999999997,0.0,4.0800000533636194e-05,0.0012018999996143975,0.41782789999979286
method-082,8,Random,MarginalGainPredictor,10,7,1265,90.0,310,33.2,310,33.2,56.8,0.0,56.8,0.0,4.140000055485871e-05,0.0012722000001303968,0.3344022999999652
method-082,9,Random,MarginalGainPredictor,10,7,1265,72.1,4934,19.6,4934,19.6,52.49999999999999,0.0,52.49999999999999,0.0,4.290000015316764e-05,0.0012415000001055887,0.38047980000010284
method-082,10,Random,MarginalGainPredictor,10,7,1265,86.2,2122,26.8,1439,21.6,59.400000000000006,5.199999999999999,64.6,-1.0658141036401503e-14,4.0800000533636194e-05,0.0016381999994337093,0.4404954000001453
method-083,1,Random,OriginalOrder,20,7,1265,84.4,5753,47.3,189,12.8,37.10000000000001,34.5,71.60000000000001,0.0,5.020000025979243e-05,1.9999970390927047e-07,0.3970380999999179
method-083,2,Random,OriginalOrder,20,7,1265,93.5,1265,93.5,2854,9.7,0.0,83.8,83.8,0.0,5.690000034519471e-05,2.999995558639057e-07,0.4581092999997054
method-083,3,Random,OriginalOrder,20,7,1265,97.0,2216,30.5,2216,30.5,66.5,0.0,66.5,0.0,4.1199999941454735e-05,3.0000046535860747e-07,0.47444350000023405
method-083,4,Random,OriginalOrder,20,7,1265,79.1,228,46.8,2455,12.6,32.3,34.199999999999996,66.5,7.105427357601002e-15,4.290000015316764e-05,3.0000046535860747e-07,0.48507319999953324
method-083,5,Random,OriginalOrder,20,7,1265,102.6,1265,102.6,595,7.6,0.0,95.0,95.0,0.0,4.0800000533636194e-05,3.0000046535860747e-07,0.48218290000022535
method-083,6,Random,OriginalOrder,20,7,1265,77.4,2023,32.0,12380,5.5,45.400000000000006,26.5,71.9,0.0,4.2800000301213004e-05,4.999992597731762e-07,0.5074504000003799
method-083,7,Random,OriginalOrder,20,7,1265,67.3,310,40.3,193,9.1,27.0,31.199999999999996,58.199999999999996,0.0,4.189999981463188e-05,4.000003173132427e-07,0.4115647999997236
method-083,8,Random,OriginalOrder,20,7,1265,91.7,7123,42.8,3916,25.8,48.900000000000006,16.999999999999996,65.9,3.552713678800501e-15,5.6400000175926834e-05,2.999995558639057e-07,0.4847164000002522
method-083,9,Random,OriginalOrder,20,7,1265,74.6,1807,41.8,2717,15.9,32.8,25.9,58.699999999999996,0.0,4.4499999603431206e-05,2.0000061340397224e-07,0.5621690999996645
method-083,10,Random,OriginalOrder,20,7,1265,89.8,1816,31.6,11247,2.8,58.199999999999996,28.8,87.0,3.552713678800501e-15,4.1000000237545464e-05,3.0000046535860747e-07,0.5013818999996147
method-084,1,Random,MarginalGainPredictor,20,7,1265,84.4,5753,47.3,410,46.9,37.10000000000001,0.3999999999999986,37.50000000000001,0.0,5.020000025979243e-05,0.0003952999995817663,0.3970380999999179
method-084,2,Random,MarginalGainPredictor,20,7,1265,93.5,618,28.2,916,22.9,65.3,5.300000000000001,70.6,-3.552713678800501e-15,5.019999935029773e-05,0.000633900000138965,0.3969394000005195
method-084,3,Random,MarginalGainPredictor,20,7,1265,84.1,1807,34.9,1807,34.9,49.199999999999996,0.0,49.199999999999996,0.0,4.11000000895001e-05,0.0011818000002676854,0.4724785000007614
method-084,4,Random,MarginalGainPredictor,20,7,1265,71.9,647,32.1,98,20.4,39.800000000000004,11.700000000000003,51.50000000000001,0.0,4.290000015316764e-05,0.0011894999997821287,0.4797346999994261
method-084,5,Random,MarginalGainPredictor,20,7,1265,90.0,310,41.2,310,41.2,48.8,0.0,48.8,0.0,4.9000000217347406e-05,0.0012873000005129143,0.4702917000004163
method-084,6,Random,MarginalGainPredictor,20,7,1265,67.3,2122,30.9,3078,18.3,36.4,12.599999999999998,49.0,3.552713678800501e-15,5.5699999393254984e-05,0.0011941000002479996,0.4848753999995097
method-084,7,Random,MarginalGainPredictor,20,7,1265,64.4,1140,30.5,1352,17.8,33.900000000000006,12.7,46.60000000000001,3.552713678800501e-15,4.759999956149841e-05,0.0012509999996836996,0.40046540000003006
method-084,8,Random,MarginalGainPredictor,20,7,1265,85.5,3519,57.7,820,18.4,27.799999999999997,39.300000000000004,67.1,-7.105427357601002e-15,5.239999973127851e-05,0.001154599999608763,0.48131329999978334
method-084,9,Random,MarginalGainPredictor,20,7,228,64.3,228,64.3,1265,62.6,0.0,1.6999999999999957,1.6999999999999957,0.0,4.27999993917183e-05,0.001266100000066217,0.599211099999593
method-084,10,Random,MarginalGainPredictor,20,7,228,55.4,1439,20.5,7995,14.5,34.9,6.0,40.9,0.0,4.2300000131945126e-05,0.0012650000007852213,0.40640329999951064
method-085,1,Random,OriginalOrder,50,7,1265,84.4,1265,84.4,189,12.8,0.0,71.60000000000001,71.60000000000001,0.0,5.020000025979243e-05,1.9999970390927047e-07,0.3970380999999179
method-085,2,Random,OriginalOrder,50,7,1265,93.5,1265,93.5,2854,9.7,0.0,83.8,83.8,0.0,5.690000034519471e-05,1.9999970390927047e-07,0.4581092999997054
method-085,3,Random,OriginalOrder,50,7,1265,97.0,1265,97.0,2216,30.5,0.0,66.5,66.5,0.0,4.1199999941454735e-05,3.0000046535860747e-07,0.47444350000023405
method-085,4,Random,OriginalOrder,50,7,1265,79.1,228,46.8,2455,12.6,32.3,34.199999999999996,66.5,7.105427357601002e-15,4.290000015316764e-05,3.0000046535860747e-07,0.48507319999953324
method-085,5,Random,OriginalOrder,50,7,1265,102.6,1265,102.6,595,7.6,0.0,95.0,95.0,0.0,4.0800000533636194e-05,4.000003173132427e-07,0.48218290000022535
method-085,6,Random,OriginalOrder,50,7,1265,77.4,1265,77.4,12380,5.5,0.0,71.9,71.9,0.0,4.2800000301213004e-05,4.000003173132427e-07,0.5074504000003799
method-085,7,Random,OriginalOrder,50,7,1265,67.3,310,40.3,193,9.1,27.0,31.199999999999996,58.199999999999996,0.0,4.189999981463188e-05,6.999998731771484e-07,0.4115647999997236
method-085,8,Random,OriginalOrder,50,7,1265,91.7,410,49.1,3916,25.8,42.6,23.3,65.9,3.552713678800501e-15,5.6400000175926834e-05,3.0000046535860747e-07,0.4847164000002522
method-085,9,Random,OriginalOrder,50,7,1265,74.6,1807,41.8,2717,15.9,32.8,25.9,58.699999999999996,0.0,4.4499999603431206e-05,2.999995558639057e-07,0.5621690999996645
method-085,10,Random,OriginalOrder,50,7,1265,89.8,228,56.1,11247,2.8,33.699999999999996,53.300000000000004,87.0,0.0,4.1000000237545464e-05,4.000003173132427e-07,0.5013818999996147
method-086,1,Random,MarginalGainPredictor,50,7,1265,84.4,1265,84.4,1265,84.4,0.0,0.0,0.0,0.0,5.020000025979243e-05,0.00045079999927111203,0.3970380999999179
method-086,2,Random,MarginalGainPredictor,50,7,228,52.6,892,36.5,916,19.9,16.1,16.6,32.7,0.0,5.1199999688833486e-05,0.00047979999999370193,0.4252031000005445
method-086,3,Random,MarginalGainPredictor,50,7,228,56.1,1807,34.7,1807,34.7,21.4,0.0,21.4,0.0,5.379999947763281e-05,0.0011891999993167701,0.5340701000004628
method-086,4,Random,MarginalGainPredictor,50,7,410,49.6,892,31.6,2216,28.4,18.0,3.200000000000003,21.200000000000003,0.0,4.239999998389976e-05,0.001365099999929953,0.40116980000038893
method-086,5,Random,MarginalGainPredictor,50,7,228,56.3,410,44.2,410,44.2,12.099999999999994,0.0,12.099999999999994,0.0,5.579999924520962e-05,0.001196199999867531,0.3941764000001058
method-086,6,Random,MarginalGainPredictor,50,7,228,49.6,2122,30.9,1816,0.0,18.700000000000003,30.9,49.6,0.0,6.160000066302018e-05,0.0012925999999424675,0.4070854000001418
method-086,7,Random,MarginalGainPredictor,50,7,228,50.1,2054,37.7,1277,0.0,12.399999999999999,37.7,50.1,0.0,4.140000055485871e-05,0.0013453999999910593,0.4813758999998754
method-086,8,Random,MarginalGainPredictor,50,7,228,54.5,3519,50.5,985,26.4,4.0,24.1,28.1,0.0,4.089999947609613e-05,0.0012903999995614868,0.4084816000004139
method-086,9,Random,MarginalGainPredictor,50,7,228,64.5,228,64.5,7995,15.7,0.0,48.8,48.8,0.0,6.119999943621224e-05,0.0013293000001795008,0.6413505999998961
method-086,10,Random,MarginalGainPredictor,50,7,228,56.1,228,56.1,310,37.8,0.0,18.300000000000004,18.300000000000004,0.0,5.739999960496789e-05,0.0012212999999974272,0.5029333000002225
method-087,1,Random,OriginalOrder,100,7,1265,84.4,1265,84.4,189,12.8,0.0,71.60000000000001,71.60000000000001,0.0,5.020000025979243e-05,1.9999970390927047e-07,0.3970380999999179
method-087,2,Random,OriginalOrder,100,7,1265,93.5,1265,93.5,2854,9.7,0.0,83.8,83.8,0.0,5.690000034519471e-05,9.999985195463523e-08,0.4581092999997054
method-087,3,Random,OriginalOrder,100,7,1265,97.0,1265,97.0,2216,30.5,0.0,66.5,66.5,0.0,4.1199999941454735e-05,2.0000061340397224e-07,0.47444350000023405
method-087,4,Random,OriginalOrder,100,7,1265,79.1,228,46.8,2455,12.6,32.3,34.199999999999996,66.5,7.105427357601002e-15,4.290000015316764e-05,3.9999940781854093e-07,0.48507319999953324
method-087,5,Random,OriginalOrder,100,7,1265,102.6,1265,102.6,595,7.6,0.0,95.0,95.0,0.0,4.0800000533636194e-05,4.000003173132427e-07,0.48218290000022535
method-087,6,Random,OriginalOrder,100,7,1265,77.4,1265,77.4,12380,5.5,0.0,71.9,71.9,0.0,4.2800000301213004e-05,2.999995558639057e-07,0.5074504000003799
method-087,7,Random,OriginalOrder,100,7,1265,67.3,3519,48.6,193,9.1,18.699999999999996,39.5,58.199999999999996,0.0,4.189999981463188e-05,3.9999940781854093e-07,0.4115647999997236
method-087,8,Random,OriginalOrder,100,7,1265,91.7,3519,57.4,3916,25.8,34.300000000000004,31.599999999999998,65.9,3.552713678800501e-15,5.6400000175926834e-05,2.999995558639057e-07,0.4847164000002522
method-087,9,Random,OriginalOrder,100,7,1265,74.6,1277,74.6,2717,15.9,0.0,58.699999999999996,58.699999999999996,0.0,4.4499999603431206e-05,2.0000061340397224e-07,0.5621690999996645
method-087,10,Random,OriginalOrder,100,7,1265,89.8,1277,89.8,11247,2.8,0.0,87.0,87.0,0.0,4.1000000237545464e-05,2.999995558639057e-07,0.5013818999996147
method-088,1,Random,MarginalGainPredictor,100,7,1265,84.4,1265,84.4,1265,84.4,0.0,0.0,0.0,0.0,5.020000025979243e-05,0.0005168999996385537,0.3970380999999179
method-088,2,Random,MarginalGainPredictor,100,7,228,52.6,228,52.6,410,49.8,0.0,2.8000000000000043,2.8000000000000043,0.0,5.1199999688833486e-05,0.0004716000003099907,0.4252031000005445
method-088,3,Random,MarginalGainPredictor,100,7,228,56.1,228,56.1,1807,37.5,0.0,18.6,18.6,0.0,5.259999943518778e-05,0.0006478000004790374,0.3208223999999973
method-088,4,Random,MarginalGainPredictor,100,7,228,46.2,228,46.2,985,33.7,0.0,12.5,12.5,0.0,5.249999958323315e-05,0.0008342999999513268,0.41042709999965155
method-088,5,Random,MarginalGainPredictor,100,7,228,56.0,310,42.6,310,42.6,13.399999999999999,0.0,13.399999999999999,0.0,4.979999994247919e-05,0.0006341999996948289,0.39362919999985024
method-088,6,Random,MarginalGainPredictor,100,7,228,49.6,3519,43.5,916,14.7,6.100000000000001,28.8,34.900000000000006,3.552713678800501e-15,5.2600000344682485e-05,0.0007706999995207298,0.39408540000022185
method-088,7,Random,MarginalGainPredictor,100,7,228,50.0,228,50.0,2216,37.7,0.0,12.299999999999997,12.299999999999997,0.0,4.11000000895001e-05,0.00134520000028715,0.4055076000004192
method-088,8,Random,MarginalGainPredictor,100,7,228,54.2,228,54.2,820,17.6,0.0,36.6,36.6,0.0,4.079999962414149e-05,0.0013139000002411194,0.4791344000004756
method-088,9,Random,MarginalGainPredictor,100,7,228,64.3,2021,37.4,1277,0.0,26.9,37.4,64.3,0.0,6.190000021888409e-05,0.001415199999428296,0.44526709999991
method-088,10,Random,MarginalGainPredictor,100,7,228,55.5,5753,45.2,1816,0.0,10.299999999999997,45.2,55.5,0.0,4.389999958220869e-05,0.0013944000002084067,0.4133640000000014
method-089,1,Random,OriginalOrder,10,8,1265,84.4,985,29.2,1352,12.4,55.2,16.799999999999997,72.0,0.0,5.019999935029773e-05,1.9999970390927047e-07,0.3970380999999179
method-089,2,Random,OriginalOrder,10,8,1265,92.8,1277,92.8,12375,9.4,0.0,83.39999999999999,83.39999999999999,0.0,4.1199999941454735e-05,1.9999970390927047e-07,0.4804836000002979
method-089,3,Random,OriginalOrder,10,8,1265,95.9,1439,26.2,1580,5.1,69.7,21.1,90.80000000000001,7.105427357601002e-15,4.27999993917183e-05,1.9999970390927047e-07,0.3786504999998215
method-089,4,Random,OriginalOrder,10,8,1265,79.6,5753,41.8,1638,7.3,37.8,34.5,72.3,0.0,4.1599999349273276e-05,1.9999970390927047e-07,0.5046028999995542
method-089,5,Random,OriginalOrder,10,8,1265,106.8,5753,46.0,1140,25.3,60.8,20.7,81.5,3.552713678800501e-15,4.10999991800054e-05,1.9999970390927047e-07,0.47497589999966294
method-089,6,Random,OriginalOrder,10,8,1265,77.5,5753,36.0,5753,36.0,41.5,0.0,41.5,0.0,4.859999990003416e-05,3.0000046535860747e-07,0.4798900000005233
method-089,7,Random,OriginalOrder,10,8,1265,65.2,4331,17.8,2066,8.6,47.400000000000006,9.200000000000001,56.6,-5.329070518200751e-15,4.089999947609613e-05,4.000003173132427e-07,0.48478479999994306
method-089,8,Random,OriginalOrder,10,8,1265,89.1,692,36.3,9077,10.3,52.8,25.999999999999996,78.8,3.552713678800501e-15,4.2300000131945126e-05,1.9999970390927047e-07,0.49817369999982475
method-089,9,Random,OriginalOrder,10,8,1265,74.8,2477,32.8,3078,22.3,42.0,10.499999999999996,52.5,3.552713678800501e-15,4.189999981463188e-05,1.9999970390927047e-07,0.5447848999992857
method-089,10,Random,OriginalOrder,10,8,1265,84.7,1541,11.9,11248,4.0,72.8,7.9,80.7,5.329070518200751e-15,4.199999966658652e-05,1.9999970390927047e-07,0.5173026999991635
method-090,1,Random,MarginalGainPredictor,10,8,1265,84.4,985,29.2,985,29.2,55.2,0.0,55.2,0.0,5.019999935029773e-05,0.0003833999999187654,0.3970380999999179
method-090,2,Random,MarginalGainPredictor,10,8,1265,93.4,1277,93.4,1277,93.4,0.0,0.0,0.0,0.0,3.319999996165279e-05,0.0013689999996131519,0.5085167999995974
method-090,3,Random,MarginalGainPredictor,10,8,228,56.1,1439,24.2,1439,24.2,31.900000000000002,0.0,31.900000000000002,0.0,8.580000030633528e-05,0.0013156000004528323,0.4297283999994761
method-090,4,Random,MarginalGainPredictor,10,8,410,49.1,5753,37.9,5753,37.9,11.200000000000003,0.0,11.200000000000003,0.0,4.3399999412940815e-05,0.0012965000005351612,0.43569079999997484
method-090,5,Random,MarginalGainPredictor,10,8,228,56.4,1140,24.9,692,20.5,31.5,4.399999999999999,35.9,0.0,4.55999997939216e-05,0.001468600000407605,0.4292308000003686
method-090,6,Random,MarginalGainPredictor,10,8,228,49.5,5454,16.6,5454,16.6,32.9,0.0,32.9,0.0,4.7000000449770596e-05,0.001214599999912025,0.3364722999995138
method-090,7,Random,MarginalGainPredictor,10,8,228,50.0,3810,11.7,597,8.8,38.3,2.8999999999999986,41.2,7.105427357601002e-15,4.2300000131945126e-05,0.001345499999843014,0.4259912000006807
method-090,8,Random,MarginalGainPredictor,10,8,3519,49.4,1920,25.3,820,17.7,24.099999999999998,7.600000000000001,31.7,0.0,4.179999996267725e-05,0.0011954999999943539,0.3291602999997849
method-090,9,Random,MarginalGainPredictor,10,8,228,64.5,2122,27.2,916,12.2,37.3,15.0,52.3,0.0,4.2100000428035855e-05,0.0013424000007944414,0.3606867999997121
method-090,10,Random,MarginalGainPredictor,10,8,228,55.6,2023,19.1,9608,18.6,36.5,0.5,37.0,0.0,4.360000002634479e-05,0.0012538999999378575,0.3480627999997523
method-091,1,Random,OriginalOrder,20,8,1265,84.4,2477,32.2,1352,12.4,52.2,19.800000000000004,72.0,-7.105427357601002e-15,5.019999935029773e-05,2.0000061340397224e-07,0.3970380999999179
method-091,2,Random,OriginalOrder,20,8,1265,92.8,1277,92.8,12375,9.4,0.0,83.39999999999999,83.39999999999999,0.0,4.1199999941454735e-05,2.999995558639057e-07,0.4804836000002979
method-091,3,Random,OriginalOrder,20,8,1265,95.9,1807,43.4,1580,5.1,52.50000000000001,38.3,90.80000000000001,7.105427357601002e-15,4.27999993917183e-05,3.0000046535860747e-07,0.3786504999998215
method-091,4,Random,OriginalOrder,20,8,1265,79.6,3519,50.2,1638,7.3,29.39999999999999,42.900000000000006,72.3,0.0,4.1599999349273276e-05,3.0000046535860747e-07,0.5046028999995542
method-091,5,Random,OriginalOrder,20,8,1265,106.8,5753,46.0,1140,25.3,60.8,20.7,81.5,3.552713678800501e-15,4.10999991800054e-05,4.000003173132427e-07,0.47497589999966294
method-091,6,Random,OriginalOrder,20,8,1265,77.5,410,42.3,5753,36.0,35.2,6.299999999999997,41.5,0.0,4.859999990003416e-05,1.9999970390927047e-07,0.4798900000005233
method-091,7,Random,OriginalOrder,20,8,1265,65.2,905,22.7,2066,8.6,42.5,14.1,56.6,1.7763568394002505e-15,4.089999947609613e-05,2.999995558639057e-07,0.48478479999994306
method-091,8,Random,OriginalOrder,20,8,1265,89.1,1807,45.7,9077,10.3,43.39999999999999,35.400000000000006,78.8,0.0,4.2300000131945126e-05,4.000003173132427e-07,0.49817369999982475
method-091,9,Random,OriginalOrder,20,8,1265,74.8,1807,43.9,3078,22.3,30.9,21.599999999999998,52.5,3.552713678800501e-15,4.189999981463188e-05,3.9999940781854093e-07,0.5447848999992857
method-091,10,Random,OriginalOrder,20,8,1265,84.7,181,25.7,11248,4.0,59.0,21.7,80.7,3.552713678800501e-15,4.199999966658652e-05,5.000001692678779e-07,0.5173026999991635
method-092,1,Random,MarginalGainPredictor,20,8,1265,84.4,2477,32.2,985,29.2,52.2,3.0000000000000036,55.2,-3.552713678800501e-15,5.019999935029773e-05,0.00048580000020592706,0.3970380999999179
method-092,2,Random,MarginalGainPredictor,20,8,1265,93.4,1277,93.4,1807,38.0,0.0,55.400000000000006,55.400000000000006,0.0,3.319999996165279e-05,0.0006462000001192791,0.5085167999995974
method-092,3,Random,MarginalGainPredictor,20,8,1265,91.1,1439,26.0,1423,18.7,65.1,7.300000000000001,72.39999999999999,-3.552713678800501e-15,4.360000002634479e-05,0.0012773999997079954,0.39956140000049345
method-092,4,Random,MarginalGainPredictor,20,8,1265,77.6,1277,77.6,310,41.6,0.0,35.99999999999999,35.99999999999999,0.0,4.2800000301213004e-05,0.0012145000000600703,0.40271370000027673
method-092,5,Random,MarginalGainPredictor,20,8,1265,99.2,3225,24.6,3078,20.8,74.6,3.8000000000000007,78.4,1.0658141036401503e-14,4.239999998389976e-05,0.0012258999995538034,0.3968181000000186
method-092,6,Random,MarginalGainPredictor,20,8,1265,69.6,3519,44.6,410,39.4,24.999999999999993,5.200000000000003,30.199999999999996,0.0,4.2499999835854396e-05,0.0011928000003536,0.47663920000013604
method-092,7,Random,MarginalGainPredictor,20,8,1265,64.6,3700,21.4,3700,21.4,43.199999999999996,0.0,43.199999999999996,0.0,4.060000082972692e-05,0.0011975999996138853,0.4137704000004305
method-092,8,Random,MarginalGainPredictor,20,8,1265,88.6,1277,88.6,1277,88.6,0.0,0.0,0.0,0.0,4.090000038559083e-05,0.001260799999727169,0.49545409999973344
method-092,9,Random,MarginalGainPredictor,20,8,228,64.3,2442,19.5,916,8.9,44.8,10.6,55.4,1.7763568394002505e-15,6.0599999414989725e-05,0.0012340000002950546,0.6645335000002888
method-092,10,Random,MarginalGainPredictor,20,8,228,55.3,2122,26.8,699,11.5,28.499999999999996,15.3,43.8,0.0,4.189999981463188e-05,0.001218700000208628,0.503864500000418
method-093,1,Random,OriginalOrder,50,8,1265,84.4,2477,32.2,1352,12.4,52.2,19.800000000000004,72.0,-7.105427357601002e-15,5.019999935029773e-05,1.9999970390927047e-07,0.3970380999999179
method-093,2,Random,OriginalOrder,50,8,1265,92.8,1277,92.8,12375,9.4,0.0,83.39999999999999,83.39999999999999,0.0,4.1199999941454735e-05,3.9999940781854093e-07,0.4804836000002979
method-093,3,Random,OriginalOrder,50,8,1265,95.9,310,47.3,1580,5.1,48.60000000000001,42.199999999999996,90.80000000000001,7.105427357601002e-15,4.27999993917183e-05,1.9999970390927047e-07,0.3786504999998215
method-093,4,Random,OriginalOrder,50,8,1265,79.6,3519,50.2,1638,7.3,29.39999999999999,42.900000000000006,72.3,0.0,4.1599999349273276e-05,2.0000061340397224e-07,0.5046028999995542
method-093,5,Random,OriginalOrder,50,8,1265,106.8,5753,46.0,1140,25.3,60.8,20.7,81.5,3.552713678800501e-15,4.10999991800054e-05,3.0000046535860747e-07,0.47497589999966294
method-093,6,Random,OriginalOrder,50,8,1265,77.5,1807,45.5,5753,36.0,32.0,9.5,41.5,0.0,4.859999990003416e-05,1.9999970390927047e-07,0.4798900000005233
method-093,7,Random,OriginalOrder,50,8,1265,65.2,181,34.2,2066,8.6,31.0,25.6,56.6,0.0,4.089999947609613e-05,1.9999970390927047e-07,0.48478479999994306
method-093,8,Random,OriginalOrder,50,8,1265,89.1,1807,45.7,9077,10.3,43.39999999999999,35.400000000000006,78.8,0.0,4.2300000131945126e-05,3.0000046535860747e-07,0.49817369999982475
method-093,9,Random,OriginalOrder,50,8,1265,74.8,1277,74.8,3078,22.3,0.0,52.5,52.5,0.0,4.189999981463188e-05,2.999995558639057e-07,0.5447848999992857
method-093,10,Random,OriginalOrder,50,8,1265,84.7,410,51.2,11248,4.0,33.5,47.2,80.7,0.0,4.199999966658652e-05,2.0000061340397224e-07,0.5173026999991635
method-094,1,Random,MarginalGainPredictor,50,8,1265,84.4,2477,32.2,985,29.2,52.2,3.0000000000000036,55.2,-3.552713678800501e-15,5.019999935029773e-05,0.0004073000000062166,0.3970380999999179
method-094,2,Random,MarginalGainPredictor,50,8,1265,93.4,1277,93.4,410,49.8,0.0,43.60000000000001,43.60000000000001,0.0,3.319999996165279e-05,0.0007974000000103842,0.5085167999995974
method-094,3,Random,MarginalGainPredictor,50,8,1265,93.2,310,47.3,310,47.3,45.900000000000006,0.0,45.900000000000006,0.0,5.200000032345997e-05,0.0007452999998349696,0.44973729999946954
method-094,4,Random,MarginalGainPredictor,50,8,1265,79.6,1277,79.6,1277,79.6,0.0,0.0,0.0,0.0,4.189999981463188e-05,0.0012733999992633471,0.4812721000007514
method-094,5,Random,MarginalGainPredictor,50,8,228,56.1,2122,33.9,1920,18.4,22.200000000000003,15.5,37.7,0.0,4.189999981463188e-05,0.0013340999994397862,0.4886350000006132
method-094,6,Random,MarginalGainPredictor,50,8,228,49.6,228,49.6,1265,0.0,0.0,49.6,49.6,0.0,4.290000015316764e-05,0.0012980000001334702,0.5044856000004074
method-094,7,Random,MarginalGainPredictor,50,8,228,50.0,3519,47.0,820,19.8,3.0,27.2,30.2,0.0,4.3000000005122274e-05,0.0012471999998524552,0.48869379999996454
method-094,8,Random,MarginalGainPredictor,50,8,228,54.2,228,54.2,1816,26.1,0.0,28.1,28.1,0.0,4.129999979340937e-05,0.0012169000001449604,0.3901142999993681
method-094,9,Random,MarginalGainPredictor,50,8,228,64.2,228,64.2,916,10.3,0.0,53.900000000000006,53.900000000000006,0.0,4.389999958220869e-05,0.0013019999996686238,0.540547499999775
method-094,10,Random,MarginalGainPredictor,50,8,228,55.5,228,55.5,1249,5.9,0.0,49.6,49.6,0.0,4.239999998389976e-05,0.0012552999996842118,0.4174665999998979
method-095,1,Random,OriginalOrder,100,8,1265,84.4,1277,84.4,1352,12.4,0.0,72.0,72.0,0.0,5.019999935029773e-05,1.9999970390927047e-07,0.3970380999999179
method-095,2,Random,OriginalOrder,100,8,1265,92.8,1265,92.8,12375,9.4,0.0,83.39999999999999,83.39999999999999,0.0,4.1199999941454735e-05,1.9999970390927047e-07,0.4804836000002979
method-095,3,Random,OriginalOrder,100,8,1265,95.9,3519,55.5,1580,5.1,40.400000000000006,50.4,90.80000000000001,7.105427357601002e-15,4.27999993917183e-05,1.9999970390927047e-07,0.3786504999998215
method-095,4,Random,OriginalOrder,100,8,1265,79.6,3519,50.2,1638,7.3,29.39999999999999,42.900000000000006,72.3,0.0,4.1599999349273276e-05,1.9999970390927047e-07,0.5046028999995542
method-095,5,Random,OriginalOrder,100,8,1265,106.8,3519,48.4,1140,25.3,58.4,23.099999999999998,81.5,3.552713678800501e-15,4.10999991800054e-05,2.999995558639057e-07,0.47497589999966294
method-095,6,Random,OriginalOrder,100,8,1265,77.5,1265,77.5,5753,36.0,0.0,41.5,41.5,0.0,4.859999990003416e-05,3.9999940781854093e-07,0.4798900000005233
method-095,7,Random,OriginalOrder,100,8,1265,65.2,1265,65.2,2066,8.6,0.0,56.6,56.6,0.0,4.089999947609613e-05,3.0000046535860747e-07,0.48478479999994306
method-095,8,Random,OriginalOrder,100,8,1265,89.1,1265,89.1,9077,10.3,0.0,78.8,78.8,0.0,4.2300000131945126e-05,2.999995558639057e-07,0.49817369999982475
method-095,9,Random,OriginalOrder,100,8,1265,74.8,1265,74.8,3078,22.3,0.0,52.5,52.5,0.0,4.189999981463188e-05,4.000003173132427e-07,0.5447848999992857
method-095,10,Random,OriginalOrder,100,8,1265,84.7,1265,84.7,11248,4.0,0.0,80.7,80.7,0.0,4.199999966658652e-05,2.999995558639057e-07,0.5173026999991635
method-096,1,Random,MarginalGainPredictor,100,8,1265,84.4,1277,84.4,410,46.9,0.0,37.50000000000001,37.50000000000001,0.0,5.019999935029773e-05,0.0004487000005610753,0.3970380999999179
method-096,2,Random,MarginalGainPredictor,100,8,1265,93.5,1265,93.5,1265,93.5,0.0,0.0,0.0,0.0,5.2999999752501026e-05,0.0005699000003005494,0.3969394000005195
method-096,3,Random,MarginalGainPredictor,100,8,228,56.1,3519,54.0,985,34.9,2.1000000000000014,19.1,21.200000000000003,0.0,5.03999999637017e-05,0.0006395000000338769,0.3949493000000075
method-096,4,Random,MarginalGainPredictor,100,8,228,46.2,228,46.2,310,40.6,0.0,5.600000000000001,5.600000000000001,0.0,4.170000011072261e-05,0.0013337999998839223,0.39964169999984733
method-096,5,Random,MarginalGainPredictor,100,8,228,56.1,228,56.1,1277,0.0,0.0,56.1,56.1,0.0,4.179999996267725e-05,0.0013634999995701946,0.41010199999982433
method-096,6,Random,MarginalGainPredictor,100,8,228,49.6,228,49.6,1807,36.9,0.0,12.700000000000003,12.700000000000003,0.0,4.73000000056345e-05,0.0013327999995453865,0.40820050000002084
method-096,7,Random,MarginalGainPredictor,100,8,228,50.0,228,50.0,2216,37.7,0.0,12.299999999999997,12.299999999999997,0.0,4.6799999836366624e-05,0.0013188000002628542,0.42265369999950053
method-096,8,Random,MarginalGainPredictor,100,8,228,54.2,228,54.2,916,4.0,0.0,50.2,50.2,0.0,4.129999979340937e-05,0.0013434000002234825,0.4927071000001888
method-096,9,Random,MarginalGainPredictor,100,8,228,64.3,228,64.3,7995,13.8,0.0,50.5,50.5,0.0,5.79999996261904e-05,0.0015032999999675667,0.42463799999950425
method-096,10,Random,MarginalGainPredictor,100,8,228,55.5,228,55.5,1249,7.0,0.0,48.5,48.5,0.0,4.11000000895001e-05,0.0013168999994377373,0.5080790000001798
method-097,1,Random,OriginalOrder,10,9,1265,84.4,647,27.5,475,17.2,56.900000000000006,10.3,67.2,-3.552713678800501e-15,4.8999999307852704e-05,1.9999970390927047e-07,0.3970380999999179
method-097,2,Random,OriginalOrder,10,9,1265,93.4,1636,20.7,618,18.9,72.7,1.8000000000000007,74.5,-3.552713678800501e-15,6.880000000819564e-05,2.0000061340397224e-07,0.4655648999996629
method-097,3,Random,OriginalOrder,10,9,1265,97.4,228,53.1,541,5.7,44.300000000000004,47.4,91.7,0.0,4.199999966658652e-05,1.9999970390927047e-07,0.47430010000061884
method-097,4,Random,OriginalOrder,10,9,1265,79.9,410,49.7,6159,6.6,30.200000000000003,43.1,73.30000000000001,7.105427357601002e-15,5.5900000006658956e-05,2.0000061340397224e-07,0.4878424999997151
method-097,5,Random,OriginalOrder,10,9,1265,108.0,2021,26.4,11248,4.4,81.6,22.0,103.6,0.0,5.309999960445566e-05,2.0000061340397224e-07,0.48345729999982723
method-097,6,Random,OriginalOrder,10,9,1265,76.4,905,24.5,14031,3.0,51.900000000000006,21.5,73.4,0.0,4.239999998389976e-05,1.9999970390927047e-07,0.49713229999997566
method-097,7,Random,OriginalOrder,10,9,1265,68.6,181,35.9,4679,17.5,32.699999999999996,18.4,51.099999999999994,0.0,5.210000017541461e-05,1.9999970390927047e-07,0.4886946999995416
method-097,8,Random,OriginalOrder,10,9,1265,93.6,1249,20.1,11245,4.7,73.5,15.400000000000002,88.89999999999999,-1.0658141036401503e-14,4.1399999645364005e-05,1.9999970390927047e-07,0.4098346999999194
method-097,9,Random,OriginalOrder,10,9,1265,76.8,2021,37.2,656,20.3,39.599999999999994,16.900000000000002,56.5,3.552713678800501e-15,4.619999981514411e-05,2.0000061340397224e-07,0.5152592999993431
method-097,10,Random,OriginalOrder,10,9,1265,91.9,228,56.6,776,3.5,35.300000000000004,53.1,88.4,0.0,4.459999945538584e-05,1.9999970390927047e-07,0.5125722000002497
method-098,1,Random,MarginalGainPredictor,10,9,1265,84.4,647,27.5,1352,12.4,56.900000000000006,15.1,72.0,-5.329070518200751e-15,4.8999999307852704e-05,0.0003662000008262112,0.3970380999999179
method-098,2,Random,MarginalGainPredictor,10,9,1265,92.8,618,28.1,618,28.1,64.69999999999999,0.0,64.69999999999999,0.0,3.370000013092067e-05,0.0011198000001968467,0.4804836000002979
method-098,3,Random,MarginalGainPredictor,10,9,1265,95.9,7995,27.0,7995,27.0,68.9,0.0,68.9,0.0,4.4100000195612665e-05,0.0012136000004829839,0.4379823999997825
method-098,4,Random,MarginalGainPredictor,10,9,1265,80.3,410,49.7,410,49.7,30.599999999999994,0.0,30.599999999999994,0.0,4.7500000619038474e-05,0.0012200999999549822,0.429083900000478
method-098,5,Random,MarginalGainPredictor,10,9,1265,107.1,9070,34.8,1920,26.5,72.3,8.299999999999997,80.6,0.0,4.259999968780903e-05,0.0011844000000564847,0.42000390000066545
method-098,6,Random,MarginalGainPredictor,10,9,1265,75.2,4285,29.7,4285,29.7,45.5,0.0,45.5,0.0,4.2099999518541154e-05,0.0012495999999373453,0.33720050000010815
method-098,7,Random,MarginalGainPredictor,10,9,1265,65.4,3225,26.8,916,19.8,38.60000000000001,7.0,45.60000000000001,0.0,4.619999981514411e-05,0.001180400000521331,0.33147920000010345
method-098,8,Random,MarginalGainPredictor,10,9,1265,88.9,228,54.5,310,37.2,34.400000000000006,17.299999999999997,51.7,0.0,4.2499999835854396e-05,0.0012509999996836996,0.4294246999997995
method-098,9,Random,MarginalGainPredictor,10,9,1265,64.6,1785,19.2,1638,7.0,45.39999999999999,12.2,57.599999999999994,3.552713678800501e-15,5.3200000365905e-05,0.0011713999992934987,0.40302729999984876
method-098,10,Random,MarginalGainPredictor,10,9,1265,85.5,5753,41.4,1816,25.9,44.1,15.5,59.6,0.0,4.2499999835854396e-05,0.0014959000000089873,0.3367811999996775
method-099,1,Random,OriginalOrder,20,9,1265,84.4,5753,47.3,475,17.2,37.10000000000001,30.099999999999998,67.2,-3.552713678800501e-15,4.8999999307852704e-05,9.999985195463523e-08,0.3970380999999179
method-099,2,Random,OriginalOrder,20,9,1265,93.4,410,49.8,618,18.9,43.60000000000001,30.9,74.5,-7.105427357601002e-15,6.880000000819564e-05,2.0000061340397224e-07,0.4655648999996629
method-099,3,Random,OriginalOrder,20,9,1265,97.4,228,53.1,541,5.7,44.300000000000004,47.4,91.7,0.0,4.199999966658652e-05,2.999995558639057e-07,0.47430010000061884
method-099,4,Random,OriginalOrder,20,9,1265,79.9,410,49.7,6159,6.6,30.200000000000003,43.1,73.30000000000001,7.105427357601002e-15,5.5900000006658956e-05,2.999995558639057e-07,0.4878424999997151
method-099,5,Random,OriginalOrder,20,9,1265,108.0,1807,39.6,11248,4.4,68.4,35.2,103.6,-1.4210854715202004e-14,5.309999960445566e-05,2.999995558639057e-07,0.48345729999982723
method-099,6,Random,OriginalOrder,20,9,1265,76.4,1807,44.1,14031,3.0,32.300000000000004,41.1,73.4,0.0,4.239999998389976e-05,3.0000046535860747e-07,0.49713229999997566
method-099,7,Random,OriginalOrder,20,9,1265,68.6,1277,68.6,4679,17.5,0.0,51.099999999999994,51.099999999999994,0.0,5.210000017541461e-05,2.0000061340397224e-07,0.4886946999995416
method-099,8,Random,OriginalOrder,20,9,1265,93.6,1249,20.1,11245,4.7,73.5,15.400000000000002,88.89999999999999,-1.0658141036401503e-14,4.1399999645364005e-05,4.000003173132427e-07,0.4098346999999194
method-099,9,Random,OriginalOrder,20,9,1265,76.8,1277,76.8,656,20.3,0.0,56.5,56.5,0.0,4.619999981514411e-05,2.999995558639057e-07,0.5152592999993431
method-099,10,Random,OriginalOrder,20,9,1265,91.9,228,56.6,776,3.5,35.300000000000004,53.1,88.4,0.0,4.459999945538584e-05,4.000003173132427e-07,0.5125722000002497
method-100,1,Random,MarginalGainPredictor,20,9,1265,84.4,5753,47.3,1439,35.3,37.10000000000001,12.0,49.10000000000001,0.0,4.8999999307852704e-05,0.0003978000004281057,0.3970380999999179
method-100,2,Random,MarginalGainPredictor,20,9,1265,93.1,410,49.6,410,49.6,43.49999999999999,0.0,43.49999999999999,0.0,5.270000019663712e-05,0.001211400000102003,0.4681604999996125
method-100,3,Random,MarginalGainPredictor,20,9,1265,91.4,1265,91.4,1265,91.4,0.0,0.0,0.0,0.0,4.1000000237545464e-05,0.0012144000002081157,0.397548399999323
method-100,4,Random,MarginalGainPredictor,20,9,228,46.2,658,31.3,658,31.3,14.900000000000002,0.0,14.900000000000002,0.0,4.239999998389976e-05,0.0011951999995289952,0.39794679999977234
method-100,5,Random,MarginalGainPredictor,20,9,228,56.1,892,35.6,1920,18.4,20.5,17.200000000000003,37.7,0.0,4.219999937049579e-05,0.00118430000020453,0.4060861999996632
method-100,6,Random,MarginalGainPredictor,20,9,228,48.3,892,39.6,916,21.3,8.699999999999996,18.3,26.999999999999996,0.0,6.969999958528206e-05,0.0012576999997691019,0.5011703000000125
method-100,7,Random,MarginalGainPredictor,20,9,228,50.1,3519,47.7,6314,15.8,2.3999999999999986,31.900000000000002,34.3,-3.552713678800501e-15,4.189999981463188e-05,0.001240499999767053,0.4806692000001931
method-100,8,Random,MarginalGainPredictor,20,9,228,54.4,228,54.4,310,36.0,0.0,18.4,18.4,0.0,4.2800000301213004e-05,0.0012219999998706044,0.4059196999996857
method-100,9,Random,MarginalGainPredictor,20,9,228,64.1,2021,39.6,3700,14.7,24.499999999999993,24.900000000000002,49.39999999999999,-3.552713678800501e-15,4.2499999835854396e-05,0.001282100000025821,0.5356351000000359
method-100,10,Random,MarginalGainPredictor,20,9,228,56.0,228,56.0,3078,17.1,0.0,38.9,38.9,0.0,4.509999962465372e-05,0.0012695000004896428,0.5300270999996428
method-101,1,Random,OriginalOrder,50,9,1265,84.4,228,56.7,475,17.2,27.700000000000003,39.5,67.2,0.0,4.8999999307852704e-05,9.999985195463523e-08,0.3970380999999179
method-101,2,Random,OriginalOrder,50,9,1265,93.4,228,53.0,618,18.9,40.400000000000006,34.1,74.5,-7.105427357601002e-15,6.880000000819564e-05,2.999995558639057e-07,0.4655648999996629
method-101,3,Random,OriginalOrder,50,9,1265,97.4,228,53.1,541,5.7,44.300000000000004,47.4,91.7,0.0,4.199999966658652e-05,3.0000046535860747e-07,0.47430010000061884
method-101,4,Random,OriginalOrder,50,9,1265,79.9,3519,50.0,6159,6.6,29.900000000000006,43.4,73.30000000000001,7.105427357601002e-15,5.5900000006658956e-05,2.999995558639057e-07,0.4878424999997151
method-101,5,Random,OriginalOrder,50,9,1265,108.0,1277,108.0,11248,4.4,0.0,103.6,103.6,0.0,5.309999960445566e-05,2.999995558639057e-07,0.48345729999982723
method-101,6,Random,OriginalOrder,50,9,1265,76.4,1807,44.1,14031,3.0,32.300000000000004,41.1,73.4,0.0,4.239999998389976e-05,3.9999940781854093e-07,0.49713229999997566
method-101,7,Random,OriginalOrder,50,9,1265,68.6,1265,68.6,4679,17.5,0.0,51.099999999999994,51.099999999999994,0.0,5.210000017541461e-05,2.999995558639057e-07,0.4886946999995416
method-101,8,Random,OriginalOrder,50,9,1265,93.6,1807,41.2,11245,4.7,52.39999999999999,36.5,88.89999999999999,0.0,4.1399999645364005e-05,3.0000046535860747e-07,0.4098346999999194
method-101,9,Random,OriginalOrder,50,9,1265,76.8,1277,76.8,656,20.3,0.0,56.5,56.5,0.0,4.619999981514411e-05,2.999995558639057e-07,0.5152592999993431
method-101,10,Random,OriginalOrder,50,9,1265,91.9,228,56.6,776,3.5,35.300000000000004,53.1,88.4,0.0,4.459999945538584e-05,3.0000046535860747e-07,0.5125722000002497
method-102,1,Random,MarginalGainPredictor,50,9,1265,84.4,228,56.7,820,20.1,27.700000000000003,36.6,64.30000000000001,7.105427357601002e-15,4.8999999307852704e-05,0.0003920999997717445,0.3970380999999179
method-102,2,Random,MarginalGainPredictor,50,9,1265,93.3,410,49.3,410,49.3,44.0,0.0,44.0,0.0,5.250000049272785e-05,0.0006299000006038113,0.4809763000002931
method-102,3,Random,MarginalGainPredictor,50,9,1265,93.0,1265,93.0,1265,93.0,0.0,0.0,0.0,0.0,4.259999968780903e-05,0.001335099999778322,0.4837594000000536
method-102,4,Random,MarginalGainPredictor,50,9,228,46.2,2021,33.4,3078,20.9,12.800000000000004,12.5,25.300000000000004,0.0,5.529999998543644e-05,0.0013046000003669178,0.4879372000004878
method-102,5,Random,MarginalGainPredictor,50,9,228,56.1,3519,41.8,1807,33.5,14.300000000000004,8.299999999999997,22.6,0.0,4.2499999835854396e-05,0.0012989999995625112,0.49272930000006454
method-102,6,Random,MarginalGainPredictor,50,9,228,49.5,310,36.2,310,36.2,13.299999999999997,0.0,13.299999999999997,0.0,4.1900000724126585e-05,0.0013963999999759835,0.41030589999991207
method-102,7,Random,MarginalGainPredictor,50,9,228,50.1,3519,45.5,7995,17.2,4.600000000000001,28.3,32.900000000000006,3.552713678800501e-15,4.309999985707691e-05,0.0014264999999795691,0.40376199999991513
method-102,8,Random,MarginalGainPredictor,50,9,228,54.2,228,54.2,985,25.7,0.0,28.500000000000004,28.500000000000004,0.0,4.170000011072261e-05,0.0012950000000273576,0.4893916999999419
method-102,9,Random,MarginalGainPredictor,50,9,228,64.3,2021,37.4,1277,0.0,26.9,37.4,64.3,0.0,4.2300000131945126e-05,0.0013071000003037625,0.4894837000001644
method-102,10,Random,MarginalGainPredictor,50,9,228,55.4,3916,33.2,1439,20.5,22.199999999999996,12.700000000000003,34.9,0.0,4.3900000491703395e-05,0.0013562999993155245,0.4318720999999641
method-103,1,Random,OriginalOrder,100,9,1265,84.4,1265,84.4,475,17.2,0.0,67.2,67.2,0.0,4.8999999307852704e-05,1.00000761449337e-07,0.3970380999999179
method-103,2,Random,OriginalOrder,100,9,1265,93.4,1277,93.4,618,18.9,0.0,74.5,74.5,0.0,6.880000000819564e-05,1.9999970390927047e-07,0.4655648999996629
method-103,3,Random,OriginalOrder,100,9,1265,97.4,228,53.1,541,5.7,44.300000000000004,47.4,91.7,0.0,4.199999966658652e-05,1.9999970390927047e-07,0.47430010000061884
method-103,4,Random,OriginalOrder,100,9,1265,79.9,3519,50.0,6159,6.6,29.900000000000006,43.4,73.30000000000001,7.105427357601002e-15,5.5900000006658956e-05,2.999995558639057e-07,0.4878424999997151
method-103,5,Random,OriginalOrder,100,9,1265,108.0,1277,108.0,11248,4.4,0.0,103.6,103.6,0.0,5.309999960445566e-05,5.000001692678779e-07,0.48345729999982723
method-103,6,Random,OriginalOrder,100,9,1265,76.4,1807,44.1,14031,3.0,32.300000000000004,41.1,73.4,0.0,4.239999998389976e-05,4.000003173132427e-07,0.49713229999997566
method-103,7,Random,OriginalOrder,100,9,1265,68.6,1265,68.6,4679,17.5,0.0,51.099999999999994,51.099999999999994,0.0,5.210000017541461e-05,3.0000046535860747e-07,0.4886946999995416
method-103,8,Random,OriginalOrder,100,9,1265,93.6,7123,42.9,11245,4.7,50.699999999999996,38.199999999999996,88.89999999999999,0.0,4.1399999645364005e-05,3.0000046535860747e-07,0.4098346999999194
method-103,9,Random,OriginalOrder,100,9,1265,76.8,1265,76.8,656,20.3,0.0,56.5,56.5,0.0,4.619999981514411e-05,3.0000046535860747e-07,0.5152592999993431
method-103,10,Random,OriginalOrder,100,9,1265,91.9,228,56.6,776,3.5,35.300000000000004,53.1,88.4,0.0,4.459999945538584e-05,4.000003173132427e-07,0.5125722000002497
method-104,1,Random,MarginalGainPredictor,100,9,1265,84.4,1265,84.4,1265,84.4,0.0,0.0,0.0,0.0,4.8999999307852704e-05,0.00045589999990625074,0.3970380999999179
method-104,2,Random,MarginalGainPredictor,100,9,228,52.6,410,49.8,410,49.8,2.8000000000000043,0.0,2.8000000000000043,0.0,5.4999999520077836e-05,0.0006348000006255461,0.4252031000005445
method-104,3,Random,MarginalGainPredictor,100,9,228,56.1,228,56.1,985,34.9,0.0,21.200000000000003,21.200000000000003,0.0,4.290000015316764e-05,0.0007391999997707899,0.3208223999999973
method-104,4,Random,MarginalGainPredictor,100,9,228,46.2,228,46.2,310,40.6,0.0,5.600000000000001,5.600000000000001,0.0,4.309999985707691e-05,0.0013492000007317984,0.42106669999975566
method-104,5,Random,MarginalGainPredictor,100,9,228,56.1,228,56.1,820,19.8,0.0,36.3,36.3,0.0,4.489999992074445e-05,0.0012683000004471978,0.41866159999972297
method-104,6,Random,MarginalGainPredictor,100,9,228,49.6,2122,31.0,2216,30.6,18.6,0.3999999999999986,19.0,0.0,4.349999926489545e-05,0.001470799999879091,0.47016050000001997
method-104,7,Random,MarginalGainPredictor,100,9,228,50.0,228,50.0,7995,20.3,0.0,29.7,29.7,0.0,5.400000009103678e-05,0.0013015999993513105,0.48372639999979583
method-104,8,Random,MarginalGainPredictor,100,9,228,54.4,3519,47.9,1807,41.9,6.5,6.0,12.5,0.0,4.2499999835854396e-05,0.0013652999996338622,0.3885376999996879
method-104,9,Random,MarginalGainPredictor,100,9,228,64.3,228,64.3,1277,0.0,0.0,64.3,64.3,0.0,4.1199999941454735e-05,0.0015235000000757282,0.3951312000008329
method-104,10,Random,MarginalGainPredictor,100,9,228,55.5,5753,42.3,916,7.5,13.200000000000003,34.8,48.0,0.0,4.1399999645364005e-05,0.0017217000004166039,0.5229683999996269
