method_id,step,retriever,ranker,M,repeat,restricted_oracle_node,restricted_oracle_gain,pool_best_node,pool_best_gain,selected_node,selected_gain,candidate_loss,ranking_loss,total_regret,decomposition_error,retrieval_runtime_seconds,reranking_runtime_seconds,gain_evaluation_runtime_seconds
method-001,1,Degree,OriginalOrder,10,,1265,87.3,1265,87.3,916,28.1,0.0,59.199999999999996,59.199999999999996,0.0,0.0001448999998956424,4.0000008993956726e-07,0.47763559999998506
method-001,2,Degree,OriginalOrder,10,,1265,96.8,1265,96.8,410,45.3,0.0,51.5,51.5,0.0,0.0001138000000082684,1.999999312829459e-07,0.5952376000000186
method-001,3,Degree,OriginalOrder,10,,1265,88.6,1265,88.6,1265,88.6,0.0,0.0,0.0,0.0,0.00010580000002846646,1.999999312829459e-07,0.43993060000002515
method-001,4,Degree,OriginalOrder,10,,228,48.0,310,41.6,830,21.9,6.399999999999999,19.700000000000003,26.1,0.0,8.730000013201789e-05,1.999999312829459e-07,0.4706275999999434
method-001,5,Degree,OriginalOrder,10,,228,60.7,310,42.5,1249,14.7,18.200000000000003,27.8,46.0,-3.552713678800501e-15,9.389999991071818e-05,1.999999312829459e-07,0.43058109999992666
method-001,6,Degree,OriginalOrder,10,,3519,56.2,310,35.2,72,9.6,21.0,25.6,46.6,0.0,0.0001029000000016822,1.999999312829459e-07,0.5436101000000235
method-001,7,Degree,OriginalOrder,10,,3519,55.8,310,39.1,98,13.0,16.699999999999996,26.1,42.8,0.0,0.00020240000003468595,3.999998625658918e-07,0.8090319000000363
method-001,8,Degree,OriginalOrder,10,,228,56.7,892,33.9,1423,11.1,22.800000000000004,22.799999999999997,45.6,0.0,9.949999980563007e-05,1.999999312829459e-07,0.5345110000000659
method-001,9,Degree,OriginalOrder,10,,3519,58.5,310,41.6,310,41.6,16.9,0.0,16.9,0.0,9.260000001631852e-05,1.999999312829459e-07,0.4001298000000588
method-001,10,Degree,OriginalOrder,10,,228,56.9,1807,34.8,985,32.2,22.1,2.5999999999999943,24.699999999999996,0.0,8.269999989352073e-05,1.999999312829459e-07,0.4803071000001182
method-002,1,Degree,MarginalGainPredictor,10,,1265,87.3,1265,87.3,1265,87.3,0.0,0.0,0.0,0.0,0.0001448999998956424,0.001758399999971516,0.47763559999998506
method-002,2,Degree,MarginalGainPredictor,10,,3519,53.8,410,45.5,410,45.5,8.299999999999997,0.0,8.299999999999997,0.0,0.00014120000014372636,0.0015043000000787288,0.4324850999998944
method-002,3,Degree,MarginalGainPredictor,10,,228,55.6,310,41.4,310,41.4,14.200000000000003,0.0,14.200000000000003,0.0,0.00010459999998602143,0.0017500999999811029,0.5402384000001348
method-002,4,Degree,MarginalGainPredictor,10,,228,48.1,985,32.8,985,32.8,15.300000000000004,0.0,15.300000000000004,0.0,0.00012999999989915523,0.0015883999999459775,0.5286573999999291
method-002,5,Degree,MarginalGainPredictor,10,,228,60.8,1807,34.2,1807,34.2,26.599999999999994,0.0,26.599999999999994,0.0,0.00010790000010274525,0.0014949999999771535,0.5190009000000373
method-002,6,Degree,MarginalGainPredictor,10,,228,55.1,658,29.7,916,14.7,25.400000000000002,15.0,40.400000000000006,3.552713678800501e-15,9.300000010625808e-05,0.0012994000001071981,0.39271800000005896
method-002,7,Degree,MarginalGainPredictor,10,,3519,53.7,658,24.3,820,19.4,29.400000000000002,4.900000000000002,34.300000000000004,0.0,0.000172399999883055,0.001803200000040306,0.6300416999999925
method-002,8,Degree,MarginalGainPredictor,10,,228,56.2,892,33.9,1249,15.4,22.300000000000004,18.5,40.800000000000004,0.0,8.200000002034358e-05,0.0014114999999037536,0.33008170000016435
method-002,9,Degree,MarginalGainPredictor,10,,228,64.6,830,36.5,1423,13.0,28.099999999999994,23.5,51.599999999999994,0.0,9.23999998576619e-05,0.0012566000000333588,0.4403528999998798
method-002,10,Degree,MarginalGainPredictor,10,,228,56.3,892,32.9,1352,12.0,23.4,20.9,44.3,0.0,9.969999996428669e-05,0.0012805999999727646,0.32520049999993716
method-003,1,Degree,OriginalOrder,20,,1265,87.3,1265,87.3,916,28.1,0.0,59.199999999999996,59.199999999999996,0.0,0.0001448999998956424,3.999998625658918e-07,0.47763559999998506
method-003,2,Degree,OriginalOrder,20,,1265,96.8,1265,96.8,410,45.3,0.0,51.5,51.5,0.0,0.0001138000000082684,3.999998625658918e-07,0.5952376000000186
method-003,3,Degree,OriginalOrder,20,,1265,88.6,1265,88.6,1265,88.6,0.0,0.0,0.0,0.0,0.00010580000002846646,1.999999312829459e-07,0.43993060000002515
method-003,4,Degree,OriginalOrder,20,,228,48.0,310,41.6,830,21.9,6.399999999999999,19.700000000000003,26.1,0.0,8.730000013201789e-05,2.0000015865662135e-07,0.4706275999999434
method-003,5,Degree,OriginalOrder,20,,228,60.7,310,42.5,1249,14.7,18.200000000000003,27.8,46.0,-3.552713678800501e-15,9.389999991071818e-05,1.999999312829459e-07,0.43058109999992666
method-003,6,Degree,OriginalOrder,20,,3519,56.2,892,39.9,72,9.6,16.300000000000004,30.299999999999997,46.6,0.0,0.0001029000000016822,1.999999312829459e-07,0.5436101000000235
method-003,7,Degree,OriginalOrder,20,,3519,55.8,310,39.1,98,13.0,16.699999999999996,26.1,42.8,0.0,0.00020240000003468595,4.999999418942025e-07,0.8090319000000363
method-003,8,Degree,OriginalOrder,20,,228,56.7,892,33.9,1423,11.1,22.800000000000004,22.799999999999997,45.6,0.0,9.949999980563007e-05,3.000000106112566e-07,0.5345110000000659
method-003,9,Degree,OriginalOrder,20,,3519,58.5,310,41.6,310,41.6,16.9,0.0,16.9,0.0,9.260000001631852e-05,4.0000008993956726e-07,0.4001298000000588
method-003,10,Degree,OriginalOrder,20,,228,56.9,1807,34.8,985,32.2,22.1,2.5999999999999943,24.699999999999996,0.0,8.269999989352073e-05,3.000000106112566e-07,0.4803071000001182
method-004,1,Degree,MarginalGainPredictor,20,,1265,87.3,1265,87.3,1265,87.3,0.0,0.0,0.0,0.0,0.0001448999998956424,0.000987199999826771,0.47763559999998506
method-004,2,Degree,MarginalGainPredictor,20,,3519,53.8,410,45.5,410,45.5,8.299999999999997,0.0,8.299999999999997,0.0,0.00014120000014372636,0.0006422999999813328,0.4324850999998944
method-004,3,Degree,MarginalGainPredictor,20,,228,55.6,310,41.4,310,41.4,14.200000000000003,0.0,14.200000000000003,0.0,0.00010459999998602143,0.0007953000001634791,0.5402384000001348
method-004,4,Degree,MarginalGainPredictor,20,,228,48.1,1807,33.0,1807,33.0,15.100000000000001,0.0,15.100000000000001,0.0,0.00012999999989915523,0.0011062999999467138,0.5286573999999291
method-004,5,Degree,MarginalGainPredictor,20,,228,60.7,892,38.3,985,30.1,22.400000000000006,8.199999999999996,30.6,0.0,0.00015289999987544434,0.0014899000000241358,0.528358100000105
method-004,6,Degree,MarginalGainPredictor,20,,228,55.1,892,43.3,820,17.1,11.800000000000004,26.199999999999996,38.0,0.0,9.709999994811369e-05,0.0013383000000430911,0.5579947000001084
method-004,7,Degree,MarginalGainPredictor,20,,3519,53.7,892,32.2,1277,0.0,21.5,32.2,53.7,0.0,0.0001604999999926804,0.0018939000001410022,0.8148200999999062
method-004,8,Degree,MarginalGainPredictor,20,,228,56.2,892,33.9,916,5.4,22.300000000000004,28.5,50.800000000000004,0.0,8.389999993596575e-05,0.0012672999998812884,0.5073942999999872
method-004,9,Degree,MarginalGainPredictor,20,,228,64.6,830,36.5,2216,33.6,28.099999999999994,2.8999999999999986,30.999999999999993,0.0,9.829999999055872e-05,0.0015955000001213193,0.5687422000000879
method-004,10,Degree,MarginalGainPredictor,20,,228,56.4,3916,33.6,1249,8.3,22.799999999999997,25.3,48.099999999999994,-3.552713678800501e-15,8.419999994657701e-05,0.0013414000000011583,0.48969850000003134
method-005,1,Degree,OriginalOrder,50,,1265,87.3,1265,87.3,916,28.1,0.0,59.199999999999996,59.199999999999996,0.0,0.0001448999998956424,3.000000106112566e-07,0.47763559999998506
method-005,2,Degree,OriginalOrder,50,,1265,96.8,1265,96.8,410,45.3,0.0,51.5,51.5,0.0,0.0001138000000082684,1.999999312829459e-07,0.5952376000000186
method-005,3,Degree,OriginalOrder,50,,1265,88.6,1265,88.6,1265,88.6,0.0,0.0,0.0,0.0,0.00010580000002846646,1.999999312829459e-07,0.43993060000002515
method-005,4,Degree,OriginalOrder,50,,228,48.0,228,48.0,830,21.9,0.0,26.1,26.1,0.0,8.730000013201789e-05,2.9999978323758114e-07,0.4706275999999434
method-005,5,Degree,OriginalOrder,50,,228,60.7,228,60.7,1249,14.7,0.0,46.0,46.0,0.0,9.389999991071818e-05,2.0000015865662135e-07,0.43058109999992666
method-005,6,Degree,OriginalOrder,50,,3519,56.2,228,55.1,72,9.6,1.1000000000000014,45.5,46.6,0.0,0.0001029000000016822,2.0000015865662135e-07,0.5436101000000235
method-005,7,Degree,OriginalOrder,50,,3519,55.8,228,46.2,98,13.0,9.599999999999994,33.2,42.8,0.0,0.00020240000003468595,6.000000212225132e-07,0.8090319000000363
method-005,8,Degree,OriginalOrder,50,,228,56.7,228,56.7,1423,11.1,0.0,45.6,45.6,0.0,9.949999980563007e-05,4.999999418942025e-07,0.5345110000000659
method-005,9,Degree,OriginalOrder,50,,3519,58.5,228,55.0,310,41.6,3.5,13.399999999999999,16.9,0.0,9.260000001631852e-05,4.0000008993956726e-07,0.4001298000000588
method-005,10,Degree,OriginalOrder,50,,228,56.9,228,56.9,985,32.2,0.0,24.699999999999996,24.699999999999996,0.0,8.269999989352073e-05,3.000000106112566e-07,0.4803071000001182
method-006,1,Degree,MarginalGainPredictor,50,,1265,87.3,1265,87.3,1265,87.3,0.0,0.0,0.0,0.0,0.0001448999998956424,0.0007330000000820291,0.47763559999998506
method-006,2,Degree,MarginalGainPredictor,50,,3519,53.8,228,52.8,410,45.5,1.0,7.299999999999997,8.299999999999997,0.0,0.00014120000014372636,0.0006594999999833817,0.4324850999998944
method-006,3,Degree,MarginalGainPredictor,50,,228,55.6,228,55.6,310,41.4,0.0,14.200000000000003,14.200000000000003,0.0,0.00010459999998602143,0.0005847999998422893,0.5402384000001348
method-006,4,Degree,MarginalGainPredictor,50,,228,48.1,228,48.1,1807,33.0,0.0,15.100000000000001,15.100000000000001,0.0,0.00012999999989915523,0.0010174000001370587,0.5286573999999291
method-006,5,Degree,MarginalGainPredictor,50,,228,60.7,228,60.7,985,30.1,0.0,30.6,30.6,0.0,0.00015289999987544434,0.0007362999999713793,0.528358100000105
method-006,6,Degree,MarginalGainPredictor,50,,228,55.1,228,55.1,2216,30.3,0.0,24.8,24.8,0.0,9.709999994811369e-05,0.0006120999998984189,0.5579947000001084
method-006,7,Degree,MarginalGainPredictor,50,,3519,54.0,228,46.1,820,19.4,7.899999999999999,26.700000000000003,34.6,0.0,0.00013009999997848354,0.002189900000075795,0.8039721999998619
method-006,8,Degree,MarginalGainPredictor,50,,228,56.2,228,56.2,1277,0.0,0.0,56.2,56.2,0.0,9.320000003754103e-05,0.0013136000000031345,0.5002293000000009
method-006,9,Degree,MarginalGainPredictor,50,,228,64.6,228,64.6,7995,13.8,0.0,50.8,50.8,0.0,8.569999999963329e-05,0.001335899999958201,0.4441374000000451
method-006,10,Degree,MarginalGainPredictor,50,,228,56.4,228,56.4,916,7.5,0.0,48.9,48.9,0.0,8.260000004156609e-05,0.0013071999999283435,0.49709069999994426
method-007,1,Degree,OriginalOrder,100,,1265,87.3,1265,87.3,916,28.1,0.0,59.199999999999996,59.199999999999996,0.0,0.0001448999998956424,1.999999312829459e-07,0.47763559999998506
method-007,2,Degree,OriginalOrder,100,,1265,96.8,1265,96.8,410,45.3,0.0,51.5,51.5,0.0,0.0001138000000082684,2.0000015865662135e-07,0.5952376000000186
method-007,3,Degree,OriginalOrder,100,,1265,88.6,1265,88.6,1265,88.6,0.0,0.0,0.0,0.0,0.00010580000002846646,1.999999312829459e-07,0.43993060000002515
method-007,4,Degree,OriginalOrder,100,,228,48.0,228,48.0,830,21.9,0.0,26.1,26.1,0.0,8.730000013201789e-05,4.0000008993956726e-07,0.4706275999999434
method-007,5,Degree,OriginalOrder,100,,228,60.7,228,60.7,1249,14.7,0.0,46.0,46.0,0.0,9.389999991071818e-05,3.000000106112566e-07,0.43058109999992666
method-007,6,Degree,OriginalOrder,100,,3519,56.2,3519,56.2,72,9.6,0.0,46.6,46.6,0.0,0.0001029000000016822,3.000000106112566e-07,0.5436101000000235
method-007,7,Degree,OriginalOrder,100,,3519,55.8,3519,55.8,98,13.0,0.0,42.8,42.8,0.0,0.00020240000003468595,3.000000106112566e-07,0.8090319000000363
method-007,8,Degree,OriginalOrder,100,,228,56.7,228,56.7,1423,11.1,0.0,45.6,45.6,0.0,9.949999980563007e-05,2.9999978323758114e-07,0.5345110000000659
method-007,9,Degree,OriginalOrder,100,,3519,58.5,3519,58.5,310,41.6,0.0,16.9,16.9,0.0,9.260000001631852e-05,3.000000106112566e-07,0.4001298000000588
method-007,10,Degree,OriginalOrder,100,,228,56.9,228,56.9,985,32.2,0.0,24.699999999999996,24.699999999999996,0.0,8.269999989352073e-05,3.000000106112566e-07,0.4803071000001182
method-008,1,Degree,MarginalGainPredictor,100,,1265,87.3,1265,87.3,1265,87.3,0.0,0.0,0.0,0.0,0.0001448999998956424,0.0007728000000497559,0.47763559999998506
method-008,2,Degree,MarginalGainPredictor,100,,3519,53.8,3519,53.8,410,45.5,0.0,8.299999999999997,8.299999999999997,0.0,0.00014120000014372636,0.0010434999999233696,0.4324850999998944
method-008,3,Degree,MarginalGainPredictor,100,,228,55.6,228,55.6,310,41.4,0.0,14.200000000000003,14.200000000000003,0.0,0.00010459999998602143,0.0007444000000305095,0.5402384000001348
method-008,4,Degree,MarginalGainPredictor,100,,228,48.1,228,48.1,1807,33.0,0.0,15.100000000000001,15.100000000000001,0.0,0.00012999999989915523,0.0011011000001417415,0.5286573999999291
method-008,5,Degree,MarginalGainPredictor,100,,228,60.7,228,60.7,985,30.1,0.0,30.6,30.6,0.0,0.00015289999987544434,0.0010601999999835243,0.528358100000105
method-008,6,Degree,MarginalGainPredictor,100,,228,55.1,228,55.1,2216,30.3,0.0,24.8,24.8,0.0,9.709999994811369e-05,0.0005449999998745625,0.5579947000001084
method-008,7,Degree,MarginalGainPredictor,100,,3519,54.0,3519,54.0,820,19.4,0.0,34.6,34.6,0.0,0.00013009999997848354,0.0015502000001106353,0.8039721999998619
method-008,8,Degree,MarginalGainPredictor,100,,228,56.2,228,56.2,1277,0.0,0.0,56.2,56.2,0.0,9.320000003754103e-05,0.0007390000000668806,0.5002293000000009
method-008,9,Degree,MarginalGainPredictor,100,,228,64.6,228,64.6,7995,13.8,0.0,50.8,50.8,0.0,8.569999999963329e-05,0.0007715000001553562,0.4441374000000451
method-008,10,Degree,MarginalGainPredictor,100,,228,56.4,228,56.4,916,7.5,0.0,48.9,48.9,0.0,8.260000004156609e-05,0.0006584999998722196,0.49709069999994426
method-009,1,DegreeDiscount,OriginalOrder,10,,1265,87.3,1277,87.3,12802,18.8,0.0,68.5,68.5,0.0,0.0032320000000254367,1.999999312829459e-07,0.47763559999998506
method-009,2,DegreeDiscount,OriginalOrder,10,,1265,98.6,1277,98.6,12803,0.0,0.0,98.6,98.6,0.0,0.0017944999999599531,1.999999312829459e-07,0.597201000000041
method-009,3,DegreeDiscount,OriginalOrder,10,,1265,101.8,1277,101.8,1352,13.3,0.0,88.5,88.5,0.0,0.0018016999999872496,1.999999312829459e-07,0.6118518999999196
method-009,4,DegreeDiscount,OriginalOrder,10,,1265,82.0,1277,82.0,12804,0.6,0.0,81.4,81.4,0.0,0.001796099999864964,4.0000008993956726e-07,0.6048593000000437
method-009,5,DegreeDiscount,OriginalOrder,10,,1265,99.2,1277,99.2,310,41.7,0.0,57.5,57.5,0.0,0.001783599999953367,3.000000106112566e-07,0.4593852999998944
method-009,6,DegreeDiscount,OriginalOrder,10,,1265,78.0,1277,78.0,905,27.6,0.0,50.4,50.4,0.0,0.001858700000184399,2.0000015865662135e-07,0.5819334000000254
method-009,7,DegreeDiscount,OriginalOrder,10,,1265,71.1,1277,71.1,72,13.4,0.0,57.699999999999996,57.699999999999996,0.0,0.0038250000000061846,5.999997938488377e-07,0.7231421999999839
method-009,8,DegreeDiscount,OriginalOrder,10,,1265,84.3,1277,84.3,1277,84.3,0.0,0.0,0.0,0.0,0.0018570999998246407,3.000000106112566e-07,0.4087455000001228
method-009,9,DegreeDiscount,OriginalOrder,10,,228,64.6,1807,45.7,1249,23.1,18.89999999999999,22.6,41.49999999999999,0.0,0.001892600000019229,4.0000008993956726e-07,0.5419369999999617
method-009,10,DegreeDiscount,OriginalOrder,10,,228,57.0,1807,41.4,1439,18.7,15.600000000000001,22.7,38.3,-3.552713678800501e-15,0.001870000000053551,3.999998625658918e-07,0.38488619999998264
method-010,1,DegreeDiscount,MarginalGainPredictor,10,,1265,87.3,1277,87.3,310,47.1,0.0,40.199999999999996,40.199999999999996,0.0,0.0032320000000254367,0.0007894999998825369,0.47763559999998506
method-010,2,DegreeDiscount,MarginalGainPredictor,10,,1265,97.9,1277,97.9,1277,97.9,0.0,0.0,0.0,0.0,0.001753399999870453,0.0015212000000701664,0.4364031000000068
method-010,3,DegreeDiscount,MarginalGainPredictor,10,,228,55.5,12802,24.3,1249,18.8,31.2,5.5,36.7,3.552713678800501e-15,0.0017657999999300955,0.0014094000000568485,0.3926014999999552
method-010,4,DegreeDiscount,MarginalGainPredictor,10,,410,48.4,12802,26.8,1816,16.0,21.599999999999998,10.8,32.4,0.0,0.0017883000000438187,0.0014264000001276145,0.4398234999998749
method-010,5,DegreeDiscount,MarginalGainPredictor,10,,228,61.0,4679,23.9,1439,22.4,37.1,1.5,38.6,0.0,0.0017428999999538064,0.0013896999998905812,0.5086451999998189
method-010,6,DegreeDiscount,MarginalGainPredictor,10,,228,55.0,905,26.5,1423,19.1,28.5,7.399999999999999,35.9,0.0,0.0017892000000756525,0.0017907000001287088,0.38879419999989295
method-010,7,DegreeDiscount,MarginalGainPredictor,10,,3519,52.2,181,35.4,1352,14.9,16.800000000000004,20.5,37.300000000000004,0.0,0.0037981000000399945,0.0014507999999295862,0.8145566000000599
method-010,8,DegreeDiscount,MarginalGainPredictor,10,,228,56.5,181,28.0,72,9.5,28.5,18.5,47.0,0.0,0.0018450000000029831,0.0012599000001500826,0.4659493999999995
method-010,9,DegreeDiscount,MarginalGainPredictor,10,,228,64.6,181,25.8,1807,12.0,38.8,13.8,52.599999999999994,-3.552713678800501e-15,0.0018627000001743,0.0013289000000895612,0.3580007000000478
method-010,10,DegreeDiscount,MarginalGainPredictor,10,,228,56.3,4679,27.0,1920,25.1,29.299999999999997,1.8999999999999986,31.199999999999996,0.0,0.001841399999875648,0.001289199999973789,0.42128539999998793
method-011,1,DegreeDiscount,OriginalOrder,20,,1265,87.3,1277,87.3,12802,18.8,0.0,68.5,68.5,0.0,0.0032320000000254367,3.000000106112566e-07,0.47763559999998506
method-011,2,DegreeDiscount,OriginalOrder,20,,1265,98.6,1277,98.6,12803,0.0,0.0,98.6,98.6,0.0,0.0017944999999599531,3.999998625658918e-07,0.597201000000041
method-011,3,DegreeDiscount,OriginalOrder,20,,1265,101.8,1277,101.8,1352,13.3,0.0,88.5,88.5,0.0,0.0018016999999872496,2.9999978323758114e-07,0.6118518999999196
method-011,4,DegreeDiscount,OriginalOrder,20,,1265,82.0,1277,82.0,12804,0.6,0.0,81.4,81.4,0.0,0.001796099999864964,1.999999312829459e-07,0.6048593000000437
method-011,5,DegreeDiscount,OriginalOrder,20,,1265,99.2,1277,99.2,310,41.7,0.0,57.5,57.5,0.0,0.001783599999953367,4.0000008993956726e-07,0.4593852999998944
method-011,6,DegreeDiscount,OriginalOrder,20,,1265,78.0,1277,78.0,905,27.6,0.0,50.4,50.4,0.0,0.001858700000184399,4.999999418942025e-07,0.5819334000000254
method-011,7,DegreeDiscount,OriginalOrder,20,,1265,71.1,1265,71.1,72,13.4,0.0,57.699999999999996,57.699999999999996,0.0,0.0038250000000061846,4.0000008993956726e-07,0.7231421999999839
method-011,8,DegreeDiscount,OriginalOrder,20,,1265,84.3,1265,84.3,1277,84.3,0.0,0.0,0.0,0.0,0.0018570999998246407,1.999999312829459e-07,0.4087455000001228
method-011,9,DegreeDiscount,OriginalOrder,20,,228,64.6,1807,45.7,1249,23.1,18.89999999999999,22.6,41.49999999999999,0.0,0.001892600000019229,4.999999418942025e-07,0.5419369999999617
method-011,10,DegreeDiscount,OriginalOrder,20,,228,57.0,1807,41.4,1439,18.7,15.600000000000001,22.7,38.3,-3.552713678800501e-15,0.001870000000053551,3.000000106112566e-07,0.38488619999998264
method-012,1,DegreeDiscount,MarginalGainPredictor,20,,1265,87.3,1277,87.3,310,47.1,0.0,40.199999999999996,40.199999999999996,0.0,0.0032320000000254367,0.0005229000000781525,0.47763559999998506
method-012,2,DegreeDiscount,MarginalGainPredictor,20,,1265,97.9,1277,97.9,1807,34.4,0.0,63.50000000000001,63.50000000000001,0.0,0.001753399999870453,0.0015226000000438944,0.4364031000000068
method-012,3,DegreeDiscount,MarginalGainPredictor,20,,1265,93.2,1277,93.2,1277,93.2,0.0,0.0,0.0,0.0,0.001840700000002471,0.0014714999999796419,0.6298636999999871
method-012,4,DegreeDiscount,MarginalGainPredictor,20,,410,48.5,1920,32.5,1423,12.6,16.0,19.9,35.9,0.0,0.0017705000000205473,0.0013553999999658117,0.6059114000001955
method-012,5,DegreeDiscount,MarginalGainPredictor,20,,228,61.0,3916,29.8,1439,22.4,31.2,7.400000000000002,38.6,0.0,0.0018198000000211323,0.0016739999998662825,0.46926440000015646
method-012,6,DegreeDiscount,MarginalGainPredictor,20,,228,55.0,2023,28.3,1265,0.0,26.7,28.3,55.0,0.0,0.0018199000001004606,0.0017789000000902888,0.5612673000000541
method-012,7,DegreeDiscount,MarginalGainPredictor,20,,3519,51.4,181,35.6,1352,15.1,15.799999999999997,20.5,36.3,0.0,0.0027213999999275984,0.0022854999999708525,0.6664200000000164
method-012,8,DegreeDiscount,MarginalGainPredictor,20,,228,56.5,181,28.0,1920,27.6,28.5,0.3999999999999986,28.9,0.0,0.0021424999999908323,0.0012274999999135616,0.41021649999993315
method-012,9,DegreeDiscount,MarginalGainPredictor,20,,228,64.5,181,25.6,72,9.1,38.9,16.5,55.4,0.0,0.0018483999999716616,0.0013152999999874737,0.4883129999998346
method-012,10,DegreeDiscount,MarginalGainPredictor,20,,228,56.3,3916,27.6,3916,27.6,28.699999999999996,0.0,28.699999999999996,0.0,0.0018368999999438529,0.001267699999971228,0.3877370999998675
method-013,1,DegreeDiscount,OriginalOrder,50,,1265,87.3,1265,87.3,12802,18.8,0.0,68.5,68.5,0.0,0.0032320000000254367,1.999999312829459e-07,0.47763559999998506
method-013,2,DegreeDiscount,OriginalOrder,50,,1265,98.6,1265,98.6,12803,0.0,0.0,98.6,98.6,0.0,0.0017944999999599531,3.000000106112566e-07,0.597201000000041
method-013,3,DegreeDiscount,OriginalOrder,50,,1265,101.8,1265,101.8,1352,13.3,0.0,88.5,88.5,0.0,0.0018016999999872496,3.000000106112566e-07,0.6118518999999196
method-013,4,DegreeDiscount,OriginalOrder,50,,1265,82.0,1265,82.0,12804,0.6,0.0,81.4,81.4,0.0,0.001796099999864964,1.999999312829459e-07,0.6048593000000437
method-013,5,DegreeDiscount,OriginalOrder,50,,1265,99.2,1265,99.2,310,41.7,0.0,57.5,57.5,0.0,0.001783599999953367,3.000000106112566e-07,0.4593852999998944
method-013,6,DegreeDiscount,OriginalOrder,50,,1265,78.0,1265,78.0,905,27.6,0.0,50.4,50.4,0.0,0.001858700000184399,5.000001692678779e-07,0.5819334000000254
method-013,7,DegreeDiscount,OriginalOrder,50,,1265,71.1,1265,71.1,72,13.4,0.0,57.699999999999996,57.699999999999996,0.0,0.0038250000000061846,2.9999978323758114e-07,0.7231421999999839
method-013,8,DegreeDiscount,OriginalOrder,50,,1265,84.3,1265,84.3,1277,84.3,0.0,0.0,0.0,0.0,0.0018570999998246407,1.999999312829459e-07,0.4087455000001228
method-013,9,DegreeDiscount,OriginalOrder,50,,228,64.6,3519,59.8,1249,23.1,4.799999999999997,36.699999999999996,41.49999999999999,0.0,0.001892600000019229,3.000000106112566e-07,0.5419369999999617
method-013,10,DegreeDiscount,OriginalOrder,50,,228,57.0,410,48.7,1439,18.7,8.299999999999997,30.000000000000004,38.3,-3.552713678800501e-15,0.001870000000053551,3.999998625658918e-07,0.38488619999998264
method-014,1,DegreeDiscount,MarginalGainPredictor,50,,1265,87.3,1265,87.3,1265,87.3,0.0,0.0,0.0,0.0,0.0032320000000254367,0.0004480000000057771,0.47763559999998506
method-014,2,DegreeDiscount,MarginalGainPredictor,50,,3519,53.8,410,45.5,410,45.5,8.299999999999997,0.0,8.299999999999997,0.0,0.0033762999998998566,0.0011294000000816595,0.4324850999998944
method-014,3,DegreeDiscount,MarginalGainPredictor,50,,228,55.6,9070,53.1,310,41.4,2.5,11.700000000000003,14.200000000000003,0.0,0.0032048000000486354,0.0009640000000672444,0.5402384000001348
method-014,4,DegreeDiscount,MarginalGainPredictor,50,,228,48.1,5753,38.3,1807,33.0,9.800000000000004,5.299999999999997,15.100000000000001,0.0,0.0031337999998868327,0.0009112999998706073,0.5286573999999291
method-014,5,DegreeDiscount,MarginalGainPredictor,50,,228,60.7,5753,43.7,985,30.1,17.0,13.600000000000001,30.6,0.0,0.0031872999998086016,0.0011789000000135275,0.528358100000105
method-014,6,DegreeDiscount,MarginalGainPredictor,50,,228,55.1,3519,54.1,1277,0.0,1.0,54.1,55.1,0.0,0.0030945999999403284,0.0013659999999617867,0.5579947000001084
method-014,7,DegreeDiscount,MarginalGainPredictor,50,,3519,54.0,3519,54.0,7995,19.8,0.0,34.2,34.2,0.0,0.004011300000001938,0.0020919999999478023,0.8402403999998569
method-014,8,DegreeDiscount,MarginalGainPredictor,50,,228,56.2,3519,44.9,1423,11.4,11.300000000000004,33.5,44.800000000000004,0.0,0.001855999999861524,0.0013550999999552005,0.4857560000000376
method-014,9,DegreeDiscount,MarginalGainPredictor,50,,228,64.6,3519,57.5,1816,0.0,7.099999999999994,57.5,64.6,0.0,0.001809499999808395,0.0014080999999350752,0.4855921999999282
method-014,10,DegreeDiscount,MarginalGainPredictor,50,,228,56.3,5753,44.1,1439,18.7,12.199999999999996,25.400000000000002,37.599999999999994,-3.552713678800501e-15,0.0020230999998602783,0.0013059000000339438,0.4917374999999993
method-015,1,DegreeDiscount,OriginalOrder,100,,1265,87.3,1265,87.3,12802,18.8,0.0,68.5,68.5,0.0,0.0032320000000254367,3.000000106112566e-07,0.47763559999998506
method-015,2,DegreeDiscount,OriginalOrder,100,,1265,98.6,1265,98.6,12803,0.0,0.0,98.6,98.6,0.0,0.0017944999999599531,4.0000008993956726e-07,0.597201000000041
method-015,3,DegreeDiscount,OriginalOrder,100,,1265,101.8,1265,101.8,1352,13.3,0.0,88.5,88.5,0.0,0.0018016999999872496,6.999998731771484e-07,0.6118518999999196
method-015,4,DegreeDiscount,OriginalOrder,100,,1265,82.0,1265,82.0,12804,0.6,0.0,81.4,81.4,0.0,0.001796099999864964,3.000000106112566e-07,0.6048593000000437
method-015,5,DegreeDiscount,OriginalOrder,100,,1265,99.2,1265,99.2,310,41.7,0.0,57.5,57.5,0.0,0.001783599999953367,1.999999312829459e-07,0.4593852999998944
method-015,6,DegreeDiscount,OriginalOrder,100,,1265,78.0,1265,78.0,905,27.6,0.0,50.4,50.4,0.0,0.001858700000184399,4.999999418942025e-07,0.5819334000000254
method-015,7,DegreeDiscount,OriginalOrder,100,,1265,71.1,1265,71.1,72,13.4,0.0,57.699999999999996,57.699999999999996,0.0,0.0038250000000061846,6.000000212225132e-07,0.7231421999999839
method-015,8,DegreeDiscount,OriginalOrder,100,,1265,84.3,1265,84.3,1277,84.3,0.0,0.0,0.0,0.0,0.0018570999998246407,2.9999978323758114e-07,0.4087455000001228
method-015,9,DegreeDiscount,OriginalOrder,100,,228,64.6,228,64.6,1249,23.1,0.0,41.49999999999999,41.49999999999999,0.0,0.001892600000019229,3.999998625658918e-07,0.5419369999999617
method-015,10,DegreeDiscount,OriginalOrder,100,,228,57.0,228,57.0,1439,18.7,0.0,38.3,38.3,0.0,0.001870000000053551,2.9999978323758114e-07,0.38488619999998264
method-016,1,DegreeDiscount,MarginalGainPredictor,100,,1265,87.3,1265,87.3,1265,87.3,0.0,0.0,0.0,0.0,0.0032320000000254367,0.0005720999999994092,0.47763559999998506
method-016,2,DegreeDiscount,MarginalGainPredictor,100,,3519,53.8,3519,53.8,410,45.5,0.0,8.299999999999997,8.299999999999997,0.0,0.0033762999998998566,0.0009801999999581312,0.4324850999998944
method-016,3,DegreeDiscount,MarginalGainPredictor,100,,228,55.6,228,55.6,310,41.4,0.0,14.200000000000003,14.200000000000003,0.0,0.0032048000000486354,0.0009657000000515836,0.5402384000001348
method-016,4,DegreeDiscount,MarginalGainPredictor,100,,228,48.1,228,48.1,1807,33.0,0.0,15.100000000000001,15.100000000000001,0.0,0.0031337999998868327,0.0006879000000026281,0.5286573999999291
method-016,5,DegreeDiscount,MarginalGainPredictor,100,,228,60.7,228,60.7,985,30.1,0.0,30.6,30.6,0.0,0.0031872999998086016,0.0006819999998697313,0.528358100000105
method-016,6,DegreeDiscount,MarginalGainPredictor,100,,228,55.1,228,55.1,2216,30.3,0.0,24.8,24.8,0.0,0.0030945999999403284,0.0009138000000348256,0.5579947000001084
method-016,7,DegreeDiscount,MarginalGainPredictor,100,,3519,54.0,3519,54.0,820,19.4,0.0,34.6,34.6,0.0,0.005179900000030102,0.001368899999988571,0.8039721999998619
method-016,8,DegreeDiscount,MarginalGainPredictor,100,,228,56.2,228,56.2,1277,0.0,0.0,56.2,56.2,0.0,0.003089099999897371,0.0008468000000902975,0.5002293000000009
method-016,9,DegreeDiscount,MarginalGainPredictor,100,,228,64.6,228,64.6,7995,13.8,0.0,50.8,50.8,0.0,0.003072599999995873,0.0008414000001266686,0.4441374000000451
method-016,10,DegreeDiscount,MarginalGainPredictor,100,,228,56.4,228,56.4,1423,15.2,0.0,41.2,41.2,0.0,0.0030398999999761145,0.0008448999999473017,0.49709069999994426
method-017,1,FeatureDQN,OriginalOrder,10,,1265,87.3,905,19.6,2034,15.2,67.69999999999999,4.400000000000002,72.1,3.552713678800501e-15,0.0014366000000336498,1.999999312829459e-07,0.47763559999998506
method-017,2,FeatureDQN,OriginalOrder,10,,1265,95.3,905,14.1,1126,5.7,81.2,8.399999999999999,89.6,-7.105427357601002e-15,0.0012099000000489468,3.000000106112566e-07,0.5881530999999995
method-017,3,FeatureDQN,OriginalOrder,10,,1265,98.8,7963,21.2,1158,2.0,77.6,19.2,96.8,3.552713678800501e-15,0.0015855999999985215,3.999998625658918e-07,0.4868590999999469
method-017,4,FeatureDQN,OriginalOrder,10,,1265,81.1,4826,19.1,4826,19.1,61.99999999999999,0.0,61.99999999999999,0.0,0.0018560999999408523,3.999998625658918e-07,0.5031629000000066
method-017,5,FeatureDQN,OriginalOrder,10,,1265,99.3,7963,29.2,1236,5.5,70.1,23.7,93.8,3.552713678800501e-15,0.0012627999999494932,2.9999978323758114e-07,0.5476071999999022
method-017,6,FeatureDQN,OriginalOrder,10,,1265,79.3,2105,21.1,723,2.6,58.199999999999996,18.5,76.7,7.105427357601002e-15,0.0012469999999211723,4.0000008993956726e-07,0.45514749999983906
method-017,7,FeatureDQN,OriginalOrder,10,,1265,69.1,892,30.1,711,2.9,38.99999999999999,27.200000000000003,66.19999999999999,-7.105427357601002e-15,0.0016092000000753615,1.999999312829459e-07,0.7111287999998694
method-017,8,FeatureDQN,OriginalOrder,10,,1265,91.9,228,56.2,461,10.4,35.7,45.800000000000004,81.5,-7.105427357601002e-15,0.0012295999999878404,3.999998625658918e-07,0.4036343999998735
method-017,9,FeatureDQN,OriginalOrder,10,,1265,68.3,228,63.0,905,10.0,5.299999999999997,53.0,58.3,0.0,0.0011532000000897824,4.0000008993956726e-07,0.3973911999999018
method-017,10,FeatureDQN,OriginalOrder,10,,1265,85.2,228,57.4,2510,16.5,27.800000000000004,40.9,68.7,0.0,0.0011323000001084438,3.000000106112566e-07,0.49294860000009066
method-018,1,FeatureDQN,MarginalGainPredictor,10,,1265,87.3,905,19.6,905,19.6,67.69999999999999,0.0,67.69999999999999,0.0,0.0014366000000336498,0.00039220000007844646,0.47763559999998506
method-018,2,FeatureDQN,MarginalGainPredictor,10,,1265,92.4,461,13.5,2510,8.7,78.9,4.800000000000001,83.7,-3.552713678800501e-15,0.0016963000000487227,0.001378100000010818,0.5529796000000715
method-018,3,FeatureDQN,MarginalGainPredictor,10,,1265,98.9,7963,21.2,7963,21.2,77.7,0.0,77.7,0.0,0.0012308000000302854,0.0010838999999123189,0.5546478999999636
method-018,4,FeatureDQN,MarginalGainPredictor,10,,1265,80.7,4826,19.1,1158,4.1,61.6,15.000000000000002,76.60000000000001,5.329070518200751e-15,0.0030400999999073974,0.0013920999999754713,0.5813995999999406
method-018,5,FeatureDQN,MarginalGainPredictor,10,,1265,92.2,2105,20.6,2105,20.6,71.6,0.0,71.6,0.0,0.0015390000000934378,0.0019495999999890046,0.5096561000000293
method-018,6,FeatureDQN,MarginalGainPredictor,10,,1265,77.7,4826,17.7,2854,14.2,60.0,3.5,63.5,0.0,0.0014083000000937318,0.001204199999847333,0.5078427000000829
method-018,7,FeatureDQN,MarginalGainPredictor,10,,1265,70.9,892,22.6,892,22.6,48.300000000000004,0.0,48.300000000000004,0.0,0.0022131000000626955,0.0016640000001189037,0.7824573000000328
method-018,8,FeatureDQN,MarginalGainPredictor,10,,1265,89.4,228,56.8,228,56.8,32.60000000000001,0.0,32.60000000000001,0.0,0.0012243000001035398,0.0010125999999672786,0.4390315999999075
method-018,9,FeatureDQN,MarginalGainPredictor,10,,1265,69.6,4826,13.7,2032,9.7,55.89999999999999,4.0,59.89999999999999,0.0,0.001182299999982206,0.0009746000000632193,0.4448512999999821
method-018,10,FeatureDQN,MarginalGainPredictor,10,,1265,84.2,1236,12.9,4826,7.5,71.3,5.4,76.7,5.329070518200751e-15,0.001387999999906242,0.001351500000055239,0.34496979999994437
method-019,1,FeatureDQN,OriginalOrder,20,,1265,87.3,228,57.8,2034,15.2,29.5,42.599999999999994,72.1,0.0,0.0014366000000336498,3.000000106112566e-07,0.47763559999998506
method-019,2,FeatureDQN,OriginalOrder,20,,1265,95.3,228,53.2,1126,5.7,42.099999999999994,47.5,89.6,0.0,0.0012099000000489468,4.999999418942025e-07,0.5881530999999995
method-019,3,FeatureDQN,OriginalOrder,20,,1265,98.8,228,55.7,1158,2.0,43.099999999999994,53.7,96.8,0.0,0.0015855999999985215,2.0000015865662135e-07,0.4868590999999469
method-019,4,FeatureDQN,OriginalOrder,20,,1265,81.1,228,48.5,4826,19.1,32.599999999999994,29.4,61.99999999999999,0.0,0.0018560999999408523,3.000000106112566e-07,0.5031629000000066
method-019,5,FeatureDQN,OriginalOrder,20,,1265,99.3,228,60.9,1236,5.5,38.4,55.4,93.8,0.0,0.0012627999999494932,4.0000008993956726e-07,0.5476071999999022
method-019,6,FeatureDQN,OriginalOrder,20,,1265,79.3,228,55.2,723,2.6,24.099999999999994,52.6,76.7,7.105427357601002e-15,0.0012469999999211723,4.0000008993956726e-07,0.45514749999983906
method-019,7,FeatureDQN,OriginalOrder,20,,1265,69.1,228,46.2,711,2.9,22.89999999999999,43.300000000000004,66.19999999999999,-7.105427357601002e-15,0.0016092000000753615,4.0000008993956726e-07,0.7111287999998694
method-019,8,FeatureDQN,OriginalOrder,20,,1265,91.9,228,56.2,461,10.4,35.7,45.800000000000004,81.5,-7.105427357601002e-15,0.0012295999999878404,1.999999312829459e-07,0.4036343999998735
method-019,9,FeatureDQN,OriginalOrder,20,,1265,68.3,228,63.0,905,10.0,5.299999999999997,53.0,58.3,0.0,0.0011532000000897824,2.0000015865662135e-07,0.3973911999999018
method-019,10,FeatureDQN,OriginalOrder,20,,1265,85.2,228,57.4,2510,16.5,27.800000000000004,40.9,68.7,0.0,0.0011323000001084438,3.000000106112566e-07,0.49294860000009066
method-020,1,FeatureDQN,MarginalGainPredictor,20,,1265,87.3,228,57.8,892,33.2,29.5,24.599999999999994,54.099999999999994,0.0,0.0014366000000336498,0.0003897999999935564,0.47763559999998506
method-020,2,FeatureDQN,MarginalGainPredictor,20,,1265,92.4,228,53.2,3916,27.6,39.2,25.6,64.80000000000001,7.105427357601002e-15,0.0012652000000343833,0.0012871999999788386,0.4952579999999216
method-020,3,FeatureDQN,MarginalGainPredictor,20,,1265,97.4,228,51.4,2105,16.6,46.00000000000001,34.8,80.80000000000001,7.105427357601002e-15,0.0013252000001102715,0.001379300000053263,0.4709715999999844
method-020,4,FeatureDQN,MarginalGainPredictor,20,,1265,81.0,228,48.4,7963,16.0,32.6,32.4,65.0,0.0,0.001283100000136983,0.0011212000001705746,0.590032199999996
method-020,5,FeatureDQN,MarginalGainPredictor,20,,1265,90.7,228,60.5,2122,19.1,30.200000000000003,41.4,71.6,-7.105427357601002e-15,0.001197399999909976,0.0011196999998901447,0.4722150000000056
method-020,6,FeatureDQN,MarginalGainPredictor,20,,1265,79.8,228,53.5,905,9.7,26.299999999999997,43.8,70.1,0.0,0.0012553999999909138,0.0011423999999351508,0.45512140000005274
method-020,7,FeatureDQN,MarginalGainPredictor,20,,1265,70.2,228,44.9,901,7.8,25.300000000000004,37.1,62.400000000000006,0.0,0.0019108000001324399,0.0016396000000895583,0.6565734000000703
method-020,8,FeatureDQN,MarginalGainPredictor,20,,1265,91.5,228,56.7,2510,16.6,34.8,40.1,74.9,7.105427357601002e-15,0.0012519000001702807,0.0011672999999063904,0.38059419999990496
method-020,9,FeatureDQN,MarginalGainPredictor,20,,1265,70.6,228,64.8,4331,15.0,5.799999999999997,49.8,55.599999999999994,0.0,0.0012910999998894113,0.0010942999999770109,0.3825263000001087
method-020,10,FeatureDQN,MarginalGainPredictor,20,,1265,84.6,228,52.9,228,52.9,31.699999999999996,0.0,31.699999999999996,0.0,0.0013751999999840336,0.0017712999999730528,0.5217230000000654
method-021,1,FeatureDQN,OriginalOrder,50,,1265,87.3,228,57.8,2034,15.2,29.5,42.599999999999994,72.1,0.0,0.0014366000000336498,3.000000106112566e-07,0.47763559999998506
method-021,2,FeatureDQN,OriginalOrder,50,,1265,95.3,228,53.2,1126,5.7,42.099999999999994,47.5,89.6,0.0,0.0012099000000489468,1.999999312829459e-07,0.5881530999999995
method-021,3,FeatureDQN,OriginalOrder,50,,1265,98.8,228,55.7,1158,2.0,43.099999999999994,53.7,96.8,0.0,0.0015855999999985215,2.0000015865662135e-07,0.4868590999999469
method-021,4,FeatureDQN,OriginalOrder,50,,1265,81.1,228,48.5,4826,19.1,32.599999999999994,29.4,61.99999999999999,0.0,0.0018560999999408523,1.999999312829459e-07,0.5031629000000066
method-021,5,FeatureDQN,OriginalOrder,50,,1265,99.3,228,60.9,1236,5.5,38.4,55.4,93.8,0.0,0.0012627999999494932,1.999999312829459e-07,0.5476071999999022
method-021,6,FeatureDQN,OriginalOrder,50,,1265,79.3,228,55.2,723,2.6,24.099999999999994,52.6,76.7,7.105427357601002e-15,0.0012469999999211723,1.999999312829459e-07,0.45514749999983906
method-021,7,FeatureDQN,OriginalOrder,50,,1265,69.1,228,46.2,711,2.9,22.89999999999999,43.300000000000004,66.19999999999999,-7.105427357601002e-15,0.0016092000000753615,3.000000106112566e-07,0.7111287999998694
method-021,8,FeatureDQN,OriginalOrder,50,,1265,91.9,228,56.2,461,10.4,35.7,45.800000000000004,81.5,-7.105427357601002e-15,0.0012295999999878404,3.000000106112566e-07,0.4036343999998735
method-021,9,FeatureDQN,OriginalOrder,50,,1265,68.3,228,63.0,905,10.0,5.299999999999997,53.0,58.3,0.0,0.0011532000000897824,4.999999418942025e-07,0.3973911999999018
method-021,10,FeatureDQN,OriginalOrder,50,,1265,85.2,228,57.4,2510,16.5,27.800000000000004,40.9,68.7,0.0,0.0011323000001084438,3.000000106112566e-07,0.49294860000009066
method-022,1,FeatureDQN,MarginalGainPredictor,50,,1265,87.3,228,57.8,916,28.1,29.5,29.699999999999996,59.199999999999996,0.0,0.0014366000000336498,0.00043170000003556197,0.47763559999998506
method-022,2,FeatureDQN,MarginalGainPredictor,50,,1265,96.8,228,53.2,1423,22.5,43.599999999999994,30.700000000000003,74.3,0.0,0.0012484999999742286,0.0014346000000386994,0.5952376000000186
method-022,3,FeatureDQN,MarginalGainPredictor,50,,1265,88.3,228,54.0,3916,39.0,34.3,15.0,49.3,0.0,0.001725099999930535,0.001554100000021208,0.5786889999999403
method-022,4,FeatureDQN,MarginalGainPredictor,50,,1265,69.4,228,48.4,892,29.8,21.000000000000007,18.599999999999998,39.60000000000001,3.552713678800501e-15,0.001287999999931344,0.0011650000001282024,0.46571129999983896
method-022,5,FeatureDQN,MarginalGainPredictor,50,,1265,86.6,228,60.6,592,20.9,25.999999999999993,39.7,65.69999999999999,-7.105427357601002e-15,0.0012427999999999884,0.0011125000000902219,0.5512423000000126
method-022,6,FeatureDQN,MarginalGainPredictor,50,,1265,70.2,228,55.1,2105,20.8,15.100000000000001,34.3,49.400000000000006,7.105427357601002e-15,0.001275500000019747,0.0011793999999554217,0.539688999999953
method-022,7,FeatureDQN,MarginalGainPredictor,50,,1265,68.1,228,44.9,4331,18.1,23.199999999999996,26.799999999999997,49.99999999999999,0.0,0.0019316000000344502,0.0016387999999096792,0.7938752000000022
method-022,8,FeatureDQN,MarginalGainPredictor,50,,1265,84.7,228,52.2,7963,27.2,32.5,25.000000000000004,57.5,-3.552713678800501e-15,0.001216999999996915,0.0011459999998351122,0.4829138999998577
method-022,9,FeatureDQN,MarginalGainPredictor,50,,228,62.8,228,62.8,2014,12.4,0.0,50.4,50.4,0.0,0.0012014999999792053,0.001085099999954764,0.4954162000001361
method-022,10,FeatureDQN,MarginalGainPredictor,50,,1265,82.5,228,52.9,12804,6.0,29.6,46.9,76.5,0.0,0.001320999999961714,0.001265799999828232,0.3920914000000266
method-023,1,FeatureDQN,OriginalOrder,100,,1265,87.3,228,57.8,2034,15.2,29.5,42.599999999999994,72.1,0.0,0.0014366000000336498,2.0000015865662135e-07,0.47763559999998506
method-023,2,FeatureDQN,OriginalOrder,100,,1265,95.3,228,53.2,1126,5.7,42.099999999999994,47.5,89.6,0.0,0.0012099000000489468,3.000000106112566e-07,0.5881530999999995
method-023,3,FeatureDQN,OriginalOrder,100,,1265,98.8,228,55.7,1158,2.0,43.099999999999994,53.7,96.8,0.0,0.0015855999999985215,2.9999978323758114e-07,0.4868590999999469
method-023,4,FeatureDQN,OriginalOrder,100,,1265,81.1,228,48.5,4826,19.1,32.599999999999994,29.4,61.99999999999999,0.0,0.0018560999999408523,3.000000106112566e-07,0.5031629000000066
method-023,5,FeatureDQN,OriginalOrder,100,,1265,99.3,228,60.9,1236,5.5,38.4,55.4,93.8,0.0,0.0012627999999494932,3.000000106112566e-07,0.5476071999999022
method-023,6,FeatureDQN,OriginalOrder,100,,1265,79.3,228,55.2,723,2.6,24.099999999999994,52.6,76.7,7.105427357601002e-15,0.0012469999999211723,2.0000015865662135e-07,0.45514749999983906
method-023,7,FeatureDQN,OriginalOrder,100,,1265,69.1,228,46.2,711,2.9,22.89999999999999,43.300000000000004,66.19999999999999,-7.105427357601002e-15,0.0016092000000753615,4.999999418942025e-07,0.7111287999998694
method-023,8,FeatureDQN,OriginalOrder,100,,1265,91.9,228,56.2,461,10.4,35.7,45.800000000000004,81.5,-7.105427357601002e-15,0.0012295999999878404,3.000000106112566e-07,0.4036343999998735
method-023,9,FeatureDQN,OriginalOrder,100,,1265,68.3,228,63.0,905,10.0,5.299999999999997,53.0,58.3,0.0,0.0011532000000897824,3.000000106112566e-07,0.3973911999999018
method-023,10,FeatureDQN,OriginalOrder,100,,1265,85.2,228,57.4,2510,16.5,27.800000000000004,40.9,68.7,0.0,0.0011323000001084438,4.999999418942025e-07,0.49294860000009066
method-024,1,FeatureDQN,MarginalGainPredictor,100,,1265,87.3,228,57.8,916,28.1,29.5,29.699999999999996,59.199999999999996,0.0,0.0014366000000336498,0.0004698000000189495,0.47763559999998506
method-024,2,FeatureDQN,MarginalGainPredictor,100,,1265,96.8,228,53.2,1423,22.5,43.599999999999994,30.700000000000003,74.3,0.0,0.0012484999999742286,0.0013974000000871456,0.5952376000000186
method-024,3,FeatureDQN,MarginalGainPredictor,100,,1265,88.3,228,54.0,1352,13.1,34.3,40.9,75.2,7.105427357601002e-15,0.001725099999930535,0.001283300000068266,0.5786889999999403
method-024,4,FeatureDQN,MarginalGainPredictor,100,,1265,69.5,228,48.6,1255,9.8,20.9,38.8,59.7,7.105427357601002e-15,0.0012621999999282707,0.001473199999963981,0.6076747000001887
method-024,5,FeatureDQN,MarginalGainPredictor,100,,1265,81.4,228,61.3,658,21.2,20.10000000000001,40.099999999999994,60.2,0.0,0.0012940999999955238,0.001324800000020332,0.4596012999998038
method-024,6,FeatureDQN,MarginalGainPredictor,100,,1265,71.4,228,53.9,1920,19.3,17.500000000000007,34.599999999999994,52.10000000000001,7.105427357601002e-15,0.0012845999999626656,0.0011598000000958564,0.4514188999999078
method-024,7,FeatureDQN,MarginalGainPredictor,100,,1265,67.2,228,46.2,3916,25.3,21.0,20.900000000000002,41.900000000000006,3.552713678800501e-15,0.002123299999993833,0.0021687000000838452,0.7347168999999667
method-024,8,FeatureDQN,MarginalGainPredictor,100,,1265,82.4,228,57.1,408,14.5,25.300000000000004,42.6,67.9,0.0,0.0011435000001256412,0.0011696999999912805,0.4261986000001343
method-024,9,FeatureDQN,MarginalGainPredictor,100,,228,64.4,228,64.4,830,29.1,0.0,35.300000000000004,35.300000000000004,0.0,0.0021296999998412502,0.0013536999999814725,0.4224186000001282
method-024,10,FeatureDQN,MarginalGainPredictor,100,,1265,71.8,228,56.9,820,30.2,14.899999999999999,26.7,41.599999999999994,-3.552713678800501e-15,0.0011569999999210268,0.0011700000000018917,0.47829269999988355
method-025,1,Random,OriginalOrder,10,0,1265,87.3,287,23.5,287,23.5,63.8,0.0,63.8,0.0,6.009999992784287e-05,1.0000007932831068e-07,0.47763559999998506
method-025,2,Random,OriginalOrder,10,0,1265,98.6,228,53.2,1236,10.3,45.39999999999999,42.900000000000006,88.3,0.0,4.319999993640522e-05,1.999999312829459e-07,0.5873301000001447
method-025,3,Random,OriginalOrder,10,0,1265,100.5,9070,55.2,12383,5.1,45.3,50.1,95.4,7.105427357601002e-15,4.059999992023222e-05,1.999999312829459e-07,0.47729279999998653
method-025,4,Random,OriginalOrder,10,0,1265,79.7,658,30.2,905,14.3,49.5,15.899999999999999,65.4,7.105427357601002e-15,4.409999996823899e-05,2.0000015865662135e-07,0.4631552000000738
method-025,5,Random,OriginalOrder,10,0,1265,94.4,2105,20.6,1324,7.2,73.80000000000001,13.400000000000002,87.2,-1.0658141036401503e-14,4.149999995206599e-05,3.999998625658918e-07,0.5457222999998521
method-025,6,Random,OriginalOrder,10,0,1265,78.7,1807,46.5,4511,13.3,32.2,33.2,65.4,0.0,4.149999995206599e-05,4.999999418942025e-07,0.5381987000000663
method-025,7,Random,OriginalOrder,10,0,1265,58.4,1265,58.4,927,6.9,0.0,51.5,51.5,0.0,0.00012059999994562531,3.999998625658918e-07,0.8645426999999017
method-025,8,Random,OriginalOrder,10,0,1265,77.3,310,36.9,310,36.9,40.4,0.0,40.4,0.0,3.85000000733271e-05,2.0000015865662135e-07,0.49100849999990714
method-025,9,Random,OriginalOrder,10,0,228,64.6,228,64.6,2854,3.5,0.0,61.099999999999994,61.099999999999994,0.0,3.940000010516087e-05,2.0000015865662135e-07,0.4828244000000268
method-025,10,Random,OriginalOrder,10,0,1265,74.9,3916,32.6,9608,18.0,42.300000000000004,14.600000000000001,56.900000000000006,0.0,6.660000008196221e-05,3.999998625658918e-07,0.40585379999993165
method-026,1,Random,MarginalGainPredictor,10,0,1265,87.3,287,23.5,287,23.5,63.8,0.0,63.8,0.0,6.009999992784287e-05,0.0003893000000516622,0.47763559999998506
method-026,2,Random,MarginalGainPredictor,10,0,1265,98.6,228,53.2,1255,17.7,45.39999999999999,35.5,80.89999999999999,0.0,4.319999993640522e-05,0.0016235999999025807,0.5873301000001447
method-026,3,Random,MarginalGainPredictor,10,0,1265,97.8,647,34.9,1978,12.6,62.9,22.299999999999997,85.2,7.105427357601002e-15,4.229999990457145e-05,0.0015911999998934334,0.5342384999999013
method-026,4,Random,MarginalGainPredictor,10,0,1265,77.6,228,48.7,1816,17.3,28.89999999999999,31.400000000000002,60.3,3.552713678800501e-15,5.500000020219886e-05,0.0013269999999465654,0.5224806000001081
method-026,5,Random,MarginalGainPredictor,10,0,1265,90.1,5753,48.1,5753,48.1,41.99999999999999,0.0,41.99999999999999,0.0,4.2099999973288504e-05,0.0014799000000493834,0.3950843000000077
method-026,6,Random,MarginalGainPredictor,10,0,1265,71.0,1277,71.0,1807,12.4,0.0,58.6,58.6,0.0,4.1300000020783045e-05,0.0013481999999385152,0.38959929999987253
method-026,7,Random,MarginalGainPredictor,10,0,1265,71.6,1265,71.6,1265,71.6,0.0,0.0,0.0,0.0,5.830000009154901e-05,0.0017685999998775515,1.0217243000001872
method-026,8,Random,MarginalGainPredictor,10,0,228,56.4,181,29.2,985,26.3,27.2,2.8999999999999986,30.099999999999998,0.0,4.030000013699464e-05,0.0013632000000143307,0.3496503000001212
method-026,9,Random,MarginalGainPredictor,10,0,228,64.8,2477,30.3,7995,15.2,34.5,15.100000000000001,49.599999999999994,-7.105427357601002e-15,4.0500000068277586e-05,0.0013698000000204047,0.32267769999998563
method-026,10,Random,MarginalGainPredictor,10,0,228,56.9,892,31.7,692,14.4,25.2,17.299999999999997,42.5,3.552713678800501e-15,5.690000011782104e-05,0.0013394999998581625,0.43433580000009897
method-027,1,Random,OriginalOrder,20,0,1265,87.3,830,24.8,287,23.5,62.5,1.3000000000000007,63.8,-3.552713678800501e-15,6.009999992784287e-05,2.0000015865662135e-07,0.47763559999998506
method-027,2,Random,OriginalOrder,20,0,1265,98.6,228,53.2,1236,10.3,45.39999999999999,42.900000000000006,88.3,0.0,4.319999993640522e-05,2.0000015865662135e-07,0.5873301000001447
method-027,3,Random,OriginalOrder,20,0,1265,100.5,9070,55.2,12383,5.1,45.3,50.1,95.4,7.105427357601002e-15,4.059999992023222e-05,2.0000015865662135e-07,0.47729279999998653
method-027,4,Random,OriginalOrder,20,0,1265,79.7,658,30.2,905,14.3,49.5,15.899999999999999,65.4,7.105427357601002e-15,4.409999996823899e-05,1.999999312829459e-07,0.4631552000000738
method-027,5,Random,OriginalOrder,20,0,1265,94.4,410,48.1,1324,7.2,46.300000000000004,40.9,87.2,0.0,4.149999995206599e-05,3.999998625658918e-07,0.5457222999998521
method-027,6,Random,OriginalOrder,20,0,1265,78.7,1807,46.5,4511,13.3,32.2,33.2,65.4,0.0,4.149999995206599e-05,1.999999312829459e-07,0.5381987000000663
method-027,7,Random,OriginalOrder,20,0,1265,58.4,1265,58.4,927,6.9,0.0,51.5,51.5,0.0,0.00012059999994562531,4.0000008993956726e-07,0.8645426999999017
method-027,8,Random,OriginalOrder,20,0,1265,77.3,310,36.9,310,36.9,40.4,0.0,40.4,0.0,3.85000000733271e-05,3.000000106112566e-07,0.49100849999990714
method-027,9,Random,OriginalOrder,20,0,228,64.6,228,64.6,2854,3.5,0.0,61.099999999999994,61.099999999999994,0.0,3.940000010516087e-05,1.999999312829459e-07,0.4828244000000268
method-027,10,Random,OriginalOrder,20,0,1265,74.9,1807,46.7,9608,18.0,28.200000000000003,28.700000000000003,56.900000000000006,0.0,6.660000008196221e-05,3.999998625658918e-07,0.40585379999993165
method-028,1,Random,MarginalGainPredictor,20,0,1265,87.3,830,24.8,830,24.8,62.5,0.0,62.5,0.0,6.009999992784287e-05,0.00036709999994855025,0.47763559999998506
method-028,2,Random,MarginalGainPredictor,20,0,1265,94.0,1277,94.0,1277,94.0,0.0,0.0,0.0,0.0,4.169999988334894e-05,0.0014036999998552346,0.6151915000000372
method-028,3,Random,MarginalGainPredictor,20,0,228,55.5,647,35.6,408,18.7,19.9,16.900000000000002,36.8,-3.552713678800501e-15,6.200000007083872e-05,0.0014932999999928143,0.6104155000000446
method-028,4,Random,MarginalGainPredictor,20,0,410,48.5,228,48.0,1807,33.0,0.5,15.0,15.5,0.0,4.4900000148118124e-05,0.0015392000000247208,0.4495584000001145
method-028,5,Random,MarginalGainPredictor,20,0,228,60.9,410,48.1,410,48.1,12.799999999999997,0.0,12.799999999999997,0.0,4.0399999988949276e-05,0.0013838999998370127,0.5542212000000291
method-028,6,Random,MarginalGainPredictor,20,0,228,55.1,905,26.2,618,17.0,28.900000000000002,9.2,38.1,0.0,8.329999991474324e-05,0.0014908999999079242,0.553959900000109
method-028,7,Random,MarginalGainPredictor,20,0,3519,55.3,189,25.0,1249,15.5,30.299999999999997,9.5,39.8,0.0,7.990000017343846e-05,0.002161999999998443,0.8240556999999171
method-028,8,Random,MarginalGainPredictor,20,0,228,56.4,2122,30.8,1816,0.0,25.599999999999998,30.8,56.4,0.0,5.480000004354224e-05,0.0012696000001142238,0.48998429999983273
method-028,9,Random,MarginalGainPredictor,20,0,3519,56.3,3519,56.3,3078,20.8,0.0,35.5,35.5,0.0,4.11000000895001e-05,0.0012332999999671301,0.5767211999998381
method-028,10,Random,MarginalGainPredictor,20,0,228,57.0,310,40.7,310,40.7,16.299999999999997,0.0,16.299999999999997,0.0,4.120000016882841e-05,0.0013441000000966596,0.47299550000002455
method-029,1,Random,OriginalOrder,50,0,1265,87.3,1265,87.3,287,23.5,0.0,63.8,63.8,0.0,6.009999992784287e-05,2.0000015865662135e-07,0.47763559999998506
method-029,2,Random,OriginalOrder,50,0,1265,98.6,228,53.2,1236,10.3,45.39999999999999,42.900000000000006,88.3,0.0,4.319999993640522e-05,3.000000106112566e-07,0.5873301000001447
method-029,3,Random,OriginalOrder,50,0,1265,100.5,9070,55.2,12383,5.1,45.3,50.1,95.4,7.105427357601002e-15,4.059999992023222e-05,3.000000106112566e-07,0.47729279999998653
method-029,4,Random,OriginalOrder,50,0,1265,79.7,1277,79.7,905,14.3,0.0,65.4,65.4,0.0,4.409999996823899e-05,2.0000015865662135e-07,0.4631552000000738
method-029,5,Random,OriginalOrder,50,0,1265,94.4,410,48.1,1324,7.2,46.300000000000004,40.9,87.2,0.0,4.149999995206599e-05,4.0000008993956726e-07,0.5457222999998521
method-029,6,Random,OriginalOrder,50,0,1265,78.7,228,55.2,4511,13.3,23.5,41.900000000000006,65.4,0.0,4.149999995206599e-05,3.000000106112566e-07,0.5381987000000663
method-029,7,Random,OriginalOrder,50,0,1265,58.4,1265,58.4,927,6.9,0.0,51.5,51.5,0.0,0.00012059999994562531,8.000001798791345e-07,0.8645426999999017
method-029,8,Random,OriginalOrder,50,0,1265,77.3,3519,55.8,310,36.9,21.5,18.9,40.4,0.0,3.85000000733271e-05,6.999998731771484e-07,0.49100849999990714
method-029,9,Random,OriginalOrder,50,0,228,64.6,228,64.6,2854,3.5,0.0,61.099999999999994,61.099999999999994,0.0,3.940000010516087e-05,3.000000106112566e-07,0.4828244000000268
method-029,10,Random,OriginalOrder,50,0,1265,74.9,1807,46.7,9608,18.0,28.200000000000003,28.700000000000003,56.900000000000006,0.0,6.660000008196221e-05,4.999999418942025e-07,0.40585379999993165
method-030,1,Random,MarginalGainPredictor,50,0,1265,87.3,1265,87.3,1265,87.3,0.0,0.0,0.0,0.0,6.009999992784287e-05,0.0005165000000033615,0.47763559999998506
method-030,2,Random,MarginalGainPredictor,50,0,3519,53.8,228,52.8,1807,34.3,1.0,18.5,19.5,0.0,4.6999999995023245e-05,0.00068320000013955,0.4324850999998944
method-030,3,Random,MarginalGainPredictor,50,0,228,55.6,3519,51.4,410,45.4,4.200000000000003,6.0,10.200000000000003,0.0,4.290000015316764e-05,0.0014939999998659914,0.4673616000000038
method-030,4,Random,MarginalGainPredictor,50,0,228,48.1,228,48.1,985,32.9,0.0,15.200000000000003,15.200000000000003,0.0,4.489999992074445e-05,0.0014802999999119493,0.5662331000000904
method-030,5,Random,MarginalGainPredictor,50,0,228,60.7,3519,42.4,310,42.3,18.300000000000004,0.10000000000000142,18.400000000000006,0.0,6.220000000212167e-05,0.001355300000113857,0.4343578000000434
method-030,6,Random,MarginalGainPredictor,50,0,228,55.1,228,55.1,820,17.1,0.0,38.0,38.0,0.0,5.5699999848002335e-05,0.0017104000000927044,0.5595726999999897
method-030,7,Random,MarginalGainPredictor,50,0,3519,53.7,3519,53.7,2216,37.6,0.0,16.1,16.1,0.0,8.109999998850981e-05,0.001766900000120586,1.0027617000000646
method-030,8,Random,MarginalGainPredictor,50,0,228,56.2,228,56.2,1277,0.0,0.0,56.2,56.2,0.0,5.0600000122358324e-05,0.0012950000000273576,0.528581000000031
method-030,9,Random,MarginalGainPredictor,50,0,228,64.6,228,64.6,1920,22.7,0.0,41.89999999999999,41.89999999999999,0.0,5.600000008598727e-05,0.0012871999999788386,0.588390100000197
method-030,10,Random,MarginalGainPredictor,50,0,228,56.4,228,56.4,7995,16.5,0.0,39.9,39.9,0.0,3.950000018448918e-05,0.0014183000000684842,0.4034871999999723
method-031,1,Random,OriginalOrder,100,0,1265,87.3,1265,87.3,287,23.5,0.0,63.8,63.8,0.0,6.009999992784287e-05,4.0000008993956726e-07,0.47763559999998506
method-031,2,Random,OriginalOrder,100,0,1265,98.6,1265,98.6,1236,10.3,0.0,88.3,88.3,0.0,4.319999993640522e-05,3.000000106112566e-07,0.5873301000001447
method-031,3,Random,OriginalOrder,100,0,1265,100.5,9070,55.2,12383,5.1,45.3,50.1,95.4,7.105427357601002e-15,4.059999992023222e-05,2.0000015865662135e-07,0.47729279999998653
method-031,4,Random,OriginalOrder,100,0,1265,79.7,1265,79.7,905,14.3,0.0,65.4,65.4,0.0,4.409999996823899e-05,2.0000015865662135e-07,0.4631552000000738
method-031,5,Random,OriginalOrder,100,0,1265,94.4,1277,94.4,1324,7.2,0.0,87.2,87.2,0.0,4.149999995206599e-05,3.000000106112566e-07,0.5457222999998521
method-031,6,Random,OriginalOrder,100,0,1265,78.7,1265,78.7,4511,13.3,0.0,65.4,65.4,0.0,4.149999995206599e-05,3.999998625658918e-07,0.5381987000000663
method-031,7,Random,OriginalOrder,100,0,1265,58.4,1265,58.4,927,6.9,0.0,51.5,51.5,0.0,0.00012059999994562531,3.999998625658918e-07,0.8645426999999017
method-031,8,Random,OriginalOrder,100,0,1265,77.3,1277,77.3,310,36.9,0.0,40.4,40.4,0.0,3.85000000733271e-05,4.0000008993956726e-07,0.49100849999990714
method-031,9,Random,OriginalOrder,100,0,228,64.6,228,64.6,2854,3.5,0.0,61.099999999999994,61.099999999999994,0.0,3.940000010516087e-05,4.0000008993956726e-07,0.4828244000000268
method-031,10,Random,OriginalOrder,100,0,1265,74.9,228,57.0,9608,18.0,17.900000000000006,39.0,56.900000000000006,0.0,6.660000008196221e-05,1.999999312829459e-07,0.40585379999993165
method-032,1,Random,MarginalGainPredictor,100,0,1265,87.3,1265,87.3,1265,87.3,0.0,0.0,0.0,0.0,6.009999992784287e-05,0.001058899999861751,0.47763559999998506
method-032,2,Random,MarginalGainPredictor,100,0,3519,53.8,3519,53.8,1807,34.3,0.0,19.5,19.5,0.0,4.6999999995023245e-05,0.0005823999999847729,0.4324850999998944
method-032,3,Random,MarginalGainPredictor,100,0,228,55.6,3519,51.4,410,45.4,4.200000000000003,6.0,10.200000000000003,0.0,4.290000015316764e-05,0.0006800000001021544,0.4673616000000038
method-032,4,Random,MarginalGainPredictor,100,0,228,48.1,228,48.1,985,32.9,0.0,15.200000000000003,15.200000000000003,0.0,4.489999992074445e-05,0.0008473000000321917,0.5662331000000904
method-032,5,Random,MarginalGainPredictor,100,0,228,60.7,3519,42.4,310,42.3,18.300000000000004,0.10000000000000142,18.400000000000006,0.0,6.220000000212167e-05,0.000628500000175336,0.4343578000000434
method-032,6,Random,MarginalGainPredictor,100,0,228,55.1,228,55.1,2216,30.3,0.0,24.8,24.8,0.0,5.5699999848002335e-05,0.0008565999999063934,0.5595726999999897
method-032,7,Random,MarginalGainPredictor,100,0,3519,54.0,3519,54.0,820,19.4,0.0,34.6,34.6,0.0,0.00012440000000424334,0.0023518000000422035,0.6781452999998692
method-032,8,Random,MarginalGainPredictor,100,0,228,56.2,228,56.2,1277,0.0,0.0,56.2,56.2,0.0,4.06000001476059e-05,0.0015930999998090556,0.39488719999985733
method-032,9,Random,MarginalGainPredictor,100,0,228,64.6,228,64.6,1439,27.7,0.0,36.89999999999999,36.89999999999999,0.0,3.959999980907014e-05,0.0013576999999713735,0.3966296000000966
method-032,10,Random,MarginalGainPredictor,100,0,228,56.4,228,56.4,7995,16.9,0.0,39.5,39.5,0.0,4.0500000068277586e-05,0.0012790000000677537,0.4967472999999245
method-033,1,Random,OriginalOrder,10,1,1265,87.3,1277,87.3,2368,10.7,0.0,76.6,76.6,0.0,5.400000009103678e-05,1.999999312829459e-07,0.47763559999998506
method-033,2,Random,OriginalOrder,10,1,1265,98.6,892,46.8,892,46.8,51.8,0.0,51.8,0.0,5.310000005920301e-05,2.0000015865662135e-07,0.48901180000007116
method-033,3,Random,OriginalOrder,10,1,1265,101.2,5753,42.9,11244,7.5,58.300000000000004,35.4,93.7,0.0,4.639999997380073e-05,1.0000007932831068e-07,0.565732399999888
method-033,4,Random,OriginalOrder,10,1,1265,81.2,5753,40.9,12385,1.7,40.300000000000004,39.199999999999996,79.5,0.0,4.16000000313943e-05,3.000000106112566e-07,0.5810209999999643
method-033,5,Random,OriginalOrder,10,1,1265,93.5,592,21.0,11250,1.1,72.5,19.9,92.4,7.105427357601002e-15,6.280000002334418e-05,1.999999312829459e-07,0.5359233000001495
method-033,6,Random,OriginalOrder,10,1,1265,79.8,820,21.2,88,4.6,58.599999999999994,16.6,75.2,7.105427357601002e-15,5.699999996977567e-05,1.999999312829459e-07,0.4680556999999226
method-033,7,Random,OriginalOrder,10,1,1265,72.8,3519,59.8,3700,18.6,13.0,41.199999999999996,54.199999999999996,0.0,4.139999987273768e-05,3.999998625658918e-07,0.8643039000000954
method-033,8,Random,OriginalOrder,10,1,1265,90.0,310,37.3,932,6.0,52.7,31.299999999999997,84.0,0.0,4.179999996267725e-05,1.999999312829459e-07,0.5805553999998665
method-033,9,Random,OriginalOrder,10,1,1265,72.1,228,63.1,12377,3.9,8.999999999999993,59.2,68.19999999999999,-7.105427357601002e-15,4.139999987273768e-05,2.0000015865662135e-07,0.5079981999999745
method-033,10,Random,OriginalOrder,10,1,1265,88.2,1277,88.2,1807,46.6,0.0,41.6,41.6,0.0,4.089999993084348e-05,1.0000007932831068e-07,0.40789219999987836
method-034,1,Random,MarginalGainPredictor,10,1,1265,87.3,1277,87.3,310,47.1,0.0,40.199999999999996,40.199999999999996,0.0,5.400000009103678e-05,0.0011595000000852451,0.47763559999998506
method-034,2,Random,MarginalGainPredictor,10,1,1265,97.9,12802,21.3,1978,11.9,76.60000000000001,9.4,86.0,-8.881784197001252e-15,3.089999995609105e-05,0.0013678999998774088,0.4364031000000068
method-034,3,Random,MarginalGainPredictor,10,1,1265,99.4,5753,42.6,1249,21.5,56.800000000000004,21.1,77.9,0.0,4.4299999899521936e-05,0.0016557000001284905,0.42080079999982445
method-034,4,Random,MarginalGainPredictor,10,1,1265,80.3,9070,28.1,9070,28.1,52.199999999999996,0.0,52.199999999999996,0.0,4.340000009506184e-05,0.0013395999999374908,0.407475199999908
method-034,5,Random,MarginalGainPredictor,10,1,1265,90.2,2216,30.7,2216,30.7,59.5,0.0,59.5,0.0,4.0399999988949276e-05,0.0013212999999723252,0.3908443999998781
method-034,6,Random,MarginalGainPredictor,10,1,1265,78.3,2477,36.0,181,23.6,42.3,12.399999999999999,54.699999999999996,0.0,4.1099999862126424e-05,0.001498200000014549,0.5032125999998698
method-034,7,Random,MarginalGainPredictor,10,1,1265,72.6,2477,26.6,1439,17.1,45.99999999999999,9.5,55.49999999999999,0.0,9.1999999995096e-05,0.001623899999913192,0.6237080000000788
method-034,8,Random,MarginalGainPredictor,10,1,1265,87.1,5753,31.4,5753,31.4,55.699999999999996,0.0,55.699999999999996,0.0,4.0399999988949276e-05,0.0012523000000328466,0.3603792000001249
method-034,9,Random,MarginalGainPredictor,10,1,1265,69.2,647,33.4,658,30.0,35.800000000000004,3.3999999999999986,39.2,0.0,4.030000013699464e-05,0.0014936000000034255,0.3311674999999923
method-034,10,Random,MarginalGainPredictor,10,1,1265,74.0,1807,44.0,1807,44.0,30.0,0.0,30.0,0.0,4.0399999988949276e-05,0.0012354999998933636,0.4209320999998454
method-035,1,Random,OriginalOrder,20,1,1265,87.3,1277,87.3,2368,10.7,0.0,76.6,76.6,0.0,5.400000009103678e-05,1.999999312829459e-07,0.47763559999998506
method-035,2,Random,OriginalOrder,20,1,1265,98.6,892,46.8,892,46.8,51.8,0.0,51.8,0.0,5.310000005920301e-05,2.0000015865662135e-07,0.48901180000007116
method-035,3,Random,OriginalOrder,20,1,1265,101.2,1265,101.2,11244,7.5,0.0,93.7,93.7,0.0,4.639999997380073e-05,3.000000106112566e-07,0.565732399999888
method-035,4,Random,OriginalOrder,20,1,1265,81.2,5753,40.9,12385,1.7,40.300000000000004,39.199999999999996,79.5,0.0,4.16000000313943e-05,3.000000106112566e-07,0.5810209999999643
method-035,5,Random,OriginalOrder,20,1,1265,93.5,1807,35.1,11250,1.1,58.4,34.0,92.4,7.105427357601002e-15,6.280000002334418e-05,4.0000008993956726e-07,0.5359233000001495
method-035,6,Random,OriginalOrder,20,1,1265,79.8,820,21.2,88,4.6,58.599999999999994,16.6,75.2,7.105427357601002e-15,5.699999996977567e-05,6.000000212225132e-07,0.4680556999999226
method-035,7,Random,OriginalOrder,20,1,1265,72.8,3519,59.8,3700,18.6,13.0,41.199999999999996,54.199999999999996,0.0,4.139999987273768e-05,1.100000190490391e-06,0.8643039000000954
method-035,8,Random,OriginalOrder,20,1,1265,90.0,310,37.3,932,6.0,52.7,31.299999999999997,84.0,0.0,4.179999996267725e-05,4.999999418942025e-07,0.5805553999998665
method-035,9,Random,OriginalOrder,20,1,1265,72.1,1265,72.1,12377,3.9,0.0,68.19999999999999,68.19999999999999,0.0,4.139999987273768e-05,7.999999525054591e-07,0.5079981999999745
method-035,10,Random,OriginalOrder,20,1,1265,88.2,1277,88.2,1807,46.6,0.0,41.6,41.6,0.0,4.089999993084348e-05,3.000000106112566e-07,0.40789219999987836
method-036,1,Random,MarginalGainPredictor,20,1,1265,87.3,1277,87.3,310,47.1,0.0,40.199999999999996,40.199999999999996,0.0,5.400000009103678e-05,0.00046950000000833825,0.47763559999998506
method-036,2,Random,MarginalGainPredictor,20,1,1265,97.9,2054,25.7,1978,11.9,72.2,13.799999999999999,86.0,-1.7763568394002505e-15,3.089999995609105e-05,0.0007901999999830878,0.4364031000000068
method-036,3,Random,MarginalGainPredictor,20,1,1265,99.4,1265,99.4,1265,99.4,0.0,0.0,0.0,0.0,4.4299999899521936e-05,0.0012799000000995875,0.42080079999982445
method-036,4,Random,MarginalGainPredictor,20,1,410,48.5,9070,28.1,1249,22.9,20.4,5.200000000000003,25.6,0.0,4.5199999931355705e-05,0.0014215000001058797,0.5367923999999675
method-036,5,Random,MarginalGainPredictor,20,1,228,60.8,892,38.3,618,18.2,22.5,20.099999999999998,42.599999999999994,-3.552713678800501e-15,4.149999995206599e-05,0.001368500000126005,0.5696791000000303
method-036,6,Random,MarginalGainPredictor,20,1,3519,56.2,2477,35.6,1255,6.1,20.6,29.5,50.1,0.0,4.259999991518271e-05,0.0016023999999106309,0.466988899999933
method-036,7,Random,MarginalGainPredictor,20,1,3519,52.5,2477,27.5,1423,17.5,25.0,10.0,35.0,0.0,5.3800000159753836e-05,0.0015674000001126842,0.6895144000000073
method-036,8,Random,MarginalGainPredictor,20,1,228,56.7,1807,36.7,1807,36.7,20.0,0.0,20.0,0.0,4.020000005766633e-05,0.0012248999998973886,0.4886921000002076
method-036,9,Random,MarginalGainPredictor,20,1,228,61.0,830,37.2,1816,0.0,23.799999999999997,37.2,61.0,0.0,5.260000011730881e-05,0.0013197000000673142,0.48969850000003134
method-036,10,Random,MarginalGainPredictor,20,1,228,56.3,9070,36.2,820,30.4,20.099999999999994,5.800000000000004,25.9,0.0,4.069999999956053e-05,0.0012517999998635787,0.3956225000001723
method-037,1,Random,OriginalOrder,50,1,1265,87.3,1277,87.3,2368,10.7,0.0,76.6,76.6,0.0,5.400000009103678e-05,3.000000106112566e-07,0.47763559999998506
method-037,2,Random,OriginalOrder,50,1,1265,98.6,228,52.9,892,46.8,45.699999999999996,6.100000000000001,51.8,0.0,5.310000005920301e-05,1.0000007932831068e-07,0.48901180000007116
method-037,3,Random,OriginalOrder,50,1,1265,101.2,1265,101.2,11244,7.5,0.0,93.7,93.7,0.0,4.639999997380073e-05,2.0000015865662135e-07,0.565732399999888
method-037,4,Random,OriginalOrder,50,1,1265,81.2,228,48.5,12385,1.7,32.7,46.8,79.5,0.0,4.16000000313943e-05,7.000001005508238e-07,0.5810209999999643
method-037,5,Random,OriginalOrder,50,1,1265,93.5,5753,43.4,11250,1.1,50.1,42.3,92.4,7.105427357601002e-15,6.280000002334418e-05,3.000000106112566e-07,0.5359233000001495
method-037,6,Random,OriginalOrder,50,1,1265,79.8,2122,30.7,88,4.6,49.099999999999994,26.1,75.2,7.105427357601002e-15,5.699999996977567e-05,2.0000015865662135e-07,0.4680556999999226
method-037,7,Random,OriginalOrder,50,1,1265,72.8,3519,59.8,3700,18.6,13.0,41.199999999999996,54.199999999999996,0.0,4.139999987273768e-05,3.000000106112566e-07,0.8643039000000954
method-037,8,Random,OriginalOrder,50,1,1265,90.0,1807,37.8,932,6.0,52.2,31.799999999999997,84.0,0.0,4.179999996267725e-05,1.999999312829459e-07,0.5805553999998665
method-037,9,Random,OriginalOrder,50,1,1265,72.1,1265,72.1,12377,3.9,0.0,68.19999999999999,68.19999999999999,0.0,4.139999987273768e-05,3.000000106112566e-07,0.5079981999999745
method-037,10,Random,OriginalOrder,50,1,1265,88.2,1277,88.2,1807,46.6,0.0,41.6,41.6,0.0,4.089999993084348e-05,1.999999312829459e-07,0.40789219999987836
method-038,1,Random,MarginalGainPredictor,50,1,1265,87.3,1277,87.3,310,47.1,0.0,40.199999999999996,40.199999999999996,0.0,5.400000009103678e-05,0.0004770999998982006,0.47763559999998506
method-038,2,Random,MarginalGainPredictor,50,1,1265,97.9,892,46.8,7995,15.4,51.10000000000001,31.4,82.5,-7.105427357601002e-15,3.089999995609105e-05,0.0008909999999104912,0.4364031000000068
method-038,3,Random,MarginalGainPredictor,50,1,1265,87.3,1265,87.3,1265,87.3,0.0,0.0,0.0,0.0,4.590000003190653e-05,0.0013364999999794236,0.5729005999999117
method-038,4,Random,MarginalGainPredictor,50,1,410,48.5,9070,28.1,1249,22.9,20.4,5.200000000000003,25.6,0.0,4.380000018500141e-05,0.0015292000000499684,0.4697363000000223
method-038,5,Random,MarginalGainPredictor,50,1,228,61.1,892,38.3,3078,18.9,22.800000000000004,19.4,42.2,0.0,3.999999989900971e-05,0.0013645999999880587,0.5782509000000573
method-038,6,Random,MarginalGainPredictor,50,1,228,55.1,1807,37.3,1807,37.3,17.800000000000004,0.0,17.800000000000004,0.0,4.1199999941454735e-05,0.001380500000095708,0.5961903999998412
method-038,7,Random,MarginalGainPredictor,50,1,3519,53.2,2216,37.6,2216,37.6,15.600000000000001,0.0,15.600000000000001,0.0,8.120000006783812e-05,0.001448700000082681,0.4787768999999571
method-038,8,Random,MarginalGainPredictor,50,1,228,56.5,228,56.5,1439,16.6,0.0,39.9,39.9,0.0,4.009999997833802e-05,0.0012825000001157605,0.37857290000010835
method-038,9,Random,MarginalGainPredictor,50,1,228,64.6,410,39.5,410,39.5,25.099999999999994,0.0,25.099999999999994,0.0,5.199999986871262e-05,0.001305399999864676,0.35062580000021626
method-038,10,Random,MarginalGainPredictor,50,1,228,56.4,5753,44.6,820,19.0,11.799999999999997,25.6,37.4,0.0,5.310000005920301e-05,0.001294999999799984,0.4837886000000253
method-039,1,Random,OriginalOrder,100,1,1265,87.3,1277,87.3,2368,10.7,0.0,76.6,76.6,0.0,5.400000009103678e-05,3.000000106112566e-07,0.47763559999998506
method-039,2,Random,OriginalOrder,100,1,1265,98.6,1265,98.6,892,46.8,0.0,51.8,51.8,0.0,5.310000005920301e-05,1.999999312829459e-07,0.48901180000007116
method-039,3,Random,OriginalOrder,100,1,1265,101.2,1265,101.2,11244,7.5,0.0,93.7,93.7,0.0,4.639999997380073e-05,1.999999312829459e-07,0.565732399999888
method-039,4,Random,OriginalOrder,100,1,1265,81.2,1277,81.2,12385,1.7,0.0,79.5,79.5,0.0,4.16000000313943e-05,3.000000106112566e-07,0.5810209999999643
method-039,5,Random,OriginalOrder,100,1,1265,93.5,1277,93.5,11250,1.1,0.0,92.4,92.4,0.0,6.280000002334418e-05,3.000000106112566e-07,0.5359233000001495
method-039,6,Random,OriginalOrder,100,1,1265,79.8,1265,79.8,88,4.6,0.0,75.2,75.2,0.0,5.699999996977567e-05,3.999998625658918e-07,0.4680556999999226
method-039,7,Random,OriginalOrder,100,1,1265,72.8,1277,72.8,3700,18.6,0.0,54.199999999999996,54.199999999999996,0.0,4.139999987273768e-05,3.000000106112566e-07,0.8643039000000954
method-039,8,Random,OriginalOrder,100,1,1265,90.0,1807,37.8,932,6.0,52.2,31.799999999999997,84.0,0.0,4.179999996267725e-05,4.999999418942025e-07,0.5805553999998665
method-039,9,Random,OriginalOrder,100,1,1265,72.1,1265,72.1,12377,3.9,0.0,68.19999999999999,68.19999999999999,0.0,4.139999987273768e-05,3.000000106112566e-07,0.5079981999999745
method-039,10,Random,OriginalOrder,100,1,1265,88.2,1277,88.2,1807,46.6,0.0,41.6,41.6,0.0,4.089999993084348e-05,3.000000106112566e-07,0.40789219999987836
method-040,1,Random,MarginalGainPredictor,100,1,1265,87.3,1277,87.3,310,47.1,0.0,40.199999999999996,40.199999999999996,0.0,5.400000009103678e-05,0.00044460000003709865,0.47763559999998506
method-040,2,Random,MarginalGainPredictor,100,1,1265,97.9,1265,97.9,1265,97.9,0.0,0.0,0.0,0.0,3.089999995609105e-05,0.0007235000000491709,0.4364031000000068
method-040,3,Random,MarginalGainPredictor,100,1,228,55.5,410,44.9,410,44.9,10.600000000000001,0.0,10.600000000000001,0.0,4.459999991013319e-05,0.0014492000000245753,0.5684172999999646
method-040,4,Random,MarginalGainPredictor,100,1,228,48.1,1807,33.0,1807,33.0,15.100000000000001,0.0,15.100000000000001,0.0,4.2899999925793963e-05,0.0017628999999033113,0.5362615999999889
method-040,5,Random,MarginalGainPredictor,100,1,228,60.7,228,60.7,985,30.1,0.0,30.6,30.6,0.0,3.990000004705507e-05,0.0017774000000372325,0.4589519000001019
method-040,6,Random,MarginalGainPredictor,100,1,228,55.1,3519,54.1,2216,30.3,1.0,23.8,24.8,0.0,4.2300000131945126e-05,0.0017062999997961015,0.4839253000000099
method-040,7,Random,MarginalGainPredictor,100,1,3519,54.0,228,46.1,1423,19.5,7.899999999999999,26.6,34.5,0.0,6.860000007691269e-05,0.0015468999999939115,0.5213235999999597
method-040,8,Random,MarginalGainPredictor,100,1,228,56.2,3519,46.5,820,17.5,9.700000000000003,29.0,38.7,0.0,3.90000000152213e-05,0.0014630999999099004,0.5046059000001151
method-040,9,Random,MarginalGainPredictor,100,1,228,64.6,228,64.6,1277,0.0,0.0,64.6,64.6,0.0,3.909999986717594e-05,0.0013175999999930355,0.47386130000018056
method-040,10,Random,MarginalGainPredictor,100,1,228,56.3,5753,46.8,1439,18.7,9.5,28.099999999999998,37.599999999999994,-3.552713678800501e-15,4.3100000084450585e-05,0.0012808000001314213,0.5129514999998719
method-041,1,Random,OriginalOrder,10,2,1265,87.3,228,57.8,118,12.5,29.5,45.3,74.8,0.0,5.719999990105862e-05,1.999999312829459e-07,0.47763559999998506
method-041,2,Random,OriginalOrder,10,2,1265,98.6,1439,20.5,1249,16.4,78.1,4.100000000000001,82.19999999999999,-7.105427357601002e-15,5.900000019209983e-05,1.999999312829459e-07,0.6050070999999662
method-041,3,Random,OriginalOrder,10,2,1265,96.5,597,18.2,6314,11.4,78.3,6.799999999999999,85.1,-1.7763568394002505e-15,4.280000007383933e-05,2.0000015865662135e-07,0.468447900000001
method-041,4,Random,OriginalOrder,10,2,1265,80.0,1265,80.0,188,11.6,0.0,68.4,68.4,0.0,4.259999991518271e-05,2.0000015865662135e-07,0.5691007000000354
method-041,5,Random,OriginalOrder,10,2,1265,90.2,647,29.0,2414,17.9,61.2,11.100000000000001,72.30000000000001,7.105427357601002e-15,6.159999998089916e-05,3.000000106112566e-07,0.5752157999997962
method-041,6,Random,OriginalOrder,10,2,1265,78.4,3519,57.2,905,27.6,21.200000000000003,29.6,50.800000000000004,0.0,8.729999990464421e-05,4.0000008993956726e-07,0.7877470999999332
method-041,7,Random,OriginalOrder,10,2,1265,71.1,228,46.2,1392,4.4,24.89999999999999,41.800000000000004,66.69999999999999,-7.105427357601002e-15,4.330000001573353e-05,1.999999312829459e-07,0.7342235000000983
method-041,8,Random,OriginalOrder,10,2,1265,92.7,3519,55.6,2368,13.4,37.1,42.2,79.3,-7.105427357601002e-15,4.1999999893960194e-05,2.0000015865662135e-07,0.4849581000000853
method-041,9,Random,OriginalOrder,10,2,1265,69.9,1265,69.9,1580,8.5,0.0,61.400000000000006,61.400000000000006,0.0,5.379999993238016e-05,1.999999312829459e-07,0.41598530000010214
method-041,10,Random,OriginalOrder,10,2,1265,76.8,4934,22.5,4934,22.5,54.3,0.0,54.3,0.0,3.98999998196814e-05,9.999985195463523e-08,0.43783749999988686
method-042,1,Random,MarginalGainPredictor,10,2,1265,87.3,228,57.8,6314,15.6,29.5,42.199999999999996,71.7,7.105427357601002e-15,5.719999990105862e-05,0.00037610000003951427,0.47763559999998506
method-042,2,Random,MarginalGainPredictor,10,2,1265,98.3,4679,26.8,1249,16.4,71.5,10.400000000000002,81.9,3.552713678800501e-15,4.399999988891068e-05,0.00135309999996025,0.39914410000005773
method-042,3,Random,MarginalGainPredictor,10,2,1265,98.2,5753,42.1,5753,42.1,56.1,0.0,56.1,0.0,4.269999999451102e-05,0.001391999999896143,0.5626547000001665
method-042,4,Random,MarginalGainPredictor,10,2,1265,77.9,1265,77.9,1265,77.9,0.0,0.0,0.0,0.0,4.1199999941454735e-05,0.0020442000000002736,0.40757460000008905
method-042,5,Random,MarginalGainPredictor,10,2,228,61.1,1785,23.3,5454,13.3,37.8,10.0,47.8,0.0,4.080000007888884e-05,0.0014327999999750318,0.39367200000015146
method-042,6,Random,MarginalGainPredictor,10,2,3519,56.3,985,35.0,985,35.0,21.299999999999997,0.0,21.299999999999997,0.0,4.2200000052616815e-05,0.0013486999998804095,0.5883922999998958
method-042,7,Random,MarginalGainPredictor,10,2,3519,56.1,2054,29.1,7995,25.5,27.0,3.6000000000000014,30.6,0.0,4.6799999836366624e-05,0.0012598000000707543,0.4054760999999871
method-042,8,Random,MarginalGainPredictor,10,2,228,56.6,3519,46.8,916,5.6,9.800000000000004,41.199999999999996,51.0,0.0,4.080000007888884e-05,0.0012646000000131608,0.3272159999999076
method-042,9,Random,MarginalGainPredictor,10,2,228,64.8,404,16.5,72,9.8,48.3,6.699999999999999,55.0,3.552713678800501e-15,5.050000004303001e-05,0.0013083999999707885,0.45588679999991655
method-042,10,Random,MarginalGainPredictor,10,2,228,57.5,310,37.6,310,37.6,19.9,0.0,19.9,0.0,3.930000002583256e-05,0.0012010999998892657,0.42580160000011347
method-043,1,Random,OriginalOrder,20,2,1265,87.3,228,57.8,118,12.5,29.5,45.3,74.8,0.0,5.719999990105862e-05,1.999999312829459e-07,0.47763559999998506
method-043,2,Random,OriginalOrder,20,2,1265,98.6,228,53.2,1249,16.4,45.39999999999999,36.800000000000004,82.19999999999999,-7.105427357601002e-15,5.900000019209983e-05,3.000000106112566e-07,0.6050070999999662
method-043,3,Random,OriginalOrder,20,2,1265,96.5,7995,28.2,6314,11.4,68.3,16.799999999999997,85.1,0.0,4.280000007383933e-05,3.000000106112566e-07,0.468447900000001
method-043,4,Random,OriginalOrder,20,2,1265,80.0,1265,80.0,188,11.6,0.0,68.4,68.4,0.0,4.259999991518271e-05,2.9999978323758114e-07,0.5691007000000354
method-043,5,Random,OriginalOrder,20,2,1265,90.2,1807,32.3,2414,17.9,57.900000000000006,14.399999999999999,72.30000000000001,7.105427357601002e-15,6.159999998089916e-05,1.999999312829459e-07,0.5752157999997962
method-043,6,Random,OriginalOrder,20,2,1265,78.4,3519,57.2,905,27.6,21.200000000000003,29.6,50.800000000000004,0.0,8.729999990464421e-05,2.0000015865662135e-07,0.7877470999999332
method-043,7,Random,OriginalOrder,20,2,1265,71.1,228,46.2,1392,4.4,24.89999999999999,41.800000000000004,66.69999999999999,-7.105427357601002e-15,4.330000001573353e-05,4.0000008993956726e-07,0.7342235000000983
method-043,8,Random,OriginalOrder,20,2,1265,92.7,3519,55.6,2368,13.4,37.1,42.2,79.3,-7.105427357601002e-15,4.1999999893960194e-05,3.000000106112566e-07,0.4849581000000853
method-043,9,Random,OriginalOrder,20,2,1265,69.9,1265,69.9,1580,8.5,0.0,61.400000000000006,61.400000000000006,0.0,5.379999993238016e-05,3.000000106112566e-07,0.41598530000010214
method-043,10,Random,OriginalOrder,20,2,1265,76.8,820,29.2,4934,22.5,47.599999999999994,6.699999999999999,54.3,3.552713678800501e-15,3.98999998196814e-05,1.999999312829459e-07,0.43783749999988686
method-044,1,Random,MarginalGainPredictor,20,2,1265,87.3,228,57.8,6314,15.6,29.5,42.199999999999996,71.7,7.105427357601002e-15,5.719999990105862e-05,0.00043669999990925135,0.47763559999998506
method-044,2,Random,MarginalGainPredictor,20,2,1265,98.3,1920,27.8,1249,16.4,70.5,11.400000000000002,81.9,3.552713678800501e-15,4.399999988891068e-05,0.0006412000000182161,0.39914410000005773
method-044,3,Random,MarginalGainPredictor,20,2,1265,98.2,228,55.7,5753,42.1,42.5,13.600000000000001,56.1,0.0,4.269999999451102e-05,0.0006376999999702093,0.5626547000001665
method-044,4,Random,MarginalGainPredictor,20,2,1265,77.9,1265,77.9,1265,77.9,0.0,0.0,0.0,0.0,4.1199999941454735e-05,0.0012561999999434192,0.40757460000008905
method-044,5,Random,MarginalGainPredictor,20,2,228,61.1,7123,28.9,7995,15.1,32.2,13.799999999999999,46.0,-1.7763568394002505e-15,4.080000007888884e-05,0.0006303000000116299,0.39367200000015146
method-044,6,Random,MarginalGainPredictor,20,2,228,55.2,985,35.2,985,35.2,20.0,0.0,20.0,0.0,5.209999994804093e-05,0.00211699999999837,0.855313199999955
method-044,7,Random,MarginalGainPredictor,20,2,3519,55.4,3519,55.4,181,30.9,0.0,24.5,24.5,0.0,5.620000001727021e-05,0.0012988999999379303,0.6728472999998303
method-044,8,Random,MarginalGainPredictor,20,2,228,56.6,3519,46.5,916,10.4,10.100000000000001,36.1,46.2,0.0,4.100000001017179e-05,0.0012404999999944266,0.4852759000000333
method-044,9,Random,MarginalGainPredictor,20,2,228,62.1,410,39.6,410,39.6,22.5,0.0,22.5,0.0,3.890000016326667e-05,0.0017161000000669446,0.4131646000000728
method-044,10,Random,MarginalGainPredictor,20,2,228,57.5,310,37.5,310,37.5,20.0,0.0,20.0,0.0,3.9600000036443816e-05,0.001229699999839795,0.40066159999992124
method-045,1,Random,OriginalOrder,50,2,1265,87.3,1265,87.3,118,12.5,0.0,74.8,74.8,0.0,5.719999990105862e-05,3.000000106112566e-07,0.47763559999998506
method-045,2,Random,OriginalOrder,50,2,1265,98.6,1277,98.6,1249,16.4,0.0,82.19999999999999,82.19999999999999,0.0,5.900000019209983e-05,1.0000007932831068e-07,0.6050070999999662
method-045,3,Random,OriginalOrder,50,2,1265,96.5,985,33.9,6314,11.4,62.6,22.5,85.1,-7.105427357601002e-15,4.280000007383933e-05,1.999999312829459e-07,0.468447900000001
method-045,4,Random,OriginalOrder,50,2,1265,80.0,1265,80.0,188,11.6,0.0,68.4,68.4,0.0,4.259999991518271e-05,3.000000106112566e-07,0.5691007000000354
method-045,5,Random,OriginalOrder,50,2,1265,90.2,8264,33.2,2414,17.9,57.0,15.300000000000004,72.30000000000001,7.105427357601002e-15,6.159999998089916e-05,9.999985195463523e-08,0.5752157999997962
method-045,6,Random,OriginalOrder,50,2,1265,78.4,1277,78.4,905,27.6,0.0,50.800000000000004,50.800000000000004,0.0,8.729999990464421e-05,3.000000106112566e-07,0.7877470999999332
method-045,7,Random,OriginalOrder,50,2,1265,71.1,228,46.2,1392,4.4,24.89999999999999,41.800000000000004,66.69999999999999,-7.105427357601002e-15,4.330000001573353e-05,1.999999312829459e-07,0.7342235000000983
method-045,8,Random,OriginalOrder,50,2,1265,92.7,3519,55.6,2368,13.4,37.1,42.2,79.3,-7.105427357601002e-15,4.1999999893960194e-05,3.999998625658918e-07,0.4849581000000853
method-045,9,Random,OriginalOrder,50,2,1265,69.9,1265,69.9,1580,8.5,0.0,61.400000000000006,61.400000000000006,0.0,5.379999993238016e-05,4.0000008993956726e-07,0.41598530000010214
method-045,10,Random,OriginalOrder,50,2,1265,76.8,820,29.2,4934,22.5,47.599999999999994,6.699999999999999,54.3,3.552713678800501e-15,3.98999998196814e-05,3.000000106112566e-07,0.43783749999988686
method-046,1,Random,MarginalGainPredictor,50,2,1265,87.3,1265,87.3,1265,87.3,0.0,0.0,0.0,0.0,5.719999990105862e-05,0.00038949999998294516,0.47763559999998506
method-046,2,Random,MarginalGainPredictor,50,2,3519,53.8,228,52.8,1807,34.3,1.0,18.5,19.5,0.0,5.2699999969263445e-05,0.0006774000000859814,0.4324850999998944
method-046,3,Random,MarginalGainPredictor,50,2,228,55.6,985,33.8,985,33.8,21.800000000000004,0.0,21.800000000000004,0.0,5.029999988437339e-05,0.0007433999999193475,0.4673616000000038
method-046,4,Random,MarginalGainPredictor,50,2,228,48.1,228,48.1,2216,28.3,0.0,19.8,19.8,0.0,5.8600000102160266e-05,0.0015099999998255953,0.5697038999999222
method-046,5,Random,MarginalGainPredictor,50,2,228,61.0,228,61.0,820,21.4,0.0,39.6,39.6,0.0,6.0400000165827805e-05,0.0014046999999663967,0.5477386000000024
method-046,6,Random,MarginalGainPredictor,50,2,228,55.2,892,42.9,410,38.3,12.300000000000004,4.600000000000001,16.900000000000006,0.0,6.890000008752395e-05,0.0015750999998545012,0.6092391999998199
method-046,7,Random,MarginalGainPredictor,50,2,3519,55.1,228,46.1,1277,0.0,9.0,46.1,55.1,0.0,5.480000004354224e-05,0.0013274999998884596,0.467180800000051
method-046,8,Random,MarginalGainPredictor,50,2,228,56.5,3519,46.6,916,5.4,9.899999999999999,41.2,51.1,0.0,3.8599999925281736e-05,0.001311400000076901,0.3882725999999366
method-046,9,Random,MarginalGainPredictor,50,2,228,64.8,830,38.5,1352,28.8,26.299999999999997,9.7,36.0,3.552713678800501e-15,4.049999984090391e-05,0.0013112999999975727,0.45725400000014815
method-046,10,Random,MarginalGainPredictor,50,2,228,57.0,3519,42.5,1423,15.2,14.5,27.3,41.8,-3.552713678800501e-15,4.1599999804020626e-05,0.0013433999999961088,0.490099999999984
method-047,1,Random,OriginalOrder,100,2,1265,87.3,1265,87.3,118,12.5,0.0,74.8,74.8,0.0,5.719999990105862e-05,2.9999978323758114e-07,0.47763559999998506
method-047,2,Random,OriginalOrder,100,2,1265,98.6,1277,98.6,1249,16.4,0.0,82.19999999999999,82.19999999999999,0.0,5.900000019209983e-05,1.999999312829459e-07,0.6050070999999662
method-047,3,Random,OriginalOrder,100,2,1265,96.5,5753,42.9,6314,11.4,53.6,31.5,85.1,-7.105427357601002e-15,4.280000007383933e-05,2.0000015865662135e-07,0.468447900000001
method-047,4,Random,OriginalOrder,100,2,1265,80.0,1265,80.0,188,11.6,0.0,68.4,68.4,0.0,4.259999991518271e-05,3.999998625658918e-07,0.5691007000000354
method-047,5,Random,OriginalOrder,100,2,1265,90.2,228,61.3,2414,17.9,28.900000000000006,43.4,72.30000000000001,7.105427357601002e-15,6.159999998089916e-05,3.000000106112566e-07,0.5752157999997962
method-047,6,Random,OriginalOrder,100,2,1265,78.4,1265,78.4,905,27.6,0.0,50.800000000000004,50.800000000000004,0.0,8.729999990464421e-05,3.000000106112566e-07,0.7877470999999332
method-047,7,Random,OriginalOrder,100,2,1265,71.1,1265,71.1,1392,4.4,0.0,66.69999999999999,66.69999999999999,0.0,4.330000001573353e-05,1.0000001111620804e-06,0.7342235000000983
method-047,8,Random,OriginalOrder,100,2,1265,92.7,1277,92.7,2368,13.4,0.0,79.3,79.3,0.0,4.1999999893960194e-05,3.000000106112566e-07,0.4849581000000853
method-047,9,Random,OriginalOrder,100,2,1265,69.9,1265,69.9,1580,8.5,0.0,61.400000000000006,61.400000000000006,0.0,5.379999993238016e-05,3.999998625658918e-07,0.41598530000010214
method-047,10,Random,OriginalOrder,100,2,1265,76.8,1265,76.8,4934,22.5,0.0,54.3,54.3,0.0,3.98999998196814e-05,4.999999418942025e-07,0.43783749999988686
method-048,1,Random,MarginalGainPredictor,100,2,1265,87.3,1265,87.3,1265,87.3,0.0,0.0,0.0,0.0,5.719999990105862e-05,0.0004112000001441629,0.47763559999998506
method-048,2,Random,MarginalGainPredictor,100,2,3519,53.8,3519,53.8,410,45.5,0.0,8.299999999999997,8.299999999999997,0.0,5.2699999969263445e-05,0.0005944999998064304,0.4324850999998944
method-048,3,Random,MarginalGainPredictor,100,2,228,55.6,1920,43.9,1807,41.4,11.700000000000003,2.5,14.200000000000003,0.0,5.660000010720978e-05,0.0007262000001446722,0.5402384000001348
method-048,4,Random,MarginalGainPredictor,100,2,228,48.1,228,48.1,985,32.9,0.0,15.200000000000003,15.200000000000003,0.0,4.3399999867688166e-05,0.0017652999999882013,0.4599300999998377
method-048,5,Random,MarginalGainPredictor,100,2,228,60.7,228,60.7,310,42.3,0.0,18.400000000000006,18.400000000000006,0.0,4.1199999941454735e-05,0.0014366999998856045,0.4464623000001211
method-048,6,Random,MarginalGainPredictor,100,2,228,55.1,3519,54.1,2216,30.3,1.0,23.8,24.8,0.0,4.539999986263865e-05,0.0016690999998445477,0.6679596999999831
method-048,7,Random,MarginalGainPredictor,100,2,3519,54.0,3519,54.0,1277,0.0,0.0,54.0,54.0,0.0,5.55999999960477e-05,0.0014172999999573221,0.5191818000000694
method-048,8,Random,MarginalGainPredictor,100,2,228,56.2,3519,46.6,7995,12.9,9.600000000000001,33.7,43.300000000000004,0.0,5.0099999953090446e-05,0.0014658000000054017,0.49887029999990773
method-048,9,Random,MarginalGainPredictor,100,2,228,64.6,5753,39.0,916,10.0,25.599999999999994,29.0,54.599999999999994,0.0,4.0299999909620965e-05,0.0013885000000755099,0.5014297999998689
method-048,10,Random,MarginalGainPredictor,100,2,228,56.4,3519,41.3,820,17.8,15.100000000000001,23.499999999999996,38.599999999999994,-3.552713678800501e-15,4.1999999893960194e-05,0.001404800000045725,0.4187738000000536
method-049,1,Random,OriginalOrder,10,3,1265,87.3,2216,32.8,181,25.9,54.5,6.899999999999999,61.4,0.0,5.3600000001097214e-05,1.999999312829459e-07,0.47763559999998506
method-049,2,Random,OriginalOrder,10,3,1265,98.6,3078,20.4,12381,6.5,78.19999999999999,13.899999999999999,92.1,7.105427357601002e-15,4.3000000005122274e-05,1.999999312829459e-07,0.5662225999999464
method-049,3,Random,OriginalOrder,10,3,1265,101.3,7123,23.7,547,19.3,77.6,4.399999999999999,82.0,7.105427357601002e-15,4.3100000084450585e-05,2.0000015865662135e-07,0.4799004999999852
method-049,4,Random,OriginalOrder,10,3,1265,81.6,1920,33.5,7995,10.6,48.099999999999994,22.9,71.0,7.105427357601002e-15,4.709999984697788e-05,9.999985195463523e-08,0.5646767000000636
method-049,5,Random,OriginalOrder,10,3,1265,92.9,1265,92.9,7993,8.0,0.0,84.9,84.9,0.0,4.179999996267725e-05,2.0000015865662135e-07,0.5325905999998213
method-049,6,Random,OriginalOrder,10,3,1265,76.2,2021,22.3,12380,4.8,53.900000000000006,17.5,71.4,0.0,5.430000010164804e-05,3.000000106112566e-07,0.8837476999999581
method-049,7,Random,OriginalOrder,10,3,1265,72.2,228,46.2,657,7.1,26.0,39.1,65.10000000000001,7.105427357601002e-15,5.420000002231973e-05,1.999999312829459e-07,0.5950168000001668
method-049,8,Random,OriginalOrder,10,3,1265,90.0,1277,90.0,2034,11.3,0.0,78.7,78.7,0.0,5.220000002736924e-05,1.0000007932831068e-07,0.3978426999999556
method-049,9,Random,OriginalOrder,10,3,1265,67.5,1920,23.6,4934,21.2,43.9,2.400000000000002,46.3,-3.552713678800501e-15,3.90000000152213e-05,1.999999312829459e-07,0.4119405999999799
method-049,10,Random,OriginalOrder,10,3,1265,84.4,1277,84.4,1943,11.1,0.0,73.30000000000001,73.30000000000001,0.0,3.990000004705507e-05,1.999999312829459e-07,0.49830289999999877
method-050,1,Random,MarginalGainPredictor,10,3,1265,87.3,2216,32.8,2216,32.8,54.5,0.0,54.5,0.0,5.3600000001097214e-05,0.0008362999999462772,0.47763559999998506
method-050,2,Random,MarginalGainPredictor,10,3,1265,98.6,423,16.5,2014,12.3,82.1,4.199999999999999,86.3,3.552713678800501e-15,4.430000012689561e-05,0.0014799000000493834,0.40152020000004995
method-050,3,Random,MarginalGainPredictor,10,3,1265,99.3,7123,23.7,6314,11.4,75.6,12.299999999999999,87.89999999999999,-1.7763568394002505e-15,4.250000006322807e-05,0.0014891000000716303,0.5413530000000719
method-050,4,Random,MarginalGainPredictor,10,3,1265,80.8,228,48.7,1439,26.9,32.099999999999994,21.800000000000004,53.9,0.0,4.3399999867688166e-05,0.0013779999999314896,0.5396080999998958
method-050,5,Random,MarginalGainPredictor,10,3,1265,95.6,1265,95.6,1265,95.6,0.0,0.0,0.0,0.0,4.669999998441199e-05,0.0013435999999273918,0.37498920000007274
method-050,6,Random,MarginalGainPredictor,10,3,228,55.0,181,22.5,1255,6.1,32.5,16.4,48.9,0.0,4.850000004807953e-05,0.001934799999844472,0.5896528999999191
method-050,7,Random,MarginalGainPredictor,10,3,3519,53.6,1140,27.0,1352,17.6,26.6,9.399999999999999,36.0,0.0,3.9600000036443816e-05,0.001227200000130324,0.42429040000001805
method-050,8,Random,MarginalGainPredictor,10,3,228,57.1,1140,34.1,4679,16.7,23.0,17.400000000000002,40.400000000000006,3.552713678800501e-15,5.0600000122358324e-05,0.001263199999812059,0.4310689999999795
method-050,9,Random,MarginalGainPredictor,10,3,228,64.8,9070,34.6,9070,34.6,30.199999999999996,0.0,30.199999999999996,0.0,4.11000000895001e-05,0.001306399999975838,0.4258150000000569
method-050,10,Random,MarginalGainPredictor,10,3,228,57.4,1978,20.4,1978,20.4,37.0,0.0,37.0,0.0,3.979999996772676e-05,0.0013429000000542146,0.3391351999998733
method-051,1,Random,OriginalOrder,20,3,1265,87.3,2216,32.8,181,25.9,54.5,6.899999999999999,61.4,0.0,5.3600000001097214e-05,4.0000008993956726e-07,0.47763559999998506
method-051,2,Random,OriginalOrder,20,3,1265,98.6,1807,34.3,12381,6.5,64.3,27.799999999999997,92.1,0.0,4.3000000005122274e-05,2.0000015865662135e-07,0.5662225999999464
method-051,3,Random,OriginalOrder,20,3,1265,101.3,228,55.7,547,19.3,45.599999999999994,36.400000000000006,82.0,0.0,4.3100000084450585e-05,1.999999312829459e-07,0.4799004999999852
method-051,4,Random,OriginalOrder,20,3,1265,81.6,1920,33.5,7995,10.6,48.099999999999994,22.9,71.0,7.105427357601002e-15,4.709999984697788e-05,3.000000106112566e-07,0.5646767000000636
method-051,5,Random,OriginalOrder,20,3,1265,92.9,1265,92.9,7993,8.0,0.0,84.9,84.9,0.0,4.179999996267725e-05,2.0000015865662135e-07,0.5325905999998213
method-051,6,Random,OriginalOrder,20,3,1265,76.2,2021,22.3,12380,4.8,53.900000000000006,17.5,71.4,0.0,5.430000010164804e-05,4.999999418942025e-07,0.8837476999999581
method-051,7,Random,OriginalOrder,20,3,1265,72.2,228,46.2,657,7.1,26.0,39.1,65.10000000000001,7.105427357601002e-15,5.420000002231973e-05,3.000000106112566e-07,0.5950168000001668
method-051,8,Random,OriginalOrder,20,3,1265,90.0,1277,90.0,2034,11.3,0.0,78.7,78.7,0.0,5.220000002736924e-05,3.000000106112566e-07,0.3978426999999556
method-051,9,Random,OriginalOrder,20,3,1265,67.5,228,56.3,4934,21.2,11.200000000000003,35.099999999999994,46.3,0.0,3.90000000152213e-05,3.999998625658918e-07,0.4119405999999799
method-051,10,Random,OriginalOrder,20,3,1265,84.4,1277,84.4,1943,11.1,0.0,73.30000000000001,73.30000000000001,0.0,3.990000004705507e-05,4.0000008993956726e-07,0.49830289999999877
method-052,1,Random,MarginalGainPredictor,20,3,1265,87.3,2216,32.8,2216,32.8,54.5,0.0,54.5,0.0,5.3600000001097214e-05,0.0005951000000550266,0.47763559999998506
method-052,2,Random,MarginalGainPredictor,20,3,1265,98.6,1807,34.8,1807,34.8,63.8,0.0,63.8,0.0,4.430000012689561e-05,0.0006501000000298518,0.40152020000004995
method-052,3,Random,MarginalGainPredictor,20,3,1265,95.6,7123,23.6,3078,19.8,72.0,3.8000000000000007,75.8,-3.552713678800501e-15,4.4800000068789814e-05,0.0024465999999847554,0.5774095999997826
method-052,4,Random,MarginalGainPredictor,20,3,1265,80.5,1277,80.5,1277,80.5,0.0,0.0,0.0,0.0,4.969999986315088e-05,0.0018053000001145847,0.4592664999997851
method-052,5,Random,MarginalGainPredictor,20,3,228,61.0,4679,25.0,1265,0.0,36.0,25.0,61.0,0.0,4.2200000052616815e-05,0.0013891000000967324,0.5391970000000583
method-052,6,Random,MarginalGainPredictor,20,3,228,55.1,4285,30.0,3916,21.4,25.1,8.600000000000001,33.7,0.0,8.660000003146706e-05,0.0018732999999429012,0.8589461999999912
method-052,7,Random,MarginalGainPredictor,20,3,3519,55.1,8264,24.8,1352,15.0,30.3,9.8,40.1,0.0,5.750000013904355e-05,0.001465399999915462,0.6748635999999806
method-052,8,Random,MarginalGainPredictor,20,3,228,56.8,2442,18.0,916,5.4,38.8,12.6,51.4,1.7763568394002505e-15,4.059999992023222e-05,0.0013157000000774133,0.38148260000002665
method-052,9,Random,MarginalGainPredictor,20,3,228,64.8,692,28.0,692,28.0,36.8,0.0,36.8,0.0,3.930000002583256e-05,0.0012951999999586405,0.40598799999997937
method-052,10,Random,MarginalGainPredictor,20,3,228,56.4,985,33.0,985,33.0,23.4,0.0,23.4,0.0,4.0900000158217154e-05,0.001223200000140423,0.4935622999998941
method-053,1,Random,OriginalOrder,50,3,1265,87.3,2216,32.8,181,25.9,54.5,6.899999999999999,61.4,0.0,5.3600000001097214e-05,3.000000106112566e-07,0.47763559999998506
method-053,2,Random,OriginalOrder,50,3,1265,98.6,647,45.0,12381,6.5,53.599999999999994,38.5,92.1,0.0,4.3000000005122274e-05,1.999999312829459e-07,0.5662225999999464
method-053,3,Random,OriginalOrder,50,3,1265,101.3,228,55.7,547,19.3,45.599999999999994,36.400000000000006,82.0,0.0,4.3100000084450585e-05,3.000000106112566e-07,0.4799004999999852
method-053,4,Random,OriginalOrder,50,3,1265,81.6,228,48.5,7995,10.6,33.099999999999994,37.9,71.0,7.105427357601002e-15,4.709999984697788e-05,4.999999418942025e-07,0.5646767000000636
method-053,5,Random,OriginalOrder,50,3,1265,92.9,1265,92.9,7993,8.0,0.0,84.9,84.9,0.0,4.179999996267725e-05,1.999999312829459e-07,0.5325905999998213
method-053,6,Random,OriginalOrder,50,3,1265,76.2,3519,48.9,12380,4.8,27.300000000000004,44.1,71.4,0.0,5.430000010164804e-05,6.999998731771484e-07,0.8837476999999581
method-053,7,Random,OriginalOrder,50,3,1265,72.2,1265,72.2,657,7.1,0.0,65.10000000000001,65.10000000000001,0.0,5.420000002231973e-05,3.000000106112566e-07,0.5950168000001668
method-053,8,Random,OriginalOrder,50,3,1265,90.0,1277,90.0,2034,11.3,0.0,78.7,78.7,0.0,5.220000002736924e-05,3.000000106112566e-07,0.3978426999999556
method-053,9,Random,OriginalOrder,50,3,1265,67.5,1265,67.5,4934,21.2,0.0,46.3,46.3,0.0,3.90000000152213e-05,3.000000106112566e-07,0.4119405999999799
method-053,10,Random,OriginalOrder,50,3,1265,84.4,1277,84.4,1943,11.1,0.0,73.30000000000001,73.30000000000001,0.0,3.990000004705507e-05,3.000000106112566e-07,0.49830289999999877
method-054,1,Random,MarginalGainPredictor,50,3,1265,87.3,2216,32.8,2216,32.8,54.5,0.0,54.5,0.0,5.3600000001097214e-05,0.0004764999998769781,0.47763559999998506
method-054,2,Random,MarginalGainPredictor,50,3,1265,98.6,647,45.4,1807,34.8,53.199999999999996,10.600000000000001,63.8,0.0,4.430000012689561e-05,0.0006120000000464643,0.40152020000004995
method-054,3,Random,MarginalGainPredictor,50,3,1265,95.6,9070,55.2,410,49.2,40.39999999999999,6.0,46.39999999999999,0.0,4.4800000068789814e-05,0.001188700000056997,0.5774095999997826
method-054,4,Random,MarginalGainPredictor,50,3,1265,80.6,1920,33.2,1249,23.7,47.39999999999999,9.500000000000004,56.89999999999999,-3.552713678800501e-15,4.749999993691745e-05,0.0014794000001074892,0.5496038000001136
method-054,5,Random,MarginalGainPredictor,50,3,1265,89.1,1265,89.1,1265,89.1,0.0,0.0,0.0,0.0,4.170000011072261e-05,0.0013531000001876237,0.4542953000000125
method-054,6,Random,MarginalGainPredictor,50,3,228,55.1,228,55.1,916,15.3,0.0,39.8,39.8,0.0,7.970000001478184e-05,0.0021063000001504406,0.7190158000000793
method-054,7,Random,MarginalGainPredictor,50,3,3519,54.9,228,46.2,820,20.9,8.699999999999996,25.300000000000004,34.0,0.0,5.239999995865219e-05,0.0013653000000886095,0.40893690000007155
method-054,8,Random,MarginalGainPredictor,50,3,228,56.5,7123,40.3,1816,0.0,16.200000000000003,40.3,56.5,0.0,4.1400000100111356e-05,0.0013839000000643864,0.49169559999995727
method-054,9,Random,MarginalGainPredictor,50,3,228,64.8,3519,58.1,985,32.4,6.699999999999996,25.700000000000003,32.4,0.0,4.079999985151517e-05,0.0013165000000299187,0.48149469999998473
method-054,10,Random,MarginalGainPredictor,50,3,228,57.0,5753,47.1,1439,18.7,9.899999999999999,28.400000000000002,38.3,-3.552713678800501e-15,3.969999988839845e-05,0.0013317999998889718,0.394512000000077
method-055,1,Random,OriginalOrder,100,3,1265,87.3,892,33.2,181,25.9,54.099999999999994,7.300000000000004,61.4,0.0,5.3600000001097214e-05,3.000000106112566e-07,0.47763559999998506
method-055,2,Random,OriginalOrder,100,3,1265,98.6,1265,98.6,12381,6.5,0.0,92.1,92.1,0.0,4.3000000005122274e-05,2.0000015865662135e-07,0.5662225999999464
method-055,3,Random,OriginalOrder,100,3,1265,101.3,1265,101.3,547,19.3,0.0,82.0,82.0,0.0,4.3100000084450585e-05,1.999999312829459e-07,0.4799004999999852
method-055,4,Random,OriginalOrder,100,3,1265,81.6,1277,81.6,7995,10.6,0.0,71.0,71.0,0.0,4.709999984697788e-05,6.000000212225132e-07,0.5646767000000636
method-055,5,Random,OriginalOrder,100,3,1265,92.9,1265,92.9,7993,8.0,0.0,84.9,84.9,0.0,4.179999996267725e-05,1.999999312829459e-07,0.5325905999998213
method-055,6,Random,OriginalOrder,100,3,1265,76.2,1277,76.2,12380,4.8,0.0,71.4,71.4,0.0,5.430000010164804e-05,3.000000106112566e-07,0.8837476999999581
method-055,7,Random,OriginalOrder,100,3,1265,72.2,1265,72.2,657,7.1,0.0,65.10000000000001,65.10000000000001,0.0,5.420000002231973e-05,3.999998625658918e-07,0.5950168000001668
method-055,8,Random,OriginalOrder,100,3,1265,90.0,1277,90.0,2034,11.3,0.0,78.7,78.7,0.0,5.220000002736924e-05,4.0000008993956726e-07,0.3978426999999556
method-055,9,Random,OriginalOrder,100,3,1265,67.5,1265,67.5,4934,21.2,0.0,46.3,46.3,0.0,3.90000000152213e-05,1.999999312829459e-07,0.4119405999999799
method-055,10,Random,OriginalOrder,100,3,1265,84.4,1277,84.4,1943,11.1,0.0,73.30000000000001,73.30000000000001,0.0,3.990000004705507e-05,4.999999418942025e-07,0.49830289999999877
method-056,1,Random,MarginalGainPredictor,100,3,1265,87.3,892,33.2,2216,32.8,54.099999999999994,0.4000000000000057,54.5,0.0,5.3600000001097214e-05,0.000518499999998312,0.47763559999998506
method-056,2,Random,MarginalGainPredictor,100,3,1265,98.6,1265,98.6,1265,98.6,0.0,0.0,0.0,0.0,4.430000012689561e-05,0.0005922000000282424,0.40152020000004995
method-056,3,Random,MarginalGainPredictor,100,3,228,55.6,9070,55.2,410,45.4,0.3999999999999986,9.800000000000004,10.200000000000003,0.0,8.440000010523363e-05,0.001982199999929435,0.4788763999999901
method-056,4,Random,MarginalGainPredictor,100,3,228,48.1,5753,38.3,1807,33.1,9.800000000000004,5.199999999999996,15.0,0.0,4.2099999973288504e-05,0.00146590000008473,0.4669506000000183
method-056,5,Random,MarginalGainPredictor,100,3,228,60.7,3519,42.5,820,20.5,18.200000000000003,22.0,40.2,0.0,4.180000019005092e-05,0.001459300000078656,0.5450969999999415
method-056,6,Random,MarginalGainPredictor,100,3,228,55.1,228,55.1,310,36.1,0.0,19.0,19.0,0.0,8.509999997841078e-05,0.0020357000000785774,0.8465730000000349
method-056,7,Random,MarginalGainPredictor,100,3,3519,53.7,228,46.2,985,29.3,7.5,16.900000000000002,24.400000000000002,0.0,4.449999983080488e-05,0.0013770999998996558,0.49637440000014976
method-056,8,Random,MarginalGainPredictor,100,3,228,56.2,228,56.2,916,5.4,0.0,50.800000000000004,50.800000000000004,0.0,3.9600000036443816e-05,0.0013924000002134562,0.40935319999994135
method-056,9,Random,MarginalGainPredictor,100,3,228,64.6,228,64.6,1249,14.2,0.0,50.39999999999999,50.39999999999999,0.0,4.229999990457145e-05,0.001391600000033577,0.39342839999994794
method-056,10,Random,MarginalGainPredictor,100,3,228,56.4,228,56.4,1277,0.0,0.0,56.4,56.4,0.0,3.990000004705507e-05,0.001390799999853698,0.5100786000000426
method-057,1,Random,OriginalOrder,10,4,1265,87.3,5753,45.7,985,30.2,41.599999999999994,15.500000000000004,57.099999999999994,-3.552713678800501e-15,5.400000009103678e-05,1.999999312829459e-07,0.47763559999998506
method-057,2,Random,OriginalOrder,10,4,1265,98.5,410,45.5,2442,21.0,53.0,24.5,77.5,0.0,4.169999988334894e-05,1.999999312829459e-07,0.582607100000132
method-057,3,Random,OriginalOrder,10,4,1265,101.4,1140,32.7,2717,24.7,68.7,8.000000000000004,76.7,-3.552713678800501e-15,4.709999984697788e-05,1.999999312829459e-07,0.5825382999998965
method-057,4,Random,OriginalOrder,10,4,1265,82.0,410,48.0,4758,13.7,34.0,34.3,68.3,0.0,4.139999987273768e-05,4.0000008993956726e-07,0.558068399999911
method-057,5,Random,OriginalOrder,10,4,1265,92.9,1265,92.9,7993,8.2,0.0,84.7,84.7,0.0,4.459999991013319e-05,9.999985195463523e-08,0.5603868000000602
method-057,6,Random,OriginalOrder,10,4,1265,80.1,7995,23.4,1785,21.5,56.699999999999996,1.8999999999999986,58.599999999999994,0.0,8.069999989857024e-05,1.999999312829459e-07,0.7118536000000404
method-057,7,Random,OriginalOrder,10,4,1265,72.7,181,34.5,2122,21.5,38.2,13.0,51.2,0.0,4.0399999988949276e-05,1.999999312829459e-07,0.4391775999999936
method-057,8,Random,OriginalOrder,10,4,1265,92.2,1265,92.2,2368,13.4,0.0,78.8,78.8,0.0,6.349999989652133e-05,2.0000015865662135e-07,0.49060529999997016
method-057,9,Random,OriginalOrder,10,4,1265,71.9,310,45.3,2146,13.4,26.60000000000001,31.9,58.50000000000001,0.0,4.250000006322807e-05,1.999999312829459e-07,0.47648590000017066
method-057,10,Random,OriginalOrder,10,4,1265,85.8,1140,25.8,58,5.6,60.0,20.200000000000003,80.2,0.0,4.089999993084348e-05,1.999999312829459e-07,0.39977559999988443
method-058,1,Random,MarginalGainPredictor,10,4,1265,87.3,5753,45.7,985,30.2,41.599999999999994,15.500000000000004,57.099999999999994,-3.552713678800501e-15,5.400000009103678e-05,0.00034989999994650134,0.47763559999998506
method-058,2,Random,MarginalGainPredictor,10,4,1265,98.5,410,45.5,410,45.5,53.0,0.0,53.0,0.0,4.169999988334894e-05,0.0013208999998823856,0.582607100000132
method-058,3,Random,MarginalGainPredictor,10,4,1265,97.9,1140,32.7,1423,19.2,65.2,13.500000000000004,78.7,-3.552713678800501e-15,4.2099999973288504e-05,0.0013309000000845117,0.4114142000000811
method-058,4,Random,MarginalGainPredictor,10,4,1265,79.7,1265,79.7,1265,79.7,0.0,0.0,0.0,0.0,4.06000001476059e-05,0.0020471999998790125,0.5360046000000693
method-058,5,Random,MarginalGainPredictor,10,4,228,60.8,12802,22.4,1277,0.0,38.4,22.4,60.8,0.0,4.139999987273768e-05,0.0013117000000875123,0.38050350000003164
method-058,6,Random,MarginalGainPredictor,10,4,3519,55.4,188,12.3,4305,9.7,43.099999999999994,2.6000000000000014,45.7,7.105427357601002e-15,7.519999985561299e-05,0.002024300000130097,0.8242577999999412
method-058,7,Random,MarginalGainPredictor,10,4,3519,53.6,1807,43.3,1807,43.3,10.300000000000004,0.0,10.300000000000004,0.0,5.3499999921768904e-05,0.0017100000000027649,0.5661079000001337
method-058,8,Random,MarginalGainPredictor,10,4,228,56.5,656,24.1,1249,15.4,32.4,8.700000000000001,41.1,1.7763568394002505e-15,6.0400000165827805e-05,0.001299600000038481,0.335714100000132
method-058,9,Random,MarginalGainPredictor,10,4,228,64.8,1352,28.6,1352,28.6,36.199999999999996,0.0,36.199999999999996,0.0,4.16000000313943e-05,0.0012632999998913874,0.3254941999998664
method-058,10,Random,MarginalGainPredictor,10,4,228,56.9,5753,47.0,5753,47.0,9.899999999999999,0.0,9.899999999999999,0.0,4.020000005766633e-05,0.0012851999999838881,0.4524731999999858
method-059,1,Random,OriginalOrder,20,4,1265,87.3,5753,45.7,985,30.2,41.599999999999994,15.500000000000004,57.099999999999994,-3.552713678800501e-15,5.400000009103678e-05,2.0000015865662135e-07,0.47763559999998506
method-059,2,Random,OriginalOrder,20,4,1265,98.5,410,45.5,2442,21.0,53.0,24.5,77.5,0.0,4.169999988334894e-05,1.999999312829459e-07,0.582607100000132
method-059,3,Random,OriginalOrder,20,4,1265,101.4,2477,33.8,2717,24.7,67.60000000000001,9.099999999999998,76.7,-3.552713678800501e-15,4.709999984697788e-05,1.999999312829459e-07,0.5825382999998965
method-059,4,Random,OriginalOrder,20,4,1265,82.0,410,48.0,4758,13.7,34.0,34.3,68.3,0.0,4.139999987273768e-05,9.99999883788405e-07,0.558068399999911
method-059,5,Random,OriginalOrder,20,4,1265,92.9,1265,92.9,7993,8.2,0.0,84.7,84.7,0.0,4.459999991013319e-05,2.0000015865662135e-07,0.5603868000000602
method-059,6,Random,OriginalOrder,20,4,1265,80.1,4285,30.7,1785,21.5,49.39999999999999,9.2,58.599999999999994,3.552713678800501e-15,8.069999989857024e-05,3.999998625658918e-07,0.7118536000000404
method-059,7,Random,OriginalOrder,20,4,1265,72.7,310,36.8,2122,21.5,35.900000000000006,15.299999999999997,51.2,0.0,4.0399999988949276e-05,7.000001005508238e-07,0.4391775999999936
method-059,8,Random,OriginalOrder,20,4,1265,92.2,1265,92.2,2368,13.4,0.0,78.8,78.8,0.0,6.349999989652133e-05,4.0000008993956726e-07,0.49060529999997016
method-059,9,Random,OriginalOrder,20,4,1265,71.9,310,45.3,2146,13.4,26.60000000000001,31.9,58.50000000000001,0.0,4.250000006322807e-05,3.000000106112566e-07,0.47648590000017066
method-059,10,Random,OriginalOrder,20,4,1265,85.8,8264,27.2,58,5.6,58.599999999999994,21.6,80.2,7.105427357601002e-15,4.089999993084348e-05,4.999999418942025e-07,0.39977559999988443
method-060,1,Random,MarginalGainPredictor,20,4,1265,87.3,5753,45.7,985,30.2,41.599999999999994,15.500000000000004,57.099999999999994,-3.552713678800501e-15,5.400000009103678e-05,0.00035020000018448627,0.47763559999998506
method-060,2,Random,MarginalGainPredictor,20,4,1265,98.5,410,45.5,410,45.5,53.0,0.0,53.0,0.0,4.169999988334894e-05,0.00076060000014877,0.582607100000132
method-060,3,Random,MarginalGainPredictor,20,4,1265,97.9,1140,32.7,1423,19.2,65.2,13.500000000000004,78.7,-3.552713678800501e-15,4.2099999973288504e-05,0.0006296999999904074,0.4114142000000811
method-060,4,Random,MarginalGainPredictor,20,4,1265,79.7,1265,79.7,1265,79.7,0.0,0.0,0.0,0.0,4.06000001476059e-05,0.0009867999999642052,0.5360046000000693
method-060,5,Random,MarginalGainPredictor,20,4,228,60.8,9070,34.6,1277,0.0,26.199999999999996,34.6,60.8,0.0,4.139999987273768e-05,0.0006898999999975786,0.38050350000003164
method-060,6,Random,MarginalGainPredictor,20,4,3519,55.4,4172,16.3,679,14.1,39.099999999999994,2.200000000000001,41.3,1.7763568394002505e-15,7.519999985561299e-05,0.0009666000000834174,0.8242577999999412
method-060,7,Random,MarginalGainPredictor,20,4,3519,53.7,228,46.1,1807,43.3,7.600000000000001,2.8000000000000043,10.400000000000006,0.0,5.129999999553547e-05,0.0013168999998924846,0.5456560999998601
method-060,8,Random,MarginalGainPredictor,20,4,228,56.5,2122,30.8,1249,15.4,25.7,15.4,41.1,1.7763568394002505e-15,4.37000001056731e-05,0.00128050000012081,0.4897224000001188
method-060,9,Random,MarginalGainPredictor,20,4,228,64.8,2021,37.5,2216,33.6,27.299999999999997,3.8999999999999986,31.199999999999996,0.0,4.2499999835854396e-05,0.0012633999999707157,0.4771814999999151
method-060,10,Random,MarginalGainPredictor,20,4,228,56.9,5753,47.2,5753,47.2,9.699999999999996,0.0,9.699999999999996,0.0,3.9600000036443816e-05,0.001268599999775688,0.40721629999984543
method-061,1,Random,OriginalOrder,50,4,1265,87.3,1277,87.3,985,30.2,0.0,57.099999999999994,57.099999999999994,0.0,5.400000009103678e-05,1.999999312829459e-07,0.47763559999998506
method-061,2,Random,OriginalOrder,50,4,1265,98.5,410,45.5,2442,21.0,53.0,24.5,77.5,0.0,4.169999988334894e-05,1.999999312829459e-07,0.582607100000132
method-061,3,Random,OriginalOrder,50,4,1265,101.4,3519,55.5,2717,24.7,45.900000000000006,30.8,76.7,-3.552713678800501e-15,4.709999984697788e-05,2.0000015865662135e-07,0.5825382999998965
method-061,4,Random,OriginalOrder,50,4,1265,82.0,410,48.0,4758,13.7,34.0,34.3,68.3,0.0,4.139999987273768e-05,3.999998625658918e-07,0.558068399999911
method-061,5,Random,OriginalOrder,50,4,1265,92.9,1265,92.9,7993,8.2,0.0,84.7,84.7,0.0,4.459999991013319e-05,1.999999312829459e-07,0.5603868000000602
method-061,6,Random,OriginalOrder,50,4,1265,80.1,4285,30.7,1785,21.5,49.39999999999999,9.2,58.599999999999994,3.552713678800501e-15,8.069999989857024e-05,3.000000106112566e-07,0.7118536000000404
method-061,7,Random,OriginalOrder,50,4,1265,72.7,228,46.1,2122,21.5,26.6,24.6,51.2,0.0,4.0399999988949276e-05,5.000001692678779e-07,0.4391775999999936
method-061,8,Random,OriginalOrder,50,4,1265,92.2,1265,92.2,2368,13.4,0.0,78.8,78.8,0.0,6.349999989652133e-05,3.000000106112566e-07,0.49060529999997016
method-061,9,Random,OriginalOrder,50,4,1265,71.9,1265,71.9,2146,13.4,0.0,58.50000000000001,58.50000000000001,0.0,4.250000006322807e-05,3.000000106112566e-07,0.47648590000017066
method-061,10,Random,OriginalOrder,50,4,1265,85.8,2216,30.2,58,5.6,55.599999999999994,24.6,80.2,7.105427357601002e-15,4.089999993084348e-05,4.0000008993956726e-07,0.39977559999988443
method-062,1,Random,MarginalGainPredictor,50,4,1265,87.3,1277,87.3,410,46.7,0.0,40.599999999999994,40.599999999999994,0.0,5.400000009103678e-05,0.0004039000000375381,0.47763559999998506
method-062,2,Random,MarginalGainPredictor,50,4,1265,98.6,1265,98.6,1265,98.6,0.0,0.0,0.0,0.0,4.6200000042517786e-05,0.001399400000082096,0.5870417999999518
method-062,3,Random,MarginalGainPredictor,50,4,228,55.6,228,55.6,310,41.4,0.0,14.200000000000003,14.200000000000003,0.0,5.420000002231973e-05,0.0014573000000837055,0.5660461999998461
method-062,4,Random,MarginalGainPredictor,50,4,228,48.1,2021,34.8,985,32.8,13.300000000000004,2.0,15.300000000000004,0.0,4.200000012133387e-05,0.0014020999999502237,0.4573202000001402
method-062,5,Random,MarginalGainPredictor,50,4,228,60.8,228,60.8,1277,0.0,0.0,60.8,60.8,0.0,5.6300000096598524e-05,0.0014046999999663967,0.5634953999999652
method-062,6,Random,MarginalGainPredictor,50,4,3519,55.3,647,35.3,6314,13.1,20.0,22.199999999999996,42.199999999999996,0.0,8.329999991474324e-05,0.00256889999991472,0.6851249999999709
method-062,7,Random,MarginalGainPredictor,50,4,3519,55.0,3519,55.0,1807,42.9,0.0,12.100000000000001,12.100000000000001,0.0,5.8500000022831955e-05,0.001595599999973274,0.47861729999999625
method-062,8,Random,MarginalGainPredictor,50,4,228,56.2,228,56.2,1249,15.4,0.0,40.800000000000004,40.800000000000004,0.0,4.100000001017179e-05,0.0016235999999025807,0.5063214000001608
method-062,9,Random,MarginalGainPredictor,50,4,228,64.6,2021,36.7,916,10.3,27.89999999999999,26.400000000000002,54.3,3.552713678800501e-15,4.269999999451102e-05,0.0013354000000163069,0.4844711000000643
method-062,10,Random,MarginalGainPredictor,50,4,228,56.4,5753,46.4,1352,12.1,10.0,34.3,44.3,0.0,3.9600000036443816e-05,0.001254300000027797,0.48482269999999517
method-063,1,Random,OriginalOrder,100,4,1265,87.3,1277,87.3,985,30.2,0.0,57.099999999999994,57.099999999999994,0.0,5.400000009103678e-05,2.0000015865662135e-07,0.47763559999998506
method-063,2,Random,OriginalOrder,100,4,1265,98.5,1277,98.5,2442,21.0,0.0,77.5,77.5,0.0,4.169999988334894e-05,2.0000015865662135e-07,0.582607100000132
method-063,3,Random,OriginalOrder,100,4,1265,101.4,1265,101.4,2717,24.7,0.0,76.7,76.7,0.0,4.709999984697788e-05,3.000000106112566e-07,0.5825382999998965
method-063,4,Random,OriginalOrder,100,4,1265,82.0,410,48.0,4758,13.7,34.0,34.3,68.3,0.0,4.139999987273768e-05,3.000000106112566e-07,0.558068399999911
method-063,5,Random,OriginalOrder,100,4,1265,92.9,1265,92.9,7993,8.2,0.0,84.7,84.7,0.0,4.459999991013319e-05,3.999998625658918e-07,0.5603868000000602
method-063,6,Random,OriginalOrder,100,4,1265,80.1,410,39.9,1785,21.5,40.199999999999996,18.4,58.599999999999994,0.0,8.069999989857024e-05,4.0000008993956726e-07,0.7118536000000404
method-063,7,Random,OriginalOrder,100,4,1265,72.7,228,46.1,2122,21.5,26.6,24.6,51.2,0.0,4.0399999988949276e-05,3.999998625658918e-07,0.4391775999999936
method-063,8,Random,OriginalOrder,100,4,1265,92.2,1265,92.2,2368,13.4,0.0,78.8,78.8,0.0,6.349999989652133e-05,3.999998625658918e-07,0.49060529999997016
method-063,9,Random,OriginalOrder,100,4,1265,71.9,1265,71.9,2146,13.4,0.0,58.50000000000001,58.50000000000001,0.0,4.250000006322807e-05,3.000000106112566e-07,0.47648590000017066
method-063,10,Random,OriginalOrder,100,4,1265,85.8,1265,85.8,58,5.6,0.0,80.2,80.2,0.0,4.089999993084348e-05,3.000000106112566e-07,0.39977559999988443
method-064,1,Random,MarginalGainPredictor,100,4,1265,87.3,1277,87.3,410,46.7,0.0,40.599999999999994,40.599999999999994,0.0,5.400000009103678e-05,0.0004104999998162384,0.47763559999998506
method-064,2,Random,MarginalGainPredictor,100,4,1265,98.6,1265,98.6,1265,98.6,0.0,0.0,0.0,0.0,4.6200000042517786e-05,0.0007481999998617539,0.5870417999999518
method-064,3,Random,MarginalGainPredictor,100,4,228,55.6,228,55.6,310,41.4,0.0,14.200000000000003,14.200000000000003,0.0,5.420000002231973e-05,0.0032028999999056396,0.5660461999998461
method-064,4,Random,MarginalGainPredictor,100,4,228,48.1,228,48.1,985,32.8,0.0,15.300000000000004,15.300000000000004,0.0,4.200000012133387e-05,0.0007256999999754044,0.4573202000001402
method-064,5,Random,MarginalGainPredictor,100,4,228,60.8,228,60.8,1277,0.0,0.0,60.8,60.8,0.0,5.6300000096598524e-05,0.0008553000000119937,0.5634953999999652
method-064,6,Random,MarginalGainPredictor,100,4,3519,55.3,3519,55.3,916,20.2,0.0,35.099999999999994,35.099999999999994,0.0,8.329999991474324e-05,0.0013082999998914602,0.6851249999999709
method-064,7,Random,MarginalGainPredictor,100,4,3519,54.7,3519,54.7,1807,35.0,0.0,19.700000000000003,19.700000000000003,0.0,4.3200000163778896e-05,0.0013354000000163069,0.5178355000000465
method-064,8,Random,MarginalGainPredictor,100,4,228,56.2,7123,39.7,2216,29.6,16.5,10.100000000000001,26.6,0.0,4.0399999988949276e-05,0.0013690999999198539,0.40013039999985267
method-064,9,Random,MarginalGainPredictor,100,4,228,64.6,228,64.6,1816,0.0,0.0,64.6,64.6,0.0,5.8600000102160266e-05,0.0014547999999194872,0.4117876999998771
method-064,10,Random,MarginalGainPredictor,100,4,228,56.4,5753,47.1,820,17.8,9.299999999999997,29.3,38.599999999999994,-3.552713678800501e-15,3.839999999399879e-05,0.0013301999999839609,0.5150479999999789
method-065,1,Random,OriginalOrder,10,5,1265,87.3,5454,24.5,5454,24.5,62.8,0.0,62.8,0.0,5.3099999831829336e-05,1.999999312829459e-07,0.47763559999998506
method-065,2,Random,OriginalOrder,10,5,1265,95.2,9070,26.3,597,11.9,68.9,14.4,83.3,-8.881784197001252e-15,6.220000000212167e-05,1.999999312829459e-07,0.45635189999984505
method-065,3,Random,OriginalOrder,10,5,1265,101.5,228,55.5,802,5.4,46.0,50.1,96.1,-7.105427357601002e-15,6.149999990157085e-05,2.0000015865662135e-07,0.6054309000001012
method-065,4,Random,OriginalOrder,10,5,1265,79.0,1277,79.0,7123,24.5,0.0,54.5,54.5,0.0,4.280000007383933e-05,9.999985195463523e-08,0.5520759000000908
method-065,5,Random,OriginalOrder,10,5,1265,94.3,2216,30.7,2272,13.8,63.599999999999994,16.9,80.5,7.105427357601002e-15,5.3700000080425525e-05,1.0000007932831068e-07,0.46122409999998126
method-065,6,Random,OriginalOrder,10,5,1265,76.5,1807,44.6,12382,3.3,31.9,41.300000000000004,73.2,0.0,8.830000001580629e-05,3.000000106112566e-07,0.8741445000000567
method-065,7,Random,OriginalOrder,10,5,1265,73.6,1816,28.5,1816,28.5,45.099999999999994,0.0,45.099999999999994,0.0,4.169999988334894e-05,2.0000015865662135e-07,0.4382144999999582
method-065,8,Random,OriginalOrder,10,5,1265,86.9,547,18.9,3700,14.7,68.0,4.199999999999999,72.2,3.552713678800501e-15,4.4800000068789814e-05,3.000000106112566e-07,0.5131734999999935
method-065,9,Random,OriginalOrder,10,5,1265,67.0,228,64.8,228,64.8,2.200000000000003,0.0,2.200000000000003,0.0,4.3399999867688166e-05,9.999985195463523e-08,0.4867403999999169
method-065,10,Random,OriginalOrder,10,5,1265,86.2,2477,23.4,2477,23.4,62.800000000000004,0.0,62.800000000000004,0.0,3.919999994650425e-05,1.999999312829459e-07,0.41137320000007094
method-066,1,Random,MarginalGainPredictor,10,5,1265,87.3,5454,24.5,1255,9.8,62.8,14.7,77.5,3.552713678800501e-15,5.3099999831829336e-05,0.00033529999996062543,0.47763559999998506
method-066,2,Random,MarginalGainPredictor,10,5,1265,95.1,9070,26.3,9070,26.3,68.8,0.0,68.8,0.0,5.490000012287055e-05,0.0014595999998618936,0.5264689000000544
method-066,3,Random,MarginalGainPredictor,10,5,1265,97.9,7995,31.4,7995,31.4,66.5,0.0,66.5,0.0,5.499999997482519e-05,0.0013659999999617867,0.43670029999998405
method-066,4,Random,MarginalGainPredictor,10,5,1265,78.9,7123,25.0,3916,20.7,53.900000000000006,4.300000000000001,58.2,-3.552713678800501e-15,5.740000005971524e-05,0.0015161999999691034,0.4117063999999573
method-066,5,Random,MarginalGainPredictor,10,5,1265,91.4,12804,13.4,699,10.9,78.0,2.5,80.5,0.0,6.0300000086499495e-05,0.0014975999999933265,0.557668700000022
method-066,6,Random,MarginalGainPredictor,10,5,1265,76.3,1807,43.3,1807,43.3,33.0,0.0,33.0,0.0,8.230000003095483e-05,0.00189049999994495,0.8061848999998347
method-066,7,Random,MarginalGainPredictor,10,5,1265,71.1,5753,32.4,3078,20.4,38.699999999999996,12.0,50.699999999999996,0.0,4.5300000010684016e-05,0.001234000000067681,0.44868380000002617
method-066,8,Random,MarginalGainPredictor,10,5,1265,88.2,647,34.6,1249,15.6,53.6,19.0,72.60000000000001,7.105427357601002e-15,3.90000000152213e-05,0.0012876999999207328,0.32382110000003195
method-066,9,Random,MarginalGainPredictor,10,5,1265,66.3,1352,28.5,1352,28.5,37.8,0.0,37.8,0.0,4.7799999947528704e-05,0.001285399999915171,0.3403838000001542
method-066,10,Random,MarginalGainPredictor,10,5,1265,72.4,647,30.6,181,24.6,41.800000000000004,6.0,47.800000000000004,0.0,3.930000002583256e-05,0.001243000000158645,0.4277148000001034
method-067,1,Random,OriginalOrder,20,5,1265,87.3,830,24.8,5454,24.5,62.5,0.3000000000000007,62.8,-3.552713678800501e-15,5.3099999831829336e-05,9.999985195463523e-08,0.47763559999998506
method-067,2,Random,OriginalOrder,20,5,1265,95.2,9070,26.3,597,11.9,68.9,14.4,83.3,-8.881784197001252e-15,6.220000000212167e-05,3.000000106112566e-07,0.45635189999984505
method-067,3,Random,OriginalOrder,20,5,1265,101.5,228,55.5,802,5.4,46.0,50.1,96.1,-7.105427357601002e-15,6.149999990157085e-05,3.000000106112566e-07,0.6054309000001012
method-067,4,Random,OriginalOrder,20,5,1265,79.0,1277,79.0,7123,24.5,0.0,54.5,54.5,0.0,4.280000007383933e-05,1.999999312829459e-07,0.5520759000000908
method-067,5,Random,OriginalOrder,20,5,1265,94.3,2216,30.7,2272,13.8,63.599999999999994,16.9,80.5,7.105427357601002e-15,5.3700000080425525e-05,3.000000106112566e-07,0.46122409999998126
method-067,6,Random,OriginalOrder,20,5,1265,76.5,1807,44.6,12382,3.3,31.9,41.300000000000004,73.2,0.0,8.830000001580629e-05,5.000001692678779e-07,0.8741445000000567
method-067,7,Random,OriginalOrder,20,5,1265,73.6,1807,42.5,1816,28.5,31.099999999999994,14.0,45.099999999999994,0.0,4.169999988334894e-05,3.000000106112566e-07,0.4382144999999582
method-067,8,Random,OriginalOrder,20,5,1265,86.9,1920,27.7,3700,14.7,59.2,13.0,72.2,0.0,4.4800000068789814e-05,1.999999312829459e-07,0.5131734999999935
method-067,9,Random,OriginalOrder,20,5,1265,67.0,228,64.8,228,64.8,2.200000000000003,0.0,2.200000000000003,0.0,4.3399999867688166e-05,4.0000008993956726e-07,0.4867403999999169
method-067,10,Random,OriginalOrder,20,5,1265,86.2,1265,86.2,2477,23.4,0.0,62.800000000000004,62.800000000000004,0.0,3.919999994650425e-05,3.000000106112566e-07,0.41137320000007094
method-068,1,Random,MarginalGainPredictor,20,5,1265,87.3,830,24.8,820,18.4,62.5,6.400000000000002,68.9,3.552713678800501e-15,5.3099999831829336e-05,0.00044039999988854106,0.47763559999998506
method-068,2,Random,MarginalGainPredictor,20,5,1265,98.4,9070,26.3,1816,15.4,72.10000000000001,10.9,83.0,-8.881784197001252e-15,5.690000011782104e-05,0.0013374000000112574,0.4817735999999968
method-068,3,Random,MarginalGainPredictor,20,5,1265,95.1,1277,95.1,1277,95.1,0.0,0.0,0.0,0.0,4.500000000007276e-05,0.001928700000007666,0.5859677000000829
method-068,4,Random,MarginalGainPredictor,20,5,410,48.2,9070,28.1,9070,28.1,20.1,0.0,20.1,0.0,5.660000010720978e-05,0.0014405000001715962,0.5576874999999291
method-068,5,Random,MarginalGainPredictor,20,5,228,60.9,4938,14.2,1255,8.6,46.7,5.6,52.3,-5.329070518200751e-15,4.4800000068789814e-05,0.0017333999999209482,0.4798134999998638
method-068,6,Random,MarginalGainPredictor,20,5,228,55.1,3519,54.9,1807,12.9,0.20000000000000284,42.0,42.2,0.0,0.00010939999992842786,0.0017646999999669788,0.8166384999999536
method-068,7,Random,MarginalGainPredictor,20,5,3519,52.8,2023,21.1,3078,20.4,31.699999999999996,0.7000000000000028,32.4,0.0,4.899999998997373e-05,0.0012902000000849512,0.39171989999999823
method-068,8,Random,MarginalGainPredictor,20,5,228,56.8,647,34.9,1249,15.4,21.9,19.5,41.4,0.0,4.189999981463188e-05,0.001229699999839795,0.48287389999995867
method-068,9,Random,MarginalGainPredictor,20,5,228,64.7,1352,28.8,7995,15.6,35.900000000000006,13.200000000000001,49.1,-5.329070518200751e-15,4.009999997833802e-05,0.0012825999999677151,0.4766785000001619
method-068,10,Random,MarginalGainPredictor,20,5,228,56.9,2216,30.2,1265,0.0,26.7,30.2,56.9,0.0,4.0299999909620965e-05,0.0012220999999499327,0.4046875999999884
method-069,1,Random,OriginalOrder,50,5,1265,87.3,228,57.8,5454,24.5,29.5,33.3,62.8,0.0,5.3099999831829336e-05,1.999999312829459e-07,0.47763559999998506
method-069,2,Random,OriginalOrder,50,5,1265,95.2,410,45.1,597,11.9,50.1,33.2,83.3,-7.105427357601002e-15,6.220000000212167e-05,1.999999312829459e-07,0.45635189999984505
method-069,3,Random,OriginalOrder,50,5,1265,101.5,228,55.5,802,5.4,46.0,50.1,96.1,-7.105427357601002e-15,6.149999990157085e-05,3.000000106112566e-07,0.6054309000001012
method-069,4,Random,OriginalOrder,50,5,1265,79.0,1277,79.0,7123,24.5,0.0,54.5,54.5,0.0,4.280000007383933e-05,1.999999312829459e-07,0.5520759000000908
method-069,5,Random,OriginalOrder,50,5,1265,94.3,228,61.1,2272,13.8,33.199999999999996,47.3,80.5,7.105427357601002e-15,5.3700000080425525e-05,5.000001692678779e-07,0.46122409999998126
method-069,6,Random,OriginalOrder,50,5,1265,76.5,1807,44.6,12382,3.3,31.9,41.300000000000004,73.2,0.0,8.830000001580629e-05,5.000001692678779e-07,0.8741445000000567
method-069,7,Random,OriginalOrder,50,5,1265,73.6,1807,42.5,1816,28.5,31.099999999999994,14.0,45.099999999999994,0.0,4.169999988334894e-05,3.000000106112566e-07,0.4382144999999582
method-069,8,Random,OriginalOrder,50,5,1265,86.9,228,56.7,3700,14.7,30.200000000000003,42.0,72.2,0.0,4.4800000068789814e-05,3.000000106112566e-07,0.5131734999999935
method-069,9,Random,OriginalOrder,50,5,1265,67.0,228,64.8,228,64.8,2.200000000000003,0.0,2.200000000000003,0.0,4.3399999867688166e-05,1.999999312829459e-07,0.4867403999999169
method-069,10,Random,OriginalOrder,50,5,1265,86.2,1265,86.2,2477,23.4,0.0,62.800000000000004,62.800000000000004,0.0,3.919999994650425e-05,3.000000106112566e-07,0.41137320000007094
method-070,1,Random,MarginalGainPredictor,50,5,1265,87.3,228,57.8,410,46.7,29.5,11.099999999999994,40.599999999999994,0.0,5.3099999831829336e-05,0.00044360000015331025,0.47763559999998506
method-070,2,Random,MarginalGainPredictor,50,5,1265,98.6,1265,98.6,1265,98.6,0.0,0.0,0.0,0.0,4.969999986315088e-05,0.0006109999999353022,0.5870417999999518
method-070,3,Random,MarginalGainPredictor,50,5,228,55.6,228,55.6,310,41.4,0.0,14.200000000000003,14.200000000000003,0.0,5.7599999990998185e-05,0.001019600000063292,0.5660461999998461
method-070,4,Random,MarginalGainPredictor,50,5,228,48.1,5753,38.3,916,22.1,9.800000000000004,16.199999999999996,26.0,0.0,5.2599999889935134e-05,0.0007927999999992608,0.4573202000001402
method-070,5,Random,MarginalGainPredictor,50,5,228,60.8,3519,41.5,820,21.5,19.299999999999997,20.0,39.3,0.0,4.1300000020783045e-05,0.0013691000001472275,0.545305800000051
method-070,6,Random,MarginalGainPredictor,50,5,3519,55.8,985,33.5,985,33.5,22.299999999999997,0.0,22.299999999999997,0.0,7.679999998799758e-05,0.0017170000000987784,0.8333116000001155
method-070,7,Random,MarginalGainPredictor,50,5,3519,54.4,3225,29.4,1277,0.0,25.0,29.4,54.4,0.0,4.080000007888884e-05,0.0013005999999222695,0.5014788000000863
method-070,8,Random,MarginalGainPredictor,50,5,228,56.4,647,34.1,1807,33.2,22.299999999999997,0.8999999999999986,23.199999999999996,0.0,4.11000000895001e-05,0.0012830999999096093,0.44124409999994896
method-070,9,Random,MarginalGainPredictor,50,5,228,64.6,3519,57.4,1255,8.0,7.199999999999996,49.4,56.599999999999994,0.0,3.9499999957115506e-05,0.0013192999999773747,0.4786525000001802
method-070,10,Random,MarginalGainPredictor,50,5,228,56.4,647,29.0,7995,15.6,27.4,13.4,40.8,-1.7763568394002505e-15,4.080000007888884e-05,0.0012877000001481065,0.4938963999998123
method-071,1,Random,OriginalOrder,100,5,1265,87.3,1277,87.3,5454,24.5,0.0,62.8,62.8,0.0,5.3099999831829336e-05,2.0000015865662135e-07,0.47763559999998506
method-071,2,Random,OriginalOrder,100,5,1265,95.2,1277,95.2,597,11.9,0.0,83.3,83.3,0.0,6.220000000212167e-05,1.999999312829459e-07,0.45635189999984505
method-071,3,Random,OriginalOrder,100,5,1265,101.5,228,55.5,802,5.4,46.0,50.1,96.1,-7.105427357601002e-15,6.149999990157085e-05,2.0000015865662135e-07,0.6054309000001012
method-071,4,Random,OriginalOrder,100,5,1265,79.0,1265,79.0,7123,24.5,0.0,54.5,54.5,0.0,4.280000007383933e-05,1.999999312829459e-07,0.5520759000000908
method-071,5,Random,OriginalOrder,100,5,1265,94.3,1277,94.3,2272,13.8,0.0,80.5,80.5,0.0,5.3700000080425525e-05,3.000000106112566e-07,0.46122409999998126
method-071,6,Random,OriginalOrder,100,5,1265,76.5,1277,76.5,12382,3.3,0.0,73.2,73.2,0.0,8.830000001580629e-05,3.000000106112566e-07,0.8741445000000567
method-071,7,Random,OriginalOrder,100,5,1265,73.6,1265,73.6,1816,28.5,0.0,45.099999999999994,45.099999999999994,0.0,4.169999988334894e-05,1.999999312829459e-07,0.4382144999999582
method-071,8,Random,OriginalOrder,100,5,1265,86.9,228,56.7,3700,14.7,30.200000000000003,42.0,72.2,0.0,4.4800000068789814e-05,3.000000106112566e-07,0.5131734999999935
method-071,9,Random,OriginalOrder,100,5,1265,67.0,228,64.8,228,64.8,2.200000000000003,0.0,2.200000000000003,0.0,4.3399999867688166e-05,4.999999418942025e-07,0.4867403999999169
method-071,10,Random,OriginalOrder,100,5,1265,86.2,1265,86.2,2477,23.4,0.0,62.800000000000004,62.800000000000004,0.0,3.919999994650425e-05,3.000000106112566e-07,0.41137320000007094
method-072,1,Random,MarginalGainPredictor,100,5,1265,87.3,1277,87.3,410,46.7,0.0,40.599999999999994,40.599999999999994,0.0,5.3099999831829336e-05,0.0004604999999173742,0.47763559999998506
method-072,2,Random,MarginalGainPredictor,100,5,1265,98.6,1265,98.6,1265,98.6,0.0,0.0,0.0,0.0,4.969999986315088e-05,0.0005614000001514796,0.5870417999999518
method-072,3,Random,MarginalGainPredictor,100,5,228,55.6,228,55.6,310,41.4,0.0,14.200000000000003,14.200000000000003,0.0,5.7599999990998185e-05,0.0012867000000369444,0.5660461999998461
method-072,4,Random,MarginalGainPredictor,100,5,228,48.1,5753,38.3,2216,28.3,9.800000000000004,9.999999999999996,19.8,0.0,5.2599999889935134e-05,0.0006618999998408981,0.4573202000001402
method-072,5,Random,MarginalGainPredictor,100,5,228,60.8,5753,43.8,1807,34.6,17.0,9.199999999999996,26.199999999999996,0.0,4.239999998389976e-05,0.0014923000001090259,0.4414493000001585
method-072,6,Random,MarginalGainPredictor,100,5,228,55.1,892,43.3,1277,0.0,11.800000000000004,43.3,55.1,0.0,0.00010059999999612046,0.002137700000048426,0.764148700000078
method-072,7,Random,MarginalGainPredictor,100,5,3519,54.0,3519,54.0,985,30.8,0.0,23.2,23.2,0.0,4.190000004200556e-05,0.001373700000158351,0.4155551999999716
method-072,8,Random,MarginalGainPredictor,100,5,228,56.2,228,56.2,7995,12.9,0.0,43.300000000000004,43.300000000000004,0.0,4.06000001476059e-05,0.0013215999999829364,0.48345150000000103
method-072,9,Random,MarginalGainPredictor,100,5,228,64.6,3519,57.6,1816,0.0,6.999999999999993,57.6,64.6,0.0,3.9600000036443816e-05,0.0013335000001006847,0.38990259999991395
method-072,10,Random,MarginalGainPredictor,100,5,228,56.4,3519,41.4,820,17.8,15.0,23.599999999999998,38.599999999999994,-3.552713678800501e-15,4.0299999909620965e-05,0.0013409000000592641,0.4037150000001475
method-073,1,Random,OriginalOrder,10,6,1265,87.3,410,46.7,189,16.6,40.599999999999994,30.1,70.69999999999999,-7.105427357601002e-15,5.220000002736924e-05,2.0000015865662135e-07,0.47763559999998506
method-073,2,Random,OriginalOrder,10,6,1265,98.6,3078,20.4,2854,9.1,78.19999999999999,11.299999999999999,89.5,1.2434497875801753e-14,5.499999997482519e-05,1.999999312829459e-07,0.5645947000000433
method-073,3,Random,OriginalOrder,10,6,1265,101.4,2216,29.8,2216,29.8,71.60000000000001,0.0,71.60000000000001,0.0,4.68000000637403e-05,2.0000015865662135e-07,0.48408329999983835
method-073,4,Random,OriginalOrder,10,6,1265,80.5,2477,26.4,2455,13.0,54.1,13.399999999999999,67.5,0.0,5.7499999911669875e-05,1.999999312829459e-07,0.5687579999998889
method-073,5,Random,OriginalOrder,10,6,1265,94.1,1265,94.1,595,9.0,0.0,85.1,85.1,0.0,5.650000002788147e-05,9.999985195463523e-08,0.5727650999999696
method-073,6,Random,OriginalOrder,10,6,1265,78.3,1140,24.7,12380,5.3,53.599999999999994,19.4,73.0,7.105427357601002e-15,0.00012349999997240957,4.0000008993956726e-07,0.8781510999999682
method-073,7,Random,OriginalOrder,10,6,1265,73.0,310,36.3,193,9.3,36.7,26.999999999999996,63.7,3.552713678800501e-15,4.100000001017179e-05,1.0000007932831068e-07,0.4948851999999988
method-073,8,Random,OriginalOrder,10,6,1265,92.7,647,34.2,3916,26.8,58.5,7.400000000000002,65.9,3.552713678800501e-15,5.1100000064252526e-05,1.999999312829459e-07,0.38781619999986106
method-073,9,Random,OriginalOrder,10,6,1265,70.3,1807,45.3,2717,17.2,25.0,28.099999999999998,53.099999999999994,-3.552713678800501e-15,4.059999992023222e-05,1.999999312829459e-07,0.47067760000004455
method-073,10,Random,OriginalOrder,10,6,1265,86.9,1978,19.6,11247,2.9,67.30000000000001,16.700000000000003,84.0,-1.4210854715202004e-14,4.16000000313943e-05,2.0000015865662135e-07,0.4910783000000265
method-074,1,Random,MarginalGainPredictor,10,6,1265,87.3,410,46.7,410,46.7,40.599999999999994,0.0,40.599999999999994,0.0,5.220000002736924e-05,0.0003699999999753345,0.47763559999998506
method-074,2,Random,MarginalGainPredictor,10,6,1265,98.6,1140,23.8,597,12.3,74.8,11.5,86.3,0.0,2.949999998236308e-05,0.0014460999998391344,0.5870417999999518
method-074,3,Random,MarginalGainPredictor,10,6,1265,98.0,181,25.0,1352,13.1,73.0,11.9,84.9,5.329070518200751e-15,4.46999999894615e-05,0.001471999999921536,0.5611437999998543
method-074,4,Random,MarginalGainPredictor,10,6,1265,81.8,1920,31.6,1920,31.6,50.199999999999996,0.0,50.199999999999996,0.0,4.520000015872938e-05,0.0014263000000482862,0.39538840000000164
method-074,5,Random,MarginalGainPredictor,10,6,1265,88.5,830,28.4,98,20.3,60.1,8.099999999999998,68.2,3.552713678800501e-15,4.910000006930204e-05,0.0013871999999537366,0.52047749999997
method-074,6,Random,MarginalGainPredictor,10,6,1265,75.9,1816,31.4,1816,31.4,44.50000000000001,0.0,44.50000000000001,0.0,0.00010059999999612046,0.0017761000001428329,1.008940100000018
method-074,7,Random,MarginalGainPredictor,10,6,1265,69.8,2216,37.6,2216,37.6,32.199999999999996,0.0,32.199999999999996,0.0,4.949999993186793e-05,0.0014265999998315237,0.3166762999999264
method-074,8,Random,MarginalGainPredictor,10,6,1265,88.3,310,31.7,310,31.7,56.599999999999994,0.0,56.599999999999994,0.0,4.149999995206599e-05,0.0012538999999378575,0.425512499999968
method-074,9,Random,MarginalGainPredictor,10,6,1265,66.3,4934,21.2,4934,21.2,45.099999999999994,0.0,45.099999999999994,0.0,3.990000004705507e-05,0.0012515999999322958,0.32010409999998046
method-074,10,Random,MarginalGainPredictor,10,6,1265,82.0,2122,25.9,1439,19.0,56.1,6.899999999999999,63.0,0.0,4.020000005766633e-05,0.0012028000001009787,0.3417382000000089
method-075,1,Random,OriginalOrder,20,6,1265,87.3,410,46.7,189,16.6,40.599999999999994,30.1,70.69999999999999,-7.105427357601002e-15,5.220000002736924e-05,1.999999312829459e-07,0.47763559999998506
method-075,2,Random,OriginalOrder,20,6,1265,98.6,1265,98.6,2854,9.1,0.0,89.5,89.5,0.0,5.499999997482519e-05,3.000000106112566e-07,0.5645947000000433
method-075,3,Random,OriginalOrder,20,6,1265,101.4,2216,29.8,2216,29.8,71.60000000000001,0.0,71.60000000000001,0.0,4.68000000637403e-05,3.000000106112566e-07,0.48408329999983835
method-075,4,Random,OriginalOrder,20,6,1265,80.5,228,48.7,2455,13.0,31.799999999999997,35.7,67.5,0.0,5.7499999911669875e-05,1.999999312829459e-07,0.5687579999998889
method-075,5,Random,OriginalOrder,20,6,1265,94.1,1265,94.1,595,9.0,0.0,85.1,85.1,0.0,5.650000002788147e-05,1.999999312829459e-07,0.5727650999999696
method-075,6,Random,OriginalOrder,20,6,1265,78.3,2023,29.7,12380,5.3,48.599999999999994,24.4,73.0,7.105427357601002e-15,0.00012349999997240957,4.0000008993956726e-07,0.8781510999999682
method-075,7,Random,OriginalOrder,20,6,1265,73.0,310,36.3,193,9.3,36.7,26.999999999999996,63.7,3.552713678800501e-15,4.100000001017179e-05,3.999998625658918e-07,0.4948851999999988
method-075,8,Random,OriginalOrder,20,6,1265,92.7,7123,44.8,3916,26.8,47.900000000000006,17.999999999999996,65.9,3.552713678800501e-15,5.1100000064252526e-05,1.999999312829459e-07,0.38781619999986106
method-075,9,Random,OriginalOrder,20,6,1265,70.3,1807,45.3,2717,17.2,25.0,28.099999999999998,53.099999999999994,-3.552713678800501e-15,4.059999992023222e-05,5.000001692678779e-07,0.47067760000004455
method-075,10,Random,OriginalOrder,20,6,1265,86.9,1816,29.8,11247,2.9,57.10000000000001,26.900000000000002,84.0,-1.0658141036401503e-14,4.16000000313943e-05,1.999999312829459e-07,0.4910783000000265
method-076,1,Random,MarginalGainPredictor,20,6,1265,87.3,410,46.7,410,46.7,40.599999999999994,0.0,40.599999999999994,0.0,5.220000002736924e-05,0.0004222999998546584,0.47763559999998506
method-076,2,Random,MarginalGainPredictor,20,6,1265,98.6,830,24.0,916,23.3,74.6,0.6999999999999993,75.3,3.552713678800501e-15,2.949999998236308e-05,0.000743800000009287,0.5870417999999518
method-076,3,Random,MarginalGainPredictor,20,6,1265,88.6,1807,38.9,1807,38.9,49.699999999999996,0.0,49.699999999999996,0.0,5.170000008547504e-05,0.0016083000000435277,0.5936311000000387
method-076,4,Random,MarginalGainPredictor,20,6,1265,71.4,647,25.5,98,20.8,45.900000000000006,4.699999999999999,50.60000000000001,3.552713678800501e-15,4.4900000148118124e-05,0.001475799999980154,0.562981499999978
method-076,5,Random,MarginalGainPredictor,20,6,1265,86.9,310,41.2,310,41.2,45.7,0.0,45.7,0.0,3.9600000036443816e-05,0.0012784999998984858,0.44383640000000923
method-076,6,Random,MarginalGainPredictor,20,6,1265,68.2,2122,30.6,3078,17.5,37.6,13.100000000000001,50.7,0.0,8.06000000466156e-05,0.0017159999999876163,0.7785023000001274
method-076,7,Random,MarginalGainPredictor,20,6,1265,67.9,2122,27.5,1352,18.0,40.400000000000006,9.5,49.900000000000006,0.0,4.37000001056731e-05,0.001337600000169914,0.4824284000001171
method-076,8,Random,MarginalGainPredictor,20,6,1265,83.6,3519,52.7,820,18.2,30.89999999999999,34.5,65.39999999999999,0.0,4.080000007888884e-05,0.0015121999999792024,0.5195928000000549
method-076,9,Random,MarginalGainPredictor,20,6,228,64.6,228,64.6,1265,59.2,0.0,5.3999999999999915,5.3999999999999915,0.0,4.069999999956053e-05,0.0012325000000146247,0.4767243999999664
method-076,10,Random,MarginalGainPredictor,20,6,228,56.4,1439,18.7,7995,15.4,37.7,3.299999999999999,41.0,-1.7763568394002505e-15,3.940000010516087e-05,0.001310200000034456,0.5065905000001294
method-077,1,Random,OriginalOrder,50,6,1265,87.3,1265,87.3,189,16.6,0.0,70.69999999999999,70.69999999999999,0.0,5.220000002736924e-05,3.000000106112566e-07,0.47763559999998506
method-077,2,Random,OriginalOrder,50,6,1265,98.6,1265,98.6,2854,9.1,0.0,89.5,89.5,0.0,5.499999997482519e-05,6.000000212225132e-07,0.5645947000000433
method-077,3,Random,OriginalOrder,50,6,1265,101.4,1265,101.4,2216,29.8,0.0,71.60000000000001,71.60000000000001,0.0,4.68000000637403e-05,1.999999312829459e-07,0.48408329999983835
method-077,4,Random,OriginalOrder,50,6,1265,80.5,228,48.7,2455,13.0,31.799999999999997,35.7,67.5,0.0,5.7499999911669875e-05,3.999998625658918e-07,0.5687579999998889
method-077,5,Random,OriginalOrder,50,6,1265,94.1,1265,94.1,595,9.0,0.0,85.1,85.1,0.0,5.650000002788147e-05,2.0000015865662135e-07,0.5727650999999696
method-077,6,Random,OriginalOrder,50,6,1265,78.3,1265,78.3,12380,5.3,0.0,73.0,73.0,0.0,0.00012349999997240957,3.000000106112566e-07,0.8781510999999682
method-077,7,Random,OriginalOrder,50,6,1265,73.0,310,36.3,193,9.3,36.7,26.999999999999996,63.7,3.552713678800501e-15,4.100000001017179e-05,3.999998625658918e-07,0.4948851999999988
method-077,8,Random,OriginalOrder,50,6,1265,92.7,410,48.4,3916,26.8,44.300000000000004,21.599999999999998,65.9,3.552713678800501e-15,5.1100000064252526e-05,6.000000212225132e-07,0.38781619999986106
method-077,9,Random,OriginalOrder,50,6,1265,70.3,1807,45.3,2717,17.2,25.0,28.099999999999998,53.099999999999994,-3.552713678800501e-15,4.059999992023222e-05,3.999998625658918e-07,0.47067760000004455
method-077,10,Random,OriginalOrder,50,6,1265,86.9,228,57.0,11247,2.9,29.900000000000006,54.1,84.0,-7.105427357601002e-15,4.16000000313943e-05,1.999999312829459e-07,0.4910783000000265
method-078,1,Random,MarginalGainPredictor,50,6,1265,87.3,1265,87.3,1265,87.3,0.0,0.0,0.0,0.0,5.220000002736924e-05,0.0004820999999992637,0.47763559999998506
method-078,2,Random,MarginalGainPredictor,50,6,3519,53.8,892,40.6,916,21.7,13.199999999999996,18.900000000000002,32.099999999999994,-3.552713678800501e-15,6.540000003951718e-05,0.0006298999999216903,0.4324850999998944
method-078,3,Random,MarginalGainPredictor,50,6,228,55.6,1807,38.6,1807,38.6,17.0,0.0,17.0,0.0,4.0900000158217154e-05,0.0014290999999957421,0.4657944000000498
method-078,4,Random,MarginalGainPredictor,50,6,410,48.4,1920,33.3,2216,28.3,15.100000000000001,4.9999999999999964,20.099999999999998,0.0,5.7700000070326496e-05,0.001475100000106977,0.4610041999999339
method-078,5,Random,MarginalGainPredictor,50,6,228,61.0,410,47.0,410,47.0,14.0,0.0,14.0,0.0,5.660000010720978e-05,0.0018202999999630265,0.5342483000001721
method-078,6,Random,MarginalGainPredictor,50,6,228,55.1,2122,30.6,1816,0.0,24.5,30.6,55.1,0.0,8.239999988290947e-05,0.001994800000147734,0.8429372000000512
method-078,7,Random,MarginalGainPredictor,50,6,3519,55.0,181,31.8,1277,0.0,23.2,31.8,55.0,0.0,3.990000004705507e-05,0.0013501999999334657,0.4073393999999553
method-078,8,Random,MarginalGainPredictor,50,6,228,56.5,3519,47.8,985,26.8,8.700000000000003,20.999999999999996,29.7,0.0,4.100000001017179e-05,0.0013885999999274645,0.41585510000004433
method-078,9,Random,MarginalGainPredictor,50,6,228,64.8,228,64.8,7995,15.4,0.0,49.4,49.4,0.0,5.459999988488562e-05,0.0014742000000751432,0.5413112000001092
method-078,10,Random,MarginalGainPredictor,50,6,228,57.0,228,57.0,310,37.6,0.0,19.4,19.4,0.0,3.90000000152213e-05,0.001281900000094538,0.42125420000002123
method-079,1,Random,OriginalOrder,100,6,1265,87.3,1265,87.3,189,16.6,0.0,70.69999999999999,70.69999999999999,0.0,5.220000002736924e-05,1.999999312829459e-07,0.47763559999998506
method-079,2,Random,OriginalOrder,100,6,1265,98.6,1265,98.6,2854,9.1,0.0,89.5,89.5,0.0,5.499999997482519e-05,3.000000106112566e-07,0.5645947000000433
method-079,3,Random,OriginalOrder,100,6,1265,101.4,1265,101.4,2216,29.8,0.0,71.60000000000001,71.60000000000001,0.0,4.68000000637403e-05,2.0000015865662135e-07,0.48408329999983835
method-079,4,Random,OriginalOrder,100,6,1265,80.5,228,48.7,2455,13.0,31.799999999999997,35.7,67.5,0.0,5.7499999911669875e-05,1.999999312829459e-07,0.5687579999998889
method-079,5,Random,OriginalOrder,100,6,1265,94.1,1265,94.1,595,9.0,0.0,85.1,85.1,0.0,5.650000002788147e-05,1.999999312829459e-07,0.5727650999999696
method-079,6,Random,OriginalOrder,100,6,1265,78.3,1265,78.3,12380,5.3,0.0,73.0,73.0,0.0,0.00012349999997240957,6.000000212225132e-07,0.8781510999999682
method-079,7,Random,OriginalOrder,100,6,1265,73.0,3519,58.2,193,9.3,14.799999999999997,48.900000000000006,63.7,0.0,4.100000001017179e-05,3.000000106112566e-07,0.4948851999999988
method-079,8,Random,OriginalOrder,100,6,1265,92.7,228,57.3,3916,26.8,35.400000000000006,30.499999999999996,65.9,3.552713678800501e-15,5.1100000064252526e-05,3.000000106112566e-07,0.38781619999986106
method-079,9,Random,OriginalOrder,100,6,1265,70.3,1277,70.3,2717,17.2,0.0,53.099999999999994,53.099999999999994,0.0,4.059999992023222e-05,4.0000008993956726e-07,0.47067760000004455
method-079,10,Random,OriginalOrder,100,6,1265,86.9,1277,86.9,11247,2.9,0.0,84.0,84.0,0.0,4.16000000313943e-05,3.000000106112566e-07,0.4910783000000265
method-080,1,Random,MarginalGainPredictor,100,6,1265,87.3,1265,87.3,1265,87.3,0.0,0.0,0.0,0.0,5.220000002736924e-05,0.0008650000002035085,0.47763559999998506
method-080,2,Random,MarginalGainPredictor,100,6,3519,53.8,228,52.8,410,45.5,1.0,7.299999999999997,8.299999999999997,0.0,6.540000003951718e-05,0.000626100000090446,0.4324850999998944
method-080,3,Random,MarginalGainPredictor,100,6,228,55.6,228,55.6,1807,41.4,0.0,14.200000000000003,14.200000000000003,0.0,4.7799999947528704e-05,0.0007264000000759552,0.5402384000001348
method-080,4,Random,MarginalGainPredictor,100,6,228,48.1,228,48.1,985,32.9,0.0,15.200000000000003,15.200000000000003,0.0,5.279999982121808e-05,0.0010933000000932225,0.4599300999998377
method-080,5,Random,MarginalGainPredictor,100,6,228,60.7,310,42.3,310,42.3,18.400000000000006,0.0,18.400000000000006,0.0,4.930000000058499e-05,0.0010333999998692889,0.4464623000001211
method-080,6,Random,MarginalGainPredictor,100,6,228,55.1,3519,54.1,916,14.7,1.0,39.400000000000006,40.400000000000006,0.0,0.00010750000001280569,0.0014059999998607964,0.6679596999999831
method-080,7,Random,MarginalGainPredictor,100,6,3519,53.7,3519,53.7,2216,37.6,0.0,16.1,16.1,0.0,4.2899999925793963e-05,0.0013804999998683343,0.4901810999999725
method-080,8,Random,MarginalGainPredictor,100,6,228,56.2,228,56.2,820,17.5,0.0,38.7,38.7,0.0,4.11000000895001e-05,0.0013900000001285662,0.4996390999999676
method-080,9,Random,MarginalGainPredictor,100,6,228,64.6,2021,36.9,1277,0.0,27.699999999999996,36.9,64.6,0.0,3.930000002583256e-05,0.0013724000000365777,0.4045539999999619
method-080,10,Random,MarginalGainPredictor,100,6,228,56.4,5753,46.9,1816,0.0,9.5,46.9,56.4,0.0,3.880000008393836e-05,0.0013853000000381144,0.501645599999847
method-081,1,Random,OriginalOrder,10,7,1265,87.3,985,30.2,1352,11.5,57.099999999999994,18.7,75.8,3.552713678800501e-15,4.889999991064542e-05,1.0000007932831068e-07,0.47763559999998506
method-081,2,Random,OriginalOrder,10,7,1265,95.7,1277,95.7,12375,9.7,0.0,86.0,86.0,0.0,4.319999993640522e-05,2.0000015865662135e-07,0.4959054999999353
method-081,3,Random,OriginalOrder,10,7,1265,100.6,1439,25.0,1580,4.9,75.6,20.1,95.69999999999999,-7.105427357601002e-15,4.4399999978850246e-05,1.999999312829459e-07,0.5884866999999758
method-081,4,Random,OriginalOrder,10,7,1265,80.8,5753,41.3,1638,8.4,39.5,32.9,72.39999999999999,-7.105427357601002e-15,4.149999995206599e-05,1.0000007932831068e-07,0.5735068999999839
method-081,5,Random,OriginalOrder,10,7,1265,98.3,5753,48.7,1140,25.2,49.599999999999994,23.500000000000004,73.1,-3.552713678800501e-15,5.970000006527698e-05,1.999999312829459e-07,0.43226449999997385
method-081,6,Random,OriginalOrder,10,7,1265,78.9,5753,36.7,5753,36.7,42.2,0.0,42.2,0.0,8.830000001580629e-05,2.0000015865662135e-07,0.6864352000000054
method-081,7,Random,OriginalOrder,10,7,1265,71.2,4331,18.0,2066,10.0,53.2,8.0,61.2,0.0,4.100000001017179e-05,1.999999312829459e-07,0.5266220999999405
method-081,8,Random,OriginalOrder,10,7,1265,87.8,692,34.7,9077,11.0,53.099999999999994,23.700000000000003,76.8,0.0,5.620000001727021e-05,3.000000106112566e-07,0.41832970000018577
method-081,9,Random,OriginalOrder,10,7,1265,69.3,2477,34.4,3078,22.0,34.9,12.399999999999999,47.3,0.0,4.009999997833802e-05,1.999999312829459e-07,0.48166920000016944
method-081,10,Random,OriginalOrder,10,7,1265,80.8,1541,12.0,11248,3.6,68.8,8.4,77.2,5.329070518200751e-15,7.549999986622424e-05,3.000000106112566e-07,0.48394150000012814
method-082,1,Random,MarginalGainPredictor,10,7,1265,87.3,985,30.2,985,30.2,57.099999999999994,0.0,57.099999999999994,0.0,4.889999991064542e-05,0.00045139999997445557,0.47763559999998506
method-082,2,Random,MarginalGainPredictor,10,7,1265,98.5,1277,98.5,1277,98.5,0.0,0.0,0.0,0.0,2.9900000072302646e-05,0.0013401000001067587,0.582607100000132
method-082,3,Random,MarginalGainPredictor,10,7,228,55.6,1439,23.0,1439,23.0,32.6,0.0,32.6,0.0,5.620000001727021e-05,0.0013764000000264787,0.4430667999999969
method-082,4,Random,MarginalGainPredictor,10,7,228,48.1,5753,37.4,5753,37.4,10.700000000000003,0.0,10.700000000000003,0.0,4.200000012133387e-05,0.0024651000001085777,0.5336820999998508
method-082,5,Random,MarginalGainPredictor,10,7,228,61.1,3225,26.5,692,23.5,34.6,3.0,37.6,0.0,3.990000004705507e-05,0.001522800000202551,0.5038285000000542
method-082,6,Random,MarginalGainPredictor,10,7,228,55.0,5454,16.7,5454,16.7,38.3,0.0,38.3,0.0,8.600000001024455e-05,0.0019104000000425003,0.8081002999999782
method-082,7,Random,MarginalGainPredictor,10,7,3519,56.2,3810,11.5,597,8.2,44.7,3.3000000000000007,48.0,-3.552713678800501e-15,4.280000007383933e-05,0.0013049000001501554,0.3388907000000927
method-082,8,Random,MarginalGainPredictor,10,7,228,49.5,1920,25.4,820,17.6,24.1,7.799999999999997,31.9,0.0,4.349999994701648e-05,0.0014073999998345244,0.43789459999993596
method-082,9,Random,MarginalGainPredictor,10,7,228,64.8,2122,28.3,916,12.9,36.5,15.4,51.9,-1.7763568394002505e-15,4.279999984646565e-05,0.0012896000000637287,0.3233443999999963
method-082,10,Random,MarginalGainPredictor,10,7,228,57.5,2023,22.0,9608,18.0,35.5,4.0,39.5,0.0,3.970000011577213e-05,0.0012375999999676424,0.3510309999999208
method-083,1,Random,OriginalOrder,20,7,1265,87.3,985,30.2,1352,11.5,57.099999999999994,18.7,75.8,3.552713678800501e-15,4.889999991064542e-05,3.000000106112566e-07,0.47763559999998506
method-083,2,Random,OriginalOrder,20,7,1265,95.7,1277,95.7,12375,9.7,0.0,86.0,86.0,0.0,4.319999993640522e-05,1.999999312829459e-07,0.4959054999999353
method-083,3,Random,OriginalOrder,20,7,1265,100.6,1807,47.4,1580,4.9,53.199999999999996,42.5,95.69999999999999,-7.105427357601002e-15,4.4399999978850246e-05,1.999999312829459e-07,0.5884866999999758
method-083,4,Random,OriginalOrder,20,7,1265,80.8,3519,45.4,1638,8.4,35.4,37.0,72.39999999999999,-7.105427357601002e-15,4.149999995206599e-05,3.000000106112566e-07,0.5735068999999839
method-083,5,Random,OriginalOrder,20,7,1265,98.3,5753,48.7,1140,25.2,49.599999999999994,23.500000000000004,73.1,-3.552713678800501e-15,5.970000006527698e-05,1.999999312829459e-07,0.43226449999997385
method-083,6,Random,OriginalOrder,20,7,1265,78.9,410,41.8,5753,36.7,37.10000000000001,5.099999999999994,42.2,0.0,8.830000001580629e-05,4.999999418942025e-07,0.6864352000000054
method-083,7,Random,OriginalOrder,20,7,1265,71.2,2717,22.0,2066,10.0,49.2,12.0,61.2,0.0,4.100000001017179e-05,3.000000106112566e-07,0.5266220999999405
method-083,8,Random,OriginalOrder,20,7,1265,87.8,1807,39.8,9077,11.0,48.0,28.799999999999997,76.8,0.0,5.620000001727021e-05,3.000000106112566e-07,0.41832970000018577
method-083,9,Random,OriginalOrder,20,7,1265,69.3,1807,48.2,3078,22.0,21.099999999999994,26.200000000000003,47.3,0.0,4.009999997833802e-05,3.999998625658918e-07,0.48166920000016944
method-083,10,Random,OriginalOrder,20,7,1265,80.8,181,25.3,11248,3.6,55.5,21.7,77.2,3.552713678800501e-15,7.549999986622424e-05,3.000000106112566e-07,0.48394150000012814
method-084,1,Random,MarginalGainPredictor,20,7,1265,87.3,985,30.2,985,30.2,57.099999999999994,0.0,57.099999999999994,0.0,4.889999991064542e-05,0.0006250999999792839,0.47763559999998506
method-084,2,Random,MarginalGainPredictor,20,7,1265,98.5,1277,98.5,1807,34.8,0.0,63.7,63.7,0.0,2.9900000072302646e-05,0.000610499999993408,0.582607100000132
method-084,3,Random,MarginalGainPredictor,20,7,1265,95.5,1439,24.8,1423,19.4,70.7,5.400000000000002,76.1,-1.0658141036401503e-14,4.2400000211273436e-05,0.001459500000009939,0.5791064000000006
method-084,4,Random,MarginalGainPredictor,20,7,1265,78.5,1277,78.5,310,42.7,0.0,35.8,35.8,0.0,4.359999979897111e-05,0.001441499999828011,0.49537709999981416
method-084,5,Random,MarginalGainPredictor,20,7,1265,96.8,3225,26.5,3078,20.4,70.3,6.100000000000001,76.4,7.105427357601002e-15,4.11000000895001e-05,0.0013406000000486529,0.5491099000000759
method-084,6,Random,MarginalGainPredictor,20,7,1265,70.6,3519,55.2,410,39.0,15.399999999999991,16.200000000000003,31.599999999999994,0.0,5.329999999048596e-05,0.001599599999963175,0.8390727000000879
method-084,7,Random,MarginalGainPredictor,20,7,1265,69.3,3700,18.7,3700,18.7,50.599999999999994,0.0,50.599999999999994,0.0,5.350000014914258e-05,0.001578399999971225,0.5518334999999297
method-084,8,Random,MarginalGainPredictor,20,7,1265,87.3,1277,87.3,1277,87.3,0.0,0.0,0.0,0.0,3.9100000094549614e-05,0.0012811999999939871,0.41976839999983895
method-084,9,Random,MarginalGainPredictor,20,7,228,64.6,2442,19.1,916,8.9,45.49999999999999,10.200000000000001,55.699999999999996,1.7763568394002505e-15,6.6100000140068e-05,0.0013664000000517262,0.4772514000001138
method-084,10,Random,MarginalGainPredictor,20,7,228,56.3,4679,27.3,699,10.0,28.999999999999996,17.3,46.3,0.0,4.139999987273768e-05,0.0012317000000621192,0.5340698999998494
method-085,1,Random,OriginalOrder,50,7,1265,87.3,985,30.2,1352,11.5,57.099999999999994,18.7,75.8,3.552713678800501e-15,4.889999991064542e-05,3.000000106112566e-07,0.47763559999998506
method-085,2,Random,OriginalOrder,50,7,1265,95.7,1277,95.7,12375,9.7,0.0,86.0,86.0,0.0,4.319999993640522e-05,1.999999312829459e-07,0.4959054999999353
method-085,3,Random,OriginalOrder,50,7,1265,100.6,1807,47.4,1580,4.9,53.199999999999996,42.5,95.69999999999999,-7.105427357601002e-15,4.4399999978850246e-05,3.000000106112566e-07,0.5884866999999758
method-085,4,Random,OriginalOrder,50,7,1265,80.8,3519,45.4,1638,8.4,35.4,37.0,72.39999999999999,-7.105427357601002e-15,4.149999995206599e-05,3.000000106112566e-07,0.5735068999999839
method-085,5,Random,OriginalOrder,50,7,1265,98.3,5753,48.7,1140,25.2,49.599999999999994,23.500000000000004,73.1,-3.552713678800501e-15,5.970000006527698e-05,2.0000015865662135e-07,0.43226449999997385
method-085,6,Random,OriginalOrder,50,7,1265,78.9,1807,46.5,5753,36.7,32.400000000000006,9.799999999999997,42.2,0.0,8.830000001580629e-05,6.000000212225132e-07,0.6864352000000054
method-085,7,Random,OriginalOrder,50,7,1265,71.2,181,35.7,2066,10.0,35.5,25.700000000000003,61.2,0.0,4.100000001017179e-05,3.000000106112566e-07,0.5266220999999405
method-085,8,Random,OriginalOrder,50,7,1265,87.8,1807,39.8,9077,11.0,48.0,28.799999999999997,76.8,0.0,5.620000001727021e-05,3.000000106112566e-07,0.41832970000018577
method-085,9,Random,OriginalOrder,50,7,1265,69.3,1277,69.3,3078,22.0,0.0,47.3,47.3,0.0,4.009999997833802e-05,3.000000106112566e-07,0.48166920000016944
method-085,10,Random,OriginalOrder,50,7,1265,80.8,410,48.8,11248,3.6,32.0,45.199999999999996,77.2,7.105427357601002e-15,7.549999986622424e-05,3.999998625658918e-07,0.48394150000012814
method-086,1,Random,MarginalGainPredictor,50,7,1265,87.3,985,30.2,985,30.2,57.099999999999994,0.0,57.099999999999994,0.0,4.889999991064542e-05,0.000909599999886268,0.47763559999998506
method-086,2,Random,MarginalGainPredictor,50,7,1265,98.5,1277,98.5,410,45.5,0.0,53.0,53.0,0.0,2.9900000072302646e-05,0.000501499999927546,0.582607100000132
method-086,3,Random,MarginalGainPredictor,50,7,1265,97.9,310,43.8,310,43.8,54.10000000000001,0.0,54.10000000000001,0.0,4.899999998997373e-05,0.0006705000000692962,0.4114142000000811
method-086,4,Random,MarginalGainPredictor,50,7,1265,80.8,1277,80.8,1277,80.8,0.0,0.0,0.0,0.0,5.249999981060682e-05,0.001402399999960835,0.5890749000000142
method-086,5,Random,MarginalGainPredictor,50,7,228,60.8,2122,29.8,1920,18.6,30.999999999999996,11.2,42.199999999999996,0.0,4.969999986315088e-05,0.0013289000000895612,0.43918250000001535
method-086,6,Random,MarginalGainPredictor,50,7,3519,55.3,3519,55.3,1265,0.0,0.0,55.3,55.3,0.0,8.920000004764006e-05,0.0021235000001524895,0.6961126999999578
method-086,7,Random,MarginalGainPredictor,50,7,3519,55.0,3519,55.0,820,19.4,0.0,35.6,35.6,0.0,4.1099999862126424e-05,0.0013684000000466767,0.4261750000000575
method-086,8,Random,MarginalGainPredictor,50,7,228,56.5,228,56.5,1816,21.5,0.0,35.0,35.0,0.0,5.959999998594867e-05,0.0012559999997847626,0.4907484000000295
method-086,9,Random,MarginalGainPredictor,50,7,228,64.5,228,64.5,916,10.3,0.0,54.2,54.2,0.0,3.969999988839845e-05,0.0013303000000632892,0.48968029999991813
method-086,10,Random,MarginalGainPredictor,50,7,228,56.4,228,56.4,1249,7.2,0.0,49.199999999999996,49.199999999999996,0.0,4.379999995762773e-05,0.001357099999950151,0.4022030999999515
method-087,1,Random,OriginalOrder,100,7,1265,87.3,1277,87.3,1352,11.5,0.0,75.8,75.8,0.0,4.889999991064542e-05,3.000000106112566e-07,0.47763559999998506
method-087,2,Random,OriginalOrder,100,7,1265,95.7,1265,95.7,12375,9.7,0.0,86.0,86.0,0.0,4.319999993640522e-05,1.999999312829459e-07,0.4959054999999353
method-087,3,Random,OriginalOrder,100,7,1265,100.6,3519,55.5,1580,4.9,45.099999999999994,50.6,95.69999999999999,-7.105427357601002e-15,4.4399999978850246e-05,1.999999312829459e-07,0.5884866999999758
method-087,4,Random,OriginalOrder,100,7,1265,80.8,3519,45.4,1638,8.4,35.4,37.0,72.39999999999999,-7.105427357601002e-15,4.149999995206599e-05,1.999999312829459e-07,0.5735068999999839
method-087,5,Random,OriginalOrder,100,7,1265,98.3,3519,49.5,1140,25.2,48.8,24.3,73.1,-3.552713678800501e-15,5.970000006527698e-05,3.000000106112566e-07,0.43226449999997385
method-087,6,Random,OriginalOrder,100,7,1265,78.9,1265,78.9,5753,36.7,0.0,42.2,42.2,0.0,8.830000001580629e-05,4.0000008993956726e-07,0.6864352000000054
method-087,7,Random,OriginalOrder,100,7,1265,71.2,1265,71.2,2066,10.0,0.0,61.2,61.2,0.0,4.100000001017179e-05,5.000001692678779e-07,0.5266220999999405
method-087,8,Random,OriginalOrder,100,7,1265,87.8,1265,87.8,9077,11.0,0.0,76.8,76.8,0.0,5.620000001727021e-05,2.0000015865662135e-07,0.41832970000018577
method-087,9,Random,OriginalOrder,100,7,1265,69.3,1265,69.3,3078,22.0,0.0,47.3,47.3,0.0,4.009999997833802e-05,2.0000015865662135e-07,0.48166920000016944
method-087,10,Random,OriginalOrder,100,7,1265,80.8,1265,80.8,11248,3.6,0.0,77.2,77.2,0.0,7.549999986622424e-05,3.000000106112566e-07,0.48394150000012814
method-088,1,Random,MarginalGainPredictor,100,7,1265,87.3,1277,87.3,410,46.7,0.0,40.599999999999994,40.599999999999994,0.0,4.889999991064542e-05,0.000611899999967136,0.47763559999998506
method-088,2,Random,MarginalGainPredictor,100,7,1265,98.6,1265,98.6,1265,98.6,0.0,0.0,0.0,0.0,0.00013119999994160025,0.0007550000000264845,0.5870417999999518
method-088,3,Random,MarginalGainPredictor,100,7,228,55.6,3519,52.5,985,33.8,3.1000000000000014,18.700000000000003,21.800000000000004,0.0,4.5999999883861165e-05,0.00134370000000672,0.5660461999998461
method-088,4,Random,MarginalGainPredictor,100,7,228,48.1,228,48.1,310,41.8,0.0,6.300000000000004,6.300000000000004,0.0,4.4399999978850246e-05,0.0021357000000534754,0.48576809999985926
method-088,5,Random,MarginalGainPredictor,100,7,228,60.8,228,60.8,1277,0.0,0.0,60.8,60.8,0.0,4.260000014255638e-05,0.0015428000001520559,0.5430268000000069
method-088,6,Random,MarginalGainPredictor,100,7,3519,55.3,3519,55.3,1807,37.9,0.0,17.4,17.4,0.0,8.899999988898344e-05,0.002150900000060574,0.8106099999999969
method-088,7,Random,MarginalGainPredictor,100,7,3519,54.0,3519,54.0,2216,37.6,0.0,16.4,16.4,0.0,4.479999984141614e-05,0.0015370000000984874,0.5114856000000145
method-088,8,Random,MarginalGainPredictor,100,7,228,56.2,228,56.2,916,5.4,0.0,50.800000000000004,50.800000000000004,0.0,4.1599999804020626e-05,0.001296300000149131,0.39842139999996107
method-088,9,Random,MarginalGainPredictor,100,7,228,64.6,228,64.6,7995,13.5,0.0,51.099999999999994,51.099999999999994,0.0,3.959999980907014e-05,0.0013966000001346401,0.3972168000000238
method-088,10,Random,MarginalGainPredictor,100,7,228,56.4,228,56.4,1249,8.2,0.0,48.2,48.2,0.0,4.260000014255638e-05,0.0013579999999819847,0.5238762999999835
method-089,1,Random,OriginalOrder,10,8,1265,87.3,647,25.2,475,18.0,62.099999999999994,7.199999999999999,69.3,3.552713678800501e-15,5.51000000541535e-05,9.999985195463523e-08,0.47763559999998506
method-089,2,Random,OriginalOrder,10,8,1265,97.8,1636,20.7,618,14.2,77.1,6.5,83.6,0.0,4.560000002129527e-05,1.999999312829459e-07,0.5660557999999583
method-089,3,Random,OriginalOrder,10,8,1265,101.8,228,52.5,541,6.2,49.3,46.3,95.6,0.0,8.560000014767866e-05,3.000000106112566e-07,0.5634228000001258
method-089,4,Random,OriginalOrder,10,8,1265,81.4,410,48.6,6159,7.1,32.800000000000004,41.5,74.30000000000001,7.105427357601002e-15,4.1300000020783045e-05,1.0000007932831068e-07,0.5674792999998317
method-089,5,Random,OriginalOrder,10,8,1265,99.7,2021,26.7,11248,4.7,73.0,22.0,95.0,0.0,4.409999996823899e-05,9.999985195463523e-08,0.4447878999999375
method-089,6,Random,OriginalOrder,10,8,1265,77.8,905,27.9,14031,3.6,49.9,24.299999999999997,74.2,7.105427357601002e-15,4.830000011679658e-05,1.999999312829459e-07,0.6809946999999283
method-089,7,Random,OriginalOrder,10,8,1265,74.3,181,37.4,4679,18.2,36.9,19.2,56.099999999999994,-3.552713678800501e-15,4.149999995206599e-05,3.000000106112566e-07,0.41269360000001143
method-089,8,Random,OriginalOrder,10,8,1265,92.4,72,18.4,11245,5.3,74.0,13.099999999999998,87.10000000000001,1.0658141036401503e-14,4.0900000158217154e-05,1.0000007932831068e-07,0.48862259999987145
method-089,9,Random,OriginalOrder,10,8,1265,71.1,2021,35.3,656,23.5,35.8,11.799999999999997,47.599999999999994,0.0,4.009999997833802e-05,1.0000007932831068e-07,0.4820776999999907
method-089,10,Random,OriginalOrder,10,8,1265,88.2,228,57.5,776,3.4,30.700000000000003,54.1,84.8,-7.105427357601002e-15,4.560000002129527e-05,1.999999312829459e-07,0.3949388999999428
method-090,1,Random,MarginalGainPredictor,10,8,1265,87.3,647,25.2,1352,11.5,62.099999999999994,13.7,75.8,3.552713678800501e-15,5.51000000541535e-05,0.00042529999996077095,0.47763559999998506
method-090,2,Random,MarginalGainPredictor,10,8,1265,95.7,618,22.3,618,22.3,73.4,0.0,73.4,0.0,3.079999987676274e-05,0.0013172000001304696,0.4959054999999353
method-090,3,Random,MarginalGainPredictor,10,8,1265,100.6,7995,31.4,7995,31.4,69.19999999999999,0.0,69.19999999999999,0.0,4.16000000313943e-05,0.0013602000001355918,0.4021126000000095
method-090,4,Random,MarginalGainPredictor,10,8,1265,81.8,410,48.6,410,48.6,33.199999999999996,0.0,33.199999999999996,0.0,4.1199999941454735e-05,0.0014936000000034255,0.5440381000000798
method-090,5,Random,MarginalGainPredictor,10,8,1265,98.7,9070,34.6,1920,27.3,64.1,7.300000000000001,71.4,1.0658141036401503e-14,4.11000000895001e-05,0.0012979000000541419,0.5159607000000506
method-090,6,Random,MarginalGainPredictor,10,8,1265,76.2,4285,29.3,4285,29.3,46.900000000000006,0.0,46.900000000000006,0.0,8.159999993040401e-05,0.0022200999999313353,0.8018400999999358
method-090,7,Random,MarginalGainPredictor,10,8,1265,71.6,3225,29.4,916,18.9,42.199999999999996,10.5,52.699999999999996,0.0,4.069999999956053e-05,0.001237499999888314,0.46292689999995673
method-090,8,Random,MarginalGainPredictor,10,8,1265,87.2,228,56.8,310,35.7,30.400000000000006,21.099999999999994,51.5,0.0,4.080000007888884e-05,0.0012819999999464926,0.33208459999991646
method-090,9,Random,MarginalGainPredictor,10,8,1265,61.5,1785,20.0,1638,10.3,41.5,9.7,51.2,3.552713678800501e-15,3.9399999877787195e-05,0.0012732000000141852,0.3180758999999398
method-090,10,Random,MarginalGainPredictor,10,8,1265,81.2,5753,43.1,1816,24.2,38.1,18.900000000000002,57.0,-3.552713678800501e-15,3.9600000036443816e-05,0.00140449999980774,0.42076219999989917
method-091,1,Random,OriginalOrder,20,8,1265,87.3,5753,45.7,475,18.0,41.599999999999994,27.700000000000003,69.3,0.0,5.51000000541535e-05,1.999999312829459e-07,0.47763559999998506
method-091,2,Random,OriginalOrder,20,8,1265,97.8,410,45.5,618,14.2,52.3,31.3,83.6,-3.552713678800501e-15,4.560000002129527e-05,2.0000015865662135e-07,0.5660557999999583
method-091,3,Random,OriginalOrder,20,8,1265,101.8,228,52.5,541,6.2,49.3,46.3,95.6,0.0,8.560000014767866e-05,3.000000106112566e-07,0.5634228000001258
method-091,4,Random,OriginalOrder,20,8,1265,81.4,410,48.6,6159,7.1,32.800000000000004,41.5,74.30000000000001,7.105427357601002e-15,4.1300000020783045e-05,3.000000106112566e-07,0.5674792999998317
method-091,5,Random,OriginalOrder,20,8,1265,99.7,1807,33.5,11248,4.7,66.2,28.8,95.0,-3.552713678800501e-15,4.409999996823899e-05,1.999999312829459e-07,0.4447878999999375
method-091,6,Random,OriginalOrder,20,8,1265,77.8,1807,44.9,14031,3.6,32.9,41.3,74.2,7.105427357601002e-15,4.830000011679658e-05,3.000000106112566e-07,0.6809946999999283
method-091,7,Random,OriginalOrder,20,8,1265,74.3,1277,74.3,4679,18.2,0.0,56.099999999999994,56.099999999999994,0.0,4.149999995206599e-05,1.999999312829459e-07,0.41269360000001143
method-091,8,Random,OriginalOrder,20,8,1265,92.4,5454,19.1,11245,5.3,73.30000000000001,13.8,87.10000000000001,-3.552713678800501e-15,4.0900000158217154e-05,2.0000015865662135e-07,0.48862259999987145
method-091,9,Random,OriginalOrder,20,8,1265,71.1,1277,71.1,656,23.5,0.0,47.599999999999994,47.599999999999994,0.0,4.009999997833802e-05,1.999999312829459e-07,0.4820776999999907
method-091,10,Random,OriginalOrder,20,8,1265,88.2,228,57.5,776,3.4,30.700000000000003,54.1,84.8,-7.105427357601002e-15,4.560000002129527e-05,2.9999978323758114e-07,0.3949388999999428
method-092,1,Random,MarginalGainPredictor,20,8,1265,87.3,5753,45.7,1439,36.7,41.599999999999994,9.0,50.599999999999994,0.0,5.51000000541535e-05,0.0006060999999135674,0.47763559999998506
method-092,2,Random,MarginalGainPredictor,20,8,1265,98.3,410,45.5,410,45.5,52.8,0.0,52.8,0.0,4.359999979897111e-05,0.0013716999999360269,0.47500529999979335
method-092,3,Random,MarginalGainPredictor,20,8,1265,96.0,1265,96.0,1265,96.0,0.0,0.0,0.0,0.0,4.360000002634479e-05,0.0014226000000689965,0.5661669999999503
method-092,4,Random,MarginalGainPredictor,20,8,228,48.1,658,30.2,658,30.2,17.900000000000002,0.0,17.900000000000002,0.0,4.7100000074351556e-05,0.0014146000000891945,0.4710359000000608
method-092,5,Random,MarginalGainPredictor,20,8,228,60.8,892,38.2,1920,18.6,22.599999999999994,19.6,42.199999999999996,0.0,4.11000000895001e-05,0.0013455999999223422,0.5494278000001032
method-092,6,Random,MarginalGainPredictor,20,8,3519,54.0,892,38.1,916,20.0,15.899999999999999,18.1,34.0,0.0,8.01000001047214e-05,0.0019196000000647473,0.8492184000001544
method-092,7,Random,MarginalGainPredictor,20,8,3519,55.7,3519,55.7,6314,15.4,0.0,40.300000000000004,40.300000000000004,0.0,4.089999993084348e-05,0.0013429999999061693,0.408309700000018
method-092,8,Random,MarginalGainPredictor,20,8,228,56.7,228,56.7,310,34.3,0.0,22.400000000000006,22.400000000000006,0.0,4.1300000020783045e-05,0.0012434000000212109,0.4865512999999737
method-092,9,Random,MarginalGainPredictor,20,8,228,64.4,2021,37.1,3700,14.5,27.300000000000004,22.6,49.900000000000006,0.0,3.9600000036443816e-05,0.0013245999998616753,0.4944480999999996
method-092,10,Random,MarginalGainPredictor,20,8,228,56.9,228,56.9,3078,16.6,0.0,40.3,40.3,0.0,3.90000000152213e-05,0.001293700000132958,0.4020602000000508
method-093,1,Random,OriginalOrder,50,8,1265,87.3,228,57.8,475,18.0,29.5,39.8,69.3,0.0,5.51000000541535e-05,1.999999312829459e-07,0.47763559999998506
method-093,2,Random,OriginalOrder,50,8,1265,97.8,228,53.2,618,14.2,44.599999999999994,39.0,83.6,0.0,4.560000002129527e-05,3.000000106112566e-07,0.5660557999999583
method-093,3,Random,OriginalOrder,50,8,1265,101.8,228,52.5,541,6.2,49.3,46.3,95.6,0.0,8.560000014767866e-05,3.000000106112566e-07,0.5634228000001258
method-093,4,Random,OriginalOrder,50,8,1265,81.4,410,48.6,6159,7.1,32.800000000000004,41.5,74.30000000000001,7.105427357601002e-15,4.1300000020783045e-05,3.000000106112566e-07,0.5674792999998317
method-093,5,Random,OriginalOrder,50,8,1265,99.7,1277,99.7,11248,4.7,0.0,95.0,95.0,0.0,4.409999996823899e-05,3.000000106112566e-07,0.4447878999999375
method-093,6,Random,OriginalOrder,50,8,1265,77.8,1807,44.9,14031,3.6,32.9,41.3,74.2,7.105427357601002e-15,4.830000011679658e-05,3.999998625658918e-07,0.6809946999999283
method-093,7,Random,OriginalOrder,50,8,1265,74.3,1265,74.3,4679,18.2,0.0,56.099999999999994,56.099999999999994,0.0,4.149999995206599e-05,3.000000106112566e-07,0.41269360000001143
method-093,8,Random,OriginalOrder,50,8,1265,92.4,892,36.1,11245,5.3,56.300000000000004,30.8,87.10000000000001,3.552713678800501e-15,4.0900000158217154e-05,4.999999418942025e-07,0.48862259999987145
method-093,9,Random,OriginalOrder,50,8,1265,71.1,1277,71.1,656,23.5,0.0,47.599999999999994,47.599999999999994,0.0,4.009999997833802e-05,3.999998625658918e-07,0.4820776999999907
method-093,10,Random,OriginalOrder,50,8,1265,88.2,228,57.5,776,3.4,30.700000000000003,54.1,84.8,-7.105427357601002e-15,4.560000002129527e-05,1.999999312829459e-07,0.3949388999999428
method-094,1,Random,MarginalGainPredictor,50,8,1265,87.3,228,57.8,820,18.4,29.5,39.4,68.9,7.105427357601002e-15,5.51000000541535e-05,0.0005127000001721171,0.47763559999998506
method-094,2,Random,MarginalGainPredictor,50,8,1265,98.4,410,45.0,410,45.0,53.400000000000006,0.0,53.400000000000006,0.0,4.8800000058690784e-05,0.0006049999999504507,0.4817735999999968
method-094,3,Random,MarginalGainPredictor,50,8,1265,97.4,1265,97.4,1265,97.4,0.0,0.0,0.0,0.0,4.340000009506184e-05,0.0021271999999044056,0.4737292999998317
method-094,4,Random,MarginalGainPredictor,50,8,228,48.1,2021,35.2,3078,19.4,12.899999999999999,15.800000000000004,28.700000000000003,0.0,4.359999979897111e-05,0.0016476999999213149,0.5842419999999038
method-094,5,Random,MarginalGainPredictor,50,8,228,60.8,3519,42.4,1807,33.4,18.4,9.0,27.4,0.0,4.820000003746827e-05,0.001773199999888675,0.4606415000000652
method-094,6,Random,MarginalGainPredictor,50,8,228,55.0,5753,36.2,310,36.1,18.799999999999997,0.10000000000000142,18.9,0.0,8.269999989352073e-05,0.0017849000000751403,0.7366172999998071
method-094,7,Random,MarginalGainPredictor,50,8,3519,53.6,3519,53.6,7995,19.2,0.0,34.400000000000006,34.400000000000006,0.0,4.0399999988949276e-05,0.0013207999998030573,0.5159304000001157
method-094,8,Random,MarginalGainPredictor,50,8,228,56.2,228,56.2,985,26.1,0.0,30.1,30.1,0.0,3.9499999957115506e-05,0.0013512999998965824,0.4817385999999715
method-094,9,Random,MarginalGainPredictor,50,8,228,64.6,2021,36.9,1277,0.0,27.699999999999996,36.9,64.6,0.0,4.0299999909620965e-05,0.001362299999982497,0.4988634000001184
method-094,10,Random,MarginalGainPredictor,50,8,228,56.4,3916,33.6,1439,18.7,22.799999999999997,14.900000000000002,37.7,3.552713678800501e-15,3.90000000152213e-05,0.0013429000000542146,0.484029400000054
method-095,1,Random,OriginalOrder,100,8,1265,87.3,1265,87.3,475,18.0,0.0,69.3,69.3,0.0,5.51000000541535e-05,1.999999312829459e-07,0.47763559999998506
method-095,2,Random,OriginalOrder,100,8,1265,97.8,1277,97.8,618,14.2,0.0,83.6,83.6,0.0,4.560000002129527e-05,1.999999312829459e-07,0.5660557999999583
method-095,3,Random,OriginalOrder,100,8,1265,101.8,228,52.5,541,6.2,49.3,46.3,95.6,0.0,8.560000014767866e-05,3.000000106112566e-07,0.5634228000001258
method-095,4,Random,OriginalOrder,100,8,1265,81.4,410,48.6,6159,7.1,32.800000000000004,41.5,74.30000000000001,7.105427357601002e-15,4.1300000020783045e-05,2.0000015865662135e-07,0.5674792999998317
method-095,5,Random,OriginalOrder,100,8,1265,99.7,1277,99.7,11248,4.7,0.0,95.0,95.0,0.0,4.409999996823899e-05,3.999998625658918e-07,0.4447878999999375
method-095,6,Random,OriginalOrder,100,8,1265,77.8,1807,44.9,14031,3.6,32.9,41.3,74.2,7.105427357601002e-15,4.830000011679658e-05,3.000000106112566e-07,0.6809946999999283
method-095,7,Random,OriginalOrder,100,8,1265,74.3,1265,74.3,4679,18.2,0.0,56.099999999999994,56.099999999999994,0.0,4.149999995206599e-05,2.9999978323758114e-07,0.41269360000001143
method-095,8,Random,OriginalOrder,100,8,1265,92.4,7123,44.9,11245,5.3,47.50000000000001,39.6,87.10000000000001,0.0,4.0900000158217154e-05,3.000000106112566e-07,0.48862259999987145
method-095,9,Random,OriginalOrder,100,8,1265,71.1,1265,71.1,656,23.5,0.0,47.599999999999994,47.599999999999994,0.0,4.009999997833802e-05,3.000000106112566e-07,0.4820776999999907
method-095,10,Random,OriginalOrder,100,8,1265,88.2,228,57.5,776,3.4,30.700000000000003,54.1,84.8,-7.105427357601002e-15,4.560000002129527e-05,2.9999978323758114e-07,0.3949388999999428
method-096,1,Random,MarginalGainPredictor,100,8,1265,87.3,1265,87.3,1265,87.3,0.0,0.0,0.0,0.0,5.51000000541535e-05,0.0004913000000215106,0.47763559999998506
method-096,2,Random,MarginalGainPredictor,100,8,3519,53.8,3519,53.8,410,45.5,0.0,8.299999999999997,8.299999999999997,0.0,4.68000000637403e-05,0.0005857999999534513,0.4324850999998944
method-096,3,Random,MarginalGainPredictor,100,8,228,55.6,228,55.6,985,33.8,0.0,21.800000000000004,21.800000000000004,0.0,5.530000021281012e-05,0.0009411999999429099,0.5402384000001348
method-096,4,Random,MarginalGainPredictor,100,8,228,48.1,228,48.1,310,41.8,0.0,6.300000000000004,6.300000000000004,0.0,4.73000000056345e-05,0.0015215999999327323,0.47840099999984886
method-096,5,Random,MarginalGainPredictor,100,8,228,60.8,228,60.8,820,20.3,0.0,40.5,40.5,0.0,4.190000004200556e-05,0.0014808000000812171,0.5531054000000495
method-096,6,Random,MarginalGainPredictor,100,8,228,55.1,2122,30.7,2216,30.3,24.400000000000002,0.3999999999999986,24.8,0.0,8.679999996275001e-05,0.0019938999998885265,0.8271214000001237
method-096,7,Random,MarginalGainPredictor,100,8,3519,54.7,3519,54.7,7995,22.1,0.0,32.6,32.6,0.0,4.059999992023222e-05,0.0014179999998304993,0.415894999999864
method-096,8,Random,MarginalGainPredictor,100,8,228,56.4,3519,45.3,1807,39.0,11.100000000000001,6.299999999999997,17.4,0.0,4.009999997833802e-05,0.0013659999999617867,0.4095977999998013
method-096,9,Random,MarginalGainPredictor,100,8,228,64.6,228,64.6,1277,0.0,0.0,64.6,64.6,0.0,4.42000000475673e-05,0.001626299999998082,0.39266010000005735
method-096,10,Random,MarginalGainPredictor,100,8,228,56.4,5753,44.0,916,7.5,12.399999999999999,36.5,48.9,0.0,4.68000000637403e-05,0.0014209999999366119,0.47381890000019666
method-097,1,Random,OriginalOrder,10,9,1265,87.3,2216,32.8,4934,24.9,54.5,7.899999999999999,62.4,0.0,5.320000013853132e-05,9.999985195463523e-08,0.47763559999998506
method-097,2,Random,OriginalOrder,10,9,1265,98.6,1140,23.8,692,22.1,74.8,1.6999999999999993,76.5,3.552713678800501e-15,4.170000011072261e-05,1.999999312829459e-07,0.5718696999999793
method-097,3,Random,OriginalOrder,10,9,1265,100.8,1439,25.0,1423,19.6,75.8,5.399999999999999,81.19999999999999,-7.105427357601002e-15,4.3200000163778896e-05,3.000000106112566e-07,0.5699721999999383
method-097,4,Random,OriginalOrder,10,9,1265,78.7,4103,18.4,4103,18.4,60.300000000000004,0.0,60.300000000000004,0.0,4.6799999836366624e-05,1.999999312829459e-07,0.5987175999998726
method-097,5,Random,OriginalOrder,10,9,1265,97.9,985,31.9,985,31.9,66.0,0.0,66.0,0.0,4.1199999941454735e-05,9.999985195463523e-08,0.45102090000000317
method-097,6,Random,OriginalOrder,10,9,1265,79.1,1265,79.1,1126,5.8,0.0,73.3,73.3,0.0,8.869999987837218e-05,4.999999418942025e-07,0.6713478000001487
method-097,7,Random,OriginalOrder,10,9,1265,66.6,1277,66.6,11796,16.1,0.0,50.49999999999999,50.49999999999999,0.0,4.200000012133387e-05,1.999999312829459e-07,0.5001614000000245
method-097,8,Random,OriginalOrder,10,9,1265,90.1,228,50.1,679,9.4,39.99999999999999,40.7,80.69999999999999,-7.105427357601002e-15,4.190000004200556e-05,1.999999312829459e-07,0.4978992000001199
method-097,9,Random,OriginalOrder,10,9,1265,67.7,1265,67.7,1140,24.9,0.0,42.800000000000004,42.800000000000004,0.0,4.170000011072261e-05,1.999999312829459e-07,0.48434480000014446
method-097,10,Random,OriginalOrder,10,9,1265,87.5,4331,21.3,4824,12.0,66.2,9.3,75.5,-3.552713678800501e-15,3.9600000036443816e-05,4.999999418942025e-07,0.38547300000004725
method-098,1,Random,MarginalGainPredictor,10,9,1265,87.3,2216,32.8,2216,32.8,54.5,0.0,54.5,0.0,5.320000013853132e-05,0.0003882000000885455,0.47763559999998506
method-098,2,Random,MarginalGainPredictor,10,9,1265,98.6,228,53.2,1816,15.4,45.39999999999999,37.800000000000004,83.19999999999999,-7.105427357601002e-15,3.0399999786823173e-05,0.0013505000001714507,0.40152020000004995
method-098,3,Random,MarginalGainPredictor,10,9,1265,95.8,181,24.5,1423,19.6,71.3,4.899999999999999,76.19999999999999,-7.105427357601002e-15,4.200000012133387e-05,0.001408800000035626,0.5306866999999329
method-098,4,Random,MarginalGainPredictor,10,9,1265,78.8,133,15.5,611,11.2,63.3,4.300000000000001,67.6,-3.552713678800501e-15,4.459999991013319e-05,0.0013849000001755485,0.5520097999999507
method-098,5,Random,MarginalGainPredictor,10,9,1265,96.9,985,31.6,985,31.6,65.30000000000001,0.0,65.30000000000001,0.0,4.11000000895001e-05,0.001322200000004159,0.512306800000033
method-098,6,Random,MarginalGainPredictor,10,9,1265,70.7,1265,70.7,1265,70.7,0.0,0.0,0.0,0.0,0.0001111999999920954,0.0018666999999368272,0.7689579000000322
method-098,7,Random,MarginalGainPredictor,10,9,3519,53.7,3916,25.9,3916,25.9,27.800000000000004,0.0,27.800000000000004,0.0,4.1999999893960194e-05,0.0016169000000445521,0.46633919999999307
method-098,8,Random,MarginalGainPredictor,10,9,228,56.7,1140,33.9,1277,0.0,22.800000000000004,33.9,56.7,0.0,3.919999994650425e-05,0.0014584000000468222,0.34496420000004946
method-098,9,Random,MarginalGainPredictor,10,9,228,61.3,830,37.5,1807,16.7,23.799999999999997,20.8,44.599999999999994,-3.552713678800501e-15,3.9499999957115506e-05,0.0011854000001676468,0.34175580000010086
method-098,10,Random,MarginalGainPredictor,10,9,228,56.4,4934,22.5,4934,22.5,33.9,0.0,33.9,0.0,4.120000016882841e-05,0.0012021999998523825,0.4261188000000402
method-099,1,Random,OriginalOrder,20,9,1265,87.3,1807,41.5,4934,24.9,45.8,16.6,62.4,0.0,5.320000013853132e-05,1.999999312829459e-07,0.47763559999998506
method-099,2,Random,OriginalOrder,20,9,1265,98.6,410,45.5,692,22.1,53.099999999999994,23.4,76.5,7.105427357601002e-15,4.170000011072261e-05,3.000000106112566e-07,0.5718696999999793
method-099,3,Random,OriginalOrder,20,9,1265,100.8,830,25.5,1423,19.6,75.3,5.899999999999999,81.19999999999999,-7.105427357601002e-15,4.3200000163778896e-05,3.000000106112566e-07,0.5699721999999383
method-099,4,Random,OriginalOrder,20,9,1265,78.7,5454,25.2,4103,18.4,53.5,6.800000000000001,60.300000000000004,3.552713678800501e-15,4.6799999836366624e-05,1.999999312829459e-07,0.5987175999998726
method-099,5,Random,OriginalOrder,20,9,1265,97.9,985,31.9,985,31.9,66.0,0.0,66.0,0.0,4.1199999941454735e-05,1.999999312829459e-07,0.45102090000000317
method-099,6,Random,OriginalOrder,20,9,1265,79.1,1265,79.1,1126,5.8,0.0,73.3,73.3,0.0,8.869999987837218e-05,4.999999418942025e-07,0.6713478000001487
method-099,7,Random,OriginalOrder,20,9,1265,66.6,1277,66.6,11796,16.1,0.0,50.49999999999999,50.49999999999999,0.0,4.200000012133387e-05,3.999998625658918e-07,0.5001614000000245
method-099,8,Random,OriginalOrder,20,9,1265,90.1,228,50.1,679,9.4,39.99999999999999,40.7,80.69999999999999,-7.105427357601002e-15,4.190000004200556e-05,3.999998625658918e-07,0.4978992000001199
method-099,9,Random,OriginalOrder,20,9,1265,67.7,1265,67.7,1140,24.9,0.0,42.800000000000004,42.800000000000004,0.0,4.170000011072261e-05,5.000001692678779e-07,0.48434480000014446
method-099,10,Random,OriginalOrder,20,9,1265,87.5,5753,46.4,4824,12.0,41.1,34.4,75.5,0.0,3.9600000036443816e-05,3.000000106112566e-07,0.38547300000004725
method-100,1,Random,MarginalGainPredictor,20,9,1265,87.3,1807,41.5,1807,41.5,45.8,0.0,45.8,0.0,5.320000013853132e-05,0.0006587000000308763,0.47763559999998506
method-100,2,Random,MarginalGainPredictor,20,9,1265,98.1,228,53.2,410,45.5,44.89999999999999,7.700000000000003,52.599999999999994,0.0,4.150000017943967e-05,0.0015089000000898523,0.5491481000001386
method-100,3,Random,MarginalGainPredictor,20,9,1265,91.8,310,43.5,310,43.5,48.3,0.0,48.3,0.0,4.4299999899521936e-05,0.0017251000001579087,0.47037870000008297
method-100,4,Random,MarginalGainPredictor,20,9,1265,79.5,5753,40.4,9070,27.6,39.1,12.799999999999997,51.9,0.0,4.149999995206599e-05,0.0013295999999627384,0.44869840000001204
method-100,5,Random,MarginalGainPredictor,20,9,1265,98.3,3519,48.8,916,23.4,49.5,25.4,74.9,7.105427357601002e-15,4.079999985151517e-05,0.0019406000001254142,0.5442468999999619
method-100,6,Random,MarginalGainPredictor,20,9,1265,70.2,2146,19.9,1249,12.9,50.300000000000004,6.999999999999998,57.300000000000004,1.7763568394002505e-15,8.079999997789855e-05,0.0015868000000409666,0.8130016000000069
method-100,7,Random,MarginalGainPredictor,20,9,1265,70.4,2216,37.6,2216,37.6,32.800000000000004,0.0,32.800000000000004,0.0,4.1099999862126424e-05,0.0012498999999479565,0.4163848999999118
method-100,8,Random,MarginalGainPredictor,20,9,1265,87.9,3225,33.4,618,15.6,54.50000000000001,17.799999999999997,72.30000000000001,7.105427357601002e-15,4.239999998389976e-05,0.001368399999819303,0.48877730000003794
method-100,9,Random,MarginalGainPredictor,20,9,1265,63.1,181,22.3,820,18.2,40.8,4.100000000000001,44.900000000000006,7.105427357601002e-15,5.199999986871262e-05,0.0013558000000557513,0.477950200000123
method-100,10,Random,MarginalGainPredictor,20,9,1265,72.5,892,32.8,985,32.5,39.7,0.29999999999999716,40.0,0.0,3.9600000036443816e-05,0.0012687999999343447,0.39076239999985773
method-101,1,Random,OriginalOrder,50,9,1265,87.3,228,57.8,4934,24.9,29.5,32.9,62.4,0.0,5.320000013853132e-05,3.000000106112566e-07,0.47763559999998506
method-101,2,Random,OriginalOrder,50,9,1265,98.6,1265,98.6,692,22.1,0.0,76.5,76.5,0.0,4.170000011072261e-05,4.0000008993956726e-07,0.5718696999999793
method-101,3,Random,OriginalOrder,50,9,1265,100.8,1265,100.8,1423,19.6,0.0,81.19999999999999,81.19999999999999,0.0,4.3200000163778896e-05,2.9999978323758114e-07,0.5699721999999383
method-101,4,Random,OriginalOrder,50,9,1265,78.7,228,42.6,4103,18.4,36.1,24.200000000000003,60.300000000000004,0.0,4.6799999836366624e-05,3.000000106112566e-07,0.5987175999998726
method-101,5,Random,OriginalOrder,50,9,1265,97.9,1277,97.9,985,31.9,0.0,66.0,66.0,0.0,4.1199999941454735e-05,2.0000015865662135e-07,0.45102090000000317
method-101,6,Random,OriginalOrder,50,9,1265,79.1,1265,79.1,1126,5.8,0.0,73.3,73.3,0.0,8.869999987837218e-05,3.000000106112566e-07,0.6713478000001487
method-101,7,Random,OriginalOrder,50,9,1265,66.6,1277,66.6,11796,16.1,0.0,50.49999999999999,50.49999999999999,0.0,4.200000012133387e-05,1.999999312829459e-07,0.5001614000000245
method-101,8,Random,OriginalOrder,50,9,1265,90.1,1277,90.1,679,9.4,0.0,80.69999999999999,80.69999999999999,0.0,4.190000004200556e-05,3.000000106112566e-07,0.4978992000001199
method-101,9,Random,OriginalOrder,50,9,1265,67.7,1265,67.7,1140,24.9,0.0,42.800000000000004,42.800000000000004,0.0,4.170000011072261e-05,4.999999418942025e-07,0.48434480000014446
method-101,10,Random,OriginalOrder,50,9,1265,87.5,228,52.1,4824,12.0,35.4,40.1,75.5,0.0,3.9600000036443816e-05,3.000000106112566e-07,0.38547300000004725
method-102,1,Random,MarginalGainPredictor,50,9,1265,87.3,228,57.8,1807,41.5,29.5,16.299999999999997,45.8,0.0,5.320000013853132e-05,0.00040239999998448184,0.47763559999998506
method-102,2,Random,MarginalGainPredictor,50,9,1265,98.1,1265,98.1,1265,98.1,0.0,0.0,0.0,0.0,4.150000017943967e-05,0.0007133999999950902,0.5491481000001386
method-102,3,Random,MarginalGainPredictor,50,9,228,55.6,410,45.4,410,45.4,10.200000000000003,0.0,10.200000000000003,0.0,4.450000005817856e-05,0.0014380000000073778,0.5736116000000493
method-102,4,Random,MarginalGainPredictor,50,9,228,48.1,5753,38.1,2216,28.3,10.0,9.8,19.8,0.0,4.269999999451102e-05,0.001462299999957395,0.5274890000000596
method-102,5,Random,MarginalGainPredictor,50,9,228,60.7,5753,44.6,1277,0.0,16.1,44.6,60.7,0.0,4.540000009001233e-05,0.0014460999998391344,0.43948900000009417
method-102,6,Random,MarginalGainPredictor,50,9,228,55.1,2477,36.6,985,34.9,18.5,1.7000000000000028,20.200000000000003,0.0,7.699999991928053e-05,0.0016614000001027307,0.6586005999999998
method-102,7,Random,MarginalGainPredictor,50,9,3519,55.4,3519,55.4,9070,39.0,0.0,16.4,16.4,0.0,4.179999996267725e-05,0.001335000000153741,0.516756199999918
method-102,8,Random,MarginalGainPredictor,50,9,228,56.5,692,34.6,820,17.5,21.9,17.1,39.0,0.0,3.870000000461005e-05,0.0012913999999000225,0.40407379999987825
method-102,9,Random,MarginalGainPredictor,50,9,228,64.7,830,38.4,1249,14.2,26.300000000000004,24.2,50.5,-3.552713678800501e-15,4.009999997833802e-05,0.0013654000001679378,0.46928109999998924
method-102,10,Random,MarginalGainPredictor,50,9,228,56.9,3519,42.2,310,40.8,14.699999999999996,1.4000000000000057,16.1,0.0,4.0399999988949276e-05,0.001248400000122274,0.4696550000001025
method-103,1,Random,OriginalOrder,100,9,1265,87.3,1265,87.3,4934,24.9,0.0,62.4,62.4,0.0,5.320000013853132e-05,2.0000015865662135e-07,0.47763559999998506
method-103,2,Random,OriginalOrder,100,9,1265,98.6,1265,98.6,692,22.1,0.0,76.5,76.5,0.0,4.170000011072261e-05,3.000000106112566e-07,0.5718696999999793
method-103,3,Random,OriginalOrder,100,9,1265,100.8,1265,100.8,1423,19.6,0.0,81.19999999999999,81.19999999999999,0.0,4.3200000163778896e-05,1.999999312829459e-07,0.5699721999999383
method-103,4,Random,OriginalOrder,100,9,1265,78.7,1277,78.7,4103,18.4,0.0,60.300000000000004,60.300000000000004,0.0,4.6799999836366624e-05,3.000000106112566e-07,0.5987175999998726
method-103,5,Random,OriginalOrder,100,9,1265,97.9,1277,97.9,985,31.9,0.0,66.0,66.0,0.0,4.1199999941454735e-05,1.999999312829459e-07,0.45102090000000317
method-103,6,Random,OriginalOrder,100,9,1265,79.1,1265,79.1,1126,5.8,0.0,73.3,73.3,0.0,8.869999987837218e-05,4.0000008993956726e-07,0.6713478000001487
method-103,7,Random,OriginalOrder,100,9,1265,66.6,1265,66.6,11796,16.1,0.0,50.49999999999999,50.49999999999999,0.0,4.200000012133387e-05,3.000000106112566e-07,0.5001614000000245
method-103,8,Random,OriginalOrder,100,9,1265,90.1,1277,90.1,679,9.4,0.0,80.69999999999999,80.69999999999999,0.0,4.190000004200556e-05,4.999999418942025e-07,0.4978992000001199
method-103,9,Random,OriginalOrder,100,9,1265,67.7,1265,67.7,1140,24.9,0.0,42.800000000000004,42.800000000000004,0.0,4.170000011072261e-05,5.000001692678779e-07,0.48434480000014446
method-103,10,Random,OriginalOrder,100,9,1265,87.5,1265,87.5,4824,12.0,0.0,75.5,75.5,0.0,3.9600000036443816e-05,1.999999312829459e-07,0.38547300000004725
method-104,1,Random,MarginalGainPredictor,100,9,1265,87.3,1265,87.3,1265,87.3,0.0,0.0,0.0,0.0,5.320000013853132e-05,0.000500299999885101,0.47763559999998506
method-104,2,Random,MarginalGainPredictor,100,9,3519,53.8,228,52.8,410,45.5,1.0,7.299999999999997,8.299999999999997,0.0,5.020000003241876e-05,0.0005584999998973217,0.4324850999998944
method-104,3,Random,MarginalGainPredictor,100,9,228,55.6,1807,41.4,1807,41.4,14.200000000000003,0.0,14.200000000000003,0.0,4.8299999889422907e-05,0.0007928999998512154,0.5402384000001348
method-104,4,Random,MarginalGainPredictor,100,9,228,48.1,5753,38.1,985,32.9,10.0,5.200000000000003,15.200000000000003,0.0,4.949999993186793e-05,0.0006703999999899679,0.4599300999998377
method-104,5,Random,MarginalGainPredictor,100,9,228,60.7,228,60.7,310,42.3,0.0,18.400000000000006,18.400000000000006,0.0,4.6099999963189475e-05,0.0006513999999242515,0.4464623000001211
method-104,6,Random,MarginalGainPredictor,100,9,228,55.1,892,43.3,820,17.1,11.800000000000004,26.199999999999996,38.0,0.0,5.310000005920301e-05,0.0012778000000253087,0.6679596999999831
method-104,7,Random,MarginalGainPredictor,100,9,3519,53.7,3519,53.7,1277,0.0,0.0,53.7,53.7,0.0,4.290000015316764e-05,0.001381900000069436,0.4227341000000706
method-104,8,Random,MarginalGainPredictor,100,9,228,56.2,3519,45.7,2216,29.6,10.5,16.1,26.6,0.0,3.979999996772676e-05,0.001314000000093074,0.4748727000001054
method-104,9,Random,MarginalGainPredictor,100,9,228,64.6,3519,57.7,7995,13.8,6.8999999999999915,43.900000000000006,50.8,0.0,3.8599999925281736e-05,0.0013736999999309774,0.3765381000000616
method-104,10,Random,MarginalGainPredictor,100,9,228,56.4,892,32.9,1249,8.2,23.5,24.7,48.2,3.552713678800501e-15,4.0500000068277586e-05,0.0013443000000279426,0.3922595999999885
