step,retriever,ranker,M,repeat,restricted_oracle_node,restricted_oracle_gain,pool_best_node,pool_best_gain,selected_node,selected_gain,candidate_loss,ranking_loss,total_regret,decomposition_error,retrieval_runtime_seconds,reranking_runtime_seconds,gain_evaluation_runtime_seconds
1,Degree,OriginalOrder,10,,1265,87.3,1265,87.3,916,28.1,0.0,59.199999999999996,59.199999999999996,0.0,0.00021700000002056186,3.000000106112566e-07,0.5567528999999922
1,Degree,MarginalGainPredictor,10,,1265,87.3,1265,87.3,1265,87.3,0.0,0.0,0.0,0.0,0.00021700000002056186,0.04234589999987293,0.5567528999999922
1,Degree,OriginalOrder,20,,1265,87.3,1265,87.3,916,28.1,0.0,59.199999999999996,59.199999999999996,0.0,0.00021700000002056186,6.999998731771484e-07,0.5567528999999922
1,Degree,MarginalGainPredictor,20,,1265,87.3,1265,87.3,1265,87.3,0.0,0.0,0.0,0.0,0.00021700000002056186,0.0014083000000937318,0.5567528999999922
1,Degree,OriginalOrder,50,,1265,87.3,1265,87.3,916,28.1,0.0,59.199999999999996,59.199999999999996,0.0,0.00021700000002056186,4.0000008993956726e-07,0.5567528999999922
1,Degree,MarginalGainPredictor,50,,1265,87.3,1265,87.3,1265,87.3,0.0,0.0,0.0,0.0,0.00021700000002056186,0.001182299999982206,0.5567528999999922
1,Degree,OriginalOrder,100,,1265,87.3,1265,87.3,916,28.1,0.0,59.199999999999996,59.199999999999996,0.0,0.00021700000002056186,3.000000106112566e-07,0.5567528999999922
1,Degree,MarginalGainPredictor,100,,1265,87.3,1265,87.3,1265,87.3,0.0,0.0,0.0,0.0,0.00021700000002056186,0.0012471000000005006,0.5567528999999922
1,DegreeDiscount,OriginalOrder,10,,1265,87.3,1277,87.3,12802,18.8,0.0,68.5,68.5,0.0,0.0037479000000075757,4.999999418942025e-07,0.5567528999999922
1,DegreeDiscount,MarginalGainPredictor,10,,1265,87.3,1277,87.3,310,47.1,0.0,40.199999999999996,40.199999999999996,0.0,0.0037479000000075757,0.0009565000000293367,0.5567528999999922
1,DegreeDiscount,OriginalOrder,20,,1265,87.3,1277,87.3,12802,18.8,0.0,68.5,68.5,0.0,0.0037479000000075757,6.000000212225132e-07,0.5567528999999922
1,DegreeDiscount,MarginalGainPredictor,20,,1265,87.3,1277,87.3,310,47.1,0.0,40.199999999999996,40.199999999999996,0.0,0.0037479000000075757,0.0006574000001364766,0.5567528999999922
1,DegreeDiscount,OriginalOrder,50,,1265,87.3,1265,87.3,12802,18.8,0.0,68.5,68.5,0.0,0.0037479000000075757,4.0000008993956726e-07,0.5567528999999922
1,DegreeDiscount,MarginalGainPredictor,50,,1265,87.3,1265,87.3,1265,87.3,0.0,0.0,0.0,0.0,0.0037479000000075757,0.0007929000000785891,0.5567528999999922
1,DegreeDiscount,OriginalOrder,100,,1265,87.3,1265,87.3,12802,18.8,0.0,68.5,68.5,0.0,0.0037479000000075757,3.000000106112566e-07,0.5567528999999922
1,DegreeDiscount,MarginalGainPredictor,100,,1265,87.3,1265,87.3,1265,87.3,0.0,0.0,0.0,0.0,0.0037479000000075757,0.0005991000000449276,0.5567528999999922
1,FeatureDQN,OriginalOrder,10,,1265,87.3,905,19.6,2034,15.2,67.69999999999999,4.400000000000002,72.1,3.552713678800501e-15,0.009657399999923655,3.000000106112566e-07,0.5567528999999922
1,FeatureDQN,MarginalGainPredictor,10,,1265,87.3,905,19.6,905,19.6,67.69999999999999,0.0,67.69999999999999,0.0,0.009657399999923655,0.0007683000001179607,0.5567528999999922
1,FeatureDQN,OriginalOrder,20,,1265,87.3,228,57.8,2034,15.2,29.5,42.599999999999994,72.1,0.0,0.009657399999923655,1.999999312829459e-07,0.5567528999999922
1,FeatureDQN,MarginalGainPredictor,20,,1265,87.3,228,57.8,892,33.2,29.5,24.599999999999994,54.099999999999994,0.0,0.009657399999923655,0.0007124999999632564,0.5567528999999922
1,FeatureDQN,OriginalOrder,50,,1265,87.3,228,57.8,2034,15.2,29.5,42.599999999999994,72.1,0.0,0.009657399999923655,3.000000106112566e-07,0.5567528999999922
1,FeatureDQN,MarginalGainPredictor,50,,1265,87.3,228,57.8,916,28.1,29.5,29.699999999999996,59.199999999999996,0.0,0.009657399999923655,0.0006315999999060296,0.5567528999999922
1,FeatureDQN,OriginalOrder,100,,1265,87.3,228,57.8,2034,15.2,29.5,42.599999999999994,72.1,0.0,0.009657399999923655,3.000000106112566e-07,0.5567528999999922
1,FeatureDQN,MarginalGainPredictor,100,,1265,87.3,228,57.8,916,28.1,29.5,29.699999999999996,59.199999999999996,0.0,0.009657399999923655,0.0006405999999969936,0.5567528999999922
1,Random,OriginalOrder,10,0,1265,87.3,287,23.5,287,23.5,63.8,0.0,63.8,0.0,7.119999986571202e-05,1.999999312829459e-07,0.5567528999999922
1,Random,MarginalGainPredictor,10,0,1265,87.3,287,23.5,287,23.5,63.8,0.0,63.8,0.0,7.119999986571202e-05,0.0005218999999669904,0.5567528999999922
1,Random,OriginalOrder,20,0,1265,87.3,830,24.8,287,23.5,62.5,1.3000000000000007,63.8,-3.552713678800501e-15,7.119999986571202e-05,3.000000106112566e-07,0.5567528999999922
1,Random,MarginalGainPredictor,20,0,1265,87.3,830,24.8,830,24.8,62.5,0.0,62.5,0.0,7.119999986571202e-05,0.0006419000001187669,0.5567528999999922
1,Random,OriginalOrder,50,0,1265,87.3,1265,87.3,287,23.5,0.0,63.8,63.8,0.0,7.119999986571202e-05,2.0000015865662135e-07,0.5567528999999922
1,Random,MarginalGainPredictor,50,0,1265,87.3,1265,87.3,1265,87.3,0.0,0.0,0.0,0.0,7.119999986571202e-05,0.0005951000000550266,0.5567528999999922
1,Random,OriginalOrder,100,0,1265,87.3,1265,87.3,287,23.5,0.0,63.8,63.8,0.0,7.119999986571202e-05,2.0000015865662135e-07,0.5567528999999922
1,Random,MarginalGainPredictor,100,0,1265,87.3,1265,87.3,1265,87.3,0.0,0.0,0.0,0.0,7.119999986571202e-05,0.0005218999999669904,0.5567528999999922
1,Random,OriginalOrder,10,1,1265,87.3,1277,87.3,2368,10.7,0.0,76.6,76.6,0.0,7.610000011482043e-05,1.0000007932831068e-07,0.5567528999999922
1,Random,MarginalGainPredictor,10,1,1265,87.3,1277,87.3,310,47.1,0.0,40.199999999999996,40.199999999999996,0.0,7.610000011482043e-05,0.0004444000001058157,0.5567528999999922
1,Random,OriginalOrder,20,1,1265,87.3,1277,87.3,2368,10.7,0.0,76.6,76.6,0.0,7.610000011482043e-05,1.999999312829459e-07,0.5567528999999922
1,Random,MarginalGainPredictor,20,1,1265,87.3,1277,87.3,310,47.1,0.0,40.199999999999996,40.199999999999996,0.0,7.610000011482043e-05,0.0003876999999192776,0.5567528999999922
1,Random,OriginalOrder,50,1,1265,87.3,1277,87.3,2368,10.7,0.0,76.6,76.6,0.0,7.610000011482043e-05,1.999999312829459e-07,0.5567528999999922
1,Random,MarginalGainPredictor,50,1,1265,87.3,1277,87.3,310,47.1,0.0,40.199999999999996,40.199999999999996,0.0,7.610000011482043e-05,0.0004578999999012012,0.5567528999999922
1,Random,OriginalOrder,100,1,1265,87.3,1277,87.3,2368,10.7,0.0,76.6,76.6,0.0,7.610000011482043e-05,2.0000015865662135e-07,0.5567528999999922
1,Random,MarginalGainPredictor,100,1,1265,87.3,1277,87.3,310,47.1,0.0,40.199999999999996,40.199999999999996,0.0,7.610000011482043e-05,0.00045649999992747325,0.5567528999999922
1,Random,OriginalOrder,10,2,1265,87.3,228,57.8,118,12.5,29.5,45.3,74.8,0.0,6.759999996575061e-05,1.0000007932831068e-07,0.5567528999999922
1,Random,MarginalGainPredictor,10,2,1265,87.3,228,57.8,6314,15.6,29.5,42.199999999999996,71.7,7.105427357601002e-15,6.759999996575061e-05,0.00042579999990266515,0.5567528999999922
1,Random,OriginalOrder,20,2,1265,87.3,228,57.8,118,12.5,29.5,45.3,74.8,0.0,6.759999996575061e-05,1.999999312829459e-07,0.5567528999999922
1,Random,MarginalGainPredictor,20,2,1265,87.3,228,57.8,6314,15.6,29.5,42.199999999999996,71.7,7.105427357601002e-15,6.759999996575061e-05,0.0004137000000810076,0.5567528999999922
1,Random,OriginalOrder,50,2,1265,87.3,1265,87.3,118,12.5,0.0,74.8,74.8,0.0,6.759999996575061e-05,1.999999312829459e-07,0.5567528999999922
1,Random,MarginalGainPredictor,50,2,1265,87.3,1265,87.3,1265,87.3,0.0,0.0,0.0,0.0,6.759999996575061e-05,0.0004554000001917302,0.5567528999999922
1,Random,OriginalOrder,100,2,1265,87.3,1265,87.3,118,12.5,0.0,74.8,74.8,0.0,6.759999996575061e-05,1.999999312829459e-07,0.5567528999999922
1,Random,MarginalGainPredictor,100,2,1265,87.3,1265,87.3,1265,87.3,0.0,0.0,0.0,0.0,6.759999996575061e-05,0.0005764999998518761,0.5567528999999922
1,Random,OriginalOrder,10,3,1265,87.3,2216,32.8,181,25.9,54.5,6.899999999999999,61.4,0.0,5.9299999975337414e-05,9.999985195463523e-08,0.5567528999999922
1,Random,MarginalGainPredictor,10,3,1265,87.3,2216,32.8,2216,32.8,54.5,0.0,54.5,0.0,5.9299999975337414e-05,0.0005274999998619023,0.5567528999999922
1,Random,OriginalOrder,20,3,1265,87.3,2216,32.8,181,25.9,54.5,6.899999999999999,61.4,0.0,5.9299999975337414e-05,3.000000106112566e-07,0.5567528999999922
1,Random,MarginalGainPredictor,20,3,1265,87.3,2216,32.8,2216,32.8,54.5,0.0,54.5,0.0,5.9299999975337414e-05,0.00042430000007698254,0.5567528999999922
1,Random,OriginalOrder,50,3,1265,87.3,2216,32.8,181,25.9,54.5,6.899999999999999,61.4,0.0,5.9299999975337414e-05,3.000000106112566e-07,0.5567528999999922
1,Random,MarginalGainPredictor,50,3,1265,87.3,2216,32.8,2216,32.8,54.5,0.0,54.5,0.0,5.9299999975337414e-05,0.0004386000000522472,0.5567528999999922
1,Random,OriginalOrder,100,3,1265,87.3,892,33.2,181,25.9,54.099999999999994,7.300000000000004,61.4,0.0,5.9299999975337414e-05,3.000000106112566e-07,0.5567528999999922
1,Random,MarginalGainPredictor,100,3,1265,87.3,892,33.2,2216,32.8,54.099999999999994,0.4000000000000057,54.5,0.0,5.9299999975337414e-05,0.0004551999998056999,0.5567528999999922
1,Random,OriginalOrder,10,4,1265,87.3,5753,45.7,985,30.2,41.599999999999994,15.500000000000004,57.099999999999994,-3.552713678800501e-15,5.449999980555731e-05,1.999999312829459e-07,0.5567528999999922
1,Random,MarginalGainPredictor,10,4,1265,87.3,5753,45.7,985,30.2,41.599999999999994,15.500000000000004,57.099999999999994,-3.552713678800501e-15,5.449999980555731e-05,0.00040349999994759855,0.5567528999999922
1,Random,OriginalOrder,20,4,1265,87.3,5753,45.7,985,30.2,41.599999999999994,15.500000000000004,57.099999999999994,-3.552713678800501e-15,5.449999980555731e-05,2.0000015865662135e-07,0.5567528999999922
1,Random,MarginalGainPredictor,20,4,1265,87.3,5753,45.7,985,30.2,41.599999999999994,15.500000000000004,57.099999999999994,-3.552713678800501e-15,5.449999980555731e-05,0.0003793999999288644,0.5567528999999922
1,Random,OriginalOrder,50,4,1265,87.3,1277,87.3,985,30.2,0.0,57.099999999999994,57.099999999999994,0.0,5.449999980555731e-05,1.0000007932831068e-07,0.5567528999999922
1,Random,MarginalGainPredictor,50,4,1265,87.3,1277,87.3,410,46.7,0.0,40.599999999999994,40.599999999999994,0.0,5.449999980555731e-05,0.0003959999999096908,0.5567528999999922
1,Random,OriginalOrder,100,4,1265,87.3,1277,87.3,985,30.2,0.0,57.099999999999994,57.099999999999994,0.0,5.449999980555731e-05,1.0000007932831068e-07,0.5567528999999922
1,Random,MarginalGainPredictor,100,4,1265,87.3,1277,87.3,410,46.7,0.0,40.599999999999994,40.599999999999994,0.0,5.449999980555731e-05,0.00044619999994210957,0.5567528999999922
1,Random,OriginalOrder,10,5,1265,87.3,5454,24.5,5454,24.5,62.8,0.0,62.8,0.0,5.6599999879836105e-05,1.0000007932831068e-07,0.5567528999999922
1,Random,MarginalGainPredictor,10,5,1265,87.3,5454,24.5,1255,9.8,62.8,14.7,77.5,3.552713678800501e-15,5.6599999879836105e-05,0.00038269999981821456,0.5567528999999922
1,Random,OriginalOrder,20,5,1265,87.3,830,24.8,5454,24.5,62.5,0.3000000000000007,62.8,-3.552713678800501e-15,5.6599999879836105e-05,2.0000015865662135e-07,0.5567528999999922
1,Random,MarginalGainPredictor,20,5,1265,87.3,830,24.8,820,18.4,62.5,6.400000000000002,68.9,3.552713678800501e-15,5.6599999879836105e-05,0.00036810000005971233,0.5567528999999922
1,Random,OriginalOrder,50,5,1265,87.3,228,57.8,5454,24.5,29.5,33.3,62.8,0.0,5.6599999879836105e-05,1.999999312829459e-07,0.5567528999999922
1,Random,MarginalGainPredictor,50,5,1265,87.3,228,57.8,410,46.7,29.5,11.099999999999994,40.599999999999994,0.0,5.6599999879836105e-05,0.0003953999998884683,0.5567528999999922
1,Random,OriginalOrder,100,5,1265,87.3,1277,87.3,5454,24.5,0.0,62.8,62.8,0.0,5.6599999879836105e-05,1.999999312829459e-07,0.5567528999999922
1,Random,MarginalGainPredictor,100,5,1265,87.3,1277,87.3,410,46.7,0.0,40.599999999999994,40.599999999999994,0.0,5.6599999879836105e-05,0.0004708999999820662,0.5567528999999922
1,Random,OriginalOrder,10,6,1265,87.3,410,46.7,189,16.6,40.599999999999994,30.1,70.69999999999999,-7.105427357601002e-15,5.339999984244059e-05,1.0000007932831068e-07,0.5567528999999922
1,Random,MarginalGainPredictor,10,6,1265,87.3,410,46.7,410,46.7,40.599999999999994,0.0,40.599999999999994,0.0,5.339999984244059e-05,0.00038009999980204157,0.5567528999999922
1,Random,OriginalOrder,20,6,1265,87.3,410,46.7,189,16.6,40.599999999999994,30.1,70.69999999999999,-7.105427357601002e-15,5.339999984244059e-05,1.999999312829459e-07,0.5567528999999922
1,Random,MarginalGainPredictor,20,6,1265,87.3,410,46.7,410,46.7,40.599999999999994,0.0,40.599999999999994,0.0,5.339999984244059e-05,0.0003934999999728461,0.5567528999999922
1,Random,OriginalOrder,50,6,1265,87.3,1265,87.3,189,16.6,0.0,70.69999999999999,70.69999999999999,0.0,5.339999984244059e-05,2.0000015865662135e-07,0.5567528999999922
1,Random,MarginalGainPredictor,50,6,1265,87.3,1265,87.3,1265,87.3,0.0,0.0,0.0,0.0,5.339999984244059e-05,0.00042340000004514877,0.5567528999999922
1,Random,OriginalOrder,100,6,1265,87.3,1265,87.3,189,16.6,0.0,70.69999999999999,70.69999999999999,0.0,5.339999984244059e-05,1.0000007932831068e-07,0.5567528999999922
1,Random,MarginalGainPredictor,100,6,1265,87.3,1265,87.3,1265,87.3,0.0,0.0,0.0,0.0,5.339999984244059e-05,0.0004595000000335858,0.5567528999999922
1,Random,OriginalOrder,10,7,1265,87.3,985,30.2,1352,11.5,57.099999999999994,18.7,75.8,3.552713678800501e-15,5.0899999905595905e-05,2.0000015865662135e-07,0.5567528999999922
1,Random,MarginalGainPredictor,10,7,1265,87.3,985,30.2,985,30.2,57.099999999999994,0.0,57.099999999999994,0.0,5.0899999905595905e-05,0.00034729999993032834,0.5567528999999922
1,Random,OriginalOrder,20,7,1265,87.3,985,30.2,1352,11.5,57.099999999999994,18.7,75.8,3.552713678800501e-15,5.0899999905595905e-05,1.999999312829459e-07,0.5567528999999922
1,Random,MarginalGainPredictor,20,7,1265,87.3,985,30.2,985,30.2,57.099999999999994,0.0,57.099999999999994,0.0,5.0899999905595905e-05,0.0003166000001328939,0.5567528999999922
1,Random,OriginalOrder,50,7,1265,87.3,985,30.2,1352,11.5,57.099999999999994,18.7,75.8,3.552713678800501e-15,5.0899999905595905e-05,1.999999312829459e-07,0.5567528999999922
1,Random,MarginalGainPredictor,50,7,1265,87.3,985,30.2,985,30.2,57.099999999999994,0.0,57.099999999999994,0.0,5.0899999905595905e-05,0.0004453999999896041,0.5567528999999922
1,Random,OriginalOrder,100,7,1265,87.3,1277,87.3,1352,11.5,0.0,75.8,75.8,0.0,5.0899999905595905e-05,2.0000015865662135e-07,0.5567528999999922
1,Random,MarginalGainPredictor,100,7,1265,87.3,1277,87.3,410,46.7,0.0,40.599999999999994,40.599999999999994,0.0,5.0899999905595905e-05,0.00041660000010779186,0.5567528999999922
1,Random,OriginalOrder,10,8,1265,87.3,647,25.2,475,18.0,62.099999999999994,7.199999999999999,69.3,3.552713678800501e-15,5.129999999553547e-05,9.999985195463523e-08,0.5567528999999922
1,Random,MarginalGainPredictor,10,8,1265,87.3,647,25.2,1352,11.5,62.099999999999994,13.7,75.8,3.552713678800501e-15,5.129999999553547e-05,0.0003281000001607026,0.5567528999999922
1,Random,OriginalOrder,20,8,1265,87.3,5753,45.7,475,18.0,41.599999999999994,27.700000000000003,69.3,0.0,5.129999999553547e-05,1.999999312829459e-07,0.5567528999999922
1,Random,MarginalGainPredictor,20,8,1265,87.3,5753,45.7,1439,36.7,41.599999999999994,9.0,50.599999999999994,0.0,5.129999999553547e-05,0.00038799999992988887,0.5567528999999922
1,Random,OriginalOrder,50,8,1265,87.3,228,57.8,475,18.0,29.5,39.8,69.3,0.0,5.129999999553547e-05,1.999999312829459e-07,0.5567528999999922
1,Random,MarginalGainPredictor,50,8,1265,87.3,228,57.8,820,18.4,29.5,39.4,68.9,7.105427357601002e-15,5.129999999553547e-05,0.00045040000009066716,0.5567528999999922
1,Random,OriginalOrder,100,8,1265,87.3,1265,87.3,475,18.0,0.0,69.3,69.3,0.0,5.129999999553547e-05,1.999999312829459e-07,0.5567528999999922
1,Random,MarginalGainPredictor,100,8,1265,87.3,1265,87.3,1265,87.3,0.0,0.0,0.0,0.0,5.129999999553547e-05,0.0007837999999082967,0.5567528999999922
1,Random,OriginalOrder,10,9,1265,87.3,2216,32.8,4934,24.9,54.5,7.899999999999999,62.4,0.0,6.770000004507892e-05,3.000000106112566e-07,0.5567528999999922
1,Random,MarginalGainPredictor,10,9,1265,87.3,2216,32.8,2216,32.8,54.5,0.0,54.5,0.0,6.770000004507892e-05,0.0005599000000984233,0.5567528999999922
1,Random,OriginalOrder,20,9,1265,87.3,1807,41.5,4934,24.9,45.8,16.6,62.4,0.0,6.770000004507892e-05,3.000000106112566e-07,0.5567528999999922
1,Random,MarginalGainPredictor,20,9,1265,87.3,1807,41.5,1807,41.5,45.8,0.0,45.8,0.0,6.770000004507892e-05,0.0005410999999639898,0.5567528999999922
1,Random,OriginalOrder,50,9,1265,87.3,228,57.8,4934,24.9,29.5,32.9,62.4,0.0,6.770000004507892e-05,1.999999312829459e-07,0.5567528999999922
1,Random,MarginalGainPredictor,50,9,1265,87.3,228,57.8,1807,41.5,29.5,16.299999999999997,45.8,0.0,6.770000004507892e-05,0.0004170999998223124,0.5567528999999922
1,Random,OriginalOrder,100,9,1265,87.3,1265,87.3,4934,24.9,0.0,62.4,62.4,0.0,6.770000004507892e-05,3.999998625658918e-07,0.5567528999999922
1,Random,MarginalGainPredictor,100,9,1265,87.3,1265,87.3,1265,87.3,0.0,0.0,0.0,0.0,6.770000004507892e-05,0.000568800000110059,0.5567528999999922
2,Degree,OriginalOrder,10,,3519,53.8,410,45.5,916,21.7,8.299999999999997,23.8,32.099999999999994,-3.552713678800501e-15,0.00011440000002949091,3.000000106112566e-07,0.4878286999999091
2,Degree,MarginalGainPredictor,10,,3519,53.8,410,45.5,410,45.5,8.299999999999997,0.0,8.299999999999997,0.0,0.00011440000002949091,0.003375000000005457,0.4878286999999091
2,Degree,OriginalOrder,20,,3519,53.8,410,45.5,916,21.7,8.299999999999997,23.8,32.099999999999994,-3.552713678800501e-15,0.00011440000002949091,3.000000106112566e-07,0.4878286999999091
2,Degree,MarginalGainPredictor,20,,3519,53.8,410,45.5,410,45.5,8.299999999999997,0.0,8.299999999999997,0.0,0.00011440000002949091,0.0007892000000992994,0.4878286999999091
2,Degree,OriginalOrder,50,,3519,53.8,228,52.8,916,21.7,1.0,31.099999999999998,32.099999999999994,-3.552713678800501e-15,0.00011440000002949091,2.0000015865662135e-07,0.4878286999999091
2,Degree,MarginalGainPredictor,50,,3519,53.8,228,52.8,410,45.5,1.0,7.299999999999997,8.299999999999997,0.0,0.00011440000002949091,0.0006292000000485132,0.4878286999999091
2,Degree,OriginalOrder,100,,3519,53.8,3519,53.8,916,21.7,0.0,32.099999999999994,32.099999999999994,0.0,0.00011440000002949091,3.000000106112566e-07,0.4878286999999091
2,Degree,MarginalGainPredictor,100,,3519,53.8,3519,53.8,410,45.5,0.0,8.299999999999997,8.299999999999997,0.0,0.00011440000002949091,0.0006301000000803469,0.4878286999999091
2,DegreeDiscount,OriginalOrder,10,,3519,53.8,310,40.0,12802,21.3,13.799999999999997,18.7,32.5,3.552713678800501e-15,0.003249899999900663,2.9999978323758114e-07,0.4878286999999091
2,DegreeDiscount,MarginalGainPredictor,10,,3519,53.8,310,40.0,310,40.0,13.799999999999997,0.0,13.799999999999997,0.0,0.003249899999900663,0.0010603999999148073,0.4878286999999091
2,DegreeDiscount,OriginalOrder,20,,3519,53.8,310,40.0,12802,21.3,13.799999999999997,18.7,32.5,3.552713678800501e-15,0.003249899999900663,2.0000015865662135e-07,0.4878286999999091
2,DegreeDiscount,MarginalGainPredictor,20,,3519,53.8,310,40.0,310,40.0,13.799999999999997,0.0,13.799999999999997,0.0,0.003249899999900663,0.0006868000000395114,0.4878286999999091
2,DegreeDiscount,OriginalOrder,50,,3519,53.8,410,45.5,12802,21.3,8.299999999999997,24.2,32.5,3.552713678800501e-15,0.003249899999900663,1.999999312829459e-07,0.4878286999999091
2,DegreeDiscount,MarginalGainPredictor,50,,3519,53.8,410,45.5,410,45.5,8.299999999999997,0.0,8.299999999999997,0.0,0.003249899999900663,0.0006070000001727749,0.4878286999999091
2,DegreeDiscount,OriginalOrder,100,,3519,53.8,3519,53.8,12802,21.3,0.0,32.5,32.5,0.0,0.003249899999900663,1.999999312829459e-07,0.4878286999999091
2,DegreeDiscount,MarginalGainPredictor,100,,3519,53.8,3519,53.8,410,45.5,0.0,8.299999999999997,8.299999999999997,0.0,0.003249899999900663,0.0011088999999628868,0.4878286999999091
2,FeatureDQN,OriginalOrder,10,,3519,53.8,461,13.5,2034,4.7,40.3,8.8,49.099999999999994,-3.552713678800501e-15,0.0015397000001939887,2.0000015865662135e-07,0.4878286999999091
2,FeatureDQN,MarginalGainPredictor,10,,3519,53.8,461,13.5,905,10.8,40.3,2.6999999999999993,43.0,3.552713678800501e-15,0.0015397000001939887,0.0006205000001955341,0.4878286999999091
2,FeatureDQN,OriginalOrder,20,,3519,53.8,228,52.8,2034,4.7,1.0,48.099999999999994,49.099999999999994,0.0,0.0015397000001939887,3.000000106112566e-07,0.4878286999999091
2,FeatureDQN,MarginalGainPredictor,20,,3519,53.8,228,52.8,892,40.6,1.0,12.199999999999996,13.199999999999996,0.0,0.0015397000001939887,0.0005009000001336972,0.4878286999999091
2,FeatureDQN,OriginalOrder,50,,3519,53.8,228,52.8,2034,4.7,1.0,48.099999999999994,49.099999999999994,0.0,0.0015397000001939887,3.000000106112566e-07,0.4878286999999091
2,FeatureDQN,MarginalGainPredictor,50,,3519,53.8,228,52.8,916,21.7,1.0,31.099999999999998,32.099999999999994,-3.552713678800501e-15,0.0015397000001939887,0.0004750000000512955,0.4878286999999091
2,FeatureDQN,OriginalOrder,100,,3519,53.8,228,52.8,2034,4.7,1.0,48.099999999999994,49.099999999999994,0.0,0.0015397000001939887,1.999999312829459e-07,0.4878286999999091
2,FeatureDQN,MarginalGainPredictor,100,,3519,53.8,228,52.8,916,21.7,1.0,31.099999999999998,32.099999999999994,-3.552713678800501e-15,0.0015397000001939887,0.0005460999998376792,0.4878286999999091
2,Random,OriginalOrder,10,0,3519,53.8,7995,17.1,1236,6.6,36.699999999999996,10.500000000000002,47.199999999999996,-1.7763568394002505e-15,6.139999982224253e-05,9.999985195463523e-08,0.4878286999999091
2,Random,MarginalGainPredictor,10,0,3519,53.8,7995,17.1,1277,0.0,36.699999999999996,17.1,53.8,0.0,6.139999982224253e-05,0.00044670000011137745,0.4878286999999091
2,Random,OriginalOrder,20,0,3519,53.8,1140,23.3,1236,6.6,30.499999999999996,16.700000000000003,47.199999999999996,-3.552713678800501e-15,6.139999982224253e-05,1.999999312829459e-07,0.4878286999999091
2,Random,MarginalGainPredictor,20,0,3519,53.8,1140,23.3,1277,0.0,30.499999999999996,23.3,53.8,0.0,6.139999982224253e-05,0.000546999999869513,0.4878286999999091
2,Random,OriginalOrder,50,0,3519,53.8,228,52.8,1236,6.6,1.0,46.199999999999996,47.199999999999996,0.0,6.139999982224253e-05,1.999999312829459e-07,0.4878286999999091
2,Random,MarginalGainPredictor,50,0,3519,53.8,228,52.8,1807,34.3,1.0,18.5,19.5,0.0,6.139999982224253e-05,0.00045449999993252277,0.4878286999999091
2,Random,OriginalOrder,100,0,3519,53.8,3519,53.8,1236,6.6,0.0,47.199999999999996,47.199999999999996,0.0,6.139999982224253e-05,1.999999312829459e-07,0.4878286999999091
2,Random,MarginalGainPredictor,100,0,3519,53.8,3519,53.8,1807,34.3,0.0,19.5,19.5,0.0,6.139999982224253e-05,0.0005193000001781911,0.4878286999999091
2,Random,OriginalOrder,10,1,3519,53.8,12802,21.3,12802,21.3,32.5,0.0,32.5,0.0,6.670000016129052e-05,1.999999312829459e-07,0.4878286999999091
2,Random,MarginalGainPredictor,10,1,3519,53.8,12802,21.3,1978,11.9,32.5,9.4,41.9,-1.7763568394002505e-15,6.670000016129052e-05,0.00043619999996735714,0.4878286999999091
2,Random,OriginalOrder,20,1,3519,53.8,2054,25.9,12802,21.3,27.9,4.599999999999998,32.5,3.552713678800501e-15,6.670000016129052e-05,1.999999312829459e-07,0.4878286999999091
2,Random,MarginalGainPredictor,20,1,3519,53.8,2054,25.9,1978,11.9,27.9,13.999999999999998,41.9,1.7763568394002505e-15,6.670000016129052e-05,0.00047779999999875145,0.4878286999999091
2,Random,OriginalOrder,50,1,3519,53.8,892,40.6,12802,21.3,13.199999999999996,19.3,32.5,3.552713678800501e-15,6.670000016129052e-05,2.0000015865662135e-07,0.4878286999999091
2,Random,MarginalGainPredictor,50,1,3519,53.8,892,40.6,7995,17.1,13.199999999999996,23.5,36.699999999999996,0.0,6.670000016129052e-05,0.0004314000000249507,0.4878286999999091
2,Random,OriginalOrder,100,1,3519,53.8,228,52.8,12802,21.3,1.0,31.499999999999996,32.5,3.552713678800501e-15,6.670000016129052e-05,3.000000106112566e-07,0.4878286999999091
2,Random,MarginalGainPredictor,100,1,3519,53.8,228,52.8,310,40.0,1.0,12.799999999999997,13.799999999999997,0.0,6.670000016129052e-05,0.0004977000000963017,0.4878286999999091
2,Random,OriginalOrder,10,2,3519,53.8,1439,20.4,72,11.9,33.4,8.499999999999998,41.9,1.7763568394002505e-15,5.209999994804093e-05,9.999985195463523e-08,0.4878286999999091
2,Random,MarginalGainPredictor,10,2,3519,53.8,1439,20.4,1439,20.4,33.4,0.0,33.4,0.0,5.209999994804093e-05,0.0004201000001557986,0.4878286999999091
2,Random,OriginalOrder,20,2,3519,53.8,228,52.8,72,11.9,1.0,40.9,41.9,0.0,5.209999994804093e-05,3.000000106112566e-07,0.4878286999999091
2,Random,MarginalGainPredictor,20,2,3519,53.8,228,52.8,1439,20.4,1.0,32.4,33.4,0.0,5.209999994804093e-05,0.0004528999998001382,0.4878286999999091
2,Random,OriginalOrder,50,2,3519,53.8,228,52.8,72,11.9,1.0,40.9,41.9,0.0,5.209999994804093e-05,1.999999312829459e-07,0.4878286999999091
2,Random,MarginalGainPredictor,50,2,3519,53.8,228,52.8,1807,34.3,1.0,18.5,19.5,0.0,5.209999994804093e-05,0.0004337999998824671,0.4878286999999091
2,Random,OriginalOrder,100,2,3519,53.8,3519,53.8,72,11.9,0.0,41.9,41.9,0.0,5.209999994804093e-05,2.0000015865662135e-07,0.4878286999999091
2,Random,MarginalGainPredictor,100,2,3519,53.8,3519,53.8,410,45.5,0.0,8.299999999999997,8.299999999999997,0.0,5.209999994804093e-05,0.0004907000000002881,0.4878286999999091
2,Random,OriginalOrder,10,3,3519,53.8,423,16.5,12381,6.5,37.3,10.0,47.3,0.0,5.8799999806069536e-05,2.0000015865662135e-07,0.4878286999999091
2,Random,MarginalGainPredictor,10,3,3519,53.8,423,16.5,2014,12.1,37.3,4.4,41.699999999999996,-1.7763568394002505e-15,5.8799999806069536e-05,0.00042480000001887674,0.4878286999999091
2,Random,OriginalOrder,20,3,3519,53.8,916,21.7,12381,6.5,32.099999999999994,15.2,47.3,3.552713678800501e-15,5.8799999806069536e-05,1.999999312829459e-07,0.4878286999999091
2,Random,MarginalGainPredictor,20,3,3519,53.8,916,21.7,916,21.7,32.099999999999994,0.0,32.099999999999994,0.0,5.8799999806069536e-05,0.0004602999999860913,0.4878286999999091
2,Random,OriginalOrder,50,3,3519,53.8,647,39.4,12381,6.5,14.399999999999999,32.9,47.3,0.0,5.8799999806069536e-05,1.999999312829459e-07,0.4878286999999091
2,Random,MarginalGainPredictor,50,3,3519,53.8,647,39.4,916,21.7,14.399999999999999,17.7,32.099999999999994,-3.552713678800501e-15,5.8799999806069536e-05,0.0005400000000008731,0.4878286999999091
2,Random,OriginalOrder,100,3,3519,53.8,647,39.4,12381,6.5,14.399999999999999,32.9,47.3,0.0,5.8799999806069536e-05,1.999999312829459e-07,0.4878286999999091
2,Random,MarginalGainPredictor,100,3,3519,53.8,647,39.4,985,37.4,14.399999999999999,2.0,16.4,0.0,5.8799999806069536e-05,0.0005098999999972875,0.4878286999999091
2,Random,OriginalOrder,10,4,3519,53.8,410,45.5,2442,20.7,8.299999999999997,24.8,33.099999999999994,-3.552713678800501e-15,5.129999999553547e-05,9.999985195463523e-08,0.4878286999999091
2,Random,MarginalGainPredictor,10,4,3519,53.8,410,45.5,410,45.5,8.299999999999997,0.0,8.299999999999997,0.0,5.129999999553547e-05,0.0006100000000515138,0.4878286999999091
2,Random,OriginalOrder,20,4,3519,53.8,410,45.5,2442,20.7,8.299999999999997,24.8,33.099999999999994,-3.552713678800501e-15,5.129999999553547e-05,3.000000106112566e-07,0.4878286999999091
2,Random,MarginalGainPredictor,20,4,3519,53.8,410,45.5,410,45.5,8.299999999999997,0.0,8.299999999999997,0.0,5.129999999553547e-05,0.00069589999998243,0.4878286999999091
2,Random,OriginalOrder,50,4,3519,53.8,410,45.5,2442,20.7,8.299999999999997,24.8,33.099999999999994,-3.552713678800501e-15,5.129999999553547e-05,1.999999312829459e-07,0.4878286999999091
2,Random,MarginalGainPredictor,50,4,3519,53.8,410,45.5,410,45.5,8.299999999999997,0.0,8.299999999999997,0.0,5.129999999553547e-05,0.0009000999998534098,0.4878286999999091
2,Random,OriginalOrder,100,4,3519,53.8,410,45.5,2442,20.7,8.299999999999997,24.8,33.099999999999994,-3.552713678800501e-15,5.129999999553547e-05,3.000000106112566e-07,0.4878286999999091
2,Random,MarginalGainPredictor,100,4,3519,53.8,410,45.5,410,45.5,8.299999999999997,0.0,8.299999999999997,0.0,5.129999999553547e-05,0.0006257000000005064,0.4878286999999091
2,Random,OriginalOrder,10,5,3519,53.8,9070,26.3,597,12.1,27.499999999999996,14.200000000000001,41.699999999999996,-1.7763568394002505e-15,7.419999997182458e-05,2.0000015865662135e-07,0.4878286999999091
2,Random,MarginalGainPredictor,10,5,3519,53.8,9070,26.3,9070,26.3,27.499999999999996,0.0,27.499999999999996,0.0,7.419999997182458e-05,0.0005513999999493535,0.4878286999999091
2,Random,OriginalOrder,20,5,3519,53.8,1807,34.3,597,12.1,19.5,22.199999999999996,41.699999999999996,0.0,7.419999997182458e-05,2.0000015865662135e-07,0.4878286999999091
2,Random,MarginalGainPredictor,20,5,3519,53.8,1807,34.3,1807,34.3,19.5,0.0,19.5,0.0,7.419999997182458e-05,0.0005568999999923108,0.4878286999999091
2,Random,OriginalOrder,50,5,3519,53.8,228,52.8,597,12.1,1.0,40.699999999999996,41.699999999999996,0.0,7.419999997182458e-05,3.000000106112566e-07,0.4878286999999091
2,Random,MarginalGainPredictor,50,5,3519,53.8,228,52.8,410,45.5,1.0,7.299999999999997,8.299999999999997,0.0,7.419999997182458e-05,0.0004820999999992637,0.4878286999999091
2,Random,OriginalOrder,100,5,3519,53.8,228,52.8,597,12.1,1.0,40.699999999999996,41.699999999999996,0.0,7.419999997182458e-05,2.0000015865662135e-07,0.4878286999999091
2,Random,MarginalGainPredictor,100,5,3519,53.8,228,52.8,410,45.5,1.0,7.299999999999997,8.299999999999997,0.0,7.419999997182458e-05,0.0005372000000534172,0.4878286999999091
2,Random,OriginalOrder,10,6,3519,53.8,1140,23.3,2854,5.3,30.499999999999996,18.0,48.5,3.552713678800501e-15,5.3099999831829336e-05,1.0000007932831068e-07,0.4878286999999091
2,Random,MarginalGainPredictor,10,6,3519,53.8,1140,23.3,597,12.1,30.499999999999996,11.200000000000001,41.699999999999996,-1.7763568394002505e-15,5.3099999831829336e-05,0.00045490000002246234,0.4878286999999091
2,Random,OriginalOrder,20,6,3519,53.8,1140,23.3,2854,5.3,30.499999999999996,18.0,48.5,3.552713678800501e-15,5.3099999831829336e-05,2.0000015865662135e-07,0.4878286999999091
2,Random,MarginalGainPredictor,20,6,3519,53.8,1140,23.3,916,21.7,30.499999999999996,1.6000000000000014,32.099999999999994,-3.552713678800501e-15,5.3099999831829336e-05,0.000494899999921472,0.4878286999999091
2,Random,OriginalOrder,50,6,3519,53.8,892,40.6,2854,5.3,13.199999999999996,35.300000000000004,48.5,0.0,5.3099999831829336e-05,2.0000015865662135e-07,0.4878286999999091
2,Random,MarginalGainPredictor,50,6,3519,53.8,892,40.6,916,21.7,13.199999999999996,18.900000000000002,32.099999999999994,-3.552713678800501e-15,5.3099999831829336e-05,0.0004940999999689666,0.4878286999999091
2,Random,OriginalOrder,100,6,3519,53.8,228,52.8,2854,5.3,1.0,47.5,48.5,0.0,5.3099999831829336e-05,1.999999312829459e-07,0.4878286999999091
2,Random,MarginalGainPredictor,100,6,3519,53.8,228,52.8,410,45.5,1.0,7.299999999999997,8.299999999999997,0.0,5.3099999831829336e-05,0.0005265999998300686,0.4878286999999091
2,Random,OriginalOrder,10,7,3519,53.8,618,22.2,12375,9.7,31.599999999999998,12.5,44.099999999999994,-3.552713678800501e-15,5.329999999048596e-05,9.999985195463523e-08,0.4878286999999091
2,Random,MarginalGainPredictor,10,7,3519,53.8,618,22.2,1277,0.0,31.599999999999998,22.2,53.8,0.0,5.329999999048596e-05,0.0004260999999132764,0.4878286999999091
2,Random,OriginalOrder,20,7,3519,53.8,1807,34.3,12375,9.7,19.5,24.599999999999998,44.099999999999994,-3.552713678800501e-15,5.329999999048596e-05,3.000000106112566e-07,0.4878286999999091
2,Random,MarginalGainPredictor,20,7,3519,53.8,1807,34.3,1807,34.3,19.5,0.0,19.5,0.0,5.329999999048596e-05,0.0005271999998512911,0.4878286999999091
2,Random,OriginalOrder,50,7,3519,53.8,410,45.5,12375,9.7,8.299999999999997,35.8,44.099999999999994,0.0,5.329999999048596e-05,2.0000015865662135e-07,0.4878286999999091
2,Random,MarginalGainPredictor,50,7,3519,53.8,410,45.5,410,45.5,8.299999999999997,0.0,8.299999999999997,0.0,5.329999999048596e-05,0.00048659999993105885,0.4878286999999091
2,Random,OriginalOrder,100,7,3519,53.8,410,45.5,12375,9.7,8.299999999999997,35.8,44.099999999999994,0.0,5.329999999048596e-05,1.999999312829459e-07,0.4878286999999091
2,Random,MarginalGainPredictor,100,7,3519,53.8,410,45.5,410,45.5,8.299999999999997,0.0,8.299999999999997,0.0,5.329999999048596e-05,0.0006433999999444495,0.4878286999999091
2,Random,OriginalOrder,10,8,3519,53.8,618,22.2,679,15.6,31.599999999999998,6.6,38.199999999999996,-1.7763568394002505e-15,5.2000000096086296e-05,1.0000007932831068e-07,0.4878286999999091
2,Random,MarginalGainPredictor,10,8,3519,53.8,618,22.2,618,22.2,31.599999999999998,0.0,31.599999999999998,0.0,5.2000000096086296e-05,0.0005137000000559055,0.4878286999999091
2,Random,OriginalOrder,20,8,3519,53.8,410,45.5,679,15.6,8.299999999999997,29.9,38.199999999999996,0.0,5.2000000096086296e-05,1.999999312829459e-07,0.4878286999999091
2,Random,MarginalGainPredictor,20,8,3519,53.8,410,45.5,410,45.5,8.299999999999997,0.0,8.299999999999997,0.0,5.2000000096086296e-05,0.00045030000001133885,0.4878286999999091
2,Random,OriginalOrder,50,8,3519,53.8,410,45.5,679,15.6,8.299999999999997,29.9,38.199999999999996,0.0,5.2000000096086296e-05,1.999999312829459e-07,0.4878286999999091
2,Random,MarginalGainPredictor,50,8,3519,53.8,410,45.5,410,45.5,8.299999999999997,0.0,8.299999999999997,0.0,5.2000000096086296e-05,0.00045700000009674113,0.4878286999999091
2,Random,OriginalOrder,100,8,3519,53.8,3519,53.8,679,15.6,0.0,38.199999999999996,38.199999999999996,0.0,5.2000000096086296e-05,1.999999312829459e-07,0.4878286999999091
2,Random,MarginalGainPredictor,100,8,3519,53.8,3519,53.8,410,45.5,0.0,8.299999999999997,8.299999999999997,0.0,5.2000000096086296e-05,0.000510699999949793,0.4878286999999091
2,Random,OriginalOrder,10,9,3519,53.8,228,52.8,776,7.7,1.0,45.099999999999994,46.099999999999994,0.0,4.5999999883861165e-05,2.0000015865662135e-07,0.4878286999999091
2,Random,MarginalGainPredictor,10,9,3519,53.8,228,52.8,1816,15.3,1.0,37.5,38.5,0.0,4.5999999883861165e-05,0.0003747000000657863,0.4878286999999091
2,Random,OriginalOrder,20,9,3519,53.8,228,52.8,776,7.7,1.0,45.099999999999994,46.099999999999994,0.0,4.5999999883861165e-05,1.999999312829459e-07,0.4878286999999091
2,Random,MarginalGainPredictor,20,9,3519,53.8,228,52.8,410,45.5,1.0,7.299999999999997,8.299999999999997,0.0,4.5999999883861165e-05,0.000432900000078007,0.4878286999999091
2,Random,OriginalOrder,50,9,3519,53.8,228,52.8,776,7.7,1.0,45.099999999999994,46.099999999999994,0.0,4.5999999883861165e-05,1.999999312829459e-07,0.4878286999999091
2,Random,MarginalGainPredictor,50,9,3519,53.8,228,52.8,410,45.5,1.0,7.299999999999997,8.299999999999997,0.0,4.5999999883861165e-05,0.0005601999998816609,0.4878286999999091
2,Random,OriginalOrder,100,9,3519,53.8,228,52.8,776,7.7,1.0,45.099999999999994,46.099999999999994,0.0,4.5999999883861165e-05,1.999999312829459e-07,0.4878286999999091
2,Random,MarginalGainPredictor,100,9,3519,53.8,228,52.8,410,45.5,1.0,7.299999999999997,8.299999999999997,0.0,4.5999999883861165e-05,0.0005983999999443768,0.4878286999999091
3,Degree,OriginalOrder,10,,228,55.5,410,44.7,916,21.3,10.799999999999997,23.400000000000002,34.2,3.552713678800501e-15,0.00011630000017248676,2.0000015865662135e-07,0.6061767999999574
3,Degree,MarginalGainPredictor,10,,228,55.5,410,44.7,410,44.7,10.799999999999997,0.0,10.799999999999997,0.0,0.00011630000017248676,0.001592600000094535,0.6061767999999574
3,Degree,OriginalOrder,20,,228,55.5,410,44.7,916,21.3,10.799999999999997,23.400000000000002,34.2,3.552713678800501e-15,0.00011630000017248676,3.000000106112566e-07,0.6061767999999574
3,Degree,MarginalGainPredictor,20,,228,55.5,410,44.7,410,44.7,10.799999999999997,0.0,10.799999999999997,0.0,0.00011630000017248676,0.0009591999998974643,0.6061767999999574
3,Degree,OriginalOrder,50,,228,55.5,228,55.5,916,21.3,0.0,34.2,34.2,0.0,0.00011630000017248676,3.000000106112566e-07,0.6061767999999574
3,Degree,MarginalGainPredictor,50,,228,55.5,228,55.5,410,44.7,0.0,10.799999999999997,10.799999999999997,0.0,0.00011630000017248676,0.0006875999999920168,0.6061767999999574
3,Degree,OriginalOrder,100,,228,55.5,228,55.5,916,21.3,0.0,34.2,34.2,0.0,0.00011630000017248676,2.0000015865662135e-07,0.6061767999999574
3,Degree,MarginalGainPredictor,100,,228,55.5,228,55.5,410,44.7,0.0,10.799999999999997,10.799999999999997,0.0,0.00011630000017248676,0.0006284999999479624,0.6061767999999574
3,DegreeDiscount,OriginalOrder,10,,228,55.5,310,40.9,12802,24.3,14.600000000000001,16.599999999999998,31.2,0.0,0.0032092999999804306,1.999999312829459e-07,0.6061767999999574
3,DegreeDiscount,MarginalGainPredictor,10,,228,55.5,310,40.9,310,40.9,14.600000000000001,0.0,14.600000000000001,0.0,0.0032092999999804306,0.000504099999943719,0.6061767999999574
3,DegreeDiscount,OriginalOrder,20,,228,55.5,1920,44.7,12802,24.3,10.799999999999997,20.400000000000002,31.2,0.0,0.0032092999999804306,1.999999312829459e-07,0.6061767999999574
3,DegreeDiscount,MarginalGainPredictor,20,,228,55.5,1920,44.7,310,40.9,10.799999999999997,3.8000000000000043,14.600000000000001,0.0,0.0032092999999804306,0.00045389999991130026,0.6061767999999574
3,DegreeDiscount,OriginalOrder,50,,228,55.5,9070,55.2,12802,24.3,0.29999999999999716,30.900000000000002,31.2,0.0,0.0032092999999804306,1.999999312829459e-07,0.6061767999999574
3,DegreeDiscount,MarginalGainPredictor,50,,228,55.5,9070,55.2,410,44.7,0.29999999999999716,10.5,10.799999999999997,0.0,0.0032092999999804306,0.000438100000110353,0.6061767999999574
3,DegreeDiscount,OriginalOrder,100,,228,55.5,228,55.5,12802,24.3,0.0,31.2,31.2,0.0,0.0032092999999804306,1.999999312829459e-07,0.6061767999999574
3,DegreeDiscount,MarginalGainPredictor,100,,228,55.5,228,55.5,410,44.7,0.0,10.799999999999997,10.799999999999997,0.0,0.0032092999999804306,0.0004708000001301116,0.6061767999999574
3,FeatureDQN,OriginalOrder,10,,228,55.5,4826,14.4,2034,12.9,41.1,1.5,42.6,0.0,0.0014106999999512482,1.999999312829459e-07,0.6061767999999574
3,FeatureDQN,MarginalGainPredictor,10,,228,55.5,4826,14.4,905,12.0,41.1,2.4000000000000004,43.5,-1.7763568394002505e-15,0.0014106999999512482,0.00041980000014518737,0.6061767999999574
3,FeatureDQN,OriginalOrder,20,,228,55.5,228,55.5,2034,12.9,0.0,42.6,42.6,0.0,0.0014106999999512482,1.999999312829459e-07,0.6061767999999574
3,FeatureDQN,MarginalGainPredictor,20,,228,55.5,228,55.5,892,37.0,0.0,18.5,18.5,0.0,0.0014106999999512482,0.00040969999986373296,0.6061767999999574
3,FeatureDQN,OriginalOrder,50,,228,55.5,228,55.5,2034,12.9,0.0,42.6,42.6,0.0,0.0014106999999512482,2.0000015865662135e-07,0.6061767999999574
3,FeatureDQN,MarginalGainPredictor,50,,228,55.5,228,55.5,916,21.3,0.0,34.2,34.2,0.0,0.0014106999999512482,0.0005502000001342822,0.6061767999999574
3,FeatureDQN,OriginalOrder,100,,228,55.5,228,55.5,2034,12.9,0.0,42.6,42.6,0.0,0.0014106999999512482,1.999999312829459e-07,0.6061767999999574
3,FeatureDQN,MarginalGainPredictor,100,,228,55.5,228,55.5,916,21.3,0.0,34.2,34.2,0.0,0.0014106999999512482,0.0005122000000028493,0.6061767999999574
3,Random,OriginalOrder,10,0,228,55.5,287,19.6,287,19.6,35.9,0.0,35.9,0.0,5.8600000102160266e-05,1.0000007932831068e-07,0.6061767999999574
3,Random,MarginalGainPredictor,10,0,228,55.5,287,19.6,1978,12.6,35.9,7.000000000000002,42.9,-1.7763568394002505e-15,5.8600000102160266e-05,0.0004630999999335472,0.6061767999999574
3,Random,OriginalOrder,20,0,228,55.5,2023,30.6,287,19.6,24.9,11.0,35.9,0.0,5.8600000102160266e-05,1.999999312829459e-07,0.6061767999999574
3,Random,MarginalGainPredictor,20,0,228,55.5,2023,30.6,408,18.7,24.9,11.900000000000002,36.8,-3.552713678800501e-15,5.8600000102160266e-05,0.0004694000001563836,0.6061767999999574
3,Random,OriginalOrder,50,0,228,55.5,410,44.7,287,19.6,10.799999999999997,25.1,35.9,0.0,5.8600000102160266e-05,1.999999312829459e-07,0.6061767999999574
3,Random,MarginalGainPredictor,50,0,228,55.5,410,44.7,410,44.7,10.799999999999997,0.0,10.799999999999997,0.0,5.8600000102160266e-05,0.0005965000000287546,0.6061767999999574
3,Random,OriginalOrder,100,0,228,55.5,228,55.5,287,19.6,0.0,35.9,35.9,0.0,5.8600000102160266e-05,1.0000007932831068e-07,0.6061767999999574
3,Random,MarginalGainPredictor,100,0,228,55.5,228,55.5,410,44.7,0.0,10.799999999999997,10.799999999999997,0.0,5.8600000102160266e-05,0.0007173000001330365,0.6061767999999574
3,Random,OriginalOrder,10,1,228,55.5,5753,42.5,11244,7.5,13.0,35.0,48.0,0.0,6.779999989703356e-05,1.0000007932831068e-07,0.6061767999999574
3,Random,MarginalGainPredictor,10,1,228,55.5,5753,42.5,5753,42.5,13.0,0.0,13.0,0.0,6.779999989703356e-05,0.0004823000001579203,0.6061767999999574
3,Random,OriginalOrder,20,1,228,55.5,5753,42.5,11244,7.5,13.0,35.0,48.0,0.0,6.779999989703356e-05,3.000000106112566e-07,0.6061767999999574
3,Random,MarginalGainPredictor,20,1,228,55.5,5753,42.5,1277,0.0,13.0,42.5,55.5,0.0,6.779999989703356e-05,0.0005472000000281696,0.6061767999999574
3,Random,OriginalOrder,50,1,228,55.5,5753,42.5,11244,7.5,13.0,35.0,48.0,0.0,6.779999989703356e-05,1.999999312829459e-07,0.6061767999999574
3,Random,MarginalGainPredictor,50,1,228,55.5,5753,42.5,985,33.8,13.0,8.700000000000003,21.700000000000003,0.0,6.779999989703356e-05,0.000654400000030364,0.6061767999999574
3,Random,OriginalOrder,100,1,228,55.5,410,44.7,11244,7.5,10.799999999999997,37.2,48.0,0.0,6.779999989703356e-05,1.999999312829459e-07,0.6061767999999574
3,Random,MarginalGainPredictor,100,1,228,55.5,410,44.7,410,44.7,10.799999999999997,0.0,10.799999999999997,0.0,6.779999989703356e-05,0.0005522000001292326,0.6061767999999574
3,Random,OriginalOrder,10,2,228,55.5,5753,42.5,6314,10.5,13.0,32.0,45.0,0.0,5.2699999969263445e-05,2.0000015865662135e-07,0.6061767999999574
3,Random,MarginalGainPredictor,10,2,228,55.5,5753,42.5,6314,10.5,13.0,32.0,45.0,0.0,5.2699999969263445e-05,0.00042020000000775326,0.6061767999999574
3,Random,OriginalOrder,20,2,228,55.5,228,55.5,6314,10.5,0.0,45.0,45.0,0.0,5.2699999969263445e-05,1.999999312829459e-07,0.6061767999999574
3,Random,MarginalGainPredictor,20,2,228,55.5,228,55.5,6314,10.5,0.0,45.0,45.0,0.0,5.2699999969263445e-05,0.0004661000000396598,0.6061767999999574
3,Random,OriginalOrder,50,2,228,55.5,228,55.5,6314,10.5,0.0,45.0,45.0,0.0,5.2699999969263445e-05,1.999999312829459e-07,0.6061767999999574
3,Random,MarginalGainPredictor,50,2,228,55.5,228,55.5,985,33.8,0.0,21.700000000000003,21.700000000000003,0.0,5.2699999969263445e-05,0.00047109999991334917,0.6061767999999574
3,Random,OriginalOrder,100,2,228,55.5,228,55.5,6314,10.5,0.0,45.0,45.0,0.0,5.2699999969263445e-05,1.999999312829459e-07,0.6061767999999574
3,Random,MarginalGainPredictor,100,2,228,55.5,228,55.5,985,33.8,0.0,21.700000000000003,21.700000000000003,0.0,5.2699999969263445e-05,0.0005098000001453329,0.6061767999999574
3,Random,OriginalOrder,10,3,228,55.5,7123,23.5,547,16.6,32.0,6.899999999999999,38.9,0.0,6.120000011833326e-05,1.0000007932831068e-07,0.6061767999999574
3,Random,MarginalGainPredictor,10,3,228,55.5,7123,23.5,6314,10.5,32.0,13.0,45.0,0.0,6.120000011833326e-05,0.00041959999998653075,0.6061767999999574
3,Random,OriginalOrder,20,3,228,55.5,7123,23.5,547,16.6,32.0,6.899999999999999,38.9,0.0,6.120000011833326e-05,1.999999312829459e-07,0.6061767999999574
3,Random,MarginalGainPredictor,20,3,228,55.5,7123,23.5,7995,16.2,32.0,7.300000000000001,39.3,-3.552713678800501e-15,6.120000011833326e-05,0.0006817000000864937,0.6061767999999574
3,Random,OriginalOrder,50,3,228,55.5,9070,55.2,547,16.6,0.29999999999999716,38.6,38.9,0.0,6.120000011833326e-05,2.9999978323758114e-07,0.6061767999999574
3,Random,MarginalGainPredictor,50,3,228,55.5,9070,55.2,410,44.7,0.29999999999999716,10.5,10.799999999999997,0.0,6.120000011833326e-05,0.0005489000000125088,0.6061767999999574
3,Random,OriginalOrder,100,3,228,55.5,228,55.5,547,16.6,0.0,38.9,38.9,0.0,6.120000011833326e-05,2.0000015865662135e-07,0.6061767999999574
3,Random,MarginalGainPredictor,100,3,228,55.5,228,55.5,410,44.7,0.0,10.799999999999997,10.799999999999997,0.0,6.120000011833326e-05,0.0005691999999726249,0.6061767999999574
3,Random,OriginalOrder,10,4,228,55.5,1140,32.6,4859,12.6,22.9,20.0,42.9,0.0,5.29999999798747e-05,1.0000007932831068e-07,0.6061767999999574
3,Random,MarginalGainPredictor,10,4,228,55.5,1140,32.6,1423,15.6,22.9,17.0,39.9,0.0,5.29999999798747e-05,0.0005143999999290827,0.6061767999999574
3,Random,OriginalOrder,20,4,228,55.5,1140,32.6,4859,12.6,22.9,20.0,42.9,0.0,5.29999999798747e-05,3.000000106112566e-07,0.6061767999999574
3,Random,MarginalGainPredictor,20,4,228,55.5,1140,32.6,1423,15.6,22.9,17.0,39.9,0.0,5.29999999798747e-05,0.0005178999999770895,0.6061767999999574
3,Random,OriginalOrder,50,4,228,55.5,410,44.7,4859,12.6,10.799999999999997,32.1,42.9,0.0,5.29999999798747e-05,1.999999312829459e-07,0.6061767999999574
3,Random,MarginalGainPredictor,50,4,228,55.5,410,44.7,410,44.7,10.799999999999997,0.0,10.799999999999997,0.0,5.29999999798747e-05,0.0004848999999467196,0.6061767999999574
3,Random,OriginalOrder,100,4,228,55.5,9070,55.2,4859,12.6,0.29999999999999716,42.6,42.9,0.0,5.29999999798747e-05,3.000000106112566e-07,0.6061767999999574
3,Random,MarginalGainPredictor,100,4,228,55.5,9070,55.2,410,44.7,0.29999999999999716,10.5,10.799999999999997,0.0,5.29999999798747e-05,0.0005785999999261549,0.6061767999999574
3,Random,OriginalOrder,10,5,228,55.5,9561,21.5,802,4.7,34.0,16.8,50.8,-3.552713678800501e-15,5.119999991620716e-05,1.0000007932831068e-07,0.6061767999999574
3,Random,MarginalGainPredictor,10,5,228,55.5,9561,21.5,7995,16.2,34.0,5.300000000000001,39.3,-3.552713678800501e-15,5.119999991620716e-05,0.0004733999999189109,0.6061767999999574
3,Random,OriginalOrder,20,5,228,55.5,9561,21.5,802,4.7,34.0,16.8,50.8,-3.552713678800501e-15,5.119999991620716e-05,3.999998625658918e-07,0.6061767999999574
3,Random,MarginalGainPredictor,20,5,228,55.5,9561,21.5,1277,0.0,34.0,21.5,55.5,0.0,5.119999991620716e-05,0.0005492999998750747,0.6061767999999574
3,Random,OriginalOrder,50,5,228,55.5,2122,39.9,802,4.7,15.600000000000001,35.199999999999996,50.8,0.0,5.119999991620716e-05,1.999999312829459e-07,0.6061767999999574
3,Random,MarginalGainPredictor,50,5,228,55.5,2122,39.9,2216,29.8,15.600000000000001,10.099999999999998,25.7,0.0,5.119999991620716e-05,0.0005565000001297449,0.6061767999999574
3,Random,OriginalOrder,100,5,228,55.5,1920,44.7,802,4.7,10.799999999999997,40.0,50.8,0.0,5.119999991620716e-05,3.000000106112566e-07,0.6061767999999574
3,Random,MarginalGainPredictor,100,5,228,55.5,1920,44.7,310,40.9,10.799999999999997,3.8000000000000043,14.600000000000001,0.0,5.119999991620716e-05,0.0005616000000827626,0.6061767999999574
3,Random,OriginalOrder,10,6,228,55.5,4285,31.1,12375,9.9,24.4,21.200000000000003,45.6,0.0,5.120000014358084e-05,1.0000007932831068e-07,0.6061767999999574
3,Random,MarginalGainPredictor,10,6,228,55.5,4285,31.1,1352,12.1,24.4,19.0,43.4,0.0,5.120000014358084e-05,0.0005066000001079374,0.6061767999999574
3,Random,OriginalOrder,20,6,228,55.5,4285,31.1,12375,9.9,24.4,21.200000000000003,45.6,0.0,5.120000014358084e-05,1.999999312829459e-07,0.6061767999999574
3,Random,MarginalGainPredictor,20,6,228,55.5,4285,31.1,1352,12.1,24.4,19.0,43.4,0.0,5.120000014358084e-05,0.0004960000001119624,0.6061767999999574
3,Random,OriginalOrder,50,6,228,55.5,4285,31.1,12375,9.9,24.4,21.200000000000003,45.6,0.0,5.120000014358084e-05,1.999999312829459e-07,0.6061767999999574
3,Random,MarginalGainPredictor,50,6,228,55.5,4285,31.1,1439,22.0,24.4,9.100000000000001,33.5,0.0,5.120000014358084e-05,0.000504099999943719,0.6061767999999574
3,Random,OriginalOrder,100,6,228,55.5,410,44.7,12375,9.9,10.799999999999997,34.800000000000004,45.6,0.0,5.120000014358084e-05,1.999999312829459e-07,0.6061767999999574
3,Random,MarginalGainPredictor,100,6,228,55.5,410,44.7,410,44.7,10.799999999999997,0.0,10.799999999999997,0.0,5.120000014358084e-05,0.0005596999999397667,0.6061767999999574
3,Random,OriginalOrder,10,7,228,55.5,932,8.8,1580,4.3,46.7,4.500000000000001,51.2,-8.881784197001252e-16,5.0600000122358324e-05,1.0000007932831068e-07,0.6061767999999574
3,Random,MarginalGainPredictor,10,7,228,55.5,932,8.8,699,6.4,46.7,2.4000000000000004,49.1,-1.7763568394002505e-15,5.0600000122358324e-05,0.00044610000009015494,0.6061767999999574
3,Random,OriginalOrder,20,7,228,55.5,5753,42.5,1580,4.3,13.0,38.2,51.2,0.0,5.0600000122358324e-05,1.999999312829459e-07,0.6061767999999574
3,Random,MarginalGainPredictor,20,7,228,55.5,5753,42.5,310,40.9,13.0,1.6000000000000014,14.600000000000001,0.0,5.0600000122358324e-05,0.0005091000000447821,0.6061767999999574
3,Random,OriginalOrder,50,7,228,55.5,5753,42.5,1580,4.3,13.0,38.2,51.2,0.0,5.0600000122358324e-05,3.000000106112566e-07,0.6061767999999574
3,Random,MarginalGainPredictor,50,7,228,55.5,5753,42.5,310,40.9,13.0,1.6000000000000014,14.600000000000001,0.0,5.0600000122358324e-05,0.000553200000013021,0.6061767999999574
3,Random,OriginalOrder,100,7,228,55.5,410,44.7,1580,4.3,10.799999999999997,40.400000000000006,51.2,0.0,5.0600000122358324e-05,1.999999312829459e-07,0.6061767999999574
3,Random,MarginalGainPredictor,100,7,228,55.5,410,44.7,410,44.7,10.799999999999997,0.0,10.799999999999997,0.0,5.0600000122358324e-05,0.0005591999999978725,0.6061767999999574
3,Random,OriginalOrder,10,8,228,55.5,228,55.5,541,5.4,0.0,50.1,50.1,0.0,5.0999999984924216e-05,9.999985195463523e-08,0.6061767999999574
3,Random,MarginalGainPredictor,10,8,228,55.5,228,55.5,611,15.0,0.0,40.5,40.5,0.0,5.0999999984924216e-05,0.0007062999998197483,0.6061767999999574
3,Random,OriginalOrder,20,8,228,55.5,228,55.5,541,5.4,0.0,50.1,50.1,0.0,5.0999999984924216e-05,1.999999312829459e-07,0.6061767999999574
3,Random,MarginalGainPredictor,20,8,228,55.5,228,55.5,410,44.7,0.0,10.799999999999997,10.799999999999997,0.0,5.0999999984924216e-05,0.0006905999998707557,0.6061767999999574
3,Random,OriginalOrder,50,8,228,55.5,228,55.5,541,5.4,0.0,50.1,50.1,0.0,5.0999999984924216e-05,1.999999312829459e-07,0.6061767999999574
3,Random,MarginalGainPredictor,50,8,228,55.5,228,55.5,410,44.7,0.0,10.799999999999997,10.799999999999997,0.0,5.0999999984924216e-05,0.0008016000001589418,0.6061767999999574
3,Random,OriginalOrder,100,8,228,55.5,228,55.5,541,5.4,0.0,50.1,50.1,0.0,5.0999999984924216e-05,1.999999312829459e-07,0.6061767999999574
3,Random,MarginalGainPredictor,100,8,228,55.5,228,55.5,410,44.7,0.0,10.799999999999997,10.799999999999997,0.0,5.0999999984924216e-05,0.0005458000000544416,0.6061767999999574
3,Random,OriginalOrder,10,9,228,55.5,310,40.9,310,40.9,14.600000000000001,0.0,14.600000000000001,0.0,5.209999994804093e-05,1.999999312829459e-07,0.6061767999999574
3,Random,MarginalGainPredictor,10,9,228,55.5,310,40.9,310,40.9,14.600000000000001,0.0,14.600000000000001,0.0,5.209999994804093e-05,0.0004463000000214379,0.6061767999999574
3,Random,OriginalOrder,20,9,228,55.5,310,40.9,310,40.9,14.600000000000001,0.0,14.600000000000001,0.0,5.209999994804093e-05,2.0000015865662135e-07,0.6061767999999574
3,Random,MarginalGainPredictor,20,9,228,55.5,310,40.9,310,40.9,14.600000000000001,0.0,14.600000000000001,0.0,5.209999994804093e-05,0.00046790000010332733,0.6061767999999574
3,Random,OriginalOrder,50,9,228,55.5,410,44.7,310,40.9,10.799999999999997,3.8000000000000043,14.600000000000001,0.0,5.209999994804093e-05,1.999999312829459e-07,0.6061767999999574
3,Random,MarginalGainPredictor,50,9,228,55.5,410,44.7,410,44.7,10.799999999999997,0.0,10.799999999999997,0.0,5.209999994804093e-05,0.0004958999998052604,0.6061767999999574
3,Random,OriginalOrder,100,9,228,55.5,410,44.7,310,40.9,10.799999999999997,3.8000000000000043,14.600000000000001,0.0,5.209999994804093e-05,1.999999312829459e-07,0.6061767999999574
3,Random,MarginalGainPredictor,100,9,228,55.5,410,44.7,410,44.7,10.799999999999997,0.0,10.799999999999997,0.0,5.209999994804093e-05,0.0005074999999123975,0.6061767999999574
4,Degree,OriginalOrder,10,,410,48.5,410,48.5,916,20.8,0.0,27.7,27.7,0.0,0.00012409999999363208,2.0000015865662135e-07,0.4968221999999969
4,Degree,MarginalGainPredictor,10,,410,48.5,410,48.5,410,48.5,0.0,0.0,0.0,0.0,0.00012409999999363208,0.0016706999999769323,0.4968221999999969
4,Degree,OriginalOrder,20,,410,48.5,410,48.5,916,20.8,0.0,27.7,27.7,0.0,0.00012409999999363208,1.999999312829459e-07,0.4968221999999969
4,Degree,MarginalGainPredictor,20,,410,48.5,410,48.5,410,48.5,0.0,0.0,0.0,0.0,0.00012409999999363208,0.0010132000002158748,0.4968221999999969
4,Degree,OriginalOrder,50,,410,48.5,410,48.5,916,20.8,0.0,27.7,27.7,0.0,0.00012409999999363208,2.0000015865662135e-07,0.4968221999999969
4,Degree,MarginalGainPredictor,50,,410,48.5,410,48.5,410,48.5,0.0,0.0,0.0,0.0,0.00012409999999363208,0.000694500000008702,0.4968221999999969
4,Degree,OriginalOrder,100,,410,48.5,410,48.5,916,20.8,0.0,27.7,27.7,0.0,0.00012409999999363208,2.0000015865662135e-07,0.4968221999999969
4,Degree,MarginalGainPredictor,100,,410,48.5,410,48.5,410,48.5,0.0,0.0,0.0,0.0,0.00012409999999363208,0.000662400000010166,0.4968221999999969
4,DegreeDiscount,OriginalOrder,10,,410,48.5,310,40.1,12802,26.8,8.399999999999999,13.3,21.7,0.0,0.003197799999952622,1.999999312829459e-07,0.4968221999999969
4,DegreeDiscount,MarginalGainPredictor,10,,410,48.5,310,40.1,310,40.1,8.399999999999999,0.0,8.399999999999999,0.0,0.003197799999952622,0.000524900000073103,0.4968221999999969
4,DegreeDiscount,OriginalOrder,20,,410,48.5,310,40.1,12802,26.8,8.399999999999999,13.3,21.7,0.0,0.003197799999952622,1.999999312829459e-07,0.4968221999999969
4,DegreeDiscount,MarginalGainPredictor,20,,410,48.5,310,40.1,310,40.1,8.399999999999999,0.0,8.399999999999999,0.0,0.003197799999952622,0.0004400999998779298,0.4968221999999969
4,DegreeDiscount,OriginalOrder,50,,410,48.5,410,48.5,12802,26.8,0.0,21.7,21.7,0.0,0.003197799999952622,2.0000015865662135e-07,0.4968221999999969
4,DegreeDiscount,MarginalGainPredictor,50,,410,48.5,410,48.5,410,48.5,0.0,0.0,0.0,0.0,0.003197799999952622,0.00046970000016699487,0.4968221999999969
4,DegreeDiscount,OriginalOrder,100,,410,48.5,410,48.5,12802,26.8,0.0,21.7,21.7,0.0,0.003197799999952622,2.0000015865662135e-07,0.4968221999999969
4,DegreeDiscount,MarginalGainPredictor,100,,410,48.5,410,48.5,410,48.5,0.0,0.0,0.0,0.0,0.003197799999952622,0.0005034999999224965,0.4968221999999969
4,FeatureDQN,OriginalOrder,10,,410,48.5,4826,18.0,2034,11.4,30.5,6.6,37.1,1.7763568394002505e-15,0.0014883000001191249,2.0000015865662135e-07,0.4968221999999969
4,FeatureDQN,MarginalGainPredictor,10,,410,48.5,4826,18.0,905,14.2,30.5,3.8000000000000007,34.3,-3.552713678800501e-15,0.0014883000001191249,0.00044449999995777034,0.4968221999999969
4,FeatureDQN,OriginalOrder,20,,410,48.5,892,29.8,2034,11.4,18.7,18.4,37.1,3.552713678800501e-15,0.0014883000001191249,1.999999312829459e-07,0.4968221999999969
4,FeatureDQN,MarginalGainPredictor,20,,410,48.5,892,29.8,3916,20.7,18.7,9.100000000000001,27.8,0.0,0.0014883000001191249,0.0004360000000360742,0.4968221999999969
4,FeatureDQN,OriginalOrder,50,,410,48.5,892,29.8,2034,11.4,18.7,18.4,37.1,3.552713678800501e-15,0.0014883000001191249,1.999999312829459e-07,0.4968221999999969
4,FeatureDQN,MarginalGainPredictor,50,,410,48.5,892,29.8,916,20.8,18.7,9.0,27.7,0.0,0.0014883000001191249,0.000456199999916862,0.4968221999999969
4,FeatureDQN,OriginalOrder,100,,410,48.5,892,29.8,2034,11.4,18.7,18.4,37.1,3.552713678800501e-15,0.0014883000001191249,2.0000015865662135e-07,0.4968221999999969
4,FeatureDQN,MarginalGainPredictor,100,,410,48.5,892,29.8,916,20.8,18.7,9.0,27.7,0.0,0.0014883000001191249,0.0005326000000422937,0.4968221999999969
4,Random,OriginalOrder,10,0,410,48.5,5454,24.1,2054,23.1,24.4,1.0,25.4,0.0,5.899999996472616e-05,1.0000007932831068e-07,0.4968221999999969
4,Random,MarginalGainPredictor,10,0,410,48.5,5454,24.1,820,13.2,24.4,10.900000000000002,35.3,-3.552713678800501e-15,5.899999996472616e-05,0.00043099999993501115,0.4968221999999969
4,Random,OriginalOrder,20,0,410,48.5,5454,24.1,2054,23.1,24.4,1.0,25.4,0.0,5.899999996472616e-05,1.999999312829459e-07,0.4968221999999969
4,Random,MarginalGainPredictor,20,0,410,48.5,5454,24.1,820,13.2,24.4,10.900000000000002,35.3,-3.552713678800501e-15,5.899999996472616e-05,0.00041910000004463654,0.4968221999999969
4,Random,OriginalOrder,50,0,410,48.5,310,40.1,2054,23.1,8.399999999999999,17.0,25.4,0.0,5.899999996472616e-05,1.999999312829459e-07,0.4968221999999969
4,Random,MarginalGainPredictor,50,0,410,48.5,310,40.1,310,40.1,8.399999999999999,0.0,8.399999999999999,0.0,5.899999996472616e-05,0.0004473999999845546,0.4968221999999969
4,Random,OriginalOrder,100,0,410,48.5,310,40.1,2054,23.1,8.399999999999999,17.0,25.4,0.0,5.899999996472616e-05,2.0000015865662135e-07,0.4968221999999969
4,Random,MarginalGainPredictor,100,0,410,48.5,310,40.1,310,40.1,8.399999999999999,0.0,8.399999999999999,0.0,5.899999996472616e-05,0.00048360000005231996,0.4968221999999969
4,Random,OriginalOrder,10,1,410,48.5,9070,28.1,12385,1.7,20.4,26.400000000000002,46.8,-3.552713678800501e-15,5.000000010113581e-05,1.999999312829459e-07,0.4968221999999969
4,Random,MarginalGainPredictor,10,1,410,48.5,9070,28.1,1249,23.4,20.4,4.700000000000003,25.1,0.0,5.000000010113581e-05,0.000996900000018286,0.4968221999999969
4,Random,OriginalOrder,20,1,410,48.5,9070,28.1,12385,1.7,20.4,26.400000000000002,46.8,-3.552713678800501e-15,5.000000010113581e-05,3.000000106112566e-07,0.4968221999999969
4,Random,MarginalGainPredictor,20,1,410,48.5,9070,28.1,1249,23.4,20.4,4.700000000000003,25.1,0.0,5.000000010113581e-05,0.0004937000001064007,0.4968221999999969
4,Random,OriginalOrder,50,1,410,48.5,1807,31.8,12385,1.7,16.7,30.1,46.8,-3.552713678800501e-15,5.000000010113581e-05,1.999999312829459e-07,0.4968221999999969
4,Random,MarginalGainPredictor,50,1,410,48.5,1807,31.8,1807,31.8,16.7,0.0,16.7,0.0,5.000000010113581e-05,0.0004839000000629312,0.4968221999999969
4,Random,OriginalOrder,100,1,410,48.5,410,48.5,12385,1.7,0.0,46.8,46.8,0.0,5.000000010113581e-05,1.0000007932831068e-07,0.4968221999999969
4,Random,MarginalGainPredictor,100,1,410,48.5,410,48.5,410,48.5,0.0,0.0,0.0,0.0,5.000000010113581e-05,0.0007106999998995889,0.4968221999999969
4,Random,OriginalOrder,10,2,410,48.5,2122,26.0,188,11.5,22.5,14.5,37.0,0.0,7.630000004610338e-05,2.0000015865662135e-07,0.4968221999999969
4,Random,MarginalGainPredictor,10,2,410,48.5,2122,26.0,699,6.7,22.5,19.3,41.8,-3.552713678800501e-15,7.630000004610338e-05,0.0006127999999989697,0.4968221999999969
4,Random,OriginalOrder,20,2,410,48.5,985,33.0,188,11.5,15.5,21.5,37.0,0.0,7.630000004610338e-05,3.000000106112566e-07,0.4968221999999969
4,Random,MarginalGainPredictor,20,2,410,48.5,985,33.0,985,33.0,15.5,0.0,15.5,0.0,7.630000004610338e-05,0.0005226999999194959,0.4968221999999969
4,Random,OriginalOrder,50,2,410,48.5,5753,38.9,188,11.5,9.600000000000001,27.4,37.0,0.0,7.630000004610338e-05,3.000000106112566e-07,0.4968221999999969
4,Random,MarginalGainPredictor,50,2,410,48.5,5753,38.9,1807,31.8,9.600000000000001,7.099999999999998,16.7,0.0,7.630000004610338e-05,0.0004923999999846274,0.4968221999999969
4,Random,OriginalOrder,100,2,410,48.5,310,40.1,188,11.5,8.399999999999999,28.6,37.0,0.0,7.630000004610338e-05,3.999998625658918e-07,0.4968221999999969
4,Random,MarginalGainPredictor,100,2,410,48.5,310,40.1,310,40.1,8.399999999999999,0.0,8.399999999999999,0.0,7.630000004610338e-05,0.0005317999998624146,0.4968221999999969
4,Random,OriginalOrder,10,3,410,48.5,1785,22.9,1140,17.9,25.6,5.0,30.6,0.0,5.0999999984924216e-05,9.999985195463523e-08,0.4968221999999969
4,Random,MarginalGainPredictor,10,3,410,48.5,1785,22.9,1277,0.0,25.6,22.9,48.5,0.0,5.0999999984924216e-05,0.00046429999997599225,0.4968221999999969
4,Random,OriginalOrder,20,3,410,48.5,1249,23.4,1140,17.9,25.1,5.5,30.6,0.0,5.0999999984924216e-05,1.999999312829459e-07,0.4968221999999969
4,Random,MarginalGainPredictor,20,3,410,48.5,1249,23.4,1277,0.0,25.1,23.4,48.5,0.0,5.0999999984924216e-05,0.000434100000120452,0.4968221999999969
4,Random,OriginalOrder,50,3,410,48.5,5753,38.9,1140,17.9,9.600000000000001,21.0,30.6,0.0,5.0999999984924216e-05,1.999999312829459e-07,0.4968221999999969
4,Random,MarginalGainPredictor,50,3,410,48.5,5753,38.9,1807,31.8,9.600000000000001,7.099999999999998,16.7,0.0,5.0999999984924216e-05,0.0004870000000209984,0.4968221999999969
4,Random,OriginalOrder,100,3,410,48.5,5753,38.9,1140,17.9,9.600000000000001,21.0,30.6,0.0,5.0999999984924216e-05,2.0000015865662135e-07,0.4968221999999969
4,Random,MarginalGainPredictor,100,3,410,48.5,5753,38.9,1807,31.8,9.600000000000001,7.099999999999998,16.7,0.0,5.0999999984924216e-05,0.0005570000000716391,0.4968221999999969
4,Random,OriginalOrder,10,4,410,48.5,410,48.5,12383,4.9,0.0,43.6,43.6,0.0,6.849999999758438e-05,1.999999312829459e-07,0.4968221999999969
4,Random,MarginalGainPredictor,10,4,410,48.5,410,48.5,410,48.5,0.0,0.0,0.0,0.0,6.849999999758438e-05,0.00046999999995023245,0.4968221999999969
4,Random,OriginalOrder,20,4,410,48.5,410,48.5,12383,4.9,0.0,43.6,43.6,0.0,6.849999999758438e-05,1.999999312829459e-07,0.4968221999999969
4,Random,MarginalGainPredictor,20,4,410,48.5,410,48.5,410,48.5,0.0,0.0,0.0,0.0,6.849999999758438e-05,0.0004905999999209598,0.4968221999999969
4,Random,OriginalOrder,50,4,410,48.5,410,48.5,12383,4.9,0.0,43.6,43.6,0.0,6.849999999758438e-05,2.0000015865662135e-07,0.4968221999999969
4,Random,MarginalGainPredictor,50,4,410,48.5,410,48.5,410,48.5,0.0,0.0,0.0,0.0,6.849999999758438e-05,0.0004960999999639171,0.4968221999999969
4,Random,OriginalOrder,100,4,410,48.5,410,48.5,12383,4.9,0.0,43.6,43.6,0.0,6.849999999758438e-05,1.999999312829459e-07,0.4968221999999969
4,Random,MarginalGainPredictor,100,4,410,48.5,410,48.5,410,48.5,0.0,0.0,0.0,0.0,6.849999999758438e-05,0.000526300000046831,0.4968221999999969
4,Random,OriginalOrder,10,5,410,48.5,1249,23.4,7123,22.1,25.1,1.2999999999999972,26.4,0.0,5.629999986922485e-05,1.0000007932831068e-07,0.4968221999999969
4,Random,MarginalGainPredictor,10,5,410,48.5,1249,23.4,1249,23.4,25.1,0.0,25.1,0.0,5.629999986922485e-05,0.0004401999999572581,0.4968221999999969
4,Random,OriginalOrder,20,5,410,48.5,9070,28.1,7123,22.1,20.4,6.0,26.4,0.0,5.629999986922485e-05,1.999999312829459e-07,0.4968221999999969
4,Random,MarginalGainPredictor,20,5,410,48.5,9070,28.1,820,13.2,20.4,14.900000000000002,35.3,-3.552713678800501e-15,5.629999986922485e-05,0.00046229999998104176,0.4968221999999969
4,Random,OriginalOrder,50,5,410,48.5,9070,28.1,7123,22.1,20.4,6.0,26.4,0.0,5.629999986922485e-05,1.999999312829459e-07,0.4968221999999969
4,Random,MarginalGainPredictor,50,5,410,48.5,9070,28.1,820,13.2,20.4,14.900000000000002,35.3,-3.552713678800501e-15,5.629999986922485e-05,0.00045390000013867393,0.4968221999999969
4,Random,OriginalOrder,100,5,410,48.5,410,48.5,7123,22.1,0.0,26.4,26.4,0.0,5.629999986922485e-05,1.999999312829459e-07,0.4968221999999969
4,Random,MarginalGainPredictor,100,5,410,48.5,410,48.5,410,48.5,0.0,0.0,0.0,0.0,5.629999986922485e-05,0.0005059000000073866,0.4968221999999969
4,Random,OriginalOrder,10,6,410,48.5,2477,25.3,2510,13.6,23.2,11.700000000000001,34.9,-1.7763568394002505e-15,5.4700000191587606e-05,1.0000007932831068e-07,0.4968221999999969
4,Random,MarginalGainPredictor,10,6,410,48.5,2477,25.3,1277,0.0,23.2,25.3,48.5,0.0,5.4700000191587606e-05,0.0004556999999749678,0.4968221999999969
4,Random,OriginalOrder,20,6,410,48.5,2477,25.3,2510,13.6,23.2,11.700000000000001,34.9,-1.7763568394002505e-15,5.4700000191587606e-05,2.0000015865662135e-07,0.4968221999999969
4,Random,MarginalGainPredictor,20,6,410,48.5,2477,25.3,1277,0.0,23.2,25.3,48.5,0.0,5.4700000191587606e-05,0.0005039000000124361,0.4968221999999969
4,Random,OriginalOrder,50,6,410,48.5,1920,32.8,2510,13.6,15.700000000000003,19.199999999999996,34.9,0.0,5.4700000191587606e-05,3.000000106112566e-07,0.4968221999999969
4,Random,MarginalGainPredictor,50,6,410,48.5,1920,32.8,1277,0.0,15.700000000000003,32.8,48.5,0.0,5.4700000191587606e-05,0.0004687000000558328,0.4968221999999969
4,Random,OriginalOrder,100,6,410,48.5,310,40.1,2510,13.6,8.399999999999999,26.5,34.9,0.0,5.4700000191587606e-05,1.999999312829459e-07,0.4968221999999969
4,Random,MarginalGainPredictor,100,6,410,48.5,310,40.1,310,40.1,8.399999999999999,0.0,8.399999999999999,0.0,5.4700000191587606e-05,0.0004956999998739775,0.4968221999999969
4,Random,OriginalOrder,10,7,410,48.5,5753,38.9,1638,8.4,9.600000000000001,30.5,40.1,0.0,4.9700000090524554e-05,2.0000015865662135e-07,0.4968221999999969
4,Random,MarginalGainPredictor,10,7,410,48.5,5753,38.9,5753,38.9,9.600000000000001,0.0,9.600000000000001,0.0,4.9700000090524554e-05,0.00048029999993559613,0.4968221999999969
4,Random,OriginalOrder,20,7,410,48.5,310,40.1,1638,8.4,8.399999999999999,31.700000000000003,40.1,0.0,4.9700000090524554e-05,2.0000015865662135e-07,0.4968221999999969
4,Random,MarginalGainPredictor,20,7,410,48.5,310,40.1,310,40.1,8.399999999999999,0.0,8.399999999999999,0.0,4.9700000090524554e-05,0.000466599999981554,0.4968221999999969
4,Random,OriginalOrder,50,7,410,48.5,310,40.1,1638,8.4,8.399999999999999,31.700000000000003,40.1,0.0,4.9700000090524554e-05,2.0000015865662135e-07,0.4968221999999969
4,Random,MarginalGainPredictor,50,7,410,48.5,310,40.1,310,40.1,8.399999999999999,0.0,8.399999999999999,0.0,4.9700000090524554e-05,0.0005395000000589789,0.4968221999999969
4,Random,OriginalOrder,100,7,410,48.5,310,40.1,1638,8.4,8.399999999999999,31.700000000000003,40.1,0.0,4.9700000090524554e-05,3.000000106112566e-07,0.4968221999999969
4,Random,MarginalGainPredictor,100,7,410,48.5,310,40.1,310,40.1,8.399999999999999,0.0,8.399999999999999,0.0,4.9700000090524554e-05,0.0005378000000746397,0.4968221999999969
4,Random,OriginalOrder,10,8,410,48.5,410,48.5,9077,9.5,0.0,39.0,39.0,0.0,6.12999999702879e-05,1.999999312829459e-07,0.4968221999999969
4,Random,MarginalGainPredictor,10,8,410,48.5,410,48.5,410,48.5,0.0,0.0,0.0,0.0,6.12999999702879e-05,0.0005244999999831634,0.4968221999999969
4,Random,OriginalOrder,20,8,410,48.5,410,48.5,9077,9.5,0.0,39.0,39.0,0.0,6.12999999702879e-05,2.0000015865662135e-07,0.4968221999999969
4,Random,MarginalGainPredictor,20,8,410,48.5,410,48.5,410,48.5,0.0,0.0,0.0,0.0,6.12999999702879e-05,0.0005266999999093969,0.4968221999999969
4,Random,OriginalOrder,50,8,410,48.5,410,48.5,9077,9.5,0.0,39.0,39.0,0.0,6.12999999702879e-05,3.000000106112566e-07,0.4968221999999969
4,Random,MarginalGainPredictor,50,8,410,48.5,410,48.5,410,48.5,0.0,0.0,0.0,0.0,6.12999999702879e-05,0.0005387999999584281,0.4968221999999969
4,Random,OriginalOrder,100,8,410,48.5,410,48.5,9077,9.5,0.0,39.0,39.0,0.0,6.12999999702879e-05,1.999999312829459e-07,0.4968221999999969
4,Random,MarginalGainPredictor,100,8,410,48.5,410,48.5,410,48.5,0.0,0.0,0.0,0.0,6.12999999702879e-05,0.0006487999999080785,0.4968221999999969
4,Random,OriginalOrder,10,9,410,48.5,133,15.5,4824,9.6,33.0,5.9,38.9,-1.7763568394002505e-15,5.230000010669755e-05,1.999999312829459e-07,0.4968221999999969
4,Random,MarginalGainPredictor,10,9,410,48.5,133,15.5,1816,15.0,33.0,0.5,33.5,0.0,5.230000010669755e-05,0.0006630000000313885,0.4968221999999969
4,Random,OriginalOrder,20,9,410,48.5,5753,38.9,4824,9.6,9.600000000000001,29.299999999999997,38.9,0.0,5.230000010669755e-05,1.999999312829459e-07,0.4968221999999969
4,Random,MarginalGainPredictor,20,9,410,48.5,5753,38.9,1816,15.0,9.600000000000001,23.9,33.5,0.0,5.230000010669755e-05,0.000711700000010751,0.4968221999999969
4,Random,OriginalOrder,50,9,410,48.5,5753,38.9,4824,9.6,9.600000000000001,29.299999999999997,38.9,0.0,5.230000010669755e-05,1.999999312829459e-07,0.4968221999999969
4,Random,MarginalGainPredictor,50,9,410,48.5,5753,38.9,7995,10.2,9.600000000000001,28.7,38.3,-3.552713678800501e-15,5.230000010669755e-05,0.00051989999997204,0.4968221999999969
4,Random,OriginalOrder,100,9,410,48.5,310,40.1,4824,9.6,8.399999999999999,30.5,38.9,0.0,5.230000010669755e-05,3.000000106112566e-07,0.4968221999999969
4,Random,MarginalGainPredictor,100,9,410,48.5,310,40.1,310,40.1,8.399999999999999,0.0,8.399999999999999,0.0,5.230000010669755e-05,0.0005140000000665168,0.4968221999999969
5,Degree,OriginalOrder,10,,5753,44.7,310,42.6,916,15.5,2.1000000000000014,27.1,29.200000000000003,0.0,0.00010360000010223303,1.999999312829459e-07,0.6060384999998405
5,Degree,MarginalGainPredictor,10,,5753,44.7,310,42.6,310,42.6,2.1000000000000014,0.0,2.1000000000000014,0.0,0.00010360000010223303,0.0013928000000760221,0.6060384999998405
5,Degree,OriginalOrder,20,,5753,44.7,310,42.6,916,15.5,2.1000000000000014,27.1,29.200000000000003,0.0,0.00010360000010223303,4.999999418942025e-07,0.6060384999998405
5,Degree,MarginalGainPredictor,20,,5753,44.7,310,42.6,310,42.6,2.1000000000000014,0.0,2.1000000000000014,0.0,0.00010360000010223303,0.0006172000000788103,0.6060384999998405
5,Degree,OriginalOrder,50,,5753,44.7,5753,44.7,916,15.5,0.0,29.200000000000003,29.200000000000003,0.0,0.00010360000010223303,1.999999312829459e-07,0.6060384999998405
5,Degree,MarginalGainPredictor,50,,5753,44.7,5753,44.7,310,42.6,0.0,2.1000000000000014,2.1000000000000014,0.0,0.00010360000010223303,0.0009962000001451088,0.6060384999998405
5,Degree,OriginalOrder,100,,5753,44.7,5753,44.7,916,15.5,0.0,29.200000000000003,29.200000000000003,0.0,0.00010360000010223303,2.0000015865662135e-07,0.6060384999998405
5,Degree,MarginalGainPredictor,100,,5753,44.7,5753,44.7,310,42.6,0.0,2.1000000000000014,2.1000000000000014,0.0,0.00010360000010223303,0.0006746999999904801,0.6060384999998405
5,DegreeDiscount,OriginalOrder,10,,5753,44.7,310,42.6,12802,22.4,2.1000000000000014,20.200000000000003,22.300000000000004,0.0,0.0032346000000416097,3.000000106112566e-07,0.6060384999998405
5,DegreeDiscount,MarginalGainPredictor,10,,5753,44.7,310,42.6,310,42.6,2.1000000000000014,0.0,2.1000000000000014,0.0,0.0032346000000416097,0.0006134000000201922,0.6060384999998405
5,DegreeDiscount,OriginalOrder,20,,5753,44.7,310,42.6,12802,22.4,2.1000000000000014,20.200000000000003,22.300000000000004,0.0,0.0032346000000416097,2.0000015865662135e-07,0.6060384999998405
5,DegreeDiscount,MarginalGainPredictor,20,,5753,44.7,310,42.6,310,42.6,2.1000000000000014,0.0,2.1000000000000014,0.0,0.0032346000000416097,0.0005994999999074935,0.6060384999998405
5,DegreeDiscount,OriginalOrder,50,,5753,44.7,5753,44.7,12802,22.4,0.0,22.300000000000004,22.300000000000004,0.0,0.0032346000000416097,1.999999312829459e-07,0.6060384999998405
5,DegreeDiscount,MarginalGainPredictor,50,,5753,44.7,5753,44.7,310,42.6,0.0,2.1000000000000014,2.1000000000000014,0.0,0.0032346000000416097,0.0005492999998750747,0.6060384999998405
5,DegreeDiscount,OriginalOrder,100,,5753,44.7,5753,44.7,12802,22.4,0.0,22.300000000000004,22.300000000000004,0.0,0.0032346000000416097,1.999999312829459e-07,0.6060384999998405
5,DegreeDiscount,MarginalGainPredictor,100,,5753,44.7,5753,44.7,310,42.6,0.0,2.1000000000000014,2.1000000000000014,0.0,0.0032346000000416097,0.0007286000000021886,0.6060384999998405
5,FeatureDQN,OriginalOrder,10,,5753,44.7,905,16.1,2034,9.4,28.6,6.700000000000001,35.300000000000004,1.7763568394002505e-15,0.0015051999998831889,1.999999312829459e-07,0.6060384999998405
5,FeatureDQN,MarginalGainPredictor,10,,5753,44.7,905,16.1,905,16.1,28.6,0.0,28.6,0.0,0.0015051999998831889,0.0004602999999860913,0.6060384999998405
5,FeatureDQN,OriginalOrder,20,,5753,44.7,892,37.8,2034,9.4,6.900000000000006,28.4,35.300000000000004,0.0,0.0015051999998831889,1.999999312829459e-07,0.6060384999998405
5,FeatureDQN,MarginalGainPredictor,20,,5753,44.7,892,37.8,3916,31.5,6.900000000000006,6.299999999999997,13.200000000000003,0.0,0.0015051999998831889,0.0009072999998807063,0.6060384999998405
5,FeatureDQN,OriginalOrder,50,,5753,44.7,892,37.8,2034,9.4,6.900000000000006,28.4,35.300000000000004,0.0,0.0015051999998831889,2.9999978323758114e-07,0.6060384999998405
5,FeatureDQN,MarginalGainPredictor,50,,5753,44.7,892,37.8,916,15.5,6.900000000000006,22.299999999999997,29.200000000000003,0.0,0.0015051999998831889,0.0004965000000538566,0.6060384999998405
5,FeatureDQN,OriginalOrder,100,,5753,44.7,892,37.8,2034,9.4,6.900000000000006,28.4,35.300000000000004,0.0,0.0015051999998831889,1.999999312829459e-07,0.6060384999998405
5,FeatureDQN,MarginalGainPredictor,100,,5753,44.7,892,37.8,916,15.5,6.900000000000006,22.299999999999997,29.200000000000003,0.0,0.0015051999998831889,0.0004991000000700296,0.6060384999998405
5,Random,OriginalOrder,10,0,5753,44.7,4331,13.9,4331,13.9,30.800000000000004,0.0,30.800000000000004,0.0,6.17999999121821e-05,1.0000007932831068e-07,0.6060384999998405
5,Random,MarginalGainPredictor,10,0,5753,44.7,4331,13.9,4331,13.9,30.800000000000004,0.0,30.800000000000004,0.0,6.17999999121821e-05,0.0004469000000426604,0.6060384999998405
5,Random,OriginalOrder,20,0,5753,44.7,5753,44.7,4331,13.9,0.0,30.800000000000004,30.800000000000004,0.0,6.17999999121821e-05,2.0000015865662135e-07,0.6060384999998405
5,Random,MarginalGainPredictor,20,0,5753,44.7,5753,44.7,5753,44.7,0.0,0.0,0.0,0.0,6.17999999121821e-05,0.00042269999994459795,0.6060384999998405
5,Random,OriginalOrder,50,0,5753,44.7,5753,44.7,4331,13.9,0.0,30.800000000000004,30.800000000000004,0.0,6.17999999121821e-05,2.0000015865662135e-07,0.6060384999998405
5,Random,MarginalGainPredictor,50,0,5753,44.7,5753,44.7,310,42.6,0.0,2.1000000000000014,2.1000000000000014,0.0,6.17999999121821e-05,0.00046229999998104176,0.6060384999998405
5,Random,OriginalOrder,100,0,5753,44.7,5753,44.7,4331,13.9,0.0,30.800000000000004,30.800000000000004,0.0,6.17999999121821e-05,1.999999312829459e-07,0.6060384999998405
5,Random,MarginalGainPredictor,100,0,5753,44.7,5753,44.7,310,42.6,0.0,2.1000000000000014,2.1000000000000014,0.0,6.17999999121821e-05,0.0004954999999426946,0.6060384999998405
5,Random,OriginalOrder,10,1,5753,44.7,2216,30.7,11250,3.2,14.000000000000004,27.5,41.5,-3.552713678800501e-15,5.149999992681842e-05,2.0000015865662135e-07,0.6060384999998405
5,Random,MarginalGainPredictor,10,1,5753,44.7,2216,30.7,2216,30.7,14.000000000000004,0.0,14.000000000000004,0.0,5.149999992681842e-05,0.00044579999985217,0.6060384999998405
5,Random,OriginalOrder,20,1,5753,44.7,2216,30.7,11250,3.2,14.000000000000004,27.5,41.5,-3.552713678800501e-15,5.149999992681842e-05,3.000000106112566e-07,0.6060384999998405
5,Random,MarginalGainPredictor,20,1,5753,44.7,2216,30.7,2216,30.7,14.000000000000004,0.0,14.000000000000004,0.0,5.149999992681842e-05,0.0004467999999633321,0.6060384999998405
5,Random,OriginalOrder,50,1,5753,44.7,892,37.8,11250,3.2,6.900000000000006,34.599999999999994,41.5,0.0,5.149999992681842e-05,2.0000015865662135e-07,0.6060384999998405
5,Random,MarginalGainPredictor,50,1,5753,44.7,892,37.8,2216,30.7,6.900000000000006,7.099999999999998,14.000000000000004,0.0,5.149999992681842e-05,0.0004530999999587948,0.6060384999998405
5,Random,OriginalOrder,100,1,5753,44.7,310,42.6,11250,3.2,2.1000000000000014,39.4,41.5,0.0,5.149999992681842e-05,1.999999312829459e-07,0.6060384999998405
5,Random,MarginalGainPredictor,100,1,5753,44.7,310,42.6,310,42.6,2.1000000000000014,0.0,2.1000000000000014,0.0,5.149999992681842e-05,0.0004908999999315711,0.6060384999998405
5,Random,OriginalOrder,10,2,5753,44.7,5753,44.7,2414,16.8,0.0,27.900000000000002,27.900000000000002,0.0,6.039999993845413e-05,1.999999312829459e-07,0.6060384999998405
5,Random,MarginalGainPredictor,10,2,5753,44.7,5753,44.7,5753,44.7,0.0,0.0,0.0,0.0,6.039999993845413e-05,0.0004449000000477099,0.6060384999998405
5,Random,OriginalOrder,20,2,5753,44.7,5753,44.7,2414,16.8,0.0,27.900000000000002,27.900000000000002,0.0,6.039999993845413e-05,9.999985195463523e-08,0.6060384999998405
5,Random,MarginalGainPredictor,20,2,5753,44.7,5753,44.7,5753,44.7,0.0,0.0,0.0,0.0,6.039999993845413e-05,0.0004298000001199398,0.6060384999998405
5,Random,OriginalOrder,50,2,5753,44.7,5753,44.7,2414,16.8,0.0,27.900000000000002,27.900000000000002,0.0,6.039999993845413e-05,2.0000015865662135e-07,0.6060384999998405
5,Random,MarginalGainPredictor,50,2,5753,44.7,5753,44.7,310,42.6,0.0,2.1000000000000014,2.1000000000000014,0.0,6.039999993845413e-05,0.0004433999999946536,0.6060384999998405
5,Random,OriginalOrder,100,2,5753,44.7,5753,44.7,2414,16.8,0.0,27.900000000000002,27.900000000000002,0.0,6.039999993845413e-05,2.0000015865662135e-07,0.6060384999998405
5,Random,MarginalGainPredictor,100,2,5753,44.7,5753,44.7,310,42.6,0.0,2.1000000000000014,2.1000000000000014,0.0,6.039999993845413e-05,0.0004899000000477827,0.6060384999998405
5,Random,OriginalOrder,10,3,5753,44.7,1807,34.0,7993,4.4,10.700000000000003,29.6,40.300000000000004,0.0,4.9199999921256676e-05,1.999999312829459e-07,0.6060384999998405
5,Random,MarginalGainPredictor,10,3,5753,44.7,1807,34.0,1807,34.0,10.700000000000003,0.0,10.700000000000003,0.0,4.9199999921256676e-05,0.0004204000001664099,0.6060384999998405
5,Random,OriginalOrder,20,3,5753,44.7,1807,34.0,7993,4.4,10.700000000000003,29.6,40.300000000000004,0.0,4.9199999921256676e-05,2.0000015865662135e-07,0.6060384999998405
5,Random,MarginalGainPredictor,20,3,5753,44.7,1807,34.0,1807,34.0,10.700000000000003,0.0,10.700000000000003,0.0,4.9199999921256676e-05,0.00042839999991883815,0.6060384999998405
5,Random,OriginalOrder,50,3,5753,44.7,1807,34.0,7993,4.4,10.700000000000003,29.6,40.300000000000004,0.0,4.9199999921256676e-05,2.0000015865662135e-07,0.6060384999998405
5,Random,MarginalGainPredictor,50,3,5753,44.7,1807,34.0,1807,34.0,10.700000000000003,0.0,10.700000000000003,0.0,4.9199999921256676e-05,0.00045870000008108036,0.6060384999998405
5,Random,OriginalOrder,100,3,5753,44.7,892,37.8,7993,4.4,6.900000000000006,33.4,40.300000000000004,0.0,4.9199999921256676e-05,2.0000015865662135e-07,0.6060384999998405
5,Random,MarginalGainPredictor,100,3,5753,44.7,892,37.8,1807,34.0,6.900000000000006,3.799999999999997,10.700000000000003,0.0,4.9199999921256676e-05,0.0005077999999230087,0.6060384999998405
5,Random,OriginalOrder,10,4,5753,44.7,2216,30.7,7993,4.4,14.000000000000004,26.299999999999997,40.300000000000004,3.552713678800501e-15,5.010000018046412e-05,2.0000015865662135e-07,0.6060384999998405
5,Random,MarginalGainPredictor,10,4,5753,44.7,2216,30.7,2216,30.7,14.000000000000004,0.0,14.000000000000004,0.0,5.010000018046412e-05,0.000448500000175045,0.6060384999998405
5,Random,OriginalOrder,20,4,5753,44.7,9070,34.6,7993,4.4,10.100000000000001,30.200000000000003,40.300000000000004,0.0,5.010000018046412e-05,1.999999312829459e-07,0.6060384999998405
5,Random,MarginalGainPredictor,20,4,5753,44.7,9070,34.6,2216,30.7,10.100000000000001,3.900000000000002,14.000000000000004,0.0,5.010000018046412e-05,0.00047110000014072284,0.6060384999998405
5,Random,OriginalOrder,50,4,5753,44.7,9070,34.6,7993,4.4,10.100000000000001,30.200000000000003,40.300000000000004,0.0,5.010000018046412e-05,1.0000007932831068e-07,0.6060384999998405
5,Random,MarginalGainPredictor,50,4,5753,44.7,9070,34.6,2216,30.7,10.100000000000001,3.900000000000002,14.000000000000004,0.0,5.010000018046412e-05,0.0004786000001786306,0.6060384999998405
5,Random,OriginalOrder,100,4,5753,44.7,5753,44.7,7993,4.4,0.0,40.300000000000004,40.300000000000004,0.0,5.010000018046412e-05,1.999999312829459e-07,0.6060384999998405
5,Random,MarginalGainPredictor,100,4,5753,44.7,5753,44.7,310,42.6,0.0,2.1000000000000014,2.1000000000000014,0.0,5.010000018046412e-05,0.0006975000001148146,0.6060384999998405
5,Random,OriginalOrder,10,5,5753,44.7,12804,13.4,2455,9.7,31.300000000000004,3.700000000000001,35.0,-5.329070518200751e-15,5.03999999637017e-05,9.999985195463523e-08,0.6060384999998405
5,Random,MarginalGainPredictor,10,5,5753,44.7,12804,13.4,699,9.3,31.300000000000004,4.1,35.400000000000006,1.7763568394002505e-15,5.03999999637017e-05,0.00047990000007303024,0.6060384999998405
5,Random,OriginalOrder,20,5,5753,44.7,4938,14.2,2455,9.7,30.500000000000004,4.5,35.0,-3.552713678800501e-15,5.03999999637017e-05,1.999999312829459e-07,0.6060384999998405
5,Random,MarginalGainPredictor,20,5,5753,44.7,4938,14.2,1277,0.0,30.500000000000004,14.2,44.7,0.0,5.03999999637017e-05,0.0004896000000371714,0.6060384999998405
5,Random,OriginalOrder,50,5,5753,44.7,1807,34.0,2455,9.7,10.700000000000003,24.3,35.0,-3.552713678800501e-15,5.03999999637017e-05,1.0000007932831068e-07,0.6060384999998405
5,Random,MarginalGainPredictor,50,5,5753,44.7,1807,34.0,1807,34.0,10.700000000000003,0.0,10.700000000000003,0.0,5.03999999637017e-05,0.0004980999999588676,0.6060384999998405
5,Random,OriginalOrder,100,5,5753,44.7,9070,34.6,2455,9.7,10.100000000000001,24.900000000000002,35.0,-3.552713678800501e-15,5.03999999637017e-05,2.0000015865662135e-07,0.6060384999998405
5,Random,MarginalGainPredictor,100,5,5753,44.7,9070,34.6,1807,34.0,10.100000000000001,0.6000000000000014,10.700000000000003,0.0,5.03999999637017e-05,0.0005892000001495035,0.6060384999998405
5,Random,OriginalOrder,10,6,5753,44.7,4934,25.9,595,8.3,18.800000000000004,17.599999999999998,36.400000000000006,3.552713678800501e-15,6.74999998864223e-05,1.999999312829459e-07,0.6060384999998405
5,Random,MarginalGainPredictor,10,6,5753,44.7,4934,25.9,1249,15.7,18.800000000000004,10.2,29.000000000000004,0.0,6.74999998864223e-05,0.0005290999999942869,0.6060384999998405
5,Random,OriginalOrder,20,6,5753,44.7,892,37.8,595,8.3,6.900000000000006,29.499999999999996,36.400000000000006,3.552713678800501e-15,6.74999998864223e-05,3.000000106112566e-07,0.6060384999998405
5,Random,MarginalGainPredictor,20,6,5753,44.7,892,37.8,1249,15.7,6.900000000000006,22.099999999999998,29.000000000000004,0.0,6.74999998864223e-05,0.00048609999998916464,0.6060384999998405
5,Random,OriginalOrder,50,6,5753,44.7,310,42.6,595,8.3,2.1000000000000014,34.3,36.400000000000006,7.105427357601002e-15,6.74999998864223e-05,2.0000015865662135e-07,0.6060384999998405
5,Random,MarginalGainPredictor,50,6,5753,44.7,310,42.6,310,42.6,2.1000000000000014,0.0,2.1000000000000014,0.0,6.74999998864223e-05,0.0004828000000998145,0.6060384999998405
5,Random,OriginalOrder,100,6,5753,44.7,310,42.6,595,8.3,2.1000000000000014,34.3,36.400000000000006,7.105427357601002e-15,6.74999998864223e-05,1.0000007932831068e-07,0.6060384999998405
5,Random,MarginalGainPredictor,100,6,5753,44.7,310,42.6,310,42.6,2.1000000000000014,0.0,2.1000000000000014,0.0,6.74999998864223e-05,0.0009095000000343134,0.6060384999998405
5,Random,OriginalOrder,10,7,5753,44.7,1439,22.4,12376,7.9,22.300000000000004,14.499999999999998,36.800000000000004,1.7763568394002505e-15,5.1100000064252526e-05,1.999999312829459e-07,0.6060384999998405
5,Random,MarginalGainPredictor,10,7,5753,44.7,1439,22.4,1439,22.4,22.300000000000004,0.0,22.300000000000004,0.0,5.1100000064252526e-05,0.00046679999991283694,0.6060384999998405
5,Random,OriginalOrder,20,7,5753,44.7,2054,23.8,12376,7.9,20.900000000000002,15.9,36.800000000000004,1.7763568394002505e-15,5.1100000064252526e-05,1.999999312829459e-07,0.6060384999998405
5,Random,MarginalGainPredictor,20,7,5753,44.7,2054,23.8,1439,22.4,20.900000000000002,1.4000000000000021,22.300000000000004,0.0,5.1100000064252526e-05,0.0004283000000668835,0.6060384999998405
5,Random,OriginalOrder,50,7,5753,44.7,4285,31.1,12376,7.9,13.600000000000001,23.200000000000003,36.800000000000004,0.0,5.1100000064252526e-05,1.999999312829459e-07,0.6060384999998405
5,Random,MarginalGainPredictor,50,7,5753,44.7,4285,31.1,1439,22.4,13.600000000000001,8.700000000000003,22.300000000000004,0.0,5.1100000064252526e-05,0.00046799999995528196,0.6060384999998405
5,Random,OriginalOrder,100,7,5753,44.7,310,42.6,12376,7.9,2.1000000000000014,34.7,36.800000000000004,0.0,5.1100000064252526e-05,1.999999312829459e-07,0.6060384999998405
5,Random,MarginalGainPredictor,100,7,5753,44.7,310,42.6,310,42.6,2.1000000000000014,0.0,2.1000000000000014,0.0,5.1100000064252526e-05,0.000506899999891175,0.6060384999998405
5,Random,OriginalOrder,10,8,5753,44.7,9070,34.6,88,3.6,10.100000000000001,31.0,41.1,0.0,4.99000000218075e-05,1.0000007932831068e-07,0.6060384999998405
5,Random,MarginalGainPredictor,10,8,5753,44.7,9070,34.6,9070,34.6,10.100000000000001,0.0,10.100000000000001,0.0,4.99000000218075e-05,0.0004332999999405729,0.6060384999998405
5,Random,OriginalOrder,20,8,5753,44.7,9070,34.6,88,3.6,10.100000000000001,31.0,41.1,0.0,4.99000000218075e-05,1.999999312829459e-07,0.6060384999998405
5,Random,MarginalGainPredictor,20,8,5753,44.7,9070,34.6,820,21.1,10.100000000000001,13.5,23.6,0.0,4.99000000218075e-05,0.00041660000010779186,0.6060384999998405
5,Random,OriginalOrder,50,8,5753,44.7,892,37.8,88,3.6,6.900000000000006,34.199999999999996,41.1,0.0,4.99000000218075e-05,1.0000007932831068e-07,0.6060384999998405
5,Random,MarginalGainPredictor,50,8,5753,44.7,892,37.8,1807,34.0,6.900000000000006,3.799999999999997,10.700000000000003,0.0,4.99000000218075e-05,0.00044969999999011634,0.6060384999998405
5,Random,OriginalOrder,100,8,5753,44.7,892,37.8,88,3.6,6.900000000000006,34.199999999999996,41.1,0.0,4.99000000218075e-05,1.999999312829459e-07,0.6060384999998405
5,Random,MarginalGainPredictor,100,8,5753,44.7,892,37.8,1807,34.0,6.900000000000006,3.799999999999997,10.700000000000003,0.0,4.99000000218075e-05,0.0004802000000836415,0.6060384999998405
5,Random,OriginalOrder,10,9,5753,44.7,592,17.8,408,14.2,26.900000000000002,3.6000000000000014,30.500000000000004,0.0,4.850000004807953e-05,1.0000007932831068e-07,0.6060384999998405
5,Random,MarginalGainPredictor,10,9,5753,44.7,592,17.8,916,15.5,26.900000000000002,2.3000000000000007,29.200000000000003,0.0,4.850000004807953e-05,0.0004215000001295266,0.6060384999998405
5,Random,OriginalOrder,20,9,5753,44.7,3078,18.9,408,14.2,25.800000000000004,4.699999999999999,30.500000000000004,0.0,4.850000004807953e-05,2.0000015865662135e-07,0.6060384999998405
5,Random,MarginalGainPredictor,20,9,5753,44.7,3078,18.9,916,15.5,25.800000000000004,3.3999999999999986,29.200000000000003,0.0,4.850000004807953e-05,0.00042800000005627226,0.6060384999998405
5,Random,OriginalOrder,50,9,5753,44.7,3916,31.5,408,14.2,13.200000000000003,17.3,30.500000000000004,0.0,4.850000004807953e-05,1.999999312829459e-07,0.6060384999998405
5,Random,MarginalGainPredictor,50,9,5753,44.7,3916,31.5,916,15.5,13.200000000000003,16.0,29.200000000000003,0.0,4.850000004807953e-05,0.00044769999999516585,0.6060384999998405
5,Random,OriginalOrder,100,9,5753,44.7,310,42.6,408,14.2,2.1000000000000014,28.400000000000002,30.500000000000004,0.0,4.850000004807953e-05,3.000000106112566e-07,0.6060384999998405
5,Random,MarginalGainPredictor,100,9,5753,44.7,310,42.6,310,42.6,2.1000000000000014,0.0,2.1000000000000014,0.0,4.850000004807953e-05,0.0004939999998896383,0.6060384999998405
6,Degree,OriginalOrder,10,,892,43.2,310,36.1,916,20.5,7.100000000000001,15.600000000000001,22.700000000000003,0.0,0.00018580000005385955,4.0000008993956726e-07,0.49385159999997086
6,Degree,MarginalGainPredictor,10,,892,43.2,310,36.1,310,36.1,7.100000000000001,0.0,7.100000000000001,0.0,0.00018580000005385955,0.0014762000000700937,0.49385159999997086
6,Degree,OriginalOrder,20,,892,43.2,892,43.2,916,20.5,0.0,22.700000000000003,22.700000000000003,0.0,0.00018580000005385955,3.000000106112566e-07,0.49385159999997086
6,Degree,MarginalGainPredictor,20,,892,43.2,892,43.2,310,36.1,0.0,7.100000000000001,7.100000000000001,0.0,0.00018580000005385955,0.000711500000079468,0.49385159999997086
6,Degree,OriginalOrder,50,,892,43.2,892,43.2,916,20.5,0.0,22.700000000000003,22.700000000000003,0.0,0.00018580000005385955,1.999999312829459e-07,0.49385159999997086
6,Degree,MarginalGainPredictor,50,,892,43.2,892,43.2,310,36.1,0.0,7.100000000000001,7.100000000000001,0.0,0.00018580000005385955,0.0005747000000155822,0.49385159999997086
6,Degree,OriginalOrder,100,,892,43.2,892,43.2,916,20.5,0.0,22.700000000000003,22.700000000000003,0.0,0.00018580000005385955,2.0000015865662135e-07,0.49385159999997086
6,Degree,MarginalGainPredictor,100,,892,43.2,892,43.2,310,36.1,0.0,7.100000000000001,7.100000000000001,0.0,0.00018580000005385955,0.0006432000000131666,0.49385159999997086
6,DegreeDiscount,OriginalOrder,10,,892,43.2,310,36.1,12802,20.6,7.100000000000001,15.5,22.6,0.0,0.0031570999999530613,1.999999312829459e-07,0.49385159999997086
6,DegreeDiscount,MarginalGainPredictor,10,,892,43.2,310,36.1,310,36.1,7.100000000000001,0.0,7.100000000000001,0.0,0.0031570999999530613,0.0005364999999528663,0.49385159999997086
6,DegreeDiscount,OriginalOrder,20,,892,43.2,1807,36.7,12802,20.6,6.5,16.1,22.6,0.0,0.0031570999999530613,1.999999312829459e-07,0.49385159999997086
6,DegreeDiscount,MarginalGainPredictor,20,,892,43.2,1807,36.7,310,36.1,6.5,0.6000000000000014,7.100000000000001,0.0,0.0031570999999530613,0.0004536999999800173,0.49385159999997086
6,DegreeDiscount,OriginalOrder,50,,892,43.2,1807,36.7,12802,20.6,6.5,16.1,22.6,0.0,0.0031570999999530613,3.000000106112566e-07,0.49385159999997086
6,DegreeDiscount,MarginalGainPredictor,50,,892,43.2,1807,36.7,310,36.1,6.5,0.6000000000000014,7.100000000000001,0.0,0.0031570999999530613,0.0004682999999658932,0.49385159999997086
6,DegreeDiscount,OriginalOrder,100,,892,43.2,892,43.2,12802,20.6,0.0,22.6,22.6,0.0,0.0031570999999530613,2.0000015865662135e-07,0.49385159999997086
6,DegreeDiscount,MarginalGainPredictor,100,,892,43.2,892,43.2,310,36.1,0.0,7.100000000000001,7.100000000000001,0.0,0.0031570999999530613,0.0004931999999371328,0.49385159999997086
6,FeatureDQN,OriginalOrder,10,,892,43.2,905,25.4,2034,7.0,17.800000000000004,18.4,36.2,0.0,0.0014404000000922679,9.999985195463523e-08,0.49385159999997086
6,FeatureDQN,MarginalGainPredictor,10,,892,43.2,905,25.4,905,25.4,17.800000000000004,0.0,17.800000000000004,0.0,0.0014404000000922679,0.000584299999900395,0.49385159999997086
6,FeatureDQN,OriginalOrder,20,,892,43.2,892,43.2,2034,7.0,0.0,36.2,36.2,0.0,0.0014404000000922679,1.999999312829459e-07,0.49385159999997086
6,FeatureDQN,MarginalGainPredictor,20,,892,43.2,892,43.2,3916,21.3,0.0,21.900000000000002,21.900000000000002,0.0,0.0014404000000922679,0.0004599000001235254,0.49385159999997086
6,FeatureDQN,OriginalOrder,50,,892,43.2,892,43.2,2034,7.0,0.0,36.2,36.2,0.0,0.0014404000000922679,1.999999312829459e-07,0.49385159999997086
6,FeatureDQN,MarginalGainPredictor,50,,892,43.2,892,43.2,916,20.5,0.0,22.700000000000003,22.700000000000003,0.0,0.0014404000000922679,0.00067140000010113,0.49385159999997086
6,FeatureDQN,OriginalOrder,100,,892,43.2,892,43.2,2034,7.0,0.0,36.2,36.2,0.0,0.0014404000000922679,2.0000015865662135e-07,0.49385159999997086
6,FeatureDQN,MarginalGainPredictor,100,,892,43.2,892,43.2,916,20.5,0.0,22.700000000000003,22.700000000000003,0.0,0.0014404000000922679,0.0005719999999200809,0.49385159999997086
6,Random,OriginalOrder,10,0,892,43.2,3916,21.3,4511,0.0,21.900000000000002,21.3,43.2,0.0,6.889999986015027e-05,1.999999312829459e-07,0.49385159999997086
6,Random,MarginalGainPredictor,10,0,892,43.2,3916,21.3,820,17.9,21.900000000000002,3.400000000000002,25.300000000000004,0.0,6.889999986015027e-05,0.0004837999999836029,0.49385159999997086
6,Random,OriginalOrder,20,0,892,43.2,3916,21.3,4511,0.0,21.900000000000002,21.3,43.2,0.0,6.889999986015027e-05,1.999999312829459e-07,0.49385159999997086
6,Random,MarginalGainPredictor,20,0,892,43.2,3916,21.3,820,17.9,21.900000000000002,3.400000000000002,25.300000000000004,0.0,6.889999986015027e-05,0.00045130000012250093,0.49385159999997086
6,Random,OriginalOrder,50,0,892,43.2,2216,30.3,4511,0.0,12.900000000000002,30.3,43.2,0.0,6.889999986015027e-05,1.999999312829459e-07,0.49385159999997086
6,Random,MarginalGainPredictor,50,0,892,43.2,2216,30.3,2216,30.3,12.900000000000002,0.0,12.900000000000002,0.0,6.889999986015027e-05,0.00046700000007149356,0.49385159999997086
6,Random,OriginalOrder,100,0,892,43.2,892,43.2,4511,0.0,0.0,43.2,43.2,0.0,6.889999986015027e-05,1.0000007932831068e-07,0.49385159999997086
6,Random,MarginalGainPredictor,100,0,892,43.2,892,43.2,310,36.1,0.0,7.100000000000001,7.100000000000001,0.0,6.889999986015027e-05,0.0005062000000179978,0.49385159999997086
6,Random,OriginalOrder,10,1,892,43.2,2477,36.5,334,9.2,6.700000000000003,27.3,34.0,-3.552713678800501e-15,5.600000008598727e-05,1.0000007932831068e-07,0.49385159999997086
6,Random,MarginalGainPredictor,10,1,892,43.2,2477,36.5,611,14.5,6.700000000000003,22.0,28.700000000000003,0.0,5.600000008598727e-05,0.0007054000000152882,0.49385159999997086
6,Random,OriginalOrder,20,1,892,43.2,2477,36.5,334,9.2,6.700000000000003,27.3,34.0,-3.552713678800501e-15,5.600000008598727e-05,3.000000106112566e-07,0.49385159999997086
6,Random,MarginalGainPredictor,20,1,892,43.2,2477,36.5,98,14.8,6.700000000000003,21.7,28.400000000000002,0.0,5.600000008598727e-05,0.0004718999998658546,0.49385159999997086
6,Random,OriginalOrder,50,1,892,43.2,2477,36.5,334,9.2,6.700000000000003,27.3,34.0,-3.552713678800501e-15,5.600000008598727e-05,1.999999312829459e-07,0.49385159999997086
6,Random,MarginalGainPredictor,50,1,892,43.2,2477,36.5,916,20.5,6.700000000000003,16.0,22.700000000000003,0.0,5.600000008598727e-05,0.0004936000000270724,0.49385159999997086
6,Random,OriginalOrder,100,1,892,43.2,892,43.2,334,9.2,0.0,34.0,34.0,0.0,5.600000008598727e-05,1.999999312829459e-07,0.49385159999997086
6,Random,MarginalGainPredictor,100,1,892,43.2,892,43.2,310,36.1,0.0,7.100000000000001,7.100000000000001,0.0,5.600000008598727e-05,0.0005980999999337655,0.49385159999997086
6,Random,OriginalOrder,10,2,892,43.2,985,32.4,2054,14.4,10.800000000000004,18.0,28.800000000000004,0.0,5.6699999959164415e-05,1.999999312829459e-07,0.49385159999997086
6,Random,MarginalGainPredictor,10,2,892,43.2,985,32.4,985,32.4,10.800000000000004,0.0,10.800000000000004,0.0,5.6699999959164415e-05,0.0004409999999097636,0.49385159999997086
6,Random,OriginalOrder,20,2,892,43.2,985,32.4,2054,14.4,10.800000000000004,18.0,28.800000000000004,0.0,5.6699999959164415e-05,2.0000015865662135e-07,0.49385159999997086
6,Random,MarginalGainPredictor,20,2,892,43.2,985,32.4,985,32.4,10.800000000000004,0.0,10.800000000000004,0.0,5.6699999959164415e-05,0.0004391000002215151,0.49385159999997086
6,Random,OriginalOrder,50,2,892,43.2,985,32.4,2054,14.4,10.800000000000004,18.0,28.800000000000004,0.0,5.6699999959164415e-05,1.999999312829459e-07,0.49385159999997086
6,Random,MarginalGainPredictor,50,2,892,43.2,985,32.4,985,32.4,10.800000000000004,0.0,10.800000000000004,0.0,5.6699999959164415e-05,0.00048609999998916464,0.49385159999997086
6,Random,OriginalOrder,100,2,892,43.2,985,32.4,2054,14.4,10.800000000000004,18.0,28.800000000000004,0.0,5.6699999959164415e-05,1.999999312829459e-07,0.49385159999997086
6,Random,MarginalGainPredictor,100,2,892,43.2,985,32.4,985,32.4,10.800000000000004,0.0,10.800000000000004,0.0,5.6699999959164415e-05,0.0004984000001968525,0.49385159999997086
6,Random,OriginalOrder,10,3,892,43.2,4285,28.2,896,9.6,15.000000000000004,18.6,33.6,-3.552713678800501e-15,5.050000004303001e-05,9.999985195463523e-08,0.49385159999997086
6,Random,MarginalGainPredictor,10,3,892,43.2,4285,28.2,1277,0.0,15.000000000000004,28.2,43.2,0.0,5.050000004303001e-05,0.00044350000007398194,0.49385159999997086
6,Random,OriginalOrder,20,3,892,43.2,4285,28.2,896,9.6,15.000000000000004,18.6,33.6,-3.552713678800501e-15,5.050000004303001e-05,3.000000106112566e-07,0.49385159999997086
6,Random,MarginalGainPredictor,20,3,892,43.2,4285,28.2,1277,0.0,15.000000000000004,28.2,43.2,0.0,5.050000004303001e-05,0.0004343999999036896,0.49385159999997086
6,Random,OriginalOrder,50,3,892,43.2,892,43.2,896,9.6,0.0,33.6,33.6,0.0,5.050000004303001e-05,1.0000007932831068e-07,0.49385159999997086
6,Random,MarginalGainPredictor,50,3,892,43.2,892,43.2,2216,30.3,0.0,12.900000000000002,12.900000000000002,0.0,5.050000004303001e-05,0.00048620000006849295,0.49385159999997086
6,Random,OriginalOrder,100,3,892,43.2,892,43.2,896,9.6,0.0,33.6,33.6,0.0,5.050000004303001e-05,2.0000015865662135e-07,0.49385159999997086
6,Random,MarginalGainPredictor,100,3,892,43.2,892,43.2,310,36.1,0.0,7.100000000000001,7.100000000000001,0.0,5.050000004303001e-05,0.0005163000000720785,0.49385159999997086
6,Random,OriginalOrder,10,4,892,43.2,1140,21.8,2368,7.7,21.400000000000002,14.100000000000001,35.5,-3.552713678800501e-15,4.9700000090524554e-05,1.999999312829459e-07,0.49385159999997086
6,Random,MarginalGainPredictor,10,4,892,43.2,1140,21.8,1439,19.7,21.400000000000002,2.1000000000000014,23.500000000000004,0.0,4.9700000090524554e-05,0.00042960000018865685,0.49385159999997086
6,Random,OriginalOrder,20,4,892,43.2,1140,21.8,2368,7.7,21.400000000000002,14.100000000000001,35.5,-3.552713678800501e-15,4.9700000090524554e-05,3.000000106112566e-07,0.49385159999997086
6,Random,MarginalGainPredictor,20,4,892,43.2,1140,21.8,1439,19.7,21.400000000000002,2.1000000000000014,23.500000000000004,0.0,4.9700000090524554e-05,0.0004479000001538225,0.49385159999997086
6,Random,OriginalOrder,50,4,892,43.2,892,43.2,2368,7.7,0.0,35.5,35.5,0.0,4.9700000090524554e-05,2.0000015865662135e-07,0.49385159999997086
6,Random,MarginalGainPredictor,50,4,892,43.2,892,43.2,310,36.1,0.0,7.100000000000001,7.100000000000001,0.0,4.9700000090524554e-05,0.00048500000002604793,0.49385159999997086
6,Random,OriginalOrder,100,4,892,43.2,892,43.2,2368,7.7,0.0,35.5,35.5,0.0,4.9700000090524554e-05,2.0000015865662135e-07,0.49385159999997086
6,Random,MarginalGainPredictor,100,4,892,43.2,892,43.2,310,36.1,0.0,7.100000000000001,7.100000000000001,0.0,4.9700000090524554e-05,0.0004991000000700296,0.49385159999997086
6,Random,OriginalOrder,10,5,892,43.2,2122,30.6,1244,10.2,12.600000000000001,20.400000000000002,33.0,-3.552713678800501e-15,4.9600000011196244e-05,9.999985195463523e-08,0.49385159999997086
6,Random,MarginalGainPredictor,10,5,892,43.2,2122,30.6,820,17.9,12.600000000000001,12.700000000000003,25.300000000000004,0.0,4.9600000011196244e-05,0.0004240999999183259,0.49385159999997086
6,Random,OriginalOrder,20,5,892,43.2,2122,30.6,1244,10.2,12.600000000000001,20.400000000000002,33.0,-3.552713678800501e-15,4.9600000011196244e-05,1.999999312829459e-07,0.49385159999997086
6,Random,MarginalGainPredictor,20,5,892,43.2,2122,30.6,820,17.9,12.600000000000001,12.700000000000003,25.300000000000004,0.0,4.9600000011196244e-05,0.0004354000000148517,0.49385159999997086
6,Random,OriginalOrder,50,5,892,43.2,2122,30.6,1244,10.2,12.600000000000001,20.400000000000002,33.0,-3.552713678800501e-15,4.9600000011196244e-05,1.999999312829459e-07,0.49385159999997086
6,Random,MarginalGainPredictor,50,5,892,43.2,2122,30.6,820,17.9,12.600000000000001,12.700000000000003,25.300000000000004,0.0,4.9600000011196244e-05,0.000555999999960477,0.49385159999997086
6,Random,OriginalOrder,100,5,892,43.2,2122,30.6,1244,10.2,12.600000000000001,20.400000000000002,33.0,-3.552713678800501e-15,4.9600000011196244e-05,9.999985195463523e-08,0.49385159999997086
6,Random,MarginalGainPredictor,100,5,892,43.2,2122,30.6,820,17.9,12.600000000000001,12.700000000000003,25.300000000000004,0.0,4.9600000011196244e-05,0.0005462999999963358,0.49385159999997086
6,Random,OriginalOrder,10,6,892,43.2,8264,27.6,896,9.6,15.600000000000001,18.0,33.6,0.0,5.2599999889935134e-05,9.999985195463523e-08,0.49385159999997086
6,Random,MarginalGainPredictor,10,6,892,43.2,8264,27.6,1816,24.4,15.600000000000001,3.200000000000003,18.800000000000004,0.0,5.2599999889935134e-05,0.0004284000001462118,0.49385159999997086
6,Random,OriginalOrder,20,6,892,43.2,2122,30.6,896,9.6,12.600000000000001,21.0,33.6,0.0,5.2599999889935134e-05,1.999999312829459e-07,0.49385159999997086
6,Random,MarginalGainPredictor,20,6,892,43.2,2122,30.6,1816,24.4,12.600000000000001,6.200000000000003,18.800000000000004,0.0,5.2599999889935134e-05,0.00048659999993105885,0.49385159999997086
6,Random,OriginalOrder,50,6,892,43.2,658,30.6,896,9.6,12.600000000000001,21.0,33.6,0.0,5.2599999889935134e-05,2.0000015865662135e-07,0.49385159999997086
6,Random,MarginalGainPredictor,50,6,892,43.2,658,30.6,1249,13.4,12.600000000000001,17.200000000000003,29.800000000000004,0.0,5.2599999889935134e-05,0.0005123999999341322,0.49385159999997086
6,Random,OriginalOrder,100,6,892,43.2,658,30.6,896,9.6,12.600000000000001,21.0,33.6,0.0,5.2599999889935134e-05,2.0000015865662135e-07,0.49385159999997086
6,Random,MarginalGainPredictor,100,6,892,43.2,658,30.6,1277,0.0,12.600000000000001,30.6,43.2,0.0,5.2599999889935134e-05,0.0007114000000001397,0.49385159999997086
6,Random,OriginalOrder,10,7,892,43.2,1439,19.7,12377,4.8,23.500000000000004,14.899999999999999,38.400000000000006,3.552713678800501e-15,5.050000004303001e-05,1.0000007932831068e-07,0.49385159999997086
6,Random,MarginalGainPredictor,10,7,892,43.2,1439,19.7,1439,19.7,23.500000000000004,0.0,23.500000000000004,0.0,5.050000004303001e-05,0.00043310000000928994,0.49385159999997086
6,Random,OriginalOrder,20,7,892,43.2,3225,30.4,12377,4.8,12.800000000000004,25.599999999999998,38.400000000000006,3.552713678800501e-15,5.050000004303001e-05,2.0000015865662135e-07,0.49385159999997086
6,Random,MarginalGainPredictor,20,7,892,43.2,3225,30.4,1439,19.7,12.800000000000004,10.7,23.500000000000004,0.0,5.050000004303001e-05,0.0007081000001107896,0.49385159999997086
6,Random,OriginalOrder,50,7,892,43.2,1807,36.7,12377,4.8,6.5,31.900000000000002,38.400000000000006,3.552713678800501e-15,5.050000004303001e-05,1.999999312829459e-07,0.49385159999997086
6,Random,MarginalGainPredictor,50,7,892,43.2,1807,36.7,1807,36.7,6.5,0.0,6.5,0.0,5.050000004303001e-05,0.0008216999999604013,0.49385159999997086
6,Random,OriginalOrder,100,7,892,43.2,1807,36.7,12377,4.8,6.5,31.900000000000002,38.400000000000006,3.552713678800501e-15,5.050000004303001e-05,2.0000015865662135e-07,0.49385159999997086
6,Random,MarginalGainPredictor,100,7,892,43.2,1807,36.7,1807,36.7,6.5,0.0,6.5,0.0,5.050000004303001e-05,0.0005900999999539636,0.49385159999997086
6,Random,OriginalOrder,10,8,892,43.2,3078,17.2,461,12.4,26.000000000000004,4.799999999999999,30.800000000000004,1.7763568394002505e-15,6.0699999949065386e-05,1.0000007932831068e-07,0.49385159999997086
6,Random,MarginalGainPredictor,10,8,892,43.2,3078,17.2,3078,17.2,26.000000000000004,0.0,26.000000000000004,0.0,6.0699999949065386e-05,0.0004887000000053376,0.49385159999997086
6,Random,OriginalOrder,20,8,892,43.2,1140,21.8,461,12.4,21.400000000000002,9.4,30.800000000000004,1.7763568394002505e-15,6.0699999949065386e-05,1.999999312829459e-07,0.49385159999997086
6,Random,MarginalGainPredictor,20,8,892,43.2,1140,21.8,820,17.9,21.400000000000002,3.900000000000002,25.300000000000004,0.0,6.0699999949065386e-05,0.0007215000000542204,0.49385159999997086
6,Random,OriginalOrder,50,8,892,43.2,310,36.1,461,12.4,7.100000000000001,23.700000000000003,30.800000000000004,0.0,6.0699999949065386e-05,1.999999312829459e-07,0.49385159999997086
6,Random,MarginalGainPredictor,50,8,892,43.2,310,36.1,310,36.1,7.100000000000001,0.0,7.100000000000001,0.0,6.0699999949065386e-05,0.0005089999999654538,0.49385159999997086
6,Random,OriginalOrder,100,8,892,43.2,310,36.1,461,12.4,7.100000000000001,23.700000000000003,30.800000000000004,0.0,6.0699999949065386e-05,2.0000015865662135e-07,0.49385159999997086
6,Random,MarginalGainPredictor,100,8,892,43.2,310,36.1,310,36.1,7.100000000000001,0.0,7.100000000000001,0.0,6.0699999949065386e-05,0.0005403000000114844,0.49385159999997086
6,Random,OriginalOrder,10,9,892,43.2,1140,21.8,1126,6.5,21.400000000000002,15.3,36.7,0.0,5.55999999960477e-05,1.999999312829459e-07,0.49385159999997086
6,Random,MarginalGainPredictor,10,9,892,43.2,1140,21.8,1249,13.4,21.400000000000002,8.4,29.800000000000004,1.7763568394002505e-15,5.55999999960477e-05,0.00044410000009520445,0.49385159999997086
6,Random,OriginalOrder,20,9,892,43.2,1140,21.8,1126,6.5,21.400000000000002,15.3,36.7,0.0,5.55999999960477e-05,1.999999312829459e-07,0.49385159999997086
6,Random,MarginalGainPredictor,20,9,892,43.2,1140,21.8,1249,13.4,21.400000000000002,8.4,29.800000000000004,1.7763568394002505e-15,5.55999999960477e-05,0.00044139999999970314,0.49385159999997086
6,Random,OriginalOrder,50,9,892,43.2,892,43.2,1126,6.5,0.0,36.7,36.7,0.0,5.55999999960477e-05,2.0000015865662135e-07,0.49385159999997086
6,Random,MarginalGainPredictor,50,9,892,43.2,892,43.2,985,32.4,0.0,10.800000000000004,10.800000000000004,0.0,5.55999999960477e-05,0.0004685999999765045,0.49385159999997086
6,Random,OriginalOrder,100,9,892,43.2,892,43.2,1126,6.5,0.0,36.7,36.7,0.0,5.55999999960477e-05,2.0000015865662135e-07,0.49385159999997086
6,Random,MarginalGainPredictor,100,9,892,43.2,892,43.2,1807,36.7,0.0,6.5,6.5,0.0,5.55999999960477e-05,0.0005183999999189837,0.49385159999997086
7,Degree,OriginalOrder,10,,1807,42.3,310,37.3,916,21.6,5.0,15.699999999999996,20.699999999999996,0.0,0.00016759999994064856,3.000000106112566e-07,0.5862033000000793
7,Degree,MarginalGainPredictor,10,,1807,42.3,310,37.3,310,37.3,5.0,0.0,5.0,0.0,0.00016759999994064856,0.0017781000001377834,0.5862033000000793
7,Degree,OriginalOrder,20,,1807,42.3,1807,42.3,916,21.6,0.0,20.699999999999996,20.699999999999996,0.0,0.00016759999994064856,3.000000106112566e-07,0.5862033000000793
7,Degree,MarginalGainPredictor,20,,1807,42.3,1807,42.3,310,37.3,0.0,5.0,5.0,0.0,0.00016759999994064856,0.0010459000000082597,0.5862033000000793
7,Degree,OriginalOrder,50,,1807,42.3,1807,42.3,916,21.6,0.0,20.699999999999996,20.699999999999996,0.0,0.00016759999994064856,2.0000015865662135e-07,0.5862033000000793
7,Degree,MarginalGainPredictor,50,,1807,42.3,1807,42.3,310,37.3,0.0,5.0,5.0,0.0,0.00016759999994064856,0.000742599999966842,0.5862033000000793
7,Degree,OriginalOrder,100,,1807,42.3,1807,42.3,916,21.6,0.0,20.699999999999996,20.699999999999996,0.0,0.00016759999994064856,1.999999312829459e-07,0.5862033000000793
7,Degree,MarginalGainPredictor,100,,1807,42.3,1807,42.3,310,37.3,0.0,5.0,5.0,0.0,0.00016759999994064856,0.0007834000000457308,0.5862033000000793
7,DegreeDiscount,OriginalOrder,10,,1807,42.3,310,37.3,12802,21.3,5.0,15.999999999999996,20.999999999999996,0.0,0.003374800000074174,3.000000106112566e-07,0.5862033000000793
7,DegreeDiscount,MarginalGainPredictor,10,,1807,42.3,310,37.3,310,37.3,5.0,0.0,5.0,0.0,0.003374800000074174,0.0009514999999282736,0.5862033000000793
7,DegreeDiscount,OriginalOrder,20,,1807,42.3,1807,42.3,12802,21.3,0.0,20.999999999999996,20.999999999999996,0.0,0.003374800000074174,1.999999312829459e-07,0.5862033000000793
7,DegreeDiscount,MarginalGainPredictor,20,,1807,42.3,1807,42.3,310,37.3,0.0,5.0,5.0,0.0,0.003374800000074174,0.0012779999999565916,0.5862033000000793
7,DegreeDiscount,OriginalOrder,50,,1807,42.3,1807,42.3,12802,21.3,0.0,20.999999999999996,20.999999999999996,0.0,0.003374800000074174,2.0000015865662135e-07,0.5862033000000793
7,DegreeDiscount,MarginalGainPredictor,50,,1807,42.3,1807,42.3,310,37.3,0.0,5.0,5.0,0.0,0.003374800000074174,0.0006442999999762833,0.5862033000000793
7,DegreeDiscount,OriginalOrder,100,,1807,42.3,1807,42.3,12802,21.3,0.0,20.999999999999996,20.999999999999996,0.0,0.003374800000074174,3.000000106112566e-07,0.5862033000000793
7,DegreeDiscount,MarginalGainPredictor,100,,1807,42.3,1807,42.3,310,37.3,0.0,5.0,5.0,0.0,0.003374800000074174,0.0007032999999410094,0.5862033000000793
7,FeatureDQN,OriginalOrder,10,,1807,42.3,2510,11.9,2034,9.2,30.4,2.700000000000001,33.099999999999994,-5.329070518200751e-15,0.0015558000000055472,3.000000106112566e-07,0.5862033000000793
7,FeatureDQN,MarginalGainPredictor,10,,1807,42.3,2510,11.9,905,9.9,30.4,2.0,32.4,0.0,0.0015558000000055472,0.0005267000001367705,0.5862033000000793
7,FeatureDQN,OriginalOrder,20,,1807,42.3,3916,28.4,2034,9.2,13.899999999999999,19.2,33.099999999999994,-3.552713678800501e-15,0.0015558000000055472,1.999999312829459e-07,0.5862033000000793
7,FeatureDQN,MarginalGainPredictor,20,,1807,42.3,3916,28.4,3916,28.4,13.899999999999999,0.0,13.899999999999999,0.0,0.0015558000000055472,0.0004441999999471591,0.5862033000000793
7,FeatureDQN,OriginalOrder,50,,1807,42.3,3916,28.4,2034,9.2,13.899999999999999,19.2,33.099999999999994,-3.552713678800501e-15,0.0015558000000055472,3.000000106112566e-07,0.5862033000000793
7,FeatureDQN,MarginalGainPredictor,50,,1807,42.3,3916,28.4,916,21.6,13.899999999999999,6.799999999999997,20.699999999999996,0.0,0.0015558000000055472,0.0007910000001629669,0.5862033000000793
7,FeatureDQN,OriginalOrder,100,,1807,42.3,658,29.5,2034,9.2,12.799999999999997,20.3,33.099999999999994,-3.552713678800501e-15,0.0015558000000055472,3.000000106112566e-07,0.5862033000000793
7,FeatureDQN,MarginalGainPredictor,100,,1807,42.3,658,29.5,916,21.6,12.799999999999997,7.899999999999999,20.699999999999996,0.0,0.0015558000000055472,0.0005843000001277687,0.5862033000000793
7,Random,OriginalOrder,10,0,1807,42.3,7995,24.6,1000,6.4,17.699999999999996,18.200000000000003,35.9,0.0,5.970000006527698e-05,1.0000007932831068e-07,0.5862033000000793
7,Random,MarginalGainPredictor,10,0,1807,42.3,7995,24.6,7995,24.6,17.699999999999996,0.0,17.699999999999996,0.0,5.970000006527698e-05,0.000501499999927546,0.5862033000000793
7,Random,OriginalOrder,20,0,1807,42.3,7995,24.6,1000,6.4,17.699999999999996,18.200000000000003,35.9,0.0,5.970000006527698e-05,3.000000106112566e-07,0.5862033000000793
7,Random,MarginalGainPredictor,20,0,1807,42.3,7995,24.6,7995,24.6,17.699999999999996,0.0,17.699999999999996,0.0,5.970000006527698e-05,0.00045269999986885523,0.5862033000000793
7,Random,OriginalOrder,50,0,1807,42.3,3225,29.4,1000,6.4,12.899999999999999,23.0,35.9,0.0,5.970000006527698e-05,1.999999312829459e-07,0.5862033000000793
7,Random,MarginalGainPredictor,50,0,1807,42.3,3225,29.4,7995,24.6,12.899999999999999,4.799999999999997,17.699999999999996,0.0,5.970000006527698e-05,0.0004719000000932283,0.5862033000000793
7,Random,OriginalOrder,100,0,1807,42.3,2216,37.6,1000,6.4,4.699999999999996,31.200000000000003,35.9,0.0,5.970000006527698e-05,1.999999312829459e-07,0.5862033000000793
7,Random,MarginalGainPredictor,100,0,1807,42.3,2216,37.6,985,30.7,4.699999999999996,6.900000000000002,11.599999999999998,0.0,5.970000006527698e-05,0.0005077999999230087,0.5862033000000793
7,Random,OriginalOrder,10,1,1807,42.3,2477,24.9,4172,15.2,17.4,9.7,27.099999999999998,0.0,5.29999999798747e-05,2.0000015865662135e-07,0.5862033000000793
7,Random,MarginalGainPredictor,10,1,1807,42.3,2477,24.9,7377,23.6,17.4,1.2999999999999972,18.699999999999996,0.0,5.29999999798747e-05,0.0005321999999523541,0.5862033000000793
7,Random,OriginalOrder,20,1,1807,42.3,1807,42.3,4172,15.2,0.0,27.099999999999998,27.099999999999998,0.0,5.29999999798747e-05,3.000000106112566e-07,0.5862033000000793
7,Random,MarginalGainPredictor,20,1,1807,42.3,1807,42.3,1807,42.3,0.0,0.0,0.0,0.0,5.29999999798747e-05,0.0005830000000059954,0.5862033000000793
7,Random,OriginalOrder,50,1,1807,42.3,1807,42.3,4172,15.2,0.0,27.099999999999998,27.099999999999998,0.0,5.29999999798747e-05,2.9999978323758114e-07,0.5862033000000793
7,Random,MarginalGainPredictor,50,1,1807,42.3,1807,42.3,1807,42.3,0.0,0.0,0.0,0.0,5.29999999798747e-05,0.0005169000000933011,0.5862033000000793
7,Random,OriginalOrder,100,1,1807,42.3,1807,42.3,4172,15.2,0.0,27.099999999999998,27.099999999999998,0.0,5.29999999798747e-05,1.999999312829459e-07,0.5862033000000793
7,Random,MarginalGainPredictor,100,1,1807,42.3,1807,42.3,1807,42.3,0.0,0.0,0.0,0.0,5.29999999798747e-05,0.000573000000031243,0.5862033000000793
7,Random,OriginalOrder,10,2,1807,42.3,2054,27.0,2146,13.7,15.299999999999997,13.3,28.599999999999998,0.0,5.2000000096086296e-05,1.0000007932831068e-07,0.5862033000000793
7,Random,MarginalGainPredictor,10,2,1807,42.3,2054,27.0,2054,27.0,15.299999999999997,0.0,15.299999999999997,0.0,5.2000000096086296e-05,0.0005810000000110449,0.5862033000000793
7,Random,OriginalOrder,20,2,1807,42.3,181,32.9,2146,13.7,9.399999999999999,19.2,28.599999999999998,0.0,5.2000000096086296e-05,1.999999312829459e-07,0.5862033000000793
7,Random,MarginalGainPredictor,20,2,1807,42.3,181,32.9,181,32.9,9.399999999999999,0.0,9.399999999999999,0.0,5.2000000096086296e-05,0.00046440000005532056,0.5862033000000793
7,Random,OriginalOrder,50,2,1807,42.3,9070,39.7,2146,13.7,2.5999999999999943,26.000000000000004,28.599999999999998,0.0,5.2000000096086296e-05,3.000000106112566e-07,0.5862033000000793
7,Random,MarginalGainPredictor,50,2,1807,42.3,9070,39.7,2216,37.6,2.5999999999999943,2.1000000000000014,4.699999999999996,0.0,5.2000000096086296e-05,0.000586000000112108,0.5862033000000793
7,Random,OriginalOrder,100,2,1807,42.3,9070,39.7,2146,13.7,2.5999999999999943,26.000000000000004,28.599999999999998,0.0,5.2000000096086296e-05,1.999999312829459e-07,0.5862033000000793
7,Random,MarginalGainPredictor,100,2,1807,42.3,9070,39.7,2216,37.6,2.5999999999999943,2.1000000000000014,4.699999999999996,0.0,5.2000000096086296e-05,0.0006937000000561966,0.5862033000000793
7,Random,OriginalOrder,10,3,1807,42.3,1807,42.3,657,6.3,0.0,36.0,36.0,0.0,5.340000006981427e-05,1.999999312829459e-07,0.5862033000000793
7,Random,MarginalGainPredictor,10,3,1807,42.3,1807,42.3,1807,42.3,0.0,0.0,0.0,0.0,5.340000006981427e-05,0.0006037000000560511,0.5862033000000793
7,Random,OriginalOrder,20,3,1807,42.3,1807,42.3,657,6.3,0.0,36.0,36.0,0.0,5.340000006981427e-05,3.000000106112566e-07,0.5862033000000793
7,Random,MarginalGainPredictor,20,3,1807,42.3,1807,42.3,1807,42.3,0.0,0.0,0.0,0.0,5.340000006981427e-05,0.0006696999998894171,0.5862033000000793
7,Random,OriginalOrder,50,3,1807,42.3,1807,42.3,657,6.3,0.0,36.0,36.0,0.0,5.340000006981427e-05,2.0000015865662135e-07,0.5862033000000793
7,Random,MarginalGainPredictor,50,3,1807,42.3,1807,42.3,310,37.3,0.0,5.0,5.0,0.0,5.340000006981427e-05,0.0005963999999494263,0.5862033000000793
7,Random,OriginalOrder,100,3,1807,42.3,1807,42.3,657,6.3,0.0,36.0,36.0,0.0,5.340000006981427e-05,3.000000106112566e-07,0.5862033000000793
7,Random,MarginalGainPredictor,100,3,1807,42.3,1807,42.3,310,37.3,0.0,5.0,5.0,0.0,5.340000006981427e-05,0.0006502000001091801,0.5862033000000793
7,Random,OriginalOrder,10,4,1807,42.3,310,37.3,12383,2.5,5.0,34.8,39.8,0.0,7.240000013553072e-05,1.0000007932831068e-07,0.5862033000000793
7,Random,MarginalGainPredictor,10,4,1807,42.3,310,37.3,310,37.3,5.0,0.0,5.0,0.0,7.240000013553072e-05,0.0007095000000845175,0.5862033000000793
7,Random,OriginalOrder,20,4,1807,42.3,2216,37.6,12383,2.5,4.699999999999996,35.1,39.8,0.0,7.240000013553072e-05,3.000000106112566e-07,0.5862033000000793
7,Random,MarginalGainPredictor,20,4,1807,42.3,2216,37.6,310,37.3,4.699999999999996,0.30000000000000426,5.0,0.0,7.240000013553072e-05,0.0005543000002035114,0.5862033000000793
7,Random,OriginalOrder,50,4,1807,42.3,1807,42.3,12383,2.5,0.0,39.8,39.8,0.0,7.240000013553072e-05,1.999999312829459e-07,0.5862033000000793
7,Random,MarginalGainPredictor,50,4,1807,42.3,1807,42.3,310,37.3,0.0,5.0,5.0,0.0,7.240000013553072e-05,0.0005661000000145577,0.5862033000000793
7,Random,OriginalOrder,100,4,1807,42.3,1807,42.3,12383,2.5,0.0,39.8,39.8,0.0,7.240000013553072e-05,1.999999312829459e-07,0.5862033000000793
7,Random,MarginalGainPredictor,100,4,1807,42.3,1807,42.3,310,37.3,0.0,5.0,5.0,0.0,7.240000013553072e-05,0.0005963999999494263,0.5862033000000793
7,Random,OriginalOrder,10,5,1807,42.3,2023,21.6,12377,2.6,20.699999999999996,19.0,39.699999999999996,0.0,6.260000009206124e-05,1.0000007932831068e-07,0.5862033000000793
7,Random,MarginalGainPredictor,10,5,1807,42.3,2023,21.6,3078,20.5,20.699999999999996,1.1000000000000014,21.799999999999997,0.0,6.260000009206124e-05,0.00046640000005027105,0.5862033000000793
7,Random,OriginalOrder,20,5,1807,42.3,2122,27.5,12377,2.6,14.799999999999997,24.9,39.699999999999996,0.0,6.260000009206124e-05,3.000000106112566e-07,0.5862033000000793
7,Random,MarginalGainPredictor,20,5,1807,42.3,2122,27.5,820,20.5,14.799999999999997,7.0,21.799999999999997,0.0,6.260000009206124e-05,0.0004515999999057385,0.5862033000000793
7,Random,OriginalOrder,50,5,1807,42.3,310,37.3,12377,2.6,5.0,34.699999999999996,39.699999999999996,0.0,6.260000009206124e-05,1.999999312829459e-07,0.5862033000000793
7,Random,MarginalGainPredictor,50,5,1807,42.3,310,37.3,310,37.3,5.0,0.0,5.0,0.0,6.260000009206124e-05,0.00048500000002604793,0.5862033000000793
7,Random,OriginalOrder,100,5,1807,42.3,1807,42.3,12377,2.6,0.0,39.699999999999996,39.699999999999996,0.0,6.260000009206124e-05,2.0000015865662135e-07,0.5862033000000793
7,Random,MarginalGainPredictor,100,5,1807,42.3,1807,42.3,310,37.3,0.0,5.0,5.0,0.0,6.260000009206124e-05,0.0007312000000183616,0.5862033000000793
7,Random,OriginalOrder,10,6,1807,42.3,408,19.6,656,5.8,22.699999999999996,13.8,36.5,3.552713678800501e-15,4.409999996823899e-05,1.999999312829459e-07,0.5862033000000793
7,Random,MarginalGainPredictor,10,6,1807,42.3,408,19.6,408,19.6,22.699999999999996,0.0,22.699999999999996,0.0,4.409999996823899e-05,0.0005794999999579886,0.5862033000000793
7,Random,OriginalOrder,20,6,1807,42.3,1816,29.2,656,5.8,13.099999999999998,23.4,36.5,3.552713678800501e-15,4.409999996823899e-05,1.999999312829459e-07,0.5862033000000793
7,Random,MarginalGainPredictor,20,6,1807,42.3,1816,29.2,1816,29.2,13.099999999999998,0.0,13.099999999999998,0.0,4.409999996823899e-05,0.0005221999999776017,0.5862033000000793
7,Random,OriginalOrder,50,6,1807,42.3,181,32.9,656,5.8,9.399999999999999,27.099999999999998,36.5,3.552713678800501e-15,4.409999996823899e-05,1.999999312829459e-07,0.5862033000000793
7,Random,MarginalGainPredictor,50,6,1807,42.3,181,32.9,1816,29.2,9.399999999999999,3.6999999999999993,13.099999999999998,0.0,4.409999996823899e-05,0.0005473000001074979,0.5862033000000793
7,Random,OriginalOrder,100,6,1807,42.3,9070,39.7,656,5.8,2.5999999999999943,33.900000000000006,36.5,0.0,4.409999996823899e-05,2.0000015865662135e-07,0.5862033000000793
7,Random,MarginalGainPredictor,100,6,1807,42.3,9070,39.7,985,30.7,2.5999999999999943,9.000000000000004,11.599999999999998,0.0,4.409999996823899e-05,0.0005736000000524655,0.5862033000000793
7,Random,OriginalOrder,10,7,1807,42.3,3810,11.5,2066,6.9,30.799999999999997,4.6,35.4,1.7763568394002505e-15,5.6300000096598524e-05,1.0000007932831068e-07,0.5862033000000793
7,Random,MarginalGainPredictor,10,7,1807,42.3,3810,11.5,597,8.2,30.799999999999997,3.3000000000000007,34.099999999999994,-3.552713678800501e-15,5.6300000096598524e-05,0.0004536999999800173,0.5862033000000793
7,Random,OriginalOrder,20,7,1807,42.3,1816,29.2,2066,6.9,13.099999999999998,22.299999999999997,35.4,3.552713678800501e-15,5.6300000096598524e-05,1.0000007932831068e-07,0.5862033000000793
7,Random,MarginalGainPredictor,20,7,1807,42.3,1816,29.2,1816,29.2,13.099999999999998,0.0,13.099999999999998,0.0,5.6300000096598524e-05,0.00047270000004573376,0.5862033000000793
7,Random,OriginalOrder,50,7,1807,42.3,1807,42.3,2066,6.9,0.0,35.4,35.4,0.0,5.6300000096598524e-05,2.0000015865662135e-07,0.5862033000000793
7,Random,MarginalGainPredictor,50,7,1807,42.3,1807,42.3,1807,42.3,0.0,0.0,0.0,0.0,5.6300000096598524e-05,0.0004731000001356733,0.5862033000000793
7,Random,OriginalOrder,100,7,1807,42.3,1807,42.3,2066,6.9,0.0,35.4,35.4,0.0,5.6300000096598524e-05,2.0000015865662135e-07,0.5862033000000793
7,Random,MarginalGainPredictor,100,7,1807,42.3,1807,42.3,1807,42.3,0.0,0.0,0.0,0.0,5.6300000096598524e-05,0.0005195999999614287,0.5862033000000793
7,Random,OriginalOrder,10,8,1807,42.3,2717,22.0,1158,2.4,20.299999999999997,19.6,39.9,0.0,5.910000004405447e-05,2.0000015865662135e-07,0.5862033000000793
7,Random,MarginalGainPredictor,10,8,1807,42.3,2717,22.0,916,21.6,20.299999999999997,0.3999999999999986,20.699999999999996,0.0,5.910000004405447e-05,0.00045139999997445557,0.5862033000000793
7,Random,OriginalOrder,20,8,1807,42.3,3225,29.4,1158,2.4,12.899999999999999,27.0,39.9,0.0,5.910000004405447e-05,2.0000015865662135e-07,0.5862033000000793
7,Random,MarginalGainPredictor,20,8,1807,42.3,3225,29.4,916,21.6,12.899999999999999,7.799999999999997,20.699999999999996,0.0,5.910000004405447e-05,0.0004655999998703919,0.5862033000000793
7,Random,OriginalOrder,50,8,1807,42.3,9070,39.7,1158,2.4,2.5999999999999943,37.300000000000004,39.9,0.0,5.910000004405447e-05,2.0000015865662135e-07,0.5862033000000793
7,Random,MarginalGainPredictor,50,8,1807,42.3,9070,39.7,985,30.7,2.5999999999999943,9.000000000000004,11.599999999999998,0.0,5.910000004405447e-05,0.0003911999999672844,0.5862033000000793
7,Random,OriginalOrder,100,8,1807,42.3,9070,39.7,1158,2.4,2.5999999999999943,37.300000000000004,39.9,0.0,5.910000004405447e-05,2.0000015865662135e-07,0.5862033000000793
7,Random,MarginalGainPredictor,100,8,1807,42.3,9070,39.7,310,37.3,2.5999999999999943,2.4000000000000057,5.0,0.0,5.910000004405447e-05,0.00040310000008503266,0.5862033000000793
7,Random,OriginalOrder,10,9,1807,42.3,9070,39.7,692,16.0,2.5999999999999943,23.700000000000003,26.299999999999997,0.0,4.5700000100623583e-05,9.999985195463523e-08,0.5862033000000793
7,Random,MarginalGainPredictor,10,9,1807,42.3,9070,39.7,2216,37.6,2.5999999999999943,2.1000000000000014,4.699999999999996,0.0,4.5700000100623583e-05,0.0003422999998292653,0.5862033000000793
7,Random,OriginalOrder,20,9,1807,42.3,9070,39.7,692,16.0,2.5999999999999943,23.700000000000003,26.299999999999997,0.0,4.5700000100623583e-05,1.999999312829459e-07,0.5862033000000793
7,Random,MarginalGainPredictor,20,9,1807,42.3,9070,39.7,2216,37.6,2.5999999999999943,2.1000000000000014,4.699999999999996,0.0,4.5700000100623583e-05,0.00046429999997599225,0.5862033000000793
7,Random,OriginalOrder,50,9,1807,42.3,9070,39.7,692,16.0,2.5999999999999943,23.700000000000003,26.299999999999997,0.0,4.5700000100623583e-05,1.999999312829459e-07,0.5862033000000793
7,Random,MarginalGainPredictor,50,9,1807,42.3,9070,39.7,2216,37.6,2.5999999999999943,2.1000000000000014,4.699999999999996,0.0,4.5700000100623583e-05,0.0004765999999563064,0.5862033000000793
7,Random,OriginalOrder,100,9,1807,42.3,9070,39.7,692,16.0,2.5999999999999943,23.700000000000003,26.299999999999997,0.0,4.5700000100623583e-05,1.0000007932831068e-07,0.5862033000000793
7,Random,MarginalGainPredictor,100,9,1807,42.3,9070,39.7,2216,37.6,2.5999999999999943,2.1000000000000014,4.699999999999996,0.0,4.5700000100623583e-05,0.0005155999999715277,0.5862033000000793
8,Degree,OriginalOrder,10,,7123,40.1,310,32.8,916,5.4,7.300000000000004,27.4,34.7,0.0,0.00011230000018258579,3.000000106112566e-07,0.48147770000014134
8,Degree,MarginalGainPredictor,10,,7123,40.1,310,32.8,310,32.8,7.300000000000004,0.0,7.300000000000004,0.0,0.00011230000018258579,0.0013796000000638742,0.48147770000014134
8,Degree,OriginalOrder,20,,7123,40.1,310,32.8,916,5.4,7.300000000000004,27.4,34.7,0.0,0.00011230000018258579,1.999999312829459e-07,0.48147770000014134
8,Degree,MarginalGainPredictor,20,,7123,40.1,310,32.8,310,32.8,7.300000000000004,0.0,7.300000000000004,0.0,0.00011230000018258579,0.0006748999999217631,0.48147770000014134
8,Degree,OriginalOrder,50,,7123,40.1,310,32.8,916,5.4,7.300000000000004,27.4,34.7,0.0,0.00011230000018258579,1.999999312829459e-07,0.48147770000014134
8,Degree,MarginalGainPredictor,50,,7123,40.1,310,32.8,310,32.8,7.300000000000004,0.0,7.300000000000004,0.0,0.00011230000018258579,0.0006296000001384527,0.48147770000014134
8,Degree,OriginalOrder,100,,7123,40.1,3225,33.4,916,5.4,6.700000000000003,28.0,34.7,0.0,0.00011230000018258579,1.999999312829459e-07,0.48147770000014134
8,Degree,MarginalGainPredictor,100,,7123,40.1,3225,33.4,310,32.8,6.700000000000003,0.6000000000000014,7.300000000000004,0.0,0.00011230000018258579,0.0008702999998604355,0.48147770000014134
8,DegreeDiscount,OriginalOrder,10,,7123,40.1,310,32.8,12802,21.0,7.300000000000004,11.799999999999997,19.1,0.0,0.0032546999998430692,3.000000106112566e-07,0.48147770000014134
8,DegreeDiscount,MarginalGainPredictor,10,,7123,40.1,310,32.8,310,32.8,7.300000000000004,0.0,7.300000000000004,0.0,0.0032546999998430692,0.0006181999999625987,0.48147770000014134
8,DegreeDiscount,OriginalOrder,20,,7123,40.1,310,32.8,12802,21.0,7.300000000000004,11.799999999999997,19.1,0.0,0.0032546999998430692,1.999999312829459e-07,0.48147770000014134
8,DegreeDiscount,MarginalGainPredictor,20,,7123,40.1,310,32.8,310,32.8,7.300000000000004,0.0,7.300000000000004,0.0,0.0032546999998430692,0.000523500000099375,0.48147770000014134
8,DegreeDiscount,OriginalOrder,50,,7123,40.1,310,32.8,12802,21.0,7.300000000000004,11.799999999999997,19.1,0.0,0.0032546999998430692,1.999999312829459e-07,0.48147770000014134
8,DegreeDiscount,MarginalGainPredictor,50,,7123,40.1,310,32.8,310,32.8,7.300000000000004,0.0,7.300000000000004,0.0,0.0032546999998430692,0.0004954999999426946,0.48147770000014134
8,DegreeDiscount,OriginalOrder,100,,7123,40.1,7123,40.1,12802,21.0,0.0,19.1,19.1,0.0,0.0032546999998430692,3.000000106112566e-07,0.48147770000014134
8,DegreeDiscount,MarginalGainPredictor,100,,7123,40.1,7123,40.1,310,32.8,0.0,7.300000000000004,7.300000000000004,0.0,0.0032546999998430692,0.000502699999969991,0.48147770000014134
8,FeatureDQN,OriginalOrder,10,,7123,40.1,2510,14.2,2034,9.6,25.900000000000002,4.6,30.5,-1.7763568394002505e-15,0.0014423999998598447,1.0000007932831068e-07,0.48147770000014134
8,FeatureDQN,MarginalGainPredictor,10,,7123,40.1,2510,14.2,905,4.3,25.900000000000002,9.899999999999999,35.800000000000004,3.552713678800501e-15,0.0014423999998598447,0.00044350000007398194,0.48147770000014134
8,FeatureDQN,OriginalOrder,20,,7123,40.1,3916,26.0,2034,9.6,14.100000000000001,16.4,30.5,0.0,0.0014423999998598447,2.0000015865662135e-07,0.48147770000014134
8,FeatureDQN,MarginalGainPredictor,20,,7123,40.1,3916,26.0,3916,26.0,14.100000000000001,0.0,14.100000000000001,0.0,0.0014423999998598447,0.00042729999995572143,0.48147770000014134
8,FeatureDQN,OriginalOrder,50,,7123,40.1,2122,30.8,2034,9.6,9.3,21.200000000000003,30.5,-3.552713678800501e-15,0.0014423999998598447,2.0000015865662135e-07,0.48147770000014134
8,FeatureDQN,MarginalGainPredictor,50,,7123,40.1,2122,30.8,916,5.4,9.3,25.4,34.7,3.552713678800501e-15,0.0014423999998598447,0.00046120000001792505,0.48147770000014134
8,FeatureDQN,OriginalOrder,100,,7123,40.1,2122,30.8,2034,9.6,9.3,21.200000000000003,30.5,-3.552713678800501e-15,0.0014423999998598447,1.999999312829459e-07,0.48147770000014134
8,FeatureDQN,MarginalGainPredictor,100,,7123,40.1,2122,30.8,916,5.4,9.3,25.4,34.7,3.552713678800501e-15,0.0014423999998598447,0.000522499999988213,0.48147770000014134
8,Random,OriginalOrder,10,0,7123,40.1,2122,30.8,408,13.8,9.3,17.0,26.3,0.0,5.82000000122207e-05,1.999999312829459e-07,0.48147770000014134
8,Random,MarginalGainPredictor,10,0,7123,40.1,2122,30.8,3078,21.0,9.3,9.8,19.1,0.0,5.82000000122207e-05,0.0004784999998719286,0.48147770000014134
8,Random,OriginalOrder,20,0,7123,40.1,2122,30.8,408,13.8,9.3,17.0,26.3,0.0,5.82000000122207e-05,3.000000106112566e-07,0.48147770000014134
8,Random,MarginalGainPredictor,20,0,7123,40.1,2122,30.8,985,26.1,9.3,4.699999999999999,14.0,0.0,5.82000000122207e-05,0.0004449000000477099,0.48147770000014134
8,Random,OriginalOrder,50,0,7123,40.1,2122,30.8,408,13.8,9.3,17.0,26.3,0.0,5.82000000122207e-05,1.999999312829459e-07,0.48147770000014134
8,Random,MarginalGainPredictor,50,0,7123,40.1,2122,30.8,985,26.1,9.3,4.699999999999999,14.0,0.0,5.82000000122207e-05,0.000496600000133185,0.48147770000014134
8,Random,OriginalOrder,100,0,7123,40.1,7123,40.1,408,13.8,0.0,26.3,26.3,0.0,5.82000000122207e-05,2.0000015865662135e-07,0.48147770000014134
8,Random,MarginalGainPredictor,100,0,7123,40.1,7123,40.1,985,26.1,0.0,14.0,14.0,0.0,5.82000000122207e-05,0.000488600000153383,0.48147770000014134
8,Random,OriginalOrder,10,1,7123,40.1,592,24.8,1028,3.1,15.3,21.7,37.0,0.0,4.950000015924161e-05,2.0000015865662135e-07,0.48147770000014134
8,Random,MarginalGainPredictor,10,1,7123,40.1,592,24.8,408,13.8,15.3,11.0,26.3,0.0,4.950000015924161e-05,0.000426500000003216,0.48147770000014134
8,Random,OriginalOrder,20,1,7123,40.1,985,26.1,1028,3.1,14.0,23.0,37.0,0.0,4.950000015924161e-05,3.000000106112566e-07,0.48147770000014134
8,Random,MarginalGainPredictor,20,1,7123,40.1,985,26.1,985,26.1,14.0,0.0,14.0,0.0,4.950000015924161e-05,0.0004728999999770167,0.48147770000014134
8,Random,OriginalOrder,50,1,7123,40.1,9070,29.6,1028,3.1,10.5,26.5,37.0,0.0,4.950000015924161e-05,2.0000015865662135e-07,0.48147770000014134
8,Random,MarginalGainPredictor,50,1,7123,40.1,9070,29.6,985,26.1,10.5,3.5,14.0,0.0,4.950000015924161e-05,0.0005029999999806023,0.48147770000014134
8,Random,OriginalOrder,100,1,7123,40.1,3225,33.4,1028,3.1,6.700000000000003,30.299999999999997,37.0,0.0,4.950000015924161e-05,1.999999312829459e-07,0.48147770000014134
8,Random,MarginalGainPredictor,100,1,7123,40.1,3225,33.4,985,26.1,6.700000000000003,7.299999999999997,14.0,0.0,4.950000015924161e-05,0.000511899999992238,0.48147770000014134
8,Random,OriginalOrder,10,2,7123,40.1,6158,15.1,2854,5.5,25.0,9.6,34.6,1.7763568394002505e-15,4.770000009557407e-05,1.999999312829459e-07,0.48147770000014134
8,Random,MarginalGainPredictor,10,2,7123,40.1,6158,15.1,916,5.4,25.0,9.7,34.7,3.552713678800501e-15,4.770000009557407e-05,0.0004543000000012398,0.48147770000014134
8,Random,OriginalOrder,20,2,7123,40.1,985,26.1,2854,5.5,14.0,20.6,34.6,0.0,4.770000009557407e-05,3.000000106112566e-07,0.48147770000014134
8,Random,MarginalGainPredictor,20,2,7123,40.1,985,26.1,985,26.1,14.0,0.0,14.0,0.0,4.770000009557407e-05,0.0004467999999633321,0.48147770000014134
8,Random,OriginalOrder,50,2,7123,40.1,3225,33.4,2854,5.5,6.700000000000003,27.9,34.6,0.0,4.770000009557407e-05,1.0000007932831068e-07,0.48147770000014134
8,Random,MarginalGainPredictor,50,2,7123,40.1,3225,33.4,985,26.1,6.700000000000003,7.299999999999997,14.0,0.0,4.770000009557407e-05,0.0005200999999033229,0.48147770000014134
8,Random,OriginalOrder,100,2,7123,40.1,7123,40.1,2854,5.5,0.0,34.6,34.6,0.0,4.770000009557407e-05,2.0000015865662135e-07,0.48147770000014134
8,Random,MarginalGainPredictor,100,2,7123,40.1,7123,40.1,985,26.1,0.0,14.0,14.0,0.0,4.770000009557407e-05,0.0005040000000917644,0.48147770000014134
8,Random,OriginalOrder,10,3,7123,40.1,181,29.2,181,29.2,10.900000000000002,0.0,10.900000000000002,0.0,4.830000011679658e-05,1.999999312829459e-07,0.48147770000014134
8,Random,MarginalGainPredictor,10,3,7123,40.1,181,29.2,1040,1.0,10.900000000000002,28.2,39.1,0.0,4.830000011679658e-05,0.0005076999998436804,0.48147770000014134
8,Random,OriginalOrder,20,3,7123,40.1,181,29.2,181,29.2,10.900000000000002,0.0,10.900000000000002,0.0,4.830000011679658e-05,1.999999312829459e-07,0.48147770000014134
8,Random,MarginalGainPredictor,20,3,7123,40.1,181,29.2,916,5.4,10.900000000000002,23.799999999999997,34.7,3.552713678800501e-15,4.830000011679658e-05,0.0006258000000798347,0.48147770000014134
8,Random,OriginalOrder,50,3,7123,40.1,7123,40.1,181,29.2,0.0,10.900000000000002,10.900000000000002,0.0,4.830000011679658e-05,2.9999978323758114e-07,0.48147770000014134
8,Random,MarginalGainPredictor,50,3,7123,40.1,7123,40.1,1277,0.0,0.0,40.1,40.1,0.0,4.830000011679658e-05,0.000575400000116133,0.48147770000014134
8,Random,OriginalOrder,100,3,7123,40.1,7123,40.1,181,29.2,0.0,10.900000000000002,10.900000000000002,0.0,4.830000011679658e-05,1.999999312829459e-07,0.48147770000014134
8,Random,MarginalGainPredictor,100,3,7123,40.1,7123,40.1,985,26.1,0.0,14.0,14.0,0.0,4.830000011679658e-05,0.0006802000000334374,0.48147770000014134
8,Random,OriginalOrder,10,4,7123,40.1,2122,30.8,2854,5.5,9.3,25.3,34.6,0.0,5.4600000112259295e-05,1.0000007932831068e-07,0.48147770000014134
8,Random,MarginalGainPredictor,10,4,7123,40.1,2122,30.8,1249,14.5,9.3,16.3,25.6,0.0,5.4600000112259295e-05,0.0013922000000547996,0.48147770000014134
8,Random,OriginalOrder,20,4,7123,40.1,2122,30.8,2854,5.5,9.3,25.3,34.6,0.0,5.4600000112259295e-05,3.000000106112566e-07,0.48147770000014134
8,Random,MarginalGainPredictor,20,4,7123,40.1,2122,30.8,1249,14.5,9.3,16.3,25.6,0.0,5.4600000112259295e-05,0.0006645999999363994,0.48147770000014134
8,Random,OriginalOrder,50,4,7123,40.1,7123,40.1,2854,5.5,0.0,34.6,34.6,0.0,5.4600000112259295e-05,2.0000015865662135e-07,0.48147770000014134
8,Random,MarginalGainPredictor,50,4,7123,40.1,7123,40.1,7995,10.2,0.0,29.900000000000002,29.900000000000002,0.0,5.4600000112259295e-05,0.0005234999998720014,0.48147770000014134
8,Random,OriginalOrder,100,4,7123,40.1,7123,40.1,2854,5.5,0.0,34.6,34.6,0.0,5.4600000112259295e-05,1.999999312829459e-07,0.48147770000014134
8,Random,MarginalGainPredictor,100,4,7123,40.1,7123,40.1,7995,10.2,0.0,29.900000000000002,29.900000000000002,0.0,5.4600000112259295e-05,0.0005984000001717504,0.48147770000014134
8,Random,OriginalOrder,10,5,7123,40.1,4285,21.3,4172,12.7,18.8,8.600000000000001,27.400000000000002,0.0,5.149999992681842e-05,1.0000007932831068e-07,0.48147770000014134
8,Random,MarginalGainPredictor,10,5,7123,40.1,4285,21.3,98,11.8,18.8,9.5,28.3,0.0,5.149999992681842e-05,0.0005664999998771236,0.48147770000014134
8,Random,OriginalOrder,20,5,7123,40.1,1920,26.5,4172,12.7,13.600000000000001,13.8,27.400000000000002,0.0,5.149999992681842e-05,1.999999312829459e-07,0.48147770000014134
8,Random,MarginalGainPredictor,20,5,7123,40.1,1920,26.5,1423,11.1,13.600000000000001,15.4,29.0,-1.7763568394002505e-15,5.149999992681842e-05,0.0004837999999836029,0.48147770000014134
8,Random,OriginalOrder,50,5,7123,40.1,692,26.7,4172,12.7,13.400000000000002,14.0,27.400000000000002,0.0,5.149999992681842e-05,2.0000015865662135e-07,0.48147770000014134
8,Random,MarginalGainPredictor,50,5,7123,40.1,692,26.7,7995,10.2,13.400000000000002,16.5,29.900000000000002,0.0,5.149999992681842e-05,0.000561199999992823,0.48147770000014134
8,Random,OriginalOrder,100,5,7123,40.1,7123,40.1,4172,12.7,0.0,27.400000000000002,27.400000000000002,0.0,5.149999992681842e-05,3.000000106112566e-07,0.48147770000014134
8,Random,MarginalGainPredictor,100,5,7123,40.1,7123,40.1,2216,29.6,0.0,10.5,10.5,0.0,5.149999992681842e-05,0.0005653000000620523,0.48147770000014134
8,Random,OriginalOrder,10,6,7123,40.1,310,32.8,679,9.2,7.300000000000004,23.599999999999998,30.900000000000002,0.0,5.149999992681842e-05,1.0000007932831068e-07,0.48147770000014134
8,Random,MarginalGainPredictor,10,6,7123,40.1,310,32.8,310,32.8,7.300000000000004,0.0,7.300000000000004,0.0,5.149999992681842e-05,0.00047050000011950033,0.48147770000014134
8,Random,OriginalOrder,20,6,7123,40.1,3225,33.4,679,9.2,6.700000000000003,24.2,30.900000000000002,0.0,5.149999992681842e-05,2.0000015865662135e-07,0.48147770000014134
8,Random,MarginalGainPredictor,20,6,7123,40.1,3225,33.4,310,32.8,6.700000000000003,0.6000000000000014,7.300000000000004,0.0,5.149999992681842e-05,0.0005536000001029606,0.48147770000014134
8,Random,OriginalOrder,50,6,7123,40.1,3225,33.4,679,9.2,6.700000000000003,24.2,30.900000000000002,0.0,5.149999992681842e-05,3.000000106112566e-07,0.48147770000014134
8,Random,MarginalGainPredictor,50,6,7123,40.1,3225,33.4,310,32.8,6.700000000000003,0.6000000000000014,7.300000000000004,0.0,5.149999992681842e-05,0.0005191999998714891,0.48147770000014134
8,Random,OriginalOrder,100,6,7123,40.1,3225,33.4,679,9.2,6.700000000000003,24.2,30.900000000000002,0.0,5.149999992681842e-05,3.000000106112566e-07,0.48147770000014134
8,Random,MarginalGainPredictor,100,6,7123,40.1,3225,33.4,310,32.8,6.700000000000003,0.6000000000000014,7.300000000000004,0.0,5.149999992681842e-05,0.00059489999989637,0.48147770000014134
8,Random,OriginalOrder,10,7,7123,40.1,2216,29.6,11249,3.0,10.5,26.6,37.1,0.0,5.9400000054665725e-05,9.999985195463523e-08,0.48147770000014134
8,Random,MarginalGainPredictor,10,7,7123,40.1,2216,29.6,2216,29.6,10.5,0.0,10.5,0.0,5.9400000054665725e-05,0.0005320999998730258,0.48147770000014134
8,Random,OriginalOrder,20,7,7123,40.1,2216,29.6,11249,3.0,10.5,26.6,37.1,0.0,5.9400000054665725e-05,3.000000106112566e-07,0.48147770000014134
8,Random,MarginalGainPredictor,20,7,7123,40.1,2216,29.6,2216,29.6,10.5,0.0,10.5,0.0,5.9400000054665725e-05,0.00047359999985019385,0.48147770000014134
8,Random,OriginalOrder,50,7,7123,40.1,2021,31.6,11249,3.0,8.5,28.6,37.1,0.0,5.9400000054665725e-05,2.0000015865662135e-07,0.48147770000014134
8,Random,MarginalGainPredictor,50,7,7123,40.1,2021,31.6,2216,29.6,8.5,2.0,10.5,0.0,5.9400000054665725e-05,0.000538999999889711,0.48147770000014134
8,Random,OriginalOrder,100,7,7123,40.1,7123,40.1,11249,3.0,0.0,37.1,37.1,0.0,5.9400000054665725e-05,2.0000015865662135e-07,0.48147770000014134
8,Random,MarginalGainPredictor,100,7,7123,40.1,7123,40.1,2216,29.6,0.0,10.5,10.5,0.0,5.9400000054665725e-05,0.0005410000001120352,0.48147770000014134
8,Random,OriginalOrder,10,8,7123,40.1,310,32.8,1392,3.4,7.300000000000004,29.4,36.7,0.0,5.149999992681842e-05,1.0000007932831068e-07,0.48147770000014134
8,Random,MarginalGainPredictor,10,8,7123,40.1,310,32.8,310,32.8,7.300000000000004,0.0,7.300000000000004,0.0,5.149999992681842e-05,0.00047730000005685724,0.48147770000014134
8,Random,OriginalOrder,20,8,7123,40.1,310,32.8,1392,3.4,7.300000000000004,29.4,36.7,0.0,5.149999992681842e-05,1.999999312829459e-07,0.48147770000014134
8,Random,MarginalGainPredictor,20,8,7123,40.1,310,32.8,310,32.8,7.300000000000004,0.0,7.300000000000004,0.0,5.149999992681842e-05,0.00045810000005985785,0.48147770000014134
8,Random,OriginalOrder,50,8,7123,40.1,310,32.8,1392,3.4,7.300000000000004,29.4,36.7,0.0,5.149999992681842e-05,1.999999312829459e-07,0.48147770000014134
8,Random,MarginalGainPredictor,50,8,7123,40.1,310,32.8,310,32.8,7.300000000000004,0.0,7.300000000000004,0.0,5.149999992681842e-05,0.0005470999999488413,0.48147770000014134
8,Random,OriginalOrder,100,8,7123,40.1,7123,40.1,1392,3.4,0.0,36.7,36.7,0.0,5.149999992681842e-05,1.999999312829459e-07,0.48147770000014134
8,Random,MarginalGainPredictor,100,8,7123,40.1,7123,40.1,310,32.8,0.0,7.300000000000004,7.300000000000004,0.0,5.149999992681842e-05,0.0005250000001524313,0.48147770000014134
8,Random,OriginalOrder,10,9,7123,40.1,1140,28.1,2032,10.2,12.0,17.900000000000002,29.900000000000002,0.0,4.94000000799133e-05,1.999999312829459e-07,0.48147770000014134
8,Random,MarginalGainPredictor,10,9,7123,40.1,1140,28.1,3916,26.0,12.0,2.1000000000000014,14.100000000000001,0.0,4.94000000799133e-05,0.0005367999999634776,0.48147770000014134
8,Random,OriginalOrder,20,9,7123,40.1,3225,33.4,2032,10.2,6.700000000000003,23.2,29.900000000000002,0.0,4.94000000799133e-05,1.999999312829459e-07,0.48147770000014134
8,Random,MarginalGainPredictor,20,9,7123,40.1,3225,33.4,1920,26.5,6.700000000000003,6.899999999999999,13.600000000000001,0.0,4.94000000799133e-05,0.0005410999999639898,0.48147770000014134
8,Random,OriginalOrder,50,9,7123,40.1,3225,33.4,2032,10.2,6.700000000000003,23.2,29.900000000000002,0.0,4.94000000799133e-05,3.000000106112566e-07,0.48147770000014134
8,Random,MarginalGainPredictor,50,9,7123,40.1,3225,33.4,916,5.4,6.700000000000003,28.0,34.7,0.0,4.94000000799133e-05,0.0005129999999553547,0.48147770000014134
8,Random,OriginalOrder,100,9,7123,40.1,7123,40.1,2032,10.2,0.0,29.900000000000002,29.900000000000002,0.0,4.94000000799133e-05,1.999999312829459e-07,0.48147770000014134
8,Random,MarginalGainPredictor,100,9,7123,40.1,7123,40.1,985,26.1,0.0,14.0,14.0,0.0,4.94000000799133e-05,0.000715500000069369,0.48147770000014134
9,Degree,OriginalOrder,10,,310,45.1,310,45.1,916,10.0,0.0,35.1,35.1,0.0,0.0001147999998920568,1.999999312829459e-07,0.5770979000001262
9,Degree,MarginalGainPredictor,10,,310,45.1,310,45.1,310,45.1,0.0,0.0,0.0,0.0,0.0001147999998920568,0.001691400000026988,0.5770979000001262
9,Degree,OriginalOrder,20,,310,45.1,310,45.1,916,10.0,0.0,35.1,35.1,0.0,0.0001147999998920568,1.999999312829459e-07,0.5770979000001262
9,Degree,MarginalGainPredictor,20,,310,45.1,310,45.1,310,45.1,0.0,0.0,0.0,0.0,0.0001147999998920568,0.0007787000001826527,0.5770979000001262
9,Degree,OriginalOrder,50,,310,45.1,310,45.1,916,10.0,0.0,35.1,35.1,0.0,0.0001147999998920568,1.999999312829459e-07,0.5770979000001262
9,Degree,MarginalGainPredictor,50,,310,45.1,310,45.1,310,45.1,0.0,0.0,0.0,0.0,0.0001147999998920568,0.0005823999999847729,0.5770979000001262
9,Degree,OriginalOrder,100,,310,45.1,310,45.1,916,10.0,0.0,35.1,35.1,0.0,0.0001147999998920568,2.0000015865662135e-07,0.5770979000001262
9,Degree,MarginalGainPredictor,100,,310,45.1,310,45.1,310,45.1,0.0,0.0,0.0,0.0,0.0001147999998920568,0.0005754999999680876,0.5770979000001262
9,DegreeDiscount,OriginalOrder,10,,310,45.1,310,45.1,12802,17.8,0.0,27.3,27.3,0.0,0.003142900000057125,2.0000015865662135e-07,0.5770979000001262
9,DegreeDiscount,MarginalGainPredictor,10,,310,45.1,310,45.1,310,45.1,0.0,0.0,0.0,0.0,0.003142900000057125,0.0005713000000469037,0.5770979000001262
9,DegreeDiscount,OriginalOrder,20,,310,45.1,310,45.1,12802,17.8,0.0,27.3,27.3,0.0,0.003142900000057125,1.999999312829459e-07,0.5770979000001262
9,DegreeDiscount,MarginalGainPredictor,20,,310,45.1,310,45.1,310,45.1,0.0,0.0,0.0,0.0,0.003142900000057125,0.000539300000127696,0.5770979000001262
9,DegreeDiscount,OriginalOrder,50,,310,45.1,310,45.1,12802,17.8,0.0,27.3,27.3,0.0,0.003142900000057125,1.999999312829459e-07,0.5770979000001262
9,DegreeDiscount,MarginalGainPredictor,50,,310,45.1,310,45.1,310,45.1,0.0,0.0,0.0,0.0,0.003142900000057125,0.000550799999928131,0.5770979000001262
9,DegreeDiscount,OriginalOrder,100,,310,45.1,310,45.1,12802,17.8,0.0,27.3,27.3,0.0,0.003142900000057125,9.999985195463523e-08,0.5770979000001262
9,DegreeDiscount,MarginalGainPredictor,100,,310,45.1,310,45.1,310,45.1,0.0,0.0,0.0,0.0,0.003142900000057125,0.000664800000095056,0.5770979000001262
9,FeatureDQN,OriginalOrder,10,,310,45.1,4826,13.5,2034,9.1,31.6,4.4,36.0,-1.7763568394002505e-15,0.0014925999998922634,1.999999312829459e-07,0.5770979000001262
9,FeatureDQN,MarginalGainPredictor,10,,310,45.1,4826,13.5,905,4.0,31.6,9.5,41.1,0.0,0.0014925999998922634,0.000453599999900689,0.5770979000001262
9,FeatureDQN,OriginalOrder,20,,310,45.1,3916,21.2,2034,9.1,23.900000000000002,12.1,36.0,-1.7763568394002505e-15,0.0014925999998922634,1.999999312829459e-07,0.5770979000001262
9,FeatureDQN,MarginalGainPredictor,20,,310,45.1,3916,21.2,3916,21.2,23.900000000000002,0.0,23.900000000000002,0.0,0.0014925999998922634,0.0004281999999875552,0.5770979000001262
9,FeatureDQN,OriginalOrder,50,,310,45.1,2122,28.3,2034,9.1,16.8,19.200000000000003,36.0,-3.552713678800501e-15,0.0014925999998922634,2.0000015865662135e-07,0.5770979000001262
9,FeatureDQN,MarginalGainPredictor,50,,310,45.1,2122,28.3,916,10.0,16.8,18.3,35.1,0.0,0.0014925999998922634,0.0005065000000286091,0.5770979000001262
9,FeatureDQN,OriginalOrder,100,,310,45.1,658,29.1,2034,9.1,16.0,20.0,36.0,0.0,0.0014925999998922634,2.0000015865662135e-07,0.5770979000001262
9,FeatureDQN,MarginalGainPredictor,100,,310,45.1,658,29.1,916,10.0,16.0,19.1,35.1,0.0,0.0014925999998922634,0.00048549999996794213,0.5770979000001262
9,Random,OriginalOrder,10,0,310,45.1,4103,22.2,4103,22.2,22.900000000000002,0.0,22.900000000000002,0.0,5.8500000022831955e-05,1.999999312829459e-07,0.5770979000001262
9,Random,MarginalGainPredictor,10,0,310,45.1,4103,22.2,4758,7.0,22.900000000000002,15.2,38.1,0.0,5.8500000022831955e-05,0.0004441999999471591,0.5770979000001262
9,Random,OriginalOrder,20,0,310,45.1,4103,22.2,4103,22.2,22.900000000000002,0.0,22.900000000000002,0.0,5.8500000022831955e-05,3.000000106112566e-07,0.5770979000001262
9,Random,MarginalGainPredictor,20,0,310,45.1,4103,22.2,7995,14.7,22.900000000000002,7.5,30.400000000000002,0.0,5.8500000022831955e-05,0.00043580000010479125,0.5770979000001262
9,Random,OriginalOrder,50,0,310,45.1,830,26.2,4103,22.2,18.900000000000002,4.0,22.900000000000002,0.0,5.8500000022831955e-05,1.0000007932831068e-07,0.5770979000001262
9,Random,MarginalGainPredictor,50,0,310,45.1,830,26.2,7995,14.7,18.900000000000002,11.5,30.400000000000002,0.0,5.8500000022831955e-05,0.0007114999998520943,0.5770979000001262
9,Random,OriginalOrder,100,0,310,45.1,9070,32.5,4103,22.2,12.600000000000001,10.3,22.900000000000002,0.0,5.8500000022831955e-05,2.0000015865662135e-07,0.5770979000001262
9,Random,MarginalGainPredictor,100,0,310,45.1,9070,32.5,820,16.8,12.600000000000001,15.7,28.3,0.0,5.8500000022831955e-05,0.000554799999918032,0.5770979000001262
9,Random,OriginalOrder,10,1,310,45.1,658,29.1,12378,6.4,16.0,22.700000000000003,38.7,0.0,5.639999994855316e-05,9.999985195463523e-08,0.5770979000001262
9,Random,MarginalGainPredictor,10,1,310,45.1,658,29.1,1277,0.0,16.0,29.1,45.1,0.0,5.639999994855316e-05,0.0004781000000093627,0.5770979000001262
9,Random,OriginalOrder,20,1,310,45.1,658,29.1,12378,6.4,16.0,22.700000000000003,38.7,0.0,5.639999994855316e-05,3.000000106112566e-07,0.5770979000001262
9,Random,MarginalGainPredictor,20,1,310,45.1,658,29.1,820,16.8,16.0,12.3,28.3,0.0,5.639999994855316e-05,0.0005031999999118852,0.5770979000001262
9,Random,OriginalOrder,50,1,310,45.1,985,31.5,12378,6.4,13.600000000000001,25.1,38.7,0.0,5.639999994855316e-05,2.0000015865662135e-07,0.5770979000001262
9,Random,MarginalGainPredictor,50,1,310,45.1,985,31.5,985,31.5,13.600000000000001,0.0,13.600000000000001,0.0,5.639999994855316e-05,0.000469199999997727,0.5770979000001262
9,Random,OriginalOrder,100,1,310,45.1,2216,33.6,12378,6.4,11.5,27.200000000000003,38.7,0.0,5.639999994855316e-05,2.0000015865662135e-07,0.5770979000001262
9,Random,MarginalGainPredictor,100,1,310,45.1,2216,33.6,985,31.5,11.5,2.1000000000000014,13.600000000000001,0.0,5.639999994855316e-05,0.0004847999998673913,0.5770979000001262
9,Random,OriginalOrder,10,2,310,45.1,2477,31.1,1580,8.3,14.0,22.8,36.8,-3.552713678800501e-15,4.839999996875122e-05,9.999985195463523e-08,0.5770979000001262
9,Random,MarginalGainPredictor,10,2,310,45.1,2477,31.1,1249,12.9,14.0,18.200000000000003,32.2,0.0,4.839999996875122e-05,0.0004255999999713822,0.5770979000001262
9,Random,OriginalOrder,20,2,310,45.1,2477,31.1,1580,8.3,14.0,22.8,36.8,-3.552713678800501e-15,4.839999996875122e-05,3.000000106112566e-07,0.5770979000001262
9,Random,MarginalGainPredictor,20,2,310,45.1,2477,31.1,916,10.0,14.0,21.1,35.1,0.0,4.839999996875122e-05,0.00044079999997848063,0.5770979000001262
9,Random,OriginalOrder,50,2,310,45.1,2477,31.1,1580,8.3,14.0,22.8,36.8,-3.552713678800501e-15,4.839999996875122e-05,3.000000106112566e-07,0.5770979000001262
9,Random,MarginalGainPredictor,50,2,310,45.1,2477,31.1,916,10.0,14.0,21.1,35.1,0.0,4.839999996875122e-05,0.0004413000001477485,0.5770979000001262
9,Random,OriginalOrder,100,2,310,45.1,8264,32.7,1580,8.3,12.399999999999999,24.400000000000002,36.8,-3.552713678800501e-15,4.839999996875122e-05,1.999999312829459e-07,0.5770979000001262
9,Random,MarginalGainPredictor,100,2,310,45.1,8264,32.7,820,16.8,12.399999999999999,15.900000000000002,28.3,0.0,4.839999996875122e-05,0.00046229999998104176,0.5770979000001262
9,Random,OriginalOrder,10,3,310,45.1,7377,20.5,6314,9.1,24.6,11.4,36.0,-1.7763568394002505e-15,4.7799999947528704e-05,9.999985195463523e-08,0.5770979000001262
9,Random,MarginalGainPredictor,10,3,310,45.1,7377,20.5,6314,9.1,24.6,11.4,36.0,-1.7763568394002505e-15,4.7799999947528704e-05,0.00040780000017548446,0.5770979000001262
9,Random,OriginalOrder,20,3,310,45.1,7377,20.5,6314,9.1,24.6,11.4,36.0,-1.7763568394002505e-15,4.7799999947528704e-05,2.0000015865662135e-07,0.5770979000001262
9,Random,MarginalGainPredictor,20,3,310,45.1,7377,20.5,6314,9.1,24.6,11.4,36.0,-1.7763568394002505e-15,4.7799999947528704e-05,0.0004801000000043132,0.5770979000001262
9,Random,OriginalOrder,50,3,310,45.1,310,45.1,6314,9.1,0.0,36.0,36.0,0.0,4.7799999947528704e-05,1.999999312829459e-07,0.5770979000001262
9,Random,MarginalGainPredictor,50,3,310,45.1,310,45.1,310,45.1,0.0,0.0,0.0,0.0,4.7799999947528704e-05,0.0004516999999850668,0.5770979000001262
9,Random,OriginalOrder,100,3,310,45.1,310,45.1,6314,9.1,0.0,36.0,36.0,0.0,4.7799999947528704e-05,2.0000015865662135e-07,0.5770979000001262
9,Random,MarginalGainPredictor,100,3,310,45.1,310,45.1,310,45.1,0.0,0.0,0.0,0.0,4.7799999947528704e-05,0.0004799999999249849,0.5770979000001262
9,Random,OriginalOrder,10,4,310,45.1,985,31.5,14011,11.5,13.600000000000001,20.0,33.6,0.0,4.8800000058690784e-05,9.999985195463523e-08,0.5770979000001262
9,Random,MarginalGainPredictor,10,4,310,45.1,985,31.5,985,31.5,13.600000000000001,0.0,13.600000000000001,0.0,4.8800000058690784e-05,0.00041390000001229055,0.5770979000001262
9,Random,OriginalOrder,20,4,310,45.1,985,31.5,14011,11.5,13.600000000000001,20.0,33.6,0.0,4.8800000058690784e-05,1.999999312829459e-07,0.5770979000001262
9,Random,MarginalGainPredictor,20,4,310,45.1,985,31.5,985,31.5,13.600000000000001,0.0,13.600000000000001,0.0,4.8800000058690784e-05,0.00042829999983950984,0.5770979000001262
9,Random,OriginalOrder,50,4,310,45.1,985,31.5,14011,11.5,13.600000000000001,20.0,33.6,0.0,4.8800000058690784e-05,2.0000015865662135e-07,0.5770979000001262
9,Random,MarginalGainPredictor,50,4,310,45.1,985,31.5,985,31.5,13.600000000000001,0.0,13.600000000000001,0.0,4.8800000058690784e-05,0.0005745000000842992,0.5770979000001262
9,Random,OriginalOrder,100,4,310,45.1,8264,32.7,14011,11.5,12.399999999999999,21.200000000000003,33.6,0.0,4.8800000058690784e-05,3.000000106112566e-07,0.5770979000001262
9,Random,MarginalGainPredictor,100,4,310,45.1,8264,32.7,985,31.5,12.399999999999999,1.2000000000000028,13.600000000000001,0.0,4.8800000058690784e-05,0.0006298999999216903,0.5770979000001262
9,Random,OriginalOrder,10,5,310,45.1,287,15.1,124,7.7,30.0,7.3999999999999995,37.4,-8.881784197001252e-16,5.050000004303001e-05,2.0000015865662135e-07,0.5770979000001262
9,Random,MarginalGainPredictor,10,5,310,45.1,287,15.1,287,15.1,30.0,0.0,30.0,0.0,5.050000004303001e-05,0.0005284999999730644,0.5770979000001262
9,Random,OriginalOrder,20,5,310,45.1,287,15.1,124,7.7,30.0,7.3999999999999995,37.4,-8.881784197001252e-16,5.050000004303001e-05,1.999999312829459e-07,0.5770979000001262
9,Random,MarginalGainPredictor,20,5,310,45.1,287,15.1,7995,14.7,30.0,0.40000000000000036,30.400000000000002,1.7763568394002505e-15,5.050000004303001e-05,0.0005006999999750406,0.5770979000001262
9,Random,OriginalOrder,50,5,310,45.1,181,23.0,124,7.7,22.1,15.3,37.4,-3.552713678800501e-15,5.050000004303001e-05,1.999999312829459e-07,0.5770979000001262
9,Random,MarginalGainPredictor,50,5,310,45.1,181,23.0,7995,14.7,22.1,8.3,30.400000000000002,0.0,5.050000004303001e-05,0.0006522000001041306,0.5770979000001262
9,Random,OriginalOrder,100,5,310,45.1,985,31.5,124,7.7,13.600000000000001,23.8,37.4,-3.552713678800501e-15,5.050000004303001e-05,9.999985195463523e-08,0.5770979000001262
9,Random,MarginalGainPredictor,100,5,310,45.1,985,31.5,985,31.5,13.600000000000001,0.0,13.600000000000001,0.0,5.050000004303001e-05,0.0005760999999893102,0.5770979000001262
9,Random,OriginalOrder,10,6,310,45.1,2717,18.2,2717,18.2,26.900000000000002,0.0,26.900000000000002,0.0,6.159999998089916e-05,1.0000007932831068e-07,0.5770979000001262
9,Random,MarginalGainPredictor,10,6,310,45.1,2717,18.2,592,17.6,26.900000000000002,0.5999999999999979,27.5,0.0,6.159999998089916e-05,0.0004931999999371328,0.5770979000001262
9,Random,OriginalOrder,20,6,310,45.1,2216,33.6,2717,18.2,11.5,15.400000000000002,26.900000000000002,0.0,6.159999998089916e-05,2.0000015865662135e-07,0.5770979000001262
9,Random,MarginalGainPredictor,20,6,310,45.1,2216,33.6,2216,33.6,11.5,0.0,11.5,0.0,6.159999998089916e-05,0.0004292000000987173,0.5770979000001262
9,Random,OriginalOrder,50,6,310,45.1,2216,33.6,2717,18.2,11.5,15.400000000000002,26.900000000000002,0.0,6.159999998089916e-05,1.999999312829459e-07,0.5770979000001262
9,Random,MarginalGainPredictor,50,6,310,45.1,2216,33.6,2216,33.6,11.5,0.0,11.5,0.0,6.159999998089916e-05,0.0004643999998279469,0.5770979000001262
9,Random,OriginalOrder,100,6,310,45.1,2216,33.6,2717,18.2,11.5,15.400000000000002,26.900000000000002,0.0,6.159999998089916e-05,1.999999312829459e-07,0.5770979000001262
9,Random,MarginalGainPredictor,100,6,310,45.1,2216,33.6,2216,33.6,11.5,0.0,11.5,0.0,6.159999998089916e-05,0.0004991999999219843,0.5770979000001262
9,Random,OriginalOrder,10,7,310,45.1,2216,33.6,12379,7.3,11.5,26.3,37.800000000000004,3.552713678800501e-15,4.930000000058499e-05,1.0000007932831068e-07,0.5770979000001262
9,Random,MarginalGainPredictor,10,7,310,45.1,2216,33.6,2216,33.6,11.5,0.0,11.5,0.0,4.930000000058499e-05,0.0004368999998405343,0.5770979000001262
9,Random,OriginalOrder,20,7,310,45.1,310,45.1,12379,7.3,0.0,37.800000000000004,37.800000000000004,0.0,4.930000000058499e-05,9.999985195463523e-08,0.5770979000001262
9,Random,MarginalGainPredictor,20,7,310,45.1,310,45.1,310,45.1,0.0,0.0,0.0,0.0,4.930000000058499e-05,0.0004229999999552092,0.5770979000001262
9,Random,OriginalOrder,50,7,310,45.1,310,45.1,12379,7.3,0.0,37.800000000000004,37.800000000000004,0.0,4.930000000058499e-05,1.999999312829459e-07,0.5770979000001262
9,Random,MarginalGainPredictor,50,7,310,45.1,310,45.1,310,45.1,0.0,0.0,0.0,0.0,4.930000000058499e-05,0.0009185000001252774,0.5770979000001262
9,Random,OriginalOrder,100,7,310,45.1,310,45.1,12379,7.3,0.0,37.800000000000004,37.800000000000004,0.0,4.930000000058499e-05,3.000000106112566e-07,0.5770979000001262
9,Random,MarginalGainPredictor,100,7,310,45.1,310,45.1,310,45.1,0.0,0.0,0.0,0.0,4.930000000058499e-05,0.0005888999999115185,0.5770979000001262
9,Random,OriginalOrder,10,8,310,45.1,2717,18.2,1099,6.2,26.900000000000002,12.0,38.9,-3.552713678800501e-15,4.760000001624576e-05,9.999985195463523e-08,0.5770979000001262
9,Random,MarginalGainPredictor,10,8,310,45.1,2717,18.2,699,10.1,26.900000000000002,8.1,35.0,-1.7763568394002505e-15,4.760000001624576e-05,0.0005493000001024484,0.5770979000001262
9,Random,OriginalOrder,20,8,310,45.1,1636,20.1,1099,6.2,25.0,13.900000000000002,38.9,-3.552713678800501e-15,4.760000001624576e-05,3.000000106112566e-07,0.5770979000001262
9,Random,MarginalGainPredictor,20,8,310,45.1,1636,20.1,699,10.1,25.0,10.000000000000002,35.0,-1.7763568394002505e-15,4.760000001624576e-05,0.0005347999999685271,0.5770979000001262
9,Random,OriginalOrder,50,8,310,45.1,2216,33.6,1099,6.2,11.5,27.400000000000002,38.9,-3.552713678800501e-15,4.760000001624576e-05,1.999999312829459e-07,0.5770979000001262
9,Random,MarginalGainPredictor,50,8,310,45.1,2216,33.6,2216,33.6,11.5,0.0,11.5,0.0,4.760000001624576e-05,0.0006331999998110405,0.5770979000001262
9,Random,OriginalOrder,100,8,310,45.1,2216,33.6,1099,6.2,11.5,27.400000000000002,38.9,-3.552713678800501e-15,4.760000001624576e-05,5.000001692678779e-07,0.5770979000001262
9,Random,MarginalGainPredictor,100,8,310,45.1,2216,33.6,2216,33.6,11.5,0.0,11.5,0.0,4.760000001624576e-05,0.0006152000000838598,0.5770979000001262
9,Random,OriginalOrder,10,9,310,45.1,1352,22.9,124,7.7,22.200000000000003,15.2,37.4,-3.552713678800501e-15,5.050000004303001e-05,1.999999312829459e-07,0.5770979000001262
9,Random,MarginalGainPredictor,10,9,310,45.1,1352,22.9,1249,12.9,22.200000000000003,9.999999999999998,32.2,1.7763568394002505e-15,5.050000004303001e-05,0.0005886999999802356,0.5770979000001262
9,Random,OriginalOrder,20,9,310,45.1,1352,22.9,124,7.7,22.200000000000003,15.2,37.4,-3.552713678800501e-15,5.050000004303001e-05,1.999999312829459e-07,0.5770979000001262
9,Random,MarginalGainPredictor,20,9,310,45.1,1352,22.9,1277,0.0,22.200000000000003,22.9,45.1,0.0,5.050000004303001e-05,0.0005879000000277301,0.5770979000001262
9,Random,OriginalOrder,50,9,310,45.1,8264,32.7,124,7.7,12.399999999999999,25.000000000000004,37.4,-3.552713678800501e-15,5.050000004303001e-05,2.0000015865662135e-07,0.5770979000001262
9,Random,MarginalGainPredictor,50,9,310,45.1,8264,32.7,1277,0.0,12.399999999999999,32.7,45.1,0.0,5.050000004303001e-05,0.0006343000000015309,0.5770979000001262
9,Random,OriginalOrder,100,9,310,45.1,2216,33.6,124,7.7,11.5,25.900000000000002,37.4,-3.552713678800501e-15,5.050000004303001e-05,2.0000015865662135e-07,0.5770979000001262
9,Random,MarginalGainPredictor,100,9,310,45.1,2216,33.6,2216,33.6,11.5,0.0,11.5,0.0,5.050000004303001e-05,0.0006330000001071312,0.5770979000001262
10,Degree,OriginalOrder,10,,3916,32.7,985,32.0,916,8.7,0.7000000000000028,23.3,24.000000000000004,0.0,0.00011199999994460086,3.000000106112566e-07,0.5906534999999167
10,Degree,MarginalGainPredictor,10,,3916,32.7,985,32.0,985,32.0,0.7000000000000028,0.0,0.7000000000000028,0.0,0.00011199999994460086,0.0014805999999225605,0.5906534999999167
10,Degree,OriginalOrder,20,,3916,32.7,3916,32.7,916,8.7,0.0,24.000000000000004,24.000000000000004,0.0,0.00011199999994460086,3.999998625658918e-07,0.5906534999999167
10,Degree,MarginalGainPredictor,20,,3916,32.7,3916,32.7,985,32.0,0.0,0.7000000000000028,0.7000000000000028,0.0,0.00011199999994460086,0.0007716000000073109,0.5906534999999167
10,Degree,OriginalOrder,50,,3916,32.7,3916,32.7,916,8.7,0.0,24.000000000000004,24.000000000000004,0.0,0.00011199999994460086,3.000000106112566e-07,0.5906534999999167
10,Degree,MarginalGainPredictor,50,,3916,32.7,3916,32.7,985,32.0,0.0,0.7000000000000028,0.7000000000000028,0.0,0.00011199999994460086,0.0006390999999439373,0.5906534999999167
10,Degree,OriginalOrder,100,,3916,32.7,3916,32.7,916,8.7,0.0,24.000000000000004,24.000000000000004,0.0,0.00011199999994460086,3.999998625658918e-07,0.5906534999999167
10,Degree,MarginalGainPredictor,100,,3916,32.7,3916,32.7,985,32.0,0.0,0.7000000000000028,0.7000000000000028,0.0,0.00011199999994460086,0.000596099999938815,0.5906534999999167
10,DegreeDiscount,OriginalOrder,10,,3916,32.7,12802,21.0,12802,21.0,11.700000000000003,0.0,11.700000000000003,0.0,0.003169400000160749,1.0000007932831068e-07,0.5906534999999167
10,DegreeDiscount,MarginalGainPredictor,10,,3916,32.7,12802,21.0,1423,14.6,11.700000000000003,6.4,18.1,-1.7763568394002505e-15,0.003169400000160749,0.0005321000001003995,0.5906534999999167
10,DegreeDiscount,OriginalOrder,20,,3916,32.7,3916,32.7,12802,21.0,0.0,11.700000000000003,11.700000000000003,0.0,0.003169400000160749,2.0000015865662135e-07,0.5906534999999167
10,DegreeDiscount,MarginalGainPredictor,20,,3916,32.7,3916,32.7,1277,0.0,0.0,32.7,32.7,0.0,0.003169400000160749,0.0004593000001023029,0.5906534999999167
10,DegreeDiscount,OriginalOrder,50,,3916,32.7,3916,32.7,12802,21.0,0.0,11.700000000000003,11.700000000000003,0.0,0.003169400000160749,9.999985195463523e-08,0.5906534999999167
10,DegreeDiscount,MarginalGainPredictor,50,,3916,32.7,3916,32.7,985,32.0,0.0,0.7000000000000028,0.7000000000000028,0.0,0.003169400000160749,0.0004890000000159489,0.5906534999999167
10,DegreeDiscount,OriginalOrder,100,,3916,32.7,3916,32.7,12802,21.0,0.0,11.700000000000003,11.700000000000003,0.0,0.003169400000160749,1.999999312829459e-07,0.5906534999999167
10,DegreeDiscount,MarginalGainPredictor,100,,3916,32.7,3916,32.7,985,32.0,0.0,0.7000000000000028,0.7000000000000028,0.0,0.003169400000160749,0.000882499999988795,0.5906534999999167
10,FeatureDQN,OriginalOrder,10,,3916,32.7,461,10.7,2034,5.8,22.000000000000004,4.8999999999999995,26.900000000000002,-8.881784197001252e-16,0.0014239999998153507,1.999999312829459e-07,0.5906534999999167
10,FeatureDQN,MarginalGainPredictor,10,,3916,32.7,461,10.7,905,5.1,22.000000000000004,5.6,27.6,-1.7763568394002505e-15,0.0014239999998153507,0.00046120000001792505,0.5906534999999167
10,FeatureDQN,OriginalOrder,20,,3916,32.7,3916,32.7,2034,5.8,0.0,26.900000000000002,26.900000000000002,0.0,0.0014239999998153507,1.999999312829459e-07,0.5906534999999167
10,FeatureDQN,MarginalGainPredictor,20,,3916,32.7,3916,32.7,3916,32.7,0.0,0.0,0.0,0.0,0.0014239999998153507,0.00045189999991634977,0.5906534999999167
10,FeatureDQN,OriginalOrder,50,,3916,32.7,3916,32.7,2034,5.8,0.0,26.900000000000002,26.900000000000002,0.0,0.0014239999998153507,1.999999312829459e-07,0.5906534999999167
10,FeatureDQN,MarginalGainPredictor,50,,3916,32.7,3916,32.7,916,8.7,0.0,24.000000000000004,24.000000000000004,0.0,0.0014239999998153507,0.0004738000000088505,0.5906534999999167
10,FeatureDQN,OriginalOrder,100,,3916,32.7,3916,32.7,2034,5.8,0.0,26.900000000000002,26.900000000000002,0.0,0.0014239999998153507,3.000000106112566e-07,0.5906534999999167
10,FeatureDQN,MarginalGainPredictor,100,,3916,32.7,3916,32.7,916,8.7,0.0,24.000000000000004,24.000000000000004,0.0,0.0014239999998153507,0.0005022999998800515,0.5906534999999167
10,Random,OriginalOrder,10,0,3916,32.7,9608,18.0,9608,18.0,14.700000000000003,0.0,14.700000000000003,0.0,5.790000000160944e-05,2.0000015865662135e-07,0.5906534999999167
10,Random,MarginalGainPredictor,10,0,3916,32.7,9608,18.0,1255,6.1,14.700000000000003,11.9,26.6,-1.7763568394002505e-15,5.790000000160944e-05,0.0004322999998294108,0.5906534999999167
10,Random,OriginalOrder,20,0,3916,32.7,2477,27.3,9608,18.0,5.400000000000002,9.3,14.700000000000003,0.0,5.790000000160944e-05,1.999999312829459e-07,0.5906534999999167
10,Random,MarginalGainPredictor,20,0,3916,32.7,2477,27.3,1423,14.6,5.400000000000002,12.700000000000001,18.1,-1.7763568394002505e-15,5.790000000160944e-05,0.000440700000126526,0.5906534999999167
10,Random,OriginalOrder,50,0,3916,32.7,9070,32.0,9608,18.0,0.7000000000000028,14.0,14.700000000000003,0.0,5.790000000160944e-05,1.0000007932831068e-07,0.5906534999999167
10,Random,MarginalGainPredictor,50,0,3916,32.7,9070,32.0,2216,30.2,0.7000000000000028,1.8000000000000007,2.5000000000000036,0.0,5.790000000160944e-05,0.0007732999999916501,0.5906534999999167
10,Random,OriginalOrder,100,0,3916,32.7,9070,32.0,9608,18.0,0.7000000000000028,14.0,14.700000000000003,0.0,5.790000000160944e-05,1.999999312829459e-07,0.5906534999999167
10,Random,MarginalGainPredictor,100,0,3916,32.7,9070,32.0,2216,30.2,0.7000000000000028,1.8000000000000007,2.5000000000000036,0.0,5.790000000160944e-05,0.0006638999998358486,0.5906534999999167
10,Random,OriginalOrder,10,1,3916,32.7,985,32.0,1255,6.1,0.7000000000000028,25.9,26.6,0.0,7.209999989754579e-05,9.999985195463523e-08,0.5906534999999167
10,Random,MarginalGainPredictor,10,1,3916,32.7,985,32.0,985,32.0,0.7000000000000028,0.0,0.7000000000000028,0.0,7.209999989754579e-05,0.0005039000000124361,0.5906534999999167
10,Random,OriginalOrder,20,1,3916,32.7,3916,32.7,1255,6.1,0.0,26.6,26.6,0.0,7.209999989754579e-05,3.000000106112566e-07,0.5906534999999167
10,Random,MarginalGainPredictor,20,1,3916,32.7,3916,32.7,985,32.0,0.0,0.7000000000000028,0.7000000000000028,0.0,7.209999989754579e-05,0.0005278999999518419,0.5906534999999167
10,Random,OriginalOrder,50,1,3916,32.7,3916,32.7,1255,6.1,0.0,26.6,26.6,0.0,7.209999989754579e-05,1.999999312829459e-07,0.5906534999999167
10,Random,MarginalGainPredictor,50,1,3916,32.7,3916,32.7,985,32.0,0.0,0.7000000000000028,0.7000000000000028,0.0,7.209999989754579e-05,0.0005551000001560169,0.5906534999999167
10,Random,OriginalOrder,100,1,3916,32.7,3916,32.7,1255,6.1,0.0,26.6,26.6,0.0,7.209999989754579e-05,3.000000106112566e-07,0.5906534999999167
10,Random,MarginalGainPredictor,100,1,3916,32.7,3916,32.7,985,32.0,0.0,0.7000000000000028,0.7000000000000028,0.0,7.209999989754579e-05,0.0004905000000690052,0.5906534999999167
10,Random,OriginalOrder,10,2,3916,32.7,985,32.0,8264,22.1,0.7000000000000028,9.899999999999999,10.600000000000001,0.0,5.519999990610813e-05,2.0000015865662135e-07,0.5906534999999167
10,Random,MarginalGainPredictor,10,2,3916,32.7,985,32.0,985,32.0,0.7000000000000028,0.0,0.7000000000000028,0.0,5.519999990610813e-05,0.00042600000006132177,0.5906534999999167
10,Random,OriginalOrder,20,2,3916,32.7,985,32.0,8264,22.1,0.7000000000000028,9.899999999999999,10.600000000000001,0.0,5.519999990610813e-05,1.999999312829459e-07,0.5906534999999167
10,Random,MarginalGainPredictor,20,2,3916,32.7,985,32.0,985,32.0,0.7000000000000028,0.0,0.7000000000000028,0.0,5.519999990610813e-05,0.00043900000014218676,0.5906534999999167
10,Random,OriginalOrder,50,2,3916,32.7,985,32.0,8264,22.1,0.7000000000000028,9.899999999999999,10.600000000000001,0.0,5.519999990610813e-05,1.999999312829459e-07,0.5906534999999167
10,Random,MarginalGainPredictor,50,2,3916,32.7,985,32.0,985,32.0,0.7000000000000028,0.0,0.7000000000000028,0.0,5.519999990610813e-05,0.0004977999999482563,0.5906534999999167
10,Random,OriginalOrder,100,2,3916,32.7,3916,32.7,8264,22.1,0.0,10.600000000000001,10.600000000000001,0.0,5.519999990610813e-05,2.0000015865662135e-07,0.5906534999999167
10,Random,MarginalGainPredictor,100,2,3916,32.7,3916,32.7,985,32.0,0.0,0.7000000000000028,0.7000000000000028,0.0,5.519999990610813e-05,0.0004965000000538566,0.5906534999999167
10,Random,OriginalOrder,10,3,3916,32.7,2021,25.7,2021,25.7,7.0000000000000036,0.0,7.0000000000000036,0.0,5.340000006981427e-05,1.999999312829459e-07,0.5906534999999167
10,Random,MarginalGainPredictor,10,3,3916,32.7,2021,25.7,1978,20.0,7.0000000000000036,5.699999999999999,12.700000000000003,0.0,5.340000006981427e-05,0.00044139999999970314,0.5906534999999167
10,Random,OriginalOrder,20,3,3916,32.7,2021,25.7,2021,25.7,7.0000000000000036,0.0,7.0000000000000036,0.0,5.340000006981427e-05,1.999999312829459e-07,0.5906534999999167
10,Random,MarginalGainPredictor,20,3,3916,32.7,2021,25.7,408,16.7,7.0000000000000036,9.0,16.000000000000004,0.0,5.340000006981427e-05,0.0004490000001169392,0.5906534999999167
10,Random,OriginalOrder,50,3,3916,32.7,2021,25.7,2021,25.7,7.0000000000000036,0.0,7.0000000000000036,0.0,5.340000006981427e-05,1.999999312829459e-07,0.5906534999999167
10,Random,MarginalGainPredictor,50,3,3916,32.7,2021,25.7,3078,16.8,7.0000000000000036,8.899999999999999,15.900000000000002,0.0,5.340000006981427e-05,0.0004578000000492466,0.5906534999999167
10,Random,OriginalOrder,100,3,3916,32.7,658,28.4,2021,25.7,4.300000000000004,2.6999999999999993,7.0000000000000036,0.0,5.340000006981427e-05,1.999999312829459e-07,0.5906534999999167
10,Random,MarginalGainPredictor,100,3,3916,32.7,658,28.4,820,18.5,4.300000000000004,9.899999999999999,14.200000000000003,0.0,5.340000006981427e-05,0.0004857999999785534,0.5906534999999167
10,Random,OriginalOrder,10,4,3916,32.7,985,32.0,58,4.7,0.7000000000000028,27.3,28.000000000000004,0.0,4.9600000011196244e-05,1.999999312829459e-07,0.5906534999999167
10,Random,MarginalGainPredictor,10,4,3916,32.7,985,32.0,985,32.0,0.7000000000000028,0.0,0.7000000000000028,0.0,4.9600000011196244e-05,0.00043430000005173497,0.5906534999999167
10,Random,OriginalOrder,20,4,3916,32.7,985,32.0,58,4.7,0.7000000000000028,27.3,28.000000000000004,0.0,4.9600000011196244e-05,3.000000106112566e-07,0.5906534999999167
10,Random,MarginalGainPredictor,20,4,3916,32.7,985,32.0,985,32.0,0.7000000000000028,0.0,0.7000000000000028,0.0,4.9600000011196244e-05,0.00043470000014167454,0.5906534999999167
10,Random,OriginalOrder,50,4,3916,32.7,985,32.0,58,4.7,0.7000000000000028,27.3,28.000000000000004,0.0,4.9600000011196244e-05,1.999999312829459e-07,0.5906534999999167
10,Random,MarginalGainPredictor,50,4,3916,32.7,985,32.0,985,32.0,0.7000000000000028,0.0,0.7000000000000028,0.0,4.9600000011196244e-05,0.00046939999992900994,0.5906534999999167
10,Random,OriginalOrder,100,4,3916,32.7,3916,32.7,58,4.7,0.0,28.000000000000004,28.000000000000004,0.0,4.9600000011196244e-05,1.999999312829459e-07,0.5906534999999167
10,Random,MarginalGainPredictor,100,4,3916,32.7,3916,32.7,985,32.0,0.0,0.7000000000000028,0.7000000000000028,0.0,4.9600000011196244e-05,0.00048199999991993536,0.5906534999999167
10,Random,OriginalOrder,10,5,3916,32.7,2023,18.6,2481,8.2,14.100000000000001,10.400000000000002,24.500000000000004,0.0,4.99000000218075e-05,2.0000015865662135e-07,0.5906534999999167
10,Random,MarginalGainPredictor,10,5,3916,32.7,2023,18.6,287,16.4,14.100000000000001,2.200000000000003,16.300000000000004,0.0,4.99000000218075e-05,0.00045180000006439514,0.5906534999999167
10,Random,OriginalOrder,20,5,3916,32.7,2216,30.2,2481,8.2,2.5000000000000036,22.0,24.500000000000004,0.0,4.99000000218075e-05,1.999999312829459e-07,0.5906534999999167
10,Random,MarginalGainPredictor,20,5,3916,32.7,2216,30.2,2216,30.2,2.5000000000000036,0.0,2.5000000000000036,0.0,4.99000000218075e-05,0.000425100000029488,0.5906534999999167
10,Random,OriginalOrder,50,5,3916,32.7,2216,30.2,2481,8.2,2.5000000000000036,22.0,24.500000000000004,0.0,4.99000000218075e-05,1.0000007932831068e-07,0.5906534999999167
10,Random,MarginalGainPredictor,50,5,3916,32.7,2216,30.2,2216,30.2,2.5000000000000036,0.0,2.5000000000000036,0.0,4.99000000218075e-05,0.0008212999998704618,0.5906534999999167
10,Random,OriginalOrder,100,5,3916,32.7,985,32.0,2481,8.2,0.7000000000000028,23.8,24.500000000000004,0.0,4.99000000218075e-05,1.999999312829459e-07,0.5906534999999167
10,Random,MarginalGainPredictor,100,5,3916,32.7,985,32.0,985,32.0,0.7000000000000028,0.0,0.7000000000000028,0.0,4.99000000218075e-05,0.0005422000001544802,0.5906534999999167
10,Random,OriginalOrder,10,6,3916,32.7,2122,25.9,14030,9.8,6.800000000000004,16.099999999999998,22.900000000000002,0.0,5.03999999637017e-05,1.0000007932831068e-07,0.5906534999999167
10,Random,MarginalGainPredictor,10,6,3916,32.7,2122,25.9,1920,23.8,6.800000000000004,2.099999999999998,8.900000000000002,0.0,5.03999999637017e-05,0.000501699999858829,0.5906534999999167
10,Random,OriginalOrder,20,6,3916,32.7,2122,25.9,14030,9.8,6.800000000000004,16.099999999999998,22.900000000000002,0.0,5.03999999637017e-05,3.000000106112566e-07,0.5906534999999167
10,Random,MarginalGainPredictor,20,6,3916,32.7,2122,25.9,1423,14.6,6.800000000000004,11.299999999999999,18.1,-1.7763568394002505e-15,5.03999999637017e-05,0.0004463999998733925,0.5906534999999167
10,Random,OriginalOrder,50,6,3916,32.7,985,32.0,14030,9.8,0.7000000000000028,22.2,22.900000000000002,0.0,5.03999999637017e-05,3.000000106112566e-07,0.5906534999999167
10,Random,MarginalGainPredictor,50,6,3916,32.7,985,32.0,985,32.0,0.7000000000000028,0.0,0.7000000000000028,0.0,5.03999999637017e-05,0.0004734999999982392,0.5906534999999167
10,Random,OriginalOrder,100,6,3916,32.7,3916,32.7,14030,9.8,0.0,22.900000000000002,22.900000000000002,0.0,5.03999999637017e-05,3.000000106112566e-07,0.5906534999999167
10,Random,MarginalGainPredictor,100,6,3916,32.7,3916,32.7,985,32.0,0.0,0.7000000000000028,0.7000000000000028,0.0,5.03999999637017e-05,0.0005387999999584281,0.5906534999999167
10,Random,OriginalOrder,10,7,3916,32.7,3700,19.8,14031,6.3,12.900000000000002,13.5,26.400000000000002,0.0,6.519999988086056e-05,9.999985195463523e-08,0.5906534999999167
10,Random,MarginalGainPredictor,10,7,3916,32.7,3700,19.8,3700,19.8,12.900000000000002,0.0,12.900000000000002,0.0,6.519999988086056e-05,0.0004365000002053421,0.5906534999999167
10,Random,OriginalOrder,20,7,3916,32.7,2122,25.9,14031,6.3,6.800000000000004,19.599999999999998,26.400000000000002,0.0,6.519999988086056e-05,2.0000015865662135e-07,0.5906534999999167
10,Random,MarginalGainPredictor,20,7,3916,32.7,2122,25.9,699,9.2,6.800000000000004,16.7,23.500000000000004,0.0,6.519999988086056e-05,0.000452399999858244,0.5906534999999167
10,Random,OriginalOrder,50,7,3916,32.7,9070,32.0,14031,6.3,0.7000000000000028,25.7,26.400000000000002,0.0,6.519999988086056e-05,2.0000015865662135e-07,0.5906534999999167
10,Random,MarginalGainPredictor,50,7,3916,32.7,9070,32.0,2216,30.2,0.7000000000000028,1.8000000000000007,2.5000000000000036,0.0,6.519999988086056e-05,0.00046750000001338776,0.5906534999999167
10,Random,OriginalOrder,100,7,3916,32.7,9070,32.0,14031,6.3,0.7000000000000028,25.7,26.400000000000002,0.0,6.519999988086056e-05,1.0000007932831068e-07,0.5906534999999167
10,Random,MarginalGainPredictor,100,7,3916,32.7,9070,32.0,2216,30.2,0.7000000000000028,1.8000000000000007,2.5000000000000036,0.0,6.519999988086056e-05,0.00048560000004727044,0.5906534999999167
10,Random,OriginalOrder,10,8,3916,32.7,3078,16.8,11243,14.7,15.900000000000002,2.1000000000000014,18.000000000000004,0.0,5.7499999911669875e-05,1.999999312829459e-07,0.5906534999999167
10,Random,MarginalGainPredictor,10,8,3916,32.7,3078,16.8,3078,16.8,15.900000000000002,0.0,15.900000000000002,0.0,5.7499999911669875e-05,0.0004375000000891305,0.5906534999999167
10,Random,OriginalOrder,20,8,3916,32.7,2021,25.7,11243,14.7,7.0000000000000036,11.0,18.000000000000004,0.0,5.7499999911669875e-05,2.0000015865662135e-07,0.5906534999999167
10,Random,MarginalGainPredictor,20,8,3916,32.7,2021,25.7,3078,16.8,7.0000000000000036,8.899999999999999,15.900000000000002,0.0,5.7499999911669875e-05,0.0008821999999781838,0.5906534999999167
10,Random,OriginalOrder,50,8,3916,32.7,985,32.0,11243,14.7,0.7000000000000028,17.3,18.000000000000004,0.0,5.7499999911669875e-05,1.999999312829459e-07,0.5906534999999167
10,Random,MarginalGainPredictor,50,8,3916,32.7,985,32.0,985,32.0,0.7000000000000028,0.0,0.7000000000000028,0.0,5.7499999911669875e-05,0.0005221999999776017,0.5906534999999167
10,Random,OriginalOrder,100,8,3916,32.7,985,32.0,11243,14.7,0.7000000000000028,17.3,18.000000000000004,0.0,5.7499999911669875e-05,1.999999312829459e-07,0.5906534999999167
10,Random,MarginalGainPredictor,100,8,3916,32.7,985,32.0,985,32.0,0.7000000000000028,0.0,0.7000000000000028,0.0,5.7499999911669875e-05,0.0007760000000871514,0.5906534999999167
10,Random,OriginalOrder,10,9,3916,32.7,4934,22.5,4934,22.5,10.200000000000003,0.0,10.200000000000003,0.0,5.539999983739108e-05,1.0000007932831068e-07,0.5906534999999167
10,Random,MarginalGainPredictor,10,9,3916,32.7,4934,22.5,7995,12.2,10.200000000000003,10.3,20.500000000000004,0.0,5.539999983739108e-05,0.0006677999999737949,0.5906534999999167
10,Random,OriginalOrder,20,9,3916,32.7,2477,27.3,4934,22.5,5.400000000000002,4.800000000000001,10.200000000000003,0.0,5.539999983739108e-05,2.0000015865662135e-07,0.5906534999999167
10,Random,MarginalGainPredictor,20,9,3916,32.7,2477,27.3,7995,12.2,5.400000000000002,15.100000000000001,20.500000000000004,0.0,5.539999983739108e-05,0.0004363999998986401,0.5906534999999167
10,Random,OriginalOrder,50,9,3916,32.7,2477,27.3,4934,22.5,5.400000000000002,4.800000000000001,10.200000000000003,0.0,5.539999983739108e-05,1.999999312829459e-07,0.5906534999999167
10,Random,MarginalGainPredictor,50,9,3916,32.7,2477,27.3,7995,12.2,5.400000000000002,15.100000000000001,20.500000000000004,0.0,5.539999983739108e-05,0.0004831999999623804,0.5906534999999167
10,Random,OriginalOrder,100,9,3916,32.7,3916,32.7,4934,22.5,0.0,10.200000000000003,10.200000000000003,0.0,5.539999983739108e-05,3.000000106112566e-07,0.5906534999999167
10,Random,MarginalGainPredictor,100,9,3916,32.7,3916,32.7,985,32.0,0.0,0.7000000000000028,0.7000000000000028,0.0,5.539999983739108e-05,0.0004976000000169734,0.5906534999999167
