method_id,step,retriever,ranker,M,repeat,restricted_oracle_node,restricted_oracle_gain,pool_best_node,pool_best_gain,selected_node,selected_gain,candidate_loss,ranking_loss,total_regret,decomposition_error,retrieval_runtime_seconds,reranking_runtime_seconds,gain_evaluation_runtime_seconds
method-001,1,Degree,OriginalOrder,10,,1265,72.6,1265,72.6,916,23.4,0.0,49.199999999999996,49.199999999999996,0.0,8.410000009462237e-05,5.000001692678779e-07,0.41032810000024256
method-001,2,Degree,OriginalOrder,10,,1265,86.6,1265,86.6,410,48.8,0.0,37.8,37.8,0.0,8.649999972476508e-05,1.9999970390927047e-07,0.49661139999989246
method-001,3,Degree,OriginalOrder,10,,1265,85.5,1265,85.5,1265,85.5,0.0,0.0,0.0,0.0,8.780000007391209e-05,1.9999970390927047e-07,0.4897264000001087
method-001,4,Degree,OriginalOrder,10,,310,48.2,310,48.2,830,27.4,0.0,20.800000000000004,20.800000000000004,0.0,9.090000003197929e-05,3.000000106112566e-07,0.5535479000000123
method-001,5,Degree,OriginalOrder,10,,228,60.6,310,48.3,1249,18.8,12.300000000000004,29.499999999999996,41.8,-3.552713678800501e-15,9.07999997252773e-05,2.0000015865662135e-07,0.5250243999998929
method-001,6,Degree,OriginalOrder,10,,3519,58.5,310,36.1,72,6.7,22.4,29.400000000000002,51.8,-3.552713678800501e-15,0.0001295000001846347,2.0000015865662135e-07,0.5308706000000711
method-001,7,Degree,OriginalOrder,10,,3519,54.3,310,39.2,98,8.9,15.099999999999994,30.300000000000004,45.4,0.0,0.0001142999999501626,3.000000106112566e-07,0.4131123000001935
method-001,8,Degree,OriginalOrder,10,,228,51.7,892,38.3,1423,12.3,13.400000000000006,25.999999999999996,39.400000000000006,3.552713678800501e-15,8.279999974547536e-05,9.999985195463523e-08,0.42284669999980906
method-001,9,Degree,OriginalOrder,10,,228,55.9,310,37.0,310,37.0,18.9,0.0,18.9,0.0,9.039999986271141e-05,2.0000015865662135e-07,0.549255599999924
method-001,10,Degree,OriginalOrder,10,,228,57.1,658,34.6,985,28.5,22.5,6.100000000000001,28.6,0.0,0.00011959999983446323,3.000000106112566e-07,0.6872656000000461
method-002,1,Degree,MarginalGainPredictor,10,,1265,72.6,1265,72.6,1265,72.6,0.0,0.0,0.0,0.0,8.410000009462237e-05,0.001110400000015943,0.41032810000024256
method-002,2,Degree,MarginalGainPredictor,10,,3519,60.6,410,49.6,410,49.6,11.0,0.0,11.0,0.0,9.160000035990379e-05,0.0012194999999337597,0.34299330000021655
method-002,3,Degree,MarginalGainPredictor,10,,3519,55.5,310,43.3,310,43.3,12.200000000000003,0.0,12.200000000000003,0.0,9.219999992637895e-05,0.0012351000000307977,0.4519540999999663
method-002,4,Degree,MarginalGainPredictor,10,,228,48.0,658,33.7,985,30.3,14.299999999999997,3.400000000000002,17.7,0.0,8.969999998953426e-05,0.001367100000152277,0.5166597000002184
method-002,5,Degree,MarginalGainPredictor,10,,228,60.6,1807,35.9,1807,35.9,24.700000000000003,0.0,24.700000000000003,0.0,9.709999994811369e-05,0.0012898999998469662,0.40030750000005355
method-002,6,Degree,MarginalGainPredictor,10,,3519,54.0,658,29.5,916,13.8,24.5,15.7,40.2,3.552713678800501e-15,0.00010120000024471665,0.0012593999999808148,0.37257529999988037
method-002,7,Degree,MarginalGainPredictor,10,,3519,52.6,658,23.9,820,18.6,28.700000000000003,5.299999999999997,34.0,0.0,0.0001420000003236055,0.0014201000003595254,0.49366150000014386
method-002,8,Degree,MarginalGainPredictor,10,,228,51.2,892,38.2,1249,14.7,13.0,23.500000000000004,36.5,-3.552713678800501e-15,0.00010410000004412723,0.0014392000002771965,0.5090470000000096
method-002,9,Degree,MarginalGainPredictor,10,,228,64.6,830,33.1,1423,12.6,31.499999999999993,20.5,51.99999999999999,0.0,0.00010100000008606003,0.0013524000000870728,0.39730740000004516
method-002,10,Degree,MarginalGainPredictor,10,,228,56.5,892,32.4,1352,13.0,24.1,19.4,43.5,0.0,0.00013699999999516876,0.0016191999998227402,0.5488070999999763
method-003,1,Degree,OriginalOrder,20,,1265,72.6,1265,72.6,916,23.4,0.0,49.199999999999996,49.199999999999996,0.0,8.410000009462237e-05,1.9999970390927047e-07,0.41032810000024256
method-003,2,Degree,OriginalOrder,20,,1265,86.6,1265,86.6,410,48.8,0.0,37.8,37.8,0.0,8.649999972476508e-05,2.0000015865662135e-07,0.49661139999989246
method-003,3,Degree,OriginalOrder,20,,1265,85.5,1265,85.5,1265,85.5,0.0,0.0,0.0,0.0,8.780000007391209e-05,2.0000015865662135e-07,0.4897264000001087
method-003,4,Degree,OriginalOrder,20,,310,48.2,310,48.2,830,27.4,0.0,20.800000000000004,20.800000000000004,0.0,9.090000003197929e-05,3.000000106112566e-07,0.5535479000000123
method-003,5,Degree,OriginalOrder,20,,228,60.6,310,48.3,1249,18.8,12.300000000000004,29.499999999999996,41.8,-3.552713678800501e-15,9.07999997252773e-05,4.000003173132427e-07,0.5250243999998929
method-003,6,Degree,OriginalOrder,20,,3519,58.5,892,36.5,72,6.7,22.0,29.8,51.8,-3.552713678800501e-15,0.0001295000001846347,1.9999970390927047e-07,0.5308706000000711
method-003,7,Degree,OriginalOrder,20,,3519,54.3,310,39.2,98,8.9,15.099999999999994,30.300000000000004,45.4,0.0,0.0001142999999501626,1.9999970390927047e-07,0.4131123000001935
method-003,8,Degree,OriginalOrder,20,,228,51.7,892,38.3,1423,12.3,13.400000000000006,25.999999999999996,39.400000000000006,3.552713678800501e-15,8.279999974547536e-05,2.0000015865662135e-07,0.42284669999980906
method-003,9,Degree,OriginalOrder,20,,228,55.9,310,37.0,310,37.0,18.9,0.0,18.9,0.0,9.039999986271141e-05,2.0000015865662135e-07,0.549255599999924
method-003,10,Degree,OriginalOrder,20,,228,57.1,658,34.6,985,28.5,22.5,6.100000000000001,28.6,0.0,0.00011959999983446323,3.000000106112566e-07,0.6872656000000461
method-004,1,Degree,MarginalGainPredictor,20,,1265,72.6,1265,72.6,1265,72.6,0.0,0.0,0.0,0.0,8.410000009462237e-05,0.0004969999999957508,0.41032810000024256
method-004,2,Degree,MarginalGainPredictor,20,,3519,60.6,410,49.6,410,49.6,11.0,0.0,11.0,0.0,9.160000035990379e-05,0.00048759999981484725,0.34299330000021655
method-004,3,Degree,MarginalGainPredictor,20,,3519,55.5,1807,45.3,310,43.3,10.200000000000003,2.0,12.200000000000003,0.0,9.219999992637895e-05,0.0005350000001271837,0.4519540999999663
method-004,4,Degree,MarginalGainPredictor,20,,228,48.0,658,33.7,1807,27.8,14.299999999999997,5.900000000000002,20.2,0.0,8.969999998953426e-05,0.0006992000003265275,0.5166597000002184
method-004,5,Degree,MarginalGainPredictor,20,,228,60.6,892,36.7,985,30.2,23.9,6.5000000000000036,30.400000000000002,0.0,0.00013350000017453567,0.0012707000000773405,0.5496047000001454
method-004,6,Degree,MarginalGainPredictor,20,,3519,54.0,892,39.8,820,19.3,14.200000000000003,20.499999999999996,34.7,3.552713678800501e-15,0.00011199999971722718,0.0012575999999171472,0.5524881999999707
method-004,7,Degree,MarginalGainPredictor,20,,3519,52.7,892,32.4,1277,0.0,20.300000000000004,32.4,52.7,0.0,0.00010130000009667128,0.0012075999998160114,0.43520330000001195
method-004,8,Degree,MarginalGainPredictor,20,,228,51.2,892,38.2,916,7.0,13.0,31.200000000000003,44.2,0.0,9.869999985312461e-05,0.0013026999999965483,0.4439022000001387
method-004,9,Degree,MarginalGainPredictor,20,,228,64.6,830,33.1,2216,32.4,31.499999999999993,0.7000000000000028,32.199999999999996,0.0,0.00012570000035339035,0.0013045000000602158,0.6009002999999211
method-004,10,Degree,MarginalGainPredictor,20,,228,56.5,892,32.4,1249,10.8,24.1,21.599999999999998,45.7,3.552713678800501e-15,0.0001277999999729218,0.0014540000001943554,0.7074391999999534
method-005,1,Degree,OriginalOrder,50,,1265,72.6,1265,72.6,916,23.4,0.0,49.199999999999996,49.199999999999996,0.0,8.410000009462237e-05,2.0000015865662135e-07,0.41032810000024256
method-005,2,Degree,OriginalOrder,50,,1265,86.6,1265,86.6,410,48.8,0.0,37.8,37.8,0.0,8.649999972476508e-05,1.9999970390927047e-07,0.49661139999989246
method-005,3,Degree,OriginalOrder,50,,1265,85.5,1265,85.5,1265,85.5,0.0,0.0,0.0,0.0,8.780000007391209e-05,2.0000015865662135e-07,0.4897264000001087
method-005,4,Degree,OriginalOrder,50,,310,48.2,310,48.2,830,27.4,0.0,20.800000000000004,20.800000000000004,0.0,9.090000003197929e-05,1.9999970390927047e-07,0.5535479000000123
method-005,5,Degree,OriginalOrder,50,,228,60.6,228,60.6,1249,18.8,0.0,41.8,41.8,0.0,9.07999997252773e-05,3.000000106112566e-07,0.5250243999998929
method-005,6,Degree,OriginalOrder,50,,3519,58.5,228,52.8,72,6.7,5.700000000000003,46.099999999999994,51.8,0.0,0.0001295000001846347,3.000000106112566e-07,0.5308706000000711
method-005,7,Degree,OriginalOrder,50,,3519,54.3,228,41.6,98,8.9,12.699999999999996,32.7,45.4,0.0,0.0001142999999501626,3.000000106112566e-07,0.4131123000001935
method-005,8,Degree,OriginalOrder,50,,228,51.7,228,51.7,1423,12.3,0.0,39.400000000000006,39.400000000000006,0.0,8.279999974547536e-05,3.000000106112566e-07,0.42284669999980906
method-005,9,Degree,OriginalOrder,50,,228,55.9,228,55.9,310,37.0,0.0,18.9,18.9,0.0,9.039999986271141e-05,3.000000106112566e-07,0.549255599999924
method-005,10,Degree,OriginalOrder,50,,228,57.1,228,57.1,985,28.5,0.0,28.6,28.6,0.0,0.00011959999983446323,3.999998625658918e-07,0.6872656000000461
method-006,1,Degree,MarginalGainPredictor,50,,1265,72.6,1265,72.6,1265,72.6,0.0,0.0,0.0,0.0,8.410000009462237e-05,0.00048809999998411513,0.41032810000024256
method-006,2,Degree,MarginalGainPredictor,50,,3519,60.6,228,52.7,410,49.6,7.899999999999999,3.1000000000000014,11.0,0.0,9.160000035990379e-05,0.0006198999999469379,0.34299330000021655
method-006,3,Degree,MarginalGainPredictor,50,,3519,55.5,228,50.4,310,43.3,5.100000000000001,7.100000000000001,12.200000000000003,0.0,9.219999992637895e-05,0.0006067999997867446,0.4519540999999663
method-006,4,Degree,MarginalGainPredictor,50,,228,48.0,228,48.0,1807,27.8,0.0,20.2,20.2,0.0,8.969999998953426e-05,0.0006045000000085565,0.5166597000002184
method-006,5,Degree,MarginalGainPredictor,50,,228,60.6,228,60.6,985,30.2,0.0,30.400000000000002,30.400000000000002,0.0,0.00013350000017453567,0.0009415999998054758,0.5496047000001454
method-006,6,Degree,MarginalGainPredictor,50,,3519,54.0,228,53.0,2216,34.0,1.0,19.0,20.0,0.0,0.00011199999971722718,0.0007084000003487745,0.5524881999999707
method-006,7,Degree,MarginalGainPredictor,50,,3519,52.9,228,41.6,820,18.6,11.299999999999997,23.0,34.3,0.0,0.00013999999964653398,0.001273000000310276,0.5370069999999032
method-006,8,Degree,MarginalGainPredictor,50,,228,51.2,228,51.2,1277,0.0,0.0,51.2,51.2,0.0,9.319999981016736e-05,0.0013897000003453286,0.5535675000000992
method-006,9,Degree,MarginalGainPredictor,50,,228,64.6,228,64.6,7995,14.4,0.0,50.199999999999996,50.199999999999996,0.0,9.000000000014552e-05,0.0016424000000370143,0.43027540000002773
method-006,10,Degree,MarginalGainPredictor,50,,228,56.5,228,56.5,916,8.0,0.0,48.5,48.5,0.0,0.00013869999975213432,0.0014427000000978296,0.5032455999999002
method-007,1,Degree,OriginalOrder,100,,1265,72.6,1265,72.6,916,23.4,0.0,49.199999999999996,49.199999999999996,0.0,8.410000009462237e-05,3.000000106112566e-07,0.41032810000024256
method-007,2,Degree,OriginalOrder,100,,1265,86.6,1265,86.6,410,48.8,0.0,37.8,37.8,0.0,8.649999972476508e-05,2.0000015865662135e-07,0.49661139999989246
method-007,3,Degree,OriginalOrder,100,,1265,85.5,1265,85.5,1265,85.5,0.0,0.0,0.0,0.0,8.780000007391209e-05,1.0000030670198612e-07,0.4897264000001087
method-007,4,Degree,OriginalOrder,100,,310,48.2,310,48.2,830,27.4,0.0,20.800000000000004,20.800000000000004,0.0,9.090000003197929e-05,2.0000015865662135e-07,0.5535479000000123
method-007,5,Degree,OriginalOrder,100,,228,60.6,228,60.6,1249,18.8,0.0,41.8,41.8,0.0,9.07999997252773e-05,3.000000106112566e-07,0.5250243999998929
method-007,6,Degree,OriginalOrder,100,,3519,58.5,3519,58.5,72,6.7,0.0,51.8,51.8,0.0,0.0001295000001846347,3.000000106112566e-07,0.5308706000000711
method-007,7,Degree,OriginalOrder,100,,3519,54.3,3519,54.3,98,8.9,0.0,45.4,45.4,0.0,0.0001142999999501626,1.9999970390927047e-07,0.4131123000001935
method-007,8,Degree,OriginalOrder,100,,228,51.7,228,51.7,1423,12.3,0.0,39.400000000000006,39.400000000000006,0.0,8.279999974547536e-05,3.000000106112566e-07,0.42284669999980906
method-007,9,Degree,OriginalOrder,100,,228,55.9,228,55.9,310,37.0,0.0,18.9,18.9,0.0,9.039999986271141e-05,2.0000015865662135e-07,0.549255599999924
method-007,10,Degree,OriginalOrder,100,,228,57.1,228,57.1,985,28.5,0.0,28.6,28.6,0.0,0.00011959999983446323,3.000000106112566e-07,0.6872656000000461
method-008,1,Degree,MarginalGainPredictor,100,,1265,72.6,1265,72.6,1265,72.6,0.0,0.0,0.0,0.0,8.410000009462237e-05,0.0005627000000458793,0.41032810000024256
method-008,2,Degree,MarginalGainPredictor,100,,3519,60.6,3519,60.6,410,49.6,0.0,11.0,11.0,0.0,9.160000035990379e-05,0.0007073000001582841,0.34299330000021655
method-008,3,Degree,MarginalGainPredictor,100,,3519,55.5,3519,55.5,310,43.3,0.0,12.200000000000003,12.200000000000003,0.0,9.219999992637895e-05,0.0005879000000277301,0.4519540999999663
method-008,4,Degree,MarginalGainPredictor,100,,228,48.0,228,48.0,1807,27.8,0.0,20.2,20.2,0.0,8.969999998953426e-05,0.0006640000001425506,0.5166597000002184
method-008,5,Degree,MarginalGainPredictor,100,,228,60.6,228,60.6,985,30.2,0.0,30.400000000000002,30.400000000000002,0.0,0.00013350000017453567,0.0006800999999541091,0.5496047000001454
method-008,6,Degree,MarginalGainPredictor,100,,3519,54.0,3519,54.0,2216,34.0,0.0,20.0,20.0,0.0,0.00011199999971722718,0.0006799000002501998,0.5524881999999707
method-008,7,Degree,MarginalGainPredictor,100,,3519,52.9,3519,52.9,820,18.6,0.0,34.3,34.3,0.0,0.00013999999964653398,0.0006653000000369502,0.5370069999999032
method-008,8,Degree,MarginalGainPredictor,100,,228,51.2,228,51.2,1277,0.0,0.0,51.2,51.2,0.0,9.319999981016736e-05,0.0007733000002190238,0.5535675000000992
method-008,9,Degree,MarginalGainPredictor,100,,228,64.6,228,64.6,7995,14.4,0.0,50.199999999999996,50.199999999999996,0.0,9.000000000014552e-05,0.0008298999996441125,0.43027540000002773
method-008,10,Degree,MarginalGainPredictor,100,,228,56.5,228,56.5,916,8.0,0.0,48.5,48.5,0.0,0.00013869999975213432,0.0007015000001047156,0.5032455999999002
method-009,1,DegreeDiscount,OriginalOrder,10,,1265,72.6,1277,72.6,12802,22.8,0.0,49.8,49.8,0.0,0.0030811999999968975,9.999985195463523e-08,0.41032810000024256
method-009,2,DegreeDiscount,OriginalOrder,10,,1265,88.7,1277,88.7,12803,0.0,0.0,88.7,88.7,0.0,0.0018976999999722466,4.000003173132427e-07,0.49750799999992523
method-009,3,DegreeDiscount,OriginalOrder,10,,1265,93.2,1277,93.2,1352,13.0,0.0,80.2,80.2,0.0,0.0017963999998755753,4.000003173132427e-07,0.4372881999997844
method-009,4,DegreeDiscount,OriginalOrder,10,,1265,87.5,1277,87.5,12804,0.4,0.0,87.1,87.1,0.0,0.002016099999764265,4.000003173132427e-07,0.4511561999997866
method-009,5,DegreeDiscount,OriginalOrder,10,,1265,90.1,1277,90.1,310,51.3,0.0,38.8,38.8,0.0,0.0029543000000558095,3.000000106112566e-07,0.45017209999969054
method-009,6,DegreeDiscount,OriginalOrder,10,,1265,87.1,1277,87.1,905,23.9,0.0,63.199999999999996,63.199999999999996,0.0,0.001952899999650981,3.999998625658918e-07,0.4372392000000218
method-009,7,DegreeDiscount,OriginalOrder,10,,1265,83.6,1277,83.6,72,12.4,0.0,71.19999999999999,71.19999999999999,0.0,0.001974600000266946,3.000000106112566e-07,0.5082465999998931
method-009,8,DegreeDiscount,OriginalOrder,10,,1265,81.8,1277,81.8,1277,81.8,0.0,0.0,0.0,0.0,0.0019377000003260036,3.000000106112566e-07,0.5225737000000663
method-009,9,DegreeDiscount,OriginalOrder,10,,228,65.3,1807,43.2,1249,24.9,22.099999999999994,18.300000000000004,40.4,0.0,0.0018188000003647176,2.0000015865662135e-07,0.5167093999998542
method-009,10,DegreeDiscount,OriginalOrder,10,,228,57.2,1807,36.4,1439,16.9,20.800000000000004,19.5,40.300000000000004,0.0,0.002658400000200345,3.999998625658918e-07,0.7354280999998082
method-010,1,DegreeDiscount,MarginalGainPredictor,10,,1265,72.6,1277,72.6,310,45.2,0.0,27.39999999999999,27.39999999999999,0.0,0.0030811999999968975,0.00045749999981126166,0.41032810000024256
method-010,2,DegreeDiscount,MarginalGainPredictor,10,,1265,87.8,1277,87.8,1277,87.8,0.0,0.0,0.0,0.0,0.0019170000000485743,0.0012110000002394372,0.35705400000006193
method-010,3,DegreeDiscount,MarginalGainPredictor,10,,3519,55.2,12802,22.9,1249,21.3,32.300000000000004,1.5999999999999979,33.900000000000006,3.552713678800501e-15,0.0018471000003046356,0.0012434000000212109,0.4453656000000592
method-010,4,DegreeDiscount,MarginalGainPredictor,10,,228,48.0,1439,24.0,1816,13.7,24.0,10.3,34.3,-3.552713678800501e-15,0.0022811999997429666,0.0012798999996448401,0.49517180000020744
method-010,5,DegreeDiscount,MarginalGainPredictor,10,,228,60.6,1439,30.7,1439,30.7,29.900000000000002,0.0,29.900000000000002,0.0,0.0019037000001844717,0.0012718999996650382,0.49588219999986904
method-010,6,DegreeDiscount,MarginalGainPredictor,10,,3519,54.0,905,22.8,1423,15.8,31.2,7.0,38.2,3.552713678800501e-15,0.001860100000158127,0.0013099999996484257,0.4774812999999085
method-010,7,DegreeDiscount,MarginalGainPredictor,10,,3519,49.0,181,33.9,1352,15.8,15.100000000000001,18.099999999999998,33.2,3.552713678800501e-15,0.0018534999999246793,0.0012741999998979736,0.37468200000012075
method-010,8,DegreeDiscount,MarginalGainPredictor,10,,228,51.8,181,25.1,72,10.7,26.699999999999996,14.400000000000002,41.099999999999994,-3.552713678800501e-15,0.0019178000002284534,0.0013347999997677107,0.37547459999996136
method-010,9,DegreeDiscount,MarginalGainPredictor,10,,228,65.3,181,22.5,1807,11.5,42.8,11.0,53.8,0.0,0.002173400000174297,0.0013421999997262901,0.37957649999998466
method-010,10,DegreeDiscount,MarginalGainPredictor,10,,228,56.6,1920,25.7,1920,25.7,30.900000000000002,0.0,30.900000000000002,0.0,0.003363700000136305,0.001688800000010815,0.6291833000000224
method-011,1,DegreeDiscount,OriginalOrder,20,,1265,72.6,1277,72.6,12802,22.8,0.0,49.8,49.8,0.0,0.0030811999999968975,1.9999970390927047e-07,0.41032810000024256
method-011,2,DegreeDiscount,OriginalOrder,20,,1265,88.7,1277,88.7,12803,0.0,0.0,88.7,88.7,0.0,0.0018976999999722466,3.000000106112566e-07,0.49750799999992523
method-011,3,DegreeDiscount,OriginalOrder,20,,1265,93.2,1277,93.2,1352,13.0,0.0,80.2,80.2,0.0,0.0017963999998755753,2.0000015865662135e-07,0.4372881999997844
method-011,4,DegreeDiscount,OriginalOrder,20,,1265,87.5,1277,87.5,12804,0.4,0.0,87.1,87.1,0.0,0.002016099999764265,3.000000106112566e-07,0.4511561999997866
method-011,5,DegreeDiscount,OriginalOrder,20,,1265,90.1,1277,90.1,310,51.3,0.0,38.8,38.8,0.0,0.0029543000000558095,1.9999970390927047e-07,0.45017209999969054
method-011,6,DegreeDiscount,OriginalOrder,20,,1265,87.1,1277,87.1,905,23.9,0.0,63.199999999999996,63.199999999999996,0.0,0.001952899999650981,3.000000106112566e-07,0.4372392000000218
method-011,7,DegreeDiscount,OriginalOrder,20,,1265,83.6,1265,83.6,72,12.4,0.0,71.19999999999999,71.19999999999999,0.0,0.001974600000266946,3.000000106112566e-07,0.5082465999998931
method-011,8,DegreeDiscount,OriginalOrder,20,,1265,81.8,1265,81.8,1277,81.8,0.0,0.0,0.0,0.0,0.0019377000003260036,3.000000106112566e-07,0.5225737000000663
method-011,9,DegreeDiscount,OriginalOrder,20,,228,65.3,1807,43.2,1249,24.9,22.099999999999994,18.300000000000004,40.4,0.0,0.0018188000003647176,3.000000106112566e-07,0.5167093999998542
method-011,10,DegreeDiscount,OriginalOrder,20,,228,57.2,1807,36.4,1439,16.9,20.800000000000004,19.5,40.300000000000004,0.0,0.002658400000200345,4.000003173132427e-07,0.7354280999998082
method-012,1,DegreeDiscount,MarginalGainPredictor,20,,1265,72.6,1277,72.6,310,45.2,0.0,27.39999999999999,27.39999999999999,0.0,0.0030811999999968975,0.00042130000019824365,0.41032810000024256
method-012,2,DegreeDiscount,MarginalGainPredictor,20,,1265,87.8,1277,87.8,1807,36.2,0.0,51.599999999999994,51.599999999999994,0.0,0.0019170000000485743,0.0006255000002965971,0.35705400000006193
method-012,3,DegreeDiscount,MarginalGainPredictor,20,,1265,87.5,1277,87.5,1277,87.5,0.0,0.0,0.0,0.0,0.0020242999999027234,0.0012676000001192733,0.4092325999999957
method-012,4,DegreeDiscount,MarginalGainPredictor,20,,228,48.0,1920,36.4,1423,11.1,11.600000000000001,25.299999999999997,36.9,0.0,0.001963799999884941,0.0012984999998479907,0.5608541999999943
method-012,5,DegreeDiscount,MarginalGainPredictor,20,,228,60.6,1439,30.7,1439,30.7,29.900000000000002,0.0,29.900000000000002,0.0,0.0018322999999327294,0.0012644000003092515,0.5138614000002235
method-012,6,DegreeDiscount,MarginalGainPredictor,20,,3519,53.4,2023,29.7,1265,0.0,23.7,29.7,53.4,0.0,0.0019904000000678934,0.0013386000000537024,0.5397544999996171
method-012,7,DegreeDiscount,MarginalGainPredictor,20,,3519,48.3,181,34.1,1352,16.0,14.199999999999996,18.1,32.3,0.0,0.0019672000003083667,0.0013780999997834442,0.5315999999997985
method-012,8,DegreeDiscount,MarginalGainPredictor,20,,228,51.8,8264,29.0,1920,24.9,22.799999999999997,4.100000000000001,26.9,0.0,0.001976600000034523,0.0013623999998344516,0.5184733000000961
method-012,9,DegreeDiscount,MarginalGainPredictor,20,,228,65.2,3916,25.1,72,9.9,40.1,15.200000000000001,55.300000000000004,1.7763568394002505e-15,0.0020033999999213847,0.0013430999997581239,0.5351980000000367
method-012,10,DegreeDiscount,MarginalGainPredictor,20,,228,56.6,2023,23.6,3916,21.9,33.0,1.7000000000000028,34.7,0.0,0.0035113000003548223,0.001688400000148249,0.8221694999997453
method-013,1,DegreeDiscount,OriginalOrder,50,,1265,72.6,1265,72.6,12802,22.8,0.0,49.8,49.8,0.0,0.0030811999999968975,1.9999970390927047e-07,0.41032810000024256
method-013,2,DegreeDiscount,OriginalOrder,50,,1265,88.7,1265,88.7,12803,0.0,0.0,88.7,88.7,0.0,0.0018976999999722466,9.999985195463523e-08,0.49750799999992523
method-013,3,DegreeDiscount,OriginalOrder,50,,1265,93.2,1265,93.2,1352,13.0,0.0,80.2,80.2,0.0,0.0017963999998755753,3.000000106112566e-07,0.4372881999997844
method-013,4,DegreeDiscount,OriginalOrder,50,,1265,87.5,1265,87.5,12804,0.4,0.0,87.1,87.1,0.0,0.002016099999764265,3.999998625658918e-07,0.4511561999997866
method-013,5,DegreeDiscount,OriginalOrder,50,,1265,90.1,1265,90.1,310,51.3,0.0,38.8,38.8,0.0,0.0029543000000558095,3.000000106112566e-07,0.45017209999969054
method-013,6,DegreeDiscount,OriginalOrder,50,,1265,87.1,1265,87.1,905,23.9,0.0,63.199999999999996,63.199999999999996,0.0,0.001952899999650981,3.000000106112566e-07,0.4372392000000218
method-013,7,DegreeDiscount,OriginalOrder,50,,1265,83.6,1265,83.6,72,12.4,0.0,71.19999999999999,71.19999999999999,0.0,0.001974600000266946,5.000001692678779e-07,0.5082465999998931
method-013,8,DegreeDiscount,OriginalOrder,50,,1265,81.8,1265,81.8,1277,81.8,0.0,0.0,0.0,0.0,0.0019377000003260036,3.000000106112566e-07,0.5225737000000663
method-013,9,DegreeDiscount,OriginalOrder,50,,228,65.3,3519,51.1,1249,24.9,14.199999999999996,26.200000000000003,40.4,0.0,0.0018188000003647176,3.000000106112566e-07,0.5167093999998542
method-013,10,DegreeDiscount,OriginalOrder,50,,228,57.2,410,50.7,1439,16.9,6.5,33.800000000000004,40.300000000000004,0.0,0.002658400000200345,3.000000106112566e-07,0.7354280999998082
method-014,1,DegreeDiscount,MarginalGainPredictor,50,,1265,72.6,1265,72.6,1265,72.6,0.0,0.0,0.0,0.0,0.0030811999999968975,0.000482200000078592,0.41032810000024256
method-014,2,DegreeDiscount,MarginalGainPredictor,50,,3519,60.6,5753,50.4,410,49.6,10.200000000000003,0.7999999999999972,11.0,0.0,0.00306430000000546,0.000641399999949499,0.34299330000021655
method-014,3,DegreeDiscount,MarginalGainPredictor,50,,3519,55.5,9070,51.5,310,43.3,4.0,8.200000000000003,12.200000000000003,0.0,0.003066800000397052,0.0006982999998399464,0.4519540999999663
method-014,4,DegreeDiscount,MarginalGainPredictor,50,,228,48.0,8264,43.6,1807,27.8,4.399999999999999,15.8,20.2,0.0,0.0031951000000844942,0.0006883999999445223,0.5166597000002184
method-014,5,DegreeDiscount,MarginalGainPredictor,50,,228,60.6,5753,42.9,985,30.2,17.700000000000003,12.7,30.400000000000002,0.0,0.003078700000060053,0.000778699999955279,0.5496047000001454
method-014,6,DegreeDiscount,MarginalGainPredictor,50,,3519,54.0,3519,54.0,1277,0.0,0.0,54.0,54.0,0.0,0.0030882999999448657,0.0008185000001503795,0.5524881999999707
method-014,7,DegreeDiscount,MarginalGainPredictor,50,,3519,52.9,3519,52.9,7995,18.2,0.0,34.7,34.7,0.0,0.002084799999920506,0.001334000000042579,0.43585410000014235
method-014,8,DegreeDiscount,MarginalGainPredictor,50,,228,51.2,3519,50.0,1423,12.6,1.2000000000000028,37.4,38.6,0.0,0.0020064000000274973,0.0013953000002402405,0.49084510000011505
method-014,9,DegreeDiscount,MarginalGainPredictor,50,,228,64.6,3519,49.1,1816,0.0,15.499999999999993,49.1,64.6,0.0,0.0018477999997230654,0.001351500000055239,0.43613139999979467
method-014,10,DegreeDiscount,MarginalGainPredictor,50,,228,56.5,3519,44.2,1439,16.7,12.299999999999997,27.500000000000004,39.8,-3.552713678800501e-15,0.0020645999998123443,0.0014750999998796033,0.7945589999999356
method-015,1,DegreeDiscount,OriginalOrder,100,,1265,72.6,1265,72.6,12802,22.8,0.0,49.8,49.8,0.0,0.0030811999999968975,2.0000015865662135e-07,0.41032810000024256
method-015,2,DegreeDiscount,OriginalOrder,100,,1265,88.7,1265,88.7,12803,0.0,0.0,88.7,88.7,0.0,0.0018976999999722466,4.99999714520527e-07,0.49750799999992523
method-015,3,DegreeDiscount,OriginalOrder,100,,1265,93.2,1265,93.2,1352,13.0,0.0,80.2,80.2,0.0,0.0017963999998755753,1.9999970390927047e-07,0.4372881999997844
method-015,4,DegreeDiscount,OriginalOrder,100,,1265,87.5,1265,87.5,12804,0.4,0.0,87.1,87.1,0.0,0.002016099999764265,2.0000015865662135e-07,0.4511561999997866
method-015,5,DegreeDiscount,OriginalOrder,100,,1265,90.1,1265,90.1,310,51.3,0.0,38.8,38.8,0.0,0.0029543000000558095,2.0000015865662135e-07,0.45017209999969054
method-015,6,DegreeDiscount,OriginalOrder,100,,1265,87.1,1265,87.1,905,23.9,0.0,63.199999999999996,63.199999999999996,0.0,0.001952899999650981,2.0000015865662135e-07,0.4372392000000218
method-015,7,DegreeDiscount,OriginalOrder,100,,1265,83.6,1265,83.6,72,12.4,0.0,71.19999999999999,71.19999999999999,0.0,0.001974600000266946,3.000000106112566e-07,0.5082465999998931
method-015,8,DegreeDiscount,OriginalOrder,100,,1265,81.8,1265,81.8,1277,81.8,0.0,0.0,0.0,0.0,0.0019377000003260036,3.000000106112566e-07,0.5225737000000663
method-015,9,DegreeDiscount,OriginalOrder,100,,228,65.3,228,65.3,1249,24.9,0.0,40.4,40.4,0.0,0.0018188000003647176,3.000000106112566e-07,0.5167093999998542
method-015,10,DegreeDiscount,OriginalOrder,100,,228,57.2,228,57.2,1439,16.9,0.0,40.300000000000004,40.300000000000004,0.0,0.002658400000200345,3.999998625658918e-07,0.7354280999998082
method-016,1,DegreeDiscount,MarginalGainPredictor,100,,1265,72.6,1265,72.6,1265,72.6,0.0,0.0,0.0,0.0,0.0030811999999968975,0.0005372000000534172,0.41032810000024256
method-016,2,DegreeDiscount,MarginalGainPredictor,100,,3519,60.6,3519,60.6,410,49.6,0.0,11.0,11.0,0.0,0.00306430000000546,0.0006050000001778244,0.34299330000021655
method-016,3,DegreeDiscount,MarginalGainPredictor,100,,3519,55.5,3519,55.5,310,43.3,0.0,12.200000000000003,12.200000000000003,0.0,0.003066800000397052,0.0006198999999469379,0.4519540999999663
method-016,4,DegreeDiscount,MarginalGainPredictor,100,,228,48.0,228,48.0,1807,27.8,0.0,20.2,20.2,0.0,0.0031951000000844942,0.0006920000000718574,0.5166597000002184
method-016,5,DegreeDiscount,MarginalGainPredictor,100,,228,60.6,228,60.6,985,30.2,0.0,30.400000000000002,30.400000000000002,0.0,0.003078700000060053,0.0007704000004196132,0.5496047000001454
method-016,6,DegreeDiscount,MarginalGainPredictor,100,,3519,54.0,3519,54.0,2216,34.0,0.0,20.0,20.0,0.0,0.0030882999999448657,0.0006806999999753316,0.5524881999999707
method-016,7,DegreeDiscount,MarginalGainPredictor,100,,3519,52.9,3519,52.9,820,18.6,0.0,34.3,34.3,0.0,0.003080599999975675,0.0008990999999696214,0.5370069999999032
method-016,8,DegreeDiscount,MarginalGainPredictor,100,,228,51.2,228,51.2,1277,0.0,0.0,51.2,51.2,0.0,0.003097299999808456,0.0008026000000427302,0.5535675000000992
method-016,9,DegreeDiscount,MarginalGainPredictor,100,,228,64.6,228,64.6,7995,14.4,0.0,50.199999999999996,50.199999999999996,0.0,0.0031130999996094033,0.0009294000001318636,0.43027540000002773
method-016,10,DegreeDiscount,MarginalGainPredictor,100,,228,56.5,228,56.5,1423,13.8,0.0,42.7,42.7,0.0,0.0031742999999551103,0.001163500000075146,0.5032455999999002
method-017,1,FeatureDQN,OriginalOrder,10,,1265,72.6,4826,19.8,2034,12.0,52.8,7.800000000000001,60.599999999999994,-3.552713678800501e-15,0.0011947999996664294,2.0000015865662135e-07,0.41032810000024256
method-017,2,FeatureDQN,OriginalOrder,10,,1265,87.8,905,16.5,1126,7.6,71.3,8.9,80.2,5.329070518200751e-15,0.0014486999998553074,3.999998625658918e-07,0.5151554000003671
method-017,3,FeatureDQN,OriginalOrder,10,,1265,91.8,4826,17.4,1158,2.5,74.4,14.899999999999999,89.3,-7.105427357601002e-15,0.0011643999996522325,3.999998625658918e-07,0.492917000000034
method-017,4,FeatureDQN,OriginalOrder,10,,1265,83.8,7963,18.8,4826,16.2,65.0,2.6000000000000014,67.6,-7.105427357601002e-15,0.001209000000017113,5.000001692678779e-07,0.4362995999999839
method-017,5,FeatureDQN,OriginalOrder,10,,1265,90.0,7963,25.0,1236,5.1,65.0,19.9,84.9,7.105427357601002e-15,0.001520400000117661,3.000000106112566e-07,0.4183714000000691
method-017,6,FeatureDQN,OriginalOrder,10,,1265,92.2,2105,26.2,723,2.9,66.0,23.3,89.3,-3.552713678800501e-15,0.0012755000002471206,3.000000106112566e-07,0.44282120000025316
method-017,7,FeatureDQN,OriginalOrder,10,,1265,82.3,892,30.5,711,2.7,51.8,27.8,79.6,-3.552713678800501e-15,0.0014015000001563749,4.000003173132427e-07,0.5192005999997491
method-017,8,FeatureDQN,OriginalOrder,10,,1265,86.2,228,52.1,461,9.9,34.1,42.2,76.3,-7.105427357601002e-15,0.0013451999998324027,2.0000015865662135e-07,0.5411404000001312
method-017,9,FeatureDQN,OriginalOrder,10,,1265,74.5,228,65.1,905,7.1,9.400000000000006,57.99999999999999,67.4,7.105427357601002e-15,0.0012059999999110005,3.000000106112566e-07,0.5151212999999188
method-017,10,FeatureDQN,OriginalOrder,10,,1265,88.8,228,56.9,2510,17.6,31.9,39.3,71.19999999999999,-7.105427357601002e-15,0.001652500000091095,3.000000106112566e-07,0.529984400000103
method-018,1,FeatureDQN,MarginalGainPredictor,10,,1265,72.6,4826,19.8,905,19.6,52.8,0.1999999999999993,52.99999999999999,-3.552713678800501e-15,0.0011947999996664294,0.0004909999997835257,0.41032810000024256
method-018,2,FeatureDQN,MarginalGainPredictor,10,,1265,84.9,461,12.1,2510,11.8,72.80000000000001,0.29999999999999893,73.10000000000001,-1.7763568394002505e-15,0.0023212999999486783,0.0012617000002137502,0.5098418000002312
method-018,3,FeatureDQN,MarginalGainPredictor,10,,1265,90.3,4826,17.4,7963,14.8,72.9,2.599999999999998,75.5,-3.552713678800501e-15,0.0012370999997983745,0.0011957000001530105,0.44079059999967285
method-018,4,FeatureDQN,MarginalGainPredictor,10,,1265,86.3,4826,16.2,1158,4.9,70.1,11.299999999999999,81.39999999999999,-1.7763568394002505e-15,0.0014866999999867403,0.0010188999999627413,0.5133144999999786
method-018,5,FeatureDQN,MarginalGainPredictor,10,,1265,86.0,2105,21.8,2105,21.8,64.2,0.0,64.2,0.0,0.0013269000000946107,0.0010581999999885738,0.503859200000079
method-018,6,FeatureDQN,MarginalGainPredictor,10,,1265,87.1,4826,18.8,2854,14.5,68.3,4.300000000000001,72.6,-3.552713678800501e-15,0.0013804999998683343,0.0011066000001846987,0.5188112000000729
method-018,7,FeatureDQN,MarginalGainPredictor,10,,1265,82.9,892,20.9,892,20.9,62.00000000000001,0.0,62.00000000000001,0.0,0.001912700000048062,0.0011441000001468637,0.4646339999999327
method-018,8,FeatureDQN,MarginalGainPredictor,10,,1265,82.9,228,52.3,228,52.3,30.60000000000001,0.0,30.60000000000001,0.0,0.00120489999972051,0.0010772000000542903,0.495788199999879
method-018,9,FeatureDQN,MarginalGainPredictor,10,,1265,75.3,461,12.1,2032,7.7,63.199999999999996,4.3999999999999995,67.6,-8.881784197001252e-16,0.0011788000001615728,0.0010327999998480664,0.5009491000000708
method-018,10,FeatureDQN,MarginalGainPredictor,10,,1265,87.2,1236,14.1,4826,6.7,73.10000000000001,7.3999999999999995,80.5,-7.993605777301127e-15,0.0018761000001177308,0.001512800000000425,0.6467419999999038
method-019,1,FeatureDQN,OriginalOrder,20,,1265,72.6,228,56.0,2034,12.0,16.599999999999994,44.0,60.599999999999994,0.0,0.0011947999996664294,2.0000015865662135e-07,0.41032810000024256
method-019,2,FeatureDQN,OriginalOrder,20,,1265,87.8,228,53.6,1126,7.6,34.199999999999996,46.0,80.2,7.105427357601002e-15,0.0014486999998553074,3.000000106112566e-07,0.5151554000003671
method-019,3,FeatureDQN,OriginalOrder,20,,1265,91.8,228,50.4,1158,2.5,41.4,47.9,89.3,0.0,0.0011643999996522325,3.000000106112566e-07,0.492917000000034
method-019,4,FeatureDQN,OriginalOrder,20,,1265,83.8,228,48.6,4826,16.2,35.199999999999996,32.400000000000006,67.6,-7.105427357601002e-15,0.001209000000017113,2.0000015865662135e-07,0.4362995999999839
method-019,5,FeatureDQN,OriginalOrder,20,,1265,90.0,228,60.4,1236,5.1,29.6,55.3,84.9,7.105427357601002e-15,0.001520400000117661,3.000000106112566e-07,0.4183714000000691
method-019,6,FeatureDQN,OriginalOrder,20,,1265,92.2,228,53.2,723,2.9,39.0,50.300000000000004,89.3,-7.105427357601002e-15,0.0012755000002471206,3.999998625658918e-07,0.44282120000025316
method-019,7,FeatureDQN,OriginalOrder,20,,1265,82.3,228,41.5,711,2.7,40.8,38.8,79.6,0.0,0.0014015000001563749,3.999998625658918e-07,0.5192005999997491
method-019,8,FeatureDQN,OriginalOrder,20,,1265,86.2,228,52.1,461,9.9,34.1,42.2,76.3,-7.105427357601002e-15,0.0013451999998324027,3.000000106112566e-07,0.5411404000001312
method-019,9,FeatureDQN,OriginalOrder,20,,1265,74.5,228,65.1,905,7.1,9.400000000000006,57.99999999999999,67.4,7.105427357601002e-15,0.0012059999999110005,3.999998625658918e-07,0.5151212999999188
method-019,10,FeatureDQN,OriginalOrder,20,,1265,88.8,228,56.9,2510,17.6,31.9,39.3,71.19999999999999,-7.105427357601002e-15,0.001652500000091095,2.0000015865662135e-07,0.529984400000103
method-020,1,FeatureDQN,MarginalGainPredictor,20,,1265,72.6,228,56.0,892,34.2,16.599999999999994,21.799999999999997,38.39999999999999,0.0,0.0011947999996664294,0.00042519999988144264,0.41032810000024256
method-020,2,FeatureDQN,MarginalGainPredictor,20,,1265,84.9,228,53.6,3916,25.5,31.300000000000004,28.1,59.400000000000006,0.0,0.0012268999998923391,0.0009921999999278341,0.3926613000003272
method-020,3,FeatureDQN,MarginalGainPredictor,20,,1265,89.7,228,46.1,2105,16.0,43.6,30.1,73.7,0.0,0.0011684999999488355,0.001069400000233145,0.41179460000012114
method-020,4,FeatureDQN,MarginalGainPredictor,20,,1265,86.5,228,48.3,7963,18.8,38.2,29.499999999999996,67.7,3.552713678800501e-15,0.0013171000000511413,0.0011233000000174798,0.49010199999975157
method-020,5,FeatureDQN,MarginalGainPredictor,20,,1265,86.8,228,60.2,2122,20.3,26.599999999999994,39.900000000000006,66.5,0.0,0.001177900000129739,0.0010738000000856118,0.45083149999982197
method-020,6,FeatureDQN,MarginalGainPredictor,20,,1265,92.5,228,51.5,905,9.2,41.0,42.3,83.3,0.0,0.0012125000002924935,0.0011027000000467524,0.44765430000006745
method-020,7,FeatureDQN,MarginalGainPredictor,20,,1265,84.5,228,40.9,901,9.3,43.6,31.599999999999998,75.2,3.552713678800501e-15,0.0012020999997730542,0.0010707999999794993,0.45916239999996833
method-020,8,FeatureDQN,MarginalGainPredictor,20,,1265,86.9,228,52.2,2510,19.8,34.7,32.400000000000006,67.10000000000001,0.0,0.0018397999997432635,0.000962800000252173,0.43973049999976865
method-020,9,FeatureDQN,MarginalGainPredictor,20,,1265,76.4,228,65.6,4331,17.4,10.800000000000011,48.199999999999996,59.00000000000001,0.0,0.0012687000003097637,0.0010796000001391803,0.4383359999997083
method-020,10,FeatureDQN,MarginalGainPredictor,20,,1265,87.4,228,53.1,228,53.1,34.300000000000004,0.0,34.300000000000004,0.0,0.0015928000002531917,0.0015002999998614541,0.5398721999999907
method-021,1,FeatureDQN,OriginalOrder,50,,1265,72.6,228,56.0,2034,12.0,16.599999999999994,44.0,60.599999999999994,0.0,0.0011947999996664294,2.0000015865662135e-07,0.41032810000024256
method-021,2,FeatureDQN,OriginalOrder,50,,1265,87.8,228,53.6,1126,7.6,34.199999999999996,46.0,80.2,7.105427357601002e-15,0.0014486999998553074,2.0000015865662135e-07,0.5151554000003671
method-021,3,FeatureDQN,OriginalOrder,50,,1265,91.8,228,50.4,1158,2.5,41.4,47.9,89.3,0.0,0.0011643999996522325,1.9999970390927047e-07,0.492917000000034
method-021,4,FeatureDQN,OriginalOrder,50,,1265,83.8,228,48.6,4826,16.2,35.199999999999996,32.400000000000006,67.6,-7.105427357601002e-15,0.001209000000017113,4.99999714520527e-07,0.4362995999999839
method-021,5,FeatureDQN,OriginalOrder,50,,1265,90.0,228,60.4,1236,5.1,29.6,55.3,84.9,7.105427357601002e-15,0.001520400000117661,2.0000015865662135e-07,0.4183714000000691
method-021,6,FeatureDQN,OriginalOrder,50,,1265,92.2,228,53.2,723,2.9,39.0,50.300000000000004,89.3,-7.105427357601002e-15,0.0012755000002471206,1.9999970390927047e-07,0.44282120000025316
method-021,7,FeatureDQN,OriginalOrder,50,,1265,82.3,228,41.5,711,2.7,40.8,38.8,79.6,0.0,0.0014015000001563749,1.9999970390927047e-07,0.5192005999997491
method-021,8,FeatureDQN,OriginalOrder,50,,1265,86.2,228,52.1,461,9.9,34.1,42.2,76.3,-7.105427357601002e-15,0.0013451999998324027,2.0000015865662135e-07,0.5411404000001312
method-021,9,FeatureDQN,OriginalOrder,50,,1265,74.5,228,65.1,905,7.1,9.400000000000006,57.99999999999999,67.4,7.105427357601002e-15,0.0012059999999110005,3.999998625658918e-07,0.5151212999999188
method-021,10,FeatureDQN,OriginalOrder,50,,1265,88.8,228,56.9,2510,17.6,31.9,39.3,71.19999999999999,-7.105427357601002e-15,0.001652500000091095,3.000000106112566e-07,0.529984400000103
method-022,1,FeatureDQN,MarginalGainPredictor,50,,1265,72.6,228,56.0,916,23.4,16.599999999999994,32.6,49.199999999999996,0.0,0.0011947999996664294,0.0004752999998345331,0.41032810000024256
method-022,2,FeatureDQN,MarginalGainPredictor,50,,1265,86.6,228,52.7,1423,20.3,33.89999999999999,32.400000000000006,66.3,0.0,0.0011561000001165667,0.0005661000000145577,0.49661139999989246
method-022,3,FeatureDQN,MarginalGainPredictor,50,,1265,85.6,228,48.7,3916,40.3,36.89999999999999,8.400000000000006,45.3,0.0,0.0011657999998533342,0.0011457999999038293,0.49211960000002364
method-022,4,FeatureDQN,MarginalGainPredictor,50,,1265,72.9,228,48.4,892,28.2,24.500000000000007,20.2,44.7,-3.552713678800501e-15,0.0011369999997441482,0.001125300000239804,0.5578018999999586
method-022,5,FeatureDQN,MarginalGainPredictor,50,,1265,80.6,228,60.2,592,18.7,20.39999999999999,41.5,61.89999999999999,0.0,0.0011818000002676854,0.0011088999999628868,0.5144718999999895
method-022,6,FeatureDQN,MarginalGainPredictor,50,,1265,78.1,228,53.1,2105,26.6,24.999999999999993,26.5,51.49999999999999,0.0,0.0012642000001505949,0.0014495999998871412,0.5541905000000042
method-022,7,FeatureDQN,MarginalGainPredictor,50,,1265,75.7,228,40.9,4331,17.5,34.800000000000004,23.4,58.2,0.0,0.0011635999999271007,0.0014366999998856045,0.5357093999996323
method-022,8,FeatureDQN,MarginalGainPredictor,50,,1265,78.3,228,46.4,7963,20.6,31.9,25.799999999999997,57.699999999999996,0.0,0.0011945000001105655,0.0010812000000441913,0.531663700000081
method-022,9,FeatureDQN,MarginalGainPredictor,50,,1265,67.1,228,60.1,2014,10.1,6.999999999999993,50.0,56.99999999999999,0.0,0.0010844999997061677,0.0011328999999022926,0.5335927000000993
method-022,10,FeatureDQN,MarginalGainPredictor,50,,1265,83.9,228,53.1,12804,5.8,30.800000000000004,47.300000000000004,78.10000000000001,0.0,0.0011365000000296277,0.0010902999997597362,0.6397799999999734
method-023,1,FeatureDQN,OriginalOrder,100,,1265,72.6,228,56.0,2034,12.0,16.599999999999994,44.0,60.599999999999994,0.0,0.0011947999996664294,2.0000015865662135e-07,0.41032810000024256
method-023,2,FeatureDQN,OriginalOrder,100,,1265,87.8,228,53.6,1126,7.6,34.199999999999996,46.0,80.2,7.105427357601002e-15,0.0014486999998553074,2.0000015865662135e-07,0.5151554000003671
method-023,3,FeatureDQN,OriginalOrder,100,,1265,91.8,228,50.4,1158,2.5,41.4,47.9,89.3,0.0,0.0011643999996522325,3.000000106112566e-07,0.492917000000034
method-023,4,FeatureDQN,OriginalOrder,100,,1265,83.8,228,48.6,4826,16.2,35.199999999999996,32.400000000000006,67.6,-7.105427357601002e-15,0.001209000000017113,3.000000106112566e-07,0.4362995999999839
method-023,5,FeatureDQN,OriginalOrder,100,,1265,90.0,228,60.4,1236,5.1,29.6,55.3,84.9,7.105427357601002e-15,0.001520400000117661,1.9999970390927047e-07,0.4183714000000691
method-023,6,FeatureDQN,OriginalOrder,100,,1265,92.2,228,53.2,723,2.9,39.0,50.300000000000004,89.3,-7.105427357601002e-15,0.0012755000002471206,3.999998625658918e-07,0.44282120000025316
method-023,7,FeatureDQN,OriginalOrder,100,,1265,82.3,228,41.5,711,2.7,40.8,38.8,79.6,0.0,0.0014015000001563749,1.9999970390927047e-07,0.5192005999997491
method-023,8,FeatureDQN,OriginalOrder,100,,1265,86.2,228,52.1,461,9.9,34.1,42.2,76.3,-7.105427357601002e-15,0.0013451999998324027,3.999998625658918e-07,0.5411404000001312
method-023,9,FeatureDQN,OriginalOrder,100,,1265,74.5,228,65.1,905,7.1,9.400000000000006,57.99999999999999,67.4,7.105427357601002e-15,0.0012059999999110005,3.000000106112566e-07,0.5151212999999188
method-023,10,FeatureDQN,OriginalOrder,100,,1265,88.8,228,56.9,2510,17.6,31.9,39.3,71.19999999999999,-7.105427357601002e-15,0.001652500000091095,3.000000106112566e-07,0.529984400000103
method-024,1,FeatureDQN,MarginalGainPredictor,100,,1265,72.6,228,56.0,916,23.4,16.599999999999994,32.6,49.199999999999996,0.0,0.0011947999996664294,0.0005120000000715663,0.41032810000024256
method-024,2,FeatureDQN,MarginalGainPredictor,100,,1265,86.6,228,52.7,1423,20.3,33.89999999999999,32.400000000000006,66.3,0.0,0.0011561000001165667,0.0005732999998144805,0.49661139999989246
method-024,3,FeatureDQN,MarginalGainPredictor,100,,1265,85.6,228,48.7,1352,12.7,36.89999999999999,36.0,72.89999999999999,0.0,0.0011657999998533342,0.0006940000002941815,0.49211960000002364
method-024,4,FeatureDQN,MarginalGainPredictor,100,,1265,72.9,228,48.6,1255,8.8,24.300000000000004,39.8,64.10000000000001,7.105427357601002e-15,0.001248200000190991,0.0011894999997821287,0.5446277000000919
method-024,5,FeatureDQN,MarginalGainPredictor,100,,1265,74.9,228,60.8,658,19.7,14.100000000000009,41.099999999999994,55.2,0.0,0.001506399999925634,0.0013155000001461303,0.5407418999998299
method-024,6,FeatureDQN,MarginalGainPredictor,100,,1265,78.5,228,52.1,1920,17.6,26.4,34.5,60.9,0.0,0.0011220999999750347,0.0011034999997718842,0.4403274000001147
method-024,7,FeatureDQN,MarginalGainPredictor,100,,1265,73.4,228,41.6,3916,28.2,31.800000000000004,13.400000000000002,45.2,-3.552713678800501e-15,0.0012228999999024381,0.0011632999999164895,0.5276933000000099
method-024,8,FeatureDQN,MarginalGainPredictor,100,,1265,76.8,228,52.4,408,15.5,24.4,36.9,61.3,0.0,0.0012116000002606597,0.0012280000000828295,0.4349428999998963
method-024,9,FeatureDQN,MarginalGainPredictor,100,,228,64.9,228,64.9,830,29.8,0.0,35.10000000000001,35.10000000000001,0.0,0.001211900000271271,0.0012102999999115127,0.43610209999997096
method-024,10,FeatureDQN,MarginalGainPredictor,100,,1265,69.7,228,56.6,820,28.7,13.100000000000001,27.900000000000002,41.0,-3.552713678800501e-15,0.0014193000001796463,0.0011921000000256754,0.47653260000015507
method-025,1,Random,OriginalOrder,10,0,1265,72.6,2216,32.0,181,26.2,40.599999999999994,5.800000000000001,46.39999999999999,-3.552713678800501e-15,5.629999986922485e-05,2.0000015865662135e-07,0.41032810000024256
method-025,2,Random,OriginalOrder,10,0,1265,88.7,3078,23.7,12381,6.1,65.0,17.6,82.60000000000001,7.105427357601002e-15,5.670000018653809e-05,1.9999970390927047e-07,0.4948884000000362
method-025,3,Random,OriginalOrder,10,0,1265,93.0,7123,27.3,547,17.2,65.7,10.100000000000001,75.8,-7.105427357601002e-15,4.130000024815672e-05,2.0000015865662135e-07,0.41140109999969354
method-025,4,Random,OriginalOrder,10,0,1265,85.9,1920,37.6,7995,13.8,48.300000000000004,23.8,72.10000000000001,3.552713678800501e-15,4.080000007888884e-05,9.999985195463523e-08,0.42298150000033274
method-025,5,Random,OriginalOrder,10,0,1265,89.1,1265,89.1,7993,7.7,0.0,81.39999999999999,81.39999999999999,0.0,4.1400000100111356e-05,1.0000030670198612e-07,0.4434084999998049
method-025,6,Random,OriginalOrder,10,0,1265,85.3,2021,27.9,12380,4.9,57.4,23.0,80.39999999999999,-7.105427357601002e-15,4.169999965597526e-05,2.0000015865662135e-07,0.5454506999999467
method-025,7,Random,OriginalOrder,10,0,1265,81.4,228,41.6,657,7.4,39.800000000000004,34.2,74.0,-7.105427357601002e-15,4.219999982524314e-05,1.0000030670198612e-07,0.43952330000001893
method-025,8,Random,OriginalOrder,10,0,1265,85.7,1277,85.7,2034,9.9,0.0,75.8,75.8,0.0,4.1199999941454735e-05,2.0000015865662135e-07,0.5480738000001111
method-025,9,Random,OriginalOrder,10,0,1265,73.1,1920,24.0,4934,23.5,49.099999999999994,0.5,49.599999999999994,0.0,4.5399999635264976e-05,4.000003173132427e-07,0.5518366999999671
method-025,10,Random,OriginalOrder,10,0,1265,88.0,1277,88.0,1943,9.8,0.0,78.2,78.2,0.0,4.200000012133387e-05,2.0000015865662135e-07,0.5073101999996652
method-026,1,Random,MarginalGainPredictor,10,0,1265,72.6,2216,32.0,2216,32.0,40.599999999999994,0.0,40.599999999999994,0.0,5.629999986922485e-05,0.00040530000023863977,0.41032810000024256
method-026,2,Random,MarginalGainPredictor,10,0,1265,88.7,6158,15.0,2014,12.4,73.7,2.5999999999999996,76.3,-5.329070518200751e-15,4.510000007940107e-05,0.001292600000397215,0.34364080000023023
method-026,3,Random,MarginalGainPredictor,10,0,1265,90.7,7123,27.3,6314,9.9,63.400000000000006,17.4,80.8,-7.105427357601002e-15,3.999999989900971e-05,0.001447800000278221,0.4460721000000376
method-026,4,Random,MarginalGainPredictor,10,0,1265,86.4,228,48.6,1439,25.7,37.800000000000004,22.900000000000002,60.7,-3.552713678800501e-15,4.129999979340937e-05,0.0012886999998045212,0.5252723999997215
method-026,5,Random,MarginalGainPredictor,10,0,1265,87.0,1265,87.0,1265,87.0,0.0,0.0,0.0,0.0,4.069999977218686e-05,0.0012724000002890534,0.4853912999997192
method-026,6,Random,MarginalGainPredictor,10,0,3519,55.4,181,23.7,1255,7.2,31.7,16.5,48.199999999999996,-3.552713678800501e-15,5.319999991115765e-05,0.0012840999997933977,0.49699120000013863
method-026,7,Random,MarginalGainPredictor,10,0,3519,50.6,8264,25.6,1352,15.8,25.0,9.8,34.8,-3.552713678800501e-15,4.149999995206599e-05,0.0013389000000643136,0.5069447000000764
method-026,8,Random,MarginalGainPredictor,10,0,228,52.4,1140,25.4,4679,21.0,27.0,4.399999999999999,31.4,0.0,4.1199999941454735e-05,0.0013679999997293635,0.3820072999997137
method-026,9,Random,MarginalGainPredictor,10,0,228,64.9,9070,34.6,9070,34.6,30.300000000000004,0.0,30.300000000000004,0.0,7.049999976516119e-05,0.001350199999706092,0.3829675000001771
method-026,10,Random,MarginalGainPredictor,10,0,228,57.1,1978,20.7,1978,20.7,36.400000000000006,0.0,36.400000000000006,0.0,5.8799999806069536e-05,0.0013960000001134176,0.4896244999999908
method-027,1,Random,OriginalOrder,20,0,1265,72.6,9070,35.2,181,26.2,37.39999999999999,9.000000000000004,46.39999999999999,-3.552713678800501e-15,5.629999986922485e-05,2.0000015865662135e-07,0.41032810000024256
method-027,2,Random,OriginalOrder,20,0,1265,88.7,1807,37.3,12381,6.1,51.400000000000006,31.199999999999996,82.60000000000001,7.105427357601002e-15,5.670000018653809e-05,1.9999970390927047e-07,0.4948884000000362
method-027,3,Random,OriginalOrder,20,0,1265,93.0,228,50.4,547,17.2,42.6,33.2,75.8,-7.105427357601002e-15,4.130000024815672e-05,3.999998625658918e-07,0.41140109999969354
method-027,4,Random,OriginalOrder,20,0,1265,85.9,1920,37.6,7995,13.8,48.300000000000004,23.8,72.10000000000001,3.552713678800501e-15,4.080000007888884e-05,3.999998625658918e-07,0.42298150000033274
method-027,5,Random,OriginalOrder,20,0,1265,89.1,1265,89.1,7993,7.7,0.0,81.39999999999999,81.39999999999999,0.0,4.1400000100111356e-05,2.0000015865662135e-07,0.4434084999998049
method-027,6,Random,OriginalOrder,20,0,1265,85.3,2021,27.9,12380,4.9,57.4,23.0,80.39999999999999,-7.105427357601002e-15,4.169999965597526e-05,2.0000015865662135e-07,0.5454506999999467
method-027,7,Random,OriginalOrder,20,0,1265,81.4,228,41.6,657,7.4,39.800000000000004,34.2,74.0,-7.105427357601002e-15,4.219999982524314e-05,3.000000106112566e-07,0.43952330000001893
method-027,8,Random,OriginalOrder,20,0,1265,85.7,1277,85.7,2034,9.9,0.0,75.8,75.8,0.0,4.1199999941454735e-05,3.999998625658918e-07,0.5480738000001111
method-027,9,Random,OriginalOrder,20,0,1265,73.1,228,57.1,4934,23.5,15.999999999999993,33.6,49.599999999999994,0.0,4.5399999635264976e-05,1.9999970390927047e-07,0.5518366999999671
method-027,10,Random,OriginalOrder,20,0,1265,88.0,1277,88.0,1943,9.8,0.0,78.2,78.2,0.0,4.200000012133387e-05,2.0000015865662135e-07,0.5073101999996652
method-028,1,Random,MarginalGainPredictor,20,0,1265,72.6,9070,35.2,2216,32.0,37.39999999999999,3.200000000000003,40.599999999999994,0.0,5.629999986922485e-05,0.00040809999973134836,0.41032810000024256
method-028,2,Random,MarginalGainPredictor,20,0,1265,88.7,1807,37.9,1807,37.9,50.800000000000004,0.0,50.800000000000004,0.0,4.510000007940107e-05,0.000627500000064174,0.34364080000023023
method-028,3,Random,MarginalGainPredictor,20,0,1265,90.4,7123,27.2,3078,18.6,63.2,8.599999999999998,71.80000000000001,1.0658141036401503e-14,5.8200000239594374e-05,0.0012987000000066473,0.4031974000004084
method-028,4,Random,MarginalGainPredictor,20,0,1265,85.5,1277,85.5,1277,85.5,0.0,0.0,0.0,0.0,4.179999996267725e-05,0.0012553000001389591,0.4394063999998252
method-028,5,Random,MarginalGainPredictor,20,0,228,60.6,1439,30.9,1265,0.0,29.700000000000003,30.9,60.6,0.0,4.3399999867688166e-05,0.0012934999999743013,0.46586660000002666
method-028,6,Random,MarginalGainPredictor,20,0,3519,56.5,3916,22.9,3916,22.9,33.6,0.0,33.6,0.0,4.070000022693421e-05,0.001284500000110711,0.44081640000013067
method-028,7,Random,MarginalGainPredictor,20,0,3519,54.2,8264,25.8,1352,15.9,28.400000000000002,9.9,38.300000000000004,1.7763568394002505e-15,4.540000009001233e-05,0.0012840000003961904,0.4578371000002335
method-028,8,Random,MarginalGainPredictor,20,0,3519,52.4,2510,17.0,916,7.2,35.4,9.8,45.199999999999996,-3.552713678800501e-15,6.070000017643906e-05,0.0013395000000855362,0.5306570000002466
method-028,9,Random,MarginalGainPredictor,20,0,228,65.5,692,22.9,692,22.9,42.6,0.0,42.6,0.0,3.980000019510044e-05,0.00135069999987536,0.5216882999998234
method-028,10,Random,MarginalGainPredictor,20,0,228,56.1,985,29.3,985,29.3,26.8,0.0,26.8,0.0,4.330000001573353e-05,0.0014325000001917942,0.5059394999998403
method-029,1,Random,OriginalOrder,50,0,1265,72.6,9070,35.2,181,26.2,37.39999999999999,9.000000000000004,46.39999999999999,-3.552713678800501e-15,5.629999986922485e-05,2.0000015865662135e-07,0.41032810000024256
method-029,2,Random,OriginalOrder,50,0,1265,88.7,647,49.6,12381,6.1,39.1,43.5,82.60000000000001,7.105427357601002e-15,5.670000018653809e-05,3.000000106112566e-07,0.4948884000000362
method-029,3,Random,OriginalOrder,50,0,1265,93.0,3519,58.9,547,17.2,34.1,41.7,75.8,-7.105427357601002e-15,4.130000024815672e-05,3.000000106112566e-07,0.41140109999969354
method-029,4,Random,OriginalOrder,50,0,1265,85.9,228,48.4,7995,13.8,37.50000000000001,34.599999999999994,72.10000000000001,7.105427357601002e-15,4.080000007888884e-05,3.000000106112566e-07,0.42298150000033274
method-029,5,Random,OriginalOrder,50,0,1265,89.1,1265,89.1,7993,7.7,0.0,81.39999999999999,81.39999999999999,0.0,4.1400000100111356e-05,3.000000106112566e-07,0.4434084999998049
method-029,6,Random,OriginalOrder,50,0,1265,85.3,3519,51.7,12380,4.9,33.599999999999994,46.800000000000004,80.39999999999999,-7.105427357601002e-15,4.169999965597526e-05,3.000000106112566e-07,0.5454506999999467
method-029,7,Random,OriginalOrder,50,0,1265,81.4,1265,81.4,657,7.4,0.0,74.0,74.0,0.0,4.219999982524314e-05,1.9999970390927047e-07,0.43952330000001893
method-029,8,Random,OriginalOrder,50,0,1265,85.7,1277,85.7,2034,9.9,0.0,75.8,75.8,0.0,4.1199999941454735e-05,3.000000106112566e-07,0.5480738000001111
method-029,9,Random,OriginalOrder,50,0,1265,73.1,1265,73.1,4934,23.5,0.0,49.599999999999994,49.599999999999994,0.0,4.5399999635264976e-05,2.0000015865662135e-07,0.5518366999999671
method-029,10,Random,OriginalOrder,50,0,1265,88.0,1277,88.0,1943,9.8,0.0,78.2,78.2,0.0,4.200000012133387e-05,2.0000015865662135e-07,0.5073101999996652
method-030,1,Random,MarginalGainPredictor,50,0,1265,72.6,9070,35.2,2216,32.0,37.39999999999999,3.200000000000003,40.599999999999994,0.0,5.629999986922485e-05,0.00048589999960313435,0.41032810000024256
method-030,2,Random,MarginalGainPredictor,50,0,1265,88.7,5753,53.8,1807,37.9,34.900000000000006,15.899999999999999,50.800000000000004,0.0,4.510000007940107e-05,0.0006777999997211737,0.34364080000023023
method-030,3,Random,MarginalGainPredictor,50,0,1265,90.4,3519,56.9,410,45.6,33.50000000000001,11.299999999999997,44.800000000000004,0.0,5.8200000239594374e-05,0.0007237999998324085,0.4031974000004084
method-030,4,Random,MarginalGainPredictor,50,0,1265,85.5,1920,37.3,1249,26.2,48.2,11.099999999999998,59.3,-3.552713678800501e-15,4.149999995206599e-05,0.0013487999999597378,0.5361824999999953
method-030,5,Random,MarginalGainPredictor,50,0,1265,80.5,1265,80.5,1265,80.5,0.0,0.0,0.0,0.0,4.099999978279811e-05,0.0014488000001620094,0.5156514999998763
method-030,6,Random,MarginalGainPredictor,50,0,3519,56.6,228,53.0,916,14.3,3.6000000000000014,38.7,42.3,-7.105427357601002e-15,5.2800000048591755e-05,0.0012781999998878746,0.552392300000065
method-030,7,Random,MarginalGainPredictor,50,0,3519,53.9,228,41.6,820,20.1,12.299999999999997,21.5,33.8,0.0,4.069999977218686e-05,0.0013375000003179593,0.5237324999998236
method-030,8,Random,MarginalGainPredictor,50,0,3519,52.0,7123,32.4,1816,0.0,19.6,32.4,52.0,0.0,4.220000027999049e-05,0.001301599999806058,0.41485710000006293
method-030,9,Random,MarginalGainPredictor,50,0,228,64.8,3519,49.2,985,34.0,15.599999999999994,15.200000000000003,30.799999999999997,0.0,4.130000024815672e-05,0.001398700000208919,0.43247139999994033
method-030,10,Random,MarginalGainPredictor,50,0,228,56.5,5753,45.6,1439,16.7,10.899999999999999,28.900000000000002,39.8,-3.552713678800501e-15,4.470000021683518e-05,0.001354800000171963,0.5165173999998842
method-031,1,Random,OriginalOrder,100,0,1265,72.6,9070,35.2,181,26.2,37.39999999999999,9.000000000000004,46.39999999999999,-3.552713678800501e-15,5.629999986922485e-05,1.9999970390927047e-07,0.41032810000024256
method-031,2,Random,OriginalOrder,100,0,1265,88.7,1265,88.7,12381,6.1,0.0,82.60000000000001,82.60000000000001,0.0,5.670000018653809e-05,2.0000015865662135e-07,0.4948884000000362
method-031,3,Random,OriginalOrder,100,0,1265,93.0,1265,93.0,547,17.2,0.0,75.8,75.8,0.0,4.130000024815672e-05,2.0000015865662135e-07,0.41140109999969354
method-031,4,Random,OriginalOrder,100,0,1265,85.9,1277,85.9,7995,13.8,0.0,72.10000000000001,72.10000000000001,0.0,4.080000007888884e-05,3.999998625658918e-07,0.42298150000033274
method-031,5,Random,OriginalOrder,100,0,1265,89.1,1265,89.1,7993,7.7,0.0,81.39999999999999,81.39999999999999,0.0,4.1400000100111356e-05,3.000000106112566e-07,0.4434084999998049
method-031,6,Random,OriginalOrder,100,0,1265,85.3,1277,85.3,12380,4.9,0.0,80.39999999999999,80.39999999999999,0.0,4.169999965597526e-05,3.000000106112566e-07,0.5454506999999467
method-031,7,Random,OriginalOrder,100,0,1265,81.4,1265,81.4,657,7.4,0.0,74.0,74.0,0.0,4.219999982524314e-05,3.000000106112566e-07,0.43952330000001893
method-031,8,Random,OriginalOrder,100,0,1265,85.7,1277,85.7,2034,9.9,0.0,75.8,75.8,0.0,4.1199999941454735e-05,3.000000106112566e-07,0.5480738000001111
method-031,9,Random,OriginalOrder,100,0,1265,73.1,1265,73.1,4934,23.5,0.0,49.599999999999994,49.599999999999994,0.0,4.5399999635264976e-05,3.999998625658918e-07,0.5518366999999671
method-031,10,Random,OriginalOrder,100,0,1265,88.0,1277,88.0,1943,9.8,0.0,78.2,78.2,0.0,4.200000012133387e-05,3.000000106112566e-07,0.5073101999996652
method-032,1,Random,MarginalGainPredictor,100,0,1265,72.6,9070,35.2,2216,32.0,37.39999999999999,3.200000000000003,40.599999999999994,0.0,5.629999986922485e-05,0.0005022000000280968,0.41032810000024256
method-032,2,Random,MarginalGainPredictor,100,0,1265,88.7,1265,88.7,1265,88.7,0.0,0.0,0.0,0.0,4.510000007940107e-05,0.0006393999997271749,0.34364080000023023
method-032,3,Random,MarginalGainPredictor,100,0,3519,56.2,3519,56.2,410,42.2,0.0,14.0,14.0,0.0,4.6999999995023245e-05,0.0013665000001310545,0.5055280999999923
method-032,4,Random,MarginalGainPredictor,100,0,310,48.7,1920,37.2,1807,27.9,11.5,9.300000000000004,20.800000000000004,0.0,5.139999984749011e-05,0.0013689999996131519,0.4450990999998794
method-032,5,Random,MarginalGainPredictor,100,0,228,60.6,892,36.7,820,16.4,23.9,20.300000000000004,44.2,0.0,6.849999999758438e-05,0.0014983000000938773,0.4649154999997336
method-032,6,Random,MarginalGainPredictor,100,0,3519,56.4,228,53.0,310,36.9,3.3999999999999986,16.1,19.5,0.0,4.099999978279811e-05,0.0013462000001709384,0.4387559000001602
method-032,7,Random,MarginalGainPredictor,100,0,3519,52.7,228,41.6,985,28.9,11.100000000000001,12.700000000000003,23.800000000000004,0.0,4.8100000185513636e-05,0.0013144999998075946,0.4397961999998188
method-032,8,Random,MarginalGainPredictor,100,0,228,51.2,228,51.2,916,7.0,0.0,44.2,44.2,0.0,4.5000000227446435e-05,0.0013665999999830092,0.524163700000372
method-032,9,Random,MarginalGainPredictor,100,0,228,64.6,228,64.6,1249,17.4,0.0,47.199999999999996,47.199999999999996,0.0,4.089999993084348e-05,0.0014434999998229614,0.5271525000002839
method-032,10,Random,MarginalGainPredictor,100,0,228,56.5,228,56.5,1277,0.0,0.0,56.5,56.5,0.0,6.849999999758438e-05,0.0013779999999314896,0.44311160000006566
method-033,1,Random,OriginalOrder,10,1,1265,72.6,5753,44.0,985,27.5,28.599999999999994,16.5,45.099999999999994,0.0,4.7699999868200393e-05,9.999985195463523e-08,0.41032810000024256
method-033,2,Random,OriginalOrder,10,1,1265,88.7,410,49.6,2442,20.4,39.1,29.200000000000003,68.30000000000001,7.105427357601002e-15,3.980000019510044e-05,1.9999970390927047e-07,0.4976486999998997
method-033,3,Random,OriginalOrder,10,1,1265,92.8,1140,30.9,2717,20.4,61.9,10.5,72.4,7.105427357601002e-15,4.020000005766633e-05,2.0000015865662135e-07,0.4964718000001085
method-033,4,Random,OriginalOrder,10,1,1265,87.3,410,45.7,4758,12.9,41.599999999999994,32.800000000000004,74.39999999999999,-7.105427357601002e-15,4.220000027999049e-05,2.0000015865662135e-07,0.5441586000001735
method-033,5,Random,OriginalOrder,10,1,1265,83.6,1265,83.6,7993,8.0,0.0,75.6,75.6,0.0,4.070000022693421e-05,1.9999970390927047e-07,0.524095700000089
method-033,6,Random,OriginalOrder,10,1,1265,89.7,7995,22.7,1785,19.0,67.0,3.6999999999999993,70.7,3.552713678800501e-15,4.11000000895001e-05,9.999985195463523e-08,0.5669514000001072
method-033,7,Random,OriginalOrder,10,1,1265,84.2,181,33.1,2122,17.8,51.1,15.3,66.4,3.552713678800501e-15,4.1599999804020626e-05,1.9999970390927047e-07,0.525994499999797
method-033,8,Random,OriginalOrder,10,1,1265,87.5,1265,87.5,2368,9.2,0.0,78.3,78.3,0.0,4.18000004174246e-05,2.0000015865662135e-07,0.5545369999999821
method-033,9,Random,OriginalOrder,10,1,1265,77.2,310,41.2,2146,14.6,36.0,26.6,62.6,0.0,4.2499999835854396e-05,9.999985195463523e-08,0.5208271000001332
method-033,10,Random,OriginalOrder,10,1,1265,89.4,1140,28.6,58,5.4,60.800000000000004,23.200000000000003,84.0,-7.105427357601002e-15,4.1199999941454735e-05,2.0000015865662135e-07,0.5481620000000476
method-034,1,Random,MarginalGainPredictor,10,1,1265,72.6,5753,44.0,985,27.5,28.599999999999994,16.5,45.099999999999994,0.0,4.7699999868200393e-05,0.0004017000001113047,0.41032810000024256
method-034,2,Random,MarginalGainPredictor,10,1,1265,88.7,410,49.6,410,49.6,39.1,0.0,39.1,0.0,3.980000019510044e-05,0.001250600000275881,0.4976486999998997
method-034,3,Random,MarginalGainPredictor,10,1,1265,89.7,1140,30.9,1423,18.2,58.800000000000004,12.7,71.5,-3.552713678800501e-15,4.059999992023222e-05,0.0013721000000259664,0.352831800000331
method-034,4,Random,MarginalGainPredictor,10,1,1265,82.6,1265,82.6,1265,82.6,0.0,0.0,0.0,0.0,4.099999978279811e-05,0.0012724999996862607,0.3807489999999234
method-034,5,Random,MarginalGainPredictor,10,1,228,60.6,12802,22.2,1277,0.0,38.400000000000006,22.2,60.6,-3.552713678800501e-15,4.130000024815672e-05,0.0012639000001399836,0.39268049999964205
method-034,6,Random,MarginalGainPredictor,10,1,3519,57.7,3810,16.8,4305,11.1,40.900000000000006,5.700000000000001,46.6,-5.329070518200751e-15,5.520000013348181e-05,0.001247700000021723,0.37549300000000585
method-034,7,Random,MarginalGainPredictor,10,1,3519,52.5,1807,30.7,1807,30.7,21.8,0.0,21.8,0.0,5.109999983687885e-05,0.0013260999999147316,0.3871745000001283
method-034,8,Random,MarginalGainPredictor,10,1,3519,52.9,3810,20.1,1249,14.7,32.8,5.400000000000002,38.2,3.552713678800501e-15,5.2099999720667256e-05,0.00126719999980196,0.4157847999999831
method-034,9,Random,MarginalGainPredictor,10,1,228,64.8,656,23.5,1352,16.9,41.3,6.600000000000001,47.9,0.0,4.260000014255638e-05,0.0012667999999393942,0.37311989999989237
method-034,10,Random,MarginalGainPredictor,10,1,228,56.5,5753,45.5,5753,45.5,11.0,0.0,11.0,0.0,3.930000002583256e-05,0.0013356000004023372,0.37081899999975576
method-035,1,Random,OriginalOrder,20,1,1265,72.6,5753,44.0,985,27.5,28.599999999999994,16.5,45.099999999999994,0.0,4.7699999868200393e-05,1.9999970390927047e-07,0.41032810000024256
method-035,2,Random,OriginalOrder,20,1,1265,88.7,410,49.6,2442,20.4,39.1,29.200000000000003,68.30000000000001,7.105427357601002e-15,3.980000019510044e-05,3.999998625658918e-07,0.4976486999998997
method-035,3,Random,OriginalOrder,20,1,1265,92.8,1140,30.9,2717,20.4,61.9,10.5,72.4,7.105427357601002e-15,4.020000005766633e-05,3.000000106112566e-07,0.4964718000001085
method-035,4,Random,OriginalOrder,20,1,1265,87.3,410,45.7,4758,12.9,41.599999999999994,32.800000000000004,74.39999999999999,-7.105427357601002e-15,4.220000027999049e-05,2.0000015865662135e-07,0.5441586000001735
method-035,5,Random,OriginalOrder,20,1,1265,83.6,1265,83.6,7993,8.0,0.0,75.6,75.6,0.0,4.070000022693421e-05,2.0000015865662135e-07,0.524095700000089
method-035,6,Random,OriginalOrder,20,1,1265,89.7,7995,22.7,1785,19.0,67.0,3.6999999999999993,70.7,3.552713678800501e-15,4.11000000895001e-05,2.0000015865662135e-07,0.5669514000001072
method-035,7,Random,OriginalOrder,20,1,1265,84.2,310,38.7,2122,17.8,45.5,20.900000000000002,66.4,3.552713678800501e-15,4.1599999804020626e-05,3.000000106112566e-07,0.525994499999797
method-035,8,Random,OriginalOrder,20,1,1265,87.5,1265,87.5,2368,9.2,0.0,78.3,78.3,0.0,4.18000004174246e-05,2.0000015865662135e-07,0.5545369999999821
method-035,9,Random,OriginalOrder,20,1,1265,77.2,310,41.2,2146,14.6,36.0,26.6,62.6,0.0,4.2499999835854396e-05,3.000000106112566e-07,0.5208271000001332
method-035,10,Random,OriginalOrder,20,1,1265,89.4,1140,28.6,58,5.4,60.800000000000004,23.200000000000003,84.0,-7.105427357601002e-15,4.1199999941454735e-05,3.000000106112566e-07,0.5481620000000476
method-036,1,Random,MarginalGainPredictor,20,1,1265,72.6,5753,44.0,985,27.5,28.599999999999994,16.5,45.099999999999994,0.0,4.7699999868200393e-05,0.00045439999985319446,0.41032810000024256
method-036,2,Random,MarginalGainPredictor,20,1,1265,88.7,410,49.6,410,49.6,39.1,0.0,39.1,0.0,3.980000019510044e-05,0.000625900000159163,0.4976486999998997
method-036,3,Random,MarginalGainPredictor,20,1,1265,89.7,1140,30.9,1423,18.2,58.800000000000004,12.7,71.5,-3.552713678800501e-15,4.059999992023222e-05,0.0006356999997478852,0.352831800000331
method-036,4,Random,MarginalGainPredictor,20,1,1265,82.6,1265,82.6,1265,82.6,0.0,0.0,0.0,0.0,4.099999978279811e-05,0.0006490000000667351,0.3807489999999234
method-036,5,Random,MarginalGainPredictor,20,1,228,60.6,9070,36.7,1277,0.0,23.9,36.7,60.6,0.0,4.130000024815672e-05,0.0005692999998245796,0.39268049999964205
method-036,6,Random,MarginalGainPredictor,20,1,3519,57.7,4172,17.3,679,14.4,40.400000000000006,2.9000000000000004,43.300000000000004,-1.7763568394002505e-15,5.520000013348181e-05,0.0006862000000182888,0.37549300000000585
method-036,7,Random,MarginalGainPredictor,20,1,3519,52.6,228,41.6,1807,31.8,11.0,9.8,20.8,0.0,5.2400000186025864e-05,0.0012884000002486573,0.5339374999998654
method-036,8,Random,MarginalGainPredictor,20,1,3519,52.9,2122,26.9,1249,14.7,26.0,12.2,38.2,3.552713678800501e-15,4.1400000100111356e-05,0.0012824999998883868,0.5471926000000167
method-036,9,Random,MarginalGainPredictor,20,1,228,64.8,2216,32.4,2216,32.4,32.4,0.0,32.4,0.0,4.130000024815672e-05,0.0012794999997822742,0.5353932000002715
method-036,10,Random,MarginalGainPredictor,20,1,228,56.5,5753,45.7,5753,45.7,10.799999999999997,0.0,10.799999999999997,0.0,6.359999997584964e-05,0.0012941999998474785,0.5536459999998442
method-037,1,Random,OriginalOrder,50,1,1265,72.6,1277,72.6,985,27.5,0.0,45.099999999999994,45.099999999999994,0.0,4.7699999868200393e-05,2.0000015865662135e-07,0.41032810000024256
method-037,2,Random,OriginalOrder,50,1,1265,88.7,410,49.6,2442,20.4,39.1,29.200000000000003,68.30000000000001,7.105427357601002e-15,3.980000019510044e-05,1.9999970390927047e-07,0.4976486999998997
method-037,3,Random,OriginalOrder,50,1,1265,92.8,3519,59.0,2717,20.4,33.8,38.6,72.4,7.105427357601002e-15,4.020000005766633e-05,2.0000015865662135e-07,0.4964718000001085
method-037,4,Random,OriginalOrder,50,1,1265,87.3,3519,46.8,4758,12.9,40.5,33.9,74.39999999999999,-7.105427357601002e-15,4.220000027999049e-05,2.0000015865662135e-07,0.5441586000001735
method-037,5,Random,OriginalOrder,50,1,1265,83.6,1265,83.6,7993,8.0,0.0,75.6,75.6,0.0,4.070000022693421e-05,2.0000015865662135e-07,0.524095700000089
method-037,6,Random,OriginalOrder,50,1,1265,89.7,7123,30.6,1785,19.0,59.1,11.600000000000001,70.7,0.0,4.11000000895001e-05,2.0000015865662135e-07,0.5669514000001072
method-037,7,Random,OriginalOrder,50,1,1265,84.2,228,41.6,2122,17.8,42.6,23.8,66.4,3.552713678800501e-15,4.1599999804020626e-05,3.000000106112566e-07,0.525994499999797
method-037,8,Random,OriginalOrder,50,1,1265,87.5,1265,87.5,2368,9.2,0.0,78.3,78.3,0.0,4.18000004174246e-05,2.0000015865662135e-07,0.5545369999999821
method-037,9,Random,OriginalOrder,50,1,1265,77.2,1265,77.2,2146,14.6,0.0,62.6,62.6,0.0,4.2499999835854396e-05,3.000000106112566e-07,0.5208271000001332
method-037,10,Random,OriginalOrder,50,1,1265,89.4,1140,28.6,58,5.4,60.800000000000004,23.200000000000003,84.0,-7.105427357601002e-15,4.1199999941454735e-05,3.000000106112566e-07,0.5481620000000476
method-038,1,Random,MarginalGainPredictor,50,1,1265,72.6,1277,72.6,410,49.8,0.0,22.799999999999997,22.799999999999997,0.0,4.7699999868200393e-05,0.0004747000002680579,0.41032810000024256
method-038,2,Random,MarginalGainPredictor,50,1,1265,88.7,1265,88.7,1265,88.7,0.0,0.0,0.0,0.0,5.5499999689345714e-05,0.0013908999999330263,0.38996399999996356
method-038,3,Random,MarginalGainPredictor,50,1,3519,55.5,228,50.4,310,43.3,5.100000000000001,7.100000000000001,12.200000000000003,0.0,4.11000000895001e-05,0.0013426000000436034,0.5173581999997623
method-038,4,Random,MarginalGainPredictor,50,1,228,48.0,1920,36.0,985,30.3,12.0,5.699999999999999,17.7,0.0,4.170000011072261e-05,0.0013569000002462417,0.5246600000000399
method-038,5,Random,MarginalGainPredictor,50,1,228,60.6,228,60.6,1277,0.0,0.0,60.6,60.6,0.0,4.1400000100111356e-05,0.0012914999997519772,0.5331293999997797
method-038,6,Random,MarginalGainPredictor,50,1,3519,55.9,647,33.3,6314,10.2,22.6,23.099999999999998,45.7,3.552713678800501e-15,5.229999987932388e-05,0.0013046000003669178,0.5304768999999396
method-038,7,Random,MarginalGainPredictor,50,1,3519,53.8,3519,53.8,1807,31.4,0.0,22.4,22.4,0.0,4.380000018500141e-05,0.0013306000000739004,0.42966389999992316
method-038,8,Random,MarginalGainPredictor,50,1,3519,51.7,3519,51.7,1249,14.7,0.0,37.0,37.0,0.0,4.080000007888884e-05,0.0013625999999931082,0.4384378999998262
method-038,9,Random,MarginalGainPredictor,50,1,228,64.6,2021,31.2,916,11.6,33.39999999999999,19.6,52.99999999999999,0.0,5.220000002736924e-05,0.0013281000001370558,0.4502658999999767
method-038,10,Random,MarginalGainPredictor,50,1,228,56.5,5753,44.4,1352,13.1,12.100000000000001,31.299999999999997,43.4,0.0,5.089999967822223e-05,0.0013904000002185057,0.6471550000001116
method-039,1,Random,OriginalOrder,100,1,1265,72.6,1277,72.6,985,27.5,0.0,45.099999999999994,45.099999999999994,0.0,4.7699999868200393e-05,1.0000030670198612e-07,0.41032810000024256
method-039,2,Random,OriginalOrder,100,1,1265,88.7,1277,88.7,2442,20.4,0.0,68.30000000000001,68.30000000000001,0.0,3.980000019510044e-05,1.9999970390927047e-07,0.4976486999998997
method-039,3,Random,OriginalOrder,100,1,1265,92.8,1265,92.8,2717,20.4,0.0,72.4,72.4,0.0,4.020000005766633e-05,3.000000106112566e-07,0.4964718000001085
method-039,4,Random,OriginalOrder,100,1,1265,87.3,310,48.9,4758,12.9,38.4,36.0,74.39999999999999,-7.105427357601002e-15,4.220000027999049e-05,3.999998625658918e-07,0.5441586000001735
method-039,5,Random,OriginalOrder,100,1,1265,83.6,1265,83.6,7993,8.0,0.0,75.6,75.6,0.0,4.070000022693421e-05,2.0000015865662135e-07,0.524095700000089
method-039,6,Random,OriginalOrder,100,1,1265,89.7,310,41.4,1785,19.0,48.300000000000004,22.4,70.7,0.0,4.11000000895001e-05,3.000000106112566e-07,0.5669514000001072
method-039,7,Random,OriginalOrder,100,1,1265,84.2,228,41.6,2122,17.8,42.6,23.8,66.4,3.552713678800501e-15,4.1599999804020626e-05,9.500000032858225e-06,0.525994499999797
method-039,8,Random,OriginalOrder,100,1,1265,87.5,1265,87.5,2368,9.2,0.0,78.3,78.3,0.0,4.18000004174246e-05,2.0000015865662135e-07,0.5545369999999821
method-039,9,Random,OriginalOrder,100,1,1265,77.2,1265,77.2,2146,14.6,0.0,62.6,62.6,0.0,4.2499999835854396e-05,3.000000106112566e-07,0.5208271000001332
method-039,10,Random,OriginalOrder,100,1,1265,89.4,1265,89.4,58,5.4,0.0,84.0,84.0,0.0,4.1199999941454735e-05,3.000000106112566e-07,0.5481620000000476
method-040,1,Random,MarginalGainPredictor,100,1,1265,72.6,1277,72.6,410,49.8,0.0,22.799999999999997,22.799999999999997,0.0,4.7699999868200393e-05,0.0005194999998821004,0.41032810000024256
method-040,2,Random,MarginalGainPredictor,100,1,1265,88.7,1265,88.7,1265,88.7,0.0,0.0,0.0,0.0,5.5499999689345714e-05,0.0007759000000078231,0.38996399999996356
method-040,3,Random,MarginalGainPredictor,100,1,3519,55.5,3519,55.5,310,43.3,0.0,12.200000000000003,12.200000000000003,0.0,4.11000000895001e-05,0.0007218000000648317,0.5173581999997623
method-040,4,Random,MarginalGainPredictor,100,1,228,48.0,228,48.0,985,30.3,0.0,17.7,17.7,0.0,4.170000011072261e-05,0.0007738000003882917,0.5246600000000399
method-040,5,Random,MarginalGainPredictor,100,1,228,60.6,228,60.6,1277,0.0,0.0,60.6,60.6,0.0,4.1400000100111356e-05,0.0007472000002053392,0.5331293999997797
method-040,6,Random,MarginalGainPredictor,100,1,3519,55.9,3519,55.9,916,18.5,0.0,37.4,37.4,0.0,5.229999987932388e-05,0.000663400000121328,0.5304768999999396
method-040,7,Random,MarginalGainPredictor,100,1,3519,53.5,3519,53.5,1807,30.1,0.0,23.4,23.4,0.0,4.5700000100623583e-05,0.0014429000002564862,0.5053662999998778
method-040,8,Random,MarginalGainPredictor,100,1,3519,51.5,5753,37.8,2216,29.3,13.700000000000003,8.499999999999996,22.2,0.0,4.170000011072261e-05,0.0013231000002633664,0.521588900000097
method-040,9,Random,MarginalGainPredictor,100,1,228,64.6,228,64.6,1816,0.0,0.0,64.6,64.6,0.0,4.03999997615756e-05,0.001422899999852234,0.5277508000003763
method-040,10,Random,MarginalGainPredictor,100,1,228,56.5,3519,46.3,820,17.3,10.200000000000003,28.999999999999996,39.2,3.552713678800501e-15,7.31999998606625e-05,0.001556199999868113,0.4819462000000385
method-041,1,Random,OriginalOrder,10,2,1265,72.6,547,23.6,5454,22.1,48.99999999999999,1.5,50.49999999999999,0.0,4.8100000185513636e-05,1.9999970390927047e-07,0.41032810000024256
method-041,2,Random,OriginalOrder,10,2,1265,87.2,9070,30.3,597,15.4,56.900000000000006,14.9,71.8,-8.881784197001252e-15,4.149999995206599e-05,2.0000015865662135e-07,0.4940246000001025
method-041,3,Random,OriginalOrder,10,2,1265,91.3,228,50.2,802,5.3,41.099999999999994,44.900000000000006,86.0,0.0,4.4800000068789814e-05,3.000000106112566e-07,0.41423170000007303
method-041,4,Random,OriginalOrder,10,2,1265,83.4,1277,83.4,7123,29.8,0.0,53.60000000000001,53.60000000000001,0.0,5.6999999742402e-05,3.000000106112566e-07,0.6310395000000426
method-041,5,Random,OriginalOrder,10,2,1265,85.9,2216,29.2,2272,13.8,56.7,15.399999999999999,72.10000000000001,7.105427357601002e-15,5.529999998543644e-05,2.0000015865662135e-07,0.5702873000000181
method-041,6,Random,OriginalOrder,10,2,1265,86.2,1807,45.0,12382,2.7,41.2,42.3,83.5,0.0,3.990000004705507e-05,2.0000015865662135e-07,0.48533679999991364
method-041,7,Random,OriginalOrder,10,2,1265,84.5,905,21.3,1816,18.2,63.2,3.1000000000000014,66.3,-7.105427357601002e-15,4.189999981463188e-05,1.9999970390927047e-07,0.5322633000000678
method-041,8,Random,OriginalOrder,10,2,1265,82.2,547,15.5,3700,15.1,66.7,0.40000000000000036,67.10000000000001,5.329070518200751e-15,4.0500000068277586e-05,9.999985195463523e-08,0.4672950000003766
method-041,9,Random,OriginalOrder,10,2,1265,73.3,228,65.6,228,65.6,7.700000000000003,0.0,7.700000000000003,0.0,4.4299999899521936e-05,2.0000015865662135e-07,0.46967750000021624
method-041,10,Random,OriginalOrder,10,2,1265,87.2,1978,21.5,2477,20.7,65.7,0.8000000000000007,66.5,-3.552713678800501e-15,3.980000019510044e-05,1.9999970390927047e-07,0.5838420000000042
method-042,1,Random,MarginalGainPredictor,10,2,1265,72.6,547,23.6,1255,9.3,48.99999999999999,14.3,63.3,3.552713678800501e-15,4.8100000185513636e-05,0.0004100000001017179,0.41032810000024256
method-042,2,Random,MarginalGainPredictor,10,2,1265,85.9,9070,30.3,9070,30.3,55.60000000000001,0.0,55.60000000000001,0.0,4.059999992023222e-05,0.0012572000000545813,0.4470453999997517
method-042,3,Random,MarginalGainPredictor,10,2,1265,89.4,7995,33.6,7995,33.6,55.800000000000004,0.0,55.800000000000004,0.0,4.019999960291898e-05,0.0012538000000859029,0.44521350000013626
method-042,4,Random,MarginalGainPredictor,10,2,1265,85.2,7123,29.6,3916,22.4,55.6,7.200000000000003,62.800000000000004,0.0,5.580000015470432e-05,0.0013957000001028064,0.5226751999998669
method-042,5,Random,MarginalGainPredictor,10,2,1265,81.0,12804,13.7,699,11.2,67.3,2.5,69.8,0.0,4.1000000237545464e-05,0.001262100000076316,0.3814834999998311
method-042,6,Random,MarginalGainPredictor,10,2,1265,89.2,1807,43.8,1807,43.8,45.400000000000006,0.0,45.400000000000006,0.0,4.149999995206599e-05,0.0013315000001057342,0.5004033000000163
method-042,7,Random,MarginalGainPredictor,10,2,1265,81.2,5753,28.8,3078,20.9,52.400000000000006,7.900000000000002,60.300000000000004,-3.552713678800501e-15,4.129999979340937e-05,0.001289199999973789,0.3998830000000453
method-042,8,Random,MarginalGainPredictor,10,2,1265,82.5,647,38.9,1249,14.8,43.6,24.099999999999998,67.7,3.552713678800501e-15,4.780000017490238e-05,0.001272799999696872,0.5499304999998458
method-042,9,Random,MarginalGainPredictor,10,2,1265,68.8,1352,17.6,1352,17.6,51.199999999999996,0.0,51.199999999999996,0.0,5.059999966761097e-05,0.0013179000002310204,0.5119178999998439
method-042,10,Random,MarginalGainPredictor,10,2,1265,79.2,647,30.9,181,22.8,48.300000000000004,8.099999999999998,56.400000000000006,3.552713678800501e-15,4.1400000100111356e-05,0.0012452000000848784,0.4034179000000222
method-043,1,Random,OriginalOrder,20,2,1265,72.6,830,32.5,5454,22.1,40.099999999999994,10.399999999999999,50.49999999999999,0.0,4.8100000185513636e-05,9.999985195463523e-08,0.41032810000024256
method-043,2,Random,OriginalOrder,20,2,1265,87.2,9070,30.3,597,15.4,56.900000000000006,14.9,71.8,-8.881784197001252e-15,4.149999995206599e-05,3.000000106112566e-07,0.4940246000001025
method-043,3,Random,OriginalOrder,20,2,1265,91.3,228,50.2,802,5.3,41.099999999999994,44.900000000000006,86.0,0.0,4.4800000068789814e-05,3.999998625658918e-07,0.41423170000007303
method-043,4,Random,OriginalOrder,20,2,1265,83.4,1277,83.4,7123,29.8,0.0,53.60000000000001,53.60000000000001,0.0,5.6999999742402e-05,3.000000106112566e-07,0.6310395000000426
method-043,5,Random,OriginalOrder,20,2,1265,85.9,2216,29.2,2272,13.8,56.7,15.399999999999999,72.10000000000001,7.105427357601002e-15,5.529999998543644e-05,4.000003173132427e-07,0.5702873000000181
method-043,6,Random,OriginalOrder,20,2,1265,86.2,1807,45.0,12382,2.7,41.2,42.3,83.5,0.0,3.990000004705507e-05,3.000000106112566e-07,0.48533679999991364
method-043,7,Random,OriginalOrder,20,2,1265,84.5,1807,32.1,1816,18.2,52.4,13.900000000000002,66.3,-3.552713678800501e-15,4.189999981463188e-05,2.0000015865662135e-07,0.5322633000000678
method-043,8,Random,OriginalOrder,20,2,1265,82.2,1920,23.8,3700,15.1,58.400000000000006,8.700000000000001,67.10000000000001,1.7763568394002505e-15,4.0500000068277586e-05,2.0000015865662135e-07,0.4672950000003766
method-043,9,Random,OriginalOrder,20,2,1265,73.3,228,65.6,228,65.6,7.700000000000003,0.0,7.700000000000003,0.0,4.4299999899521936e-05,3.000000106112566e-07,0.46967750000021624
method-043,10,Random,OriginalOrder,20,2,1265,87.2,1265,87.2,2477,20.7,0.0,66.5,66.5,0.0,3.980000019510044e-05,1.9999970390927047e-07,0.5838420000000042
method-044,1,Random,MarginalGainPredictor,20,2,1265,72.6,830,32.5,820,19.9,40.099999999999994,12.600000000000001,52.699999999999996,0.0,4.8100000185513636e-05,0.00044740000021192827,0.41032810000024256
method-044,2,Random,MarginalGainPredictor,20,2,1265,87.9,9070,30.3,1816,17.8,57.60000000000001,12.5,70.10000000000001,0.0,5.780000037702848e-05,0.0012575000000651926,0.478955600000063
method-044,3,Random,MarginalGainPredictor,20,2,1265,88.7,1277,88.7,1277,88.7,0.0,0.0,0.0,0.0,4.059999992023222e-05,0.001211400000102003,0.39750089999961347
method-044,4,Random,MarginalGainPredictor,20,2,310,48.6,9070,29.8,9070,29.8,18.8,0.0,18.8,0.0,5.4399999953602673e-05,0.001303700000335084,0.6868058000000019
method-044,5,Random,MarginalGainPredictor,20,2,228,60.6,4938,14.7,1255,7.2,45.900000000000006,7.499999999999999,53.4,-6.217248937900877e-15,4.109999963475275e-05,0.0013068000002931512,0.5258134000000609
method-044,6,Random,MarginalGainPredictor,20,2,3519,56.1,3519,56.1,1807,14.3,0.0,41.8,41.8,0.0,4.020000005766633e-05,0.0013335000003280584,0.4251267999998163
method-044,7,Random,MarginalGainPredictor,20,2,3519,52.0,3078,20.9,3078,20.9,31.1,0.0,31.1,0.0,4.2099999973288504e-05,0.0013031999997110688,0.534433799999988
method-044,8,Random,MarginalGainPredictor,20,2,3519,52.4,647,38.2,1249,14.7,14.199999999999996,23.500000000000004,37.7,3.552713678800501e-15,4.040000021632295e-05,0.001245400000243535,0.4383722000002308
method-044,9,Random,MarginalGainPredictor,20,2,228,65.5,1785,19.6,7995,15.7,45.9,3.900000000000002,49.8,-3.552713678800501e-15,5.939999982729205e-05,0.0012395000003380119,0.559253500000068
method-044,10,Random,MarginalGainPredictor,20,2,228,56.5,647,29.3,1265,0.0,27.2,29.3,56.5,0.0,4.1399999645364005e-05,0.0013401999999587133,0.527147000000241
method-045,1,Random,OriginalOrder,50,2,1265,72.6,228,56.0,5454,22.1,16.599999999999994,33.9,50.49999999999999,0.0,4.8100000185513636e-05,9.999985195463523e-08,0.41032810000024256
method-045,2,Random,OriginalOrder,50,2,1265,87.2,410,49.5,597,15.4,37.7,34.1,71.8,-7.105427357601002e-15,4.149999995206599e-05,2.0000015865662135e-07,0.4940246000001025
method-045,3,Random,OriginalOrder,50,2,1265,91.3,228,50.2,802,5.3,41.099999999999994,44.900000000000006,86.0,0.0,4.4800000068789814e-05,1.9999970390927047e-07,0.41423170000007303
method-045,4,Random,OriginalOrder,50,2,1265,83.4,1277,83.4,7123,29.8,0.0,53.60000000000001,53.60000000000001,0.0,5.6999999742402e-05,1.9999970390927047e-07,0.6310395000000426
method-045,5,Random,OriginalOrder,50,2,1265,85.9,228,60.7,2272,13.8,25.200000000000003,46.900000000000006,72.10000000000001,0.0,5.529999998543644e-05,3.000000106112566e-07,0.5702873000000181
method-045,6,Random,OriginalOrder,50,2,1265,86.2,1807,45.0,12382,2.7,41.2,42.3,83.5,0.0,3.990000004705507e-05,3.000000106112566e-07,0.48533679999991364
method-045,7,Random,OriginalOrder,50,2,1265,84.5,9070,43.0,1816,18.2,41.5,24.8,66.3,-3.552713678800501e-15,4.189999981463188e-05,3.000000106112566e-07,0.5322633000000678
method-045,8,Random,OriginalOrder,50,2,1265,82.2,228,52.0,3700,15.1,30.200000000000003,36.9,67.10000000000001,7.105427357601002e-15,4.0500000068277586e-05,2.0000015865662135e-07,0.4672950000003766
method-045,9,Random,OriginalOrder,50,2,1265,73.3,228,65.6,228,65.6,7.700000000000003,0.0,7.700000000000003,0.0,4.4299999899521936e-05,3.000000106112566e-07,0.46967750000021624
method-045,10,Random,OriginalOrder,50,2,1265,87.2,1265,87.2,2477,20.7,0.0,66.5,66.5,0.0,3.980000019510044e-05,3.000000106112566e-07,0.5838420000000042
method-046,1,Random,MarginalGainPredictor,50,2,1265,72.6,228,56.0,410,49.8,16.599999999999994,6.200000000000003,22.799999999999997,0.0,4.8100000185513636e-05,0.0004434000002220273,0.41032810000024256
method-046,2,Random,MarginalGainPredictor,50,2,1265,88.7,1265,88.7,1265,88.7,0.0,0.0,0.0,0.0,4.799999987881165e-05,0.0006004000001667009,0.38996399999996356
method-046,3,Random,MarginalGainPredictor,50,2,3519,55.5,228,50.4,310,43.3,5.100000000000001,7.100000000000001,12.200000000000003,0.0,5.069999997431296e-05,0.0007372000000032131,0.5173581999997623
method-046,4,Random,MarginalGainPredictor,50,2,228,48.0,5753,33.6,916,17.5,14.399999999999999,16.1,30.5,0.0,5.310000005920301e-05,0.000794599999608181,0.5246600000000399
method-046,5,Random,MarginalGainPredictor,50,2,228,60.6,3519,35.6,820,16.2,25.0,19.400000000000002,44.400000000000006,3.552713678800501e-15,4.170000011072261e-05,0.00135790000013003,0.45089469999993526
method-046,6,Random,MarginalGainPredictor,50,2,3519,56.4,2216,34.0,985,31.3,22.4,2.6999999999999993,25.099999999999998,0.0,4.170000011072261e-05,0.0013714000001527893,0.5358267999999953
method-046,7,Random,MarginalGainPredictor,50,2,3519,53.3,3225,31.5,1277,0.0,21.799999999999997,31.5,53.3,0.0,4.269999999451102e-05,0.0012772999998560408,0.4403778999999304
method-046,8,Random,MarginalGainPredictor,50,2,3519,51.9,647,37.0,1807,28.5,14.899999999999999,8.5,23.4,0.0,4.080000007888884e-05,0.0013604000000668748,0.5253923000000214
method-046,9,Random,MarginalGainPredictor,50,2,228,64.6,3519,49.6,1255,9.2,14.999999999999993,40.400000000000006,55.39999999999999,-7.105427357601002e-15,5.090000013296958e-05,0.001488800000061019,0.44818579999991925
method-046,10,Random,MarginalGainPredictor,50,2,228,56.5,647,31.2,7995,15.8,25.3,15.399999999999999,40.7,3.552713678800501e-15,5.509999982677982e-05,0.0013369000002967368,0.44030259999999544
method-047,1,Random,OriginalOrder,100,2,1265,72.6,1277,72.6,5454,22.1,0.0,50.49999999999999,50.49999999999999,0.0,4.8100000185513636e-05,3.000000106112566e-07,0.41032810000024256
method-047,2,Random,OriginalOrder,100,2,1265,87.2,1277,87.2,597,15.4,0.0,71.8,71.8,0.0,4.149999995206599e-05,3.000000106112566e-07,0.4940246000001025
method-047,3,Random,OriginalOrder,100,2,1265,91.3,228,50.2,802,5.3,41.099999999999994,44.900000000000006,86.0,0.0,4.4800000068789814e-05,3.000000106112566e-07,0.41423170000007303
method-047,4,Random,OriginalOrder,100,2,1265,83.4,1265,83.4,7123,29.8,0.0,53.60000000000001,53.60000000000001,0.0,5.6999999742402e-05,2.0000015865662135e-07,0.6310395000000426
method-047,5,Random,OriginalOrder,100,2,1265,85.9,1277,85.9,2272,13.8,0.0,72.10000000000001,72.10000000000001,0.0,5.529999998543644e-05,3.999998625658918e-07,0.5702873000000181
method-047,6,Random,OriginalOrder,100,2,1265,86.2,1277,86.2,12382,2.7,0.0,83.5,83.5,0.0,3.990000004705507e-05,2.0000015865662135e-07,0.48533679999991364
method-047,7,Random,OriginalOrder,100,2,1265,84.5,1265,84.5,1816,18.2,0.0,66.3,66.3,0.0,4.189999981463188e-05,6.000000212225132e-07,0.5322633000000678
method-047,8,Random,OriginalOrder,100,2,1265,82.2,228,52.0,3700,15.1,30.200000000000003,36.9,67.10000000000001,7.105427357601002e-15,4.0500000068277586e-05,3.000000106112566e-07,0.4672950000003766
method-047,9,Random,OriginalOrder,100,2,1265,73.3,228,65.6,228,65.6,7.700000000000003,0.0,7.700000000000003,0.0,4.4299999899521936e-05,4.99999714520527e-07,0.46967750000021624
method-047,10,Random,OriginalOrder,100,2,1265,87.2,1265,87.2,2477,20.7,0.0,66.5,66.5,0.0,3.980000019510044e-05,2.999995558639057e-07,0.5838420000000042
method-048,1,Random,MarginalGainPredictor,100,2,1265,72.6,1277,72.6,410,49.8,0.0,22.799999999999997,22.799999999999997,0.0,4.8100000185513636e-05,0.000505299999986164,0.41032810000024256
method-048,2,Random,MarginalGainPredictor,100,2,1265,88.7,1265,88.7,1265,88.7,0.0,0.0,0.0,0.0,4.799999987881165e-05,0.0006188000002111949,0.38996399999996356
method-048,3,Random,MarginalGainPredictor,100,2,3519,55.5,228,50.4,310,43.3,5.100000000000001,7.100000000000001,12.200000000000003,0.0,5.069999997431296e-05,0.0006848999996691418,0.5173581999997623
method-048,4,Random,MarginalGainPredictor,100,2,228,48.0,1920,36.0,2216,27.4,12.0,8.600000000000001,20.6,0.0,5.310000005920301e-05,0.0006852000001345004,0.5246600000000399
method-048,5,Random,MarginalGainPredictor,100,2,228,60.6,5753,43.1,1807,36.5,17.5,6.600000000000001,24.1,0.0,5.149999969944474e-05,0.0015582999999423919,0.5381922000001396
method-048,6,Random,MarginalGainPredictor,100,2,3519,54.8,892,39.8,1277,0.0,15.0,39.8,54.8,0.0,3.990000004705507e-05,0.0013790000002700253,0.5334375999996155
method-048,7,Random,MarginalGainPredictor,100,2,3519,52.9,3519,52.9,985,30.4,0.0,22.5,22.5,0.0,4.189999981463188e-05,0.0013590999997177278,0.5457412999999178
method-048,8,Random,MarginalGainPredictor,100,2,3519,51.7,228,51.2,7995,13.1,0.5,38.1,38.6,0.0,4.250000029060175e-05,0.001355899999907706,0.45502669999996215
method-048,9,Random,MarginalGainPredictor,100,2,228,64.6,3519,49.2,1816,0.0,15.399999999999991,49.2,64.6,0.0,5.3499999921768904e-05,0.0012575999999171472,0.582049200000256
method-048,10,Random,MarginalGainPredictor,100,2,228,56.5,3519,44.6,820,17.3,11.899999999999999,27.3,39.2,3.552713678800501e-15,4.069999977218686e-05,0.0014535000000250875,0.5223163000000568
method-049,1,Random,OriginalOrder,10,3,1265,72.6,410,49.8,189,16.8,22.799999999999997,33.0,55.8,0.0,4.780000017490238e-05,1.9999970390927047e-07,0.41032810000024256
method-049,2,Random,OriginalOrder,10,3,1265,88.7,3078,23.7,2854,12.5,65.0,11.2,76.2,3.552713678800501e-15,4.1000000237545464e-05,2.0000015865662135e-07,0.539234000000306
method-049,3,Random,OriginalOrder,10,3,1265,93.1,2216,31.5,2216,31.5,61.599999999999994,0.0,61.599999999999994,0.0,5.210000017541461e-05,3.000000106112566e-07,0.48964429999978165
method-049,4,Random,OriginalOrder,10,3,1265,85.8,2477,26.3,2455,10.8,59.5,15.5,75.0,0.0,4.5199999931355705e-05,1.9999970390927047e-07,0.5711359000001721
method-049,5,Random,OriginalOrder,10,3,1265,89.6,1265,89.6,595,8.0,0.0,81.6,81.6,0.0,4.1399999645364005e-05,2.0000015865662135e-07,0.4122315999998136
method-049,6,Random,OriginalOrder,10,3,1265,91.3,1140,23.5,12380,5.5,67.8,18.0,85.8,0.0,4.170000011072261e-05,2.0000015865662135e-07,0.3995324000002256
method-049,7,Random,OriginalOrder,10,3,1265,86.1,310,41.9,193,8.7,44.199999999999996,33.2,77.39999999999999,-7.105427357601002e-15,4.55999997939216e-05,2.0000015865662135e-07,0.43190069999991465
method-049,8,Random,OriginalOrder,10,3,1265,88.8,647,41.3,3916,26.0,47.5,15.299999999999997,62.8,0.0,5.689999989044736e-05,2.0000015865662135e-07,0.5642156999997496
method-049,9,Random,OriginalOrder,10,3,1265,76.7,1807,43.6,2717,17.1,33.1,26.5,59.6,0.0,5.6599999879836105e-05,9.999985195463523e-08,0.46924910000007003
method-049,10,Random,OriginalOrder,10,3,1265,90.4,1978,19.7,11247,4.0,70.7,15.7,86.4,3.552713678800501e-15,4.0499999613530235e-05,9.999985195463523e-08,0.43277009999974325
method-050,1,Random,MarginalGainPredictor,10,3,1265,72.6,410,49.8,410,49.8,22.799999999999997,0.0,22.799999999999997,0.0,4.780000017490238e-05,0.0004228999996485072,0.41032810000024256
method-050,2,Random,MarginalGainPredictor,10,3,1265,88.7,1140,28.5,597,15.7,60.2,12.8,73.0,-3.552713678800501e-15,3.1099999887374e-05,0.0012118999998165236,0.38996399999996356
method-050,3,Random,MarginalGainPredictor,10,3,1265,89.8,181,24.9,1352,12.6,64.9,12.299999999999999,77.2,-1.7763568394002505e-15,4.149999995206599e-05,0.001250899999831745,0.35787759999993796
method-050,4,Random,MarginalGainPredictor,10,3,1265,87.2,1920,34.5,1920,34.5,52.7,0.0,52.7,0.0,5.880000026081689e-05,0.0012848999999732769,0.6206421000001683
method-050,5,Random,MarginalGainPredictor,10,3,1265,80.2,4934,25.6,98,17.8,54.6,7.800000000000001,62.400000000000006,3.552713678800501e-15,4.1199999941454735e-05,0.0012847999996665749,0.4907599000002847
method-050,6,Random,MarginalGainPredictor,10,3,1265,90.6,1816,31.3,1816,31.3,59.3,0.0,59.3,0.0,4.289999969842029e-05,0.0012713999999505177,0.4757676999997784
method-050,7,Random,MarginalGainPredictor,10,3,1265,81.3,2216,35.5,2216,35.5,45.8,0.0,45.8,0.0,5.379999993238016e-05,0.0012386000003061781,0.47692989999995916
method-050,8,Random,MarginalGainPredictor,10,3,1265,83.9,310,31.7,310,31.7,52.2,0.0,52.2,0.0,5.2099999720667256e-05,0.0013608999997813953,0.6035155999998096
method-050,9,Random,MarginalGainPredictor,10,3,1265,71.6,4934,23.5,4934,23.5,48.099999999999994,0.0,48.099999999999994,0.0,4.2299999677197775e-05,0.0010521999997763487,0.5078545999999733
method-050,10,Random,MarginalGainPredictor,10,3,1265,85.0,2122,26.4,1439,17.4,58.6,9.0,67.6,-7.105427357601002e-15,4.020000005766633e-05,0.0012906000001748907,0.5193118999995932
method-051,1,Random,OriginalOrder,20,3,1265,72.6,410,49.8,189,16.8,22.799999999999997,33.0,55.8,0.0,4.780000017490238e-05,2.0000015865662135e-07,0.41032810000024256
method-051,2,Random,OriginalOrder,20,3,1265,88.7,1265,88.7,2854,12.5,0.0,76.2,76.2,0.0,4.1000000237545464e-05,1.9999970390927047e-07,0.539234000000306
method-051,3,Random,OriginalOrder,20,3,1265,93.1,2216,31.5,2216,31.5,61.599999999999994,0.0,61.599999999999994,0.0,5.210000017541461e-05,1.9999970390927047e-07,0.48964429999978165
method-051,4,Random,OriginalOrder,20,3,1265,85.8,228,48.6,2455,10.8,37.199999999999996,37.8,75.0,7.105427357601002e-15,4.5199999931355705e-05,3.000000106112566e-07,0.5711359000001721
method-051,5,Random,OriginalOrder,20,3,1265,89.6,1265,89.6,595,8.0,0.0,81.6,81.6,0.0,4.1399999645364005e-05,3.000000106112566e-07,0.4122315999998136
method-051,6,Random,OriginalOrder,20,3,1265,91.3,2023,38.1,12380,5.5,53.199999999999996,32.6,85.8,0.0,4.170000011072261e-05,2.0000015865662135e-07,0.3995324000002256
method-051,7,Random,OriginalOrder,20,3,1265,86.1,310,41.9,193,8.7,44.199999999999996,33.2,77.39999999999999,-7.105427357601002e-15,4.55999997939216e-05,3.999998625658918e-07,0.43190069999991465
method-051,8,Random,OriginalOrder,20,3,1265,88.8,647,41.3,3916,26.0,47.5,15.299999999999997,62.8,0.0,5.689999989044736e-05,3.000000106112566e-07,0.5642156999997496
method-051,9,Random,OriginalOrder,20,3,1265,76.7,1807,43.6,2717,17.1,33.1,26.5,59.6,0.0,5.6599999879836105e-05,2.0000015865662135e-07,0.46924910000007003
method-051,10,Random,OriginalOrder,20,3,1265,90.4,3225,23.7,11247,4.0,66.7,19.7,86.4,3.552713678800501e-15,4.0499999613530235e-05,2.0000015865662135e-07,0.43277009999974325
method-052,1,Random,MarginalGainPredictor,20,3,1265,72.6,410,49.8,410,49.8,22.799999999999997,0.0,22.799999999999997,0.0,4.780000017490238e-05,0.0004179999996267725,0.41032810000024256
method-052,2,Random,MarginalGainPredictor,20,3,1265,88.7,1140,28.5,916,21.7,60.2,6.800000000000001,67.0,-3.552713678800501e-15,3.1099999887374e-05,0.0005656999996972445,0.38996399999996356
method-052,3,Random,MarginalGainPredictor,20,3,1265,85.5,1807,38.9,1807,38.9,46.6,0.0,46.6,0.0,3.97000003431458e-05,0.0013002999999116582,0.49197600000024977
method-052,4,Random,MarginalGainPredictor,20,3,1265,76.5,647,29.5,98,19.7,47.0,9.8,56.8,-3.552713678800501e-15,5.689999989044736e-05,0.0014841999995951483,0.5412420999996357
method-052,5,Random,MarginalGainPredictor,20,3,1265,83.9,310,46.8,310,46.8,37.10000000000001,0.0,37.10000000000001,0.0,4.129999979340937e-05,0.0012850999996771861,0.4671524000000318
method-052,6,Random,MarginalGainPredictor,20,3,1265,78.4,2122,33.3,3078,17.4,45.10000000000001,15.899999999999999,61.00000000000001,0.0,5.210000017541461e-05,0.0012603999998646032,0.4425455000000511
method-052,7,Random,MarginalGainPredictor,20,3,1265,78.1,2477,28.1,1352,15.6,49.99999999999999,12.500000000000002,62.49999999999999,-1.7763568394002505e-15,4.239999998389976e-05,0.0012439000001904787,0.42580039999984365
method-052,8,Random,MarginalGainPredictor,20,3,1265,76.3,3519,58.5,820,17.9,17.799999999999997,40.6,58.4,0.0,4.4999999772699084e-05,0.0013615000002573652,0.44041569999990315
method-052,9,Random,MarginalGainPredictor,20,3,228,64.7,228,64.7,1265,64.0,0.0,0.7000000000000028,0.7000000000000028,0.0,4.1400000100111356e-05,0.001074399999652087,0.41778039999962857
method-052,10,Random,MarginalGainPredictor,20,3,228,56.5,2146,17.6,7995,15.7,38.9,1.9000000000000021,40.8,-3.552713678800501e-15,6.399999983841553e-05,0.001650100000006205,0.4732937000003403
method-053,1,Random,OriginalOrder,50,3,1265,72.6,1265,72.6,189,16.8,0.0,55.8,55.8,0.0,4.780000017490238e-05,1.9999970390927047e-07,0.41032810000024256
method-053,2,Random,OriginalOrder,50,3,1265,88.7,1265,88.7,2854,12.5,0.0,76.2,76.2,0.0,4.1000000237545464e-05,2.0000015865662135e-07,0.539234000000306
method-053,3,Random,OriginalOrder,50,3,1265,93.1,1265,93.1,2216,31.5,0.0,61.599999999999994,61.599999999999994,0.0,5.210000017541461e-05,4.000003173132427e-07,0.48964429999978165
method-053,4,Random,OriginalOrder,50,3,1265,85.8,228,48.6,2455,10.8,37.199999999999996,37.8,75.0,7.105427357601002e-15,4.5199999931355705e-05,3.000000106112566e-07,0.5711359000001721
method-053,5,Random,OriginalOrder,50,3,1265,89.6,1265,89.6,595,8.0,0.0,81.6,81.6,0.0,4.1399999645364005e-05,1.9999970390927047e-07,0.4122315999998136
method-053,6,Random,OriginalOrder,50,3,1265,91.3,1265,91.3,12380,5.5,0.0,85.8,85.8,0.0,4.170000011072261e-05,3.000000106112566e-07,0.3995324000002256
method-053,7,Random,OriginalOrder,50,3,1265,86.1,310,41.9,193,8.7,44.199999999999996,33.2,77.39999999999999,-7.105427357601002e-15,4.55999997939216e-05,3.000000106112566e-07,0.43190069999991465
method-053,8,Random,OriginalOrder,50,3,1265,88.8,410,45.2,3916,26.0,43.599999999999994,19.200000000000003,62.8,0.0,5.689999989044736e-05,1.9999970390927047e-07,0.5642156999997496
method-053,9,Random,OriginalOrder,50,3,1265,76.7,1807,43.6,2717,17.1,33.1,26.5,59.6,0.0,5.6599999879836105e-05,2.0000015865662135e-07,0.46924910000007003
method-053,10,Random,OriginalOrder,50,3,1265,90.4,228,56.7,11247,4.0,33.7,52.7,86.4,0.0,4.0499999613530235e-05,2.0000015865662135e-07,0.43277009999974325
method-054,1,Random,MarginalGainPredictor,50,3,1265,72.6,1265,72.6,1265,72.6,0.0,0.0,0.0,0.0,4.780000017490238e-05,0.00044399999978850246,0.41032810000024256
method-054,2,Random,MarginalGainPredictor,50,3,3519,60.6,1920,38.4,916,20.4,22.200000000000003,18.0,40.2,0.0,5.120000014358084e-05,0.0005863000001227192,0.34299330000021655
method-054,3,Random,MarginalGainPredictor,50,3,3519,55.9,1807,38.7,1807,38.7,17.199999999999996,0.0,17.199999999999996,0.0,4.069999977218686e-05,0.0012646000000131608,0.5365206999999828
method-054,4,Random,MarginalGainPredictor,50,3,310,48.1,1920,37.3,2216,27.4,10.800000000000004,9.899999999999999,20.700000000000003,0.0,4.170000011072261e-05,0.0013329999997040431,0.42684460000009494
method-054,5,Random,MarginalGainPredictor,50,3,228,60.6,310,48.3,410,42.8,12.300000000000004,5.5,17.800000000000004,0.0,4.709999984697788e-05,0.001341099999990547,0.5418212999998104
method-054,6,Random,MarginalGainPredictor,50,3,3519,56.6,2122,32.1,1816,0.0,24.5,32.1,56.6,0.0,4.239999998389976e-05,0.0013379000001805252,0.5478978000001007
method-054,7,Random,MarginalGainPredictor,50,3,3519,54.0,181,30.2,1277,0.0,23.8,30.2,54.0,0.0,4.1000000237545464e-05,0.0012901000000056229,0.5153478000001996
method-054,8,Random,MarginalGainPredictor,50,3,3519,52.9,3519,52.9,985,26.9,0.0,26.0,26.0,0.0,6.450000000768341e-05,0.0013624999996864062,0.5374562000001788
method-054,9,Random,MarginalGainPredictor,50,3,228,64.8,228,64.8,7995,15.3,0.0,49.5,49.5,0.0,4.099999978279811e-05,0.0012489999999161228,0.5511163000001034
method-054,10,Random,MarginalGainPredictor,50,3,228,56.5,228,56.5,310,44.5,0.0,12.0,12.0,0.0,4.179999996267725e-05,0.001306399999975838,0.5171691000000465
method-055,1,Random,OriginalOrder,100,3,1265,72.6,1265,72.6,189,16.8,0.0,55.8,55.8,0.0,4.780000017490238e-05,2.0000015865662135e-07,0.41032810000024256
method-055,2,Random,OriginalOrder,100,3,1265,88.7,1265,88.7,2854,12.5,0.0,76.2,76.2,0.0,4.1000000237545464e-05,1.9999970390927047e-07,0.539234000000306
method-055,3,Random,OriginalOrder,100,3,1265,93.1,1265,93.1,2216,31.5,0.0,61.599999999999994,61.599999999999994,0.0,5.210000017541461e-05,3.000000106112566e-07,0.48964429999978165
method-055,4,Random,OriginalOrder,100,3,1265,85.8,228,48.6,2455,10.8,37.199999999999996,37.8,75.0,7.105427357601002e-15,4.5199999931355705e-05,3.999998625658918e-07,0.5711359000001721
method-055,5,Random,OriginalOrder,100,3,1265,89.6,1265,89.6,595,8.0,0.0,81.6,81.6,0.0,4.1399999645364005e-05,3.000000106112566e-07,0.4122315999998136
method-055,6,Random,OriginalOrder,100,3,1265,91.3,1265,91.3,12380,5.5,0.0,85.8,85.8,0.0,4.170000011072261e-05,3.000000106112566e-07,0.3995324000002256
method-055,7,Random,OriginalOrder,100,3,1265,86.1,3519,57.8,193,8.7,28.299999999999997,49.099999999999994,77.39999999999999,0.0,4.55999997939216e-05,3.999998625658918e-07,0.43190069999991465
method-055,8,Random,OriginalOrder,100,3,1265,88.8,3519,60.8,3916,26.0,28.0,34.8,62.8,0.0,5.689999989044736e-05,3.000000106112566e-07,0.5642156999997496
method-055,9,Random,OriginalOrder,100,3,1265,76.7,1277,76.7,2717,17.1,0.0,59.6,59.6,0.0,5.6599999879836105e-05,3.000000106112566e-07,0.46924910000007003
method-055,10,Random,OriginalOrder,100,3,1265,90.4,1277,90.4,11247,4.0,0.0,86.4,86.4,0.0,4.0499999613530235e-05,2.0000015865662135e-07,0.43277009999974325
method-056,1,Random,MarginalGainPredictor,100,3,1265,72.6,1265,72.6,1265,72.6,0.0,0.0,0.0,0.0,4.780000017490238e-05,0.0004793999996763887,0.41032810000024256
method-056,2,Random,MarginalGainPredictor,100,3,3519,60.6,228,52.7,410,49.6,7.899999999999999,3.1000000000000014,11.0,0.0,5.120000014358084e-05,0.0006064999997761333,0.34299330000021655
method-056,3,Random,MarginalGainPredictor,100,3,3519,55.5,228,50.4,1807,45.3,5.100000000000001,5.100000000000001,10.200000000000003,0.0,5.0600000122358324e-05,0.0007329999998546555,0.4519540999999663
method-056,4,Random,MarginalGainPredictor,100,3,310,48.6,228,48.0,985,30.3,0.6000000000000014,17.7,18.3,0.0,4.3000000005122274e-05,0.001356999999643449,0.5234201999996912
method-056,5,Random,MarginalGainPredictor,100,3,228,60.6,310,48.1,310,48.1,12.5,0.0,12.5,0.0,5.529999998543644e-05,0.0013420000000223808,0.5587468999997327
method-056,6,Random,MarginalGainPredictor,100,3,3519,54.0,3519,54.0,916,13.8,0.0,40.2,40.2,0.0,4.5700000100623583e-05,0.0013500999998541374,0.4285987999996905
method-056,7,Random,MarginalGainPredictor,100,3,3519,52.6,3519,52.6,2216,35.5,0.0,17.1,17.1,0.0,4.9700000090524554e-05,0.0013278999999783991,0.5441314999998212
method-056,8,Random,MarginalGainPredictor,100,3,3519,51.5,3519,51.5,820,17.1,0.0,34.4,34.4,0.0,4.089999993084348e-05,0.0015119999998205458,0.43224740000005113
method-056,9,Random,MarginalGainPredictor,100,3,228,64.6,2477,34.4,1277,0.0,30.199999999999996,34.4,64.6,0.0,4.1000000237545464e-05,0.001142800000252464,0.5367415000000619
method-056,10,Random,MarginalGainPredictor,100,3,228,56.5,3519,46.1,1816,0.0,10.399999999999999,46.1,56.5,0.0,5.7499999911669875e-05,0.0013297000000420667,0.4715382999997928
method-057,1,Random,OriginalOrder,10,4,1265,72.6,985,27.5,1352,10.5,45.099999999999994,17.0,62.099999999999994,0.0,4.649999982575537e-05,1.0000030670198612e-07,0.41032810000024256
method-057,2,Random,OriginalOrder,10,4,1265,85.7,1277,85.7,12375,9.7,0.0,76.0,76.0,0.0,4.059999992023222e-05,2.0000015865662135e-07,0.41850190000013754
method-057,3,Random,OriginalOrder,10,4,1265,92.6,1439,19.1,1580,5.5,73.5,13.600000000000001,87.1,-7.105427357601002e-15,4.170000011072261e-05,1.9999970390927047e-07,0.417181299999811
method-057,4,Random,OriginalOrder,10,4,1265,87.2,5753,37.4,1638,9.6,49.800000000000004,27.799999999999997,77.60000000000001,7.105427357601002e-15,5.999999984851456e-05,3.000000106112566e-07,0.46413769999981014
method-057,5,Random,OriginalOrder,10,4,1265,89.5,5753,45.2,1140,24.0,44.3,21.200000000000003,65.5,0.0,6.180000036692945e-05,2.0000015865662135e-07,0.4595527999999831
method-057,6,Random,OriginalOrder,10,4,1265,92.2,5753,42.3,5753,42.3,49.900000000000006,0.0,49.900000000000006,0.0,4.94000000799133e-05,3.000000106112566e-07,0.5125691999996889
method-057,7,Random,OriginalOrder,10,4,1265,85.5,4331,17.5,2066,7.7,68.0,9.8,77.8,-3.552713678800501e-15,4.279999984646565e-05,3.000000106112566e-07,0.4332174000001032
method-057,8,Random,OriginalOrder,10,4,1265,82.7,692,35.8,9077,11.2,46.900000000000006,24.599999999999998,71.5,-3.552713678800501e-15,5.419999979494605e-05,2.0000015865662135e-07,0.5375119000000268
method-057,9,Random,OriginalOrder,10,4,1265,74.0,2477,36.2,3078,22.4,37.8,13.800000000000004,51.6,0.0,5.020000025979243e-05,3.999998625658918e-07,0.42305969999961235
method-057,10,Random,OriginalOrder,10,4,1265,85.6,1541,10.0,11248,3.7,75.6,6.3,81.89999999999999,-2.6645352591003757e-15,4.0099999750964344e-05,9.999985195463523e-08,0.5228105000001051
method-058,1,Random,MarginalGainPredictor,10,4,1265,72.6,985,27.5,985,27.5,45.099999999999994,0.0,45.099999999999994,0.0,4.649999982575537e-05,0.00041959999998653075,0.41032810000024256
method-058,2,Random,MarginalGainPredictor,10,4,1265,88.7,1277,88.7,1277,88.7,0.0,0.0,0.0,0.0,3.080000033151009e-05,0.00127810000003592,0.4976486999998997
method-058,3,Random,MarginalGainPredictor,10,4,3519,56.2,1439,17.3,1439,17.3,38.900000000000006,0.0,38.900000000000006,0.0,4.1199999941454735e-05,0.0012842999999520543,0.46722749999980806
method-058,4,Random,MarginalGainPredictor,10,4,310,48.3,5753,33.5,5753,33.5,14.799999999999997,0.0,14.799999999999997,0.0,4.7699999868200393e-05,0.0013364999999794236,0.52572790000022
method-058,5,Random,MarginalGainPredictor,10,4,228,60.5,692,25.0,692,25.0,35.5,0.0,35.5,0.0,5.310000005920301e-05,0.0013216999996075174,0.5137219000002915
method-058,6,Random,MarginalGainPredictor,10,4,3519,56.0,11243,14.0,5454,13.6,42.0,0.40000000000000036,42.4,-1.7763568394002505e-15,4.2299999677197775e-05,0.0013227999997980078,0.37085449999995035
method-058,7,Random,MarginalGainPredictor,10,4,3519,53.2,3810,11.7,597,8.8,41.5,2.8999999999999986,44.400000000000006,7.105427357601002e-15,4.5700000100623583e-05,0.0013427999997475126,0.47467550000010306
method-058,8,Random,MarginalGainPredictor,10,4,3519,49.3,1920,21.7,820,17.1,27.599999999999998,4.599999999999998,32.199999999999996,0.0,4.0299999909620965e-05,0.0012879000000793894,0.3827581000000464
method-058,9,Random,MarginalGainPredictor,10,4,228,65.5,2122,26.0,916,14.2,39.5,11.8,51.3,-3.552713678800501e-15,4.1000000237545464e-05,0.001039400000081514,0.5200548999996499
method-058,10,Random,MarginalGainPredictor,10,4,228,57.2,2023,24.8,9608,16.3,32.400000000000006,8.5,40.900000000000006,0.0,4.4299999899521936e-05,0.0012526000000434578,0.3651844000000892
method-059,1,Random,OriginalOrder,20,4,1265,72.6,2477,28.6,1352,10.5,43.99999999999999,18.1,62.099999999999994,0.0,4.649999982575537e-05,1.9999970390927047e-07,0.41032810000024256
method-059,2,Random,OriginalOrder,20,4,1265,85.7,1277,85.7,12375,9.7,0.0,76.0,76.0,0.0,4.059999992023222e-05,3.999998625658918e-07,0.41850190000013754
method-059,3,Random,OriginalOrder,20,4,1265,92.6,1807,48.1,1580,5.5,44.49999999999999,42.6,87.1,0.0,4.170000011072261e-05,2.0000015865662135e-07,0.417181299999811
method-059,4,Random,OriginalOrder,20,4,1265,87.2,3519,46.8,1638,9.6,40.400000000000006,37.199999999999996,77.60000000000001,7.105427357601002e-15,5.999999984851456e-05,3.000000106112566e-07,0.46413769999981014
method-059,5,Random,OriginalOrder,20,4,1265,89.5,5753,45.2,1140,24.0,44.3,21.200000000000003,65.5,0.0,6.180000036692945e-05,3.000000106112566e-07,0.4595527999999831
method-059,6,Random,OriginalOrder,20,4,1265,92.2,5753,42.3,5753,42.3,49.900000000000006,0.0,49.900000000000006,0.0,4.94000000799133e-05,2.999995558639057e-07,0.5125691999996889
method-059,7,Random,OriginalOrder,20,4,1265,85.5,2717,25.4,2066,7.7,60.1,17.7,77.8,-3.552713678800501e-15,4.279999984646565e-05,2.0000015865662135e-07,0.4332174000001032
method-059,8,Random,OriginalOrder,20,4,1265,82.7,1807,36.9,9077,11.2,45.800000000000004,25.7,71.5,-3.552713678800501e-15,5.419999979494605e-05,4.000003173132427e-07,0.5375119000000268
method-059,9,Random,OriginalOrder,20,4,1265,74.0,1807,46.1,3078,22.4,27.9,23.700000000000003,51.6,0.0,5.020000025979243e-05,1.9999970390927047e-07,0.42305969999961235
method-059,10,Random,OriginalOrder,20,4,1265,85.6,181,23.5,11248,3.7,62.099999999999994,19.8,81.89999999999999,-3.552713678800501e-15,4.0099999750964344e-05,3.000000106112566e-07,0.5228105000001051
method-060,1,Random,MarginalGainPredictor,20,4,1265,72.6,2477,28.6,985,27.5,43.99999999999999,1.1000000000000014,45.099999999999994,0.0,4.649999982575537e-05,0.00040880000005927286,0.41032810000024256
method-060,2,Random,MarginalGainPredictor,20,4,1265,88.7,1277,88.7,1807,37.9,0.0,50.800000000000004,50.800000000000004,0.0,3.080000033151009e-05,0.0006785000000490982,0.4976486999998997
method-060,3,Random,MarginalGainPredictor,20,4,1265,90.3,2054,26.9,1423,18.4,63.4,8.5,71.9,7.105427357601002e-15,5.580000015470432e-05,0.0013870000002498273,0.4217615000002297
method-060,4,Random,MarginalGainPredictor,20,4,1265,81.5,1277,81.5,310,49.6,0.0,31.9,31.9,0.0,4.2300000131945126e-05,0.0013991000000714848,0.5309019000001172
method-060,5,Random,MarginalGainPredictor,20,4,1265,83.9,692,25.2,3078,23.3,58.7,1.8999999999999986,60.60000000000001,7.105427357601002e-15,4.760000001624576e-05,0.0012809000004381232,0.44753979999995863
method-060,6,Random,MarginalGainPredictor,20,4,1265,73.6,3519,55.8,410,35.7,17.799999999999997,20.099999999999994,37.89999999999999,0.0,4.540000009001233e-05,0.0013307999997778097,0.5168782999999166
method-060,7,Random,MarginalGainPredictor,20,4,1265,76.3,3700,22.0,3700,22.0,54.3,0.0,54.3,0.0,5.729999975301325e-05,0.0013128999999025837,0.45004030000018247
method-060,8,Random,MarginalGainPredictor,20,4,1265,82.4,1277,82.4,1277,82.4,0.0,0.0,0.0,0.0,5.4600000112259295e-05,0.0013104999998176936,0.5423784999998134
method-060,9,Random,MarginalGainPredictor,20,4,228,64.6,2442,20.5,916,10.2,44.099999999999994,10.3,54.39999999999999,-3.552713678800501e-15,4.1000000237545464e-05,0.0010881999996854574,0.41126870000016424
method-060,10,Random,MarginalGainPredictor,20,4,228,56.5,4285,28.6,699,10.5,27.9,18.1,46.0,0.0,4.040000021632295e-05,0.0012787000000571425,0.5242831000000479
method-061,1,Random,OriginalOrder,50,4,1265,72.6,647,29.6,1352,10.5,42.99999999999999,19.1,62.099999999999994,0.0,4.649999982575537e-05,1.9999970390927047e-07,0.41032810000024256
method-061,2,Random,OriginalOrder,50,4,1265,85.7,1277,85.7,12375,9.7,0.0,76.0,76.0,0.0,4.059999992023222e-05,2.0000015865662135e-07,0.41850190000013754
method-061,3,Random,OriginalOrder,50,4,1265,92.6,1807,48.1,1580,5.5,44.49999999999999,42.6,87.1,0.0,4.170000011072261e-05,3.000000106112566e-07,0.417181299999811
method-061,4,Random,OriginalOrder,50,4,1265,87.2,3519,46.8,1638,9.6,40.400000000000006,37.199999999999996,77.60000000000001,7.105427357601002e-15,5.999999984851456e-05,2.0000015865662135e-07,0.46413769999981014
method-061,5,Random,OriginalOrder,50,4,1265,89.5,310,51.2,1140,24.0,38.3,27.200000000000003,65.5,0.0,6.180000036692945e-05,3.999998625658918e-07,0.4595527999999831
method-061,6,Random,OriginalOrder,50,4,1265,92.2,1807,47.2,5753,42.3,45.0,4.900000000000006,49.900000000000006,0.0,4.94000000799133e-05,3.000000106112566e-07,0.5125691999996889
method-061,7,Random,OriginalOrder,50,4,1265,85.5,181,35.5,2066,7.7,50.0,27.8,77.8,-3.552713678800501e-15,4.279999984646565e-05,3.000000106112566e-07,0.4332174000001032
method-061,8,Random,OriginalOrder,50,4,1265,82.7,892,39.1,9077,11.2,43.6,27.900000000000002,71.5,-3.552713678800501e-15,5.419999979494605e-05,1.9999970390927047e-07,0.5375119000000268
method-061,9,Random,OriginalOrder,50,4,1265,74.0,1277,74.0,3078,22.4,0.0,51.6,51.6,0.0,5.020000025979243e-05,2.0000015865662135e-07,0.42305969999961235
method-061,10,Random,OriginalOrder,50,4,1265,85.6,410,50.5,11248,3.7,35.099999999999994,46.8,81.89999999999999,0.0,4.0099999750964344e-05,5.000001692678779e-07,0.5228105000001051
method-062,1,Random,MarginalGainPredictor,50,4,1265,72.6,647,29.6,985,27.5,42.99999999999999,2.1000000000000014,45.099999999999994,0.0,4.649999982575537e-05,0.00045269999964148155,0.41032810000024256
method-062,2,Random,MarginalGainPredictor,50,4,1265,88.7,1277,88.7,410,49.6,0.0,39.1,39.1,0.0,3.080000033151009e-05,0.0005708000003323832,0.4976486999998997
method-062,3,Random,MarginalGainPredictor,50,4,1265,89.7,310,46.2,310,46.2,43.5,0.0,43.5,0.0,5.149999969944474e-05,0.000742699999591423,0.352831800000331
method-062,4,Random,MarginalGainPredictor,50,4,1265,86.0,1277,86.0,1277,86.0,0.0,0.0,0.0,0.0,4.350000017439015e-05,0.0013101999998070823,0.46346619999985705
method-062,5,Random,MarginalGainPredictor,50,4,228,60.6,2122,29.4,1920,16.9,31.200000000000003,12.5,43.7,0.0,6.119999989095959e-05,0.0013077999997221923,0.5536556000001838
method-062,6,Random,MarginalGainPredictor,50,4,3519,55.8,3519,55.8,1265,0.0,0.0,55.8,55.8,0.0,4.149999995206599e-05,0.0013484999999491265,0.5322808000000805
method-062,7,Random,MarginalGainPredictor,50,4,3519,53.8,3519,53.8,820,18.6,0.0,35.199999999999996,35.199999999999996,0.0,5.710000004910398e-05,0.0013147999998182058,0.5380645999998706
method-062,8,Random,MarginalGainPredictor,50,4,3519,52.0,228,51.5,1816,17.3,0.5,34.2,34.7,0.0,4.0299999909620965e-05,0.001281700000163255,0.4317814000000908
method-062,9,Random,MarginalGainPredictor,50,4,228,64.5,228,64.5,916,11.6,0.0,52.9,52.9,0.0,4.269999999451102e-05,0.0012827000000470434,0.5310610000001361
method-062,10,Random,MarginalGainPredictor,50,4,228,56.5,228,56.5,1249,10.9,0.0,45.6,45.6,0.0,4.0500000068277586e-05,0.0013192999999773747,0.5696642999996584
method-063,1,Random,OriginalOrder,100,4,1265,72.6,1277,72.6,1352,10.5,0.0,62.099999999999994,62.099999999999994,0.0,4.649999982575537e-05,1.9999970390927047e-07,0.41032810000024256
method-063,2,Random,OriginalOrder,100,4,1265,85.7,1265,85.7,12375,9.7,0.0,76.0,76.0,0.0,4.059999992023222e-05,2.0000015865662135e-07,0.41850190000013754
method-063,3,Random,OriginalOrder,100,4,1265,92.6,3519,58.9,1580,5.5,33.699999999999996,53.4,87.1,0.0,4.170000011072261e-05,1.9999970390927047e-07,0.417181299999811
method-063,4,Random,OriginalOrder,100,4,1265,87.2,3519,46.8,1638,9.6,40.400000000000006,37.199999999999996,77.60000000000001,7.105427357601002e-15,5.999999984851456e-05,3.000000106112566e-07,0.46413769999981014
method-063,5,Random,OriginalOrder,100,4,1265,89.5,310,51.2,1140,24.0,38.3,27.200000000000003,65.5,0.0,6.180000036692945e-05,1.9999970390927047e-07,0.4595527999999831
method-063,6,Random,OriginalOrder,100,4,1265,92.2,1265,92.2,5753,42.3,0.0,49.900000000000006,49.900000000000006,0.0,4.94000000799133e-05,1.9999970390927047e-07,0.5125691999996889
method-063,7,Random,OriginalOrder,100,4,1265,85.5,1265,85.5,2066,7.7,0.0,77.8,77.8,0.0,4.279999984646565e-05,3.000000106112566e-07,0.4332174000001032
method-063,8,Random,OriginalOrder,100,4,1265,82.7,1265,82.7,9077,11.2,0.0,71.5,71.5,0.0,5.419999979494605e-05,2.0000015865662135e-07,0.5375119000000268
method-063,9,Random,OriginalOrder,100,4,1265,74.0,1265,74.0,3078,22.4,0.0,51.6,51.6,0.0,5.020000025979243e-05,2.0000015865662135e-07,0.42305969999961235
method-063,10,Random,OriginalOrder,100,4,1265,85.6,1265,85.6,11248,3.7,0.0,81.89999999999999,81.89999999999999,0.0,4.0099999750964344e-05,1.9999970390927047e-07,0.5228105000001051
method-064,1,Random,MarginalGainPredictor,100,4,1265,72.6,1277,72.6,410,49.8,0.0,22.799999999999997,22.799999999999997,0.0,4.649999982575537e-05,0.0004918999998153595,0.41032810000024256
method-064,2,Random,MarginalGainPredictor,100,4,1265,88.7,1265,88.7,1265,88.7,0.0,0.0,0.0,0.0,5.129999999553547e-05,0.0005974000000605884,0.38996399999996356
method-064,3,Random,MarginalGainPredictor,100,4,3519,55.5,3519,55.5,985,35.3,0.0,20.200000000000003,20.200000000000003,0.0,5.200000032345997e-05,0.0010162999997191946,0.5173581999997623
method-064,4,Random,MarginalGainPredictor,100,4,310,48.7,310,48.7,310,48.7,0.0,0.0,0.0,0.0,4.1199999941454735e-05,0.0013880999999855703,0.5470761999999922
method-064,5,Random,MarginalGainPredictor,100,4,228,60.6,228,60.6,1277,0.0,0.0,60.6,60.6,0.0,5.6400000175926834e-05,0.0015426999998453539,0.4720978999998806
method-064,6,Random,MarginalGainPredictor,100,4,3519,55.9,3519,55.9,1807,37.8,0.0,18.1,18.1,0.0,4.160000025876798e-05,0.0013782999999421008,0.4137040000000525
method-064,7,Random,MarginalGainPredictor,100,4,3519,52.9,3519,52.9,2216,35.5,0.0,17.4,17.4,0.0,5.379999993238016e-05,0.0014705999997204344,0.5325325000003431
method-064,8,Random,MarginalGainPredictor,100,4,3519,51.7,228,51.2,916,7.0,0.5,44.2,44.7,0.0,3.990000004705507e-05,0.0013784000002488028,0.5233846999999514
method-064,9,Random,MarginalGainPredictor,100,4,228,64.6,228,64.6,7995,13.7,0.0,50.89999999999999,50.89999999999999,0.0,4.1400000100111356e-05,0.0011613000001489127,0.4249595999999656
method-064,10,Random,MarginalGainPredictor,100,4,228,56.5,228,56.5,1249,10.7,0.0,45.8,45.8,0.0,3.999999989900971e-05,0.0014540000001943554,0.44386640000038824
method-065,1,Random,OriginalOrder,10,5,1265,72.6,647,29.6,475,15.8,42.99999999999999,13.8,56.8,3.552713678800501e-15,4.6999999995023245e-05,9.999985195463523e-08,0.41032810000024256
method-065,2,Random,OriginalOrder,10,5,1265,88.0,287,20.9,618,16.9,67.1,4.0,71.1,0.0,4.1900000269379234e-05,2.0000015865662135e-07,0.496762199999921
method-065,3,Random,OriginalOrder,10,5,1265,93.2,228,50.4,541,6.4,42.800000000000004,44.0,86.8,-7.105427357601002e-15,4.089999993084348e-05,2.0000015865662135e-07,0.523794899999757
method-065,4,Random,OriginalOrder,10,5,1265,86.8,410,46.5,6159,6.0,40.3,40.5,80.8,0.0,4.269999999451102e-05,2.0000015865662135e-07,0.4442629999998644
method-065,5,Random,OriginalOrder,10,5,1265,90.3,2021,35.0,11248,5.2,55.3,29.8,85.1,-3.552713678800501e-15,4.3000000005122274e-05,1.0000030670198612e-07,0.5532028999996328
method-065,6,Random,OriginalOrder,10,5,1265,91.0,905,24.0,14031,4.3,67.0,19.7,86.7,3.552713678800501e-15,4.130000024815672e-05,3.999998625658918e-07,0.5141775000001871
method-065,7,Random,OriginalOrder,10,5,1265,87.5,181,35.9,4679,15.3,51.6,20.599999999999998,72.2,3.552713678800501e-15,5.450000026030466e-05,5.000001692678779e-07,0.4459747000000789
method-065,8,Random,OriginalOrder,10,5,1265,86.8,98,18.7,11245,5.1,68.1,13.6,81.7,8.881784197001252e-15,4.020000005766633e-05,2.0000015865662135e-07,0.5400131000001238
method-065,9,Random,OriginalOrder,10,5,1265,77.2,2021,29.7,656,23.6,47.5,6.099999999999998,53.6,3.552713678800501e-15,4.1400000100111356e-05,9.999985195463523e-08,0.5265921000000162
method-065,10,Random,OriginalOrder,10,5,1265,88.9,228,57.2,776,4.4,31.700000000000003,52.800000000000004,84.5,-7.105427357601002e-15,4.1199999941454735e-05,3.000000106112566e-07,0.5349131000002671
method-066,1,Random,MarginalGainPredictor,10,5,1265,72.6,647,29.6,1352,10.5,42.99999999999999,19.1,62.099999999999994,0.0,4.6999999995023245e-05,0.00043430000005173497,0.41032810000024256
method-066,2,Random,MarginalGainPredictor,10,5,1265,85.7,618,19.1,618,19.1,66.6,0.0,66.6,0.0,3.1600000056641875e-05,0.00121820000003936,0.41850190000013754
method-066,3,Random,MarginalGainPredictor,10,5,1265,92.6,7995,33.5,7995,33.5,59.099999999999994,0.0,59.099999999999994,0.0,4.8800000058690784e-05,0.0011916999997083622,0.35155799999984083
method-066,4,Random,MarginalGainPredictor,10,5,1265,87.3,410,46.5,410,46.5,40.8,0.0,40.8,0.0,5.0400000418449054e-05,0.0012603999998646032,0.4674536000002263
method-066,5,Random,MarginalGainPredictor,10,5,1265,89.6,9070,36.7,1920,24.7,52.89999999999999,12.000000000000004,64.89999999999999,-3.552713678800501e-15,5.2400000186025864e-05,0.001239000000168744,0.4130862000001798
method-066,6,Random,MarginalGainPredictor,10,5,1265,88.9,4285,21.0,4285,21.0,67.9,0.0,67.9,0.0,9.610000006432529e-05,0.0012112999997953011,0.38213980000000447
method-066,7,Random,MarginalGainPredictor,10,5,1265,83.1,3225,31.5,916,14.3,51.599999999999994,17.2,68.8,3.552713678800501e-15,4.080000007888884e-05,0.0013988000000608736,0.49698860000034983
method-066,8,Random,MarginalGainPredictor,10,5,1265,78.3,228,51.8,310,36.1,26.5,15.699999999999996,42.199999999999996,0.0,4.070000022693421e-05,0.0012458999999580556,0.38060670000004393
method-066,9,Random,MarginalGainPredictor,10,5,1265,65.5,1785,19.5,1638,10.0,46.0,9.5,55.5,0.0,4.4999999772699084e-05,0.0015207000001282722,0.40719469999976354
method-066,10,Random,MarginalGainPredictor,10,5,1265,84.5,5753,41.2,1816,19.0,43.3,22.200000000000003,65.5,0.0,4.089999993084348e-05,0.0012163999999756925,0.39935060000016165
method-067,1,Random,OriginalOrder,20,5,1265,72.6,5753,44.0,475,15.8,28.599999999999994,28.2,56.8,3.552713678800501e-15,4.6999999995023245e-05,2.0000015865662135e-07,0.41032810000024256
method-067,2,Random,OriginalOrder,20,5,1265,88.0,5753,51.2,618,16.9,36.8,34.300000000000004,71.1,-7.105427357601002e-15,4.1900000269379234e-05,1.9999970390927047e-07,0.496762199999921
method-067,3,Random,OriginalOrder,20,5,1265,93.2,228,50.4,541,6.4,42.800000000000004,44.0,86.8,-7.105427357601002e-15,4.089999993084348e-05,2.0000015865662135e-07,0.523794899999757
method-067,4,Random,OriginalOrder,20,5,1265,86.8,410,46.5,6159,6.0,40.3,40.5,80.8,0.0,4.269999999451102e-05,3.999998625658918e-07,0.4442629999998644
method-067,5,Random,OriginalOrder,20,5,1265,90.3,1807,35.5,11248,5.2,54.8,30.3,85.1,-3.552713678800501e-15,4.3000000005122274e-05,2.0000015865662135e-07,0.5532028999996328
method-067,6,Random,OriginalOrder,20,5,1265,91.0,1807,45.5,14031,4.3,45.5,41.2,86.7,0.0,4.130000024815672e-05,3.000000106112566e-07,0.5141775000001871
method-067,7,Random,OriginalOrder,20,5,1265,87.5,1277,87.5,4679,15.3,0.0,72.2,72.2,0.0,5.450000026030466e-05,3.999998625658918e-07,0.4459747000000789
method-067,8,Random,OriginalOrder,20,5,1265,86.8,5454,22.8,11245,5.1,64.0,17.700000000000003,81.7,0.0,4.020000005766633e-05,1.9999970390927047e-07,0.5400131000001238
method-067,9,Random,OriginalOrder,20,5,1265,77.2,1277,77.2,656,23.6,0.0,53.6,53.6,0.0,4.1400000100111356e-05,1.9999970390927047e-07,0.5265921000000162
method-067,10,Random,OriginalOrder,20,5,1265,88.9,228,57.2,776,4.4,31.700000000000003,52.800000000000004,84.5,-7.105427357601002e-15,4.1199999941454735e-05,2.0000015865662135e-07,0.5349131000002671
method-068,1,Random,MarginalGainPredictor,20,5,1265,72.6,5753,44.0,1439,34.1,28.599999999999994,9.899999999999999,38.49999999999999,0.0,4.6999999995023245e-05,0.00039319999996223487,0.41032810000024256
method-068,2,Random,MarginalGainPredictor,20,5,1265,88.4,5753,51.8,410,49.6,36.60000000000001,2.1999999999999957,38.800000000000004,0.0,4.579999995257822e-05,0.001282100000025821,0.40966470000012123
method-068,3,Random,MarginalGainPredictor,20,5,1265,88.0,1265,88.0,1265,88.0,0.0,0.0,0.0,0.0,5.1900000016757986e-05,0.0013069999999970605,0.48009049999973286
method-068,4,Random,MarginalGainPredictor,20,5,310,48.3,658,34.1,658,34.1,14.199999999999996,0.0,14.199999999999996,0.0,5.6400000175926834e-05,0.0012126999999964028,0.5478772999999819
method-068,5,Random,MarginalGainPredictor,20,5,228,60.6,9070,36.7,1920,17.2,23.9,19.500000000000004,43.400000000000006,3.552713678800501e-15,5.210000017541461e-05,0.0013309000000845117,0.5405805000000328
method-068,6,Random,MarginalGainPredictor,20,5,3519,56.2,892,34.7,916,18.8,21.5,15.900000000000002,37.400000000000006,3.552713678800501e-15,5.3499999921768904e-05,0.001297700000122859,0.526955000000271
method-068,7,Random,MarginalGainPredictor,20,5,3519,52.5,3519,52.5,6314,12.6,0.0,39.9,39.9,0.0,4.160000025876798e-05,0.001266100000066217,0.44579339999972944
method-068,8,Random,MarginalGainPredictor,20,5,228,51.7,228,51.7,310,34.6,0.0,17.1,17.1,0.0,5.819999978484702e-05,0.0012842000001000997,0.5473248000002968
method-068,9,Random,MarginalGainPredictor,20,5,228,64.1,2021,31.6,3700,14.7,32.49999999999999,16.900000000000002,49.39999999999999,-3.552713678800501e-15,6.979999989198404e-05,0.0017574999997123086,0.5681164999996327
method-068,10,Random,MarginalGainPredictor,20,5,228,57.0,228,57.0,3078,18.7,0.0,38.3,38.3,0.0,4.070000022693421e-05,0.0012148000000706816,0.5830525000001217
method-069,1,Random,OriginalOrder,50,5,1265,72.6,228,56.0,475,15.8,16.599999999999994,40.2,56.8,0.0,4.6999999995023245e-05,1.9999970390927047e-07,0.41032810000024256
method-069,2,Random,OriginalOrder,50,5,1265,88.0,228,53.6,618,16.9,34.4,36.7,71.1,-7.105427357601002e-15,4.1900000269379234e-05,3.999998625658918e-07,0.496762199999921
method-069,3,Random,OriginalOrder,50,5,1265,93.2,228,50.4,541,6.4,42.800000000000004,44.0,86.8,-7.105427357601002e-15,4.089999993084348e-05,2.0000015865662135e-07,0.523794899999757
method-069,4,Random,OriginalOrder,50,5,1265,86.8,310,49.2,6159,6.0,37.599999999999994,43.2,80.8,0.0,4.269999999451102e-05,3.000000106112566e-07,0.4442629999998644
method-069,5,Random,OriginalOrder,50,5,1265,90.3,1277,90.3,11248,5.2,0.0,85.1,85.1,0.0,4.3000000005122274e-05,3.000000106112566e-07,0.5532028999996328
method-069,6,Random,OriginalOrder,50,5,1265,91.0,1807,45.5,14031,4.3,45.5,41.2,86.7,0.0,4.130000024815672e-05,3.000000106112566e-07,0.5141775000001871
method-069,7,Random,OriginalOrder,50,5,1265,87.5,1265,87.5,4679,15.3,0.0,72.2,72.2,0.0,5.450000026030466e-05,3.000000106112566e-07,0.4459747000000789
method-069,8,Random,OriginalOrder,50,5,1265,86.8,892,39.7,11245,5.1,47.099999999999994,34.6,81.7,7.105427357601002e-15,4.020000005766633e-05,2.0000015865662135e-07,0.5400131000001238
method-069,9,Random,OriginalOrder,50,5,1265,77.2,1277,77.2,656,23.6,0.0,53.6,53.6,0.0,4.1400000100111356e-05,3.000000106112566e-07,0.5265921000000162
method-069,10,Random,OriginalOrder,50,5,1265,88.9,228,57.2,776,4.4,31.700000000000003,52.800000000000004,84.5,-7.105427357601002e-15,4.1199999941454735e-05,1.9999970390927047e-07,0.5349131000002671
method-070,1,Random,MarginalGainPredictor,50,5,1265,72.6,228,56.0,820,19.9,16.599999999999994,36.1,52.699999999999996,0.0,4.6999999995023245e-05,0.00048209999977189,0.41032810000024256
method-070,2,Random,MarginalGainPredictor,50,5,1265,87.9,5753,53.8,410,42.4,34.10000000000001,11.399999999999999,45.50000000000001,0.0,4.979999994247919e-05,0.0007454000001416716,0.478955600000063
method-070,3,Random,MarginalGainPredictor,50,5,1265,88.0,1265,88.0,1265,88.0,0.0,0.0,0.0,0.0,4.510000007940107e-05,0.0013010000002395827,0.5057452999999441
method-070,4,Random,MarginalGainPredictor,50,5,310,48.7,658,34.1,3078,20.0,14.600000000000001,14.100000000000001,28.700000000000003,0.0,5.129999999553547e-05,0.0013023000001339824,0.43893530000013925
method-070,5,Random,MarginalGainPredictor,50,5,228,60.6,892,36.7,1807,36.5,23.9,0.20000000000000284,24.1,0.0,4.2099999973288504e-05,0.0013267999997879087,0.4251553999997668
method-070,6,Random,MarginalGainPredictor,50,5,3519,56.2,5753,42.4,310,36.9,13.800000000000004,5.5,19.300000000000004,0.0,5.069999997431296e-05,0.0014747000000170374,0.5231807999998637
method-070,7,Random,MarginalGainPredictor,50,5,3519,52.7,3519,52.7,7995,18.1,0.0,34.6,34.6,0.0,6.0599999869737076e-05,0.0013681000000360655,0.5140816000002815
method-070,8,Random,MarginalGainPredictor,50,5,228,51.2,228,51.2,985,26.1,0.0,25.1,25.1,0.0,4.979999994247919e-05,0.0014458000000558968,0.4451661000002787
method-070,9,Random,MarginalGainPredictor,50,5,228,64.6,2477,34.4,1277,0.0,30.199999999999996,34.4,64.6,0.0,4.330000001573353e-05,0.0012306999997235835,0.6926715999998123
method-070,10,Random,MarginalGainPredictor,50,5,228,56.5,9070,35.7,1439,16.7,20.799999999999997,19.000000000000004,39.8,-3.552713678800501e-15,4.0499999613530235e-05,0.0012722000001303968,0.4510462999996889
method-071,1,Random,OriginalOrder,100,5,1265,72.6,1265,72.6,475,15.8,0.0,56.8,56.8,0.0,4.6999999995023245e-05,9.999985195463523e-08,0.41032810000024256
method-071,2,Random,OriginalOrder,100,5,1265,88.0,1277,88.0,618,16.9,0.0,71.1,71.1,0.0,4.1900000269379234e-05,1.9999970390927047e-07,0.496762199999921
method-071,3,Random,OriginalOrder,100,5,1265,93.2,228,50.4,541,6.4,42.800000000000004,44.0,86.8,-7.105427357601002e-15,4.089999993084348e-05,2.0000015865662135e-07,0.523794899999757
method-071,4,Random,OriginalOrder,100,5,1265,86.8,310,49.2,6159,6.0,37.599999999999994,43.2,80.8,0.0,4.269999999451102e-05,3.000000106112566e-07,0.4442629999998644
method-071,5,Random,OriginalOrder,100,5,1265,90.3,1277,90.3,11248,5.2,0.0,85.1,85.1,0.0,4.3000000005122274e-05,2.0000015865662135e-07,0.5532028999996328
method-071,6,Random,OriginalOrder,100,5,1265,91.0,1807,45.5,14031,4.3,45.5,41.2,86.7,0.0,4.130000024815672e-05,3.000000106112566e-07,0.5141775000001871
method-071,7,Random,OriginalOrder,100,5,1265,87.5,1265,87.5,4679,15.3,0.0,72.2,72.2,0.0,5.450000026030466e-05,4.000003173132427e-07,0.4459747000000789
method-071,8,Random,OriginalOrder,100,5,1265,86.8,892,39.7,11245,5.1,47.099999999999994,34.6,81.7,7.105427357601002e-15,4.020000005766633e-05,1.9999970390927047e-07,0.5400131000001238
method-071,9,Random,OriginalOrder,100,5,1265,77.2,1265,77.2,656,23.6,0.0,53.6,53.6,0.0,4.1400000100111356e-05,2.0000015865662135e-07,0.5265921000000162
method-071,10,Random,OriginalOrder,100,5,1265,88.9,228,57.2,776,4.4,31.700000000000003,52.800000000000004,84.5,-7.105427357601002e-15,4.1199999941454735e-05,2.0000015865662135e-07,0.5349131000002671
method-072,1,Random,MarginalGainPredictor,100,5,1265,72.6,1265,72.6,1265,72.6,0.0,0.0,0.0,0.0,4.6999999995023245e-05,0.0005361999997148814,0.41032810000024256
method-072,2,Random,MarginalGainPredictor,100,5,3519,60.6,3519,60.6,410,49.6,0.0,11.0,11.0,0.0,4.850000004807953e-05,0.0006927999997969891,0.34299330000021655
method-072,3,Random,MarginalGainPredictor,100,5,3519,55.5,228,50.4,985,35.3,5.100000000000001,15.100000000000001,20.200000000000003,0.0,5.019999980504508e-05,0.0009047000003192807,0.4519540999999663
method-072,4,Random,MarginalGainPredictor,100,5,310,48.7,310,48.7,310,48.7,0.0,0.0,0.0,0.0,4.260000014255638e-05,0.0013533000001189066,0.5337260000001152
method-072,5,Random,MarginalGainPredictor,100,5,228,60.6,228,60.6,820,15.2,0.0,45.400000000000006,45.400000000000006,0.0,4.090000038559083e-05,0.0013816999999107793,0.5374306999997316
method-072,6,Random,MarginalGainPredictor,100,5,3519,55.6,2216,34.0,2216,34.0,21.6,0.0,21.6,0.0,4.5900000259280205e-05,0.0014280000000326254,0.41420389999984764
method-072,7,Random,MarginalGainPredictor,100,5,3519,53.6,3519,53.6,7995,18.2,0.0,35.400000000000006,35.400000000000006,0.0,5.180000016480335e-05,0.0014408000001822074,0.5313573999997061
method-072,8,Random,MarginalGainPredictor,100,5,228,51.4,3519,50.5,1807,33.6,0.8999999999999986,16.9,17.799999999999997,0.0,4.309999985707691e-05,0.0013811999997415114,0.563255399999889
method-072,9,Random,MarginalGainPredictor,100,5,228,64.6,228,64.6,1277,0.0,0.0,64.6,64.6,0.0,7.079999977577245e-05,0.0015708999999333173,0.6374903999999333
method-072,10,Random,MarginalGainPredictor,100,5,228,56.5,3519,44.4,916,8.0,12.100000000000001,36.4,48.5,0.0,3.990000004705507e-05,0.001421699999809789,0.5238766999996187
method-073,1,Random,OriginalOrder,10,6,1265,72.6,2216,32.0,4934,24.4,40.599999999999994,7.600000000000001,48.199999999999996,0.0,4.7699999868200393e-05,2.0000015865662135e-07,0.41032810000024256
method-073,2,Random,OriginalOrder,10,6,1265,88.7,1140,28.8,692,17.1,59.900000000000006,11.7,71.6,-1.0658141036401503e-14,4.0500000068277586e-05,9.999985195463523e-08,0.4908557000003384
method-073,3,Random,OriginalOrder,10,6,1265,89.7,3700,23.9,1423,18.6,65.80000000000001,5.299999999999997,71.1,-1.4210854715202004e-14,4.059999992023222e-05,1.0000030670198612e-07,0.41637089999994714
method-073,4,Random,OriginalOrder,10,6,1265,81.8,4103,17.1,4103,17.1,64.69999999999999,0.0,64.69999999999999,0.0,4.069999977218686e-05,2.0000015865662135e-07,0.43140119999998205
method-073,5,Random,OriginalOrder,10,6,1265,88.2,1439,34.5,985,32.2,53.7,2.299999999999997,56.0,0.0,4.799999987881165e-05,1.9999970390927047e-07,0.5528054999999767
method-073,6,Random,OriginalOrder,10,6,1265,87.3,1265,87.3,1126,5.7,0.0,81.6,81.6,0.0,5.160000000614673e-05,1.0000030670198612e-07,0.5071044000001166
method-073,7,Random,OriginalOrder,10,6,1265,75.0,1277,75.0,11796,15.2,0.0,59.8,59.8,0.0,5.2599999889935134e-05,2.0000015865662135e-07,0.4403407999998308
method-073,8,Random,OriginalOrder,10,6,1265,87.7,228,45.4,679,13.5,42.300000000000004,31.9,74.2,0.0,4.1199999941454735e-05,1.9999970390927047e-07,0.43636719999994966
method-073,9,Random,OriginalOrder,10,6,1265,74.4,1265,74.4,1140,27.6,0.0,46.800000000000004,46.800000000000004,0.0,4.459999991013319e-05,2.0000015865662135e-07,0.8420084999997925
method-073,10,Random,OriginalOrder,10,6,1265,88.2,2442,23.6,4824,9.1,64.6,14.500000000000002,79.10000000000001,1.2434497875801753e-14,3.9399999877787195e-05,2.0000015865662135e-07,0.43898970000009285
method-074,1,Random,MarginalGainPredictor,10,6,1265,72.6,2216,32.0,2216,32.0,40.599999999999994,0.0,40.599999999999994,0.0,4.7699999868200393e-05,0.00039139999989856733,0.41032810000024256
method-074,2,Random,MarginalGainPredictor,10,6,1265,88.7,228,53.6,1816,17.8,35.1,35.8,70.9,7.105427357601002e-15,3.0900000183464726e-05,0.0011704999997164123,0.34364080000023023
method-074,3,Random,MarginalGainPredictor,10,6,1265,90.6,181,24.3,1423,18.6,66.3,5.699999999999999,72.0,3.552713678800501e-15,4.2099999973288504e-05,0.0013413000001492037,0.5057467999999972
method-074,4,Random,MarginalGainPredictor,10,6,1265,81.8,1818,16.7,611,10.8,65.1,5.899999999999999,71.0,7.105427357601002e-15,5.180000016480335e-05,0.001280100000258244,0.4842453999999634
method-074,5,Random,MarginalGainPredictor,10,6,1265,87.6,985,31.6,985,31.6,55.99999999999999,0.0,55.99999999999999,0.0,5.2599999889935134e-05,0.0012600000000020373,0.39630559999977777
method-074,6,Random,MarginalGainPredictor,10,6,1265,77.6,1265,77.6,1265,77.6,0.0,0.0,0.0,0.0,6.220000022949534e-05,0.0013767999998890446,0.38979099999960454
method-074,7,Random,MarginalGainPredictor,10,6,3519,52.6,3916,28.8,3916,28.8,23.8,0.0,23.8,0.0,5.01000004078378e-05,0.0013844000000062806,0.5133224999999584
method-074,8,Random,MarginalGainPredictor,10,6,3519,53.7,2023,27.5,1277,0.0,26.200000000000003,27.5,53.7,0.0,5.4799999816168565e-05,0.0013318000001163455,0.5302817000001596
method-074,9,Random,MarginalGainPredictor,10,6,228,62.0,830,34.4,1807,15.7,27.6,18.7,46.3,-3.552713678800501e-15,5.7899999774235766e-05,0.0013159999998606509,0.5469514999999774
method-074,10,Random,MarginalGainPredictor,10,6,228,56.1,4934,20.9,4934,20.9,35.2,0.0,35.2,0.0,5.379999993238016e-05,0.0014420000002246525,0.4966714000001957
method-075,1,Random,OriginalOrder,20,6,1265,72.6,1807,43.1,4934,24.4,29.499999999999993,18.700000000000003,48.199999999999996,0.0,4.7699999868200393e-05,2.0000015865662135e-07,0.41032810000024256
method-075,2,Random,OriginalOrder,20,6,1265,88.7,410,49.6,692,17.1,39.1,32.5,71.6,-7.105427357601002e-15,4.0500000068277586e-05,3.000000106112566e-07,0.4908557000003384
method-075,3,Random,OriginalOrder,20,6,1265,89.7,3700,23.9,1423,18.6,65.80000000000001,5.299999999999997,71.1,-1.4210854715202004e-14,4.059999992023222e-05,3.000000106112566e-07,0.41637089999994714
method-075,4,Random,OriginalOrder,20,6,1265,81.8,5454,28.4,4103,17.1,53.4,11.299999999999997,64.69999999999999,-7.105427357601002e-15,4.069999977218686e-05,2.0000015865662135e-07,0.43140119999998205
method-075,5,Random,OriginalOrder,20,6,1265,88.2,1439,34.5,985,32.2,53.7,2.299999999999997,56.0,0.0,4.799999987881165e-05,3.000000106112566e-07,0.5528054999999767
method-075,6,Random,OriginalOrder,20,6,1265,87.3,1265,87.3,1126,5.7,0.0,81.6,81.6,0.0,5.160000000614673e-05,3.000000106112566e-07,0.5071044000001166
method-075,7,Random,OriginalOrder,20,6,1265,75.0,1277,75.0,11796,15.2,0.0,59.8,59.8,0.0,5.2599999889935134e-05,3.999998625658918e-07,0.4403407999998308
method-075,8,Random,OriginalOrder,20,6,1265,87.7,228,45.4,679,13.5,42.300000000000004,31.9,74.2,0.0,4.1199999941454735e-05,2.0000015865662135e-07,0.43636719999994966
method-075,9,Random,OriginalOrder,20,6,1265,74.4,1265,74.4,1140,27.6,0.0,46.800000000000004,46.800000000000004,0.0,4.459999991013319e-05,1.9999970390927047e-07,0.8420084999997925
method-075,10,Random,OriginalOrder,20,6,1265,88.2,5753,48.6,4824,9.1,39.6,39.5,79.10000000000001,7.105427357601002e-15,3.9399999877787195e-05,3.000000106112566e-07,0.43898970000009285
method-076,1,Random,MarginalGainPredictor,20,6,1265,72.6,1807,43.1,1807,43.1,29.499999999999993,0.0,29.499999999999993,0.0,4.7699999868200393e-05,0.0004208999998809304,0.41032810000024256
method-076,2,Random,MarginalGainPredictor,20,6,1265,88.1,228,53.6,410,49.6,34.49999999999999,4.0,38.49999999999999,0.0,4.149999995206599e-05,0.001299999999901047,0.4086956999999529
method-076,3,Random,MarginalGainPredictor,20,6,1265,87.0,310,45.7,310,45.7,41.3,0.0,41.3,0.0,4.069999977218686e-05,0.001304800000070827,0.46480609999980516
method-076,4,Random,MarginalGainPredictor,20,6,1265,84.4,5753,35.4,9070,29.4,49.00000000000001,6.0,55.00000000000001,0.0,5.490000012287055e-05,0.0013245000000097207,0.5763680000000022
method-076,5,Random,MarginalGainPredictor,20,6,1265,85.7,3519,42.9,916,23.4,42.800000000000004,19.5,62.300000000000004,0.0,4.1400000100111356e-05,0.0013388999996095663,0.5271114999995916
method-076,6,Random,MarginalGainPredictor,20,6,1265,78.5,2146,19.2,1249,11.9,59.3,7.299999999999999,66.6,-1.7763568394002505e-15,4.8999999762600055e-05,0.0012590999999702035,0.5376925000000483
method-076,7,Random,MarginalGainPredictor,20,6,1265,82.7,2216,35.5,2216,35.5,47.2,0.0,47.2,0.0,5.719999990105862e-05,0.0012934000001223467,0.4604027000000315
method-076,8,Random,MarginalGainPredictor,20,6,1265,78.5,3225,32.1,618,13.7,46.4,18.400000000000002,64.8,-3.552713678800501e-15,5.5700000302749686e-05,0.001361099999940052,0.4577878999998575
method-076,9,Random,MarginalGainPredictor,20,6,1265,67.5,3916,24.8,820,18.4,42.7,6.400000000000002,49.1,-3.552713678800501e-15,6.010000015521655e-05,0.0015529000002061366,0.7827672999997048
method-076,10,Random,MarginalGainPredictor,20,6,1265,80.3,892,32.3,985,29.9,48.0,2.3999999999999986,50.4,0.0,3.990000004705507e-05,0.0012131999997109233,0.4356283000001895
method-077,1,Random,OriginalOrder,50,6,1265,72.6,228,56.0,4934,24.4,16.599999999999994,31.6,48.199999999999996,0.0,4.7699999868200393e-05,1.9999970390927047e-07,0.41032810000024256
method-077,2,Random,OriginalOrder,50,6,1265,88.7,1265,88.7,692,17.1,0.0,71.6,71.6,0.0,4.0500000068277586e-05,3.000000106112566e-07,0.4908557000003384
method-077,3,Random,OriginalOrder,50,6,1265,89.7,1265,89.7,1423,18.6,0.0,71.1,71.1,0.0,4.059999992023222e-05,2.0000015865662135e-07,0.41637089999994714
method-077,4,Random,OriginalOrder,50,6,1265,81.8,228,42.4,4103,17.1,39.4,25.299999999999997,64.69999999999999,-7.105427357601002e-15,4.069999977218686e-05,2.0000015865662135e-07,0.43140119999998205
method-077,5,Random,OriginalOrder,50,6,1265,88.2,1277,88.2,985,32.2,0.0,56.0,56.0,0.0,4.799999987881165e-05,2.0000015865662135e-07,0.5528054999999767
method-077,6,Random,OriginalOrder,50,6,1265,87.3,1265,87.3,1126,5.7,0.0,81.6,81.6,0.0,5.160000000614673e-05,2.0000015865662135e-07,0.5071044000001166
method-077,7,Random,OriginalOrder,50,6,1265,75.0,1277,75.0,11796,15.2,0.0,59.8,59.8,0.0,5.2599999889935134e-05,2.0000015865662135e-07,0.4403407999998308
method-077,8,Random,OriginalOrder,50,6,1265,87.7,1277,87.7,679,13.5,0.0,74.2,74.2,0.0,4.1199999941454735e-05,3.000000106112566e-07,0.43636719999994966
method-077,9,Random,OriginalOrder,50,6,1265,74.4,1265,74.4,1140,27.6,0.0,46.800000000000004,46.800000000000004,0.0,4.459999991013319e-05,4.000003173132427e-07,0.8420084999997925
method-077,10,Random,OriginalOrder,50,6,1265,88.2,228,50.5,4824,9.1,37.7,41.4,79.10000000000001,7.105427357601002e-15,3.9399999877787195e-05,2.0000015865662135e-07,0.43898970000009285
method-078,1,Random,MarginalGainPredictor,50,6,1265,72.6,228,56.0,1807,43.1,16.599999999999994,12.899999999999999,29.499999999999993,0.0,4.7699999868200393e-05,0.000435399999787478,0.41032810000024256
method-078,2,Random,MarginalGainPredictor,50,6,1265,88.1,1265,88.1,1265,88.1,0.0,0.0,0.0,0.0,4.149999995206599e-05,0.0006674999999631837,0.4086956999999529
method-078,3,Random,MarginalGainPredictor,50,6,3519,54.2,310,43.3,410,42.2,10.900000000000006,1.0999999999999943,12.0,0.0,5.3499999921768904e-05,0.0013887000000067928,0.5343204999999216
method-078,4,Random,MarginalGainPredictor,50,6,310,48.6,5753,34.1,2216,27.4,14.5,6.700000000000003,21.200000000000003,0.0,5.289999990054639e-05,0.0014068999998926301,0.45618289999993067
method-078,5,Random,MarginalGainPredictor,50,6,228,60.6,5753,43.5,1277,0.0,17.1,43.5,60.6,0.0,4.069999977218686e-05,0.0013199999998505518,0.43562029999975493
method-078,6,Random,MarginalGainPredictor,50,6,3519,56.6,2477,32.9,985,32.7,23.700000000000003,0.19999999999999574,23.9,0.0,4.0099999750964344e-05,0.0015640000001440058,0.5257756999999401
method-078,7,Random,MarginalGainPredictor,50,6,3519,54.4,3519,54.4,9070,42.0,0.0,12.399999999999999,12.399999999999999,0.0,4.200000012133387e-05,0.0012968999999429798,0.5413195000000997
method-078,8,Random,MarginalGainPredictor,50,6,3519,52.9,5753,39.2,820,17.1,13.699999999999996,22.1,35.8,0.0,3.990000004705507e-05,0.0013911000000916829,0.5434519000000364
method-078,9,Random,MarginalGainPredictor,50,6,228,64.8,830,35.2,1249,17.4,29.599999999999994,17.800000000000004,47.4,0.0,7.970000024215551e-05,0.0018724999999903957,0.643456100000094
method-078,10,Random,MarginalGainPredictor,50,6,228,56.4,3519,45.9,310,45.3,10.5,0.6000000000000014,11.100000000000001,0.0,4.109999963475275e-05,0.0013212999997449515,0.5295759000000544
method-079,1,Random,OriginalOrder,100,6,1265,72.6,1265,72.6,4934,24.4,0.0,48.199999999999996,48.199999999999996,0.0,4.7699999868200393e-05,1.9999970390927047e-07,0.41032810000024256
method-079,2,Random,OriginalOrder,100,6,1265,88.7,1265,88.7,692,17.1,0.0,71.6,71.6,0.0,4.0500000068277586e-05,2.0000015865662135e-07,0.4908557000003384
method-079,3,Random,OriginalOrder,100,6,1265,89.7,1265,89.7,1423,18.6,0.0,71.1,71.1,0.0,4.059999992023222e-05,2.0000015865662135e-07,0.41637089999994714
method-079,4,Random,OriginalOrder,100,6,1265,81.8,1277,81.8,4103,17.1,0.0,64.69999999999999,64.69999999999999,0.0,4.069999977218686e-05,3.000000106112566e-07,0.43140119999998205
method-079,5,Random,OriginalOrder,100,6,1265,88.2,1277,88.2,985,32.2,0.0,56.0,56.0,0.0,4.799999987881165e-05,3.000000106112566e-07,0.5528054999999767
method-079,6,Random,OriginalOrder,100,6,1265,87.3,1265,87.3,1126,5.7,0.0,81.6,81.6,0.0,5.160000000614673e-05,3.000000106112566e-07,0.5071044000001166
method-079,7,Random,OriginalOrder,100,6,1265,75.0,1265,75.0,11796,15.2,0.0,59.8,59.8,0.0,5.2599999889935134e-05,2.0000015865662135e-07,0.4403407999998308
method-079,8,Random,OriginalOrder,100,6,1265,87.7,1277,87.7,679,13.5,0.0,74.2,74.2,0.0,4.1199999941454735e-05,3.000000106112566e-07,0.43636719999994966
method-079,9,Random,OriginalOrder,100,6,1265,74.4,1265,74.4,1140,27.6,0.0,46.800000000000004,46.800000000000004,0.0,4.459999991013319e-05,8.000001798791345e-07,0.8420084999997925
method-079,10,Random,OriginalOrder,100,6,1265,88.2,1265,88.2,4824,9.1,0.0,79.10000000000001,79.10000000000001,0.0,3.9399999877787195e-05,1.9999970390927047e-07,0.43898970000009285
method-080,1,Random,MarginalGainPredictor,100,6,1265,72.6,1265,72.6,1265,72.6,0.0,0.0,0.0,0.0,4.7699999868200393e-05,0.000755600000047707,0.41032810000024256
method-080,2,Random,MarginalGainPredictor,100,6,3519,60.6,228,52.7,410,49.6,7.899999999999999,3.1000000000000014,11.0,0.0,5.090000013296958e-05,0.0006282999997893057,0.34299330000021655
method-080,3,Random,MarginalGainPredictor,100,6,3519,55.5,1807,45.3,1807,45.3,10.200000000000003,0.0,10.200000000000003,0.0,4.7900000026857015e-05,0.0006562999997186125,0.4519540999999663
method-080,4,Random,MarginalGainPredictor,100,6,310,48.6,8264,41.5,985,30.3,7.100000000000001,11.2,18.3,0.0,5.380000038712751e-05,0.0007571000001007633,0.5234201999996912
method-080,5,Random,MarginalGainPredictor,100,6,228,60.6,228,60.6,310,48.1,0.0,12.5,12.5,0.0,4.959999978382257e-05,0.0008561999998164538,0.5587468999997327
method-080,6,Random,MarginalGainPredictor,100,6,3519,54.0,892,39.8,820,19.3,14.200000000000003,20.499999999999996,34.7,3.552713678800501e-15,5.310000005920301e-05,0.0007916999998087704,0.4285987999996905
method-080,7,Random,MarginalGainPredictor,100,6,3519,52.7,3519,52.7,1277,0.0,0.0,52.7,52.7,0.0,4.859999990003416e-05,0.00136339999971824,0.5326906000000236
method-080,8,Random,MarginalGainPredictor,100,6,228,51.2,3519,51.0,2216,29.3,0.20000000000000284,21.7,21.900000000000002,0.0,4.259999968780903e-05,0.0014381999999386608,0.4391739000002417
method-080,9,Random,MarginalGainPredictor,100,6,228,64.6,3519,49.9,7995,14.4,14.699999999999996,35.5,50.199999999999996,0.0,6.249999978535925e-05,0.0015875999997660983,0.8397511000002851
method-080,10,Random,MarginalGainPredictor,100,6,228,56.5,892,32.4,1249,10.7,24.1,21.7,45.8,-3.552713678800501e-15,3.879999985656468e-05,0.0014073999996071507,0.5598703999999088
method-081,1,Random,OriginalOrder,10,7,1265,72.6,1443,22.6,6159,8.2,49.99999999999999,14.400000000000002,64.39999999999999,-3.552713678800501e-15,4.709999984697788e-05,9.999985195463523e-08,0.41032810000024256
method-081,2,Random,OriginalOrder,10,7,1265,88.7,5753,53.8,12380,3.3,34.900000000000006,50.5,85.4,0.0,4.269999999451102e-05,2.0000015865662135e-07,0.4868386999996801
method-081,3,Random,OriginalOrder,10,7,1265,93.2,3916,43.3,14013,3.9,49.900000000000006,39.4,89.3,-7.105427357601002e-15,5.120000014358084e-05,2.0000015865662135e-07,0.4605387999999948
method-081,4,Random,OriginalOrder,10,7,1265,87.5,5753,37.5,5753,37.5,50.0,0.0,50.0,0.0,7.079999977577245e-05,2.0000015865662135e-07,0.5586804999998094
method-081,5,Random,OriginalOrder,10,7,1265,89.2,310,51.7,647,28.3,37.5,23.400000000000002,60.900000000000006,3.552713678800501e-15,4.200000012133387e-05,1.9999970390927047e-07,0.5511518999996952
method-081,6,Random,OriginalOrder,10,7,1265,90.1,3519,23.0,2455,12.0,67.1,11.0,78.1,0.0,4.1199999941454735e-05,9.999985195463523e-08,0.4316827000002377
method-081,7,Random,OriginalOrder,10,7,1265,84.0,985,30.9,541,5.6,53.1,25.299999999999997,78.4,7.105427357601002e-15,5.160000000614673e-05,2.0000015865662135e-07,0.43233580000014626
method-081,8,Random,OriginalOrder,10,7,1265,81.5,4859,19.2,916,18.1,62.3,1.0999999999999979,63.4,3.552713678800501e-15,4.199999966658652e-05,2.0000015865662135e-07,0.5217536000000109
method-081,9,Random,OriginalOrder,10,7,1265,68.6,1978,16.3,547,14.9,52.3,1.4000000000000004,53.699999999999996,-1.7763568394002505e-15,7.209999967017211e-05,5.000001692678779e-07,0.5901814999997441
method-081,10,Random,OriginalOrder,10,7,1265,81.6,2122,26.4,2034,8.4,55.199999999999996,18.0,73.19999999999999,-7.105427357601002e-15,3.999999989900971e-05,1.0000030670198612e-07,0.43594359999997323
method-082,1,Random,MarginalGainPredictor,10,7,1265,72.6,1443,22.6,7377,18.6,49.99999999999999,4.0,53.99999999999999,0.0,4.709999984697788e-05,0.0003997000003437279,0.41032810000024256
method-082,2,Random,MarginalGainPredictor,10,7,1265,86.2,5753,53.5,5753,53.5,32.7,0.0,32.7,0.0,4.3900000036956044e-05,0.0012496999997893,0.4424784000002546
method-082,3,Random,MarginalGainPredictor,10,7,1265,90.4,3916,43.2,7995,25.5,47.2,17.700000000000003,64.9,0.0,4.1000000237545464e-05,0.001267699999971228,0.4941740000003847
method-082,4,Random,MarginalGainPredictor,10,7,1265,82.6,892,29.4,892,29.4,53.199999999999996,0.0,53.199999999999996,0.0,8.209999987229821e-05,0.0013251999998828978,0.3870194999999512
method-082,5,Random,MarginalGainPredictor,10,7,1265,84.1,310,49.2,310,49.2,34.89999999999999,0.0,34.89999999999999,0.0,4.269999999451102e-05,0.0013011000000915374,0.40222910000011325
method-082,6,Random,MarginalGainPredictor,10,7,1265,84.9,9070,30.2,1423,22.1,54.7,8.099999999999998,62.800000000000004,3.552713678800501e-15,4.4800000068789814e-05,0.0012474000000111118,0.48194039999998495
method-082,7,Random,MarginalGainPredictor,10,7,1265,75.7,658,26.0,658,26.0,49.7,0.0,49.7,0.0,5.520000013348181e-05,0.0012569999998959247,0.501564099999996
method-082,8,Random,MarginalGainPredictor,10,7,1265,80.6,9070,27.0,916,15.0,53.599999999999994,12.0,65.6,0.0,5.2800000048591755e-05,0.001320400000167865,0.4810410000000047
method-082,9,Random,MarginalGainPredictor,10,7,1265,65.7,1818,16.1,1818,16.1,49.6,0.0,49.6,0.0,3.9600000036443816e-05,0.0012139000000388478,0.6231094999998277
method-082,10,Random,MarginalGainPredictor,10,7,1265,79.2,820,29.0,820,29.0,50.2,0.0,50.2,0.0,3.999999989900971e-05,0.0012629999996534025,0.47497059999977864
method-083,1,Random,OriginalOrder,20,7,1265,72.6,1443,22.6,6159,8.2,49.99999999999999,14.400000000000002,64.39999999999999,-3.552713678800501e-15,4.709999984697788e-05,2.0000015865662135e-07,0.41032810000024256
method-083,2,Random,OriginalOrder,20,7,1265,88.7,5753,53.8,12380,3.3,34.900000000000006,50.5,85.4,0.0,4.269999999451102e-05,3.999998625658918e-07,0.4868386999996801
method-083,3,Random,OriginalOrder,20,7,1265,93.2,1277,93.2,14013,3.9,0.0,89.3,89.3,0.0,5.120000014358084e-05,2.0000015865662135e-07,0.4605387999999948
method-083,4,Random,OriginalOrder,20,7,1265,87.5,3519,47.0,5753,37.5,40.5,9.5,50.0,0.0,7.079999977577245e-05,3.000000106112566e-07,0.5586804999998094
method-083,5,Random,OriginalOrder,20,7,1265,89.2,310,51.7,647,28.3,37.5,23.400000000000002,60.900000000000006,3.552713678800501e-15,4.200000012133387e-05,3.000000106112566e-07,0.5511518999996952
method-083,6,Random,OriginalOrder,20,7,1265,90.1,3519,23.0,2455,12.0,67.1,11.0,78.1,0.0,4.1199999941454735e-05,2.0000015865662135e-07,0.4316827000002377
method-083,7,Random,OriginalOrder,20,7,1265,84.0,985,30.9,541,5.6,53.1,25.299999999999997,78.4,7.105427357601002e-15,5.160000000614673e-05,3.000000106112566e-07,0.43233580000014626
method-083,8,Random,OriginalOrder,20,7,1265,81.5,985,26.0,916,18.1,55.5,7.899999999999999,63.4,0.0,4.199999966658652e-05,3.000000106112566e-07,0.5217536000000109
method-083,9,Random,OriginalOrder,20,7,1265,68.6,1249,24.0,547,14.9,44.599999999999994,9.1,53.699999999999996,1.7763568394002505e-15,7.209999967017211e-05,2.0000015865662135e-07,0.5901814999997441
method-083,10,Random,OriginalOrder,20,7,1265,81.6,410,50.3,2034,8.4,31.299999999999997,41.9,73.19999999999999,-7.105427357601002e-15,3.999999989900971e-05,3.000000106112566e-07,0.43594359999997323
method-084,1,Random,MarginalGainPredictor,20,7,1265,72.6,1443,22.6,1423,18.1,49.99999999999999,4.5,54.49999999999999,0.0,4.709999984697788e-05,0.0004582999999911408,0.41032810000024256
method-084,2,Random,MarginalGainPredictor,20,7,1265,84.7,1807,37.8,1807,37.8,46.900000000000006,0.0,46.900000000000006,0.0,4.929999977321131e-05,0.001262499999938882,0.40309079999997266
method-084,3,Random,MarginalGainPredictor,20,7,1265,87.1,1140,31.0,1352,13.0,56.099999999999994,18.0,74.1,0.0,4.080000007888884e-05,0.0013582000001406414,0.41654239999979836
method-084,4,Random,MarginalGainPredictor,20,7,1265,81.7,1277,81.7,1277,81.7,0.0,0.0,0.0,0.0,5.1699999858101364e-05,0.0013189999999667634,0.5377697000003536
method-084,5,Random,MarginalGainPredictor,20,7,228,60.6,985,31.6,985,31.6,29.0,0.0,29.0,0.0,4.179999996267725e-05,0.0012752000002365094,0.5070074000000204
method-084,6,Random,MarginalGainPredictor,20,7,3519,55.9,310,35.6,310,35.6,20.299999999999997,0.0,20.299999999999997,0.0,4.1199999941454735e-05,0.0012679999999818392,0.44074570000020685
method-084,7,Random,MarginalGainPredictor,20,7,3519,50.2,181,34.3,3078,21.1,15.900000000000006,13.199999999999996,29.1,0.0,4.0500000068277586e-05,0.001295999999911146,0.44020369999998366
method-084,8,Random,MarginalGainPredictor,20,7,228,51.8,892,38.2,2216,29.3,13.599999999999994,8.900000000000002,22.499999999999996,0.0,4.1199999941454735e-05,0.001307600000018283,0.44269359999998414
method-084,9,Random,MarginalGainPredictor,20,7,228,65.3,830,28.9,1255,9.2,36.4,19.7,56.099999999999994,-3.552713678800501e-15,4.830000034417026e-05,0.0012888000001112232,0.6973877999998876
method-084,10,Random,MarginalGainPredictor,20,7,228,56.6,892,32.4,916,8.9,24.200000000000003,23.5,47.7,0.0,5.199999986871262e-05,0.0013652999996338622,0.46034000000008746
method-085,1,Random,OriginalOrder,50,7,1265,72.6,1439,34.1,6159,8.2,38.49999999999999,25.900000000000002,64.39999999999999,-3.552713678800501e-15,4.709999984697788e-05,1.9999970390927047e-07,0.41032810000024256
method-085,2,Random,OriginalOrder,50,7,1265,88.7,5753,53.8,12380,3.3,34.900000000000006,50.5,85.4,0.0,4.269999999451102e-05,3.000000106112566e-07,0.4868386999996801
method-085,3,Random,OriginalOrder,50,7,1265,93.2,1277,93.2,14013,3.9,0.0,89.3,89.3,0.0,5.120000014358084e-05,4.000003173132427e-07,0.4605387999999948
method-085,4,Random,OriginalOrder,50,7,1265,87.5,3519,47.0,5753,37.5,40.5,9.5,50.0,0.0,7.079999977577245e-05,2.0000015865662135e-07,0.5586804999998094
method-085,5,Random,OriginalOrder,50,7,1265,89.2,310,51.7,647,28.3,37.5,23.400000000000002,60.900000000000006,3.552713678800501e-15,4.200000012133387e-05,3.000000106112566e-07,0.5511518999996952
method-085,6,Random,OriginalOrder,50,7,1265,90.1,1807,46.1,2455,12.0,43.99999999999999,34.1,78.1,0.0,4.1199999941454735e-05,3.000000106112566e-07,0.4316827000002377
method-085,7,Random,OriginalOrder,50,7,1265,84.0,1807,32.6,541,5.6,51.4,27.0,78.4,7.105427357601002e-15,5.160000000614673e-05,1.9999970390927047e-07,0.43233580000014626
method-085,8,Random,OriginalOrder,50,7,1265,81.5,410,44.2,916,18.1,37.3,26.1,63.4,0.0,4.199999966658652e-05,3.999998625658918e-07,0.5217536000000109
method-085,9,Random,OriginalOrder,50,7,1265,68.6,1265,68.6,547,14.9,0.0,53.699999999999996,53.699999999999996,0.0,7.209999967017211e-05,2.0000015865662135e-07,0.5901814999997441
method-085,10,Random,OriginalOrder,50,7,1265,81.6,410,50.3,2034,8.4,31.299999999999997,41.9,73.19999999999999,-7.105427357601002e-15,3.999999989900971e-05,3.000000106112566e-07,0.43594359999997323
method-086,1,Random,MarginalGainPredictor,50,7,1265,72.6,1439,34.1,820,19.9,38.49999999999999,14.200000000000003,52.699999999999996,0.0,4.709999984697788e-05,0.000497699999868928,0.41032810000024256
method-086,2,Random,MarginalGainPredictor,50,7,1265,87.9,1920,38.6,916,21.9,49.300000000000004,16.700000000000003,66.0,-7.105427357601002e-15,5.469999996421393e-05,0.0006249000002753746,0.478955600000063
method-086,3,Random,MarginalGainPredictor,50,7,1265,87.0,1265,87.0,1265,87.0,0.0,0.0,0.0,0.0,6.3500000123895e-05,0.0015930999998090556,0.534168800000316
method-086,4,Random,MarginalGainPredictor,50,7,310,48.2,310,48.2,310,48.2,0.0,0.0,0.0,0.0,4.530000023805769e-05,0.0012944999998580897,0.5261350999999195
method-086,5,Random,MarginalGainPredictor,50,7,228,60.6,5753,42.7,985,30.7,17.9,12.000000000000004,29.900000000000002,0.0,4.309999985707691e-05,0.0013198000001466426,0.43672289999994973
method-086,6,Random,MarginalGainPredictor,50,7,3519,55.7,647,33.3,410,31.4,22.400000000000006,1.8999999999999986,24.300000000000004,0.0,4.090000038559083e-05,0.0013184999997974955,0.5135372999998253
method-086,7,Random,MarginalGainPredictor,50,7,3519,53.3,228,41.6,1277,0.0,11.699999999999996,41.6,53.3,0.0,5.339999961506692e-05,0.0013327000001481792,0.5220122999999148
method-086,8,Random,MarginalGainPredictor,50,7,3519,51.9,892,38.2,2216,29.3,13.699999999999996,8.900000000000002,22.599999999999998,0.0,4.889999991064542e-05,0.001334699999915756,0.5659610000002431
method-086,9,Random,MarginalGainPredictor,50,7,228,64.6,228,64.6,1249,25.2,0.0,39.39999999999999,39.39999999999999,0.0,4.529999978331034e-05,0.0014046999999663967,0.6266668999996909
method-086,10,Random,MarginalGainPredictor,50,7,228,57.1,5753,45.1,1423,13.9,12.0,31.200000000000003,43.2,0.0,4.0299999909620965e-05,0.0012978999998267682,0.5164973000000828
method-087,1,Random,OriginalOrder,100,7,1265,72.6,1277,72.6,6159,8.2,0.0,64.39999999999999,64.39999999999999,0.0,4.709999984697788e-05,1.9999970390927047e-07,0.41032810000024256
method-087,2,Random,OriginalOrder,100,7,1265,88.7,1265,88.7,12380,3.3,0.0,85.4,85.4,0.0,4.269999999451102e-05,2.0000015865662135e-07,0.4868386999996801
method-087,3,Random,OriginalOrder,100,7,1265,93.2,1277,93.2,14013,3.9,0.0,89.3,89.3,0.0,5.120000014358084e-05,3.000000106112566e-07,0.4605387999999948
method-087,4,Random,OriginalOrder,100,7,1265,87.5,1265,87.5,5753,37.5,0.0,50.0,50.0,0.0,7.079999977577245e-05,3.000000106112566e-07,0.5586804999998094
method-087,5,Random,OriginalOrder,100,7,1265,89.2,310,51.7,647,28.3,37.5,23.400000000000002,60.900000000000006,3.552713678800501e-15,4.200000012133387e-05,3.000000106112566e-07,0.5511518999996952
method-087,6,Random,OriginalOrder,100,7,1265,90.1,1277,90.1,2455,12.0,0.0,78.1,78.1,0.0,4.1199999941454735e-05,3.000000106112566e-07,0.4316827000002377
method-087,7,Random,OriginalOrder,100,7,1265,84.0,9070,42.6,541,5.6,41.4,37.0,78.4,7.105427357601002e-15,5.160000000614673e-05,2.0000015865662135e-07,0.43233580000014626
method-087,8,Random,OriginalOrder,100,7,1265,81.5,1265,81.5,916,18.1,0.0,63.4,63.4,0.0,4.199999966658652e-05,1.9999970390927047e-07,0.5217536000000109
method-087,9,Random,OriginalOrder,100,7,1265,68.6,1265,68.6,547,14.9,0.0,53.699999999999996,53.699999999999996,0.0,7.209999967017211e-05,1.9999970390927047e-07,0.5901814999997441
method-087,10,Random,OriginalOrder,100,7,1265,81.6,1265,81.6,2034,8.4,0.0,73.19999999999999,73.19999999999999,0.0,3.999999989900971e-05,2.0000015865662135e-07,0.43594359999997323
method-088,1,Random,MarginalGainPredictor,100,7,1265,72.6,1277,72.6,1807,43.1,0.0,29.499999999999993,29.499999999999993,0.0,4.709999984697788e-05,0.00044570000000021537,0.41032810000024256
method-088,2,Random,MarginalGainPredictor,100,7,1265,88.1,1265,88.1,1265,88.1,0.0,0.0,0.0,0.0,4.9199999921256676e-05,0.0006131999998615356,0.4086956999999529
method-088,3,Random,MarginalGainPredictor,100,7,3519,54.2,410,42.2,410,42.2,12.0,0.0,12.0,0.0,4.779999972015503e-05,0.0007587999998577288,0.5343204999999216
method-088,4,Random,MarginalGainPredictor,100,7,310,48.6,310,48.6,310,48.6,0.0,0.0,0.0,0.0,5.2800000048591755e-05,0.0007329999998546555,0.45618289999993067
method-088,5,Random,MarginalGainPredictor,100,7,228,60.6,228,60.6,985,30.2,0.0,30.400000000000002,30.400000000000002,0.0,4.179999996267725e-05,0.0013576999999713735,0.5162531000000854
method-088,6,Random,MarginalGainPredictor,100,7,3519,54.0,228,53.0,1277,0.0,1.0,53.0,54.0,0.0,4.0499999613530235e-05,0.0013625000001411536,0.5305303000000094
method-088,7,Random,MarginalGainPredictor,100,7,3519,52.9,3519,52.9,820,18.6,0.0,34.3,34.3,0.0,4.239999998389976e-05,0.0013722999997298757,0.531810299999961
method-088,8,Random,MarginalGainPredictor,100,7,228,51.2,228,51.2,2216,29.3,0.0,21.900000000000002,21.900000000000002,0.0,6.209999992279336e-05,0.001324400000157766,0.45092939999994996
method-088,9,Random,MarginalGainPredictor,100,7,228,64.6,228,64.6,916,11.6,0.0,52.99999999999999,52.99999999999999,0.0,4.130000024815672e-05,0.0015869000003476685,0.6234564999999748
method-088,10,Random,MarginalGainPredictor,100,7,228,56.5,228,56.5,1249,10.8,0.0,45.7,45.7,0.0,3.9399999877787195e-05,0.0014211000002433138,0.4235149999999521
method-089,1,Random,OriginalOrder,10,8,1265,72.6,8264,32.0,776,4.3,40.599999999999994,27.7,68.3,3.552713678800501e-15,4.6799999836366624e-05,1.9999970390927047e-07,0.41032810000024256
method-089,2,Random,OriginalOrder,10,8,1265,88.1,4679,34.3,927,8.4,53.8,25.9,79.69999999999999,-7.105427357601002e-15,4.149999995206599e-05,2.0000015865662135e-07,0.4859900999999809
method-089,3,Random,OriginalOrder,10,8,1265,91.1,12802,22.9,1423,18.5,68.19999999999999,4.399999999999999,72.6,7.105427357601002e-15,4.11000000895001e-05,2.0000015865662135e-07,0.5524500000001353
method-089,4,Random,OriginalOrder,10,8,1265,81.9,1807,29.2,4331,19.0,52.7,10.2,62.900000000000006,3.552713678800501e-15,5.520000013348181e-05,1.9999970390927047e-07,0.43841229999998177
method-089,5,Random,OriginalOrder,10,8,1265,87.8,7963,23.2,7963,23.2,64.6,0.0,64.6,0.0,4.7700000322947744e-05,2.0000015865662135e-07,0.547466699999859
method-089,6,Random,OriginalOrder,10,8,1265,83.9,658,32.2,1943,9.1,51.7,23.1,74.80000000000001,7.105427357601002e-15,4.7700000322947744e-05,4.99999714520527e-07,0.4380836000000272
method-089,7,Random,OriginalOrder,10,8,1265,74.9,3519,52.2,9070,43.0,22.700000000000003,9.200000000000003,31.900000000000006,0.0,6.0200000007171184e-05,1.9999970390927047e-07,0.43410480000011376
method-089,8,Random,OriginalOrder,10,8,1265,85.4,1277,85.4,3606,10.5,0.0,74.9,74.9,0.0,4.1900000269379234e-05,2.0000015865662135e-07,0.5565993000000162
method-089,9,Random,OriginalOrder,10,8,1265,74.9,1920,24.7,699,13.1,50.2,11.6,61.800000000000004,1.7763568394002505e-15,4.459999991013319e-05,2.0000015865662135e-07,0.5217084999999315
method-089,10,Random,OriginalOrder,10,8,1265,86.5,1265,86.5,461,11.5,0.0,75.0,75.0,0.0,4.760000001624576e-05,1.0000030670198612e-07,0.5480038999999124
method-090,1,Random,MarginalGainPredictor,10,8,1265,72.6,8264,32.0,820,19.9,40.599999999999994,12.100000000000001,52.699999999999996,0.0,4.6799999836366624e-05,0.00037810000003446476,0.41032810000024256
method-090,2,Random,MarginalGainPredictor,10,8,1265,87.9,4679,36.0,408,18.1,51.900000000000006,17.9,69.80000000000001,7.105427357601002e-15,4.4999999772699084e-05,0.0011876999997184612,0.478955600000063
method-090,3,Random,MarginalGainPredictor,10,8,1265,91.3,1277,91.3,1277,91.3,0.0,0.0,0.0,0.0,5.669999973179074e-05,0.0014074999999138527,0.36781070000006366
method-090,4,Random,MarginalGainPredictor,10,8,228,48.0,1807,27.9,1807,27.9,20.1,0.0,20.1,0.0,7.08000002305198e-05,0.0013317000002643908,0.48586410000007163
method-090,5,Random,MarginalGainPredictor,10,8,228,60.6,892,36.6,3916,28.3,24.0,8.3,32.3,-3.552713678800501e-15,4.219999982524314e-05,0.0012956000000485801,0.3659720999999081
method-090,6,Random,MarginalGainPredictor,10,8,3519,55.8,658,29.7,658,29.7,26.099999999999998,0.0,26.099999999999998,0.0,3.990000004705507e-05,0.0012646999998651154,0.4850900000001275
method-090,7,Random,MarginalGainPredictor,10,8,3519,53.6,3078,21.1,3078,21.1,32.5,0.0,32.5,0.0,4.169999965597526e-05,0.0012201999998069368,0.48253509999995003
method-090,8,Random,MarginalGainPredictor,10,8,3519,52.3,2023,21.9,916,7.2,30.4,14.7,45.099999999999994,-3.552713678800501e-15,3.989999959230772e-05,0.0014172999999573221,0.42979349999995975
method-090,9,Random,MarginalGainPredictor,10,8,228,64.9,3225,24.2,7995,15.1,40.7,9.1,49.800000000000004,1.7763568394002505e-15,5.429999964690069e-05,0.0013547000003200083,0.5991978000001836
method-090,10,Random,MarginalGainPredictor,10,8,228,56.0,830,16.4,1255,4.9,39.6,11.499999999999998,51.1,1.7763568394002505e-15,4.11000000895001e-05,0.0012528000002021145,0.4019756999996389
method-091,1,Random,OriginalOrder,20,8,1265,72.6,1277,72.6,776,4.3,0.0,68.3,68.3,0.0,4.6799999836366624e-05,3.000000106112566e-07,0.41032810000024256
method-091,2,Random,OriginalOrder,20,8,1265,88.1,228,53.6,927,8.4,34.49999999999999,45.2,79.69999999999999,-7.105427357601002e-15,4.149999995206599e-05,2.0000015865662135e-07,0.4859900999999809
method-091,3,Random,OriginalOrder,20,8,1265,91.1,1277,91.1,1423,18.5,0.0,72.6,72.6,0.0,4.11000000895001e-05,3.000000106112566e-07,0.5524500000001353
method-091,4,Random,OriginalOrder,20,8,1265,81.9,1807,29.2,4331,19.0,52.7,10.2,62.900000000000006,3.552713678800501e-15,5.520000013348181e-05,1.9999970390927047e-07,0.43841229999998177
method-091,5,Random,OriginalOrder,20,8,1265,87.8,228,56.1,7963,23.2,31.699999999999996,32.900000000000006,64.6,-7.105427357601002e-15,4.7700000322947744e-05,2.0000015865662135e-07,0.547466699999859
method-091,6,Random,OriginalOrder,20,8,1265,83.9,658,32.2,1943,9.1,51.7,23.1,74.80000000000001,7.105427357601002e-15,4.7700000322947744e-05,3.999998625658918e-07,0.4380836000000272
method-091,7,Random,OriginalOrder,20,8,1265,74.9,3519,52.2,9070,43.0,22.700000000000003,9.200000000000003,31.900000000000006,0.0,6.0200000007171184e-05,3.999998625658918e-07,0.43410480000011376
method-091,8,Random,OriginalOrder,20,8,1265,85.4,1277,85.4,3606,10.5,0.0,74.9,74.9,0.0,4.1900000269379234e-05,2.0000015865662135e-07,0.5565993000000162
method-091,9,Random,OriginalOrder,20,8,1265,74.9,830,36.8,699,13.1,38.10000000000001,23.699999999999996,61.800000000000004,0.0,4.459999991013319e-05,3.000000106112566e-07,0.5217084999999315
method-091,10,Random,OriginalOrder,20,8,1265,86.5,1265,86.5,461,11.5,0.0,75.0,75.0,0.0,4.760000001624576e-05,2.0000015865662135e-07,0.5480038999999124
method-092,1,Random,MarginalGainPredictor,20,8,1265,72.6,1277,72.6,820,19.9,0.0,52.699999999999996,52.699999999999996,0.0,4.6799999836366624e-05,0.00035939999997935956,0.41032810000024256
method-092,2,Random,MarginalGainPredictor,20,8,1265,87.9,4679,36.0,7995,17.9,51.900000000000006,18.1,70.0,-7.105427357601002e-15,4.4999999772699084e-05,0.0005034999999224965,0.478955600000063
method-092,3,Random,MarginalGainPredictor,20,8,1265,84.5,3916,43.3,985,33.9,41.2,9.399999999999999,50.6,0.0,4.1000000237545464e-05,0.0012200000001030276,0.5396078999997371
method-092,4,Random,MarginalGainPredictor,20,8,1265,86.4,1807,29.4,1807,29.4,57.00000000000001,0.0,57.00000000000001,0.0,5.3900000239082146e-05,0.001272500000141008,0.42912859999978537
method-092,5,Random,MarginalGainPredictor,20,8,1265,88.7,1277,88.7,1277,88.7,0.0,0.0,0.0,0.0,4.080000007888884e-05,0.001216999999996915,0.5098199999997632
method-092,6,Random,MarginalGainPredictor,20,8,228,53.1,658,28.4,658,28.4,24.700000000000003,0.0,24.700000000000003,0.0,4.080000007888884e-05,0.00120790000028137,0.4315440000000308
method-092,7,Random,MarginalGainPredictor,20,8,3519,52.6,1249,21.2,1249,21.2,31.400000000000002,0.0,31.400000000000002,0.0,4.170000011072261e-05,0.0013330000001587905,0.42340379999996003
method-092,8,Random,MarginalGainPredictor,20,8,228,52.1,2023,25.3,916,6.5,26.8,18.8,45.6,0.0,5.6600000334583456e-05,0.001166699999885168,0.5444290000000365
method-092,9,Random,MarginalGainPredictor,20,8,228,65.1,4103,24.6,72,12.4,40.49999999999999,12.200000000000001,52.699999999999996,1.7763568394002505e-15,4.750000016429112e-05,0.0012800000004062895,0.5076724000000468
method-092,10,Random,MarginalGainPredictor,20,8,228,56.5,1140,30.7,5454,10.6,25.8,20.1,45.9,-3.552713678800501e-15,4.1199999941454735e-05,0.0013432000000648259,0.5623993000003793
method-093,1,Random,OriginalOrder,50,8,1265,72.6,1277,72.6,776,4.3,0.0,68.3,68.3,0.0,4.6799999836366624e-05,2.0000015865662135e-07,0.41032810000024256
method-093,2,Random,OriginalOrder,50,8,1265,88.1,228,53.6,927,8.4,34.49999999999999,45.2,79.69999999999999,-7.105427357601002e-15,4.149999995206599e-05,9.999985195463523e-08,0.4859900999999809
method-093,3,Random,OriginalOrder,50,8,1265,91.1,1277,91.1,1423,18.5,0.0,72.6,72.6,0.0,4.11000000895001e-05,3.000000106112566e-07,0.5524500000001353
method-093,4,Random,OriginalOrder,50,8,1265,81.9,1920,37.7,4331,19.0,44.2,18.700000000000003,62.900000000000006,0.0,5.520000013348181e-05,2.0000015865662135e-07,0.43841229999998177
method-093,5,Random,OriginalOrder,50,8,1265,87.8,1277,87.8,7963,23.2,0.0,64.6,64.6,0.0,4.7700000322947744e-05,3.999998625658918e-07,0.547466699999859
method-093,6,Random,OriginalOrder,50,8,1265,83.9,2122,33.3,1943,9.1,50.60000000000001,24.199999999999996,74.80000000000001,7.105427357601002e-15,4.7700000322947744e-05,3.000000106112566e-07,0.4380836000000272
method-093,7,Random,OriginalOrder,50,8,1265,74.9,1265,74.9,9070,43.0,0.0,31.900000000000006,31.900000000000006,0.0,6.0200000007171184e-05,3.000000106112566e-07,0.43410480000011376
method-093,8,Random,OriginalOrder,50,8,1265,85.4,1277,85.4,3606,10.5,0.0,74.9,74.9,0.0,4.1900000269379234e-05,9.999985195463523e-08,0.5565993000000162
method-093,9,Random,OriginalOrder,50,8,1265,74.9,1277,74.9,699,13.1,0.0,61.800000000000004,61.800000000000004,0.0,4.459999991013319e-05,2.0000015865662135e-07,0.5217084999999315
method-093,10,Random,OriginalOrder,50,8,1265,86.5,1265,86.5,461,11.5,0.0,75.0,75.0,0.0,4.760000001624576e-05,1.9999970390927047e-07,0.5480038999999124
method-094,1,Random,MarginalGainPredictor,50,8,1265,72.6,1277,72.6,310,45.2,0.0,27.39999999999999,27.39999999999999,0.0,4.6799999836366624e-05,0.00041350000037709833,0.41032810000024256
method-094,2,Random,MarginalGainPredictor,50,8,1265,87.8,228,53.6,410,49.5,34.199999999999996,4.100000000000001,38.3,0.0,4.42000000475673e-05,0.0005292000000736152,0.35705400000006193
method-094,3,Random,MarginalGainPredictor,50,8,1265,86.9,1277,86.9,985,35.4,0.0,51.50000000000001,51.50000000000001,0.0,4.279999984646565e-05,0.0013142000002517307,0.4288630999999441
method-094,4,Random,MarginalGainPredictor,50,8,1265,86.0,7123,29.1,2216,27.4,56.9,1.7000000000000028,58.6,0.0,4.6800000291113975e-05,0.001340299999810668,0.6186456000000362
method-094,5,Random,MarginalGainPredictor,50,8,1265,86.7,1265,86.7,1265,86.7,0.0,0.0,0.0,0.0,5.1900000016757986e-05,0.0014122000002316781,0.4237087999999858
method-094,6,Random,MarginalGainPredictor,50,8,3519,55.9,3519,55.9,6314,10.2,0.0,45.7,45.7,0.0,5.25000000379805e-05,0.0013951000000815839,0.5498278999998547
method-094,7,Random,MarginalGainPredictor,50,8,3519,53.8,3519,53.8,1277,0.0,0.0,53.8,53.8,0.0,5.889999965802417e-05,0.001252900000054069,0.5317827999997462
method-094,8,Random,MarginalGainPredictor,50,8,3519,52.9,892,39.6,916,12.2,13.299999999999997,27.400000000000002,40.7,3.552713678800501e-15,4.080000007888884e-05,0.0014064000001781096,0.4444836999996369
method-094,9,Random,MarginalGainPredictor,50,8,228,64.6,5753,36.1,7995,14.2,28.499999999999993,21.900000000000002,50.39999999999999,-3.552713678800501e-15,4.149999995206599e-05,0.001169099999970058,0.6126150000000052
method-094,10,Random,MarginalGainPredictor,50,8,228,57.1,658,31.5,820,16.9,25.6,14.600000000000001,40.2,0.0,4.11000000895001e-05,0.0012245999996594037,0.5252236999999695
method-095,1,Random,OriginalOrder,100,8,1265,72.6,1265,72.6,776,4.3,0.0,68.3,68.3,0.0,4.6799999836366624e-05,2.0000015865662135e-07,0.41032810000024256
method-095,2,Random,OriginalOrder,100,8,1265,88.1,1265,88.1,927,8.4,0.0,79.69999999999999,79.69999999999999,0.0,4.149999995206599e-05,2.0000015865662135e-07,0.4859900999999809
method-095,3,Random,OriginalOrder,100,8,1265,91.1,1277,91.1,1423,18.5,0.0,72.6,72.6,0.0,4.11000000895001e-05,3.000000106112566e-07,0.5524500000001353
method-095,4,Random,OriginalOrder,100,8,1265,81.9,1277,81.9,4331,19.0,0.0,62.900000000000006,62.900000000000006,0.0,5.520000013348181e-05,5.000001692678779e-07,0.43841229999998177
method-095,5,Random,OriginalOrder,100,8,1265,87.8,1277,87.8,7963,23.2,0.0,64.6,64.6,0.0,4.7700000322947744e-05,4.000003173132427e-07,0.547466699999859
method-095,6,Random,OriginalOrder,100,8,1265,83.9,1277,83.9,1943,9.1,0.0,74.80000000000001,74.80000000000001,0.0,4.7700000322947744e-05,3.000000106112566e-07,0.4380836000000272
method-095,7,Random,OriginalOrder,100,8,1265,74.9,1265,74.9,9070,43.0,0.0,31.900000000000006,31.900000000000006,0.0,6.0200000007171184e-05,3.000000106112566e-07,0.43410480000011376
method-095,8,Random,OriginalOrder,100,8,1265,85.4,1277,85.4,3606,10.5,0.0,74.9,74.9,0.0,4.1900000269379234e-05,2.0000015865662135e-07,0.5565993000000162
method-095,9,Random,OriginalOrder,100,8,1265,74.9,1265,74.9,699,13.1,0.0,61.800000000000004,61.800000000000004,0.0,4.459999991013319e-05,3.000000106112566e-07,0.5217084999999315
method-095,10,Random,OriginalOrder,100,8,1265,86.5,1265,86.5,461,11.5,0.0,75.0,75.0,0.0,4.760000001624576e-05,3.000000106112566e-07,0.5480038999999124
method-096,1,Random,MarginalGainPredictor,100,8,1265,72.6,1265,72.6,1265,72.6,0.0,0.0,0.0,0.0,4.6799999836366624e-05,0.0004556999997475941,0.41032810000024256
method-096,2,Random,MarginalGainPredictor,100,8,3519,60.6,228,52.7,410,49.6,7.899999999999999,3.1000000000000014,11.0,0.0,3.4499999856052455e-05,0.000524900000073103,0.34299330000021655
method-096,3,Random,MarginalGainPredictor,100,8,3519,55.5,3916,40.4,985,35.3,15.100000000000001,5.100000000000001,20.200000000000003,0.0,5.2800000048591755e-05,0.0008210000000872242,0.4519540999999663
method-096,4,Random,MarginalGainPredictor,100,8,310,48.7,228,47.9,1807,27.9,0.8000000000000043,20.0,20.800000000000004,0.0,5.2799999593844404e-05,0.0007623000001331093,0.5337260000001152
method-096,5,Random,MarginalGainPredictor,100,8,228,60.6,310,48.1,310,48.1,12.5,0.0,12.5,0.0,4.070000022693421e-05,0.001337600000169914,0.5574212999999872
method-096,6,Random,MarginalGainPredictor,100,8,3519,54.0,3519,54.0,2216,34.0,0.0,20.0,20.0,0.0,4.170000011072261e-05,0.0014413000003514753,0.5547552999996697
method-096,7,Random,MarginalGainPredictor,100,8,3519,52.9,3519,52.9,1277,0.0,0.0,52.9,52.9,0.0,4.269999999451102e-05,0.0013945000000603613,0.554687599999852
method-096,8,Random,MarginalGainPredictor,100,8,3519,51.7,892,38.2,820,17.1,13.5,21.1,34.6,0.0,4.069999977218686e-05,0.0014147000001685228,0.5324845999998615
method-096,9,Random,MarginalGainPredictor,100,8,228,64.6,3519,49.9,1249,17.4,14.699999999999996,32.5,47.199999999999996,0.0,4.380000018500141e-05,0.001445400000193331,0.49425109999992856
method-096,10,Random,MarginalGainPredictor,100,8,228,56.5,3519,45.5,7995,16.8,11.0,28.7,39.7,3.552713678800501e-15,4.5199999931355705e-05,0.0013848999997208011,0.4121324999996432
method-097,1,Random,OriginalOrder,10,9,1265,72.6,4679,26.8,4679,26.8,45.8,0.0,45.8,0.0,4.870000020673615e-05,9.999985195463523e-08,0.41032810000024256
method-097,2,Random,OriginalOrder,10,9,1265,85.3,8264,24.0,2735,14.8,61.3,9.2,70.5,3.552713678800501e-15,4.749999970954377e-05,1.9999970390927047e-07,0.39143300000023373
method-097,3,Random,OriginalOrder,10,9,1265,93.0,3519,56.9,711,4.7,36.1,52.199999999999996,88.3,0.0,4.1400000100111356e-05,9.999985195463523e-08,0.5308960000002116
method-097,4,Random,OriginalOrder,10,9,1265,85.3,2122,26.8,2477,26.3,58.5,0.5,59.0,0.0,4.059999992023222e-05,9.999985195463523e-08,0.5306888999998591
method-097,5,Random,OriginalOrder,10,9,1265,88.6,310,51.4,547,14.2,37.199999999999996,37.2,74.39999999999999,-7.105427357601002e-15,4.2299999677197775e-05,3.000000106112566e-07,0.5661698000003526
method-097,6,Random,OriginalOrder,10,9,1265,89.4,310,42.1,927,11.0,47.300000000000004,31.1,78.4,0.0,4.5200000386103056e-05,9.999985195463523e-08,0.4395312000001468
method-097,7,Random,OriginalOrder,10,9,1265,86.8,9070,43.0,1553,11.9,43.8,31.1,74.89999999999999,-7.105427357601002e-15,5.000000010113581e-05,1.9999970390927047e-07,0.442094200000156
method-097,8,Random,OriginalOrder,10,9,1265,81.4,512,16.3,11248,3.6,65.10000000000001,12.700000000000001,77.80000000000001,1.7763568394002505e-15,5.25000000379805e-05,2.0000015865662135e-07,0.5466126000001168
method-097,9,Random,OriginalOrder,10,9,1265,76.0,181,22.9,12387,4.4,53.1,18.5,71.6,-7.105427357601002e-15,4.510000007940107e-05,1.0000030670198612e-07,0.6322964999999385
method-097,10,Random,OriginalOrder,10,9,1265,88.0,1277,88.0,656,13.7,0.0,74.3,74.3,0.0,3.979999974035309e-05,2.0000015865662135e-07,0.5316730999998072
method-098,1,Random,MarginalGainPredictor,10,9,1265,72.6,4679,26.8,4679,26.8,45.8,0.0,45.8,0.0,4.870000020673615e-05,0.0003987000000051921,0.41032810000024256
method-098,2,Random,MarginalGainPredictor,10,9,1265,85.3,8264,24.0,5753,17.8,61.3,6.199999999999999,67.5,3.552713678800501e-15,4.749999970954377e-05,0.0011624999997366103,0.39143300000023373
method-098,3,Random,MarginalGainPredictor,10,9,1265,93.1,3519,56.9,5454,22.1,36.199999999999996,34.8,71.0,7.105427357601002e-15,4.5000000227446435e-05,0.0014688999999634689,0.5329793000000791
method-098,4,Random,MarginalGainPredictor,10,9,1265,83.8,4285,28.3,6314,12.4,55.5,15.9,71.39999999999999,-8.881784197001252e-15,4.11000000895001e-05,0.0012704000000667293,0.38671389999990424
method-098,5,Random,MarginalGainPredictor,10,9,1265,84.6,310,51.2,310,51.2,33.39999999999999,0.0,33.39999999999999,0.0,4.129999979340937e-05,0.001275300000088464,0.37778679999973974
method-098,6,Random,MarginalGainPredictor,10,9,1265,83.8,985,32.5,985,32.5,51.3,0.0,51.3,0.0,4.099999978279811e-05,0.001292399999783811,0.47563720000016474
method-098,7,Random,MarginalGainPredictor,10,9,1265,83.8,1423,25.6,1423,25.6,58.199999999999996,0.0,58.199999999999996,0.0,4.149999995206599e-05,0.0012799999999515421,0.48336620000009134
method-098,8,Random,MarginalGainPredictor,10,9,1265,81.4,2216,29.3,2216,29.3,52.10000000000001,0.0,52.10000000000001,0.0,5.629999986922485e-05,0.0013192999999773747,0.3832159999997202
method-098,9,Random,MarginalGainPredictor,10,9,1265,71.3,7123,26.2,7123,26.2,45.099999999999994,0.0,45.099999999999994,0.0,4.1199999941454735e-05,0.0011651000004349044,0.46540589999995063
method-098,10,Random,MarginalGainPredictor,10,9,1265,78.9,892,31.9,3078,19.0,47.00000000000001,12.899999999999999,59.900000000000006,0.0,5.0800000281014945e-05,0.0013638999998875079,0.3799341000003551
method-099,1,Random,OriginalOrder,20,9,1265,72.6,647,29.6,4679,26.8,42.99999999999999,2.8000000000000007,45.8,3.552713678800501e-15,4.870000020673615e-05,1.0000030670198612e-07,0.41032810000024256
method-099,2,Random,OriginalOrder,20,9,1265,85.3,310,40.6,2735,14.8,44.699999999999996,25.8,70.5,3.552713678800501e-15,4.749999970954377e-05,3.999998625658918e-07,0.39143300000023373
method-099,3,Random,OriginalOrder,20,9,1265,93.0,1277,93.0,711,4.7,0.0,88.3,88.3,0.0,4.1400000100111356e-05,2.999995558639057e-07,0.5308960000002116
method-099,4,Random,OriginalOrder,20,9,1265,85.3,2122,26.8,2477,26.3,58.5,0.5,59.0,0.0,4.059999992023222e-05,1.9999970390927047e-07,0.5306888999998591
method-099,5,Random,OriginalOrder,20,9,1265,88.6,310,51.4,547,14.2,37.199999999999996,37.2,74.39999999999999,-7.105427357601002e-15,4.2299999677197775e-05,3.999998625658918e-07,0.5661698000003526
method-099,6,Random,OriginalOrder,20,9,1265,89.4,310,42.1,927,11.0,47.300000000000004,31.1,78.4,0.0,4.5200000386103056e-05,1.9999970390927047e-07,0.4395312000001468
method-099,7,Random,OriginalOrder,20,9,1265,86.8,9070,43.0,1553,11.9,43.8,31.1,74.89999999999999,-7.105427357601002e-15,5.000000010113581e-05,3.000000106112566e-07,0.442094200000156
method-099,8,Random,OriginalOrder,20,9,1265,81.4,1277,81.4,11248,3.6,0.0,77.80000000000001,77.80000000000001,0.0,5.25000000379805e-05,2.0000015865662135e-07,0.5466126000001168
method-099,9,Random,OriginalOrder,20,9,1265,76.0,1244,25.5,12387,4.4,50.5,21.1,71.6,-7.105427357601002e-15,4.510000007940107e-05,3.000000106112566e-07,0.6322964999999385
method-099,10,Random,OriginalOrder,20,9,1265,88.0,1277,88.0,656,13.7,0.0,74.3,74.3,0.0,3.979999974035309e-05,3.999998625658918e-07,0.5316730999998072
method-100,1,Random,MarginalGainPredictor,20,9,1265,72.6,647,29.6,4679,26.8,42.99999999999999,2.8000000000000007,45.8,3.552713678800501e-15,4.870000020673615e-05,0.0004009999997833802,0.41032810000024256
method-100,2,Random,MarginalGainPredictor,20,9,1265,85.3,310,40.6,310,40.6,44.699999999999996,0.0,44.699999999999996,0.0,4.749999970954377e-05,0.0006594000001314271,0.39143300000023373
method-100,3,Random,MarginalGainPredictor,20,9,1265,90.2,3519,55.9,5753,16.3,34.300000000000004,39.599999999999994,73.9,7.105427357601002e-15,4.579999995257822e-05,0.001329399999576708,0.46270060000006197
method-100,4,Random,MarginalGainPredictor,20,9,1265,84.2,4285,26.7,6314,11.9,57.5,14.799999999999999,72.3,-1.7763568394002505e-15,4.200000012133387e-05,0.0012726999998449173,0.5280980999996245
method-100,5,Random,MarginalGainPredictor,20,9,1265,84.7,985,30.6,985,30.6,54.1,0.0,54.1,0.0,4.439999975147657e-05,0.0013546000000133063,0.5121289000003344
method-100,6,Random,MarginalGainPredictor,20,9,1265,86.9,9070,30.9,1920,17.2,56.00000000000001,13.7,69.7,-3.552713678800501e-15,4.200000012133387e-05,0.001271300000098563,0.4430843999998615
method-100,7,Random,MarginalGainPredictor,20,9,1265,84.1,1423,25.7,1423,25.7,58.39999999999999,0.0,58.39999999999999,0.0,4.259999968780903e-05,0.001286799999888899,0.4333004999998593
method-100,8,Random,MarginalGainPredictor,20,9,1265,82.0,3078,23.8,3078,23.8,58.2,0.0,58.2,0.0,5.8599999647412915e-05,0.0013592999998763844,0.5330100999999559
method-100,9,Random,MarginalGainPredictor,20,9,1265,71.9,7123,26.2,692,21.9,45.7,4.300000000000001,50.00000000000001,3.552713678800501e-15,4.3399999867688166e-05,0.001220499999817548,0.6502955999999358
method-100,10,Random,MarginalGainPredictor,20,9,1265,81.2,892,31.6,1439,17.3,49.6,14.3,63.900000000000006,3.552713678800501e-15,3.90000000152213e-05,0.001232099999924685,0.5076767000000473
method-101,1,Random,OriginalOrder,50,9,1265,72.6,228,56.0,4679,26.8,16.599999999999994,29.2,45.8,3.552713678800501e-15,4.870000020673615e-05,1.9999970390927047e-07,0.41032810000024256
method-101,2,Random,OriginalOrder,50,9,1265,85.3,310,40.6,2735,14.8,44.699999999999996,25.8,70.5,3.552713678800501e-15,4.749999970954377e-05,2.0000015865662135e-07,0.39143300000023373
method-101,3,Random,OriginalOrder,50,9,1265,93.0,1277,93.0,711,4.7,0.0,88.3,88.3,0.0,4.1400000100111356e-05,3.000000106112566e-07,0.5308960000002116
method-101,4,Random,OriginalOrder,50,9,1265,85.3,3519,46.1,2477,26.3,39.199999999999996,19.8,59.0,3.552713678800501e-15,4.059999992023222e-05,3.000000106112566e-07,0.5306888999998591
method-101,5,Random,OriginalOrder,50,9,1265,88.6,310,51.4,547,14.2,37.199999999999996,37.2,74.39999999999999,-7.105427357601002e-15,4.2299999677197775e-05,3.000000106112566e-07,0.5661698000003526
method-101,6,Random,OriginalOrder,50,9,1265,89.4,228,53.2,927,11.0,36.2,42.2,78.4,0.0,4.5200000386103056e-05,3.000000106112566e-07,0.4395312000001468
method-101,7,Random,OriginalOrder,50,9,1265,86.8,1265,86.8,1553,11.9,0.0,74.89999999999999,74.89999999999999,0.0,5.000000010113581e-05,3.000000106112566e-07,0.442094200000156
method-101,8,Random,OriginalOrder,50,9,1265,81.4,1277,81.4,11248,3.6,0.0,77.80000000000001,77.80000000000001,0.0,5.25000000379805e-05,4.000003173132427e-07,0.5466126000001168
method-101,9,Random,OriginalOrder,50,9,1265,76.0,658,37.7,12387,4.4,38.3,33.300000000000004,71.6,-7.105427357601002e-15,4.510000007940107e-05,3.000000106112566e-07,0.6322964999999385
method-101,10,Random,OriginalOrder,50,9,1265,88.0,1277,88.0,656,13.7,0.0,74.3,74.3,0.0,3.979999974035309e-05,3.000000106112566e-07,0.5316730999998072
method-102,1,Random,MarginalGainPredictor,50,9,1265,72.6,228,56.0,410,49.8,16.599999999999994,6.200000000000003,22.799999999999997,0.0,4.870000020673615e-05,0.00040450000005876063,0.41032810000024256
method-102,2,Random,MarginalGainPredictor,50,9,1265,88.7,1277,88.7,1807,37.9,0.0,50.800000000000004,50.800000000000004,0.0,5.019999980504508e-05,0.0005920000003243331,0.38996399999996356
method-102,3,Random,MarginalGainPredictor,50,9,1265,87.0,3519,56.2,1816,0.0,30.799999999999997,56.2,87.0,0.0,5.609999971056823e-05,0.001292399999783811,0.5719147999998313
method-102,4,Random,MarginalGainPredictor,50,9,1265,85.5,1920,37.3,2216,27.4,48.2,9.899999999999999,58.1,0.0,4.179999996267725e-05,0.00128050000012081,0.4508789000001343
method-102,5,Random,MarginalGainPredictor,50,9,1265,89.5,5753,44.9,985,30.7,44.6,14.2,58.8,-3.552713678800501e-15,7.359999972322839e-05,0.0023913999998512736,0.4819360000001325
method-102,6,Random,MarginalGainPredictor,50,9,1265,83.9,228,53.2,1439,26.9,30.700000000000003,26.300000000000004,57.00000000000001,0.0,4.099999978279811e-05,0.0014255000000957807,0.5321883000001435
method-102,7,Random,MarginalGainPredictor,50,9,1265,86.2,310,41.4,310,41.4,44.800000000000004,0.0,44.800000000000004,0.0,4.380000018500141e-05,0.0012605000001713051,0.5168483000002198
method-102,8,Random,MarginalGainPredictor,50,9,1265,80.2,228,51.3,98,14.2,28.900000000000006,37.099999999999994,66.0,0.0,5.400000009103678e-05,0.0013429000000542146,0.43081050000000687
method-102,9,Random,MarginalGainPredictor,50,9,1265,71.6,9070,33.6,9070,33.6,37.99999999999999,0.0,37.99999999999999,0.0,4.2800000301213004e-05,0.0012503000002652698,0.6621036000001368
method-102,10,Random,MarginalGainPredictor,50,9,1265,85.4,1277,85.4,1277,85.4,0.0,0.0,0.0,0.0,4.750000016429112e-05,0.0012902999997095321,0.41875519999985045
method-103,1,Random,OriginalOrder,100,9,1265,72.6,228,56.0,4679,26.8,16.599999999999994,29.2,45.8,3.552713678800501e-15,4.870000020673615e-05,1.0000030670198612e-07,0.41032810000024256
method-103,2,Random,OriginalOrder,100,9,1265,85.3,310,40.6,2735,14.8,44.699999999999996,25.8,70.5,3.552713678800501e-15,4.749999970954377e-05,1.9999970390927047e-07,0.39143300000023373
method-103,3,Random,OriginalOrder,100,9,1265,93.0,1277,93.0,711,4.7,0.0,88.3,88.3,0.0,4.1400000100111356e-05,3.000000106112566e-07,0.5308960000002116
method-103,4,Random,OriginalOrder,100,9,1265,85.3,228,48.6,2477,26.3,36.699999999999996,22.3,59.0,3.552713678800501e-15,4.059999992023222e-05,4.000003173132427e-07,0.5306888999998591
method-103,5,Random,OriginalOrder,100,9,1265,88.6,1277,88.6,547,14.2,0.0,74.39999999999999,74.39999999999999,0.0,4.2299999677197775e-05,4.99999714520527e-07,0.5661698000003526
method-103,6,Random,OriginalOrder,100,9,1265,89.4,3519,56.1,927,11.0,33.300000000000004,45.1,78.4,0.0,4.5200000386103056e-05,3.000000106112566e-07,0.4395312000001468
method-103,7,Random,OriginalOrder,100,9,1265,86.8,1265,86.8,1553,11.9,0.0,74.89999999999999,74.89999999999999,0.0,5.000000010113581e-05,3.999998625658918e-07,0.442094200000156
method-103,8,Random,OriginalOrder,100,9,1265,81.4,1277,81.4,11248,3.6,0.0,77.80000000000001,77.80000000000001,0.0,5.25000000379805e-05,3.000000106112566e-07,0.5466126000001168
method-103,9,Random,OriginalOrder,100,9,1265,76.0,1277,76.0,12387,4.4,0.0,71.6,71.6,0.0,4.510000007940107e-05,2.0000015865662135e-07,0.6322964999999385
method-103,10,Random,OriginalOrder,100,9,1265,88.0,1277,88.0,656,13.7,0.0,74.3,74.3,0.0,3.979999974035309e-05,1.9999970390927047e-07,0.5316730999998072
method-104,1,Random,MarginalGainPredictor,100,9,1265,72.6,228,56.0,410,49.8,16.599999999999994,6.200000000000003,22.799999999999997,0.0,4.870000020673615e-05,0.00044720000005327165,0.41032810000024256
method-104,2,Random,MarginalGainPredictor,100,9,1265,88.7,1277,88.7,310,43.7,0.0,45.0,45.0,0.0,5.019999980504508e-05,0.0006199999997988925,0.38996399999996356
method-104,3,Random,MarginalGainPredictor,100,9,1265,86.9,1277,86.9,1277,86.9,0.0,0.0,0.0,0.0,6.08000000283937e-05,0.0014535000000250875,0.4580911999996715
method-104,4,Random,MarginalGainPredictor,100,9,228,48.0,8264,43.6,1807,27.8,4.399999999999999,15.8,20.2,0.0,4.0299999909620965e-05,0.0013869000003978726,0.511858200000006
method-104,5,Random,MarginalGainPredictor,100,9,228,60.6,5753,42.9,1816,0.0,17.700000000000003,42.9,60.6,0.0,4.9899999794433825e-05,0.0013708000001315668,0.5405064999999922
method-104,6,Random,MarginalGainPredictor,100,9,3519,54.8,228,53.0,985,32.7,1.7999999999999972,20.299999999999997,22.099999999999994,0.0,4.149999995206599e-05,0.001320299999861163,0.5246271999999408
method-104,7,Random,MarginalGainPredictor,100,9,3519,52.9,3519,52.9,2216,35.5,0.0,17.4,17.4,0.0,4.059999992023222e-05,0.0013272999999571766,0.5248680999998214
method-104,8,Random,MarginalGainPredictor,100,9,3519,51.7,228,51.2,1265,0.0,0.5,51.2,51.7,0.0,4.2300000131945126e-05,0.0013622000001305423,0.5380013999997573
method-104,9,Random,MarginalGainPredictor,100,9,228,64.6,5753,36.1,7995,14.4,28.499999999999993,21.700000000000003,50.199999999999996,0.0,4.360000002634479e-05,0.001818600000206061,0.524107599999752
method-104,10,Random,MarginalGainPredictor,100,9,228,56.5,5753,42.3,820,17.3,14.200000000000003,24.999999999999996,39.2,3.552713678800501e-15,5.030000011174707e-05,0.0014168000002428016,0.5525598999997783
