step,retriever,ranker,M,repeat,restricted_oracle_node,restricted_oracle_gain,pool_best_node,pool_best_gain,selected_node,selected_gain,candidate_loss,ranking_loss,total_regret,decomposition_error,retrieval_runtime_seconds,reranking_runtime_seconds,gain_evaluation_runtime_seconds
1,Degree,OriginalOrder,10,,1265,72.6,1265,72.6,916,23.4,0.0,49.199999999999996,49.199999999999996,0.0,8.899999966160976e-05,2.0000015865662135e-07,0.450953600000048
1,Degree,MarginalGainPredictor,10,,1265,72.6,1265,72.6,1265,72.6,0.0,0.0,0.0,0.0,8.899999966160976e-05,0.0027890000001207227,0.450953600000048
1,Degree,OriginalOrder,20,,1265,72.6,1265,72.6,916,23.4,0.0,49.199999999999996,49.199999999999996,0.0,8.899999966160976e-05,4.000003173132427e-07,0.450953600000048
1,Degree,MarginalGainPredictor,20,,1265,72.6,1265,72.6,1265,72.6,0.0,0.0,0.0,0.0,8.899999966160976e-05,0.0007239999999910651,0.450953600000048
1,Degree,OriginalOrder,50,,1265,72.6,1265,72.6,916,23.4,0.0,49.199999999999996,49.199999999999996,0.0,8.899999966160976e-05,2.0000015865662135e-07,0.450953600000048
1,Degree,MarginalGainPredictor,50,,1265,72.6,1265,72.6,1265,72.6,0.0,0.0,0.0,0.0,8.899999966160976e-05,0.0012006999995719525,0.450953600000048
1,Degree,OriginalOrder,100,,1265,72.6,1265,72.6,916,23.4,0.0,49.199999999999996,49.199999999999996,0.0,8.899999966160976e-05,3.999998625658918e-07,0.450953600000048
1,Degree,MarginalGainPredictor,100,,1265,72.6,1265,72.6,1265,72.6,0.0,0.0,0.0,0.0,8.899999966160976e-05,0.0007209000000329979,0.450953600000048
1,DegreeDiscount,OriginalOrder,10,,1265,72.6,1277,72.6,12802,22.8,0.0,49.8,49.8,0.0,0.001824399999804882,1.0000030670198612e-07,0.450953600000048
1,DegreeDiscount,MarginalGainPredictor,10,,1265,72.6,1277,72.6,310,45.2,0.0,27.39999999999999,27.39999999999999,0.0,0.001824399999804882,0.0004183999999440857,0.450953600000048
1,DegreeDiscount,OriginalOrder,20,,1265,72.6,1277,72.6,12802,22.8,0.0,49.8,49.8,0.0,0.001824399999804882,2.0000015865662135e-07,0.450953600000048
1,DegreeDiscount,MarginalGainPredictor,20,,1265,72.6,1277,72.6,310,45.2,0.0,27.39999999999999,27.39999999999999,0.0,0.001824399999804882,0.00036820000013904064,0.450953600000048
1,DegreeDiscount,OriginalOrder,50,,1265,72.6,1265,72.6,12802,22.8,0.0,49.8,49.8,0.0,0.001824399999804882,9.999985195463523e-08,0.450953600000048
1,DegreeDiscount,MarginalGainPredictor,50,,1265,72.6,1265,72.6,1265,72.6,0.0,0.0,0.0,0.0,0.001824399999804882,0.0003793000000769098,0.450953600000048
1,DegreeDiscount,OriginalOrder,100,,1265,72.6,1265,72.6,12802,22.8,0.0,49.8,49.8,0.0,0.001824399999804882,9.999985195463523e-08,0.450953600000048
1,DegreeDiscount,MarginalGainPredictor,100,,1265,72.6,1265,72.6,1265,72.6,0.0,0.0,0.0,0.0,0.001824399999804882,0.000383600000077422,0.450953600000048
1,FeatureDQN,OriginalOrder,10,,1265,72.6,4826,19.8,2034,12.0,52.8,7.800000000000001,60.599999999999994,-3.552713678800501e-15,0.001035799999954179,9.999985195463523e-08,0.450953600000048
1,FeatureDQN,MarginalGainPredictor,10,,1265,72.6,4826,19.8,905,19.6,52.8,0.1999999999999993,52.99999999999999,-3.552713678800501e-15,0.001035799999954179,0.0003608000001804612,0.450953600000048
1,FeatureDQN,OriginalOrder,20,,1265,72.6,228,56.0,2034,12.0,16.599999999999994,44.0,60.599999999999994,0.0,0.001035799999954179,1.9999970390927047e-07,0.450953600000048
1,FeatureDQN,MarginalGainPredictor,20,,1265,72.6,228,56.0,892,34.2,16.599999999999994,21.799999999999997,38.39999999999999,0.0,0.001035799999954179,0.0003747000000657863,0.450953600000048
1,FeatureDQN,OriginalOrder,50,,1265,72.6,228,56.0,2034,12.0,16.599999999999994,44.0,60.599999999999994,0.0,0.001035799999954179,1.0000030670198612e-07,0.450953600000048
1,FeatureDQN,MarginalGainPredictor,50,,1265,72.6,228,56.0,916,23.4,16.599999999999994,32.6,49.199999999999996,0.0,0.001035799999954179,0.00040050000006885966,0.450953600000048
1,FeatureDQN,OriginalOrder,100,,1265,72.6,228,56.0,2034,12.0,16.599999999999994,44.0,60.599999999999994,0.0,0.001035799999954179,9.999985195463523e-08,0.450953600000048
1,FeatureDQN,MarginalGainPredictor,100,,1265,72.6,228,56.0,916,23.4,16.599999999999994,32.6,49.199999999999996,0.0,0.001035799999954179,0.00038960000028964714,0.450953600000048
1,Random,OriginalOrder,10,0,1265,72.6,2216,32.0,181,26.2,40.599999999999994,5.800000000000001,46.39999999999999,-3.552713678800501e-15,4.649999982575537e-05,9.999985195463523e-08,0.450953600000048
1,Random,MarginalGainPredictor,10,0,1265,72.6,2216,32.0,2216,32.0,40.599999999999994,0.0,40.599999999999994,0.0,4.649999982575537e-05,0.00032170000031328527,0.450953600000048
1,Random,OriginalOrder,20,0,1265,72.6,9070,35.2,181,26.2,37.39999999999999,9.000000000000004,46.39999999999999,-3.552713678800501e-15,4.649999982575537e-05,1.9999970390927047e-07,0.450953600000048
1,Random,MarginalGainPredictor,20,0,1265,72.6,9070,35.2,2216,32.0,37.39999999999999,3.200000000000003,40.599999999999994,0.0,4.649999982575537e-05,0.0003420000002734014,0.450953600000048
1,Random,OriginalOrder,50,0,1265,72.6,9070,35.2,181,26.2,37.39999999999999,9.000000000000004,46.39999999999999,-3.552713678800501e-15,4.649999982575537e-05,2.0000015865662135e-07,0.450953600000048
1,Random,MarginalGainPredictor,50,0,1265,72.6,9070,35.2,2216,32.0,37.39999999999999,3.200000000000003,40.599999999999994,0.0,4.649999982575537e-05,0.00035769999976764666,0.450953600000048
1,Random,OriginalOrder,100,0,1265,72.6,9070,35.2,181,26.2,37.39999999999999,9.000000000000004,46.39999999999999,-3.552713678800501e-15,4.649999982575537e-05,2.0000015865662135e-07,0.450953600000048
1,Random,MarginalGainPredictor,100,0,1265,72.6,9070,35.2,2216,32.0,37.39999999999999,3.200000000000003,40.599999999999994,0.0,4.649999982575537e-05,0.0006146000000626373,0.450953600000048
1,Random,OriginalOrder,10,1,1265,72.6,5753,44.0,985,27.5,28.599999999999994,16.5,45.099999999999994,0.0,3.440000000409782e-05,1.0000030670198612e-07,0.450953600000048
1,Random,MarginalGainPredictor,10,1,1265,72.6,5753,44.0,985,27.5,28.599999999999994,16.5,45.099999999999994,0.0,3.440000000409782e-05,0.0003226999997423263,0.450953600000048
1,Random,OriginalOrder,20,1,1265,72.6,5753,44.0,985,27.5,28.599999999999994,16.5,45.099999999999994,0.0,3.440000000409782e-05,1.0000030670198612e-07,0.450953600000048
1,Random,MarginalGainPredictor,20,1,1265,72.6,5753,44.0,985,27.5,28.599999999999994,16.5,45.099999999999994,0.0,3.440000000409782e-05,0.0003245000002607412,0.450953600000048
1,Random,OriginalOrder,50,1,1265,72.6,1277,72.6,985,27.5,0.0,45.099999999999994,45.099999999999994,0.0,3.440000000409782e-05,1.9999970390927047e-07,0.450953600000048
1,Random,MarginalGainPredictor,50,1,1265,72.6,1277,72.6,410,49.8,0.0,22.799999999999997,22.799999999999997,0.0,3.440000000409782e-05,0.00034850000020014704,0.450953600000048
1,Random,OriginalOrder,100,1,1265,72.6,1277,72.6,985,27.5,0.0,45.099999999999994,45.099999999999994,0.0,3.440000000409782e-05,9.999985195463523e-08,0.450953600000048
1,Random,MarginalGainPredictor,100,1,1265,72.6,1277,72.6,410,49.8,0.0,22.799999999999997,22.799999999999997,0.0,3.440000000409782e-05,0.00037920000022495515,0.450953600000048
1,Random,OriginalOrder,10,2,1265,72.6,547,23.6,5454,22.1,48.99999999999999,1.5,50.49999999999999,0.0,3.41999998454412e-05,1.0000030670198612e-07,0.450953600000048
1,Random,MarginalGainPredictor,10,2,1265,72.6,547,23.6,1255,9.3,48.99999999999999,14.3,63.3,3.552713678800501e-15,3.41999998454412e-05,0.0003219999998691492,0.450953600000048
1,Random,OriginalOrder,20,2,1265,72.6,830,32.5,5454,22.1,40.099999999999994,10.399999999999999,50.49999999999999,0.0,3.41999998454412e-05,9.999985195463523e-08,0.450953600000048
1,Random,MarginalGainPredictor,20,2,1265,72.6,830,32.5,820,19.9,40.099999999999994,12.600000000000001,52.699999999999996,0.0,3.41999998454412e-05,0.0003664000000753731,0.450953600000048
1,Random,OriginalOrder,50,2,1265,72.6,228,56.0,5454,22.1,16.599999999999994,33.9,50.49999999999999,0.0,3.41999998454412e-05,1.9999970390927047e-07,0.450953600000048
1,Random,MarginalGainPredictor,50,2,1265,72.6,228,56.0,410,49.8,16.599999999999994,6.200000000000003,22.799999999999997,0.0,3.41999998454412e-05,0.0003905000003214809,0.450953600000048
1,Random,OriginalOrder,100,2,1265,72.6,1277,72.6,5454,22.1,0.0,50.49999999999999,50.49999999999999,0.0,3.41999998454412e-05,1.0000030670198612e-07,0.450953600000048
1,Random,MarginalGainPredictor,100,2,1265,72.6,1277,72.6,410,49.8,0.0,22.799999999999997,22.799999999999997,0.0,3.41999998454412e-05,0.0004789999998138228,0.450953600000048
1,Random,OriginalOrder,10,3,1265,72.6,410,49.8,189,16.8,22.799999999999997,33.0,55.8,0.0,3.49000001733657e-05,9.999985195463523e-08,0.450953600000048
1,Random,MarginalGainPredictor,10,3,1265,72.6,410,49.8,410,49.8,22.799999999999997,0.0,22.799999999999997,0.0,3.49000001733657e-05,0.00034750000031635864,0.450953600000048
1,Random,OriginalOrder,20,3,1265,72.6,410,49.8,189,16.8,22.799999999999997,33.0,55.8,0.0,3.49000001733657e-05,2.0000015865662135e-07,0.450953600000048
1,Random,MarginalGainPredictor,20,3,1265,72.6,410,49.8,410,49.8,22.799999999999997,0.0,22.799999999999997,0.0,3.49000001733657e-05,0.0003380999996807077,0.450953600000048
1,Random,OriginalOrder,50,3,1265,72.6,1265,72.6,189,16.8,0.0,55.8,55.8,0.0,3.49000001733657e-05,1.9999970390927047e-07,0.450953600000048
1,Random,MarginalGainPredictor,50,3,1265,72.6,1265,72.6,1265,72.6,0.0,0.0,0.0,0.0,3.49000001733657e-05,0.00037040000006527407,0.450953600000048
1,Random,OriginalOrder,100,3,1265,72.6,1265,72.6,189,16.8,0.0,55.8,55.8,0.0,3.49000001733657e-05,9.999985195463523e-08,0.450953600000048
1,Random,MarginalGainPredictor,100,3,1265,72.6,1265,72.6,1265,72.6,0.0,0.0,0.0,0.0,3.49000001733657e-05,0.00039449999985663453,0.450953600000048
1,Random,OriginalOrder,10,4,1265,72.6,985,27.5,1352,10.5,45.099999999999994,17.0,62.099999999999994,0.0,3.409999999348656e-05,9.999985195463523e-08,0.450953600000048
1,Random,MarginalGainPredictor,10,4,1265,72.6,985,27.5,985,27.5,45.099999999999994,0.0,45.099999999999994,0.0,3.409999999348656e-05,0.0003285000002506422,0.450953600000048
1,Random,OriginalOrder,20,4,1265,72.6,2477,28.6,1352,10.5,43.99999999999999,18.1,62.099999999999994,0.0,3.409999999348656e-05,2.0000015865662135e-07,0.450953600000048
1,Random,MarginalGainPredictor,20,4,1265,72.6,2477,28.6,985,27.5,43.99999999999999,1.1000000000000014,45.099999999999994,0.0,3.409999999348656e-05,0.00033500000017738785,0.450953600000048
1,Random,OriginalOrder,50,4,1265,72.6,647,29.6,1352,10.5,42.99999999999999,19.1,62.099999999999994,0.0,3.409999999348656e-05,1.0000030670198612e-07,0.450953600000048
1,Random,MarginalGainPredictor,50,4,1265,72.6,647,29.6,985,27.5,42.99999999999999,2.1000000000000014,45.099999999999994,0.0,3.409999999348656e-05,0.0006217000000106054,0.450953600000048
1,Random,OriginalOrder,100,4,1265,72.6,1277,72.6,1352,10.5,0.0,62.099999999999994,62.099999999999994,0.0,3.409999999348656e-05,1.9999970390927047e-07,0.450953600000048
1,Random,MarginalGainPredictor,100,4,1265,72.6,1277,72.6,410,49.8,0.0,22.799999999999997,22.799999999999997,0.0,3.409999999348656e-05,0.00038739999990866636,0.450953600000048
1,Random,OriginalOrder,10,5,1265,72.6,647,29.6,475,15.8,42.99999999999999,13.8,56.8,3.552713678800501e-15,3.239999978177366e-05,9.999985195463523e-08,0.450953600000048
1,Random,MarginalGainPredictor,10,5,1265,72.6,647,29.6,1352,10.5,42.99999999999999,19.1,62.099999999999994,0.0,3.239999978177366e-05,0.00032179999971049256,0.450953600000048
1,Random,OriginalOrder,20,5,1265,72.6,5753,44.0,475,15.8,28.599999999999994,28.2,56.8,3.552713678800501e-15,3.239999978177366e-05,9.999985195463523e-08,0.450953600000048
1,Random,MarginalGainPredictor,20,5,1265,72.6,5753,44.0,1439,34.1,28.599999999999994,9.899999999999999,38.49999999999999,0.0,3.239999978177366e-05,0.0003278999997746723,0.450953600000048
1,Random,OriginalOrder,50,5,1265,72.6,228,56.0,475,15.8,16.599999999999994,40.2,56.8,0.0,3.239999978177366e-05,1.0000030670198612e-07,0.450953600000048
1,Random,MarginalGainPredictor,50,5,1265,72.6,228,56.0,820,19.9,16.599999999999994,36.1,52.699999999999996,0.0,3.239999978177366e-05,0.0003627000000960834,0.450953600000048
1,Random,OriginalOrder,100,5,1265,72.6,1265,72.6,475,15.8,0.0,56.8,56.8,0.0,3.239999978177366e-05,1.0000030670198612e-07,0.450953600000048
1,Random,MarginalGainPredictor,100,5,1265,72.6,1265,72.6,1265,72.6,0.0,0.0,0.0,0.0,3.239999978177366e-05,0.0003857000001517008,0.450953600000048
1,Random,OriginalOrder,10,6,1265,72.6,2216,32.0,4934,24.4,40.599999999999994,7.600000000000001,48.199999999999996,0.0,3.259999994043028e-05,9.999985195463523e-08,0.450953600000048
1,Random,MarginalGainPredictor,10,6,1265,72.6,2216,32.0,2216,32.0,40.599999999999994,0.0,40.599999999999994,0.0,3.259999994043028e-05,0.0003281999997852836,0.450953600000048
1,Random,OriginalOrder,20,6,1265,72.6,1807,43.1,4934,24.4,29.499999999999993,18.700000000000003,48.199999999999996,0.0,3.259999994043028e-05,2.0000015865662135e-07,0.450953600000048
1,Random,MarginalGainPredictor,20,6,1265,72.6,1807,43.1,1807,43.1,29.499999999999993,0.0,29.499999999999993,0.0,3.259999994043028e-05,0.00032710000004954054,0.450953600000048
1,Random,OriginalOrder,50,6,1265,72.6,228,56.0,4934,24.4,16.599999999999994,31.6,48.199999999999996,0.0,3.259999994043028e-05,2.0000015865662135e-07,0.450953600000048
1,Random,MarginalGainPredictor,50,6,1265,72.6,228,56.0,1807,43.1,16.599999999999994,12.899999999999999,29.499999999999993,0.0,3.259999994043028e-05,0.00035200000002078013,0.450953600000048
1,Random,OriginalOrder,100,6,1265,72.6,1265,72.6,4934,24.4,0.0,48.199999999999996,48.199999999999996,0.0,3.259999994043028e-05,9.999985195463523e-08,0.450953600000048
1,Random,MarginalGainPredictor,100,6,1265,72.6,1265,72.6,1265,72.6,0.0,0.0,0.0,0.0,3.259999994043028e-05,0.00040660000013303943,0.450953600000048
1,Random,OriginalOrder,10,7,1265,72.6,1443,22.6,6159,8.2,49.99999999999999,14.400000000000002,64.39999999999999,-3.552713678800501e-15,3.239999978177366e-05,9.999985195463523e-08,0.450953600000048
1,Random,MarginalGainPredictor,10,7,1265,72.6,1443,22.6,7377,18.6,49.99999999999999,4.0,53.99999999999999,0.0,3.239999978177366e-05,0.00032730000020819716,0.450953600000048
1,Random,OriginalOrder,20,7,1265,72.6,1443,22.6,6159,8.2,49.99999999999999,14.400000000000002,64.39999999999999,-3.552713678800501e-15,3.239999978177366e-05,9.999985195463523e-08,0.450953600000048
1,Random,MarginalGainPredictor,20,7,1265,72.6,1443,22.6,1423,18.1,49.99999999999999,4.5,54.49999999999999,0.0,3.239999978177366e-05,0.0003287999998065061,0.450953600000048
1,Random,OriginalOrder,50,7,1265,72.6,1439,34.1,6159,8.2,38.49999999999999,25.900000000000002,64.39999999999999,-3.552713678800501e-15,3.239999978177366e-05,2.0000015865662135e-07,0.450953600000048
1,Random,MarginalGainPredictor,50,7,1265,72.6,1439,34.1,820,19.9,38.49999999999999,14.200000000000003,52.699999999999996,0.0,3.239999978177366e-05,0.00035819999993691454,0.450953600000048
1,Random,OriginalOrder,100,7,1265,72.6,1277,72.6,6159,8.2,0.0,64.39999999999999,64.39999999999999,0.0,3.239999978177366e-05,1.0000030670198612e-07,0.450953600000048
1,Random,MarginalGainPredictor,100,7,1265,72.6,1277,72.6,1807,43.1,0.0,29.499999999999993,29.499999999999993,0.0,3.239999978177366e-05,0.00039629999992030207,0.450953600000048
1,Random,OriginalOrder,10,8,1265,72.6,8264,32.0,776,4.3,40.599999999999994,27.7,68.3,3.552713678800501e-15,3.1600000056641875e-05,9.999985195463523e-08,0.450953600000048
1,Random,MarginalGainPredictor,10,8,1265,72.6,8264,32.0,820,19.9,40.599999999999994,12.100000000000001,52.699999999999996,0.0,3.1600000056641875e-05,0.0003351000000293425,0.450953600000048
1,Random,OriginalOrder,20,8,1265,72.6,1277,72.6,776,4.3,0.0,68.3,68.3,0.0,3.1600000056641875e-05,1.0000030670198612e-07,0.450953600000048
1,Random,MarginalGainPredictor,20,8,1265,72.6,1277,72.6,820,19.9,0.0,52.699999999999996,52.699999999999996,0.0,3.1600000056641875e-05,0.00033699999994496466,0.450953600000048
1,Random,OriginalOrder,50,8,1265,72.6,1277,72.6,776,4.3,0.0,68.3,68.3,0.0,3.1600000056641875e-05,1.0000030670198612e-07,0.450953600000048
1,Random,MarginalGainPredictor,50,8,1265,72.6,1277,72.6,310,45.2,0.0,27.39999999999999,27.39999999999999,0.0,3.1600000056641875e-05,0.0006138000003375055,0.450953600000048
1,Random,OriginalOrder,100,8,1265,72.6,1265,72.6,776,4.3,0.0,68.3,68.3,0.0,3.1600000056641875e-05,9.999985195463523e-08,0.450953600000048
1,Random,MarginalGainPredictor,100,8,1265,72.6,1265,72.6,1265,72.6,0.0,0.0,0.0,0.0,3.1600000056641875e-05,0.0003910999998879561,0.450953600000048
1,Random,OriginalOrder,10,9,1265,72.6,4679,26.8,4679,26.8,45.8,0.0,45.8,0.0,3.2899999951041536e-05,1.0000030670198612e-07,0.450953600000048
1,Random,MarginalGainPredictor,10,9,1265,72.6,4679,26.8,4679,26.8,45.8,0.0,45.8,0.0,3.2899999951041536e-05,0.0003289000001132081,0.450953600000048
1,Random,OriginalOrder,20,9,1265,72.6,647,29.6,4679,26.8,42.99999999999999,2.8000000000000007,45.8,3.552713678800501e-15,3.2899999951041536e-05,1.9999970390927047e-07,0.450953600000048
1,Random,MarginalGainPredictor,20,9,1265,72.6,647,29.6,4679,26.8,42.99999999999999,2.8000000000000007,45.8,3.552713678800501e-15,3.2899999951041536e-05,0.0003412999999454769,0.450953600000048
1,Random,OriginalOrder,50,9,1265,72.6,228,56.0,4679,26.8,16.599999999999994,29.2,45.8,3.552713678800501e-15,3.2899999951041536e-05,1.0000030670198612e-07,0.450953600000048
1,Random,MarginalGainPredictor,50,9,1265,72.6,228,56.0,410,49.8,16.599999999999994,6.200000000000003,22.799999999999997,0.0,3.2899999951041536e-05,0.0003501999999571126,0.450953600000048
1,Random,OriginalOrder,100,9,1265,72.6,228,56.0,4679,26.8,16.599999999999994,29.2,45.8,3.552713678800501e-15,3.2899999951041536e-05,2.0000015865662135e-07,0.450953600000048
1,Random,MarginalGainPredictor,100,9,1265,72.6,228,56.0,410,49.8,16.599999999999994,6.200000000000003,22.799999999999997,0.0,3.2899999951041536e-05,0.00038519999998243293,0.450953600000048
2,Degree,OriginalOrder,10,,3519,60.6,410,49.6,916,20.4,11.0,29.200000000000003,40.2,0.0,8.269999989352073e-05,2.0000015865662135e-07,0.38807660000020405
2,Degree,MarginalGainPredictor,10,,3519,60.6,410,49.6,410,49.6,11.0,0.0,11.0,0.0,8.269999989352073e-05,0.0013460000000122818,0.38807660000020405
2,Degree,OriginalOrder,20,,3519,60.6,410,49.6,916,20.4,11.0,29.200000000000003,40.2,0.0,8.269999989352073e-05,2.0000015865662135e-07,0.38807660000020405
2,Degree,MarginalGainPredictor,20,,3519,60.6,410,49.6,410,49.6,11.0,0.0,11.0,0.0,8.269999989352073e-05,0.0008791000000201166,0.38807660000020405
2,Degree,OriginalOrder,50,,3519,60.6,228,52.7,916,20.4,7.899999999999999,32.300000000000004,40.2,0.0,8.269999989352073e-05,2.0000015865662135e-07,0.38807660000020405
2,Degree,MarginalGainPredictor,50,,3519,60.6,228,52.7,410,49.6,7.899999999999999,3.1000000000000014,11.0,0.0,8.269999989352073e-05,0.0008110999997370527,0.38807660000020405
2,Degree,OriginalOrder,100,,3519,60.6,3519,60.6,916,20.4,0.0,40.2,40.2,0.0,8.269999989352073e-05,2.0000015865662135e-07,0.38807660000020405
2,Degree,MarginalGainPredictor,100,,3519,60.6,3519,60.6,410,49.6,0.0,11.0,11.0,0.0,8.269999989352073e-05,0.0006435999998757325,0.38807660000020405
2,DegreeDiscount,OriginalOrder,10,,3519,60.6,310,42.9,12802,23.6,17.700000000000003,19.299999999999997,37.0,0.0,0.00315920000002734,3.000000106112566e-07,0.38807660000020405
2,DegreeDiscount,MarginalGainPredictor,10,,3519,60.6,310,42.9,310,42.9,17.700000000000003,0.0,17.700000000000003,0.0,0.00315920000002734,0.0007974999998623389,0.38807660000020405
2,DegreeDiscount,OriginalOrder,20,,3519,60.6,310,42.9,12802,23.6,17.700000000000003,19.299999999999997,37.0,0.0,0.00315920000002734,3.000000106112566e-07,0.38807660000020405
2,DegreeDiscount,MarginalGainPredictor,20,,3519,60.6,310,42.9,310,42.9,17.700000000000003,0.0,17.700000000000003,0.0,0.00315920000002734,0.0005722999999306921,0.38807660000020405
2,DegreeDiscount,OriginalOrder,50,,3519,60.6,5753,50.4,12802,23.6,10.200000000000003,26.799999999999997,37.0,0.0,0.00315920000002734,3.000000106112566e-07,0.38807660000020405
2,DegreeDiscount,MarginalGainPredictor,50,,3519,60.6,5753,50.4,410,49.6,10.200000000000003,0.7999999999999972,11.0,0.0,0.00315920000002734,0.0005298999999467924,0.38807660000020405
2,DegreeDiscount,OriginalOrder,100,,3519,60.6,3519,60.6,12802,23.6,0.0,37.0,37.0,0.0,0.00315920000002734,3.000000106112566e-07,0.38807660000020405
2,DegreeDiscount,MarginalGainPredictor,100,,3519,60.6,3519,60.6,410,49.6,0.0,11.0,11.0,0.0,0.00315920000002734,0.000588299999890296,0.38807660000020405
2,FeatureDQN,OriginalOrder,10,,3519,60.6,905,13.8,2034,4.8,46.8,9.0,55.800000000000004,7.105427357601002e-15,0.0012493000003814814,1.0000030670198612e-07,0.38807660000020405
2,FeatureDQN,MarginalGainPredictor,10,,3519,60.6,905,13.8,905,13.8,46.8,0.0,46.8,0.0,0.0012493000003814814,0.00047670000003563473,0.38807660000020405
2,FeatureDQN,OriginalOrder,20,,3519,60.6,228,52.7,2034,4.8,7.899999999999999,47.900000000000006,55.800000000000004,0.0,0.0012493000003814814,1.9999970390927047e-07,0.38807660000020405
2,FeatureDQN,MarginalGainPredictor,20,,3519,60.6,228,52.7,892,34.2,7.899999999999999,18.5,26.4,0.0,0.0012493000003814814,0.0004691999997703533,0.38807660000020405
2,FeatureDQN,OriginalOrder,50,,3519,60.6,228,52.7,2034,4.8,7.899999999999999,47.900000000000006,55.800000000000004,0.0,0.0012493000003814814,1.9999970390927047e-07,0.38807660000020405
2,FeatureDQN,MarginalGainPredictor,50,,3519,60.6,228,52.7,916,20.4,7.899999999999999,32.300000000000004,40.2,0.0,0.0012493000003814814,0.0005086000001028879,0.38807660000020405
2,FeatureDQN,OriginalOrder,100,,3519,60.6,228,52.7,2034,4.8,7.899999999999999,47.900000000000006,55.800000000000004,0.0,0.0012493000003814814,2.0000015865662135e-07,0.38807660000020405
2,FeatureDQN,MarginalGainPredictor,100,,3519,60.6,228,52.7,916,20.4,7.899999999999999,32.300000000000004,40.2,0.0,0.0012493000003814814,0.0005319000001691165,0.38807660000020405
2,Random,OriginalOrder,10,0,3519,60.6,6158,15.0,12381,6.1,45.6,8.9,54.5,-1.7763568394002505e-15,5.779999992228113e-05,9.999985195463523e-08,0.38807660000020405
2,Random,MarginalGainPredictor,10,0,3519,60.6,6158,15.0,2014,12.2,45.6,2.8000000000000007,48.400000000000006,3.552713678800501e-15,5.779999992228113e-05,0.00044570000000021537,0.38807660000020405
2,Random,OriginalOrder,20,0,3519,60.6,916,20.4,12381,6.1,40.2,14.299999999999999,54.5,-1.7763568394002505e-15,5.779999992228113e-05,2.0000015865662135e-07,0.38807660000020405
2,Random,MarginalGainPredictor,20,0,3519,60.6,916,20.4,916,20.4,40.2,0.0,40.2,0.0,5.779999992228113e-05,0.0004693000000770553,0.38807660000020405
2,Random,OriginalOrder,50,0,3519,60.6,5753,50.4,12381,6.1,10.200000000000003,44.3,54.5,0.0,5.779999992228113e-05,9.999985195463523e-08,0.38807660000020405
2,Random,MarginalGainPredictor,50,0,3519,60.6,5753,50.4,916,20.4,10.200000000000003,30.0,40.2,0.0,5.779999992228113e-05,0.0005255999999462801,0.38807660000020405
2,Random,OriginalOrder,100,0,3519,60.6,5753,50.4,12381,6.1,10.200000000000003,44.3,54.5,0.0,5.779999992228113e-05,1.0000030670198612e-07,0.38807660000020405
2,Random,MarginalGainPredictor,100,0,3519,60.6,5753,50.4,985,36.4,10.200000000000003,14.0,24.200000000000003,0.0,5.779999992228113e-05,0.0005280999998831248,0.38807660000020405
2,Random,OriginalOrder,10,1,3519,60.6,410,49.6,2442,20.1,11.0,29.5,40.5,0.0,5.0099999953090446e-05,1.9999970390927047e-07,0.38807660000020405
2,Random,MarginalGainPredictor,10,1,3519,60.6,410,49.6,410,49.6,11.0,0.0,11.0,0.0,5.0099999953090446e-05,0.0004463999998733925,0.38807660000020405
2,Random,OriginalOrder,20,1,3519,60.6,410,49.6,2442,20.1,11.0,29.5,40.5,0.0,5.0099999953090446e-05,1.9999970390927047e-07,0.38807660000020405
2,Random,MarginalGainPredictor,20,1,3519,60.6,410,49.6,410,49.6,11.0,0.0,11.0,0.0,5.0099999953090446e-05,0.0004482000003918074,0.38807660000020405
2,Random,OriginalOrder,50,1,3519,60.6,410,49.6,2442,20.1,11.0,29.5,40.5,0.0,5.0099999953090446e-05,1.0000030670198612e-07,0.38807660000020405
2,Random,MarginalGainPredictor,50,1,3519,60.6,410,49.6,410,49.6,11.0,0.0,11.0,0.0,5.0099999953090446e-05,0.0005055000001448207,0.38807660000020405
2,Random,OriginalOrder,100,1,3519,60.6,410,49.6,2442,20.1,11.0,29.5,40.5,0.0,5.0099999953090446e-05,2.0000015865662135e-07,0.38807660000020405
2,Random,MarginalGainPredictor,100,1,3519,60.6,410,49.6,410,49.6,11.0,0.0,11.0,0.0,5.0099999953090446e-05,0.0007190000001173757,0.38807660000020405
2,Random,OriginalOrder,10,2,3519,60.6,9070,30.3,597,15.6,30.3,14.700000000000001,45.0,-1.7763568394002505e-15,4.8299999889422907e-05,9.999985195463523e-08,0.38807660000020405
2,Random,MarginalGainPredictor,10,2,3519,60.6,9070,30.3,9070,30.3,30.3,0.0,30.3,0.0,4.8299999889422907e-05,0.0004594000001816312,0.38807660000020405
2,Random,OriginalOrder,20,2,3519,60.6,1807,37.3,597,15.6,23.300000000000004,21.699999999999996,45.0,0.0,4.8299999889422907e-05,2.0000015865662135e-07,0.38807660000020405
2,Random,MarginalGainPredictor,20,2,3519,60.6,1807,37.3,1807,37.3,23.300000000000004,0.0,23.300000000000004,0.0,4.8299999889422907e-05,0.0004567000000861299,0.38807660000020405
2,Random,OriginalOrder,50,2,3519,60.6,228,52.7,597,15.6,7.899999999999999,37.1,45.0,0.0,4.8299999889422907e-05,9.999985195463523e-08,0.38807660000020405
2,Random,MarginalGainPredictor,50,2,3519,60.6,228,52.7,410,49.6,7.899999999999999,3.1000000000000014,11.0,0.0,4.8299999889422907e-05,0.00047590000031050295,0.38807660000020405
2,Random,OriginalOrder,100,2,3519,60.6,228,52.7,597,15.6,7.899999999999999,37.1,45.0,0.0,4.8299999889422907e-05,1.9999970390927047e-07,0.38807660000020405
2,Random,MarginalGainPredictor,100,2,3519,60.6,228,52.7,410,49.6,7.899999999999999,3.1000000000000014,11.0,0.0,4.8299999889422907e-05,0.0005759999999099819,0.38807660000020405
2,Random,OriginalOrder,10,3,3519,60.6,1140,27.9,2854,8.7,32.7,19.2,51.900000000000006,3.552713678800501e-15,4.5700000100623583e-05,1.0000030670198612e-07,0.38807660000020405
2,Random,MarginalGainPredictor,10,3,3519,60.6,1140,27.9,597,15.6,32.7,12.299999999999999,45.0,-1.7763568394002505e-15,4.5700000100623583e-05,0.000492600000143284,0.38807660000020405
2,Random,OriginalOrder,20,3,3519,60.6,1140,27.9,2854,8.7,32.7,19.2,51.900000000000006,3.552713678800501e-15,4.5700000100623583e-05,2.0000015865662135e-07,0.38807660000020405
2,Random,MarginalGainPredictor,20,3,3519,60.6,1140,27.9,916,20.4,32.7,7.5,40.2,0.0,4.5700000100623583e-05,0.0004895000001852168,0.38807660000020405
2,Random,OriginalOrder,50,3,3519,60.6,1920,38.4,2854,8.7,22.200000000000003,29.7,51.900000000000006,3.552713678800501e-15,4.5700000100623583e-05,1.9999970390927047e-07,0.38807660000020405
2,Random,MarginalGainPredictor,50,3,3519,60.6,1920,38.4,916,20.4,22.200000000000003,18.0,40.2,0.0,4.5700000100623583e-05,0.0004973000000063621,0.38807660000020405
2,Random,OriginalOrder,100,3,3519,60.6,228,52.7,2854,8.7,7.899999999999999,44.0,51.900000000000006,7.105427357601002e-15,4.5700000100623583e-05,1.9999970390927047e-07,0.38807660000020405
2,Random,MarginalGainPredictor,100,3,3519,60.6,228,52.7,410,49.6,7.899999999999999,3.1000000000000014,11.0,0.0,4.5700000100623583e-05,0.0005618999998660001,0.38807660000020405
2,Random,OriginalOrder,10,4,3519,60.6,4285,22.9,12375,9.7,37.7,13.2,50.900000000000006,3.552713678800501e-15,4.510000007940107e-05,9.999985195463523e-08,0.38807660000020405
2,Random,MarginalGainPredictor,10,4,3519,60.6,4285,22.9,1277,0.0,37.7,22.9,60.6,0.0,4.510000007940107e-05,0.000478200000088691,0.38807660000020405
2,Random,OriginalOrder,20,4,3519,60.6,1807,37.3,12375,9.7,23.300000000000004,27.599999999999998,50.900000000000006,3.552713678800501e-15,4.510000007940107e-05,1.9999970390927047e-07,0.38807660000020405
2,Random,MarginalGainPredictor,20,4,3519,60.6,1807,37.3,1807,37.3,23.300000000000004,0.0,23.300000000000004,0.0,4.510000007940107e-05,0.000499000000218075,0.38807660000020405
2,Random,OriginalOrder,50,4,3519,60.6,410,49.6,12375,9.7,11.0,39.900000000000006,50.900000000000006,0.0,4.510000007940107e-05,2.0000015865662135e-07,0.38807660000020405
2,Random,MarginalGainPredictor,50,4,3519,60.6,410,49.6,410,49.6,11.0,0.0,11.0,0.0,4.510000007940107e-05,0.0005020999997213949,0.38807660000020405
2,Random,OriginalOrder,100,4,3519,60.6,410,49.6,12375,9.7,11.0,39.900000000000006,50.900000000000006,0.0,4.510000007940107e-05,2.0000015865662135e-07,0.38807660000020405
2,Random,MarginalGainPredictor,100,4,3519,60.6,410,49.6,410,49.6,11.0,0.0,11.0,0.0,4.510000007940107e-05,0.0005635000002257584,0.38807660000020405
2,Random,OriginalOrder,10,5,3519,60.6,618,19.1,679,10.7,41.5,8.400000000000002,49.900000000000006,3.552713678800501e-15,4.639999997380073e-05,1.9999970390927047e-07,0.38807660000020405
2,Random,MarginalGainPredictor,10,5,3519,60.6,618,19.1,618,19.1,41.5,0.0,41.5,0.0,4.639999997380073e-05,0.00048509999987800256,0.38807660000020405
2,Random,OriginalOrder,20,5,3519,60.6,410,49.6,679,10.7,11.0,38.900000000000006,49.900000000000006,0.0,4.639999997380073e-05,1.9999970390927047e-07,0.38807660000020405
2,Random,MarginalGainPredictor,20,5,3519,60.6,410,49.6,410,49.6,11.0,0.0,11.0,0.0,4.639999997380073e-05,0.0004743999998026993,0.38807660000020405
2,Random,OriginalOrder,50,5,3519,60.6,5753,50.4,679,10.7,10.200000000000003,39.7,49.900000000000006,0.0,4.639999997380073e-05,9.999985195463523e-08,0.38807660000020405
2,Random,MarginalGainPredictor,50,5,3519,60.6,5753,50.4,410,49.6,10.200000000000003,0.7999999999999972,11.0,0.0,4.639999997380073e-05,0.0005130999998073094,0.38807660000020405
2,Random,OriginalOrder,100,5,3519,60.6,3519,60.6,679,10.7,0.0,49.900000000000006,49.900000000000006,0.0,4.639999997380073e-05,1.9999970390927047e-07,0.38807660000020405
2,Random,MarginalGainPredictor,100,5,3519,60.6,3519,60.6,410,49.6,0.0,11.0,11.0,0.0,4.639999997380073e-05,0.0005510000000867876,0.38807660000020405
2,Random,OriginalOrder,10,6,3519,60.6,228,52.7,776,5.6,7.899999999999999,47.1,55.0,0.0,4.560000024866895e-05,9.999985195463523e-08,0.38807660000020405
2,Random,MarginalGainPredictor,10,6,3519,60.6,228,52.7,1816,17.6,7.899999999999999,35.1,43.0,0.0,4.560000024866895e-05,0.0004893000000265602,0.38807660000020405
2,Random,OriginalOrder,20,6,3519,60.6,228,52.7,776,5.6,7.899999999999999,47.1,55.0,0.0,4.560000024866895e-05,2.0000015865662135e-07,0.38807660000020405
2,Random,MarginalGainPredictor,20,6,3519,60.6,228,52.7,410,49.6,7.899999999999999,3.1000000000000014,11.0,0.0,4.560000024866895e-05,0.0004698000002463232,0.38807660000020405
2,Random,OriginalOrder,50,6,3519,60.6,228,52.7,776,5.6,7.899999999999999,47.1,55.0,0.0,4.560000024866895e-05,1.9999970390927047e-07,0.38807660000020405
2,Random,MarginalGainPredictor,50,6,3519,60.6,228,52.7,410,49.6,7.899999999999999,3.1000000000000014,11.0,0.0,4.560000024866895e-05,0.0005169999999452557,0.38807660000020405
2,Random,OriginalOrder,100,6,3519,60.6,228,52.7,776,5.6,7.899999999999999,47.1,55.0,0.0,4.560000024866895e-05,1.0000030670198612e-07,0.38807660000020405
2,Random,MarginalGainPredictor,100,6,3519,60.6,228,52.7,410,49.6,7.899999999999999,3.1000000000000014,11.0,0.0,4.560000024866895e-05,0.0005569999998442654,0.38807660000020405
2,Random,OriginalOrder,10,7,3519,60.6,9070,30.3,163,5.8,30.3,24.5,54.800000000000004,3.552713678800501e-15,4.6300000121846097e-05,1.9999970390927047e-07,0.38807660000020405
2,Random,MarginalGainPredictor,10,7,3519,60.6,9070,30.3,1816,17.6,30.3,12.7,43.0,0.0,4.6300000121846097e-05,0.0004745000001094013,0.38807660000020405
2,Random,OriginalOrder,20,7,3519,60.6,1807,37.3,163,5.8,23.300000000000004,31.499999999999996,54.800000000000004,3.552713678800501e-15,4.6300000121846097e-05,2.0000015865662135e-07,0.38807660000020405
2,Random,MarginalGainPredictor,20,7,3519,60.6,1807,37.3,1807,37.3,23.300000000000004,0.0,23.300000000000004,0.0,4.6300000121846097e-05,0.0004742999999507447,0.38807660000020405
2,Random,OriginalOrder,50,7,3519,60.6,1920,38.4,163,5.8,22.200000000000003,32.6,54.800000000000004,0.0,4.6300000121846097e-05,9.999985195463523e-08,0.38807660000020405
2,Random,MarginalGainPredictor,50,7,3519,60.6,1920,38.4,1807,37.3,22.200000000000003,1.1000000000000014,23.300000000000004,0.0,4.6300000121846097e-05,0.0005538000000342436,0.38807660000020405
2,Random,OriginalOrder,100,7,3519,60.6,228,52.7,163,5.8,7.899999999999999,46.900000000000006,54.800000000000004,0.0,4.6300000121846097e-05,3.000000106112566e-07,0.38807660000020405
2,Random,MarginalGainPredictor,100,7,3519,60.6,228,52.7,1807,37.3,7.899999999999999,15.400000000000006,23.300000000000004,0.0,4.6300000121846097e-05,0.0005791000003227964,0.38807660000020405
2,Random,OriginalOrder,10,8,3519,60.6,4679,32.6,927,8.4,28.0,24.200000000000003,52.2,0.0,4.7200000153679866e-05,2.0000015865662135e-07,0.38807660000020405
2,Random,MarginalGainPredictor,10,8,3519,60.6,4679,32.6,658,25.4,28.0,7.200000000000003,35.2,0.0,4.7200000153679866e-05,0.0004752999998345331,0.38807660000020405
2,Random,OriginalOrder,20,8,3519,60.6,4679,32.6,927,8.4,28.0,24.200000000000003,52.2,0.0,4.7200000153679866e-05,1.9999970390927047e-07,0.38807660000020405
2,Random,MarginalGainPredictor,20,8,3519,60.6,4679,32.6,7995,17.7,28.0,14.900000000000002,42.900000000000006,3.552713678800501e-15,4.7200000153679866e-05,0.0004687000000558328,0.38807660000020405
2,Random,OriginalOrder,50,8,3519,60.6,228,52.7,927,8.4,7.899999999999999,44.300000000000004,52.2,0.0,4.7200000153679866e-05,1.9999970390927047e-07,0.38807660000020405
2,Random,MarginalGainPredictor,50,8,3519,60.6,228,52.7,410,49.6,7.899999999999999,3.1000000000000014,11.0,0.0,4.7200000153679866e-05,0.000511800000367657,0.38807660000020405
2,Random,OriginalOrder,100,8,3519,60.6,228,52.7,927,8.4,7.899999999999999,44.300000000000004,52.2,0.0,4.7200000153679866e-05,1.9999970390927047e-07,0.38807660000020405
2,Random,MarginalGainPredictor,100,8,3519,60.6,228,52.7,410,49.6,7.899999999999999,3.1000000000000014,11.0,0.0,4.7200000153679866e-05,0.00059880000026169,0.38807660000020405
2,Random,OriginalOrder,10,9,3519,60.6,8264,22.4,2735,14.7,38.2,7.699999999999999,45.900000000000006,3.552713678800501e-15,4.170000011072261e-05,9.999985195463523e-08,0.38807660000020405
2,Random,MarginalGainPredictor,10,9,3519,60.6,8264,22.4,8264,22.4,38.2,0.0,38.2,0.0,4.170000011072261e-05,0.00048040000001492444,0.38807660000020405
2,Random,OriginalOrder,20,9,3519,60.6,1807,37.3,2735,14.7,23.300000000000004,22.599999999999998,45.900000000000006,3.552713678800501e-15,4.170000011072261e-05,2.0000015865662135e-07,0.38807660000020405
2,Random,MarginalGainPredictor,20,9,3519,60.6,1807,37.3,1807,37.3,23.300000000000004,0.0,23.300000000000004,0.0,4.170000011072261e-05,0.0003870999998980551,0.38807660000020405
2,Random,OriginalOrder,50,9,3519,60.6,1807,37.3,2735,14.7,23.300000000000004,22.599999999999998,45.900000000000006,3.552713678800501e-15,4.170000011072261e-05,1.0000030670198612e-07,0.38807660000020405
2,Random,MarginalGainPredictor,50,9,3519,60.6,1807,37.3,1807,37.3,23.300000000000004,0.0,23.300000000000004,0.0,4.170000011072261e-05,0.0004861000002165383,0.38807660000020405
2,Random,OriginalOrder,100,9,3519,60.6,310,42.9,2735,14.7,17.700000000000003,28.2,45.900000000000006,3.552713678800501e-15,4.170000011072261e-05,1.9999970390927047e-07,0.38807660000020405
2,Random,MarginalGainPredictor,100,9,3519,60.6,310,42.9,310,42.9,17.700000000000003,0.0,17.700000000000003,0.0,4.170000011072261e-05,0.0004997000000912522,0.38807660000020405
3,Degree,OriginalOrder,10,,9070,53.9,310,42.8,916,25.0,11.100000000000001,17.799999999999997,28.9,0.0,8.159999970303033e-05,2.0000015865662135e-07,0.504840300000069
3,Degree,MarginalGainPredictor,10,,9070,53.9,310,42.8,410,41.5,11.100000000000001,1.2999999999999972,12.399999999999999,0.0,8.159999970303033e-05,0.0012467000001379347,0.504840300000069
3,Degree,OriginalOrder,20,,9070,53.9,1807,43.3,916,25.0,10.600000000000001,18.299999999999997,28.9,0.0,8.159999970303033e-05,3.000000106112566e-07,0.504840300000069
3,Degree,MarginalGainPredictor,20,,9070,53.9,1807,43.3,410,41.5,10.600000000000001,1.7999999999999972,12.399999999999999,0.0,8.159999970303033e-05,0.0005866000001333305,0.504840300000069
3,Degree,OriginalOrder,50,,9070,53.9,228,50.4,916,25.0,3.5,25.4,28.9,0.0,8.159999970303033e-05,2.0000015865662135e-07,0.504840300000069
3,Degree,MarginalGainPredictor,50,,9070,53.9,228,50.4,410,41.5,3.5,8.899999999999999,12.399999999999999,0.0,8.159999970303033e-05,0.0005493999997270294,0.504840300000069
3,Degree,OriginalOrder,100,,9070,53.9,9070,53.9,916,25.0,0.0,28.9,28.9,0.0,8.159999970303033e-05,1.9999970390927047e-07,0.504840300000069
3,Degree,MarginalGainPredictor,100,,9070,53.9,9070,53.9,410,41.5,0.0,12.399999999999999,12.399999999999999,0.0,8.159999970303033e-05,0.0006750000002284651,0.504840300000069
3,DegreeDiscount,OriginalOrder,10,,9070,53.9,310,42.8,12802,22.9,11.100000000000001,19.9,31.0,0.0,0.003072400000291964,3.000000106112566e-07,0.504840300000069
3,DegreeDiscount,MarginalGainPredictor,10,,9070,53.9,310,42.8,310,42.8,11.100000000000001,0.0,11.100000000000001,0.0,0.003072400000291964,0.0006714999999530846,0.504840300000069
3,DegreeDiscount,OriginalOrder,20,,9070,53.9,1807,43.3,12802,22.9,10.600000000000001,20.4,31.0,0.0,0.003072400000291964,2.0000015865662135e-07,0.504840300000069
3,DegreeDiscount,MarginalGainPredictor,20,,9070,53.9,1807,43.3,310,42.8,10.600000000000001,0.5,11.100000000000001,0.0,0.003072400000291964,0.0005141999999977998,0.504840300000069
3,DegreeDiscount,OriginalOrder,50,,9070,53.9,9070,53.9,12802,22.9,0.0,31.0,31.0,0.0,0.003072400000291964,9.999985195463523e-08,0.504840300000069
3,DegreeDiscount,MarginalGainPredictor,50,,9070,53.9,9070,53.9,410,41.5,0.0,12.399999999999999,12.399999999999999,0.0,0.003072400000291964,0.0005471999998007959,0.504840300000069
3,DegreeDiscount,OriginalOrder,100,,9070,53.9,9070,53.9,12802,22.9,0.0,31.0,31.0,0.0,0.003072400000291964,5.000001692678779e-07,0.504840300000069
3,DegreeDiscount,MarginalGainPredictor,100,,9070,53.9,9070,53.9,410,41.5,0.0,12.399999999999999,12.399999999999999,0.0,0.003072400000291964,0.0006006000003253575,0.504840300000069
3,FeatureDQN,OriginalOrder,10,,9070,53.9,905,15.9,2034,12.9,38.0,3.0,41.0,0.0,0.0012486999999055115,1.9999970390927047e-07,0.504840300000069
3,FeatureDQN,MarginalGainPredictor,10,,9070,53.9,905,15.9,905,15.9,38.0,0.0,38.0,0.0,0.0012486999999055115,0.0005117000000609551,0.504840300000069
3,FeatureDQN,OriginalOrder,20,,9070,53.9,228,50.4,2034,12.9,3.5,37.5,41.0,0.0,0.0012486999999055115,2.0000015865662135e-07,0.504840300000069
3,FeatureDQN,MarginalGainPredictor,20,,9070,53.9,228,50.4,892,35.0,3.5,15.399999999999999,18.9,0.0,0.0012486999999055115,0.0004976000000169734,0.504840300000069
3,FeatureDQN,OriginalOrder,50,,9070,53.9,228,50.4,2034,12.9,3.5,37.5,41.0,0.0,0.0012486999999055115,9.999985195463523e-08,0.504840300000069
3,FeatureDQN,MarginalGainPredictor,50,,9070,53.9,228,50.4,916,25.0,3.5,25.4,28.9,0.0,0.0012486999999055115,0.0005251999996289669,0.504840300000069
3,FeatureDQN,OriginalOrder,100,,9070,53.9,228,50.4,2034,12.9,3.5,37.5,41.0,0.0,0.0012486999999055115,9.999985195463523e-08,0.504840300000069
3,FeatureDQN,MarginalGainPredictor,100,,9070,53.9,228,50.4,916,25.0,3.5,25.4,28.9,0.0,0.0012486999999055115,0.0005616000003101362,0.504840300000069
3,Random,OriginalOrder,10,0,9070,53.9,7123,26.9,547,15.1,27.0,11.799999999999999,38.8,-1.7763568394002505e-15,5.4800000270915916e-05,2.0000015865662135e-07,0.504840300000069
3,Random,MarginalGainPredictor,10,0,9070,53.9,7123,26.9,6314,9.1,27.0,17.799999999999997,44.8,0.0,5.4800000270915916e-05,0.00046019999990676297,0.504840300000069
3,Random,OriginalOrder,20,0,9070,53.9,7123,26.9,547,15.1,27.0,11.799999999999999,38.8,-1.7763568394002505e-15,5.4800000270915916e-05,2.0000015865662135e-07,0.504840300000069
3,Random,MarginalGainPredictor,20,0,9070,53.9,7123,26.9,7995,24.0,27.0,2.8999999999999986,29.9,0.0,5.4800000270915916e-05,0.00047829999994064565,0.504840300000069
3,Random,OriginalOrder,50,0,9070,53.9,9070,53.9,547,15.1,0.0,38.8,38.8,0.0,5.4800000270915916e-05,9.999985195463523e-08,0.504840300000069
3,Random,MarginalGainPredictor,50,0,9070,53.9,9070,53.9,410,41.5,0.0,12.399999999999999,12.399999999999999,0.0,5.4800000270915916e-05,0.0004936000000270724,0.504840300000069
3,Random,OriginalOrder,100,0,9070,53.9,9070,53.9,547,15.1,0.0,38.8,38.8,0.0,5.4800000270915916e-05,9.999985195463523e-08,0.504840300000069
3,Random,MarginalGainPredictor,100,0,9070,53.9,9070,53.9,410,41.5,0.0,12.399999999999999,12.399999999999999,0.0,5.4800000270915916e-05,0.0005663000001732144,0.504840300000069
3,Random,OriginalOrder,10,1,9070,53.9,1140,30.1,4859,15.2,23.799999999999997,14.900000000000002,38.7,3.552713678800501e-15,4.910000006930204e-05,9.999985195463523e-08,0.504840300000069
3,Random,MarginalGainPredictor,10,1,9070,53.9,1140,30.1,1423,15.0,23.799999999999997,15.100000000000001,38.9,0.0,4.910000006930204e-05,0.0004999000002499088,0.504840300000069
3,Random,OriginalOrder,20,1,9070,53.9,1140,30.1,4859,15.2,23.799999999999997,14.900000000000002,38.7,3.552713678800501e-15,4.910000006930204e-05,2.0000015865662135e-07,0.504840300000069
3,Random,MarginalGainPredictor,20,1,9070,53.9,1140,30.1,1423,15.0,23.799999999999997,15.100000000000001,38.9,0.0,4.910000006930204e-05,0.00047059999997145496,0.504840300000069
3,Random,OriginalOrder,50,1,9070,53.9,410,41.5,4859,15.2,12.399999999999999,26.3,38.7,3.552713678800501e-15,4.910000006930204e-05,2.0000015865662135e-07,0.504840300000069
3,Random,MarginalGainPredictor,50,1,9070,53.9,410,41.5,410,41.5,12.399999999999999,0.0,12.399999999999999,0.0,4.910000006930204e-05,0.0005102000000078988,0.504840300000069
3,Random,OriginalOrder,100,1,9070,53.9,9070,53.9,4859,15.2,0.0,38.7,38.7,0.0,4.910000006930204e-05,2.0000015865662135e-07,0.504840300000069
3,Random,MarginalGainPredictor,100,1,9070,53.9,9070,53.9,410,41.5,0.0,12.399999999999999,12.399999999999999,0.0,4.910000006930204e-05,0.0005449999998745625,0.504840300000069
3,Random,OriginalOrder,10,2,9070,53.9,7995,24.0,802,4.9,29.9,19.1,49.0,0.0,4.760000001624576e-05,1.9999970390927047e-07,0.504840300000069
3,Random,MarginalGainPredictor,10,2,9070,53.9,7995,24.0,7995,24.0,29.9,0.0,29.9,0.0,4.760000001624576e-05,0.0004761000000144122,0.504840300000069
3,Random,OriginalOrder,20,2,9070,53.9,7995,24.0,802,4.9,29.9,19.1,49.0,0.0,4.760000001624576e-05,1.9999970390927047e-07,0.504840300000069
3,Random,MarginalGainPredictor,20,2,9070,53.9,7995,24.0,1277,0.0,29.9,24.0,53.9,0.0,4.760000001624576e-05,0.00048079999987749034,0.504840300000069
3,Random,OriginalOrder,50,2,9070,53.9,2122,35.4,802,4.9,18.5,30.5,49.0,0.0,4.760000001624576e-05,2.0000015865662135e-07,0.504840300000069
3,Random,MarginalGainPredictor,50,2,9070,53.9,2122,35.4,2216,31.5,18.5,3.8999999999999986,22.4,0.0,4.760000001624576e-05,0.0004966999999851396,0.504840300000069
3,Random,OriginalOrder,100,2,9070,53.9,310,42.8,802,4.9,11.100000000000001,37.9,49.0,0.0,4.760000001624576e-05,1.9999970390927047e-07,0.504840300000069
3,Random,MarginalGainPredictor,100,2,9070,53.9,310,42.8,310,42.8,11.100000000000001,0.0,11.100000000000001,0.0,4.760000001624576e-05,0.0005469999996421393,0.504840300000069
3,Random,OriginalOrder,10,3,9070,53.9,4285,28.1,12375,11.0,25.799999999999997,17.1,42.9,0.0,5.03999999637017e-05,9.999985195463523e-08,0.504840300000069
3,Random,MarginalGainPredictor,10,3,9070,53.9,4285,28.1,1352,12.3,25.799999999999997,15.8,41.599999999999994,-3.552713678800501e-15,5.03999999637017e-05,0.00048520000018470455,0.504840300000069
3,Random,OriginalOrder,20,3,9070,53.9,4285,28.1,12375,11.0,25.799999999999997,17.1,42.9,0.0,5.03999999637017e-05,1.9999970390927047e-07,0.504840300000069
3,Random,MarginalGainPredictor,20,3,9070,53.9,4285,28.1,1352,12.3,25.799999999999997,15.8,41.599999999999994,-3.552713678800501e-15,5.03999999637017e-05,0.0004699000000982778,0.504840300000069
3,Random,OriginalOrder,50,3,9070,53.9,4285,28.1,12375,11.0,25.799999999999997,17.1,42.9,0.0,5.03999999637017e-05,9.999985195463523e-08,0.504840300000069
3,Random,MarginalGainPredictor,50,3,9070,53.9,4285,28.1,1439,15.1,25.799999999999997,13.000000000000002,38.8,-1.7763568394002505e-15,5.03999999637017e-05,0.0004942000000482949,0.504840300000069
3,Random,OriginalOrder,100,3,9070,53.9,410,41.5,12375,11.0,12.399999999999999,30.5,42.9,0.0,5.03999999637017e-05,2.0000015865662135e-07,0.504840300000069
3,Random,MarginalGainPredictor,100,3,9070,53.9,410,41.5,410,41.5,12.399999999999999,0.0,12.399999999999999,0.0,5.03999999637017e-05,0.0005706000001737266,0.504840300000069
3,Random,OriginalOrder,10,4,9070,53.9,932,9.2,1580,4.9,44.7,4.299999999999999,49.0,-1.7763568394002505e-15,4.820000003746827e-05,1.0000030670198612e-07,0.504840300000069
3,Random,MarginalGainPredictor,10,4,9070,53.9,932,9.2,699,5.7,44.7,3.499999999999999,48.199999999999996,-6.217248937900877e-15,4.820000003746827e-05,0.00045749999981126166,0.504840300000069
3,Random,OriginalOrder,20,4,9070,53.9,1807,43.3,1580,4.9,10.600000000000001,38.4,49.0,0.0,4.820000003746827e-05,2.0000015865662135e-07,0.504840300000069
3,Random,MarginalGainPredictor,20,4,9070,53.9,1807,43.3,310,42.8,10.600000000000001,0.5,11.100000000000001,0.0,4.820000003746827e-05,0.0004582999999911408,0.504840300000069
3,Random,OriginalOrder,50,4,9070,53.9,1807,43.3,1580,4.9,10.600000000000001,38.4,49.0,0.0,4.820000003746827e-05,2.0000015865662135e-07,0.504840300000069
3,Random,MarginalGainPredictor,50,4,9070,53.9,1807,43.3,310,42.8,10.600000000000001,0.5,11.100000000000001,0.0,4.820000003746827e-05,0.0004905999999209598,0.504840300000069
3,Random,OriginalOrder,100,4,9070,53.9,1807,43.3,1580,4.9,10.600000000000001,38.4,49.0,0.0,4.820000003746827e-05,1.0000030670198612e-07,0.504840300000069
3,Random,MarginalGainPredictor,100,4,9070,53.9,1807,43.3,410,41.5,10.600000000000001,1.7999999999999972,12.399999999999999,0.0,4.820000003746827e-05,0.0005802000000585394,0.504840300000069
3,Random,OriginalOrder,10,5,9070,53.9,228,50.4,541,6.2,3.5,44.199999999999996,47.699999999999996,0.0,4.8000000333559e-05,2.0000015865662135e-07,0.504840300000069
3,Random,MarginalGainPredictor,10,5,9070,53.9,228,50.4,611,15.7,3.5,34.7,38.2,0.0,4.8000000333559e-05,0.0004650000000765431,0.504840300000069
3,Random,OriginalOrder,20,5,9070,53.9,228,50.4,541,6.2,3.5,44.199999999999996,47.699999999999996,0.0,4.8000000333559e-05,2.0000015865662135e-07,0.504840300000069
3,Random,MarginalGainPredictor,20,5,9070,53.9,228,50.4,410,41.5,3.5,8.899999999999999,12.399999999999999,0.0,4.8000000333559e-05,0.0004659999999603315,0.504840300000069
3,Random,OriginalOrder,50,5,9070,53.9,228,50.4,541,6.2,3.5,44.199999999999996,47.699999999999996,0.0,4.8000000333559e-05,2.0000015865662135e-07,0.504840300000069
3,Random,MarginalGainPredictor,50,5,9070,53.9,228,50.4,410,41.5,3.5,8.899999999999999,12.399999999999999,0.0,4.8000000333559e-05,0.0004889000001639943,0.504840300000069
3,Random,OriginalOrder,100,5,9070,53.9,228,50.4,541,6.2,3.5,44.199999999999996,47.699999999999996,0.0,4.8000000333559e-05,1.9999970390927047e-07,0.504840300000069
3,Random,MarginalGainPredictor,100,5,9070,53.9,228,50.4,410,41.5,3.5,8.899999999999999,12.399999999999999,0.0,4.8000000333559e-05,0.0005474999998114072,0.504840300000069
3,Random,OriginalOrder,10,6,9070,53.9,310,42.8,310,42.8,11.100000000000001,0.0,11.100000000000001,0.0,4.739999985758914e-05,9.999985195463523e-08,0.504840300000069
3,Random,MarginalGainPredictor,10,6,9070,53.9,310,42.8,310,42.8,11.100000000000001,0.0,11.100000000000001,0.0,4.739999985758914e-05,0.0004656000000977656,0.504840300000069
3,Random,OriginalOrder,20,6,9070,53.9,310,42.8,310,42.8,11.100000000000001,0.0,11.100000000000001,0.0,4.739999985758914e-05,1.9999970390927047e-07,0.504840300000069
3,Random,MarginalGainPredictor,20,6,9070,53.9,310,42.8,310,42.8,11.100000000000001,0.0,11.100000000000001,0.0,4.739999985758914e-05,0.0004712999998446321,0.504840300000069
3,Random,OriginalOrder,50,6,9070,53.9,310,42.8,310,42.8,11.100000000000001,0.0,11.100000000000001,0.0,4.739999985758914e-05,2.0000015865662135e-07,0.504840300000069
3,Random,MarginalGainPredictor,50,6,9070,53.9,310,42.8,410,41.5,11.100000000000001,1.2999999999999972,12.399999999999999,0.0,4.739999985758914e-05,0.0004932000001645065,0.504840300000069
3,Random,OriginalOrder,100,6,9070,53.9,310,42.8,310,42.8,11.100000000000001,0.0,11.100000000000001,0.0,4.739999985758914e-05,2.0000015865662135e-07,0.504840300000069
3,Random,MarginalGainPredictor,100,6,9070,53.9,310,42.8,410,41.5,11.100000000000001,1.2999999999999972,12.399999999999999,0.0,4.739999985758914e-05,0.000576699999783159,0.504840300000069
3,Random,OriginalOrder,10,7,9070,53.9,1807,43.3,14013,3.9,10.600000000000001,39.4,50.0,0.0,4.740000031233649e-05,1.9999970390927047e-07,0.504840300000069
3,Random,MarginalGainPredictor,10,7,9070,53.9,1807,43.3,1807,43.3,10.600000000000001,0.0,10.600000000000001,0.0,4.740000031233649e-05,0.0004650000000765431,0.504840300000069
3,Random,OriginalOrder,20,7,9070,53.9,1807,43.3,14013,3.9,10.600000000000001,39.4,50.0,0.0,4.740000031233649e-05,9.999985195463523e-08,0.504840300000069
3,Random,MarginalGainPredictor,20,7,9070,53.9,1807,43.3,1807,43.3,10.600000000000001,0.0,10.600000000000001,0.0,4.740000031233649e-05,0.0004656000000977656,0.504840300000069
3,Random,OriginalOrder,50,7,9070,53.9,1807,43.3,14013,3.9,10.600000000000001,39.4,50.0,0.0,4.740000031233649e-05,1.0000030670198612e-07,0.504840300000069
3,Random,MarginalGainPredictor,50,7,9070,53.9,1807,43.3,410,41.5,10.600000000000001,1.7999999999999972,12.399999999999999,0.0,4.740000031233649e-05,0.0004859000000578817,0.504840300000069
3,Random,OriginalOrder,100,7,9070,53.9,1807,43.3,14013,3.9,10.600000000000001,39.4,50.0,0.0,4.740000031233649e-05,9.999985195463523e-08,0.504840300000069
3,Random,MarginalGainPredictor,100,7,9070,53.9,1807,43.3,410,41.5,10.600000000000001,1.7999999999999972,12.399999999999999,0.0,4.740000031233649e-05,0.0005578999998760992,0.504840300000069
3,Random,OriginalOrder,10,8,9070,53.9,310,42.8,310,42.8,11.100000000000001,0.0,11.100000000000001,0.0,4.760000001624576e-05,1.0000030670198612e-07,0.504840300000069
3,Random,MarginalGainPredictor,10,8,9070,53.9,310,42.8,310,42.8,11.100000000000001,0.0,11.100000000000001,0.0,4.760000001624576e-05,0.0004687999999077874,0.504840300000069
3,Random,OriginalOrder,20,8,9070,53.9,310,42.8,310,42.8,11.100000000000001,0.0,11.100000000000001,0.0,4.760000001624576e-05,2.0000015865662135e-07,0.504840300000069
3,Random,MarginalGainPredictor,20,8,9070,53.9,310,42.8,310,42.8,11.100000000000001,0.0,11.100000000000001,0.0,4.760000001624576e-05,0.0004866000003858062,0.504840300000069
3,Random,OriginalOrder,50,8,9070,53.9,310,42.8,310,42.8,11.100000000000001,0.0,11.100000000000001,0.0,4.760000001624576e-05,9.999985195463523e-08,0.504840300000069
3,Random,MarginalGainPredictor,50,8,9070,53.9,310,42.8,310,42.8,11.100000000000001,0.0,11.100000000000001,0.0,4.760000001624576e-05,0.0005065999998805637,0.504840300000069
3,Random,OriginalOrder,100,8,9070,53.9,228,50.4,310,42.8,3.5,7.600000000000001,11.100000000000001,0.0,4.760000001624576e-05,1.0000030670198612e-07,0.504840300000069
3,Random,MarginalGainPredictor,100,8,9070,53.9,228,50.4,310,42.8,3.5,7.600000000000001,11.100000000000001,0.0,4.760000001624576e-05,0.0005551000003833906,0.504840300000069
3,Random,OriginalOrder,10,9,9070,53.9,3225,39.2,711,4.1,14.699999999999996,35.1,49.8,0.0,4.649999982575537e-05,2.0000015865662135e-07,0.504840300000069
3,Random,MarginalGainPredictor,10,9,9070,53.9,3225,39.2,5753,35.8,14.699999999999996,3.4000000000000057,18.1,0.0,4.649999982575537e-05,0.0004674000001614331,0.504840300000069
3,Random,OriginalOrder,20,9,9070,53.9,3916,40.0,711,4.1,13.899999999999999,35.9,49.8,0.0,4.649999982575537e-05,2.0000015865662135e-07,0.504840300000069
3,Random,MarginalGainPredictor,20,9,9070,53.9,3916,40.0,1423,15.0,13.899999999999999,25.0,38.9,0.0,4.649999982575537e-05,0.0004650000000765431,0.504840300000069
3,Random,OriginalOrder,50,9,9070,53.9,3916,40.0,711,4.1,13.899999999999999,35.9,49.8,0.0,4.649999982575537e-05,9.999985195463523e-08,0.504840300000069
3,Random,MarginalGainPredictor,50,9,9070,53.9,3916,40.0,7995,24.0,13.899999999999999,16.0,29.9,0.0,4.649999982575537e-05,0.0005047000004196889,0.504840300000069
3,Random,OriginalOrder,100,9,9070,53.9,1807,43.3,711,4.1,10.600000000000001,39.199999999999996,49.8,0.0,4.649999982575537e-05,1.9999970390927047e-07,0.504840300000069
3,Random,MarginalGainPredictor,100,9,9070,53.9,1807,43.3,1807,43.3,10.600000000000001,0.0,10.600000000000001,0.0,4.649999982575537e-05,0.0005365999995774473,0.504840300000069
4,Degree,OriginalOrder,10,,228,48.0,310,46.9,916,17.8,1.1000000000000014,29.099999999999998,30.2,0.0,9.679999993750243e-05,2.0000015865662135e-07,0.4736547000002247
4,Degree,MarginalGainPredictor,10,,228,48.0,310,46.9,410,45.9,1.1000000000000014,1.0,2.1000000000000014,0.0,9.679999993750243e-05,0.0012349999997240957,0.4736547000002247
4,Degree,OriginalOrder,20,,228,48.0,310,46.9,916,17.8,1.1000000000000014,29.099999999999998,30.2,0.0,9.679999993750243e-05,3.000000106112566e-07,0.4736547000002247
4,Degree,MarginalGainPredictor,20,,228,48.0,310,46.9,410,45.9,1.1000000000000014,1.0,2.1000000000000014,0.0,9.679999993750243e-05,0.0006425000001399894,0.4736547000002247
4,Degree,OriginalOrder,50,,228,48.0,228,48.0,916,17.8,0.0,30.2,30.2,0.0,9.679999993750243e-05,3.000000106112566e-07,0.4736547000002247
4,Degree,MarginalGainPredictor,50,,228,48.0,228,48.0,410,45.9,0.0,2.1000000000000014,2.1000000000000014,0.0,9.679999993750243e-05,0.0006085999998504121,0.4736547000002247
4,Degree,OriginalOrder,100,,228,48.0,228,48.0,916,17.8,0.0,30.2,30.2,0.0,9.679999993750243e-05,2.0000015865662135e-07,0.4736547000002247
4,Degree,MarginalGainPredictor,100,,228,48.0,228,48.0,410,45.9,0.0,2.1000000000000014,2.1000000000000014,0.0,9.679999993750243e-05,0.0005866999999852851,0.4736547000002247
4,DegreeDiscount,OriginalOrder,10,,228,48.0,310,46.9,12802,21.1,1.1000000000000014,25.799999999999997,26.9,0.0,0.0030650000003333844,3.000000106112566e-07,0.4736547000002247
4,DegreeDiscount,MarginalGainPredictor,10,,228,48.0,310,46.9,310,46.9,1.1000000000000014,0.0,1.1000000000000014,0.0,0.0030650000003333844,0.0005284999997456907,0.4736547000002247
4,DegreeDiscount,OriginalOrder,20,,228,48.0,310,46.9,12802,21.1,1.1000000000000014,25.799999999999997,26.9,0.0,0.0030650000003333844,9.999985195463523e-08,0.4736547000002247
4,DegreeDiscount,MarginalGainPredictor,20,,228,48.0,310,46.9,310,46.9,1.1000000000000014,0.0,1.1000000000000014,0.0,0.0030650000003333844,0.0004885999996986357,0.4736547000002247
4,DegreeDiscount,OriginalOrder,50,,228,48.0,310,46.9,12802,21.1,1.1000000000000014,25.799999999999997,26.9,0.0,0.0030650000003333844,2.0000015865662135e-07,0.4736547000002247
4,DegreeDiscount,MarginalGainPredictor,50,,228,48.0,310,46.9,410,45.9,1.1000000000000014,1.0,2.1000000000000014,0.0,0.0030650000003333844,0.00053650000018024,0.4736547000002247
4,DegreeDiscount,OriginalOrder,100,,228,48.0,228,48.0,12802,21.1,0.0,26.9,26.9,0.0,0.0030650000003333844,9.999985195463523e-08,0.4736547000002247
4,DegreeDiscount,MarginalGainPredictor,100,,228,48.0,228,48.0,410,45.9,0.0,2.1000000000000014,2.1000000000000014,0.0,0.0030650000003333844,0.0005498999998962972,0.4736547000002247
4,FeatureDQN,OriginalOrder,10,,228,48.0,4826,16.2,2034,8.7,31.8,7.5,39.3,-3.552713678800501e-15,0.0012520000000222353,2.0000015865662135e-07,0.4736547000002247
4,FeatureDQN,MarginalGainPredictor,10,,228,48.0,4826,16.2,905,10.1,31.8,6.1,37.9,-1.7763568394002505e-15,0.0012520000000222353,0.0004839000002903049,0.4736547000002247
4,FeatureDQN,OriginalOrder,20,,228,48.0,228,48.0,2034,8.7,0.0,39.3,39.3,0.0,0.0012520000000222353,9.999985195463523e-08,0.4736547000002247
4,FeatureDQN,MarginalGainPredictor,20,,228,48.0,228,48.0,892,28.6,0.0,19.4,19.4,0.0,0.0012520000000222353,0.00047989999984565657,0.4736547000002247
4,FeatureDQN,OriginalOrder,50,,228,48.0,228,48.0,2034,8.7,0.0,39.3,39.3,0.0,0.0012520000000222353,1.9999970390927047e-07,0.4736547000002247
4,FeatureDQN,MarginalGainPredictor,50,,228,48.0,228,48.0,916,17.8,0.0,30.2,30.2,0.0,0.0012520000000222353,0.0008671999999023683,0.4736547000002247
4,FeatureDQN,OriginalOrder,100,,228,48.0,228,48.0,2034,8.7,0.0,39.3,39.3,0.0,0.0012520000000222353,2.0000015865662135e-07,0.4736547000002247
4,FeatureDQN,MarginalGainPredictor,100,,228,48.0,228,48.0,916,17.8,0.0,30.2,30.2,0.0,0.0012520000000222353,0.0005633000000671018,0.4736547000002247
4,Random,OriginalOrder,10,0,228,48.0,228,48.0,282,11.7,0.0,36.3,36.3,0.0,5.310000005920301e-05,2.0000015865662135e-07,0.4736547000002247
4,Random,MarginalGainPredictor,10,0,228,48.0,228,48.0,1277,0.0,0.0,48.0,48.0,0.0,5.310000005920301e-05,0.0005001999998057727,0.4736547000002247
4,Random,OriginalOrder,20,0,228,48.0,228,48.0,282,11.7,0.0,36.3,36.3,0.0,5.310000005920301e-05,1.9999970390927047e-07,0.4736547000002247
4,Random,MarginalGainPredictor,20,0,228,48.0,228,48.0,1277,0.0,0.0,48.0,48.0,0.0,5.310000005920301e-05,0.0004647000000659318,0.4736547000002247
4,Random,OriginalOrder,50,0,228,48.0,228,48.0,282,11.7,0.0,36.3,36.3,0.0,5.310000005920301e-05,1.9999970390927047e-07,0.4736547000002247
4,Random,MarginalGainPredictor,50,0,228,48.0,228,48.0,1807,27.0,0.0,21.0,21.0,0.0,5.310000005920301e-05,0.0005513000000973989,0.4736547000002247
4,Random,OriginalOrder,100,0,228,48.0,228,48.0,282,11.7,0.0,36.3,36.3,0.0,5.310000005920301e-05,2.0000015865662135e-07,0.4736547000002247
4,Random,MarginalGainPredictor,100,0,228,48.0,228,48.0,1807,27.0,0.0,21.0,21.0,0.0,5.310000005920301e-05,0.0005436999999801628,0.4736547000002247
4,Random,OriginalOrder,10,1,228,48.0,310,46.9,12383,2.2,1.1000000000000014,44.699999999999996,45.8,0.0,4.820000003746827e-05,1.9999970390927047e-07,0.4736547000002247
4,Random,MarginalGainPredictor,10,1,228,48.0,310,46.9,410,45.9,1.1000000000000014,1.0,2.1000000000000014,0.0,4.820000003746827e-05,0.0004577999998218729,0.4736547000002247
4,Random,OriginalOrder,20,1,228,48.0,310,46.9,12383,2.2,1.1000000000000014,44.699999999999996,45.8,0.0,4.820000003746827e-05,1.9999970390927047e-07,0.4736547000002247
4,Random,MarginalGainPredictor,20,1,228,48.0,310,46.9,410,45.9,1.1000000000000014,1.0,2.1000000000000014,0.0,4.820000003746827e-05,0.0004625000001396984,0.4736547000002247
4,Random,OriginalOrder,50,1,228,48.0,310,46.9,12383,2.2,1.1000000000000014,44.699999999999996,45.8,0.0,4.820000003746827e-05,2.0000015865662135e-07,0.4736547000002247
4,Random,MarginalGainPredictor,50,1,228,48.0,310,46.9,410,45.9,1.1000000000000014,1.0,2.1000000000000014,0.0,4.820000003746827e-05,0.00048779999997350387,0.4736547000002247
4,Random,OriginalOrder,100,1,228,48.0,310,46.9,12383,2.2,1.1000000000000014,44.699999999999996,45.8,0.0,4.820000003746827e-05,2.0000015865662135e-07,0.4736547000002247
4,Random,MarginalGainPredictor,100,1,228,48.0,310,46.9,410,45.9,1.1000000000000014,1.0,2.1000000000000014,0.0,4.820000003746827e-05,0.0005385999997997715,0.4736547000002247
4,Random,OriginalOrder,10,2,228,48.0,7123,26.4,7123,26.4,21.6,0.0,21.6,0.0,4.8100000185513636e-05,9.999985195463523e-08,0.4736547000002247
4,Random,MarginalGainPredictor,10,2,228,48.0,7123,26.4,1249,26.3,21.6,0.09999999999999787,21.7,0.0,4.8100000185513636e-05,0.0004913000002488843,0.4736547000002247
4,Random,OriginalOrder,20,2,228,48.0,7123,26.4,7123,26.4,21.6,0.0,21.6,0.0,4.8100000185513636e-05,1.9999970390927047e-07,0.4736547000002247
4,Random,MarginalGainPredictor,20,2,228,48.0,7123,26.4,820,13.3,21.6,13.099999999999998,34.7,3.552713678800501e-15,4.8100000185513636e-05,0.00048199999991993536,0.4736547000002247
4,Random,OriginalOrder,50,2,228,48.0,4285,28.1,7123,26.4,19.9,1.7000000000000028,21.6,0.0,4.8100000185513636e-05,2.0000015865662135e-07,0.4736547000002247
4,Random,MarginalGainPredictor,50,2,228,48.0,4285,28.1,820,13.3,19.9,14.8,34.7,3.552713678800501e-15,4.8100000185513636e-05,0.0005010999998376064,0.4736547000002247
4,Random,OriginalOrder,100,2,228,48.0,228,48.0,7123,26.4,0.0,21.6,21.6,0.0,4.8100000185513636e-05,2.0000015865662135e-07,0.4736547000002247
4,Random,MarginalGainPredictor,100,2,228,48.0,228,48.0,410,45.9,0.0,2.1000000000000014,2.1000000000000014,0.0,4.8100000185513636e-05,0.0005350999999791384,0.4736547000002247
4,Random,OriginalOrder,10,3,228,48.0,2477,25.1,2510,12.9,22.9,12.200000000000001,35.1,1.7763568394002505e-15,4.760000001624576e-05,2.0000015865662135e-07,0.4736547000002247
4,Random,MarginalGainPredictor,10,3,228,48.0,2477,25.1,1277,0.0,22.9,25.1,48.0,0.0,4.760000001624576e-05,0.00045319999981074943,0.4736547000002247
4,Random,OriginalOrder,20,3,228,48.0,228,48.0,2510,12.9,0.0,35.1,35.1,0.0,4.760000001624576e-05,1.0000030670198612e-07,0.4736547000002247
4,Random,MarginalGainPredictor,20,3,228,48.0,228,48.0,1277,0.0,0.0,48.0,48.0,0.0,4.760000001624576e-05,0.00047630000017306884,0.4736547000002247
4,Random,OriginalOrder,50,3,228,48.0,228,48.0,2510,12.9,0.0,35.1,35.1,0.0,4.760000001624576e-05,2.0000015865662135e-07,0.4736547000002247
4,Random,MarginalGainPredictor,50,3,228,48.0,228,48.0,1277,0.0,0.0,48.0,48.0,0.0,4.760000001624576e-05,0.0004899000000477827,0.4736547000002247
4,Random,OriginalOrder,100,3,228,48.0,228,48.0,2510,12.9,0.0,35.1,35.1,0.0,4.760000001624576e-05,9.999985195463523e-08,0.4736547000002247
4,Random,MarginalGainPredictor,100,3,228,48.0,228,48.0,310,46.9,0.0,1.1000000000000014,1.1000000000000014,0.0,4.760000001624576e-05,0.0005225999998401676,0.4736547000002247
4,Random,OriginalOrder,10,4,228,48.0,5454,27.0,1638,9.6,21.0,17.4,38.4,0.0,4.7199999698932515e-05,1.0000030670198612e-07,0.4736547000002247
4,Random,MarginalGainPredictor,10,4,228,48.0,5454,27.0,5454,27.0,21.0,0.0,21.0,0.0,4.7199999698932515e-05,0.0004426999998941028,0.4736547000002247
4,Random,OriginalOrder,20,4,228,48.0,310,46.9,1638,9.6,1.1000000000000014,37.3,38.4,0.0,4.7199999698932515e-05,3.000000106112566e-07,0.4736547000002247
4,Random,MarginalGainPredictor,20,4,228,48.0,310,46.9,310,46.9,1.1000000000000014,0.0,1.1000000000000014,0.0,4.7199999698932515e-05,0.0005046999999649415,0.4736547000002247
4,Random,OriginalOrder,50,4,228,48.0,310,46.9,1638,9.6,1.1000000000000014,37.3,38.4,0.0,4.7199999698932515e-05,2.0000015865662135e-07,0.4736547000002247
4,Random,MarginalGainPredictor,50,4,228,48.0,310,46.9,310,46.9,1.1000000000000014,0.0,1.1000000000000014,0.0,4.7199999698932515e-05,0.0005136999998285319,0.4736547000002247
4,Random,OriginalOrder,100,4,228,48.0,228,48.0,1638,9.6,0.0,38.4,38.4,0.0,4.7199999698932515e-05,1.0000030670198612e-07,0.4736547000002247
4,Random,MarginalGainPredictor,100,4,228,48.0,228,48.0,310,46.9,0.0,1.1000000000000014,1.1000000000000014,0.0,4.7199999698932515e-05,0.0005224000001362583,0.4736547000002247
4,Random,OriginalOrder,10,5,228,48.0,410,45.9,9077,11.2,2.1000000000000014,34.7,36.8,-7.105427357601002e-15,4.660000013245735e-05,2.0000015865662135e-07,0.4736547000002247
4,Random,MarginalGainPredictor,10,5,228,48.0,410,45.9,410,45.9,2.1000000000000014,0.0,2.1000000000000014,0.0,4.660000013245735e-05,0.00044579999985217,0.4736547000002247
4,Random,OriginalOrder,20,5,228,48.0,410,45.9,9077,11.2,2.1000000000000014,34.7,36.8,-7.105427357601002e-15,4.660000013245735e-05,2.0000015865662135e-07,0.4736547000002247
4,Random,MarginalGainPredictor,20,5,228,48.0,410,45.9,410,45.9,2.1000000000000014,0.0,2.1000000000000014,0.0,4.660000013245735e-05,0.00048719999995228136,0.4736547000002247
4,Random,OriginalOrder,50,5,228,48.0,228,48.0,9077,11.2,0.0,36.8,36.8,0.0,4.660000013245735e-05,1.9999970390927047e-07,0.4736547000002247
4,Random,MarginalGainPredictor,50,5,228,48.0,228,48.0,410,45.9,0.0,2.1000000000000014,2.1000000000000014,0.0,4.660000013245735e-05,0.0004953000002387853,0.4736547000002247
4,Random,OriginalOrder,100,5,228,48.0,228,48.0,9077,11.2,0.0,36.8,36.8,0.0,4.660000013245735e-05,2.0000015865662135e-07,0.4736547000002247
4,Random,MarginalGainPredictor,100,5,228,48.0,228,48.0,410,45.9,0.0,2.1000000000000014,2.1000000000000014,0.0,4.660000013245735e-05,0.0005225999998401676,0.4736547000002247
4,Random,OriginalOrder,10,6,228,48.0,124,13.2,4824,10.7,34.8,2.5,37.3,0.0,4.760000001624576e-05,1.9999970390927047e-07,0.4736547000002247
4,Random,MarginalGainPredictor,10,6,228,48.0,124,13.2,611,10.8,34.8,2.3999999999999986,37.2,7.105427357601002e-15,4.760000001624576e-05,0.00044270000034885015,0.4736547000002247
4,Random,OriginalOrder,20,6,228,48.0,5454,27.0,4824,10.7,21.0,16.3,37.3,-3.552713678800501e-15,4.760000001624576e-05,2.0000015865662135e-07,0.4736547000002247
4,Random,MarginalGainPredictor,20,6,228,48.0,5454,27.0,3078,20.0,21.0,7.0,28.0,0.0,4.760000001624576e-05,0.0004652000002351997,0.4736547000002247
4,Random,OriginalOrder,50,6,228,48.0,228,48.0,4824,10.7,0.0,37.3,37.3,0.0,4.760000001624576e-05,2.0000015865662135e-07,0.4736547000002247
4,Random,MarginalGainPredictor,50,6,228,48.0,228,48.0,916,17.8,0.0,30.2,30.2,0.0,4.760000001624576e-05,0.0005028000000493194,0.4736547000002247
4,Random,OriginalOrder,100,6,228,48.0,228,48.0,4824,10.7,0.0,37.3,37.3,0.0,4.760000001624576e-05,2.0000015865662135e-07,0.4736547000002247
4,Random,MarginalGainPredictor,100,6,228,48.0,228,48.0,310,46.9,0.0,1.1000000000000014,1.1000000000000014,0.0,4.760000001624576e-05,0.0006332000002657878,0.4736547000002247
4,Random,OriginalOrder,10,7,228,48.0,2216,27.4,12377,5.0,20.6,22.4,43.0,0.0,4.850000004807953e-05,9.999985195463523e-08,0.4736547000002247
4,Random,MarginalGainPredictor,10,7,228,48.0,2216,27.4,2216,27.4,20.6,0.0,20.6,0.0,4.850000004807953e-05,0.0004917999999634048,0.4736547000002247
4,Random,OriginalOrder,20,7,228,48.0,8264,44.2,12377,5.0,3.799999999999997,39.2,43.0,0.0,4.850000004807953e-05,1.0000030670198612e-07,0.4736547000002247
4,Random,MarginalGainPredictor,20,7,228,48.0,8264,44.2,2216,27.4,3.799999999999997,16.800000000000004,20.6,0.0,4.850000004807953e-05,0.0005129999999553547,0.4736547000002247
4,Random,OriginalOrder,50,7,228,48.0,8264,44.2,12377,5.0,3.799999999999997,39.2,43.0,0.0,4.850000004807953e-05,1.0000030670198612e-07,0.4736547000002247
4,Random,MarginalGainPredictor,50,7,228,48.0,8264,44.2,2216,27.4,3.799999999999997,16.800000000000004,20.6,0.0,4.850000004807953e-05,0.0005039000002398097,0.4736547000002247
4,Random,OriginalOrder,100,7,228,48.0,8264,44.2,12377,5.0,3.799999999999997,39.2,43.0,0.0,4.850000004807953e-05,2.0000015865662135e-07,0.4736547000002247
4,Random,MarginalGainPredictor,100,7,228,48.0,8264,44.2,2216,27.4,3.799999999999997,16.800000000000004,20.6,0.0,4.850000004807953e-05,0.000530100000105449,0.4736547000002247
4,Random,OriginalOrder,10,8,228,48.0,2216,27.4,2034,8.7,20.6,18.7,39.3,-3.552713678800501e-15,4.779999972015503e-05,9.999985195463523e-08,0.4736547000002247
4,Random,MarginalGainPredictor,10,8,228,48.0,2216,27.4,1807,27.0,20.6,0.3999999999999986,21.0,0.0,4.779999972015503e-05,0.00048449999985678005,0.4736547000002247
4,Random,OriginalOrder,20,8,228,48.0,2216,27.4,2034,8.7,20.6,18.7,39.3,-3.552713678800501e-15,4.779999972015503e-05,1.9999970390927047e-07,0.4736547000002247
4,Random,MarginalGainPredictor,20,8,228,48.0,2216,27.4,1807,27.0,20.6,0.3999999999999986,21.0,0.0,4.779999972015503e-05,0.0004646000002139772,0.4736547000002247
4,Random,OriginalOrder,50,8,228,48.0,1920,36.8,2034,8.7,11.200000000000003,28.099999999999998,39.3,-3.552713678800501e-15,4.779999972015503e-05,9.999985195463523e-08,0.4736547000002247
4,Random,MarginalGainPredictor,50,8,228,48.0,1920,36.8,1807,27.0,11.200000000000003,9.799999999999997,21.0,0.0,4.779999972015503e-05,0.0004897999997410807,0.4736547000002247
4,Random,OriginalOrder,100,8,228,48.0,228,48.0,2034,8.7,0.0,39.3,39.3,0.0,4.779999972015503e-05,2.0000015865662135e-07,0.4736547000002247
4,Random,MarginalGainPredictor,100,8,228,48.0,228,48.0,1807,27.0,0.0,21.0,21.0,0.0,4.779999972015503e-05,0.0005240999998932239,0.4736547000002247
4,Random,OriginalOrder,10,9,228,48.0,14011,13.3,2717,0.0,34.7,13.3,48.0,-3.552713678800501e-15,4.639999997380073e-05,9.999985195463523e-08,0.4736547000002247
4,Random,MarginalGainPredictor,10,9,228,48.0,14011,13.3,6314,11.2,34.7,2.1000000000000014,36.8,-7.105427357601002e-15,4.639999997380073e-05,0.00047420000009879004,0.4736547000002247
4,Random,OriginalOrder,20,9,228,48.0,1439,23.5,2717,0.0,24.5,23.5,48.0,0.0,4.639999997380073e-05,2.0000015865662135e-07,0.4736547000002247
4,Random,MarginalGainPredictor,20,9,228,48.0,1439,23.5,1439,23.5,24.5,0.0,24.5,0.0,4.639999997380073e-05,0.0004652000002351997,0.4736547000002247
4,Random,OriginalOrder,50,9,228,48.0,592,26.2,2717,0.0,21.8,26.2,48.0,0.0,4.639999997380073e-05,2.0000015865662135e-07,0.4736547000002247
4,Random,MarginalGainPredictor,50,9,228,48.0,592,26.2,1439,23.5,21.8,2.6999999999999993,24.5,0.0,4.639999997380073e-05,0.0004833000002690824,0.4736547000002247
4,Random,OriginalOrder,100,9,228,48.0,310,46.9,2717,0.0,1.1000000000000014,46.9,48.0,0.0,4.639999997380073e-05,9.999985195463523e-08,0.4736547000002247
4,Random,MarginalGainPredictor,100,9,228,48.0,310,46.9,310,46.9,1.1000000000000014,0.0,1.1000000000000014,0.0,4.639999997380073e-05,0.0005230000001574808,0.4736547000002247
5,Degree,OriginalOrder,10,,310,48.5,310,48.5,916,23.2,0.0,25.3,25.3,0.0,8.32000000627886e-05,2.0000015865662135e-07,0.5123256000001675
5,Degree,MarginalGainPredictor,10,,310,48.5,310,48.5,410,42.9,0.0,5.600000000000001,5.600000000000001,0.0,8.32000000627886e-05,0.0012139999998908024,0.5123256000001675
5,Degree,OriginalOrder,20,,310,48.5,310,48.5,916,23.2,0.0,25.3,25.3,0.0,8.32000000627886e-05,1.9999970390927047e-07,0.5123256000001675
5,Degree,MarginalGainPredictor,20,,310,48.5,310,48.5,410,42.9,0.0,5.600000000000001,5.600000000000001,0.0,8.32000000627886e-05,0.0006336999999803083,0.5123256000001675
5,Degree,OriginalOrder,50,,310,48.5,310,48.5,916,23.2,0.0,25.3,25.3,0.0,8.32000000627886e-05,3.000000106112566e-07,0.5123256000001675
5,Degree,MarginalGainPredictor,50,,310,48.5,310,48.5,410,42.9,0.0,5.600000000000001,5.600000000000001,0.0,8.32000000627886e-05,0.0005998000001454784,0.5123256000001675
5,Degree,OriginalOrder,100,,310,48.5,310,48.5,916,23.2,0.0,25.3,25.3,0.0,8.32000000627886e-05,1.9999970390927047e-07,0.5123256000001675
5,Degree,MarginalGainPredictor,100,,310,48.5,310,48.5,410,42.9,0.0,5.600000000000001,5.600000000000001,0.0,8.32000000627886e-05,0.0005971000000499771,0.5123256000001675
5,DegreeDiscount,OriginalOrder,10,,310,48.5,310,48.5,12802,22.2,0.0,26.3,26.3,0.0,0.0030586000002585934,2.0000015865662135e-07,0.5123256000001675
5,DegreeDiscount,MarginalGainPredictor,10,,310,48.5,310,48.5,310,48.5,0.0,0.0,0.0,0.0,0.0030586000002585934,0.0005222999998295563,0.5123256000001675
5,DegreeDiscount,OriginalOrder,20,,310,48.5,310,48.5,12802,22.2,0.0,26.3,26.3,0.0,0.0030586000002585934,2.0000015865662135e-07,0.5123256000001675
5,DegreeDiscount,MarginalGainPredictor,20,,310,48.5,310,48.5,310,48.5,0.0,0.0,0.0,0.0,0.0030586000002585934,0.0005037999999331078,0.5123256000001675
5,DegreeDiscount,OriginalOrder,50,,310,48.5,310,48.5,12802,22.2,0.0,26.3,26.3,0.0,0.0030586000002585934,9.999985195463523e-08,0.5123256000001675
5,DegreeDiscount,MarginalGainPredictor,50,,310,48.5,310,48.5,410,42.9,0.0,5.600000000000001,5.600000000000001,0.0,0.0030586000002585934,0.000524799999766401,0.5123256000001675
5,DegreeDiscount,OriginalOrder,100,,310,48.5,310,48.5,12802,22.2,0.0,26.3,26.3,0.0,0.0030586000002585934,9.999985195463523e-08,0.5123256000001675
5,DegreeDiscount,MarginalGainPredictor,100,,310,48.5,310,48.5,410,42.9,0.0,5.600000000000001,5.600000000000001,0.0,0.0030586000002585934,0.0005604999996648985,0.5123256000001675
5,FeatureDQN,OriginalOrder,10,,310,48.5,905,17.9,2034,8.5,30.6,9.399999999999999,40.0,0.0,0.0012443000000530446,2.0000015865662135e-07,0.5123256000001675
5,FeatureDQN,MarginalGainPredictor,10,,310,48.5,905,17.9,905,17.9,30.6,0.0,30.6,0.0,0.0012443000000530446,0.0005098999999972875,0.5123256000001675
5,FeatureDQN,OriginalOrder,20,,310,48.5,892,36.1,2034,8.5,12.399999999999999,27.6,40.0,0.0,0.0012443000000530446,2.0000015865662135e-07,0.5123256000001675
5,FeatureDQN,MarginalGainPredictor,20,,310,48.5,892,36.1,3916,26.4,12.399999999999999,9.700000000000003,22.1,0.0,0.0012443000000530446,0.0004933999998684158,0.5123256000001675
5,FeatureDQN,OriginalOrder,50,,310,48.5,892,36.1,2034,8.5,12.399999999999999,27.6,40.0,0.0,0.0012443000000530446,1.0000030670198612e-07,0.5123256000001675
5,FeatureDQN,MarginalGainPredictor,50,,310,48.5,892,36.1,916,23.2,12.399999999999999,12.900000000000002,25.3,0.0,0.0012443000000530446,0.0005964000001768,0.5123256000001675
5,FeatureDQN,OriginalOrder,100,,310,48.5,892,36.1,2034,8.5,12.399999999999999,27.6,40.0,0.0,0.0012443000000530446,9.999985195463523e-08,0.5123256000001675
5,FeatureDQN,MarginalGainPredictor,100,,310,48.5,892,36.1,916,23.2,12.399999999999999,12.900000000000002,25.3,0.0,0.0012443000000530446,0.0005842000000484404,0.5123256000001675
5,Random,OriginalOrder,10,0,310,48.5,830,25.1,7993,4.0,23.4,21.1,44.5,0.0,5.360000022847089e-05,2.0000015865662135e-07,0.5123256000001675
5,Random,MarginalGainPredictor,10,0,310,48.5,830,25.1,1352,10.1,23.4,15.000000000000002,38.4,-1.7763568394002505e-15,5.360000022847089e-05,0.0004865000000791042,0.5123256000001675
5,Random,OriginalOrder,20,0,310,48.5,1807,36.2,7993,4.0,12.299999999999997,32.2,44.5,0.0,5.360000022847089e-05,9.999985195463523e-08,0.5123256000001675
5,Random,MarginalGainPredictor,20,0,310,48.5,1807,36.2,1807,36.2,12.299999999999997,0.0,12.299999999999997,0.0,5.360000022847089e-05,0.00046840000004522153,0.5123256000001675
5,Random,OriginalOrder,50,0,310,48.5,410,42.9,7993,4.0,5.600000000000001,38.9,44.5,0.0,5.360000022847089e-05,2.0000015865662135e-07,0.5123256000001675
5,Random,MarginalGainPredictor,50,0,310,48.5,410,42.9,410,42.9,5.600000000000001,0.0,5.600000000000001,0.0,5.360000022847089e-05,0.0008168999997906212,0.5123256000001675
5,Random,OriginalOrder,100,0,310,48.5,5753,43.8,7993,4.0,4.700000000000003,39.8,44.5,0.0,5.360000022847089e-05,2.0000015865662135e-07,0.5123256000001675
5,Random,MarginalGainPredictor,100,0,310,48.5,5753,43.8,410,42.9,4.700000000000003,0.8999999999999986,5.600000000000001,0.0,5.360000022847089e-05,0.0005708000003323832,0.5123256000001675
5,Random,OriginalOrder,10,1,310,48.5,892,36.1,7993,4.0,12.399999999999999,32.1,44.5,0.0,3.7399999655463034e-05,1.0000030670198612e-07,0.5123256000001675
5,Random,MarginalGainPredictor,10,1,310,48.5,892,36.1,830,25.1,12.399999999999999,11.0,23.4,0.0,3.7399999655463034e-05,0.00040760000001682783,0.5123256000001675
5,Random,OriginalOrder,20,1,310,48.5,5753,43.8,7993,4.0,4.700000000000003,39.8,44.5,0.0,3.7399999655463034e-05,1.0000030670198612e-07,0.5123256000001675
5,Random,MarginalGainPredictor,20,1,310,48.5,5753,43.8,985,32.2,4.700000000000003,11.599999999999994,16.299999999999997,0.0,3.7399999655463034e-05,0.00040919999992183875,0.5123256000001675
5,Random,OriginalOrder,50,1,310,48.5,5753,43.8,7993,4.0,4.700000000000003,39.8,44.5,0.0,3.7399999655463034e-05,9.999985195463523e-08,0.5123256000001675
5,Random,MarginalGainPredictor,50,1,310,48.5,5753,43.8,985,32.2,4.700000000000003,11.599999999999994,16.299999999999997,0.0,3.7399999655463034e-05,0.000403099999857659,0.5123256000001675
5,Random,OriginalOrder,100,1,310,48.5,5753,43.8,7993,4.0,4.700000000000003,39.8,44.5,0.0,3.7399999655463034e-05,1.9999970390927047e-07,0.5123256000001675
5,Random,MarginalGainPredictor,100,1,310,48.5,5753,43.8,985,32.2,4.700000000000003,11.599999999999994,16.299999999999997,0.0,3.7399999655463034e-05,0.00042230000008203206,0.5123256000001675
5,Random,OriginalOrder,10,2,310,48.5,1816,21.1,2455,10.9,27.4,10.200000000000001,37.6,1.7763568394002505e-15,3.620000006776536e-05,9.999985195463523e-08,0.5123256000001675
5,Random,MarginalGainPredictor,10,2,310,48.5,1816,21.1,1816,21.1,27.4,0.0,27.4,0.0,3.620000006776536e-05,0.00035930000012740493,0.5123256000001675
5,Random,OriginalOrder,20,2,310,48.5,1816,21.1,2455,10.9,27.4,10.200000000000001,37.6,1.7763568394002505e-15,3.620000006776536e-05,1.9999970390927047e-07,0.5123256000001675
5,Random,MarginalGainPredictor,20,2,310,48.5,1816,21.1,1816,21.1,27.4,0.0,27.4,0.0,3.620000006776536e-05,0.0004205000000183645,0.5123256000001675
5,Random,OriginalOrder,50,2,310,48.5,7963,24.8,2455,10.9,23.7,13.9,37.6,1.7763568394002505e-15,3.620000006776536e-05,2.0000015865662135e-07,0.5123256000001675
5,Random,MarginalGainPredictor,50,2,310,48.5,7963,24.8,7995,19.4,23.7,5.400000000000002,29.1,0.0,3.620000006776536e-05,0.0003990000000158034,0.5123256000001675
5,Random,OriginalOrder,100,2,310,48.5,5753,43.8,2455,10.9,4.700000000000003,32.9,37.6,0.0,3.620000006776536e-05,1.9999970390927047e-07,0.5123256000001675
5,Random,MarginalGainPredictor,100,2,310,48.5,5753,43.8,7995,19.4,4.700000000000003,24.4,29.1,0.0,3.620000006776536e-05,0.0004195000001345761,0.5123256000001675
5,Random,OriginalOrder,10,3,310,48.5,4934,25.6,595,7.8,22.9,17.8,40.7,3.552713678800501e-15,3.41999998454412e-05,9.999985195463523e-08,0.5123256000001675
5,Random,MarginalGainPredictor,10,3,310,48.5,4934,25.6,98,17.7,22.9,7.900000000000002,30.8,0.0,3.41999998454412e-05,0.00035669999988385825,0.5123256000001675
5,Random,OriginalOrder,20,3,310,48.5,4934,25.6,595,7.8,22.9,17.8,40.7,3.552713678800501e-15,3.41999998454412e-05,2.0000015865662135e-07,0.5123256000001675
5,Random,MarginalGainPredictor,20,3,310,48.5,4934,25.6,820,17.8,22.9,7.800000000000001,30.7,0.0,3.41999998454412e-05,0.00035399999978835694,0.5123256000001675
5,Random,OriginalOrder,50,3,310,48.5,892,36.1,595,7.8,12.399999999999999,28.3,40.7,3.552713678800501e-15,3.41999998454412e-05,2.0000015865662135e-07,0.5123256000001675
5,Random,MarginalGainPredictor,50,3,310,48.5,892,36.1,985,32.2,12.399999999999999,3.8999999999999986,16.299999999999997,0.0,3.41999998454412e-05,0.00038500000027852366,0.5123256000001675
5,Random,OriginalOrder,100,3,310,48.5,310,48.5,595,7.8,0.0,40.7,40.7,0.0,3.41999998454412e-05,9.999985195463523e-08,0.5123256000001675
5,Random,MarginalGainPredictor,100,3,310,48.5,310,48.5,310,48.5,0.0,0.0,0.0,0.0,3.41999998454412e-05,0.0004635000000234868,0.5123256000001675
5,Random,OriginalOrder,10,4,310,48.5,5753,43.8,1140,10.3,4.700000000000003,33.5,38.2,0.0,3.41999998454412e-05,1.0000030670198612e-07,0.5123256000001675
5,Random,MarginalGainPredictor,10,4,310,48.5,5753,43.8,5753,43.8,4.700000000000003,0.0,4.700000000000003,0.0,3.41999998454412e-05,0.0003676000001178181,0.5123256000001675
5,Random,OriginalOrder,20,4,310,48.5,5753,43.8,1140,10.3,4.700000000000003,33.5,38.2,0.0,3.41999998454412e-05,2.0000015865662135e-07,0.5123256000001675
5,Random,MarginalGainPredictor,20,4,310,48.5,5753,43.8,5753,43.8,4.700000000000003,0.0,4.700000000000003,0.0,3.41999998454412e-05,0.0003579999997782579,0.5123256000001675
5,Random,OriginalOrder,50,4,310,48.5,5753,43.8,1140,10.3,4.700000000000003,33.5,38.2,0.0,3.41999998454412e-05,2.0000015865662135e-07,0.5123256000001675
5,Random,MarginalGainPredictor,50,4,310,48.5,5753,43.8,985,32.2,4.700000000000003,11.599999999999994,16.299999999999997,0.0,3.41999998454412e-05,0.0003849999998237763,0.5123256000001675
5,Random,OriginalOrder,100,4,310,48.5,5753,43.8,1140,10.3,4.700000000000003,33.5,38.2,0.0,3.41999998454412e-05,9.999985195463523e-08,0.5123256000001675
5,Random,MarginalGainPredictor,100,4,310,48.5,5753,43.8,985,32.2,4.700000000000003,11.599999999999994,16.299999999999997,0.0,3.41999998454412e-05,0.00043819999973493395,0.5123256000001675
5,Random,OriginalOrder,10,5,310,48.5,692,22.5,88,5.3,26.0,17.2,43.2,3.552713678800501e-15,3.329999981360743e-05,9.999985195463523e-08,0.5123256000001675
5,Random,MarginalGainPredictor,10,5,310,48.5,692,22.5,692,22.5,26.0,0.0,26.0,0.0,3.329999981360743e-05,0.0003602000001592387,0.5123256000001675
5,Random,OriginalOrder,20,5,310,48.5,2477,27.1,88,5.3,21.4,21.8,43.2,3.552713678800501e-15,3.329999981360743e-05,2.0000015865662135e-07,0.5123256000001675
5,Random,MarginalGainPredictor,20,5,310,48.5,2477,27.1,1249,18.3,21.4,8.8,30.2,0.0,3.329999981360743e-05,0.0003600000000005821,0.5123256000001675
5,Random,OriginalOrder,50,5,310,48.5,2216,29.2,88,5.3,19.3,23.9,43.2,3.552713678800501e-15,3.329999981360743e-05,9.999985195463523e-08,0.5123256000001675
5,Random,MarginalGainPredictor,50,5,310,48.5,2216,29.2,2216,29.2,19.3,0.0,19.3,0.0,3.329999981360743e-05,0.0003832000002148561,0.5123256000001675
5,Random,OriginalOrder,100,5,310,48.5,310,48.5,88,5.3,0.0,43.2,43.2,0.0,3.329999981360743e-05,2.0000015865662135e-07,0.5123256000001675
5,Random,MarginalGainPredictor,100,5,310,48.5,310,48.5,310,48.5,0.0,0.0,0.0,0.0,3.329999981360743e-05,0.00042340000027252245,0.5123256000001675
5,Random,OriginalOrder,10,6,310,48.5,985,32.2,985,32.2,16.299999999999997,0.0,16.299999999999997,0.0,3.2699999792384915e-05,9.999985195463523e-08,0.5123256000001675
5,Random,MarginalGainPredictor,10,6,310,48.5,985,32.2,985,32.2,16.299999999999997,0.0,16.299999999999997,0.0,3.2699999792384915e-05,0.00039120000019465806,0.5123256000001675
5,Random,OriginalOrder,20,6,310,48.5,985,32.2,985,32.2,16.299999999999997,0.0,16.299999999999997,0.0,3.2699999792384915e-05,1.9999970390927047e-07,0.5123256000001675
5,Random,MarginalGainPredictor,20,6,310,48.5,985,32.2,985,32.2,16.299999999999997,0.0,16.299999999999997,0.0,3.2699999792384915e-05,0.00036559999989549397,0.5123256000001675
5,Random,OriginalOrder,50,6,310,48.5,985,32.2,985,32.2,16.299999999999997,0.0,16.299999999999997,0.0,3.2699999792384915e-05,2.0000015865662135e-07,0.5123256000001675
5,Random,MarginalGainPredictor,50,6,310,48.5,985,32.2,985,32.2,16.299999999999997,0.0,16.299999999999997,0.0,3.2699999792384915e-05,0.0003793999999288644,0.5123256000001675
5,Random,OriginalOrder,100,6,310,48.5,985,32.2,985,32.2,16.299999999999997,0.0,16.299999999999997,0.0,3.2699999792384915e-05,9.999985195463523e-08,0.5123256000001675
5,Random,MarginalGainPredictor,100,6,310,48.5,985,32.2,985,32.2,16.299999999999997,0.0,16.299999999999997,0.0,3.2699999792384915e-05,0.0004334000000199012,0.5123256000001675
5,Random,OriginalOrder,10,7,310,48.5,985,32.2,1978,14.6,16.299999999999997,17.6,33.9,0.0,3.480000032141106e-05,9.999985195463523e-08,0.5123256000001675
5,Random,MarginalGainPredictor,10,7,310,48.5,985,32.2,985,32.2,16.299999999999997,0.0,16.299999999999997,0.0,3.480000032141106e-05,0.0003521999997246894,0.5123256000001675
5,Random,OriginalOrder,20,7,310,48.5,5753,43.8,1978,14.6,4.700000000000003,29.199999999999996,33.9,0.0,3.480000032141106e-05,9.999985195463523e-08,0.5123256000001675
5,Random,MarginalGainPredictor,20,7,310,48.5,5753,43.8,985,32.2,4.700000000000003,11.599999999999994,16.299999999999997,0.0,3.480000032141106e-05,0.0003633000001173059,0.5123256000001675
5,Random,OriginalOrder,50,7,310,48.5,5753,43.8,1978,14.6,4.700000000000003,29.199999999999996,33.9,0.0,3.480000032141106e-05,9.999985195463523e-08,0.5123256000001675
5,Random,MarginalGainPredictor,50,7,310,48.5,5753,43.8,985,32.2,4.700000000000003,11.599999999999994,16.299999999999997,0.0,3.480000032141106e-05,0.00038349999977072,0.5123256000001675
5,Random,OriginalOrder,100,7,310,48.5,5753,43.8,1978,14.6,4.700000000000003,29.199999999999996,33.9,0.0,3.480000032141106e-05,9.999985195463523e-08,0.5123256000001675
5,Random,MarginalGainPredictor,100,7,310,48.5,5753,43.8,1807,36.2,4.700000000000003,7.599999999999994,12.299999999999997,0.0,3.480000032141106e-05,0.0004063000001224282,0.5123256000001675
5,Random,OriginalOrder,10,8,310,48.5,8264,30.1,8264,30.1,18.4,0.0,18.4,0.0,3.620000006776536e-05,1.0000030670198612e-07,0.5123256000001675
5,Random,MarginalGainPredictor,10,8,310,48.5,8264,30.1,189,11.6,18.4,18.5,36.9,0.0,3.620000006776536e-05,0.00040760000001682783,0.5123256000001675
5,Random,OriginalOrder,20,8,310,48.5,8264,30.1,8264,30.1,18.4,0.0,18.4,0.0,3.620000006776536e-05,2.0000015865662135e-07,0.5123256000001675
5,Random,MarginalGainPredictor,20,8,310,48.5,8264,30.1,7995,19.4,18.4,10.700000000000003,29.1,0.0,3.620000006776536e-05,0.0003596000001380162,0.5123256000001675
5,Random,OriginalOrder,50,8,310,48.5,410,42.9,8264,30.1,5.600000000000001,12.799999999999997,18.4,0.0,3.620000006776536e-05,9.999985195463523e-08,0.5123256000001675
5,Random,MarginalGainPredictor,50,8,310,48.5,410,42.9,410,42.9,5.600000000000001,0.0,5.600000000000001,0.0,3.620000006776536e-05,0.0003973999996560451,0.5123256000001675
5,Random,OriginalOrder,100,8,310,48.5,310,48.5,8264,30.1,0.0,18.4,18.4,0.0,3.620000006776536e-05,9.999985195463523e-08,0.5123256000001675
5,Random,MarginalGainPredictor,100,8,310,48.5,310,48.5,410,42.9,0.0,5.600000000000001,5.600000000000001,0.0,3.620000006776536e-05,0.0004048999999213265,0.5123256000001675
5,Random,OriginalOrder,10,9,310,48.5,985,32.2,1392,6.6,16.299999999999997,25.6,41.9,0.0,3.2699999792384915e-05,9.999985195463523e-08,0.5123256000001675
5,Random,MarginalGainPredictor,10,9,310,48.5,985,32.2,985,32.2,16.299999999999997,0.0,16.299999999999997,0.0,3.2699999792384915e-05,0.0003569999998944695,0.5123256000001675
5,Random,OriginalOrder,20,9,310,48.5,985,32.2,1392,6.6,16.299999999999997,25.6,41.9,0.0,3.2699999792384915e-05,1.0000030670198612e-07,0.5123256000001675
5,Random,MarginalGainPredictor,20,9,310,48.5,985,32.2,985,32.2,16.299999999999997,0.0,16.299999999999997,0.0,3.2699999792384915e-05,0.0003980999999839696,0.5123256000001675
5,Random,OriginalOrder,50,9,310,48.5,985,32.2,1392,6.6,16.299999999999997,25.6,41.9,0.0,3.2699999792384915e-05,2.0000015865662135e-07,0.5123256000001675
5,Random,MarginalGainPredictor,50,9,310,48.5,985,32.2,985,32.2,16.299999999999997,0.0,16.299999999999997,0.0,3.2699999792384915e-05,0.0004727999998976884,0.5123256000001675
5,Random,OriginalOrder,100,9,310,48.5,5753,43.8,1392,6.6,4.700000000000003,37.199999999999996,41.9,0.0,3.2699999792384915e-05,1.9999970390927047e-07,0.5123256000001675
5,Random,MarginalGainPredictor,100,9,310,48.5,5753,43.8,985,32.2,4.700000000000003,11.599999999999994,16.299999999999997,0.0,3.2699999792384915e-05,0.0005122999996274302,0.5123256000001675
6,Degree,OriginalOrder,10,,5753,42.5,410,33.0,916,19.3,9.5,13.7,23.2,0.0,8.770000022195745e-05,2.0000015865662135e-07,0.4151401000003716
6,Degree,MarginalGainPredictor,10,,5753,42.5,410,33.0,410,33.0,9.5,0.0,9.5,0.0,8.770000022195745e-05,0.0012388000000100874,0.4151401000003716
6,Degree,OriginalOrder,20,,5753,42.5,892,39.1,916,19.3,3.3999999999999986,19.8,23.2,0.0,8.770000022195745e-05,3.999998625658918e-07,0.4151401000003716
6,Degree,MarginalGainPredictor,20,,5753,42.5,892,39.1,410,33.0,3.3999999999999986,6.100000000000001,9.5,0.0,8.770000022195745e-05,0.0006148000002212939,0.4151401000003716
6,Degree,OriginalOrder,50,,5753,42.5,5753,42.5,916,19.3,0.0,23.2,23.2,0.0,8.770000022195745e-05,3.000000106112566e-07,0.4151401000003716
6,Degree,MarginalGainPredictor,50,,5753,42.5,5753,42.5,410,33.0,0.0,9.5,9.5,0.0,8.770000022195745e-05,0.0006011000000398781,0.4151401000003716
6,Degree,OriginalOrder,100,,5753,42.5,5753,42.5,916,19.3,0.0,23.2,23.2,0.0,8.770000022195745e-05,4.000003173132427e-07,0.4151401000003716
6,Degree,MarginalGainPredictor,100,,5753,42.5,5753,42.5,410,33.0,0.0,9.5,9.5,0.0,8.770000022195745e-05,0.0006653000000369502,0.4151401000003716
6,DegreeDiscount,OriginalOrder,10,,5753,42.5,1439,25.4,12802,17.2,17.1,8.2,25.3,0.0,0.0020320999997238687,1.9999970390927047e-07,0.4151401000003716
6,DegreeDiscount,MarginalGainPredictor,10,,5753,42.5,1439,25.4,1249,13.0,17.1,12.399999999999999,29.5,0.0,0.0020320999997238687,0.0004579000001285749,0.4151401000003716
6,DegreeDiscount,OriginalOrder,20,,5753,42.5,1807,36.0,12802,17.2,6.5,18.8,25.3,0.0,0.0020320999997238687,1.9999970390927047e-07,0.4151401000003716
6,DegreeDiscount,MarginalGainPredictor,20,,5753,42.5,1807,36.0,1807,36.0,6.5,0.0,6.5,0.0,0.0020320999997238687,0.00040029999991020304,0.4151401000003716
6,DegreeDiscount,OriginalOrder,50,,5753,42.5,5753,42.5,12802,17.2,0.0,25.3,25.3,0.0,0.0020320999997238687,2.0000015865662135e-07,0.4151401000003716
6,DegreeDiscount,MarginalGainPredictor,50,,5753,42.5,5753,42.5,410,33.0,0.0,9.5,9.5,0.0,0.0020320999997238687,0.0004048999999213265,0.4151401000003716
6,DegreeDiscount,OriginalOrder,100,,5753,42.5,5753,42.5,12802,17.2,0.0,25.3,25.3,0.0,0.0020320999997238687,1.0000030670198612e-07,0.4151401000003716
6,DegreeDiscount,MarginalGainPredictor,100,,5753,42.5,5753,42.5,410,33.0,0.0,9.5,9.5,0.0,0.0020320999997238687,0.00042639999992388766,0.4151401000003716
6,FeatureDQN,OriginalOrder,10,,5753,42.5,905,22.8,2034,7.8,19.7,15.0,34.7,3.552713678800501e-15,0.0009099000003516267,1.0000030670198612e-07,0.4151401000003716
6,FeatureDQN,MarginalGainPredictor,10,,5753,42.5,905,22.8,905,22.8,19.7,0.0,19.7,0.0,0.0009099000003516267,0.0004349000000729575,0.4151401000003716
6,FeatureDQN,OriginalOrder,20,,5753,42.5,892,39.1,2034,7.8,3.3999999999999986,31.3,34.7,3.552713678800501e-15,0.0009099000003516267,2.0000015865662135e-07,0.4151401000003716
6,FeatureDQN,MarginalGainPredictor,20,,5753,42.5,892,39.1,3916,21.8,3.3999999999999986,17.3,20.7,0.0,0.0009099000003516267,0.0004384999997455452,0.4151401000003716
6,FeatureDQN,OriginalOrder,50,,5753,42.5,892,39.1,2034,7.8,3.3999999999999986,31.3,34.7,3.552713678800501e-15,0.0009099000003516267,2.0000015865662135e-07,0.4151401000003716
6,FeatureDQN,MarginalGainPredictor,50,,5753,42.5,892,39.1,916,19.3,3.3999999999999986,19.8,23.2,0.0,0.0009099000003516267,0.00045729999965260504,0.4151401000003716
6,FeatureDQN,OriginalOrder,100,,5753,42.5,892,39.1,2034,7.8,3.3999999999999986,31.3,34.7,3.552713678800501e-15,0.0009099000003516267,2.0000015865662135e-07,0.4151401000003716
6,FeatureDQN,MarginalGainPredictor,100,,5753,42.5,892,39.1,916,19.3,3.3999999999999986,19.8,23.2,0.0,0.0009099000003516267,0.0005120000000715663,0.4151401000003716
6,Random,OriginalOrder,10,0,5753,42.5,181,22.8,181,22.8,19.7,0.0,19.7,0.0,4.130000024815672e-05,2.0000015865662135e-07,0.4151401000003716
6,Random,MarginalGainPredictor,10,0,5753,42.5,181,22.8,1277,0.0,19.7,22.8,42.5,0.0,4.130000024815672e-05,0.0003911000003427034,0.4151401000003716
6,Random,OriginalOrder,20,0,5753,42.5,1439,25.4,181,22.8,17.1,2.599999999999998,19.7,0.0,4.130000024815672e-05,2.0000015865662135e-07,0.4151401000003716
6,Random,MarginalGainPredictor,20,0,5753,42.5,1439,25.4,1277,0.0,17.1,25.4,42.5,0.0,4.130000024815672e-05,0.0003878000002259796,0.4151401000003716
6,Random,OriginalOrder,50,0,5753,42.5,5753,42.5,181,22.8,0.0,19.7,19.7,0.0,4.130000024815672e-05,9.999985195463523e-08,0.4151401000003716
6,Random,MarginalGainPredictor,50,0,5753,42.5,5753,42.5,2216,34.0,0.0,8.5,8.5,0.0,4.130000024815672e-05,0.00040439999975205865,0.4151401000003716
6,Random,OriginalOrder,100,0,5753,42.5,5753,42.5,181,22.8,0.0,19.7,19.7,0.0,4.130000024815672e-05,9.999985195463523e-08,0.4151401000003716
6,Random,MarginalGainPredictor,100,0,5753,42.5,5753,42.5,410,33.0,0.0,9.5,9.5,0.0,4.130000024815672e-05,0.00042579999990266515,0.4151401000003716
6,Random,OriginalOrder,10,1,5753,42.5,1140,19.8,2368,14.4,22.7,5.4,28.1,1.7763568394002505e-15,3.620000006776536e-05,9.999985195463523e-08,0.4151401000003716
6,Random,MarginalGainPredictor,10,1,5753,42.5,1140,19.8,1140,19.8,22.7,0.0,22.7,0.0,3.620000006776536e-05,0.0003635999996731698,0.4151401000003716
6,Random,OriginalOrder,20,1,5753,42.5,1140,19.8,2368,14.4,22.7,5.4,28.1,1.7763568394002505e-15,3.620000006776536e-05,2.0000015865662135e-07,0.4151401000003716
6,Random,MarginalGainPredictor,20,1,5753,42.5,1140,19.8,3078,16.7,22.7,3.1000000000000014,25.8,0.0,3.620000006776536e-05,0.0003806999998232641,0.4151401000003716
6,Random,OriginalOrder,50,1,5753,42.5,892,39.1,2368,14.4,3.3999999999999986,24.700000000000003,28.1,0.0,3.620000006776536e-05,1.9999970390927047e-07,0.4151401000003716
6,Random,MarginalGainPredictor,50,1,5753,42.5,892,39.1,985,31.9,3.3999999999999986,7.200000000000003,10.600000000000001,0.0,3.620000006776536e-05,0.0003897000001416018,0.4151401000003716
6,Random,OriginalOrder,100,1,5753,42.5,892,39.1,2368,14.4,3.3999999999999986,24.700000000000003,28.1,0.0,3.620000006776536e-05,2.0000015865662135e-07,0.4151401000003716
6,Random,MarginalGainPredictor,100,1,5753,42.5,892,39.1,410,33.0,3.3999999999999986,6.100000000000001,9.5,0.0,3.620000006776536e-05,0.0004321999999774562,0.4151401000003716
6,Random,OriginalOrder,10,2,5753,42.5,2122,31.1,1244,10.6,11.399999999999999,20.5,31.9,0.0,3.5399999887886224e-05,9.999985195463523e-08,0.4151401000003716
6,Random,MarginalGainPredictor,10,2,5753,42.5,2122,31.1,820,23.6,11.399999999999999,7.5,18.9,0.0,3.5399999887886224e-05,0.0003618000000642496,0.4151401000003716
6,Random,OriginalOrder,20,2,5753,42.5,2122,31.1,1244,10.6,11.399999999999999,20.5,31.9,0.0,3.5399999887886224e-05,9.999985195463523e-08,0.4151401000003716
6,Random,MarginalGainPredictor,20,2,5753,42.5,2122,31.1,820,23.6,11.399999999999999,7.5,18.9,0.0,3.5399999887886224e-05,0.0003756999999495747,0.4151401000003716
6,Random,OriginalOrder,50,2,5753,42.5,2122,31.1,1244,10.6,11.399999999999999,20.5,31.9,0.0,3.5399999887886224e-05,2.0000015865662135e-07,0.4151401000003716
6,Random,MarginalGainPredictor,50,2,5753,42.5,2122,31.1,820,23.6,11.399999999999999,7.5,18.9,0.0,3.5399999887886224e-05,0.0004231000002619112,0.4151401000003716
6,Random,OriginalOrder,100,2,5753,42.5,410,33.0,1244,10.6,9.5,22.4,31.9,0.0,3.5399999887886224e-05,1.9999970390927047e-07,0.4151401000003716
6,Random,MarginalGainPredictor,100,2,5753,42.5,410,33.0,410,33.0,9.5,0.0,9.5,0.0,3.5399999887886224e-05,0.00043270000014672405,0.4151401000003716
6,Random,OriginalOrder,10,3,5753,42.5,3225,30.5,181,22.8,12.0,7.699999999999999,19.7,0.0,3.5200000183976954e-05,9.999985195463523e-08,0.4151401000003716
6,Random,MarginalGainPredictor,10,3,5753,42.5,3225,30.5,1816,22.2,12.0,8.3,20.3,0.0,3.5200000183976954e-05,0.0003640999998424377,0.4151401000003716
6,Random,OriginalOrder,20,3,5753,42.5,2122,31.1,181,22.8,11.399999999999999,8.3,19.7,0.0,3.5200000183976954e-05,1.9999970390927047e-07,0.4151401000003716
6,Random,MarginalGainPredictor,20,3,5753,42.5,2122,31.1,1816,22.2,11.399999999999999,8.900000000000002,20.3,0.0,3.5200000183976954e-05,0.00037290000000211876,0.4151401000003716
6,Random,OriginalOrder,50,3,5753,42.5,2122,31.1,181,22.8,11.399999999999999,8.3,19.7,0.0,3.5200000183976954e-05,9.999985195463523e-08,0.4151401000003716
6,Random,MarginalGainPredictor,50,3,5753,42.5,2122,31.1,1816,22.2,11.399999999999999,8.900000000000002,20.3,0.0,3.5200000183976954e-05,0.00039969999988898053,0.4151401000003716
6,Random,OriginalOrder,100,3,5753,42.5,2122,31.1,181,22.8,11.399999999999999,8.3,19.7,0.0,3.5200000183976954e-05,9.999985195463523e-08,0.4151401000003716
6,Random,MarginalGainPredictor,100,3,5753,42.5,2122,31.1,1277,0.0,11.399999999999999,31.1,42.5,0.0,3.5200000183976954e-05,0.0004227999997965526,0.4151401000003716
6,Random,OriginalOrder,10,4,5753,42.5,5753,42.5,5753,42.5,0.0,0.0,0.0,0.0,3.440000000409782e-05,0.0,0.4151401000003716
6,Random,MarginalGainPredictor,10,4,5753,42.5,5753,42.5,5753,42.5,0.0,0.0,0.0,0.0,3.440000000409782e-05,0.00042650000023058965,0.4151401000003716
6,Random,OriginalOrder,20,4,5753,42.5,5753,42.5,5753,42.5,0.0,0.0,0.0,0.0,3.440000000409782e-05,9.999985195463523e-08,0.4151401000003716
6,Random,MarginalGainPredictor,20,4,5753,42.5,5753,42.5,410,33.0,0.0,9.5,9.5,0.0,3.440000000409782e-05,0.000357599999915692,0.4151401000003716
6,Random,OriginalOrder,50,4,5753,42.5,5753,42.5,5753,42.5,0.0,0.0,0.0,0.0,3.440000000409782e-05,1.0000030670198612e-07,0.4151401000003716
6,Random,MarginalGainPredictor,50,4,5753,42.5,5753,42.5,410,33.0,0.0,9.5,9.5,0.0,3.440000000409782e-05,0.00041219999957320397,0.4151401000003716
6,Random,OriginalOrder,100,4,5753,42.5,5753,42.5,5753,42.5,0.0,0.0,0.0,0.0,3.440000000409782e-05,2.0000015865662135e-07,0.4151401000003716
6,Random,MarginalGainPredictor,100,4,5753,42.5,5753,42.5,410,33.0,0.0,9.5,9.5,0.0,3.440000000409782e-05,0.0005208000002312474,0.4151401000003716
6,Random,OriginalOrder,10,5,5753,42.5,181,22.8,461,13.0,19.7,9.8,29.5,0.0,3.570000035324483e-05,9.999985195463523e-08,0.4151401000003716
6,Random,MarginalGainPredictor,10,5,5753,42.5,181,22.8,1040,7.6,19.7,15.200000000000001,34.9,-1.7763568394002505e-15,3.570000035324483e-05,0.0003772999998545856,0.4151401000003716
6,Random,OriginalOrder,20,5,5753,42.5,820,23.6,461,13.0,18.9,10.600000000000001,29.5,0.0,3.570000035324483e-05,9.999985195463523e-08,0.4151401000003716
6,Random,MarginalGainPredictor,20,5,5753,42.5,820,23.6,820,23.6,18.9,0.0,18.9,0.0,3.570000035324483e-05,0.0003698999998960062,0.4151401000003716
6,Random,OriginalOrder,50,5,5753,42.5,7377,26.4,461,13.0,16.1,13.399999999999999,29.5,0.0,3.570000035324483e-05,1.0000030670198612e-07,0.4151401000003716
6,Random,MarginalGainPredictor,50,5,5753,42.5,7377,26.4,820,23.6,16.1,2.799999999999997,18.9,0.0,3.570000035324483e-05,0.00038170000016179984,0.4151401000003716
6,Random,OriginalOrder,100,5,5753,42.5,410,33.0,461,13.0,9.5,20.0,29.5,0.0,3.570000035324483e-05,9.999985195463523e-08,0.4151401000003716
6,Random,MarginalGainPredictor,100,5,5753,42.5,410,33.0,410,33.0,9.5,0.0,9.5,0.0,3.570000035324483e-05,0.0004232000001138658,0.4151401000003716
6,Random,OriginalOrder,10,6,5753,42.5,830,26.0,1126,6.1,16.5,19.9,36.4,0.0,3.530000003593159e-05,9.999985195463523e-08,0.4151401000003716
6,Random,MarginalGainPredictor,10,6,5753,42.5,830,26.0,830,26.0,16.5,0.0,16.5,0.0,3.530000003593159e-05,0.0003623000002335175,0.4151401000003716
6,Random,OriginalOrder,20,6,5753,42.5,830,26.0,1126,6.1,16.5,19.9,36.4,0.0,3.530000003593159e-05,2.0000015865662135e-07,0.4151401000003716
6,Random,MarginalGainPredictor,20,6,5753,42.5,830,26.0,1978,13.7,16.5,12.3,28.8,0.0,3.530000003593159e-05,0.00041340000007039635,0.4151401000003716
6,Random,OriginalOrder,50,6,5753,42.5,892,39.1,1126,6.1,3.3999999999999986,33.0,36.4,0.0,3.530000003593159e-05,2.0000015865662135e-07,0.4151401000003716
6,Random,MarginalGainPredictor,50,6,5753,42.5,892,39.1,985,31.9,3.3999999999999986,7.200000000000003,10.600000000000001,0.0,3.530000003593159e-05,0.0003849999998237763,0.4151401000003716
6,Random,OriginalOrder,100,6,5753,42.5,892,39.1,1126,6.1,3.3999999999999986,33.0,36.4,0.0,3.530000003593159e-05,9.999985195463523e-08,0.4151401000003716
6,Random,MarginalGainPredictor,100,6,5753,42.5,892,39.1,1807,36.0,3.3999999999999986,3.1000000000000014,6.5,0.0,3.530000003593159e-05,0.00041059999966819305,0.4151401000003716
6,Random,OriginalOrder,10,7,5753,42.5,985,31.9,2854,16.7,10.600000000000001,15.2,25.8,0.0,3.349999997226405e-05,2.0000015865662135e-07,0.4151401000003716
6,Random,MarginalGainPredictor,10,7,5753,42.5,985,31.9,985,31.9,10.600000000000001,0.0,10.600000000000001,0.0,3.349999997226405e-05,0.0003708999997797946,0.4151401000003716
6,Random,OriginalOrder,20,7,5753,42.5,892,39.1,2854,16.7,3.3999999999999986,22.400000000000002,25.8,0.0,3.349999997226405e-05,1.0000030670198612e-07,0.4151401000003716
6,Random,MarginalGainPredictor,20,7,5753,42.5,892,39.1,985,31.9,3.3999999999999986,7.200000000000003,10.600000000000001,0.0,3.349999997226405e-05,0.0003658000000541506,0.4151401000003716
6,Random,OriginalOrder,50,7,5753,42.5,892,39.1,2854,16.7,3.3999999999999986,22.400000000000002,25.8,0.0,3.349999997226405e-05,1.0000030670198612e-07,0.4151401000003716
6,Random,MarginalGainPredictor,50,7,5753,42.5,892,39.1,985,31.9,3.3999999999999986,7.200000000000003,10.600000000000001,0.0,3.349999997226405e-05,0.00037119999979040585,0.4151401000003716
6,Random,OriginalOrder,100,7,5753,42.5,892,39.1,2854,16.7,3.3999999999999986,22.400000000000002,25.8,0.0,3.349999997226405e-05,9.999985195463523e-08,0.4151401000003716
6,Random,MarginalGainPredictor,100,7,5753,42.5,892,39.1,1807,36.0,3.3999999999999986,3.1000000000000014,6.5,0.0,3.349999997226405e-05,0.00039919999971971265,0.4151401000003716
6,Random,OriginalOrder,10,8,5753,42.5,2021,24.2,2021,24.2,18.3,0.0,18.3,0.0,3.409999999348656e-05,9.999985195463523e-08,0.4151401000003716
6,Random,MarginalGainPredictor,10,8,5753,42.5,2021,24.2,1352,10.3,18.3,13.899999999999999,32.2,3.552713678800501e-15,3.409999999348656e-05,0.00035890000026483904,0.4151401000003716
6,Random,OriginalOrder,20,8,5753,42.5,2021,24.2,2021,24.2,18.3,0.0,18.3,0.0,3.409999999348656e-05,9.999985195463523e-08,0.4151401000003716
6,Random,MarginalGainPredictor,20,8,5753,42.5,2021,24.2,1352,10.3,18.3,13.899999999999999,32.2,3.552713678800501e-15,3.409999999348656e-05,0.0003405000002203451,0.4151401000003716
6,Random,OriginalOrder,50,8,5753,42.5,2477,32.5,2021,24.2,10.0,8.3,18.3,0.0,3.409999999348656e-05,1.0000030670198612e-07,0.4151401000003716
6,Random,MarginalGainPredictor,50,8,5753,42.5,2477,32.5,1249,13.0,10.0,19.5,29.5,0.0,3.409999999348656e-05,0.0003752000002350542,0.4151401000003716
6,Random,OriginalOrder,100,8,5753,42.5,892,39.1,2021,24.2,3.3999999999999986,14.900000000000002,18.3,0.0,3.409999999348656e-05,1.0000030670198612e-07,0.4151401000003716
6,Random,MarginalGainPredictor,100,8,5753,42.5,892,39.1,410,33.0,3.3999999999999986,6.100000000000001,9.5,0.0,3.409999999348656e-05,0.00039950000018507126,0.4151401000003716
6,Random,OriginalOrder,10,9,5753,42.5,408,22.2,1024,4.7,20.3,17.5,37.8,-3.552713678800501e-15,4.169999965597526e-05,9.999985195463523e-08,0.4151401000003716
6,Random,MarginalGainPredictor,10,9,5753,42.5,408,22.2,1920,17.7,20.3,4.5,24.8,0.0,4.169999965597526e-05,0.0003496999997878447,0.4151401000003716
6,Random,OriginalOrder,20,9,5753,42.5,408,22.2,1024,4.7,20.3,17.5,37.8,-3.552713678800501e-15,4.169999965597526e-05,1.9999970390927047e-07,0.4151401000003716
6,Random,MarginalGainPredictor,20,9,5753,42.5,408,22.2,1920,17.7,20.3,4.5,24.8,0.0,4.169999965597526e-05,0.0003544000001056702,0.4151401000003716
6,Random,OriginalOrder,50,9,5753,42.5,1807,36.0,1024,4.7,6.5,31.3,37.8,-3.552713678800501e-15,4.169999965597526e-05,9.999985195463523e-08,0.4151401000003716
6,Random,MarginalGainPredictor,50,9,5753,42.5,1807,36.0,1807,36.0,6.5,0.0,6.5,0.0,4.169999965597526e-05,0.000366799999937939,0.4151401000003716
6,Random,OriginalOrder,100,9,5753,42.5,1807,36.0,1024,4.7,6.5,31.3,37.8,-3.552713678800501e-15,4.169999965597526e-05,9.999985195463523e-08,0.4151401000003716
6,Random,MarginalGainPredictor,100,9,5753,42.5,1807,36.0,1807,36.0,6.5,0.0,6.5,0.0,4.169999965597526e-05,0.0004229999999552092,0.4151401000003716
7,Degree,OriginalOrder,10,,2216,35.5,410,34.8,916,18.8,0.7000000000000028,15.999999999999996,16.7,0.0,9.610000006432529e-05,1.9999970390927047e-07,0.47559400000000096
7,Degree,MarginalGainPredictor,10,,2216,35.5,410,34.8,410,34.8,0.7000000000000028,0.0,0.7000000000000028,0.0,9.610000006432529e-05,0.001211900000271271,0.47559400000000096
7,Degree,OriginalOrder,20,,2216,35.5,410,34.8,916,18.8,0.7000000000000028,15.999999999999996,16.7,0.0,9.610000006432529e-05,1.9999970390927047e-07,0.47559400000000096
7,Degree,MarginalGainPredictor,20,,2216,35.5,410,34.8,410,34.8,0.7000000000000028,0.0,0.7000000000000028,0.0,9.610000006432529e-05,0.0005939000002399553,0.47559400000000096
7,Degree,OriginalOrder,50,,2216,35.5,2216,35.5,916,18.8,0.0,16.7,16.7,0.0,9.610000006432529e-05,3.000000106112566e-07,0.47559400000000096
7,Degree,MarginalGainPredictor,50,,2216,35.5,2216,35.5,410,34.8,0.0,0.7000000000000028,0.7000000000000028,0.0,9.610000006432529e-05,0.0005926999997427629,0.47559400000000096
7,Degree,OriginalOrder,100,,2216,35.5,2216,35.5,916,18.8,0.0,16.7,16.7,0.0,9.610000006432529e-05,3.000000106112566e-07,0.47559400000000096
7,Degree,MarginalGainPredictor,100,,2216,35.5,2216,35.5,410,34.8,0.0,0.7000000000000028,0.7000000000000028,0.0,9.610000006432529e-05,0.0006322000003819994,0.47559400000000096
7,DegreeDiscount,OriginalOrder,10,,2216,35.5,12802,24.4,12802,24.4,11.100000000000001,0.0,11.100000000000001,0.0,0.0030471999998553656,1.9999970390927047e-07,0.47559400000000096
7,DegreeDiscount,MarginalGainPredictor,10,,2216,35.5,12802,24.4,1249,21.0,11.100000000000001,3.3999999999999986,14.5,0.0,0.0030471999998553656,0.0005630999999084452,0.47559400000000096
7,DegreeDiscount,OriginalOrder,20,,2216,35.5,181,31.5,12802,24.4,4.0,7.100000000000001,11.100000000000001,0.0,0.0030471999998553656,1.9999970390927047e-07,0.47559400000000096
7,DegreeDiscount,MarginalGainPredictor,20,,2216,35.5,181,31.5,1807,30.5,4.0,1.0,5.0,0.0,0.0030471999998553656,0.0005193000001781911,0.47559400000000096
7,DegreeDiscount,OriginalOrder,50,,2216,35.5,410,34.8,12802,24.4,0.7000000000000028,10.399999999999999,11.100000000000001,0.0,0.0030471999998553656,2.0000015865662135e-07,0.47559400000000096
7,DegreeDiscount,MarginalGainPredictor,50,,2216,35.5,410,34.8,410,34.8,0.7000000000000028,0.0,0.7000000000000028,0.0,0.0030471999998553656,0.0005270999999993364,0.47559400000000096
7,DegreeDiscount,OriginalOrder,100,,2216,35.5,2216,35.5,12802,24.4,0.0,11.100000000000001,11.100000000000001,0.0,0.0030471999998553656,1.9999970390927047e-07,0.47559400000000096
7,DegreeDiscount,MarginalGainPredictor,100,,2216,35.5,2216,35.5,410,34.8,0.0,0.7000000000000028,0.7000000000000028,0.0,0.0030471999998553656,0.0005804000002171961,0.47559400000000096
7,FeatureDQN,OriginalOrder,10,,2216,35.5,905,19.1,2034,9.9,16.4,9.200000000000001,25.6,1.7763568394002505e-15,0.0012561999997160456,1.9999970390927047e-07,0.47559400000000096
7,FeatureDQN,MarginalGainPredictor,10,,2216,35.5,905,19.1,905,19.1,16.4,0.0,16.4,0.0,0.0012561999997160456,0.00048759999981484725,0.47559400000000096
7,FeatureDQN,OriginalOrder,20,,2216,35.5,892,32.4,2034,9.9,3.1000000000000014,22.5,25.6,0.0,0.0012561999997160456,3.000000106112566e-07,0.47559400000000096
7,FeatureDQN,MarginalGainPredictor,20,,2216,35.5,892,32.4,3916,28.3,3.1000000000000014,4.099999999999998,7.199999999999999,0.0,0.0012561999997160456,0.0004893999998785148,0.47559400000000096
7,FeatureDQN,OriginalOrder,50,,2216,35.5,892,32.4,2034,9.9,3.1000000000000014,22.5,25.6,0.0,0.0012561999997160456,1.0000030670198612e-07,0.47559400000000096
7,FeatureDQN,MarginalGainPredictor,50,,2216,35.5,892,32.4,916,18.8,3.1000000000000014,13.599999999999998,16.7,0.0,0.0012561999997160456,0.0005031999999118852,0.47559400000000096
7,FeatureDQN,OriginalOrder,100,,2216,35.5,892,32.4,2034,9.9,3.1000000000000014,22.5,25.6,0.0,0.0012561999997160456,2.0000015865662135e-07,0.47559400000000096
7,FeatureDQN,MarginalGainPredictor,100,,2216,35.5,892,32.4,916,18.8,3.1000000000000014,13.599999999999998,16.7,0.0,0.0012561999997160456,0.0005787000000054832,0.47559400000000096
7,Random,OriginalOrder,10,0,2216,35.5,1807,30.5,657,7.2,5.0,23.3,28.3,0.0,5.3499999921768904e-05,2.0000015865662135e-07,0.47559400000000096
7,Random,MarginalGainPredictor,10,0,2216,35.5,1807,30.5,1807,30.5,5.0,0.0,5.0,0.0,5.3499999921768904e-05,0.0005691000001206703,0.47559400000000096
7,Random,OriginalOrder,20,0,2216,35.5,1807,30.5,657,7.2,5.0,23.3,28.3,0.0,5.3499999921768904e-05,4.000003173132427e-07,0.47559400000000096
7,Random,MarginalGainPredictor,20,0,2216,35.5,1807,30.5,1807,30.5,5.0,0.0,5.0,0.0,5.3499999921768904e-05,0.0004874999999628926,0.47559400000000096
7,Random,OriginalOrder,50,0,2216,35.5,3225,31.5,657,7.2,4.0,24.3,28.3,0.0,5.3499999921768904e-05,1.9999970390927047e-07,0.47559400000000096
7,Random,MarginalGainPredictor,50,0,2216,35.5,3225,31.5,1807,30.5,4.0,1.0,5.0,0.0,5.3499999921768904e-05,0.00039939999987836927,0.47559400000000096
7,Random,OriginalOrder,100,0,2216,35.5,2216,35.5,657,7.2,0.0,28.3,28.3,0.0,5.3499999921768904e-05,2.0000015865662135e-07,0.47559400000000096
7,Random,MarginalGainPredictor,100,0,2216,35.5,2216,35.5,410,34.8,0.0,0.7000000000000028,0.7000000000000028,0.0,5.3499999921768904e-05,0.0005467000000862754,0.47559400000000096
7,Random,OriginalOrder,10,1,2216,35.5,8264,25.8,12383,2.4,9.7,23.400000000000002,33.1,0.0,5.0999999984924216e-05,9.999985195463523e-08,0.47559400000000096
7,Random,MarginalGainPredictor,10,1,2216,35.5,8264,25.8,1423,14.6,9.7,11.200000000000001,20.9,-1.7763568394002505e-15,5.0999999984924216e-05,0.00048649999962435686,0.47559400000000096
7,Random,OriginalOrder,20,1,2216,35.5,2477,27.8,12383,2.4,7.699999999999999,25.400000000000002,33.1,0.0,5.0999999984924216e-05,1.9999970390927047e-07,0.47559400000000096
7,Random,MarginalGainPredictor,20,1,2216,35.5,2477,27.8,1423,14.6,7.699999999999999,13.200000000000001,20.9,-1.7763568394002505e-15,5.0999999984924216e-05,0.00045180000006439514,0.47559400000000096
7,Random,OriginalOrder,50,1,2216,35.5,2216,35.5,12383,2.4,0.0,33.1,33.1,0.0,5.0999999984924216e-05,2.0000015865662135e-07,0.47559400000000096
7,Random,MarginalGainPredictor,50,1,2216,35.5,2216,35.5,1807,30.5,0.0,5.0,5.0,0.0,5.0999999984924216e-05,0.0005360999998629268,0.47559400000000096
7,Random,OriginalOrder,100,1,2216,35.5,2216,35.5,12383,2.4,0.0,33.1,33.1,0.0,5.0999999984924216e-05,1.0000030670198612e-07,0.47559400000000096
7,Random,MarginalGainPredictor,100,1,2216,35.5,2216,35.5,410,34.8,0.0,0.7000000000000028,0.7000000000000028,0.0,5.0999999984924216e-05,0.0005541000000448548,0.47559400000000096
7,Random,OriginalOrder,10,2,2216,35.5,2054,24.0,5454,20.0,11.5,4.0,15.5,0.0,5.149999969944474e-05,1.0000030670198612e-07,0.47559400000000096
7,Random,MarginalGainPredictor,10,2,2216,35.5,2054,24.0,5454,20.0,11.5,4.0,15.5,0.0,5.149999969944474e-05,0.0004831999999623804,0.47559400000000096
7,Random,OriginalOrder,20,2,2216,35.5,820,28.4,5454,20.0,7.100000000000001,8.399999999999999,15.5,0.0,5.149999969944474e-05,9.999985195463523e-08,0.47559400000000096
7,Random,MarginalGainPredictor,20,2,2216,35.5,820,28.4,820,28.4,7.100000000000001,0.0,7.100000000000001,0.0,5.149999969944474e-05,0.00046039999961067224,0.47559400000000096
7,Random,OriginalOrder,50,2,2216,35.5,2216,35.5,5454,20.0,0.0,15.5,15.5,0.0,5.149999969944474e-05,9.999985195463523e-08,0.47559400000000096
7,Random,MarginalGainPredictor,50,2,2216,35.5,2216,35.5,410,34.8,0.0,0.7000000000000028,0.7000000000000028,0.0,5.149999969944474e-05,0.0005079000002297107,0.47559400000000096
7,Random,OriginalOrder,100,2,2216,35.5,2216,35.5,5454,20.0,0.0,15.5,15.5,0.0,5.149999969944474e-05,1.9999970390927047e-07,0.47559400000000096
7,Random,MarginalGainPredictor,100,2,2216,35.5,2216,35.5,410,34.8,0.0,0.7000000000000028,0.7000000000000028,0.0,5.149999969944474e-05,0.0005558000002565677,0.47559400000000096
7,Random,OriginalOrder,10,3,2216,35.5,1920,20.3,656,6.4,15.2,13.9,29.1,1.7763568394002505e-15,4.709999984697788e-05,9.999985195463523e-08,0.47559400000000096
7,Random,MarginalGainPredictor,10,3,2216,35.5,1920,20.3,1439,14.2,15.2,6.100000000000001,21.3,0.0,4.709999984697788e-05,0.00046380000003409805,0.47559400000000096
7,Random,OriginalOrder,20,3,2216,35.5,181,31.5,656,6.4,4.0,25.1,29.1,0.0,4.709999984697788e-05,3.000000106112566e-07,0.47559400000000096
7,Random,MarginalGainPredictor,20,3,2216,35.5,181,31.5,7995,16.4,4.0,15.100000000000001,19.1,0.0,4.709999984697788e-05,0.0004596000003402878,0.47559400000000096
7,Random,OriginalOrder,50,3,2216,35.5,181,31.5,656,6.4,4.0,25.1,29.1,0.0,4.709999984697788e-05,9.999985195463523e-08,0.47559400000000096
7,Random,MarginalGainPredictor,50,3,2216,35.5,181,31.5,7995,16.4,4.0,15.100000000000001,19.1,0.0,4.709999984697788e-05,0.0005076000002190995,0.47559400000000096
7,Random,OriginalOrder,100,3,2216,35.5,181,31.5,656,6.4,4.0,25.1,29.1,0.0,4.709999984697788e-05,9.999985195463523e-08,0.47559400000000096
7,Random,MarginalGainPredictor,100,3,2216,35.5,181,31.5,985,30.4,4.0,1.1000000000000014,5.100000000000001,0.0,4.709999984697788e-05,0.0005470999999488413,0.47559400000000096
7,Random,OriginalOrder,10,4,2216,35.5,4331,16.1,2066,4.6,19.4,11.500000000000002,30.9,-1.7763568394002505e-15,4.6299999667098746e-05,2.0000015865662135e-07,0.47559400000000096
7,Random,MarginalGainPredictor,10,4,2216,35.5,4331,16.1,597,3.3,19.4,12.8,32.2,3.552713678800501e-15,4.6299999667098746e-05,0.00045799999998052954,0.47559400000000096
7,Random,OriginalOrder,20,4,2216,35.5,3700,22.3,2066,4.6,13.2,17.700000000000003,30.9,-3.552713678800501e-15,4.6299999667098746e-05,2.0000015865662135e-07,0.47559400000000096
7,Random,MarginalGainPredictor,20,4,2216,35.5,3700,22.3,3700,22.3,13.2,0.0,13.2,0.0,4.6299999667098746e-05,0.0005114000000503438,0.47559400000000096
7,Random,OriginalOrder,50,4,2216,35.5,2216,35.5,2066,4.6,0.0,30.9,30.9,0.0,4.6299999667098746e-05,9.999985195463523e-08,0.47559400000000096
7,Random,MarginalGainPredictor,50,4,2216,35.5,2216,35.5,1807,30.5,0.0,5.0,5.0,0.0,4.6299999667098746e-05,0.0005003000001124747,0.47559400000000096
7,Random,OriginalOrder,100,4,2216,35.5,2216,35.5,2066,4.6,0.0,30.9,30.9,0.0,4.6299999667098746e-05,2.0000015865662135e-07,0.47559400000000096
7,Random,MarginalGainPredictor,100,4,2216,35.5,2216,35.5,410,34.8,0.0,0.7000000000000028,0.7000000000000028,0.0,4.6299999667098746e-05,0.0005452999998851737,0.47559400000000096
7,Random,OriginalOrder,10,5,2216,35.5,189,20.7,189,20.7,14.8,0.0,14.8,0.0,4.710000030172523e-05,1.9999970390927047e-07,0.47559400000000096
7,Random,MarginalGainPredictor,10,5,2216,35.5,189,20.7,916,18.8,14.8,1.8999999999999986,16.7,0.0,4.710000030172523e-05,0.00044609999986278126,0.47559400000000096
7,Random,OriginalOrder,20,5,2216,35.5,7123,27.0,189,20.7,8.5,6.300000000000001,14.8,0.0,4.710000030172523e-05,2.0000015865662135e-07,0.47559400000000096
7,Random,MarginalGainPredictor,20,5,2216,35.5,7123,27.0,7995,16.4,8.5,10.600000000000001,19.1,0.0,4.710000030172523e-05,0.0004908000000796164,0.47559400000000096
7,Random,OriginalOrder,50,5,2216,35.5,3225,31.5,189,20.7,4.0,10.8,14.8,0.0,4.710000030172523e-05,9.999985195463523e-08,0.47559400000000096
7,Random,MarginalGainPredictor,50,5,2216,35.5,3225,31.5,985,30.4,4.0,1.1000000000000014,5.100000000000001,0.0,4.710000030172523e-05,0.0004849000001740933,0.47559400000000096
7,Random,OriginalOrder,100,5,2216,35.5,2216,35.5,189,20.7,0.0,14.8,14.8,0.0,4.710000030172523e-05,2.0000015865662135e-07,0.47559400000000096
7,Random,MarginalGainPredictor,100,5,2216,35.5,2216,35.5,985,30.4,0.0,5.100000000000001,5.100000000000001,0.0,4.710000030172523e-05,0.0005524000002878893,0.47559400000000096
7,Random,OriginalOrder,10,6,2216,35.5,1920,20.3,17,6.1,15.2,14.200000000000001,29.4,-1.7763568394002505e-15,4.6999999995023245e-05,2.0000015865662135e-07,0.47559400000000096
7,Random,MarginalGainPredictor,10,6,2216,35.5,1920,20.3,1277,0.0,15.2,20.3,35.5,0.0,4.6999999995023245e-05,0.00044969999999011634,0.47559400000000096
7,Random,OriginalOrder,20,6,2216,35.5,1920,20.3,17,6.1,15.2,14.200000000000001,29.4,-1.7763568394002505e-15,4.6999999995023245e-05,1.9999970390927047e-07,0.47559400000000096
7,Random,MarginalGainPredictor,20,6,2216,35.5,1920,20.3,1277,0.0,15.2,20.3,35.5,0.0,4.6999999995023245e-05,0.0004727999998976884,0.47559400000000096
7,Random,OriginalOrder,50,6,2216,35.5,410,34.8,17,6.1,0.7000000000000028,28.699999999999996,29.4,0.0,4.6999999995023245e-05,3.000000106112566e-07,0.47559400000000096
7,Random,MarginalGainPredictor,50,6,2216,35.5,410,34.8,410,34.8,0.7000000000000028,0.0,0.7000000000000028,0.0,4.6999999995023245e-05,0.0004907000002276618,0.47559400000000096
7,Random,OriginalOrder,100,6,2216,35.5,410,34.8,17,6.1,0.7000000000000028,28.699999999999996,29.4,0.0,4.6999999995023245e-05,2.0000015865662135e-07,0.47559400000000096
7,Random,MarginalGainPredictor,100,6,2216,35.5,410,34.8,410,34.8,0.7000000000000028,0.0,0.7000000000000028,0.0,4.6999999995023245e-05,0.0005244000003585825,0.47559400000000096
7,Random,OriginalOrder,10,7,2216,35.5,658,25.6,932,9.7,9.899999999999999,15.900000000000002,25.8,0.0,4.750000016429112e-05,9.999985195463523e-08,0.47559400000000096
7,Random,MarginalGainPredictor,10,7,2216,35.5,658,25.6,658,25.6,9.899999999999999,0.0,9.899999999999999,0.0,4.750000016429112e-05,0.00044200000002092565,0.47559400000000096
7,Random,OriginalOrder,20,7,2216,35.5,8264,25.8,932,9.7,9.7,16.1,25.8,0.0,4.750000016429112e-05,1.9999970390927047e-07,0.47559400000000096
7,Random,MarginalGainPredictor,20,7,2216,35.5,8264,25.8,658,25.6,9.7,0.1999999999999993,9.899999999999999,0.0,4.750000016429112e-05,0.0008032999999159074,0.47559400000000096
7,Random,OriginalOrder,50,7,2216,35.5,181,31.5,932,9.7,4.0,21.8,25.8,0.0,4.750000016429112e-05,3.000000106112566e-07,0.47559400000000096
7,Random,MarginalGainPredictor,50,7,2216,35.5,181,31.5,820,28.4,4.0,3.1000000000000014,7.100000000000001,0.0,4.750000016429112e-05,0.0006029000001035456,0.47559400000000096
7,Random,OriginalOrder,100,7,2216,35.5,2216,35.5,932,9.7,0.0,25.8,25.8,0.0,4.750000016429112e-05,9.999985195463523e-08,0.47559400000000096
7,Random,MarginalGainPredictor,100,7,2216,35.5,2216,35.5,2216,35.5,0.0,0.0,0.0,0.0,4.750000016429112e-05,0.0006204999999681604,0.47559400000000096
7,Random,OriginalOrder,10,8,2216,35.5,1249,21.0,547,10.7,14.5,10.3,24.8,0.0,5.8399999943503644e-05,9.999985195463523e-08,0.47559400000000096
7,Random,MarginalGainPredictor,10,8,2216,35.5,1249,21.0,1249,21.0,14.5,0.0,14.5,0.0,5.8399999943503644e-05,0.0005383999996411148,0.47559400000000096
7,Random,OriginalOrder,20,8,2216,35.5,892,32.4,547,10.7,3.1000000000000014,21.7,24.8,0.0,5.8399999943503644e-05,2.0000015865662135e-07,0.47559400000000096
7,Random,MarginalGainPredictor,20,8,2216,35.5,892,32.4,1277,0.0,3.1000000000000014,32.4,35.5,0.0,5.8399999943503644e-05,0.0005071000000498316,0.47559400000000096
7,Random,OriginalOrder,50,8,2216,35.5,2216,35.5,547,10.7,0.0,24.8,24.8,0.0,5.8399999943503644e-05,9.999985195463523e-08,0.47559400000000096
7,Random,MarginalGainPredictor,50,8,2216,35.5,2216,35.5,2216,35.5,0.0,0.0,0.0,0.0,5.8399999943503644e-05,0.0005169999999452557,0.47559400000000096
7,Random,OriginalOrder,100,8,2216,35.5,2216,35.5,547,10.7,0.0,24.8,24.8,0.0,5.8399999943503644e-05,1.0000030670198612e-07,0.47559400000000096
7,Random,MarginalGainPredictor,100,8,2216,35.5,2216,35.5,410,34.8,0.0,0.7000000000000028,0.7000000000000028,0.0,5.8399999943503644e-05,0.0005691999999726249,0.47559400000000096
7,Random,OriginalOrder,10,9,2216,35.5,985,30.4,2318,3.8,5.100000000000001,26.599999999999998,31.7,0.0,5.340000006981427e-05,9.999985195463523e-08,0.47559400000000096
7,Random,MarginalGainPredictor,10,9,2216,35.5,985,30.4,985,30.4,5.100000000000001,0.0,5.100000000000001,0.0,5.340000006981427e-05,0.0004936000000270724,0.47559400000000096
7,Random,OriginalOrder,20,9,2216,35.5,985,30.4,2318,3.8,5.100000000000001,26.599999999999998,31.7,0.0,5.340000006981427e-05,2.0000015865662135e-07,0.47559400000000096
7,Random,MarginalGainPredictor,20,9,2216,35.5,985,30.4,985,30.4,5.100000000000001,0.0,5.100000000000001,0.0,5.340000006981427e-05,0.0004894999997304694,0.47559400000000096
7,Random,OriginalOrder,50,9,2216,35.5,985,30.4,2318,3.8,5.100000000000001,26.599999999999998,31.7,0.0,5.340000006981427e-05,1.9999970390927047e-07,0.47559400000000096
7,Random,MarginalGainPredictor,50,9,2216,35.5,985,30.4,985,30.4,5.100000000000001,0.0,5.100000000000001,0.0,5.340000006981427e-05,0.0005323000000316824,0.47559400000000096
7,Random,OriginalOrder,100,9,2216,35.5,892,32.4,2318,3.8,3.1000000000000014,28.599999999999998,31.7,0.0,5.340000006981427e-05,1.9999970390927047e-07,0.47559400000000096
7,Random,MarginalGainPredictor,100,9,2216,35.5,892,32.4,985,30.4,3.1000000000000014,2.0,5.100000000000001,0.0,5.340000006981427e-05,0.0006343999998534855,0.47559400000000096
8,Degree,OriginalOrder,10,,410,42.7,410,42.7,916,11.9,0.0,30.800000000000004,30.800000000000004,0.0,8.32000000627886e-05,2.0000015865662135e-07,0.3881559000001289
8,Degree,MarginalGainPredictor,10,,410,42.7,410,42.7,410,42.7,0.0,0.0,0.0,0.0,8.32000000627886e-05,0.0012345000000095752,0.3881559000001289
8,Degree,OriginalOrder,20,,410,42.7,410,42.7,916,11.9,0.0,30.800000000000004,30.800000000000004,0.0,8.32000000627886e-05,3.000000106112566e-07,0.3881559000001289
8,Degree,MarginalGainPredictor,20,,410,42.7,410,42.7,410,42.7,0.0,0.0,0.0,0.0,8.32000000627886e-05,0.0006183999998938816,0.3881559000001289
8,Degree,OriginalOrder,50,,410,42.7,410,42.7,916,11.9,0.0,30.800000000000004,30.800000000000004,0.0,8.32000000627886e-05,3.000000106112566e-07,0.3881559000001289
8,Degree,MarginalGainPredictor,50,,410,42.7,410,42.7,410,42.7,0.0,0.0,0.0,0.0,8.32000000627886e-05,0.0006276999997680832,0.3881559000001289
8,Degree,OriginalOrder,100,,410,42.7,410,42.7,916,11.9,0.0,30.800000000000004,30.800000000000004,0.0,8.32000000627886e-05,2.0000015865662135e-07,0.3881559000001289
8,Degree,MarginalGainPredictor,100,,410,42.7,410,42.7,410,42.7,0.0,0.0,0.0,0.0,8.32000000627886e-05,0.0005687999996553117,0.3881559000001289
8,DegreeDiscount,OriginalOrder,10,,410,42.7,12802,23.6,12802,23.6,19.1,0.0,19.1,0.0,0.003099500000189437,2.0000015865662135e-07,0.3881559000001289
8,DegreeDiscount,MarginalGainPredictor,10,,410,42.7,12802,23.6,1249,16.6,19.1,7.0,26.1,0.0,0.003099500000189437,0.000537999999778549,0.3881559000001289
8,DegreeDiscount,OriginalOrder,20,,410,42.7,1807,32.5,12802,23.6,10.200000000000003,8.899999999999999,19.1,0.0,0.003099500000189437,1.0000030670198612e-07,0.3881559000001289
8,DegreeDiscount,MarginalGainPredictor,20,,410,42.7,1807,32.5,1807,32.5,10.200000000000003,0.0,10.200000000000003,0.0,0.003099500000189437,0.0004929000001538952,0.3881559000001289
8,DegreeDiscount,OriginalOrder,50,,410,42.7,410,42.7,12802,23.6,0.0,19.1,19.1,0.0,0.003099500000189437,2.0000015865662135e-07,0.3881559000001289
8,DegreeDiscount,MarginalGainPredictor,50,,410,42.7,410,42.7,410,42.7,0.0,0.0,0.0,0.0,0.003099500000189437,0.0005263999996714119,0.3881559000001289
8,DegreeDiscount,OriginalOrder,100,,410,42.7,410,42.7,12802,23.6,0.0,19.1,19.1,0.0,0.003099500000189437,2.0000015865662135e-07,0.3881559000001289
8,DegreeDiscount,MarginalGainPredictor,100,,410,42.7,410,42.7,410,42.7,0.0,0.0,0.0,0.0,0.003099500000189437,0.000568900000416761,0.3881559000001289
8,FeatureDQN,OriginalOrder,10,,410,42.7,4826,13.7,2034,8.8,29.000000000000004,4.899999999999999,33.900000000000006,3.552713678800501e-15,0.001267300000108662,2.0000015865662135e-07,0.3881559000001289
8,FeatureDQN,MarginalGainPredictor,10,,410,42.7,4826,13.7,905,10.2,29.000000000000004,3.5,32.5,-3.552713678800501e-15,0.001267300000108662,0.0005736000002798392,0.3881559000001289
8,FeatureDQN,OriginalOrder,20,,410,42.7,892,38.9,2034,8.8,3.8000000000000043,30.099999999999998,33.900000000000006,3.552713678800501e-15,0.001267300000108662,2.0000015865662135e-07,0.3881559000001289
8,FeatureDQN,MarginalGainPredictor,20,,410,42.7,892,38.9,3916,24.6,3.8000000000000043,14.299999999999997,18.1,0.0,0.001267300000108662,0.0004927999998471932,0.3881559000001289
8,FeatureDQN,OriginalOrder,50,,410,42.7,892,38.9,2034,8.8,3.8000000000000043,30.099999999999998,33.900000000000006,3.552713678800501e-15,0.001267300000108662,9.999985195463523e-08,0.3881559000001289
8,FeatureDQN,MarginalGainPredictor,50,,410,42.7,892,38.9,916,11.9,3.8000000000000043,27.0,30.800000000000004,0.0,0.001267300000108662,0.0005075999997643521,0.3881559000001289
8,FeatureDQN,OriginalOrder,100,,410,42.7,892,38.9,2034,8.8,3.8000000000000043,30.099999999999998,33.900000000000006,3.552713678800501e-15,0.001267300000108662,1.9999970390927047e-07,0.3881559000001289
8,FeatureDQN,MarginalGainPredictor,100,,410,42.7,892,38.9,916,11.9,3.8000000000000043,27.0,30.800000000000004,0.0,0.001267300000108662,0.0005424000000857632,0.3881559000001289
8,Random,OriginalOrder,10,0,410,42.7,1140,22.9,163,6.9,19.800000000000004,15.999999999999998,35.800000000000004,1.7763568394002505e-15,5.469999996421393e-05,9.999985195463523e-08,0.3881559000001289
8,Random,MarginalGainPredictor,10,0,410,42.7,1140,22.9,4679,0.0,19.800000000000004,22.9,42.7,0.0,5.469999996421393e-05,0.0004757000001518463,0.3881559000001289
8,Random,OriginalOrder,20,0,410,42.7,1140,22.9,163,6.9,19.800000000000004,15.999999999999998,35.800000000000004,1.7763568394002505e-15,5.469999996421393e-05,1.9999970390927047e-07,0.3881559000001289
8,Random,MarginalGainPredictor,20,0,410,42.7,1140,22.9,916,11.9,19.800000000000004,10.999999999999998,30.800000000000004,1.7763568394002505e-15,5.469999996421393e-05,0.0004500000000007276,0.3881559000001289
8,Random,OriginalOrder,50,0,410,42.7,892,38.9,163,6.9,3.8000000000000043,32.0,35.800000000000004,0.0,5.469999996421393e-05,2.0000015865662135e-07,0.3881559000001289
8,Random,MarginalGainPredictor,50,0,410,42.7,892,38.9,916,11.9,3.8000000000000043,27.0,30.800000000000004,0.0,5.469999996421393e-05,0.0005095999999866763,0.3881559000001289
8,Random,OriginalOrder,100,0,410,42.7,892,38.9,163,6.9,3.8000000000000043,32.0,35.800000000000004,0.0,5.469999996421393e-05,2.0000015865662135e-07,0.3881559000001289
8,Random,MarginalGainPredictor,100,0,410,42.7,892,38.9,1807,32.5,3.8000000000000043,6.399999999999999,10.200000000000003,0.0,5.469999996421393e-05,0.0005556999999498657,0.3881559000001289
8,Random,OriginalOrder,10,1,410,42.7,658,25.7,2854,3.8,17.000000000000004,21.9,38.900000000000006,3.552713678800501e-15,4.889999991064542e-05,9.999985195463523e-08,0.3881559000001289
8,Random,MarginalGainPredictor,10,1,410,42.7,658,25.7,658,25.7,17.000000000000004,0.0,17.000000000000004,0.0,4.889999991064542e-05,0.0004504999997152481,0.3881559000001289
8,Random,OriginalOrder,20,1,410,42.7,658,25.7,2854,3.8,17.000000000000004,21.9,38.900000000000006,3.552713678800501e-15,4.889999991064542e-05,1.0000030670198612e-07,0.3881559000001289
8,Random,MarginalGainPredictor,20,1,410,42.7,658,25.7,658,25.7,17.000000000000004,0.0,17.000000000000004,0.0,4.889999991064542e-05,0.00045180000006439514,0.3881559000001289
8,Random,OriginalOrder,50,1,410,42.7,892,38.9,2854,3.8,3.8000000000000043,35.1,38.900000000000006,0.0,4.889999991064542e-05,9.999985195463523e-08,0.3881559000001289
8,Random,MarginalGainPredictor,50,1,410,42.7,892,38.9,7995,10.4,3.8000000000000043,28.5,32.300000000000004,0.0,4.889999991064542e-05,0.000492600000143284,0.3881559000001289
8,Random,OriginalOrder,100,1,410,42.7,892,38.9,2854,3.8,3.8000000000000043,35.1,38.900000000000006,0.0,4.889999991064542e-05,2.0000015865662135e-07,0.3881559000001289
8,Random,MarginalGainPredictor,100,1,410,42.7,892,38.9,820,17.3,3.8000000000000043,21.599999999999998,25.400000000000002,0.0,4.889999991064542e-05,0.0005249999999250576,0.3881559000001289
8,Random,OriginalOrder,10,2,410,42.7,9608,16.6,4172,16.1,26.1,0.5,26.6,0.0,4.6999999995023245e-05,9.999985195463523e-08,0.3881559000001289
8,Random,MarginalGainPredictor,10,2,410,42.7,9608,16.6,72,10.7,26.1,5.900000000000002,32.0,-3.552713678800501e-15,4.6999999995023245e-05,0.00045570000020234147,0.3881559000001289
8,Random,OriginalOrder,20,2,410,42.7,1244,18.5,4172,16.1,24.200000000000003,2.3999999999999986,26.6,0.0,4.6999999995023245e-05,1.9999970390927047e-07,0.3881559000001289
8,Random,MarginalGainPredictor,20,2,410,42.7,1244,18.5,1277,0.0,24.200000000000003,18.5,42.7,0.0,4.6999999995023245e-05,0.00044819999993706006,0.3881559000001289
8,Random,OriginalOrder,50,2,410,42.7,3225,32.1,4172,16.1,10.600000000000001,16.0,26.6,0.0,4.6999999995023245e-05,3.000000106112566e-07,0.3881559000001289
8,Random,MarginalGainPredictor,50,2,410,42.7,3225,32.1,1277,0.0,10.600000000000001,32.1,42.7,0.0,4.6999999995023245e-05,0.0005114999999022984,0.3881559000001289
8,Random,OriginalOrder,100,2,410,42.7,8264,33.5,4172,16.1,9.200000000000003,17.4,26.6,0.0,4.6999999995023245e-05,2.0000015865662135e-07,0.3881559000001289
8,Random,MarginalGainPredictor,100,2,410,42.7,8264,33.5,820,17.3,9.200000000000003,16.2,25.400000000000002,0.0,4.6999999995023245e-05,0.0005404000003181864,0.3881559000001289
8,Random,OriginalOrder,10,3,410,42.7,658,25.7,578,10.0,17.000000000000004,15.7,32.7,0.0,4.7900000026857015e-05,2.0000015865662135e-07,0.3881559000001289
8,Random,MarginalGainPredictor,10,3,410,42.7,658,25.7,1423,12.4,17.000000000000004,13.299999999999999,30.300000000000004,1.7763568394002505e-15,4.7900000026857015e-05,0.0004610000000866421,0.3881559000001289
8,Random,OriginalOrder,20,3,410,42.7,658,25.7,578,10.0,17.000000000000004,15.7,32.7,0.0,4.7900000026857015e-05,2.0000015865662135e-07,0.3881559000001289
8,Random,MarginalGainPredictor,20,3,410,42.7,658,25.7,1423,12.4,17.000000000000004,13.299999999999999,30.300000000000004,1.7763568394002505e-15,4.7900000026857015e-05,0.0004515000000537839,0.3881559000001289
8,Random,OriginalOrder,50,3,410,42.7,410,42.7,578,10.0,0.0,32.7,32.7,0.0,4.7900000026857015e-05,1.0000030670198612e-07,0.3881559000001289
8,Random,MarginalGainPredictor,50,3,410,42.7,410,42.7,410,42.7,0.0,0.0,0.0,0.0,4.7900000026857015e-05,0.0004945000000589062,0.3881559000001289
8,Random,OriginalOrder,100,3,410,42.7,410,42.7,578,10.0,0.0,32.7,32.7,0.0,4.7900000026857015e-05,9.999985195463523e-08,0.3881559000001289
8,Random,MarginalGainPredictor,100,3,410,42.7,410,42.7,410,42.7,0.0,0.0,0.0,0.0,4.7900000026857015e-05,0.0005321000003277732,0.3881559000001289
8,Random,OriginalOrder,10,4,410,42.7,892,38.9,11249,2.6,3.8000000000000043,36.3,40.1,0.0,4.669999998441199e-05,9.999985195463523e-08,0.3881559000001289
8,Random,MarginalGainPredictor,10,4,410,42.7,892,38.9,820,17.3,3.8000000000000043,21.599999999999998,25.400000000000002,0.0,4.669999998441199e-05,0.00044579999985217,0.3881559000001289
8,Random,OriginalOrder,20,4,410,42.7,892,38.9,11249,2.6,3.8000000000000043,36.3,40.1,0.0,4.669999998441199e-05,1.9999970390927047e-07,0.3881559000001289
8,Random,MarginalGainPredictor,20,4,410,42.7,892,38.9,820,17.3,3.8000000000000043,21.599999999999998,25.400000000000002,0.0,4.669999998441199e-05,0.0004460000000108266,0.3881559000001289
8,Random,OriginalOrder,50,4,410,42.7,892,38.9,11249,2.6,3.8000000000000043,36.3,40.1,0.0,4.669999998441199e-05,3.000000106112566e-07,0.3881559000001289
8,Random,MarginalGainPredictor,50,4,410,42.7,892,38.9,820,17.3,3.8000000000000043,21.599999999999998,25.400000000000002,0.0,4.669999998441199e-05,0.0005160000000614673,0.3881559000001289
8,Random,OriginalOrder,100,4,410,42.7,892,38.9,11249,2.6,3.8000000000000043,36.3,40.1,0.0,4.669999998441199e-05,1.9999970390927047e-07,0.3881559000001289
8,Random,MarginalGainPredictor,100,4,410,42.7,892,38.9,820,17.3,3.8000000000000043,21.599999999999998,25.400000000000002,0.0,4.669999998441199e-05,0.0005291000002216606,0.3881559000001289
8,Random,OriginalOrder,10,5,410,42.7,98,14.6,1392,4.1,28.1,10.5,38.6,0.0,4.750000016429112e-05,9.999985195463523e-08,0.3881559000001289
8,Random,MarginalGainPredictor,10,5,410,42.7,98,14.6,1423,12.4,28.1,2.1999999999999993,30.300000000000004,3.552713678800501e-15,4.750000016429112e-05,0.0004573000001073524,0.3881559000001289
8,Random,OriginalOrder,20,5,410,42.7,9608,16.6,1392,4.1,26.1,12.500000000000002,38.6,-1.7763568394002505e-15,4.750000016429112e-05,2.0000015865662135e-07,0.3881559000001289
8,Random,MarginalGainPredictor,20,5,410,42.7,9608,16.6,1423,12.4,26.1,4.200000000000001,30.300000000000004,1.7763568394002505e-15,4.750000016429112e-05,0.00045539999973698286,0.3881559000001289
8,Random,OriginalOrder,50,5,410,42.7,181,26.9,1392,4.1,15.800000000000004,22.799999999999997,38.6,0.0,4.750000016429112e-05,2.0000015865662135e-07,0.3881559000001289
8,Random,MarginalGainPredictor,50,5,410,42.7,181,26.9,820,17.3,15.800000000000004,9.599999999999998,25.400000000000002,0.0,4.750000016429112e-05,0.0004923999999846274,0.3881559000001289
8,Random,OriginalOrder,100,5,410,42.7,7123,32.3,1392,4.1,10.400000000000006,28.199999999999996,38.6,0.0,4.750000016429112e-05,2.0000015865662135e-07,0.3881559000001289
8,Random,MarginalGainPredictor,100,5,410,42.7,7123,32.3,820,17.3,10.400000000000006,14.999999999999996,25.400000000000002,0.0,4.750000016429112e-05,0.0005212999999457679,0.3881559000001289
8,Random,OriginalOrder,10,6,410,42.7,3916,24.6,679,14.2,18.1,10.400000000000002,28.500000000000004,0.0,4.660000013245735e-05,1.9999970390927047e-07,0.3881559000001289
8,Random,MarginalGainPredictor,10,6,410,42.7,3916,24.6,1255,6.8,18.1,17.8,35.900000000000006,3.552713678800501e-15,4.660000013245735e-05,0.0004814999997506675,0.3881559000001289
8,Random,OriginalOrder,20,6,410,42.7,3916,24.6,679,14.2,18.1,10.400000000000002,28.500000000000004,0.0,4.660000013245735e-05,2.0000015865662135e-07,0.3881559000001289
8,Random,MarginalGainPredictor,20,6,410,42.7,3916,24.6,1255,6.8,18.1,17.8,35.900000000000006,3.552713678800501e-15,4.660000013245735e-05,0.00048139999989871285,0.3881559000001289
8,Random,OriginalOrder,50,6,410,42.7,1807,32.5,679,14.2,10.200000000000003,18.3,28.500000000000004,0.0,4.660000013245735e-05,1.9999970390927047e-07,0.3881559000001289
8,Random,MarginalGainPredictor,50,6,410,42.7,1807,32.5,1807,32.5,10.200000000000003,0.0,10.200000000000003,0.0,4.660000013245735e-05,0.0004988000000594184,0.3881559000001289
8,Random,OriginalOrder,100,6,410,42.7,410,42.7,679,14.2,0.0,28.500000000000004,28.500000000000004,0.0,4.660000013245735e-05,1.0000030670198612e-07,0.3881559000001289
8,Random,MarginalGainPredictor,100,6,410,42.7,410,42.7,410,42.7,0.0,0.0,0.0,0.0,4.660000013245735e-05,0.0005648999999721127,0.3881559000001289
8,Random,OriginalOrder,10,7,410,42.7,1249,16.6,916,11.9,26.1,4.700000000000001,30.800000000000004,1.7763568394002505e-15,4.799999987881165e-05,1.0000030670198612e-07,0.3881559000001289
8,Random,MarginalGainPredictor,10,7,410,42.7,1249,16.6,916,11.9,26.1,4.700000000000001,30.800000000000004,1.7763568394002505e-15,4.799999987881165e-05,0.00046440000005532056,0.3881559000001289
8,Random,OriginalOrder,20,7,410,42.7,1807,32.5,916,11.9,10.200000000000003,20.6,30.800000000000004,0.0,4.799999987881165e-05,2.0000015865662135e-07,0.3881559000001289
8,Random,MarginalGainPredictor,20,7,410,42.7,1807,32.5,1807,32.5,10.200000000000003,0.0,10.200000000000003,0.0,4.799999987881165e-05,0.0004681000000346103,0.3881559000001289
8,Random,OriginalOrder,50,7,410,42.7,410,42.7,916,11.9,0.0,30.800000000000004,30.800000000000004,0.0,4.799999987881165e-05,9.999985195463523e-08,0.3881559000001289
8,Random,MarginalGainPredictor,50,7,410,42.7,410,42.7,410,42.7,0.0,0.0,0.0,0.0,4.799999987881165e-05,0.0004867999996349681,0.3881559000001289
8,Random,OriginalOrder,100,7,410,42.7,410,42.7,916,11.9,0.0,30.800000000000004,30.800000000000004,0.0,4.799999987881165e-05,3.000000106112566e-07,0.3881559000001289
8,Random,MarginalGainPredictor,100,7,410,42.7,410,42.7,410,42.7,0.0,0.0,0.0,0.0,4.799999987881165e-05,0.0005214999996496772,0.3881559000001289
8,Random,OriginalOrder,10,8,410,42.7,2023,26.2,3606,0.0,16.500000000000004,26.2,42.7,0.0,4.639999997380073e-05,9.999985195463523e-08,0.3881559000001289
8,Random,MarginalGainPredictor,10,8,410,42.7,2023,26.2,916,11.9,16.500000000000004,14.299999999999999,30.800000000000004,1.7763568394002505e-15,4.639999997380073e-05,0.0004444000001058157,0.3881559000001289
8,Random,OriginalOrder,20,8,410,42.7,2023,26.2,3606,0.0,16.500000000000004,26.2,42.7,0.0,4.639999997380073e-05,1.0000030670198612e-07,0.3881559000001289
8,Random,MarginalGainPredictor,20,8,410,42.7,2023,26.2,916,11.9,16.500000000000004,14.299999999999999,30.800000000000004,1.7763568394002505e-15,4.639999997380073e-05,0.0004987000002074637,0.3881559000001289
8,Random,OriginalOrder,50,8,410,42.7,2023,26.2,3606,0.0,16.500000000000004,26.2,42.7,0.0,4.639999997380073e-05,9.999985195463523e-08,0.3881559000001289
8,Random,MarginalGainPredictor,50,8,410,42.7,2023,26.2,1277,0.0,16.500000000000004,26.2,42.7,0.0,4.639999997380073e-05,0.0004973999998583167,0.3881559000001289
8,Random,OriginalOrder,100,8,410,42.7,1807,32.5,3606,0.0,10.200000000000003,32.5,42.7,0.0,4.639999997380073e-05,1.9999970390927047e-07,0.3881559000001289
8,Random,MarginalGainPredictor,100,8,410,42.7,1807,32.5,1807,32.5,10.200000000000003,0.0,10.200000000000003,0.0,4.639999997380073e-05,0.0005252000000837143,0.3881559000001289
8,Random,OriginalOrder,10,9,410,42.7,3916,24.6,334,6.5,18.1,18.1,36.2,0.0,4.639999997380073e-05,9.999985195463523e-08,0.3881559000001289
8,Random,MarginalGainPredictor,10,9,410,42.7,3916,24.6,3916,24.6,18.1,0.0,18.1,0.0,4.639999997380073e-05,0.00044389999993654783,0.3881559000001289
8,Random,OriginalOrder,20,9,410,42.7,3916,24.6,334,6.5,18.1,18.1,36.2,0.0,4.639999997380073e-05,9.999985195463523e-08,0.3881559000001289
8,Random,MarginalGainPredictor,20,9,410,42.7,3916,24.6,3078,23.7,18.1,0.9000000000000021,19.000000000000004,0.0,4.639999997380073e-05,0.0004701999996541417,0.3881559000001289
8,Random,OriginalOrder,50,9,410,42.7,7123,32.3,334,6.5,10.400000000000006,25.799999999999997,36.2,0.0,4.639999997380073e-05,9.999985195463523e-08,0.3881559000001289
8,Random,MarginalGainPredictor,50,9,410,42.7,7123,32.3,985,25.7,10.400000000000006,6.599999999999998,17.000000000000004,0.0,4.639999997380073e-05,0.0004925000002913293,0.3881559000001289
8,Random,OriginalOrder,100,9,410,42.7,410,42.7,334,6.5,0.0,36.2,36.2,0.0,4.639999997380073e-05,1.9999970390927047e-07,0.3881559000001289
8,Random,MarginalGainPredictor,100,9,410,42.7,410,42.7,410,42.7,0.0,0.0,0.0,0.0,4.639999997380073e-05,0.0005206999999245454,0.3881559000001289
9,Degree,OriginalOrder,10,,1807,42.3,658,34.7,916,16.2,7.599999999999994,18.500000000000004,26.099999999999998,0.0,8.839999964038725e-05,1.0000030670198612e-07,0.5008186999998543
9,Degree,MarginalGainPredictor,10,,1807,42.3,658,34.7,985,32.3,7.599999999999994,2.4000000000000057,10.0,0.0,8.839999964038725e-05,0.001262100000076316,0.5008186999998543
9,Degree,OriginalOrder,20,,1807,42.3,1807,42.3,916,16.2,0.0,26.099999999999998,26.099999999999998,0.0,8.839999964038725e-05,2.0000015865662135e-07,0.5008186999998543
9,Degree,MarginalGainPredictor,20,,1807,42.3,1807,42.3,1807,42.3,0.0,0.0,0.0,0.0,8.839999964038725e-05,0.0006264999997256382,0.5008186999998543
9,Degree,OriginalOrder,50,,1807,42.3,1807,42.3,916,16.2,0.0,26.099999999999998,26.099999999999998,0.0,8.839999964038725e-05,3.000000106112566e-07,0.5008186999998543
9,Degree,MarginalGainPredictor,50,,1807,42.3,1807,42.3,1807,42.3,0.0,0.0,0.0,0.0,8.839999964038725e-05,0.0006511999999929685,0.5008186999998543
9,Degree,OriginalOrder,100,,1807,42.3,1807,42.3,916,16.2,0.0,26.099999999999998,26.099999999999998,0.0,8.839999964038725e-05,2.0000015865662135e-07,0.5008186999998543
9,Degree,MarginalGainPredictor,100,,1807,42.3,1807,42.3,1807,42.3,0.0,0.0,0.0,0.0,8.839999964038725e-05,0.0006582999999409367,0.5008186999998543
9,DegreeDiscount,OriginalOrder,10,,1807,42.3,1439,25.5,12802,19.8,16.799999999999997,5.699999999999999,22.499999999999996,0.0,0.002590000000054715,2.0000015865662135e-07,0.5008186999998543
9,DegreeDiscount,MarginalGainPredictor,10,,1807,42.3,1439,25.5,1249,23.7,16.799999999999997,1.8000000000000007,18.599999999999998,0.0,0.002590000000054715,0.000561099999686121,0.5008186999998543
9,DegreeDiscount,OriginalOrder,20,,1807,42.3,1807,42.3,12802,19.8,0.0,22.499999999999996,22.499999999999996,0.0,0.002590000000054715,2.999995558639057e-07,0.5008186999998543
9,DegreeDiscount,MarginalGainPredictor,20,,1807,42.3,1807,42.3,1807,42.3,0.0,0.0,0.0,0.0,0.002590000000054715,0.0004896000000371714,0.5008186999998543
9,DegreeDiscount,OriginalOrder,50,,1807,42.3,1807,42.3,12802,19.8,0.0,22.499999999999996,22.499999999999996,0.0,0.002590000000054715,3.000000106112566e-07,0.5008186999998543
9,DegreeDiscount,MarginalGainPredictor,50,,1807,42.3,1807,42.3,1807,42.3,0.0,0.0,0.0,0.0,0.002590000000054715,0.0005331000002115616,0.5008186999998543
9,DegreeDiscount,OriginalOrder,100,,1807,42.3,1807,42.3,12802,19.8,0.0,22.499999999999996,22.499999999999996,0.0,0.002590000000054715,2.0000015865662135e-07,0.5008186999998543
9,DegreeDiscount,MarginalGainPredictor,100,,1807,42.3,1807,42.3,1807,42.3,0.0,0.0,0.0,0.0,0.002590000000054715,0.0005640000003950263,0.5008186999998543
9,FeatureDQN,OriginalOrder,10,,1807,42.3,4826,11.7,2034,8.6,30.599999999999998,3.0999999999999996,33.699999999999996,-1.7763568394002505e-15,0.0012738999998873624,1.9999970390927047e-07,0.5008186999998543
9,FeatureDQN,MarginalGainPredictor,10,,1807,42.3,4826,11.7,905,9.7,30.599999999999998,2.0,32.599999999999994,-3.552713678800501e-15,0.0012738999998873624,0.0004853999998886138,0.5008186999998543
9,FeatureDQN,OriginalOrder,20,,1807,42.3,892,32.3,2034,8.6,10.0,23.699999999999996,33.699999999999996,0.0,0.0012738999998873624,1.9999970390927047e-07,0.5008186999998543
9,FeatureDQN,MarginalGainPredictor,20,,1807,42.3,892,32.3,3916,25.0,10.0,7.299999999999997,17.299999999999997,0.0,0.0012738999998873624,0.0004699000000982778,0.5008186999998543
9,FeatureDQN,OriginalOrder,50,,1807,42.3,892,32.3,2034,8.6,10.0,23.699999999999996,33.699999999999996,0.0,0.0012738999998873624,1.9999970390927047e-07,0.5008186999998543
9,FeatureDQN,MarginalGainPredictor,50,,1807,42.3,892,32.3,916,16.2,10.0,16.099999999999998,26.099999999999998,0.0,0.0012738999998873624,0.0005136999998285319,0.5008186999998543
9,FeatureDQN,OriginalOrder,100,,1807,42.3,658,34.7,2034,8.6,7.599999999999994,26.1,33.699999999999996,0.0,0.0012738999998873624,1.0000030670198612e-07,0.5008186999998543
9,FeatureDQN,MarginalGainPredictor,100,,1807,42.3,658,34.7,916,16.2,7.599999999999994,18.500000000000004,26.099999999999998,0.0,0.0012738999998873624,0.00058309999985795,0.5008186999998543
9,Random,OriginalOrder,10,0,1807,42.3,7963,21.2,7963,21.2,21.099999999999998,0.0,21.099999999999998,0.0,5.86999999541149e-05,1.0000030670198612e-07,0.5008186999998543
9,Random,MarginalGainPredictor,10,0,1807,42.3,7963,21.2,4331,12.3,21.099999999999998,8.899999999999999,29.999999999999996,0.0,5.86999999541149e-05,0.00046019999990676297,0.5008186999998543
9,Random,OriginalOrder,20,0,1807,42.3,7963,21.2,7963,21.2,21.099999999999998,0.0,21.099999999999998,0.0,5.86999999541149e-05,2.0000015865662135e-07,0.5008186999998543
9,Random,MarginalGainPredictor,20,0,1807,42.3,7963,21.2,4305,12.0,21.099999999999998,9.2,30.299999999999997,0.0,5.86999999541149e-05,0.0004659999999603315,0.5008186999998543
9,Random,OriginalOrder,50,0,1807,42.3,1807,42.3,7963,21.2,0.0,21.099999999999998,21.099999999999998,0.0,5.86999999541149e-05,9.999985195463523e-08,0.5008186999998543
9,Random,MarginalGainPredictor,50,0,1807,42.3,1807,42.3,1807,42.3,0.0,0.0,0.0,0.0,5.86999999541149e-05,0.0005116000002090004,0.5008186999998543
9,Random,OriginalOrder,100,0,1807,42.3,1807,42.3,7963,21.2,0.0,21.099999999999998,21.099999999999998,0.0,5.86999999541149e-05,2.0000015865662135e-07,0.5008186999998543
9,Random,MarginalGainPredictor,100,0,1807,42.3,1807,42.3,1807,42.3,0.0,0.0,0.0,0.0,5.86999999541149e-05,0.0006047000001672131,0.5008186999998543
9,Random,OriginalOrder,10,1,1807,42.3,658,34.7,287,13.7,7.599999999999994,21.000000000000004,28.599999999999998,0.0,5.03999999637017e-05,1.9999970390927047e-07,0.5008186999998543
9,Random,MarginalGainPredictor,10,1,1807,42.3,658,34.7,658,34.7,7.599999999999994,0.0,7.599999999999994,0.0,5.03999999637017e-05,0.00045880000016040867,0.5008186999998543
9,Random,OriginalOrder,20,1,1807,42.3,658,34.7,287,13.7,7.599999999999994,21.000000000000004,28.599999999999998,0.0,5.03999999637017e-05,2.0000015865662135e-07,0.5008186999998543
9,Random,MarginalGainPredictor,20,1,1807,42.3,658,34.7,3078,20.6,7.599999999999994,14.100000000000001,21.699999999999996,0.0,5.03999999637017e-05,0.00045550000004368485,0.5008186999998543
9,Random,OriginalOrder,50,1,1807,42.3,8264,35.9,287,13.7,6.399999999999999,22.2,28.599999999999998,0.0,5.03999999637017e-05,2.0000015865662135e-07,0.5008186999998543
9,Random,MarginalGainPredictor,50,1,1807,42.3,8264,35.9,916,16.2,6.399999999999999,19.7,26.099999999999998,0.0,5.03999999637017e-05,0.0005118999997648643,0.5008186999998543
9,Random,OriginalOrder,100,1,1807,42.3,1807,42.3,287,13.7,0.0,28.599999999999998,28.599999999999998,0.0,5.03999999637017e-05,1.9999970390927047e-07,0.5008186999998543
9,Random,MarginalGainPredictor,100,1,1807,42.3,1807,42.3,1807,42.3,0.0,0.0,0.0,0.0,5.03999999637017e-05,0.0005506000002242217,0.5008186999998543
9,Random,OriginalOrder,10,2,1807,42.3,118,8.2,124,5.9,34.099999999999994,2.299999999999999,36.4,5.329070518200751e-15,4.7900000026857015e-05,1.0000030670198612e-07,0.5008186999998543
9,Random,MarginalGainPredictor,10,2,1807,42.3,118,8.2,1040,7.1,34.099999999999994,1.0999999999999996,35.199999999999996,1.7763568394002505e-15,4.7900000026857015e-05,0.00045899999986431794,0.5008186999998543
9,Random,OriginalOrder,20,2,1807,42.3,1785,18.6,124,5.9,23.699999999999996,12.700000000000001,36.4,1.7763568394002505e-15,4.7900000026857015e-05,1.0000030670198612e-07,0.5008186999998543
9,Random,MarginalGainPredictor,20,2,1807,42.3,1785,18.6,7995,13.4,23.699999999999996,5.200000000000001,28.9,1.7763568394002505e-15,4.7900000026857015e-05,0.00047369999992952216,0.5008186999998543
9,Random,OriginalOrder,50,2,1807,42.3,181,21.7,124,5.9,20.599999999999998,15.799999999999999,36.4,1.7763568394002505e-15,4.7900000026857015e-05,1.9999970390927047e-07,0.5008186999998543
9,Random,MarginalGainPredictor,50,2,1807,42.3,181,21.7,7995,13.4,20.599999999999998,8.299999999999999,28.9,1.7763568394002505e-15,4.7900000026857015e-05,0.0005344999999579159,0.5008186999998543
9,Random,OriginalOrder,100,2,1807,42.3,8264,35.9,124,5.9,6.399999999999999,30.0,36.4,0.0,4.7900000026857015e-05,2.0000015865662135e-07,0.5008186999998543
9,Random,MarginalGainPredictor,100,2,1807,42.3,8264,35.9,820,17.4,6.399999999999999,18.5,24.9,0.0,4.7900000026857015e-05,0.0005465999997795734,0.5008186999998543
9,Random,OriginalOrder,10,3,1807,42.3,892,32.3,4859,12.2,10.0,20.099999999999998,30.099999999999998,0.0,4.8800000058690784e-05,9.999985195463523e-08,0.5008186999998543
9,Random,MarginalGainPredictor,10,3,1807,42.3,892,32.3,4934,23.5,10.0,8.799999999999997,18.799999999999997,0.0,4.8800000058690784e-05,0.000604000000294036,0.5008186999998543
9,Random,OriginalOrder,20,3,1807,42.3,892,32.3,4859,12.2,10.0,20.099999999999998,30.099999999999998,0.0,4.8800000058690784e-05,2.0000015865662135e-07,0.5008186999998543
9,Random,MarginalGainPredictor,20,3,1807,42.3,892,32.3,916,16.2,10.0,16.099999999999998,26.099999999999998,0.0,4.8800000058690784e-05,0.0005562999999710883,0.5008186999998543
9,Random,OriginalOrder,50,3,1807,42.3,2477,35.5,4859,12.2,6.799999999999997,23.3,30.099999999999998,0.0,4.8800000058690784e-05,2.0000015865662135e-07,0.5008186999998543
9,Random,MarginalGainPredictor,50,3,1807,42.3,2477,35.5,916,16.2,6.799999999999997,19.3,26.099999999999998,0.0,4.8800000058690784e-05,0.0005204000003686815,0.5008186999998543
9,Random,OriginalOrder,100,3,1807,42.3,8264,35.9,4859,12.2,6.399999999999999,23.7,30.099999999999998,0.0,4.8800000058690784e-05,2.0000015865662135e-07,0.5008186999998543
9,Random,MarginalGainPredictor,100,3,1807,42.3,8264,35.9,820,17.4,6.399999999999999,18.5,24.9,0.0,4.8800000058690784e-05,0.0005519000001186214,0.5008186999998543
9,Random,OriginalOrder,10,4,1807,42.3,1920,24.1,12379,6.3,18.199999999999996,17.8,36.0,3.552713678800501e-15,4.6999999995023245e-05,1.0000030670198612e-07,0.5008186999998543
9,Random,MarginalGainPredictor,10,4,1807,42.3,1920,24.1,916,16.2,18.199999999999996,7.900000000000002,26.099999999999998,0.0,4.6999999995023245e-05,0.0004432999999153253,0.5008186999998543
9,Random,OriginalOrder,20,4,1807,42.3,985,32.3,12379,6.3,10.0,25.999999999999996,36.0,3.552713678800501e-15,4.6999999995023245e-05,2.0000015865662135e-07,0.5008186999998543
9,Random,MarginalGainPredictor,20,4,1807,42.3,985,32.3,985,32.3,10.0,0.0,10.0,0.0,4.6999999995023245e-05,0.00047630000017306884,0.5008186999998543
9,Random,OriginalOrder,50,4,1807,42.3,985,32.3,12379,6.3,10.0,25.999999999999996,36.0,3.552713678800501e-15,4.6999999995023245e-05,3.000000106112566e-07,0.5008186999998543
9,Random,MarginalGainPredictor,50,4,1807,42.3,985,32.3,985,32.3,10.0,0.0,10.0,0.0,4.6999999995023245e-05,0.0004883999999947264,0.5008186999998543
9,Random,OriginalOrder,100,4,1807,42.3,8264,35.9,12379,6.3,6.399999999999999,29.599999999999998,36.0,3.552713678800501e-15,4.6999999995023245e-05,2.0000015865662135e-07,0.5008186999998543
9,Random,MarginalGainPredictor,100,4,1807,42.3,8264,35.9,985,32.3,6.399999999999999,3.6000000000000014,10.0,0.0,4.6999999995023245e-05,0.0005428999998002837,0.5008186999998543
9,Random,OriginalOrder,10,5,1807,42.3,1785,18.6,1126,4.6,23.699999999999996,14.000000000000002,37.699999999999996,-1.7763568394002505e-15,4.5700000100623583e-05,2.0000015865662135e-07,0.5008186999998543
9,Random,MarginalGainPredictor,10,5,1807,42.3,1785,18.6,699,8.4,23.699999999999996,10.200000000000001,33.9,1.7763568394002505e-15,4.5700000100623583e-05,0.0004687999999077874,0.5008186999998543
9,Random,OriginalOrder,20,5,1807,42.3,2477,35.5,1126,4.6,6.799999999999997,30.9,37.699999999999996,0.0,4.5700000100623583e-05,1.9999970390927047e-07,0.5008186999998543
9,Random,MarginalGainPredictor,20,5,1807,42.3,2477,35.5,699,8.4,6.799999999999997,27.1,33.9,0.0,4.5700000100623583e-05,0.00048389999983555754,0.5008186999998543
9,Random,OriginalOrder,50,5,1807,42.3,2477,35.5,1126,4.6,6.799999999999997,30.9,37.699999999999996,0.0,4.5700000100623583e-05,1.9999970390927047e-07,0.5008186999998543
9,Random,MarginalGainPredictor,50,5,1807,42.3,2477,35.5,7995,13.4,6.799999999999997,22.1,28.9,0.0,4.5700000100623583e-05,0.000517199999649165,0.5008186999998543
9,Random,OriginalOrder,100,5,1807,42.3,2477,35.5,1126,4.6,6.799999999999997,30.9,37.699999999999996,0.0,4.5700000100623583e-05,2.0000015865662135e-07,0.5008186999998543
9,Random,MarginalGainPredictor,100,5,1807,42.3,2477,35.5,7995,13.4,6.799999999999997,22.1,28.9,0.0,4.5700000100623583e-05,0.0005436999999801628,0.5008186999998543
9,Random,OriginalOrder,10,6,1807,42.3,1807,42.3,124,5.9,0.0,36.4,36.4,0.0,4.6799999836366624e-05,9.999985195463523e-08,0.5008186999998543
9,Random,MarginalGainPredictor,10,6,1807,42.3,1807,42.3,1807,42.3,0.0,0.0,0.0,0.0,4.6799999836366624e-05,0.0004534999998213607,0.5008186999998543
9,Random,OriginalOrder,20,6,1807,42.3,1807,42.3,124,5.9,0.0,36.4,36.4,0.0,4.6799999836366624e-05,2.0000015865662135e-07,0.5008186999998543
9,Random,MarginalGainPredictor,20,6,1807,42.3,1807,42.3,1807,42.3,0.0,0.0,0.0,0.0,4.6799999836366624e-05,0.0004797000001417473,0.5008186999998543
9,Random,OriginalOrder,50,6,1807,42.3,1807,42.3,124,5.9,0.0,36.4,36.4,0.0,4.6799999836366624e-05,9.999985195463523e-08,0.5008186999998543
9,Random,MarginalGainPredictor,50,6,1807,42.3,1807,42.3,1807,42.3,0.0,0.0,0.0,0.0,4.6799999836366624e-05,0.0004994000000806409,0.5008186999998543
9,Random,OriginalOrder,100,6,1807,42.3,1807,42.3,124,5.9,0.0,36.4,36.4,0.0,4.6799999836366624e-05,1.9999970390927047e-07,0.5008186999998543
9,Random,MarginalGainPredictor,100,6,1807,42.3,1807,42.3,1807,42.3,0.0,0.0,0.0,0.0,4.6799999836366624e-05,0.0005436000001282082,0.5008186999998543
9,Random,OriginalOrder,10,7,1807,42.3,1816,25.5,2122,20.9,16.799999999999997,4.600000000000001,21.4,0.0,4.549999994196696e-05,2.0000015865662135e-07,0.5008186999998543
9,Random,MarginalGainPredictor,10,7,1807,42.3,1816,25.5,1816,25.5,16.799999999999997,0.0,16.799999999999997,0.0,4.549999994196696e-05,0.00044570000000021537,0.5008186999998543
9,Random,OriginalOrder,20,7,1807,42.3,892,32.3,2122,20.9,10.0,11.399999999999999,21.4,0.0,4.549999994196696e-05,2.0000015865662135e-07,0.5008186999998543
9,Random,MarginalGainPredictor,20,7,1807,42.3,892,32.3,1816,25.5,10.0,6.799999999999997,16.799999999999997,0.0,4.549999994196696e-05,0.0004841999998461688,0.5008186999998543
9,Random,OriginalOrder,50,7,1807,42.3,1807,42.3,2122,20.9,0.0,21.4,21.4,0.0,4.549999994196696e-05,1.0000030670198612e-07,0.5008186999998543
9,Random,MarginalGainPredictor,50,7,1807,42.3,1807,42.3,1807,42.3,0.0,0.0,0.0,0.0,4.549999994196696e-05,0.0005038000003878551,0.5008186999998543
9,Random,OriginalOrder,100,7,1807,42.3,1807,42.3,2122,20.9,0.0,21.4,21.4,0.0,4.549999994196696e-05,9.999985195463523e-08,0.5008186999998543
9,Random,MarginalGainPredictor,100,7,1807,42.3,1807,42.3,1807,42.3,0.0,0.0,0.0,0.0,4.549999994196696e-05,0.0005300000002534944,0.5008186999998543
9,Random,OriginalOrder,10,8,1807,42.3,2023,19.9,11796,15.9,22.4,3.9999999999999982,26.4,1.7763568394002505e-15,4.750000016429112e-05,1.0000030670198612e-07,0.5008186999998543
9,Random,MarginalGainPredictor,10,8,1807,42.3,2023,19.9,189,11.5,22.4,8.399999999999999,30.799999999999997,0.0,4.750000016429112e-05,0.0004902000000583939,0.5008186999998543
9,Random,OriginalOrder,20,8,1807,42.3,4103,24.6,11796,15.9,17.699999999999996,8.700000000000001,26.4,1.7763568394002505e-15,4.750000016429112e-05,9.999985195463523e-08,0.5008186999998543
9,Random,MarginalGainPredictor,20,8,1807,42.3,4103,24.6,1255,9.4,17.699999999999996,15.200000000000001,32.9,1.7763568394002505e-15,4.750000016429112e-05,0.00046229999998104176,0.5008186999998543
9,Random,OriginalOrder,50,8,1807,42.3,892,32.3,11796,15.9,10.0,16.4,26.4,0.0,4.750000016429112e-05,1.0000030670198612e-07,0.5008186999998543
9,Random,MarginalGainPredictor,50,8,1807,42.3,892,32.3,1423,13.1,10.0,19.199999999999996,29.199999999999996,0.0,4.750000016429112e-05,0.0004863999997724022,0.5008186999998543
9,Random,OriginalOrder,100,8,1807,42.3,892,32.3,11796,15.9,10.0,16.4,26.4,0.0,4.750000016429112e-05,9.999985195463523e-08,0.5008186999998543
9,Random,MarginalGainPredictor,100,8,1807,42.3,892,32.3,1249,23.7,10.0,8.599999999999998,18.599999999999998,0.0,4.750000016429112e-05,0.0005124999997860868,0.5008186999998543
9,Random,OriginalOrder,10,9,1807,42.3,7123,26.4,14013,4.4,15.899999999999999,22.0,37.9,0.0,4.599999965648749e-05,2.0000015865662135e-07,0.5008186999998543
9,Random,MarginalGainPredictor,10,9,1807,42.3,7123,26.4,287,13.7,15.899999999999999,12.7,28.599999999999998,0.0,4.599999965648749e-05,0.0004512000000431726,0.5008186999998543
9,Random,OriginalOrder,20,9,1807,42.3,7123,26.4,14013,4.4,15.899999999999999,22.0,37.9,0.0,4.599999965648749e-05,1.9999970390927047e-07,0.5008186999998543
9,Random,MarginalGainPredictor,20,9,1807,42.3,7123,26.4,692,21.7,15.899999999999999,4.699999999999999,20.599999999999998,0.0,4.599999965648749e-05,0.00044859999979962595,0.5008186999998543
9,Random,OriginalOrder,50,9,1807,42.3,7123,26.4,14013,4.4,15.899999999999999,22.0,37.9,0.0,4.599999965648749e-05,2.0000015865662135e-07,0.5008186999998543
9,Random,MarginalGainPredictor,50,9,1807,42.3,7123,26.4,1816,25.5,15.899999999999999,0.8999999999999986,16.799999999999997,0.0,4.599999965648749e-05,0.0004732999996122089,0.5008186999998543
9,Random,OriginalOrder,100,9,1807,42.3,8264,35.9,14013,4.4,6.399999999999999,31.5,37.9,0.0,4.599999965648749e-05,9.999985195463523e-08,0.5008186999998543
9,Random,MarginalGainPredictor,100,9,1807,42.3,8264,35.9,1423,13.1,6.399999999999999,22.799999999999997,29.199999999999996,0.0,4.599999965648749e-05,0.0005081999997855746,0.5008186999998543
10,Degree,OriginalOrder,10,,658,33.8,658,33.8,916,8.8,0.0,24.999999999999996,24.999999999999996,0.0,8.620000016890117e-05,2.0000015865662135e-07,0.5078221000003396
10,Degree,MarginalGainPredictor,10,,658,33.8,658,33.8,985,28.7,0.0,5.099999999999998,5.099999999999998,0.0,8.620000016890117e-05,0.001231400000051508,0.5078221000003396
10,Degree,OriginalOrder,20,,658,33.8,658,33.8,916,8.8,0.0,24.999999999999996,24.999999999999996,0.0,8.620000016890117e-05,4.99999714520527e-07,0.5078221000003396
10,Degree,MarginalGainPredictor,20,,658,33.8,658,33.8,985,28.7,0.0,5.099999999999998,5.099999999999998,0.0,8.620000016890117e-05,0.0006431000001612119,0.5078221000003396
10,Degree,OriginalOrder,50,,658,33.8,658,33.8,916,8.8,0.0,24.999999999999996,24.999999999999996,0.0,8.620000016890117e-05,1.9999970390927047e-07,0.5078221000003396
10,Degree,MarginalGainPredictor,50,,658,33.8,658,33.8,985,28.7,0.0,5.099999999999998,5.099999999999998,0.0,8.620000016890117e-05,0.0005926999997427629,0.5078221000003396
10,Degree,OriginalOrder,100,,658,33.8,658,33.8,916,8.8,0.0,24.999999999999996,24.999999999999996,0.0,8.620000016890117e-05,9.999985195463523e-08,0.5078221000003396
10,Degree,MarginalGainPredictor,100,,658,33.8,658,33.8,985,28.7,0.0,5.099999999999998,5.099999999999998,0.0,8.620000016890117e-05,0.0006243000002541521,0.5078221000003396
10,DegreeDiscount,OriginalOrder,10,,658,33.8,12802,22.3,12802,22.3,11.499999999999996,0.0,11.499999999999996,0.0,0.003051499999855878,1.9999970390927047e-07,0.5078221000003396
10,DegreeDiscount,MarginalGainPredictor,10,,658,33.8,12802,22.3,1423,13.5,11.499999999999996,8.8,20.299999999999997,0.0,0.003051499999855878,0.0005719999999200809,0.5078221000003396
10,DegreeDiscount,OriginalOrder,20,,658,33.8,3916,27.0,12802,22.3,6.799999999999997,4.699999999999999,11.499999999999996,0.0,0.003051499999855878,3.000000106112566e-07,0.5078221000003396
10,DegreeDiscount,MarginalGainPredictor,20,,658,33.8,3916,27.0,1277,0.0,6.799999999999997,27.0,33.8,0.0,0.003051499999855878,0.00048320000041712774,0.5078221000003396
10,DegreeDiscount,OriginalOrder,50,,658,33.8,985,28.7,12802,22.3,5.099999999999998,6.399999999999999,11.499999999999996,0.0,0.003051499999855878,2.0000015865662135e-07,0.5078221000003396
10,DegreeDiscount,MarginalGainPredictor,50,,658,33.8,985,28.7,985,28.7,5.099999999999998,0.0,5.099999999999998,0.0,0.003051499999855878,0.0004954999999426946,0.5078221000003396
10,DegreeDiscount,OriginalOrder,100,,658,33.8,658,33.8,12802,22.3,0.0,11.499999999999996,11.499999999999996,0.0,0.003051499999855878,2.0000015865662135e-07,0.5078221000003396
10,DegreeDiscount,MarginalGainPredictor,100,,658,33.8,658,33.8,985,28.7,0.0,5.099999999999998,5.099999999999998,0.0,0.003051499999855878,0.0005376000003707304,0.5078221000003396
10,FeatureDQN,OriginalOrder,10,,658,33.8,1236,13.4,2034,7.1,20.4,6.300000000000001,26.699999999999996,-3.552713678800501e-15,0.0012285999996493047,1.9999970390927047e-07,0.5078221000003396
10,FeatureDQN,MarginalGainPredictor,10,,658,33.8,1236,13.4,905,9.3,20.4,4.1,24.499999999999996,-1.7763568394002505e-15,0.0012285999996493047,0.0004946999997628154,0.5078221000003396
10,FeatureDQN,OriginalOrder,20,,658,33.8,892,31.0,2034,7.1,2.799999999999997,23.9,26.699999999999996,0.0,0.0012285999996493047,2.0000015865662135e-07,0.5078221000003396
10,FeatureDQN,MarginalGainPredictor,20,,658,33.8,892,31.0,3916,27.0,2.799999999999997,4.0,6.799999999999997,0.0,0.0012285999996493047,0.0004472999999052263,0.5078221000003396
10,FeatureDQN,OriginalOrder,50,,658,33.8,892,31.0,2034,7.1,2.799999999999997,23.9,26.699999999999996,0.0,0.0012285999996493047,1.0000030670198612e-07,0.5078221000003396
10,FeatureDQN,MarginalGainPredictor,50,,658,33.8,892,31.0,916,8.8,2.799999999999997,22.2,24.999999999999996,0.0,0.0012285999996493047,0.0004743999998026993,0.5078221000003396
10,FeatureDQN,OriginalOrder,100,,658,33.8,658,33.8,2034,7.1,0.0,26.699999999999996,26.699999999999996,0.0,0.0012285999996493047,1.9999970390927047e-07,0.5078221000003396
10,FeatureDQN,MarginalGainPredictor,100,,658,33.8,658,33.8,916,8.8,0.0,24.999999999999996,24.999999999999996,0.0,0.0012285999996493047,0.0005135999999765772,0.5078221000003396
10,Random,OriginalOrder,10,0,658,33.8,618,18.0,2145,4.7,15.799999999999997,13.3,29.099999999999998,0.0,5.700000019714935e-05,9.999985195463523e-08,0.5078221000003396
10,Random,MarginalGainPredictor,10,0,658,33.8,618,18.0,618,18.0,15.799999999999997,0.0,15.799999999999997,0.0,5.700000019714935e-05,0.00047469999981331057,0.5078221000003396
10,Random,OriginalOrder,20,0,658,33.8,4285,27.8,2145,4.7,5.9999999999999964,23.1,29.099999999999998,0.0,5.700000019714935e-05,2.0000015865662135e-07,0.5078221000003396
10,Random,MarginalGainPredictor,20,0,658,33.8,4285,27.8,408,16.8,5.9999999999999964,11.0,16.999999999999996,0.0,5.700000019714935e-05,0.0004739999999401334,0.5078221000003396
10,Random,OriginalOrder,50,0,658,33.8,4285,27.8,2145,4.7,5.9999999999999964,23.1,29.099999999999998,0.0,5.700000019714935e-05,1.9999970390927047e-07,0.5078221000003396
10,Random,MarginalGainPredictor,50,0,658,33.8,4285,27.8,1920,23.8,5.9999999999999964,4.0,9.999999999999996,0.0,5.700000019714935e-05,0.0004660999998122861,0.5078221000003396
10,Random,OriginalOrder,100,0,658,33.8,658,33.8,2145,4.7,0.0,29.099999999999998,29.099999999999998,0.0,5.700000019714935e-05,1.0000030670198612e-07,0.5078221000003396
10,Random,MarginalGainPredictor,100,0,658,33.8,658,33.8,820,17.3,0.0,16.499999999999996,16.499999999999996,0.0,5.700000019714935e-05,0.000520900000083202,0.5078221000003396
10,Random,OriginalOrder,10,1,658,33.8,985,28.7,58,4.9,5.099999999999998,23.799999999999997,28.9,3.552713678800501e-15,4.859999990003416e-05,9.999985195463523e-08,0.5078221000003396
10,Random,MarginalGainPredictor,10,1,658,33.8,985,28.7,985,28.7,5.099999999999998,0.0,5.099999999999998,0.0,4.859999990003416e-05,0.00044660000003204914,0.5078221000003396
10,Random,OriginalOrder,20,1,658,33.8,985,28.7,58,4.9,5.099999999999998,23.799999999999997,28.9,3.552713678800501e-15,4.859999990003416e-05,9.999985195463523e-08,0.5078221000003396
10,Random,MarginalGainPredictor,20,1,658,33.8,985,28.7,985,28.7,5.099999999999998,0.0,5.099999999999998,0.0,4.859999990003416e-05,0.0004538999996839266,0.5078221000003396
10,Random,OriginalOrder,50,1,658,33.8,985,28.7,58,4.9,5.099999999999998,23.799999999999997,28.9,3.552713678800501e-15,4.859999990003416e-05,2.0000015865662135e-07,0.5078221000003396
10,Random,MarginalGainPredictor,50,1,658,33.8,985,28.7,985,28.7,5.099999999999998,0.0,5.099999999999998,0.0,4.859999990003416e-05,0.00047790000007807976,0.5078221000003396
10,Random,OriginalOrder,100,1,658,33.8,892,31.0,58,4.9,2.799999999999997,26.1,28.9,0.0,4.859999990003416e-05,1.9999970390927047e-07,0.5078221000003396
10,Random,MarginalGainPredictor,100,1,658,33.8,892,31.0,985,28.7,2.799999999999997,2.3000000000000007,5.099999999999998,0.0,4.859999990003416e-05,0.0005372999999053718,0.5078221000003396
10,Random,OriginalOrder,10,2,658,33.8,7123,27.6,2717,0.0,6.199999999999996,27.6,33.8,0.0,4.94000000799133e-05,1.9999970390927047e-07,0.5078221000003396
10,Random,MarginalGainPredictor,10,2,658,33.8,7123,27.6,647,0.0,6.199999999999996,27.6,33.8,0.0,4.94000000799133e-05,0.0004961999998158717,0.5078221000003396
10,Random,OriginalOrder,20,2,658,33.8,7123,27.6,2717,0.0,6.199999999999996,27.6,33.8,0.0,4.94000000799133e-05,1.0000030670198612e-07,0.5078221000003396
10,Random,MarginalGainPredictor,20,2,658,33.8,7123,27.6,1249,10.1,6.199999999999996,17.5,23.699999999999996,0.0,4.94000000799133e-05,0.00046929999962230795,0.5078221000003396
10,Random,OriginalOrder,50,2,658,33.8,4285,27.8,2717,0.0,5.9999999999999964,27.8,33.8,0.0,4.94000000799133e-05,9.999985195463523e-08,0.5078221000003396
10,Random,MarginalGainPredictor,50,2,658,33.8,4285,27.8,1249,10.1,5.9999999999999964,17.700000000000003,23.699999999999996,-3.552713678800501e-15,4.94000000799133e-05,0.0004890000000159489,0.5078221000003396
10,Random,OriginalOrder,100,2,658,33.8,892,31.0,2717,0.0,2.799999999999997,31.0,33.8,0.0,4.94000000799133e-05,2.0000015865662135e-07,0.5078221000003396
10,Random,MarginalGainPredictor,100,2,658,33.8,892,31.0,985,28.7,2.799999999999997,2.3000000000000007,5.099999999999998,0.0,4.94000000799133e-05,0.0005562999999710883,0.5078221000003396
10,Random,OriginalOrder,10,3,658,33.8,2146,17.6,3,4.9,16.199999999999996,12.700000000000001,28.9,1.7763568394002505e-15,4.690000014306861e-05,9.999985195463523e-08,0.5078221000003396
10,Random,MarginalGainPredictor,10,3,658,33.8,2146,17.6,679,9.9,16.199999999999996,7.700000000000001,23.9,1.7763568394002505e-15,4.690000014306861e-05,0.00045109999973647064,0.5078221000003396
10,Random,OriginalOrder,20,3,658,33.8,1140,23.9,3,4.9,9.899999999999999,19.0,28.9,0.0,4.690000014306861e-05,2.0000015865662135e-07,0.5078221000003396
10,Random,MarginalGainPredictor,20,3,658,33.8,1140,23.9,1423,13.5,9.899999999999999,10.399999999999999,20.299999999999997,0.0,4.690000014306861e-05,0.0004586999998537067,0.5078221000003396
10,Random,OriginalOrder,50,3,658,33.8,658,33.8,3,4.9,0.0,28.9,28.9,0.0,4.690000014306861e-05,2.0000015865662135e-07,0.5078221000003396
10,Random,MarginalGainPredictor,50,3,658,33.8,658,33.8,985,28.7,0.0,5.099999999999998,5.099999999999998,0.0,4.690000014306861e-05,0.0004743999998026993,0.5078221000003396
10,Random,OriginalOrder,100,3,658,33.8,658,33.8,3,4.9,0.0,28.9,28.9,0.0,4.690000014306861e-05,2.0000015865662135e-07,0.5078221000003396
10,Random,MarginalGainPredictor,100,3,658,33.8,658,33.8,985,28.7,0.0,5.099999999999998,5.099999999999998,0.0,4.690000014306861e-05,0.0005729999998038693,0.5078221000003396
10,Random,OriginalOrder,10,4,658,33.8,2023,23.5,88,2.3,10.299999999999997,21.2,31.499999999999996,0.0,4.749999970954377e-05,1.0000030670198612e-07,0.5078221000003396
10,Random,MarginalGainPredictor,10,4,658,33.8,2023,23.5,9608,16.3,10.299999999999997,7.199999999999999,17.499999999999996,0.0,4.749999970954377e-05,0.0005113000001983892,0.5078221000003396
10,Random,OriginalOrder,20,4,658,33.8,4285,27.8,88,2.3,5.9999999999999964,25.5,31.499999999999996,0.0,4.749999970954377e-05,1.0000030670198612e-07,0.5078221000003396
10,Random,MarginalGainPredictor,20,4,658,33.8,4285,27.8,699,9.6,5.9999999999999964,18.200000000000003,24.199999999999996,-3.552713678800501e-15,4.749999970954377e-05,0.00046320000001287553,0.5078221000003396
10,Random,OriginalOrder,50,4,658,33.8,4285,27.8,88,2.3,5.9999999999999964,25.5,31.499999999999996,0.0,4.749999970954377e-05,2.0000015865662135e-07,0.5078221000003396
10,Random,MarginalGainPredictor,50,4,658,33.8,4285,27.8,820,17.3,5.9999999999999964,10.5,16.499999999999996,0.0,4.749999970954377e-05,0.0005042999996476283,0.5078221000003396
10,Random,OriginalOrder,100,4,658,33.8,4285,27.8,88,2.3,5.9999999999999964,25.5,31.499999999999996,0.0,4.749999970954377e-05,1.0000030670198612e-07,0.5078221000003396
10,Random,MarginalGainPredictor,100,4,658,33.8,4285,27.8,820,17.3,5.9999999999999964,10.5,16.499999999999996,0.0,4.749999970954377e-05,0.0005719999999200809,0.5078221000003396
10,Random,OriginalOrder,10,5,658,33.8,3078,18.8,11243,14.9,14.999999999999996,3.9000000000000004,18.9,1.7763568394002505e-15,4.7200000153679866e-05,2.0000015865662135e-07,0.5078221000003396
10,Random,MarginalGainPredictor,10,5,658,33.8,3078,18.8,3078,18.8,14.999999999999996,0.0,14.999999999999996,0.0,4.7200000153679866e-05,0.00043449999975564424,0.5078221000003396
10,Random,OriginalOrder,20,5,658,33.8,3078,18.8,11243,14.9,14.999999999999996,3.9000000000000004,18.9,1.7763568394002505e-15,4.7200000153679866e-05,9.999985195463523e-08,0.5078221000003396
10,Random,MarginalGainPredictor,20,5,658,33.8,3078,18.8,3078,18.8,14.999999999999996,0.0,14.999999999999996,0.0,4.7200000153679866e-05,0.0004527000000962289,0.5078221000003396
10,Random,OriginalOrder,50,5,658,33.8,985,28.7,11243,14.9,5.099999999999998,13.799999999999999,18.9,1.7763568394002505e-15,4.7200000153679866e-05,2.0000015865662135e-07,0.5078221000003396
10,Random,MarginalGainPredictor,50,5,658,33.8,985,28.7,985,28.7,5.099999999999998,0.0,5.099999999999998,0.0,4.7200000153679866e-05,0.00046639999982289737,0.5078221000003396
10,Random,OriginalOrder,100,5,658,33.8,985,28.7,11243,14.9,5.099999999999998,13.799999999999999,18.9,1.7763568394002505e-15,4.7200000153679866e-05,1.9999970390927047e-07,0.5078221000003396
10,Random,MarginalGainPredictor,100,5,658,33.8,985,28.7,985,28.7,5.099999999999998,0.0,5.099999999999998,0.0,4.7200000153679866e-05,0.0005326000000422937,0.5078221000003396
10,Random,OriginalOrder,10,6,658,33.8,8264,21.4,6314,13.2,12.399999999999999,8.2,20.599999999999998,0.0,4.6099999963189475e-05,1.0000030670198612e-07,0.5078221000003396
10,Random,MarginalGainPredictor,10,6,658,33.8,8264,21.4,7995,12.3,12.399999999999999,9.099999999999998,21.499999999999996,0.0,4.6099999963189475e-05,0.00042789999997694395,0.5078221000003396
10,Random,OriginalOrder,20,6,658,33.8,8264,21.4,6314,13.2,12.399999999999999,8.2,20.599999999999998,0.0,4.6099999963189475e-05,2.0000015865662135e-07,0.5078221000003396
10,Random,MarginalGainPredictor,20,6,658,33.8,8264,21.4,7995,12.3,12.399999999999999,9.099999999999998,21.499999999999996,0.0,4.6099999963189475e-05,0.00044189999971422367,0.5078221000003396
10,Random,OriginalOrder,50,6,658,33.8,1140,23.9,6314,13.2,9.899999999999999,10.7,20.599999999999998,0.0,4.6099999963189475e-05,2.0000015865662135e-07,0.5078221000003396
10,Random,MarginalGainPredictor,50,6,658,33.8,1140,23.9,7995,12.3,9.899999999999999,11.599999999999998,21.499999999999996,0.0,4.6099999963189475e-05,0.00045849999969505006,0.5078221000003396
10,Random,OriginalOrder,100,6,658,33.8,985,28.7,6314,13.2,5.099999999999998,15.5,20.599999999999998,0.0,4.6099999963189475e-05,1.9999970390927047e-07,0.5078221000003396
10,Random,MarginalGainPredictor,100,6,658,33.8,985,28.7,985,28.7,5.099999999999998,0.0,5.099999999999998,0.0,4.6099999963189475e-05,0.0005340999996406026,0.5078221000003396
10,Random,OriginalOrder,10,7,658,33.8,3916,27.0,181,20.9,6.799999999999997,6.100000000000001,12.899999999999999,0.0,4.73000000056345e-05,2.0000015865662135e-07,0.5078221000003396
10,Random,MarginalGainPredictor,10,7,658,33.8,3916,27.0,820,17.3,6.799999999999997,9.7,16.499999999999996,0.0,4.73000000056345e-05,0.0004463000000214379,0.5078221000003396
10,Random,OriginalOrder,20,7,658,33.8,7123,27.6,181,20.9,6.199999999999996,6.700000000000003,12.899999999999999,0.0,4.73000000056345e-05,3.000000106112566e-07,0.5078221000003396
10,Random,MarginalGainPredictor,20,7,658,33.8,7123,27.6,820,17.3,6.199999999999996,10.3,16.499999999999996,0.0,4.73000000056345e-05,0.00045009999985268223,0.5078221000003396
10,Random,OriginalOrder,50,7,658,33.8,892,31.0,181,20.9,2.799999999999997,10.100000000000001,12.899999999999999,0.0,4.73000000056345e-05,2.0000015865662135e-07,0.5078221000003396
10,Random,MarginalGainPredictor,50,7,658,33.8,892,31.0,820,17.3,2.799999999999997,13.7,16.499999999999996,0.0,4.73000000056345e-05,0.0004808000003322377,0.5078221000003396
10,Random,OriginalOrder,100,7,658,33.8,892,31.0,181,20.9,2.799999999999997,10.100000000000001,12.899999999999999,0.0,4.73000000056345e-05,1.9999970390927047e-07,0.5078221000003396
10,Random,MarginalGainPredictor,100,7,658,33.8,892,31.0,820,17.3,2.799999999999997,13.7,16.499999999999996,0.0,4.73000000056345e-05,0.0005249999999250576,0.5078221000003396
10,Random,OriginalOrder,10,8,658,33.8,4285,27.8,723,4.9,5.9999999999999964,22.9,28.9,3.552713678800501e-15,4.760000001624576e-05,2.0000015865662135e-07,0.5078221000003396
10,Random,MarginalGainPredictor,10,8,658,33.8,4285,27.8,1249,10.1,5.9999999999999964,17.700000000000003,23.699999999999996,-3.552713678800501e-15,4.760000001624576e-05,0.0004430000003594614,0.5078221000003396
10,Random,OriginalOrder,20,8,658,33.8,4285,27.8,723,4.9,5.9999999999999964,22.9,28.9,3.552713678800501e-15,4.760000001624576e-05,2.0000015865662135e-07,0.5078221000003396
10,Random,MarginalGainPredictor,20,8,658,33.8,4285,27.8,1249,10.1,5.9999999999999964,17.700000000000003,23.699999999999996,-3.552713678800501e-15,4.760000001624576e-05,0.0004324000001361128,0.5078221000003396
10,Random,OriginalOrder,50,8,658,33.8,985,28.7,723,4.9,5.099999999999998,23.799999999999997,28.9,3.552713678800501e-15,4.760000001624576e-05,9.999985195463523e-08,0.5078221000003396
10,Random,MarginalGainPredictor,50,8,658,33.8,985,28.7,985,28.7,5.099999999999998,0.0,5.099999999999998,0.0,4.760000001624576e-05,0.0004695000002357119,0.5078221000003396
10,Random,OriginalOrder,100,8,658,33.8,892,31.0,723,4.9,2.799999999999997,26.1,28.9,0.0,4.760000001624576e-05,3.000000106112566e-07,0.5078221000003396
10,Random,MarginalGainPredictor,100,8,658,33.8,892,31.0,985,28.7,2.799999999999997,2.3000000000000007,5.099999999999998,0.0,4.760000001624576e-05,0.0005511999997906969,0.5078221000003396
10,Random,OriginalOrder,10,9,658,33.8,12802,22.3,1443,10.7,11.499999999999996,11.600000000000001,23.099999999999998,0.0,4.549999994196696e-05,1.0000030670198612e-07,0.5078221000003396
10,Random,MarginalGainPredictor,10,9,658,33.8,12802,22.3,618,18.0,11.499999999999996,4.300000000000001,15.799999999999997,0.0,4.549999994196696e-05,0.00042940000003000023,0.5078221000003396
10,Random,OriginalOrder,20,9,658,33.8,12802,22.3,1443,10.7,11.499999999999996,11.600000000000001,23.099999999999998,0.0,4.549999994196696e-05,2.0000015865662135e-07,0.5078221000003396
10,Random,MarginalGainPredictor,20,9,658,33.8,12802,22.3,692,18.4,11.499999999999996,3.900000000000002,15.399999999999999,0.0,4.549999994196696e-05,0.00043409999989307835,0.5078221000003396
10,Random,OriginalOrder,50,9,658,33.8,658,33.8,1443,10.7,0.0,23.099999999999998,23.099999999999998,0.0,4.549999994196696e-05,2.0000015865662135e-07,0.5078221000003396
10,Random,MarginalGainPredictor,50,9,658,33.8,658,33.8,1255,4.9,0.0,28.9,28.9,0.0,4.549999994196696e-05,0.00046070000007603085,0.5078221000003396
10,Random,OriginalOrder,100,9,658,33.8,658,33.8,1443,10.7,0.0,23.099999999999998,23.099999999999998,0.0,4.549999994196696e-05,9.999985195463523e-08,0.5078221000003396
10,Random,MarginalGainPredictor,100,9,658,33.8,658,33.8,985,28.7,0.0,5.099999999999998,5.099999999999998,0.0,4.549999994196696e-05,0.0005237999998826126,0.5078221000003396
