tree
version=v3
num_class=1
num_tree_per_iteration=1
label_index=0
max_feature_idx=42
objective=regression
feature_names=feat_metadata|op feat_metadata|ns feat_metadata|user feat_metadata_size|start feat_metadata_size|end feat_metadata_size|size feat_dynamic_b|0 feat_dynamic_b|1 feat_dynamic_b|2 feat_dynamic_b|3 feat_dynamic_b|4 feat_dynamic_b|5 feat_dynamic_c_combined|0 feat_dynamic_c_combined|1 feat_dynamic_c_combined|2 feat_dynamic_c_combined|3 feat_dynamic_c_combined|4 feat_dynamic_c_combined|5 author_score_mean prior_block_get_count seconds_since_block_last_get_s prior_chunk_get_count_mean seconds_since_chunk_last_get_mean_known_s chunk_get_gap_missing_fraction prior_actual_rejection_count_mean seconds_since_latest_actual_rejection_mean_known_s reject_gap_missing_fraction current_request_chunk_count cache_occupancy_fraction_at_request_start last_total_get_dt_pct last_demand_read_dt_pct last_extra_prefetch_dt_pct last_put_dt_pct last_writes last_evictions last6_mean_total_get_dt_pct last6_max_total_get_dt_pct last6_mean_demand_read_dt_pct last6_max_demand_read_dt_pct last6_mean_extra_prefetch_dt_pct last6_max_extra_prefetch_dt_pct last6_mean_put_dt_pct last6_max_put_dt_pct
feature_infos=[1:5] [0:67] [0:82] [0:15335424] [131072:16777216] [131072:14942208] [0:12] [0:17] [0:10] [0:803] [0:58] [0:66] [0:128] [0:384] [0:384] [0:13651] [0:2444] [0:1650] [0.0029999249861703122:0.88783122072657494] [0:803] [1.1920928955078125e-05:74949.217752933502] [0:803] [1.1920928955078125e-05:74949.217752933502] [0:1] [0:16] [1.1920928955078125e-05:74972.42576789856] [0:1] [1:114] [0:0.99966688874083942] [5.7575833031486612:21.099765473511916] [5.7575833031486612:20.613948787329093] [0:1.9093930093906615] [1.9562216043561127:10.727143013157642] [0:545] [0:545] [8.8000345141471499:21.099765473511916] [10.027211415516348:21.099765473511916] [8.7356491194216215:20.613948787329093] [10.027211415516348:20.613948787329093] [0.014882415158138271:0.63337163702909571] [0.08929449094882963:1.9093930093906615] [3.5413059797913107:9.5340745221558603] [4.4146732277777101:10.727143013157642]
tree_sizes=1414 1468 1468 1468 1480 1470 1464 1466 1460 1471 1471 1462 1466 1471 1476 1475 1462 1476 1472 1474 1482 1468 1475 1463 1486 1470 1461 1474 1467 1478 1469 1468 1474 1497 1486 1478 1463 1484 1494 1475 1460 1473 1483 1462 1473 1471 1464 1472 1461 1464 1482 1473 1462 1464 1480 1453 1473 1466 1472 1485 1461 1479 1495 1475 1491 1456 1493 1500 1486 1474 1494 1467 1478 1473 1477 1489 1471 1483 1477 1463 1476 1476 1462 1469 1473 1468 1469 1476 1469 1469 1482 1471 1467 1502 1469 1482 1473 1481 1471 1461

Tree=0
num_leaves=15
num_cat=0
split_feature=18 18 0 1 0 1 18 15 2 12 20 23 24 39
split_gain=265.699 46.6758 35.5414 20.8769 19.7672 10.9699 10.3224 6.88892 6.25067 5.30147 5.21018 5.19381 7.92537 5.41102
threshold=0.068125102625816558 0.49733285238297492 1.5000000000000002 1.5000000000000002 1.5000000000000002 5.5000000000000009 0.23905517632990389 57.500000000000007 2.5000000000000004 1.0000000180025095e-35 3733.6423430442815 0.90824915824915842 0.98437500000000011 0.085921084995392749
decision_type=2 2 2 2 2 2 2 2 2 2 8 2 2 10
left_child=4 3 9 7 -1 10 8 -2 -5 -3 -6 12 -8 -13
right_child=1 2 -4 6 5 -7 11 -9 -10 -11 -12 13 -14 -15
leaf_value=0.29672265513653839 0.3192483554381999 0.31823756875552223 0.33087047698939026 0.31864116389674435 0.31677599761252984 0.29969822007510433 0.29929979810026974 0.33069877159736671 0.30659736674679416 0.30221089766912035 0.30632541079562448 0.33186804978886997 0.31616395003236342 0.31733408445926808
leaf_weight=1688 1168 86 1087 126 139 726 92 148 743 129 840 80 287 321
leaf_count=1688 1168 86 1087 126 139 726 92 148 743 129 840 80 287 321
internal_value=0.311001 0.319305 0.327197 0.31584 0.300558 0.304355 0.312092 0.320536 0.308344 0.308622 0.307809 0.316267 0.31207 0.320234
internal_weight=0 4267 1302 2965 3393 1705 1649 1316 869 215 979 780 379 401
internal_count=7660 4267 1302 2965 3393 1705 1649 1316 869 215 979 780 379 401
is_linear=0
shrinkage=1


Tree=1
num_leaves=15
num_cat=0
split_feature=18 2 18 12 12 18 18 2 13 18 18 28 13 1
split_gain=239.794 43.169 21.3472 21.2302 21.2167 18.1043 11.2415 12.226 7.44687 7.25935 7.41329 4.85586 4.76228 4.54243
threshold=0.068125102625816558 2.5000000000000004 0.49070407122275089 2.5000000000000004 1.0000000180025095e-35 0.020708468876275959 0.2094636714928956 5.5000000000000009 12.500000000000002 0.51997310280278197 0.26531310797489538 0.99800133244503675 60.500000000000007 2.5000000000000004
decision_type=2 2 2 2 2 2 2 2 2 2 2 2 2 2
left_child=5 2 12 4 6 13 7 -3 -7 10 -5 -8 -2 -1
right_child=1 3 -4 9 -6 8 11 -9 -10 -11 -12 -13 -14 -15
leaf_value=-0.0061746729384048278 0.0081121296237773501 -0.0049215103102766954 0.021075688961530378 0.015221876538094335 -0.0071631913403357103 -0.0065396203472356564 0.02305399348077021 0.0069373350052187865 0.0081030258247929247 0.019375727798681536 -0.0010762123024147569 0.0078736234481928871 0.01910234403663448 -0.013823012119916558
leaf_weight=218 822 460 680 148 508 1309 57 412 93 241 132 695 112 1773
leaf_count=218 822 460 680 148 508 1309 57 412 93 241 132 695 112 1773
internal_value=0 0.0078887 0.0143365 0.00396606 0.00175499 -0.00992074 0.00454466 0.000681522 -0.00556832 0.0130141 0.00753849 0.00902426 0.00943001 -0.0129856
internal_weight=0 4267 1614 2653 2132 3393 1624 872 1402 521 280 752 934 1991
internal_count=7660 4267 1614 2653 2132 3393 1624 872 1402 521 280 752 934 1991
is_linear=0
shrinkage=0.05


Tree=2
num_leaves=15
num_cat=0
split_feature=18 2 12 18 12 1 18 2 18 18 18 28 13 39
split_gain=216.467 40.8839 20.0525 19.3928 18.6758 17.0698 11.0556 10.5224 6.44936 6.82877 5.89374 4.38242 4.32314 4.35385
threshold=0.065809650847088993 2.5000000000000004 2.5000000000000004 0.49070407122275089 1.0000000180025095e-35 1.5000000000000002 0.2094636714928956 5.5000000000000009 0.51997310280278197 0.26531310797489538 0.013195233582362407 0.99800133244503675 60.500000000000007 0.16335071634981599
decision_type=2 2 2 2 2 2 2 2 2 2 2 2 2 8
left_child=5 3 4 12 6 -1 7 -3 9 -4 -7 -8 13 -2
right_child=1 2 8 -5 -6 10 11 -9 -10 -11 -12 -13 -14 -15
leaf_value=-0.0026549311384843136 0.003252036462072283 -0.004025477658330748 0.014595195236959613 0.020021903116447744 -0.0068209738214319764 -0.01346393782451881 0.021901294105408486 0.0065009431773572803 0.018406941185230043 -0.0010224018133047855 -0.0085944062236969054 0.0074799422089265087 0.018147226848772593 0.010659013668445468
leaf_weight=681 332 553 149 680 516 1578 57 416 241 132 1025 695 112 493
leaf_count=681 332 553 149 680 516 1578 57 416 241 132 1025 695 112 493
internal_value=0 0.00728139 0.00358152 0.0135943 0.0015224 -0.00970261 0.00402396 0.000493605 0.0124057 0.00725882 -0.0115464 0.00857305 0.00892963 0.00767827
internal_weight=0 4376 2759 1617 2237 3284 1721 969 522 281 2603 752 937 825
internal_count=7660 4376 2759 1617 2237 3284 1721 969 522 281 2603 752 937 825
is_linear=0
shrinkage=0.05


Tree=3
num_leaves=15
num_cat=0
split_feature=18 2 12 18 12 1 18 2 18 18 18 40 13 13
split_gain=195.361 36.8977 18.0974 17.502 16.8549 15.4055 9.97771 9.49649 5.82055 6.16296 5.3191 4.07435 4.01132 3.90164
threshold=0.065809650847088993 2.5000000000000004 2.5000000000000004 0.49070407122275089 1.0000000180025095e-35 1.5000000000000002 0.2094636714928956 5.5000000000000009 0.51997310280278197 0.26531310797489538 0.013195233582362407 0.20500961118134739 14.500000000000002 60.500000000000007
decision_type=2 2 2 2 2 2 2 2 2 2 2 10 2 2
left_child=5 3 4 13 6 -1 7 -3 9 -4 -7 -8 -9 -2
right_child=1 2 8 -5 -6 10 11 12 -10 -11 -12 -13 -14 -15
leaf_value=-0.0025221842353433241 0.0072943536651490087 -0.0038242035706242913 0.01386543543971825 0.019020807681714789 -0.0064799252428229927 -0.012790740649682129 0.017083262249724854 0.0037616184585095289 0.017486594345312394 -0.00097128137043028166 -0.0081646860628048091 0.0066290996543821208 0.016160870904539836 0.017239865620753594
leaf_weight=681 825 553 149 680 516 1578 109 335 241 132 1025 643 81 112
leaf_count=681 825 553 149 680 516 1578 109 335 241 132 1025 643 81 112
internal_value=0 0.00691732 0.00340244 0.0129146 0.00144628 -0.00921748 0.00382276 0.000468925 0.0117855 0.00689587 -0.0109691 0.0081444 0.0061759 0.00848314
internal_weight=0 4376 2759 1617 2237 3284 1721 969 522 281 2603 752 416 937
internal_count=7660 4376 2759 1617 2237 3284 1721 969 522 281 2603 752 416 937
is_linear=0
shrinkage=0.05


Tree=4
num_leaves=15
num_cat=0
split_feature=18 18 0 1 1 18 21 12 13 18 28 5 6 18
split_gain=176.314 33.6613 19.8914 16.4656 13.9035 8.86737 5.79706 5.60325 4.89021 4.80049 4.66749 4.58003 4.02005 4.17778
threshold=0.065809650847088993 0.33511090731961962 1.5000000000000002 1.5000000000000002 1.5000000000000002 0.49733285238297492 3.2570643642072219 1.0000000180025095e-35 60.500000000000007 0.013195233582362407 0.69620253164556967 458752.00000000006 2.5000000000000004 0.22838678834732515
decision_type=2 2 2 2 2 2 2 2 2 2 2 2 2 2
left_child=4 3 7 8 -1 10 12 11 -2 -6 -4 -3 13 -5
right_child=1 2 5 6 9 -7 -8 -9 -10 -11 -12 -13 -14 -15
leaf_value=-0.0023960748733884265 0.0058308497097868421 0.018235868104417227 0.022129733359271833 -0.0028344652446547136 -0.012151203672823595 0.016335550494742234 0.0099590536506314366 -0.0073054014465998157 0.014990198794145919 -0.0077564514367500469 0.0067160749082577327 -0.00053510373829686569 -0.0091110726142124756 0.0039343730140865944
leaf_weight=681 954 53 55 758 1578 1087 112 148 172 1025 459 84 168 326
leaf_count=681 954 53 55 758 1578 1087 112 148 172 1025 459 84 168 326
internal_value=0 0.00657146 0.0116102 0.00275493 -0.0087566 0.0137767 -0.000939271 -0.000560165 0.00722997 -0.0104207 0.0083654 0.00672666 -0.0019142 -0.000798818
internal_weight=0 4376 1886 2490 3284 1601 1364 285 1126 2603 514 137 1252 1084
internal_count=7660 4376 1886 2490 3284 1601 1364 285 1126 2603 514 137 1252 1084
is_linear=0
shrinkage=0.05


Tree=5
num_leaves=15
num_cat=0
split_feature=18 2 12 12 18 1 13 18 4 18 18 18 18 28
split_gain=159.123 31.0007 15.1363 14.434 14.297 12.5479 8.5794 9.30521 6.75638 4.69901 5.69163 4.33244 3.84385 3.8296
threshold=0.065809650847088993 2.5000000000000004 2.5000000000000004 1.0000000180025095e-35 0.49070407122275089 1.5000000000000002 9.5000000000000018 0.2094636714928956 6356992.0000000009 0.51997310280278197 0.26531310797489538 0.013195233582362407 0.030281468152718843 0.99800133244503675
decision_type=2 2 2 2 2 2 2 2 2 2 2 2 2 2
left_child=5 4 3 6 -2 12 7 8 -3 10 -4 -7 -1 -9
right_child=1 2 9 -5 -6 11 -8 13 -10 -11 -12 -13 -14 -15
leaf_value=-0.0053584497943703615 0.0077348576208602403 -0.0060419624634870817 0.012992117483943903 -0.006102800395975049 0.017258929984322203 -0.011543643801102441 0.012652504748918795 0.019267240828937954 0.0029408699018354562 0.015810200145383101 -0.0012659776278517464 -0.0073686291814395568 0.0023020009503421121 0.0053741759610284358
leaf_weight=407 937 407 149 516 680 1578 220 54 431 241 132 1025 274 609
leaf_count=407 937 407 149 516 680 1578 220 54 431 241 132 1025 274 609
internal_value=0 0.00624288 0.0030211 0.00123212 0.01174 -0.00831877 0.00343131 0.00207977 -0.00142191 0.0106877 0.00629436 -0.00989962 -0.00227627 0.00650574
internal_weight=0 4376 2759 2237 1617 3284 1721 1501 838 522 281 2603 681 663
internal_count=7660 4376 2759 2237 1617 3284 1721 1501 838 522 281 2603 681 663
is_linear=0
shrinkage=0.05


Tree=6
num_leaves=15
num_cat=0
split_feature=18 18 0 1 1 28 18 19 22 5 24 20 3 18
split_gain=143.609 28.1559 16.4347 13.8987 11.3244 7.50134 6.86742 5.16724 4.71235 4.78128 4.33849 4.39846 4.34593 3.91045
threshold=0.065809650847088993 0.33511090731961962 1.5000000000000002 1.5000000000000002 1.5000000000000002 0.79846768820786151 0.49733285238297492 10.500000000000002 645.27267837524425 458752.00000000006 5.510582010582012 203.11828792095187 3997696.0000000005 0.019535087704166645
decision_type=2 2 2 2 2 2 2 2 8 2 2 8 2 2
left_child=4 3 8 10 -1 -4 -7 -5 -3 -10 11 -2 -13 -6
right_child=1 2 5 7 13 6 -8 -9 9 -11 -12 12 -14 -15
leaf_value=-0.0021624578677238173 -0.0038590202090937062 -0.0082837460016639067 0.021128745007952421 -0.0016310344249737393 -0.010770648278313668 0.0061012105796297003 0.013608574098556914 0.013031107069007933 0.016749802479586965 -0.0011172221557327869 0.01714580227631364 0.005933347978523509 0.020947489093112597 -0.0066552335944665923
leaf_weight=681 109 116 218 1301 1739 453 930 63 56 113 89 877 51 864
leaf_count=681 109 116 218 1301 1739 453 930 63 56 113 89 877 51 864
internal_value=0 0.00593074 0.0105391 0.00244024 -0.00790284 0.0125084 0.0111495 -0.000953824 -0.000523409 0.00480321 0.0065517 0.00564246 0.00675848 -0.00940464
internal_weight=0 4376 1886 2490 3284 1601 1383 1364 285 169 1126 1037 928 2603
internal_count=7660 4376 1886 2490 3284 1601 1383 1364 285 169 1126 1037 928 2603
is_linear=0
shrinkage=0.05


Tree=7
num_leaves=15
num_cat=0
split_feature=18 2 2 18 12 1 22 18 18 15 22 33 1 18
split_gain=129.607 26.1942 12.9464 11.5955 10.8254 10.2203 7.33054 6.54648 6.33304 4.0657 3.73154 3.59852 3.74041 3.57553
threshold=0.065809650847088993 2.5000000000000004 5.5000000000000009 0.49070407122275089 2.5000000000000004 1.5000000000000002 979.41945416397527 0.2094636714928956 0.52915044750810181 58.500000000000007 2624.7885191894716 311.50000000000006 3.5000000000000004 0.013195233582362407
decision_type=2 2 2 2 2 2 8 2 2 2 8 10 2 2
left_child=5 3 4 -2 6 10 -3 -8 9 -4 -1 12 -6 -7
right_child=1 2 8 -5 11 13 7 -9 -10 -11 -12 -13 -14 -15
leaf_value=0.0076167230462205818 0.0070802714645846676 -0.0077113397317589262 0.0043264164180193817 0.015657486106433412 0.017168742104580529 -0.010427929224110335 -0.003332432228402309 0.0046796622489453802 0.015266649056484994 0.018471632873708451 -0.0034708031387341146 0.021010311172818239 0.0020061086837044905 -0.0066351147972092753
leaf_weight=87 937 384 857 680 57 1578 549 476 187 54 594 53 142 1025
leaf_count=87 937 384 857 680 57 1578 549 476 187 54 594 53 142 1025
internal_value=0 0.0056342 0.00267269 0.0106873 -0.000112046 -0.00750769 -0.00181912 0.000388306 0.00688531 0.00516488 -0.00205434 0.00943267 0.00634917 -0.00893441
internal_weight=0 4376 2759 1617 1661 3284 1409 1025 1098 911 681 252 199 2603
internal_count=7660 4376 2759 1617 1661 3284 1409 1025 1098 911 681 252 199 2603
is_linear=0
shrinkage=0.05


Tree=8
num_leaves=15
num_cat=0
split_feature=18 2 2 18 12 0 3 22 18 18 22 5 20 33
split_gain=116.97 23.6402 11.6841 10.51 9.76995 9.4954 7.2622 6.61582 5.90819 5.71557 4.68293 4.80075 4.02047 3.88125
threshold=0.065809650847088993 2.5000000000000004 5.5000000000000009 0.41952052795642186 2.5000000000000004 1.5000000000000002 4915200.0000000009 979.41945416397527 0.2094636714928956 0.52915044750810181 4081.6501655578618 7536640.0000000009 5673.6999729871759 220.50000000000003
decision_type=2 2 2 2 2 2 2 8 2 2 8 2 10 8
left_child=5 3 4 -2 7 -1 10 -3 -9 -4 11 -7 13 -5
right_child=1 2 9 12 -6 6 -8 8 -10 -11 -12 -13 -14 -15
leaf_value=-0.0097561848200647238 0.0061640310815947001 -0.0073257727795862596 0.0049066373419515488 0.01023698781083374 0.0089610340398928474 -0.0065096543186296853 0.014378311589360239 -0.0031658110176789865 0.0044456790494849961 0.014503316501563885 -0.0058155618770536956 0.012728709158384139 0.023447174687408708 0.018163338101981005
leaf_weight=1682 817 384 911 466 252 59 50 549 476 187 1421 72 103 231
leaf_count=1682 817 384 911 466 252 59 50 549 476 187 1421 72 103 231
internal_value=0 0.00535249 0.00253906 0.0101529 -0.000106444 -0.00713231 -0.0043774 -0.00172816 0.000368891 0.00654104 -0.00498165 0.0040641 0.0142265 0.0128639
internal_weight=0 4376 2759 1617 1661 3284 1602 1409 1025 1098 1552 131 800 697
internal_count=7660 4376 2759 1617 1661 3284 1602 1409 1025 1098 1552 131 800 697
is_linear=0
shrinkage=0.05


Tree=9
num_leaves=15
num_cat=0
split_feature=18 18 1 0 28 21 0 20 19 28 18 34 20 32
split_gain=105.941 24.276 12.8384 12.2997 6.46541 5.79758 5.71824 5.38604 5.27203 4.5231 4.31609 4.49718 4.33341 4.20638
threshold=0.050189695701487833 0.33511090731961962 1.5000000000000002 1.5000000000000002 0.79846768820786151 24.277777777777782 1.5000000000000002 203.11828792095187 10.500000000000002 0.78897401732178551 0.49733285238297492 129.00000000000003 5473.2430526018152 9.4652416049334516
decision_type=2 2 2 2 2 2 2 10 2 2 2 10 10 8
left_child=6 2 7 -3 -5 10 -1 9 13 -2 11 -6 -12 -4
right_child=1 3 8 4 5 -7 -8 -9 -10 -11 12 -13 -14 -15
leaf_value=-0.0093519572714132939 0.012493989172817013 -0.00048228234183370018 -0.0025900725709067751 0.01879454722645086 -0.00083067494709998513 0.020178934350673462 -0.0049655337901521046 0.0083024610086081772 0.012505234642462296 -0.00036296266554431485 0.0093147044799125871 0.0093921161830491789 0.02040861580334604 0.0090640954673290256
leaf_weight=1622 81 285 1388 218 207 117 1371 724 66 440 735 224 100 82
leaf_count=1622 81 285 1388 218 207 117 1371 724 66 440 735 224 100 82
internal_value=0 0.00470894 0.00173926 0.00908788 0.0107915 0.00953 -0.00734267 0.00551268 -0.00131928 0.00163591 0.00854586 0.00448233 0.0106433 -0.00193998
internal_weight=0 4667 2781 1886 1601 1383 2993 1245 1536 521 1266 431 835 1470
internal_count=7660 4667 2781 1886 1601 1383 2993 1245 1536 521 1266 431 835 1470
is_linear=0
shrinkage=0.05


Tree=10
num_leaves=15
num_cat=0
split_feature=18 2 24 36 18 5 39 18 0 22 21 18 21 39
split_gain=95.6122 22.5561 11.7972 9.27142 8.54494 7.64748 7.68612 6.36483 5.16072 4.30731 6.46759 3.58048 3.35538 3.32349
threshold=0.050189695701487833 2.5000000000000004 5.510582010582012 16.898310186687031 0.49070407122275089 6356992.0000000009 0.064787751965570545 0.19261236989032585 1.5000000000000002 3030.1437865197663 0.44788593903638158 0.33511090731961962 6.7403703703703712 0.32152558755568478
decision_type=2 2 2 8 2 2 10 2 2 8 2 2 2 8
left_child=8 4 3 5 12 7 -7 -3 -1 10 -9 -5 13 -2
right_child=1 2 -4 11 -6 6 -8 9 -10 -11 -12 -13 -14 -15
leaf_value=-0.0088843594706570217 0.0035519915758301019 -0.0053247328581002493 0.017106671389040911 0.0051241319757857513 0.013508874553646072 0.013736281681943824 0.001776818058239308 -0.0095543238953614117 -0.0047172573363146245 0.003770869047045434 0.0040273870031038916 0.015608144816979181 0.016372192837297916 0.010825478564947845
leaf_weight=1622 661 723 123 227 680 162 787 191 1371 544 162 127 74 206
leaf_count=1622 661 723 123 227 680 162 787 191 1371 544 162 127 74 206
internal_value=0 0.00447349 0.00193772 0.00129941 0.00923843 0.000254093 0.00381837 -0.00183387 -0.00697554 0.000979837 -0.00332136 0.00888535 0.00615245 0.00528018
internal_weight=0 4667 3046 2923 1621 2569 949 1620 2993 897 353 354 941 867
internal_count=7660 4667 3046 2923 1621 2569 949 1620 2993 897 353 354 941 867
is_linear=0
shrinkage=0.05


Tree=11
num_leaves=15
num_cat=0
split_feature=18 2 24 32 2 18 12 22 1 18 18 35 20 18
split_gain=86.29 20.3569 10.6469 8.47528 7.9894 7.72573 4.85721 6.32073 4.77326 4.69123 4.48546 3.4319 3.43743 3.06802
threshold=0.050189695701487833 2.5000000000000004 5.510582010582012 9.4652416049334516 5.5000000000000009 0.41952052795642186 2.5000000000000004 3146.740518689156 1.5000000000000002 0.52915044750810181 0.2094636714928956 9.8452971606906008 5673.6999729871759 0.23905517632990389
decision_type=2 2 2 8 2 2 2 8 2 2 2 8 10 2
left_child=8 5 3 4 6 -2 7 -3 -1 -6 -9 -7 -13 -5
right_child=1 2 -4 13 9 11 -8 10 -10 -11 -12 12 -14 -15
leaf_value=-0.0024738902231061905 0.0053691191222160223 -0.0072971650232818534 0.016251337808382706 0.0052988045469478324 0.0026831959717057235 -0.00041012671589851383 0.0055531651613324184 -0.0030567105411882364 -0.0075868260467097243 0.012259143019715944 0.0035663554423499381 0.011822013359870022 0.021953964070416988 0.018937058622638385
leaf_weight=562 821 470 123 81 868 50 215 620 2431 150 435 654 96 84
leaf_count=562 821 470 123 81 868 50 215 620 2431 150 435 654 96 84
internal_value=0 0.00424982 0.00184083 0.00123444 0.000575907 0.00877651 -0.00148249 -0.0024744 -0.00662676 0.00409419 -0.000325873 0.0122733 0.0131189 0.0122419
internal_weight=0 4667 3046 2923 2758 1621 1740 1525 2993 1018 1055 800 750 165
internal_count=7660 4667 3046 2923 2758 1621 1740 1525 2993 1018 1055 800 750 165
is_linear=0
shrinkage=0.05


Tree=12
num_leaves=15
num_cat=0
split_feature=18 2 24 36 18 5 39 18 0 6 13 18 13 39
split_gain=77.8767 18.3721 9.60886 7.90249 7.0347 6.5513 6.769 5.32665 4.43948 3.74101 3.07677 3.00866 3.00831 3.6905
threshold=0.050189695701487833 2.5000000000000004 5.510582010582012 16.898310186687031 0.49070407122275089 6356992.0000000009 0.064787751965570545 0.19261236989032585 1.5000000000000002 1.5000000000000002 3.5000000000000004 0.33511090731961962 60.500000000000007 0.16335071634981599
decision_type=2 2 2 8 2 2 10 2 2 2 2 2 2 8
left_child=8 4 3 5 12 7 -7 10 -1 -9 -3 -5 13 -2
right_child=1 2 -4 11 -6 6 -8 9 -10 -11 -12 -13 -14 -15
leaf_value=-0.0080658435910172504 0.00043724332587559244 -0.0058169432482307985 0.015438770953323543 0.0047284495791149565 0.012212412174772267 0.012814021460068079 0.0015907193627563488 0.0034563144341344444 -0.0042008807104186889 -0.0031500003645249172 0.0069215223120123737 0.014338891051240324 0.013229047334087746 0.0072388873873937016
leaf_weight=1622 334 672 123 227 680 162 787 543 1371 354 51 127 112 495
leaf_count=1622 334 672 123 227 680 162 787 543 1371 354 51 127 112 495
internal_value=0 0.00403733 0.00174879 0.00117272 0.00833768 0.000207652 0.0035066 -0.00172488 -0.00629542 0.00084914 -0.00491838 0.00817626 0.00553766 0.00449854
internal_weight=0 4667 3046 2923 1621 2569 949 1620 2993 897 723 354 941 829
internal_count=7660 4667 3046 2923 1621 2569 949 1620 2993 897 723 354 941 829
is_linear=0
shrinkage=0.05


Tree=13
num_leaves=15
num_cat=0
split_feature=18 18 5 0 21 28 21 28 20 5 39 1 20 21
split_gain=70.3938 17.8215 10.3171 8.55991 8.35707 5.26424 4.87795 4.55637 4.02371 3.50105 3.38498 4.0258 3.25695 3.41185
threshold=0.043975419138534415 0.33511090731961962 7667712.0000000009 1.5000000000000002 3.7123161764705888 0.79846768820786151 24.277777777777782 0.89157228514323794 0.2710950374603272 327680.00000000006 0.076440459564425176 2.5000000000000004 4820.9162846803674 1.9583333333333337
decision_type=2 2 2 2 2 2 2 2 8 2 10 2 8 2
left_child=-1 2 4 9 7 -5 8 -2 -7 -3 -4 12 13 -12
right_child=1 3 10 5 -6 6 -8 -9 -10 -11 11 -13 -14 -15
leaf_value=-0.0062234353941576599 0.0057970579318476455 0.0096922272300490973 0.010915593935711551 0.016123318125348573 0.010119722236946129 -0.00034548363071821984 0.017531459800437348 -0.0029559215408373756 0.0079634372339599212 -0.003515368580648845 0.01850340913323795 -0.0017139165711646178 0.0031405797786563995 0.0059948260846890908
leaf_weight=2852 165 65 202 218 153 168 117 1503 1098 220 85 245 417 152
leaf_count=2852 165 65 202 218 153 168 117 1503 1098 220 85 245 417 152
internal_value=0 0.00369161 0.00124598 0.00748064 -0.00106421 0.00890186 0.00776355 -0.00209007 0.00686083 -0.00050311 0.00506691 0.00375274 0.00580065 0.010481
internal_weight=0 4808 2922 1886 1821 1601 1383 1668 1266 285 1101 899 654 237
internal_count=7660 4808 2922 1886 1821 1601 1383 1668 1266 285 1101 899 654 237
is_linear=0
shrinkage=0.05


Tree=14
num_leaves=15
num_cat=0
split_feature=18 2 12 15 12 1 21 41 18 18 13 13 25 25
split_gain=63.6132 13.6966 7.1588 8.53138 7.00068 6.31004 6.09507 5.16078 5.07828 3.78148 4.03539 3.24911 3.18384 3.04091
threshold=0.065809650847088993 2.5000000000000004 3.5000000000000004 61.500000000000007 1.0000000180025095e-35 1.5000000000000002 11.178571428571431 5.8263021791260128 0.2337741181772611 0.4770067943338247 60.500000000000007 7.5000000000000009 5923.1272590160379 787.98575747013103
decision_type=2 2 2 2 2 2 2 10 2 2 2 2 10 10
left_child=5 6 3 4 8 -1 7 9 11 10 -2 -3 -10 -4
right_child=1 2 13 -5 -6 -7 -8 -9 12 -11 -12 -13 -14 -15
leaf_value=-0.00097478997576352705 0.0042924538833798527 -0.0016695667402734518 0.009942220764429268 0.016945427288482716 -0.0050364596517649537 -0.0063808029920311418 0.017690766855979163 0.0010901390074717777 0.0069377447378291077 0.011523248866327872 0.016272844951599835 0.0068830628329374661 -0.0017118669710449739 0.0018401194258598286
leaf_weight=681 579 884 335 77 522 2603 137 324 502 497 80 127 135 177
leaf_count=681 579 884 335 77 522 2603 137 324 502 497 80 127 135 177
internal_value=0 0.00394723 0.00180573 0.000589971 9.6156e-06 -0.00525976 0.00760115 0.00666717 0.00160795 0.00823029 0.00574683 -0.000595201 0.00510462 0.0071413
internal_weight=0 4376 2759 2247 2170 3284 1617 1480 1648 1156 659 1011 637 512
internal_count=7660 4376 2759 2247 2170 3284 1617 1480 1648 1156 659 1011 637 512
is_linear=0
shrinkage=0.05


Tree=15
num_leaves=15
num_cat=0
split_feature=18 18 5 21 0 28 21 28 20 39 1 5 33 18
split_gain=57.9127 14.9007 8.85932 7.64317 7.18833 4.64721 4.05778 4.00164 3.52806 3.1662 3.4847 3.12086 3.00631 2.99773
threshold=0.042983856536953802 0.33511090731961962 7667712.0000000009 3.7123161764705888 1.5000000000000002 0.79846768820786151 24.277777777777782 0.8356095936042639 0.2710950374603272 0.07093057517580377 2.5000000000000004 327680.00000000006 271.50000000000006 0.49733285238297492
decision_type=2 2 2 2 2 2 2 2 8 10 2 2 10 2
left_child=-1 2 3 7 11 -6 8 -2 -7 -4 -11 -3 -12 -10
right_child=1 4 9 -5 5 6 -8 -9 13 10 12 -13 -14 -15
leaf_value=-0.0056956135306106097 0.0055701160096103637 0.009100212742789434 0.010282829798536727 0.0096320613143712746 0.014878003389805284 -0.00054779162719136194 0.015932393556412978 -0.0027886233324463743 0.0036701042030472309 0.0052566860275096204 0.0012118887939514258 -0.0033696552302519031 -0.012119400335682763 0.0091484952987372584
leaf_weight=2820 158 65 202 154 218 168 117 1527 384 664 195 220 54 714
leaf_count=2820 158 65 202 154 218 168 117 1527 384 664 195 220 54 714
internal_value=0 0.00331852 0.00110177 -0.00103035 0.00679056 0.00809295 0.00702343 -0.00200484 0.00620009 0.00461833 0.00336507 -0.00052565 -0.00167923 0.00723256
internal_weight=0 4840 2954 1839 1886 1601 1383 1685 1266 1115 913 285 249 1098
internal_count=7660 4840 2954 1839 1886 1601 1383 1685 1266 1115 913 285 249 1098
is_linear=0
shrinkage=0.05


Tree=16
num_leaves=15
num_cat=0
split_feature=18 2 24 32 0 18 21 41 5 18 13 22 1 7
split_gain=52.2662 13.8354 7.88053 7.07398 5.59539 5.56285 5.14224 4.49079 4.14317 3.05686 3.53797 2.84758 2.83 2.77254
threshold=0.042983856536953802 2.5000000000000004 5.510582010582012 9.4652416049334516 1.5000000000000002 0.52915044750810181 11.178571428571431 5.8263021791260128 327680.00000000006 0.4770067943338247 60.500000000000007 44931.00155796024 1.5000000000000002 1.0000000180025095e-35
decision_type=2 2 2 8 2 2 2 10 2 2 2 10 2 2
left_child=12 6 3 4 8 11 7 9 -3 10 -2 -6 -1 -11
right_child=1 2 -4 -5 5 -7 -8 -9 -10 13 -12 -13 -14 -15
leaf_value=-0.001952588652233938 0.0039454814121573653 0.0075866471642433708 0.013561783934757113 0.010640618923986168 0.00064574030500597112 0.0073773168650204919 0.016185309539419889 0.00086656561837746547 -0.0056067494789087671 0.01195559044693445 0.015157395210117103 -0.010155939665578661 -0.006136307651378816 0.0010206783329372976
leaf_weight=489 584 67 125 171 1936 323 137 325 532 430 80 63 2331 67
leaf_count=489 584 67 125 171 1936 323 137 325 532 430 80 63 2331 67
internal_value=0 0.00315259 0.0012538 0.00075623 0.000177582 0.00128906 0.00691624 0.00606169 -0.00413103 0.00751597 0.00529631 0.000305317 -0.00541083 0.0104815
internal_weight=0 4840 3217 3092 2921 2322 1623 1486 599 1161 664 1999 2820 497
internal_count=7660 4840 3217 3092 2921 2322 1623 1486 599 1161 664 1999 2820 497
is_linear=0
shrinkage=0.05


Tree=17
num_leaves=15
num_cat=0
split_feature=18 2 24 32 2 21 41 25 20 21 1 21 2 18
split_gain=47.1702 12.4864 7.11217 6.38426 5.27794 4.64087 4.05293 3.48165 4.21221 2.85254 3.49568 3.1133 3.53573 3.29473
threshold=0.042983856536953802 2.5000000000000004 5.510582010582012 9.4652416049334516 5.5000000000000009 11.178571428571431 5.8263021791260128 2601.3960828781132 1421.6096144914629 1.0506410256410259 7.5000000000000009 0.029857397504456332 4.5000000000000009 0.26199590469520256
decision_type=2 2 2 8 2 2 10 10 10 2 2 2 2 2
left_child=-1 5 3 4 9 6 -2 8 -6 11 -11 13 -13 -3
right_child=1 2 -4 -5 7 -7 -8 -9 -10 10 -12 12 -14 -15
leaf_value=-0.0051402915433521471 0.0071401722965044878 -0.0026944615690009071 0.012883694784343242 0.010108587960576454 0.0037399990118780961 0.015376043896170428 0.00082323758361431279 -0.00066696755215383662 0.016108376208024147 0.0064567873633040174 -0.0052424653873338811 0.0022943702037934656 -0.0064942562855929663 0.0038189870722700834
leaf_weight=2820 1161 514 125 171 586 137 325 410 78 214 91 143 573 312
leaf_count=2820 1161 514 125 171 586 137 325 410 78 214 91 143 573 312
internal_value=0 0.00299496 0.00119111 0.000718418 0.000168703 0.00657043 0.00575861 0.0029559 0.00519291 -0.00145201 0.00296619 -0.0023259 -0.00473899 -0.000234176
internal_weight=0 4840 3217 3092 2921 1623 1486 1074 664 1847 305 1542 716 826
internal_count=7660 4840 3217 3092 2921 1623 1486 1074 664 1847 305 1542 716 826
is_linear=0
shrinkage=0.05


Tree=18
num_leaves=15
num_cat=0
split_feature=18 18 5 21 28 5 5 42 21 39 1 33 18 20
split_gain=42.5711 11.736 7.3038 6.28097 5.52188 4.47345 5.82757 3.47852 2.78887 2.70514 2.75259 2.75382 2.61136 2.54449
threshold=0.042983856536953802 0.33511090731961962 7667712.0000000009 3.7423469387755106 0.79846768820786151 1114112.0000000002 327680.00000000006 5.9235057550902326 1.3266666666666669 0.076440459564425176 2.5000000000000004 271.50000000000006 0.020708468876275959 4820.9162846803674
decision_type=2 2 2 2 2 2 2 10 2 10 2 10 2 8
left_child=12 2 3 7 -3 6 -6 -2 -8 -4 13 -12 -1 -11
right_child=1 4 9 -5 5 -7 8 -9 -10 10 11 -13 -14 -15
leaf_value=-0.0058650708317289826 0.001494741397012924 0.013240537617154553 0.0092442489147764977 0.0086768179690759444 0.0072595516954047177 0.0072698913739675242 -0.0037592869513306997 -0.0034380688020786416 0.0061298789829015736 0.008733113216951428 0.001186275078924661 -0.011580054737903455 -0.002525312864908048 0.002264452878526359
leaf_weight=1991 514 227 206 152 312 914 343 1173 90 237 194 54 829 424
leaf_count=1991 514 227 206 152 312 914 343 1173 90 237 194 54 829 424
internal_value=0 0.00284522 0.000877903 -0.00105801 0.00592657 0.00492581 0.00204998 -0.00193513 -0.0017038 0.00407086 0.00289845 -0.00159349 -0.00488328 0.00458378
internal_weight=0 4840 2954 1839 1886 1659 745 1687 433 1115 909 248 2820 661
internal_count=7660 4840 2954 1839 1886 1659 745 1687 433 1115 909 248 2820 661
is_linear=0
shrinkage=0.05


Tree=19
num_leaves=15
num_cat=0
split_feature=18 18 5 21 33 21 20 5 28 4 35 1 39 1
split_gain=38.4204 10.5918 6.59168 5.67158 5.02902 4.34017 3.67055 3.51273 3.15415 2.95389 2.6067 2.48644 2.44138 2.48421
threshold=0.042983856536953802 0.33511090731961962 7667712.0000000009 3.7123161764705888 211.50000000000003 24.277777777777782 4957.1883790493021 1114112.0000000002 0.8356095936042639 851968.00000000012 10.174009532545528 1.5000000000000002 0.076440459564425176 2.5000000000000004
decision_type=2 2 2 2 8 2 8 2 2 2 10 2 10 2
left_child=11 2 3 8 5 6 7 10 -2 -8 -3 -1 -4 -14
right_child=1 4 12 -5 -6 -7 9 -9 -10 -11 -12 -13 13 -15
leaf_value=-0.0013975759042552645 0.0048806006041697313 -0.012535017770197658 0.0087820367471685683 0.0081797086368027676 0.0093872150666973256 0.01402395237813291 0.0013011477962737122 0.0041095328440952329 -0.0025404108915691153 0.011008068779155507 -0.00065064777620871218 -0.005319126430118907 0.0043545869899048566 -0.0015138160587558824
leaf_weight=489 158 54 206 154 605 97 124 476 1527 213 317 2331 661 248
leaf_count=489 158 54 206 154 605 97 124 476 1527 213 317 2331 661 248
internal_value=0 0.00270295 0.000834007 -0.00100511 0.00563024 0.00385587 0.00302285 0.00126681 -0.00184455 0.00743638 -0.00238045 -0.00463911 0.00386731 0.00275353
internal_weight=0 4840 2954 1839 1886 1281 1184 847 1685 337 371 2820 1115 909
internal_count=7660 4840 2954 1839 1886 1281 1184 847 1685 337 371 2820 1115 909
is_linear=0
shrinkage=0.05


Tree=20
num_leaves=15
num_cat=0
split_feature=18 2 15 12 12 0 3 21 18 41 25 22 5 25
split_gain=34.7817 8.36444 5.08672 5.25377 5.36967 4.30119 5.91502 3.80769 3.79637 3.53148 3.10255 2.82784 3.62732 2.6742
threshold=0.065809650847088993 2.5000000000000004 61.500000000000007 2.5000000000000004 1.0000000180025095e-35 1.5000000000000002 4915200.0000000009 11.178571428571431 0.2337741181772611 5.8263021791260128 5923.1272590160379 4081.6501655578618 7536640.0000000009 1007.3314420059324
decision_type=2 2 2 2 2 2 2 2 2 10 10 8 2 10
left_child=5 7 3 4 8 -1 11 9 -3 -2 -10 12 -7 -5
right_child=1 2 -4 13 -6 6 -8 -9 10 -11 -12 -13 -14 -15
leaf_value=-0.0056552287786033485 0.0063289882556799562 -0.00076473283668488084 0.011780783385038377 0.0077122379134653644 -0.004717631405128664 -0.0047422253921375439 0.01489179077744484 0.013748886447100745 0.0059730287132955407 0.00042251968859798381 -0.002565451175388363 -0.003228468884878453 0.011980467010289431 -0.00068109978979467888
leaf_weight=1682 1156 1011 110 359 513 59 50 137 502 324 135 1421 72 129
leaf_count=1682 1156 1011 110 359 513 59 50 137 502 324 135 1421 72 129
internal_value=0 0.00291873 0.00124522 0.000807726 -0.000250424 -0.00388927 -0.00203512 0.00577415 0.00114016 0.00503595 0.00416346 -0.00258045 0.00444887 0.00549351
internal_weight=0 4376 2759 2649 2161 3284 1602 1617 1648 1480 637 1552 131 488
internal_count=7660 4376 2759 2649 2161 3284 1602 1617 1648 1480 637 1552 131 488
is_linear=0
shrinkage=0.05


Tree=21
num_leaves=15
num_cat=0
split_feature=18 2 24 32 2 18 25 20 30 5 33 39 41 34
split_gain=31.4211 8.99936 5.60624 5.26269 3.95498 3.52847 2.9277 3.62412 2.43805 2.61289 2.54868 2.43305 2.83806 3.59798
threshold=0.042983856536953802 2.5000000000000004 5.510582010582012 9.4652416049334516 5.5000000000000009 0.49070407122275089 2601.3960828781132 1421.6096144914629 8.5887498189760301 1638400.0000000002 155.00000000000003 0.16335071634981599 5.7521969595122053 50.000000000000007
decision_type=2 2 2 8 2 2 10 10 10 2 10 8 10 10
left_child=-1 5 3 4 -3 11 7 8 -6 -10 -11 12 13 -2
right_child=1 2 -4 -5 6 -7 -8 -9 9 10 -12 -13 -14 -15
leaf_value=-0.0041953152202747609 -0.0063870857332778324 -0.0014087508297904784 0.011294127933681012 0.0090188439347242046 0.012841334913311334 0.0082251981322598814 -0.00091524695046246067 0.014583124755284725 0.0099607512622472208 -0.0030632230468978314 0.0045578067858771587 0.0056422746566186805 -0.0055161235996216314 0.0069876905687520077
leaf_weight=2820 68 1847 125 171 58 680 410 78 87 236 205 551 131 193
leaf_count=2820 68 1847 125 171 58 680 410 78 87 236 205 551 131 193
internal_value=0 0.00244438 0.000912984 0.000493307 -5.79177e-06 0.0054798 0.00240693 0.00445828 0.0031106 0.0020417 0.000479433 0.00350009 0.000489006 0.00350307
internal_weight=0 4840 3217 3092 2921 1623 1074 664 586 528 441 943 392 261
internal_count=7660 4840 3217 3092 2921 1623 1074 664 586 528 441 943 392 261
is_linear=0
shrinkage=0.05


Tree=22
num_leaves=15
num_cat=0
split_feature=18 18 15 0 21 28 0 3 4 39 22 5 30 13
split_gain=28.4362 7.17668 5.52058 5.35848 4.27919 4.5572 3.78435 5.25496 2.56406 3.01292 2.42337 3.21412 2.20806 2.02177
threshold=0.065809650847088993 0.49733285238297492 57.500000000000007 1.5000000000000002 21.772727272727277 0.8356095936042639 1.5000000000000002 4915200.0000000009 6619136.0000000009 0.064787751965570545 4081.6501655578618 7536640.0000000009 12.110419828370302 9.5000000000000018
decision_type=2 2 2 2 2 2 2 2 2 8 8 2 10 2
left_child=6 2 4 -3 5 -2 -1 10 13 -10 11 -8 -4 -7
right_child=1 3 12 -5 -6 8 7 -9 9 -11 -12 -13 -14 -15
leaf_value=-0.0051731082398541696 0.0065603440421234289 -0.0014620434661192967 0.013592179376082342 0.0071769321315708502 0.014587303964336489 -0.0023739943939465333 -0.0044360298726518277 0.01417708583176136 0.0067904960967495407 0.00031115499964255597 -0.0028913509529306805 0.011305421280364197 0.002451883565102305 0.0061587674392236252
leaf_weight=1682 280 215 122 1087 55 1122 59 50 213 1138 1421 72 70 74
leaf_count=1682 280 215 122 1087 55 1122 59 50 213 1138 1421 72 70 74
internal_value=0 0.00263909 0.0013213 0.00575037 0.000774391 0.000505657 -0.00351664 -0.00177746 -0.000159954 0.00133269 -0.00229146 0.00421576 0.00953061 -0.00184605
internal_weight=0 4376 3074 1302 2882 2827 3284 1602 2547 1351 1552 131 192 1196
internal_count=7660 4376 3074 1302 2882 2827 3284 1602 2547 1351 1552 131 192 1196
is_linear=0
shrinkage=0.05


Tree=23
num_leaves=15
num_cat=0
split_feature=18 18 20 3 22 28 18 0 19 5 5 4 5 31
split_gain=25.6903 7.65186 5.39158 5.4711 5.22612 4.4003 4.05914 3.51066 3.23518 3.20085 4.77307 3.15822 3.0267 2.31945
threshold=0.042983856536953802 0.33511090731961962 203.11828792095187 1.0000000180025095e-35 4425.9448677102728 0.79846768820786151 0.24283341391218655 1.5000000000000002 1.5000000000000002 1114112.0000000002 327680.00000000006 7667712.0000000009 3735552.0000000005 0.66786496956691865
decision_type=2 2 8 2 8 2 2 2 2 2 2 2 2 8
left_child=-1 2 -2 4 6 -3 8 -5 -4 10 -7 13 -9 -6
right_child=1 5 3 7 11 9 -8 12 -10 -11 -12 -13 -14 -15
leaf_value=-0.0037934811453558741 -0.0032920411615536323 0.011227395958246639 0.014549330434271399 -0.0036198098303786685 -0.0032940852136774932 0.0060870846479538629 -0.0031765204575872914 0.015600584627237117 0.0043792559198804742 0.0057877958564154491 -0.002024878095674133 0.0019334159648777196 0.0040398045210167767 0.0069087064514557527
leaf_weight=2820 678 227 131 51 778 312 97 138 194 914 433 731 96 60
leaf_count=2820 678 227 131 51 778 312 97 138 194 914 433 731 96 60
internal_value=0 0.00221025 0.000621718 0.00178759 0.000860104 0.00469834 0.00579956 0.00826699 0.00847858 0.00380497 0.00137235 -0.000468419 0.0108577 -0.00256358
internal_weight=0 4840 2954 2276 1991 1886 422 285 325 1659 745 1569 234 838
internal_count=7660 4840 2954 2276 1991 1886 422 285 325 1659 745 1569 234 838
is_linear=0
shrinkage=0.05


Tree=24
num_leaves=15
num_cat=0
split_feature=18 18 15 0 0 3 28 21 35 30 13 20 14 34
split_gain=23.2909 5.66653 4.59482 4.52109 3.90418 4.41854 3.28163 3.10756 2.35639 2.32965 2.28459 3.10202 2.77996 2.38258
threshold=0.073832916163119128 0.49733285238297492 57.500000000000007 1.5000000000000002 1.5000000000000002 4915200.0000000009 0.79846768820786151 21.772727272727277 14.659516388785145 12.110419828370302 48.500000000000007 2753.649972558022 41.500000000000007 50.000000000000007
decision_type=2 2 2 2 2 2 2 2 10 10 2 10 2 10
left_child=4 2 6 -3 -1 8 -2 10 -6 -4 12 -12 13 -8
right_child=1 3 9 -5 5 -7 7 -9 -10 -11 11 -13 -14 -15
leaf_value=-0.0047541663433549892 0.006046147909805631 -0.0013912378384211901 0.01311797810308004 0.0065440603952577284 -0.0023505108462637137 0.011946165557019413 -0.0047215430923397582 0.012394549862901663 0.0053175024757875465 0.0014987658490152921 -0.00097119006435428051 0.010936348772836182 -0.008462558363406163 0.00046297456853787038
leaf_weight=1702 264 215 118 1087 1574 60 252 51 107 68 113 106 106 1837
leaf_count=1702 264 215 118 1087 1574 60 252 51 107 68 113 106 106 1837
internal_value=0 0.00249124 0.0012663 0.0052337 -0.00305128 -0.00138654 0.000748053 0.000180631 -0.00186242 0.00887009 -7.74098e-05 0.00479228 -0.000563269 -0.000162444
internal_weight=0 4217 2915 1302 3443 1741 2729 2465 1681 186 2414 219 2195 2089
internal_count=7660 4217 2915 1302 3443 1741 2729 2465 1681 186 2414 219 2195 2089
is_linear=0
shrinkage=0.05


Tree=25
num_leaves=15
num_cat=0
split_feature=18 13 21 28 23 21 34 21 0 3 20 33 1 39
split_gain=21.2093 7.25245 5.42151 4.51115 5.62317 7.30958 4.82309 3.58672 3.08469 4.77282 4.66705 2.47513 2.39452 2.12653
threshold=0.16019799854342356 7.5000000000000009 5.0306122448979602 0.79846768820786151 1.0000000180025095e-35 0.077677224736048281 146.00000000000003 24.277777777777782 1.5000000000000002 4390912.0000000009 7949.1614389419565 161.50000000000003 15.500000000000002 0.085921084995392749
decision_type=2 2 2 2 2 2 10 2 2 2 8 10 2 10
left_child=1 2 8 12 6 13 7 -5 -1 -10 -11 -3 -2 -6
right_child=3 11 -4 4 5 -7 -8 -9 9 10 -12 -13 -14 -15
leaf_value=-0.0045631426088087734 0.010564580851766682 0.0015186013014291426 0.009741257621961482 0.0012364270213841896 0.006883987825260395 -0.007168514358024557 0.0077962282861161764 0.011706740550903811 -0.0023604412828835842 5.4526887834072116e-05 0.019481233191443608 0.010944170777996382 0.00089485476534050641 0.00083995574100347427
leaf_weight=1803 280 166 85 897 180 283 628 90 2154 81 50 120 83 760
leaf_count=1803 280 166 85 897 180 283 628 90 2154 81 50 120 83 760
internal_value=0 -0.00222917 -0.00275707 0.00310524 0.00243394 -0.000123635 0.00437072 0.00219117 -0.00301694 -0.0017969 0.0074693 0.00547339 0.0083536 0.00199732
internal_weight=0 4459 4173 3201 2838 1223 1615 987 4088 2285 131 286 363 940
internal_count=7660 4459 4173 3201 2838 1223 1615 987 4088 2285 131 286 363 940
is_linear=0
shrinkage=0.05


Tree=26
num_leaves=15
num_cat=0
split_feature=18 0 18 15 5 21 28 4 5 20 21 13 30 2
split_gain=19.3214 6.876 7.26886 3.91157 3.77971 3.58675 3.37203 2.76237 3.0584 5.52538 1.88798 5.36645 2.97574 1.94362
threshold=0.030281468152718843 1.5000000000000002 0.49733285238297492 61.500000000000007 327680.00000000006 21.772727272727277 0.79846768820786151 6356992.0000000009 1245184.0000000002 4306.6170390844354 1.007042253521127 1.5000000000000002 15.545357431482659 6.5000000000000009
decision_type=2 2 2 2 2 2 2 2 2 8 2 2 10 2
left_child=-1 4 3 5 -2 6 -3 -8 9 -9 11 12 -10 -12
right_child=1 2 -4 -5 -6 -7 7 8 10 -11 13 -13 -14 -15
leaf_value=-0.0036685401132599328 0.0079854881760906687 0.0056870303160200522 0.0060075551768372449 0.0079895358713506486 -0.0040127290888816785 0.012790270842191193 -0.0018161045844981459 -0.00053513678073694435 0.0017797105489698658 0.019146540275452515 -0.0032100499355168441 0.014703220616166407 -0.01013555085020406 0.0029235121615923169
leaf_weight=2444 73 300 1087 206 651 62 1122 79 815 65 439 78 56 183
leaf_count=2444 73 300 1087 206 651 62 1122 79 815 65 439 78 56 183
internal_value=0 0.00171892 0.00244774 0.00131132 -0.00280296 0.000881276 0.000645905 0.000112829 0.00137479 0.00834895 0.000735528 0.0021388 0.00101363 -0.00140548
internal_weight=0 5216 4492 3405 724 3199 3137 2837 1715 144 1571 949 871 622
internal_count=7660 5216 4492 3405 724 3199 3137 2837 1715 144 1571 949 871 622
is_linear=0
shrinkage=0.05


Tree=27
num_leaves=15
num_cat=0
split_feature=18 13 21 28 23 21 34 21 20 3 0 33 1 4
split_gain=17.5708 6.15311 4.65899 3.80964 4.72288 6.48012 4.32646 3.06542 2.58804 6.99277 2.37178 2.21015 2.16332 2.13541
threshold=0.16019799854342356 7.5000000000000009 5.0306122448979602 0.79846768820786151 1.0000000180025095e-35 0.077677224736048281 146.00000000000003 24.277777777777782 10049.028391003611 196608.00000000003 1.5000000000000002 161.50000000000003 15.500000000000002 4259840.0000000009
decision_type=2 2 2 2 2 2 10 2 8 2 2 10 2 2
left_child=1 2 8 12 6 -6 7 -5 -1 13 -11 -3 -2 -10
right_child=3 11 -4 4 5 -7 -8 -9 9 10 -12 -13 -14 -15
leaf_value=-0.004237456653726282 0.0097509533126971561 0.0013287301405321764 0.0090708905633758094 0.0010375107222453691 0.0018625466500290057 -0.0067675876345603923 0.0072287984702522588 0.010717082805931569 -0.0044047287547209091 0.0021904925105308681 0.014691747567922915 0.010235470030456781 0.00055988643722361831 -0.0012009268881965694
leaf_weight=1713 280 166 85 897 940 283 628 90 830 73 79 120 83 1393
leaf_count=1713 280 166 85 897 940 283 628 90 830 73 79 120 83 1393
internal_value=0 -0.00202897 -0.00251522 0.00282636 0.00220946 -0.000134451 0.00398444 0.00192015 -0.00275612 -0.00168769 0.00868786 0.00506582 0.00764941 -0.00239713
internal_weight=0 4459 4173 3201 2838 1223 1615 987 4088 2375 152 286 363 2223
internal_count=7660 4459 4173 3201 2838 1223 1615 987 4088 2375 152 286 363 2223
is_linear=0
shrinkage=0.05


Tree=28
num_leaves=15
num_cat=0
split_feature=18 18 1 33 3 4 19 20 21 12 22 4 33 36
split_gain=16.0773 5.72731 4.48744 3.37856 3.09751 3.01897 2.63561 2.52226 3.28111 2.8179 2.6077 2.6044 2.11396 2.20536
threshold=0.030281468152718843 0.33511090731961962 1.5000000000000002 211.50000000000003 5308416.0000000009 7012352.0000000009 10.500000000000002 4957.1883790493021 5.0306122448979602 2.5000000000000004 424.54204702377325 851968.00000000012 182.00000000000003 15.735588841550099
decision_type=2 2 2 8 2 2 2 8 2 2 10 2 8 10
left_child=-1 2 4 7 5 -2 -4 8 9 -3 -11 -9 13 -7
right_child=1 3 6 -5 -6 12 -8 11 -10 10 -12 -13 -14 -15
leaf_value=-0.0033464244374158073 -0.002036351217345024 -0.00297076569367913 -0.0015979347006262173 0.0068489119454771905 0.011502671651960759 0.0030022624614525232 0.0083536381536311859 -1.9551983605774622e-05 0.0072885818914933641 0.0078638738198941096 -0.0015595058477680449 0.0088449627130238479 0.0064498065807118551 -0.0047449986030042701
leaf_weight=2444 360 454 1861 605 89 491 69 126 165 152 142 242 347 113
leaf_count=2444 360 454 1861 605 89 491 69 126 165 152 142 242 347 113
internal_value=0 0.00156799 0.000321113 0.00376954 0.00247619 0.0018634 -0.00124215 0.0023152 0.000906624 -0.000501161 0.00331245 0.00580983 0.00333965 0.00155286
internal_weight=0 5216 3330 1886 1400 1311 1930 1281 913 748 294 368 951 604
internal_count=7660 5216 3330 1886 1400 1311 1930 1281 913 748 294 368 951 604
is_linear=0
shrinkage=0.05


Tree=29
num_leaves=15
num_cat=0
split_feature=18 0 18 15 5 21 28 4 5 20 8 20 39 42
split_gain=14.5098 5.34813 5.69651 3.36703 3.23682 2.85293 2.759 2.17373 2.54412 4.62539 1.8844 4.27689 2.06932 2.29035
threshold=0.030281468152718843 1.5000000000000002 0.49733285238297492 61.500000000000007 327680.00000000006 21.772727272727277 0.79846768820786151 6356992.0000000009 1245184.0000000002 4306.6170390844354 1.0000000180025095e-35 2273.0222245454793 0.064787751965570545 5.7512104235877386
decision_type=2 2 2 2 2 2 2 2 2 8 2 10 10 10
left_child=-1 4 3 5 -2 6 -3 -8 9 -9 12 -12 -10 -14
right_child=1 2 -4 -5 -6 -7 7 8 10 -11 11 -13 13 -15
leaf_value=-0.0031791032949440527 0.0074852630848460519 0.0050773446184272574 0.0052837211168315452 0.0073222902938000212 -0.0036179006193628963 0.011348445247858763 -0.0016758817411359874 -0.00061291001583862158 0.0057669784960358642 0.017394668661290781 -0.013925251024109978 0.0010582638766941609 0.0040037080703768883 -0.00098646404255851839
leaf_weight=2444 73 300 1087 206 651 62 1122 79 215 65 70 149 320 817
leaf_count=2444 73 300 1087 206 651 62 1122 79 215 65 70 149 320 817
internal_value=0 0.0014896 0.00213236 0.00112633 -0.00249838 0.00072734 0.000517423 3.52322e-05 0.00115469 0.00751551 0.000571648 -0.00373099 0.0012686 0.000417982
internal_weight=0 5216 4492 3405 724 3199 3137 2837 1715 144 1571 219 1352 1137
internal_count=7660 5216 4492 3405 724 3199 3137 2837 1715 144 1571 219 1352 1137
is_linear=0
shrinkage=0.05


Tree=30
num_leaves=15
num_cat=0
split_feature=18 24 13 28 23 21 34 33 21 0 3 20 29 1
split_gain=13.2491 5.17876 4.22363 3.10737 3.72317 5.62017 3.77922 2.75325 2.47443 2.06015 3.59358 3.71521 1.97089 1.92376
threshold=0.16019799854342356 5.0306122448979602 7.5000000000000009 0.79846768820786151 1.0000000180025095e-35 0.077677224736048281 146.00000000000003 161.50000000000003 24.277777777777782 1.5000000000000002 4390912.0000000009 8794.0016599893588 11.230205182338763 15.500000000000002
decision_type=2 2 2 2 2 2 10 10 2 2 2 8 10 2
left_child=1 2 9 13 6 -6 8 -4 -5 -1 -11 -12 -8 -2
right_child=3 -3 7 4 5 -7 12 -9 -10 10 11 -13 -14 -15
leaf_value=-0.0036356696064336795 0.0087919325068859123 0.011633924135125019 -0.00017939501255750657 0.00075077094467836483 0.00167580770382514 -0.0063613222127898786 0.010994178755208851 0.010262609286866058 0.009447346578041714 -0.001867807129775104 6.1016597944061938e-06 0.01719291242862157 0.0047574716587180065 0.00012469013412314724
leaf_weight=1803 280 71 150 897 940 283 176 109 90 2193 82 51 452 83
leaf_count=1803 280 71 150 897 940 283 176 109 90 2193 82 51 452 83
internal_value=0 -0.00176186 -0.00197861 0.00245428 0.00189713 -0.00018397 0.0034731 0.00421512 0.00154377 -0.00236713 -0.00138382 0.00659653 0.00650534 0.00681017
internal_weight=0 4459 4388 3201 2838 1223 1615 259 987 4129 2326 133 628 363
internal_count=7660 4459 4388 3201 2838 1223 1615 259 987 4129 2326 133 628 363
is_linear=0
shrinkage=0.05


Tree=31
num_leaves=15
num_cat=0
split_feature=18 24 13 41 26 21 36 33 5 1 25 18 40 2
split_gain=11.9573 4.67383 3.81183 2.81178 4.011 3.56156 3.07626 2.48481 2.33581 3.93319 2.75708 2.13573 2.41146 1.99839
threshold=0.16019799854342356 5.0306122448979602 7.5000000000000009 5.04704086212445 0.59545454545454557 0.05634920634920635 16.130859699914843 161.50000000000003 1114112.0000000002 18.000000000000004 190.15428477525714 0.25048875867006365 0.23314508338080875 2.5000000000000004
decision_type=2 2 2 10 2 2 8 10 2 2 10 2 10 2
left_child=1 2 -1 6 13 11 8 -4 10 -10 -2 -6 -13 -5
right_child=3 -3 7 4 5 -7 -8 -9 9 -11 -12 12 -14 -15
leaf_value=-0.0022487723401618627 0.002375600806128089 0.011052227930598697 -0.00017042528341213863 0.0056853187568578177 -0.0053955005710974099 -0.0076337488899335046 0.0077200861037001805 0.0097494788878007763 0.0050465707382770699 -0.0092953494366477523 -0.0062654296466468891 0.010284815058877616 0.00018683621237635423 0.00089373481587898664
leaf_weight=4129 283 71 150 403 126 199 382 109 763 51 137 73 311 473
leaf_count=4129 283 71 150 403 126 199 382 109 763 51 137 73 311 473
internal_value=0 -0.00167377 -0.00187968 0.00233157 0.000835248 -0.00196058 0.00379918 0.00400436 0.00258541 0.004148 -0.000443021 0.000253068 0.0021065 0.00309808
internal_weight=0 4459 4388 3201 1585 709 1616 259 1234 814 420 510 384 876
internal_count=7660 4459 4388 3201 1585 709 1616 259 1234 814 420 510 384 876
is_linear=0
shrinkage=0.05


Tree=32
num_leaves=15
num_cat=0
split_feature=18 21 19 18 13 19 12 22 33 41 33 40 4 5
split_gain=11.108 4.18832 4.45979 4.81427 4.08623 4.43213 3.48378 3.74424 3.02696 2.63458 2.47287 2.46218 2.27467 2.61054
threshold=0.030281468152718843 5.0306122448979602 4.5000000000000009 0.33511090731961962 9.5000000000000018 1.5000000000000002 4.5000000000000009 3146.740518689156 217.50000000000003 5.8560365306576605 160.50000000000003 0.47299543730953436 6356992.0000000009 1245184.0000000002
decision_type=2 2 2 2 2 2 2 10 8 10 10 8 2 2
left_child=-1 2 3 4 12 -6 7 -4 10 -3 -5 -8 -2 -14
right_child=1 9 6 8 5 -7 11 -9 -10 -11 -12 -13 13 -15
leaf_value=-0.0027815752531762969 -0.0021032795691085966 0.00827274853108864 -0.0078807229911508972 0.0036184700232987812 0.014320005033866013 0.0016028312417490521 -0.0025701517958871345 0.00065826442101655374 0.007541793858610004 0.00076216327551320118 -0.003432546197771539 0.01219622207612827 0.008003518460318446 0.00029917452782279017
leaf_weight=2444 1069 329 338 664 101 213 55 207 415 181 153 58 120 1313
leaf_count=2444 1069 329 338 664 101 213 55 207 415 181 153 58 120 1313
internal_value=0 0.00130333 0.000836907 0.00145748 0.000316959 0.00569339 -0.00298085 -0.00463747 0.00406439 0.00560723 0.00229802 0.00500905 -0.000357781 0.000944339
internal_weight=0 5216 4706 4048 2816 314 658 545 1232 510 817 113 2502 1433
internal_count=7660 5216 4706 4048 2816 314 658 545 1232 510 817 113 2502 1433
is_linear=0
shrinkage=0.05


Tree=33
num_leaves=15
num_cat=0
split_feature=18 18 15 6 3 13 19 31 13 21 8 20 12 20
split_gain=10.0249 3.87391 3.25633 2.77265 6.96664 2.86079 4.59281 2.68234 2.62123 3.12949 2.62819 2.40576 3.22207 2.40591
threshold=0.030281468152718843 0.49733285238297492 61.500000000000007 1.0000000180025095e-35 1.0000000180025095e-35 9.5000000000000018 1.5000000000000002 0.77758866300008622 1.0000000180025095e-35 4.0915570175438605 1.0000000180025095e-35 5673.6999729871759 3.5000000000000004 1031.6707423925402
decision_type=2 2 2 2 2 2 2 8 2 2 2 8 2 10
left_child=-1 2 3 4 5 7 -7 -2 9 10 -5 12 -3 -14
right_child=1 11 -4 8 -6 6 -8 -9 -10 -11 -12 -13 13 -15
leaf_value=-0.0026424965054956538 -0.0011585116172230694 -0.00018213024764050754 0.0065709693954118242 -0.0012381945963357321 0.0080307834331987266 0.013180743523088158 0.00036319349263165454 0.0071068141287049429 -0.010154403813066893 0.010327993453081165 -0.012761399427500481 0.0075286457616214955 0.0072963350813401752 -0.00182129614882999
leaf_weight=2444 1748 543 206 1022 314 102 222 104 88 56 52 300 369 90
leaf_count=2444 1748 543 206 1022 314 102 222 104 88 56 52 300 369 90
internal_value=0 0.00123816 0.000452257 0.000112328 0.00106858 6.39224e-05 0.00439835 -0.000694368 -0.00184257 -0.00119527 -0.00179612 0.00360071 0.00242468 0.00550856
internal_weight=0 5216 3914 3708 2490 2176 324 1852 1218 1130 1074 1302 1002 459
internal_count=7660 5216 3914 3708 2490 2176 324 1852 1218 1130 1074 1302 1002 459
is_linear=0
shrinkage=0.05


Tree=34
num_leaves=15
num_cat=0
split_feature=18 21 33 19 18 7 41 18 7 41 30 14 28 39
split_gain=9.08313 3.98556 4.79478 3.32124 2.54879 3.06677 2.55092 2.41837 2.15049 2.02561 2.0349 1.79736 1.78576 1.84765
threshold=0.020708468876275959 5.0306122448979602 208.00000000000003 4.5000000000000009 0.33511090731961962 1.0000000180025095e-35 4.1442654369549929 0.13979005219228716 1.0000000180025095e-35 5.8560365306576605 12.110419828370302 16.500000000000004 0.79846768820786151 0.07093057517580377
decision_type=2 2 8 2 2 2 8 2 2 10 10 2 2 10
left_child=-1 2 3 7 5 6 -4 -2 11 10 -3 -5 -9 -14
right_child=1 9 4 8 -6 -7 -8 12 -10 -11 -12 -13 13 -15
leaf_value=-0.0029053004471644092 -0.0013337314579366752 0.0096576490827223679 0.0064746774031550856 -0.0037001956968370853 0.0056357220268004379 0.0092526383269413391 -0.00052619203124517255 0.01080643367767334 -0.0097464707793795888 0.0010037085421944177 0.0004372438750205896 0.0064313275703028142 0.0045764527336031964 0.00032054110919960989
leaf_weight=1991 1412 257 154 309 541 113 839 50 131 186 78 51 322 1226
leaf_count=1991 1412 257 154 309 541 113 839 50 131 186 78 51 322 1226
internal_value=0 0.00102037 0.00059861 -0.000448002 0.00282338 0.00144772 0.000559542 0.000173985 -0.004261 0.00518774 0.00751081 -0.0022649 0.00150621 0.00120581
internal_weight=0 5669 5148 3501 1647 1106 993 3010 491 521 335 360 1598 1548
internal_count=7660 5669 5148 3501 1647 1106 993 3010 491 521 335 360 1598 1548
is_linear=0
shrinkage=0.05


Tree=35
num_leaves=15
num_cat=0
split_feature=18 24 28 23 33 23 25 9 18 3 4 24 5 19
split_gain=8.19753 3.74227 4.11256 3.12582 4.47141 4.27719 2.92941 2.59625 2.57632 2.50635 2.16335 2.17144 2.0125 1.9628
threshold=0.020708468876275959 5.0306122448979602 0.79846768820786151 1.0000000180025095e-35 161.50000000000003 0.9291979949874688 190.15428477525714 2.5000000000000004 0.29882659353147595 3604480.0000000005 327680.00000000006 4.9568965517241388 327680.00000000006 1.5000000000000002
decision_type=2 2 2 2 8 2 8 2 2 2 2 2 2 2
left_child=-1 2 6 4 10 -5 -2 13 -7 -8 -4 -12 -10 -6
right_child=1 -3 3 5 7 8 9 -9 12 -11 11 -13 -14 -15
leaf_value=-0.0027600353936973955 -0.0016631125407510026 0.0072449588102468281 -0.0072552000482877096 -0.005057391053754929 0.0075450618391957021 -0.0010368388111168371 0.0052925459362398392 0.015489146083593371 0.0072020095499497052 0.016155158104522834 0.00086439650035474421 -0.0086487830394790296 0.00092157388882735869 0.0021751549223595541
leaf_weight=1991 129 228 99 505 241 1517 338 50 183 63 1253 63 421 579
leaf_count=1991 129 228 99 505 241 1517 338 50 183 63 1253 63 421 579
internal_value=0 0.000969347 0.000706374 0.000254788 0.00160708 -0.000921903 0.00489078 0.00442785 6.27373e-05 0.00699914 -0.000127243 0.000408978 0.00282442 0.00375338
internal_weight=0 5669 5441 4911 2285 2626 530 870 2121 401 1415 1316 604 820
internal_count=7660 5669 5441 4911 2285 2626 530 870 2121 401 1415 1316 604 820
is_linear=0
shrinkage=0.05


Tree=36
num_leaves=15
num_cat=0
split_feature=18 19 13 21 41 40 1 36 35 5 5 39 23 5
split_gain=7.48522 3.82917 3.2748 2.25663 2.46092 2.90527 3.76164 2.60023 2.38641 2.20319 2.06367 2.664 1.95441 2.06676
threshold=0.16019799854342356 11.500000000000002 7.5000000000000009 24.277777777777782 5.04704086212445 0.23314508338080875 15.500000000000002 16.130859699914843 10.848070749002369 7405568.0000000009 1376256.0000000002 0.022906876430887551 0.58072916666666685 327680.00000000006
decision_type=2 2 2 2 10 10 2 8 10 2 2 10 2 2
left_child=1 2 -1 4 7 6 9 -2 -7 10 11 -6 -10 -14
right_child=3 -3 -4 -5 5 8 -8 -9 12 -11 -12 -13 13 -15
leaf_value=-0.0018394136459485471 0.0017972505963255022 0.012035146250196223 0.0037577139057626274 0.0081470920430386767 -0.0060813637002937355 -0.006426898403208977 0.015435927007041994 0.0065436612346246349 0.0022138412490598542 0.007563915996268245 -0.0091276368156808334 0.0094617333558077617 0.0061319648084463552 -0.0034803202629541223
leaf_weight=4127 1199 53 279 136 51 177 61 380 468 101 61 60 64 443
leaf_count=4127 1199 53 279 136 51 177 61 380 468 101 61 60 64 443
internal_value=0 -0.00132429 -0.00148499 0.00184473 0.00156509 0.000104641 0.00421053 0.00293952 -0.00108578 0.00170229 -0.00173972 0.00232031 -0.000116162 -0.00226694
internal_weight=0 4459 4406 3201 3065 1486 334 1579 1152 273 172 111 975 507
internal_count=7660 4459 4406 3201 3065 1486 334 1579 1152 273 172 111 975 507
is_linear=0
shrinkage=0.05


Tree=37
num_leaves=15
num_cat=0
split_feature=18 18 24 20 3 3 33 33 4 20 12 20 21 24
split_gain=6.92282 3.25729 2.85945 2.51702 4.15977 2.97182 2.35137 2.67717 2.20556 2.03077 2.59458 2.15058 1.84973 2.26178
threshold=0.020708468876275959 0.49733285238297492 5.0306122448979602 203.11828792095187 3211264.0000000005 6356992.0000000009 208.00000000000003 271.50000000000006 458752.00000000006 5673.6999729871759 3.5000000000000004 1031.6707423925402 3.1937500000000005 0.080816326530612256
decision_type=2 2 2 8 2 2 8 10 2 8 2 10 2 2
left_child=-1 2 3 -2 6 -6 -5 8 -8 10 12 -12 13 -3
right_child=1 9 -4 4 5 -7 7 -9 -10 -11 11 -13 -14 -15
leaf_value=-0.0025363822359439582 -0.0021066058717942606 0.0025068426670269732 0.0069738473105979597 -0.00071589012210275613 0.011145837678754777 -0.0026040293560758727 -0.0042043376398288599 -0.00059955814985397204 0.0061062918959667424 0.0066946287288640943 0.0064628800362106264 -0.0021573759118715921 0.0051450701119999092 -0.0049297221570741394
leaf_weight=1991 1066 173 152 2040 152 53 59 416 429 300 369 90 120 250
leaf_count=1991 1066 173 152 2040 152 53 59 416 429 300 369 90 120 250
internal_value=0 0.000890799 0.000236375 -6.58999e-06 0.000704308 0.00759099 0.000224766 0.00234749 0.00485972 0.00308578 0.00200529 0.00477263 -0.000333956 -0.00188829
internal_weight=0 5669 4367 4215 3149 205 2944 904 488 1302 1002 459 543 423
internal_count=7660 5669 4367 4215 3149 205 2944 904 488 1302 1002 459 543 423
is_linear=0
shrinkage=0.05


Tree=38
num_leaves=15
num_cat=0
split_feature=18 21 28 5 39 25 18 3 31 6 3 5 7 2
split_gain=6.29586 2.73551 2.6936 2.62459 3.3949 2.42802 2.37197 2.02525 1.82676 1.75395 6.80507 2.22802 1.76986 2.14951
threshold=0.030281468152718843 24.277777777777782 0.79846768820786151 7405568.0000000009 0.064787751965570545 190.15428477525714 0.84749212408080776 3604480.0000000005 0.30308935949528448 1.0000000180025095e-35 1.0000000180025095e-35 1245184.0000000002 1.0000000180025095e-35 4.5000000000000009
decision_type=2 2 2 2 10 8 2 2 10 2 2 2 2 2
left_child=-1 2 5 6 -5 -2 9 -7 -6 10 -4 -12 -11 -14
right_child=1 -3 3 4 8 7 -8 -9 -10 12 11 -13 13 -15
leaf_value=-0.0020941181108224531 -0.0016509293704219754 0.0076128712429708208 -0.0013262996307772841 0.0072724872051070939 2.2998179855017827e-05 0.004753223512061807 0.006523075526725485 0.014884206008608059 0.0045047530720054903 -0.0013494363533833832 0.0095371787625417835 0.00042917987527815922 -0.014119230293565328 -0.0024575798927129796
leaf_weight=2444 126 151 1164 261 1015 301 117 59 293 1236 229 95 63 106
leaf_count=2444 126 151 1164 261 1015 301 117 59 293 1236 229 95 63 106
internal_value=0 0.000981216 0.000783511 0.000407864 0.00206587 0.00432278 -0.000456394 0.00641358 0.00102694 -0.000738661 0.000457643 0.00686662 -0.00200564 -0.00680482
internal_weight=0 5216 5065 4579 1569 486 3010 360 1308 2893 1488 324 1405 169
internal_count=7660 5216 5065 4579 1569 486 3010 360 1308 2893 1488 324 1405 169
is_linear=0
shrinkage=0.05


Tree=39
num_leaves=15
num_cat=0
split_feature=0 18 24 9 1 5 39 38 41 28 2 18 2 25
split_gain=5.89487 4.00754 2.4844 2.34777 2.39624 2.27905 2.05894 1.60139 1.75002 1.59328 2.22616 3.12821 1.90008 6.07644
threshold=1.5000000000000002 0.49733285238297492 5.0306122448979602 2.5000000000000004 5.5000000000000009 327680.00000000006 0.24098601954266027 12.428501948010432 3.8309330750176849 0.79846768820786151 19.000000000000004 0.021819941733668313 13.500000000000002 12231.64051795006
decision_type=2 2 2 2 2 2 8 8 8 2 2 2 2 8
left_child=5 2 3 4 9 -1 -6 -3 -9 -2 11 -11 -13 -14
right_child=1 7 -4 -5 6 -7 -8 8 -10 10 -12 12 13 -15
leaf_value=0.0064870157550178378 0.0045848011518612444 0.0092276431620121006 0.0064831280639689225 0.0089290689728740193 -0.0030769755848970193 -0.0024992229696269332 0.0012649797200364001 -0.0039591016425263321 0.0035907198888840927 0.011766929359873758 -0.0034936624900659637 0.00010651176624237017 -0.0018038056739563242 0.017242621630430222
leaf_weight=73 237 113 152 72 997 2108 376 84 890 64 336 1981 109 68
leaf_count=73 237 113 152 72 997 2108 376 84 890 64 336 1981 109 68
internal_value=0 0.000875125 0.000202393 -2.27654e-05 -0.000177404 -0.00219845 -0.00188792 0.00359328 0.00293961 0.00066286 0.00029949 0.000873072 0.000549992 0.00551347
internal_weight=0 5479 4392 4240 4168 2181 1373 1087 974 2795 2558 2222 2158 177
internal_count=7660 5479 4392 4240 4168 2181 1373 1087 974 2795 2558 2222 2158 177
is_linear=0
shrinkage=0.05


Tree=40
num_leaves=15
num_cat=0
split_feature=0 18 1 35 2 5 24 33 19 20 3 38 41 41
split_gain=5.32012 3.61681 2.24399 2.97835 2.51593 2.05684 1.72023 1.59646 1.47993 1.66184 2.74527 1.44526 1.5794 1.478
threshold=1.5000000000000002 0.49733285238297492 1.5000000000000002 12.724291025286357 34.500000000000007 327680.00000000006 1.2478070175438598 52.500000000000007 11.500000000000002 14.251332998275759 3997696.0000000005 12.428501948010432 3.8309330750176849 6.2667942333399358
decision_type=2 2 2 8 2 2 2 10 2 8 2 8 8 10
left_child=5 2 4 -4 8 -1 7 -5 9 -2 -11 -3 -13 -14
right_child=1 11 3 6 -6 -7 -8 -9 -10 10 -12 12 13 -15
leaf_value=0.0061626649244803273 -0.0036042460299038391 0.0087662610266588444 -0.0018467106180810962 0.0090406248153283679 -0.0072389435209333905 -0.0023742618286546648 0.0093341448419802901 0.00025935758741692548 0.0098953303559259943 0.0015572632757096512 0.010990894660008728 -0.0037611466699412894 0.004284040375390992 -0.0013452517597571665
leaf_weight=73 143 113 1810 58 80 2108 74 481 55 1610 81 84 752 138
leaf_count=73 143 113 1810 58 80 2108 74 481 55 1610 81 84 752 138
internal_value=0 0.000831369 0.000192273 -0.000826542 0.001446 -0.00208852 0.0021857 0.00120428 0.00181381 0.00157146 0.00200914 0.00341362 0.00279263 0.00341118
internal_weight=0 5479 4392 2423 1969 2181 613 539 1889 1834 1691 1087 974 890
internal_count=7660 5479 4392 2423 1969 2181 613 539 1889 1834 1691 1087 974 890
is_linear=0
shrinkage=0.05


Tree=41
num_leaves=15
num_cat=0
split_feature=18 19 13 38 38 39 5 37 2 25 18 37 2 12
split_gain=4.83064 3.0424 2.54935 1.84911 1.56828 2.73341 4.62482 2.17669 2.12612 3.23002 3.23886 2.67008 2.03997 2.38714
threshold=0.16019799854342356 11.500000000000002 13.500000000000002 12.234003998600391 16.026848569849474 0.07093057517580377 7405568.0000000009 10.720815413124029 2.5000000000000004 5820.8354836463941 0.49070407122275089 11.170634956177205 3.5000000000000004 25.500000000000004
decision_type=2 2 2 10 10 10 2 10 2 10 2 8 2 2
left_child=1 2 -1 -2 5 6 -5 -7 9 10 11 -9 -10 -14
right_child=3 -3 -4 4 -6 7 -8 8 12 -11 -12 -13 13 -15
leaf_value=-0.0015149973187851946 0.0049852717775597244 0.010844275657579585 0.00349093522752783 -0.00014590238075793928 0.0031095621947130805 -0.004042491948148653 0.011353681106250603 0.0066771471340741437 -0.0079027542500819982 0.0090697026288468537 0.004786197924800218 -0.0055515848904509439 -0.0016504375900233716 0.006427787654443619
leaf_weight=4135 337 53 271 225 709 335 143 56 103 146 250 220 568 109
leaf_count=4135 337 53 271 225 709 335 143 56 103 146 250 220 568 109
internal_value=0 -0.00106385 -0.0012071 0.00148195 0.00106972 0.000398612 0.00432269 -0.00040948 0.000428715 0.00249003 0.000663728 -0.00307039 -0.00134718 -0.000349808
internal_weight=0 4459 4406 3201 2864 2155 368 1787 1452 672 526 276 780 677
internal_count=7660 4459 4406 3201 2864 2155 368 1787 1452 672 526 276 780 677
is_linear=0
shrinkage=0.05


Tree=42
num_leaves=15
num_cat=0
split_feature=18 33 21 19 7 42 28 18 23 28 22 39 3 1
split_gain=4.48756 2.36558 2.78475 2.69549 1.90393 1.74404 1.68159 1.64268 1.6167 2.20131 2.62347 2.18056 1.56972 1.49818
threshold=0.020708468876275959 208.00000000000003 5.0306122448979602 4.5000000000000009 1.0000000180025095e-35 4.7305956101061941 0.79846768820786151 0.85374545946366054 0.11718750000000001 0.7408394403730848 155.99650847911838 0.085921084995392749 1.0000000180025095e-35 1.5000000000000002
decision_type=2 8 2 2 2 8 2 2 2 2 8 10 2 2
left_child=-1 2 3 6 -5 -3 -2 13 -7 10 -10 -11 -12 -8
right_child=1 5 -4 4 -6 8 7 -9 9 11 12 -13 -14 -15
leaf_value=-0.002042105237680036 0.0075289689203103388 0.010152915242447783 0.0039261917925809131 -0.001981246629199076 -0.0090208711676350219 0.0037444730234188098 0.0011768106258636332 0.0077460025103033396 -0.0059239189450939504 0.0077165322289580399 0.0032907298129109829 -0.0020803042027318086 0.011286764426881242 -0.0011587828497235178
leaf_weight=1991 75 67 411 360 131 710 1138 66 57 63 193 577 90 1731
leaf_count=1991 75 67 411 360 131 710 1138 66 57 63 193 577 90 1731
internal_value=0 0.000717204 3.27066e-05 -0.000424369 -0.00385944 0.00224125 0.000135969 -5.29494e-05 0.0019276 0.000611288 0.00386252 -0.00111593 0.00583364 -0.000232361
internal_weight=0 5669 3912 3501 491 1757 3010 2935 1690 980 340 640 283 2869
internal_count=7660 5669 3912 3501 491 1757 3010 2935 1690 980 340 640 283 2869
is_linear=0
shrinkage=0.05


Tree=43
num_leaves=15
num_cat=0
split_feature=18 1 2 20 5 35 21 25 29 19 21 25 29 33
split_gain=4.0821 2.97567 2.25787 2.06625 1.79045 2.47932 2.22729 1.84661 1.55331 2.90185 2.8924 2.31692 2.51014 2.26636
threshold=0.33511090731961962 1.5000000000000002 34.500000000000007 5116.3373264074335 1114112.0000000002 10.103690113855533 5.9500000000000011 219.14823150634768 11.947797458599721 1.5000000000000002 5.9500000000000011 12987.367896437647 10.85461183206324 194.00000000000003
decision_type=2 2 2 8 2 10 2 10 8 2 2 10 10 10
left_child=1 2 8 4 5 -2 7 -7 10 -10 11 13 -13 -1
right_child=3 -3 -4 -5 -6 6 -8 -9 9 -11 -12 12 -14 -15
leaf_value=-0.00065816282915572325 -0.011752224421384287 -0.0014257516879469278 -0.0072439286244820947 0.0046223293656944666 0.0024620517798171226 0.00042341905419174524 0.0092158461122640555 -0.0073002639973517693 0.002338764059961267 -0.0040536176561945239 0.012122747629880906 0.003039557079750079 0.016410594978011572 0.0059586262341701631
leaf_weight=600 51 3967 79 543 804 331 56 101 421 307 75 108 52 165
leaf_count=600 51 3967 79 543 804 331 56 101 421 307 75 108 52 165
internal_value=0 -0.000659675 0.00102213 0.0020196 0.000967266 -0.00126243 -0.000166163 -0.00138235 0.00140004 -0.000356924 0.0026791 0.0019134 0.00738514 0.000768988
internal_weight=0 5774 1807 1886 1343 539 488 432 1728 728 1000 925 160 765
internal_count=7660 5774 1807 1886 1343 539 488 432 1728 728 1000 925 160 765
is_linear=0
shrinkage=0.05


Tree=44
num_leaves=15
num_cat=0
split_feature=18 1 33 21 32 42 28 28 15 24 19 33 18 4
split_gain=3.8159 2.14748 2.10275 2.20978 1.5671 1.49492 1.46068 1.40459 1.35369 1.27455 1.6556 2.0617 1.3841 1.36837
threshold=0.020708468876275959 37.500000000000007 208.00000000000003 21.772727272727277 5.6348956956958034 4.7305956101061941 0.79846768820786151 0.99017321785476364 60.500000000000007 5.0306122448979602 4.5000000000000009 168.50000000000003 0.85374545946366054 8323072.0000000009
decision_type=2 2 8 2 10 8 2 2 2 2 2 10 2 2
left_child=-1 2 3 6 -5 -4 -2 -8 -7 10 12 13 -9 -12
right_child=1 -3 5 4 -6 8 7 9 -10 -11 11 -13 -14 -15
leaf_value=-0.0018830930682470803 0.0067174805642722492 -0.0066759254583822827 0.0095583653383290584 0.011225580314795177 0.00066165382211858578 0.0016361926151897102 -0.0075256545533641033 3.5925309298644692e-05 0.0085991207663327057 0.0045497919862151999 -0.002166849297077987 0.0043771955783912823 0.0074178521675415917 -0.0077580444319261567
leaf_weight=1991 77 98 67 75 66 1594 65 2750 73 141 351 88 65 159
leaf_count=1991 77 98 67 75 66 1594 65 2750 73 141 351 88 65 159
internal_value=0 0.000661358 0.000790429 0.00013741 0.00628076 0.00223543 -9.6955e-05 -0.000241943 0.00194111 -0.000108729 -0.000301185 -0.00269047 0.000206378 -0.00390999
internal_weight=0 5669 5571 3837 141 1734 3696 3619 1667 3554 3413 598 2815 510
internal_count=7660 5669 5571 3837 141 1734 3696 3619 1667 3554 3413 598 2815 510
is_linear=0
shrinkage=0.05


Tree=45
num_leaves=15
num_cat=0
split_feature=0 18 5 15 22 42 3 20 5 20 25 20 39 25
split_gain=3.51444 2.46561 1.73549 1.72408 1.77227 1.62861 1.62649 5.53068 2.16135 1.66472 1.77104 2.03418 1.58116 2.03964
threshold=1.5000000000000002 0.49733285238297492 327680.00000000006 61.500000000000007 4803.1210924386987 6.9202353868293178 1.0000000180025095e-35 74.711659550666823 1376256.0000000002 46186.479190588005 33974.267466545112 37471.389074563987 0.21804811234469126 106.08539206308647
decision_type=2 2 2 2 10 10 2 8 2 10 10 10 10 8
left_child=2 3 -1 6 -5 -6 9 12 -9 10 -2 -12 13 -8
right_child=1 -3 -4 4 5 -7 7 8 -10 -11 11 -13 -14 -15
leaf_value=0.0058817680146902394 -0.00060433706127359019 0.0028077629401255144 -0.0019599571414701078 0.009688714656816878 -0.0045363676058102964 0.005539443875464161 0.00090282393322713606 0.011016121933016904 0.00292081216780039 -0.0075653963284679207 0.01315256970770219 -0.00090130659966514669 0.0019236982013616296 -0.0080048743460402385
leaf_weight=73 3180 1087 2108 92 73 89 113 161 169 83 51 52 180 149
leaf_count=73 3180 1087 2108 92 73 89 113 161 169 83 51 52 180 149
internal_value=0 0.000675711 -0.00169749 0.000148038 0.00414653 0.000999109 -9.73986e-05 0.0019725 0.00687034 -0.000572135 -0.000395333 0.00605741 -0.00168426 -0.004163
internal_weight=0 5479 2181 4392 254 162 4138 772 330 3366 3283 103 442 262
internal_count=7660 5479 2181 4392 254 162 4138 772 330 3366 3283 103 442 262
is_linear=0
shrinkage=0.05


Tree=46
num_leaves=15
num_cat=0
split_feature=2 24 25 24 2 41 35 18 18 36 12 18 24 19
split_gain=3.17488 2.20946 1.74123 3.40968 3.10111 2.40744 2.12229 2.06196 1.8635 1.63028 1.80908 3.02303 1.78647 1.70756
threshold=2.5000000000000004 5.510582010582012 5466.3684010505685 2.0470653377630126 1.5000000000000002 6.2667942333399358 14.083194542592297 0.7761117383621462 0.2094636714928956 16.415230906481053 38.500000000000007 0.28354120805716071 1.0635080645161292 4.5000000000000009
decision_type=2 2 10 2 2 10 8 2 2 8 2 2 2 2
left_child=2 9 5 4 -4 7 -7 -1 -5 13 11 12 -11 -2
right_child=1 -3 3 8 -6 6 -8 -9 -10 10 -12 -13 -14 -15
leaf_value=0.00094260272533339899 -0.00068284478330853582 0.0058690475356398212 0.003060881302494193 -0.0064166715318286745 0.01480097414127418 -0.013257371346062086 0.00089240680044552073 0.007781337309748896 0.0039228798891856988 -0.00052359851084278302 -0.0066691187826486741 0.0082187028465329839 0.0076034756159627601 -0.0035708996469558177
leaf_weight=992 4469 132 113 74 112 53 53 124 106 555 65 157 77 578
leaf_count=992 4469 132 113 74 112 53 53 124 106 555 65 157 77 578
internal_value=0 -0.000528623 0.00196016 0.00480143 0.00890484 0.0010185 -0.00618248 0.00170246 -0.000327825 -0.000671733 0.00134861 0.00200913 0.000466567 -0.00101359
internal_weight=0 6033 1627 405 225 1222 106 1116 180 5901 854 789 632 5047
internal_count=7660 6033 1627 405 225 1222 106 1116 180 5901 854 789 632 5047
is_linear=0
shrinkage=0.05


Tree=47
num_leaves=15
num_cat=0
split_feature=18 1 33 21 42 13 34 25 32 33 28 28 2 3
split_gain=3.03866 1.85516 1.79762 1.86699 1.34629 1.30245 1.46093 1.87204 1.79395 1.45768 1.28856 1.2722 1.263 1.42569
threshold=0.020708468876275959 37.500000000000007 208.00000000000003 24.277777777777782 4.7305956101061941 13.500000000000002 226.50000000000003 190.15428477525714 9.8301832788047925 239.50000000000003 0.79846768820786151 0.99017321785476364 2.5000000000000004 1245184.0000000002
decision_type=2 2 8 2 8 2 10 8 10 8 2 2 2 2
left_child=-1 2 3 10 -4 6 7 9 12 -6 -2 -12 13 -8
right_child=1 -3 4 -5 5 -7 8 -9 -10 -11 11 -13 -14 -15
leaf_value=-0.0016804054982998582 0.0063046159295292647 -0.0062294645862753639 0.0089955600228772241 0.0061166210174560549 0.0047754826885208768 0.0060267200394545075 -0.0004809121623283296 0.0045222685883689294 0.0070648884959518907 -0.0055743227815745694 -0.0071638555681476229 -0.00010540669431361431 -0.0019874273002128172 0.0084477001396210307
leaf_weight=1991 77 98 67 125 53 162 127 508 80 95 65 3570 573 69
leaf_count=1991 77 98 67 125 53 162 127 508 80 95 65 3570 573 69
internal_value=0 0.000590172 0.000710137 0.000106354 0.00204619 0.00176688 0.00130835 0.00308057 -6.10004e-05 -0.00186797 -9.60391e-05 -0.000231624 -0.000802315 0.00266232
internal_weight=0 5669 5571 3837 1734 1667 1505 656 849 148 3712 3635 769 196
internal_count=7660 5669 5571 3837 1734 1667 1505 656 849 148 3712 3635 769 196
is_linear=0
shrinkage=0.05


Tree=48
num_leaves=15
num_cat=0
split_feature=18 1 2 20 29 19 21 25 29 33 5 31 22 22
split_gain=2.78981 2.19265 1.98587 1.77421 1.45368 2.73766 2.35488 2.06112 2.22938 1.94233 1.58428 1.56911 2.67671 1.48121
threshold=0.33511090731961962 1.5000000000000002 34.500000000000007 5116.3373264074335 11.947797458599721 1.5000000000000002 5.9500000000000011 12987.367896437647 10.85461183206324 161.50000000000003 7929856.0000000009 0.17151874769106096 53671.480733617667 6586.4296934604654
decision_type=2 2 2 8 8 2 2 10 10 10 2 10 8 8
left_child=1 2 4 -2 6 11 7 9 -9 -1 -7 -6 -13 -11
right_child=3 -3 -4 -5 5 10 -8 8 -10 13 -12 12 -14 -15
leaf_value=-0.00087579955080790181 0.0006944607880321205 -0.0012029542404488087 -0.0068538675108287921 0.0040813807604326759 -0.0012432529127852803 -0.0091295949439061629 0.011011180420716605 0.0028646961820346338 0.015465810608405335 0.0094841981046302343 -0.0015039256287784112 0.012610683874472194 0.0011912789914898482 0.0011651616927886765
leaf_weight=546 1343 3967 79 543 187 102 75 108 52 93 205 76 158 126
leaf_count=546 1343 3967 79 543 187 102 75 108 52 93 205 76 158 126
internal_value=0 -0.00054535 0.000898323 0.00166959 0.00125273 -0.000446947 0.0024901 0.0017992 0.00696006 0.000719809 -0.00403754 0.00217137 0.00490015 0.0046979
internal_weight=0 5774 1807 1886 1728 728 1000 925 160 765 307 421 234 219
internal_count=7660 5774 1807 1886 1728 728 1000 925 160 765 307 421 234 219
is_linear=0
shrinkage=0.05


Tree=49
num_leaves=15
num_cat=0
split_feature=0 18 1 35 30 22 2 24 21 15 34 25 18 22
split_gain=2.6044 2.0925 1.52806 2.49359 1.93019 1.88618 3.51322 3.1345 2.34494 2.64409 2.10602 2.05018 2.02377 1.75928
threshold=1.5000000000000002 0.7761117383621462 1.5000000000000002 12.724291025286357 12.140223959607621 41048.694271445282 14.500000000000002 1.2111111111111115 5.9500000000000011 61.500000000000007 117.00000000000001 5269.721233010293 0.14720019501294465 1011.9495600461961
decision_type=2 2 2 8 8 8 2 2 2 2 10 10 2 10
left_child=-1 2 4 -4 5 6 7 10 9 11 -2 13 -13 -9
right_child=1 -3 3 -5 -6 -7 -8 8 -10 -11 -12 12 -14 -15
leaf_value=-0.0014612752538322006 0.0053371206990310126 0.0048242064408849979 -0.0012532571284121765 0.0020856278027070962 -0.00063436034530697035 -0.00026440539336783836 -0.0019724000177600166 0.0025983540672961983 0.0083843832605913892 0.011437840989002815 0.014395101909195225 -0.0011883185803890229 0.011694636547731029 -0.0069995701947397947
leaf_weight=2181 133 276 2181 752 806 454 220 73 146 52 124 70 54 138
leaf_count=2181 133 276 2181 752 806 454 220 73 146 52 124 70 54 138
internal_value=0 0.000581683 0.000356633 -0.000397191 0.00133063 0.00241244 0.0036157 0.00517188 0.00298491 0.000947894 0.00970751 -0.000680396 0.004422 -0.00367896
internal_weight=0 5479 5203 2933 2270 1464 1010 790 533 387 257 335 124 211
internal_count=7660 5479 5203 2933 2270 1464 1010 790 533 387 257 335 124 211
is_linear=0
shrinkage=0.05


Tree=50
num_leaves=15
num_cat=0
split_feature=18 1 32 28 25 21 3 13 18 25 14 12 12 2
split_gain=2.38286 1.61409 1.59895 1.61295 1.91909 1.79227 1.78845 1.61117 1.5963 1.44286 2.40068 2.81639 2.4497 1.51088
threshold=0.020708468876275959 37.500000000000007 9.8301832788047925 0.79846768820786151 190.15428477525714 24.277777777777782 3604480.0000000005 60.500000000000007 0.84749212408080776 5466.3684010505685 58.500000000000007 62.500000000000007 64.500000000000014 33.500000000000007
decision_type=2 2 10 2 8 2 2 2 2 8 2 2 2 2
left_child=-1 2 3 4 -2 7 -6 8 9 10 11 -5 -13 -11
right_child=1 -3 -4 5 6 -7 -8 -9 -10 13 -12 12 -14 -15
leaf_value=-0.0014880670577799059 -0.0021821586337561409 -0.0058385095808521983 0.0060509753518534787 -0.0019831094373962562 0.0033873651667150877 0.0056567123096410918 0.012563330471877838 0.003267186828371552 0.0053806775411958958 0.00048963515261361292 -0.0098395954374046555 0.0087552740800479235 -0.0039712190357121561 -0.0067997969074608533
leaf_weight=1991 129 98 133 1233 338 147 63 360 124 2711 84 121 55 73
leaf_count=1991 129 98 133 1233 338 147 63 360 124 2711 84 121 55 73
internal_value=0 0.000522622 0.000634521 0.000502048 0.00312249 0.000219074 0.00482898 5.11821e-05 -0.000211886 -0.000374027 -0.00162808 -0.00113854 0.00477824 0.000298497
internal_weight=0 5669 5571 5438 530 4908 401 4761 4401 4277 1493 1409 176 2784
internal_count=7660 5669 5571 5438 530 4908 401 4761 4401 4277 1493 1409 176 2784
is_linear=0
shrinkage=0.05


Tree=51
num_leaves=15
num_cat=0
split_feature=18 19 1 2 20 20 3 22 21 25 25 25 2 2
split_gain=2.26456 1.81079 1.57934 1.56153 1.5534 1.54518 3.29737 1.56078 1.72613 1.69205 1.73842 1.70171 2.48052 5.27435
threshold=0.33511090731961962 11.500000000000002 1.5000000000000002 34.500000000000007 5116.3373264074335 203.11828792095187 3997696.0000000005 1813.3384969234469 1.1200480192076834 2263.4656075239186 4118.2627274990091 10110.529744870524 13.500000000000002 19.000000000000004
decision_type=2 2 2 2 8 8 2 8 2 8 8 8 2 2
left_child=1 2 3 5 -2 -1 7 8 -7 -9 -11 -12 -13 -14
right_child=4 -3 -4 -5 -6 6 -8 9 -10 10 11 12 13 -15
leaf_value=-0.0036652033137748157 0.00059179593222104818 0.0060465947671148644 -0.0011738940295789894 -0.0062447166235386573 0.0037609639688837475 0.011971976359685263 0.011811524694657898 -0.0086998942494392398 0.0016265926483486381 0.0067728978190048838 -0.0035064878567994348 -0.00046542668912495422 0.015223243172195824 -0.00027365141025144759
leaf_weight=164 1343 104 3898 79 543 63 73 50 112 107 253 637 88 146
leaf_count=164 1343 104 3898 79 543 63 73 50 112 107 253 637 88 146
internal_value=0 -0.000491338 -0.000611258 0.000626415 0.00150423 0.000947041 0.00144175 0.000921835 0.00535093 0.000316768 0.000683001 0.000103269 0.0011518 0.00555424
internal_weight=0 5774 5670 1772 1886 1693 1529 1456 175 1281 1231 1124 871 234
internal_count=7660 5774 5670 1772 1886 1693 1529 1456 175 1281 1231 1124 871 234
is_linear=0
shrinkage=0.05


Tree=52
num_leaves=15
num_cat=0
split_feature=2 15 37 25 24 37 16 32 24 38 39 4 36 38
split_gain=2.04961 1.81847 1.60698 1.88194 2.20737 2.00263 1.83871 1.8019 1.74434 1.55541 2.44572 1.48223 1.34702 1.56091
threshold=2.5000000000000004 123.00000000000001 10.720815413124029 5820.8354836463941 2.1143790849673207 10.866470354221622 3.5000000000000004 7.3457403215199752 2.035098522167488 12.234003998600391 0.085921084995392749 10027008.000000002 16.130859699914843 13.378289979886793
decision_type=2 2 8 10 2 8 2 10 2 10 10 2 8 10
left_child=2 11 9 5 -5 -4 7 8 12 -1 -11 -2 13 -7
right_child=1 -3 3 4 -6 6 -8 -9 -10 10 -12 -13 -14 -15
leaf_value=0.0036955750312494193 -0.00040398161214455594 0.0085434391695473882 0.0080891806379105296 0.010262093966712758 0.00057443233244881332 0.0048326887633828898 -0.0080461207062139037 -0.0065456190104804819 0.0074593644998059046 0.0017727031329831549 -0.0075926461107028824 -0.0064257257886660788 0.003505135249424648 -0.0029786155404481316
leaf_weight=115 5873 56 103 147 98 84 56 67 123 131 149 104 286 268
leaf_count=115 5873 56 103 147 98 84 56 67 123 131 149 104 286 268
internal_value=0 -0.000424735 0.00157494 0.0024647 0.00638703 0.00149108 0.000722294 0.00131533 0.00200742 -0.00120023 -0.003211 -0.00050876 0.000956341 -0.00111455
internal_weight=0 6033 1627 1232 245 987 884 828 761 395 280 5977 638 352
internal_count=7660 6033 1627 1232 245 987 884 828 761 395 280 5977 638 352
is_linear=0
shrinkage=0.05


Tree=53
num_leaves=15
num_cat=0
split_feature=18 19 13 19 20 20 5 25 21 4 41 42 41 12
split_gain=1.93938 1.60918 1.47212 1.7583 1.68866 1.35622 1.37719 2.3473 1.54491 1.51565 1.29619 1.71927 1.26144 1.29398
threshold=0.33511090731961962 11.500000000000002 60.500000000000007 2.5000000000000004 4041.3491915464406 5116.3373264074335 1114112.0000000002 3796.1785390377049 1.3266666666666669 458752.00000000006 5.2089855124447952 7.9314118023601745 6.2105570346223873 22.500000000000004
decision_type=2 2 2 2 10 8 2 10 2 2 10 10 10 2
left_child=1 2 -1 4 -4 6 7 8 9 -2 -7 -12 -8 -14
right_child=5 -3 3 -5 -6 10 12 -9 -10 -11 11 -13 13 -15
leaf_value=-0.00076116425146096353 0.0057500172606281316 0.0057085460839936368 0.0097430564199401225 -0.0012231655033497976 -0.0012176670353202261 0.0056185680881425211 0.002643093927346794 -0.0098193780105147108 0.0057252561448367092 -0.0029184975302881336 -0.0035209024196552769 0.0050711004168669319 0.0018790472485125066 -0.008953578828596603
leaf_weight=5361 60 104 113 145 51 310 693 72 91 316 119 114 60 51
leaf_count=5361 60 104 113 145 51 310 693 72 91 316 119 114 60 51
internal_value=0 -0.000454695 -0.000567742 0.00278804 0.00633454 0.00139205 0.000539489 -0.00141603 -0.000120441 -0.00153522 0.00350069 0.00068291 0.00185047 -0.00309811
internal_weight=0 5774 5670 309 164 1886 1343 539 467 376 543 233 804 111
internal_count=7660 5774 5670 309 164 1886 1343 539 467 376 543 233 804 111
is_linear=0
shrinkage=0.05


Tree=54
num_leaves=15
num_cat=0
split_feature=18 32 41 2 11 35 1 33 13 35 18 18 29 5
split_gain=1.83515 1.46902 1.54864 1.83858 3.21793 1.76136 2.35487 1.54704 1.50583 1.43684 1.4924 1.38303 1.54007 1.36737
threshold=0.020708468876275959 9.8301832788047925 4.1706864705438456 6.5000000000000009 1.0000000180025095e-35 9.9547700666197887 4.5000000000000009 247.50000000000003 60.500000000000007 10.323042403954547 0.30758195368089863 0.34239425387938627 16.898310186687031 2031616.0000000002
decision_type=2 10 10 2 2 8 2 10 2 10 2 2 10 2
left_child=-1 2 3 4 5 6 -2 9 11 10 -5 12 -4 -13
right_child=1 -3 8 7 -6 -7 -8 -9 -10 -11 -12 13 -14 -15
leaf_value=-0.0013058986868865589 0.0010064902301463816 0.0056119087917937179 -0.00088501006497036273 0.0025380810234873069 -0.011044326776807958 0.0021697742026686043 -0.011897221634333785 0.012304098348496325 0.0033116808885501493 -0.00029364120564423501 0.012813332603603116 -0.00041591262086299469 -0.0083022839777792505 0.0030374688754894745
leaf_weight=1991 99 135 2498 84 55 933 55 59 288 136 61 716 72 478
leaf_count=1991 99 135 2498 84 55 933 55 59 288 136 61 716 72 478
internal_value=0 0.000458642 0.00033293 0.00171598 0.000755041 0.00135207 -0.00360198 0.00494358 -0.000172912 0.00339814 0.00686077 -0.000439533 -0.00109281 0.000966597
internal_weight=0 5669 5534 1482 1142 1087 154 340 4052 281 145 3764 2570 1194
internal_count=7660 5669 5534 1482 1142 1087 154 340 4052 281 145 3764 2570 1194
is_linear=0
shrinkage=0.05


Tree=55
num_leaves=15
num_cat=0
split_feature=0 3 20 12 35 5 7 21 20 5 32 37 5 19
split_gain=1.65821 1.75599 5.896 1.94736 2.28642 1.86105 1.82429 1.94338 1.51073 1.47522 1.77432 1.47649 1.30771 1.29779
threshold=1.5000000000000002 1.0000000180025095e-35 94.838171958923354 2.5000000000000004 11.364495188161818 1376256.0000000002 1.5000000000000002 3.5500000000000003 46186.479190588005 3866624.0000000005 3.9423587142904641 10.685654517275065 327680.00000000006 2.5000000000000004
decision_type=2 2 8 2 8 2 2 2 10 2 8 8 2 2
left_child=12 8 3 6 -5 -4 7 9 -2 10 -3 -12 -1 -13
right_child=1 2 5 4 -6 -7 -8 -9 -10 -11 11 13 -14 -15
leaf_value=0.0054131868665348998 0.00011204373292050961 0.0032076845823654112 0.0086476587972814031 -0.0039572413007800391 0.0091342368032983554 0.0025427619022045413 -0.010213593051570361 0.0071613867841069656 -0.0065457428024075504 0.0023729971212934158 -0.013206767854895794 -0.00058739952713487639 -0.0013938358304133405 -0.0083270552984781969
leaf_weight=73 4131 70 310 52 93 209 61 63 87 129 53 126 2108 95
leaf_count=73 4131 70 310 52 93 209 61 63 87 129 53 126 2108 95
internal_value=0 0.000464144 0.00210125 -0.000758142 0.00443936 0.00618923 -0.00202052 -0.0010881 -2.5279e-05 -0.00218686 -0.00389681 -0.00571183 -0.001166 -0.0039144
internal_weight=0 5479 1261 742 145 519 597 536 4218 473 344 274 2181 221
internal_count=7660 5479 1261 742 145 519 597 536 4218 473 344 274 2181 221
is_linear=0
shrinkage=0.05


Tree=56
num_leaves=15
num_cat=0
split_feature=1 18 21 35 18 22 38 2 41 33 13 19 25 22
split_gain=1.54814 1.8405 1.77563 1.72587 1.53872 1.86323 1.49246 1.4743 1.15848 1.28143 2.17591 1.76763 1.32616 1.73432
threshold=1.5000000000000002 0.84749212408080776 24.277777777777782 12.724291025286357 0.020708468876275959 102.69098246097566 14.273954147027732 34.500000000000007 6.6114672590105057 160.50000000000003 48.500000000000007 1.5000000000000002 5518.2933380603799 3697.4001774787907
decision_type=2 2 2 8 2 8 10 2 8 10 2 2 10 10
left_child=2 3 7 -2 -5 -6 -3 8 9 12 11 -11 13 -1
right_child=1 6 -4 4 5 -7 -8 -9 -10 10 -12 -13 -14 -15
leaf_value=0.00016272675041437598 -0.001178060834025379 0.011050926405386846 0.0087856395946194731 -0.0015096842283448132 -0.0017993955434472322 0.003449030851679791 0.00063956320533363887 -0.0059004088651530354 -0.0024686282324903417 0.0038320895770720662 0.0090715573608875274 -0.0016693931497764169 0.0027963606736333565 -0.00674781016643765
leaf_weight=766 3792 61 72 438 227 663 79 79 212 406 125 228 409 103
leaf_count=766 3792 61 72 438 227 663 79 79 212 406 125 228 409 103
internal_value=0 -0.000480147 0.00105232 -0.000634805 0.000916418 0.00211039 0.00517594 0.000813147 0.00104897 0.00141506 0.00304236 0.00185364 0.00044862 -0.000656359
internal_weight=0 5260 2400 5120 1328 890 140 2328 2249 2037 759 634 1278 869
internal_count=7660 5260 2400 5120 1328 890 140 2328 2249 2037 759 634 1278 869
is_linear=0
shrinkage=0.05


Tree=57
num_leaves=15
num_cat=0
split_feature=2 15 25 24 5 36 41 35 31 18 4 22 20 18
split_gain=1.44697 1.54276 1.40498 2.79943 2.46002 2.63189 1.94153 1.77039 1.75869 1.59514 1.31853 1.19013 2.02946 1.18153
threshold=2.5000000000000004 123.00000000000001 5466.3684010505685 2.0631648936170217 8060928.0000000009 13.286292421268605 6.2667942333399358 14.175425370983708 0.57746258969742648 0.2094636714928956 10027008.000000002 44931.00155796024 33575.05230605603 0.7761117383621462
decision_type=2 2 10 2 2 10 10 10 10 2 2 10 10 2
left_child=2 10 6 4 5 -4 8 -8 13 -5 11 12 -2 -1
right_child=1 -3 3 9 -6 -7 7 -9 -10 -11 -12 -13 -14 -15
leaf_value=-4.7498118132352829e-05 -0.00036471883252168005 0.0079035057819315368 -0.0047019799595529391 -0.0065871097897696827 0.015578108814670078 0.008756260371497163 -0.012451067159198366 0.00047245628710063 0.0081399736880529219 0.0030943825160368132 -0.0060149367562889198 -0.0061063929228112107 0.0072443650512213119 0.0054563837655640527
leaf_weight=925 5696 56 55 72 67 107 53 53 82 104 104 88 89 109
leaf_count=925 5696 56 55 72 67 107 53 53 82 104 104 88 89 109
internal_value=0 -0.000356872 0.0013233 0.00387553 0.00751984 0.0041871 0.000477432 -0.00598931 0.00109166 -0.000866228 -0.000434266 -0.000335442 -0.000247656 0.000532698
internal_weight=0 6033 1627 405 229 162 1222 106 1116 176 5977 5873 5785 1034
internal_count=7660 6033 1627 405 229 162 1222 106 1116 176 5977 5873 5785 1034
is_linear=0
shrinkage=0.05


Tree=58
num_leaves=15
num_cat=0
split_feature=24 18 19 21 40 39 5 29 4 41 33 1 29 41
split_gain=1.43459 1.26667 2.01519 2.02009 2.56975 1.72697 1.69084 1.5875 1.60319 1.58234 2.00886 1.81595 1.72705 1.65601
threshold=5.0306122448979602 0.13979005219228716 4.5000000000000009 1.0458041958041961 0.77758866300008622 0.085921084995392749 6094848.0000000009 10.85461183206324 7667712.0000000009 5.04704086212445 73.000000000000014 5.5000000000000009 9.8282984165329896 5.9442717837046501
decision_type=2 2 2 2 8 10 2 10 2 10 10 2 10 10
left_child=1 -1 5 -4 6 7 -5 -3 -9 10 -7 12 -11 -13
right_child=-2 2 3 4 -6 9 -8 8 -10 11 -12 13 -14 -15
leaf_value=-0.00068528370294997185 0.0039066519620910029 0.0018967315232409666 -0.0053812837255118066 0.00094675026548979963 0.0082134658223893264 -0.0067654978913196835 -0.00551829617234725 0.0027130278804390912 0.012136055674207839 0.0069679232667399088 0.0023583700408439327 -0.0080046858172863732 -0.00070130723136252677 -5.1798676811474359e-05
leaf_weight=4246 228 352 242 281 83 64 158 86 95 89 1052 147 419 118
leaf_count=4246 228 352 242 281 83 64 158 86 95 89 1052 147 419 118
internal_value=0 -0.000119849 0.000633709 -0.00160524 0.000145333 0.00133997 -0.00138008 0.00385346 0.00765882 0.000630762 0.00183514 -0.00110803 0.000642318 -0.0044634
internal_weight=0 7432 3186 764 522 2422 439 533 181 1889 1116 773 508 265
internal_count=7660 7432 3186 764 522 2422 439 533 181 1889 1116 773 508 265
is_linear=0
shrinkage=0.05


Tree=59
num_leaves=15
num_cat=0
split_feature=24 28 31 21 19 15 18 39 4 29 41 22 38 20
split_gain=1.29472 1.23545 1.32939 1.22261 1.30863 1.68009 1.67923 1.80856 1.57716 1.61634 1.53563 1.50932 1.30644 1.33334
threshold=5.0306122448979602 0.79846768820786151 0.028298737713671401 34.020000000000003 4.5000000000000009 66.500000000000014 0.13979005219228716 0.085921084995392749 7667712.0000000009 10.544938541871172 7.3770581882344768 2210.0611255168919 12.234003998600391 5755.9723545312891
decision_type=2 2 8 2 2 2 2 10 2 10 10 10 10 10
left_child=1 2 -1 4 6 10 -3 8 11 -10 -6 -8 -9 -14
right_child=-2 3 -4 -5 5 -7 7 12 9 -11 -12 -13 13 -15
leaf_value=0.006029800546592942 0.0037113194631641375 -0.00073686243334380476 0.00072174182827403608 0.0068496845852015383 -0.003339257760181904 0.0057481304993705143 0.0034194643663637263 0.0047217597851429037 0.0028322728548561579 0.011536762879995428 0.0044399943000272566 -0.0053940667686137285 -0.0007992018695222214 0.0036624512157446363
leaf_weight=153 228 3716 515 59 787 63 184 148 113 101 69 66 1265 193
leaf_count=153 228 3716 515 59 787 63 184 148 113 101 69 66 1265 193
internal_value=0 -0.000113856 0.00193751 -0.000316445 -0.000379503 -0.00213221 -0.000101117 0.00104015 0.00378973 0.00694047 -0.00271219 0.00109269 0.000245755 -0.000208599
internal_weight=0 7432 668 6764 6705 919 5786 2070 464 214 856 250 1606 1458
internal_count=7660 7432 668 6764 6705 919 5786 2070 464 214 856 250 1606 1458
is_linear=0
shrinkage=0.05


Tree=60
num_leaves=15
num_cat=0
split_feature=18 1 30 22 2 24 34 15 19 20 22 4 2 2
split_gain=1.25096 1.37887 1.53277 1.42239 2.72031 2.39485 2.08025 2.07162 2.28328 1.73007 2.64744 1.71259 1.44073 1.65901
threshold=0.76886908021345368 1.5000000000000002 12.140223959607621 41048.694271445282 14.500000000000002 1.2111111111111115 117.00000000000001 56.500000000000007 8.5000000000000018 2639.7031513452534 711.53321778774273 8060928.0000000009 13.500000000000002 29.500000000000004
decision_type=2 2 8 8 2 2 10 2 2 10 10 2 2 2
left_child=1 2 3 4 5 6 -1 8 9 10 -7 -11 -5 -14
right_child=-2 -3 -4 12 -6 7 -8 -9 -10 11 -12 -13 13 -15
leaf_value=0.0039710691362671875 0.0026973623659831292 -0.0006214489579984806 -0.00088306922625544623 -0.0022114101244369521 -0.0020489141582088039 0.005045941233634949 0.01283473921639304 0.0082871261192897783 0.0093362859915941954 0.0087208445752313471 -0.0086822038074418663 -0.0012887948621874271 0.0085165887232869861 -0.0026462020189092872
leaf_weight=142 407 4951 815 336 220 50 124 113 64 68 118 115 80 57
leaf_count=142 407 4951 815 336 220 50 124 113 64 68 118 115 80 57
internal_value=0 -0.000151362 0.000859673 0.00181484 0.00287101 0.00423422 0.00810301 0.00228517 0.000650904 -0.000932755 -0.00459645 0.00243063 -0.000449345 0.00387222
internal_weight=0 7253 2302 1487 1014 794 266 528 415 351 168 183 473 137
internal_count=7660 7253 2302 1487 1014 794 266 528 415 351 168 183 473 137
is_linear=0
shrinkage=0.05


Tree=61
num_leaves=15
num_cat=0
split_feature=18 1 32 12 3 5 12 25 41 18 3 13 21 20
split_gain=1.16003 1.26195 1.25023 1.26261 2.50007 2.37765 2.04418 2.65494 2.14247 1.95361 1.83501 1.802 2.81968 1.68935
threshold=0.020708468876275959 37.500000000000007 9.8301832788047925 1.0000000180025095e-35 1.0000000180025095e-35 196608.00000000003 2.5000000000000004 1007.3314420059324 4.099414831676305 0.19518138709622135 1376256.0000000002 1.5000000000000002 3.1937500000000005 3733.6423430442815
decision_type=2 2 10 2 2 2 2 10 8 2 2 2 2 8
left_child=-1 2 3 4 13 -6 11 8 -8 -9 -10 12 -5 -2
right_child=1 -3 -4 6 5 -7 7 9 10 -11 -12 -13 -14 -15
leaf_value=-0.0010382624359095143 0.0033262669363776174 -0.0052599501956137832 0.0052531169307299128 -0.0024659289194701763 0.010442307666660502 0.0023141599927433364 0.0076303683574030397 0.0049808559769933883 -0.00083803093852617694 -0.0057198925630042429 0.0068723584903348789 -0.011454140643278758 0.009747249379754068 -0.00026973947142857729
leaf_weight=1991 376 98 133 862 104 667 169 55 327 190 101 51 50 2486
leaf_count=1991 376 98 133 862 104 667 169 55 327 190 101 51 50 2486
internal_value=0 0.000364646 0.000463589 0.000346449 0.000883471 0.00341056 -0.000734436 0.00106505 0.00286366 -0.00331768 0.000981477 -0.00230782 -0.00179635 0.000202692
internal_weight=0 5669 5571 5438 3633 771 1805 842 597 245 428 963 912 2862
internal_count=7660 5669 5571 5438 3633 771 1805 842 597 245 428 963 912 2862
is_linear=0
shrinkage=0.05


Tree=62
num_leaves=15
num_cat=0
split_feature=18 1 30 30 22 41 18 39 5 18 21 24 15 22
split_gain=1.07778 1.19625 1.37339 1.30934 2.00272 1.54267 1.67551 1.30249 1.52598 2.65738 1.31793 1.58148 1.27795 1.53947
threshold=0.76886908021345368 1.5000000000000002 12.140223959607621 10.355132709360166 16217.488896012308 4.1706864705438456 0.020708468876275959 0.085921084995392749 7405568.0000000009 0.042983856536953802 2.0078125000000004 2.7370689655172415 61.500000000000007 12815.813349008562
decision_type=2 2 8 8 10 10 2 10 2 2 2 2 2 10
left_child=1 2 12 4 -3 6 -5 8 -7 -10 -9 -12 13 -1
right_child=-2 3 -4 5 -6 7 -8 10 9 -11 11 -13 -14 -15
leaf_value=0.00046075145261281942 0.0025036946616854342 -0.0012572371096619265 -0.00084843301117145948 -0.0018592573408710046 -0.0081547843061585343 0.00012211547099843088 0.0038467601143513416 -0.0013371417228814941 2.2240794233737457e-05 0.015349036197249706 0.0086637909089525549 -0.00076957268281540746 0.0062882239673880576 0.0049140884869910305
leaf_weight=1114 407 1532 815 180 113 272 451 2105 62 52 75 109 138 235
leaf_count=1114 407 1532 815 180 113 272 451 2105 62 52 75 109 138 235
internal_value=0 -0.000140494 0.000801212 -0.000578347 -0.00173105 -4.78394e-06 0.00221905 -0.00052936 0.00215737 0.00701341 -0.00098243 0.00307555 0.00170535 0.00123654
internal_weight=0 7253 2302 4951 1645 3306 631 2675 386 114 2289 184 1487 1349
internal_count=7660 7253 2302 4951 1645 3306 631 2675 386 114 2289 184 1487 1349
is_linear=0
shrinkage=0.05


Tree=63
num_leaves=15
num_cat=0
split_feature=24 41 28 31 18 8 19 21 18 25 13 15 32 35
split_gain=1.00245 1.13876 1.07843 1.17106 1.13407 1.02659 1.20908 1.44729 1.37107 1.27411 1.21839 1.2091 1.2078 1.12368
threshold=5.0306122448979602 5.8335869680130736 0.79846768820786151 0.028298737713671401 0.29882659353147595 3.5000000000000004 4.5000000000000009 34.020000000000003 0.76886908021345368 190.15428477525714 52.500000000000007 64.500000000000014 5.3242451931554617 10.125580339103633
decision_type=2 10 2 8 2 2 2 2 2 10 2 2 10 10
left_child=2 -2 3 -1 -5 6 8 11 10 -10 -4 13 -12 -8
right_child=1 -3 5 4 -6 -7 7 -9 9 -11 12 -13 -14 -15
leaf_value=0.0056572688713036725 0.0061985376063320372 -0.00099172278918245788 -0.00039891370912529655 -0.0012095814468502737 0.0035959928213517263 0.0062771228789272951 -0.0087398960158325632 0.005835083208300851 0.0067440333075058133 -0.0025514500252172062 -2.0999701823606046e-05 0.0050181165039539337 0.0061975728798579505 -0.0023929014885144912
leaf_weight=153 135 93 5285 313 202 59 77 55 133 51 172 50 143 739
leaf_count=153 135 93 5285 313 202 59 77 55 133 51 172 50 143 739
internal_value=0 0.00326567 -0.000100185 0.0018164 0.000675323 -0.000289463 -0.000347245 -0.00202985 -7.93198e-05 0.00416757 -0.00021886 -0.00252935 0.00280203 -0.00299182
internal_weight=0 228 7432 668 515 6764 6705 921 5784 184 5600 866 315 816
internal_count=7660 228 7432 668 515 6764 6705 921 5784 184 5600 866 315 816
is_linear=0
shrinkage=0.05


Tree=64
num_leaves=15
num_cat=0
split_feature=1 18 5 2 32 12 3 6 12 31 3 33 15 18
split_gain=0.96065 1.03106 1.24404 1.14873 1.09454 1.13531 2.22916 2.20991 1.71476 2.55067 2.23103 2.346 1.64662 1.64594
threshold=37.500000000000007 0.020708468876275959 1900544.0000000002 26.500000000000004 9.8301832788047925 1.0000000180025095e-35 1.0000000180025095e-35 1.0000000180025095e-35 2.5000000000000004 0.37556947846461652 1376256.0000000002 75.500000000000014 3.5000000000000004 0.21486706724647739
decision_type=2 2 2 2 10 2 2 2 2 10 2 8 2 2
left_child=1 2 -1 -4 5 6 -3 12 -7 10 11 -10 -8 -13
right_child=-2 4 3 -5 -6 8 7 -9 9 -11 -12 13 -14 -15
leaf_value=0.0040661694063662979 -0.0047727369130020989 0.00017112228316630356 -0.0015082155275498131 0.0042516087233037741 0.0048957303117372489 -0.0021612590991529467 0.0062525169238322369 -0.00031496625164912045 0.0039910734770124533 0.0073102978763706751 0.0049589193455359471 0.0025042033144112292 -0.0030820338165317225 -0.0052266642135201085
leaf_weight=118 104 2862 1776 91 133 963 435 283 134 132 159 87 53 330
leaf_count=118 104 2862 1776 91 133 963 435 283 134 132 159 87 53 330
internal_value=0 6.56915e-05 -0.000912789 -0.00122747 0.000414333 0.000304729 0.000813959 0.00320021 -0.000720219 0.000927907 -0.000258678 -0.0017643 0.00523872 -0.00361375
internal_weight=0 7556 1985 1867 5571 5438 3633 771 1805 842 710 551 488 417
internal_count=7660 7556 1985 1867 5571 5438 3633 771 1805 842 710 551 488 417
is_linear=0
shrinkage=0.05


Tree=65
num_leaves=15
num_cat=0
split_feature=24 18 22 28 2 25 29 22 8 19 21 18 1 15
split_gain=0.86706 1.05544 1.25062 0.946793 1.14929 1.6861 1.10311 1.02061 0.922616 1.09821 1.2849 1.22207 1.24074 1.08606
threshold=5.0306122448979602 0.12443420554907463 4081.6501655578618 0.79846768820786151 15.500000000000002 190.15428477525714 13.746925945220893 1418.2440819740298 3.5000000000000004 4.5000000000000009 34.020000000000003 0.76886908021345368 3.5000000000000004 64.500000000000014
decision_type=2 2 10 2 2 8 8 8 2 2 2 2 2 2
left_child=3 -2 -3 4 5 6 -1 -7 9 11 13 -5 -13 -11
right_child=1 2 -4 8 -6 7 -8 -9 -10 10 -12 12 -14 -15
leaf_value=0.00089342003294195127 0.0090705348957668668 0.0038294678690229977 -0.0055486956387758258 -0.00020169618231316886 0.0072856971189195728 0.0089350654433170956 -0.0089457250651090395 0.0014457191867674225 0.0059546580001459291 -0.0028378663722298161 0.0054816813428293573 -0.0010663529345136438 0.0073071424402091495 0.0047536150366067889
leaf_weight=52 55 123 50 5600 81 51 63 421 59 816 55 74 110 50
leaf_count=52 55 123 50 5600 81 51 63 421 59 816 55 74 110 50
internal_value=0 0.00303715 0.00111902 -9.3174e-05 0.00170263 0.00093222 -0.00449672 0.00225495 -0.000270524 -0.000325302 -0.00192891 -6.99556e-05 0.00393954 -0.00239956
internal_weight=0 228 173 7432 668 587 115 472 6764 6705 921 5784 184 866
internal_count=7660 228 173 7432 668 587 115 472 6764 6705 921 5784 184 866
is_linear=0
shrinkage=0.05


Tree=66
num_leaves=15
num_cat=0
split_feature=1 18 5 2 32 12 3 5 5 5 2 18 12 25
split_gain=0.863808 0.921427 1.13022 1.02523 0.99435 1.01188 2.00225 1.98232 1.62563 2.14024 1.61188 1.93268 1.46799 2.32648
threshold=37.500000000000007 0.020708468876275959 1900544.0000000002 26.500000000000004 9.8301832788047925 1.0000000180025095e-35 1.0000000180025095e-35 196608.00000000003 1114112.0000000002 1376256.0000000002 28.000000000000004 0.024533873013069026 2.5000000000000004 1007.3314420059324
decision_type=2 2 2 2 10 2 2 2 2 2 2 2 2 10
left_child=1 2 -1 -4 5 6 10 -8 -9 -10 11 -3 -7 -14
right_child=-2 4 3 -5 -6 12 7 8 9 -11 -12 -13 13 -15
leaf_value=0.003883009565346953 -0.0045257814235530811 0.0066488025268003105 -0.0014278700636389881 0.0040135358675168114 0.0046632452006626843 -0.0020135423170187104 0.0094503113426841236 -0.00094603708669584348 0.0090995529425276483 0.0013799723327442542 -0.005982353031924628 0.00010846457342588926 0.0025283930935527214 -0.0032579680737488126
leaf_weight=118 104 118 1776 91 133 963 104 272 138 257 103 2641 597 245
leaf_count=118 104 118 1776 91 133 963 104 272 138 257 103 2641 597 245
internal_value=0 6.22924e-05 -0.000862705 -0.00116265 0.000391878 0.000287411 0.000768162 0.0030297 0.00202859 0.00407694 0.000158921 0.000388189 -0.000680218 0.000844713
internal_weight=0 7556 1985 1867 5571 5438 3633 771 667 395 2862 2759 1805 842
internal_count=7660 7556 1985 1867 5571 5438 3633 771 667 395 2862 2759 1805 842
is_linear=0
shrinkage=0.05


Tree=67
num_leaves=15
num_cat=0
split_feature=21 25 25 22 40 2 2 22 18 5 18 32 12 13
split_gain=0.793313 0.851981 2.77045 1.022 0.881855 0.855029 0.945288 1.32413 1.11895 1.14242 1.03087 0.826333 0.986455 1.44391
threshold=44.275862068965523 40902.437810540207 33974.267466545112 26600.466739972439 0.35845103677859946 34.500000000000007 25.500000000000004 2210.0611255168919 0.020708468876275959 1900544.0000000002 0.021819941733668313 9.8301832788047925 1.0000000180025095e-35 13.500000000000002
decision_type=2 10 10 10 10 2 2 10 2 2 2 10 2 2
left_child=1 2 3 5 -3 6 8 -8 9 -1 -10 12 13 -12
right_child=-2 4 -4 -5 -6 -7 7 -9 10 -11 11 -13 -14 -15
leaf_value=0.0036888591215109173 0.0060389170837071215 -0.0079299075987891883 0.0090605457756845736 -0.0051433986756114327 -0.00017001868989796211 -0.0049017786852676767 0.0081137310757878282 -0.0016594738020735272 0.0060585311346818722 -0.0013938503381852162 0.00026338642001136418 0.0044200982142271654 -0.00078957655392067761 0.0033272118032012018
leaf_weight=118 54 69 84 98 78 88 84 59 78 1752 2791 117 1744 446
leaf_count=118 54 69 84 98 78 88 84 59 78 1752 2791 117 1744 446
internal_value=0 -4.28742e-05 3.14149e-05 -7.14254e-05 -0.00381242 -3.12067e-06 5.68434e-05 0.00408143 -2.48364e-05 -0.00107312 0.000353892 0.00026661 0.000169048 0.000685526
internal_weight=0 7606 7459 7375 147 7277 7189 143 7046 1870 5176 5098 4981 3237
internal_count=7660 7606 7459 7375 147 7277 7189 143 7046 1870 5176 5098 4981 3237
is_linear=0
shrinkage=0.05


Tree=68
num_leaves=15
num_cat=0
split_feature=1 18 16 31 42 32 5 36 25 22 21 20 25 25
split_gain=0.783237 0.760138 1.0046 0.972188 1.29783 0.979711 0.961787 0.849006 1.30292 1.97407 1.09839 1.29329 1.01567 1.58501
threshold=37.500000000000007 0.030281468152718843 63.500000000000007 0.74379106019574315 5.1791639300176593 9.8301832788047925 2031616.0000000002 12.588419110870829 2769.212320897977 10734.372739471331 0.51086956521739146 0.15729248523712161 46590.091002941139 33974.267466545112
decision_type=2 2 2 10 10 10 2 10 10 10 2 10 10 10
left_child=1 2 6 5 -5 7 -1 8 10 -10 11 -3 13 -9
right_child=-2 3 -4 4 -6 -7 -8 12 9 -11 -12 -13 -14 -15
leaf_value=0.0027605714340696941 -0.0043095462958892593 0.0040267932745603674 0.0058887319606647157 0.0090823538492956803 0.0010450089746588691 0.0059242061500748002 -0.0011117766210805105 -8.6824809417032078e-05 -0.0079682927711733752 0.003744697349297034 0.0078721232242335414 -0.0039178199787940167 -0.0054751748065738123 0.0071531053293835039
leaf_weight=173 104 191 57 73 161 75 2193 4148 70 74 109 70 85 77
leaf_count=173 104 191 57 73 161 75 2193 4148 70 74 109 70 85 77
internal_value=0 5.93161e-05 -0.000670611 0.000403873 0.00355239 0.000253485 -0.000828634 0.000165321 0.00208611 -0.00194912 0.00365657 0.00189605 -6.37471e-05 4.51218e-05
internal_weight=0 7556 2423 5133 234 4899 2366 4824 514 144 370 261 4310 4225
internal_count=7660 7556 2423 5133 234 4899 2366 4824 514 144 370 261 4310 4225
is_linear=0
shrinkage=0.05


Tree=69
num_leaves=15
num_cat=0
split_feature=18 34 25 19 12 12 1 18 12 13 15 17 40 30
split_gain=0.742128 0.998289 0.898289 0.980925 0.850356 0.956562 1.5465 1.57417 1.40296 1.01166 1.36612 1.14541 1.06491 1.42974
threshold=0.76886908021345368 12.500000000000002 1190.4398025274279 4.5000000000000009 66.500000000000014 62.500000000000007 4.5000000000000009 0.47433556850956449 41.500000000000007 60.500000000000007 108.50000000000001 81.500000000000014 0.25097135431410111 12.148090175202418
decision_type=2 10 10 2 2 2 2 2 2 2 2 2 10 10
left_child=4 -2 3 -3 5 8 7 -7 9 10 11 -1 -11 -14
right_child=1 2 -4 -5 -6 6 -8 -9 -10 12 -12 -13 13 -15
leaf_value=-0.00024266401168732544 0.0067583695470010132 0.0046830040637093288 -0.0045788924135859053 -0.0016181160715807762 -0.0064875626076872535 0.0092771872181758707 -0.0032859475747363206 6.998843263562132e-05 -0.0061226141886139406 0.0077385223627864548 0.007758778446125535 -0.0078398837968707089 0.0033828291561334364 -0.0048341721195626908
leaf_weight=6401 89 150 63 105 52 107 73 82 98 77 53 50 186 74
leaf_count=6401 89 150 63 105 52 107 73 82 98 77 53 50 186 74
internal_value=0 0.00207758 0.000767542 0.00208843 -0.000116583 -7.05763e-05 0.00289513 0.00528253 -0.000182554 -9.74605e-05 -0.000235866 -0.000301548 0.00257372 0.00104414
internal_weight=0 407 318 255 7253 7201 262 189 6939 6841 6504 6451 337 260
internal_count=7660 407 318 255 7253 7201 262 189 6939 6841 6504 6451 337 260
is_linear=0
shrinkage=0.05


Tree=70
num_leaves=15
num_cat=0
split_feature=21 19 18 38 12 1 30 22 41 21 35 33 41 22
split_gain=0.708515 0.837088 0.934273 1.34165 0.901143 0.907587 1.27359 1.80164 1.63433 1.53431 1.44982 1.4457 1.54755 1.3778
threshold=44.275862068965523 72.500000000000014 0.84749212408080776 14.273954147027732 125.00000000000001 1.5000000000000002 10.355132709360166 21.52077150344849 4.5215303891507315 1.0506410256410259 10.103690113855533 53.500000000000007 7.3770581882344768 12305.815688278943
decision_type=2 2 2 10 2 2 8 10 10 2 10 10 10 8
left_child=1 2 4 -4 5 -1 7 -7 9 -8 -9 -10 -13 -14
right_child=-2 -3 3 -5 -6 6 8 10 11 -11 -12 12 13 -15
leaf_value=0.00079208618221859406 0.0057070480107709216 -0.0061310729743646727 0.0088507230566594649 -0.00019866687895141934 -0.0067686908394098289 -0.00040320772462306906 0.001164347175905183 -0.0083052769566303222 0.0061704126967248533 0.0072674557029948393 -0.0023851743978672976 -0.0012697928560279014 0.0072492827517528311 0.00027211218814313158
leaf_weight=2290 54 56 72 95 50 1144 809 139 78 118 404 2018 102 231
leaf_count=2290 54 56 72 95 50 1144 809 139 78 118 404 2018 102 231
internal_value=0 -4.05181e-05 4.65689e-06 0.00370287 -7.89949e-05 -3.33812e-05 -0.000408222 -0.00152894 0.000155141 0.00194123 -0.00390063 -0.000526499 -0.000748684 0.00240926
internal_weight=0 7606 7550 167 7383 7333 5043 1687 3356 927 543 2429 2351 333
internal_count=7660 7606 7550 167 7383 7333 5043 1687 3356 927 543 2429 2351 333
is_linear=0
shrinkage=0.05


Tree=71
num_leaves=15
num_cat=0
split_feature=19 19 18 18 19 25 29 20 25 13 12 3 3 4
split_gain=0.695234 0.925588 0.796648 1.45514 1.52264 1.28756 1.65894 1.67485 1.44996 1.74107 1.04584 1.95902 1.29582 1.30228
threshold=86.500000000000014 53.500000000000007 0.33511090731961962 0.31589968616809172 11.500000000000002 4984.1652278900156 12.013279456705524 0.25390446186065679 1982.6066535711291 9.5000000000000018 9.5000000000000018 720896.00000000012 6750208.0000000009 7012352.0000000009
decision_type=2 2 2 2 2 8 8 8 10 2 2 2 2 2
left_child=1 2 3 4 -1 8 7 -7 10 -10 12 -12 13 -4
right_child=-2 -3 5 -5 -6 6 -8 -9 9 -11 11 -13 -14 -15
leaf_value=-0.00028216924581691947 0.0057067640090607248 -0.00617406971630503 -0.0013458408625682066 -0.0071042114687333638 0.0066649664798751479 -0.0079076555012813163 0.0050209188602011482 0.001521089805891307 -0.0091992062362995768 0.0012476408565548105 0.00038493967639940079 0.0083236731164673776 -0.0066141056290103337 0.0074228015656654656
leaf_weight=5597 53 61 228 77 80 53 346 423 91 71 337 101 90 52
leaf_count=5597 53 61 228 77 80 53 346 423 91 71 337 101 90 52
internal_value=0 -3.97605e-05 9.82769e-06 -0.000276873 -0.000184271 0.000930406 0.00238632 0.000471251 -0.000303366 -0.00462065 0.000562228 0.00221556 -0.00139496 0.000282621
internal_weight=0 7607 7546 5754 5677 1792 822 476 970 162 808 438 370 280
internal_count=7660 7607 7546 5754 5677 1792 822 476 970 162 808 438 370 280
is_linear=0
shrinkage=0.05


Tree=72
num_leaves=15
num_cat=0
split_feature=1 20 3 5 25 7 39 12 18 22 22 18 4 15
split_gain=0.683077 0.696998 3.44761 1.8715 1.59446 1.52331 1.09276 0.9976 1.60916 1.05151 1.31758 0.987464 1.16428 0.906525
threshold=37.500000000000007 115.9919149875641 1.0000000180025095e-35 196608.00000000003 705.06071545459611 1.5000000000000002 0.29370594644829034 1.0000000180025095e-35 0.21486706724647739 44931.00155796024 33865.035000443466 0.4770067943338247 7667712.0000000009 68.500000000000014
decision_type=2 8 2 2 8 2 8 2 2 10 10 2 2 2
left_child=1 5 4 -4 6 -1 -3 9 -9 10 13 -10 -13 -6
right_child=-2 2 3 -5 7 -7 -8 8 11 -11 -12 12 -14 -15
leaf_value=-0.00035882600220755784 -0.004024573570327798 0.0060884935718121726 0.010244623272792325 0.0025930240620099785 -0.00030351629366207495 -0.0061602559324134797 -0.0021824792018687389 0.0043007547322374126 -0.010682300839107484 -0.0053990322928083069 0.0058650757003899509 -0.0076078510839689643 0.0020583351032208591 0.0052134963879851923
leaf_weight=2302 104 162 91 656 3670 119 53 52 64 94 92 66 59 76
leaf_count=2302 104 162 91 656 3670 119 53 52 64 94 92 66 59 76
internal_value=0 5.53938e-05 0.00038513 0.00352515 -0.000149417 -0.000643985 0.0040496 -0.000365757 -0.0034884 -0.000174364 -4.64023e-05 -0.00563145 -0.00304541 -0.000191585
internal_weight=0 7556 5135 747 4388 2421 215 4173 241 3932 3838 189 125 3746
internal_count=7660 7556 5135 747 4388 2421 215 4173 241 3932 3838 189 125 3746
is_linear=0
shrinkage=0.05


Tree=73
num_leaves=15
num_cat=0
split_feature=24 41 24 30 31 29 8 9 5 7 13 1 42 2
split_gain=0.636489 1.00205 1.00103 1.45869 2.09357 1.77984 1.33105 0.995917 0.962659 0.891314 1.13909 1.1487 1.22955 1.06834
threshold=5.0306122448979602 5.8335869680130736 3.0490430622009574 14.106864775061206 0.14513529207023398 9.8282984165329896 3.5000000000000004 2.5000000000000004 6356992.0000000009 2.5000000000000004 52.500000000000007 1.0000000180025095e-35 5.6456289837827169 3.5000000000000004
decision_type=2 10 2 10 10 10 2 2 2 2 2 2 10 2
left_child=2 -2 6 4 5 -4 7 9 -6 10 11 12 -1 -12
right_child=1 -3 3 -5 8 -7 -8 -9 -10 -11 13 -13 -14 -15
leaf_value=0.0010733584347298911 0.0053533799449602768 -0.0013915074448431694 0.00042076841822232712 -0.0095789294810064377 0.0080164357509103518 -0.0093994055985060256 0.0081856881305575387 0.0053460284266187708 -0.00026176285780506371 -0.0058069225258207818 0.006212085683783182 -3.0462423199065768e-05 -0.0068710340362951516 0.00022845711582195687
leaf_weight=79 135 93 88 62 62 97 50 86 81 67 139 6333 127 161
leaf_count=79 135 93 88 62 62 97 50 86 81 67 139 6333 127 161
internal_value=0 0.00260218 -7.98299e-05 -0.00254562 -0.00121615 -0.00472819 5.67305e-05 -1.39994e-06 0.00332739 -6.79911e-05 -1.17682e-05 -0.000149984 -0.0038244 0.00300087
internal_weight=0 228 7432 390 328 185 7042 6992 143 6906 6839 6539 206 300
internal_count=7660 228 7432 390 328 185 7042 6992 143 6906 6839 6539 206 300
is_linear=0
shrinkage=0.05


Tree=74
num_leaves=15
num_cat=0
split_feature=28 31 18 33 21 1 22 38 12 2 25 25 22 39
split_gain=0.634715 1.06485 0.878014 0.924127 1.06468 0.863711 0.750129 0.735705 1.35905 0.839848 0.861027 1.79298 2.59035 0.87335
threshold=0.79846768820786151 0.028298737713671401 0.29882659353147595 239.50000000000003 0.13809523809523813 6.5000000000000009 195.25942099094394 12.234003998600391 2.5000000000000004 33.500000000000007 46590.091002941139 33974.267466545112 38053.819240093238 0.085921084995392749
decision_type=2 8 2 8 2 2 8 10 2 2 10 10 10 10
left_child=1 5 6 -4 -5 -1 -3 8 -2 10 11 13 -13 -9
right_child=7 2 3 4 -6 -7 -8 9 -10 -11 -12 12 -14 -15
leaf_value=0.0080298033601138748 0.00056825930414717803 -0.0068879309324547658 0.0079203282191883783 0.0039616352031854067 -0.0051751486063003546 0.00025970014629133963 -0.00020684387610991531 0.00087794315345563932 0.0073850319490713235 -0.0052655071862751533 -0.0048589073018067419 0.01422876837448432 -0.0017102767154574393 -0.00058100248063952694
leaf_weight=96 523 50 64 88 50 57 263 1305 85 84 99 52 50 4794
leaf_count=96 523 50 64 88 50 57 263 1305 85 84 99 52 50 4794
internal_value=0 0.00147251 0.00038441 0.00295429 0.000651206 0.00513506 -0.00127411 -0.00014068 0.00152126 -0.00029896 -0.00023274 -0.000158882 0.00641551 -0.000268833
internal_weight=0 668 515 202 138 153 313 6992 608 6384 6300 6201 102 6099
internal_count=7660 668 515 202 138 153 313 6992 608 6384 6300 6201 102 6099
is_linear=0
shrinkage=0.05


Tree=75
num_leaves=15
num_cat=0
split_feature=1 20 3 5 25 7 39 12 18 2 22 22 25 18
split_gain=0.606806 0.616876 3.0653 1.67125 1.4171 1.35523 0.960754 0.920281 1.48059 0.923937 0.896053 1.40556 0.937498 0.876959
threshold=37.500000000000007 115.9919149875641 1.0000000180025095e-35 196608.00000000003 705.06071545459611 1.5000000000000002 0.29370594644829034 1.0000000180025095e-35 0.21486706724647739 32.000000000000007 44931.00155796024 33865.035000443466 29731.117685794834 0.4770067943338247
decision_type=2 8 2 2 8 2 8 2 2 2 10 10 10 2
left_child=1 5 4 -4 6 -1 -3 9 -9 10 11 12 -6 -10
right_child=-2 2 3 -5 7 -7 -8 8 13 -11 -12 -13 -14 -15
leaf_value=-0.0003367770672998319 -0.0037932357362968523 0.0057287527851898369 0.0096730484514609815 0.0024423735987320139 2.9866126672393981e-05 -0.0058088036704057157 -0.0020265698999623366 0.0041267341575943507 -0.010160276643000545 -0.0050592340370442003 -0.0048898700033865317 0.006396909911445408 -0.0064895723347685166 -0.0029633738253265623
leaf_weight=2302 104 162 91 656 3603 119 53 52 64 94 93 86 56 125
leaf_count=2302 104 162 91 656 3603 119 53 52 64 94 93 86 56 125
internal_value=0 5.22097e-05 0.000362416 0.00332322 -0.000141623 -0.000605745 0.00381698 -0.000345576 -0.00334477 -0.00016175 -4.1801e-05 7.85917e-05 -6.99121e-05 -0.00540042
internal_weight=0 7556 5135 747 4388 2421 215 4173 241 3932 3838 3745 3659 189
internal_count=7660 7556 5135 747 4388 2421 215 4173 241 3932 3838 3745 3659 189
is_linear=0
shrinkage=0.05


Tree=76
num_leaves=15
num_cat=0
split_feature=19 19 18 38 12 12 1 18 12 28 25 2 22 15
split_gain=0.610622 0.821005 0.713445 1.16296 0.771528 0.83124 1.44006 1.3315 1.1775 0.967368 1.38836 1.06325 0.935672 0.921684
threshold=86.500000000000014 53.500000000000007 0.84749212408080776 14.273954147027732 125.00000000000001 62.500000000000007 4.5000000000000009 0.47433556850956449 49.500000000000007 0.67371752165223187 190.15428477525714 15.500000000000002 0.18993937969207766 108.50000000000001
decision_type=2 2 2 10 2 2 2 2 2 2 10 2 10 2
left_child=1 2 4 -4 5 8 7 -7 9 10 11 12 -1 -11
right_child=-2 -3 3 -5 -6 6 -8 -9 -10 13 -12 -13 -14 -15
leaf_value=0.0013919295453439084 0.005348236157717008 -0.0058146276312773353 0.0080910979961963305 -0.00038705910939941225 -0.0062531656771898274 0.0087813177831330396 -0.0029951719166357305 0.00043477428027953224 -0.0061956144869327549 -0.00028278093568961249 0.0099552552998065959 0.0079860987178250863 -0.0050728282505479554 0.0056122128754409395
leaf_weight=340 53 61 71 94 50 106 79 87 79 6405 50 51 67 67
leaf_count=340 53 61 71 94 50 106 79 87 79 6405 50 51 67 67
internal_value=0 -3.72626e-05 9.4402e-06 0.00326112 -6.32501e-05 -2.10326e-05 0.00269127 0.00501889 -0.000125544 -5.68429e-05 0.00204415 0.0011805 0.000327707 -0.000221754
internal_weight=0 7607 7546 165 7381 7331 272 193 7059 6980 508 458 407 6472
internal_count=7660 7607 7546 165 7381 7331 272 193 7059 6980 508 458 407 6472
is_linear=0
shrinkage=0.05


Tree=77
num_leaves=15
num_cat=0
split_feature=21 19 18 33 1 16 5 5 22 39 25 2 28 2
split_gain=0.575984 0.710674 0.716118 1.14299 0.697012 1.55896 1.13193 1.6132 2.28953 1.25118 1.31117 1.16671 2.04625 1.44381
threshold=44.275862068965523 72.500000000000014 0.84749212408080776 114.00000000000001 5.5000000000000009 2.5000000000000004 1114112.0000000002 1376256.0000000002 2972.0743419069618 0.32594580494629288 62517.916281345351 19.000000000000004 0.99800133244503675 13.500000000000002
decision_type=2 2 2 8 2 2 2 2 8 10 8 2 2 2
left_child=1 2 4 -4 6 -6 9 8 -8 10 -1 13 -13 -9
right_child=-2 -3 3 -5 5 -7 7 11 -10 -11 -12 12 -14 -15
leaf_value=-0.0031977660516389166 0.005145670038958391 -0.0056483888865581583 -0.0027408987921835101 0.0061023692937312336 -0.00047739844060959262 -0.007472169537824102 -0.00022895816097045509 0.00033527472140445905 0.0085660738440780544 -0.0059738114473517415 0.001714197328510028 0.0069866554662585262 -0.0039361651058608905 0.0041764919175190877
leaf_weight=249 54 56 54 113 2789 82 147 2920 149 130 299 50 301 267
leaf_count=249 54 56 54 113 2789 82 147 2920 149 130 299 50 301 267
internal_value=0 -3.65325e-05 5.09186e-06 0.00324287 -6.81451e-05 -0.000677179 0.000319385 0.000652415 0.00419827 -0.00156386 -0.000517698 0.000355758 -0.00238021 0.000657084
internal_weight=0 7606 7550 167 7383 2871 4512 3834 296 678 548 3538 351 3187
internal_count=7660 7606 7550 167 7383 2871 4512 3834 296 678 548 3538 351 3187
is_linear=0
shrinkage=0.05


Tree=78
num_leaves=15
num_cat=0
split_feature=4 1 18 33 29 5 21 34 20 31 18 41 22 5
split_gain=0.558466 0.552744 0.593438 0.865516 0.904982 1.12932 1.42691 0.876171 1.17961 1.00631 0.964746 1.16477 0.860773 0.805811
threshold=10027008.000000002 37.500000000000007 0.020708468876275959 208.00000000000003 16.898310186687031 1376256.0000000002 1.3956521739130436 220.50000000000003 3129.3199324607854 0.26063825774365551 0.57078998829400984 4.2433557397143504 1208.1144654750826 1900544.0000000002
decision_type=2 2 2 8 10 2 2 8 8 10 2 10 8 2
left_child=1 2 13 -4 5 6 -5 8 10 -10 11 -7 -6 -1
right_child=-2 -3 3 4 12 7 -8 -9 9 -11 -12 -13 -14 -15
leaf_value=0.0033626390696045458 -0.00335584715551212 -0.0035656032755818721 -5.0590027591705547e-05 -0.0014908600218754705 0.0016556012230451969 -0.0060214895883510854 0.0060444833962498487 0.0014739808329228066 0.012825137481770733 0.00492561911140254 0.0074532671645283696 0.0033870565500795863 -0.0064696364849805834 -0.00089979176471138812
leaf_weight=118 122 104 3773 416 61 58 74 694 55 151 50 76 70 1838
leaf_count=118 122 104 3773 416 61 58 74 694 55 151 50 76 70 1838
internal_value=0 5.43133e-05 0.000104955 0.000371899 0.00130683 0.00163915 -0.000352869 0.0025396 0.00443586 0.00703471 0.00152627 -0.000685299 -0.00268613 -0.000642651
internal_weight=0 7538 7434 5478 1705 1574 490 1084 390 206 184 134 131 1956
internal_count=7660 7538 7434 5478 1705 1574 490 1084 390 206 184 134 131 1956
is_linear=0
shrinkage=0.05


Tree=79
num_leaves=15
num_cat=0
split_feature=38 12 25 21 13 5 18 20 20 22 22 2 2 2
split_gain=0.551151 1.20525 0.834026 1.34874 1.02538 0.935558 0.956512 0.724733 2.79734 0.747571 1.53521 1.27596 1.742 1.66056
threshold=12.234003998600391 2.5000000000000004 12987.367896437647 1.0317540322580647 13.500000000000002 7274496.0000000009 0.1056075398146904 37471.389074563987 33575.05230605603 16847.587717005186 15128.094875833569 13.500000000000002 2.5000000000000004 19.000000000000004
decision_type=8 2 8 2 2 2 2 10 10 10 10 2 2 2
left_child=1 2 4 5 -1 6 -4 8 9 10 -2 12 -11 -13
right_child=7 -3 3 -5 -6 -7 -8 -9 -10 11 -12 13 -14 -15
leaf_value=-0.0048418724501001036 -0.00010295218151568787 0.0069664394351489399 -0.00020264343366468865 0.0092898689069837899 0.0036213458607009816 -0.0032513229637498075 0.0069061160541457854 -0.0037391402599442863 0.011282121438395095 0.0017725788301935321 0.0072897671157835233 0.0084134900344992585 -0.0074117764483512556 -0.0039339954066755518
leaf_weight=120 6445 85 118 53 51 102 79 136 54 76 71 53 161 56
leaf_count=120 6445 85 118 53 51 102 79 136 54 76 71 53 161 56
internal_value=0 0.00144443 0.000546966 0.00193863 -0.00231775 0.000635573 0.00264808 -0.000124534 -5.3454e-05 -0.000142658 -2.23992e-05 -0.00240742 -0.00446658 0.00206983
internal_weight=0 608 523 352 171 299 197 7052 6916 6862 6516 346 237 109
internal_count=7660 608 523 352 171 299 197 7052 6916 6862 6516 346 237 109
is_linear=0
shrinkage=0.05


Tree=80
num_leaves=15
num_cat=0
split_feature=19 19 21 18 38 12 12 35 32 34 12 28 28 18
split_gain=0.528999 0.731719 0.658144 0.537972 1.08997 0.699749 0.68808 1.41514 1.49228 1.2512 1.11567 0.836667 1.13122 0.933316
threshold=86.500000000000014 53.500000000000007 24.277777777777782 0.84749212408080776 14.273954147027732 111.00000000000001 62.500000000000007 12.047787917672172 5.3057961600811216 168.50000000000003 50.500000000000007 0.67371752165223187 0.25483011325782817 0.26202984206827762
decision_type=2 2 2 2 10 2 2 8 8 10 2 2 2 2
left_child=1 2 3 5 -5 6 10 9 -9 -8 11 12 13 -1
right_child=-2 -3 -4 4 -6 -7 7 8 -10 -11 -12 -13 -14 -15
leaf_value=-0.0038883814633571372 0.0049779657344773132 -0.0054888572910281484 0.0051397114571544436 0.0075186924283791867 -0.00076059169792722027 -0.0059909400194883347 0.0021330247131677773 -0.0074589115792307358 0.0043282172083854674 0.01135009251404227 -0.0065242373658453718 -0.00024334204842007482 0.0038637399224319018 0.0027319030106528522
leaf_weight=118 53 61 62 70 92 50 104 58 50 57 68 6424 296 97
leaf_count=118 53 61 62 70 92 50 104 58 50 57 68 6424 296 97
internal_value=0 -3.46828e-05 9.40738e-06 -3.30938e-05 0.00281688 -9.61497e-05 -5.5619e-05 0.00242596 -0.00200191 0.00539621 -0.000150942 -8.84494e-05 0.00185877 -0.000901555
internal_weight=0 7607 7546 7484 162 7322 7272 269 108 161 7003 6935 511 215
internal_count=7660 7607 7546 7484 162 7322 7272 269 108 161 7003 6935 511 215
is_linear=0
shrinkage=0.05


Tree=81
num_leaves=15
num_cat=0
split_feature=4 6 1 6 3 15 13 20 12 36 37 12 1 24
split_gain=0.50419 0.502697 0.496061 0.548984 3.71061 1.55853 1.21611 1.26829 1.295 1.28272 1.80473 1.5332 2.37325 1.2052
threshold=10027008.000000002 2.5000000000000004 37.500000000000007 1.0000000180025095e-35 1.0000000180025095e-35 3.5000000000000004 9.5000000000000018 1783.7881420850756 8.5000000000000018 12.707887235311423 10.540233698301158 64.500000000000014 7.5000000000000009 1.9270833333333337
decision_type=2 2 2 2 2 2 2 10 2 8 10 2 2 2
left_child=2 -2 3 4 -1 13 7 8 -5 -10 -11 12 -12 -6
right_child=1 -3 -4 6 5 -7 -8 -9 9 10 11 -13 -14 -15
leaf_value=-7.7897017272455496e-05 -0.0067310216641900227 -0.00028065525993544946 -0.0033776834841354195 -0.0005779719419385399 0.0038895508664636941 -0.003740648925304413 -0.0043621743620504911 -0.0076152240857481962 0.0097331534773111364 -0.0045173168608120514 0.0064638219397054643 -0.0049984904920512985 -0.0023493122587972715 0.0098064742685683021
leaf_weight=3918 55 67 104 2165 361 53 184 56 50 105 267 55 107 113
leaf_count=3918 55 67 104 2165 361 53 184 56 50 105 267 55 107 113
internal_value=0 -0.00318861 5.16065e-05 9.95815e-05 0.000451925 0.0043909 -0.000424395 -0.000166087 -1.43408e-05 0.00207515 0.00135811 0.00279615 0.00394242 0.00530013
internal_weight=0 122 7538 7434 4445 527 2989 2805 2749 584 534 429 374 474
internal_count=7660 122 7538 7434 4445 527 2989 2805 2749 584 534 429 374 474
is_linear=0
shrinkage=0.05


Tree=82
num_leaves=15
num_cat=0
split_feature=19 19 21 32 22 24 24 30 4 36 34 9 9 18
split_gain=0.481976 0.6716 0.5832 0.527295 0.762338 0.511214 1.7163 1.44871 1.26591 1.21066 1.17581 1.0635 1.13786 0.963822
threshold=86.500000000000014 53.500000000000007 24.277777777777782 9.8301832788047925 42437.58752992154 3.0490430622009574 5.0306122448979602 13.04484336304154 8060928.0000000009 13.286292421268605 131.00000000000003 2.5000000000000004 1.5000000000000002 0.12900229670732741
decision_type=2 2 2 10 8 2 2 10 2 10 10 2 2 2
left_child=1 2 3 5 -5 11 7 8 9 -7 -10 12 -1 -8
right_child=-2 -3 -4 4 -6 6 13 -9 10 -11 -12 -13 -14 -15
leaf_value=1.5865309378681404e-05 0.0047515709383659207 -0.0052584148699142894 0.0048385162176864767 0.0061667517792568152 -5.5206261482859453e-05 -0.0028398749241161916 0.0079620449610476231 -0.010257525232565755 -0.0088846175303821853 0.0074143301273854271 4.3870636727660897e-05 0.0060591509048309594 -0.0064850959064000667 -3.7852697647534885e-05
leaf_weight=6622 53 61 62 83 121 63 53 68 87 53 64 72 68 130
leaf_count=6622 53 61 62 83 121 63 53 68 87 53 64 72 68 130
internal_value=0 -3.31055e-05 9.13465e-06 -3.08736e-05 0.00247628 -0.000101129 -0.00161496 -0.00374214 -0.0020828 0.00184524 -0.00510036 1.48377e-05 -5.02132e-05 0.00227906
internal_weight=0 7607 7546 7484 204 7280 518 335 267 116 151 6762 6690 183
internal_count=7660 7607 7546 7484 204 7280 518 335 267 116 151 6762 6690 183
is_linear=0
shrinkage=0.05


Tree=83
num_leaves=15
num_cat=0
split_feature=38 12 29 25 25 25 18 20 20 22 22 2 32 2
split_gain=0.481269 1.02192 0.784314 1.66641 1.10399 0.850883 0.920297 0.654617 2.51479 0.681531 1.37314 1.16378 1.57633 1.55156
threshold=12.234003998600391 2.5000000000000004 9.0957840204454694 9811.1118336915988 1318.0384989976885 2702.7848709821706 0.099033287604236478 37471.389074563987 33575.05230605603 16847.587717005186 14397.257458448412 13.500000000000002 5.4056671074695357 2.5000000000000004
decision_type=8 2 10 10 10 10 2 10 10 10 10 2 10 2
left_child=1 2 4 5 -1 6 -4 8 9 10 -2 13 -13 -11
right_child=7 -3 3 -5 -6 -7 -8 -9 -10 11 -12 12 -14 -15
leaf_value=0.00059900131891481583 -0.00010872688756501197 0.006434494261355961 -0.00050018401046220519 0.010316120246604372 -0.0071049702562280565 -0.0053545912802219391 0.0066161979313777847 -0.0035516788724207268 0.010699030211954206 0.0016258696045138334 0.005825093937943681 0.0082753864690088309 -0.0037629865011886547 -0.007041914291355921
leaf_weight=152 6417 85 133 52 67 50 69 136 54 76 99 52 57 161
leaf_count=152 6417 85 133 52 67 50 69 136 54 76 99 52 57 161
internal_value=0 0.00134975 0.00052336 0.00216678 -0.00175792 0.000485173 0.00193066 -0.000116371 -4.88173e-05 -0.000133397 -1.85722e-05 -0.00229582 0.00198009 -0.00426237
internal_weight=0 608 523 304 219 252 202 7052 6916 6862 6516 346 109 237
internal_count=7660 608 523 304 219 252 202 7052 6916 6862 6516 346 109 237
is_linear=0
shrinkage=0.05


Tree=84
num_leaves=15
num_cat=0
split_feature=4 28 31 2 12 2 18 3 28 41 20 12 1 33
split_gain=0.457839 0.462668 0.887407 0.735659 0.688268 0.926158 0.78865 0.583792 0.566881 0.518254 1.1879 2.12752 1.20469 1.11632
threshold=10027008.000000002 0.79846768820786151 0.028298737713671401 4.5000000000000009 42.500000000000007 15.500000000000002 0.30758195368089863 1.0000000180025095e-35 0.99017321785476364 4.1442654369549929 982.49051797389995 4.5000000000000009 3.5000000000000004 148.50000000000003
decision_type=2 2 8 2 2 2 2 2 2 10 10 2 2 10
left_child=1 2 3 -1 5 6 -4 -8 -3 10 11 -10 -13 -12
right_child=-2 8 4 -5 -6 -7 7 -9 9 -11 13 12 -14 -15
leaf_value=0.00041747506036133068 -0.0030385068915956119 -0.0033683117559121459 -0.0015477651171700879 0.0075139793559683716 -0.0051985573096602579 0.0070103517106988216 0.0064805191621851574 3.8007385021931415e-05 0.00094820775663765006 -0.00021755215520919227 -0.0028930111658775201 0.012896013153450831 0.0028639440931249086 0.0033143325611793752
leaf_weight=61 122 128 259 91 51 55 67 74 732 5509 295 63 57 96
leaf_count=61 122 128 259 91 51 55 67 74 732 5509 295 63 57 96
internal_value=0 4.91772e-05 0.00131583 0.00466604 0.000309445 0.000926825 9.03404e-05 0.00309934 -7.1965e-05 -9.47504e-06 0.000912727 0.00195984 0.00813078 -0.00136896
internal_weight=0 7538 658 152 506 455 400 141 6880 6752 1243 852 120 391
internal_count=7660 7538 658 152 506 455 400 141 6880 6752 1243 852 120 391
is_linear=0
shrinkage=0.05


Tree=85
num_leaves=15
num_cat=0
split_feature=8 24 24 19 18 4 22 22 36 29 29 20 30 18
split_gain=0.454298 0.501162 0.997458 0.962759 0.985405 1.87918 1.57512 2.86595 1.76293 2.02674 1.48135 1.25888 1.22726 1.70927
threshold=3.5000000000000004 5.0306122448979602 8.0277777777777803 4.5000000000000009 0.29882659353147595 196608.00000000003 5663.669777393342 3697.4001774787907 13.170581189328646 12.567452872658352 10.207436630120972 35781.820446372039 13.008822963681043 0.6156203395801324
decision_type=2 2 2 2 2 2 8 10 8 8 10 8 10 2
left_child=1 3 -3 4 5 -1 7 12 -8 10 -10 -11 -6 -14
right_child=-2 2 -4 -5 6 -7 8 -9 9 11 -12 -13 13 -15
leaf_value=-0.0084181957810685257 0.0042284097049444446 0.0042899861412517958 -0.0032848531475006522 -0.0015941893370131695 0.0019431102923761691 -0.00010865993579325982 0.0068486521462674706 -0.010501799961695306 0.003003404160375739 0.0095597217079210154 -0.0037749815231429835 0.0022047835961399999 -0.0081488162944359441 0.0017420349335604973
leaf_weight=69 63 165 59 947 441 4882 198 65 132 89 207 168 84 91
leaf_count=69 63 165 59 947 441 4882 198 65 132 89 207 168 84 91
internal_value=0 -3.50651e-05 0.00229483 -0.00010585 0.000113487 -0.000224466 0.00124786 -0.000516418 0.00276106 0.0014031 -0.00113561 0.00475182 0.000537234 -0.00300557
internal_weight=0 7597 224 7373 6426 4951 1475 681 794 596 339 257 616 175
internal_count=7660 7597 224 7373 6426 4951 1475 681 794 596 339 257 616 175
is_linear=0
shrinkage=0.05


Tree=86
num_leaves=15
num_cat=0
split_feature=6 3 15 7 22 18 5 22 0 22 19 20 21 20
split_gain=0.437295 3.05797 1.47524 1.2217 1.38419 1.12739 1.22764 1.21332 1.16986 1.04724 1.64132 1.66115 1.01932 1.00882
threshold=1.0000000180025095e-35 1.0000000180025095e-35 7.0000000000000009 1.0000000180025095e-35 1165.3752809762957 0.19261236989032585 196608.00000000003 10493.039179563524 1.5000000000000002 3697.4001774787907 1.5000000000000002 2273.0222245454793 2.2583333333333337 1783.7881420850756
decision_type=2 2 2 2 8 2 2 8 2 8 2 10 2 10
left_child=1 9 5 13 -5 8 -7 -8 -3 10 -1 -12 -6 -2
right_child=3 2 -4 4 12 6 7 -9 -10 -11 11 -13 -14 -15
leaf_value=0.0080565280086981762 -1.0912059137605423e-05 0.0029031271840744641 -0.0043493774025700994 -0.00027155573866580109 -0.010913717291683337 0.0080037747097166292 0.0064639178817742504 -0.0017672946171689741 0.010679943241799871 -0.00040100427770677576 -0.0037539947871901413 0.0050866640832585601 -0.0020486211370338097 -0.0068489597060463654
leaf_weight=96 2791 81 50 149 79 79 64 149 120 3677 119 96 55 55
leaf_count=96 2791 81 50 149 79 79 64 149 120 3677 119 96 55 55
internal_value=0 0.000313941 0.00383414 -0.000454608 -0.0035877 0.00466411 0.00268035 0.000705934 0.007546 -0.000165364 0.00262065 0.000193462 -0.00727506 -0.00014306
internal_weight=0 4531 543 3129 283 493 292 213 201 3988 311 215 134 2846
internal_count=7660 4531 543 3129 283 493 292 213 201 3988 311 215 134 2846
is_linear=0
shrinkage=0.05


Tree=87
num_leaves=15
num_cat=0
split_feature=1 6 3 15 7 22 39 18 5 0 22 2 22 19
split_gain=0.432639 0.461075 2.65141 1.3389 1.07155 1.27271 1.03816 1.01017 1.15597 1.10243 1.03905 0.994551 0.996369 1.6463
threshold=37.500000000000007 1.0000000180025095e-35 1.0000000180025095e-35 7.0000000000000009 1.0000000180025095e-35 1165.3752809762957 0.16635035308938653 0.18348666028012148 196608.00000000003 1.5000000000000002 10493.039179563524 32.000000000000007 3697.4001774787907 2.5000000000000004
decision_type=2 2 2 2 2 8 10 2 2 2 8 2 8 2
left_child=1 2 11 7 -3 6 -6 9 -9 -4 -10 12 13 -1
right_child=-2 4 3 -5 5 -7 -8 8 10 -11 -12 -13 -14 -15
leaf_value=0.006352438265161151 -0.0032029338057887242 -0.00013230878825254322 0.002683034910109993 -0.0041319085108116275 0.0034640136510937568 -0.0069196264245512343 -0.0050658594276155201 0.0077500570240363236 0.0059900512510480787 0.010383708784761636 -0.0015783504284918308 -0.0051084933996511008 -0.00019276189482376441 -0.00099766956566757449
leaf_weight=157 104 2805 78 50 84 133 62 80 65 115 150 96 3533 148
leaf_count=157 104 2805 78 50 84 133 62 80 65 115 150 96 3533 148
internal_value=0 4.40848e-05 0.000368436 0.00366062 -0.000426246 -0.00338142 -0.000158261 0.00445903 0.002619 0.00727152 0.000709771 -8.17909e-05 4.39421e-05 0.00278583
internal_weight=0 7556 4472 538 3084 279 146 488 295 193 215 3934 3838 305
internal_count=7660 7556 4472 538 3084 279 146 488 295 193 215 3934 3838 305
is_linear=0
shrinkage=0.05


Tree=88
num_leaves=15
num_cat=0
split_feature=19 19 21 32 22 24 24 30 4 22 18 9 9 18
split_gain=0.439753 0.604039 0.517011 0.488231 0.691179 0.464892 1.43453 1.29553 1.1508 1.20399 1.08575 0.96231 0.981859 0.876825
threshold=86.500000000000014 53.500000000000007 24.277777777777782 9.8301832788047925 42437.58752992154 3.0490430622009574 5.0306122448979602 13.04484336304154 8060928.0000000009 4568.3637580209315 0.10947903649775853 2.5000000000000004 1.5000000000000002 0.12900229670732741
decision_type=2 2 2 10 8 2 2 10 2 10 2 2 2 2
left_child=1 2 3 5 -5 11 7 8 9 -7 -10 12 -1 -8
right_child=-2 -3 -4 4 -6 6 13 -9 10 -11 -12 -13 -14 -15
leaf_value=1.3255662252110092e-05 0.0045386696445210931 -0.0049871425159641958 0.0045555171436600147 0.0058972778808639714 -2.7178669558099109e-05 -0.0033533489396959022 0.0074400354879644685 -0.0096464940182426403 0.00065154748021118477 0.0068360006152573278 -0.0080946996649529073 0.0057633392254097596 -0.0060256542049019653 -0.00019027779881770795
leaf_weight=6622 53 61 62 83 121 57 53 68 57 59 94 72 68 130
leaf_count=6622 53 61 62 83 121 57 53 68 57 59 94 72 68 130
internal_value=0 -3.16221e-05 8.43708e-06 -2.92325e-05 0.00238326 -9.68353e-05 -0.00154046 -0.0034852 -0.00191603 0.00182917 -0.00479314 1.37526e-05 -4.81264e-05 0.00201959
internal_weight=0 7607 7546 7484 204 7280 518 335 267 116 151 6762 6690 183
internal_count=7660 7607 7546 7484 204 7280 518 335 267 116 151 6762 6690 183
is_linear=0
shrinkage=0.05


Tree=89
num_leaves=15
num_cat=0
split_feature=17 24 33 20 41 15 3 25 32 18 40 35 24 39
split_gain=0.445989 1.28942 1.51856 0.773728 0.593392 0.825171 1.0176 0.825552 2.0161 1.10692 1.77075 1.1361 0.961422 1.64373
threshold=57.500000000000007 2.9568965517241383 198.00000000000003 5216.8927904367456 4.1706864705438456 3.5000000000000004 6488064.0000000009 705.06071545459611 2.8393444937292305 0.28162539611904963 0.47299543730953436 10.389530879574734 2.0425724637681166 0.17371203546011818
decision_type=2 2 10 10 8 2 2 10 10 2 10 10 2 10
left_child=4 -2 3 -3 5 6 7 9 -9 -1 11 -11 13 -10
right_child=1 2 -4 -5 -6 -7 -8 8 12 10 -12 -13 -14 -15
leaf_value=0.0004502527831164726 0.0071824011493878195 0.00043924408374537889 0.0068584032145873556 -0.0071730781583085896 -0.00031857236389723861 0.0053769498592713379 -0.0045940071634788032 0.0070053791613176918 -0.0070075240049182492 0.0029347634253402552 0.0010681693412238327 0.012419942241946334 0.0020146505907177926 0.00083657759030095549
leaf_weight=746 83 71 53 63 5682 91 93 66 170 54 212 76 90 110
leaf_count=746 83 71 53 63 5682 91 93 66 170 54 212 76 90 110
internal_value=0 0.00199599 -0.000306001 -0.00313968 -7.29252e-05 0.000744269 0.000483555 0.000793406 -0.00104491 0.00153009 0.00388551 0.00847994 -0.00248091 -0.00392591
internal_weight=0 270 187 134 7390 1708 1617 1524 436 1088 342 130 370 280
internal_count=7660 270 187 134 7390 1708 1617 1524 436 1088 342 130 370 280
is_linear=0
shrinkage=0.05


Tree=90
num_leaves=15
num_cat=0
split_feature=21 19 18 33 12 12 1 18 12 13 15 40 30 15
split_gain=0.419616 0.58877 0.54414 1.02014 0.660845 0.657658 1.22451 1.11684 1.01999 0.762388 1.02917 0.968575 1.17891 0.869158
threshold=44.275862068965523 72.500000000000014 0.84749212408080776 114.00000000000001 125.00000000000001 62.500000000000007 4.5000000000000009 0.47433556850956449 49.500000000000007 60.500000000000007 108.50000000000001 0.25097135431410111 12.148090175202418 18.500000000000004
decision_type=2 2 2 8 2 2 2 2 2 2 2 10 10 2
left_child=1 2 4 -4 5 8 7 -7 9 10 13 -11 -13 -1
right_child=-2 -3 3 -5 -6 6 -8 -9 -10 11 -12 12 -14 -15
leaf_value=-0.00010829438118328381 0.0043920048314181189 -0.0051391005649098331 -0.0028240164793613886 0.0055305157472720513 -0.0057858749777078633 0.0079866602384256868 -0.0028491349631472478 0.00034247444107614712 -0.0057605169194785855 0.0071503814214315181 0.0069097801568169222 0.0029135462251447496 -0.0044953104952971138 -0.0031613680857333765
leaf_weight=6347 54 56 54 113 50 106 79 87 79 78 51 189 75 242
leaf_count=6347 54 56 54 113 50 106 79 87 79 78 51 189 75 242
internal_value=0 -3.11817e-05 6.70482e-06 0.00282905 -5.71353e-05 -1.80739e-05 0.00239448 0.00454084 -0.000111009 -4.70861e-05 -0.000165662 0.00225509 0.000808757 -0.000220427
internal_weight=0 7606 7550 167 7383 7333 272 193 7061 6982 6640 342 264 6589
internal_count=7660 7606 7550 167 7383 7333 272 193 7061 6982 6640 342 264 6589
is_linear=0
shrinkage=0.05


Tree=91
num_leaves=15
num_cat=0
split_feature=1 22 29 1 29 25 25 40 40 32 31 40 18 18
split_gain=0.404726 1.05326 0.902494 0.594908 1.05985 1.01187 1.47722 2.20294 1.51786 1.64009 1.26692 1.09189 1.2893 1.41956
threshold=1.0000000180025095e-35 6918.669877052308 11.230205182338763 1.5000000000000002 16.495531267424216 12987.367896437647 19427.445088028911 0.29931330836173653 0.3307194870579499 5.3506290136077341 0.17151874769106096 0.54215511285067775 0.11364496850972704 0.073832916163119128
decision_type=2 8 10 2 8 10 10 10 10 10 10 10 2 2
left_child=1 -1 -3 4 5 10 7 -7 -8 -10 -2 12 13 -12
right_child=3 2 -4 -5 -6 6 8 -9 9 -11 11 -13 -14 -15
leaf_value=0.0034018231548543555 -0.00068101332604105435 -0.00064171179758638821 -0.0079794196365401155 -0.00022304269772821465 -0.0049613327838671515 0.015407452546060086 -0.0027469101657227775 0.0017900736974270056 0.010764287958943075 -0.0012146566133454161 0.0040140279390933845 -2.0940976552555346e-05 0.0014348476572067978 0.013975091988466821
leaf_weight=64 1001 88 80 5260 78 54 123 66 62 53 110 339 229 53
leaf_count=64 1001 88 80 5260 78 54 123 66 62 53 110 339 229 53
internal_value=0 -0.0020565 -0.00413586 6.4231e-05 0.000761214 0.000974783 0.00339465 0.00791789 0.00111403 0.00524356 0.000474601 0.00205705 0.00385409 0.0072529
internal_weight=0 232 168 7428 2168 2090 358 120 238 115 1732 731 392 163
internal_count=7660 232 168 7428 2168 2090 358 120 238 115 1732 731 392 163
is_linear=0
shrinkage=0.05


Tree=92
num_leaves=15
num_cat=0
split_feature=19 19 18 18 19 25 29 20 30 39 1 18 37 2
split_gain=0.406699 0.545065 0.480099 1.21186 1.07381 0.841174 1.32922 1.18198 1.15987 1.21542 2.38171 1.4996 1.13187 1.4642
threshold=86.500000000000014 53.500000000000007 0.33511090731961962 0.31589968616809172 11.500000000000002 4984.1652278900156 12.013279456705524 3733.6423430442815 11.366734588462476 0.17881789270926046 8.5000000000000018 0.62472349723357801 10.101257911549487 4.5000000000000009
decision_type=2 2 2 2 2 8 10 10 10 10 2 2 10 2
left_child=1 2 3 4 -1 7 8 -4 9 12 -11 -12 -7 -14
right_child=-2 -3 5 -5 -6 6 -8 -9 -10 10 11 -13 13 -15
leaf_value=-0.00021262973530915426 0.004364766510871222 -0.0047378065950069272 0.00013623170729957609 -0.0064454671426361744 0.0056214380031451589 -0.00097735246224918328 0.004436820696294602 -0.0076839850813734765 -0.0059840573463588956 0.0039107859939789382 -0.011906542165282493 -0.00030571948865634535 0.0109060902401437 0.00069669892714779467
leaf_weight=5597 53 61 919 77 80 79 317 51 64 107 60 52 81 62
leaf_count=5597 53 61 919 77 80 79 317 51 64 107 60 52 81 62
internal_value=0 -3.04105e-05 7.64294e-06 -0.000214924 -0.000130416 0.000722292 0.00189907 -0.000274934 0.000306064 0.00121892 -0.00142391 -0.00652045 0.00382603 0.00647964
internal_weight=0 7607 7546 5754 5677 1792 822 970 505 441 219 112 222 143
internal_count=7660 7607 7546 5754 5677 1792 822 970 505 441 219 112 222 143
is_linear=0
shrinkage=0.05


Tree=93
num_leaves=15
num_cat=0
split_feature=39 22 22 22 22 18 40 20 20 17 8 16 9 21
split_gain=0.406549 1.16187 0.520585 1.57667 0.874151 0.718245 0.912449 0.690469 1.55206 0.900144 1.20379 0.813699 1.01744 0.887786
threshold=0.60048596103528096 4803.1210924386987 41048.694271445282 33865.035000443466 20004.518664169922 0.021408833216992173 0.3501170823367768 10049.028391003611 9039.5504574775714 54.500000000000007 1.0000000180025095e-35 59.500000000000007 3.5000000000000004 9.0744680851063837
decision_type=10 8 10 10 10 2 10 10 10 2 2 2 2 2
left_child=2 -2 3 4 7 -6 -7 8 9 11 -11 12 13 -1
right_child=1 -3 -4 -5 5 6 -8 -9 -10 10 -12 -13 -14 -15
leaf_value=-6.2353956342004968e-05 0.0072831848591617121 -0.00033642609351835915 -0.0031763443429636859 0.0069289596107454943 0.0022856260931013892 -0.0076195872589653619 -0.0010252370878502174 0.0021917991263888264 -0.0072450699657201773 0.007826825643756561 -0.00074320335639640697 -0.0051482312404845338 -0.0071460322365164758 0.0046184668263185378
leaf_weight=6133 73 159 132 81 53 102 108 348 75 84 80 79 50 103
leaf_count=6133 73 159 132 81 53 102 108 348 75 84 80 79 50 103
internal_value=0 0.00206112 -6.43754e-05 -8.07337e-06 -8.59527e-05 -0.00291553 -0.00422821 2.10927e-05 -9.32934e-05 -1.11395e-05 0.00364632 -0.000105377 -4.20007e-05 1.49592e-05
internal_weight=0 232 7428 7296 7215 263 210 6952 6604 6529 164 6365 6286 6236
internal_count=7660 232 7428 7296 7215 263 210 6952 6604 6529 164 6365 6286 6236
is_linear=0
shrinkage=0.05


Tree=94
num_leaves=15
num_cat=0
split_feature=15 10 25 15 8 5 20 8 20 15 33 10 17 18
split_gain=0.38597 0.965335 1.12523 0.909666 1.05084 0.975091 0.855364 0.774876 0.892744 0.831493 0.754424 0.718642 1.14147 1.6023
threshold=61.500000000000007 1.5000000000000002 8003.6803809404382 18.500000000000004 2.5000000000000004 7012352.0000000009 10049.028391003611 1.5000000000000002 1098.5926915407183 1.5000000000000002 137.50000000000003 1.5000000000000002 57.500000000000007 0.099033287604236478
decision_type=2 2 8 2 2 2 10 2 10 2 10 2 2 2
left_child=3 2 10 4 7 -5 -4 9 -9 11 -2 12 -1 -14
right_child=1 -3 6 5 -6 -7 -8 8 -10 -11 -12 -13 13 -15
leaf_value=-6.5561356055194109e-05 0.00035828827069951343 0.0077400963431732226 -0.0070433947839774191 -0.0068353190143225773 0.00677076419978811 0.0015173222317739769 0.0015449716094529855 -0.0084609301760792729 -0.00052328281780029387 0.0042473076257611743 0.0079854716280741353 -0.0039941523417797503 -0.0023461213518007132 0.0089407904573330071
leaf_weight=6635 77 55 64 99 57 54 53 58 91 115 56 113 51 82
leaf_count=6635 77 55 64 99 57 54 53 58 91 115 56 113 51 82
internal_value=0 0.00174291 0.000423523 -7.22755e-05 8.77188e-06 -0.00388733 -0.00315294 -4.51726e-05 -0.00361311 3.08168e-05 0.00356973 -3.96521e-05 2.63731e-05 0.00461273
internal_weight=0 305 250 7355 7202 153 117 7145 149 6996 133 6881 6768 133
internal_count=7660 305 250 7355 7202 153 117 7145 149 6996 133 6881 6768 133
is_linear=0
shrinkage=0.05


Tree=95
num_leaves=15
num_cat=0
split_feature=1 6 3 15 20 5 12 7 3 22 20 39 22 34
split_gain=0.382879 0.406829 2.36754 1.21898 0.981674 2.34501 1.17847 1.49173 1.29803 1.65016 1.54356 1.60183 1.2818 0.984639
threshold=37.500000000000007 1.0000000180025095e-35 1.0000000180025095e-35 7.0000000000000009 1176.0752705335619 7667712.0000000009 9.5000000000000018 1.5000000000000002 2949120.0000000005 25.000549554824833 203.11828792095187 0.22005816158606303 386.88725445573294 131.00000000000003
decision_type=2 2 2 2 10 2 2 2 2 10 10 8 10 10
left_child=1 2 -1 -4 6 -6 7 -3 9 -8 11 -11 -12 -7
right_child=-2 4 3 -5 5 13 8 -9 -10 10 12 -13 -14 -15
leaf_value=-7.9296562344476927e-05 -0.0030131148333916481 -0.00038963721877674186 0.0042189225554048774 -0.0039782610223046506 -0.011550702633192907 -0.0044086637794971467 0.0082268895788325212 -0.0061579132491576694 0.0068518611233470573 -0.00048232114820096356 0.0091346622243815775 -0.010796385220551895 0.00016039562571114601 0.0054183601759947263
leaf_weight=3934 104 2235 488 50 65 50 63 118 106 104 51 59 181 52
leaf_count=3934 104 2235 488 50 65 50 63 118 106 104 51 59 181 52
internal_value=0 4.14722e-05 0.000346147 0.0034571 -0.000400326 -0.00412859 -0.00018688 -0.000678909 0.00186586 0.000711889 -0.000486706 -0.00421563 0.00213319 0.000601192
internal_weight=0 7556 4472 538 3084 167 2917 2353 564 458 395 163 232 102
internal_count=7660 7556 4472 538 3084 167 2917 2353 564 458 395 163 232 102
is_linear=0
shrinkage=0.05


Tree=96
num_leaves=15
num_cat=0
split_feature=4 6 28 1 22 31 18 18 39 5 18 19 18 20
split_gain=0.37948 0.450642 0.417552 0.791551 0.814833 0.732603 0.832584 0.655514 0.480133 1.40752 1.73263 1.60743 1.17914 1.15243
threshold=10027008.000000002 2.5000000000000004 0.79846768820786151 14.500000000000002 261.99497401714331 0.028298737713671401 0.23905517632990389 0.62472349723357801 0.085921084995392749 7405568.0000000009 0.15439472246072114 2.5000000000000004 0.27467733299528224 1397.9553694725039
decision_type=2 2 2 2 8 8 2 2 10 2 2 2 2 10
left_child=2 -2 3 5 -5 -1 -7 -8 9 -4 11 -11 -12 -14
right_child=1 -3 8 4 -6 6 7 -9 -10 10 12 -13 13 -15
leaf_value=0.0052425509117704503 -0.0061202852811071684 -1.3015731882891243e-05 -0.00046714781093405244 -0.007225173501297831 0.00080157119975706858 -0.0010778398335006246 0.0058194135505277508 -0.00075729638501478922 -0.00028917167085621792 0.0019980586196919133 0.010256601419920724 -0.0071885098221487025 -0.00049042501595131184 0.0090553820729255673
leaf_weight=139 55 67 926 50 86 213 113 57 5398 266 96 58 86 50
leaf_count=139 55 67 926 50 86 213 113 57 5398 266 96 58 86 50
internal_value=0 -0.00276629 4.47715e-05 0.00124808 -0.00214944 0.00213326 0.00100482 0.00361428 -7.03127e-05 0.000726854 0.00271543 0.000353549 0.00601391 0.00301906
internal_weight=0 122 7538 658 136 522 383 170 6880 1482 556 324 232 136
internal_count=7660 122 7538 658 136 522 383 170 6880 1482 556 324 232 136
is_linear=0
shrinkage=0.05


Tree=97
num_leaves=15
num_cat=0
split_feature=38 12 29 25 25 25 18 38 5 22 7 2 37 22
split_gain=0.373212 0.877819 0.65618 1.44059 0.912319 0.691195 0.754544 0.598203 0.826386 1.02248 0.931337 1.17043 3.75094 0.950625
threshold=12.234003998600391 2.5000000000000004 9.0957840204454694 9811.1118336915988 1318.0384989976885 2702.7848709821706 0.099033287604236478 13.378289979886793 851968.00000000012 3697.4001774787907 1.5000000000000002 1.0000000180025095e-35 10.770718378936239 6283.3093420267114
decision_type=8 2 10 10 10 10 2 8 2 10 2 2 10 10
left_child=1 2 4 5 -1 6 -4 8 9 -2 11 12 -10 -13
right_child=7 -3 3 -5 -6 -7 -8 -9 10 -11 -12 13 -14 -15
leaf_value=0.00047864196144234341 -0.0014724565702161508 0.0059012218827710437 -0.00053590966066471618 0.0095029780372547432 -0.0065247145926218431 -0.0049009682685136795 0.0059078224705181263 0.0001916235684904313 -0.0054053417372482799 -0.0084320435199785881 -0.005456618693477305 -0.0012363326217484209 0.01213366439299924 0.001650979134246687
leaf_weight=152 184 85 133 52 67 50 69 5009 54 74 88 1199 70 374
leaf_count=152 184 85 133 52 67 50 69 5009 54 74 88 1199 70 374
internal_value=0 0.0011886 0.000422692 0.00192589 -0.00166394 0.000362363 0.00166517 -0.000102478 -0.000823551 -0.00346862 -0.000441239 -0.00018116 0.00449571 -0.000549839
internal_weight=0 608 523 304 219 252 202 7052 2043 258 1785 1697 124 1573
internal_count=7660 608 523 304 219 252 202 7052 2043 258 1785 1697 124 1573
is_linear=0
shrinkage=0.05


Tree=98
num_leaves=15
num_cat=0
split_feature=1 39 39 31 39 2 2 1 39 2 37 14 13 25
split_gain=0.361639 0.977122 1.0535 0.579707 0.498248 1.43488 1.8633 1.23275 0.825364 0.689543 0.553364 0.92531 0.990234 0.990409
threshold=1.0000000180025095e-35 0.10011748193934551 0.14760265747571816 0.23619862003119427 0.064576660113216472 9.5000000000000018 15.500000000000002 15.500000000000002 0.042059634973613709 1.5000000000000002 11.27433577209794 53.500000000000007 30.500000000000004 5654.7576601386081
decision_type=2 8 10 10 8 2 2 2 10 2 8 2 2 10
left_child=1 -1 -3 -4 5 7 -7 9 -9 -2 11 -6 13 -13
right_child=4 2 3 -5 10 6 -8 8 -10 -11 -12 12 -14 -15
leaf_value=-0.0079811430907844073 -0.0061231078580021858 0.0057214008081915247 -0.005576368559419803 0.0012567342086522669 -0.00087526947085268597 0.011923221826101796 0.00069668575056961606 0.00077604649301904905 0.0096424568163336454 -9.9373511890669106e-05 0.00030099198555969832 -0.0049750120470336842 0.0085654329859985497 0.0039631935520262661
leaf_weight=52 52 53 73 54 2558 66 84 52 53 550 3830 51 53 79
leaf_count=52 52 53 73 54 2558 66 84 52 53 550 3830 51 53 79
internal_value=0 -0.00194395 -0.000199872 -0.00267095 6.07157e-05 0.00119463 0.00563636 0.00025226 0.00525147 -0.000619696 -8.71717e-05 -0.000629553 0.00280511 0.000456667
internal_weight=0 232 180 127 7428 857 150 707 105 602 6571 2741 183 130
internal_count=7660 232 180 127 7428 857 150 707 105 602 6571 2741 183 130
is_linear=0
shrinkage=0.05


Tree=99
num_leaves=15
num_cat=0
split_feature=32 18 18 21 30 19 2 24 22 6 21 21 25 24
split_gain=0.356455 0.771674 0.533445 0.400481 1.04327 0.579737 0.795033 1.45761 0.828076 2.3595 1.3658 1.36263 1.35912 1.06507
threshold=9.8301832788047925 0.24283341391218655 0.071154420290028178 21.772727272727277 12.566306810490726 4.5000000000000009 14.500000000000002 5.0306122448979602 3146.740518689156 2.5000000000000004 6.9821428571428585 1.0458041958041961 6621.6371475458154 2.0898989898989906
decision_type=10 2 2 2 10 2 2 2 10 2 2 2 8 2
left_child=3 2 -2 5 -5 -1 7 8 9 -7 12 -11 -10 -14
right_child=1 -3 -4 4 -6 6 -8 -9 10 11 -12 -13 13 -15
leaf_value=7.013279321909021e-05 0.0023341124594455291 0.0074553208583965904 -0.0038798184225372241 0.0050759511124610539 -0.00348199661462926 -0.0092267872391468189 -0.0053293097138937037 0.0038867922189335029 0.0089344219366709384 -0.0023066140754824682 -0.0050452116081809127 0.0057486414968494388 0.004952646694632609 -0.0032795777632609797
leaf_weight=6244 107 50 51 113 52 112 105 144 60 315 82 63 67 95
leaf_count=6244 107 50 51 113 52 112 105 144 60 315 82 63 67 95
internal_value=0 0.00204156 0.00032835 -5.69841e-05 0.0023789 -0.00011214 -0.00120333 -0.000741467 -0.00158085 -0.00285269 0.000469163 -0.000964071 0.002506 0.000125108
internal_weight=0 208 158 7452 165 7287 1043 938 794 490 304 378 222 162
internal_count=7660 208 158 7452 165 7287 1043 938 794 490 304 378 222 162
is_linear=0
shrinkage=0.05


end of trees

feature_importances:
author_score_mean=208
feat_metadata|user=75
prior_chunk_get_count_mean=75
feat_metadata_size|size=70
seconds_since_chunk_last_get_mean_known_s=70
feat_metadata|ns=69
seconds_since_block_last_get_s=66
seconds_since_latest_actual_rejection_mean_known_s=61
feat_dynamic_c_combined|0=59
prior_block_get_count=50
prior_actual_rejection_count_mean=43
cache_occupancy_fraction_at_request_start=43
feat_metadata_size|start=39
feat_dynamic_c_combined|1=39
last6_mean_extra_prefetch_dt_pct=39
last_writes=38
feat_dynamic_c_combined|3=33
last6_mean_put_dt_pct=31
feat_metadata|op=30
feat_metadata_size|end=28
last_put_dt_pct=24
last_total_get_dt_pct=20
last_demand_read_dt_pct=18
last6_mean_total_get_dt_pct=17
last_extra_prefetch_dt_pct=16
last6_max_demand_read_dt_pct=16
last_evictions=14
feat_dynamic_b|1=13
last6_max_extra_prefetch_dt_pct=13
feat_dynamic_b|0=12
last6_max_total_get_dt_pct=12
feat_dynamic_b|2=9
last6_mean_demand_read_dt_pct=9
last6_max_put_dt_pct=9
feat_dynamic_b|3=8
chunk_get_gap_missing_fraction=8
feat_dynamic_c_combined|2=4
feat_dynamic_c_combined|4=4
feat_dynamic_c_combined|5=4
feat_dynamic_b|4=2
feat_dynamic_b|5=1
reject_gap_missing_fraction=1

parameters:
[boosting: gbdt]
[objective: regression]
[metric: rmse]
[tree_learner: serial]
[device_type: cpu]
[data: ]
[valid: ]
[num_iterations: 100]
[learning_rate: 0.05]
[num_leaves: 15]
[num_threads: 1]
[deterministic: 1]
[force_col_wise: 1]
[force_row_wise: 0]
[histogram_pool_size: -1]
[max_depth: -1]
[min_data_in_leaf: 50]
[min_sum_hessian_in_leaf: 0.001]
[bagging_fraction: 1]
[pos_bagging_fraction: 1]
[neg_bagging_fraction: 1]
[bagging_freq: 0]
[bagging_seed: 20260930]
[feature_fraction: 1]
[feature_fraction_bynode: 1]
[feature_fraction_seed: 20260930]
[extra_trees: 0]
[extra_seed: 14224]
[early_stopping_round: 0]
[first_metric_only: 0]
[max_delta_step: 0]
[lambda_l1: 0]
[lambda_l2: 0]
[linear_lambda: 0]
[min_gain_to_split: 0]
[drop_rate: 0.1]
[max_drop: 50]
[skip_drop: 0.5]
[xgboost_dart_mode: 0]
[uniform_drop: 0]
[drop_seed: 4822]
[top_rate: 0.2]
[other_rate: 0.1]
[min_data_per_group: 100]
[max_cat_threshold: 32]
[cat_l2: 10]
[cat_smooth: 10]
[max_cat_to_onehot: 4]
[top_k: 20]
[monotone_constraints: ]
[monotone_constraints_method: basic]
[monotone_penalty: 0]
[feature_contri: ]
[forcedsplits_filename: ]
[refit_decay_rate: 0.9]
[cegb_tradeoff: 1]
[cegb_penalty_split: 0]
[cegb_penalty_feature_lazy: ]
[cegb_penalty_feature_coupled: ]
[path_smooth: 0]
[interaction_constraints: ]
[verbosity: -1]
[saved_feature_importance_type: 0]
[linear_tree: 0]
[max_bin: 255]
[max_bin_by_feature: ]
[min_data_in_bin: 3]
[bin_construct_sample_cnt: 200000]
[data_random_seed: 20260930]
[is_enable_sparse: 1]
[enable_bundle: 1]
[use_missing: 1]
[zero_as_missing: 0]
[feature_pre_filter: 1]
[pre_partition: 0]
[two_round: 0]
[header: 0]
[label_column: ]
[weight_column: ]
[group_column: ]
[ignore_column: ]
[categorical_feature: ]
[forcedbins_filename: ]
[precise_float_parser: 0]
[objective_seed: 11132]
[num_class: 1]
[is_unbalance: 0]
[scale_pos_weight: 1]
[sigmoid: 1]
[boost_from_average: 1]
[reg_sqrt: 0]
[alpha: 0.9]
[fair_c: 1]
[poisson_max_delta_step: 0.7]
[tweedie_variance_power: 1.5]
[lambdarank_truncation_level: 30]
[lambdarank_norm: 1]
[label_gain: ]
[eval_at: ]
[multi_error_top_k: 1]
[auc_mu_weights: ]
[num_machines: 1]
[local_listen_port: 12400]
[time_out: 120]
[machine_list_filename: ]
[machines: ]
[gpu_platform_id: -1]
[gpu_device_id: -1]
[gpu_use_dp: 0]
[num_gpu: 1]

end of parameters

pandas_categorical:null
