tree
version=v3
num_class=1
num_tree_per_iteration=1
label_index=0
max_feature_idx=18
objective=regression
feature_names=feat_metadata|op feat_metadata|ns feat_metadata|user feat_metadata_size|start feat_metadata_size|end feat_metadata_size|size feat_dynamic_b|0 feat_dynamic_b|1 feat_dynamic_b|2 feat_dynamic_b|3 feat_dynamic_b|4 feat_dynamic_b|5 feat_dynamic_c_combined|0 feat_dynamic_c_combined|1 feat_dynamic_c_combined|2 feat_dynamic_c_combined|3 feat_dynamic_c_combined|4 feat_dynamic_c_combined|5 author_score_mean
feature_infos=[1:5] [0:67] [0:82] [0:15335424] [131072:16777216] [131072:14942208] [0:12] [0:17] [0:10] [0:803] [0:58] [0:66] [0:128] [0:384] [0:384] [0:13651] [0:2444] [0:1650] [0.0029999249861703122:0.88783122072657494]
tree_sizes=1402 1473 1468 1467 1471 1470 1473 1472 1473 1475 1470 1468 1471 1482 1475 1463 1475 1462 1468 1481 1477 1472 1467 1470 1467 1479 1465 1472 1467 1467 1483 1463 1474 1474 1473 1474 1468 1473 1472 1474 1464 1472 1480 1474 1498 1471 1469 1464 1480 1485 1476 1468 1481 1476 1481 1470 1492 1462 1489 1477 1492 1485 1506 1486 1486 1489 1486 1469 1479 1477 1509 1477 1500 1485 1479 1460 1484 1473 1481 1503 1478 1476 1497 1477 1476 1487 1468 1471 1480 1479 1468 1486 1483 1475 1470 1464 1478 1474 1491 1472

Tree=0
num_leaves=15
num_cat=0
split_feature=18 18 0 1 0 1 18 15 2 12 6 3 13 2
split_gain=265.699 46.6758 35.5414 20.8769 19.7672 10.9699 10.3224 6.88892 6.25067 5.30147 4.52786 4.527 4.52278 3.24733
threshold=0.068125102625816558 0.49733285238297492 1.5000000000000002 1.5000000000000002 1.5000000000000002 5.5000000000000009 0.23905517632990389 57.500000000000007 2.5000000000000004 1.0000000180025095e-35 3.5000000000000004 4784128.0000000009 55.500000000000007 2.5000000000000004
decision_type=2 2 2 2 2 2 2 2 2 2 2 2 2 2
left_child=4 3 9 7 -1 11 8 -2 -5 -3 -8 12 -6 -4
right_child=1 2 13 6 5 -7 10 -9 -10 -11 -12 -13 -14 -15
leaf_value=0.29672265513653839 0.3192483554381999 0.31823756875552223 0.33302647953437126 0.31864116389674435 0.30588944327237017 0.29969822007510433 0.31760810720564014 0.33069877159736671 0.30659736674679416 0.30221089766912035 0.30544527649225006 0.32231270398431161 0.31786481656555143 0.32740639616172296
leaf_weight=1688 1168 86 670 126 841 726 694 148 743 129 86 51 87 417
leaf_count=1688 1168 86 670 126 841 726 694 148 743 129 86 51 87 417
internal_value=0.311001 0.319305 0.327197 0.31584 0.300558 0.304355 0.312092 0.320536 0.308344 0.308622 0.316267 0.307809 0.307012 0.33087
internal_weight=0 4267 1302 2965 3393 1705 1649 1316 869 215 780 979 928 1087
internal_count=7660 4267 1302 2965 3393 1705 1649 1316 869 215 780 979 928 1087
is_linear=0
shrinkage=1


Tree=1
num_leaves=15
num_cat=0
split_feature=18 2 12 12 18 18 18 2 18 18 13 13 1 0
split_gain=239.794 42.5666 21.4355 21.476 20.9664 18.0998 11.4391 12.226 7.48923 7.43172 7.28874 4.76281 4.55248 3.88505
threshold=0.068125102625816558 2.5000000000000004 2.5000000000000004 1.0000000180025095e-35 0.49070407122275089 0.020708468876275959 0.2094636714928956 5.5000000000000009 0.51997310280278197 0.26531310797489538 12.500000000000002 60.500000000000007 2.5000000000000004 1.5000000000000002
decision_type=2 2 2 2 2 2 2 2 2 2 2 2 2 2
left_child=5 4 3 6 11 12 7 -3 9 -4 13 -2 -1 -7
right_child=1 2 8 -5 -6 10 -8 -9 -10 -11 -12 -13 -14 -15
leaf_value=-0.0061667629440716647 0.0081108727929728452 -0.0049215103102766954 0.015216509723796737 -0.0072007372465688647 0.020970163323239404 -0.011328460730402074 0.0090972532896557833 0.0069373350052187865 0.019546774351250584 -0.0011018307286907326 0.0079565523532770018 0.019101699321929899 -0.013823557640249893 -0.0049835550374906475
leaf_weight=218 822 460 148 508 680 319 752 412 241 132 93 112 1773 990
leaf_count=218 822 460 148 508 680 319 752 412 241 132 93 112 1773 990
internal_value=0 0.00788869 0.00399352 0.00177179 0.0142913 -0.00992074 0.00457846 0.000681522 0.0130852 0.00752358 -0.00556886 0.00942883 -0.0129852 -0.00652979
internal_weight=0 4267 2653 2132 1614 3393 1624 872 521 280 1402 934 1991 1309
internal_count=7660 4267 2653 2132 1614 3393 1624 872 521 280 1402 934 1991 1309
is_linear=0
shrinkage=0.05


Tree=2
num_leaves=15
num_cat=0
split_feature=18 18 0 1 18 18 13 15 2 12 1 6 0 3
split_gain=216.414 38.4403 28.1079 16.3579 16.3351 8.45408 6.57808 5.6398 5.13458 4.83224 4.10861 3.58455 3.50626 5.22104
threshold=0.068125102625816558 0.4770067943338247 1.5000000000000002 1.5000000000000002 0.020708468876275959 0.23905517632990389 12.500000000000002 57.500000000000007 2.5000000000000004 1.0000000180025095e-35 2.5000000000000004 3.5000000000000004 1.5000000000000002 4784128.0000000009
decision_type=2 2 2 2 2 2 2 2 2 2 2 2 2 2
left_child=4 3 9 7 10 8 12 -2 -5 -3 -1 -7 -6 -14
right_child=1 2 -4 5 6 11 -8 -9 -10 -11 -12 -13 13 -15
leaf_value=-0.0058584242102203022 0.0072543769975753365 0.0069357582603345866 0.017513678609549027 0.006852539096559797 -0.010762037770081091 0.0060284383176816021 0.0075587253977534592 0.017756380577662236 -0.0040631876919985143 -0.0080633199979899504 -0.013132380262160126 -0.0049991767056824935 -0.0056150326308082137 0.010236774425614964
leaf_weight=218 1139 91 1153 126 319 657 93 144 743 131 1773 83 935 55
leaf_count=218 1139 91 1153 126 319 657 93 144 743 131 1773 83 935 55
internal_value=0 0.00749426 0.0143768 0.00422195 -0.0094247 0.00086403 -0.00529041 0.00843309 -0.00248047 -0.00191505 -0.0123359 0.00479156 -0.0062033 -0.00473438
internal_weight=0 4267 1375 2892 3393 1609 1402 1283 869 222 1991 740 1309 990
internal_count=7660 4267 1375 2892 3393 1609 1402 1283 869 222 1991 740 1309 990
is_linear=0
shrinkage=0.05


Tree=3
num_leaves=15
num_cat=0
split_feature=18 2 12 12 18 1 18 2 18 18 18 13 13 18
split_gain=195.601 37.2457 18.7029 18.1647 17.4602 15.5163 10.2547 9.62883 6.01885 6.98391 5.34605 4.19135 3.94798 3.60492
threshold=0.065809650847088993 2.5000000000000004 2.5000000000000004 1.0000000180025095e-35 0.49070407122275089 1.5000000000000002 0.2094636714928956 5.5000000000000009 0.51997310280278197 0.26531310797489538 0.013195233582362407 60.500000000000007 14.500000000000002 0.030281468152718843
decision_type=2 2 2 2 2 2 2 2 2 2 2 2 2 2
left_child=5 4 3 6 11 13 7 -3 9 -4 -7 -2 -9 -1
right_child=1 2 8 -5 -6 10 -8 12 -10 -11 -12 -13 -14 -15
leaf_value=-0.005488646810265666 0.0072887573065236223 -0.0038543822053503278 0.014359308758613049 -0.00682688709059658 0.019045970463056994 -0.0128072913462256 0.0082498453239864804 0.0038200090660947313 0.017709671659588321 -0.0014347038175346275 -0.0081695343939269457 0.017596907807247982 0.016120981949347038 0.0019299035334456576
leaf_weight=407 825 553 149 516 680 1578 752 335 241 132 1025 112 81 274
leaf_count=407 825 553 149 516 680 1578 752 335 241 132 1025 112 81 274
internal_value=0 0.00692156 0.00339015 0.00140154 0.012947 -0.00922313 0.00386863 0.000468554 0.0119122 0.00694006 -0.0109811 0.00852089 0.00621515 -0.0025038
internal_weight=0 4376 2759 2237 1617 3284 1721 969 522 281 2603 937 416 681
internal_count=7660 4376 2759 2237 1617 3284 1721 969 522 281 2603 937 416 681
is_linear=0
shrinkage=0.05


Tree=4
num_leaves=15
num_cat=0
split_feature=18 2 12 12 18 1 18 4 18 18 18 15 13 18
split_gain=176.53 33.6142 16.8793 16.3936 15.7578 14.0035 9.25489 8.72043 5.43201 6.30298 4.82481 4.17388 3.78269 3.25344
threshold=0.065809650847088993 2.5000000000000004 2.5000000000000004 1.0000000180025095e-35 0.49070407122275089 1.5000000000000002 0.2094636714928956 6356992.0000000009 0.51997310280278197 0.26531310797489538 0.013195233582362407 12.500000000000002 60.500000000000007 0.030281468152718843
decision_type=2 2 2 2 2 2 2 2 2 2 2 2 2 2
left_child=5 4 3 6 12 13 7 -3 9 -4 -7 -9 -2 -1
right_child=1 2 8 -5 -6 10 -8 11 -10 -11 -12 -13 -14 -15
leaf_value=-0.0052142149551384874 0.0069243192306127068 -0.0047666126269749571 0.013641343660802649 -0.0064855427710454943 0.018093672636827894 -0.012166927314315616 0.0078373529324109893 0.0032675219150436184 0.016824188037037356 -0.0013629685918038542 -0.0077610577407588328 0.017935750295442563 0.016717062345040695 0.0018334079289088286
leaf_weight=407 825 439 149 516 680 1578 752 476 241 132 1025 54 112 274
leaf_count=407 825 439 149 516 680 1578 752 476 241 132 1025 54 112 274
internal_value=0 0.00657549 0.00322064 0.00133146 0.0122997 -0.00876198 0.0036752 0.000445127 0.0113166 0.00659305 -0.010432 0.00476202 0.00809485 -0.00237861
internal_weight=0 4376 2759 2237 1617 3284 1721 969 522 281 2603 530 937 681
internal_count=7660 4376 2759 2237 1617 3284 1721 969 522 281 2603 530 937 681
is_linear=0
shrinkage=0.05


Tree=5
num_leaves=15
num_cat=0
split_feature=18 18 0 1 1 18 12 13 5 0 18 4 5 2
split_gain=159.318 30.6789 18.0547 15.0742 12.6381 7.95955 5.08675 4.65102 4.63535 4.49847 4.35439 3.17451 3.73102 2.97122
threshold=0.065809650847088993 0.33511090731961962 1.5000000000000002 1.5000000000000002 1.5000000000000002 0.49733285238297492 1.0000000180025095e-35 60.500000000000007 458752.00000000006 1.5000000000000002 0.013195233582362407 6619136.0000000009 1638400.0000000002 34.500000000000007
decision_type=2 2 2 2 2 2 2 2 2 2 2 2 2 2
left_child=4 3 6 7 13 -4 8 11 -3 -5 -6 -2 -13 -1
right_child=1 2 5 9 10 -7 -8 -9 -10 -11 -12 12 -14 -15
leaf_value=-0.0012144403309472544 0.00040321856810529111 0.017983557505287091 0.0079942882250349408 -0.0077007698586944928 -0.011558580173578477 0.015545445852231821 -0.006964645013716575 0.014453035125205682 -0.00090043269585640651 0.00028650757750322252 -0.0073730047466006232 0.020184933538000813 0.006158075070930271 -0.012695181994668901
leaf_weight=619 230 53 514 208 1578 1087 148 172 84 1156 1025 51 673 62
leaf_count=619 230 53 514 208 1578 1087 148 172 84 1156 1025 51 673 62
internal_value=0 0.00624671 0.0110571 0.00260318 -0.00832388 0.0131212 -0.000537808 0.00688497 0.00640505 -0.000931494 -0.0099104 0.0055205 0.00714615 -0.00225968
internal_weight=0 4376 1886 2490 3284 1601 285 1126 137 1364 2603 954 724 681
internal_count=7660 4376 1886 2490 3284 1601 285 1126 137 1364 2603 954 724 681
is_linear=0
shrinkage=0.05


Tree=6
num_leaves=15
num_cat=0
split_feature=18 2 2 18 12 1 18 12 18 18 15 13 18 5
split_gain=143.785 28.2569 14.2933 12.8621 12.0498 11.4059 6.7957 5.77558 7.79328 3.92983 3.76215 3.10128 2.88131 2.85354
threshold=0.065809650847088993 2.5000000000000004 5.5000000000000009 0.49070407122275089 2.5000000000000004 1.5000000000000002 0.52915044750810181 1.0000000180025095e-35 0.2094636714928956 0.013195233582362407 58.500000000000007 60.500000000000007 0.030281468152718843 327680.00000000006
decision_type=2 2 2 2 2 2 2 2 2 2 2 2 2 2
left_child=5 3 4 11 7 12 10 8 -3 -7 -4 -2 -1 -10
right_child=1 2 6 -5 -6 9 -8 -9 13 -11 -12 -13 -14 -15
leaf_value=-0.0048152094665704255 0.0063238736271406665 -0.003594334709612151 0.0046960830967221305 0.016417268679942938 0.010002478011070737 -0.010980651315439762 0.015966893559232115 -0.0066113309440564141 0.011933720081059402 -0.007004354565796192 0.018303006163073909 0.015190831784691132 0.0018171250969715364 0.0028110983347532908
leaf_weight=407 825 553 857 680 252 1578 187 441 121 1025 54 112 274 294
leaf_count=407 825 553 857 680 252 1578 187 441 121 1025 54 112 274 294
internal_value=0 0.00593438 0.00285847 0.0111826 -6.75476e-05 -0.00790768 0.0072848 -0.00186857 0.000292124 -0.00941488 0.00550264 0.00738374 -0.00214669 0.00547095
internal_weight=0 4376 2759 1617 1661 3284 1098 1409 968 2603 911 937 681 415
internal_count=7660 4376 2759 1617 1661 3284 1098 1409 968 2603 911 937 681 415
is_linear=0
shrinkage=0.05


Tree=7
num_leaves=15
num_cat=0
split_feature=18 18 0 1 1 18 12 5 13 0 18 5 5 13
split_gain=129.766 25.535 14.8343 12.5499 10.2938 6.35545 4.18599 4.02833 3.90477 3.79105 3.54668 2.83651 4.80473 2.72068
threshold=0.065809650847088993 0.33511090731961962 1.5000000000000002 1.5000000000000002 1.5000000000000002 0.49733285238297492 1.0000000180025095e-35 458752.00000000006 60.500000000000007 1.5000000000000002 0.013195233582362407 1245184.0000000002 7012352.0000000009 63.500000000000007
decision_type=2 2 2 2 2 2 2 2 2 2 2 2 2 2
left_child=4 3 6 8 13 -4 7 -3 11 -5 -6 -2 -13 -1
right_child=1 2 5 9 10 -7 -8 -9 -10 -11 -12 12 -14 -15
leaf_value=-0.0031594783886651368 0.012893452562649947 0.016608180664479732 0.0073160001192720259 -0.0071258490344339766 -0.010431618769846523 0.014063493958944257 -0.0063139101547012855 -0.0009959659217635081 0.013154849522682125 0.00020655282131786163 -0.006654136945175507 -0.0014082837402820587 0.0066204834097809452 0.0068773877071706879
leaf_weight=605 101 53 514 208 1578 1087 148 84 172 1156 1025 275 578 76
leaf_count=605 101 53 514 208 1578 1087 148 84 172 1156 1025 275 578 76
internal_value=0 0.00563766 0.0100263 0.00231359 -0.0075123 0.0118972 -0.000483811 0.0058144 0.00622046 -0.000911585 -0.00894414 0.00497023 0.00403208 -0.00203936
internal_weight=0 4376 1886 2490 3284 1601 285 137 1126 1364 2603 954 853 681
internal_count=7660 4376 1886 2490 3284 1601 285 137 1126 1364 2603 954 853 681
is_linear=0
shrinkage=0.05


Tree=8
num_leaves=15
num_cat=0
split_feature=18 2 2 18 12 1 18 12 18 15 18 2 5 13
split_gain=117.114 23.857 11.9646 10.5245 10.0804 9.29019 5.60683 4.96133 6.76669 3.30581 3.20088 2.60857 2.44125 2.42266
threshold=0.065809650847088993 2.5000000000000004 5.5000000000000009 0.41952052795642186 2.5000000000000004 1.5000000000000002 0.52915044750810181 1.0000000180025095e-35 0.2094636714928956 58.500000000000007 0.013195233582362407 34.500000000000007 327680.00000000006 4.5000000000000009
decision_type=2 2 2 2 2 2 2 2 2 2 2 2 2 2
left_child=5 3 4 -2 7 11 9 8 13 -4 -7 -1 -10 -3
right_child=1 2 6 -5 -6 10 -8 -9 12 -11 -12 -13 -14 -15
leaf_value=-0.00095801810058426589 0.0061865122042678421 -0.0045465493957615559 0.0042043623315602919 0.014254584686190355 0.0090628374589695818 -0.0099100378777829436 0.014465373768446281 -0.0061906176630318879 0.011011102038227824 0.016959372473259769 -0.0063214299794195628 -0.011715318454850104 0.002573204040527344 0.0062544009295003172
leaf_weight=619 817 495 857 800 252 1578 187 441 121 54 1025 62 294 58
leaf_count=619 817 495 857 800 252 1578 187 441 121 54 1025 62 294 58
internal_value=0 0.00535577 0.00252947 0.0101781 -0.000147591 -0.00713668 0.00657921 -0.00179488 0.000207726 0.00496042 -0.00849693 -0.00193739 0.00503341 -0.00341372
internal_weight=0 4376 2759 1617 1661 3284 1098 1409 968 911 2603 681 415 553
internal_count=7660 4376 2759 1617 1661 3284 1098 1409 968 911 2603 681 415 553
is_linear=0
shrinkage=0.05


Tree=9
num_leaves=15
num_cat=0
split_feature=18 2 12 12 18 1 13 18 4 18 18 18 13 18
split_gain=105.695 21.5309 10.8784 11.3564 9.57397 8.3844 7.47918 7.12262 5.27435 3.515 5.93527 2.90349 2.55063 2.50352
threshold=0.065809650847088993 2.5000000000000004 2.5000000000000004 1.0000000180025095e-35 0.49070407122275089 1.5000000000000002 9.5000000000000018 0.2094636714928956 6356992.0000000009 0.51997310280278197 0.26531310797489538 0.019535087704166645 60.500000000000007 0.030281468152718843
decision_type=2 2 2 2 2 2 2 2 2 2 2 2 2 2
left_child=5 4 3 6 12 13 7 8 -3 10 -4 -7 -2 -1
right_child=1 2 9 -5 -6 11 -8 -9 -10 -11 -12 -13 -14 -15
leaf_value=-0.0043279483172978467 0.0054305250581466796 -0.0055704518077158227 0.011942288520802188 -0.0056197523200332174 0.014185461842999384 -0.009249146779295692 0.011446731354702602 0.0054474317180737298 0.0023662579495712615 0.013332805958773586 -0.0026177769075288919 -0.0057029680429776719 0.013471851444670134 0.0018543073649171496
leaf_weight=407 825 407 149 516 680 1739 220 663 431 241 132 864 112 274
leaf_count=407 825 407 149 516 680 1739 220 663 431 241 132 864 112 274
internal_value=0 0.00508799 0.002403 0.000886374 0.00966923 -0.00677985 0.00283708 0.00157517 -0.00148844 0.00890242 0.00510268 -0.00807208 0.00639171 -0.00184052
internal_weight=0 4376 2759 2237 1617 3284 1721 1501 838 522 281 2603 937 681
internal_count=7660 4376 2759 2237 1617 3284 1721 1501 838 522 281 2603 937 681
is_linear=0
shrinkage=0.05


Tree=10
num_leaves=15
num_cat=0
split_feature=18 18 0 1 0 3 18 13 5 6 4 5 4 6
split_gain=95.3898 19.6084 11.1385 9.72255 7.7666 6.09723 4.58701 3.69894 3.51138 3.22024 3.18658 2.6153 2.37796 3.84425
threshold=0.065809650847088993 0.33511090731961962 1.5000000000000002 1.5000000000000002 1.5000000000000002 4915200.0000000009 0.49733285238297492 63.500000000000007 327680.00000000006 2.5000000000000004 6619136.0000000009 1638400.0000000002 1507328.0000000002 1.0000000180025095e-35
decision_type=2 2 2 2 2 2 2 2 2 2 2 2 2 2
left_child=4 3 8 10 -1 7 12 -6 -3 -5 -2 -12 -4 -14
right_child=1 2 6 9 5 -7 -8 -9 -10 -11 11 -13 13 -15
leaf_value=-0.008813880834195268 0.00015215788899956855 0.0097824715937559429 0.00014394723420214448 1.7660015402400786e-06 -0.0051638850365168989 0.013236320257186891 0.012140916457884666 0.0045126007553541441 -0.0034445797406475655 -0.0073349696864531931 0.017712617190737353 0.006052170359394613 0.013684573493814668 0.0037963913480212929
leaf_weight=1682 233 65 117 1193 1446 50 1087 106 220 171 51 842 179 218
leaf_count=1682 233 65 117 1193 1446 50 1087 106 220 171 51 842 179 218
internal_value=0 0.00483359 0.00867933 0.0019207 -0.00644086 -0.00394933 0.0103005 -0.00450299 -0.000427884 -0.000918015 0.00535943 0.00671811 0.00640855 0.00825479
internal_weight=0 4376 1886 2490 3284 1602 1601 1552 285 1364 1126 893 514 397
internal_count=7660 4376 1886 2490 3284 1602 1601 1552 285 1364 1126 893 514 397
is_linear=0
shrinkage=0.05


Tree=11
num_leaves=15
num_cat=0
split_feature=18 2 12 12 13 18 18 4 0 18 18 1 3 2
split_gain=86.3691 20.5411 10.2132 10.9565 8.082 7.89921 6.88749 4.95437 4.73257 2.7572 5.39842 2.59965 2.88902 2.13366
threshold=0.050189695701487833 2.5000000000000004 2.5000000000000004 1.0000000180025095e-35 9.5000000000000018 0.41952052795642186 0.2094636714928956 6356992.0000000009 1.5000000000000002 0.51997310280278197 0.26531310797489538 5.5000000000000009 2686976.0000000005 13.500000000000002
decision_type=2 2 2 2 2 2 2 2 2 2 2 2 2 2
left_child=8 5 3 4 6 -2 7 -3 -1 10 -4 12 -10 -9
right_child=1 2 9 -5 -6 -7 -8 13 11 -11 -12 -13 -14 -15
leaf_value=-0.0084577242699902487 0.0053534541446965157 -0.0052268940594078226 0.01097032208934162 -0.0054906730078408692 0.010534565087450978 0.012334763368824497 0.0049945694946460601 0.00069621280874676442 -0.0032674837896232269 0.012068819808020138 -0.0026514214463531972 -0.0067670236560113638 0.0091897553279995919 0.011026934627443552
leaf_weight=1622 821 482 162 586 259 800 663 465 673 241 132 648 50 56
leaf_count=1622 821 482 162 586 259 800 663 465 673 241 132 648 50 56
internal_value=0 0.00425177 0.00183191 0.000495501 0.00231779 0.00879889 0.00104039 -0.0015734 -0.0066298 0.00810428 0.00485444 -0.00446722 -0.00240599 0.00180662
internal_weight=0 4667 3046 2511 1925 1621 1666 1003 2993 535 294 1371 723 521
internal_count=7660 4667 3046 2511 1925 1621 1666 1003 2993 535 294 1371 723 521
is_linear=0
shrinkage=0.05


Tree=12
num_leaves=15
num_cat=0
split_feature=18 18 1 0 0 18 4 5 5 0 5 1 3 9
split_gain=77.9481 18.6126 9.61033 9.17954 4.27114 3.73898 3.54978 3.13493 3.01509 3.01126 2.96657 2.34619 2.60734 2.23173
threshold=0.050189695701487833 0.33511090731961962 1.5000000000000002 1.5000000000000002 1.5000000000000002 0.49733285238297492 6619136.0000000009 327680.00000000006 1638400.0000000002 1.5000000000000002 7012352.0000000009 5.5000000000000009 2686976.0000000005 1.0000000180025095e-35
decision_type=2 2 2 2 2 2 2 2 2 2 2 2 2 2
left_child=4 2 6 7 -1 13 -2 -3 -8 -4 -10 12 -6 -5
right_child=1 3 9 5 11 -7 8 -9 10 -11 -12 -13 -14 -15
leaf_value=-0.0080348376917659323 -0.00049295914198200293 0.0092533240295373485 -0.0060228557729009374 0.0044483839327499304 -0.0031041095858055099 0.011006783705938132 0.017237216257898695 -0.0032446150985461749 -0.0024410282479268366 -0.00018957559230857845 0.0064102819845098524 -0.0064286725906034306 0.0087302671149373061 0.013680185761617183
leaf_weight=1622 260 65 268 437 673 1087 57 220 107 1268 821 648 50 77
leaf_count=1622 260 65 268 437 673 1087 57 220 107 1268 821 648 50 77
internal_value=0 0.00403918 0.00143887 0.00787346 -0.00629831 0.00934522 0.00470362 -0.000394208 0.0060753 -0.00120736 0.00538971 -0.00424386 -0.00228569 0.00583136
internal_weight=0 4667 2781 1886 2993 1601 1245 285 985 1536 928 1371 723 514
internal_count=7660 4667 2781 1886 2993 1601 1245 285 985 1536 928 1371 723 514
is_linear=0
shrinkage=0.05


Tree=13
num_leaves=15
num_cat=0
split_feature=18 2 2 12 18 18 15 12 18 0 12 3 4 7
split_gain=70.3482 17.3374 8.69518 6.87586 6.54933 4.01292 4.03162 3.91729 4.68371 3.85471 3.15436 3.05385 2.81314 2.74597
threshold=0.050189695701487833 2.5000000000000004 5.5000000000000009 2.5000000000000004 0.33511090731961962 0.52915044750810181 61.500000000000007 1.0000000180025095e-35 0.2094636714928956 1.5000000000000002 1.0000000180025095e-35 2162688.0000000005 2424832.0000000005 1.0000000180025095e-35
decision_type=2 2 2 2 2 2 2 2 2 2 2 2 2 2
left_child=9 4 3 7 10 6 -4 8 12 -1 11 -2 -3 -6
right_child=1 2 5 -5 13 -7 -8 -9 -10 -11 -12 -13 -14 -15
leaf_value=-0.0076330956943483092 0.0043955535241561334 -0.0064334883639903771 0.00296048796341982 0.0071070615803514887 0.012016630088484366 0.011664147053491624 0.017387864402696199 -0.0054388723852518469 0.0041051466570022595 -0.0040316670478194585 -0.0032256959799839102 0.014975758808181633 7.0495155617882711e-05 0.0048689186799431372
leaf_weight=1622 499 284 958 254 765 187 51 496 415 1371 115 79 401 163
leaf_count=1622 499 284 958 254 765 187 51 496 415 1371 115 79 401 163
internal_value=0 0.00383722 0.00161406 -0.000533888 0.00801472 0.00493656 0.00368972 -0.00174993 -8.65512e-05 -0.00598339 0.00433696 0.00584164 -0.00262605 0.0107612
internal_weight=0 4667 3046 1850 1621 1196 1009 1596 1100 2993 693 578 685 928
internal_count=7660 4667 3046 1850 1621 1196 1009 1596 1100 2993 693 578 685 928
is_linear=0
shrinkage=0.05


Tree=14
num_leaves=15
num_cat=0
split_feature=18 2 5 18 18 0 15 3 2 13 12 3 12 18
split_gain=63.579 13.2783 7.08884 7.31806 5.83626 5.77435 5.02361 4.38969 2.97868 2.94141 2.86922 2.99987 2.76689 4.45405
threshold=0.068125102625816558 2.5000000000000004 1114112.0000000002 0.51997310280278197 0.33511090731961962 1.5000000000000002 61.500000000000007 4915200.0000000009 5.5000000000000009 55.500000000000007 1.0000000180025095e-35 2162688.0000000005 1.0000000180025095e-35 0.26531310797489538
decision_type=2 2 2 2 2 2 2 2 2 2 2 2 2 2
left_child=5 4 12 6 10 -1 8 9 -4 -7 11 -2 13 -3
right_child=1 2 3 -5 -6 7 -8 -9 -10 -11 -12 -13 -14 -15
leaf_value=-0.0071813956288610068 0.0041829204321989135 -0.0044296850618619444 -0.001184363515214393 0.010929547149246023 0.010223101256370088 -0.0040684221720158897 0.013730828828281827 0.011108182201970299 0.0035480925468431321 0.0044668545187623414 -0.0030644111043733099 0.014912130504225692 -0.0056751732537680764 0.0041264268424216514
leaf_weight=1688 496 280 579 295 928 1544 90 53 781 108 115 75 295 333
leaf_count=1688 496 280 579 295 928 1544 90 53 781 108 115 75 295 333
internal_value=0 0.00406203 0.00188651 0.00375089 0.00763802 -0.00510837 0.00229041 -0.00305601 0.00153332 -0.00351043 0.00414101 0.00559219 -0.00169646 0.000218252
internal_weight=0 4267 2653 1745 1614 3393 1450 1705 1360 1652 686 571 908 613
internal_count=7660 4267 2653 1745 1614 3393 1450 1705 1360 1652 686 571 908 613
is_linear=0
shrinkage=0.05


Tree=15
num_leaves=15
num_cat=0
split_feature=18 2 12 13 18 12 18 4 1 3 13 2 3 4
split_gain=57.6362 14.0413 7.15424 8.38641 5.47213 5.45105 5.23669 3.58575 3.23312 2.48476 2.24672 1.81795 1.74534 2.13912
threshold=0.050189695701487833 2.5000000000000004 2.5000000000000004 13.500000000000002 0.49070407122275089 1.0000000180025095e-35 0.2094636714928956 6356992.0000000009 1.5000000000000002 1376256.0000000002 60.500000000000007 13.500000000000002 2162688.0000000005 7798784.0000000009
decision_type=2 2 2 2 2 2 2 2 2 2 2 2 2 2
left_child=8 4 3 5 10 6 7 -3 -1 -4 12 -9 -2 -14
right_child=1 2 9 -5 -6 -7 -8 11 -10 -11 -12 -13 13 -15
leaf_value=-0.0019980365746850117 0.0026099132152046529 -0.0045738364243567229 0.0053039602461483404 0.0088200695414579547 0.010650151724214942 -0.0048421296591742088 0.0042318171490011601 0.00037777002430181201 -0.0062060156287975969 0.014908865846316273 0.011410080468548196 0.0099125239465917871 0.013904976712669746 0.0032694152458792643
leaf_weight=562 638 484 456 262 680 573 670 466 2431 79 112 56 86 105
leaf_count=562 638 484 456 262 680 573 670 466 2431 79 112 56 86 105
internal_value=0 0.00347326 0.00147257 0.000354058 0.00723274 -0.0006322 0.000807114 -0.00147375 -0.00541588 0.00672225 0.0047632 0.00140066 0.00386519 0.0080582
internal_weight=0 4667 3046 2511 1621 2249 1676 1006 2993 535 941 522 829 191
internal_count=7660 4667 3046 2511 1621 2249 1676 1006 2993 535 941 522 829 191
is_linear=0
shrinkage=0.05


Tree=16
num_leaves=15
num_cat=0
split_feature=18 18 5 0 0 6 3 13 18 5 4 15 14 18
split_gain=52.0167 12.764 7.12581 6.15275 2.94165 2.84679 8.97095 3.24432 2.82735 2.74631 2.25355 2.21923 2.74397 2.12904
threshold=0.050189695701487833 0.33511090731961962 7667712.0000000009 1.5000000000000002 1.5000000000000002 1.0000000180025095e-35 196608.00000000003 9.5000000000000018 0.76886908021345368 327680.00000000006 8323072.0000000009 58.500000000000007 62.000000000000007 0.09631086034729372
decision_type=2 2 2 2 2 2 2 2 2 2 2 2 2 2
left_child=4 2 5 9 -1 6 7 13 -5 -3 -8 12 -4 -2
right_child=1 3 11 8 -6 -7 10 -9 -10 -11 -12 -13 -14 -15
leaf_value=-0.0065862214376916821 -0.0073884401630995612 0.0087358796596527094 0.0044589336612835305 0.0066811236806404968 -0.0034401043549174594 -0.0035199990697999521 0.014124145121704646 0.0069729140430104504 0.012100790555636258 -0.0029617946438322013 0.003011522899780955 0.010278623074078732 -0.0043187389597296715 -0.0011371479477017431
leaf_weight=1622 174 65 812 1306 1371 626 131 102 295 220 70 139 100 627
leaf_count=1622 174 65 812 1306 1371 626 131 102 295 220 70 139 100 627
internal_value=0 0.0032996 0.00114625 0.00647482 -0.00514508 -0.00082647 0.000700839 -0.00142563 0.00767975 -0.000293904 0.0102541 0.00439344 0.00349647 -0.00249511
internal_weight=0 4667 2781 1886 2993 1730 1104 903 1601 285 201 1051 912 801
internal_count=7660 4667 2781 1886 2993 1730 1104 903 1601 285 201 1051 912 801
is_linear=0
shrinkage=0.05


Tree=17
num_leaves=15
num_cat=0
split_feature=18 2 12 13 12 18 18 4 1 3 13 2 7 18
split_gain=47.0931 12.5925 5.9893 8.48758 5.25406 4.58844 4.48318 2.80335 2.29123 2.1585 2.00897 1.99531 1.59644 1.63398
threshold=0.042983856536953802 2.5000000000000004 2.5000000000000004 13.500000000000002 1.0000000180025095e-35 0.49070407122275089 0.2094636714928956 6356992.0000000009 1.5000000000000002 1376256.0000000002 60.500000000000007 13.500000000000002 1.5000000000000002 0.21873404581311792
decision_type=2 2 2 2 2 2 2 2 2 2 2 2 2 2
left_child=8 5 3 4 6 10 7 -3 -1 -4 -2 -9 -5 -14
right_child=1 2 9 12 -6 -7 -8 11 -10 -11 -12 -13 13 -15
leaf_value=-0.0020243916649298537 0.0034783071514990107 -0.0040330835179641748 0.0046716273115646892 0.011562273511380861 -0.0046763500061240935 0.0097138497620300555 0.0038639754475330683 -7.5313310145285188e-05 -0.0057888596524324244 0.013573060603812338 0.01061181447335652 0.0087115711255653493 -0.00094820612243243631 0.010886303871870041
leaf_weight=489 831 511 458 165 630 680 670 509 2331 80 112 74 70 50
leaf_count=489 831 511 458 165 630 680 670 509 2331 80 112 74 70 50
internal_value=0 0.00299251 0.00118102 0.00021422 -0.000756817 0.00658313 0.000643016 -0.0013296 -0.00513608 0.00599526 0.00432555 0.00104 0.00837093 0.00398284
internal_weight=0 4840 3217 2679 2394 1623 1764 1094 2820 538 943 583 285 120
internal_count=7660 4840 3217 2679 2394 1623 1764 1094 2820 538 943 583 285 120
is_linear=0
shrinkage=0.05


Tree=18
num_leaves=15
num_cat=0
split_feature=18 18 5 0 6 3 13 18 5 1 4 13 6 4
split_gain=42.5015 11.421 6.50726 5.06781 3.12735 8.2272 2.54877 2.4735 2.45481 2.06784 2.06208 1.88548 1.82407 3.51797
threshold=0.042983856536953802 0.33511090731961962 7667712.0000000009 1.5000000000000002 1.0000000180025095e-35 196608.00000000003 9.5000000000000018 0.76886908021345368 327680.00000000006 1.5000000000000002 8323072.0000000009 60.500000000000007 1.0000000180025095e-35 851968.00000000012
decision_type=2 2 2 2 2 2 2 2 2 2 2 2 2 2
left_child=9 2 4 8 5 6 -2 12 -3 -1 -7 -4 13 -5
right_child=1 3 11 7 -6 10 -8 -9 -10 -11 -12 -13 -14 -15
leaf_value=-0.0019231721831334217 -0.0022562161065942518 0.0082766938094909377 0.0028163144212418091 0.0023880230595131179 -0.003570526961727979 0.013212759216506696 0.0059777918359581036 0.011111294970358329 -0.0027827495469881051 -0.005499416570529784 0.0027263355769321955 0.0077603658631203642 0.0043458566465675204 0.010710047777558183
leaf_weight=489 829 65 867 185 695 138 106 295 220 2331 71 248 716 405
leaf_count=489 829 65 867 185 695 138 106 295 220 2331 71 248 716 405
internal_value=0 0.00284289 0.000902157 0.00588261 -0.000925146 0.00068197 -0.00132273 0.00697615 -0.00026042 -0.00487928 0.00965039 0.00391598 0.0060421 0.0081006
internal_weight=0 4840 2954 1886 1839 1144 935 1601 285 2820 209 1115 1306 590
internal_count=7660 4840 2954 1886 1839 1144 935 1601 285 2820 209 1115 1306 590
is_linear=0
shrinkage=0.05


Tree=19
num_leaves=15
num_cat=0
split_feature=18 2 5 18 18 18 15 16 13 7 4 12 18 12
split_gain=38.5579 8.36474 4.82846 5.18362 4.35307 3.76772 3.75945 3.42567 2.72819 2.42047 2.79641 2.16551 2.94435 1.99842
threshold=0.073832916163119128 2.5000000000000004 1114112.0000000002 0.51997310280278197 0.020708468876275959 0.33511090731961962 61.500000000000007 17.500000000000004 19.500000000000004 1.0000000180025095e-35 7405568.0000000009 1.0000000180025095e-35 0.26531310797489538 1.0000000180025095e-35
decision_type=2 2 2 2 2 2 2 2 2 2 2 2 2 2
left_child=4 5 11 6 -1 13 -4 8 -6 -7 -11 12 -3 -2
right_child=1 2 3 -5 7 9 -8 -9 -10 10 -12 -13 -14 -15
leaf_value=-0.0054442235681485384 0.0044292598861482065 -0.0036532051674766728 0.0011066780671062152 0.0090429822216599679 -0.0028968588311228732 0.009290235277099438 0.012013813604911168 0.010281646704035146 0.0062963009573692502 -0.0031737160909435023 0.010034399353702303 -0.0050604464806283467 0.0033445986407297152 -0.0028226347117308987
leaf_weight=1991 570 274 1328 295 1310 765 84 56 86 92 71 291 333 114
leaf_count=1991 570 274 1328 295 1310 765 84 56 86 92 71 291 333 114
internal_value=0 0.00320538 0.00145362 0.00301494 -0.00392596 0.00603622 0.00175554 -0.0018441 -0.00233052 0.00811152 0.00257951 -0.00151427 0.000185788 0.00322061
internal_weight=0 4217 2605 1707 3443 1612 1412 1452 1396 928 163 898 607 684
internal_count=7660 4217 2605 1707 3443 1612 1412 1452 1396 928 163 898 607 684
is_linear=0
shrinkage=0.05


Tree=20
num_leaves=15
num_cat=0
split_feature=18 2 2 18 12 18 16 1 13 6 18 18 5 4
split_gain=34.7985 7.54918 4.37811 3.92865 3.48976 3.45335 3.09167 2.534 2.46219 2.37958 2.69834 2.37567 2.06457 1.95904
threshold=0.073832916163119128 2.5000000000000004 5.5000000000000009 0.020708468876275959 2.5000000000000004 0.49070407122275089 17.500000000000004 3.5000000000000004 19.500000000000004 4.5000000000000009 0.2094636714928956 0.52915044750810181 458752.00000000006 3604480.0000000005
decision_type=2 2 2 2 2 2 2 2 2 2 2 2 2 2
left_child=3 5 4 -1 9 13 8 -6 -5 10 -3 -4 -12 -2
right_child=1 2 11 6 7 -7 -8 -9 -10 -11 12 -13 -14 -15
leaf_value=-0.005172012202848182 -0.00041597917313790985 -0.0029656100098311281 0.0027510264470153468 -0.0027520159096023843 0.013731448896347531 0.0084437358915901688 0.009767564040209566 0.0021524092823109299 0.0059814861434143649 -0.0062149922914383274 0.0065809560425276331 0.0089541518473051449 -5.4854756403390485e-05 0.0050167317415702071
leaf_weight=1991 216 529 884 1310 63 680 56 189 86 213 172 187 368 716
leaf_count=1991 216 529 884 1310 63 680 56 189 86 213 172 187 368 716
internal_value=0 0.00304511 0.00138094 -0.00372966 -0.000331797 0.00573441 -0.00175189 0.00504717 -0.00221399 -0.00138913 -0.000427568 0.00383411 0.00205877 0.00375765
internal_weight=0 4217 2605 3443 1534 1612 1452 252 1396 1282 1069 1071 540 932
internal_count=7660 4217 2605 3443 1534 1612 1452 252 1396 1282 1069 1071 540 932
is_linear=0
shrinkage=0.05


Tree=21
num_leaves=15
num_cat=0
split_feature=18 2 12 13 12 18 18 4 7 4 3 12 3 1
split_gain=31.5057 8.60454 4.31745 6.47866 4.04396 3.28473 3.24817 2.18921 2.16021 2.49768 2.0443 1.9009 2.07387 1.67237
threshold=0.042983856536953802 2.5000000000000004 2.5000000000000004 13.500000000000002 1.0000000180025095e-35 0.2094636714928956 0.33511090731961962 2424832.0000000005 1.0000000180025095e-35 7405568.0000000009 1376256.0000000002 1.0000000180025095e-35 2162688.0000000005 1.5000000000000002
decision_type=2 2 2 2 2 2 2 2 2 2 2 2 2 2
left_child=13 6 3 4 5 7 11 -3 -8 -10 -4 12 -2 -1
right_child=1 2 10 -5 -6 -7 8 -9 9 -11 -12 -13 -14 -15
leaf_value=-0.0015425096374054599 0.0027994892135262493 -0.0045900319402861923 0.0037495588403862116 0.0072557189903761218 -0.0041576485706138469 0.0032661464931304333 0.0084650441704719678 0.00028742853725584702 -0.0033118884185450561 0.0091708272485665886 0.012412297471892091 -0.0030414417774780938 0.011469995204097359 -0.0047586481899966043
leaf_weight=489 500 329 458 285 630 670 765 765 92 71 80 115 80 2331
leaf_count=489 500 329 458 285 630 670 765 765 92 71 80 115 80 2331
internal_value=0 0.00244766 0.00095024 0.000129392 -0.00071898 0.000509116 0.00541576 -0.00117938 0.0073515 0.00212537 0.0050377 0.00283105 0.00399542 -0.00420096
internal_weight=0 4840 3217 2679 2394 1764 1623 1094 928 163 538 695 580 2820
internal_count=7660 4840 3217 2679 2394 1764 1623 1094 928 163 538 695 580 2820
is_linear=0
shrinkage=0.05


Tree=22
num_leaves=15
num_cat=0
split_feature=18 2 15 12 12 13 18 18 11 5 3 5 1 12
split_gain=28.4357 7.67613 4.74699 4.60461 5.02327 3.33524 3.03464 2.96513 2.14209 1.93836 1.67516 1.58466 1.80118 1.98717
threshold=0.043975419138534415 2.5000000000000004 61.500000000000007 2.5000000000000004 1.0000000180025095e-35 9.5000000000000018 0.25684613466166162 0.41952052795642186 1.0000000180025095e-35 3473408.0000000005 1376256.0000000002 196608.00000000003 1.5000000000000002 5.5000000000000009
decision_type=2 2 2 2 2 2 2 2 2 2 2 2 2 2
left_child=-1 7 3 4 5 6 -3 -2 -8 -7 -5 -9 -13 -14
right_child=1 2 -4 10 -6 9 8 11 -10 -11 -12 12 13 -15
leaf_value=-0.0039554412794370617 0.0030379039557500184 -0.0013143129522267091 0.010633642774475508 0.0036646793025352483 -0.0042034126439136239 0.014717420908036056 0.0042753252333279741 0.012318647698019491 -0.0064030006563720798 0.0040186755815330814 0.011594896874378754 0.0091816227414355366 0.0019697348446529295 0.010767981158681663
leaf_weight=2852 823 1145 121 424 629 54 485 132 52 196 79 302 283 83
leaf_count=2852 823 1145 121 424 629 54 485 132 52 196 79 302 283 83
internal_value=0 0.00234628 0.000920136 0.000536542 -0.000322474 0.00094104 0.000140124 0.00514497 0.0032413 0.0063296 0.00491018 0.00731261 0.00632339 0.00396497
internal_weight=0 4808 3185 3064 2561 1932 1682 1623 537 250 503 800 668 366
internal_count=7660 4808 3185 3064 2561 1932 1682 1623 537 250 503 800 668 366
is_linear=0
shrinkage=0.05


Tree=23
num_leaves=15
num_cat=0
split_feature=18 18 5 5 5 6 3 18 4 2 6 13 3 3
split_gain=25.6856 7.11403 4.88387 3.38891 5.89556 2.28133 6.81951 2.13455 1.90119 1.83891 1.80231 1.79516 1.77826 2.39896
threshold=0.042983856536953802 0.33511090731961962 7667712.0000000009 1114112.0000000002 327680.00000000006 1.0000000180025095e-35 196608.00000000003 0.52915044750810181 8323072.0000000009 19.000000000000004 1.0000000180025095e-35 9.5000000000000018 8060928.0000000009 1.0000000180025095e-35
decision_type=2 2 2 2 2 2 2 2 2 2 2 2 2 2
left_child=-1 2 5 4 12 6 11 -6 -8 -5 -9 -2 13 -3
right_child=1 3 -4 9 7 -7 8 10 -10 -11 -12 -13 -14 -15
leaf_value=-0.0037931361608289794 -0.0021406315432686471 0.004040889185853303 0.0032893206700348532 0.0059195464693904236 -0.0068547654184371691 -0.0031640901511829017 0.012053711150551006 0.0074798084609210488 0.0019846927636945752 0.014144703460066285 -0.0013033770426938481 0.0047696815627925803 -0.0017029155641794206 0.012852080358612922
leaf_weight=2820 829 154 1115 983 132 695 138 75 71 73 264 106 50 155
leaf_count=2820 829 154 1115 983 132 695 138 75 71 73 264 106 50 155
internal_value=0 0.00221005 0.000678361 0.0046091 0.00221842 -0.000904684 0.000467944 -0.00146058 0.00863314 0.00648814 0.000639806 -0.00135722 0.00704519 0.00846074
internal_weight=0 4840 2954 1886 830 1839 1144 471 209 1056 339 935 359 309
internal_count=7660 4840 2954 1886 830 1839 1144 471 209 1056 339 935 359 309
is_linear=0
shrinkage=0.05


Tree=24
num_leaves=15
num_cat=0
split_feature=18 2 2 0 3 18 12 1 7 4 6 18 15 18
split_gain=23.3131 5.10293 3.40691 3.24963 3.86465 2.39358 2.39268 2.5675 1.91348 2.20477 1.78259 2.16865 1.76043 2.12036
threshold=0.076097946280563586 2.5000000000000004 5.5000000000000009 1.5000000000000002 4915200.0000000009 0.33511090731961962 3.5000000000000004 3.5000000000000004 1.0000000180025095e-35 7405568.0000000009 4.5000000000000009 0.19518138709622135 61.500000000000007 0.52915044750810181
decision_type=2 2 2 2 2 2 2 2 2 2 2 2 2 2
left_child=3 5 6 -1 -5 -2 10 -8 -7 -10 11 -3 13 -4
right_child=1 2 12 4 -6 8 7 -9 9 -11 -12 -13 -14 -15
leaf_value=-0.0045890443780791648 0.0024692378952536637 -0.0028699455254309961 0.0017802140502268136 -0.0019781704514684594 0.010633028731755322 0.0074188485922401445 0.012926631733294456 0.0011776871798980621 -0.0036563149542021365 0.0080716405955838493 -0.0054272306834876605 0.0016584239919481079 0.011861282456339453 0.0078958846977231108
leaf_weight=1705 682 488 828 1700 63 765 62 186 92 71 213 577 57 171
leaf_count=1705 682 488 828 1700 63 765 62 186 92 71 213 577 57 171
internal_value=0 0.0025089 0.00113137 -0.00303268 -0.00152752 0.0047181 -0.000379503 0.00411492 0.00637082 0.00145218 -0.00125166 -0.000416547 0.00331468 0.00282704
internal_weight=0 4192 2582 3468 1763 1610 1526 248 928 163 1278 1065 1056 999
internal_count=7660 4192 2582 3468 1763 1610 1526 248 928 163 1278 1065 1056 999
is_linear=0
shrinkage=0.05


Tree=25
num_leaves=15
num_cat=0
split_feature=18 2 15 12 12 13 18 18 11 3 5 1 2 2
split_gain=21.1074 5.88564 3.36279 3.54182 4.0624 2.93344 2.50556 2.22903 2.02506 1.55971 1.49324 1.41674 1.46756 1.33843
threshold=0.042983856536953802 2.5000000000000004 61.500000000000007 2.5000000000000004 1.0000000180025095e-35 9.5000000000000018 0.25684613466166162 0.41952052795642186 1.0000000180025095e-35 1376256.0000000002 3342336.0000000005 1.5000000000000002 34.500000000000007 3.5000000000000004
decision_type=2 2 2 2 2 2 2 2 2 2 2 2 2 2
left_child=11 7 3 4 5 6 13 -2 -8 -5 -7 12 -1 -3
right_child=1 2 -4 9 -6 10 8 -9 -10 -11 -12 -13 -14 -15
leaf_value=3.2971651914219063e-06 0.0026313077791380096 -0.0042116365579471411 0.0086111319827214452 0.0030686200534889721 -0.0037741471548362149 0.013297075370572647 0.0038946968731326387 0.0063376185687084212 -0.0064878527719814047 0.010720689316527754 0.0038626559189896084 -0.0039518178758000773 -0.0085324715757579134 -0.00026715708925185197
leaf_weight=432 823 286 131 424 639 53 485 800 52 79 201 2331 57 867
leaf_count=432 823 286 131 424 639 53 485 800 52 79 201 2331 57 867
internal_value=0 0.00200343 0.000764984 0.000431917 -0.000315577 0.000821268 6.82878e-05 0.0044582 0.00288931 0.00427044 0.00583126 -0.00343852 -0.00099167 -0.00124558
internal_weight=0 4840 3217 3086 2583 1944 1690 1623 537 503 254 2820 489 1153
internal_count=7660 4840 3217 3086 2583 1944 1690 1623 537 503 254 2820 489 1153
is_linear=0
shrinkage=0.05


Tree=26
num_leaves=15
num_cat=0
split_feature=18 18 1 0 9 15 14 17 18 13 4 6 12 3
split_gain=19.0494 5.39203 3.83728 3.15367 2.50117 2.38443 2.4486 1.77493 1.75111 1.61454 1.52159 1.51556 2.55168 2.35014
threshold=0.042983856536953802 0.49733285238297492 1.5000000000000002 1.5000000000000002 2.5000000000000004 61.500000000000007 19.500000000000004 57.500000000000007 0.20007426819806487 52.500000000000007 8716288.0000000019 1.0000000180025095e-35 2.5000000000000004 1376256.0000000002
decision_type=2 2 2 2 2 2 2 2 2 2 2 2 2 2
left_child=-1 2 5 -3 10 6 7 -2 -7 -8 -4 -5 -13 -14
right_child=1 3 4 11 -6 8 9 -9 -10 -11 -12 12 13 -15
leaf_value=-0.0032665898092194287 0.0025767437631539366 -0.00087879410625413756 -0.00061418177054388 0.008440869822887118 0.0096066967157994298 0.0048528365708969453 -0.0061916084405575092 0.012110463544434194 0.016500264972448352 0.0041509969054528001 -0.0093651489299886367 0.00049706692096443124 0.0046249190770404442 0.012796028034809309
leaf_weight=2820 1142 215 1910 353 59 91 131 51 50 53 51 262 355 117
leaf_count=2820 1142 215 1910 353 59 91 131 51 50 53 51 262 355 117
internal_value=0 0.00190326 0.000890866 0.0046543 -0.000536591 0.00279038 0.00215627 0.0029843 0.00898313 -0.00321249 -0.000841769 0.0057487 0.00445397 0.00665038
internal_weight=0 4840 3538 1302 2020 1518 1377 1193 141 184 1961 1087 734 472
internal_count=7660 4840 3538 1302 2020 1518 1377 1193 141 184 1961 1087 734 472
is_linear=0
shrinkage=0.05


Tree=27
num_leaves=15
num_cat=0
split_feature=18 13 0 3 5 1 18 5 17 18 1 6 18 18
split_gain=17.3949 5.16605 3.2085 4.38013 3.44893 2.60142 2.58546 1.81212 1.78485 1.66054 1.63736 1.72804 1.50245 2.57177
threshold=0.16019799854342356 7.5000000000000009 1.5000000000000002 4390912.0000000009 1638400.0000000002 1.5000000000000002 0.84749212408080776 4259840.0000000009 57.500000000000007 0.030281468152718843 24.500000000000004 5.5000000000000009 0.19518138709622135 0.4770067943338247
decision_type=2 2 2 2 2 2 2 2 2 2 2 2 2 2
left_child=1 2 -1 7 -5 8 10 -4 12 -9 11 -7 -2 -14
right_child=5 -3 3 4 -6 6 -8 9 -10 -11 -12 -13 13 -15
leaf_value=-0.0040538757220491403 0.008283843404873658 0.0044820892100281024 -0.004504525317610357 0.015740491666186317 9.9867253334491295e-05 0.0020044909501429758 0.0082568128599918317 -0.0025735233727500065 0.010133123996131348 0.00051232140429257516 -0.0052192863760555687 -0.00388244381458477 0.00097722118466923814 0.0064219596363521746
leaf_weight=1803 170 286 484 65 77 1627 140 881 132 863 94 135 541 362
leaf_count=1803 170 286 484 65 77 1627 140 881 132 863 94 135 541 362
internal_value=0 -0.00201879 -0.00246433 -0.00125507 0.00725931 0.00281217 0.00170467 -0.00179772 0.00464668 -0.00104653 0.00121043 0.00155345 0.00397174 0.00315994
internal_weight=0 4459 4173 2370 142 3201 1996 2228 1205 1744 1856 1762 1073 903
internal_count=7660 4459 4173 2370 142 3201 1996 2228 1205 1744 1856 1762 1073 903
is_linear=0
shrinkage=0.05


Tree=28
num_leaves=15
num_cat=0
split_feature=18 13 0 3 5 1 18 2 2 16 2 1 17 1
split_gain=15.6989 4.66236 2.89567 3.95307 3.11266 2.34779 2.33338 1.76358 2.22527 2.72136 2.25161 4.14444 1.61083 1.47772
threshold=0.16019799854342356 7.5000000000000009 1.5000000000000002 4390912.0000000009 1638400.0000000002 1.5000000000000002 0.84749212408080776 3.5000000000000004 20.500000000000004 51.500000000000007 13.500000000000002 1.5000000000000002 57.500000000000007 24.500000000000004
decision_type=2 2 2 2 2 2 2 2 2 2 2 2 2 2
left_child=1 2 -1 7 -5 12 13 -4 9 10 -9 -12 -2 -7
right_child=5 -3 3 4 -6 6 -8 8 -10 -11 11 -13 -14 -15
leaf_value=-0.0038511819335345604 0.0037731551194515448 0.0042579848273702854 -0.0034521726022128671 0.014953467252735908 9.4873922598826422e-05 0.0014757764851469621 0.0078439721559490343 -0.0012908058507842051 -0.0038587676965439288 0.011089973416873965 0.010822423184611674 -0.0038115292563136805 0.0096264678533330116 -0.0049583220324495147
leaf_weight=1803 1073 286 878 65 77 1762 140 719 373 59 116 83 132 94
leaf_count=1803 1073 286 878 65 77 1762 140 719 373 59 116 83 132 94
internal_value=0 -0.00191785 -0.00234111 -0.00119231 0.00689634 0.00267157 0.00161943 -0.00170784 -0.000573376 0.000680924 1.19333e-05 0.00471881 0.00441435 0.00114991
internal_weight=0 4459 4173 2370 142 3201 1996 2228 1350 977 918 199 1205 1856
internal_count=7660 4459 4173 2370 142 3201 1996 2228 1350 977 918 199 1205 1856
is_linear=0
shrinkage=0.05


Tree=29
num_leaves=15
num_cat=0
split_feature=18 13 0 3 12 0 5 18 15 2 2 16 2 1
split_gain=14.1682 4.20778 2.61334 3.56764 2.83223 2.27846 3.17248 3.0589 2.01036 1.59163 2.00831 2.45603 2.03208 3.74036
threshold=0.16019799854342356 7.5000000000000009 1.5000000000000002 4390912.0000000009 1.0000000180025095e-35 1.5000000000000002 327680.00000000006 0.49733285238297492 61.500000000000007 3.5000000000000004 20.500000000000004 51.500000000000007 13.500000000000002 1.5000000000000002
decision_type=2 2 2 2 2 2 2 2 2 2 2 2 2 2
left_child=1 2 -1 9 -5 6 -2 8 -7 -4 11 12 -11 -14
right_child=5 -3 3 4 -6 7 -8 -9 -10 10 -12 -13 13 -15
leaf_value=-0.0036586228197508981 0.0083272368286594033 0.0040450855899094185 -0.0032795639866687238 0.01322568984081348 -0.00091955371534646439 0.0013121937062562372 -0.0033415070407333035 0.0051055883412980223 0.0087563679398347926 -0.0012262653740788701 -0.0036658293040763915 0.010535474614066592 0.010281302105506948 -0.0036209527044052101
leaf_weight=1803 72 286 878 75 67 1641 305 1087 96 719 373 59 116 83
leaf_count=1803 72 286 878 75 67 1641 305 1087 96 719 373 59 116 83
internal_value=0 -0.00182195 -0.00222406 -0.0011327 0.00655153 0.00253799 -0.00111299 0.00302539 0.00172362 -0.00162245 -0.000544707 0.000646878 1.13368e-05 0.00448287
internal_weight=0 4459 4173 2370 142 3201 377 2824 1737 2228 1350 977 918 199
internal_count=7660 4459 4173 2370 142 3201 377 2824 1737 2228 1350 977 918 199
is_linear=0
shrinkage=0.05


Tree=30
num_leaves=15
num_cat=0
split_feature=18 2 15 12 12 13 14 18 18 9 4 2 2 6
split_gain=12.7904 4.12603 2.50011 2.41014 3.28137 2.0912 2.28645 1.84965 1.81219 1.52762 1.47958 2.00004 1.51859 1.39802
threshold=0.042983856536953802 2.5000000000000004 61.500000000000007 2.5000000000000004 1.0000000180025095e-35 9.5000000000000018 60.500000000000007 0.22146891302597715 0.76886908021345368 2.5000000000000004 6356992.0000000009 12.500000000000002 6.5000000000000009 1.0000000180025095e-35
decision_type=2 2 2 2 2 2 2 2 2 2 2 2 2 2
left_child=-1 8 3 4 5 6 7 10 9 13 -3 12 -12 -2
right_child=1 2 -4 -5 -6 -7 -8 -9 -10 -11 11 -13 -14 -15
leaf_value=-0.002676673049465522 0.0038450970841668979 -0.0028362471682304353 0.0072879080554001212 0.0034018835138018518 -0.0034895515911836567 0.0048706109657531658 -0.010528014868497849 0.0026020180426334968 0.0084207992521779882 0.011130944772490435 0.00092779048066987148 0.0090599963046384593 -0.0070869607230027512 0.00049961584543387939
leaf_weight=2820 919 515 131 503 639 254 50 578 175 56 412 66 69 473
leaf_count=2820 919 515 131 503 639 254 50 578 175 56 412 66 69 473
internal_value=0 0.00155955 0.000522624 0.00023544 -0.000381177 0.000640557 4.79736e-06 0.00032592 0.00361487 0.00303404 -0.000912861 0.000898006 -0.000221935 0.00270831
internal_weight=0 4840 3217 3086 2583 1944 1690 1640 1623 1448 1062 547 481 1392
internal_count=7660 4840 3217 3086 2583 1944 1690 1640 1623 1448 1062 547 481 1392
is_linear=0
shrinkage=0.05


Tree=31
num_leaves=15
num_cat=0
split_feature=18 13 0 3 5 1 18 5 17 18 5 4 5 7
split_gain=11.617 3.49898 2.2254 3.13878 2.57879 1.97034 2.03852 1.5129 1.39592 1.38201 2.38549 2.17027 1.74532 1.33472
threshold=0.16019799854342356 7.5000000000000009 1.5000000000000002 4390912.0000000009 1638400.0000000002 1.5000000000000002 0.84749212408080776 4259840.0000000009 57.500000000000007 0.19518138709622135 6094848.0000000009 7012352.0000000009 7798784.0000000009 3.5000000000000004
decision_type=2 2 2 2 2 2 2 2 2 2 2 2 2 2
left_child=1 2 -1 7 -5 8 13 -4 9 12 -11 -12 -2 -7
right_child=5 -3 3 4 -6 6 -8 -9 -10 10 11 -13 -14 -15
leaf_value=-0.0033402668960385764 0.00057379170922407263 0.0037003386791972966 -0.0039419674576252452 0.013531917276290748 7.4554476645085729e-06 0.0011185366134199232 0.0071522737962992069 -0.00078233787255925589 0.0087466936332709858 0.0062460943306012155 -0.0067697843155228952 0.0019265453001952575 0.01117512273517522 -0.0071629745960235594
leaf_weight=1803 60 286 484 65 77 1806 140 1744 132 291 83 529 110 50
leaf_count=1803 60 286 484 65 77 1806 140 1744 132 291 83 529 110 50
internal_value=0 -0.00164978 -0.00201645 -0.00100935 0.00619823 0.00229815 0.00133429 -0.00146872 0.0038947 0.00329781 0.00251923 0.000747141 0.00743348 0.000895436
internal_weight=0 4459 4173 2370 142 3201 1996 2228 1205 1073 903 612 170 1856
internal_count=7660 4459 4173 2370 142 3201 1996 2228 1205 1073 903 612 170 1856
is_linear=0
shrinkage=0.05


Tree=32
num_leaves=15
num_cat=0
split_feature=18 2 4 15 1 5 18 5 3 12 18 2 1 18
split_gain=10.5845 3.55226 2.44511 2.17716 1.87172 1.74667 3.05723 1.71969 3.1721 1.27259 1.3424 1.16571 1.09522 1.17554
threshold=0.042983856536953802 2.5000000000000004 8454144.0000000019 66.500000000000014 37.500000000000007 1114112.0000000002 0.51997310280278197 196608.00000000003 1.0000000180025095e-35 1.0000000180025095e-35 0.28354120805716071 15.500000000000002 18.000000000000004 0.33511090731961962
decision_type=2 2 2 2 2 2 2 2 2 2 2 2 2 2
left_child=-1 7 3 4 5 9 -7 8 -2 10 -3 -8 13 -9
right_child=1 2 -4 -5 -6 6 11 12 -10 -11 -12 -13 -14 -15
leaf_value=-0.0024349409464027583 -0.0012229523416292869 -0.0021578124628561786 -0.0093766770295558438 0.0093693612728800099 -0.0086057511786098734 0.00067233603701443454 0.0046771420463579431 0.0016535130002446015 0.013170296582606955 -0.0039831894500540537 0.0024898654235388481 0.012760934313493117 -0.00061467492362348049 0.0047320979486411329
leaf_weight=2820 59 327 62 70 56 1846 219 570 109 285 296 56 205 680
leaf_count=2820 59 327 62 70 56 1846 219 570 109 285 296 56 205 680
internal_value=0 0.00141871 0.000456576 0.000649813 0.000451962 0.000619421 0.00140502 0.00332577 0.00811552 -0.00121565 5.0394e-05 0.0063233 0.00277273 0.00332826
internal_weight=0 4840 3217 3155 3085 3029 2121 1623 168 908 623 275 1455 1250
internal_count=7660 4840 3217 3155 3085 3029 2121 1623 168 908 623 275 1455 1250
is_linear=0
shrinkage=0.05


Tree=33
num_leaves=15
num_cat=0
split_feature=18 0 18 5 9 4 6 3 7 2 13 5 18 4
split_gain=9.59709 3.6415 3.81272 2.99204 2.43276 2.25655 1.53534 5.46143 2.58912 1.82239 1.85036 1.6907 2.18517 1.68204
threshold=0.030281468152718843 1.5000000000000002 0.49733285238297492 327680.00000000006 2.5000000000000004 327680.00000000006 1.0000000180025095e-35 1.0000000180025095e-35 1.0000000180025095e-35 20.500000000000004 14.500000000000002 8060928.0000000009 0.27467733299528224 7536640.0000000009
decision_type=2 2 2 2 2 2 2 2 2 2 2 2 2 2
left_child=-1 3 4 -2 5 -3 7 9 11 10 -7 -8 -13 -9
right_child=1 2 -4 -5 -6 6 8 13 -10 -11 -12 12 -14 -15
leaf_value=-0.0025854942670225172 0.007519456285549557 -0.0035917532422559727 0.0043200087730996418 -0.0031556305557245029 0.0099480485875312608 0.00040878578697371612 -0.0012330564890841121 0.01200378768821247 -0.0092499089369803313 -0.0074884101038887388 0.0043700779724055415 0.0090289039342176351 -0.002145470241705577 0.0039859993965364994
leaf_weight=2444 73 278 1087 651 73 1569 532 150 81 63 363 105 75 116
leaf_count=2444 73 278 1087 651 73 1569 532 150 81 63 363 105 75 116
internal_value=0 0.00121145 0.00174184 -0.00207928 0.000918794 0.000720974 0.00111355 0.00177749 -0.00077945 0.000880177 0.00115307 0.000184183 0.00437291 0.00850731
internal_weight=0 5216 4492 724 3405 3332 3054 2261 793 1995 1932 712 180 266
internal_count=7660 5216 4492 724 3405 3332 3054 2261 793 1995 1932 712 180 266
is_linear=0
shrinkage=0.05


Tree=34
num_leaves=15
num_cat=0
split_feature=18 13 0 3 12 1 18 2 2 16 2 1 2 18
split_gain=8.6981 2.8402 1.71687 2.63877 2.19093 1.62921 1.7712 1.40165 1.59731 2.15957 1.8186 3.36146 1.35855 1.35735
threshold=0.16019799854342356 7.5000000000000009 1.5000000000000002 4390912.0000000009 1.0000000180025095e-35 1.5000000000000002 0.84749212408080776 3.5000000000000004 20.500000000000004 51.500000000000007 13.500000000000002 1.5000000000000002 11.500000000000002 0.11613230004074239
decision_type=2 2 2 2 2 2 2 2 2 2 2 2 2 2
left_child=1 2 -1 7 -5 -2 -7 -4 9 10 12 -12 13 -9
right_child=5 -3 3 4 -6 6 -8 8 -10 -11 11 -13 -14 -15
leaf_value=-0.0029206725126216956 0.003440367234165537 0.0033926698522498975 -0.0028495980255891294 0.011605408256252607 -0.00083574756090320763 0.00070305853830710668 0.0065352421932454623 0.00087344995100987848 -0.0030666424905326992 0.010052147924394931 0.0099106241916788046 -0.0032686795096799554 -0.0072629480392901935 -0.0050051179183416136
leaf_weight=1803 1205 286 878 75 67 1856 140 521 373 59 116 83 77 121
leaf_count=1803 1205 286 878 75 67 1856 140 521 373 59 116 83 77 121
internal_value=0 -0.00142755 -0.00175791 -0.000873327 0.00573529 0.00198858 0.00111213 -0.00129452 -0.000283146 0.000779539 0.000183587 0.00441373 -0.000987203 -0.000234504
internal_weight=0 4459 4173 2370 142 3201 1996 2228 1350 977 918 199 719 642
internal_count=7660 4459 4173 2370 142 3201 1996 2228 1350 977 918 199 719 642
is_linear=0
shrinkage=0.05


Tree=35
num_leaves=15
num_cat=0
split_feature=18 0 18 5 9 4 6 3 7 2 18 4 13 5
split_gain=7.89292 3.11294 3.32131 2.64155 2.18962 1.93705 1.39449 4.72573 2.37028 1.60138 1.55666 1.71594 1.54797 1.47485
threshold=0.030281468152718843 1.5000000000000002 0.49733285238297492 327680.00000000006 2.5000000000000004 327680.00000000006 1.0000000180025095e-35 1.0000000180025095e-35 1.0000000180025095e-35 20.500000000000004 0.19261236989032585 7012352.0000000009 14.500000000000002 8060928.0000000009
decision_type=2 2 2 2 2 2 2 2 2 2 2 2 2 2
left_child=-1 3 4 -2 5 -3 7 9 13 12 11 -9 -7 -8
right_child=1 2 -4 -5 -6 6 8 10 -10 -11 -12 -13 -14 -15
leaf_value=-0.0023447297447012952 0.0070751057293470185 -0.0033625870139049972 0.0039953211152783863 -0.0029552514154461145 0.0093870150410149192 0.00037001603681575143 -0.0012088563786889603 0.018570967614650727 -0.0089117675467773726 -0.0070497862876407677 0.0043154819251995692 0.0067316667230772802 0.0039931937498002019 0.0040270464205079612
leaf_weight=2444 73 278 1087 651 73 1569 532 55 81 63 142 69 363 180
leaf_count=2444 73 278 1087 651 73 1569 532 55 81 63 142 69 363 180
internal_value=0 0.00109864 0.00158903 -0.0019439 0.000820849 0.000633175 0.000996902 0.00162965 -0.000807183 0.000794961 0.0078898 0.011983 0.00105077 0.000114827
internal_weight=0 5216 4492 724 3405 3332 3054 2261 793 1995 266 124 1932 712
internal_count=7660 5216 4492 724 3405 3332 3054 2261 793 1995 266 124 1932 712
is_linear=0
shrinkage=0.05


Tree=36
num_leaves=15
num_cat=0
split_feature=18 13 1 6 18 0 3 5 5 6 7 3 4 15
split_gain=7.20774 2.37159 1.55843 1.48783 1.70383 1.40114 2.19808 1.88461 1.34722 1.13178 2.50528 2.11141 2.03785 1.24682
threshold=0.16019799854342356 7.5000000000000009 29.500000000000004 5.5000000000000009 0.76886908021345368 1.5000000000000002 4390912.0000000009 1638400.0000000002 4259840.0000000009 1.0000000180025095e-35 1.5000000000000002 1900544.0000000002 7536640.0000000009 1.5000000000000002
decision_type=2 2 2 2 2 2 2 2 2 2 2 2 2 2
left_child=1 5 3 4 9 -1 8 -8 -7 11 -11 13 -13 -2
right_child=2 -3 -4 -5 -6 6 7 -9 -10 10 -12 12 -14 -15
leaf_value=-0.002651805429148708 0.0014222846282854089 0.0031051488492273159 -0.0069478699583560236 -0.00276389404466528 0.0054515936966119732 -0.0035205836373204294 0.011498702512337611 -6.30271899235713e-05 -0.0005389774671046559 0.0012569441303342114 -0.0074798893350898552 0.012599607954295922 0.0013825939846751484 0.0060542662010853558
leaf_weight=1803 1164 286 50 159 355 484 65 77 1744 1051 89 98 69 166
leaf_count=1803 1164 286 50 159 355 484 65 77 1744 1051 89 98 69 166
internal_value=0 -0.00129951 0.00181022 0.00194919 0.00219965 -0.00160139 -0.000802269 0.00522931 -0.00118669 0.00176187 0.000574858 0.0026658 0.00796503 0.00200041
internal_weight=0 4459 3201 3151 2992 4173 2370 142 2228 2637 1140 1497 167 1330
internal_count=7660 4459 3201 3151 2992 4173 2370 142 2228 2637 1140 1497 167 1330
is_linear=0
shrinkage=0.05


Tree=37
num_leaves=15
num_cat=0
split_feature=18 18 5 5 5 18 2 12 12 0 3 5 1 3
split_gain=6.57012 2.71047 2.35548 1.94492 3.90181 1.66769 1.59221 1.5073 1.41319 1.19711 1.54951 2.5363 1.14827 1.1021
threshold=0.030281468152718843 0.33511090731961962 7929856.0000000009 1114112.0000000002 327680.00000000006 0.52915044750810181 19.000000000000004 21.500000000000004 1.0000000180025095e-35 1.5000000000000002 5308416.0000000009 1376256.0000000002 19.500000000000004 1.0000000180025095e-35
decision_type=2 2 2 2 2 2 2 2 2 2 2 2 2 2
left_child=-1 2 7 4 8 -6 12 9 13 -2 -11 -12 -5 -3
right_child=1 3 -4 6 5 -7 -8 -9 -10 10 11 -13 -14 -15
leaf_value=-0.0021392448210144498 -0.0029708825421543021 0.0030097828596787717 0.00190364794235009 0.0038431197130705886 -0.0070551065006646124 -0.00043064053594491896 0.011064869451196228 -0.0091866094689324225 -0.0011332723062212875 -0.00054492584183473249 0.009396132955201043 -0.0032780559326056392 -0.0033514924599962722 0.0093267540578979187
leaf_weight=2444 437 131 1211 924 132 339 73 53 82 1462 103 64 59 146
leaf_count=2444 437 131 1211 924 132 339 73 53 82 1462 103 64 59 146
internal_value=0 0.00100236 0.000144587 0.00251688 0.000705781 -0.00228718 0.00394038 -0.000860709 0.00463248 -0.000647121 -2.37418e-05 0.00453896 0.0034113 0.00633931
internal_weight=0 5216 3330 1886 830 471 1056 2119 359 2066 1629 167 983 277
internal_count=7660 5216 3330 1886 830 471 1056 2119 359 2066 1629 167 983 277
is_linear=0
shrinkage=0.05


Tree=38
num_leaves=15
num_cat=0
split_feature=18 18 9 6 18 6 12 3 4 7 1 4 5 5
split_gain=5.92953 2.4462 2.15822 1.92046 2.18441 1.8043 2.42661 2.86377 2.39243 1.99812 1.77591 1.76261 1.68608 1.44318
threshold=0.030281468152718843 0.33511090731961962 2.5000000000000004 2.5000000000000004 0.31589968616809172 1.0000000180025095e-35 9.5000000000000018 1376256.0000000002 851968.00000000012 1.5000000000000002 37.500000000000007 327680.00000000006 196608.00000000003 1245184.0000000002
decision_type=2 2 2 2 2 2 2 2 2 2 2 2 2 2
left_child=-1 2 3 4 10 8 9 -8 -3 -7 11 -2 -10 -13
right_child=1 5 -4 -5 -6 6 7 -9 12 -11 -12 13 -14 -15
leaf_value=-0.0020322825954087634 -0.0035446846658097847 -0.00018190962503555463 0.0099598242342472092 -0.0039569039517951292 -0.0085809811616121834 0.00028825077753487734 0.0019031302646342957 0.011080854047739178 0.013533737425293242 -0.0082391160662745599 -0.0086985249035790857 0.0039844883557305011 0.005137428618632485 0.00060632136225125758
leaf_weight=2444 224 197 55 284 67 637 386 109 70 77 51 367 410 2282
leaf_count=2444 224 197 55 284 67 637 386 109 70 77 51 367 410 2282
internal_value=0 0.000952243 0.000137358 -2.75994e-05 0.000345494 0.00239104 0.00123377 0.00392408 0.00445771 -0.000631367 0.000550034 0.000714209 0.00636189 0.00107434
internal_weight=0 5216 3330 3275 2991 1886 1209 495 677 714 2924 2873 480 2649
internal_count=7660 5216 3330 3275 2991 1886 1209 495 677 714 2924 2873 480 2649
is_linear=0
shrinkage=0.05


Tree=39
num_leaves=15
num_cat=0
split_feature=18 13 1 6 18 5 5 2 2 1 10 7 18 15
split_gain=5.4378 1.99498 1.29896 1.24242 1.42437 1.05017 1.47551 2.18553 1.04224 0.970378 1.55925 1.33006 1.24313 1.8324
threshold=0.16019799854342356 13.500000000000002 29.500000000000004 5.5000000000000009 0.76886908021345368 4259840.0000000009 1507328.0000000002 5.5000000000000009 12.500000000000002 1.5000000000000002 1.5000000000000002 1.0000000180025095e-35 0.19518138709622135 61.500000000000007
decision_type=2 2 2 2 2 2 2 2 2 2 2 2 2 2
left_child=1 5 3 4 9 6 7 -1 -3 12 11 -11 -2 -14
right_child=2 8 -4 -5 -6 -7 -8 -9 -10 10 -12 -13 13 -15
leaf_value=-0.00084558015802245153 0.0064463363980967045 0.0049700760038999415 -0.0064235299155116082 -0.002607669642514699 0.004901401850781863 -0.00047840480178199798 -0.0027657741348346152 0.0098223335092078971 -0.0017198416931801534 0.0016463804941048805 -0.0062207968542715179 -0.0029560355209438498 0.0012483360012993218 0.0093525634196243781
leaf_weight=510 181 195 50 159 355 1774 1844 53 83 1276 77 179 848 76
leaf_count=510 181 195 50 159 355 1774 1844 53 83 1276 77 179 848 76
internal_value=0 -0.00112873 0.00157233 0.00169921 0.00192808 -0.00140144 -0.00208174 0.000158682 0.00297273 0.0015278 0.000713218 0.00108017 0.00265717 0.00191492
internal_weight=0 4459 3201 3151 2992 4181 2407 563 278 2637 1532 1455 1105 924
internal_count=7660 4459 3201 3151 2992 4181 2407 563 278 2637 1532 1455 1105 924
is_linear=0
shrinkage=0.05


Tree=40
num_leaves=15
num_cat=0
split_feature=18 13 2 9 5 18 2 14 5 2 1 12 14 5
split_gain=4.90761 1.80047 1.25435 1.37062 1.95341 1.69359 1.43668 1.52308 1.26368 1.4189 1.83063 1.41504 1.27266 1.21526
threshold=0.16019799854342356 13.500000000000002 2.5000000000000004 1.0000000180025095e-35 1900544.0000000002 0.79374870604865977 1.5000000000000002 19.500000000000004 1114112.0000000002 19.000000000000004 4.5000000000000009 1.0000000180025095e-35 58.500000000000007 6488064.0000000009
decision_type=2 2 2 2 2 2 2 2 2 2 2 2 2 2
left_child=1 -1 3 5 -5 6 -2 13 11 12 -11 -4 -10 -8
right_child=2 -3 8 4 -6 -7 7 -9 9 10 -12 -13 -14 -15
leaf_value=-0.0013313723654121263 -0.00021533914516831557 0.0028240901531933027 0.00067771229485850037 0.012082021791747838 0.0025828741720482096 0.0076298056377304933 0.0094469062410868151 -0.00079755369159910426 0.0014621285297179304 0.0011029957612948631 0.013293076894785228 -0.0039903851083711748 -0.0065872883854004062 0.0029949688035802741
leaf_weight=4181 645 278 435 86 146 117 117 144 882 67 57 259 52 194
leaf_count=4181 645 278 435 86 146 117 117 144 882 67 57 259 52 194
internal_value=0 -0.0010723 0.00149371 0.00258206 0.00610411 0.00191065 0.00130234 0.00345377 0.000593584 0.00168116 0.0067065 -0.00106442 0.00101398 0.00542223
internal_weight=0 4459 3201 1449 232 1217 1100 455 1752 1058 124 694 934 311
internal_count=7660 4459 3201 1449 232 1217 1100 455 1752 1058 124 694 934 311
is_linear=0
shrinkage=0.05


Tree=41
num_leaves=15
num_cat=0
split_feature=18 18 9 6 4 12 3 7 6 18 1 2 4 5
split_gain=4.56618 2.22566 1.72793 1.6373 2.09863 2.00684 2.54392 1.78268 1.57317 1.94588 1.56892 1.65332 1.52501 1.50944
threshold=0.020708468876275959 0.33511090731961962 2.5000000000000004 1.0000000180025095e-35 851968.00000000012 9.5000000000000018 1376256.0000000002 1.5000000000000002 2.5000000000000004 0.31589968616809172 25.500000000000004 34.500000000000007 327680.00000000006 196608.00000000003
decision_type=2 2 2 2 2 2 2 2 2 2 2 2 2 2
left_child=-1 2 8 4 -3 7 -7 -5 9 10 11 12 -2 -6
right_child=1 3 -4 5 13 6 -8 -9 -10 -11 -12 -13 -14 -15
leaf_value=-0.0020599162414545917 -0.0032743111083453355 -0.00025012384495002969 0.0086636485237824284 0.00019662990687569252 0.012664504987852916 0.0015659915157859193 0.010216011561521698 -0.0078579095476488409 -0.0034831941190935178 -0.0082323540558121092 -0.0058593658150686906 -0.0065369094628840692 0.0010412627503241084 0.0047201696570207397
leaf_weight=1991 220 197 57 637 70 386 109 77 316 67 98 80 2945 410
leaf_count=1991 220 197 57 637 70 386 109 77 316 67 98 80 2945 410
internal_value=0 0.00072346 2.39415e-05 0.00212658 0.00409529 0.00102416 0.00347074 -0.000671997 -0.000108228 0.000204526 0.000373616 0.000561854 0.000741286 0.00587872
internal_weight=0 5669 3783 1886 677 1209 495 714 3726 3410 3343 3245 3165 480
internal_count=7660 5669 3783 1886 677 1209 495 714 3726 3410 3343 3245 3165 480
is_linear=0
shrinkage=0.05


Tree=42
num_leaves=15
num_cat=0
split_feature=18 18 9 6 4 12 3 7 13 5 6 18 12 1
split_gain=4.12097 2.00866 1.55946 1.47766 1.89401 1.81117 2.29588 1.60887 1.44017 1.36227 1.19265 1.41625 1.62528 1.27122
threshold=0.020708468876275959 0.33511090731961962 2.5000000000000004 1.0000000180025095e-35 851968.00000000012 9.5000000000000018 1376256.0000000002 1.5000000000000002 60.500000000000007 196608.00000000003 2.5000000000000004 0.31589968616809172 62.500000000000007 25.500000000000004
decision_type=2 2 2 2 2 2 2 2 2 2 2 2 2 2
left_child=-1 2 8 4 -3 7 -7 -5 10 -6 11 12 13 -2
right_child=1 3 -4 5 9 6 -8 -9 -10 -11 -12 -13 -14 -15
leaf_value=-0.0019569203856279588 1.7328543472512535e-05 -0.00023761748567904312 0.0082304660819078751 0.00018679838008674965 0.012031279823609763 0.0014876919127807717 0.0097052110820461859 -0.0074650143052439229 0.0033658472128508324 0.0044841611866907379 -0.0033090343925380964 -0.0073896168573544573 0.005606623404607998 -0.0059230883570728443
leaf_weight=1991 2848 197 57 637 70 386 109 77 277 410 316 65 127 93
leaf_count=1991 2848 197 57 637 70 386 109 77 277 410 316 65 127 93
internal_value=0 0.000687287 2.27444e-05 0.00202025 0.00389052 0.000972954 0.00329721 -0.000638397 -0.000102817 0.00558478 -0.000381396 -8.6109e-05 6.86264e-05 -0.000170519
internal_weight=0 5669 3783 1886 677 1209 495 714 3726 480 3449 3133 3068 2941
internal_count=7660 5669 3783 1886 677 1209 495 714 3726 480 3449 3133 3068 2941
is_linear=0
shrinkage=0.05


Tree=43
num_leaves=15
num_cat=0
split_feature=18 1 12 2 6 3 2 2 5 5 5 12 18 6
split_gain=3.73228 2.45726 2.21289 1.48703 1.57617 2.71381 1.18657 1.24284 1.61343 1.12927 1.87116 1.79071 1.5414 1.95495
threshold=0.29882659353147595 1.5000000000000002 62.500000000000007 34.500000000000007 1.0000000180025095e-35 196608.00000000003 2.5000000000000004 19.000000000000004 1114112.0000000002 196608.00000000003 2031616.0000000002 3.5000000000000004 0.52607307753300059 1.0000000180025095e-35
decision_type=2 2 2 2 2 2 2 2 2 2 2 2 2 2
left_child=1 2 3 4 5 -1 9 -8 -9 -2 11 12 -11 -14
right_child=6 -3 -4 -5 -6 -7 7 8 -10 10 -12 -13 13 -15
leaf_value=0.00072062495849710753 0.0070663634348999381 -0.0013890882647889329 0.0090281341224908839 -0.0061818624127514751 -0.0036463319686739597 0.0085468962803849427 -4.2816409985783785e-05 -0.0016494134546450852 0.0095989051554352042 -0.0068164684585537072 0.0040427713755575708 0.0080225856115038584 0.0059371285140514376 -0.0040463560855104807
leaf_weight=1203 143 3834 80 79 172 122 954 53 80 108 583 52 92 105
leaf_count=1203 143 3834 80 79 172 122 954 53 80 108 583 52 92 105
internal_value=0 -0.000693883 0.000915669 0.000503869 0.000856689 0.00144123 0.00175549 0.000588451 0.00511649 0.00292684 0.00229711 -0.000553657 -0.00201584 0.000615982
internal_weight=0 5490 1656 1576 1497 1325 2170 1087 133 1083 940 357 305 197
internal_count=7660 5490 1656 1576 1497 1325 2170 1087 133 1083 940 357 305 197
is_linear=0
shrinkage=0.05


Tree=44
num_leaves=15
num_cat=0
split_feature=18 1 18 6 3 2 18 18 6 4 12 3 7 4
split_gain=3.48547 1.74022 1.57193 1.39508 3.72924 1.85494 1.73746 1.27445 1.267 1.57632 1.42817 2.00537 1.27394 1.22837
threshold=0.020708468876275959 37.500000000000007 0.33511090731961962 1.0000000180025095e-35 1.0000000180025095e-35 28.000000000000004 0.024533873013069026 0.030281468152718843 1.0000000180025095e-35 851968.00000000012 9.5000000000000018 1376256.0000000002 1.5000000000000002 7667712.0000000009
decision_type=2 2 2 2 2 2 2 2 2 2 2 2 2 2
left_child=-1 2 3 4 5 6 -2 -8 9 -4 12 -12 -10 -9
right_child=1 -3 8 -5 -6 -7 7 13 10 -11 11 -13 -14 -15
leaf_value=-0.0017997144258710676 0.0061799905982201668 -0.0059729171037787993 -0.00015288642995680375 -0.0014030793489955781 0.0061007380951996065 -0.0064919591899596013 -0.0043437613854429838 -0.00085104618689067942 0.00022694819181606513 0.0052108183561602149 0.0013167220964024106 0.0089967573728036449 -0.0067550605939213212 0.0016237932259183969
leaf_weight=1991 123 98 192 1037 291 102 152 988 622 478 386 109 73 1018
leaf_count=1991 123 98 192 1037 291 102 152 988 622 478 386 109 73 1018
internal_value=0 0.000632075 0.000748264 0.000153656 0.000757371 0.000104866 0.000399858 7.0406e-05 0.0019346 0.00367376 0.000955415 0.00300788 -0.000506414 0.000404879
internal_weight=0 5669 5571 3711 2674 2383 2281 2158 1860 670 1190 495 695 2006
internal_count=7660 5669 5571 3711 2674 2383 2281 2158 1860 670 1190 495 695 2006
is_linear=0
shrinkage=0.05


Tree=45
num_leaves=15
num_cat=0
split_feature=18 1 18 9 18 6 4 2 2 5 5 18 3 2
split_gain=3.14563 1.57055 1.41866 1.35492 1.28751 1.44532 1.23927 1.3131 1.20445 1.16712 2.90484 1.34908 1.19518 1.16097
threshold=0.020708468876275959 37.500000000000007 0.33511090731961962 2.5000000000000004 0.31589968616809172 2.5000000000000004 327680.00000000006 34.500000000000007 4.5000000000000009 1114112.0000000002 327680.00000000006 0.52915044750810181 8060928.0000000009 19.000000000000004
decision_type=2 2 2 2 2 2 2 2 2 2 2 2 2 2
left_child=-1 2 3 4 5 6 8 -8 -2 10 12 -12 -4 -11
right_child=1 -3 9 -5 -6 -7 7 -9 -10 13 11 -13 -14 -15
leaf_value=-0.0017097287515505995 -0.0078097607633646803 -0.0056742712730608351 0.0049578967548334621 0.0077953928526033438 -0.0063703365091766634 -0.0031574231529084501 0.00090517275132345103 -0.0054710645991635611 -0.0002541272599491284 0.0024819669721836456 -0.0066216564043351696 -0.00054429649781041701 -0.0033801910053007306 0.0090183120782244691
leaf_weight=1991 85 98 306 57 77 300 2970 83 139 979 127 325 50 73
leaf_count=1991 85 98 306 57 77 300 2970 83 139 979 127 325 50 73
internal_value=0 0.000600471 0.000710851 0.000145973 2.66471e-05 0.000164351 0.00046845 0.000731826 -0.00312122 0.00183787 0.000408738 -0.00225187 0.00378682 0.00293553
internal_weight=0 5669 5571 3711 3654 3577 3277 3053 224 1860 808 452 356 1052
internal_count=7660 5669 5571 3711 3654 3577 3277 3053 224 1860 808 452 356 1052
is_linear=0
shrinkage=0.05


Tree=46
num_leaves=15
num_cat=0
split_feature=18 1 18 4 13 5 2 6 4 12 3 7 5 6
split_gain=2.83893 1.41742 1.28034 1.30185 1.23876 1.14716 1.2338 1.11809 1.39507 1.21951 1.80891 1.16867 1.12691 1.04094
threshold=0.020708468876275959 37.500000000000007 0.33511090731961962 10027008.000000002 60.500000000000007 1900544.0000000002 26.500000000000004 1.0000000180025095e-35 851968.00000000012 9.5000000000000018 1376256.0000000002 1.5000000000000002 196608.00000000003 4.5000000000000009
decision_type=2 2 2 2 2 2 2 2 2 2 2 2 2 2
left_child=5 2 3 4 -2 -1 -7 8 -4 11 -11 13 -10 -9
right_child=1 -3 7 -5 -6 6 -8 9 12 10 -12 -13 -14 -15
leaf_value=0.0031573609042502312 -2.3738677341548176e-06 -0.0053905577480802512 -0.00022018467619394264 -0.0069875977090781641 0.003475961621702793 -0.0022154808521192555 0.0037533169469008082 0.0012546464318918251 0.010686871813876288 0.0011165647328363181 0.0084106966169602282 -0.0065095930296468407 0.0038201454645661898 -0.003707236440257273
leaf_weight=118 3371 98 192 63 277 1782 91 487 70 386 109 73 408 135
leaf_count=118 3371 98 192 63 277 1782 91 487 70 386 109 73 408 135
internal_value=0 0.000570447 0.000675308 0.000138674 0.000261743 -0.00162424 -0.00192549 0.00174598 0.00337974 0.000826131 0.00272275 -0.000524697 0.00482573 0.00017771
internal_weight=0 5669 5571 3711 3648 1991 1873 1860 670 1190 495 695 478 622
internal_count=7660 5669 5571 3711 3648 1991 1873 1860 670 1190 495 695 478 622
is_linear=0
shrinkage=0.05


Tree=47
num_leaves=15
num_cat=0
split_feature=0 5 18 15 3 4 12 18 18 1 2 18 2 2
split_gain=2.56551 1.87206 1.86702 1.26852 1.06621 2.11951 1.4653 1.04641 1.15814 0.879462 1.08962 1.97053 1.02255 1.14447
threshold=1.5000000000000002 327680.00000000006 0.49733285238297492 123.00000000000001 4390912.0000000009 6881280.0000000009 1.5000000000000002 0.071154420290028178 0.25048875867006365 1.5000000000000002 20.500000000000004 0.021819941733668313 24.500000000000004 29.500000000000004
decision_type=2 2 2 2 2 2 2 2 2 2 2 2 2 2
left_child=1 -1 3 4 9 -6 7 -7 -9 10 11 -2 -12 -14
right_child=2 -3 -4 -5 5 6 -8 8 -10 -11 12 -13 13 -15
leaf_value=0.006421513475592517 0.010108712845939701 -0.001722926077061976 0.0024326072671650308 0.0074002450047913242 0.0096875447371020558 0.004716728531223323 0.0080261478165410596 -0.0073395885305390478 0.00091481368425627089 -0.00089441457796744144 -0.0075365650193656196 0.00078547301032529928 0.0034767244681715966 -0.0035917764835393254
leaf_weight=73 59 2108 1087 59 82 56 53 84 86 2173 68 1438 100 134
leaf_count=73 59 2108 1087 59 82 56 53 84 86 2173 68 1438 100 134
internal_value=0 -0.00145032 0.000577324 0.00011815 1.89936e-05 0.00262064 0.000543624 -0.00121113 -0.00316383 -0.00021746 0.000600229 0.00115292 -0.00213944 -0.00057105
internal_weight=0 2181 5479 4392 4333 361 279 226 170 3972 1799 1497 302 234
internal_count=7660 2181 5479 4392 4333 361 279 226 170 3972 1799 1497 302 234
is_linear=0
shrinkage=0.05


Tree=48
num_leaves=15
num_cat=0
split_feature=18 1 4 5 2 8 6 18 13 8 7 5 4 18
split_gain=2.35922 1.23894 1.10398 1.04618 1.06564 1.0411 1.23013 1.23418 1.00187 2.02221 1.14464 2.61172 1.18095 1.63316
threshold=0.020708468876275959 37.500000000000007 10027008.000000002 1900544.0000000002 26.500000000000004 3.5000000000000004 4.5000000000000009 0.76886908021345368 60.500000000000007 1.5000000000000002 1.5000000000000002 2686976.0000000005 2949120.0000000005 0.34239425387938627
decision_type=2 2 2 2 2 2 2 2 2 2 2 2 2 2
left_child=3 2 5 -1 -5 6 7 8 9 10 12 -12 -2 -14
right_child=1 -3 -4 4 -6 -7 -8 -9 -10 -11 11 -13 13 -15
leaf_value=0.0030856391422892527 -0.00063942781972070139 -0.0050530601050514656 -0.004783927358847152 -0.0020378546462246068 0.0035092890671976325 0.0071002591696996539 -0.0024763588844798506 0.0038344614909165218 0.0031471621677361798 -0.0049692347135749607 0.0011802038909147748 -0.011788182581464451 0.00067610132269060234 0.0034748593795632526
leaf_weight=118 1068 98 93 1782 91 63 300 318 362 168 110 60 2360 669
leaf_count=118 1068 98 93 1782 91 63 300 318 362 168 110 60 2360 669
internal_value=0 0.000520022 0.000618059 -0.00148067 -0.00176835 0.000709768 0.000635419 0.000817928 0.000617958 0.000411515 0.000623366 -0.00339687 0.000790181 0.00129425
internal_weight=0 5669 5571 1991 1873 5478 5415 5115 4797 4435 4267 170 4097 3029
internal_count=7660 5669 5571 1991 1873 5478 5415 5115 4797 4435 4267 170 4097 3029
is_linear=0
shrinkage=0.05


Tree=49
num_leaves=15
num_cat=0
split_feature=2 15 4 18 2 6 5 5 3 5 18 6 2 2
split_gain=2.15515 1.32229 1.27871 1.2209 1.07948 1.06267 0.954657 0.940594 1.65657 0.891555 1.27042 0.877599 0.827026 0.807251
threshold=2.5000000000000004 123.00000000000001 10027008.000000002 0.020708468876275959 3.5000000000000004 4.5000000000000009 1900544.0000000002 196608.00000000003 1.0000000180025095e-35 8323072.0000000009 0.030281468152718843 1.0000000180025095e-35 26.500000000000004 34.500000000000007
decision_type=2 2 2 2 2 2 2 2 2 2 2 2 2 2
left_child=7 2 3 6 9 13 -2 8 -1 11 -11 -5 -8 -6
right_child=1 -3 -4 4 5 -7 12 -9 -10 10 -12 -13 -14 -15
leaf_value=-0.00159068688497705 0.0029313572181262457 0.0072118780708738742 -0.0060029379794006958 -0.0020114220944898471 0.00096512153103143312 -0.0023594926228214133 -0.0019478906622140487 0.0012070341278288856 0.0088106698604351885 -0.0057250596972098994 0.0019963090465619014 -0.0078771890274115988 0.0029666844300097889 -0.0036992153618484735
leaf_weight=59 118 56 104 371 2750 292 1752 1459 109 67 260 77 90 96
leaf_count=59 118 56 104 371 2750 292 1752 1459 109 67 260 77 90 96
internal_value=0 -0.000435534 -0.000507184 -0.000409865 0.00010035 0.000513062 -0.00142847 0.00161498 0.00515781 -0.00157074 0.000414255 -0.0030196 -0.00170776 0.000807786
internal_weight=0 6033 5977 5873 3913 3138 1960 1627 168 775 327 448 1842 2846
internal_count=7660 6033 5977 5873 3913 3138 1960 1627 168 775 327 448 1842 2846
is_linear=0
shrinkage=0.05


Tree=50
num_leaves=15
num_cat=0
split_feature=18 13 2 6 7 18 5 8 1 18 18 3 18 4
split_gain=1.96121 1.01486 0.858091 0.846548 1.58093 1.26426 1.20499 3.14296 1.80837 1.34087 2.37153 1.24862 1.2126 1.03005
threshold=0.16019799854342356 13.500000000000002 12.500000000000002 1.0000000180025095e-35 1.0000000180025095e-35 0.67813484466921881 1376256.0000000002 1.0000000180025095e-35 19.500000000000004 0.19518138709622135 0.34239425387938627 196608.00000000003 0.52915044750810181 458752.00000000006
decision_type=2 2 2 2 2 2 2 2 2 2 2 2 2 2
left_child=1 -1 -3 5 6 -2 13 8 9 -8 -11 12 -12 -5
right_child=3 2 -4 4 -6 -7 7 -9 -10 10 11 -13 -14 -15
leaf_value=-0.00087237018254956295 0.0013462676381982093 0.0040597734390160978 -0.0020104234925953741 0.0049167718339179246 -0.0035522207000663851 0.0065288248286378804 0.010872739637401742 -0.0055385789201994034 -0.0045477341379850144 -0.002151582787619598 -0.0028903223051313771 0.0095805106525735338 0.0055244831325009817 -0.0015157810846991755
leaf_weight=4181 1459 195 83 70 246 128 71 112 62 134 57 129 172 561
leaf_count=4181 1459 195 83 70 246 128 71 112 62 134 57 129 172 561
internal_value=0 -0.000677863 0.00224745 0.000944264 0.000137977 0.00176427 0.000801565 0.00217465 0.00355687 0.00444938 0.00352243 0.00564623 0.00342997 -0.000802186
internal_weight=0 4459 278 3201 1614 1587 1368 737 625 563 492 358 229 631
internal_count=7660 4459 278 3201 1614 1587 1368 737 625 563 492 358 229 631
is_linear=0
shrinkage=0.05


Tree=51
num_leaves=15
num_cat=0
split_feature=0 5 18 9 1 2 14 15 13 2 2 2 2 2
split_gain=1.82182 1.58625 1.35816 1.08017 0.875063 0.950678 0.998474 3.06019 1.38994 0.869266 2.2135 1.31911 0.918235 1.54768
threshold=1.5000000000000002 327680.00000000006 0.49733285238297492 2.5000000000000004 1.5000000000000002 34.500000000000007 19.500000000000004 57.500000000000007 52.500000000000007 13.500000000000002 14.500000000000002 12.500000000000002 25.500000000000004 20.500000000000004
decision_type=2 2 2 2 2 2 2 2 2 2 2 2 2 2
left_child=1 -1 3 4 5 6 9 8 -8 11 -11 -2 13 -12
right_child=2 -3 -4 -5 -6 -7 7 -9 -10 10 12 -13 -14 -15
leaf_value=0.0060238860467806054 0.0011448669973503336 -0.0014730992914281785 0.0020688837529489945 0.0060039426249108817 -0.00065672840240153601 -0.0045642484631389386 -0.0076399153882059567 0.0064052737794998219 0.0016345433092543058 0.011385346250608564 0.0032711045594797251 -0.0066586740707096307 0.0058158740043067021 -0.0044671525167567392
leaf_weight=73 1085 2108 1087 76 2362 80 145 82 56 72 168 57 104 105
leaf_count=73 1085 2108 1087 76 2362 80 145 82 56 72 168 57 104 105
internal_value=0 -0.00122217 0.000486503 9.48709e-05 -9.18132e-06 0.000773575 0.00100144 -0.00173506 -0.00505599 0.0014882 0.00335209 0.000755373 0.00181789 0.000294852
internal_weight=0 2181 5479 4392 4316 1954 1874 283 201 1591 449 1142 377 273
internal_count=7660 2181 5479 4392 4316 1954 1874 283 201 1591 449 1142 377 273
is_linear=0
shrinkage=0.05


Tree=52
num_leaves=15
num_cat=0
split_feature=2 4 15 18 11 1 5 3 5 12 3 18 18 13
split_gain=1.69152 1.16783 1.09999 0.937114 0.970155 0.987975 0.868962 0.862465 1.43921 0.872495 1.01441 0.824371 0.966478 1.36515
threshold=2.5000000000000004 10027008.000000002 108.50000000000001 0.020708468876275959 2.5000000000000004 25.500000000000004 1900544.0000000002 196608.00000000003 196608.00000000003 2.5000000000000004 6750208.0000000009 0.29882659353147595 0.18889320789946898 50.500000000000007
decision_type=2 2 2 2 2 2 2 2 2 2 2 2 2 2
left_child=7 2 3 6 5 -5 -2 11 -9 10 -10 12 13 -1
right_child=1 -3 -4 4 -6 -7 -8 8 9 -11 -12 -13 -14 -15
leaf_value=-0.0020064964875813546 0.002902062798226726 -0.0056383610360521393 0.0061749404095686397 0.00032964061152419106 -0.0065728857009499167 -0.0039940106597504696 -0.0015239499667967821 0.0081338967231136781 0.0017060574483752592 0.0056580354573956713 -0.0055404256696679763 0.0016080610683602747 -0.0041160458012631067 0.0068145892290926687
leaf_weight=127 118 104 65 3713 54 137 1842 108 351 114 56 633 171 67
leaf_count=127 118 104 65 3713 54 137 1842 108 351 114 56 633 171 67
internal_value=0 -0.000385853 -0.000293719 -0.000365422 8.24386e-05 0.000175786 -0.00125749 0.00143076 0.00288083 0.0017919 0.000708998 0.000516845 -0.00137559 0.00103996
internal_weight=0 6033 5929 5864 3904 3850 1960 1627 629 521 407 998 365 194
internal_count=7660 6033 5929 5864 3904 3850 1960 1627 629 521 407 998 365 194
is_linear=0
shrinkage=0.05


Tree=53
num_leaves=15
num_cat=0
split_feature=2 4 15 2 0 5 18 18 3 5 17 12 18 3
split_gain=1.5266 1.05396 0.995631 0.860102 1.56942 1.39304 0.858777 1.34815 0.778375 1.29888 0.790122 1.05832 1.11592 0.981632
threshold=2.5000000000000004 10027008.000000002 123.00000000000001 3.5000000000000004 1.5000000000000002 327680.00000000006 0.52915044750810181 0.47433556850956449 196608.00000000003 196608.00000000003 1.5000000000000002 2.5000000000000004 0.31589968616809172 5046272.0000000009
decision_type=2 2 2 2 2 2 2 2 2 2 2 2 2 2
left_child=8 2 3 -2 5 -5 7 -6 -1 -10 11 12 -11 -14
right_child=1 -3 -4 4 6 -7 -8 -9 9 10 -12 -13 13 -15
leaf_value=0.00049100266153623685 -0.0016391205493183365 -0.0053564429671986054 0.0063563258653240549 0.0057062097751752368 0.00061686749685241674 -0.001323184115088948 0.0032317828557460134 -0.0066834111683643782 0.007727201986644003 0.0029956696377058702 0.0073700419339266694 0.0056507507073027749 0.00014772748993348707 -0.0068488216618212269
leaf_weight=998 1050 104 56 73 2337 2042 306 65 108 157 55 98 129 82
leaf_count=998 1050 104 56 73 2337 2042 306 65 108 157 55 98 129 82
internal_value=0 -0.00036656 -0.000279033 -0.000342302 -5.99763e-05 -0.00108056 0.000737121 0.000419316 0.00135922 0.00273678 0.0017023 0.00103336 -0.000196267 -0.00257131
internal_weight=0 6033 5929 5873 4823 2115 2708 2402 1627 629 521 466 368 211
internal_count=7660 6033 5929 5873 4823 2115 2708 2402 1627 629 521 466 368 211
is_linear=0
shrinkage=0.05


Tree=54
num_leaves=15
num_cat=0
split_feature=2 4 15 18 18 16 12 5 18 1 13 9 9 16
split_gain=1.37776 0.951203 0.898774 0.817183 1.45831 1.56293 1.24965 1.04405 1.40364 1.18245 0.784638 0.738232 0.985925 1.13003
threshold=2.5000000000000004 10027008.000000002 108.50000000000001 0.18889320789946898 0.19518138709622135 48.500000000000007 1.0000000180025095e-35 1114112.0000000002 0.51997310280278197 1.5000000000000002 13.500000000000002 2.5000000000000004 1.5000000000000002 63.500000000000007
decision_type=2 2 2 2 2 2 2 2 2 2 2 2 2 2
left_child=11 2 3 -2 -5 6 10 -8 9 -9 -6 12 13 -1
right_child=1 -3 -4 4 5 -7 7 8 -10 -11 -12 -13 -14 -15
leaf_value=0.0016243509008446689 -0.00068431588401470997 -0.005088620917460783 0.0055820777324529797 0.0075029808574834395 0.0016487257100942815 -0.0072101746318918294 -0.0034750088293112936 -0.0075494891111279883 0.0033953969207432891 0.00028267652789751687 0.0079677653621952494 0.0063522113514119299 -0.004647020361800161 -0.0054369631333876468
leaf_weight=1427 4310 104 65 74 672 66 246 71 222 150 53 69 72 59
leaf_count=1427 4310 104 65 74 672 66 246 71 222 150 53 69 72 59
internal_value=0 -0.000348232 -0.000265082 -0.000329895 0.000653088 0.000310593 0.000661633 -0.000863115 0.000587282 -0.00223354 0.00211067 0.00129126 0.00106713 0.00134399
internal_weight=0 6033 5929 5864 1554 1480 1414 689 443 221 725 1627 1558 1486
internal_count=7660 6033 5929 5864 1554 1480 1414 689 443 221 725 1627 1558 1486
is_linear=0
shrinkage=0.05


Tree=55
num_leaves=15
num_cat=0
split_feature=1 16 18 8 8 7 2 18 1 9 5 18 18 2
split_gain=1.28777 1.71704 1.20677 1.3383 1.59027 1.17646 0.842412 1.20433 1.09751 1.07643 1.05815 1.55045 1.06968 0.770021
threshold=1.5000000000000002 113.00000000000001 0.84749212408080776 2.5000000000000004 1.5000000000000002 2.5000000000000004 2.5000000000000004 0.18157479714878419 2.5000000000000004 1.0000000180025095e-35 2031616.0000000002 0.49070407122275089 0.30758195368089863 34.500000000000007
decision_type=2 2 2 2 2 2 2 2 2 2 2 2 2 2
left_child=1 13 3 4 5 6 7 -2 -9 10 11 -10 -12 -1
right_child=2 -3 -4 -5 -6 -7 -8 8 9 -11 12 -13 -14 -15
leaf_value=0.00088467177356351648 0.0075375104462032886 0.0081617683917284013 0.0041420373789359081 0.0072665840663291795 -0.0087383516319096098 -0.0070814444165615206 -0.00072109819553670812 -0.0051467738065280417 -0.0066435216014531064 0.0076446492666915307 -0.0019588688167475037 0.0010940788600307244 0.0062750718986787721 -0.0040777724006293729
leaf_weight=2239 67 80 140 54 60 68 4256 76 94 59 59 208 119 81
leaf_count=2239 67 80 140 54 60 68 4256 76 94 59 59 208 119 81
internal_value=0 0.000959759 -0.000437913 -0.000563146 -0.000646605 -0.000549621 -0.000459673 0.00117175 0.000478239 0.00127138 0.000487995 -0.00131431 0.00354584 0.000711414
internal_weight=0 2400 5260 5120 5066 5006 4938 682 615 539 480 302 178 2320
internal_count=7660 2400 5260 5120 5066 5006 4938 682 615 539 480 302 178 2320
is_linear=0
shrinkage=0.05


Tree=56
num_leaves=15
num_cat=0
split_feature=18 18 12 18 6 3 4 18 7 8 13 4 3 13
split_gain=1.18507 1.23244 1.6695 1.36177 1.18304 4.75772 1.11536 0.962034 0.898569 1.6508 1.31002 0.814333 1.18937 0.756764
threshold=0.29882659353147595 0.27467733299528224 62.500000000000007 0.28162539611904963 1.0000000180025095e-35 1.0000000180025095e-35 196608.00000000003 0.2337741181772611 1.0000000180025095e-35 1.0000000180025095e-35 2.5000000000000004 6881280.0000000009 3866624.0000000005 48.500000000000007
decision_type=2 2 2 2 2 2 2 2 2 2 2 2 2 2
left_child=1 2 4 -3 5 6 -1 13 -2 10 -10 12 -7 -8
right_child=8 3 -4 -5 -6 11 7 -9 9 -11 -12 -13 -14 -15
leaf_value=-0.0064601897795995081 0.0014504975793056981 -0.01169930755160749 0.0059647350509961445 -0.00095817609690129757 -0.0014954604912534948 0.0054702011425185699 -0.00075681618472231134 0.0033571123662922116 -0.010249838475411867 0.0052599083003285647 -0.0014322360138570474 0.0037123633421618837 0.015066613640417071 0.0019002107520797841
leaf_weight=75 1800 50 105 72 1684 88 2743 171 51 77 242 154 51 297
leaf_count=75 1800 50 105 72 1684 88 2743 171 51 77 242 154 51 297
internal_value=0 -0.000390996 -0.000278057 -0.00536028 -0.000402605 0.000111608 -0.000432755 -0.000291971 0.000989201 -0.00125495 -0.00296704 0.00621665 0.00899119 -0.000497232
internal_weight=0 5490 5368 122 5263 3579 3286 3211 2170 370 293 293 139 3040
internal_count=7660 5490 5368 122 5263 3579 3286 3211 2170 370 293 293 139 3040
is_linear=0
shrinkage=0.05


Tree=57
num_leaves=15
num_cat=0
split_feature=0 5 3 6 12 9 18 4 18 5 5 5 5 1
split_gain=1.09398 1.21635 1.01602 2.70113 3.50728 1.01417 1.24844 1.23288 0.800194 1.55799 1.54837 0.762487 0.904942 0.692818
threshold=1.5000000000000002 327680.00000000006 1376256.0000000002 1.0000000180025095e-35 1.5000000000000002 1.0000000180025095e-35 0.3033416771174513 7012352.0000000009 0.24611688277346835 1245184.0000000002 3866624.0000000005 1245184.0000000002 2686976.0000000005 1.5000000000000002
decision_type=2 2 2 2 2 2 2 2 2 2 2 2 2 2
left_child=1 -1 13 5 8 6 7 -4 10 -10 -5 -6 -13 -2
right_child=2 -3 3 4 11 -7 -8 -9 9 -11 -12 12 -14 -15
leaf_value=0.0053981272481407414 0.00072050119136782514 -0.0011668068083922171 0.016113075158662265 -0.0084050223883241418 0.0086222026740079335 -0.00088140938431024551 0.0034114127665871882 0.0063352945074439046 -0.0035440328645340185 0.0043889314473904281 0.00075304024418195099 -0.0018121782873497636 0.0062949280478531815 -0.00052758582800240038
leaf_weight=73 2080 2108 54 120 92 50 131 80 171 97 75 61 79 2389
leaf_count=73 2080 2108 54 120 92 50 131 80 171 97 75 61 79 2389
internal_value=0 -0.000947073 0.000376997 0.00180923 6.84477e-05 0.00565001 0.00688236 0.0102756 -0.00244585 -0.000672773 -0.00488269 0.0050862 0.00276255 5.33095e-05
internal_weight=0 2181 5479 1010 695 315 265 134 463 268 195 232 140 4469
internal_count=7660 2181 5479 1010 695 315 265 134 463 268 195 232 140 4469
is_linear=0
shrinkage=0.05


Tree=58
num_leaves=15
num_cat=0
split_feature=18 9 18 12 12 6 13 7 12 3 7 6 3 4
split_gain=1.00011 0.963717 1.02551 1.0254 1.55243 0.895703 1.04878 1.6336 0.84942 1.34738 1.00034 0.755188 3.99285 0.929579
threshold=0.33511090731961962 2.5000000000000004 0.31589968616809172 62.500000000000007 21.500000000000004 1.0000000180025095e-35 15.500000000000002 1.0000000180025095e-35 9.5000000000000018 1376256.0000000002 1.5000000000000002 1.0000000180025095e-35 1.0000000180025095e-35 8323072.0000000009
decision_type=2 2 2 2 2 2 2 2 2 2 2 2 2 2
left_child=1 2 3 4 11 6 7 -2 10 -10 -7 12 -1 -14
right_child=5 -3 -4 -5 -6 8 -8 -9 9 -11 -12 -13 13 -15
leaf_value=-0.00042719136716269759 0.0027086556411427326 0.0060861429392263808 -0.006122852603046151 0.0041107687051407998 -0.0088521777203789467 -0.00026855101895531763 0.0083451969439492513 -0.0055672267424081694 0.0003897566869468887 0.0066849678276328876 -0.0063021734816493926 -0.0012134106045541332 0.0077131348776626075 0.0021302121727550852
leaf_weight=3463 542 58 77 128 54 637 68 67 386 109 77 1683 187 124
leaf_count=3463 542 58 77 128 54 637 68 67 386 109 77 1683 187 124
internal_value=0 -0.000326521 -0.00039159 -0.00031333 -0.000416086 0.000999647 0.00245578 0.00179817 0.000184262 0.00177597 -0.000919236 -0.000332606 6.01852e-05 0.00548715
internal_weight=0 5774 5716 5639 5511 1886 677 609 1209 495 714 5457 3774 311
internal_count=7660 5774 5716 5639 5511 1886 677 609 1209 495 714 5457 3774 311
is_linear=0
shrinkage=0.05


Tree=59
num_leaves=15
num_cat=0
split_feature=18 1 6 3 15 12 3 18 18 12 15 18 7 2
split_gain=0.9324 0.857141 0.887647 3.09391 1.54676 1.22898 1.89559 1.44065 3.32311 1.81522 1.26384 1.25948 1.21022 1.18708
threshold=0.020708468876275959 37.500000000000007 1.0000000180025095e-35 1.0000000180025095e-35 7.0000000000000009 2.5000000000000004 2949120.0000000005 0.19518138709622135 0.49070407122275089 62.500000000000007 15.500000000000002 0.19253885228095355 1.5000000000000002 28.000000000000004
decision_type=2 2 2 2 2 2 2 2 2 2 2 2 2 2
left_child=-1 2 3 13 -5 12 7 11 9 -9 -10 -7 -4 -2
right_child=1 -3 5 4 -6 6 -8 8 10 -11 -12 -13 -14 -15
leaf_value=-0.00093083852755994779 0.0004898310888279909 -0.0043085810539641714 -0.00087411227426398915 0.0054964543348496007 -0.003776560142636299 0.0011387731245857604 0.0063881007298617308 -0.012061609751937619 0.0027095300675669255 -0.002103410792701385 -0.0052777162271326989 0.01096074378490448 -0.006486826757016108 -0.0048784734280867001
leaf_weight=1991 2740 98 1255 447 50 94 142 83 339 102 58 50 104 107
leaf_count=1991 2740 98 1255 447 50 94 142 83 339 102 58 50 104 107
internal_value=0 0.000326918 0.000408462 0.000923513 0.00456356 -0.000364925 0.00110479 7.14098e-05 -0.00103649 -0.00657114 0.00154263 0.00454918 -0.00130364 0.000288072
internal_weight=0 5669 5571 3344 497 2227 868 726 582 185 397 144 1359 2847
internal_count=7660 5669 5571 3344 497 2227 868 726 582 185 397 144 1359 2847
is_linear=0
shrinkage=0.05


Tree=60
num_leaves=15
num_cat=0
split_feature=8 1 16 18 8 7 2 10 9 18 5 12 1 4
split_gain=0.908842 0.990238 1.26952 1.00332 1.04701 0.971377 0.611697 0.590662 0.987044 0.598594 0.930584 0.997967 0.93772 0.850668
threshold=3.5000000000000004 1.5000000000000002 113.00000000000001 0.84749212408080776 1.5000000000000002 2.5000000000000004 34.500000000000007 1.5000000000000002 2.5000000000000004 0.29882659353147595 4390912.0000000009 1.0000000180025095e-35 13.500000000000002 196608.00000000003
decision_type=2 2 2 2 2 2 2 2 2 2 2 2 2 2
left_child=1 2 6 4 5 7 -1 8 9 13 11 12 -11 -3
right_child=-2 3 -4 -5 -6 -7 -8 -9 -10 10 -12 -13 -14 -15
leaf_value=0.0007443173495774567 0.005980681137196602 -0.0067627970456031333 0.0072421572196322524 0.0038192933327432172 -0.0063341317722549681 -0.0063942933893379045 -0.0036791593204309916 -0.0053080101311206822 0.0059518614183029818 0.00015136318384709009 0.0040748712371092245 -0.0019121339392601227 0.0048401476721407783 -0.00060713527267281246
leaf_weight=2224 63 57 74 135 77 68 81 60 62 403 166 392 145 3653
leaf_count=2224 63 57 74 135 77 68 81 60 62 403 166 392 145 3653
internal_value=0 -4.95963e-05 0.000795826 -0.000435043 -0.000548034 -0.000459035 0.000588872 -0.000377302 -0.000316654 -0.000397353 0.000623592 1.41109e-05 0.00139201 -0.00070171
internal_weight=0 7597 2379 5218 5083 5006 2305 4938 4878 4816 1106 940 548 3710
internal_count=7660 7597 2379 5218 5083 5006 2305 4938 4878 4816 1106 940 548 3710
is_linear=0
shrinkage=0.05


Tree=61
num_leaves=15
num_cat=0
split_feature=8 1 16 18 8 7 3 6 6 12 12 18 18 13
split_gain=0.82023 0.89369 1.14574 0.9055 0.944928 0.876668 0.576081 0.709098 0.674114 0.721817 1.28999 1.20486 1.11861 0.993988
threshold=3.5000000000000004 1.5000000000000002 113.00000000000001 0.84749212408080776 1.5000000000000002 2.5000000000000004 5308416.0000000009 1.0000000180025095e-35 1.5000000000000002 62.500000000000007 48.500000000000007 0.37693568216434897 0.47433556850956449 60.500000000000007
decision_type=2 2 2 2 2 2 2 2 2 2 2 2 2 2
left_child=1 2 6 4 5 -3 8 -8 9 10 11 13 -11 -1
right_child=-2 3 -4 -5 -6 -7 7 -9 -10 12 -12 -13 -14 -15
leaf_value=-0.0005679620535293038 0.0056816470469274218 -0.00035843682584329973 0.0068800494578239091 0.0036283287888013377 -0.0060174252789515952 -0.0060745787313755822 0.0067495567258447414 -0.00044106729949514072 -0.003672045035607586 0.0072173720782565095 -0.0074256987925970328 0.0036330318142627849 -0.00074222248829441311 0.0029272974096238615
leaf_weight=1334 63 4938 74 135 77 68 80 60 99 97 53 261 81 240
leaf_count=1334 63 4938 74 135 77 68 80 60 99 97 53 261 81 240
internal_value=0 -4.71165e-05 0.000756034 -0.00041329 -0.000520632 -0.000436083 0.000559428 0.00366786 0.000358421 0.000551556 0.000264592 0.000486709 0.00359531 -3.50127e-05
internal_weight=0 7597 2379 5218 5083 5006 2305 140 2165 2066 1888 1835 178 1574
internal_count=7660 7597 2379 5218 5083 5006 2305 140 2165 2066 1888 1835 178 1574
is_linear=0
shrinkage=0.05


Tree=62
num_leaves=15
num_cat=0
split_feature=18 18 18 12 4 6 3 18 12 5 5 5 3 18
split_gain=0.786037 1.14092 1.23896 1.12003 0.945556 0.912109 3.17516 0.84873 0.759726 0.921439 1.12758 0.718406 0.981513 0.977934
threshold=0.29882659353147595 0.27467733299528224 0.28162539611904963 62.500000000000007 196608.00000000003 1.0000000180025095e-35 1.0000000180025095e-35 0.26199590469520256 1.0000000180025095e-35 196608.00000000003 720896.00000000012 1114112.0000000002 720896.00000000012 0.49070407122275089
decision_type=2 2 2 2 2 2 2 2 2 2 2 2 2 2
left_child=1 3 -3 4 -1 6 7 -6 9 -2 -11 -10 13 -13
right_child=8 2 -4 -5 5 -7 -8 -9 11 10 -12 12 -14 -15
leaf_value=-0.0058857773045698806 0.0044187784149330488 -0.011146089227870108 -0.00090071839901308213 0.0049035314435050608 -0.00034937302131881075 -0.0011875272600663659 0.0052110104990235866 0.0051411410379740927 -0.0021888501273805705 -0.001804771661520686 0.0021127910138626074 -0.0040022715368643906 0.0033248249003115823 0.0008574373349547386
leaf_weight=75 245 50 72 105 3139 1684 293 72 309 261 620 147 238 350
leaf_count=75 245 50 72 105 3139 1684 293 72 309 261 620 147 238 350
internal_value=0 -0.000318435 -0.00509964 -0.000209771 -0.000311785 -0.000231205 0.000228398 -0.00022626 0.000805626 0.00170647 0.000952196 -0.000165974 0.000684459 -0.000579941
internal_weight=0 5490 122 5368 5263 5188 3504 3211 2170 1126 881 1044 735 497
internal_count=7660 5490 122 5368 5263 5188 3504 3211 2170 1126 881 1044 735 497
is_linear=0
shrinkage=0.05


Tree=63
num_leaves=15
num_cat=0
split_feature=8 1 16 18 8 7 5 10 9 13 6 18 7 4
split_gain=0.729626 0.771728 1.02279 0.815235 0.863621 0.813312 0.558382 0.543713 0.881076 0.570223 0.613519 0.863247 1.22072 0.688423
threshold=3.5000000000000004 1.5000000000000002 113.00000000000001 0.84749212408080776 1.5000000000000002 2.5000000000000004 458752.00000000006 1.5000000000000002 2.5000000000000004 8.5000000000000018 4.5000000000000009 0.28354120805716071 1.0000000180025095e-35 196608.00000000003
decision_type=2 2 2 2 2 2 2 2 2 2 2 2 2 2
left_child=1 2 -1 4 5 7 -5 8 9 10 11 13 -13 -3
right_child=-2 3 -4 6 -6 -7 -8 -9 -10 -11 -12 12 -14 -15
leaf_value=0.00051614339295734293 0.0053586641296980882 -0.0061124465183207861 0.0064879913789194985 0.0075770728143991209 -0.0057415469634262001 -0.0058366612490157004 0.00094456109495478732 -0.0050616354246934255 0.005649717176152814 0.0026750328154950746 -0.002637994701762483 0.0014956464386804411 -0.0063177609517467469 -0.00057134819615436636
leaf_weight=2305 63 57 74 51 77 68 84 60 62 151 299 880 53 3376
leaf_count=2305 63 57 74 51 77 68 84 60 62 151 299 880 53 3376
internal_value=0 -4.44381e-05 0.000701901 -0.00038471 -0.000486561 -0.000405732 0.00345018 -0.000330944 -0.000272756 -0.000349 -0.000446884 -0.000296829 0.0010518 -0.00066335
internal_weight=0 7597 2379 5218 5083 5006 135 4938 4878 4816 4665 4366 933 3433
internal_count=7660 7597 2379 5218 5083 5006 135 4938 4878 4816 4665 4366 933 3433
is_linear=0
shrinkage=0.05


Tree=64
num_leaves=15
num_cat=0
split_feature=18 18 5 1 2 12 12 3 13 5 3 5 13 18
split_gain=0.672976 0.771574 0.733509 0.706227 0.669727 0.639605 1.27226 1.76261 1.17224 1.57189 1.16602 1.71527 1.47502 1.15306
threshold=0.020708468876275959 0.021819941733668313 1900544.0000000002 37.500000000000007 26.500000000000004 1.0000000180025095e-35 2.5000000000000004 1376256.0000000002 1.0000000180025095e-35 3866624.0000000005 1.0000000180025095e-35 196608.00000000003 16.500000000000004 0.19518138709622135
decision_type=2 2 2 2 2 2 2 2 2 2 2 2 2 2
left_child=2 -2 -1 5 -4 10 8 13 9 -7 -3 -12 -13 -8
right_child=1 3 4 -5 -6 6 7 -9 -10 -11 11 12 -14 -15
leaf_value=0.0030327227167879882 0.0048193736214433673 0.00019093827507769506 -0.0012453534882675072 -0.0040042479493422435 0.00315222289454151 -0.0021939542873464285 0.0037476481116832574 0.0051822153703560908 -0.0084905979658166566 0.0034038271419703963 0.0083129435032606135 0.00077810175304265721 0.0094620565198502461 -0.0013319673902981788
leaf_weight=118 92 2846 1782 98 91 765 141 189 60 150 105 632 53 538
leaf_count=118 92 2846 1782 98 91 765 141 189 60 150 105 632 53 538
internal_value=0 0.00027774 -0.000790812 0.000202819 -0.0010317 0.000278069 -0.000480726 0.000911588 -0.00172024 -0.00127629 0.000662684 0.00236216 0.00145 -0.000277143
internal_weight=0 5669 1991 5577 1873 5479 1843 868 975 915 3636 790 685 679
internal_count=7660 5669 1991 5577 1873 5479 1843 868 975 915 3636 790 685 679
is_linear=0
shrinkage=0.05


Tree=65
num_leaves=15
num_cat=0
split_feature=8 1 16 18 8 7 2 10 9 13 6 18 7 5
split_gain=0.654123 0.648716 0.932654 0.725702 0.790812 0.734507 0.532266 0.502405 0.771697 0.503186 0.538899 0.73821 1.08591 0.670316
threshold=3.5000000000000004 1.5000000000000002 113.00000000000001 0.84749212408080776 1.5000000000000002 2.5000000000000004 34.500000000000007 1.5000000000000002 2.5000000000000004 8.5000000000000018 4.5000000000000009 0.28354120805716071 1.0000000180025095e-35 2818048.0000000005
decision_type=2 2 2 2 2 2 2 2 2 2 2 2 2 2
left_child=1 2 6 4 5 7 -1 8 9 10 11 -3 13 -13
right_child=-2 3 -4 -5 -6 -7 -8 -9 -10 -11 -12 12 -14 -15
leaf_value=0.00060981800706417252 0.0050738335424472423 -0.00060740431212154039 0.0061674588536088535 0.0032641284761053546 -0.00547874342263132 -0.0055339170318535148 -0.0035164741546283534 -0.0048491659139593447 0.0052968890916916637 0.0025235703794766738 -0.0024626435948898674 0.0005812544614737968 -0.0059720551577519699 0.0037308865275822189
leaf_weight=2224 63 3433 74 135 77 68 81 60 62 151 299 652 53 228
leaf_count=2224 63 3433 74 135 77 68 81 60 62 151 299 652 53 228
internal_value=0 -4.2076e-05 0.0006422 -0.000354052 -0.000450148 -0.0003728 0.000464816 -0.000301728 -0.000245794 -0.000317149 -0.000409099 -0.000268465 0.000978672 0.0013973
internal_weight=0 7597 2379 5218 5083 5006 2305 4938 4878 4816 4665 4366 933 880
internal_count=7660 7597 2379 5218 5083 5006 2305 4938 4878 4816 4665 4366 933 880
is_linear=0
shrinkage=0.05


Tree=66
num_leaves=15
num_cat=0
split_feature=18 13 7 5 17 16 12 12 1 12 8 8 11 12
split_gain=0.598776 0.671893 0.976784 2.19751 0.98803 1.20256 0.880008 0.75764 1.73938 1.06334 0.932681 1.00647 1.31451 0.734444
threshold=0.76886908021345368 60.500000000000007 1.5000000000000002 2686976.0000000005 121.00000000000001 106.00000000000001 64.500000000000014 60.500000000000007 4.5000000000000009 49.500000000000007 2.5000000000000004 1.5000000000000002 1.5000000000000002 2.5000000000000004
decision_type=2 2 2 2 2 2 2 2 2 2 2 2 2 2
left_child=1 2 4 -4 5 6 7 9 -9 10 11 12 13 -1
right_child=-2 -3 3 -5 -6 -7 -8 8 -10 -11 -12 -13 -14 -15
leaf_value=-0.00026120234894553082 0.0018661616565781921 0.0018924893202943419 0.00014469778282492533 -0.01065797756632997 -0.0069146228145878274 0.0075876464300295892 -0.006361037625798158 0.0062656120707591375 -0.0038322084243335424 -0.0072816600879797569 0.0065663665962906988 -0.0045455960804247301 0.0068473508965004905 0.0024658697563432908
leaf_weight=5734 407 398 136 72 53 51 56 132 63 52 52 128 68 258
leaf_count=5734 407 398 136 72 53 51 56 132 63 52 52 128 68 258
internal_value=0 -0.000104719 -0.000220677 -0.00359469 -0.000115096 -6.0444e-05 -0.000120058 -6.61816e-05 0.00300324 -0.000161308 -0.000101972 -0.000158008 -6.53333e-05 -0.000143782
internal_weight=0 7253 6855 208 6647 6594 6543 6487 195 6292 6240 6188 6060 5992
internal_count=7660 7253 6855 208 6647 6594 6543 6487 195 6292 6240 6188 6060 5992
is_linear=0
shrinkage=0.05


Tree=67
num_leaves=15
num_cat=0
split_feature=18 18 15 5 9 7 5 18 9 2 6 1 1 13
split_gain=0.559195 0.84562 0.699244 0.668251 2.36711 1.8672 1.50351 1.18195 1.00985 0.952922 0.945044 0.913306 0.747471 0.612216
threshold=0.33511090731961962 0.31589968616809172 115.00000000000001 1114112.0000000002 1.0000000180025095e-35 1.0000000180025095e-35 327680.00000000006 0.66567043083523181 1.5000000000000002 19.000000000000004 1.5000000000000002 18.000000000000004 8.5000000000000018 60.500000000000007
decision_type=2 2 2 2 2 2 2 2 2 2 2 2 2 2
left_child=1 2 13 4 5 6 10 -8 9 11 12 -5 -2 -1
right_child=3 -3 -4 8 -6 -7 7 -9 -10 -11 -12 -13 -14 -15
leaf_value=-0.00034947278543001408 0.0085220105831439689 -0.0054149470116289407 0.005598182489092534 0.0020440832606323485 0.0083496936389969457 -0.0089169958832540693 -0.0051497308368197992 0.00027189860103863744 -0.0037470222246356131 0.0079277844459284107 -0.0027596024723389925 -0.00424236246054211 0.0021218185611312688 0.001979118660592393
leaf_weight=5346 65 78 52 848 72 70 192 211 82 64 67 62 153 298
leaf_count=5346 65 78 52 848 72 70 192 211 82 64 67 62 153 298
internal_value=0 -0.000244157 -0.000173349 0.000747489 -0.000314113 -0.00113706 -0.000345497 -0.00231111 0.00158189 0.00203053 0.00243395 0.00161578 0.00403013 -0.000226524
internal_weight=0 5774 5696 1886 830 758 688 403 1056 974 285 910 218 5644
internal_count=7660 5774 5696 1886 830 758 688 403 1056 974 285 910 218 5644
is_linear=0
shrinkage=0.05


Tree=68
num_leaves=15
num_cat=0
split_feature=1 18 12 12 3 18 18 12 15 13 5 18 3 3
split_gain=0.546073 0.602251 0.742844 0.980767 1.60506 1.07361 2.7089 1.63843 1.17234 0.972774 1.3795 0.972648 0.94561 1.47503
threshold=37.500000000000007 0.020708468876275959 1.0000000180025095e-35 2.5000000000000004 2949120.0000000005 0.19518138709622135 0.49070407122275089 62.500000000000007 15.500000000000002 1.0000000180025095e-35 3866624.0000000005 0.19253885228095355 1.0000000180025095e-35 458752.00000000006
decision_type=2 2 2 2 2 2 2 2 2 2 2 2 2 2
left_child=1 -1 12 9 5 11 7 -7 -8 10 -4 -5 -3 -14
right_child=-2 2 3 4 -6 6 8 -9 -10 -11 -12 -13 13 -15
leaf_value=-0.00069829537523840028 -0.0035984082745226958 0.00030750473832457845 -0.0020415925659101231 0.0006373761499181707 0.0055813963328238949 -0.01140084250055882 0.00226495838050997 -0.001939970138026219 -0.0054277227228057799 -0.0077570594164232416 0.0032002044344941779 0.009268756717443467 0.0086462177385081673 0.0015265094867323106
leaf_weight=1985 104 2929 769 94 142 83 339 102 58 60 150 50 81 714
leaf_count=1985 104 2929 769 94 142 83 339 102 58 60 150 50 81 714
internal_value=0 4.95281e-05 0.000315985 -0.000503845 0.000719788 -0.000231106 -0.00118752 -0.00618458 0.00114109 -0.00158874 -0.00118602 0.00363438 0.000722597 0.00225191
internal_weight=0 7556 5571 1847 868 726 582 185 397 979 919 144 3724 795
internal_count=7660 7556 5571 1847 868 726 582 185 397 979 919 144 3724 795
is_linear=0
shrinkage=0.05


Tree=69
num_leaves=15
num_cat=0
split_feature=8 6 3 15 8 13 12 3 1 5 14 18 18 5
split_gain=0.543368 0.512252 2.68093 1.39212 1.1644 1.20226 1.34181 1.31226 1.21908 1.0682 1.01284 0.907831 2.55352 0.789807
threshold=3.5000000000000004 1.0000000180025095e-35 1.0000000180025095e-35 3.5000000000000004 1.5000000000000002 9.5000000000000018 2.5000000000000004 3342336.0000000005 19.500000000000004 4390912.0000000009 3.5000000000000004 0.20174654363457586 0.49070407122275089 196608.00000000003
decision_type=2 2 2 2 2 2 2 2 2 2 2 2 2 2
left_child=1 2 -1 13 5 6 9 8 10 -3 11 -8 -13 -4
right_child=-2 4 3 -5 -6 -7 7 -9 -10 -11 -12 12 -14 -15
leaf_value=-0.00014459279919726951 0.0046243771201088316 -0.00098717376479606485 0.0089292425389696905 -0.0043060644716024403 -0.0061696609042668615 -0.0044130713178243252 0.0060331127166748048 0.0069210076247746086 -0.0062115080790086236 0.0041839354627189185 -0.0046189885458041884 -0.0052628406827602914 0.004008903354406357 0.0035426144042103262
leaf_weight=3969 63 2043 82 50 89 173 125 106 55 105 58 109 233 400
leaf_count=3969 63 2043 82 50 89 173 125 106 55 105 58 109 233 400
internal_value=0 -3.83488e-05 0.000302167 0.00363523 -0.000533394 -0.000366574 -0.000119558 0.00180562 0.000870741 -0.000734396 0.00161269 0.00238665 0.00105387 0.00445901
internal_weight=0 7597 4501 532 3096 3007 2834 686 580 2148 525 467 342 482
internal_count=7660 7597 4501 532 3096 3007 2834 686 580 2148 525 467 342 482
is_linear=0
shrinkage=0.05


Tree=70
num_leaves=15
num_cat=0
split_feature=16 15 18 18 18 4 18 18 18 13 14 18 18 2
split_gain=0.523765 1.92935 0.489518 0.973608 1.18798 0.814539 0.893315 0.944685 0.803551 0.971552 0.817132 1.47635 0.779162 0.934244
threshold=113.00000000000001 58.500000000000007 0.29882659353147595 0.27467733299528224 0.28162539611904963 196608.00000000003 0.23905517632990389 0.21486706724647739 0.19253885228095355 48.500000000000007 37.000000000000007 0.093697790454857044 0.18157479714878419 1.0000000180025095e-35
decision_type=2 2 2 2 2 2 2 2 2 2 2 2 2 2
left_child=2 -2 3 5 -5 -1 7 8 9 10 12 -12 13 -7
right_child=1 -3 -4 4 -6 6 -8 -9 -10 -11 11 -13 -14 -15
leaf_value=-0.0053715038597583779 -0.0031840885774447368 0.010571796372532846 0.00059728500531017073 -0.010635996711440386 -0.00060362021387037304 0.0052778971393903102 0.0026994333784551103 -0.0041425467760977793 0.0031546756560719537 0.0025828581503642505 -0.00062784174258269159 -0.011099298939108848 -0.006242410574447025 -0.00035352595804755035
leaf_weight=75 52 50 2116 50 72 75 266 153 177 279 103 50 55 4087
leaf_count=75 52 50 2116 50 72 75 266 153 177 279 103 50 55 4087
internal_value=0 0.00355899 -4.80308e-05 -0.000298947 -0.00471525 -0.000197671 -0.000123689 -0.000274513 -0.000151883 -0.000277773 -0.000460408 -0.00404989 -0.000330176 -0.000252047
internal_weight=0 102 7558 5442 122 5320 5245 4979 4826 4649 4370 153 4217 4162
internal_count=7660 102 7558 5442 122 5320 5245 4979 4826 4649 4370 153 4217 4162
is_linear=0
shrinkage=0.05


Tree=71
num_leaves=15
num_cat=0
split_feature=17 17 6 3 13 3 12 3 18 18 18 5 1 5
split_gain=0.504167 0.713831 0.511404 2.51688 1.21111 1.12047 0.83872 1.29352 0.881501 1.66242 1.1318 0.885843 0.766696 1.09894
threshold=57.500000000000007 121.00000000000001 1.0000000180025095e-35 1.0000000180025095e-35 9.5000000000000018 458752.00000000006 2.5000000000000004 2949120.0000000005 0.51997310280278197 0.19518138709622135 0.19253885228095355 8323072.0000000009 2.5000000000000004 1245184.0000000002
decision_type=2 2 2 2 2 2 2 2 2 2 2 2 2 2
left_child=2 -2 3 -1 6 -5 12 8 9 10 -8 -11 13 -4
right_child=1 -3 4 5 -6 -7 7 -9 -10 11 -12 -13 -14 -15
leaf_value=-0.00017858465468402574 0.0039249601984880254 -0.0015441343899858133 -0.0096747018208955989 0.0095408643623675002 -0.0046992233067396144 0.0026238106732840798 -0.0011766804898359689 0.0058797820109473776 0.002192062990627255 -0.0088355680536708718 0.008345929563045501 -0.0013942086055308959 -0.00053137651994830529 -0.0012869070945007186
leaf_weight=3797 181 89 57 67 168 464 83 121 281 81 50 79 2018 124
leaf_count=3797 181 89 57 67 168 464 83 121 281 81 50 79 2018 124
internal_value=0 0.00212218 -7.75358e-05 0.00027232 -0.000572041 0.00349658 -0.000332454 0.00118163 0.000191251 -0.00172762 0.00240325 -0.0051614 -0.000810983 -0.00392837
internal_weight=0 270 7390 4328 3062 531 2894 695 574 293 133 160 2199 181
internal_count=7660 270 7390 4328 3062 531 2894 695 574 293 133 160 2199 181
is_linear=0
shrinkage=0.05


Tree=72
num_leaves=15
num_cat=0
split_feature=1 4 6 18 12 3 18 13 18 18 1 1 17 13
split_gain=0.483274 0.48848 0.603072 0.542954 0.686664 1.00754 0.990405 0.948511 0.908215 0.922746 1.02877 1.44355 0.899024 0.992425
threshold=37.500000000000007 10027008.000000002 2.5000000000000004 0.020708468876275959 1.0000000180025095e-35 4259840.0000000009 0.063524428249861986 14.500000000000002 0.22838678834732515 0.021819941733668313 21.500000000000004 23.500000000000004 59.500000000000007 9.5000000000000018
decision_type=2 2 2 2 2 2 2 2 2 2 2 2 2 2
left_child=1 3 -3 -1 5 7 -7 8 9 -5 -11 -12 13 -6
right_child=-2 2 -4 4 12 6 -8 -9 -10 10 11 -13 -14 -15
leaf_value=-0.00061700570990597754 -0.0033851794773139634 -0.0069715838570317094 9.3473050458384545e-05 0.0046681248249463092 -0.00027720709556139123 0.0094904268531266749 0.0021529041478530533 0.002604623392224312 0.0012942989524874025 -0.0011398079479697123 0.0092636054634290237 -0.0013535051846078464 0.0057304641264572485 -0.0044693623915795363
leaf_weight=1956 104 55 67 81 1583 54 310 450 1064 1595 59 70 57 155
leaf_count=1956 104 55 67 81 1583 54 310 450 1064 1595 59 70 57 155
internal_value=0 4.65933e-05 -0.00309159 9.80943e-05 0.000353431 0.000744238 0.00324144 0.000470366 0.00013561 -0.000547406 -0.000792451 0.00350238 -0.000448431 -0.000651076
internal_weight=0 7556 122 7434 5478 3683 364 3319 2869 1805 1724 129 1795 1738
internal_count=7660 7556 122 7434 5478 3683 364 3319 2869 1805 1724 129 1795 1738
is_linear=0
shrinkage=0.05


Tree=73
num_leaves=15
num_cat=0
split_feature=8 1 16 1 7 18 2 9 5 18 5 1 4 13
split_gain=0.46718 0.443589 0.739521 0.643344 0.816626 0.752808 0.639453 1.22585 1.10092 0.931136 0.552666 0.853135 0.523783 0.543106
threshold=3.5000000000000004 1.5000000000000002 113.00000000000001 2.5000000000000004 3.5000000000000004 0.84749212408080776 2.5000000000000004 1.0000000180025095e-35 2031616.0000000002 0.49070407122275089 5701632.0000000009 13.500000000000002 10027008.000000002 4.5000000000000009
decision_type=2 2 2 2 2 2 2 2 2 2 2 2 2 2
left_child=1 2 -1 -3 5 6 7 8 9 -5 11 -10 13 -8
right_child=-2 3 -4 4 -6 -7 12 -9 10 -11 -12 -13 -14 -15
leaf_value=0.00037232871721660284 0.0042879389332873483 -0.0028110537500975058 0.0054503091082379633 -0.0052662286176302728 -0.006465576998158998 0.0037247476494871087 -0.00045147485517740621 0.006831505145271157 0.0072829242476395205 0.00045079347227170997 -0.001390146931596831 -0.000191033606727918 -0.0040034233001060788 0.0026644715795229226
leaf_weight=2305 63 242 74 107 51 125 3933 86 105 213 51 60 100 145
leaf_count=2305 63 242 74 107 51 125 3933 86 105 213 51 60 100 145
internal_value=0 -3.55588e-05 0.000530282 -0.000293538 -0.000171102 -0.000105921 -0.000205678 0.00129002 0.000400896 -0.00146084 0.00315902 0.00456512 -0.00042835 -0.000340682
internal_weight=0 7597 2379 5218 4976 4925 4800 622 536 320 216 165 4178 4078
internal_count=7660 7597 2379 5218 4976 4925 4800 622 536 320 216 165 4178 4078
is_linear=0
shrinkage=0.05


Tree=74
num_leaves=15
num_cat=0
split_feature=1 6 3 15 3 3 18 3 17 13 8 12 3 1
split_gain=0.42805 0.433677 2.00665 1.25713 0.806423 0.97437 0.796045 0.779444 0.777054 1.01698 0.74007 0.968693 1.23904 1.0103
threshold=37.500000000000007 1.0000000180025095e-35 1.0000000180025095e-35 7.0000000000000009 458752.00000000006 1376256.0000000002 0.66567043083523181 6488064.0000000009 59.500000000000007 9.5000000000000018 1.5000000000000002 2.5000000000000004 3342336.0000000005 19.500000000000004
decision_type=2 2 2 2 2 2 2 2 2 2 2 2 2 2
left_child=1 2 6 4 -4 -6 -1 -7 9 10 11 -3 13 -13
right_child=-2 8 3 -5 5 7 -8 -9 -10 -11 -12 12 -14 -15
leaf_value=-0.00011557786379874113 -0.0031859014963489386 -0.00067054567576140488 0.0090911268340006703 -0.0043283375874161719 -0.0023934307684557454 0.0053628492210253441 0.006112104697296253 -0.00059077048345523723 0.0051748872780409023 -0.0043055886070110967 -0.004442872042552783 0.0013086115111069507 0.0065958742271451393 -0.0058324431966651569
leaf_weight=3882 104 2096 67 50 66 287 52 68 61 168 104 498 102 55
leaf_count=3882 104 2096 67 50 66 287 52 68 61 168 104 498 102 55
internal_value=0 4.38504e-05 0.000358418 0.00322247 0.00399612 0.00318527 -3.32597e-05 0.00422244 -0.000412292 -0.000525034 -0.000302571 -0.000146049 0.00153234 0.00059838
internal_weight=0 7556 4472 538 488 421 3934 355 3084 3023 2855 2751 655 553
internal_count=7660 7556 4472 538 488 421 3934 355 3084 3023 2855 2751 655 553
is_linear=0
shrinkage=0.05


Tree=75
num_leaves=15
num_cat=0
split_feature=8 11 17 2 13 2 14 16 15 18 13 18 5 18
split_gain=0.433115 0.425938 0.628746 1.71822 0.992369 0.931468 0.448005 0.934643 1.33124 1.76882 0.991177 0.89088 1.11093 0.874605
threshold=3.5000000000000004 3.5000000000000004 16.500000000000004 13.500000000000002 56.500000000000007 5.5000000000000009 3.5000000000000004 51.500000000000007 57.500000000000007 0.49733285238297492 12.500000000000002 0.047047352573683747 5439488.0000000009 0.60577126987961116
decision_type=2 2 2 2 2 2 2 2 2 2 2 2 2 2
left_child=1 2 6 4 5 -4 -1 8 9 10 11 -8 -13 -11
right_child=-2 -3 3 -5 -6 -7 7 -9 -10 13 -12 12 -14 -15
leaf_value=1.6169254036643271e-05 0.0041286476429492711 -0.0036406290475968963 0.00053866954537433226 0.0084172358191231412 0.0055396978325884918 -0.0075943528602902717 -0.001044020472909324 -0.0080366112664341932 0.0060937367317577202 0.0082896726607692012 0.0010723952851865602 -0.0036880898553488862 -0.012827762498548537 -0.00097021641684513467
leaf_weight=6737 63 81 109 82 58 52 64 50 60 51 69 67 66 51
leaf_count=6737 63 81 109 82 58 52 64 50 60 51 69 67 66 51
internal_value=0 -3.42378e-05 4.62829e-06 0.0022436 -6.79858e-05 -0.00208815 -8.87787e-05 -0.00156793 -0.000812243 -0.00193822 -0.0040848 -0.00589113 -0.00822357 0.00365973
internal_weight=0 7597 7516 301 219 161 7215 478 428 368 266 197 133 102
internal_count=7660 7597 7516 301 219 161 7215 478 428 368 266 197 133 102
is_linear=0
shrinkage=0.05


Tree=76
num_leaves=15
num_cat=0
split_feature=8 11 17 2 13 2 7 18 14 18 5 9 7 5
split_gain=0.390886 0.384409 0.567443 1.55069 0.895613 0.84065 0.422553 0.531696 1.0235 0.968377 0.709381 1.47334 1.15456 1.06351
threshold=3.5000000000000004 3.5000000000000004 16.500000000000004 13.500000000000002 56.500000000000007 5.5000000000000009 3.5000000000000004 0.3544134449575474 34.000000000000007 0.093697790454857044 1114112.0000000002 1.0000000180025095e-35 1.0000000180025095e-35 327680.00000000006
decision_type=2 2 2 2 2 2 2 2 2 2 2 2 2 2
left_child=1 2 6 4 5 -4 7 8 -1 -10 11 12 13 -9
right_child=-2 -3 3 -5 -6 -7 -8 10 9 -11 -12 -13 -14 -15
leaf_value=-0.00013060575536681329 0.0039222152814978647 -0.0034585975892381902 0.00051173614765252545 0.0079963741324296823 0.0052627131214429594 -0.0072146351090990575 -0.004097521938383579 0.0020828598743985196 -8.0956005207870324e-05 -0.0063684174236450482 0.0018102590685574933 0.0071326388076680611 -0.0081376118352636702 -0.0020433998726325617
leaf_weight=5342 63 81 109 82 58 52 65 260 115 131 798 61 52 391
leaf_count=5342 63 81 109 82 58 52 65 260 115 131 798 61 52 391
internal_value=0 -3.25259e-05 4.39687e-06 0.00213142 -6.45864e-05 -0.00198374 -8.43398e-05 -4.78563e-05 -0.000275818 -0.00342916 0.000767667 -0.000321323 -0.00096811 -0.000395431
internal_weight=0 7597 7516 301 219 161 7215 7150 5588 246 1562 764 703 651
internal_count=7660 7597 7516 301 219 161 7215 7150 5588 246 1562 764 703 651
is_linear=0
shrinkage=0.05


Tree=77
num_leaves=15
num_cat=0
split_feature=16 15 13 15 5 5 8 8 4 17 16 18 2 9
split_gain=0.390696 1.63165 0.384094 0.852324 1.47789 0.828615 0.774983 1.14133 1.00963 0.886079 1.10012 0.73224 0.700335 0.65912
threshold=113.00000000000001 58.500000000000007 60.500000000000007 32.500000000000007 7012352.0000000009 8060928.0000000009 2.5000000000000004 1.5000000000000002 7405568.0000000009 25.500000000000004 29.500000000000004 0.17311125508015482 13.500000000000002 1.0000000180025095e-35
decision_type=2 2 2 2 2 2 2 2 2 2 2 2 2 2
left_child=2 -2 3 6 -5 -4 7 9 -9 10 13 -7 -11 -1
right_child=1 -3 5 4 -6 11 -8 8 -10 12 -12 -13 -14 -15
leaf_value=-0.0002162359967315641 -0.0031272575617409672 0.0095229410901665687 0.0074918959066271789 -0.008568257102742791 -0.00055531343854055173 0.0022440229928909951 0.0057917661932215363 -0.00063776628974872296 -0.0090159419782911282 0.0011342999660833315 0.005623347875440405 -0.0026319313537457897 0.007712561206426472 0.0030638134759512678
leaf_weight=6261 52 50 50 80 205 229 57 79 66 110 84 116 64 157
leaf_count=6261 52 50 50 80 205 229 57 79 66 110 84 116 64 157
internal_value=0 0.00307382 -4.14831e-05 -0.000125185 -0.00280456 0.00147638 -1.41613e-05 -6.26788e-05 -0.00445128 3.26398e-05 -6.15924e-05 0.000604572 0.00355389 -0.000135998
internal_weight=0 102 7558 7163 285 395 6878 6821 145 6676 6502 345 174 6418
internal_count=7660 102 7558 7163 285 395 6878 6821 145 6676 6502 345 174 6418
is_linear=0
shrinkage=0.05


Tree=78
num_leaves=15
num_cat=0
split_feature=1 1 18 4 5 16 1 0 18 18 5 18 1 2
split_gain=0.377647 0.453422 0.632648 1.6674 1.12658 0.537566 0.498956 0.539448 0.458966 0.985334 1.45315 1.04248 0.679705 0.652531
threshold=37.500000000000007 21.500000000000004 0.18157479714878419 6619136.0000000009 6094848.0000000009 113.00000000000001 18.000000000000004 1.5000000000000002 0.16019799854342356 0.11364496850972704 7405568.0000000009 0.10299525631898378 2.5000000000000004 4.5000000000000009
decision_type=2 2 2 2 2 2 2 2 2 2 2 2 2 2
left_child=1 5 4 -4 -3 6 8 -8 9 11 12 13 -11 -1
right_child=-2 2 3 -5 -6 -7 7 -9 -10 10 -12 -13 -14 -15
leaf_value=-0.0016250752015633787 -0.0029924571849943068 0.00062196732802732185 0.0023195273467692835 -0.0073464966937899587 0.0082693233760073783 0.0036041687421425428 -0.00035701708705907572 -0.0061546908318996438 0.00045296445276231861 -0.0050290922712848849 -0.0086968693973087687 0.0052471678996384571 0.00029444000197313642 7.1283410616236259e-05
leaf_weight=705 104 121 174 60 80 99 94 70 2790 83 82 88 216 2894
leaf_count=705 104 121 174 60 80 99 94 70 2790 83 82 88 216 2894
internal_value=0 4.11879e-05 0.0016083 -0.00015894 0.00366569 -5.45424e-05 -0.000106125 -0.00283163 -4.0948e-05 -0.000379693 -0.00280042 -0.000129545 -0.00118333 -0.000261012
internal_weight=0 7556 435 234 201 7121 7022 164 6858 4068 381 3687 299 3599
internal_count=7660 7556 435 234 201 7121 7022 164 6858 4068 381 3687 299 3599
is_linear=0
shrinkage=0.05


Tree=79
num_leaves=15
num_cat=0
split_feature=4 6 18 5 18 2 2 12 3 13 17 15 2 18
split_gain=0.376524 0.543847 0.37137 0.652713 0.628837 0.537161 0.459925 0.452946 0.945465 0.842338 0.855618 0.976828 0.834328 0.815469
threshold=10027008.000000002 2.5000000000000004 0.020708468876275959 1900544.0000000002 0.021819941733668313 26.500000000000004 23.500000000000004 1.0000000180025095e-35 4259840.0000000009 14.500000000000002 64.500000000000014 54.500000000000007 5.5000000000000009 0.22838678834732515
decision_type=2 2 2 2 2 2 2 2 2 2 2 2 2 2
left_child=2 -2 3 -1 -4 6 -5 8 9 10 11 13 -10 -6
right_child=1 -3 4 5 7 -7 -8 -9 12 -11 -12 -13 -14 -15
leaf_value=0.0030580874313442512 -0.0064400508441030992 0.00026913222443284606 0.0043522899767950828 -0.00082505255203274824 -0.00083904026458555105 0.0029677798459818074 -0.0054304732275860653 -0.00046233650416863483 0.001632290101587658 0.0022490488659831095 -0.0060916175744656865 0.004346047797136837 0.0073555311869557315 0.00096384685395602013
leaf_weight=118 55 67 92 1697 1663 91 56 1814 285 449 58 126 82 1007
leaf_count=118 55 67 92 1697 1663 91 56 1814 285 449 58 126 82 1007
internal_value=0 -0.0027555 4.45969e-05 -0.000547043 0.000252774 -0.00077774 -0.000972174 0.000184001 0.000503471 0.000235962 -8.07435e-05 4.39456e-05 0.00291105 -0.000159075
internal_weight=0 122 7538 1962 5576 1844 1753 5484 3670 3303 2854 2796 367 2670
internal_count=7660 122 7538 1962 5576 1844 1753 5484 3670 3303 2854 2796 367 2670
is_linear=0
shrinkage=0.05


Tree=80
num_leaves=15
num_cat=0
split_feature=18 17 17 12 12 12 1 18 14 14 18 15 18 16
split_gain=0.349754 0.575844 0.750431 0.611157 0.529959 1.08505 1.01148 0.65894 0.558349 0.546859 1.08949 0.932403 1.09473 0.863705
threshold=0.76886908021345368 121.00000000000001 59.500000000000007 64.500000000000014 61.500000000000007 50.500000000000007 4.5000000000000009 0.47433556850956449 64.500000000000014 37.000000000000007 0.34239425387938627 48.500000000000007 0.1380589429915014 55.500000000000007
decision_type=2 2 2 2 2 2 2 2 2 2 2 2 2 2
left_child=1 2 3 4 5 8 7 -6 9 13 11 12 -11 -1
right_child=-2 -3 -4 -5 6 -7 -8 -9 -10 10 -12 -13 -14 -15
leaf_value=-0.00012143896443736955 0.0014262603353386481 -0.0046259584580210676 0.003393641140502997 -0.0053625046529553154 0.0071348680619229667 -0.0074179128688924463 -0.0028249904297400212 0.00077838693848914571 0.0051668129432946444 -0.0025090462634001268 0.0028338572153678307 0.0010205158090684564 -0.011027707927154774 0.0040763551428914073
leaf_weight=6216 407 69 156 55 94 51 69 72 50 88 78 64 66 125
leaf_count=6216 407 69 156 55 94 51 69 72 50 88 78 64 66 125
internal_value=0 -8.00342e-05 -3.6372e-05 -0.000112508 -7.10981e-05 -0.000152503 0.00226297 0.00437784 -9.70914e-05 -0.000136747 -0.0022374 -0.00405189 -0.0061599 -3.86879e-05
internal_weight=0 7253 7184 7028 6973 6738 235 166 6687 6637 296 218 154 6341
internal_count=7660 7253 7184 7028 6973 6738 235 166 6687 6637 296 218 154 6341
is_linear=0
shrinkage=0.05


Tree=81
num_leaves=15
num_cat=0
split_feature=1 1 18 4 5 1 0 16 13 5 15 5 8 8
split_gain=0.339243 0.416238 0.582005 1.47905 1.01583 0.469268 0.485958 0.449106 0.404863 0.798916 0.776012 1.2603 0.775918 1.07428
threshold=37.500000000000007 21.500000000000004 0.18157479714878419 6619136.0000000009 6094848.0000000009 18.000000000000004 1.5000000000000002 113.00000000000001 60.500000000000007 8192000.0000000009 32.500000000000007 8323072.0000000009 2.5000000000000004 1.5000000000000002
decision_type=2 2 2 2 2 2 2 2 2 2 2 2 2 2
left_child=1 5 4 -4 -3 7 -7 8 10 -10 12 -12 13 -1
right_child=-2 2 3 -5 -6 6 -8 -9 9 -11 11 -13 -14 -15
leaf_value=3.0821883997529957e-05 -0.0028362249313011907 0.00062359730609161553 0.0021797747554621479 -0.0069239503828187792 0.0078853496443480244 -0.00034757830460179363 -0.0058503074305398129 0.0033532367849891838 0.0073654025500895937 0.00064658790737568978 -0.0064645532849094568 0.00036903597112442998 0.0059496882302617592 -0.0043998217815533281
leaf_weight=6007 104 121 174 60 80 94 70 99 51 334 124 148 54 140
leaf_count=6007 104 121 174 60 80 94 70 99 51 334 124 148 54 140
internal_value=0 3.90375e-05 0.00154052 -0.000154514 0.00351385 -5.26836e-05 -0.0026963 9.63551e-06 -3.86317e-05 0.00153661 -0.000132324 -0.00274628 -1.76657e-05 -7.00875e-05
internal_weight=0 7556 435 234 201 7121 164 6957 6858 385 6473 272 6201 6147
internal_count=7660 7556 435 234 201 7121 164 6957 6858 385 6473 272 6201 6147
is_linear=0
shrinkage=0.05


Tree=82
num_leaves=15
num_cat=0
split_feature=4 6 18 5 18 2 2 12 3 18 13 18 16 10
split_gain=0.336451 0.4886 0.333575 0.590729 0.560017 0.479137 0.423251 0.408643 0.862684 0.816472 0.73654 0.780058 0.735416 0.696732
threshold=10027008.000000002 2.5000000000000004 0.020708468876275959 1900544.0000000002 0.021819941733668313 26.500000000000004 23.500000000000004 1.0000000180025095e-35 4259840.0000000009 0.063524428249861986 14.500000000000002 0.22838678834732515 57.500000000000007 1.5000000000000002
decision_type=2 2 2 2 2 2 2 2 2 2 2 2 2 2
left_child=2 -2 3 -1 -4 6 -5 8 10 -10 11 -6 -12 -13
right_child=1 -3 4 5 7 -7 -8 -9 9 -11 12 13 -14 -15
leaf_value=0.0029111143061496571 -0.0060971338619393387 0.00026214529791457661 0.0041081470786593858 -0.0007805372311018295 -0.00071961317498748806 0.0027994048791927296 -0.0051985282850052633 -0.00043935923373451466 0.0086481450084487307 0.0018303343811244821 0.0029374334786552939 0.0012861349043078009 -0.0028134880730739005 -0.0043470294600159954
leaf_weight=118 55 67 92 1697 1772 91 56 1814 51 316 384 1024 65 58
leaf_count=118 55 67 92 1697 1772 91 56 1814 51 316 384 1024 65 58
internal_value=0 -0.00260474 4.21569e-05 -0.000518569 0.000239457 -0.000738039 -0.000921671 0.000174555 0.000478 0.00277777 0.00022247 -7.36791e-05 0.00210489 0.000984172
internal_weight=0 122 7538 1962 5576 1844 1753 5484 3670 367 3303 2854 449 1082
internal_count=7660 122 7538 1962 5576 1844 1753 5484 3670 367 3303 2854 449 1082
is_linear=0
shrinkage=0.05


Tree=83
num_leaves=15
num_cat=0
split_feature=18 17 17 12 18 12 12 1 18 14 14 18 15 18
split_gain=0.309938 0.521701 0.680529 0.543631 0.49288 0.485709 0.964696 0.910802 0.594834 0.49862 0.499291 0.899001 0.845971 1.08431
threshold=0.76886908021345368 121.00000000000001 59.500000000000007 64.500000000000014 0.054240435103955237 61.500000000000007 50.500000000000007 4.5000000000000009 0.47433556850956449 64.500000000000014 41.500000000000007 0.34239425387938627 48.500000000000007 0.1380589429915014
decision_type=2 2 2 2 2 2 2 2 2 2 2 2 2 2
left_child=1 2 3 5 -4 6 9 8 -7 10 -1 12 13 -12
right_child=-2 -3 4 -5 -6 7 -8 -9 -10 -11 11 -13 -14 -15
leaf_value=-3.7690022505126262e-05 0.0013426255252941956 -0.0044022768573916474 -0.00047131940526397601 -0.0050577620891007515 0.0053651206345871243 0.0067936195020980028 -0.0069957895167902413 -0.0026608483730882842 0.00075424914765689118 0.0048814807608723648 -0.0022475173610240914 0.00247093296863816 0.00097493080538697547 -0.010881667442265012
leaf_weight=6347 407 69 57 55 99 94 51 69 72 50 86 77 64 63
leaf_count=6347 407 69 57 55 99 94 51 69 72 50 86 77 64 63
internal_value=0 -7.5341e-05 -3.37822e-05 -0.000106285 0.00323258 -6.72302e-05 -0.000145162 0.00216727 0.00417413 -9.29144e-05 -0.000130389 -0.00215922 -0.00383303 -0.0058982
internal_weight=0 7253 7184 7028 156 6973 6738 235 166 6687 6637 290 213 149
internal_count=7660 7253 7184 7028 156 6973 6738 235 166 6687 6637 290 213 149
is_linear=0
shrinkage=0.05


Tree=84
num_leaves=15
num_cat=0
split_feature=1 1 18 4 5 16 1 0 5 5 18 18 5 18
split_gain=0.306329 0.379667 0.535292 1.31273 0.917524 0.440668 0.413233 0.437981 0.367806 0.496851 0.350886 0.871444 1.29414 0.922556
threshold=37.500000000000007 21.500000000000004 0.18157479714878419 6619136.0000000009 6094848.0000000009 113.00000000000001 18.000000000000004 1.5000000000000002 327680.00000000006 1638400.0000000002 0.16019799854342356 0.11364496850972704 7405568.0000000009 0.10299525631898378
decision_type=2 2 2 2 2 2 2 2 2 2 2 2 2 2
left_child=1 5 4 8 -3 6 10 -8 -4 -10 11 13 -13 -1
right_child=-2 2 3 -5 -6 -7 7 -9 9 -11 -12 12 -14 -15
leaf_value=-0.00022250591946453829 -0.0026951241977468065 0.00061674285497254706 0.0052133433582882095 -0.0065319567546248437 0.0075181731162592778 0.0032620878269275034 -0.00034779040539201271 -0.0055718289874494079 -0.0033576254695653917 0.0032945032464340332 0.0003939677327604277 -0.0010845548781662881 -0.0081751210933051471 0.0049591739455618986
leaf_weight=3599 104 121 60 60 80 99 94 70 50 64 2790 299 82 88
leaf_count=3599 104 121 60 60 80 99 94 70 50 64 2790 299 82 88
internal_value=0 3.70954e-05 0.0014711 -0.000154487 0.00336358 -5.05037e-05 -9.72064e-05 -0.00257756 0.00204464 0.000376903 -3.7892e-05 -0.000334079 -0.00261061 -9.88314e-05
internal_weight=0 7556 435 234 201 7121 7022 164 174 114 6858 4068 381 3687
internal_count=7660 7556 435 234 201 7121 7022 164 174 114 6858 4068 381 3687
is_linear=0
shrinkage=0.05


Tree=85
num_leaves=15
num_cat=0
split_feature=4 6 6 3 15 5 2 0 18 2 7 14 17 12
split_gain=0.303749 0.443502 0.317693 1.91754 1.02389 0.752794 1.18698 0.98391 0.698343 0.659639 0.655861 0.951879 1.50586 0.678951
threshold=10027008.000000002 2.5000000000000004 1.0000000180025095e-35 1.0000000180025095e-35 3.5000000000000004 196608.00000000003 1.5000000000000002 1.5000000000000002 0.66567043083523181 32.000000000000007 1.0000000180025095e-35 58.500000000000007 34.500000000000007 2.5000000000000004
decision_type=2 2 2 2 2 2 2 2 2 2 2 2 2 2
left_child=2 -2 3 8 5 -5 -7 -8 9 -1 11 12 13 -4
right_child=1 -3 10 4 -6 6 7 -9 -10 -11 -12 -13 -14 -15
leaf_value=-4.5240051113069059e-05 -0.0058022348332980823 0.00025645791076874333 -0.00058523882834496887 0.008281807354651392 -0.0034688679923145279 -0.001716867893344105 0.0007166666429159101 0.006705568842004731 0.0056851698515506897 -0.0042630674337085922 -0.0026700855797263893 -0.0060542880924362129 0.0084495963815313119 0.0013107935686341742
leaf_weight=3825 55 67 2022 80 53 101 107 191 52 95 278 66 52 616
leaf_count=3825 55 67 2022 80 53 101 107 191 52 95 278 66 52 616
internal_value=0 -0.00247492 4.00558e-05 0.000306468 0.00312545 0.00385509 0.00296753 0.00455519 -7.10991e-05 -0.000147458 -0.000355436 -0.000121955 2.35966e-05 -0.000142496
internal_weight=0 122 7538 4504 532 479 399 298 3972 3920 3034 2756 2690 2638
internal_count=7660 122 7538 4504 532 479 399 298 3972 3920 3034 2756 2690 2638
is_linear=0
shrinkage=0.05


Tree=86
num_leaves=15
num_cat=0
split_feature=7 18 18 5 9 8 7 5 18 6 1 2 3 3
split_gain=0.296749 0.322301 0.832624 0.581452 1.42235 1.05036 0.908296 1.03324 1.04576 0.718213 0.671128 0.629003 0.525054 1.25759
threshold=3.5000000000000004 0.33511090731961962 0.31589968616809172 1114112.0000000002 1.0000000180025095e-35 1.5000000000000002 1.0000000180025095e-35 327680.00000000006 0.54785473070273039 1.5000000000000002 8.5000000000000018 19.000000000000004 6356992.0000000009 3866624.0000000005
decision_type=2 2 2 2 2 2 2 2 2 2 2 2 2 2
left_child=1 2 -1 4 6 11 7 9 -9 10 -3 12 13 -5
right_child=-2 3 -4 5 -6 -7 -8 8 -10 -11 -12 -13 -14 -15
leaf_value=-8.4144285430225055e-05 -0.0032405774002628668 0.0074193801788183357 -0.0053524481693258217 0.0012957979536510726 0.0064778310449227043 -0.0039150005491340864 -0.0072098878577261626 -0.0061927474207123341 -0.00055255021106859203 -0.0027560012559267461 0.0013548309348669707 0.0067153668238057037 -0.0030973873313581736 0.0086515742812364824
leaf_weight=5686 70 65 76 748 69 85 55 115 288 67 153 63 57 63
leaf_count=5686 70 65 76 748 69 85 55 115 288 67 153 63 57 63
internal_value=0 2.98867e-05 -0.000153633 0.000608354 -0.000389134 0.00140556 -0.00102685 -0.000532563 -0.00216204 0.00177157 0.00316307 0.00189132 0.00154119 0.00186721
internal_weight=0 7590 5762 1828 812 1016 743 688 403 285 218 931 868 811
internal_count=7660 7590 5762 1828 812 1016 743 688 403 285 218 931 868 811
is_linear=0
shrinkage=0.05


Tree=87
num_leaves=15
num_cat=0
split_feature=8 11 17 2 13 2 18 7 6 12 18 14 15 18
split_gain=0.282768 0.419717 0.406455 1.3325 0.695209 0.764236 0.387032 0.374225 0.400885 0.875712 0.553581 0.650756 1.25248 0.703898
threshold=3.5000000000000004 3.5000000000000004 16.500000000000004 13.500000000000002 56.500000000000007 5.5000000000000009 0.17311125508015482 3.5000000000000004 4.5000000000000009 2.5000000000000004 0.49733285238297492 3.5000000000000004 24.500000000000004 0.047047352573683747
decision_type=2 2 2 2 2 2 2 2 2 2 2 2 2 2
left_child=1 2 7 4 5 6 -4 8 10 -10 11 -1 13 -13
right_child=-2 -3 3 -5 -6 -7 -8 -9 9 -11 -12 12 -14 -15
leaf_value=3.9895294732196909e-06 0.0033359631127308285 -0.0036076253464008556 -0.0027725222893059255 0.0072478064131446009 0.0044690277427434921 -0.0069029057899919841 0.0032067130809113132 -0.0038409027571861564 -0.002753130301710737 0.0044098908975720406 0.0011501883097208073 0.00032271410823917727 0.0028010694009642447 -0.0054918768772712128
leaf_weight=5465 63 81 50 82 58 52 59 65 291 50 985 71 93 195
leaf_count=5465 63 81 50 82 58 52 59 65 291 50 985 71 93 195
internal_value=0 -2.76643e-05 1.0917e-05 0.0018111 -0.000224555 -0.00191541 0.000463945 -6.41844e-05 -2.98506e-05 -0.00170283 5.39337e-05 -0.000131473 -0.0021936 -0.00393986
internal_weight=0 7597 7516 301 219 161 109 7215 7150 341 6809 5824 359 266
internal_count=7660 7597 7516 301 219 161 109 7215 7150 341 6809 5824 359 266
is_linear=0
shrinkage=0.05


Tree=88
num_leaves=15
num_cat=0
split_feature=6 3 15 3 3 3 13 14 17 12 3 1 18 18
split_gain=0.279852 1.48637 1.00419 0.69803 0.803065 0.687757 0.673699 0.837813 1.35534 0.740923 0.808592 0.745198 0.696722 2.05312
threshold=1.0000000180025095e-35 1.0000000180025095e-35 7.0000000000000009 458752.00000000006 1376256.0000000002 6488064.0000000009 9.5000000000000018 58.500000000000007 34.500000000000007 2.5000000000000004 2949120.0000000005 19.500000000000004 0.52915044750810181 0.25684613466166162
decision_type=2 2 2 2 2 2 2 2 2 2 2 2 2 2
left_child=1 -1 3 -3 -5 -6 7 8 9 -2 11 12 13 -11
right_child=6 2 -4 4 5 -7 -8 -9 -10 10 -12 -13 -14 -15
leaf_value=-8.3017668186991924e-05 -0.00063638970795044112 0.0081341995871556348 -0.0040464003160595894 -0.0023811685414845823 0.0046493379160729717 -0.00090472955978812954 -0.0032904096390749954 -0.0057496685308940487 0.007946910680486606 0.0033611870912918403 0.0050174307453782624 -0.0051702118144845068 0.0030961897556803057 -0.0059032748556799367
leaf_weight=3988 2188 67 50 67 290 69 185 66 52 134 119 53 224 108
leaf_count=3988 2188 67 50 67 290 69 185 66 52 134 119 53 224 108
internal_value=0 0.000251145 0.00270537 0.00339013 0.002644 0.00358184 -0.000363675 -0.00017976 -5.20279e-05 -0.000199213 0.00130007 0.000447728 0.00108668 -0.000773366
internal_weight=0 4531 543 493 426 359 3129 2944 2878 2826 638 519 466 242
internal_count=7660 4531 543 493 426 359 3129 2944 2878 2826 638 519 466 242
is_linear=0
shrinkage=0.05


Tree=89
num_leaves=15
num_cat=0
split_feature=4 6 1 1 18 4 4 1 16 16 8 5 18 18
split_gain=0.267484 0.408946 0.271373 0.353142 0.542709 1.14908 0.986257 0.447154 0.731068 0.511643 0.765784 0.561539 0.421512 1.89788
threshold=10027008.000000002 2.5000000000000004 37.500000000000007 21.500000000000004 0.18157479714878419 6619136.0000000009 7798784.0000000009 5.5000000000000009 113.00000000000001 4.5000000000000009 1.0000000180025095e-35 6750208.0000000009 0.22838678834732515 0.43607035459543902
decision_type=2 2 2 2 2 2 2 2 2 2 2 2 2 2
left_child=2 -2 3 7 6 -6 -5 8 -1 10 12 -12 -9 -14
right_child=1 -3 -4 4 5 -7 -8 9 -10 -11 11 -13 13 -15
leaf_value=0.000189056125773691 -0.005517544128762728 0.00030032875409016194 -0.0024988218502795256 0.00025251672365966268 0.0019034406748311276 -0.0061711959035719854 0.0075060451159342416 -0.0010570757069181841 0.0048163128909708445 -0.004873274536386355 0.0068917921371757984 -0.00028277519159018992 0.0045845429277202735 -0.001470487849946399
leaf_weight=4526 55 67 104 106 174 59 84 1632 87 67 60 50 192 397
leaf_count=4526 55 67 104 106 174 59 84 1632 87 67 60 50 192 397
internal_value=0 -0.00232248 3.75886e-05 7.30724e-05 0.00147606 -0.00014121 0.00345934 -1.1575e-05 0.000276325 -0.000565404 -0.000441583 0.00363063 -0.000643268 0.000503308
internal_weight=0 122 7538 7434 423 233 190 7011 4613 2398 2331 110 2221 589
internal_count=7660 122 7538 7434 423 233 190 7011 4613 2398 2331 110 2221 589
is_linear=0
shrinkage=0.05


Tree=90
num_leaves=15
num_cat=0
split_feature=8 11 17 2 14 2 7 6 12 18 14 15 13 1
split_gain=0.249143 0.412668 0.34746 1.19592 0.646263 1.13011 0.32725 0.36471 0.733425 0.482538 0.596517 1.15839 0.972134 0.860121
threshold=3.5000000000000004 3.5000000000000004 16.500000000000004 13.500000000000002 62.000000000000007 5.5000000000000009 3.5000000000000004 4.5000000000000009 2.5000000000000004 0.49733285238297492 3.5000000000000004 57.500000000000007 12.500000000000002 4.5000000000000009
decision_type=2 2 2 2 2 2 2 2 2 2 2 2 2 2
left_child=1 2 6 4 5 -4 7 9 -9 10 -1 12 13 -12
right_child=-2 -3 3 -5 -6 -7 -8 8 -10 -11 11 -13 -14 -15
leaf_value=1.1465247074004808e-05 0.0031313415720231005 -0.0035757355254005503 0.0012454718316219889 0.006827261126259478 0.0044384175674481822 -0.0074358263085114555 -0.0035888814940475502 -0.0025819464883114185 0.0039733685180544853 0.0010783696101699498 -0.0076267429271384196 0.0035780004225671293 0.0013773530274629594 -0.00098562263393480527
leaf_weight=5465 63 81 106 82 55 58 65 291 50 985 136 72 75 76
leaf_count=5465 63 81 106 82 55 58 65 291 50 985 136 72 75 76
internal_value=0 -2.59674e-05 1.22884e-05 0.00167671 -0.000251803 -0.00182474 -5.71491e-05 -2.50424e-05 -0.00162076 5.48722e-05 -0.00011823 -0.00209255 -0.00351513 -0.00524596
internal_weight=0 7597 7516 301 219 164 7215 7150 341 6809 5824 359 287 212
internal_count=7660 7597 7516 301 219 164 7215 7150 341 6809 5824 359 287 212
is_linear=0
shrinkage=0.05


Tree=91
num_leaves=15
num_cat=0
split_feature=6 3 15 18 5 0 13 14 17 12 12 3 2 1
split_gain=0.244959 1.34444 0.893258 0.631216 0.906681 0.756274 0.61825 0.775956 1.21505 0.65344 0.623695 0.721597 0.826836 0.661799
threshold=1.0000000180025095e-35 1.0000000180025095e-35 7.0000000000000009 0.18348666028012148 196608.00000000003 1.5000000000000002 9.5000000000000018 58.500000000000007 34.500000000000007 11.500000000000002 2.5000000000000004 1376256.0000000002 1.5000000000000002 2.5000000000000004
decision_type=2 2 2 2 2 2 2 2 2 2 2 2 2 2
left_child=1 -1 3 5 -5 -3 7 8 10 -8 13 12 -12 -2
right_child=6 2 -4 4 -6 -7 9 -9 -10 -11 11 -13 -14 -15
leaf_value=-8.2840625561558703e-05 -0.0035308568440377713 0.0017165205503934652 -0.0037988376095891003 0.006311428834451363 8.4116194646136007e-05 0.0080238606877948929 -0.0070875329312993524 -0.0055244148003332546 0.0075325340892259899 -0.0009048016520880036 -0.0058048994371704028 0.0040655896513282887 0.00093352765916793982 -0.00032520880796877517
leaf_weight=3988 175 81 50 80 217 115 67 66 52 118 51 163 424 2013
leaf_count=3988 175 81 50 80 217 115 67 66 52 118 51 163 424 2013
internal_value=0 0.000234968 0.00256908 0.00321491 0.00176151 0.00541726 -0.000340249 -0.000164065 -4.11385e-05 -0.00314395 -0.000180498 0.00119507 0.000210033 -0.000581602
internal_weight=0 4531 543 493 297 196 3129 2944 2878 185 2826 638 475 2188
internal_count=7660 4531 543 493 297 196 3129 2944 2878 185 2826 638 475 2188
is_linear=0
shrinkage=0.05


Tree=92
num_leaves=15
num_cat=0
split_feature=4 6 1 16 9 5 16 11 9 18 12 14 15 14
split_gain=0.23778 0.376109 0.250226 1.18237 0.896575 2.40974 0.671481 0.525346 0.414822 1.24537 1.48861 0.982363 0.568697 0.50961
threshold=10027008.000000002 2.5000000000000004 5.5000000000000009 2.5000000000000004 1.0000000180025095e-35 1507328.0000000002 113.00000000000001 1.0000000180025095e-35 1.0000000180025095e-35 0.58359347774407289 2.5000000000000004 14.500000000000002 50.500000000000007 62.000000000000007
decision_type=2 2 2 2 2 2 2 2 2 2 2 2 2 2
left_child=2 -2 6 4 7 -6 8 -4 13 10 11 12 -10 -1
right_child=1 -3 3 -5 5 -7 -8 -9 9 -11 -12 -13 -14 -15
leaf_value=0.0004562218561495294 -0.005253836244387044 0.00032557211920563413 -0.00024926596080789069 -0.0059047868920733097 0.011436677010635199 -0.0018829198740422726 0.0046158699404405456 -0.0053241190751298116 -0.006558382125910033 -0.0086536052618540974 0.0076969275623559961 0.0027488797778884573 -0.0012848838247725221 -0.0021250781728260554
leaf_weight=3924 55 67 2642 92 59 80 87 52 88 51 50 90 122 201
leaf_count=3924 55 67 2642 92 59 80 87 52 88 51 50 90 122 201
internal_value=0 -0.00218973 3.54402e-05 -0.000326333 -0.000145176 0.00377072 0.000264833 -0.000347222 0.000181196 -0.00135407 -0.000290423 -0.00162165 -0.00349473 0.000330442
internal_weight=0 122 7538 2925 2833 139 4613 2694 4526 401 350 300 210 4125
internal_count=7660 122 7538 2925 2833 139 4613 2694 4526 401 350 300 210 4125
is_linear=0
shrinkage=0.05


Tree=93
num_leaves=15
num_cat=0
split_feature=8 11 17 2 13 2 18 6 12 18 12 12 1 12
split_gain=0.231643 0.384494 0.316863 1.07623 0.609628 0.603057 0.348235 0.290112 0.592564 0.417752 0.40799 0.428879 0.883681 0.851816
threshold=3.5000000000000004 3.5000000000000004 16.500000000000004 13.500000000000002 56.500000000000007 5.5000000000000009 0.17311125508015482 4.5000000000000009 2.5000000000000004 0.85374545946366054 66.500000000000014 61.500000000000007 4.5000000000000009 50.500000000000007
decision_type=2 2 2 2 2 2 2 2 2 2 2 2 2 2
left_child=1 2 7 4 5 6 -4 9 -9 10 11 13 -13 -1
right_child=-2 -3 3 -5 -6 -7 -8 8 -10 -11 -12 12 -14 -15
leaf_value=-2.3311462032818845e-05 0.0030193677349459559 -0.0034514909311209197 -0.0027678511254489425 0.0064873505747172896 0.0041670815569573435 -0.0062419427128938528 0.0029037852913646376 -0.0023369796484013486 0.0035538186281919484 0.0029914223444487513 -0.0043235990743745456 0.0040568601073963304 -0.0025963746535945949 -0.0062724114683541388
leaf_weight=6408 63 81 50 82 58 52 59 292 50 116 55 168 71 55
leaf_count=6408 63 81 50 82 58 52 59 292 50 116 55 168 71 55
internal_value=0 -2.50389e-05 1.1888e-05 0.00160134 -0.000228126 -0.00181149 0.000302117 -5.44217e-05 -0.00147575 1.63036e-05 -3.47714e-05 4.24861e-07 0.00208038 -7.64912e-05
internal_weight=0 7597 7516 301 219 161 109 7215 342 6873 6757 6702 239 6463
internal_count=7660 7597 7516 301 219 161 109 7215 342 6873 6757 6702 239 6463
is_linear=0
shrinkage=0.05


Tree=94
num_leaves=15
num_cat=0
split_feature=1 1 18 4 18 4 1 0 16 13 5 15 5 18
split_gain=0.228974 0.322944 0.455061 1.01164 0.856101 1.80801 0.366638 0.430097 0.309916 0.326852 0.718073 0.704482 1.13938 0.633728
threshold=37.500000000000007 21.500000000000004 0.18157479714878419 6619136.0000000009 0.030281468152718843 7798784.0000000009 18.000000000000004 1.5000000000000002 113.00000000000001 60.500000000000007 8192000.0000000009 32.500000000000007 7012352.0000000009 0.17311125508015482
decision_type=2 2 2 2 2 2 2 2 2 2 2 2 2 2
left_child=1 6 4 -4 -3 -6 8 -8 9 11 -11 -1 -13 -12
right_child=-2 2 3 -5 5 -7 7 -9 -10 10 13 12 -14 -15
leaf_value=-8.6677617287452182e-06 -0.0023301163542712926 -0.0009981716976304037 0.0017863323976253641 -0.0057427270368983346 0.00033527345032147745 0.01255051598246037 -0.0001758264362851673 -0.0053526386858097144 0.0027839186290899917 0.0069076519788188089 0.002105639549818906 -0.0078532118598620103 -0.00061175853184183241 -0.0024877262546827918
leaf_weight=6201 104 78 174 60 69 54 94 70 99 51 220 75 197 114
leaf_count=6201 104 78 174 60 69 54 94 70 99 51 220 75 197 114
internal_value=0 3.20715e-05 0.00135463 -0.000144196 0.00309952 0.00569806 -4.87193e-05 -0.00238544 6.3651e-06 -3.37308e-05 0.00138164 -0.000117914 -0.00260848 0.000537844
internal_weight=0 7556 435 234 201 123 7121 164 6957 6858 385 6473 272 334
internal_count=7660 7556 435 234 201 123 7121 164 6957 6858 385 6473 272 334
is_linear=0
shrinkage=0.05


Tree=95
num_leaves=15
num_cat=0
split_feature=8 11 2 2 2 2 1 2 13 2 2 6 5 5
split_gain=0.217788 0.34936 0.302745 0.478629 0.746729 0.537844 0.366687 0.759112 2.76659 2.98605 1.20548 0.773513 0.617617 1.09404
threshold=3.5000000000000004 3.5000000000000004 34.500000000000007 25.500000000000004 23.500000000000004 28.000000000000004 1.5000000000000002 13.500000000000002 4.5000000000000009 14.500000000000002 12.500000000000002 1.0000000180025095e-35 8323072.0000000009 6094848.0000000009
decision_type=2 2 2 2 2 2 2 2 2 2 2 2 2 2
left_child=1 2 3 4 6 -5 7 10 9 -9 12 -11 13 -1
right_child=-2 -3 -4 5 -6 -7 -8 8 -10 11 -12 -13 -14 -15
leaf_value=0.00097534441727877897 0.0029276760391122297 -0.0032904282994108435 -0.0027643286306219001 0.0060420680365392138 -0.0044874557617889796 0.00012365253970903509 -0.00017890965629551868 0.015452178737573458 -0.0050037070978866073 0.0042746676206588743 -0.0066071548632213057 -0.0029063858240842822 0.0013416484609280197 -0.0029120980402807788
leaf_weight=443 63 81 97 70 92 85 5139 57 86 150 63 50 878 306
leaf_count=443 63 81 97 70 92 85 5139 57 86 150 63 50 878 306
internal_value=0 -2.42785e-05 1.09208e-05 4.7206e-05 -1.14585e-05 0.00279649 4.59581e-05 0.000614377 0.002759 0.00535663 0.000179108 0.0024794 0.000441883 -0.00061285
internal_weight=0 7597 7516 7419 7264 155 7172 2033 343 257 1690 200 1627 749
internal_count=7660 7597 7516 7419 7264 155 7172 2033 343 257 1690 200 1627 749
is_linear=0
shrinkage=0.05


Tree=96
num_leaves=15
num_cat=0
split_feature=6 3 15 18 3 3 18 0 4 2 13 14 17 12
split_gain=0.212411 1.20961 0.76497 0.631863 0.590608 0.705167 0.61078 0.686958 0.887524 0.564364 0.563566 0.742099 1.10533 0.551232
threshold=1.0000000180025095e-35 1.0000000180025095e-35 7.0000000000000009 0.66567043083523181 458752.00000000006 1376256.0000000002 0.28971414338537071 1.5000000000000002 7012352.0000000009 32.000000000000007 9.5000000000000018 58.500000000000007 34.500000000000007 11.500000000000002
decision_type=2 2 2 2 2 2 2 2 2 2 2 2 2 2
left_child=1 3 4 9 -3 -6 7 -7 -9 -1 11 12 -2 -12
right_child=10 2 -4 -5 5 6 -8 8 -10 -11 13 -13 -14 -15
leaf_value=-6.0831634444154291e-05 -0.00016133113798586415 0.0073942283460342179 -0.0034601419009268283 0.0053929253839529482 -0.0023647981904335877 0.00079011187250443982 0.00090990771038703766 0.011899722028257592 0.0036926054023206237 -0.0039619854641588115 -0.0066157351178464611 -0.0053907285811323107 0.0071952231228351593 -0.00093709001854314653
leaf_weight=3841 2826 67 50 52 67 64 159 56 80 95 67 66 52 118
leaf_count=3841 2826 67 50 52 67 64 159 56 80 95 67 66 52 118
internal_value=0 0.000218801 0.00243278 -8.26507e-05 0.00303044 0.00234412 0.00322294 0.0050618 0.00707201 -0.000154991 -0.000316839 -0.000148627 -2.84122e-05 -0.00299368
internal_weight=0 4531 543 3988 493 426 359 200 136 3936 3129 2944 2878 185
internal_count=7660 4531 543 3988 493 426 359 200 136 3936 3129 2944 2878 185
is_linear=0
shrinkage=0.05


Tree=97
num_leaves=15
num_cat=0
split_feature=18 17 12 17 10 18 5 18 17 17 16 12 1 2
split_gain=0.212441 0.530648 0.528611 0.460025 0.565733 0.454969 1.01806 0.58848 0.492914 0.43904 0.414042 0.374678 1.09204 0.577316
threshold=0.76886908021345368 121.00000000000001 66.500000000000014 59.500000000000007 1.0000000180025095e-35 0.71071253720909422 720896.00000000012 0.67813484466921881 43.000000000000007 12.500000000000002 1.5000000000000002 60.500000000000007 4.5000000000000009 5.5000000000000009
decision_type=2 2 2 2 2 2 2 2 2 2 2 2 2 2
left_child=1 2 3 5 -5 7 -7 8 9 11 -2 -1 13 -13
right_child=10 -3 -4 4 -6 6 -8 -9 -10 -11 -12 12 -14 -15
leaf_value=-0.00010006580756300563 0.0005079619414787845 -0.0044262590993573705 -0.005092773119024202 0.0051331051734295934 -0.0011463149482833928 -0.0069181667674953736 0.001119247804878347 0.0041771470497007522 -0.0043336445409240141 0.0045850411558953615 0.0053249912263423791 0.0073632035950819659 -0.0033351549399750578 0.0014811939381538554
leaf_weight=6382 356 69 51 94 58 75 83 84 66 52 51 75 70 94
leaf_count=6382 356 69 51 94 58 75 83 84 66 52 51 75 70 94
internal_value=0 -6.23754e-05 -2.04617e-05 1.58046e-05 0.00273701 -4.34453e-05 -0.00269598 1.79794e-05 -3.38636e-05 8.66384e-06 0.00111157 -2.72781e-05 0.00191637 0.00409155
internal_weight=0 7253 7184 7133 152 6981 158 6823 6739 6673 407 6621 239 169
internal_count=7660 7253 7184 7133 152 6981 158 6823 6739 6673 407 6621 239 169
is_linear=0
shrinkage=0.05


Tree=98
num_leaves=15
num_cat=0
split_feature=4 6 18 18 12 4 5 5 2 18 5 18 2 2
split_gain=0.205556 0.34567 0.212839 0.889849 0.720882 0.687058 0.610995 0.981387 0.781242 0.557204 0.636478 0.546061 0.546755 0.596792
threshold=10027008.000000002 2.5000000000000004 0.2337741181772611 0.21486706724647739 1.0000000180025095e-35 196608.00000000003 983040.00000000012 196608.00000000003 19.000000000000004 0.27467733299528224 4128768.0000000005 0.20007426819806487 1.0000000180025095e-35 3.5000000000000004
decision_type=2 2 2 2 2 2 2 2 2 2 2 2 2 2
left_child=2 -2 3 5 6 -1 7 -4 9 10 -8 12 -7 -14
right_child=1 -3 4 -5 -6 11 8 -9 -10 -11 -12 -13 13 -15
leaf_value=-0.005817990918077675 -0.0049734494162046103 0.00037541780325431209 0.0023778298008079275 -0.0041316211747046373 -0.0005291049189945974 0.0037378900233776338 0.0085031370964965651 -0.0015781246526516647 0.0079103544078491361 0.00086209370269813349 0.0020807981671344851 0.0038740995253384531 -0.0011888214722239881 0.00017305910810796844
leaf_weight=51 55 67 264 137 1147 93 56 386 54 534 124 90 1039 3563
leaf_count=51 55 67 264 137 1147 93 56 386 54 534 124 90 1039 3563
internal_value=0 -0.00203596 3.29513e-05 -0.000157859 0.000402893 -4.52855e-05 0.00115677 2.86015e-05 0.0021116 0.00167304 0.00407886 1.62418e-05 -5.77108e-05 -0.000134415
internal_weight=0 122 7538 4973 2565 4836 1418 650 768 714 180 4785 4695 4602
internal_count=7660 122 7538 4973 2565 4836 1418 650 768 714 180 4785 4695 4602
is_linear=0
shrinkage=0.05


Tree=99
num_leaves=15
num_cat=0
split_feature=1 1 18 4 18 4 1 0 16 13 4 18 18 14
split_gain=0.203349 0.297624 0.414062 0.879672 0.763138 1.65195 0.327631 0.393956 0.271536 0.297175 0.853414 0.722438 0.683001 0.582956
threshold=37.500000000000007 21.500000000000004 0.18157479714878419 6619136.0000000009 0.030281468152718843 7798784.0000000009 18.000000000000004 1.5000000000000002 113.00000000000001 52.500000000000007 7536640.0000000009 0.18348666028012148 0.15149680762738452 84.500000000000014
decision_type=2 2 2 2 2 2 2 2 2 2 2 2 2 2
left_child=1 6 4 -4 -3 -6 8 -8 9 13 -11 12 -12 -1
right_child=-2 2 3 -5 5 -7 7 -9 -10 10 11 -13 -14 -15
leaf_value=-7.7106180448286593e-05 -0.0021958683861437469 -0.00090450813190844396 0.0016703736529439348 -0.0053504489952077468 0.00029159423530749658 0.011967756122962952 -0.00014151878521203044 -0.0050960560036557058 0.0026046194719395255 0.006606947048197663 0.00051681426706287148 -0.0023815682431062063 0.006768742229404121 -0.0054441776382280335
leaf_weight=6359 104 78 174 60 69 54 94 70 99 63 177 150 58 51
leaf_count=6359 104 78 174 60 69 54 94 70 99 63 177 150 58 51
internal_value=0 3.02237e-05 0.00129987 -0.000129837 0.00296431 0.00541771 -4.73353e-05 -0.00225626 4.73648e-06 -3.27946e-05 0.0012122 0.000329423 0.00205984 -0.000119808
internal_weight=0 7556 435 234 201 123 7121 164 6957 6858 448 385 235 6410
internal_count=7660 7556 435 234 201 123 7121 164 6957 6858 448 385 235 6410
is_linear=0
shrinkage=0.05


end of trees

feature_importances:
author_score_mean=323
feat_metadata|user=129
feat_metadata_size|size=129
feat_metadata|ns=109
feat_dynamic_c_combined|0=108
feat_metadata_size|start=90
feat_dynamic_c_combined|1=83
feat_metadata_size|end=76
feat_dynamic_b|0=66
feat_dynamic_c_combined|3=46
feat_metadata|op=44
feat_dynamic_b|1=38
feat_dynamic_b|2=32
feat_dynamic_c_combined|4=30
feat_dynamic_c_combined|5=29
feat_dynamic_b|3=27
feat_dynamic_c_combined|2=24
feat_dynamic_b|5=11
feat_dynamic_b|4=6

parameters:
[boosting: gbdt]
[objective: regression]
[metric: rmse]
[tree_learner: serial]
[device_type: cpu]
[data: ]
[valid: ]
[num_iterations: 100]
[learning_rate: 0.05]
[num_leaves: 15]
[num_threads: 1]
[deterministic: 1]
[force_col_wise: 1]
[force_row_wise: 0]
[histogram_pool_size: -1]
[max_depth: -1]
[min_data_in_leaf: 50]
[min_sum_hessian_in_leaf: 0.001]
[bagging_fraction: 1]
[pos_bagging_fraction: 1]
[neg_bagging_fraction: 1]
[bagging_freq: 0]
[bagging_seed: 20260930]
[feature_fraction: 1]
[feature_fraction_bynode: 1]
[feature_fraction_seed: 20260930]
[extra_trees: 0]
[extra_seed: 14224]
[early_stopping_round: 0]
[first_metric_only: 0]
[max_delta_step: 0]
[lambda_l1: 0]
[lambda_l2: 0]
[linear_lambda: 0]
[min_gain_to_split: 0]
[drop_rate: 0.1]
[max_drop: 50]
[skip_drop: 0.5]
[xgboost_dart_mode: 0]
[uniform_drop: 0]
[drop_seed: 4822]
[top_rate: 0.2]
[other_rate: 0.1]
[min_data_per_group: 100]
[max_cat_threshold: 32]
[cat_l2: 10]
[cat_smooth: 10]
[max_cat_to_onehot: 4]
[top_k: 20]
[monotone_constraints: ]
[monotone_constraints_method: basic]
[monotone_penalty: 0]
[feature_contri: ]
[forcedsplits_filename: ]
[refit_decay_rate: 0.9]
[cegb_tradeoff: 1]
[cegb_penalty_split: 0]
[cegb_penalty_feature_lazy: ]
[cegb_penalty_feature_coupled: ]
[path_smooth: 0]
[interaction_constraints: ]
[verbosity: -1]
[saved_feature_importance_type: 0]
[linear_tree: 0]
[max_bin: 255]
[max_bin_by_feature: ]
[min_data_in_bin: 3]
[bin_construct_sample_cnt: 200000]
[data_random_seed: 20260930]
[is_enable_sparse: 1]
[enable_bundle: 1]
[use_missing: 1]
[zero_as_missing: 0]
[feature_pre_filter: 1]
[pre_partition: 0]
[two_round: 0]
[header: 0]
[label_column: ]
[weight_column: ]
[group_column: ]
[ignore_column: ]
[categorical_feature: ]
[forcedbins_filename: ]
[precise_float_parser: 0]
[objective_seed: 11132]
[num_class: 1]
[is_unbalance: 0]
[scale_pos_weight: 1]
[sigmoid: 1]
[boost_from_average: 1]
[reg_sqrt: 0]
[alpha: 0.9]
[fair_c: 1]
[poisson_max_delta_step: 0.7]
[tweedie_variance_power: 1.5]
[lambdarank_truncation_level: 30]
[lambdarank_norm: 1]
[label_gain: ]
[eval_at: ]
[multi_error_top_k: 1]
[auc_mu_weights: ]
[num_machines: 1]
[local_listen_port: 12400]
[time_out: 120]
[machine_list_filename: ]
[machines: ]
[gpu_platform_id: -1]
[gpu_device_id: -1]
[gpu_use_dp: 0]
[num_gpu: 1]

end of parameters

pandas_categorical:null
