state,scale,rho,inst_seed,disruption,config,seed,repair_cost,raw_objective,raw_valid,selected_cost,selected_source,improved_over_repair,n_released,n_legal,highs_status,mip_gap,dual_bound,start_adopted,selected_stability_flips,total_s,overrun_s
large_rho1.10_s3|D2_all_1p,large,1.1,3,D2_all_1p,SHORTAGE-24,0,9160.875587716027,9160.875587716027,True,9160.875587716027,solver,False,24,360,Time limit reached,0.346319689746599,5988.28399637102,True,0,,
medium_rho1.10_s3|D2_all_1p,medium,1.1,3,D2_all_1p,SHORTAGE-24,0,6131.767040959311,4344.7544656566115,True,4344.7544656566115,solver,True,24,180,Time limit reached,0.07281820580772917,4028.377240792378,True,4,,
medium_rho1.10_s2|D2_all_1p,medium,1.1,2,D2_all_1p,MATCHED-RANDOM-2,0,5406.220150954388,4284.3622330643475,True,4284.362233064348,solver,True,24,180,Time limit reached,0.032663309263062025,4144.420784450784,True,3,,
large_rho0.75_s4|D1_m0_2p,large,0.75,4,D1_m0_2p,FULL,0,2476.384412098589,2476.3844120985887,True,2476.384412098589,solver,False,384,384,Time limit reached,0.34365076058718264,1625.3730253746655,True,0,,
large_rho1.10_s3|D1_m0_2p,large,1.1,3,D1_m0_2p,EMPTY,1,7766.476906514546,7766.4769065145465,True,7766.476906514546,solver,False,0,384,Time limit reached,0.2775965582700056,5610.529647382628,True,0,,
medium_rho1.10_s4|D2_all_1p,medium,1.1,4,D2_all_1p,MATCHED-RANDOM-1,0,5499.654637968052,3971.7274258231573,True,3971.727425823158,solver,True,24,180,Time limit reached,0.03519432733240376,3831.9451507236518,True,3,,
medium_rho1.10_s5|D1_m0_2p,medium,1.1,5,D1_m0_2p,MATCHED-RANDOM-2,0,3240.235102327558,3203.685282315869,True,3203.685282315867,solver,True,24,192,Time limit reached,0.07243734284313544,2971.618833159247,True,3,,
medium_rho1.10_s5|D2_all_1p,medium,1.1,5,D2_all_1p,EMPTY,0,5101.5451394717775,4783.559920747653,True,4783.559920747653,solver,True,0,180,Time limit reached,0.028579548799420255,4646.847936557695,True,0,,
large_rho1.10_s3|D2_all_1p,large,1.1,3,D2_all_1p,MATCHED-RANDOM-2,0,9160.875587716027,9160.875587716027,True,9160.875587716027,solver,False,24,360,Time limit reached,0.33168337519690094,6122.365453023482,True,0,,
large_rho0.75_s2|D1_m0_2p,large,0.75,2,D1_m0_2p,SHORTAGE-24,1,3455.735847193032,3455.7358471930324,True,3455.735847193032,solver,False,24,384,Time limit reached,0.3830295068206356,2132.087049940294,True,0,,
large_rho1.10_s4|D1_m0_2p,large,1.1,4,D1_m0_2p,MATCHED-RANDOM-1,1,7133.926320184301,7133.926320184307,True,7133.926320184301,solver,False,24,384,Time limit reached,0.29050273942738636,5061.501181297632,True,0,,
large_rho0.75_s3|D2_all_1p,large,0.75,3,D2_all_1p,MATCHED-RANDOM-3,0,5916.914907391902,5916.91490739191,True,5916.914907391902,solver,False,24,360,Time limit reached,0.45354348276733714,3233.336713055407,True,0,,
large_rho1.10_s4|D1_m0_2p,large,1.1,4,D1_m0_2p,MATCHED-RANDOM-1,0,7133.926320184301,7133.926320184307,True,7133.926320184301,solver,False,24,384,Time limit reached,0.2892275332160417,5070.598408452406,True,0,,
large_rho1.10_s2|D1_m0_2p,large,1.1,2,D1_m0_2p,WINDOW-24,0,8667.28954278623,7301.591687339219,True,7301.59168733922,solver,True,24,384,Time limit reached,0.12886567222336812,6360.667166249694,True,2,,
large_rho0.75_s2|D2_all_1p,large,0.75,2,D2_all_1p,DEPENDENCY-24,1,4941.850029997092,4941.850029997096,True,4941.850029997092,solver,False,24,360,Time limit reached,0.37218297557096675,3102.5775810073046,True,0,,
medium_rho1.10_s3|D2_all_1p,medium,1.1,3,D2_all_1p,SHORTAGE-24,1,6131.767040959311,4419.123396229043,True,4419.123396229043,solver,True,24,180,Time limit reached,0.09146294123709567,4014.937372720271,True,4,,
large_rho1.10_s2|D2_all_1p,large,1.1,2,D2_all_1p,FULL,1,10236.190291203357,10236.190291203357,True,10236.190291203357,solver,False,360,360,Time limit reached,0.42854740660190177,5849.497488424591,True,0,,
medium_rho1.10_s3|D1_m0_2p,medium,1.1,3,D1_m0_2p,SHORTAGE-24,0,4000.219680175823,3363.840072003148,True,3363.840072003147,solver,True,24,192,Time limit reached,0.048604093711261766,3200.343673913809,True,3,,
large_rho1.10_s4|D1_m0_2p,large,1.1,4,D1_m0_2p,DEPENDENCY-24,0,7133.926320184301,7133.926320184307,True,7133.926320184301,solver,False,24,384,Time limit reached,0.25389434902611546,5322.662741120841,True,0,,
large_rho1.10_s3|D1_m0_2p,large,1.1,3,D1_m0_2p,MATCHED-RANDOM-3,1,7766.476906514546,6470.943833656712,True,6470.943833656713,solver,True,24,384,Time limit reached,0.1608712387492834,5429.95508325932,True,4,,
large_rho0.75_s5|D2_all_1p,large,0.75,5,D2_all_1p,SHORTAGE-24,0,4543.3314226602215,4543.331422660219,True,4543.3314226602215,solver,False,24,360,Time limit reached,0.3937492614907514,2754.398030280033,True,0,,
medium_rho0.75_s3|D2_all_1p,medium,0.75,3,D2_all_1p,SHORTAGE-24,0,2246.2363350218843,1871.2143274584018,True,1871.2143274584016,solver,True,24,180,Time limit reached,0.0507890655316692,1776.1771003573187,True,4,,
medium_rho0.75_s2|D1_m0_2p,medium,0.75,2,D1_m0_2p,MATCHED-RANDOM-3,0,1297.0966584137593,913.7377397140468,True,913.7377397140467,solver,True,24,192,Time limit reached,0.0494034458861753,868.5959467359278,True,4,,
large_rho0.75_s4|D2_all_1p,large,0.75,4,D2_all_1p,EMPTY,1,3747.1326617647946,3747.1326617647956,True,3747.1326617647937,solver,False,0,360,Time limit reached,0.11791345907139306,3305.295288016712,True,0,,
medium_rho1.10_s5|D2_all_1p,medium,1.1,5,D2_all_1p,MATCHED-RANDOM-1,1,5101.5451394717775,4163.74140937333,True,4163.741409373328,solver,True,24,180,Time limit reached,0.04078136005053371,3993.938371800359,True,4,,
large_rho0.75_s5|D2_all_1p,large,0.75,5,D2_all_1p,FULL,1,4543.3314226602215,4543.331422660219,True,4543.3314226602215,solver,False,360,360,Time limit reached,0.42659568938635667,2605.165822299786,True,0,,
large_rho0.75_s5|D1_m0_2p,large,0.75,5,D1_m0_2p,MATCHED-RANDOM-3,1,3205.0548749417494,3205.054874941747,True,3205.0548749417494,solver,False,24,384,Time limit reached,0.40726206138512794,1899.7576197205178,True,0,,
large_rho1.10_s4|D2_all_1p,large,1.1,4,D2_all_1p,MATCHED-RANDOM-3,0,9310.927467261346,9310.927467261337,True,9310.927467261346,solver,False,24,360,Time limit reached,0.35996786304556516,5959.292803899018,True,0,,
large_rho0.75_s4|D1_m0_2p,large,0.75,4,D1_m0_2p,WINDOW-24,1,2476.384412098589,2476.3844120985887,True,2476.384412098589,solver,False,24,384,Time limit reached,0.13509955594120826,2141.8259776843393,True,0,,
medium_rho1.10_s3|D1_m0_2p,medium,1.1,3,D1_m0_2p,EMPTY,0,4000.219680175823,3999.547693887536,True,3999.5476938875354,solver,True,0,192,Time limit reached,0.04066653614838369,3836.8999430168737,True,0,,
large_rho0.75_s2|D2_all_1p,large,0.75,2,D2_all_1p,SHORTAGE-24,1,4941.850029997092,4941.850029997096,True,4941.850029997092,solver,False,24,360,Time limit reached,0.38295174133902554,3049.3599555733917,True,0,,
medium_rho0.75_s5|D2_all_1p,medium,0.75,5,D2_all_1p,WINDOW-24,1,2189.205264696558,1869.2904122516425,True,1869.2904122516427,solver,True,24,180,Time limit reached,0.04066550413992605,1793.2747752534992,True,4,,
medium_rho1.10_s2|D2_all_1p,medium,1.1,2,D2_all_1p,WINDOW-24,0,5406.220150954388,3992.376656403222,True,3992.3766564032226,solver,True,24,180,Time limit reached,0.02731955736017716,3883.306693335182,True,2,,
large_rho0.75_s2|D1_m0_2p,large,0.75,2,D1_m0_2p,FULL,1,3455.735847193032,3455.7358471930324,True,3455.735847193032,solver,False,384,384,Time limit reached,0.5340915342181745,1610.0565867129628,True,0,,
large_rho0.75_s3|D1_m0_2p,large,0.75,3,D1_m0_2p,MATCHED-RANDOM-3,1,4750.874555789891,4750.874555789891,True,4750.874555789891,solver,False,24,384,Time limit reached,0.4720771440042108,2508.0952639703255,True,0,,
large_rho0.75_s3|D2_all_1p,large,0.75,3,D2_all_1p,SHORTAGE-24,0,5916.914907391902,5916.91490739191,True,5916.914907391902,solver,False,24,360,Time limit reached,0.45642240748078394,3216.3023605011545,True,0,,
medium_rho1.10_s2|D2_all_1p,medium,1.1,2,D2_all_1p,SHORTAGE-24,0,5406.220150954388,3968.6464609957698,True,3968.64646099577,solver,True,24,180,Time limit reached,0.021120335398156255,3884.8273166628333,True,2,,
medium_rho1.10_s2|D1_m0_2p,medium,1.1,2,D1_m0_2p,EMPTY,1,3581.589748783136,3341.5851664653615,True,3341.5851664653615,solver,True,0,192,Time limit reached,0.012577348134772376,3299.5568865047353,True,0,,
large_rho1.10_s4|D2_all_1p,large,1.1,4,D2_all_1p,WINDOW-24,1,9310.927467261346,9310.927467261337,True,9310.927467261346,solver,False,24,360,Time limit reached,0.3608880785847624,5950.724743759305,True,0,,
large_rho1.10_s4|D2_all_1p,large,1.1,4,D2_all_1p,MATCHED-RANDOM-2,1,9310.927467261346,9287.73779831908,True,9287.737798319089,solver,True,24,360,Time limit reached,0.3734689108572336,5819.056478453293,True,0,,
large_rho1.10_s5|D2_all_1p,large,1.1,5,D2_all_1p,DEPENDENCY-24,0,9800.940838187558,7345.904013499735,True,7345.90401349973,solver,True,24,360,Time limit reached,0.20370078035120875,5849.5376335647625,True,3,,
medium_rho1.10_s4|D1_m0_2p,medium,1.1,4,D1_m0_2p,EMPTY,1,3676.031279439639,3652.4065612959025,True,3652.406561295903,solver,True,0,192,Time limit reached,0.02504519663971379,3560.931320760066,True,0,,
medium_rho0.75_s3|D2_all_1p,medium,0.75,3,D2_all_1p,EMPTY,0,2246.2363350218843,2004.9496979201413,True,2004.9496979201413,solver,True,0,180,Time limit reached,0.011951812504686988,1980.986915049271,True,0,,
large_rho0.75_s4|D2_all_1p,large,0.75,4,D2_all_1p,DEPENDENCY-24,0,3747.1326617647946,3747.132661764796,True,3747.1326617647946,solver,False,24,360,Time limit reached,0.25554466055689984,2789.5729176524387,True,0,,
medium_rho1.10_s2|D2_all_1p,medium,1.1,2,D2_all_1p,FULL,0,5406.220150954388,3973.2206930968377,True,3973.2206930968373,solver,True,180,180,Time limit reached,0.07314933890701066,3682.5822260651494,True,4,,
large_rho1.10_s3|D1_m0_2p,large,1.1,3,D1_m0_2p,MATCHED-RANDOM-1,1,7766.476906514546,6412.7357844447415,True,6412.735784444742,solver,True,24,384,Time limit reached,0.22708376334688793,4956.507609163772,True,3,,
medium_rho0.75_s2|D1_m0_2p,medium,0.75,2,D1_m0_2p,WINDOW-24,1,1297.0966584137593,1091.880914785632,True,1091.8809147856323,solver,True,24,192,Time limit reached,0.02748748088180189,1061.8678590152576,True,0,,
medium_rho1.10_s5|D1_m0_2p,medium,1.1,5,D1_m0_2p,FULL,1,3240.235102327558,2864.5181564213517,True,2864.5181564213494,solver,True,192,192,Time limit reached,0.13628821787719334,2474.1180818058224,True,4,,
large_rho1.10_s4|D1_m0_2p,large,1.1,4,D1_m0_2p,FULL,0,7133.926320184301,7133.926320184307,True,7133.926320184301,solver,False,384,384,Time limit reached,0.3492461871252849,4642.429753627223,True,0,,
large_rho0.75_s5|D1_m0_2p,large,0.75,5,D1_m0_2p,MATCHED-RANDOM-1,0,3205.0548749417494,2621.1605201765087,True,2621.160520176508,solver,True,24,384,Time limit reached,0.3106063971791018,1807.0112945763829,True,4,,
medium_rho1.10_s5|D2_all_1p,medium,1.1,5,D2_all_1p,MATCHED-RANDOM-2,1,5101.5451394717775,4154.654289423602,True,4154.654289423599,solver,True,24,180,Time limit reached,0.03219660086052058,4020.8885435535794,True,2,,
large_rho0.75_s5|D1_m0_2p,large,0.75,5,D1_m0_2p,EMPTY,0,3205.0548749417494,3205.054874941747,True,3205.0548749417494,solver,False,0,384,Time limit reached,0.37768633819932634,1994.5494354970988,True,0,,
medium_rho1.10_s4|D1_m0_2p,medium,1.1,4,D1_m0_2p,MATCHED-RANDOM-1,1,3676.031279439639,3210.0324602298756,True,3210.0324602298765,solver,True,24,192,Time limit reached,0.061739953118069756,3011.845206627801,True,4,,
large_rho0.75_s4|D1_m0_2p,large,0.75,4,D1_m0_2p,SHORTAGE-24,1,2476.384412098589,2476.3844120985887,True,2476.384412098589,solver,False,24,384,Time limit reached,0.15334376163452124,2096.6463110942987,True,0,,
medium_rho0.75_s5|D1_m0_2p,medium,0.75,5,D1_m0_2p,SHORTAGE-24,1,1506.1365683060053,1150.222244952237,True,1150.2222449522371,solver,True,24,192,Time limit reached,0.08662376683621888,1050.585661395662,True,2,,
medium_rho1.10_s2|D1_m0_2p,medium,1.1,2,D1_m0_2p,WINDOW-24,1,3581.589748783136,3329.3259148985726,True,3329.3259148985726,solver,True,24,192,Time limit reached,0.031692451693895535,3223.811414167415,True,3,,
large_rho1.10_s5|D1_m0_2p,large,1.1,5,D1_m0_2p,MATCHED-RANDOM-1,0,7523.736788628925,6577.590989994505,True,6577.590989994501,solver,True,24,384,Time limit reached,0.10527549705125461,5885.13182912298,True,4,,
large_rho1.10_s2|D1_m0_2p,large,1.1,2,D1_m0_2p,EMPTY,1,8667.28954278623,7616.631198153847,True,7616.631198153848,solver,True,0,384,Time limit reached,0.1315419615557833,6614.724589901714,True,0,,
large_rho1.10_s2|D1_m0_2p,large,1.1,2,D1_m0_2p,MATCHED-RANDOM-2,1,8667.28954278623,8667.28954278623,True,8667.28954278623,solver,False,24,384,Time limit reached,0.3199476149696645,5894.210925320262,True,0,,
large_rho1.10_s2|D2_all_1p,large,1.1,2,D2_all_1p,SHORTAGE-24,0,10236.190291203357,10236.190291203357,True,10236.190291203357,solver,False,24,360,Time limit reached,0.30374513070396,7126.997333291187,True,0,,
large_rho1.10_s2|D2_all_1p,large,1.1,2,D2_all_1p,EMPTY,0,10236.190291203357,8643.373713711604,True,8643.373713711604,solver,True,0,360,Time limit reached,0.1442653867772587,7396.434061842609,True,0,,
medium_rho0.75_s3|D1_m0_2p,medium,0.75,3,D1_m0_2p,SHORTAGE-24,1,969.1411112604565,937.1984841959219,True,937.1984841959219,solver,True,24,192,Time limit reached,0.04893820219817425,891.3336752765194,True,1,,
large_rho1.10_s2|D1_m0_2p,large,1.1,2,D1_m0_2p,SHORTAGE-24,1,8667.28954278623,8667.28954278623,True,8667.28954278623,solver,False,24,384,Time limit reached,0.3502407108676133,5631.651892025349,True,0,,
large_rho1.10_s3|D2_all_1p,large,1.1,3,D2_all_1p,EMPTY,0,9160.875587716027,7584.556577258983,True,7584.556577258983,solver,True,0,360,Time limit reached,0.16080567580078636,6364.916831203554,True,0,,
large_rho1.10_s5|D2_all_1p,large,1.1,5,D2_all_1p,MATCHED-RANDOM-1,0,9800.940838187558,7649.6242892793,True,7649.624289279293,solver,True,24,360,Time limit reached,0.23539638028744786,5848.930421024012,True,4,,
medium_rho0.75_s5|D2_all_1p,medium,0.75,5,D2_all_1p,MATCHED-RANDOM-1,1,2189.205264696558,1846.7445925066643,True,1846.744592506664,solver,True,24,180,Time limit reached,0.03296494283047154,1785.8667625921996,True,3,,
medium_rho1.10_s4|D2_all_1p,medium,1.1,4,D2_all_1p,MATCHED-RANDOM-2,0,5499.654637968052,4294.3067554351255,True,4294.3067554351255,solver,True,24,180,Time limit reached,0.03524696391482736,4142.945480187104,True,1,,
large_rho1.10_s5|D1_m0_2p,large,1.1,5,D1_m0_2p,MATCHED-RANDOM-1,1,7523.736788628925,7145.256278180196,True,7145.256278180191,solver,True,24,384,Time limit reached,0.17522599229007207,5893.221656669204,True,4,,
large_rho0.75_s3|D1_m0_2p,large,0.75,3,D1_m0_2p,MATCHED-RANDOM-2,1,4750.874555789891,4750.874555789891,True,4750.874555789891,solver,False,24,384,Time limit reached,0.4599774442554444,2565.579419639437,True,0,,
medium_rho1.10_s5|D2_all_1p,medium,1.1,5,D2_all_1p,FULL,0,5101.5451394717775,3889.6645447246237,True,3889.664544724622,solver,True,180,180,Time limit reached,0.07516039514349286,3597.3158205674868,True,3,,
medium_rho0.75_s2|D2_all_1p,medium,0.75,2,D2_all_1p,FULL,1,2086.27235415594,1664.1177506254844,True,1664.1177506254844,solver,True,180,180,Time limit reached,0.04488507665024421,1589.4236978336276,True,4,,
medium_rho1.10_s3|D2_all_1p,medium,1.1,3,D2_all_1p,WINDOW-24,0,6131.767040959311,4187.371061634288,True,4187.371061634287,solver,True,24,180,Time limit reached,0.03000586970807349,4061.725351139532,True,4,,
medium_rho0.75_s5|D2_all_1p,medium,0.75,5,D2_all_1p,SHORTAGE-24,1,2189.205264696558,1875.3847810057555,True,1875.3847810057557,solver,True,24,180,Time limit reached,0.06748525581410113,1748.82395930971,True,1,,
medium_rho0.75_s5|D1_m0_2p,medium,0.75,5,D1_m0_2p,MATCHED-RANDOM-3,0,1506.1365683060053,857.8102763738825,True,857.8102763738829,solver,True,24,192,Time limit reached,0.042619245990757434,821.2510491917044,True,4,,
medium_rho0.75_s4|D1_m0_2p,medium,0.75,4,D1_m0_2p,MATCHED-RANDOM-2,1,1729.374502205308,1388.071903796662,True,1388.0719037966621,solver,True,24,192,Time limit reached,0.03278797364933036,1342.5598387916011,True,4,,
large_rho1.10_s3|D2_all_1p,large,1.1,3,D2_all_1p,SHORTAGE-24,1,9160.875587716027,9160.875587716027,True,9160.875587716027,solver,False,24,360,Time limit reached,0.3444239417106609,6005.650708273906,True,0,,
medium_rho1.10_s5|D2_all_1p,medium,1.1,5,D2_all_1p,DEPENDENCY-24,0,5101.5451394717775,3835.612719161465,True,3835.6127191614632,solver,True,24,180,Time limit reached,0.0447292792779614,3664.048526643991,True,3,,
medium_rho1.10_s5|D1_m0_2p,medium,1.1,5,D1_m0_2p,EMPTY,1,3240.235102327558,3220.7698353163355,True,3220.7698353163337,solver,True,0,192,Time limit reached,0.06086155528844155,3024.7487739128856,True,0,,
large_rho0.75_s3|D1_m0_2p,large,0.75,3,D1_m0_2p,EMPTY,0,4750.874555789891,4750.874555789891,True,4750.874555789891,solver,False,0,384,Time limit reached,0.4429056755052312,2646.685251417154,True,0,,
large_rho1.10_s3|D1_m0_2p,large,1.1,3,D1_m0_2p,FULL,1,7766.476906514546,7766.476906514546,True,7766.476906514546,solver,False,384,384,Time limit reached,0.41866550578381384,4514.9209242903235,True,0,,
large_rho0.75_s5|D2_all_1p,large,0.75,5,D2_all_1p,DEPENDENCY-24,0,4543.3314226602215,4543.331422660219,True,4543.3314226602215,solver,False,24,360,Time limit reached,0.3848766474719755,2794.709256352673,True,0,,
medium_rho0.75_s4|D2_all_1p,medium,0.75,4,D2_all_1p,EMPTY,0,2482.84959755024,2305.337585919718,True,2305.337585919719,solver,True,0,180,Time limit reached,0.01181930757680509,2278.0900919233636,True,0,,
medium_rho1.10_s3|D2_all_1p,medium,1.1,3,D2_all_1p,MATCHED-RANDOM-1,0,6131.767040959311,4523.7664712872065,True,4523.766471287206,solver,True,24,180,Time limit reached,0.046164714916547056,4314.928081791199,True,3,,
large_rho1.10_s2|D2_all_1p,large,1.1,2,D2_all_1p,WINDOW-24,0,10236.190291203357,10236.190291203357,True,10236.190291203357,solver,False,24,360,Time limit reached,0.41009881766339346,6038.340755403353,True,0,,
large_rho1.10_s3|D2_all_1p,large,1.1,3,D2_all_1p,FULL,1,9160.875587716027,9160.875587716027,True,9160.875587716027,solver,False,360,360,Time limit reached,0.39525523650078215,5539.991540739087,True,0,,
medium_rho1.10_s2|D1_m0_2p,medium,1.1,2,D1_m0_2p,FULL,0,3581.589748783136,2952.5503158729894,True,2952.55031587299,solver,True,192,192,Time limit reached,0.12675766986039727,2578.2919176873493,True,4,,
large_rho0.75_s2|D2_all_1p,large,0.75,2,D2_all_1p,MATCHED-RANDOM-1,0,4941.850029997092,4941.850029997096,True,4941.850029997092,solver,False,24,360,Time limit reached,0.38765313523850525,3026.1263719902204,True,0,,
large_rho1.10_s4|D2_all_1p,large,1.1,4,D2_all_1p,MATCHED-RANDOM-3,1,9310.927467261346,9287.73779831908,True,9287.737798319089,solver,True,24,360,Time limit reached,0.3580078782069452,5962.6544958004215,True,0,,
medium_rho0.75_s5|D2_all_1p,medium,0.75,5,D2_all_1p,SHORTAGE-24,0,2189.205264696558,1862.9138743698768,True,1862.9138743698768,solver,True,24,180,Time limit reached,0.0599816105827232,1751.1732998082707,True,1,,
large_rho0.75_s2|D2_all_1p,large,0.75,2,D2_all_1p,MATCHED-RANDOM-1,1,4941.850029997092,4941.850029997096,True,4941.850029997092,solver,False,24,360,Time limit reached,0.3859595180261431,3034.4959742619358,True,0,,
medium_rho0.75_s3|D2_all_1p,medium,0.75,3,D2_all_1p,MATCHED-RANDOM-3,0,2246.2363350218843,1964.2379287781725,True,1964.2379287781723,solver,True,24,180,Time limit reached,0.04816472207644939,1869.6309548465513,True,4,,
medium_rho0.75_s5|D2_all_1p,medium,0.75,5,D2_all_1p,DEPENDENCY-24,0,2189.205264696558,1860.4865190501907,True,1860.4865190501905,solver,True,24,180,Time limit reached,0.05227609297417823,1763.2275528031178,True,4,,
large_rho0.75_s5|D1_m0_2p,large,0.75,5,D1_m0_2p,MATCHED-RANDOM-2,1,3205.0548749417494,3205.054874941747,True,3205.0548749417494,solver,False,24,384,Time limit reached,0.4122449779452152,1883.7870987081824,True,0,,
medium_rho0.75_s5|D2_all_1p,medium,0.75,5,D2_all_1p,MATCHED-RANDOM-3,0,2189.205264696558,1839.328162625832,True,1839.3281626258317,solver,True,24,180,Time limit reached,0.025323645766425054,1792.749667787286,True,2,,
large_rho0.75_s5|D1_m0_2p,large,0.75,5,D1_m0_2p,SHORTAGE-24,1,3205.0548749417494,3205.054874941747,True,3205.0548749417494,solver,False,24,384,Time limit reached,0.4084738279778882,1895.8738412951002,True,0,,
large_rho0.75_s5|D2_all_1p,large,0.75,5,D2_all_1p,FULL,0,4543.3314226602215,4543.331422660219,True,4543.3314226602215,solver,False,360,360,Time limit reached,0.4252079936508738,2611.470583939897,True,0,,
large_rho0.75_s2|D1_m0_2p,large,0.75,2,D1_m0_2p,DEPENDENCY-24,0,3455.735847193032,3455.7358471930324,True,3455.735847193032,solver,False,24,384,Time limit reached,0.42685048006342563,1980.6533418462977,True,0,,
medium_rho0.75_s4|D2_all_1p,medium,0.75,4,D2_all_1p,WINDOW-24,1,2482.84959755024,1724.7437234913298,True,1724.7437234913295,solver,True,24,180,Time limit reached,0.01841601647028031,1692.9808146725009,True,4,,
medium_rho1.10_s4|D2_all_1p,medium,1.1,4,D2_all_1p,SHORTAGE-24,1,5499.654637968052,4023.182566465892,True,4023.1825664658927,solver,True,24,180,Time limit reached,0.05096900265044231,3818.1249635724785,True,1,,
large_rho0.75_s2|D1_m0_2p,large,0.75,2,D1_m0_2p,DEPENDENCY-24,1,3455.735847193032,3455.7358471930324,True,3455.735847193032,solver,False,24,384,Time limit reached,0.4224741439058784,1995.7768035853007,True,0,,
medium_rho1.10_s3|D2_all_1p,medium,1.1,3,D2_all_1p,WINDOW-24,1,6131.767040959311,4339.854964286675,True,4339.854964286675,solver,True,24,180,Time limit reached,0.06526814200730961,4056.6006941864844,True,3,,
large_rho0.75_s5|D1_m0_2p,large,0.75,5,D1_m0_2p,FULL,0,3205.0548749417494,3205.054874941747,True,3205.0548749417494,solver,False,384,384,Time limit reached,0.4979935478127734,1608.9582268348818,True,0,,
medium_rho1.10_s3|D1_m0_2p,medium,1.1,3,D1_m0_2p,MATCHED-RANDOM-1,1,4000.219680175823,3511.101670175626,True,3511.1016701756253,solver,True,24,192,Time limit reached,0.06108944050862817,3296.6104335756872,True,4,,
large_rho0.75_s3|D1_m0_2p,large,0.75,3,D1_m0_2p,FULL,1,4750.874555789891,4750.874555789891,True,4750.874555789891,solver,False,384,384,Time limit reached,0.6382866538858946,1718.4547325431256,True,0,,
medium_rho1.10_s4|D2_all_1p,medium,1.1,4,D2_all_1p,WINDOW-24,1,5499.654637968052,4005.8887267842633,True,4005.888726784264,solver,True,24,180,Time limit reached,0.039271437557345155,3848.5717177886827,True,1,,
large_rho0.75_s5|D2_all_1p,large,0.75,5,D2_all_1p,MATCHED-RANDOM-1,0,4543.3314226602215,4543.331422660219,True,4543.3314226602215,solver,False,24,360,Time limit reached,0.37414568712351143,2843.4635656991704,True,0,,
medium_rho1.10_s4|D1_m0_2p,medium,1.1,4,D1_m0_2p,DEPENDENCY-24,1,3676.031279439639,3007.5677798458532,True,3007.5677798458546,solver,True,24,192,Time limit reached,0.042446408766742175,2879.9073284688325,True,3,,
large_rho0.75_s5|D1_m0_2p,large,0.75,5,D1_m0_2p,MATCHED-RANDOM-1,1,3205.0548749417494,3205.054874941747,True,3205.0548749417494,solver,False,24,384,Time limit reached,0.4316406210100786,1821.6229983505116,True,0,,
large_rho0.75_s4|D2_all_1p,large,0.75,4,D2_all_1p,MATCHED-RANDOM-1,1,3747.1326617647946,3747.132661764796,True,3747.1326617647946,solver,False,24,360,Time limit reached,0.18381502999990162,3058.3533591288888,True,0,,
large_rho0.75_s3|D1_m0_2p,large,0.75,3,D1_m0_2p,MATCHED-RANDOM-1,0,4750.874555789891,4750.874555789891,True,4750.874555789891,solver,False,24,384,Time limit reached,0.5076621485148097,2339.035371473253,True,0,,
medium_rho0.75_s2|D1_m0_2p,medium,0.75,2,D1_m0_2p,MATCHED-RANDOM-3,1,1297.0966584137593,909.3044289004382,True,909.3044289004382,solver,True,24,192,Time limit reached,0.04510881042293069,868.2867878004371,True,3,,
medium_rho0.75_s4|D1_m0_2p,medium,0.75,4,D1_m0_2p,DEPENDENCY-24,0,1729.374502205308,914.868878560098,True,914.868878560098,solver,True,24,192,Time limit reached,0.09020808794044714,832.3403063089704,True,4,,
medium_rho1.10_s5|D1_m0_2p,medium,1.1,5,D1_m0_2p,MATCHED-RANDOM-1,0,3240.235102327558,3066.7301060562413,True,3066.7301060562395,solver,True,24,192,Time limit reached,0.05570284840978691,2895.9045038448608,True,4,,
large_rho1.10_s5|D2_all_1p,large,1.1,5,D2_all_1p,EMPTY,1,9800.940838187558,7249.167448993331,True,7249.167448993327,solver,True,0,360,Time limit reached,0.17477639221791702,5982.184115674715,True,0,,
large_rho0.75_s5|D2_all_1p,large,0.75,5,D2_all_1p,SHORTAGE-24,1,4543.3314226602215,4543.331422660219,True,4543.3314226602215,solver,False,24,360,Time limit reached,0.3938067452481232,2754.136862518873,True,0,,
large_rho0.75_s2|D2_all_1p,large,0.75,2,D2_all_1p,MATCHED-RANDOM-3,0,4941.850029997092,4941.850029997096,True,4941.850029997092,solver,False,24,360,Time limit reached,0.3217657934902349,3351.731733785339,True,0,,
large_rho0.75_s4|D2_all_1p,large,0.75,4,D2_all_1p,DEPENDENCY-24,1,3747.1326617647946,3747.132661764796,True,3747.1326617647946,solver,False,24,360,Time limit reached,0.25579971562610543,2788.6171924720697,True,0,,
medium_rho0.75_s4|D1_m0_2p,medium,0.75,4,D1_m0_2p,FULL,0,1729.374502205308,881.3548359263652,True,881.354835926365,solver,True,192,192,Time limit reached,0.12443503106623434,771.6834195374921,True,4,,
medium_rho1.10_s4|D2_all_1p,medium,1.1,4,D2_all_1p,WINDOW-24,0,5499.654637968052,4016.647909832874,True,4016.6479098328746,solver,True,24,180,Time limit reached,0.0434219379960309,3842.237273340224,True,1,,
large_rho1.10_s3|D1_m0_2p,large,1.1,3,D1_m0_2p,MATCHED-RANDOM-2,0,7766.476906514546,7766.476906514546,True,7766.476906514546,solver,False,24,384,Time limit reached,0.2819405408213642,5576.792207215199,True,0,,
medium_rho0.75_s5|D1_m0_2p,medium,0.75,5,D1_m0_2p,MATCHED-RANDOM-2,0,1506.1365683060053,1129.9449823198302,True,1129.9449823198304,solver,True,24,192,Time limit reached,0.04456626090300754,1079.5875594317204,True,4,,
large_rho1.10_s2|D1_m0_2p,large,1.1,2,D1_m0_2p,MATCHED-RANDOM-1,0,8667.28954278623,7384.770801013581,True,7384.770801013581,solver,True,24,384,Time limit reached,0.23047975627953596,5682.7306266157375,True,4,,
large_rho0.75_s4|D2_all_1p,large,0.75,4,D2_all_1p,WINDOW-24,1,3747.1326617647946,3200.2215658573455,True,3200.2215658573455,solver,True,24,360,Time limit reached,0.0934741483363565,2901.083580501189,True,4,,
large_rho0.75_s3|D1_m0_2p,large,0.75,3,D1_m0_2p,DEPENDENCY-24,1,4750.874555789891,4750.874555789891,True,4750.874555789891,solver,False,24,384,Time limit reached,0.47975499331868066,2471.618765019022,True,0,,
large_rho1.10_s4|D2_all_1p,large,1.1,4,D2_all_1p,FULL,1,9310.927467261346,9310.927467261337,True,9310.927467261346,solver,False,360,360,Time limit reached,0.39881727923566945,5597.568707607508,True,0,,
medium_rho0.75_s5|D2_all_1p,medium,0.75,5,D2_all_1p,MATCHED-RANDOM-2,1,2189.205264696558,1852.9484214843822,True,1852.9484214843824,solver,True,24,180,Time limit reached,0.027395971500453444,1802.1850993375858,True,4,,
large_rho1.10_s5|D2_all_1p,large,1.1,5,D2_all_1p,MATCHED-RANDOM-3,0,9800.940838187558,6872.634164556494,True,6872.63416455649,solver,True,24,360,Time limit reached,0.16068995784157752,5768.270870393327,True,3,,
medium_rho0.75_s2|D1_m0_2p,medium,0.75,2,D1_m0_2p,FULL,1,1297.0966584137593,774.7589189914252,True,774.758918991425,solver,True,192,192,Time limit reached,0.12112721084085683,680.9145320599165,True,4,,
large_rho1.10_s3|D2_all_1p,large,1.1,3,D2_all_1p,MATCHED-RANDOM-3,0,9160.875587716027,9160.875587716027,True,9160.875587716027,solver,False,24,360,Time limit reached,0.3231758303543523,6200.302012882985,True,0,,
medium_rho0.75_s3|D1_m0_2p,medium,0.75,3,D1_m0_2p,WINDOW-24,1,969.1411112604565,883.5473377403828,True,883.5473377403828,solver,True,24,192,Time limit reached,0.03367585715204369,853.7931238075691,True,4,,
large_rho1.10_s2|D2_all_1p,large,1.1,2,D2_all_1p,MATCHED-RANDOM-1,0,10236.190291203357,10236.190291203357,True,10236.190291203357,solver,False,24,360,Time limit reached,0.36607152070643073,6489.012545062142,True,0,,
medium_rho0.75_s3|D1_m0_2p,medium,0.75,3,D1_m0_2p,DEPENDENCY-24,0,969.1411112604565,881.393717690722,True,881.3937176907224,solver,True,24,192,Time limit reached,0.04513848991669896,841.6089362520976,True,3,,
large_rho0.75_s4|D2_all_1p,large,0.75,4,D2_all_1p,FULL,0,3747.1326617647946,3747.132661764796,True,3747.1326617647946,solver,False,360,360,Time limit reached,0.30906036980589696,2589.042455608013,True,0,,
medium_rho0.75_s3|D2_all_1p,medium,0.75,3,D2_all_1p,FULL,1,2246.2363350218843,1836.7402966716631,True,1836.7402966716627,solver,True,180,180,Time limit reached,0.07871957839133532,1692.1528749032937,True,4,,
medium_rho0.75_s4|D1_m0_2p,medium,0.75,4,D1_m0_2p,MATCHED-RANDOM-1,0,1729.374502205308,1180.3079880625942,True,1180.307988062594,solver,True,24,192,Time limit reached,0.027224227318752584,1148.1750150894386,True,4,,
large_rho1.10_s3|D2_all_1p,large,1.1,3,D2_all_1p,MATCHED-RANDOM-3,1,9160.875587716027,9160.875587716027,True,9160.875587716027,solver,False,24,360,Time limit reached,0.3234403574804195,6197.8787127915075,True,0,,
large_rho0.75_s3|D2_all_1p,large,0.75,3,D2_all_1p,MATCHED-RANDOM-1,1,5916.914907391902,5916.91490739191,True,5916.914907391902,solver,False,24,360,Time limit reached,0.4569584272831647,3213.1307769417904,True,0,,
medium_rho0.75_s4|D2_all_1p,medium,0.75,4,D2_all_1p,FULL,0,2482.84959755024,1719.591346080807,True,1719.5913460808072,solver,True,180,180,Time limit reached,0.03984014481610268,1651.0825778284307,True,4,,
medium_rho0.75_s4|D2_all_1p,medium,0.75,4,D2_all_1p,MATCHED-RANDOM-3,0,2482.84959755024,1962.3828657254785,True,1962.3828657254792,solver,True,24,180,Time limit reached,0.01866028600054402,1925.764240208474,True,4,,
large_rho1.10_s4|D2_all_1p,large,1.1,4,D2_all_1p,EMPTY,0,9310.927467261346,9310.927467261337,True,9310.927467261346,solver,False,0,360,Time limit reached,0.3551270148558191,6004.365590273766,True,0,,
large_rho1.10_s2|D2_all_1p,large,1.1,2,D2_all_1p,WINDOW-24,1,10236.190291203357,10236.190291203357,True,10236.190291203357,solver,False,24,360,Time limit reached,0.410786892235064,6031.297493153195,True,0,,
large_rho1.10_s5|D2_all_1p,large,1.1,5,D2_all_1p,FULL,1,9800.940838187558,9800.940838187562,True,9800.940838187558,solver,False,360,360,Time limit reached,0.4667480115946329,5226.371190206883,True,0,,
large_rho1.10_s3|D1_m0_2p,large,1.1,3,D1_m0_2p,WINDOW-24,1,7766.476906514546,6174.9883750945355,True,6174.988375094535,solver,True,24,384,Time limit reached,0.19159232309687946,4991.908007213949,True,4,,
large_rho1.10_s2|D1_m0_2p,large,1.1,2,D1_m0_2p,DEPENDENCY-24,1,8667.28954278623,8667.28954278623,True,8667.28954278623,solver,False,24,384,Time limit reached,0.26683388825516974,6354.562973451208,True,0,,
medium_rho1.10_s3|D2_all_1p,medium,1.1,3,D2_all_1p,MATCHED-RANDOM-2,1,6131.767040959311,4449.235977005211,True,4449.23597700521,solver,True,24,180,Time limit reached,0.04836284906691637,4234.058248986214,True,3,,
medium_rho0.75_s4|D1_m0_2p,medium,0.75,4,D1_m0_2p,MATCHED-RANDOM-3,0,1729.374502205308,1133.9061314871176,True,1133.9061314871174,solver,True,24,192,Time limit reached,0.032177578388196654,1097.4197780563338,True,4,,
medium_rho0.75_s3|D1_m0_2p,medium,0.75,3,D1_m0_2p,WINDOW-24,0,969.1411112604565,876.7024536164491,True,876.7024536164492,solver,True,24,192,Time limit reached,0.029997892278071148,850.4032278529423,True,4,,
medium_rho0.75_s4|D2_all_1p,medium,0.75,4,D2_all_1p,EMPTY,1,2482.84959755024,2300.4692610965535,True,2300.4692610965544,solver,True,0,180,Time limit reached,0.00950843568453331,2278.595397083171,True,0,,
medium_rho1.10_s2|D1_m0_2p,medium,1.1,2,D1_m0_2p,DEPENDENCY-24,1,3581.589748783136,2978.181882293135,True,2978.181882293135,solver,True,24,192,Time limit reached,0.024692450893020725,2904.6432724141273,True,3,,
medium_rho0.75_s4|D1_m0_2p,medium,0.75,4,D1_m0_2p,SHORTAGE-24,0,1729.374502205308,1069.402740106104,True,1069.402740106104,solver,True,24,192,Time limit reached,0.03370364377537406,1033.3599711011589,True,4,,
medium_rho0.75_s2|D2_all_1p,medium,0.75,2,D2_all_1p,WINDOW-24,1,2086.27235415594,1775.8246654719526,True,1775.8246654719524,solver,True,24,180,Time limit reached,0.03813812777959887,1708.0980374660198,True,4,,
medium_rho1.10_s3|D1_m0_2p,medium,1.1,3,D1_m0_2p,DEPENDENCY-24,1,4000.219680175823,3148.2481447736063,True,3148.2481447736054,solver,True,24,192,Time limit reached,0.05885703544291692,2962.9515921335687,True,4,,
large_rho0.75_s5|D1_m0_2p,large,0.75,5,D1_m0_2p,FULL,1,3205.0548749417494,3205.054874941747,True,3205.0548749417494,solver,False,384,384,Time limit reached,0.5006412632564974,1600.4721535445158,True,0,,
large_rho0.75_s4|D2_all_1p,large,0.75,4,D2_all_1p,SHORTAGE-24,1,3747.1326617647946,3747.132661764796,True,3747.1326617647946,solver,False,24,360,Time limit reached,0.2334691375363752,2872.2928309881872,True,0,,
large_rho1.10_s5|D1_m0_2p,large,1.1,5,D1_m0_2p,EMPTY,1,7523.736788628925,6748.971390473058,True,6748.9713904730515,solver,True,0,384,Time limit reached,0.07242824971402852,6260.155205291041,True,0,,
medium_rho0.75_s5|D2_all_1p,medium,0.75,5,D2_all_1p,WINDOW-24,0,2189.205264696558,1954.8878947375224,True,1954.8878947375224,solver,True,24,180,Time limit reached,0.0944700663071388,1770.2095056986457,True,4,,
medium_rho1.10_s2|D2_all_1p,medium,1.1,2,D2_all_1p,DEPENDENCY-24,0,5406.220150954388,4302.775462760678,True,4302.775462760679,solver,True,24,180,Time limit reached,0.04449748332143867,4111.312783370589,True,3,,
large_rho1.10_s3|D1_m0_2p,large,1.1,3,D1_m0_2p,MATCHED-RANDOM-3,0,7766.476906514546,7766.4769065145465,True,7766.476906514546,solver,False,24,384,Time limit reached,0.29905690069517643,5443.858393531645,True,0,,
large_rho1.10_s5|D2_all_1p,large,1.1,5,D2_all_1p,MATCHED-RANDOM-1,1,9800.940838187558,7953.452666792316,True,7953.452666792311,solver,True,24,360,Time limit reached,0.26610831810010993,5836.972754543379,True,3,,
medium_rho1.10_s5|D1_m0_2p,medium,1.1,5,D1_m0_2p,DEPENDENCY-24,1,3240.235102327558,2854.6400863079252,True,2854.640086307923,solver,True,24,192,Time limit reached,0.0840420664230412,2614.7302345605585,True,4,,
large_rho1.10_s5|D2_all_1p,large,1.1,5,D2_all_1p,EMPTY,0,9800.940838187558,6703.3921598499755,True,6703.392159849971,solver,True,0,360,Time limit reached,0.10923039741285474,5971.177970215347,True,0,,
large_rho1.10_s5|D1_m0_2p,large,1.1,5,D1_m0_2p,SHORTAGE-24,1,7523.736788628925,6226.669339520768,True,6226.669339520762,solver,True,24,384,Time limit reached,0.17438091164416458,5140.857063588368,True,4,,
large_rho1.10_s4|D2_all_1p,large,1.1,4,D2_all_1p,MATCHED-RANDOM-2,0,9310.927467261346,9287.73779831908,True,9287.737798319089,solver,True,24,360,Time limit reached,0.3732191016767916,5821.376640620851,True,0,,
large_rho0.75_s2|D2_all_1p,large,0.75,2,D2_all_1p,MATCHED-RANDOM-3,1,4941.850029997092,4941.850029997096,True,4941.850029997092,solver,False,24,360,Time limit reached,0.32139939905523135,3353.542400134952,True,0,,
large_rho0.75_s4|D2_all_1p,large,0.75,4,D2_all_1p,MATCHED-RANDOM-1,0,3747.1326617647946,3747.132661764796,True,3747.1326617647946,solver,False,24,360,Time limit reached,0.18510868951773712,3053.5058452964045,True,0,,
medium_rho0.75_s5|D2_all_1p,medium,0.75,5,D2_all_1p,FULL,0,2189.205264696558,1826.5276717866757,True,1826.5276717866761,solver,True,180,180,Time limit reached,0.0822577398581736,1676.2816337170918,True,4,,
large_rho0.75_s4|D2_all_1p,large,0.75,4,D2_all_1p,SHORTAGE-24,0,3747.1326617647946,3747.132661764796,True,3747.1326617647946,solver,False,24,360,Time limit reached,0.23789743000814675,2855.699431631365,True,0,,
medium_rho1.10_s2|D2_all_1p,medium,1.1,2,D2_all_1p,MATCHED-RANDOM-1,1,5406.220150954388,3974.7070736216833,True,3974.7070736216833,solver,True,24,180,Time limit reached,0.03384789972733215,3840.171587148219,True,4,,
medium_rho0.75_s3|D2_all_1p,medium,0.75,3,D2_all_1p,MATCHED-RANDOM-2,0,2246.2363350218843,1852.2806076442837,True,1852.2806076442832,solver,True,24,180,Time limit reached,0.017568456317092716,1819.7388967018871,True,4,,
large_rho0.75_s4|D1_m0_2p,large,0.75,4,D1_m0_2p,MATCHED-RANDOM-3,0,2476.384412098589,2476.3844120985887,True,2476.384412098589,solver,False,24,384,Time limit reached,0.20132821962437603,1977.8183473052227,True,0,,
medium_rho0.75_s3|D2_all_1p,medium,0.75,3,D2_all_1p,WINDOW-24,1,2246.2363350218843,1863.0520868987226,True,1863.0520868987223,solver,True,24,180,Time limit reached,0.022950149793352272,1820.2947624315793,True,4,,
medium_rho0.75_s2|D1_m0_2p,medium,0.75,2,D1_m0_2p,DEPENDENCY-24,0,1297.0966584137593,748.7182970500407,True,748.7182970500409,solver,True,24,192,Time limit reached,0.03708244858988573,720.9539892913758,True,4,,
medium_rho0.75_s3|D1_m0_2p,medium,0.75,3,D1_m0_2p,MATCHED-RANDOM-3,0,969.1411112604565,924.0682188152113,True,924.0682188152114,solver,True,24,192,Time limit reached,0.08737750574568955,843.325442716276,True,4,,
large_rho1.10_s2|D2_all_1p,large,1.1,2,D2_all_1p,DEPENDENCY-24,1,10236.190291203357,10236.190291203357,True,10236.190291203357,solver,False,24,360,Time limit reached,0.3006932300051658,7158.237169593901,True,0,,
large_rho0.75_s3|D1_m0_2p,large,0.75,3,D1_m0_2p,MATCHED-RANDOM-2,0,4750.874555789891,4750.874555789891,True,4750.874555789891,solver,False,24,384,Time limit reached,0.4640899023252379,2546.0416472339025,True,0,,
medium_rho1.10_s5|D1_m0_2p,medium,1.1,5,D1_m0_2p,FULL,0,3240.235102327558,2937.406332713363,True,2937.406332713361,solver,True,192,192,Time limit reached,0.14221229903700822,2519.6710249323287,True,4,,
large_rho0.75_s3|D2_all_1p,large,0.75,3,D2_all_1p,MATCHED-RANDOM-3,1,5916.914907391902,5916.91490739191,True,5916.914907391902,solver,False,24,360,Time limit reached,0.45385688825549775,3231.482319450451,True,0,,
large_rho1.10_s3|D1_m0_2p,large,1.1,3,D1_m0_2p,SHORTAGE-24,0,7766.476906514546,7766.4769065145465,True,7766.476906514546,solver,False,24,384,Time limit reached,0.36177760428686184,4956.739497526476,True,0,,
medium_rho0.75_s5|D1_m0_2p,medium,0.75,5,D1_m0_2p,WINDOW-24,0,1506.1365683060053,1077.6882534291435,True,1077.688253429144,solver,True,24,192,Time limit reached,0.05484597378788427,1018.5813917300579,True,2,,
large_rho0.75_s3|D1_m0_2p,large,0.75,3,D1_m0_2p,MATCHED-RANDOM-3,0,4750.874555789891,4750.874555789891,True,4750.874555789891,solver,False,24,384,Time limit reached,0.4726796074115031,2505.233035897826,True,0,,
medium_rho0.75_s3|D1_m0_2p,medium,0.75,3,D1_m0_2p,MATCHED-RANDOM-3,1,969.1411112604565,890.5072130090157,True,890.5072130090158,solver,True,24,192,Time limit reached,0.052655432938946194,843.6171701727717,True,3,,
medium_rho0.75_s4|D2_all_1p,medium,0.75,4,D2_all_1p,FULL,1,2482.84959755024,1728.914456631172,True,1728.914456631172,solver,True,180,180,Time limit reached,0.04455822308786474,1651.8771005727658,True,4,,
large_rho0.75_s3|D2_all_1p,large,0.75,3,D2_all_1p,FULL,0,5916.914907391902,5916.914907391909,True,5916.914907391902,solver,False,360,360,Time limit reached,0.5508634761822646,2657.5025932313397,True,0,,
large_rho1.10_s3|D1_m0_2p,large,1.1,3,D1_m0_2p,DEPENDENCY-24,0,7766.476906514546,7766.4769065145465,True,7766.476906514546,solver,False,24,384,Time limit reached,0.3654447945046038,4928.258349388587,True,0,,
medium_rho0.75_s2|D2_all_1p,medium,0.75,2,D2_all_1p,MATCHED-RANDOM-3,0,2086.27235415594,1925.6998984054997,True,1925.6998984054997,solver,True,24,180,Time limit reached,0.021091478922485366,1885.0840395872478,True,3,,
medium_rho0.75_s2|D2_all_1p,medium,0.75,2,D2_all_1p,MATCHED-RANDOM-3,1,2086.27235415594,1914.0230853575795,True,1914.0230853575792,solver,True,24,180,Time limit reached,0.015659198487148477,1884.0510179549808,True,3,,
large_rho1.10_s3|D2_all_1p,large,1.1,3,D2_all_1p,WINDOW-24,1,9160.875587716027,7782.2158143270135,True,7782.215814327013,solver,True,24,360,Time limit reached,0.25726624333583736,5780.1143869463585,True,4,,
medium_rho0.75_s4|D2_all_1p,medium,0.75,4,D2_all_1p,DEPENDENCY-24,1,2482.84959755024,1729.8823193282083,True,1729.8823193282085,solver,True,24,180,Time limit reached,0.023939504764923323,1688.469793301894,True,4,,
medium_rho0.75_s5|D1_m0_2p,medium,0.75,5,D1_m0_2p,WINDOW-24,1,1506.1365683060053,1079.543955697099,True,1079.5439556970994,solver,True,24,192,Time limit reached,0.055234975500785655,1019.9153717521484,True,2,,
large_rho0.75_s5|D2_all_1p,large,0.75,5,D2_all_1p,WINDOW-24,0,4543.3314226602215,4543.331422660219,True,4543.3314226602215,solver,False,24,360,Time limit reached,0.37855151930716074,2823.446409896229,True,0,,
medium_rho0.75_s3|D1_m0_2p,medium,0.75,3,D1_m0_2p,MATCHED-RANDOM-2,1,969.1411112604565,926.5148603801265,True,926.5148603801267,solver,True,24,192,Time limit reached,0.02636296285128283,902.0891835347637,True,4,,
large_rho0.75_s3|D1_m0_2p,large,0.75,3,D1_m0_2p,WINDOW-24,0,4750.874555789891,4750.874555789891,True,4750.874555789891,solver,False,24,384,Time limit reached,0.474179462360109,2498.1074131851187,True,0,,
medium_rho0.75_s2|D2_all_1p,medium,0.75,2,D2_all_1p,MATCHED-RANDOM-1,0,2086.27235415594,1654.8661591988628,True,1654.8661591988623,solver,True,24,180,Time limit reached,0.018734400252754444,1623.8632342076926,True,4,,
medium_rho0.75_s2|D2_all_1p,medium,0.75,2,D2_all_1p,SHORTAGE-24,1,2086.27235415594,1748.63480022366,True,1748.6348002236598,solver,True,24,180,Time limit reached,0.02346791180402441,1707.5979929545633,True,4,,
large_rho1.10_s3|D2_all_1p,large,1.1,3,D2_all_1p,MATCHED-RANDOM-1,1,9160.875587716027,7160.065021480477,True,7160.065021480479,solver,True,24,360,Time limit reached,0.16897764955903852,5950.1740634608195,True,3,,
large_rho1.10_s3|D1_m0_2p,large,1.1,3,D1_m0_2p,WINDOW-24,0,7766.476906514546,7766.4769065145465,True,7766.476906514546,solver,False,24,384,Time limit reached,0.35588279339226025,5002.52141020767,True,0,,
large_rho0.75_s5|D1_m0_2p,large,0.75,5,D1_m0_2p,DEPENDENCY-24,1,3205.0548749417494,3205.054874941747,True,3205.0548749417494,solver,False,24,384,Time limit reached,0.4366971767726813,1805.4164596531673,True,0,,
large_rho1.10_s2|D1_m0_2p,large,1.1,2,D1_m0_2p,FULL,0,8667.28954278623,8667.28954278623,True,8667.28954278623,solver,False,384,384,Time limit reached,0.4391555532461505,4861.001208479368,True,0,,
medium_rho1.10_s5|D2_all_1p,medium,1.1,5,D2_all_1p,DEPENDENCY-24,1,5101.5451394717775,3858.6534743571938,True,3858.653474357192,solver,True,24,180,Time limit reached,0.051104828056205434,3661.4576520216897,True,3,,
large_rho0.75_s2|D1_m0_2p,large,0.75,2,D1_m0_2p,MATCHED-RANDOM-2,0,3455.735847193032,3455.7358471930324,True,3455.735847193032,solver,False,24,384,Time limit reached,0.4093487324689683,2041.1347583969882,True,0,,
medium_rho0.75_s2|D1_m0_2p,medium,0.75,2,D1_m0_2p,DEPENDENCY-24,1,1297.0966584137593,751.4615438483239,True,751.4615438483238,solver,True,24,192,Time limit reached,0.0411431250579542,720.544067573529,True,4,,
large_rho0.75_s2|D1_m0_2p,large,0.75,2,D1_m0_2p,MATCHED-RANDOM-1,0,3455.735847193032,3455.7358471930324,True,3455.735847193032,solver,False,24,384,Time limit reached,0.41392718833980235,2025.3128243193557,True,0,,
medium_rho0.75_s3|D1_m0_2p,medium,0.75,3,D1_m0_2p,MATCHED-RANDOM-1,0,969.1411112604565,958.5977794151192,True,958.5977794151194,solver,True,24,192,Time limit reached,0.038655579997268055,921.5426262677346,True,0,,
medium_rho1.10_s3|D1_m0_2p,medium,1.1,3,D1_m0_2p,MATCHED-RANDOM-1,0,4000.219680175823,3556.986819335262,True,3556.9868193352613,solver,True,24,192,Time limit reached,0.05250779545334029,3370.217282995379,True,4,,
large_rho1.10_s4|D1_m0_2p,large,1.1,4,D1_m0_2p,DEPENDENCY-24,1,7133.926320184301,7133.926320184307,True,7133.926320184301,solver,False,24,384,Time limit reached,0.2553069307174445,5312.5854874136585,True,0,,
large_rho1.10_s4|D2_all_1p,large,1.1,4,D2_all_1p,EMPTY,1,9310.927467261346,9287.73779831908,True,9287.737798319089,solver,True,0,360,Time limit reached,0.3534661413783736,6004.836956613163,True,0,,
large_rho1.10_s4|D2_all_1p,large,1.1,4,D2_all_1p,SHORTAGE-24,0,9310.927467261346,9310.927467261337,True,9310.927467261346,solver,False,24,360,Time limit reached,0.35834081840875226,5974.442098498379,True,0,,
medium_rho1.10_s4|D1_m0_2p,medium,1.1,4,D1_m0_2p,SHORTAGE-24,0,3676.031279439639,3050.668814954974,True,3050.668814954975,solver,True,24,192,Time limit reached,0.04062574517952855,2926.733121051479,True,3,,
medium_rho0.75_s4|D2_all_1p,medium,0.75,4,D2_all_1p,SHORTAGE-24,1,2482.84959755024,1768.7702928273804,True,1768.7702928273804,solver,True,24,180,Time limit reached,0.017879696811303008,1737.1452162627872,True,3,,
large_rho1.10_s2|D1_m0_2p,large,1.1,2,D1_m0_2p,MATCHED-RANDOM-3,0,8667.28954278623,8667.28954278623,True,8667.28954278623,solver,False,24,384,Time limit reached,0.3177936827428212,5912.879679585851,True,0,,
medium_rho1.10_s4|D1_m0_2p,medium,1.1,4,D1_m0_2p,DEPENDENCY-24,0,3676.031279439639,3043.247379497503,True,3043.2473794975044,solver,True,24,192,Time limit reached,0.05427871831075865,2878.0638122358037,True,3,,
medium_rho0.75_s4|D1_m0_2p,medium,0.75,4,D1_m0_2p,MATCHED-RANDOM-3,1,1729.374502205308,1130.1677071912295,True,1130.1677071912293,solver,True,24,192,Time limit reached,0.02909365807870355,1097.2869943466155,True,4,,
large_rho0.75_s4|D1_m0_2p,large,0.75,4,D1_m0_2p,MATCHED-RANDOM-1,0,2476.384412098589,2476.3844120985887,True,2476.384412098589,solver,False,24,384,Time limit reached,0.2351415449898509,1894.083555448943,True,0,,
medium_rho1.10_s3|D1_m0_2p,medium,1.1,3,D1_m0_2p,MATCHED-RANDOM-2,1,4000.219680175823,4000.2196801758228,True,4000.2196801758228,solver,False,24,192,Time limit reached,0.043819079636888664,3824.933735445149,True,0,,
large_rho0.75_s4|D1_m0_2p,large,0.75,4,D1_m0_2p,DEPENDENCY-24,1,2476.384412098589,2476.3844120985887,True,2476.384412098589,solver,False,24,384,Time limit reached,0.24166652438267605,1877.9251981912862,True,0,,
medium_rho0.75_s4|D2_all_1p,medium,0.75,4,D2_all_1p,MATCHED-RANDOM-3,1,2482.84959755024,1956.3993567478706,True,1956.399356747871,solver,True,24,180,Time limit reached,0.016763004891401957,1923.6042247611704,True,4,,
large_rho1.10_s3|D1_m0_2p,large,1.1,3,D1_m0_2p,DEPENDENCY-24,1,7766.476906514546,7766.4769065145465,True,7766.476906514546,solver,False,24,384,Time limit reached,0.364514991185391,4935.479645394854,True,0,,
medium_rho1.10_s5|D1_m0_2p,medium,1.1,5,D1_m0_2p,EMPTY,0,3240.235102327558,3204.6317745332194,True,3204.631774533217,solver,True,0,192,Time limit reached,0.05297623336018653,3034.862453812079,True,0,,
large_rho1.10_s4|D1_m0_2p,large,1.1,4,D1_m0_2p,FULL,1,7133.926320184301,7133.926320184307,True,7133.926320184301,solver,False,384,384,Time limit reached,0.3448718861247435,4673.635694667394,True,0,,
medium_rho1.10_s5|D2_all_1p,medium,1.1,5,D2_all_1p,MATCHED-RANDOM-3,0,5101.5451394717775,4195.740262041227,True,4195.740262041225,solver,True,24,180,Time limit reached,0.043711900515103985,4012.3364811196643,True,3,,
medium_rho0.75_s2|D2_all_1p,medium,0.75,2,D2_all_1p,WINDOW-24,0,2086.27235415594,1726.7009807269528,True,1726.7009807269524,solver,True,24,180,Time limit reached,0.010897130046295236,1707.8848955889057,True,4,,
large_rho1.10_s2|D1_m0_2p,large,1.1,2,D1_m0_2p,MATCHED-RANDOM-3,1,8667.28954278623,8667.28954278623,True,8667.28954278623,solver,False,24,384,Time limit reached,0.3161464355703699,5927.156847778022,True,0,,
medium_rho1.10_s3|D1_m0_2p,medium,1.1,3,D1_m0_2p,MATCHED-RANDOM-3,0,4000.219680175823,3260.562797429068,True,3260.5627974290674,solver,True,24,192,Time limit reached,0.0635088266831429,3053.488279837642,True,4,,
medium_rho1.10_s3|D2_all_1p,medium,1.1,3,D2_all_1p,EMPTY,0,6131.767040959311,5232.6529707521595,True,5232.652970752159,solver,True,0,180,Time limit reached,0.03929171506746235,5027.053061178455,True,0,,
medium_rho1.10_s2|D2_all_1p,medium,1.1,2,D2_all_1p,SHORTAGE-24,1,5406.220150954388,3956.810206392064,True,3956.8102063920646,solver,True,24,180,Time limit reached,0.018770548361934432,3882.538709053986,True,3,,
large_rho0.75_s5|D2_all_1p,large,0.75,5,D2_all_1p,MATCHED-RANDOM-3,0,4543.3314226602215,4543.331422660219,True,4543.3314226602215,solver,False,24,360,Time limit reached,0.3768444996264593,2831.2019660506594,True,0,,
medium_rho1.10_s2|D1_m0_2p,medium,1.1,2,D1_m0_2p,MATCHED-RANDOM-1,0,3581.589748783136,3155.599859969781,True,3155.599859969781,solver,True,24,192,Time limit reached,0.05640655959520563,2977.6033284097725,True,4,,
large_rho0.75_s3|D2_all_1p,large,0.75,3,D2_all_1p,FULL,1,5916.914907391902,5916.914907391909,True,5916.914907391902,solver,False,360,360,Time limit reached,0.5480373283145614,2674.2246696802467,True,0,,
medium_rho0.75_s5|D2_all_1p,medium,0.75,5,D2_all_1p,EMPTY,0,2189.205264696558,1914.0632760383808,True,1914.0632760383812,solver,True,0,180,Time limit reached,0.027508580321581166,1861.4101126688904,True,0,,
large_rho1.10_s2|D2_all_1p,large,1.1,2,D2_all_1p,MATCHED-RANDOM-1,1,10236.190291203357,7348.5722196785455,True,7348.572219678547,solver,True,24,360,Time limit reached,0.12089399041589569,6460.174000182211,True,4,,
large_rho0.75_s2|D1_m0_2p,large,0.75,2,D1_m0_2p,MATCHED-RANDOM-2,1,3455.735847193032,3455.7358471930324,True,3455.735847193032,solver,False,24,384,Time limit reached,0.40822511280171486,2045.017691159727,True,0,,
medium_rho0.75_s2|D1_m0_2p,medium,0.75,2,D1_m0_2p,MATCHED-RANDOM-2,0,1297.0966584137593,937.7389280201253,True,937.7389280201252,solver,True,24,192,Time limit reached,0.04376002074720077,896.7034530745068,True,4,,
medium_rho1.10_s2|D1_m0_2p,medium,1.1,2,D1_m0_2p,MATCHED-RANDOM-2,0,3581.589748783136,3154.2940578705993,True,3154.2940578705993,solver,True,24,192,Time limit reached,0.017198769491025286,3100.044081462372,True,3,,
large_rho0.75_s4|D1_m0_2p,large,0.75,4,D1_m0_2p,MATCHED-RANDOM-2,0,2476.384412098589,2476.3844120985887,True,2476.384412098589,solver,False,24,384,Time limit reached,0.1832482720029938,2022.5912477663726,True,0,,
large_rho1.10_s4|D1_m0_2p,large,1.1,4,D1_m0_2p,EMPTY,0,7133.926320184301,6999.337968100687,True,6999.337968100682,solver,True,0,384,Time limit reached,0.22009920511494846,5458.789244990847,True,0,,
medium_rho0.75_s2|D1_m0_2p,medium,0.75,2,D1_m0_2p,SHORTAGE-24,0,1297.0966584137593,832.5139419593042,True,832.5139419593042,solver,True,24,192,Time limit reached,0.0505011965378173,790.4709917559444,True,3,,
large_rho0.75_s2|D2_all_1p,large,0.75,2,D2_all_1p,SHORTAGE-24,0,4941.850029997092,4941.850029997096,True,4941.850029997092,solver,False,24,360,Time limit reached,0.38688221407455703,3029.9361487674028,True,0,,
large_rho1.10_s2|D1_m0_2p,large,1.1,2,D1_m0_2p,WINDOW-24,1,8667.28954278623,7305.299816735783,True,7305.299816735784,solver,True,24,384,Time limit reached,0.1313686707320689,6345.612290511976,True,2,,
large_rho1.10_s4|D2_all_1p,large,1.1,4,D2_all_1p,SHORTAGE-24,1,9310.927467261346,9287.73779831908,True,9287.737798319089,solver,True,24,360,Time limit reached,0.35785629780330164,5964.062334844826,True,0,,
medium_rho0.75_s5|D2_all_1p,medium,0.75,5,D2_all_1p,MATCHED-RANDOM-2,0,2189.205264696558,1845.4350389662027,True,1845.4350389662027,solver,True,24,180,Time limit reached,0.022145910770590155,1804.5661992603366,True,4,,
large_rho1.10_s3|D2_all_1p,large,1.1,3,D2_all_1p,FULL,0,9160.875587716027,9160.875587716027,True,9160.875587716027,solver,False,360,360,Time limit reached,0.4012244189113782,5485.308603315234,True,0,,
large_rho1.10_s5|D2_all_1p,large,1.1,5,D2_all_1p,FULL,0,9800.940838187558,9800.940838187562,True,9800.940838187558,solver,False,360,360,Time limit reached,0.473666653063421,5158.561994490659,True,0,,
large_rho0.75_s5|D2_all_1p,large,0.75,5,D2_all_1p,EMPTY,1,4543.3314226602215,4543.331422660219,True,4543.3314226602215,solver,False,0,360,Time limit reached,0.33013880214963753,3043.4014290143655,True,0,,
large_rho0.75_s3|D2_all_1p,large,0.75,3,D2_all_1p,SHORTAGE-24,1,5916.914907391902,5916.91490739191,True,5916.914907391902,solver,False,24,360,Time limit reached,0.4588973373055264,3201.658411326387,True,0,,
large_rho1.10_s5|D1_m0_2p,large,1.1,5,D1_m0_2p,FULL,1,7523.736788628925,7523.73678862893,True,7523.736788628925,solver,False,384,384,Time limit reached,0.43218392752622453,4272.098673645735,True,0,,
large_rho0.75_s2|D1_m0_2p,large,0.75,2,D1_m0_2p,WINDOW-24,1,3455.735847193032,3455.7358471930324,True,3455.735847193032,solver,False,24,384,Time limit reached,0.38849113202483043,2113.213115938225,True,0,,
medium_rho1.10_s3|D1_m0_2p,medium,1.1,3,D1_m0_2p,WINDOW-24,0,4000.219680175823,3570.457919090917,True,3570.457919090916,solver,True,24,192,Time limit reached,0.055634264152049105,3371.8181200764375,True,3,,
medium_rho1.10_s4|D1_m0_2p,medium,1.1,4,D1_m0_2p,MATCHED-RANDOM-2,0,3676.031279439639,3208.670835356663,True,3208.6708353566637,solver,True,24,192,Time limit reached,0.041710073898305056,3074.8369376985997,True,3,,
medium_rho0.75_s5|D2_all_1p,medium,0.75,5,D2_all_1p,FULL,1,2189.205264696558,1797.4037386670407,True,1797.403738667041,solver,True,180,180,Time limit reached,0.06749221579995004,1676.0929776572877,True,4,,
large_rho0.75_s5|D1_m0_2p,large,0.75,5,D1_m0_2p,WINDOW-24,1,3205.0548749417494,3205.054874941747,True,3205.0548749417494,solver,False,24,384,Time limit reached,0.3843347521404304,1973.2409039845327,True,0,,
medium_rho0.75_s4|D2_all_1p,medium,0.75,4,D2_all_1p,MATCHED-RANDOM-1,1,2482.84959755024,1740.5327499126286,True,1740.5327499126288,solver,True,24,180,Time limit reached,0.022665671104329033,1701.0824070567955,True,4,,
large_rho1.10_s2|D2_all_1p,large,1.1,2,D2_all_1p,MATCHED-RANDOM-2,0,10236.190291203357,10236.190291203357,True,10236.190291203357,solver,False,24,360,Time limit reached,0.334582402854327,6811.341147498404,True,0,,
large_rho0.75_s5|D2_all_1p,large,0.75,5,D2_all_1p,EMPTY,0,4543.3314226602215,4543.331422660219,True,4543.3314226602215,solver,False,0,360,Time limit reached,0.3257359343763077,3063.405116518753,True,0,,
medium_rho0.75_s2|D2_all_1p,medium,0.75,2,D2_all_1p,MATCHED-RANDOM-1,1,2086.27235415594,1672.5728089941374,True,1672.5728089941372,solver,True,24,180,Time limit reached,0.02901568594086098,1624.0419616551399,True,4,,
medium_rho0.75_s4|D2_all_1p,medium,0.75,4,D2_all_1p,DEPENDENCY-24,0,2482.84959755024,1722.6725207269396,True,1722.6725207269399,solver,True,24,180,Time limit reached,0.020753705405048624,1686.9206827224002,True,4,,
large_rho0.75_s3|D2_all_1p,large,0.75,3,D2_all_1p,WINDOW-24,1,5916.914907391902,5916.914907391909,True,5916.914907391902,solver,False,24,360,Time limit reached,0.5031047308523117,2940.087025432472,True,0,,
medium_rho1.10_s3|D1_m0_2p,medium,1.1,3,D1_m0_2p,MATCHED-RANDOM-2,0,4000.219680175823,4000.2196801758228,True,4000.2196801758228,solver,False,24,192,Time limit reached,0.04227689417760581,3831.1028160698534,True,0,,
medium_rho1.10_s5|D2_all_1p,medium,1.1,5,D2_all_1p,SHORTAGE-24,1,5101.5451394717775,4026.407767535714,True,4026.4077675357116,solver,True,24,180,Time limit reached,0.05133311465095219,3819.7197159733187,True,4,,
medium_rho1.10_s5|D1_m0_2p,medium,1.1,5,D1_m0_2p,SHORTAGE-24,1,3240.235102327558,2966.336214579313,True,2966.3362145793108,solver,True,24,192,Time limit reached,0.06586940055695267,2770.945426274594,True,2,,
medium_rho1.10_s5|D2_all_1p,medium,1.1,5,D2_all_1p,WINDOW-24,0,5101.5451394717775,4048.216704334604,True,4048.2167043346017,solver,True,24,180,Time limit reached,0.05404574491182942,3829.427816984329,True,4,,
medium_rho1.10_s3|D2_all_1p,medium,1.1,3,D2_all_1p,FULL,1,6131.767040959311,4275.1944222442735,True,4275.194422244273,solver,True,180,180,Time limit reached,0.10388180015772028,3831.0795296372935,True,4,,
medium_rho1.10_s2|D1_m0_2p,medium,1.1,2,D1_m0_2p,MATCHED-RANDOM-3,1,3581.589748783136,3168.604565860904,True,3168.6045658609037,solver,True,24,192,Time limit reached,0.016872015316870825,3115.1438210925917,True,2,,
large_rho1.10_s3|D2_all_1p,large,1.1,3,D2_all_1p,WINDOW-24,0,9160.875587716027,7055.851908350695,True,7055.851908350698,solver,True,24,360,Time limit reached,0.18510906614817152,5749.749750716104,True,4,,
medium_rho0.75_s4|D1_m0_2p,medium,0.75,4,D1_m0_2p,EMPTY,0,1729.374502205308,1469.2225452735465,True,1469.2225452735468,solver,True,0,192,Time limit reached,0.02032444716889225,1439.361409272789,True,0,,
medium_rho1.10_s2|D2_all_1p,medium,1.1,2,D2_all_1p,WINDOW-24,1,5406.220150954388,4013.409763787988,True,4013.4097637879886,solver,True,24,180,Time limit reached,0.0326530056749959,3882.359871994935,True,2,,
large_rho1.10_s2|D1_m0_2p,large,1.1,2,D1_m0_2p,MATCHED-RANDOM-2,0,8667.28954278623,8667.28954278623,True,8667.28954278623,solver,False,24,384,Time limit reached,0.31892768332128707,5903.0509682306,True,0,,
medium_rho0.75_s5|D2_all_1p,medium,0.75,5,D2_all_1p,EMPTY,1,2189.205264696558,1905.6257954859364,True,1905.6257954859366,solver,True,0,180,Time limit reached,0.023333733803592147,1861.160430444809,True,0,,
medium_rho1.10_s5|D1_m0_2p,medium,1.1,5,D1_m0_2p,MATCHED-RANDOM-1,1,3240.235102327558,3072.1624202340763,True,3072.1624202340736,solver,True,24,192,Time limit reached,0.0567390800951416,2897.850750607131,True,4,,
medium_rho0.75_s2|D1_m0_2p,medium,0.75,2,D1_m0_2p,MATCHED-RANDOM-1,1,1297.0966584137593,966.6572423503252,True,966.6572423503252,solver,True,24,192,Time limit reached,0.0717655676549923,897.2845366252446,True,4,,
medium_rho1.10_s2|D2_all_1p,medium,1.1,2,D2_all_1p,EMPTY,1,5406.220150954388,4616.068242523818,True,4616.068242523819,solver,True,0,180,Time limit reached,0.009594719283422497,4571.778363543681,True,0,,
medium_rho1.10_s4|D2_all_1p,medium,1.1,4,D2_all_1p,MATCHED-RANDOM-3,0,5499.654637968052,4261.817195683756,True,4261.817195683757,solver,True,24,180,Time limit reached,0.03843884942691443,4097.997846213833,True,4,,
large_rho0.75_s2|D1_m0_2p,large,0.75,2,D1_m0_2p,EMPTY,0,3455.735847193032,3455.7358471930324,True,3455.735847193032,solver,False,0,384,Time limit reached,0.32618744583944403,2328.51819770133,True,0,,
large_rho0.75_s2|D1_m0_2p,large,0.75,2,D1_m0_2p,FULL,0,3455.735847193032,3455.7358471930324,True,3455.735847193032,solver,False,384,384,Time limit reached,0.5230141260652976,1648.3371831608476,True,0,,
medium_rho0.75_s3|D1_m0_2p,medium,0.75,3,D1_m0_2p,SHORTAGE-24,0,969.1411112604565,923.5071908985232,True,923.5071908985233,solver,True,24,192,Time limit reached,0.03382313943265482,892.271278413703,True,1,,
large_rho1.10_s5|D1_m0_2p,large,1.1,5,D1_m0_2p,MATCHED-RANDOM-3,1,7523.736788628925,6839.665941458446,True,6839.66594145844,solver,True,24,384,Time limit reached,0.10377591973969419,6129.873317671334,True,3,,
large_rho0.75_s2|D1_m0_2p,large,0.75,2,D1_m0_2p,MATCHED-RANDOM-3,1,3455.735847193032,3455.7358471930324,True,3455.735847193032,solver,False,24,384,Time limit reached,0.4230040219591557,1993.9456850019492,True,0,,
medium_rho1.10_s3|D2_all_1p,medium,1.1,3,D2_all_1p,DEPENDENCY-24,0,6131.767040959311,4438.173737805705,True,4438.173737805704,solver,True,24,180,Time limit reached,0.06092750318349811,4167.766893266631,True,4,,
medium_rho1.10_s4|D2_all_1p,medium,1.1,4,D2_all_1p,FULL,1,5499.654637968052,4039.092025370307,True,4039.092025370307,solver,True,180,180,Time limit reached,0.08829600806744503,3682.4563233130575,True,4,,
medium_rho1.10_s5|D2_all_1p,medium,1.1,5,D2_all_1p,MATCHED-RANDOM-3,1,5101.5451394717775,4237.373420361527,True,4237.373420361524,solver,True,24,180,Time limit reached,0.051533289567896844,4019.0076288827267,True,3,,
medium_rho1.10_s4|D2_all_1p,medium,1.1,4,D2_all_1p,MATCHED-RANDOM-1,1,5499.654637968052,4039.358818983654,True,4039.3588189836546,solver,True,24,180,Time limit reached,0.04389983531426353,3862.0316320550537,True,3,,
medium_rho1.10_s2|D1_m0_2p,medium,1.1,2,D1_m0_2p,FULL,1,3581.589748783136,2936.3130955795614,True,2936.3130955795614,solver,True,192,192,Time limit reached,0.11780845955469807,2590.3905730190463,True,4,,
medium_rho1.10_s5|D2_all_1p,medium,1.1,5,D2_all_1p,SHORTAGE-24,0,5101.5451394717775,4053.037922367798,True,4053.0379223677955,solver,True,24,180,Time limit reached,0.060698059835380576,3807.0263840408506,True,3,,
large_rho1.10_s4|D1_m0_2p,large,1.1,4,D1_m0_2p,MATCHED-RANDOM-3,0,7133.926320184301,6915.056755892428,True,6915.05675589242,solver,True,24,384,Time limit reached,0.229510868007013,5327.976077529796,True,2,,
medium_rho0.75_s5|D2_all_1p,medium,0.75,5,D2_all_1p,MATCHED-RANDOM-3,1,2189.205264696558,1839.4966537266312,True,1839.4966537266314,solver,True,24,180,Time limit reached,0.025679064704300023,1792.2601001322416,True,2,,
medium_rho0.75_s3|D2_all_1p,medium,0.75,3,D2_all_1p,FULL,0,2246.2363350218843,1825.3864911937912,True,1825.386491193791,solver,True,180,180,Time limit reached,0.07190250407707675,1694.1366315684888,True,4,,
large_rho1.10_s4|D1_m0_2p,large,1.1,4,D1_m0_2p,SHORTAGE-24,0,7133.926320184301,7133.926320184307,True,7133.926320184301,solver,False,24,384,Time limit reached,0.2524907664521285,5332.675795787958,True,0,,
medium_rho1.10_s3|D1_m0_2p,medium,1.1,3,D1_m0_2p,FULL,1,4000.219680175823,3173.1586806878663,True,3173.1586806878663,solver,True,192,192,Time limit reached,0.11010503313245694,2823.7779390161854,True,4,,
large_rho1.10_s2|D2_all_1p,large,1.1,2,D2_all_1p,MATCHED-RANDOM-3,0,10236.190291203357,10236.190291203357,True,10236.190291203357,solver,False,24,360,Time limit reached,0.3630698668391386,6519.73804523607,True,0,,
medium_rho1.10_s3|D1_m0_2p,medium,1.1,3,D1_m0_2p,FULL,0,4000.219680175823,3310.7503908297763,True,3310.7503908297754,solver,True,192,192,Time limit reached,0.1560442418268254,2794.126856214878,True,3,,
medium_rho1.10_s4|D2_all_1p,medium,1.1,4,D2_all_1p,EMPTY,0,5499.654637968052,4367.510463443686,True,4367.510463443684,solver,True,0,180,Time limit reached,0.03137020700095649,4230.500756126614,True,0,,
medium_rho0.75_s3|D1_m0_2p,medium,0.75,3,D1_m0_2p,EMPTY,0,969.1411112604565,957.0614478857519,True,957.0614478857522,solver,True,0,192,Time limit reached,0.025026192483951246,933.109843871994,True,0,,
large_rho1.10_s5|D1_m0_2p,large,1.1,5,D1_m0_2p,MATCHED-RANDOM-2,1,7523.736788628925,6745.261150954483,True,6745.261150954478,solver,True,24,384,Time limit reached,0.1280323239165418,5881.6496903738125,True,3,,
medium_rho1.10_s5|D1_m0_2p,medium,1.1,5,D1_m0_2p,MATCHED-RANDOM-3,1,3240.235102327558,3191.4783970672793,True,3191.4783970672775,solver,True,24,192,Time limit reached,0.07596064370839706,2949.0516436446055,True,3,,
large_rho0.75_s3|D2_all_1p,large,0.75,3,D2_all_1p,EMPTY,1,5916.914907391902,5916.91490739191,True,5916.914907391902,solver,False,0,360,Time limit reached,0.4355686598596939,3339.692210675371,True,0,,
medium_rho0.75_s3|D2_all_1p,medium,0.75,3,D2_all_1p,MATCHED-RANDOM-3,1,2246.2363350218843,1915.3785583840067,True,1915.3785583840067,solver,True,24,180,Time limit reached,0.02366849486176563,1870.0444308165588,True,4,,
large_rho1.10_s4|D1_m0_2p,large,1.1,4,D1_m0_2p,MATCHED-RANDOM-2,0,7133.926320184301,7133.926320184307,True,7133.926320184301,solver,False,24,384,Time limit reached,0.2949644932260412,5029.6713584392255,True,0,,
medium_rho1.10_s3|D1_m0_2p,medium,1.1,3,D1_m0_2p,MATCHED-RANDOM-3,1,4000.219680175823,3241.2489807420443,True,3241.248980742044,solver,True,24,192,Time limit reached,0.06016654437550842,3046.2342301101567,True,4,,
large_rho0.75_s5|D2_all_1p,large,0.75,5,D2_all_1p,MATCHED-RANDOM-3,1,4543.3314226602215,4543.331422660219,True,4543.3314226602215,solver,False,24,360,Time limit reached,0.37659698039522194,2832.3265279516527,True,0,,
medium_rho0.75_s4|D1_m0_2p,medium,0.75,4,D1_m0_2p,MATCHED-RANDOM-1,1,1729.374502205308,1199.4939608942896,True,1199.4939608942896,solver,True,24,192,Time limit reached,0.048708919845354345,1141.067905698103,True,4,,
medium_rho0.75_s2|D2_all_1p,medium,0.75,2,D2_all_1p,MATCHED-RANDOM-2,0,2086.27235415594,1855.501086798765,True,1855.5010867987644,solver,True,24,180,Time limit reached,0.022369656879774897,1813.9941641470273,True,4,,
medium_rho0.75_s5|D2_all_1p,medium,0.75,5,D2_all_1p,DEPENDENCY-24,1,2189.205264696558,1864.9409055589556,True,1864.9409055589556,solver,True,24,180,Time limit reached,0.05492986207239253,1762.4999588434391,True,4,,
medium_rho1.10_s5|D1_m0_2p,medium,1.1,5,D1_m0_2p,WINDOW-24,1,3240.235102327558,3189.488274894433,True,3189.4882748944306,solver,True,24,192,Time limit reached,0.05845735424370045,3003.0392289528,True,2,,
large_rho1.10_s5|D2_all_1p,large,1.1,5,D2_all_1p,WINDOW-24,1,9800.940838187558,7157.537654456178,True,7157.5376544561705,solver,True,24,360,Time limit reached,0.17455407345270585,5908.160300979725,True,1,,
large_rho1.10_s2|D1_m0_2p,large,1.1,2,D1_m0_2p,DEPENDENCY-24,0,8667.28954278623,8667.28954278623,True,8667.28954278623,solver,False,24,384,Time limit reached,0.2667815893753712,6355.016262985185,True,0,,
medium_rho1.10_s2|D2_all_1p,medium,1.1,2,D2_all_1p,FULL,1,5406.220150954388,3977.022467434823,True,3977.022467434823,solver,True,180,180,Time limit reached,0.07428895589068196,3681.573620775306,True,3,,
medium_rho0.75_s2|D1_m0_2p,medium,0.75,2,D1_m0_2p,FULL,0,1297.0966584137593,774.3285972737209,True,774.3285972737208,solver,True,192,192,Time limit reached,0.0788841731605637,713.2463261232043,True,4,,
medium_rho1.10_s3|D2_all_1p,medium,1.1,3,D2_all_1p,DEPENDENCY-24,1,6131.767040959311,4452.256366380526,True,4452.256366380525,solver,True,24,180,Time limit reached,0.06566082559200392,4159.917537616725,True,4,,
medium_rho1.10_s5|D1_m0_2p,medium,1.1,5,D1_m0_2p,MATCHED-RANDOM-2,1,3240.235102327558,3207.6596020663183,True,3207.659602066316,solver,True,24,192,Time limit reached,0.07482989073416688,2967.6307845312945,True,4,,
large_rho1.10_s4|D1_m0_2p,large,1.1,4,D1_m0_2p,SHORTAGE-24,1,7133.926320184301,7133.926320184307,True,7133.926320184301,solver,False,24,384,Time limit reached,0.25310855687406014,5328.268524436582,True,0,,
medium_rho0.75_s5|D1_m0_2p,medium,0.75,5,D1_m0_2p,EMPTY,1,1506.1365683060053,1155.454367764382,True,1155.4543677643824,solver,True,0,192,Time limit reached,0.034295904387071204,1115.8270152439109,True,0,,
large_rho1.10_s3|D2_all_1p,large,1.1,3,D2_all_1p,MATCHED-RANDOM-2,1,9160.875587716027,7795.452065930845,True,7795.452065930847,solver,True,24,360,Time limit reached,0.21591523368135257,6112.295211463604,True,4,,
large_rho0.75_s5|D2_all_1p,large,0.75,5,D2_all_1p,MATCHED-RANDOM-2,1,4543.3314226602215,4543.331422660219,True,4543.3314226602215,solver,False,24,360,Time limit reached,0.3717236649027528,2854.4676153611244,True,0,,
large_rho0.75_s4|D2_all_1p,large,0.75,4,D2_all_1p,WINDOW-24,0,3747.1326617647946,3747.132661764796,True,3747.1326617647946,solver,False,24,360,Time limit reached,0.2208002815056679,2919.7647152080467,True,0,,
medium_rho0.75_s4|D2_all_1p,medium,0.75,4,D2_all_1p,MATCHED-RANDOM-1,0,2482.84959755024,1731.2729673922088,True,1731.2729673922095,solver,True,24,180,Time limit reached,0.01731746103482593,1701.2917152387467,True,4,,
large_rho0.75_s2|D2_all_1p,large,0.75,2,D2_all_1p,MATCHED-RANDOM-2,1,4941.850029997092,4941.850029997096,True,4941.850029997092,solver,False,24,360,Time limit reached,0.27943828895705003,3560.9079133323603,True,0,,
large_rho0.75_s2|D2_all_1p,large,0.75,2,D2_all_1p,WINDOW-24,1,4941.850029997092,4941.850029997096,True,4941.850029997092,solver,False,24,360,Time limit reached,0.3948226040487527,2990.6959323352357,True,0,,
medium_rho1.10_s3|D2_all_1p,medium,1.1,3,D2_all_1p,MATCHED-RANDOM-3,0,6131.767040959311,4523.2523920278145,True,4523.252392027814,solver,True,24,180,Time limit reached,0.05137435362639411,4290.8732240983445,True,4,,
medium_rho1.10_s3|D1_m0_2p,medium,1.1,3,D1_m0_2p,SHORTAGE-24,1,4000.219680175823,3487.585749693897,True,3487.585749693897,solver,True,24,192,Time limit reached,0.08171930299861674,3202.582673081003,True,2,,
large_rho0.75_s5|D2_all_1p,large,0.75,5,D2_all_1p,MATCHED-RANDOM-1,1,4543.3314226602215,4543.331422660219,True,4543.3314226602215,solver,False,24,360,Time limit reached,0.372926002102463,2849.0049989810477,True,0,,
medium_rho1.10_s4|D2_all_1p,medium,1.1,4,D2_all_1p,FULL,0,5499.654637968052,3959.99387753445,True,3959.9938775344503,solver,True,180,180,Time limit reached,0.07145688289957183,3677.0250587444493,True,3,,
medium_rho0.75_s4|D2_all_1p,medium,0.75,4,D2_all_1p,MATCHED-RANDOM-2,1,2482.84959755024,2111.7064903971727,True,2111.706490397173,solver,True,24,180,Time limit reached,0.015210203635991187,2079.5870046587875,True,4,,
medium_rho0.75_s2|D1_m0_2p,medium,0.75,2,D1_m0_2p,SHORTAGE-24,1,1297.0966584137593,814.386987622603,True,814.3869876226031,solver,True,24,192,Time limit reached,0.031141551146775578,789.0257135942852,True,3,,
large_rho0.75_s4|D1_m0_2p,large,0.75,4,D1_m0_2p,MATCHED-RANDOM-1,1,2476.384412098589,2476.3844120985887,True,2476.384412098589,solver,False,24,384,Time limit reached,0.24083340608262904,1879.9883193629566,True,0,,
large_rho0.75_s4|D2_all_1p,large,0.75,4,D2_all_1p,EMPTY,0,3747.1326617647946,3747.1326617647956,True,3747.1326617647937,solver,False,0,360,Time limit reached,0.1187738307389553,3302.0713612399327,True,0,,
medium_rho0.75_s2|D2_all_1p,medium,0.75,2,D2_all_1p,DEPENDENCY-24,1,2086.27235415594,1659.9792203844966,True,1659.9792203844966,solver,True,24,180,Time limit reached,0.018414499881733885,1629.4115332270455,True,4,,
large_rho1.10_s3|D1_m0_2p,large,1.1,3,D1_m0_2p,MATCHED-RANDOM-2,1,7766.476906514546,7766.476906514546,True,7766.476906514546,solver,False,24,384,Time limit reached,0.28103949780970805,5583.790136957003,True,0,,
large_rho1.10_s4|D2_all_1p,large,1.1,4,D2_all_1p,MATCHED-RANDOM-1,1,9310.927467261346,9287.73779831908,True,9287.737798319089,solver,True,24,360,Time limit reached,0.36819932963181434,5867.998967181931,True,0,,
medium_rho0.75_s4|D1_m0_2p,medium,0.75,4,D1_m0_2p,SHORTAGE-24,1,1729.374502205308,1067.7267686030686,True,1067.7267686030684,solver,True,24,192,Time limit reached,0.03515993159363186,1030.1855684582952,True,4,,
medium_rho0.75_s3|D1_m0_2p,medium,0.75,3,D1_m0_2p,FULL,1,969.1411112604565,866.1009249395928,True,866.100924939593,solver,True,192,192,Time limit reached,0.18271822268136712,707.8485032719423,True,4,,
large_rho0.75_s4|D1_m0_2p,large,0.75,4,D1_m0_2p,MATCHED-RANDOM-3,1,2476.384412098589,2476.3844120985887,True,2476.384412098589,solver,False,24,384,Time limit reached,0.199953602294251,1981.222428234145,True,0,,
medium_rho0.75_s2|D1_m0_2p,medium,0.75,2,D1_m0_2p,EMPTY,1,1297.0966584137593,1082.1710436935919,True,1082.171043693592,solver,True,0,192,Time limit reached,0.0197300812686797,1060.8197210549054,True,0,,
large_rho0.75_s5|D2_all_1p,large,0.75,5,D2_all_1p,MATCHED-RANDOM-2,0,4543.3314226602215,4543.331422660219,True,4543.3314226602215,solver,False,24,360,Time limit reached,0.3722160071185141,2852.230741501554,True,0,,
medium_rho0.75_s3|D2_all_1p,medium,0.75,3,D2_all_1p,DEPENDENCY-24,0,2246.2363350218843,1864.5953043180266,True,1864.5953043180264,solver,True,24,180,Time limit reached,0.020450262754599085,1826.4638404137313,True,2,,
medium_rho1.10_s4|D1_m0_2p,medium,1.1,4,D1_m0_2p,MATCHED-RANDOM-3,1,3676.031279439639,3192.3356847604955,True,3192.3356847604964,solver,True,24,192,Time limit reached,0.03909215508762527,3067.540403080078,True,3,,
medium_rho1.10_s2|D2_all_1p,medium,1.1,2,D2_all_1p,MATCHED-RANDOM-3,1,5406.220150954388,4312.1412072639605,True,4312.14120726396,solver,True,24,180,Time limit reached,0.03469495314590387,4162.531670119415,True,3,,
medium_rho0.75_s4|D2_all_1p,medium,0.75,4,D2_all_1p,WINDOW-24,0,2482.84959755024,1757.9015289164183,True,1757.9015289164186,solver,True,24,180,Time limit reached,0.047756238394592546,1673.9507644272671,True,3,,
large_rho1.10_s2|D2_all_1p,large,1.1,2,D2_all_1p,DEPENDENCY-24,0,10236.190291203357,10236.190291203357,True,10236.190291203357,solver,False,24,360,Time limit reached,0.3012187481198476,7152.857866170543,True,0,,
medium_rho1.10_s5|D1_m0_2p,medium,1.1,5,D1_m0_2p,SHORTAGE-24,0,3240.235102327558,2972.685646154297,True,2972.6856461542943,solver,True,24,192,Time limit reached,0.07039653941001037,2763.4188639112235,True,2,,
medium_rho0.75_s2|D2_all_1p,medium,0.75,2,D2_all_1p,SHORTAGE-24,0,2086.27235415594,1744.382650811852,True,1744.3826508118516,solver,True,24,180,Time limit reached,0.02199530895681609,1706.0144154683353,True,4,,
medium_rho1.10_s4|D1_m0_2p,medium,1.1,4,D1_m0_2p,FULL,1,3676.031279439639,2910.7523103264907,True,2910.752310326492,solver,True,192,192,Time limit reached,0.0844475850221296,2664.9463071218343,True,4,,
large_rho1.10_s2|D1_m0_2p,large,1.1,2,D1_m0_2p,FULL,1,8667.28954278623,8667.28954278623,True,8667.28954278623,solver,False,384,384,Time limit reached,0.4394622803317583,4858.34271601779,True,0,,
large_rho1.10_s4|D2_all_1p,large,1.1,4,D2_all_1p,WINDOW-24,0,9310.927467261346,9310.927467261337,True,9310.927467261346,solver,False,24,360,Time limit reached,0.36229121926722857,5937.660202638499,True,0,,
large_rho0.75_s2|D1_m0_2p,large,0.75,2,D1_m0_2p,SHORTAGE-24,0,3455.735847193032,3455.7358471930324,True,3455.735847193032,solver,False,24,384,Time limit reached,0.3802786066985497,2141.593434104234,True,0,,
large_rho1.10_s5|D1_m0_2p,large,1.1,5,D1_m0_2p,EMPTY,0,7523.736788628925,6861.690329712553,True,6861.690329712546,solver,True,0,384,Time limit reached,0.08759548619235133,6260.637229180026,True,0,,
medium_rho1.10_s2|D2_all_1p,medium,1.1,2,D2_all_1p,MATCHED-RANDOM-1,0,5406.220150954388,3989.500930685147,True,3989.500930685147,solver,True,24,180,Time limit reached,0.03872201308425089,3835.0194234475257,True,4,,
medium_rho1.10_s2|D2_all_1p,medium,1.1,2,D2_all_1p,MATCHED-RANDOM-2,1,5406.220150954388,4266.749637444744,True,4266.749637444745,solver,True,24,180,Time limit reached,0.026710951814483297,4152.780693474493,True,3,,
large_rho0.75_s5|D1_m0_2p,large,0.75,5,D1_m0_2p,MATCHED-RANDOM-2,0,3205.0548749417494,3205.054874941747,True,3205.0548749417494,solver,False,24,384,Time limit reached,0.4111980695436734,1887.1424975841614,True,0,,
medium_rho0.75_s5|D1_m0_2p,medium,0.75,5,D1_m0_2p,EMPTY,0,1506.1365683060053,1165.749063021484,True,1165.7490630214843,solver,True,0,192,Time limit reached,0.04229600989557418,1116.442529116171,True,0,,
medium_rho1.10_s4|D2_all_1p,medium,1.1,4,D2_all_1p,DEPENDENCY-24,0,5499.654637968052,4303.7651102486025,True,4303.765110248602,solver,True,24,180,Time limit reached,0.06265592558605551,4034.108723761004,True,3,,
medium_rho1.10_s2|D2_all_1p,medium,1.1,2,D2_all_1p,DEPENDENCY-24,1,5406.220150954388,4286.497673564169,True,4286.497673564169,solver,True,24,180,Time limit reached,0.04169350515270577,4107.77856072436,True,2,,
medium_rho1.10_s5|D1_m0_2p,medium,1.1,5,D1_m0_2p,WINDOW-24,0,3240.235102327558,3213.125536443317,True,3213.125536443314,solver,True,24,192,Time limit reached,0.06700758125126759,2997.821765989568,True,2,,
large_rho1.10_s5|D1_m0_2p,large,1.1,5,D1_m0_2p,DEPENDENCY-24,1,7523.736788628925,6336.454628833399,True,6336.454628833393,solver,True,24,384,Time limit reached,0.18679567156640034,5152.832331090438,True,4,,
large_rho1.10_s5|D1_m0_2p,large,1.1,5,D1_m0_2p,FULL,0,7523.736788628925,7523.73678862893,True,7523.736788628925,solver,False,384,384,Time limit reached,0.42402047640301627,4333.518331183592,True,0,,
medium_rho0.75_s4|D1_m0_2p,medium,0.75,4,D1_m0_2p,DEPENDENCY-24,1,1729.374502205308,895.014654112603,True,895.014654112603,solver,True,24,192,Time limit reached,0.06944178824364387,832.8632360267574,True,4,,
medium_rho1.10_s4|D1_m0_2p,medium,1.1,4,D1_m0_2p,MATCHED-RANDOM-1,0,3676.031279439639,3167.6858873596057,True,3167.6858873596066,solver,True,24,192,Time limit reached,0.05335533187975169,2998.672955548728,True,3,,
medium_rho0.75_s2|D2_all_1p,medium,0.75,2,D2_all_1p,MATCHED-RANDOM-2,1,2086.27235415594,1836.0873770628104,True,1836.08737706281,solver,True,24,180,Time limit reached,0.012166410681516623,1813.7487839863156,True,3,,
medium_rho1.10_s4|D2_all_1p,medium,1.1,4,D2_all_1p,MATCHED-RANDOM-2,1,5499.654637968052,4292.489765698058,True,4292.489765698059,solver,True,24,180,Time limit reached,0.032858283000832066,4151.445922198576,True,1,,
large_rho1.10_s4|D1_m0_2p,large,1.1,4,D1_m0_2p,MATCHED-RANDOM-2,1,7133.926320184301,5857.269751957284,True,5857.26975195728,solver,True,24,384,Time limit reached,0.142096306707092,5024.973352816989,True,4,,
medium_rho0.75_s5|D1_m0_2p,medium,0.75,5,D1_m0_2p,DEPENDENCY-24,1,1506.1365683060053,884.6408653432759,True,884.6408653432763,solver,True,24,192,Time limit reached,0.06999254629692905,822.7225986195813,True,4,,
large_rho1.10_s4|D1_m0_2p,large,1.1,4,D1_m0_2p,WINDOW-24,0,7133.926320184301,6328.777909236306,True,6328.777909236302,solver,True,24,384,Time limit reached,0.15340948271481572,5357.883363963412,True,2,,
large_rho1.10_s2|D2_all_1p,large,1.1,2,D2_all_1p,EMPTY,1,10236.190291203357,9219.539828515415,True,9219.539828515415,solver,True,0,360,Time limit reached,0.19846276486328734,7389.804463381048,True,0,,
medium_rho1.10_s3|D2_all_1p,medium,1.1,3,D2_all_1p,MATCHED-RANDOM-1,1,6131.767040959311,4649.865249809588,True,4649.865249809586,solver,True,24,180,Time limit reached,0.06989949917497108,4324.841997616795,True,4,,
medium_rho0.75_s3|D1_m0_2p,medium,0.75,3,D1_m0_2p,FULL,0,969.1411112604565,873.386119329161,True,873.3861193291609,solver,True,192,192,Time limit reached,0.17669896866650356,719.0596927960585,True,3,,
medium_rho1.10_s2|D2_all_1p,medium,1.1,2,D2_all_1p,MATCHED-RANDOM-3,0,5406.220150954388,4346.934675329677,True,4346.934675329678,solver,True,24,180,Time limit reached,0.041317592104117784,4167.3298015111595,True,4,,
medium_rho0.75_s3|D2_all_1p,medium,0.75,3,D2_all_1p,SHORTAGE-24,1,2246.2363350218843,1851.5369549541986,True,1851.5369549541983,solver,True,24,180,Time limit reached,0.037040232138079755,1782.9555963304617,True,4,,
large_rho1.10_s3|D2_all_1p,large,1.1,3,D2_all_1p,DEPENDENCY-24,0,9160.875587716027,7825.330647298679,True,7825.330647298681,solver,True,24,360,Time limit reached,0.2123617057754545,6163.53008278139,True,2,,
large_rho0.75_s3|D1_m0_2p,large,0.75,3,D1_m0_2p,FULL,0,4750.874555789891,4750.874555789891,True,4750.874555789891,solver,False,384,384,Time limit reached,0.6391825263034916,1714.1985550691302,True,0,,
medium_rho1.10_s3|D2_all_1p,medium,1.1,3,D2_all_1p,MATCHED-RANDOM-3,1,6131.767040959311,4531.781653346661,True,4531.781653346659,solver,True,24,180,Time limit reached,0.055995127557106665,4278.023961606559,True,3,,
medium_rho1.10_s3|D2_all_1p,medium,1.1,3,D2_all_1p,EMPTY,1,6131.767040959311,5213.480015219774,True,5213.480015219772,solver,True,0,180,Time limit reached,0.03560038825175691,5027.878102535175,True,0,,
large_rho1.10_s3|D2_all_1p,large,1.1,3,D2_all_1p,MATCHED-RANDOM-1,0,9160.875587716027,9160.875587716027,True,9160.875587716027,solver,False,24,360,Time limit reached,0.348702879436139,5966.451892123217,True,0,,
medium_rho1.10_s3|D1_m0_2p,medium,1.1,3,D1_m0_2p,DEPENDENCY-24,0,4000.219680175823,3153.8024948232946,True,3153.8024948232937,solver,True,24,192,Time limit reached,0.05743717767007972,2972.6569805917884,True,4,,
large_rho0.75_s3|D2_all_1p,large,0.75,3,D2_all_1p,EMPTY,0,5916.914907391902,5916.91490739191,True,5916.914907391902,solver,False,0,360,Time limit reached,0.43531043876572034,3341.220082915706,True,0,,
large_rho0.75_s4|D2_all_1p,large,0.75,4,D2_all_1p,MATCHED-RANDOM-3,1,3747.1326617647946,3747.132661764796,True,3747.1326617647946,solver,False,24,360,Time limit reached,0.17452316973252563,3093.171192225328,True,0,,
medium_rho0.75_s2|D2_all_1p,medium,0.75,2,D2_all_1p,EMPTY,0,2086.27235415594,1995.2515807330042,True,1995.2515807330037,solver,True,0,180,Time limit reached,0.011428909016954251,1972.4480319508725,True,0,,
large_rho1.10_s4|D2_all_1p,large,1.1,4,D2_all_1p,FULL,0,9310.927467261346,9310.927467261337,True,9310.927467261346,solver,False,360,360,Time limit reached,0.3982670065204428,5602.692256946197,True,0,,
large_rho0.75_s5|D2_all_1p,large,0.75,5,D2_all_1p,WINDOW-24,1,4543.3314226602215,4543.331422660219,True,4543.3314226602215,solver,False,24,360,Time limit reached,0.37844406297335775,2823.93461963416,True,0,,
medium_rho0.75_s3|D1_m0_2p,medium,0.75,3,D1_m0_2p,MATCHED-RANDOM-1,1,969.1411112604565,965.5392588045984,True,965.5392588045984,solver,True,24,192,Time limit reached,0.045356528888148485,921.7457495199861,True,0,,
medium_rho0.75_s5|D1_m0_2p,medium,0.75,5,D1_m0_2p,MATCHED-RANDOM-3,1,1506.1365683060053,878.5115578129871,True,878.5115578129877,solver,True,24,192,Time limit reached,0.06740102774166956,819.2989759334566,True,4,,
medium_rho0.75_s2|D2_all_1p,medium,0.75,2,D2_all_1p,DEPENDENCY-24,0,2086.27235415594,1668.4990772301244,True,1668.4990772301244,solver,True,24,180,Time limit reached,0.02318664797020459,1629.8121764877783,True,4,,
medium_rho0.75_s5|D1_m0_2p,medium,0.75,5,D1_m0_2p,FULL,0,1506.1365683060053,879.7425376923226,True,879.7425376923229,solver,True,192,192,Time limit reached,0.14589487930451706,751.3926063366516,True,4,,
medium_rho1.10_s2|D1_m0_2p,medium,1.1,2,D1_m0_2p,MATCHED-RANDOM-3,0,3581.589748783136,3215.8123733915445,True,3215.812373391545,solver,True,24,192,Time limit reached,0.03178322580156244,3113.6034825925826,True,3,,
large_rho1.10_s4|D1_m0_2p,large,1.1,4,D1_m0_2p,EMPTY,1,7133.926320184301,6409.288669359831,True,6409.288669359825,solver,True,0,384,Time limit reached,0.1474026927967554,5464.542260584459,True,0,,
medium_rho1.10_s4|D1_m0_2p,medium,1.1,4,D1_m0_2p,SHORTAGE-24,1,3676.031279439639,3117.1158781618547,True,3117.115878161856,solver,True,24,192,Time limit reached,0.05917715507540981,2932.6538284518488,True,3,,
medium_rho1.10_s4|D2_all_1p,medium,1.1,4,D2_all_1p,SHORTAGE-24,0,5499.654637968052,4030.321844447691,True,4030.3218444476915,solver,True,24,180,Time limit reached,0.05322833652071779,3815.7945170246294,True,1,,
large_rho1.10_s5|D2_all_1p,large,1.1,5,D2_all_1p,MATCHED-RANDOM-3,1,9800.940838187558,7318.731386642846,True,7318.73138664284,solver,True,24,360,Time limit reached,0.2146886021490927,5747.483175739802,True,2,,
medium_rho0.75_s5|D2_all_1p,medium,0.75,5,D2_all_1p,MATCHED-RANDOM-1,0,2189.205264696558,1849.433381132623,True,1849.4333811326228,solver,True,24,180,Time limit reached,0.035128587730755285,1784.4653983513183,True,4,,
large_rho1.10_s4|D2_all_1p,large,1.1,4,D2_all_1p,DEPENDENCY-24,0,9310.927467261346,9310.927467261337,True,9310.927467261346,solver,False,24,360,Time limit reached,0.35779994592502834,5979.47812296337,True,0,,
medium_rho0.75_s4|D1_m0_2p,medium,0.75,4,D1_m0_2p,WINDOW-24,1,1729.374502205308,1356.1967179998621,True,1356.1967179998626,solver,True,24,192,Time limit reached,0.024343463701816916,1323.1821924227095,True,1,,
medium_rho1.10_s2|D1_m0_2p,medium,1.1,2,D1_m0_2p,SHORTAGE-24,1,3581.589748783136,2904.4582418322434,True,2904.4582418322434,solver,True,24,192,Time limit reached,0.016123127366824547,2857.629291667559,True,4,,
medium_rho0.75_s5|D1_m0_2p,medium,0.75,5,D1_m0_2p,MATCHED-RANDOM-1,1,1506.1365683060053,926.9658207014179,True,926.9658207014182,solver,True,24,192,Time limit reached,0.04201665154124714,888.0178208223602,True,4,,
large_rho0.75_s3|D2_all_1p,large,0.75,3,D2_all_1p,MATCHED-RANDOM-1,0,5916.914907391902,5916.91490739191,True,5916.914907391902,solver,False,24,360,Time limit reached,0.4572210420963369,3211.57690743883,True,0,,
medium_rho1.10_s4|D2_all_1p,medium,1.1,4,D2_all_1p,MATCHED-RANDOM-3,1,5499.654637968052,4285.740418722574,True,4285.740418722574,solver,True,24,180,Time limit reached,0.045773634113162584,4089.5665048919745,True,4,,
medium_rho1.10_s4|D1_m0_2p,medium,1.1,4,D1_m0_2p,EMPTY,0,3676.031279439639,3649.1725032007757,True,3649.172503200776,solver,True,0,192,Time limit reached,0.024543398867476,3559.609406918493,True,0,,
large_rho0.75_s3|D1_m0_2p,large,0.75,3,D1_m0_2p,SHORTAGE-24,1,4750.874555789891,4750.874555789891,True,4750.874555789891,solver,False,24,384,Time limit reached,0.5002278316397717,2374.3548783545502,True,0,,
large_rho1.10_s5|D1_m0_2p,large,1.1,5,D1_m0_2p,DEPENDENCY-24,0,7523.736788628925,7523.73678862893,True,7523.736788628925,solver,False,24,384,Time limit reached,0.31534073139566404,5151.196126874219,True,0,,
medium_rho0.75_s3|D2_all_1p,medium,0.75,3,D2_all_1p,MATCHED-RANDOM-1,1,2246.2363350218843,1846.596620816073,True,1846.596620816073,solver,True,24,180,Time limit reached,0.028711203711774783,1793.5786090623478,True,4,,
medium_rho1.10_s2|D1_m0_2p,medium,1.1,2,D1_m0_2p,WINDOW-24,0,3581.589748783136,3341.469565916536,True,3341.4695659165354,solver,True,24,192,Time limit reached,0.03525422006343178,3223.668662504454,True,3,,
large_rho1.10_s3|D1_m0_2p,large,1.1,3,D1_m0_2p,SHORTAGE-24,1,7766.476906514546,7766.4769065145465,True,7766.476906514546,solver,False,24,384,Time limit reached,0.36247412630509257,4951.329975357008,True,0,,
large_rho1.10_s4|D1_m0_2p,large,1.1,4,D1_m0_2p,WINDOW-24,1,7133.926320184301,6072.338418940804,True,6072.338418940799,solver,True,24,384,Time limit reached,0.11483704193326276,5375.009037291937,True,2,,
large_rho1.10_s5|D1_m0_2p,large,1.1,5,D1_m0_2p,WINDOW-24,0,7523.736788628925,5974.149777210035,True,5974.14977721003,solver,True,24,384,Time limit reached,0.13544332602281164,5164.991061226268,True,3,,
large_rho1.10_s3|D1_m0_2p,large,1.1,3,D1_m0_2p,MATCHED-RANDOM-1,0,7766.476906514546,6392.2262198996705,True,6392.226219899671,solver,True,24,384,Time limit reached,0.224478656368341,4957.307866854113,True,4,,
large_rho0.75_s3|D2_all_1p,large,0.75,3,D2_all_1p,DEPENDENCY-24,0,5916.914907391902,5916.91490739191,True,5916.914907391902,solver,False,24,360,Time limit reached,0.4559789247092164,3218.926410323414,True,0,,
large_rho0.75_s3|D1_m0_2p,large,0.75,3,D1_m0_2p,DEPENDENCY-24,0,4750.874555789891,4750.874555789891,True,4750.874555789891,solver,False,24,384,Time limit reached,0.47922621893134226,2474.1309058015813,True,0,,
large_rho0.75_s4|D1_m0_2p,large,0.75,4,D1_m0_2p,MATCHED-RANDOM-2,1,2476.384412098589,2476.3844120985887,True,2476.384412098589,solver,False,24,384,Time limit reached,0.1849718451113251,2018.3230181877886,True,0,,
medium_rho0.75_s5|D1_m0_2p,medium,0.75,5,D1_m0_2p,MATCHED-RANDOM-1,0,1506.1365683060053,922.0160887427298,True,922.0160887427302,solver,True,24,192,Time limit reached,0.03876692921011798,886.2723562998506,True,4,,
medium_rho1.10_s2|D1_m0_2p,medium,1.1,2,D1_m0_2p,MATCHED-RANDOM-2,1,3581.589748783136,3157.967311828401,True,3157.967311828401,solver,True,24,192,Time limit reached,0.020113948467003748,3094.448120057802,True,3,,
medium_rho0.75_s3|D1_m0_2p,medium,0.75,3,D1_m0_2p,DEPENDENCY-24,1,969.1411112604565,864.9091264234279,True,864.9091264234281,solver,True,24,192,Time limit reached,0.02758752397278238,841.0484251639433,True,3,,
medium_rho1.10_s5|D1_m0_2p,medium,1.1,5,D1_m0_2p,DEPENDENCY-24,0,3240.235102327558,2838.4013855403996,True,2838.401385540397,solver,True,24,192,Time limit reached,0.07441866403277396,2627.1713464397085,True,3,,
large_rho0.75_s4|D2_all_1p,large,0.75,4,D2_all_1p,MATCHED-RANDOM-2,0,3747.1326617647946,3747.132661764796,True,3747.1326617647946,solver,False,24,360,Time limit reached,0.15807465460810732,3154.805960485568,True,0,,
medium_rho0.75_s5|D1_m0_2p,medium,0.75,5,D1_m0_2p,MATCHED-RANDOM-2,1,1506.1365683060053,1127.200696146219,True,1127.2006961462191,solver,True,24,192,Time limit reached,0.04215667030903265,1079.6816680266706,True,3,,
medium_rho1.10_s3|D2_all_1p,medium,1.1,3,D2_all_1p,MATCHED-RANDOM-2,0,6131.767040959311,4471.057518313338,True,4471.057518313337,solver,True,24,180,Time limit reached,0.0503539833262342,4245.921962585554,True,3,,
medium_rho0.75_s5|D1_m0_2p,medium,0.75,5,D1_m0_2p,DEPENDENCY-24,0,1506.1365683060053,882.6197341122345,True,882.6197341122349,solver,True,24,192,Time limit reached,0.06986701685091354,820.9537262760662,True,4,,
large_rho1.10_s2|D1_m0_2p,large,1.1,2,D1_m0_2p,MATCHED-RANDOM-1,1,8667.28954278623,8667.28954278623,True,8667.28954278623,solver,False,24,384,Time limit reached,0.3426362009041116,5697.562381710021,True,0,,
large_rho1.10_s5|D2_all_1p,large,1.1,5,D2_all_1p,SHORTAGE-24,1,9800.940838187558,9800.940838187562,True,9800.940838187558,solver,False,24,360,Time limit reached,0.40682786355117895,5813.645016196215,True,0,,
medium_rho1.10_s3|D2_all_1p,medium,1.1,3,D2_all_1p,FULL,0,6131.767040959311,4135.792822613376,True,4135.792822613375,solver,True,180,180,Time limit reached,0.07495354238844221,3825.8004999738096,True,4,,
large_rho1.10_s5|D2_all_1p,large,1.1,5,D2_all_1p,WINDOW-24,0,9800.940838187558,7417.9782231893,True,7417.978223189293,solver,True,24,360,Time limit reached,0.20354768780512675,5908.065907670336,True,4,,
large_rho0.75_s5|D2_all_1p,large,0.75,5,D2_all_1p,DEPENDENCY-24,1,4543.3314226602215,4543.331422660219,True,4543.3314226602215,solver,False,24,360,Time limit reached,0.3859570545150167,2789.8006090847603,True,0,,
large_rho0.75_s5|D1_m0_2p,large,0.75,5,D1_m0_2p,WINDOW-24,0,3205.0548749417494,3205.054874941747,True,3205.0548749417494,solver,False,24,384,Time limit reached,0.3831371585612134,1977.079257123801,True,0,,
medium_rho1.10_s2|D1_m0_2p,medium,1.1,2,D1_m0_2p,DEPENDENCY-24,0,3581.589748783136,2981.867398356651,True,2981.867398356651,solver,True,24,192,Time limit reached,0.026158515070842676,2903.8661750774836,True,3,,
medium_rho0.75_s2|D1_m0_2p,medium,0.75,2,D1_m0_2p,WINDOW-24,0,1297.0966584137593,1092.4069863048644,True,1092.4069863048644,solver,True,24,192,Time limit reached,0.028212676350990732,1061.587261556684,True,0,,
large_rho0.75_s2|D1_m0_2p,large,0.75,2,D1_m0_2p,MATCHED-RANDOM-1,1,3455.735847193032,3455.7358471930324,True,3455.735847193032,solver,False,24,384,Time limit reached,0.41355722773242404,2026.5913104523222,True,0,,
medium_rho1.10_s4|D2_all_1p,medium,1.1,4,D2_all_1p,EMPTY,1,5499.654637968052,4354.882334371955,True,4354.882334371953,solver,True,0,180,Time limit reached,0.027928865541583532,4233.255411205862,True,0,,
medium_rho0.75_s2|D2_all_1p,medium,0.75,2,D2_all_1p,FULL,0,2086.27235415594,1687.4108184023762,True,1687.410818402376,solver,True,180,180,Time limit reached,0.058601268919175054,1588.5264032560533,True,3,,
medium_rho0.75_s3|D1_m0_2p,medium,0.75,3,D1_m0_2p,EMPTY,1,969.1411112604565,954.0467965103165,True,954.0467965103167,solver,True,0,192,Time limit reached,0.0219611281587402,933.094852542718,True,0,,
large_rho1.10_s5|D1_m0_2p,large,1.1,5,D1_m0_2p,MATCHED-RANDOM-2,0,7523.736788628925,6660.0203377223925,True,6660.020337722388,solver,True,24,384,Time limit reached,0.11832076641206025,5872.001627043171,True,3,,
medium_rho1.10_s3|D1_m0_2p,medium,1.1,3,D1_m0_2p,EMPTY,1,4000.219680175823,4000.2196801758228,True,4000.2196801758228,solver,False,0,192,Time limit reached,0.04032582322999449,3838.9075284719074,True,0,,
large_rho0.75_s5|D1_m0_2p,large,0.75,5,D1_m0_2p,EMPTY,1,3205.0548749417494,3205.054874941747,True,3205.0548749417494,solver,False,0,384,Time limit reached,0.3775855577399495,1994.8724423997235,True,0,,
medium_rho1.10_s5|D2_all_1p,medium,1.1,5,D2_all_1p,FULL,1,5101.5451394717775,3882.206317049674,True,3882.206317049672,solver,True,180,180,Time limit reached,0.07436380063388959,3593.5107004689653,True,4,,
large_rho1.10_s2|D2_all_1p,large,1.1,2,D2_all_1p,MATCHED-RANDOM-2,1,10236.190291203357,7582.0753513662785,True,7582.0753513662785,solver,True,24,360,Time limit reached,0.10894233553210485,6756.066354408032,True,4,,
medium_rho0.75_s4|D1_m0_2p,medium,0.75,4,D1_m0_2p,MATCHED-RANDOM-2,0,1729.374502205308,1378.197761811693,True,1378.197761811693,solver,True,24,192,Time limit reached,0.02725631679409229,1340.6331670108445,True,4,,
large_rho0.75_s2|D2_all_1p,large,0.75,2,D2_all_1p,FULL,1,4941.850029997092,4941.850029997096,True,4941.850029997092,solver,False,360,360,Time limit reached,0.4478816140819592,2728.4862620110175,True,0,,
medium_rho1.10_s2|D1_m0_2p,medium,1.1,2,D1_m0_2p,EMPTY,0,3581.589748783136,3341.585166465361,True,3341.585166465361,solver,True,0,192,Time limit reached,0.011698271037151708,3302.4943974943235,True,0,,
medium_rho0.75_s4|D1_m0_2p,medium,0.75,4,D1_m0_2p,EMPTY,1,1729.374502205308,1467.8865377190373,True,1467.8865377190373,solver,True,0,192,Time limit reached,0.020332902931487908,1438.0401432331582,True,0,,
large_rho1.10_s5|D1_m0_2p,large,1.1,5,D1_m0_2p,SHORTAGE-24,0,7523.736788628925,6129.418732972184,True,6129.418732972179,solver,True,24,384,Time limit reached,0.15834702447153043,5158.843514865981,True,4,,
large_rho0.75_s3|D1_m0_2p,large,0.75,3,D1_m0_2p,MATCHED-RANDOM-1,1,4750.874555789891,4750.874555789891,True,4750.874555789891,solver,False,24,384,Time limit reached,0.5045545143221333,2353.799351687942,True,0,,
large_rho1.10_s5|D1_m0_2p,large,1.1,5,D1_m0_2p,WINDOW-24,1,7523.736788628925,6199.590880501701,True,6199.590880501696,solver,True,24,384,Time limit reached,0.1640135642160663,5182.773883509196,True,3,,
medium_rho0.75_s3|D2_all_1p,medium,0.75,3,D2_all_1p,EMPTY,1,2246.2363350218843,2002.9789441504088,True,2002.9789441504088,solver,True,0,180,Time limit reached,0.011022175152249816,1980.9017594017146,True,0,,
large_rho0.75_s2|D2_all_1p,large,0.75,2,D2_all_1p,DEPENDENCY-24,0,4941.850029997092,4941.850029997096,True,4941.850029997092,solver,False,24,360,Time limit reached,0.3721423452146566,3102.778370134855,True,0,,
medium_rho1.10_s4|D2_all_1p,medium,1.1,4,D2_all_1p,DEPENDENCY-24,1,5499.654637968052,4207.428495286481,True,4207.428495286482,solver,True,24,180,Time limit reached,0.04475682655260477,4019.117347890457,True,2,,
medium_rho0.75_s2|D1_m0_2p,medium,0.75,2,D1_m0_2p,MATCHED-RANDOM-2,1,1297.0966584137593,928.9373268795895,True,928.9373268795895,solver,True,24,192,Time limit reached,0.03533971476817374,896.1089467101551,True,4,,
medium_rho1.10_s4|D1_m0_2p,medium,1.1,4,D1_m0_2p,MATCHED-RANDOM-3,0,3676.031279439639,3247.3541014454236,True,3247.354101445425,solver,True,24,192,Time limit reached,0.05284103132184366,3075.7605616578285,True,3,,
large_rho0.75_s4|D2_all_1p,large,0.75,4,D2_all_1p,FULL,1,3747.1326617647946,3747.132661764796,True,3747.1326617647946,solver,False,360,360,Time limit reached,0.30460319303321,2605.7440882722076,True,0,,
large_rho0.75_s2|D2_all_1p,large,0.75,2,D2_all_1p,WINDOW-24,0,4941.850029997092,4941.850029997096,True,4941.850029997092,solver,False,24,360,Time limit reached,0.3947864341239505,2990.8746786792044,True,0,,
large_rho0.75_s2|D2_all_1p,large,0.75,2,D2_all_1p,FULL,0,4941.850029997092,4941.850029997096,True,4941.850029997092,solver,False,360,360,Time limit reached,0.4542017165719923,2697.2532633310625,True,0,,
large_rho0.75_s5|D1_m0_2p,large,0.75,5,D1_m0_2p,MATCHED-RANDOM-3,0,3205.0548749417494,3205.054874941747,True,3205.0548749417494,solver,False,24,384,Time limit reached,0.4143314043643208,1877.0999875424204,True,0,,
medium_rho1.10_s5|D2_all_1p,medium,1.1,5,D2_all_1p,EMPTY,1,5101.5451394717775,4765.738855413716,True,4765.738855413716,solver,True,0,180,Time limit reached,0.024904377328184815,4647.051096710901,True,0,,
large_rho0.75_s4|D1_m0_2p,large,0.75,4,D1_m0_2p,EMPTY,0,2476.384412098589,2476.3844120985887,True,2476.384412098589,solver,False,0,384,Time limit reached,0.11901430996136798,2181.659230093587,True,0,,
large_rho0.75_s4|D1_m0_2p,large,0.75,4,D1_m0_2p,EMPTY,1,2476.384412098589,2476.3844120985887,True,2476.384412098589,solver,False,0,384,Time limit reached,0.12016082222132349,2178.8200250047535,True,0,,
medium_rho0.75_s3|D1_m0_2p,medium,0.75,3,D1_m0_2p,MATCHED-RANDOM-2,0,969.1411112604565,920.1578335239939,True,920.157833523994,solver,True,24,192,Time limit reached,0.020521772464643616,901.274563832855,True,4,,
large_rho0.75_s4|D1_m0_2p,large,0.75,4,D1_m0_2p,WINDOW-24,0,2476.384412098589,2476.3844120985887,True,2476.384412098589,solver,False,24,384,Time limit reached,0.13390771555221917,2144.7774326453414,True,0,,
large_rho1.10_s5|D2_all_1p,large,1.1,5,D2_all_1p,MATCHED-RANDOM-2,0,9800.940838187558,9800.940838187562,True,9800.940838187558,solver,False,24,360,Time limit reached,0.41356618130285466,5747.603162563132,True,0,,
large_rho0.75_s4|D2_all_1p,large,0.75,4,D2_all_1p,MATCHED-RANDOM-2,1,3747.1326617647946,3747.132661764796,True,3747.1326617647946,solver,False,24,360,Time limit reached,0.1537174563986727,3171.1329602099236,True,0,,
large_rho0.75_s2|D1_m0_2p,large,0.75,2,D1_m0_2p,MATCHED-RANDOM-3,0,3455.735847193032,3455.7358471930324,True,3455.735847193032,solver,False,24,384,Time limit reached,0.4202811039797256,2003.355370272432,True,0,,
large_rho1.10_s3|D1_m0_2p,large,1.1,3,D1_m0_2p,EMPTY,0,7766.476906514546,7766.4769065145465,True,7766.476906514546,solver,False,0,384,Time limit reached,0.2768665173444313,5616.199493371912,True,0,,
medium_rho0.75_s3|D2_all_1p,medium,0.75,3,D2_all_1p,WINDOW-24,0,2246.2363350218843,1847.7284554496514,True,1847.728455449651,solver,True,24,180,Time limit reached,0.014825068643297261,1820.3357542634367,True,4,,
large_rho1.10_s2|D1_m0_2p,large,1.1,2,D1_m0_2p,SHORTAGE-24,0,8667.28954278623,8667.28954278623,True,8667.28954278623,solver,False,24,384,Time limit reached,0.3495152315220604,5637.939831570568,True,0,,
large_rho0.75_s4|D1_m0_2p,large,0.75,4,D1_m0_2p,FULL,1,2476.384412098589,2476.3844120985887,True,2476.384412098589,solver,False,384,384,Time limit reached,0.3490190252550625,1612.0791384311083,True,0,,
large_rho0.75_s2|D2_all_1p,large,0.75,2,D2_all_1p,EMPTY,1,4941.850029997092,4941.850029997096,True,4941.850029997092,solver,False,0,360,Time limit reached,0.2465879596399479,3723.249314253496,True,0,,
medium_rho1.10_s5|D2_all_1p,medium,1.1,5,D2_all_1p,WINDOW-24,1,5101.5451394717775,4056.3502628000797,True,4056.350262800078,solver,True,24,180,Time limit reached,0.05840934657066239,3819.4214944881924,True,4,,
medium_rho0.75_s5|D1_m0_2p,medium,0.75,5,D1_m0_2p,FULL,1,1506.1365683060053,868.1579683002883,True,868.1579683002885,solver,True,192,192,Time limit reached,0.15921207424722664,729.9367373929414,True,4,,
medium_rho0.75_s5|D1_m0_2p,medium,0.75,5,D1_m0_2p,SHORTAGE-24,0,1506.1365683060053,1157.23761006429,True,1157.2376100642903,solver,True,24,192,Time limit reached,0.08066639137555326,1063.8874280963341,True,2,,
large_rho0.75_s2|D2_all_1p,large,0.75,2,D2_all_1p,EMPTY,0,4941.850029997092,4941.850029997096,True,4941.850029997092,solver,False,0,360,Time limit reached,0.2477887959638027,3717.3149612304323,True,0,,
medium_rho0.75_s3|D2_all_1p,medium,0.75,3,D2_all_1p,DEPENDENCY-24,1,2246.2363350218843,1927.870812773677,True,1927.870812773677,solver,True,24,180,Time limit reached,0.06323902042978916,1805.9541510586882,True,4,,
medium_rho1.10_s4|D1_m0_2p,medium,1.1,4,D1_m0_2p,WINDOW-24,0,3676.031279439639,3358.92620452201,True,3358.9262045220107,solver,True,24,192,Time limit reached,0.029107720316178316,3261.155519998101,True,2,,
large_rho0.75_s2|D2_all_1p,large,0.75,2,D2_all_1p,MATCHED-RANDOM-2,0,4941.850029997092,4941.850029997096,True,4941.850029997092,solver,False,24,360,Time limit reached,0.27876039883598897,3564.2579446474606,True,0,,
large_rho0.75_s3|D2_all_1p,large,0.75,3,D2_all_1p,MATCHED-RANDOM-2,0,5916.914907391902,5916.91490739191,True,5916.914907391902,solver,False,24,360,Time limit reached,0.4556127107605161,3221.0932670957736,True,0,,
large_rho1.10_s4|D2_all_1p,large,1.1,4,D2_all_1p,DEPENDENCY-24,1,9310.927467261346,9287.73779831908,True,9287.737798319089,solver,True,24,360,Time limit reached,0.3579051501281052,5963.6086072612125,True,0,,
large_rho0.75_s3|D2_all_1p,large,0.75,3,D2_all_1p,DEPENDENCY-24,1,5916.914907391902,5916.91490739191,True,5916.914907391902,solver,False,24,360,Time limit reached,0.4552869313580717,3223.0208760986184,True,0,,
large_rho1.10_s4|D2_all_1p,large,1.1,4,D2_all_1p,MATCHED-RANDOM-1,0,9310.927467261346,8119.204172500592,True,8119.204172500586,solver,True,24,360,Time limit reached,0.27439400756049936,5891.343201406227,True,3,,
medium_rho1.10_s2|D1_m0_2p,medium,1.1,2,D1_m0_2p,MATCHED-RANDOM-1,1,3581.589748783136,3131.8990345762104,True,3131.8990345762104,solver,True,24,192,Time limit reached,0.054813319411388166,2960.2292524297663,True,3,,
medium_rho0.75_s3|D2_all_1p,medium,0.75,3,D2_all_1p,MATCHED-RANDOM-2,1,2246.2363350218843,1874.2661240139437,True,1874.2661240139432,solver,True,24,180,Time limit reached,0.029601935476172573,1818.7842191457069,True,3,,
large_rho0.75_s5|D1_m0_2p,large,0.75,5,D1_m0_2p,DEPENDENCY-24,0,3205.0548749417494,3205.054874941747,True,3205.0548749417494,solver,False,24,384,Time limit reached,0.43181213661030243,1821.073281439886,True,0,,
large_rho1.10_s2|D2_all_1p,large,1.1,2,D2_all_1p,FULL,0,10236.190291203357,10236.190291203357,True,10236.190291203357,solver,False,360,360,Time limit reached,0.42930743624354756,5841.71768038575,True,0,,
large_rho0.75_s3|D1_m0_2p,large,0.75,3,D1_m0_2p,EMPTY,1,4750.874555789891,4750.874555789891,True,4750.874555789891,solver,False,0,384,Time limit reached,0.44234022565414016,2649.3716327272778,True,0,,
medium_rho1.10_s4|D1_m0_2p,medium,1.1,4,D1_m0_2p,MATCHED-RANDOM-2,1,3676.031279439639,3209.0202227300047,True,3209.020222730006,solver,True,24,192,Time limit reached,0.04005672316479693,3080.477388037874,True,3,,
medium_rho0.75_s2|D1_m0_2p,medium,0.75,2,D1_m0_2p,MATCHED-RANDOM-1,0,1297.0966584137593,933.1000022970028,True,933.1000022970029,solver,True,24,192,Time limit reached,0.027275679431669166,907.64906575666,True,4,,
large_rho0.75_s4|D1_m0_2p,large,0.75,4,D1_m0_2p,DEPENDENCY-24,0,2476.384412098589,2476.3844120985887,True,2476.384412098589,solver,False,24,384,Time limit reached,0.24703241628688008,1864.6371871227093,True,0,,
medium_rho0.75_s2|D1_m0_2p,medium,0.75,2,D1_m0_2p,EMPTY,0,1297.0966584137593,1080.039768840955,True,1080.0397688409548,solver,True,0,192,Time limit reached,0.016745375731127582,1061.954097107153,True,0,,
medium_rho1.10_s4|D1_m0_2p,medium,1.1,4,D1_m0_2p,FULL,0,3676.031279439639,2957.5360268976083,True,2957.536026897609,solver,True,192,192,Time limit reached,0.09340080433965134,2681.299783121875,True,4,,
large_rho0.75_s2|D1_m0_2p,large,0.75,2,D1_m0_2p,WINDOW-24,0,3455.735847193032,3455.7358471930324,True,3455.735847193032,solver,False,24,384,Time limit reached,0.3812181582709969,2138.3465920550416,True,0,,
medium_rho0.75_s4|D1_m0_2p,medium,0.75,4,D1_m0_2p,WINDOW-24,0,1729.374502205308,1353.4284486861145,True,1353.4284486861147,solver,True,24,192,Time limit reached,0.022702164985318865,1322.7026927482182,True,1,,
large_rho0.75_s5|D1_m0_2p,large,0.75,5,D1_m0_2p,SHORTAGE-24,0,3205.0548749417494,3205.054874941747,True,3205.0548749417494,solver,False,24,384,Time limit reached,0.4091487973042051,1893.710527565352,True,0,,
medium_rho0.75_s3|D2_all_1p,medium,0.75,3,D2_all_1p,MATCHED-RANDOM-1,0,2246.2363350218843,1826.0897759283923,True,1826.089775928392,solver,True,24,180,Time limit reached,0.017281555008191493,1794.5321050157897,True,4,,
medium_rho0.75_s4|D1_m0_2p,medium,0.75,4,D1_m0_2p,FULL,1,1729.374502205308,881.3075203877096,True,881.3075203877094,solver,True,192,192,Time limit reached,0.07577144049604824,814.5295800479324,True,4,,
medium_rho1.10_s4|D1_m0_2p,medium,1.1,4,D1_m0_2p,WINDOW-24,1,3676.031279439639,3353.3706870725914,True,3353.3706870725923,solver,True,24,192,Time limit reached,0.027427039246510687,3261.397657630153,True,2,,
medium_rho1.10_s2|D1_m0_2p,medium,1.1,2,D1_m0_2p,SHORTAGE-24,0,3581.589748783136,2917.1803514469752,True,2917.1803514469757,solver,True,24,192,Time limit reached,0.020252811540460484,2858.0992475595854,True,4,,
medium_rho0.75_s2|D2_all_1p,medium,0.75,2,D2_all_1p,EMPTY,1,2086.27235415594,1993.6774840701592,True,1993.677484070159,solver,True,0,180,Time limit reached,0.01096585817203348,1971.8150995390693,True,0,,
medium_rho1.10_s3|D1_m0_2p,medium,1.1,3,D1_m0_2p,WINDOW-24,1,4000.219680175823,3658.6034214030174,True,3658.603421403017,solver,True,24,192,Time limit reached,0.07765749005139794,3374.485462603402,True,3,,
large_rho1.10_s3|D2_all_1p,large,1.1,3,D2_all_1p,EMPTY,1,9160.875587716027,7462.005080289444,True,7462.005080289444,solver,True,0,360,Time limit reached,0.14747586798240103,6361.539404184672,True,0,,
large_rho0.75_s4|D1_m0_2p,large,0.75,4,D1_m0_2p,SHORTAGE-24,0,2476.384412098589,2476.3844120985887,True,2476.384412098589,solver,False,24,384,Time limit reached,0.15082906427125603,2102.873668445834,True,0,,
large_rho0.75_s2|D1_m0_2p,large,0.75,2,D1_m0_2p,EMPTY,1,3455.735847193032,3455.7358471930324,True,3455.735847193032,solver,False,0,384,Time limit reached,0.32529380781417594,2331.6063746596637,True,0,,
large_rho1.10_s2|D1_m0_2p,large,1.1,2,D1_m0_2p,EMPTY,0,8667.28954278623,7516.409076860432,True,7516.409076860433,solver,True,0,384,Time limit reached,0.11944592666231482,6618.604629501804,True,0,,
large_rho1.10_s2|D2_all_1p,large,1.1,2,D2_all_1p,SHORTAGE-24,1,10236.190291203357,10236.190291203357,True,10236.190291203357,solver,False,24,360,Time limit reached,0.3016348411667735,7148.598658563363,True,0,,
large_rho1.10_s5|D1_m0_2p,large,1.1,5,D1_m0_2p,MATCHED-RANDOM-3,0,7523.736788628925,6879.99234225631,True,6879.992342256304,solver,True,24,384,Time limit reached,0.10860753888153565,6132.77330644004,True,4,,
medium_rho0.75_s4|D2_all_1p,medium,0.75,4,D2_all_1p,SHORTAGE-24,0,2482.84959755024,1774.9503579811876,True,1774.9503579811883,solver,True,24,180,Time limit reached,0.020785374341194828,1738.0573503535109,True,3,,
medium_rho1.10_s2|D2_all_1p,medium,1.1,2,D2_all_1p,EMPTY,0,5406.220150954388,4611.787379786909,True,4611.78737978691,solver,True,0,180,Time limit reached,0.008868173377766912,4570.889249721561,True,0,,
large_rho0.75_s4|D2_all_1p,large,0.75,4,D2_all_1p,MATCHED-RANDOM-3,0,3747.1326617647946,3747.132661764796,True,3747.1326617647946,solver,False,24,360,Time limit reached,0.17334100839426744,3097.600907587391,True,0,,
medium_rho1.10_s5|D2_all_1p,medium,1.1,5,D2_all_1p,MATCHED-RANDOM-1,0,5101.5451394717775,4142.401465334296,True,4142.401465334293,solver,True,24,180,Time limit reached,0.0362354360166665,3992.299742081829,True,4,,
large_rho1.10_s2|D2_all_1p,large,1.1,2,D2_all_1p,MATCHED-RANDOM-3,1,10236.190291203357,10236.190291203357,True,10236.190291203357,solver,False,24,360,Time limit reached,0.36384892717237566,6511.763435416728,True,0,,
large_rho0.75_s3|D2_all_1p,large,0.75,3,D2_all_1p,WINDOW-24,0,5916.914907391902,5916.914907391909,True,5916.914907391902,solver,False,24,360,Time limit reached,0.5021443398423897,2945.7695773160044,True,0,,
medium_rho0.75_s4|D2_all_1p,medium,0.75,4,D2_all_1p,MATCHED-RANDOM-2,0,2482.84959755024,2115.1055378564233,True,2115.1055378564233,solver,True,24,180,Time limit reached,0.015859084317277814,2081.561900791617,True,4,,
large_rho1.10_s3|D2_all_1p,large,1.1,3,D2_all_1p,DEPENDENCY-24,1,9160.875587716027,9160.875587716027,True,9160.875587716027,solver,False,24,360,Time limit reached,0.3257240689787516,6176.95791587705,True,0,,
medium_rho1.10_s5|D1_m0_2p,medium,1.1,5,D1_m0_2p,MATCHED-RANDOM-3,0,3240.235102327558,3217.3363270882114,True,3217.3363270882096,solver,True,24,192,Time limit reached,0.08211904586962138,2953.1317376660554,True,3,,
large_rho1.10_s4|D1_m0_2p,large,1.1,4,D1_m0_2p,MATCHED-RANDOM-3,1,7133.926320184301,7133.926320184307,True,7133.926320184301,solver,False,24,384,Time limit reached,0.25136661879467354,5340.6953823492495,True,0,,
large_rho1.10_s5|D2_all_1p,large,1.1,5,D2_all_1p,MATCHED-RANDOM-2,1,9800.940838187558,7508.0357778642065,True,7508.035777864201,solver,True,24,360,Time limit reached,0.23658181097374376,5731.771076681432,True,3,,
large_rho0.75_s3|D1_m0_2p,large,0.75,3,D1_m0_2p,WINDOW-24,1,4750.874555789891,4750.874555789891,True,4750.874555789891,solver,False,24,384,Time limit reached,0.47544594731241163,2492.0905020499335,True,0,,
large_rho0.75_s3|D1_m0_2p,large,0.75,3,D1_m0_2p,SHORTAGE-24,0,4750.874555789891,4750.874555789891,True,4750.874555789891,solver,False,24,384,Time limit reached,0.49689786545310505,2390.1751299824255,True,0,,
large_rho0.75_s3|D2_all_1p,large,0.75,3,D2_all_1p,MATCHED-RANDOM-2,1,5916.914907391902,5916.91490739191,True,5916.914907391902,solver,False,24,360,Time limit reached,0.45407665508289896,3230.1819778332506,True,0,,
medium_rho1.10_s5|D2_all_1p,medium,1.1,5,D2_all_1p,MATCHED-RANDOM-2,0,5101.5451394717775,4152.200187535652,True,4152.20018753565,solver,True,24,180,Time limit reached,0.030331928049967545,4026.2559501982587,True,2,,
large_rho1.10_s3|D1_m0_2p,large,1.1,3,D1_m0_2p,FULL,0,7766.476906514546,7766.476906514546,True,7766.476906514546,solver,False,384,384,Time limit reached,0.41881399304805045,4513.767701381718,True,0,,
large_rho1.10_s5|D2_all_1p,large,1.1,5,D2_all_1p,DEPENDENCY-24,1,9800.940838187558,7139.5961776916865,True,7139.596177691681,solver,True,24,360,Time limit reached,0.18084598107873265,5848.428902431064,True,3,,
large_rho1.10_s5|D2_all_1p,large,1.1,5,D2_all_1p,SHORTAGE-24,0,9800.940838187558,6946.883770691381,True,6946.883770691377,solver,True,24,360,Time limit reached,0.16850869038199978,5776.273484256209,True,1,,
