state,instance,scale,rho,inst_seed,disruption,config,seed,repair_cost,selected_cost,selected_source,raw_objective,raw_valid,n_released,start_adopted,start_reported_objective,improved_over_repair,gain_vs_repair_frac,raw_flips_vs_repair,selected_flips,mip_gap,highs_status,total_s,overrun_s,overlap_fraction
large_rho0.75_s2|D1_m0_2p,large_rho0.75_s2,large,0.75,2,D1_m0_2p,DEPENDENCY-24,0,3455.735847,3455.735847,solver,3455.735847,True,24,True,3455.735847,False,0.000000,0,0,0.426850,Time limit reached,20.0610,0.0610,
large_rho0.75_s2|D1_m0_2p,large_rho0.75_s2,large,0.75,2,D1_m0_2p,DEPENDENCY-24,1,3455.735847,3455.735847,solver,3455.735847,True,24,True,3455.735847,False,0.000000,0,0,0.422474,Time limit reached,20.0393,0.0393,
large_rho0.75_s2|D1_m0_2p,large_rho0.75_s2,large,0.75,2,D1_m0_2p,EMPTY,0,3455.735847,3455.735847,solver,3455.735847,True,0,True,3455.735847,False,0.000000,0,0,0.326187,Time limit reached,20.0530,0.0530,
large_rho0.75_s2|D1_m0_2p,large_rho0.75_s2,large,0.75,2,D1_m0_2p,EMPTY,1,3455.735847,3455.735847,solver,3455.735847,True,0,True,3455.735847,False,0.000000,0,0,0.325294,Time limit reached,20.1099,0.1099,
large_rho0.75_s2|D1_m0_2p,large_rho0.75_s2,large,0.75,2,D1_m0_2p,FULL,0,3455.735847,3455.735847,solver,3455.735847,True,384,True,3455.735847,False,0.000000,0,0,0.523014,Time limit reached,20.1415,0.1415,
large_rho0.75_s2|D1_m0_2p,large_rho0.75_s2,large,0.75,2,D1_m0_2p,FULL,1,3455.735847,3455.735847,solver,3455.735847,True,384,True,3455.735847,False,0.000000,0,0,0.534092,Time limit reached,20.1139,0.1139,
large_rho0.75_s2|D1_m0_2p,large_rho0.75_s2,large,0.75,2,D1_m0_2p,MATCHED-RANDOM-1,0,3455.735847,3455.735847,solver,3455.735847,True,24,True,3455.735847,False,0.000000,0,0,0.413927,Time limit reached,20.0420,0.0420,0.4583
large_rho0.75_s2|D1_m0_2p,large_rho0.75_s2,large,0.75,2,D1_m0_2p,MATCHED-RANDOM-1,1,3455.735847,3455.735847,solver,3455.735847,True,24,True,3455.735847,False,0.000000,0,0,0.413557,Time limit reached,20.0439,0.0439,0.4583
large_rho0.75_s2|D1_m0_2p,large_rho0.75_s2,large,0.75,2,D1_m0_2p,MATCHED-RANDOM-2,0,3455.735847,3455.735847,solver,3455.735847,True,24,True,3455.735847,False,0.000000,0,0,0.409349,Time limit reached,20.0373,0.0373,0.5417
large_rho0.75_s2|D1_m0_2p,large_rho0.75_s2,large,0.75,2,D1_m0_2p,MATCHED-RANDOM-2,1,3455.735847,3455.735847,solver,3455.735847,True,24,True,3455.735847,False,0.000000,0,0,0.408225,Time limit reached,20.1007,0.1007,0.5417
large_rho0.75_s2|D1_m0_2p,large_rho0.75_s2,large,0.75,2,D1_m0_2p,MATCHED-RANDOM-3,0,3455.735847,3455.735847,solver,3455.735847,True,24,True,3455.735847,False,0.000000,0,0,0.420281,Time limit reached,20.0710,0.0710,0.5000
large_rho0.75_s2|D1_m0_2p,large_rho0.75_s2,large,0.75,2,D1_m0_2p,MATCHED-RANDOM-3,1,3455.735847,3455.735847,solver,3455.735847,True,24,True,3455.735847,False,0.000000,0,0,0.423004,Time limit reached,20.0712,0.0712,0.5000
large_rho0.75_s2|D1_m0_2p,large_rho0.75_s2,large,0.75,2,D1_m0_2p,SHORTAGE-24,0,3455.735847,3455.735847,solver,3455.735847,True,24,True,3455.735847,False,0.000000,0,0,0.380279,Time limit reached,20.1816,0.1816,
large_rho0.75_s2|D1_m0_2p,large_rho0.75_s2,large,0.75,2,D1_m0_2p,SHORTAGE-24,1,3455.735847,3455.735847,solver,3455.735847,True,24,True,3455.735847,False,0.000000,0,0,0.383030,Time limit reached,20.0472,0.0472,
large_rho0.75_s2|D1_m0_2p,large_rho0.75_s2,large,0.75,2,D1_m0_2p,WINDOW-24,0,3455.735847,3455.735847,solver,3455.735847,True,24,True,3455.735847,False,0.000000,0,0,0.381218,Time limit reached,20.0909,0.0909,
large_rho0.75_s2|D1_m0_2p,large_rho0.75_s2,large,0.75,2,D1_m0_2p,WINDOW-24,1,3455.735847,3455.735847,solver,3455.735847,True,24,True,3455.735847,False,0.000000,0,0,0.388491,Time limit reached,20.0758,0.0758,
large_rho0.75_s2|D2_all_1p,large_rho0.75_s2,large,0.75,2,D2_all_1p,DEPENDENCY-24,0,4941.85003,4941.85003,solver,4941.85003,True,24,True,4941.85003,False,0.000000,0,0,0.372142,Time limit reached,20.0746,0.0746,
large_rho0.75_s2|D2_all_1p,large_rho0.75_s2,large,0.75,2,D2_all_1p,DEPENDENCY-24,1,4941.85003,4941.85003,solver,4941.85003,True,24,True,4941.85003,False,0.000000,0,0,0.372183,Time limit reached,20.1461,0.1461,
large_rho0.75_s2|D2_all_1p,large_rho0.75_s2,large,0.75,2,D2_all_1p,EMPTY,0,4941.85003,4941.85003,solver,4941.85003,True,0,True,4941.85003,False,0.000000,0,0,0.247789,Time limit reached,20.0679,0.0679,
large_rho0.75_s2|D2_all_1p,large_rho0.75_s2,large,0.75,2,D2_all_1p,EMPTY,1,4941.85003,4941.85003,solver,4941.85003,True,0,True,4941.85003,False,0.000000,0,0,0.246588,Time limit reached,20.0692,0.0692,
large_rho0.75_s2|D2_all_1p,large_rho0.75_s2,large,0.75,2,D2_all_1p,FULL,0,4941.85003,4941.85003,solver,4941.85003,True,360,True,4941.85003,False,0.000000,0,0,0.454202,Time limit reached,20.0553,0.0553,
large_rho0.75_s2|D2_all_1p,large_rho0.75_s2,large,0.75,2,D2_all_1p,FULL,1,4941.85003,4941.85003,solver,4941.85003,True,360,True,4941.85003,False,0.000000,0,0,0.447882,Time limit reached,20.0488,0.0488,
large_rho0.75_s2|D2_all_1p,large_rho0.75_s2,large,0.75,2,D2_all_1p,MATCHED-RANDOM-1,0,4941.85003,4941.85003,solver,4941.85003,True,24,True,4941.85003,False,0.000000,0,0,0.387653,Time limit reached,20.1338,0.1338,0.3750
large_rho0.75_s2|D2_all_1p,large_rho0.75_s2,large,0.75,2,D2_all_1p,MATCHED-RANDOM-1,1,4941.85003,4941.85003,solver,4941.85003,True,24,True,4941.85003,False,0.000000,0,0,0.385960,Time limit reached,20.0450,0.0450,0.3750
large_rho0.75_s2|D2_all_1p,large_rho0.75_s2,large,0.75,2,D2_all_1p,MATCHED-RANDOM-2,0,4941.85003,4941.85003,solver,4941.85003,True,24,True,4941.85003,False,0.000000,0,0,0.278760,Time limit reached,20.0382,0.0382,0.3333
large_rho0.75_s2|D2_all_1p,large_rho0.75_s2,large,0.75,2,D2_all_1p,MATCHED-RANDOM-2,1,4941.85003,4941.85003,solver,4941.85003,True,24,True,4941.85003,False,0.000000,0,0,0.279438,Time limit reached,20.0791,0.0791,0.3333
large_rho0.75_s2|D2_all_1p,large_rho0.75_s2,large,0.75,2,D2_all_1p,MATCHED-RANDOM-3,0,4941.85003,4941.85003,solver,4941.85003,True,24,True,4941.85003,False,0.000000,0,0,0.321766,Time limit reached,20.0413,0.0413,0.3333
large_rho0.75_s2|D2_all_1p,large_rho0.75_s2,large,0.75,2,D2_all_1p,MATCHED-RANDOM-3,1,4941.85003,4941.85003,solver,4941.85003,True,24,True,4941.85003,False,0.000000,0,0,0.321399,Time limit reached,20.0401,0.0401,0.3333
large_rho0.75_s2|D2_all_1p,large_rho0.75_s2,large,0.75,2,D2_all_1p,SHORTAGE-24,0,4941.85003,4941.85003,solver,4941.85003,True,24,True,4941.85003,False,0.000000,0,0,0.386882,Time limit reached,20.0930,0.0930,
large_rho0.75_s2|D2_all_1p,large_rho0.75_s2,large,0.75,2,D2_all_1p,SHORTAGE-24,1,4941.85003,4941.85003,solver,4941.85003,True,24,True,4941.85003,False,0.000000,0,0,0.382952,Time limit reached,20.0394,0.0394,
large_rho0.75_s2|D2_all_1p,large_rho0.75_s2,large,0.75,2,D2_all_1p,WINDOW-24,0,4941.85003,4941.85003,solver,4941.85003,True,24,True,4941.85003,False,0.000000,0,0,0.394786,Time limit reached,20.0417,0.0417,
large_rho0.75_s2|D2_all_1p,large_rho0.75_s2,large,0.75,2,D2_all_1p,WINDOW-24,1,4941.85003,4941.85003,solver,4941.85003,True,24,True,4941.85003,False,0.000000,0,0,0.394823,Time limit reached,20.0814,0.0814,
large_rho0.75_s3|D1_m0_2p,large_rho0.75_s3,large,0.75,3,D1_m0_2p,DEPENDENCY-24,0,4750.874556,4750.874556,solver,4750.874556,True,24,True,4750.874556,False,0.000000,0,0,0.479226,Time limit reached,20.0413,0.0413,
large_rho0.75_s3|D1_m0_2p,large_rho0.75_s3,large,0.75,3,D1_m0_2p,DEPENDENCY-24,1,4750.874556,4750.874556,solver,4750.874556,True,24,True,4750.874556,False,0.000000,0,0,0.479755,Time limit reached,20.0432,0.0432,
large_rho0.75_s3|D1_m0_2p,large_rho0.75_s3,large,0.75,3,D1_m0_2p,EMPTY,0,4750.874556,4750.874556,solver,4750.874556,True,0,True,4750.874556,False,0.000000,0,0,0.442906,Time limit reached,20.0956,0.0956,
large_rho0.75_s3|D1_m0_2p,large_rho0.75_s3,large,0.75,3,D1_m0_2p,EMPTY,1,4750.874556,4750.874556,solver,4750.874556,True,0,True,4750.874556,False,0.000000,0,0,0.442340,Time limit reached,20.0682,0.0682,
large_rho0.75_s3|D1_m0_2p,large_rho0.75_s3,large,0.75,3,D1_m0_2p,FULL,0,4750.874556,4750.874556,solver,4750.874556,True,384,True,4750.874556,False,0.000000,0,0,0.639183,Time limit reached,20.0439,0.0439,
large_rho0.75_s3|D1_m0_2p,large_rho0.75_s3,large,0.75,3,D1_m0_2p,FULL,1,4750.874556,4750.874556,solver,4750.874556,True,384,True,4750.874556,False,0.000000,0,0,0.638287,Time limit reached,20.0395,0.0395,
large_rho0.75_s3|D1_m0_2p,large_rho0.75_s3,large,0.75,3,D1_m0_2p,MATCHED-RANDOM-1,0,4750.874556,4750.874556,solver,4750.874556,True,24,True,4750.874556,False,0.000000,0,0,0.507662,Time limit reached,20.0380,0.0380,0.5000
large_rho0.75_s3|D1_m0_2p,large_rho0.75_s3,large,0.75,3,D1_m0_2p,MATCHED-RANDOM-1,1,4750.874556,4750.874556,solver,4750.874556,True,24,True,4750.874556,False,0.000000,0,0,0.504555,Time limit reached,20.1329,0.1329,0.5000
large_rho0.75_s3|D1_m0_2p,large_rho0.75_s3,large,0.75,3,D1_m0_2p,MATCHED-RANDOM-2,0,4750.874556,4750.874556,solver,4750.874556,True,24,True,4750.874556,False,0.000000,0,0,0.464090,Time limit reached,20.0444,0.0444,0.5417
large_rho0.75_s3|D1_m0_2p,large_rho0.75_s3,large,0.75,3,D1_m0_2p,MATCHED-RANDOM-2,1,4750.874556,4750.874556,solver,4750.874556,True,24,True,4750.874556,False,0.000000,0,0,0.459977,Time limit reached,20.1751,0.1751,0.5417
large_rho0.75_s3|D1_m0_2p,large_rho0.75_s3,large,0.75,3,D1_m0_2p,MATCHED-RANDOM-3,0,4750.874556,4750.874556,solver,4750.874556,True,24,True,4750.874556,False,0.000000,0,0,0.472680,Time limit reached,20.0445,0.0445,0.5833
large_rho0.75_s3|D1_m0_2p,large_rho0.75_s3,large,0.75,3,D1_m0_2p,MATCHED-RANDOM-3,1,4750.874556,4750.874556,solver,4750.874556,True,24,True,4750.874556,False,0.000000,0,0,0.472077,Time limit reached,20.0973,0.0973,0.5833
large_rho0.75_s3|D1_m0_2p,large_rho0.75_s3,large,0.75,3,D1_m0_2p,SHORTAGE-24,0,4750.874556,4750.874556,solver,4750.874556,True,24,True,4750.874556,False,0.000000,0,0,0.496898,Time limit reached,20.0955,0.0955,
large_rho0.75_s3|D1_m0_2p,large_rho0.75_s3,large,0.75,3,D1_m0_2p,SHORTAGE-24,1,4750.874556,4750.874556,solver,4750.874556,True,24,True,4750.874556,False,0.000000,0,0,0.500228,Time limit reached,20.0417,0.0417,
large_rho0.75_s3|D1_m0_2p,large_rho0.75_s3,large,0.75,3,D1_m0_2p,WINDOW-24,0,4750.874556,4750.874556,solver,4750.874556,True,24,True,4750.874556,False,0.000000,0,0,0.474179,Time limit reached,20.0511,0.0511,
large_rho0.75_s3|D1_m0_2p,large_rho0.75_s3,large,0.75,3,D1_m0_2p,WINDOW-24,1,4750.874556,4750.874556,solver,4750.874556,True,24,True,4750.874556,False,0.000000,0,0,0.475446,Time limit reached,20.0689,0.0689,
large_rho0.75_s3|D2_all_1p,large_rho0.75_s3,large,0.75,3,D2_all_1p,DEPENDENCY-24,0,5916.914907,5916.914907,solver,5916.914907,True,24,True,5916.914907,False,0.000000,0,0,0.455979,Time limit reached,20.0425,0.0425,
large_rho0.75_s3|D2_all_1p,large_rho0.75_s3,large,0.75,3,D2_all_1p,DEPENDENCY-24,1,5916.914907,5916.914907,solver,5916.914907,True,24,True,5916.914907,False,0.000000,0,0,0.455287,Time limit reached,20.1305,0.1305,
large_rho0.75_s3|D2_all_1p,large_rho0.75_s3,large,0.75,3,D2_all_1p,EMPTY,0,5916.914907,5916.914907,solver,5916.914907,True,0,True,5916.914907,False,0.000000,0,0,0.435310,Time limit reached,20.0768,0.0768,
large_rho0.75_s3|D2_all_1p,large_rho0.75_s3,large,0.75,3,D2_all_1p,EMPTY,1,5916.914907,5916.914907,solver,5916.914907,True,0,True,5916.914907,False,0.000000,0,0,0.435569,Time limit reached,20.0419,0.0419,
large_rho0.75_s3|D2_all_1p,large_rho0.75_s3,large,0.75,3,D2_all_1p,FULL,0,5916.914907,5916.914907,solver,5916.914907,True,360,True,5916.914907,False,0.000000,0,0,0.550863,Time limit reached,20.1231,0.1231,
large_rho0.75_s3|D2_all_1p,large_rho0.75_s3,large,0.75,3,D2_all_1p,FULL,1,5916.914907,5916.914907,solver,5916.914907,True,360,True,5916.914907,False,0.000000,0,0,0.548037,Time limit reached,20.0426,0.0426,
large_rho0.75_s3|D2_all_1p,large_rho0.75_s3,large,0.75,3,D2_all_1p,MATCHED-RANDOM-1,0,5916.914907,5916.914907,solver,5916.914907,True,24,True,5916.914907,False,0.000000,0,0,0.457221,Time limit reached,20.0491,0.0491,0.6667
large_rho0.75_s3|D2_all_1p,large_rho0.75_s3,large,0.75,3,D2_all_1p,MATCHED-RANDOM-1,1,5916.914907,5916.914907,solver,5916.914907,True,24,True,5916.914907,False,0.000000,0,0,0.456958,Time limit reached,20.0425,0.0425,0.6667
large_rho0.75_s3|D2_all_1p,large_rho0.75_s3,large,0.75,3,D2_all_1p,MATCHED-RANDOM-2,0,5916.914907,5916.914907,solver,5916.914907,True,24,True,5916.914907,False,0.000000,0,0,0.455613,Time limit reached,20.0649,0.0649,0.6250
large_rho0.75_s3|D2_all_1p,large_rho0.75_s3,large,0.75,3,D2_all_1p,MATCHED-RANDOM-2,1,5916.914907,5916.914907,solver,5916.914907,True,24,True,5916.914907,False,0.000000,0,0,0.454077,Time limit reached,20.1619,0.1619,0.6250
large_rho0.75_s3|D2_all_1p,large_rho0.75_s3,large,0.75,3,D2_all_1p,MATCHED-RANDOM-3,0,5916.914907,5916.914907,solver,5916.914907,True,24,True,5916.914907,False,0.000000,0,0,0.453543,Time limit reached,20.0494,0.0494,0.6667
large_rho0.75_s3|D2_all_1p,large_rho0.75_s3,large,0.75,3,D2_all_1p,MATCHED-RANDOM-3,1,5916.914907,5916.914907,solver,5916.914907,True,24,True,5916.914907,False,0.000000,0,0,0.453857,Time limit reached,20.1367,0.1367,0.6667
large_rho0.75_s3|D2_all_1p,large_rho0.75_s3,large,0.75,3,D2_all_1p,SHORTAGE-24,0,5916.914907,5916.914907,solver,5916.914907,True,24,True,5916.914907,False,0.000000,0,0,0.456422,Time limit reached,20.0450,0.0450,
large_rho0.75_s3|D2_all_1p,large_rho0.75_s3,large,0.75,3,D2_all_1p,SHORTAGE-24,1,5916.914907,5916.914907,solver,5916.914907,True,24,True,5916.914907,False,0.000000,0,0,0.458897,Time limit reached,20.0502,0.0502,
large_rho0.75_s3|D2_all_1p,large_rho0.75_s3,large,0.75,3,D2_all_1p,WINDOW-24,0,5916.914907,5916.914907,solver,5916.914907,True,24,True,5916.914907,False,0.000000,0,0,0.502144,Time limit reached,20.0477,0.0477,
large_rho0.75_s3|D2_all_1p,large_rho0.75_s3,large,0.75,3,D2_all_1p,WINDOW-24,1,5916.914907,5916.914907,solver,5916.914907,True,24,True,5916.914907,False,0.000000,0,0,0.503105,Time limit reached,20.0692,0.0692,
large_rho0.75_s4|D1_m0_2p,large_rho0.75_s4,large,0.75,4,D1_m0_2p,DEPENDENCY-24,0,2476.384412,2476.384412,solver,2476.384412,True,24,True,2476.384412,False,0.000000,0,0,0.247032,Time limit reached,20.1048,0.1048,
large_rho0.75_s4|D1_m0_2p,large_rho0.75_s4,large,0.75,4,D1_m0_2p,DEPENDENCY-24,1,2476.384412,2476.384412,solver,2476.384412,True,24,True,2476.384412,False,0.000000,0,0,0.241667,Time limit reached,20.0949,0.0949,
large_rho0.75_s4|D1_m0_2p,large_rho0.75_s4,large,0.75,4,D1_m0_2p,EMPTY,0,2476.384412,2476.384412,solver,2476.384412,True,0,True,2476.384412,False,0.000000,0,0,0.119014,Time limit reached,20.0876,0.0876,
large_rho0.75_s4|D1_m0_2p,large_rho0.75_s4,large,0.75,4,D1_m0_2p,EMPTY,1,2476.384412,2476.384412,solver,2476.384412,True,0,True,2476.384412,False,0.000000,0,0,0.120161,Time limit reached,20.0467,0.0467,
large_rho0.75_s4|D1_m0_2p,large_rho0.75_s4,large,0.75,4,D1_m0_2p,FULL,0,2476.384412,2476.384412,solver,2476.384412,True,384,True,2476.384412,False,0.000000,0,0,0.343651,Time limit reached,20.0426,0.0426,
large_rho0.75_s4|D1_m0_2p,large_rho0.75_s4,large,0.75,4,D1_m0_2p,FULL,1,2476.384412,2476.384412,solver,2476.384412,True,384,True,2476.384412,False,0.000000,0,0,0.349019,Time limit reached,20.0393,0.0393,
large_rho0.75_s4|D1_m0_2p,large_rho0.75_s4,large,0.75,4,D1_m0_2p,MATCHED-RANDOM-1,0,2476.384412,2476.384412,solver,2476.384412,True,24,True,2476.384412,False,0.000000,0,0,0.235142,Time limit reached,20.1244,0.1244,0.4167
large_rho0.75_s4|D1_m0_2p,large_rho0.75_s4,large,0.75,4,D1_m0_2p,MATCHED-RANDOM-1,1,2476.384412,2476.384412,solver,2476.384412,True,24,True,2476.384412,False,0.000000,0,0,0.240833,Time limit reached,20.0495,0.0495,0.4167
large_rho0.75_s4|D1_m0_2p,large_rho0.75_s4,large,0.75,4,D1_m0_2p,MATCHED-RANDOM-2,0,2476.384412,2476.384412,solver,2476.384412,True,24,True,2476.384412,False,0.000000,0,0,0.183248,Time limit reached,20.0478,0.0478,0.4167
large_rho0.75_s4|D1_m0_2p,large_rho0.75_s4,large,0.75,4,D1_m0_2p,MATCHED-RANDOM-2,1,2476.384412,2476.384412,solver,2476.384412,True,24,True,2476.384412,False,0.000000,0,0,0.184972,Time limit reached,20.0432,0.0432,0.4167
large_rho0.75_s4|D1_m0_2p,large_rho0.75_s4,large,0.75,4,D1_m0_2p,MATCHED-RANDOM-3,0,2476.384412,2476.384412,solver,2476.384412,True,24,True,2476.384412,False,0.000000,0,0,0.201328,Time limit reached,20.0450,0.0450,0.4167
large_rho0.75_s4|D1_m0_2p,large_rho0.75_s4,large,0.75,4,D1_m0_2p,MATCHED-RANDOM-3,1,2476.384412,2476.384412,solver,2476.384412,True,24,True,2476.384412,False,0.000000,0,0,0.199954,Time limit reached,20.0420,0.0420,0.4167
large_rho0.75_s4|D1_m0_2p,large_rho0.75_s4,large,0.75,4,D1_m0_2p,SHORTAGE-24,0,2476.384412,2476.384412,solver,2476.384412,True,24,True,2476.384412,False,0.000000,0,0,0.150829,Time limit reached,20.0431,0.0431,
large_rho0.75_s4|D1_m0_2p,large_rho0.75_s4,large,0.75,4,D1_m0_2p,SHORTAGE-24,1,2476.384412,2476.384412,solver,2476.384412,True,24,True,2476.384412,False,0.000000,0,0,0.153344,Time limit reached,20.1749,0.1749,
large_rho0.75_s4|D1_m0_2p,large_rho0.75_s4,large,0.75,4,D1_m0_2p,WINDOW-24,0,2476.384412,2476.384412,solver,2476.384412,True,24,True,2476.384412,False,0.000000,0,0,0.133908,Time limit reached,20.0421,0.0421,
large_rho0.75_s4|D1_m0_2p,large_rho0.75_s4,large,0.75,4,D1_m0_2p,WINDOW-24,1,2476.384412,2476.384412,solver,2476.384412,True,24,True,2476.384412,False,0.000000,0,0,0.135100,Time limit reached,20.0441,0.0441,
large_rho0.75_s4|D2_all_1p,large_rho0.75_s4,large,0.75,4,D2_all_1p,DEPENDENCY-24,0,3747.132662,3747.132662,solver,3747.132662,True,24,True,3747.132662,False,0.000000,0,0,0.255545,Time limit reached,20.1788,0.1788,
large_rho0.75_s4|D2_all_1p,large_rho0.75_s4,large,0.75,4,D2_all_1p,DEPENDENCY-24,1,3747.132662,3747.132662,solver,3747.132662,True,24,True,3747.132662,False,0.000000,0,0,0.255800,Time limit reached,20.1093,0.1093,
large_rho0.75_s4|D2_all_1p,large_rho0.75_s4,large,0.75,4,D2_all_1p,EMPTY,0,3747.132662,3747.132662,solver,3747.132662,True,0,True,3747.132662,False,0.000000,0,0,0.118774,Time limit reached,20.0926,0.0926,
large_rho0.75_s4|D2_all_1p,large_rho0.75_s4,large,0.75,4,D2_all_1p,EMPTY,1,3747.132662,3747.132662,solver,3747.132662,True,0,True,3747.132662,False,0.000000,0,0,0.117913,Time limit reached,20.0458,0.0458,
large_rho0.75_s4|D2_all_1p,large_rho0.75_s4,large,0.75,4,D2_all_1p,FULL,0,3747.132662,3747.132662,solver,3747.132662,True,360,True,3747.132662,False,0.000000,0,0,0.309060,Time limit reached,20.0440,0.0440,
large_rho0.75_s4|D2_all_1p,large_rho0.75_s4,large,0.75,4,D2_all_1p,FULL,1,3747.132662,3747.132662,solver,3747.132662,True,360,True,3747.132662,False,0.000000,0,0,0.304603,Time limit reached,20.0409,0.0409,
large_rho0.75_s4|D2_all_1p,large_rho0.75_s4,large,0.75,4,D2_all_1p,MATCHED-RANDOM-1,0,3747.132662,3747.132662,solver,3747.132662,True,24,True,3747.132662,False,0.000000,0,0,0.185109,Time limit reached,20.0409,0.0409,0.5833
large_rho0.75_s4|D2_all_1p,large_rho0.75_s4,large,0.75,4,D2_all_1p,MATCHED-RANDOM-1,1,3747.132662,3747.132662,solver,3747.132662,True,24,True,3747.132662,False,0.000000,0,0,0.183815,Time limit reached,20.1264,0.1264,0.5833
large_rho0.75_s4|D2_all_1p,large_rho0.75_s4,large,0.75,4,D2_all_1p,MATCHED-RANDOM-2,0,3747.132662,3747.132662,solver,3747.132662,True,24,True,3747.132662,False,0.000000,0,0,0.158075,Time limit reached,20.0475,0.0475,0.5000
large_rho0.75_s4|D2_all_1p,large_rho0.75_s4,large,0.75,4,D2_all_1p,MATCHED-RANDOM-2,1,3747.132662,3747.132662,solver,3747.132662,True,24,True,3747.132662,False,0.000000,0,0,0.153717,Time limit reached,20.0902,0.0902,0.5000
large_rho0.75_s4|D2_all_1p,large_rho0.75_s4,large,0.75,4,D2_all_1p,MATCHED-RANDOM-3,0,3747.132662,3747.132662,solver,3747.132662,True,24,True,3747.132662,False,0.000000,0,0,0.173341,Time limit reached,20.0530,0.0530,0.5417
large_rho0.75_s4|D2_all_1p,large_rho0.75_s4,large,0.75,4,D2_all_1p,MATCHED-RANDOM-3,1,3747.132662,3747.132662,solver,3747.132662,True,24,True,3747.132662,False,0.000000,0,0,0.174523,Time limit reached,20.0401,0.0401,0.5417
large_rho0.75_s4|D2_all_1p,large_rho0.75_s4,large,0.75,4,D2_all_1p,SHORTAGE-24,0,3747.132662,3747.132662,solver,3747.132662,True,24,True,3747.132662,False,0.000000,0,0,0.237897,Time limit reached,20.0411,0.0411,
large_rho0.75_s4|D2_all_1p,large_rho0.75_s4,large,0.75,4,D2_all_1p,SHORTAGE-24,1,3747.132662,3747.132662,solver,3747.132662,True,24,True,3747.132662,False,0.000000,0,0,0.233469,Time limit reached,20.0430,0.0430,
large_rho0.75_s4|D2_all_1p,large_rho0.75_s4,large,0.75,4,D2_all_1p,WINDOW-24,0,3747.132662,3747.132662,solver,3747.132662,True,24,True,3747.132662,False,0.000000,0,0,0.220800,Time limit reached,20.1020,0.1020,
large_rho0.75_s4|D2_all_1p,large_rho0.75_s4,large,0.75,4,D2_all_1p,WINDOW-24,1,3747.132662,3200.221566,solver,3200.221566,True,24,True,3747.132662,True,0.145955,4,4,0.093474,Time limit reached,20.0748,0.0748,
large_rho0.75_s5|D1_m0_2p,large_rho0.75_s5,large,0.75,5,D1_m0_2p,DEPENDENCY-24,0,3205.054875,3205.054875,solver,3205.054875,True,24,True,3205.054875,False,0.000000,0,0,0.431812,Time limit reached,20.0427,0.0427,
large_rho0.75_s5|D1_m0_2p,large_rho0.75_s5,large,0.75,5,D1_m0_2p,DEPENDENCY-24,1,3205.054875,3205.054875,solver,3205.054875,True,24,True,3205.054875,False,0.000000,0,0,0.436697,Time limit reached,20.0835,0.0835,
large_rho0.75_s5|D1_m0_2p,large_rho0.75_s5,large,0.75,5,D1_m0_2p,EMPTY,0,3205.054875,3205.054875,solver,3205.054875,True,0,True,3205.054875,False,0.000000,0,0,0.377686,Time limit reached,20.0983,0.0983,
large_rho0.75_s5|D1_m0_2p,large_rho0.75_s5,large,0.75,5,D1_m0_2p,EMPTY,1,3205.054875,3205.054875,solver,3205.054875,True,0,True,3205.054875,False,0.000000,0,0,0.377586,Time limit reached,20.1216,0.1216,
large_rho0.75_s5|D1_m0_2p,large_rho0.75_s5,large,0.75,5,D1_m0_2p,FULL,0,3205.054875,3205.054875,solver,3205.054875,True,384,True,3205.054875,False,0.000000,0,0,0.497994,Time limit reached,20.0561,0.0561,
large_rho0.75_s5|D1_m0_2p,large_rho0.75_s5,large,0.75,5,D1_m0_2p,FULL,1,3205.054875,3205.054875,solver,3205.054875,True,384,True,3205.054875,False,0.000000,0,0,0.500641,Time limit reached,20.0429,0.0429,
large_rho0.75_s5|D1_m0_2p,large_rho0.75_s5,large,0.75,5,D1_m0_2p,MATCHED-RANDOM-1,0,3205.054875,2621.16052,solver,2621.16052,True,24,True,3205.054875,True,0.182179,4,4,0.310606,Time limit reached,20.0540,0.0540,0.5833
large_rho0.75_s5|D1_m0_2p,large_rho0.75_s5,large,0.75,5,D1_m0_2p,MATCHED-RANDOM-1,1,3205.054875,3205.054875,solver,3205.054875,True,24,True,3205.054875,False,0.000000,0,0,0.431641,Time limit reached,20.0900,0.0900,0.5833
large_rho0.75_s5|D1_m0_2p,large_rho0.75_s5,large,0.75,5,D1_m0_2p,MATCHED-RANDOM-2,0,3205.054875,3205.054875,solver,3205.054875,True,24,True,3205.054875,False,0.000000,0,0,0.411198,Time limit reached,20.0412,0.0412,0.5000
large_rho0.75_s5|D1_m0_2p,large_rho0.75_s5,large,0.75,5,D1_m0_2p,MATCHED-RANDOM-2,1,3205.054875,3205.054875,solver,3205.054875,True,24,True,3205.054875,False,0.000000,0,0,0.412245,Time limit reached,20.0649,0.0649,0.5000
large_rho0.75_s5|D1_m0_2p,large_rho0.75_s5,large,0.75,5,D1_m0_2p,MATCHED-RANDOM-3,0,3205.054875,3205.054875,solver,3205.054875,True,24,True,3205.054875,False,0.000000,0,0,0.414331,Time limit reached,20.0824,0.0824,0.6667
large_rho0.75_s5|D1_m0_2p,large_rho0.75_s5,large,0.75,5,D1_m0_2p,MATCHED-RANDOM-3,1,3205.054875,3205.054875,solver,3205.054875,True,24,True,3205.054875,False,0.000000,0,0,0.407262,Time limit reached,20.0480,0.0480,0.6667
large_rho0.75_s5|D1_m0_2p,large_rho0.75_s5,large,0.75,5,D1_m0_2p,SHORTAGE-24,0,3205.054875,3205.054875,solver,3205.054875,True,24,True,3205.054875,False,0.000000,0,0,0.409149,Time limit reached,20.1405,0.1405,
large_rho0.75_s5|D1_m0_2p,large_rho0.75_s5,large,0.75,5,D1_m0_2p,SHORTAGE-24,1,3205.054875,3205.054875,solver,3205.054875,True,24,True,3205.054875,False,0.000000,0,0,0.408474,Time limit reached,20.0417,0.0417,
large_rho0.75_s5|D1_m0_2p,large_rho0.75_s5,large,0.75,5,D1_m0_2p,WINDOW-24,0,3205.054875,3205.054875,solver,3205.054875,True,24,True,3205.054875,False,0.000000,0,0,0.383137,Time limit reached,20.0392,0.0392,
large_rho0.75_s5|D1_m0_2p,large_rho0.75_s5,large,0.75,5,D1_m0_2p,WINDOW-24,1,3205.054875,3205.054875,solver,3205.054875,True,24,True,3205.054875,False,0.000000,0,0,0.384335,Time limit reached,20.0448,0.0448,
large_rho0.75_s5|D2_all_1p,large_rho0.75_s5,large,0.75,5,D2_all_1p,DEPENDENCY-24,0,4543.331423,4543.331423,solver,4543.331423,True,24,True,4543.331423,False,0.000000,0,0,0.384877,Time limit reached,20.0770,0.0770,
large_rho0.75_s5|D2_all_1p,large_rho0.75_s5,large,0.75,5,D2_all_1p,DEPENDENCY-24,1,4543.331423,4543.331423,solver,4543.331423,True,24,True,4543.331423,False,0.000000,0,0,0.385957,Time limit reached,20.1179,0.1179,
large_rho0.75_s5|D2_all_1p,large_rho0.75_s5,large,0.75,5,D2_all_1p,EMPTY,0,4543.331423,4543.331423,solver,4543.331423,True,0,True,4543.331423,False,0.000000,0,0,0.325736,Time limit reached,20.0517,0.0517,
large_rho0.75_s5|D2_all_1p,large_rho0.75_s5,large,0.75,5,D2_all_1p,EMPTY,1,4543.331423,4543.331423,solver,4543.331423,True,0,True,4543.331423,False,0.000000,0,0,0.330139,Time limit reached,20.0504,0.0504,
large_rho0.75_s5|D2_all_1p,large_rho0.75_s5,large,0.75,5,D2_all_1p,FULL,0,4543.331423,4543.331423,solver,4543.331423,True,360,True,4543.331423,False,0.000000,0,0,0.425208,Time limit reached,20.1677,0.1677,
large_rho0.75_s5|D2_all_1p,large_rho0.75_s5,large,0.75,5,D2_all_1p,FULL,1,4543.331423,4543.331423,solver,4543.331423,True,360,True,4543.331423,False,0.000000,0,0,0.426596,Time limit reached,20.1317,0.1317,
large_rho0.75_s5|D2_all_1p,large_rho0.75_s5,large,0.75,5,D2_all_1p,MATCHED-RANDOM-1,0,4543.331423,4543.331423,solver,4543.331423,True,24,True,4543.331423,False,0.000000,0,0,0.374146,Time limit reached,20.1110,0.1110,0.5417
large_rho0.75_s5|D2_all_1p,large_rho0.75_s5,large,0.75,5,D2_all_1p,MATCHED-RANDOM-1,1,4543.331423,4543.331423,solver,4543.331423,True,24,True,4543.331423,False,0.000000,0,0,0.372926,Time limit reached,20.1165,0.1165,0.5417
large_rho0.75_s5|D2_all_1p,large_rho0.75_s5,large,0.75,5,D2_all_1p,MATCHED-RANDOM-2,0,4543.331423,4543.331423,solver,4543.331423,True,24,True,4543.331423,False,0.000000,0,0,0.372216,Time limit reached,20.1285,0.1285,0.5833
large_rho0.75_s5|D2_all_1p,large_rho0.75_s5,large,0.75,5,D2_all_1p,MATCHED-RANDOM-2,1,4543.331423,4543.331423,solver,4543.331423,True,24,True,4543.331423,False,0.000000,0,0,0.371724,Time limit reached,20.0875,0.0875,0.5833
large_rho0.75_s5|D2_all_1p,large_rho0.75_s5,large,0.75,5,D2_all_1p,MATCHED-RANDOM-3,0,4543.331423,4543.331423,solver,4543.331423,True,24,True,4543.331423,False,0.000000,0,0,0.376844,Time limit reached,20.1287,0.1287,0.6250
large_rho0.75_s5|D2_all_1p,large_rho0.75_s5,large,0.75,5,D2_all_1p,MATCHED-RANDOM-3,1,4543.331423,4543.331423,solver,4543.331423,True,24,True,4543.331423,False,0.000000,0,0,0.376597,Time limit reached,20.1281,0.1281,0.6250
large_rho0.75_s5|D2_all_1p,large_rho0.75_s5,large,0.75,5,D2_all_1p,SHORTAGE-24,0,4543.331423,4543.331423,solver,4543.331423,True,24,True,4543.331423,False,0.000000,0,0,0.393749,Time limit reached,20.1298,0.1298,
large_rho0.75_s5|D2_all_1p,large_rho0.75_s5,large,0.75,5,D2_all_1p,SHORTAGE-24,1,4543.331423,4543.331423,solver,4543.331423,True,24,True,4543.331423,False,0.000000,0,0,0.393807,Time limit reached,20.1531,0.1531,
large_rho0.75_s5|D2_all_1p,large_rho0.75_s5,large,0.75,5,D2_all_1p,WINDOW-24,0,4543.331423,4543.331423,solver,4543.331423,True,24,True,4543.331423,False,0.000000,0,0,0.378552,Time limit reached,20.0436,0.0436,
large_rho0.75_s5|D2_all_1p,large_rho0.75_s5,large,0.75,5,D2_all_1p,WINDOW-24,1,4543.331423,4543.331423,solver,4543.331423,True,24,True,4543.331423,False,0.000000,0,0,0.378444,Time limit reached,20.0479,0.0479,
large_rho1.10_s2|D1_m0_2p,large_rho1.10_s2,large,1.1,2,D1_m0_2p,DEPENDENCY-24,0,8667.289543,8667.289543,solver,8667.289543,True,24,True,8667.289543,False,0.000000,0,0,0.266782,Time limit reached,20.0475,0.0475,
large_rho1.10_s2|D1_m0_2p,large_rho1.10_s2,large,1.1,2,D1_m0_2p,DEPENDENCY-24,1,8667.289543,8667.289543,solver,8667.289543,True,24,True,8667.289543,False,0.000000,0,0,0.266834,Time limit reached,20.1010,0.1010,
large_rho1.10_s2|D1_m0_2p,large_rho1.10_s2,large,1.1,2,D1_m0_2p,EMPTY,0,8667.289543,7516.409077,solver,7516.409077,True,0,True,8667.289543,True,0.132784,0,0,0.119446,Time limit reached,20.0610,0.0610,
large_rho1.10_s2|D1_m0_2p,large_rho1.10_s2,large,1.1,2,D1_m0_2p,EMPTY,1,8667.289543,7616.631198,solver,7616.631198,True,0,True,8667.289543,True,0.121221,0,0,0.131542,Time limit reached,20.0741,0.0741,
large_rho1.10_s2|D1_m0_2p,large_rho1.10_s2,large,1.1,2,D1_m0_2p,FULL,0,8667.289543,8667.289543,solver,8667.289543,True,384,True,8667.289543,False,0.000000,0,0,0.439156,Time limit reached,20.1205,0.1205,
large_rho1.10_s2|D1_m0_2p,large_rho1.10_s2,large,1.1,2,D1_m0_2p,FULL,1,8667.289543,8667.289543,solver,8667.289543,True,384,True,8667.289543,False,0.000000,0,0,0.439462,Time limit reached,20.0798,0.0798,
large_rho1.10_s2|D1_m0_2p,large_rho1.10_s2,large,1.1,2,D1_m0_2p,MATCHED-RANDOM-1,0,8667.289543,7384.770801,solver,7384.770801,True,24,True,8667.289543,True,0.147972,4,4,0.230480,Time limit reached,20.0705,0.0705,0.3750
large_rho1.10_s2|D1_m0_2p,large_rho1.10_s2,large,1.1,2,D1_m0_2p,MATCHED-RANDOM-1,1,8667.289543,8667.289543,solver,8667.289543,True,24,True,8667.289543,False,0.000000,0,0,0.342636,Time limit reached,20.0542,0.0542,0.3750
large_rho1.10_s2|D1_m0_2p,large_rho1.10_s2,large,1.1,2,D1_m0_2p,MATCHED-RANDOM-2,0,8667.289543,8667.289543,solver,8667.289543,True,24,True,8667.289543,False,0.000000,0,0,0.318928,Time limit reached,20.0406,0.0406,0.3333
large_rho1.10_s2|D1_m0_2p,large_rho1.10_s2,large,1.1,2,D1_m0_2p,MATCHED-RANDOM-2,1,8667.289543,8667.289543,solver,8667.289543,True,24,True,8667.289543,False,0.000000,0,0,0.319948,Time limit reached,20.0501,0.0501,0.3333
large_rho1.10_s2|D1_m0_2p,large_rho1.10_s2,large,1.1,2,D1_m0_2p,MATCHED-RANDOM-3,0,8667.289543,8667.289543,solver,8667.289543,True,24,True,8667.289543,False,0.000000,0,0,0.317794,Time limit reached,20.0426,0.0426,0.3750
large_rho1.10_s2|D1_m0_2p,large_rho1.10_s2,large,1.1,2,D1_m0_2p,MATCHED-RANDOM-3,1,8667.289543,8667.289543,solver,8667.289543,True,24,True,8667.289543,False,0.000000,0,0,0.316146,Time limit reached,20.0574,0.0574,0.3750
large_rho1.10_s2|D1_m0_2p,large_rho1.10_s2,large,1.1,2,D1_m0_2p,SHORTAGE-24,0,8667.289543,8667.289543,solver,8667.289543,True,24,True,8667.289543,False,0.000000,0,0,0.349515,Time limit reached,20.0734,0.0734,
large_rho1.10_s2|D1_m0_2p,large_rho1.10_s2,large,1.1,2,D1_m0_2p,SHORTAGE-24,1,8667.289543,8667.289543,solver,8667.289543,True,24,True,8667.289543,False,0.000000,0,0,0.350241,Time limit reached,20.0426,0.0426,
large_rho1.10_s2|D1_m0_2p,large_rho1.10_s2,large,1.1,2,D1_m0_2p,WINDOW-24,0,8667.289543,7301.591687,solver,7301.591687,True,24,True,8667.289543,True,0.157569,2,2,0.128866,Time limit reached,20.0670,0.0670,
large_rho1.10_s2|D1_m0_2p,large_rho1.10_s2,large,1.1,2,D1_m0_2p,WINDOW-24,1,8667.289543,7305.299817,solver,7305.299817,True,24,True,8667.289543,True,0.157141,2,2,0.131369,Time limit reached,20.0519,0.0519,
large_rho1.10_s2|D2_all_1p,large_rho1.10_s2,large,1.1,2,D2_all_1p,DEPENDENCY-24,0,10236.19029,10236.19029,solver,10236.19029,True,24,True,10236.19029,False,0.000000,0,0,0.301219,Time limit reached,20.0793,0.0793,
large_rho1.10_s2|D2_all_1p,large_rho1.10_s2,large,1.1,2,D2_all_1p,DEPENDENCY-24,1,10236.19029,10236.19029,solver,10236.19029,True,24,True,10236.19029,False,0.000000,0,0,0.300693,Time limit reached,20.1281,0.1281,
large_rho1.10_s2|D2_all_1p,large_rho1.10_s2,large,1.1,2,D2_all_1p,EMPTY,0,10236.19029,8643.373714,solver,8643.373714,True,0,True,10236.19029,True,0.155606,0,0,0.144265,Time limit reached,20.0466,0.0466,
large_rho1.10_s2|D2_all_1p,large_rho1.10_s2,large,1.1,2,D2_all_1p,EMPTY,1,10236.19029,9219.539829,solver,9219.539829,True,0,True,10236.19029,True,0.099319,0,0,0.198463,Time limit reached,20.0495,0.0495,
large_rho1.10_s2|D2_all_1p,large_rho1.10_s2,large,1.1,2,D2_all_1p,FULL,0,10236.19029,10236.19029,solver,10236.19029,True,360,True,10236.19029,False,0.000000,0,0,0.429307,Time limit reached,20.0881,0.0881,
large_rho1.10_s2|D2_all_1p,large_rho1.10_s2,large,1.1,2,D2_all_1p,FULL,1,10236.19029,10236.19029,solver,10236.19029,True,360,True,10236.19029,False,0.000000,0,0,0.428547,Time limit reached,20.0460,0.0460,
large_rho1.10_s2|D2_all_1p,large_rho1.10_s2,large,1.1,2,D2_all_1p,MATCHED-RANDOM-1,0,10236.19029,10236.19029,solver,10236.19029,True,24,True,10236.19029,False,0.000000,0,0,0.366072,Time limit reached,20.0473,0.0473,0.3750
large_rho1.10_s2|D2_all_1p,large_rho1.10_s2,large,1.1,2,D2_all_1p,MATCHED-RANDOM-1,1,10236.19029,7348.57222,solver,7348.57222,True,24,True,10236.19029,True,0.282099,4,4,0.120894,Time limit reached,20.0714,0.0714,0.3750
large_rho1.10_s2|D2_all_1p,large_rho1.10_s2,large,1.1,2,D2_all_1p,MATCHED-RANDOM-2,0,10236.19029,10236.19029,solver,10236.19029,True,24,True,10236.19029,False,0.000000,0,0,0.334582,Time limit reached,20.0775,0.0775,0.3333
large_rho1.10_s2|D2_all_1p,large_rho1.10_s2,large,1.1,2,D2_all_1p,MATCHED-RANDOM-2,1,10236.19029,7582.075351,solver,7582.075351,True,24,True,10236.19029,True,0.259287,4,4,0.108942,Time limit reached,20.0432,0.0432,0.3333
large_rho1.10_s2|D2_all_1p,large_rho1.10_s2,large,1.1,2,D2_all_1p,MATCHED-RANDOM-3,0,10236.19029,10236.19029,solver,10236.19029,True,24,True,10236.19029,False,0.000000,0,0,0.363070,Time limit reached,20.0523,0.0523,0.3750
large_rho1.10_s2|D2_all_1p,large_rho1.10_s2,large,1.1,2,D2_all_1p,MATCHED-RANDOM-3,1,10236.19029,10236.19029,solver,10236.19029,True,24,True,10236.19029,False,0.000000,0,0,0.363849,Time limit reached,20.0752,0.0752,0.3750
large_rho1.10_s2|D2_all_1p,large_rho1.10_s2,large,1.1,2,D2_all_1p,SHORTAGE-24,0,10236.19029,10236.19029,solver,10236.19029,True,24,True,10236.19029,False,0.000000,0,0,0.303745,Time limit reached,20.0422,0.0422,
large_rho1.10_s2|D2_all_1p,large_rho1.10_s2,large,1.1,2,D2_all_1p,SHORTAGE-24,1,10236.19029,10236.19029,solver,10236.19029,True,24,True,10236.19029,False,0.000000,0,0,0.301635,Time limit reached,20.0404,0.0404,
large_rho1.10_s2|D2_all_1p,large_rho1.10_s2,large,1.1,2,D2_all_1p,WINDOW-24,0,10236.19029,10236.19029,solver,10236.19029,True,24,True,10236.19029,False,0.000000,0,0,0.410099,Time limit reached,20.0469,0.0469,
large_rho1.10_s2|D2_all_1p,large_rho1.10_s2,large,1.1,2,D2_all_1p,WINDOW-24,1,10236.19029,10236.19029,solver,10236.19029,True,24,True,10236.19029,False,0.000000,0,0,0.410787,Time limit reached,20.0593,0.0593,
large_rho1.10_s3|D1_m0_2p,large_rho1.10_s3,large,1.1,3,D1_m0_2p,DEPENDENCY-24,0,7766.476907,7766.476907,solver,7766.476907,True,24,True,7766.476907,False,0.000000,0,0,0.365445,Time limit reached,20.0412,0.0412,
large_rho1.10_s3|D1_m0_2p,large_rho1.10_s3,large,1.1,3,D1_m0_2p,DEPENDENCY-24,1,7766.476907,7766.476907,solver,7766.476907,True,24,True,7766.476907,False,0.000000,0,0,0.364515,Time limit reached,20.0423,0.0423,
large_rho1.10_s3|D1_m0_2p,large_rho1.10_s3,large,1.1,3,D1_m0_2p,EMPTY,0,7766.476907,7766.476907,solver,7766.476907,True,0,True,7766.476907,False,0.000000,0,0,0.276867,Time limit reached,20.0442,0.0442,
large_rho1.10_s3|D1_m0_2p,large_rho1.10_s3,large,1.1,3,D1_m0_2p,EMPTY,1,7766.476907,7766.476907,solver,7766.476907,True,0,True,7766.476907,False,0.000000,0,0,0.277597,Time limit reached,20.0727,0.0727,
large_rho1.10_s3|D1_m0_2p,large_rho1.10_s3,large,1.1,3,D1_m0_2p,FULL,0,7766.476907,7766.476907,solver,7766.476907,True,384,True,7766.476907,False,0.000000,0,0,0.418814,Time limit reached,20.0384,0.0384,
large_rho1.10_s3|D1_m0_2p,large_rho1.10_s3,large,1.1,3,D1_m0_2p,FULL,1,7766.476907,7766.476907,solver,7766.476907,True,384,True,7766.476907,False,0.000000,0,0,0.418666,Time limit reached,20.0430,0.0430,
large_rho1.10_s3|D1_m0_2p,large_rho1.10_s3,large,1.1,3,D1_m0_2p,MATCHED-RANDOM-1,0,7766.476907,6392.22622,solver,6392.22622,True,24,True,7766.476907,True,0.176946,4,4,0.224479,Time limit reached,20.0883,0.0883,0.4583
large_rho1.10_s3|D1_m0_2p,large_rho1.10_s3,large,1.1,3,D1_m0_2p,MATCHED-RANDOM-1,1,7766.476907,6412.735784,solver,6412.735784,True,24,True,7766.476907,True,0.174306,3,3,0.227084,Time limit reached,20.0822,0.0822,0.4583
large_rho1.10_s3|D1_m0_2p,large_rho1.10_s3,large,1.1,3,D1_m0_2p,MATCHED-RANDOM-2,0,7766.476907,7766.476907,solver,7766.476907,True,24,True,7766.476907,False,0.000000,0,0,0.281941,Time limit reached,20.0464,0.0464,0.4583
large_rho1.10_s3|D1_m0_2p,large_rho1.10_s3,large,1.1,3,D1_m0_2p,MATCHED-RANDOM-2,1,7766.476907,7766.476907,solver,7766.476907,True,24,True,7766.476907,False,0.000000,0,0,0.281039,Time limit reached,20.0475,0.0475,0.4583
large_rho1.10_s3|D1_m0_2p,large_rho1.10_s3,large,1.1,3,D1_m0_2p,MATCHED-RANDOM-3,0,7766.476907,7766.476907,solver,7766.476907,True,24,True,7766.476907,False,0.000000,0,0,0.299057,Time limit reached,20.1225,0.1225,0.4167
large_rho1.10_s3|D1_m0_2p,large_rho1.10_s3,large,1.1,3,D1_m0_2p,MATCHED-RANDOM-3,1,7766.476907,6470.943834,solver,6470.943834,True,24,True,7766.476907,True,0.166811,4,4,0.160871,Time limit reached,20.0510,0.0510,0.4167
large_rho1.10_s3|D1_m0_2p,large_rho1.10_s3,large,1.1,3,D1_m0_2p,SHORTAGE-24,0,7766.476907,7766.476907,solver,7766.476907,True,24,True,7766.476907,False,0.000000,0,0,0.361778,Time limit reached,20.1224,0.1224,
large_rho1.10_s3|D1_m0_2p,large_rho1.10_s3,large,1.1,3,D1_m0_2p,SHORTAGE-24,1,7766.476907,7766.476907,solver,7766.476907,True,24,True,7766.476907,False,0.000000,0,0,0.362474,Time limit reached,20.0467,0.0467,
large_rho1.10_s3|D1_m0_2p,large_rho1.10_s3,large,1.1,3,D1_m0_2p,WINDOW-24,0,7766.476907,7766.476907,solver,7766.476907,True,24,True,7766.476907,False,0.000000,0,0,0.355883,Time limit reached,20.0594,0.0594,
large_rho1.10_s3|D1_m0_2p,large_rho1.10_s3,large,1.1,3,D1_m0_2p,WINDOW-24,1,7766.476907,6174.988375,solver,6174.988375,True,24,True,7766.476907,True,0.204918,4,4,0.191592,Time limit reached,20.0451,0.0451,
large_rho1.10_s3|D2_all_1p,large_rho1.10_s3,large,1.1,3,D2_all_1p,DEPENDENCY-24,0,9160.875588,7825.330647,solver,7825.330647,True,24,True,9160.875588,True,0.145788,2,2,0.212362,Time limit reached,20.0854,0.0854,
large_rho1.10_s3|D2_all_1p,large_rho1.10_s3,large,1.1,3,D2_all_1p,DEPENDENCY-24,1,9160.875588,9160.875588,solver,9160.875588,True,24,True,9160.875588,False,0.000000,0,0,0.325724,Time limit reached,20.0455,0.0455,
large_rho1.10_s3|D2_all_1p,large_rho1.10_s3,large,1.1,3,D2_all_1p,EMPTY,0,9160.875588,7584.556577,solver,7584.556577,True,0,True,9160.875588,True,0.172071,0,0,0.160806,Time limit reached,20.0447,0.0447,
large_rho1.10_s3|D2_all_1p,large_rho1.10_s3,large,1.1,3,D2_all_1p,EMPTY,1,9160.875588,7462.00508,solver,7462.00508,True,0,True,9160.875588,True,0.185448,0,0,0.147476,Time limit reached,20.0507,0.0507,
large_rho1.10_s3|D2_all_1p,large_rho1.10_s3,large,1.1,3,D2_all_1p,FULL,0,9160.875588,9160.875588,solver,9160.875588,True,360,True,9160.875588,False,0.000000,0,0,0.401224,Time limit reached,20.0464,0.0464,
large_rho1.10_s3|D2_all_1p,large_rho1.10_s3,large,1.1,3,D2_all_1p,FULL,1,9160.875588,9160.875588,solver,9160.875588,True,360,True,9160.875588,False,0.000000,0,0,0.395255,Time limit reached,20.1580,0.1580,
large_rho1.10_s3|D2_all_1p,large_rho1.10_s3,large,1.1,3,D2_all_1p,MATCHED-RANDOM-1,0,9160.875588,9160.875588,solver,9160.875588,True,24,True,9160.875588,False,0.000000,0,0,0.348703,Time limit reached,20.0478,0.0478,0.4583
large_rho1.10_s3|D2_all_1p,large_rho1.10_s3,large,1.1,3,D2_all_1p,MATCHED-RANDOM-1,1,9160.875588,7160.065021,solver,7160.065021,True,24,True,9160.875588,True,0.218408,3,3,0.168978,Time limit reached,20.0437,0.0437,0.4583
large_rho1.10_s3|D2_all_1p,large_rho1.10_s3,large,1.1,3,D2_all_1p,MATCHED-RANDOM-2,0,9160.875588,9160.875588,solver,9160.875588,True,24,True,9160.875588,False,0.000000,0,0,0.331683,Time limit reached,20.0517,0.0517,0.5000
large_rho1.10_s3|D2_all_1p,large_rho1.10_s3,large,1.1,3,D2_all_1p,MATCHED-RANDOM-2,1,9160.875588,7795.452066,solver,7795.452066,True,24,True,9160.875588,True,0.149049,4,4,0.215915,Time limit reached,20.0469,0.0469,0.5000
large_rho1.10_s3|D2_all_1p,large_rho1.10_s3,large,1.1,3,D2_all_1p,MATCHED-RANDOM-3,0,9160.875588,9160.875588,solver,9160.875588,True,24,True,9160.875588,False,0.000000,0,0,0.323176,Time limit reached,20.0618,0.0618,0.5417
large_rho1.10_s3|D2_all_1p,large_rho1.10_s3,large,1.1,3,D2_all_1p,MATCHED-RANDOM-3,1,9160.875588,9160.875588,solver,9160.875588,True,24,True,9160.875588,False,0.000000,0,0,0.323440,Time limit reached,20.0917,0.0917,0.5417
large_rho1.10_s3|D2_all_1p,large_rho1.10_s3,large,1.1,3,D2_all_1p,SHORTAGE-24,0,9160.875588,9160.875588,solver,9160.875588,True,24,True,9160.875588,False,0.000000,0,0,0.346320,Time limit reached,20.0520,0.0520,
large_rho1.10_s3|D2_all_1p,large_rho1.10_s3,large,1.1,3,D2_all_1p,SHORTAGE-24,1,9160.875588,9160.875588,solver,9160.875588,True,24,True,9160.875588,False,0.000000,0,0,0.344424,Time limit reached,20.1054,0.1054,
large_rho1.10_s3|D2_all_1p,large_rho1.10_s3,large,1.1,3,D2_all_1p,WINDOW-24,0,9160.875588,7055.851908,solver,7055.851908,True,24,True,9160.875588,True,0.229784,4,4,0.185109,Time limit reached,20.0439,0.0439,
large_rho1.10_s3|D2_all_1p,large_rho1.10_s3,large,1.1,3,D2_all_1p,WINDOW-24,1,9160.875588,7782.215814,solver,7782.215814,True,24,True,9160.875588,True,0.150494,4,4,0.257266,Time limit reached,20.0535,0.0535,
large_rho1.10_s4|D1_m0_2p,large_rho1.10_s4,large,1.1,4,D1_m0_2p,DEPENDENCY-24,0,7133.92632,7133.92632,solver,7133.92632,True,24,True,7133.92632,False,0.000000,0,0,0.253894,Time limit reached,20.0454,0.0454,
large_rho1.10_s4|D1_m0_2p,large_rho1.10_s4,large,1.1,4,D1_m0_2p,DEPENDENCY-24,1,7133.92632,7133.92632,solver,7133.92632,True,24,True,7133.92632,False,0.000000,0,0,0.255307,Time limit reached,20.0677,0.0677,
large_rho1.10_s4|D1_m0_2p,large_rho1.10_s4,large,1.1,4,D1_m0_2p,EMPTY,0,7133.92632,6999.337968,solver,6999.337968,True,0,True,7133.92632,True,0.018866,0,0,0.220099,Time limit reached,20.0458,0.0458,
large_rho1.10_s4|D1_m0_2p,large_rho1.10_s4,large,1.1,4,D1_m0_2p,EMPTY,1,7133.92632,6409.288669,solver,6409.288669,True,0,True,7133.92632,True,0.101576,0,0,0.147403,Time limit reached,20.0474,0.0474,
large_rho1.10_s4|D1_m0_2p,large_rho1.10_s4,large,1.1,4,D1_m0_2p,FULL,0,7133.92632,7133.92632,solver,7133.92632,True,384,True,7133.92632,False,0.000000,0,0,0.349246,Time limit reached,20.0430,0.0430,
large_rho1.10_s4|D1_m0_2p,large_rho1.10_s4,large,1.1,4,D1_m0_2p,FULL,1,7133.92632,7133.92632,solver,7133.92632,True,384,True,7133.92632,False,0.000000,0,0,0.344872,Time limit reached,20.0426,0.0426,
large_rho1.10_s4|D1_m0_2p,large_rho1.10_s4,large,1.1,4,D1_m0_2p,MATCHED-RANDOM-1,0,7133.92632,7133.92632,solver,7133.92632,True,24,True,7133.92632,False,0.000000,0,0,0.289228,Time limit reached,20.0469,0.0469,0.4583
large_rho1.10_s4|D1_m0_2p,large_rho1.10_s4,large,1.1,4,D1_m0_2p,MATCHED-RANDOM-1,1,7133.92632,7133.92632,solver,7133.92632,True,24,True,7133.92632,False,0.000000,0,0,0.290503,Time limit reached,20.0964,0.0964,0.4583
large_rho1.10_s4|D1_m0_2p,large_rho1.10_s4,large,1.1,4,D1_m0_2p,MATCHED-RANDOM-2,0,7133.92632,7133.92632,solver,7133.92632,True,24,True,7133.92632,False,0.000000,0,0,0.294964,Time limit reached,20.0381,0.0381,0.4167
large_rho1.10_s4|D1_m0_2p,large_rho1.10_s4,large,1.1,4,D1_m0_2p,MATCHED-RANDOM-2,1,7133.92632,5857.269752,solver,5857.269752,True,24,True,7133.92632,True,0.178956,4,4,0.142096,Time limit reached,20.0793,0.0793,0.4167
large_rho1.10_s4|D1_m0_2p,large_rho1.10_s4,large,1.1,4,D1_m0_2p,MATCHED-RANDOM-3,0,7133.92632,6915.056756,solver,6915.056756,True,24,True,7133.92632,True,0.030680,2,2,0.229511,Time limit reached,20.0964,0.0964,0.4167
large_rho1.10_s4|D1_m0_2p,large_rho1.10_s4,large,1.1,4,D1_m0_2p,MATCHED-RANDOM-3,1,7133.92632,7133.92632,solver,7133.92632,True,24,True,7133.92632,False,0.000000,0,0,0.251367,Time limit reached,20.0614,0.0614,0.4167
large_rho1.10_s4|D1_m0_2p,large_rho1.10_s4,large,1.1,4,D1_m0_2p,SHORTAGE-24,0,7133.92632,7133.92632,solver,7133.92632,True,24,True,7133.92632,False,0.000000,0,0,0.252491,Time limit reached,20.0524,0.0524,
large_rho1.10_s4|D1_m0_2p,large_rho1.10_s4,large,1.1,4,D1_m0_2p,SHORTAGE-24,1,7133.92632,7133.92632,solver,7133.92632,True,24,True,7133.92632,False,0.000000,0,0,0.253109,Time limit reached,20.1020,0.1020,
large_rho1.10_s4|D1_m0_2p,large_rho1.10_s4,large,1.1,4,D1_m0_2p,WINDOW-24,0,7133.92632,6328.777909,solver,6328.777909,True,24,True,7133.92632,True,0.112862,2,2,0.153409,Time limit reached,20.0467,0.0467,
large_rho1.10_s4|D1_m0_2p,large_rho1.10_s4,large,1.1,4,D1_m0_2p,WINDOW-24,1,7133.92632,6072.338419,solver,6072.338419,True,24,True,7133.92632,True,0.148808,2,2,0.114837,Time limit reached,20.0467,0.0467,
large_rho1.10_s4|D2_all_1p,large_rho1.10_s4,large,1.1,4,D2_all_1p,DEPENDENCY-24,0,9310.927467,9310.927467,solver,9310.927467,True,24,True,9310.927467,False,0.000000,0,0,0.357800,Time limit reached,20.0844,0.0844,
large_rho1.10_s4|D2_all_1p,large_rho1.10_s4,large,1.1,4,D2_all_1p,DEPENDENCY-24,1,9310.927467,9287.737798,solver,9287.737798,True,24,True,9310.927467,True,0.002491,0,0,0.357905,Time limit reached,20.0803,0.0803,
large_rho1.10_s4|D2_all_1p,large_rho1.10_s4,large,1.1,4,D2_all_1p,EMPTY,0,9310.927467,9310.927467,solver,9310.927467,True,0,True,9310.927467,False,0.000000,0,0,0.355127,Time limit reached,20.0582,0.0582,
large_rho1.10_s4|D2_all_1p,large_rho1.10_s4,large,1.1,4,D2_all_1p,EMPTY,1,9310.927467,9287.737798,solver,9287.737798,True,0,True,9310.927467,True,0.002491,0,0,0.353466,Time limit reached,20.1092,0.1092,
large_rho1.10_s4|D2_all_1p,large_rho1.10_s4,large,1.1,4,D2_all_1p,FULL,0,9310.927467,9310.927467,solver,9310.927467,True,360,True,9310.927467,False,0.000000,0,0,0.398267,Time limit reached,20.0391,0.0391,
large_rho1.10_s4|D2_all_1p,large_rho1.10_s4,large,1.1,4,D2_all_1p,FULL,1,9310.927467,9310.927467,solver,9310.927467,True,360,True,9310.927467,False,0.000000,0,0,0.398817,Time limit reached,20.0480,0.0480,
large_rho1.10_s4|D2_all_1p,large_rho1.10_s4,large,1.1,4,D2_all_1p,MATCHED-RANDOM-1,0,9310.927467,8119.204173,solver,8119.204173,True,24,True,9310.927467,True,0.127992,3,3,0.274394,Time limit reached,20.0443,0.0443,0.4167
large_rho1.10_s4|D2_all_1p,large_rho1.10_s4,large,1.1,4,D2_all_1p,MATCHED-RANDOM-1,1,9310.927467,9287.737798,solver,9287.737798,True,24,True,9310.927467,True,0.002491,0,0,0.368199,Time limit reached,20.1084,0.1084,0.4167
large_rho1.10_s4|D2_all_1p,large_rho1.10_s4,large,1.1,4,D2_all_1p,MATCHED-RANDOM-2,0,9310.927467,9287.737798,solver,9287.737798,True,24,True,9310.927467,True,0.002491,0,0,0.373219,Time limit reached,20.0455,0.0455,0.3750
large_rho1.10_s4|D2_all_1p,large_rho1.10_s4,large,1.1,4,D2_all_1p,MATCHED-RANDOM-2,1,9310.927467,9287.737798,solver,9287.737798,True,24,True,9310.927467,True,0.002491,0,0,0.373469,Time limit reached,20.0473,0.0473,0.3750
large_rho1.10_s4|D2_all_1p,large_rho1.10_s4,large,1.1,4,D2_all_1p,MATCHED-RANDOM-3,0,9310.927467,9310.927467,solver,9310.927467,True,24,True,9310.927467,False,0.000000,0,0,0.359968,Time limit reached,20.0563,0.0563,0.4167
large_rho1.10_s4|D2_all_1p,large_rho1.10_s4,large,1.1,4,D2_all_1p,MATCHED-RANDOM-3,1,9310.927467,9287.737798,solver,9287.737798,True,24,True,9310.927467,True,0.002491,0,0,0.358008,Time limit reached,20.0430,0.0430,0.4167
large_rho1.10_s4|D2_all_1p,large_rho1.10_s4,large,1.1,4,D2_all_1p,SHORTAGE-24,0,9310.927467,9310.927467,solver,9310.927467,True,24,True,9310.927467,False,0.000000,0,0,0.358341,Time limit reached,20.0803,0.0803,
large_rho1.10_s4|D2_all_1p,large_rho1.10_s4,large,1.1,4,D2_all_1p,SHORTAGE-24,1,9310.927467,9287.737798,solver,9287.737798,True,24,True,9310.927467,True,0.002491,0,0,0.357856,Time limit reached,20.1205,0.1205,
large_rho1.10_s4|D2_all_1p,large_rho1.10_s4,large,1.1,4,D2_all_1p,WINDOW-24,0,9310.927467,9310.927467,solver,9310.927467,True,24,True,9310.927467,False,0.000000,0,0,0.362291,Time limit reached,20.0425,0.0425,
large_rho1.10_s4|D2_all_1p,large_rho1.10_s4,large,1.1,4,D2_all_1p,WINDOW-24,1,9310.927467,9310.927467,solver,9310.927467,True,24,True,9310.927467,False,0.000000,0,0,0.360888,Time limit reached,20.0477,0.0477,
large_rho1.10_s5|D1_m0_2p,large_rho1.10_s5,large,1.1,5,D1_m0_2p,DEPENDENCY-24,0,7523.736789,7523.736789,solver,7523.736789,True,24,True,7523.736789,False,0.000000,0,0,0.315341,Time limit reached,20.0528,0.0528,
large_rho1.10_s5|D1_m0_2p,large_rho1.10_s5,large,1.1,5,D1_m0_2p,DEPENDENCY-24,1,7523.736789,6336.454629,solver,6336.454629,True,24,True,7523.736789,True,0.157805,4,4,0.186796,Time limit reached,20.0464,0.0464,
large_rho1.10_s5|D1_m0_2p,large_rho1.10_s5,large,1.1,5,D1_m0_2p,EMPTY,0,7523.736789,6861.69033,solver,6861.69033,True,0,True,7523.736789,True,0.087994,0,0,0.087595,Time limit reached,20.0412,0.0412,
large_rho1.10_s5|D1_m0_2p,large_rho1.10_s5,large,1.1,5,D1_m0_2p,EMPTY,1,7523.736789,6748.97139,solver,6748.97139,True,0,True,7523.736789,True,0.102976,0,0,0.072428,Time limit reached,20.0429,0.0429,
large_rho1.10_s5|D1_m0_2p,large_rho1.10_s5,large,1.1,5,D1_m0_2p,FULL,0,7523.736789,7523.736789,solver,7523.736789,True,384,True,7523.736789,False,0.000000,0,0,0.424020,Time limit reached,20.0427,0.0427,
large_rho1.10_s5|D1_m0_2p,large_rho1.10_s5,large,1.1,5,D1_m0_2p,FULL,1,7523.736789,7523.736789,solver,7523.736789,True,384,True,7523.736789,False,0.000000,0,0,0.432184,Time limit reached,20.0409,0.0409,
large_rho1.10_s5|D1_m0_2p,large_rho1.10_s5,large,1.1,5,D1_m0_2p,MATCHED-RANDOM-1,0,7523.736789,6577.59099,solver,6577.59099,True,24,True,7523.736789,True,0.125755,4,4,0.105275,Time limit reached,20.0485,0.0485,0.2917
large_rho1.10_s5|D1_m0_2p,large_rho1.10_s5,large,1.1,5,D1_m0_2p,MATCHED-RANDOM-1,1,7523.736789,7145.256278,solver,7145.256278,True,24,True,7523.736789,True,0.050305,4,4,0.175226,Time limit reached,20.0476,0.0476,0.2917
large_rho1.10_s5|D1_m0_2p,large_rho1.10_s5,large,1.1,5,D1_m0_2p,MATCHED-RANDOM-2,0,7523.736789,6660.020338,solver,6660.020338,True,24,True,7523.736789,True,0.114799,3,3,0.118321,Time limit reached,20.0428,0.0428,0.2500
large_rho1.10_s5|D1_m0_2p,large_rho1.10_s5,large,1.1,5,D1_m0_2p,MATCHED-RANDOM-2,1,7523.736789,6745.261151,solver,6745.261151,True,24,True,7523.736789,True,0.103469,3,3,0.128032,Time limit reached,20.0903,0.0903,0.2500
large_rho1.10_s5|D1_m0_2p,large_rho1.10_s5,large,1.1,5,D1_m0_2p,MATCHED-RANDOM-3,0,7523.736789,6879.992342,solver,6879.992342,True,24,True,7523.736789,True,0.085562,4,4,0.108608,Time limit reached,20.0463,0.0463,0.2500
large_rho1.10_s5|D1_m0_2p,large_rho1.10_s5,large,1.1,5,D1_m0_2p,MATCHED-RANDOM-3,1,7523.736789,6839.665941,solver,6839.665941,True,24,True,7523.736789,True,0.090922,3,3,0.103776,Time limit reached,20.0446,0.0446,0.2500
large_rho1.10_s5|D1_m0_2p,large_rho1.10_s5,large,1.1,5,D1_m0_2p,SHORTAGE-24,0,7523.736789,6129.418733,solver,6129.418733,True,24,True,7523.736789,True,0.185323,4,4,0.158347,Time limit reached,20.0496,0.0496,
large_rho1.10_s5|D1_m0_2p,large_rho1.10_s5,large,1.1,5,D1_m0_2p,SHORTAGE-24,1,7523.736789,6226.66934,solver,6226.66934,True,24,True,7523.736789,True,0.172397,4,4,0.174381,Time limit reached,20.0442,0.0442,
large_rho1.10_s5|D1_m0_2p,large_rho1.10_s5,large,1.1,5,D1_m0_2p,WINDOW-24,0,7523.736789,5974.149777,solver,5974.149777,True,24,True,7523.736789,True,0.205960,3,3,0.135443,Time limit reached,20.0433,0.0433,
large_rho1.10_s5|D1_m0_2p,large_rho1.10_s5,large,1.1,5,D1_m0_2p,WINDOW-24,1,7523.736789,6199.590881,solver,6199.590881,True,24,True,7523.736789,True,0.175996,3,3,0.164014,Time limit reached,20.0806,0.0806,
large_rho1.10_s5|D2_all_1p,large_rho1.10_s5,large,1.1,5,D2_all_1p,DEPENDENCY-24,0,9800.940838,7345.904013,solver,7345.904013,True,24,True,9800.940838,True,0.250490,3,3,0.203701,Time limit reached,20.0791,0.0791,
large_rho1.10_s5|D2_all_1p,large_rho1.10_s5,large,1.1,5,D2_all_1p,DEPENDENCY-24,1,9800.940838,7139.596178,solver,7139.596178,True,24,True,9800.940838,True,0.271540,3,3,0.180846,Time limit reached,20.1085,0.1085,
large_rho1.10_s5|D2_all_1p,large_rho1.10_s5,large,1.1,5,D2_all_1p,EMPTY,0,9800.940838,6703.39216,solver,6703.39216,True,0,True,9800.940838,True,0.316046,0,0,0.109230,Time limit reached,20.0454,0.0454,
large_rho1.10_s5|D2_all_1p,large_rho1.10_s5,large,1.1,5,D2_all_1p,EMPTY,1,9800.940838,7249.167449,solver,7249.167449,True,0,True,9800.940838,True,0.260360,0,0,0.174776,Time limit reached,20.0805,0.0805,
large_rho1.10_s5|D2_all_1p,large_rho1.10_s5,large,1.1,5,D2_all_1p,FULL,0,9800.940838,9800.940838,solver,9800.940838,True,360,True,9800.940838,False,0.000000,0,0,0.473667,Time limit reached,20.0492,0.0492,
large_rho1.10_s5|D2_all_1p,large_rho1.10_s5,large,1.1,5,D2_all_1p,FULL,1,9800.940838,9800.940838,solver,9800.940838,True,360,True,9800.940838,False,0.000000,0,0,0.466748,Time limit reached,20.0417,0.0417,
large_rho1.10_s5|D2_all_1p,large_rho1.10_s5,large,1.1,5,D2_all_1p,MATCHED-RANDOM-1,0,9800.940838,7649.624289,solver,7649.624289,True,24,True,9800.940838,True,0.219501,4,4,0.235396,Time limit reached,20.0446,0.0446,0.4583
large_rho1.10_s5|D2_all_1p,large_rho1.10_s5,large,1.1,5,D2_all_1p,MATCHED-RANDOM-1,1,9800.940838,7953.452667,solver,7953.452667,True,24,True,9800.940838,True,0.188501,3,3,0.266108,Time limit reached,20.0446,0.0446,0.4583
large_rho1.10_s5|D2_all_1p,large_rho1.10_s5,large,1.1,5,D2_all_1p,MATCHED-RANDOM-2,0,9800.940838,9800.940838,solver,9800.940838,True,24,True,9800.940838,False,0.000000,0,0,0.413566,Time limit reached,20.0446,0.0446,0.4583
large_rho1.10_s5|D2_all_1p,large_rho1.10_s5,large,1.1,5,D2_all_1p,MATCHED-RANDOM-2,1,9800.940838,7508.035778,solver,7508.035778,True,24,True,9800.940838,True,0.233947,3,3,0.236582,Time limit reached,20.0453,0.0453,0.4583
large_rho1.10_s5|D2_all_1p,large_rho1.10_s5,large,1.1,5,D2_all_1p,MATCHED-RANDOM-3,0,9800.940838,6872.634165,solver,6872.634165,True,24,True,9800.940838,True,0.298778,3,3,0.160690,Time limit reached,20.0542,0.0542,0.4583
large_rho1.10_s5|D2_all_1p,large_rho1.10_s5,large,1.1,5,D2_all_1p,MATCHED-RANDOM-3,1,9800.940838,7318.731387,solver,7318.731387,True,24,True,9800.940838,True,0.253262,2,2,0.214689,Time limit reached,20.0425,0.0425,0.4583
large_rho1.10_s5|D2_all_1p,large_rho1.10_s5,large,1.1,5,D2_all_1p,SHORTAGE-24,0,9800.940838,6946.883771,solver,6946.883771,True,24,True,9800.940838,True,0.291202,1,1,0.168509,Time limit reached,20.0430,0.0430,
large_rho1.10_s5|D2_all_1p,large_rho1.10_s5,large,1.1,5,D2_all_1p,SHORTAGE-24,1,9800.940838,9800.940838,solver,9800.940838,True,24,True,9800.940838,False,0.000000,0,0,0.406828,Time limit reached,20.0531,0.0531,
large_rho1.10_s5|D2_all_1p,large_rho1.10_s5,large,1.1,5,D2_all_1p,WINDOW-24,0,9800.940838,7417.978223,solver,7417.978223,True,24,True,9800.940838,True,0.243136,4,4,0.203548,Time limit reached,20.0403,0.0403,
large_rho1.10_s5|D2_all_1p,large_rho1.10_s5,large,1.1,5,D2_all_1p,WINDOW-24,1,9800.940838,7157.537654,solver,7157.537654,True,24,True,9800.940838,True,0.269709,1,1,0.174554,Time limit reached,20.0440,0.0440,
medium_rho0.75_s2|D1_m0_2p,medium_rho0.75_s2,medium,0.75,2,D1_m0_2p,DEPENDENCY-24,0,1297.096658,748.7182971,solver,748.7182971,True,24,True,1297.096658,True,0.422774,4,4,0.037082,Time limit reached,20.0245,0.0245,
medium_rho0.75_s2|D1_m0_2p,medium_rho0.75_s2,medium,0.75,2,D1_m0_2p,DEPENDENCY-24,1,1297.096658,751.4615438,solver,751.4615438,True,24,True,1297.096658,True,0.420659,4,4,0.041143,Time limit reached,20.0226,0.0226,
medium_rho0.75_s2|D1_m0_2p,medium_rho0.75_s2,medium,0.75,2,D1_m0_2p,EMPTY,0,1297.096658,1080.039769,solver,1080.039769,True,0,True,1297.096658,True,0.167341,0,0,0.016745,Time limit reached,20.0231,0.0231,
medium_rho0.75_s2|D1_m0_2p,medium_rho0.75_s2,medium,0.75,2,D1_m0_2p,EMPTY,1,1297.096658,1082.171044,solver,1082.171044,True,0,True,1297.096658,True,0.165697,0,0,0.019730,Time limit reached,20.0221,0.0221,
medium_rho0.75_s2|D1_m0_2p,medium_rho0.75_s2,medium,0.75,2,D1_m0_2p,FULL,0,1297.096658,774.3285973,solver,774.3285973,True,192,True,1297.096658,True,0.403029,4,4,0.078884,Time limit reached,20.0244,0.0244,
medium_rho0.75_s2|D1_m0_2p,medium_rho0.75_s2,medium,0.75,2,D1_m0_2p,FULL,1,1297.096658,774.758919,solver,774.758919,True,192,True,1297.096658,True,0.402698,4,4,0.121127,Time limit reached,20.0207,0.0207,
medium_rho0.75_s2|D1_m0_2p,medium_rho0.75_s2,medium,0.75,2,D1_m0_2p,MATCHED-RANDOM-1,0,1297.096658,933.1000023,solver,933.1000023,True,24,True,1297.096658,True,0.280624,4,4,0.027276,Time limit reached,20.0188,0.0188,0.5417
medium_rho0.75_s2|D1_m0_2p,medium_rho0.75_s2,medium,0.75,2,D1_m0_2p,MATCHED-RANDOM-1,1,1297.096658,966.6572424,solver,966.6572424,True,24,True,1297.096658,True,0.254753,4,4,0.071766,Time limit reached,20.0254,0.0254,0.5417
medium_rho0.75_s2|D1_m0_2p,medium_rho0.75_s2,medium,0.75,2,D1_m0_2p,MATCHED-RANDOM-2,0,1297.096658,937.738928,solver,937.738928,True,24,True,1297.096658,True,0.277048,4,4,0.043760,Time limit reached,20.0253,0.0253,0.5417
medium_rho0.75_s2|D1_m0_2p,medium_rho0.75_s2,medium,0.75,2,D1_m0_2p,MATCHED-RANDOM-2,1,1297.096658,928.9373269,solver,928.9373269,True,24,True,1297.096658,True,0.283833,4,4,0.035340,Time limit reached,20.0188,0.0188,0.5417
medium_rho0.75_s2|D1_m0_2p,medium_rho0.75_s2,medium,0.75,2,D1_m0_2p,MATCHED-RANDOM-3,0,1297.096658,913.7377397,solver,913.7377397,True,24,True,1297.096658,True,0.295552,4,4,0.049403,Time limit reached,20.0243,0.0243,0.5833
medium_rho0.75_s2|D1_m0_2p,medium_rho0.75_s2,medium,0.75,2,D1_m0_2p,MATCHED-RANDOM-3,1,1297.096658,909.3044289,solver,909.3044289,True,24,True,1297.096658,True,0.298969,3,3,0.045109,Time limit reached,20.0198,0.0198,0.5833
medium_rho0.75_s2|D1_m0_2p,medium_rho0.75_s2,medium,0.75,2,D1_m0_2p,SHORTAGE-24,0,1297.096658,832.513942,solver,832.513942,True,24,True,1297.096658,True,0.358171,3,3,0.050501,Time limit reached,20.0226,0.0226,
medium_rho0.75_s2|D1_m0_2p,medium_rho0.75_s2,medium,0.75,2,D1_m0_2p,SHORTAGE-24,1,1297.096658,814.3869876,solver,814.3869876,True,24,True,1297.096658,True,0.372146,3,3,0.031142,Time limit reached,20.0466,0.0466,
medium_rho0.75_s2|D1_m0_2p,medium_rho0.75_s2,medium,0.75,2,D1_m0_2p,WINDOW-24,0,1297.096658,1092.406986,solver,1092.406986,True,24,True,1297.096658,True,0.157806,0,0,0.028213,Time limit reached,20.0208,0.0208,
medium_rho0.75_s2|D1_m0_2p,medium_rho0.75_s2,medium,0.75,2,D1_m0_2p,WINDOW-24,1,1297.096658,1091.880915,solver,1091.880915,True,24,True,1297.096658,True,0.158212,0,0,0.027487,Time limit reached,20.0285,0.0285,
medium_rho0.75_s2|D2_all_1p,medium_rho0.75_s2,medium,0.75,2,D2_all_1p,DEPENDENCY-24,0,2086.272354,1668.499077,solver,1668.499077,True,24,True,2086.272354,True,0.200249,4,4,0.023187,Time limit reached,20.0309,0.0309,
medium_rho0.75_s2|D2_all_1p,medium_rho0.75_s2,medium,0.75,2,D2_all_1p,DEPENDENCY-24,1,2086.272354,1659.97922,solver,1659.97922,True,24,True,2086.272354,True,0.204332,4,4,0.018414,Time limit reached,20.0377,0.0377,
medium_rho0.75_s2|D2_all_1p,medium_rho0.75_s2,medium,0.75,2,D2_all_1p,EMPTY,0,2086.272354,1995.251581,solver,1995.251581,True,0,True,2086.272354,True,0.043628,0,0,0.011429,Time limit reached,20.0410,0.0410,
medium_rho0.75_s2|D2_all_1p,medium_rho0.75_s2,medium,0.75,2,D2_all_1p,EMPTY,1,2086.272354,1993.677484,solver,1993.677484,True,0,True,2086.272354,True,0.044383,0,0,0.010966,Time limit reached,20.0210,0.0210,
medium_rho0.75_s2|D2_all_1p,medium_rho0.75_s2,medium,0.75,2,D2_all_1p,FULL,0,2086.272354,1687.410818,solver,1687.410818,True,180,True,2086.272354,True,0.191184,3,3,0.058601,Time limit reached,20.0328,0.0328,
medium_rho0.75_s2|D2_all_1p,medium_rho0.75_s2,medium,0.75,2,D2_all_1p,FULL,1,2086.272354,1664.117751,solver,1664.117751,True,180,True,2086.272354,True,0.202349,4,4,0.044885,Time limit reached,20.0301,0.0301,
medium_rho0.75_s2|D2_all_1p,medium_rho0.75_s2,medium,0.75,2,D2_all_1p,MATCHED-RANDOM-1,0,2086.272354,1654.866159,solver,1654.866159,True,24,True,2086.272354,True,0.206783,4,4,0.018734,Time limit reached,20.0315,0.0315,0.5833
medium_rho0.75_s2|D2_all_1p,medium_rho0.75_s2,medium,0.75,2,D2_all_1p,MATCHED-RANDOM-1,1,2086.272354,1672.572809,solver,1672.572809,True,24,True,2086.272354,True,0.198296,4,4,0.029016,Time limit reached,20.0261,0.0261,0.5833
medium_rho0.75_s2|D2_all_1p,medium_rho0.75_s2,medium,0.75,2,D2_all_1p,MATCHED-RANDOM-2,0,2086.272354,1855.501087,solver,1855.501087,True,24,True,2086.272354,True,0.110614,4,4,0.022370,Time limit reached,20.0210,0.0210,0.5417
medium_rho0.75_s2|D2_all_1p,medium_rho0.75_s2,medium,0.75,2,D2_all_1p,MATCHED-RANDOM-2,1,2086.272354,1836.087377,solver,1836.087377,True,24,True,2086.272354,True,0.119920,3,3,0.012166,Time limit reached,20.0248,0.0248,0.5417
medium_rho0.75_s2|D2_all_1p,medium_rho0.75_s2,medium,0.75,2,D2_all_1p,MATCHED-RANDOM-3,0,2086.272354,1925.699898,solver,1925.699898,True,24,True,2086.272354,True,0.076966,3,3,0.021091,Time limit reached,20.0418,0.0418,0.5417
medium_rho0.75_s2|D2_all_1p,medium_rho0.75_s2,medium,0.75,2,D2_all_1p,MATCHED-RANDOM-3,1,2086.272354,1914.023085,solver,1914.023085,True,24,True,2086.272354,True,0.082563,3,3,0.015659,Time limit reached,20.0248,0.0248,0.5417
medium_rho0.75_s2|D2_all_1p,medium_rho0.75_s2,medium,0.75,2,D2_all_1p,SHORTAGE-24,0,2086.272354,1744.382651,solver,1744.382651,True,24,True,2086.272354,True,0.163876,4,4,0.021995,Time limit reached,20.0267,0.0267,
medium_rho0.75_s2|D2_all_1p,medium_rho0.75_s2,medium,0.75,2,D2_all_1p,SHORTAGE-24,1,2086.272354,1748.6348,solver,1748.6348,True,24,True,2086.272354,True,0.161838,4,4,0.023468,Time limit reached,20.0207,0.0207,
medium_rho0.75_s2|D2_all_1p,medium_rho0.75_s2,medium,0.75,2,D2_all_1p,WINDOW-24,0,2086.272354,1726.700981,solver,1726.700981,True,24,True,2086.272354,True,0.172351,4,4,0.010897,Time limit reached,20.0366,0.0366,
medium_rho0.75_s2|D2_all_1p,medium_rho0.75_s2,medium,0.75,2,D2_all_1p,WINDOW-24,1,2086.272354,1775.824665,solver,1775.824665,True,24,True,2086.272354,True,0.148805,4,4,0.038138,Time limit reached,20.0285,0.0285,
medium_rho0.75_s3|D1_m0_2p,medium_rho0.75_s3,medium,0.75,3,D1_m0_2p,DEPENDENCY-24,0,969.1411113,881.3937177,solver,881.3937177,True,24,True,969.1411113,True,0.090541,3,3,0.045138,Time limit reached,20.0226,0.0226,
medium_rho0.75_s3|D1_m0_2p,medium_rho0.75_s3,medium,0.75,3,D1_m0_2p,DEPENDENCY-24,1,969.1411113,864.9091264,solver,864.9091264,True,24,True,969.1411113,True,0.107551,3,3,0.027588,Time limit reached,20.0255,0.0255,
medium_rho0.75_s3|D1_m0_2p,medium_rho0.75_s3,medium,0.75,3,D1_m0_2p,EMPTY,0,969.1411113,957.0614479,solver,957.0614479,True,0,True,969.1411113,True,0.012464,0,0,0.025026,Time limit reached,20.0267,0.0267,
medium_rho0.75_s3|D1_m0_2p,medium_rho0.75_s3,medium,0.75,3,D1_m0_2p,EMPTY,1,969.1411113,954.0467965,solver,954.0467965,True,0,True,969.1411113,True,0.015575,0,0,0.021961,Time limit reached,20.0284,0.0284,
medium_rho0.75_s3|D1_m0_2p,medium_rho0.75_s3,medium,0.75,3,D1_m0_2p,FULL,0,969.1411113,873.3861193,solver,873.3861193,True,192,True,969.1411113,True,0.098804,3,3,0.176699,Time limit reached,20.0222,0.0222,
medium_rho0.75_s3|D1_m0_2p,medium_rho0.75_s3,medium,0.75,3,D1_m0_2p,FULL,1,969.1411113,866.1009249,solver,866.1009249,True,192,True,969.1411113,True,0.106321,4,4,0.182718,Time limit reached,20.0185,0.0185,
medium_rho0.75_s3|D1_m0_2p,medium_rho0.75_s3,medium,0.75,3,D1_m0_2p,MATCHED-RANDOM-1,0,969.1411113,958.5977794,solver,958.5977794,True,24,True,969.1411113,True,0.010879,0,0,0.038656,Time limit reached,20.0261,0.0261,0.4583
medium_rho0.75_s3|D1_m0_2p,medium_rho0.75_s3,medium,0.75,3,D1_m0_2p,MATCHED-RANDOM-1,1,969.1411113,965.5392588,solver,965.5392588,True,24,True,969.1411113,True,0.003717,0,0,0.045357,Time limit reached,20.0212,0.0212,0.4583
medium_rho0.75_s3|D1_m0_2p,medium_rho0.75_s3,medium,0.75,3,D1_m0_2p,MATCHED-RANDOM-2,0,969.1411113,920.1578335,solver,920.1578335,True,24,True,969.1411113,True,0.050543,4,4,0.020522,Time limit reached,20.0200,0.0200,0.3750
medium_rho0.75_s3|D1_m0_2p,medium_rho0.75_s3,medium,0.75,3,D1_m0_2p,MATCHED-RANDOM-2,1,969.1411113,926.5148604,solver,926.5148604,True,24,True,969.1411113,True,0.043984,4,4,0.026363,Time limit reached,20.0188,0.0188,0.3750
medium_rho0.75_s3|D1_m0_2p,medium_rho0.75_s3,medium,0.75,3,D1_m0_2p,MATCHED-RANDOM-3,0,969.1411113,924.0682188,solver,924.0682188,True,24,True,969.1411113,True,0.046508,4,4,0.087378,Time limit reached,20.0290,0.0290,0.5417
medium_rho0.75_s3|D1_m0_2p,medium_rho0.75_s3,medium,0.75,3,D1_m0_2p,MATCHED-RANDOM-3,1,969.1411113,890.507213,solver,890.507213,True,24,True,969.1411113,True,0.081138,3,3,0.052655,Time limit reached,20.0203,0.0203,0.5417
medium_rho0.75_s3|D1_m0_2p,medium_rho0.75_s3,medium,0.75,3,D1_m0_2p,SHORTAGE-24,0,969.1411113,923.5071909,solver,923.5071909,True,24,True,969.1411113,True,0.047087,1,1,0.033823,Time limit reached,20.0216,0.0216,
medium_rho0.75_s3|D1_m0_2p,medium_rho0.75_s3,medium,0.75,3,D1_m0_2p,SHORTAGE-24,1,969.1411113,937.1984842,solver,937.1984842,True,24,True,969.1411113,True,0.032960,1,1,0.048938,Time limit reached,20.0256,0.0256,
medium_rho0.75_s3|D1_m0_2p,medium_rho0.75_s3,medium,0.75,3,D1_m0_2p,WINDOW-24,0,969.1411113,876.7024536,solver,876.7024536,True,24,True,969.1411113,True,0.095382,4,4,0.029998,Time limit reached,20.0256,0.0256,
medium_rho0.75_s3|D1_m0_2p,medium_rho0.75_s3,medium,0.75,3,D1_m0_2p,WINDOW-24,1,969.1411113,883.5473377,solver,883.5473377,True,24,True,969.1411113,True,0.088319,4,4,0.033676,Time limit reached,20.0249,0.0249,
medium_rho0.75_s3|D2_all_1p,medium_rho0.75_s3,medium,0.75,3,D2_all_1p,DEPENDENCY-24,0,2246.236335,1864.595304,solver,1864.595304,True,24,True,2246.236335,True,0.169902,2,2,0.020450,Time limit reached,20.0247,0.0247,
medium_rho0.75_s3|D2_all_1p,medium_rho0.75_s3,medium,0.75,3,D2_all_1p,DEPENDENCY-24,1,2246.236335,1927.870813,solver,1927.870813,True,24,True,2246.236335,True,0.141733,4,4,0.063239,Time limit reached,20.0209,0.0209,
medium_rho0.75_s3|D2_all_1p,medium_rho0.75_s3,medium,0.75,3,D2_all_1p,EMPTY,0,2246.236335,2004.949698,solver,2004.949698,True,0,True,2246.236335,True,0.107418,0,0,0.011952,Time limit reached,20.0203,0.0203,
medium_rho0.75_s3|D2_all_1p,medium_rho0.75_s3,medium,0.75,3,D2_all_1p,EMPTY,1,2246.236335,2002.978944,solver,2002.978944,True,0,True,2246.236335,True,0.108296,0,0,0.011022,Time limit reached,20.0241,0.0241,
medium_rho0.75_s3|D2_all_1p,medium_rho0.75_s3,medium,0.75,3,D2_all_1p,FULL,0,2246.236335,1825.386491,solver,1825.386491,True,180,True,2246.236335,True,0.187358,4,4,0.071903,Time limit reached,20.0243,0.0243,
medium_rho0.75_s3|D2_all_1p,medium_rho0.75_s3,medium,0.75,3,D2_all_1p,FULL,1,2246.236335,1836.740297,solver,1836.740297,True,180,True,2246.236335,True,0.182303,4,4,0.078720,Time limit reached,20.0273,0.0273,
medium_rho0.75_s3|D2_all_1p,medium_rho0.75_s3,medium,0.75,3,D2_all_1p,MATCHED-RANDOM-1,0,2246.236335,1826.089776,solver,1826.089776,True,24,True,2246.236335,True,0.187045,4,4,0.017282,Time limit reached,20.0336,0.0336,0.5000
medium_rho0.75_s3|D2_all_1p,medium_rho0.75_s3,medium,0.75,3,D2_all_1p,MATCHED-RANDOM-1,1,2246.236335,1846.596621,solver,1846.596621,True,24,True,2246.236335,True,0.177915,4,4,0.028711,Time limit reached,20.0258,0.0258,0.5000
medium_rho0.75_s3|D2_all_1p,medium_rho0.75_s3,medium,0.75,3,D2_all_1p,MATCHED-RANDOM-2,0,2246.236335,1852.280608,solver,1852.280608,True,24,True,2246.236335,True,0.175385,4,4,0.017568,Time limit reached,20.0226,0.0226,0.4583
medium_rho0.75_s3|D2_all_1p,medium_rho0.75_s3,medium,0.75,3,D2_all_1p,MATCHED-RANDOM-2,1,2246.236335,1874.266124,solver,1874.266124,True,24,True,2246.236335,True,0.165597,3,3,0.029602,Time limit reached,20.0214,0.0214,0.4583
medium_rho0.75_s3|D2_all_1p,medium_rho0.75_s3,medium,0.75,3,D2_all_1p,MATCHED-RANDOM-3,0,2246.236335,1964.237929,solver,1964.237929,True,24,True,2246.236335,True,0.125543,4,4,0.048165,Time limit reached,20.0214,0.0214,0.4583
medium_rho0.75_s3|D2_all_1p,medium_rho0.75_s3,medium,0.75,3,D2_all_1p,MATCHED-RANDOM-3,1,2246.236335,1915.378558,solver,1915.378558,True,24,True,2246.236335,True,0.147294,4,4,0.023668,Time limit reached,20.0231,0.0231,0.4583
medium_rho0.75_s3|D2_all_1p,medium_rho0.75_s3,medium,0.75,3,D2_all_1p,SHORTAGE-24,0,2246.236335,1871.214327,solver,1871.214327,True,24,True,2246.236335,True,0.166956,4,4,0.050789,Time limit reached,20.0494,0.0494,
medium_rho0.75_s3|D2_all_1p,medium_rho0.75_s3,medium,0.75,3,D2_all_1p,SHORTAGE-24,1,2246.236335,1851.536955,solver,1851.536955,True,24,True,2246.236335,True,0.175716,4,4,0.037040,Time limit reached,20.0299,0.0299,
medium_rho0.75_s3|D2_all_1p,medium_rho0.75_s3,medium,0.75,3,D2_all_1p,WINDOW-24,0,2246.236335,1847.728455,solver,1847.728455,True,24,True,2246.236335,True,0.177411,4,4,0.014825,Time limit reached,20.0348,0.0348,
medium_rho0.75_s3|D2_all_1p,medium_rho0.75_s3,medium,0.75,3,D2_all_1p,WINDOW-24,1,2246.236335,1863.052087,solver,1863.052087,True,24,True,2246.236335,True,0.170589,4,4,0.022950,Time limit reached,20.0240,0.0240,
medium_rho0.75_s4|D1_m0_2p,medium_rho0.75_s4,medium,0.75,4,D1_m0_2p,DEPENDENCY-24,0,1729.374502,914.8688786,solver,914.8688786,True,24,True,1729.374502,True,0.470983,4,4,0.090208,Time limit reached,20.0580,0.0580,
medium_rho0.75_s4|D1_m0_2p,medium_rho0.75_s4,medium,0.75,4,D1_m0_2p,DEPENDENCY-24,1,1729.374502,895.0146541,solver,895.0146541,True,24,True,1729.374502,True,0.482463,4,4,0.069442,Time limit reached,20.0279,0.0279,
medium_rho0.75_s4|D1_m0_2p,medium_rho0.75_s4,medium,0.75,4,D1_m0_2p,EMPTY,0,1729.374502,1469.222545,solver,1469.222545,True,0,True,1729.374502,True,0.150431,0,0,0.020324,Time limit reached,20.0239,0.0239,
medium_rho0.75_s4|D1_m0_2p,medium_rho0.75_s4,medium,0.75,4,D1_m0_2p,EMPTY,1,1729.374502,1467.886538,solver,1467.886538,True,0,True,1729.374502,True,0.151204,0,0,0.020333,Time limit reached,20.0423,0.0423,
medium_rho0.75_s4|D1_m0_2p,medium_rho0.75_s4,medium,0.75,4,D1_m0_2p,FULL,0,1729.374502,881.3548359,solver,881.3548359,True,192,True,1729.374502,True,0.490362,4,4,0.124435,Time limit reached,20.0292,0.0292,
medium_rho0.75_s4|D1_m0_2p,medium_rho0.75_s4,medium,0.75,4,D1_m0_2p,FULL,1,1729.374502,881.3075204,solver,881.3075204,True,192,True,1729.374502,True,0.490389,4,4,0.075771,Time limit reached,20.0220,0.0220,
medium_rho0.75_s4|D1_m0_2p,medium_rho0.75_s4,medium,0.75,4,D1_m0_2p,MATCHED-RANDOM-1,0,1729.374502,1180.307988,solver,1180.307988,True,24,True,1729.374502,True,0.317494,4,4,0.027224,Time limit reached,20.0186,0.0186,0.5833
medium_rho0.75_s4|D1_m0_2p,medium_rho0.75_s4,medium,0.75,4,D1_m0_2p,MATCHED-RANDOM-1,1,1729.374502,1199.493961,solver,1199.493961,True,24,True,1729.374502,True,0.306400,4,4,0.048709,Time limit reached,20.0234,0.0234,0.5833
medium_rho0.75_s4|D1_m0_2p,medium_rho0.75_s4,medium,0.75,4,D1_m0_2p,MATCHED-RANDOM-2,0,1729.374502,1378.197762,solver,1378.197762,True,24,True,1729.374502,True,0.203066,4,4,0.027256,Time limit reached,20.0233,0.0233,0.5000
medium_rho0.75_s4|D1_m0_2p,medium_rho0.75_s4,medium,0.75,4,D1_m0_2p,MATCHED-RANDOM-2,1,1729.374502,1388.071904,solver,1388.071904,True,24,True,1729.374502,True,0.197356,4,4,0.032788,Time limit reached,20.0236,0.0236,0.5000
medium_rho0.75_s4|D1_m0_2p,medium_rho0.75_s4,medium,0.75,4,D1_m0_2p,MATCHED-RANDOM-3,0,1729.374502,1133.906131,solver,1133.906131,True,24,True,1729.374502,True,0.344326,4,4,0.032178,Time limit reached,20.0232,0.0232,0.5833
medium_rho0.75_s4|D1_m0_2p,medium_rho0.75_s4,medium,0.75,4,D1_m0_2p,MATCHED-RANDOM-3,1,1729.374502,1130.167707,solver,1130.167707,True,24,True,1729.374502,True,0.346488,4,4,0.029094,Time limit reached,20.0221,0.0221,0.5833
medium_rho0.75_s4|D1_m0_2p,medium_rho0.75_s4,medium,0.75,4,D1_m0_2p,SHORTAGE-24,0,1729.374502,1069.40274,solver,1069.40274,True,24,True,1729.374502,True,0.381625,4,4,0.033704,Time limit reached,20.0231,0.0231,
medium_rho0.75_s4|D1_m0_2p,medium_rho0.75_s4,medium,0.75,4,D1_m0_2p,SHORTAGE-24,1,1729.374502,1067.726769,solver,1067.726769,True,24,True,1729.374502,True,0.382594,4,4,0.035160,Time limit reached,20.0242,0.0242,
medium_rho0.75_s4|D1_m0_2p,medium_rho0.75_s4,medium,0.75,4,D1_m0_2p,WINDOW-24,0,1729.374502,1353.428449,solver,1353.428449,True,24,True,1729.374502,True,0.217388,1,1,0.022702,Time limit reached,20.0253,0.0253,
medium_rho0.75_s4|D1_m0_2p,medium_rho0.75_s4,medium,0.75,4,D1_m0_2p,WINDOW-24,1,1729.374502,1356.196718,solver,1356.196718,True,24,True,1729.374502,True,0.215788,1,1,0.024343,Time limit reached,20.0233,0.0233,
medium_rho0.75_s4|D2_all_1p,medium_rho0.75_s4,medium,0.75,4,D2_all_1p,DEPENDENCY-24,0,2482.849598,1722.672521,solver,1722.672521,True,24,True,2482.849598,True,0.306171,4,4,0.020754,Time limit reached,20.0264,0.0264,
medium_rho0.75_s4|D2_all_1p,medium_rho0.75_s4,medium,0.75,4,D2_all_1p,DEPENDENCY-24,1,2482.849598,1729.882319,solver,1729.882319,True,24,True,2482.849598,True,0.303267,4,4,0.023940,Time limit reached,20.0241,0.0241,
medium_rho0.75_s4|D2_all_1p,medium_rho0.75_s4,medium,0.75,4,D2_all_1p,EMPTY,0,2482.849598,2305.337586,solver,2305.337586,True,0,True,2482.849598,True,0.071495,0,0,0.011819,Time limit reached,20.0308,0.0308,
medium_rho0.75_s4|D2_all_1p,medium_rho0.75_s4,medium,0.75,4,D2_all_1p,EMPTY,1,2482.849598,2300.469261,solver,2300.469261,True,0,True,2482.849598,True,0.073456,0,0,0.009508,Time limit reached,20.0258,0.0258,
medium_rho0.75_s4|D2_all_1p,medium_rho0.75_s4,medium,0.75,4,D2_all_1p,FULL,0,2482.849598,1719.591346,solver,1719.591346,True,180,True,2482.849598,True,0.307412,4,4,0.039840,Time limit reached,20.0324,0.0324,
medium_rho0.75_s4|D2_all_1p,medium_rho0.75_s4,medium,0.75,4,D2_all_1p,FULL,1,2482.849598,1728.914457,solver,1728.914457,True,180,True,2482.849598,True,0.303657,4,4,0.044558,Time limit reached,20.0328,0.0328,
medium_rho0.75_s4|D2_all_1p,medium_rho0.75_s4,medium,0.75,4,D2_all_1p,MATCHED-RANDOM-1,0,2482.849598,1731.272967,solver,1731.272967,True,24,True,2482.849598,True,0.302707,4,4,0.017317,Time limit reached,20.0434,0.0434,0.4583
medium_rho0.75_s4|D2_all_1p,medium_rho0.75_s4,medium,0.75,4,D2_all_1p,MATCHED-RANDOM-1,1,2482.849598,1740.53275,solver,1740.53275,True,24,True,2482.849598,True,0.298978,4,4,0.022666,Time limit reached,20.0236,0.0236,0.4583
medium_rho0.75_s4|D2_all_1p,medium_rho0.75_s4,medium,0.75,4,D2_all_1p,MATCHED-RANDOM-2,0,2482.849598,2115.105538,solver,2115.105538,True,24,True,2482.849598,True,0.148114,4,4,0.015859,Time limit reached,20.0207,0.0207,0.4583
medium_rho0.75_s4|D2_all_1p,medium_rho0.75_s4,medium,0.75,4,D2_all_1p,MATCHED-RANDOM-2,1,2482.849598,2111.70649,solver,2111.70649,True,24,True,2482.849598,True,0.149483,4,4,0.015210,Time limit reached,20.0206,0.0206,0.4583
medium_rho0.75_s4|D2_all_1p,medium_rho0.75_s4,medium,0.75,4,D2_all_1p,MATCHED-RANDOM-3,0,2482.849598,1962.382866,solver,1962.382866,True,24,True,2482.849598,True,0.209625,4,4,0.018660,Time limit reached,20.0243,0.0243,0.3750
medium_rho0.75_s4|D2_all_1p,medium_rho0.75_s4,medium,0.75,4,D2_all_1p,MATCHED-RANDOM-3,1,2482.849598,1956.399357,solver,1956.399357,True,24,True,2482.849598,True,0.212035,4,4,0.016763,Time limit reached,20.0198,0.0198,0.3750
medium_rho0.75_s4|D2_all_1p,medium_rho0.75_s4,medium,0.75,4,D2_all_1p,SHORTAGE-24,0,2482.849598,1774.950358,solver,1774.950358,True,24,True,2482.849598,True,0.285116,3,3,0.020785,Time limit reached,20.0400,0.0400,
medium_rho0.75_s4|D2_all_1p,medium_rho0.75_s4,medium,0.75,4,D2_all_1p,SHORTAGE-24,1,2482.849598,1768.770293,solver,1768.770293,True,24,True,2482.849598,True,0.287605,3,3,0.017880,Time limit reached,20.0272,0.0272,
medium_rho0.75_s4|D2_all_1p,medium_rho0.75_s4,medium,0.75,4,D2_all_1p,WINDOW-24,0,2482.849598,1757.901529,solver,1757.901529,True,24,True,2482.849598,True,0.291982,3,3,0.047756,Time limit reached,20.0268,0.0268,
medium_rho0.75_s4|D2_all_1p,medium_rho0.75_s4,medium,0.75,4,D2_all_1p,WINDOW-24,1,2482.849598,1724.743723,solver,1724.743723,True,24,True,2482.849598,True,0.305337,4,4,0.018416,Time limit reached,20.0253,0.0253,
medium_rho0.75_s5|D1_m0_2p,medium_rho0.75_s5,medium,0.75,5,D1_m0_2p,DEPENDENCY-24,0,1506.136568,882.6197341,solver,882.6197341,True,24,True,1506.136568,True,0.413984,4,4,0.069867,Time limit reached,20.0272,0.0272,
medium_rho0.75_s5|D1_m0_2p,medium_rho0.75_s5,medium,0.75,5,D1_m0_2p,DEPENDENCY-24,1,1506.136568,884.6408653,solver,884.6408653,True,24,True,1506.136568,True,0.412642,4,4,0.069993,Time limit reached,20.0241,0.0241,
medium_rho0.75_s5|D1_m0_2p,medium_rho0.75_s5,medium,0.75,5,D1_m0_2p,EMPTY,0,1506.136568,1165.749063,solver,1165.749063,True,0,True,1506.136568,True,0.226000,0,0,0.042296,Time limit reached,20.0440,0.0440,
medium_rho0.75_s5|D1_m0_2p,medium_rho0.75_s5,medium,0.75,5,D1_m0_2p,EMPTY,1,1506.136568,1155.454368,solver,1155.454368,True,0,True,1506.136568,True,0.232836,0,0,0.034296,Time limit reached,20.0253,0.0253,
medium_rho0.75_s5|D1_m0_2p,medium_rho0.75_s5,medium,0.75,5,D1_m0_2p,FULL,0,1506.136568,879.7425377,solver,879.7425377,True,192,True,1506.136568,True,0.415895,4,4,0.145895,Time limit reached,20.0214,0.0214,
medium_rho0.75_s5|D1_m0_2p,medium_rho0.75_s5,medium,0.75,5,D1_m0_2p,FULL,1,1506.136568,868.1579683,solver,868.1579683,True,192,True,1506.136568,True,0.423586,4,4,0.159212,Time limit reached,20.0239,0.0239,
medium_rho0.75_s5|D1_m0_2p,medium_rho0.75_s5,medium,0.75,5,D1_m0_2p,MATCHED-RANDOM-1,0,1506.136568,922.0160887,solver,922.0160887,True,24,True,1506.136568,True,0.387827,4,4,0.038767,Time limit reached,20.0282,0.0282,0.4583
medium_rho0.75_s5|D1_m0_2p,medium_rho0.75_s5,medium,0.75,5,D1_m0_2p,MATCHED-RANDOM-1,1,1506.136568,926.9658207,solver,926.9658207,True,24,True,1506.136568,True,0.384541,4,4,0.042017,Time limit reached,20.0220,0.0220,0.4583
medium_rho0.75_s5|D1_m0_2p,medium_rho0.75_s5,medium,0.75,5,D1_m0_2p,MATCHED-RANDOM-2,0,1506.136568,1129.944982,solver,1129.944982,True,24,True,1506.136568,True,0.249773,4,4,0.044566,Time limit reached,20.0202,0.0202,0.4583
medium_rho0.75_s5|D1_m0_2p,medium_rho0.75_s5,medium,0.75,5,D1_m0_2p,MATCHED-RANDOM-2,1,1506.136568,1127.200696,solver,1127.200696,True,24,True,1506.136568,True,0.251595,3,3,0.042157,Time limit reached,20.0212,0.0212,0.4583
medium_rho0.75_s5|D1_m0_2p,medium_rho0.75_s5,medium,0.75,5,D1_m0_2p,MATCHED-RANDOM-3,0,1506.136568,857.8102764,solver,857.8102764,True,24,True,1506.136568,True,0.430457,4,4,0.042619,Time limit reached,20.0285,0.0285,0.4583
medium_rho0.75_s5|D1_m0_2p,medium_rho0.75_s5,medium,0.75,5,D1_m0_2p,MATCHED-RANDOM-3,1,1506.136568,878.5115578,solver,878.5115578,True,24,True,1506.136568,True,0.416712,4,4,0.067401,Time limit reached,20.0302,0.0302,0.4583
medium_rho0.75_s5|D1_m0_2p,medium_rho0.75_s5,medium,0.75,5,D1_m0_2p,SHORTAGE-24,0,1506.136568,1157.23761,solver,1157.23761,True,24,True,1506.136568,True,0.231652,2,2,0.080666,Time limit reached,20.0434,0.0434,
medium_rho0.75_s5|D1_m0_2p,medium_rho0.75_s5,medium,0.75,5,D1_m0_2p,SHORTAGE-24,1,1506.136568,1150.222245,solver,1150.222245,True,24,True,1506.136568,True,0.236309,2,2,0.086624,Time limit reached,20.0387,0.0387,
medium_rho0.75_s5|D1_m0_2p,medium_rho0.75_s5,medium,0.75,5,D1_m0_2p,WINDOW-24,0,1506.136568,1077.688253,solver,1077.688253,True,24,True,1506.136568,True,0.284468,2,2,0.054846,Time limit reached,20.0248,0.0248,
medium_rho0.75_s5|D1_m0_2p,medium_rho0.75_s5,medium,0.75,5,D1_m0_2p,WINDOW-24,1,1506.136568,1079.543956,solver,1079.543956,True,24,True,1506.136568,True,0.283236,2,2,0.055235,Time limit reached,20.0411,0.0411,
medium_rho0.75_s5|D2_all_1p,medium_rho0.75_s5,medium,0.75,5,D2_all_1p,DEPENDENCY-24,0,2189.205265,1860.486519,solver,1860.486519,True,24,True,2189.205265,True,0.150154,4,4,0.052276,Time limit reached,20.0329,0.0329,
medium_rho0.75_s5|D2_all_1p,medium_rho0.75_s5,medium,0.75,5,D2_all_1p,DEPENDENCY-24,1,2189.205265,1864.940906,solver,1864.940906,True,24,True,2189.205265,True,0.148120,4,4,0.054930,Time limit reached,20.0239,0.0239,
medium_rho0.75_s5|D2_all_1p,medium_rho0.75_s5,medium,0.75,5,D2_all_1p,EMPTY,0,2189.205265,1914.063276,solver,1914.063276,True,0,True,2189.205265,True,0.125681,0,0,0.027509,Time limit reached,20.0239,0.0239,
medium_rho0.75_s5|D2_all_1p,medium_rho0.75_s5,medium,0.75,5,D2_all_1p,EMPTY,1,2189.205265,1905.625795,solver,1905.625795,True,0,True,2189.205265,True,0.129535,0,0,0.023334,Time limit reached,20.0297,0.0297,
medium_rho0.75_s5|D2_all_1p,medium_rho0.75_s5,medium,0.75,5,D2_all_1p,FULL,0,2189.205265,1826.527672,solver,1826.527672,True,180,True,2189.205265,True,0.165666,4,4,0.082258,Time limit reached,20.0321,0.0321,
medium_rho0.75_s5|D2_all_1p,medium_rho0.75_s5,medium,0.75,5,D2_all_1p,FULL,1,2189.205265,1797.403739,solver,1797.403739,True,180,True,2189.205265,True,0.178970,4,4,0.067492,Time limit reached,20.0174,0.0174,
medium_rho0.75_s5|D2_all_1p,medium_rho0.75_s5,medium,0.75,5,D2_all_1p,MATCHED-RANDOM-1,0,2189.205265,1849.433381,solver,1849.433381,True,24,True,2189.205265,True,0.155203,4,4,0.035129,Time limit reached,20.0414,0.0414,0.5833
medium_rho0.75_s5|D2_all_1p,medium_rho0.75_s5,medium,0.75,5,D2_all_1p,MATCHED-RANDOM-1,1,2189.205265,1846.744593,solver,1846.744593,True,24,True,2189.205265,True,0.156432,3,3,0.032965,Time limit reached,20.0203,0.0203,0.5833
medium_rho0.75_s5|D2_all_1p,medium_rho0.75_s5,medium,0.75,5,D2_all_1p,MATCHED-RANDOM-2,0,2189.205265,1845.435039,solver,1845.435039,True,24,True,2189.205265,True,0.157030,4,4,0.022146,Time limit reached,20.0451,0.0451,0.5417
medium_rho0.75_s5|D2_all_1p,medium_rho0.75_s5,medium,0.75,5,D2_all_1p,MATCHED-RANDOM-2,1,2189.205265,1852.948421,solver,1852.948421,True,24,True,2189.205265,True,0.153598,4,4,0.027396,Time limit reached,20.0244,0.0244,0.5417
medium_rho0.75_s5|D2_all_1p,medium_rho0.75_s5,medium,0.75,5,D2_all_1p,MATCHED-RANDOM-3,0,2189.205265,1839.328163,solver,1839.328163,True,24,True,2189.205265,True,0.159819,2,2,0.025324,Time limit reached,20.0219,0.0219,0.5833
medium_rho0.75_s5|D2_all_1p,medium_rho0.75_s5,medium,0.75,5,D2_all_1p,MATCHED-RANDOM-3,1,2189.205265,1839.496654,solver,1839.496654,True,24,True,2189.205265,True,0.159742,2,2,0.025679,Time limit reached,20.0241,0.0241,0.5833
medium_rho0.75_s5|D2_all_1p,medium_rho0.75_s5,medium,0.75,5,D2_all_1p,SHORTAGE-24,0,2189.205265,1862.913874,solver,1862.913874,True,24,True,2189.205265,True,0.149046,1,1,0.059982,Time limit reached,20.0260,0.0260,
medium_rho0.75_s5|D2_all_1p,medium_rho0.75_s5,medium,0.75,5,D2_all_1p,SHORTAGE-24,1,2189.205265,1875.384781,solver,1875.384781,True,24,True,2189.205265,True,0.143349,1,1,0.067485,Time limit reached,20.0214,0.0214,
medium_rho0.75_s5|D2_all_1p,medium_rho0.75_s5,medium,0.75,5,D2_all_1p,WINDOW-24,0,2189.205265,1954.887895,solver,1954.887895,True,24,True,2189.205265,True,0.107033,4,4,0.094470,Time limit reached,20.0226,0.0226,
medium_rho0.75_s5|D2_all_1p,medium_rho0.75_s5,medium,0.75,5,D2_all_1p,WINDOW-24,1,2189.205265,1869.290412,solver,1869.290412,True,24,True,2189.205265,True,0.146133,4,4,0.040666,Time limit reached,20.0245,0.0245,
medium_rho1.10_s2|D1_m0_2p,medium_rho1.10_s2,medium,1.1,2,D1_m0_2p,DEPENDENCY-24,0,3581.589749,2981.867398,solver,2981.867398,True,24,True,3581.589749,True,0.167446,3,3,0.026159,Time limit reached,20.0242,0.0242,
medium_rho1.10_s2|D1_m0_2p,medium_rho1.10_s2,medium,1.1,2,D1_m0_2p,DEPENDENCY-24,1,3581.589749,2978.181882,solver,2978.181882,True,24,True,3581.589749,True,0.168475,3,3,0.024692,Time limit reached,20.0338,0.0338,
medium_rho1.10_s2|D1_m0_2p,medium_rho1.10_s2,medium,1.1,2,D1_m0_2p,EMPTY,0,3581.589749,3341.585166,solver,3341.585166,True,0,True,3581.589749,True,0.067011,0,0,0.011698,Time limit reached,20.0242,0.0242,
medium_rho1.10_s2|D1_m0_2p,medium_rho1.10_s2,medium,1.1,2,D1_m0_2p,EMPTY,1,3581.589749,3341.585166,solver,3341.585166,True,0,True,3581.589749,True,0.067011,0,0,0.012577,Time limit reached,20.0268,0.0268,
medium_rho1.10_s2|D1_m0_2p,medium_rho1.10_s2,medium,1.1,2,D1_m0_2p,FULL,0,3581.589749,2952.550316,solver,2952.550316,True,192,True,3581.589749,True,0.175631,4,4,0.126758,Time limit reached,20.0235,0.0235,
medium_rho1.10_s2|D1_m0_2p,medium_rho1.10_s2,medium,1.1,2,D1_m0_2p,FULL,1,3581.589749,2936.313096,solver,2936.313096,True,192,True,3581.589749,True,0.180165,4,4,0.117808,Time limit reached,20.0278,0.0278,
medium_rho1.10_s2|D1_m0_2p,medium_rho1.10_s2,medium,1.1,2,D1_m0_2p,MATCHED-RANDOM-1,0,3581.589749,3155.59986,solver,3155.59986,True,24,True,3581.589749,True,0.118939,4,4,0.056407,Time limit reached,20.0646,0.0646,0.3333
medium_rho1.10_s2|D1_m0_2p,medium_rho1.10_s2,medium,1.1,2,D1_m0_2p,MATCHED-RANDOM-1,1,3581.589749,3131.899035,solver,3131.899035,True,24,True,3581.589749,True,0.125556,3,3,0.054813,Time limit reached,20.0204,0.0204,0.3333
medium_rho1.10_s2|D1_m0_2p,medium_rho1.10_s2,medium,1.1,2,D1_m0_2p,MATCHED-RANDOM-2,0,3581.589749,3154.294058,solver,3154.294058,True,24,True,3581.589749,True,0.119303,3,3,0.017199,Time limit reached,20.0244,0.0244,0.4167
medium_rho1.10_s2|D1_m0_2p,medium_rho1.10_s2,medium,1.1,2,D1_m0_2p,MATCHED-RANDOM-2,1,3581.589749,3157.967312,solver,3157.967312,True,24,True,3581.589749,True,0.118278,3,3,0.020114,Time limit reached,20.0332,0.0332,0.4167
medium_rho1.10_s2|D1_m0_2p,medium_rho1.10_s2,medium,1.1,2,D1_m0_2p,MATCHED-RANDOM-3,0,3581.589749,3215.812373,solver,3215.812373,True,24,True,3581.589749,True,0.102127,3,3,0.031783,Time limit reached,20.0265,0.0265,0.5000
medium_rho1.10_s2|D1_m0_2p,medium_rho1.10_s2,medium,1.1,2,D1_m0_2p,MATCHED-RANDOM-3,1,3581.589749,3168.604566,solver,3168.604566,True,24,True,3581.589749,True,0.115308,2,2,0.016872,Time limit reached,20.0280,0.0280,0.5000
medium_rho1.10_s2|D1_m0_2p,medium_rho1.10_s2,medium,1.1,2,D1_m0_2p,SHORTAGE-24,0,3581.589749,2917.180351,solver,2917.180351,True,24,True,3581.589749,True,0.185507,4,4,0.020253,Time limit reached,20.0189,0.0189,
medium_rho1.10_s2|D1_m0_2p,medium_rho1.10_s2,medium,1.1,2,D1_m0_2p,SHORTAGE-24,1,3581.589749,2904.458242,solver,2904.458242,True,24,True,3581.589749,True,0.189059,4,4,0.016123,Time limit reached,20.0835,0.0835,
medium_rho1.10_s2|D1_m0_2p,medium_rho1.10_s2,medium,1.1,2,D1_m0_2p,WINDOW-24,0,3581.589749,3341.469566,solver,3341.469566,True,24,True,3581.589749,True,0.067043,3,3,0.035254,Time limit reached,20.0217,0.0217,
medium_rho1.10_s2|D1_m0_2p,medium_rho1.10_s2,medium,1.1,2,D1_m0_2p,WINDOW-24,1,3581.589749,3329.325915,solver,3329.325915,True,24,True,3581.589749,True,0.070433,3,3,0.031692,Time limit reached,20.0256,0.0256,
medium_rho1.10_s2|D2_all_1p,medium_rho1.10_s2,medium,1.1,2,D2_all_1p,DEPENDENCY-24,0,5406.220151,4302.775463,solver,4302.775463,True,24,True,5406.220151,True,0.204107,3,3,0.044497,Time limit reached,20.0230,0.0230,
medium_rho1.10_s2|D2_all_1p,medium_rho1.10_s2,medium,1.1,2,D2_all_1p,DEPENDENCY-24,1,5406.220151,4286.497674,solver,4286.497674,True,24,True,5406.220151,True,0.207117,2,2,0.041694,Time limit reached,20.0237,0.0237,
medium_rho1.10_s2|D2_all_1p,medium_rho1.10_s2,medium,1.1,2,D2_all_1p,EMPTY,0,5406.220151,4611.78738,solver,4611.78738,True,0,True,5406.220151,True,0.146948,0,0,0.008868,Time limit reached,20.0251,0.0251,
medium_rho1.10_s2|D2_all_1p,medium_rho1.10_s2,medium,1.1,2,D2_all_1p,EMPTY,1,5406.220151,4616.068243,solver,4616.068243,True,0,True,5406.220151,True,0.146156,0,0,0.009595,Time limit reached,20.0282,0.0282,
medium_rho1.10_s2|D2_all_1p,medium_rho1.10_s2,medium,1.1,2,D2_all_1p,FULL,0,5406.220151,3973.220693,solver,3973.220693,True,180,True,5406.220151,True,0.265065,4,4,0.073149,Time limit reached,20.0254,0.0254,
medium_rho1.10_s2|D2_all_1p,medium_rho1.10_s2,medium,1.1,2,D2_all_1p,FULL,1,5406.220151,3977.022467,solver,3977.022467,True,180,True,5406.220151,True,0.264362,3,3,0.074289,Time limit reached,20.0243,0.0243,
medium_rho1.10_s2|D2_all_1p,medium_rho1.10_s2,medium,1.1,2,D2_all_1p,MATCHED-RANDOM-1,0,5406.220151,3989.500931,solver,3989.500931,True,24,True,5406.220151,True,0.262054,4,4,0.038722,Time limit reached,20.0237,0.0237,0.3750
medium_rho1.10_s2|D2_all_1p,medium_rho1.10_s2,medium,1.1,2,D2_all_1p,MATCHED-RANDOM-1,1,5406.220151,3974.707074,solver,3974.707074,True,24,True,5406.220151,True,0.264790,4,4,0.033848,Time limit reached,20.0674,0.0674,0.3750
medium_rho1.10_s2|D2_all_1p,medium_rho1.10_s2,medium,1.1,2,D2_all_1p,MATCHED-RANDOM-2,0,5406.220151,4284.362233,solver,4284.362233,True,24,True,5406.220151,True,0.207512,3,3,0.032663,Time limit reached,20.0255,0.0255,0.4167
medium_rho1.10_s2|D2_all_1p,medium_rho1.10_s2,medium,1.1,2,D2_all_1p,MATCHED-RANDOM-2,1,5406.220151,4266.749637,solver,4266.749637,True,24,True,5406.220151,True,0.210770,3,3,0.026711,Time limit reached,20.0253,0.0253,0.4167
medium_rho1.10_s2|D2_all_1p,medium_rho1.10_s2,medium,1.1,2,D2_all_1p,MATCHED-RANDOM-3,0,5406.220151,4346.934675,solver,4346.934675,True,24,True,5406.220151,True,0.195938,4,4,0.041318,Time limit reached,20.0225,0.0225,0.4167
medium_rho1.10_s2|D2_all_1p,medium_rho1.10_s2,medium,1.1,2,D2_all_1p,MATCHED-RANDOM-3,1,5406.220151,4312.141207,solver,4312.141207,True,24,True,5406.220151,True,0.202374,3,3,0.034695,Time limit reached,20.0269,0.0269,0.4167
medium_rho1.10_s2|D2_all_1p,medium_rho1.10_s2,medium,1.1,2,D2_all_1p,SHORTAGE-24,0,5406.220151,3968.646461,solver,3968.646461,True,24,True,5406.220151,True,0.265911,2,2,0.021120,Time limit reached,20.0309,0.0309,
medium_rho1.10_s2|D2_all_1p,medium_rho1.10_s2,medium,1.1,2,D2_all_1p,SHORTAGE-24,1,5406.220151,3956.810206,solver,3956.810206,True,24,True,5406.220151,True,0.268100,3,3,0.018771,Time limit reached,20.0252,0.0252,
medium_rho1.10_s2|D2_all_1p,medium_rho1.10_s2,medium,1.1,2,D2_all_1p,WINDOW-24,0,5406.220151,3992.376656,solver,3992.376656,True,24,True,5406.220151,True,0.261522,2,2,0.027320,Time limit reached,20.0243,0.0243,
medium_rho1.10_s2|D2_all_1p,medium_rho1.10_s2,medium,1.1,2,D2_all_1p,WINDOW-24,1,5406.220151,4013.409764,solver,4013.409764,True,24,True,5406.220151,True,0.257631,2,2,0.032653,Time limit reached,20.0335,0.0335,
medium_rho1.10_s3|D1_m0_2p,medium_rho1.10_s3,medium,1.1,3,D1_m0_2p,DEPENDENCY-24,0,4000.21968,3153.802495,solver,3153.802495,True,24,True,4000.21968,True,0.211593,4,4,0.057437,Time limit reached,20.0253,0.0253,
medium_rho1.10_s3|D1_m0_2p,medium_rho1.10_s3,medium,1.1,3,D1_m0_2p,DEPENDENCY-24,1,4000.21968,3148.248145,solver,3148.248145,True,24,True,4000.21968,True,0.212981,4,4,0.058857,Time limit reached,20.0235,0.0235,
medium_rho1.10_s3|D1_m0_2p,medium_rho1.10_s3,medium,1.1,3,D1_m0_2p,EMPTY,0,4000.21968,3999.547694,solver,3999.547694,True,0,True,4000.21968,True,0.000168,0,0,0.040667,Time limit reached,20.0298,0.0298,
medium_rho1.10_s3|D1_m0_2p,medium_rho1.10_s3,medium,1.1,3,D1_m0_2p,EMPTY,1,4000.21968,4000.21968,solver,4000.21968,True,0,True,4000.21968,False,0.000000,0,0,0.040326,Time limit reached,20.0234,0.0234,
medium_rho1.10_s3|D1_m0_2p,medium_rho1.10_s3,medium,1.1,3,D1_m0_2p,FULL,0,4000.21968,3310.750391,solver,3310.750391,True,192,True,4000.21968,True,0.172358,3,3,0.156044,Time limit reached,20.0209,0.0209,
medium_rho1.10_s3|D1_m0_2p,medium_rho1.10_s3,medium,1.1,3,D1_m0_2p,FULL,1,4000.21968,3173.158681,solver,3173.158681,True,192,True,4000.21968,True,0.206754,4,4,0.110105,Time limit reached,20.0260,0.0260,
medium_rho1.10_s3|D1_m0_2p,medium_rho1.10_s3,medium,1.1,3,D1_m0_2p,MATCHED-RANDOM-1,0,4000.21968,3556.986819,solver,3556.986819,True,24,True,4000.21968,True,0.110802,4,4,0.052508,Time limit reached,20.0195,0.0195,0.4167
medium_rho1.10_s3|D1_m0_2p,medium_rho1.10_s3,medium,1.1,3,D1_m0_2p,MATCHED-RANDOM-1,1,4000.21968,3511.10167,solver,3511.10167,True,24,True,4000.21968,True,0.122273,4,4,0.061089,Time limit reached,20.0264,0.0264,0.4167
medium_rho1.10_s3|D1_m0_2p,medium_rho1.10_s3,medium,1.1,3,D1_m0_2p,MATCHED-RANDOM-2,0,4000.21968,4000.21968,solver,4000.21968,True,24,True,4000.21968,False,0.000000,0,0,0.042277,Time limit reached,20.0275,0.0275,0.4583
medium_rho1.10_s3|D1_m0_2p,medium_rho1.10_s3,medium,1.1,3,D1_m0_2p,MATCHED-RANDOM-2,1,4000.21968,4000.21968,solver,4000.21968,True,24,True,4000.21968,False,0.000000,0,0,0.043819,Time limit reached,20.0321,0.0321,0.4583
medium_rho1.10_s3|D1_m0_2p,medium_rho1.10_s3,medium,1.1,3,D1_m0_2p,MATCHED-RANDOM-3,0,4000.21968,3260.562797,solver,3260.562797,True,24,True,4000.21968,True,0.184904,4,4,0.063509,Time limit reached,20.0228,0.0228,0.4167
medium_rho1.10_s3|D1_m0_2p,medium_rho1.10_s3,medium,1.1,3,D1_m0_2p,MATCHED-RANDOM-3,1,4000.21968,3241.248981,solver,3241.248981,True,24,True,4000.21968,True,0.189732,4,4,0.060167,Time limit reached,20.0310,0.0310,0.4167
medium_rho1.10_s3|D1_m0_2p,medium_rho1.10_s3,medium,1.1,3,D1_m0_2p,SHORTAGE-24,0,4000.21968,3363.840072,solver,3363.840072,True,24,True,4000.21968,True,0.159086,3,3,0.048604,Time limit reached,20.0210,0.0210,
medium_rho1.10_s3|D1_m0_2p,medium_rho1.10_s3,medium,1.1,3,D1_m0_2p,SHORTAGE-24,1,4000.21968,3487.58575,solver,3487.58575,True,24,True,4000.21968,True,0.128151,2,2,0.081719,Time limit reached,20.0312,0.0312,
medium_rho1.10_s3|D1_m0_2p,medium_rho1.10_s3,medium,1.1,3,D1_m0_2p,WINDOW-24,0,4000.21968,3570.457919,solver,3570.457919,True,24,True,4000.21968,True,0.107435,3,3,0.055634,Time limit reached,20.0213,0.0213,
medium_rho1.10_s3|D1_m0_2p,medium_rho1.10_s3,medium,1.1,3,D1_m0_2p,WINDOW-24,1,4000.21968,3658.603421,solver,3658.603421,True,24,True,4000.21968,True,0.085399,3,3,0.077657,Time limit reached,20.0228,0.0228,
medium_rho1.10_s3|D2_all_1p,medium_rho1.10_s3,medium,1.1,3,D2_all_1p,DEPENDENCY-24,0,6131.767041,4438.173738,solver,4438.173738,True,24,True,6131.767041,True,0.276200,4,4,0.060928,Time limit reached,20.0276,0.0276,
medium_rho1.10_s3|D2_all_1p,medium_rho1.10_s3,medium,1.1,3,D2_all_1p,DEPENDENCY-24,1,6131.767041,4452.256366,solver,4452.256366,True,24,True,6131.767041,True,0.273903,4,4,0.065661,Time limit reached,20.0273,0.0273,
medium_rho1.10_s3|D2_all_1p,medium_rho1.10_s3,medium,1.1,3,D2_all_1p,EMPTY,0,6131.767041,5232.652971,solver,5232.652971,True,0,True,6131.767041,True,0.146632,0,0,0.039292,Time limit reached,20.0341,0.0341,
medium_rho1.10_s3|D2_all_1p,medium_rho1.10_s3,medium,1.1,3,D2_all_1p,EMPTY,1,6131.767041,5213.480015,solver,5213.480015,True,0,True,6131.767041,True,0.149759,0,0,0.035600,Time limit reached,20.0195,0.0195,
medium_rho1.10_s3|D2_all_1p,medium_rho1.10_s3,medium,1.1,3,D2_all_1p,FULL,0,6131.767041,4135.792823,solver,4135.792823,True,180,True,6131.767041,True,0.325514,4,4,0.074954,Time limit reached,20.0273,0.0273,
medium_rho1.10_s3|D2_all_1p,medium_rho1.10_s3,medium,1.1,3,D2_all_1p,FULL,1,6131.767041,4275.194422,solver,4275.194422,True,180,True,6131.767041,True,0.302779,4,4,0.103882,Time limit reached,20.0262,0.0262,
medium_rho1.10_s3|D2_all_1p,medium_rho1.10_s3,medium,1.1,3,D2_all_1p,MATCHED-RANDOM-1,0,6131.767041,4523.766471,solver,4523.766471,True,24,True,6131.767041,True,0.262241,3,3,0.046165,Time limit reached,20.0236,0.0236,0.4167
medium_rho1.10_s3|D2_all_1p,medium_rho1.10_s3,medium,1.1,3,D2_all_1p,MATCHED-RANDOM-1,1,6131.767041,4649.86525,solver,4649.86525,True,24,True,6131.767041,True,0.241676,4,4,0.069899,Time limit reached,20.0251,0.0251,0.4167
medium_rho1.10_s3|D2_all_1p,medium_rho1.10_s3,medium,1.1,3,D2_all_1p,MATCHED-RANDOM-2,0,6131.767041,4471.057518,solver,4471.057518,True,24,True,6131.767041,True,0.270837,3,3,0.050354,Time limit reached,20.0241,0.0241,0.4167
medium_rho1.10_s3|D2_all_1p,medium_rho1.10_s3,medium,1.1,3,D2_all_1p,MATCHED-RANDOM-2,1,6131.767041,4449.235977,solver,4449.235977,True,24,True,6131.767041,True,0.274396,3,3,0.048363,Time limit reached,20.0333,0.0333,0.4167
medium_rho1.10_s3|D2_all_1p,medium_rho1.10_s3,medium,1.1,3,D2_all_1p,MATCHED-RANDOM-3,0,6131.767041,4523.252392,solver,4523.252392,True,24,True,6131.767041,True,0.262325,4,4,0.051374,Time limit reached,20.0241,0.0241,0.3333
medium_rho1.10_s3|D2_all_1p,medium_rho1.10_s3,medium,1.1,3,D2_all_1p,MATCHED-RANDOM-3,1,6131.767041,4531.781653,solver,4531.781653,True,24,True,6131.767041,True,0.260934,3,3,0.055995,Time limit reached,20.0398,0.0398,0.3333
medium_rho1.10_s3|D2_all_1p,medium_rho1.10_s3,medium,1.1,3,D2_all_1p,SHORTAGE-24,0,6131.767041,4344.754466,solver,4344.754466,True,24,True,6131.767041,True,0.291435,4,4,0.072818,Time limit reached,20.0213,0.0213,
medium_rho1.10_s3|D2_all_1p,medium_rho1.10_s3,medium,1.1,3,D2_all_1p,SHORTAGE-24,1,6131.767041,4419.123396,solver,4419.123396,True,24,True,6131.767041,True,0.279307,4,4,0.091463,Time limit reached,20.0518,0.0518,
medium_rho1.10_s3|D2_all_1p,medium_rho1.10_s3,medium,1.1,3,D2_all_1p,WINDOW-24,0,6131.767041,4187.371062,solver,4187.371062,True,24,True,6131.767041,True,0.317102,4,4,0.030006,Time limit reached,20.0191,0.0191,
medium_rho1.10_s3|D2_all_1p,medium_rho1.10_s3,medium,1.1,3,D2_all_1p,WINDOW-24,1,6131.767041,4339.854964,solver,4339.854964,True,24,True,6131.767041,True,0.292234,3,3,0.065268,Time limit reached,20.0213,0.0213,
medium_rho1.10_s4|D1_m0_2p,medium_rho1.10_s4,medium,1.1,4,D1_m0_2p,DEPENDENCY-24,0,3676.031279,3043.247379,solver,3043.247379,True,24,True,3676.031279,True,0.172138,3,3,0.054279,Time limit reached,20.0260,0.0260,
medium_rho1.10_s4|D1_m0_2p,medium_rho1.10_s4,medium,1.1,4,D1_m0_2p,DEPENDENCY-24,1,3676.031279,3007.56778,solver,3007.56778,True,24,True,3676.031279,True,0.181844,3,3,0.042446,Time limit reached,20.0538,0.0538,
medium_rho1.10_s4|D1_m0_2p,medium_rho1.10_s4,medium,1.1,4,D1_m0_2p,EMPTY,0,3676.031279,3649.172503,solver,3649.172503,True,0,True,3676.031279,True,0.007306,0,0,0.024543,Time limit reached,20.0209,0.0209,
medium_rho1.10_s4|D1_m0_2p,medium_rho1.10_s4,medium,1.1,4,D1_m0_2p,EMPTY,1,3676.031279,3652.406561,solver,3652.406561,True,0,True,3676.031279,True,0.006427,0,0,0.025045,Time limit reached,20.0204,0.0204,
medium_rho1.10_s4|D1_m0_2p,medium_rho1.10_s4,medium,1.1,4,D1_m0_2p,FULL,0,3676.031279,2957.536027,solver,2957.536027,True,192,True,3676.031279,True,0.195454,4,4,0.093401,Time limit reached,20.0200,0.0200,
medium_rho1.10_s4|D1_m0_2p,medium_rho1.10_s4,medium,1.1,4,D1_m0_2p,FULL,1,3676.031279,2910.75231,solver,2910.75231,True,192,True,3676.031279,True,0.208181,4,4,0.084448,Time limit reached,20.0343,0.0343,
medium_rho1.10_s4|D1_m0_2p,medium_rho1.10_s4,medium,1.1,4,D1_m0_2p,MATCHED-RANDOM-1,0,3676.031279,3167.685887,solver,3167.685887,True,24,True,3676.031279,True,0.138286,3,3,0.053355,Time limit reached,20.0240,0.0240,0.3333
medium_rho1.10_s4|D1_m0_2p,medium_rho1.10_s4,medium,1.1,4,D1_m0_2p,MATCHED-RANDOM-1,1,3676.031279,3210.03246,solver,3210.03246,True,24,True,3676.031279,True,0.126767,4,4,0.061740,Time limit reached,20.0257,0.0257,0.3333
medium_rho1.10_s4|D1_m0_2p,medium_rho1.10_s4,medium,1.1,4,D1_m0_2p,MATCHED-RANDOM-2,0,3676.031279,3208.670835,solver,3208.670835,True,24,True,3676.031279,True,0.127137,3,3,0.041710,Time limit reached,20.0233,0.0233,0.2917
medium_rho1.10_s4|D1_m0_2p,medium_rho1.10_s4,medium,1.1,4,D1_m0_2p,MATCHED-RANDOM-2,1,3676.031279,3209.020223,solver,3209.020223,True,24,True,3676.031279,True,0.127042,3,3,0.040057,Time limit reached,20.0395,0.0395,0.2917
medium_rho1.10_s4|D1_m0_2p,medium_rho1.10_s4,medium,1.1,4,D1_m0_2p,MATCHED-RANDOM-3,0,3676.031279,3247.354101,solver,3247.354101,True,24,True,3676.031279,True,0.116614,3,3,0.052841,Time limit reached,20.0242,0.0242,0.3333
medium_rho1.10_s4|D1_m0_2p,medium_rho1.10_s4,medium,1.1,4,D1_m0_2p,MATCHED-RANDOM-3,1,3676.031279,3192.335685,solver,3192.335685,True,24,True,3676.031279,True,0.131581,3,3,0.039092,Time limit reached,20.0201,0.0201,0.3333
medium_rho1.10_s4|D1_m0_2p,medium_rho1.10_s4,medium,1.1,4,D1_m0_2p,SHORTAGE-24,0,3676.031279,3050.668815,solver,3050.668815,True,24,True,3676.031279,True,0.170119,3,3,0.040626,Time limit reached,20.0217,0.0217,
medium_rho1.10_s4|D1_m0_2p,medium_rho1.10_s4,medium,1.1,4,D1_m0_2p,SHORTAGE-24,1,3676.031279,3117.115878,solver,3117.115878,True,24,True,3676.031279,True,0.152043,3,3,0.059177,Time limit reached,20.0236,0.0236,
medium_rho1.10_s4|D1_m0_2p,medium_rho1.10_s4,medium,1.1,4,D1_m0_2p,WINDOW-24,0,3676.031279,3358.926205,solver,3358.926205,True,24,True,3676.031279,True,0.086263,2,2,0.029108,Time limit reached,20.0606,0.0606,
medium_rho1.10_s4|D1_m0_2p,medium_rho1.10_s4,medium,1.1,4,D1_m0_2p,WINDOW-24,1,3676.031279,3353.370687,solver,3353.370687,True,24,True,3676.031279,True,0.087774,2,2,0.027427,Time limit reached,20.0511,0.0511,
medium_rho1.10_s4|D2_all_1p,medium_rho1.10_s4,medium,1.1,4,D2_all_1p,DEPENDENCY-24,0,5499.654638,4303.76511,solver,4303.76511,True,24,True,5499.654638,True,0.217448,3,3,0.062656,Time limit reached,20.0301,0.0301,
medium_rho1.10_s4|D2_all_1p,medium_rho1.10_s4,medium,1.1,4,D2_all_1p,DEPENDENCY-24,1,5499.654638,4207.428495,solver,4207.428495,True,24,True,5499.654638,True,0.234965,2,2,0.044757,Time limit reached,20.0303,0.0303,
medium_rho1.10_s4|D2_all_1p,medium_rho1.10_s4,medium,1.1,4,D2_all_1p,EMPTY,0,5499.654638,4367.510463,solver,4367.510463,True,0,True,5499.654638,True,0.205857,0,0,0.031370,Time limit reached,20.0258,0.0258,
medium_rho1.10_s4|D2_all_1p,medium_rho1.10_s4,medium,1.1,4,D2_all_1p,EMPTY,1,5499.654638,4354.882334,solver,4354.882334,True,0,True,5499.654638,True,0.208153,0,0,0.027929,Time limit reached,20.0268,0.0268,
medium_rho1.10_s4|D2_all_1p,medium_rho1.10_s4,medium,1.1,4,D2_all_1p,FULL,0,5499.654638,3959.993878,solver,3959.993878,True,180,True,5499.654638,True,0.279956,3,3,0.071457,Time limit reached,20.0224,0.0224,
medium_rho1.10_s4|D2_all_1p,medium_rho1.10_s4,medium,1.1,4,D2_all_1p,FULL,1,5499.654638,4039.092025,solver,4039.092025,True,180,True,5499.654638,True,0.265574,4,4,0.088296,Time limit reached,20.0200,0.0200,
medium_rho1.10_s4|D2_all_1p,medium_rho1.10_s4,medium,1.1,4,D2_all_1p,MATCHED-RANDOM-1,0,5499.654638,3971.727426,solver,3971.727426,True,24,True,5499.654638,True,0.277822,3,3,0.035194,Time limit reached,20.0213,0.0213,0.4167
medium_rho1.10_s4|D2_all_1p,medium_rho1.10_s4,medium,1.1,4,D2_all_1p,MATCHED-RANDOM-1,1,5499.654638,4039.358819,solver,4039.358819,True,24,True,5499.654638,True,0.265525,3,3,0.043900,Time limit reached,20.0220,0.0220,0.4167
medium_rho1.10_s4|D2_all_1p,medium_rho1.10_s4,medium,1.1,4,D2_all_1p,MATCHED-RANDOM-2,0,5499.654638,4294.306755,solver,4294.306755,True,24,True,5499.654638,True,0.219168,1,1,0.035247,Time limit reached,20.0247,0.0247,0.3750
medium_rho1.10_s4|D2_all_1p,medium_rho1.10_s4,medium,1.1,4,D2_all_1p,MATCHED-RANDOM-2,1,5499.654638,4292.489766,solver,4292.489766,True,24,True,5499.654638,True,0.219498,1,1,0.032858,Time limit reached,20.0358,0.0358,0.3750
medium_rho1.10_s4|D2_all_1p,medium_rho1.10_s4,medium,1.1,4,D2_all_1p,MATCHED-RANDOM-3,0,5499.654638,4261.817196,solver,4261.817196,True,24,True,5499.654638,True,0.225075,4,4,0.038439,Time limit reached,20.0203,0.0203,0.3750
medium_rho1.10_s4|D2_all_1p,medium_rho1.10_s4,medium,1.1,4,D2_all_1p,MATCHED-RANDOM-3,1,5499.654638,4285.740419,solver,4285.740419,True,24,True,5499.654638,True,0.220726,4,4,0.045774,Time limit reached,20.0224,0.0224,0.3750
medium_rho1.10_s4|D2_all_1p,medium_rho1.10_s4,medium,1.1,4,D2_all_1p,SHORTAGE-24,0,5499.654638,4030.321844,solver,4030.321844,True,24,True,5499.654638,True,0.267168,1,1,0.053228,Time limit reached,20.0241,0.0241,
medium_rho1.10_s4|D2_all_1p,medium_rho1.10_s4,medium,1.1,4,D2_all_1p,SHORTAGE-24,1,5499.654638,4023.182566,solver,4023.182566,True,24,True,5499.654638,True,0.268466,1,1,0.050969,Time limit reached,20.0214,0.0214,
medium_rho1.10_s4|D2_all_1p,medium_rho1.10_s4,medium,1.1,4,D2_all_1p,WINDOW-24,0,5499.654638,4016.64791,solver,4016.64791,True,24,True,5499.654638,True,0.269655,1,1,0.043422,Time limit reached,20.0224,0.0224,
medium_rho1.10_s4|D2_all_1p,medium_rho1.10_s4,medium,1.1,4,D2_all_1p,WINDOW-24,1,5499.654638,4005.888727,solver,4005.888727,True,24,True,5499.654638,True,0.271611,1,1,0.039271,Time limit reached,20.0304,0.0304,
medium_rho1.10_s5|D1_m0_2p,medium_rho1.10_s5,medium,1.1,5,D1_m0_2p,DEPENDENCY-24,0,3240.235102,2838.401386,solver,2838.401386,True,24,True,3240.235102,True,0.124014,3,3,0.074419,Time limit reached,20.0215,0.0215,
medium_rho1.10_s5|D1_m0_2p,medium_rho1.10_s5,medium,1.1,5,D1_m0_2p,DEPENDENCY-24,1,3240.235102,2854.640086,solver,2854.640086,True,24,True,3240.235102,True,0.119002,4,4,0.084042,Time limit reached,20.0469,0.0469,
medium_rho1.10_s5|D1_m0_2p,medium_rho1.10_s5,medium,1.1,5,D1_m0_2p,EMPTY,0,3240.235102,3204.631775,solver,3204.631775,True,0,True,3240.235102,True,0.010988,0,0,0.052976,Time limit reached,20.0289,0.0289,
medium_rho1.10_s5|D1_m0_2p,medium_rho1.10_s5,medium,1.1,5,D1_m0_2p,EMPTY,1,3240.235102,3220.769835,solver,3220.769835,True,0,True,3240.235102,True,0.006007,0,0,0.060862,Time limit reached,20.0331,0.0331,
medium_rho1.10_s5|D1_m0_2p,medium_rho1.10_s5,medium,1.1,5,D1_m0_2p,FULL,0,3240.235102,2937.406333,solver,2937.406333,True,192,True,3240.235102,True,0.093459,4,4,0.142212,Time limit reached,20.0264,0.0264,
medium_rho1.10_s5|D1_m0_2p,medium_rho1.10_s5,medium,1.1,5,D1_m0_2p,FULL,1,3240.235102,2864.518156,solver,2864.518156,True,192,True,3240.235102,True,0.115954,4,4,0.136288,Time limit reached,20.0222,0.0222,
medium_rho1.10_s5|D1_m0_2p,medium_rho1.10_s5,medium,1.1,5,D1_m0_2p,MATCHED-RANDOM-1,0,3240.235102,3066.730106,solver,3066.730106,True,24,True,3240.235102,True,0.053547,4,4,0.055703,Time limit reached,20.0210,0.0210,0.2917
medium_rho1.10_s5|D1_m0_2p,medium_rho1.10_s5,medium,1.1,5,D1_m0_2p,MATCHED-RANDOM-1,1,3240.235102,3072.16242,solver,3072.16242,True,24,True,3240.235102,True,0.051871,4,4,0.056739,Time limit reached,20.0209,0.0209,0.2917
medium_rho1.10_s5|D1_m0_2p,medium_rho1.10_s5,medium,1.1,5,D1_m0_2p,MATCHED-RANDOM-2,0,3240.235102,3203.685282,solver,3203.685282,True,24,True,3240.235102,True,0.011280,3,3,0.072437,Time limit reached,20.0265,0.0265,0.4167
medium_rho1.10_s5|D1_m0_2p,medium_rho1.10_s5,medium,1.1,5,D1_m0_2p,MATCHED-RANDOM-2,1,3240.235102,3207.659602,solver,3207.659602,True,24,True,3240.235102,True,0.010053,4,4,0.074830,Time limit reached,20.0286,0.0286,0.4167
medium_rho1.10_s5|D1_m0_2p,medium_rho1.10_s5,medium,1.1,5,D1_m0_2p,MATCHED-RANDOM-3,0,3240.235102,3217.336327,solver,3217.336327,True,24,True,3240.235102,True,0.007067,3,3,0.082119,Time limit reached,20.0228,0.0228,0.3333
medium_rho1.10_s5|D1_m0_2p,medium_rho1.10_s5,medium,1.1,5,D1_m0_2p,MATCHED-RANDOM-3,1,3240.235102,3191.478397,solver,3191.478397,True,24,True,3240.235102,True,0.015047,3,3,0.075961,Time limit reached,20.0364,0.0364,0.3333
medium_rho1.10_s5|D1_m0_2p,medium_rho1.10_s5,medium,1.1,5,D1_m0_2p,SHORTAGE-24,0,3240.235102,2972.685646,solver,2972.685646,True,24,True,3240.235102,True,0.082571,2,2,0.070397,Time limit reached,20.0201,0.0201,
medium_rho1.10_s5|D1_m0_2p,medium_rho1.10_s5,medium,1.1,5,D1_m0_2p,SHORTAGE-24,1,3240.235102,2966.336215,solver,2966.336215,True,24,True,3240.235102,True,0.084531,2,2,0.065869,Time limit reached,20.0242,0.0242,
medium_rho1.10_s5|D1_m0_2p,medium_rho1.10_s5,medium,1.1,5,D1_m0_2p,WINDOW-24,0,3240.235102,3213.125536,solver,3213.125536,True,24,True,3240.235102,True,0.008367,2,2,0.067008,Time limit reached,20.0254,0.0254,
medium_rho1.10_s5|D1_m0_2p,medium_rho1.10_s5,medium,1.1,5,D1_m0_2p,WINDOW-24,1,3240.235102,3189.488275,solver,3189.488275,True,24,True,3240.235102,True,0.015661,2,2,0.058457,Time limit reached,20.0877,0.0877,
medium_rho1.10_s5|D2_all_1p,medium_rho1.10_s5,medium,1.1,5,D2_all_1p,DEPENDENCY-24,0,5101.545139,3835.612719,solver,3835.612719,True,24,True,5101.545139,True,0.248147,3,3,0.044729,Time limit reached,20.0207,0.0207,
medium_rho1.10_s5|D2_all_1p,medium_rho1.10_s5,medium,1.1,5,D2_all_1p,DEPENDENCY-24,1,5101.545139,3858.653474,solver,3858.653474,True,24,True,5101.545139,True,0.243630,3,3,0.051105,Time limit reached,20.0231,0.0231,
medium_rho1.10_s5|D2_all_1p,medium_rho1.10_s5,medium,1.1,5,D2_all_1p,EMPTY,0,5101.545139,4783.559921,solver,4783.559921,True,0,True,5101.545139,True,0.062331,0,0,0.028580,Time limit reached,20.0340,0.0340,
medium_rho1.10_s5|D2_all_1p,medium_rho1.10_s5,medium,1.1,5,D2_all_1p,EMPTY,1,5101.545139,4765.738855,solver,4765.738855,True,0,True,5101.545139,True,0.065824,0,0,0.024904,Time limit reached,20.0188,0.0188,
medium_rho1.10_s5|D2_all_1p,medium_rho1.10_s5,medium,1.1,5,D2_all_1p,FULL,0,5101.545139,3889.664545,solver,3889.664545,True,180,True,5101.545139,True,0.237552,3,3,0.075160,Time limit reached,20.0270,0.0270,
medium_rho1.10_s5|D2_all_1p,medium_rho1.10_s5,medium,1.1,5,D2_all_1p,FULL,1,5101.545139,3882.206317,solver,3882.206317,True,180,True,5101.545139,True,0.239014,4,4,0.074364,Time limit reached,20.0246,0.0246,
medium_rho1.10_s5|D2_all_1p,medium_rho1.10_s5,medium,1.1,5,D2_all_1p,MATCHED-RANDOM-1,0,5101.545139,4142.401465,solver,4142.401465,True,24,True,5101.545139,True,0.188010,4,4,0.036235,Time limit reached,20.0214,0.0214,0.5000
medium_rho1.10_s5|D2_all_1p,medium_rho1.10_s5,medium,1.1,5,D2_all_1p,MATCHED-RANDOM-1,1,5101.545139,4163.741409,solver,4163.741409,True,24,True,5101.545139,True,0.183827,4,4,0.040781,Time limit reached,20.0284,0.0284,0.5000
medium_rho1.10_s5|D2_all_1p,medium_rho1.10_s5,medium,1.1,5,D2_all_1p,MATCHED-RANDOM-2,0,5101.545139,4152.200188,solver,4152.200188,True,24,True,5101.545139,True,0.186090,2,2,0.030332,Time limit reached,20.0221,0.0221,0.3750
medium_rho1.10_s5|D2_all_1p,medium_rho1.10_s5,medium,1.1,5,D2_all_1p,MATCHED-RANDOM-2,1,5101.545139,4154.654289,solver,4154.654289,True,24,True,5101.545139,True,0.185609,2,2,0.032197,Time limit reached,20.0226,0.0226,0.3750
medium_rho1.10_s5|D2_all_1p,medium_rho1.10_s5,medium,1.1,5,D2_all_1p,MATCHED-RANDOM-3,0,5101.545139,4195.740262,solver,4195.740262,True,24,True,5101.545139,True,0.177555,3,3,0.043712,Time limit reached,20.0259,0.0259,0.4583
medium_rho1.10_s5|D2_all_1p,medium_rho1.10_s5,medium,1.1,5,D2_all_1p,MATCHED-RANDOM-3,1,5101.545139,4237.37342,solver,4237.37342,True,24,True,5101.545139,True,0.169394,3,3,0.051533,Time limit reached,20.0220,0.0220,0.4583
medium_rho1.10_s5|D2_all_1p,medium_rho1.10_s5,medium,1.1,5,D2_all_1p,SHORTAGE-24,0,5101.545139,4053.037922,solver,4053.037922,True,24,True,5101.545139,True,0.205527,3,3,0.060698,Time limit reached,20.0237,0.0237,
medium_rho1.10_s5|D2_all_1p,medium_rho1.10_s5,medium,1.1,5,D2_all_1p,SHORTAGE-24,1,5101.545139,4026.407768,solver,4026.407768,True,24,True,5101.545139,True,0.210747,4,4,0.051333,Time limit reached,20.0248,0.0248,
medium_rho1.10_s5|D2_all_1p,medium_rho1.10_s5,medium,1.1,5,D2_all_1p,WINDOW-24,0,5101.545139,4048.216704,solver,4048.216704,True,24,True,5101.545139,True,0.206472,4,4,0.054046,Time limit reached,20.0349,0.0349,
medium_rho1.10_s5|D2_all_1p,medium_rho1.10_s5,medium,1.1,5,D2_all_1p,WINDOW-24,1,5101.545139,4056.350263,solver,4056.350263,True,24,True,5101.545139,True,0.204878,4,4,0.058409,Time limit reached,20.0197,0.0197,
