step,retriever,ranker,M,repeat,restricted_oracle_node,restricted_oracle_gain,pool_best_node,pool_best_gain,selected_node,selected_gain,candidate_loss,ranking_loss,total_regret,decomposition_error,retrieval_runtime_seconds,reranking_runtime_seconds,gain_evaluation_runtime_seconds
1,Degree,OriginalOrder,10,,1265,84.4,1265,84.4,916,28.9,0.0,55.50000000000001,55.50000000000001,0.0,0.00010440000005473848,3.0000046535860747e-07,0.4707593999992241
1,Degree,MarginalGainPredictor,10,,1265,84.4,1265,84.4,1265,84.4,0.0,0.0,0.0,0.0,0.00010440000005473848,0.002631499999552034,0.4707593999992241
1,Degree,OriginalOrder,20,,1265,84.4,1265,84.4,916,28.9,0.0,55.50000000000001,55.50000000000001,0.0,0.00010440000005473848,6.000000212225132e-07,0.4707593999992241
1,Degree,MarginalGainPredictor,20,,1265,84.4,1265,84.4,1265,84.4,0.0,0.0,0.0,0.0,0.00010440000005473848,0.0010326999999961117,0.4707593999992241
1,Degree,OriginalOrder,50,,1265,84.4,1265,84.4,916,28.9,0.0,55.50000000000001,55.50000000000001,0.0,0.00010440000005473848,4.000003173132427e-07,0.4707593999992241
1,Degree,MarginalGainPredictor,50,,1265,84.4,1265,84.4,1265,84.4,0.0,0.0,0.0,0.0,0.00010440000005473848,0.001110599999265105,0.4707593999992241
1,Degree,OriginalOrder,100,,1265,84.4,1265,84.4,916,28.9,0.0,55.50000000000001,55.50000000000001,0.0,0.00010440000005473848,3.0000046535860747e-07,0.4707593999992241
1,Degree,MarginalGainPredictor,100,,1265,84.4,1265,84.4,1265,84.4,0.0,0.0,0.0,0.0,0.00010440000005473848,0.0007660999999643536,0.4707593999992241
1,DegreeDiscount,OriginalOrder,10,,1265,84.4,1277,84.4,12802,19.1,0.0,65.30000000000001,65.30000000000001,0.0,0.002029000000220549,1.9999970390927047e-07,0.4707593999992241
1,DegreeDiscount,MarginalGainPredictor,10,,1265,84.4,1277,84.4,310,49.6,0.0,34.800000000000004,34.800000000000004,0.0,0.002029000000220549,0.0004177999999228632,0.4707593999992241
1,DegreeDiscount,OriginalOrder,20,,1265,84.4,1277,84.4,12802,19.1,0.0,65.30000000000001,65.30000000000001,0.0,0.002029000000220549,2.0000061340397224e-07,0.4707593999992241
1,DegreeDiscount,MarginalGainPredictor,20,,1265,84.4,1277,84.4,310,49.6,0.0,34.800000000000004,34.800000000000004,0.0,0.002029000000220549,0.0003397999998924206,0.4707593999992241
1,DegreeDiscount,OriginalOrder,50,,1265,84.4,1265,84.4,12802,19.1,0.0,65.30000000000001,65.30000000000001,0.0,0.002029000000220549,2.0000061340397224e-07,0.4707593999992241
1,DegreeDiscount,MarginalGainPredictor,50,,1265,84.4,1265,84.4,1265,84.4,0.0,0.0,0.0,0.0,0.002029000000220549,0.00039600000036443816,0.4707593999992241
1,DegreeDiscount,OriginalOrder,100,,1265,84.4,1265,84.4,12802,19.1,0.0,65.30000000000001,65.30000000000001,0.0,0.002029000000220549,1.9999970390927047e-07,0.4707593999992241
1,DegreeDiscount,MarginalGainPredictor,100,,1265,84.4,1265,84.4,1265,84.4,0.0,0.0,0.0,0.0,0.002029000000220549,0.0004902000000583939,0.4707593999992241
1,FeatureDQN,OriginalOrder,10,,1265,84.4,905,18.3,2034,17.2,66.10000000000001,1.1000000000000014,67.2,-7.105427357601002e-15,0.001184599999760394,2.0000061340397224e-07,0.4707593999992241
1,FeatureDQN,MarginalGainPredictor,10,,1265,84.4,905,18.3,905,18.3,66.10000000000001,0.0,66.10000000000001,0.0,0.001184599999760394,0.00042519999988144264,0.4707593999992241
1,FeatureDQN,OriginalOrder,20,,1265,84.4,228,56.7,2034,17.2,27.700000000000003,39.5,67.2,0.0,0.001184599999760394,2.0000061340397224e-07,0.4707593999992241
1,FeatureDQN,MarginalGainPredictor,20,,1265,84.4,228,56.7,892,36.7,27.700000000000003,20.0,47.7,0.0,0.001184599999760394,0.0003572999994503334,0.4707593999992241
1,FeatureDQN,OriginalOrder,50,,1265,84.4,228,56.7,2034,17.2,27.700000000000003,39.5,67.2,0.0,0.001184599999760394,1.9999970390927047e-07,0.4707593999992241
1,FeatureDQN,MarginalGainPredictor,50,,1265,84.4,228,56.7,916,28.9,27.700000000000003,27.800000000000004,55.50000000000001,0.0,0.001184599999760394,0.00035570000000006985,0.4707593999992241
1,FeatureDQN,OriginalOrder,100,,1265,84.4,228,56.7,2034,17.2,27.700000000000003,39.5,67.2,0.0,0.001184599999760394,9.999985195463523e-08,0.4707593999992241
1,FeatureDQN,MarginalGainPredictor,100,,1265,84.4,228,56.7,916,28.9,27.700000000000003,27.800000000000004,55.50000000000001,0.0,0.001184599999760394,0.00039199999991978984,0.4707593999992241
1,Random,OriginalOrder,10,0,1265,84.4,1140,27.8,2510,14.2,56.60000000000001,13.600000000000001,70.2,-7.105427357601002e-15,4.669999998441199e-05,9.999985195463523e-08,0.4707593999992241
1,Random,MarginalGainPredictor,10,0,1265,84.4,1140,27.8,2442,23.2,56.60000000000001,4.600000000000001,61.2,-7.105427357601002e-15,4.669999998441199e-05,0.00030250000054365955,0.4707593999992241
1,Random,OriginalOrder,20,0,1265,84.4,3519,45.9,2510,14.2,38.50000000000001,31.7,70.2,-3.552713678800501e-15,4.669999998441199e-05,1.9999970390927047e-07,0.4707593999992241
1,Random,MarginalGainPredictor,20,0,1265,84.4,3519,45.9,9561,16.5,38.50000000000001,29.4,67.9,0.0,4.669999998441199e-05,0.0003293999998277286,0.4707593999992241
1,Random,OriginalOrder,50,0,1265,84.4,5753,47.3,2510,14.2,37.10000000000001,33.099999999999994,70.2,0.0,4.669999998441199e-05,1.00000761449337e-07,0.4707593999992241
1,Random,MarginalGainPredictor,50,0,1265,84.4,5753,47.3,985,29.2,37.10000000000001,18.099999999999998,55.2,-3.552713678800501e-15,4.669999998441199e-05,0.0003588999998100917,0.4707593999992241
1,Random,OriginalOrder,100,0,1265,84.4,1265,84.4,2510,14.2,0.0,70.2,70.2,0.0,4.669999998441199e-05,1.9999970390927047e-07,0.4707593999992241
1,Random,MarginalGainPredictor,100,0,1265,84.4,1265,84.4,1265,84.4,0.0,0.0,0.0,0.0,4.669999998441199e-05,0.0003567000003386056,0.4707593999992241
1,Random,OriginalOrder,10,1,1265,84.4,287,23.9,287,23.9,60.50000000000001,0.0,60.50000000000001,0.0,3.620000006776536e-05,9.999985195463523e-08,0.4707593999992241
1,Random,MarginalGainPredictor,10,1,1265,84.4,287,23.9,287,23.9,60.50000000000001,0.0,60.50000000000001,0.0,3.620000006776536e-05,0.000318899999911082,0.4707593999992241
1,Random,OriginalOrder,20,1,1265,84.4,287,23.9,287,23.9,60.50000000000001,0.0,60.50000000000001,0.0,3.620000006776536e-05,1.9999970390927047e-07,0.4707593999992241
1,Random,MarginalGainPredictor,20,1,1265,84.4,287,23.9,830,22.2,60.50000000000001,1.6999999999999993,62.2,-3.552713678800501e-15,3.620000006776536e-05,0.0003085999996983446,0.4707593999992241
1,Random,OriginalOrder,50,1,1265,84.4,1265,84.4,287,23.9,0.0,60.50000000000001,60.50000000000001,0.0,3.620000006776536e-05,9.999985195463523e-08,0.4707593999992241
1,Random,MarginalGainPredictor,50,1,1265,84.4,1265,84.4,1265,84.4,0.0,0.0,0.0,0.0,3.620000006776536e-05,0.0003205999992133002,0.4707593999992241
1,Random,OriginalOrder,100,1,1265,84.4,1265,84.4,287,23.9,0.0,60.50000000000001,60.50000000000001,0.0,3.620000006776536e-05,1.00000761449337e-07,0.4707593999992241
1,Random,MarginalGainPredictor,100,1,1265,84.4,1265,84.4,1265,84.4,0.0,0.0,0.0,0.0,3.620000006776536e-05,0.00036610000006476184,0.4707593999992241
1,Random,OriginalOrder,10,2,1265,84.4,1277,84.4,2368,10.8,0.0,73.60000000000001,73.60000000000001,0.0,4.439999975147657e-05,0.0,0.4707593999992241
1,Random,MarginalGainPredictor,10,2,1265,84.4,1277,84.4,310,49.6,0.0,34.800000000000004,34.800000000000004,0.0,4.439999975147657e-05,0.00043550000009418,0.4707593999992241
1,Random,OriginalOrder,20,2,1265,84.4,1277,84.4,2368,10.8,0.0,73.60000000000001,73.60000000000001,0.0,4.439999975147657e-05,2.999995558639057e-07,0.4707593999992241
1,Random,MarginalGainPredictor,20,2,1265,84.4,1277,84.4,310,49.6,0.0,34.800000000000004,34.800000000000004,0.0,4.439999975147657e-05,0.0005983999999443768,0.4707593999992241
1,Random,OriginalOrder,50,2,1265,84.4,1277,84.4,2368,10.8,0.0,73.60000000000001,73.60000000000001,0.0,4.439999975147657e-05,1.9999970390927047e-07,0.4707593999992241
1,Random,MarginalGainPredictor,50,2,1265,84.4,1277,84.4,310,49.6,0.0,34.800000000000004,34.800000000000004,0.0,4.439999975147657e-05,0.0005377999996198923,0.4707593999992241
1,Random,OriginalOrder,100,2,1265,84.4,1277,84.4,2368,10.8,0.0,73.60000000000001,73.60000000000001,0.0,4.439999975147657e-05,1.9999970390927047e-07,0.4707593999992241
1,Random,MarginalGainPredictor,100,2,1265,84.4,1277,84.4,310,49.6,0.0,34.800000000000004,34.800000000000004,0.0,4.439999975147657e-05,0.000537800000529387,0.4707593999992241
1,Random,OriginalOrder,10,3,1265,84.4,228,56.7,118,10.5,27.700000000000003,46.2,73.9,0.0,4.890000036539277e-05,2.0000061340397224e-07,0.4707593999992241
1,Random,MarginalGainPredictor,10,3,1265,84.4,228,56.7,6314,14.7,27.700000000000003,42.0,69.7,0.0,4.890000036539277e-05,0.00036159999945084564,0.4707593999992241
1,Random,OriginalOrder,20,3,1265,84.4,228,56.7,118,10.5,27.700000000000003,46.2,73.9,0.0,4.890000036539277e-05,2.0000061340397224e-07,0.4707593999992241
1,Random,MarginalGainPredictor,20,3,1265,84.4,228,56.7,6314,14.7,27.700000000000003,42.0,69.7,0.0,4.890000036539277e-05,0.00034920000052807154,0.4707593999992241
1,Random,OriginalOrder,50,3,1265,84.4,1265,84.4,118,10.5,0.0,73.9,73.9,0.0,4.890000036539277e-05,2.0000061340397224e-07,0.4707593999992241
1,Random,MarginalGainPredictor,50,3,1265,84.4,1265,84.4,1265,84.4,0.0,0.0,0.0,0.0,4.890000036539277e-05,0.00037909999991825316,0.4707593999992241
1,Random,OriginalOrder,100,3,1265,84.4,1265,84.4,118,10.5,0.0,73.9,73.9,0.0,4.890000036539277e-05,3.0000046535860747e-07,0.4707593999992241
1,Random,MarginalGainPredictor,100,3,1265,84.4,1265,84.4,1265,84.4,0.0,0.0,0.0,0.0,4.890000036539277e-05,0.00042379999922559364,0.4707593999992241
1,Random,OriginalOrder,10,4,1265,84.4,2216,32.5,181,22.6,51.900000000000006,9.899999999999999,61.800000000000004,0.0,0.00010440000005473848,4.000003173132427e-07,0.4707593999992241
1,Random,MarginalGainPredictor,10,4,1265,84.4,2216,32.5,2216,32.5,51.900000000000006,0.0,51.900000000000006,0.0,0.00010440000005473848,0.0005755000001954613,0.4707593999992241
1,Random,OriginalOrder,20,4,1265,84.4,2216,32.5,181,22.6,51.900000000000006,9.899999999999999,61.800000000000004,0.0,0.00010440000005473848,1.9999970390927047e-07,0.4707593999992241
1,Random,MarginalGainPredictor,20,4,1265,84.4,2216,32.5,2216,32.5,51.900000000000006,0.0,51.900000000000006,0.0,0.00010440000005473848,0.00035970000044471817,0.4707593999992241
1,Random,OriginalOrder,50,4,1265,84.4,2216,32.5,181,22.6,51.900000000000006,9.899999999999999,61.800000000000004,0.0,0.00010440000005473848,1.00000761449337e-07,0.4707593999992241
1,Random,MarginalGainPredictor,50,4,1265,84.4,2216,32.5,2216,32.5,51.900000000000006,0.0,51.900000000000006,0.0,0.00010440000005473848,0.0003568999991330202,0.4707593999992241
1,Random,OriginalOrder,100,4,1265,84.4,892,36.7,181,22.6,47.7,14.100000000000001,61.800000000000004,0.0,0.00010440000005473848,1.9999970390927047e-07,0.4707593999992241
1,Random,MarginalGainPredictor,100,4,1265,84.4,892,36.7,2216,32.5,47.7,4.200000000000003,51.900000000000006,0.0,0.00010440000005473848,0.00039339999966614414,0.4707593999992241
1,Random,OriginalOrder,10,5,1265,84.4,5753,47.3,985,29.2,37.10000000000001,18.099999999999998,55.2,-3.552713678800501e-15,3.9200000173877925e-05,9.999985195463523e-08,0.4707593999992241
1,Random,MarginalGainPredictor,10,5,1265,84.4,5753,47.3,985,29.2,37.10000000000001,18.099999999999998,55.2,-3.552713678800501e-15,3.9200000173877925e-05,0.0005953999998382642,0.4707593999992241
1,Random,OriginalOrder,20,5,1265,84.4,5753,47.3,985,29.2,37.10000000000001,18.099999999999998,55.2,-3.552713678800501e-15,3.9200000173877925e-05,9.999985195463523e-08,0.4707593999992241
1,Random,MarginalGainPredictor,20,5,1265,84.4,5753,47.3,985,29.2,37.10000000000001,18.099999999999998,55.2,-3.552713678800501e-15,3.9200000173877925e-05,0.00033090000033553224,0.4707593999992241
1,Random,OriginalOrder,50,5,1265,84.4,1277,84.4,985,29.2,0.0,55.2,55.2,0.0,3.9200000173877925e-05,1.00000761449337e-07,0.4707593999992241
1,Random,MarginalGainPredictor,50,5,1265,84.4,1277,84.4,410,46.9,0.0,37.50000000000001,37.50000000000001,0.0,3.9200000173877925e-05,0.0003479999995761318,0.4707593999992241
1,Random,OriginalOrder,100,5,1265,84.4,1277,84.4,985,29.2,0.0,55.2,55.2,0.0,3.9200000173877925e-05,9.999985195463523e-08,0.4707593999992241
1,Random,MarginalGainPredictor,100,5,1265,84.4,1277,84.4,410,46.9,0.0,37.50000000000001,37.50000000000001,0.0,3.9200000173877925e-05,0.00036920000002282904,0.4707593999992241
1,Random,OriginalOrder,10,6,1265,84.4,5454,24.3,5454,24.3,60.10000000000001,0.0,60.10000000000001,0.0,3.420000030018855e-05,9.999985195463523e-08,0.4707593999992241
1,Random,MarginalGainPredictor,10,6,1265,84.4,5454,24.3,1255,10.2,60.10000000000001,14.100000000000001,74.2,-7.105427357601002e-15,3.420000030018855e-05,0.0003119000002698158,0.4707593999992241
1,Random,OriginalOrder,20,6,1265,84.4,5454,24.3,5454,24.3,60.10000000000001,0.0,60.10000000000001,0.0,3.420000030018855e-05,9.999985195463523e-08,0.4707593999992241
1,Random,MarginalGainPredictor,20,6,1265,84.4,5454,24.3,820,20.1,60.10000000000001,4.199999999999999,64.30000000000001,3.552713678800501e-15,3.420000030018855e-05,0.00031349999972007936,0.4707593999992241
1,Random,OriginalOrder,50,6,1265,84.4,228,56.7,5454,24.3,27.700000000000003,32.400000000000006,60.10000000000001,0.0,3.420000030018855e-05,9.999985195463523e-08,0.4707593999992241
1,Random,MarginalGainPredictor,50,6,1265,84.4,228,56.7,410,46.9,27.700000000000003,9.800000000000004,37.50000000000001,0.0,3.420000030018855e-05,0.0003344999995533726,0.4707593999992241
1,Random,OriginalOrder,100,6,1265,84.4,1277,84.4,5454,24.3,0.0,60.10000000000001,60.10000000000001,0.0,3.420000030018855e-05,9.999985195463523e-08,0.4707593999992241
1,Random,MarginalGainPredictor,100,6,1265,84.4,1277,84.4,410,46.9,0.0,37.50000000000001,37.50000000000001,0.0,3.420000030018855e-05,0.0003894000001309905,0.4707593999992241
1,Random,OriginalOrder,10,7,1265,84.4,5753,47.3,189,12.8,37.10000000000001,34.5,71.60000000000001,0.0,3.530000049067894e-05,1.9999970390927047e-07,0.4707593999992241
1,Random,MarginalGainPredictor,10,7,1265,84.4,5753,47.3,410,46.9,37.10000000000001,0.3999999999999986,37.50000000000001,0.0,3.530000049067894e-05,0.00031209999997372506,0.4707593999992241
1,Random,OriginalOrder,20,7,1265,84.4,5753,47.3,189,12.8,37.10000000000001,34.5,71.60000000000001,0.0,3.530000049067894e-05,1.00000761449337e-07,0.4707593999992241
1,Random,MarginalGainPredictor,20,7,1265,84.4,5753,47.3,410,46.9,37.10000000000001,0.3999999999999986,37.50000000000001,0.0,3.530000049067894e-05,0.0003082000002905261,0.4707593999992241
1,Random,OriginalOrder,50,7,1265,84.4,1265,84.4,189,12.8,0.0,71.60000000000001,71.60000000000001,0.0,3.530000049067894e-05,9.999985195463523e-08,0.4707593999992241
1,Random,MarginalGainPredictor,50,7,1265,84.4,1265,84.4,1265,84.4,0.0,0.0,0.0,0.0,3.530000049067894e-05,0.0003285000002506422,0.4707593999992241
1,Random,OriginalOrder,100,7,1265,84.4,1265,84.4,189,12.8,0.0,71.60000000000001,71.60000000000001,0.0,3.530000049067894e-05,1.00000761449337e-07,0.4707593999992241
1,Random,MarginalGainPredictor,100,7,1265,84.4,1265,84.4,1265,84.4,0.0,0.0,0.0,0.0,3.530000049067894e-05,0.00037490000067919027,0.4707593999992241
1,Random,OriginalOrder,10,8,1265,84.4,985,29.2,1352,12.4,55.2,16.799999999999997,72.0,0.0,3.279999964433955e-05,9.999985195463523e-08,0.4707593999992241
1,Random,MarginalGainPredictor,10,8,1265,84.4,985,29.2,985,29.2,55.2,0.0,55.2,0.0,3.279999964433955e-05,0.0003172999995513237,0.4707593999992241
1,Random,OriginalOrder,20,8,1265,84.4,2477,32.2,1352,12.4,52.2,19.800000000000004,72.0,-7.105427357601002e-15,3.279999964433955e-05,2.0000061340397224e-07,0.4707593999992241
1,Random,MarginalGainPredictor,20,8,1265,84.4,2477,32.2,985,29.2,52.2,3.0000000000000036,55.2,-3.552713678800501e-15,3.279999964433955e-05,0.00031240000043908367,0.4707593999992241
1,Random,OriginalOrder,50,8,1265,84.4,2477,32.2,1352,12.4,52.2,19.800000000000004,72.0,-7.105427357601002e-15,3.279999964433955e-05,9.999985195463523e-08,0.4707593999992241
1,Random,MarginalGainPredictor,50,8,1265,84.4,2477,32.2,985,29.2,52.2,3.0000000000000036,55.2,-3.552713678800501e-15,3.279999964433955e-05,0.0003293999998277286,0.4707593999992241
1,Random,OriginalOrder,100,8,1265,84.4,1277,84.4,1352,12.4,0.0,72.0,72.0,0.0,3.279999964433955e-05,1.9999970390927047e-07,0.4707593999992241
1,Random,MarginalGainPredictor,100,8,1265,84.4,1277,84.4,410,46.9,0.0,37.50000000000001,37.50000000000001,0.0,3.279999964433955e-05,0.0005631000003631925,0.4707593999992241
1,Random,OriginalOrder,10,9,1265,84.4,647,27.5,475,17.2,56.900000000000006,10.3,67.2,-3.552713678800501e-15,3.35000004270114e-05,1.9999970390927047e-07,0.4707593999992241
1,Random,MarginalGainPredictor,10,9,1265,84.4,647,27.5,1352,12.4,56.900000000000006,15.1,72.0,-5.329070518200751e-15,3.35000004270114e-05,0.0005950000004304457,0.4707593999992241
1,Random,OriginalOrder,20,9,1265,84.4,5753,47.3,475,17.2,37.10000000000001,30.099999999999998,67.2,-3.552713678800501e-15,3.35000004270114e-05,1.00000761449337e-07,0.4707593999992241
1,Random,MarginalGainPredictor,20,9,1265,84.4,5753,47.3,1439,35.3,37.10000000000001,12.0,49.10000000000001,0.0,3.35000004270114e-05,0.000408199999583303,0.4707593999992241
1,Random,OriginalOrder,50,9,1265,84.4,228,56.7,475,17.2,27.700000000000003,39.5,67.2,0.0,3.35000004270114e-05,9.999985195463523e-08,0.4707593999992241
1,Random,MarginalGainPredictor,50,9,1265,84.4,228,56.7,820,20.1,27.700000000000003,36.6,64.30000000000001,7.105427357601002e-15,3.35000004270114e-05,0.00034249999953317456,0.4707593999992241
1,Random,OriginalOrder,100,9,1265,84.4,1265,84.4,475,17.2,0.0,67.2,67.2,0.0,3.35000004270114e-05,1.00000761449337e-07,0.4707593999992241
1,Random,MarginalGainPredictor,100,9,1265,84.4,1265,84.4,1265,84.4,0.0,0.0,0.0,0.0,3.35000004270114e-05,0.00037010000050941017,0.4707593999992241
2,Degree,OriginalOrder,10,,228,52.6,410,49.8,916,19.9,2.8000000000000043,29.9,32.7,0.0,9.950000003300374e-05,9.999985195463523e-08,0.3628660000003947
2,Degree,MarginalGainPredictor,10,,228,52.6,410,49.8,410,49.8,2.8000000000000043,0.0,2.8000000000000043,0.0,9.950000003300374e-05,0.0011629999999058782,0.3628660000003947
2,Degree,OriginalOrder,20,,228,52.6,410,49.8,916,19.9,2.8000000000000043,29.9,32.7,0.0,9.950000003300374e-05,9.999985195463523e-08,0.3628660000003947
2,Degree,MarginalGainPredictor,20,,228,52.6,410,49.8,410,49.8,2.8000000000000043,0.0,2.8000000000000043,0.0,9.950000003300374e-05,0.00041090000013355166,0.3628660000003947
2,Degree,OriginalOrder,50,,228,52.6,228,52.6,916,19.9,0.0,32.7,32.7,0.0,9.950000003300374e-05,1.9999970390927047e-07,0.3628660000003947
2,Degree,MarginalGainPredictor,50,,228,52.6,228,52.6,410,49.8,0.0,2.8000000000000043,2.8000000000000043,0.0,9.950000003300374e-05,0.000439399999777379,0.3628660000003947
2,Degree,OriginalOrder,100,,228,52.6,228,52.6,916,19.9,0.0,32.7,32.7,0.0,9.950000003300374e-05,1.00000761449337e-07,0.3628660000003947
2,Degree,MarginalGainPredictor,100,,228,52.6,228,52.6,410,49.8,0.0,2.8000000000000043,2.8000000000000043,0.0,9.950000003300374e-05,0.0004272999995009741,0.3628660000003947
2,DegreeDiscount,OriginalOrder,10,,228,52.6,310,40.2,12802,22.0,12.399999999999999,18.200000000000003,30.6,0.0,0.0018659999996089027,1.9999970390927047e-07,0.3628660000003947
2,DegreeDiscount,MarginalGainPredictor,10,,228,52.6,310,40.2,310,40.2,12.399999999999999,0.0,12.399999999999999,0.0,0.0018659999996089027,0.0003738000004886999,0.3628660000003947
2,DegreeDiscount,OriginalOrder,20,,228,52.6,310,40.2,12802,22.0,12.399999999999999,18.200000000000003,30.6,0.0,0.0018659999996089027,1.9999970390927047e-07,0.3628660000003947
2,DegreeDiscount,MarginalGainPredictor,20,,228,52.6,310,40.2,310,40.2,12.399999999999999,0.0,12.399999999999999,0.0,0.0018659999996089027,0.0006524999998873682,0.3628660000003947
2,DegreeDiscount,OriginalOrder,50,,228,52.6,410,49.8,12802,22.0,2.8000000000000043,27.799999999999997,30.6,0.0,0.0018659999996089027,2.0000061340397224e-07,0.3628660000003947
2,DegreeDiscount,MarginalGainPredictor,50,,228,52.6,410,49.8,410,49.8,2.8000000000000043,0.0,2.8000000000000043,0.0,0.0018659999996089027,0.0006558999994012993,0.3628660000003947
2,DegreeDiscount,OriginalOrder,100,,228,52.6,228,52.6,12802,22.0,0.0,30.6,30.6,0.0,0.0018659999996089027,2.0000061340397224e-07,0.3628660000003947
2,DegreeDiscount,MarginalGainPredictor,100,,228,52.6,228,52.6,410,49.8,0.0,2.8000000000000043,2.8000000000000043,0.0,0.0018659999996089027,0.0004855999995925231,0.3628660000003947
2,FeatureDQN,OriginalOrder,10,,228,52.6,461,14.1,2034,4.2,38.5,9.899999999999999,48.4,0.0,0.0008717000000615371,2.999995558639057e-07,0.3628660000003947
2,FeatureDQN,MarginalGainPredictor,10,,228,52.6,461,14.1,905,10.8,38.5,3.299999999999999,41.8,-1.7763568394002505e-15,0.0008717000000615371,0.00035509999997884734,0.3628660000003947
2,FeatureDQN,OriginalOrder,20,,228,52.6,228,52.6,2034,4.2,0.0,48.4,48.4,0.0,0.0008717000000615371,1.9999970390927047e-07,0.3628660000003947
2,FeatureDQN,MarginalGainPredictor,20,,228,52.6,228,52.6,892,36.5,0.0,16.1,16.1,0.0,0.0008717000000615371,0.000389000000723172,0.3628660000003947
2,FeatureDQN,OriginalOrder,50,,228,52.6,228,52.6,2034,4.2,0.0,48.4,48.4,0.0,0.0008717000000615371,1.9999970390927047e-07,0.3628660000003947
2,FeatureDQN,MarginalGainPredictor,50,,228,52.6,228,52.6,916,19.9,0.0,32.7,32.7,0.0,0.0008717000000615371,0.0003801000002567889,0.3628660000003947
2,FeatureDQN,OriginalOrder,100,,228,52.6,228,52.6,2034,4.2,0.0,48.4,48.4,0.0,0.0008717000000615371,2.0000061340397224e-07,0.3628660000003947
2,FeatureDQN,MarginalGainPredictor,100,,228,52.6,228,52.6,916,19.9,0.0,32.7,32.7,0.0,0.0008717000000615371,0.00042940000003000023,0.3628660000003947
2,Random,OriginalOrder,10,0,228,52.6,7123,44.0,423,16.4,8.600000000000001,27.6,36.2,0.0,4.309999985707691e-05,1.9999970390927047e-07,0.3628660000003947
2,Random,MarginalGainPredictor,10,0,228,52.6,7123,44.0,6314,13.3,8.600000000000001,30.7,39.3,-3.552713678800501e-15,4.309999985707691e-05,0.00036730000010720687,0.3628660000003947
2,Random,OriginalOrder,20,0,228,52.6,7123,44.0,423,16.4,8.600000000000001,27.6,36.2,0.0,4.309999985707691e-05,2.0000061340397224e-07,0.3628660000003947
2,Random,MarginalGainPredictor,20,0,228,52.6,7123,44.0,6314,13.3,8.600000000000001,30.7,39.3,-3.552713678800501e-15,4.309999985707691e-05,0.00035509999997884734,0.3628660000003947
2,Random,OriginalOrder,50,0,228,52.6,7123,44.0,423,16.4,8.600000000000001,27.6,36.2,0.0,4.309999985707691e-05,1.9999970390927047e-07,0.3628660000003947
2,Random,MarginalGainPredictor,50,0,228,52.6,7123,44.0,2216,31.1,8.600000000000001,12.899999999999999,21.5,0.0,4.309999985707691e-05,0.0004017999999632593,0.3628660000003947
2,Random,OriginalOrder,100,0,228,52.6,7123,44.0,423,16.4,8.600000000000001,27.6,36.2,0.0,4.309999985707691e-05,9.999985195463523e-08,0.3628660000003947
2,Random,MarginalGainPredictor,100,0,228,52.6,7123,44.0,2216,31.1,8.600000000000001,12.899999999999999,21.5,0.0,4.309999985707691e-05,0.00040749999971012585,0.3628660000003947
2,Random,OriginalOrder,10,1,228,52.6,7995,16.8,1236,6.7,35.8,10.100000000000001,45.9,0.0,3.529999958118424e-05,9.999985195463523e-08,0.3628660000003947
2,Random,MarginalGainPredictor,10,1,228,52.6,7995,16.8,1277,0.0,35.8,16.8,52.6,3.552713678800501e-15,3.529999958118424e-05,0.0006618000006710645,0.3628660000003947
2,Random,OriginalOrder,20,1,228,52.6,1140,22.9,1236,6.7,29.700000000000003,16.2,45.9,-3.552713678800501e-15,3.529999958118424e-05,3.0000046535860747e-07,0.3628660000003947
2,Random,MarginalGainPredictor,20,1,228,52.6,1140,22.9,1277,0.0,29.700000000000003,22.9,52.6,0.0,3.529999958118424e-05,0.0005272999997032457,0.3628660000003947
2,Random,OriginalOrder,50,1,228,52.6,228,52.6,1236,6.7,0.0,45.9,45.9,0.0,3.529999958118424e-05,1.9999970390927047e-07,0.3628660000003947
2,Random,MarginalGainPredictor,50,1,228,52.6,228,52.6,1807,36.5,0.0,16.1,16.1,0.0,3.529999958118424e-05,0.00042610000036802376,0.3628660000003947
2,Random,OriginalOrder,100,1,228,52.6,228,52.6,1236,6.7,0.0,45.9,45.9,0.0,3.529999958118424e-05,1.9999970390927047e-07,0.3628660000003947
2,Random,MarginalGainPredictor,100,1,228,52.6,228,52.6,1807,36.5,0.0,16.1,16.1,0.0,3.529999958118424e-05,0.00042239999947923934,0.3628660000003947
2,Random,OriginalOrder,10,2,228,52.6,12802,22.0,12802,22.0,30.6,0.0,30.6,0.0,3.5600000046542846e-05,1.9999970390927047e-07,0.3628660000003947
2,Random,MarginalGainPredictor,10,2,228,52.6,12802,22.0,1978,11.1,30.6,10.9,41.5,-1.7763568394002505e-15,3.5600000046542846e-05,0.00037800000063725747,0.3628660000003947
2,Random,OriginalOrder,20,2,228,52.6,2054,23.9,12802,22.0,28.700000000000003,1.8999999999999986,30.6,0.0,3.5600000046542846e-05,1.9999970390927047e-07,0.3628660000003947
2,Random,MarginalGainPredictor,20,2,228,52.6,2054,23.9,1978,11.1,28.700000000000003,12.799999999999999,41.5,-1.7763568394002505e-15,3.5600000046542846e-05,0.0003544000001056702,0.3628660000003947
2,Random,OriginalOrder,50,2,228,52.6,892,36.5,12802,22.0,16.1,14.5,30.6,0.0,3.5600000046542846e-05,1.9999970390927047e-07,0.3628660000003947
2,Random,MarginalGainPredictor,50,2,228,52.6,892,36.5,7995,16.8,16.1,19.7,35.8,-3.552713678800501e-15,3.5600000046542846e-05,0.00037460000021383166,0.3628660000003947
2,Random,OriginalOrder,100,2,228,52.6,228,52.6,12802,22.0,0.0,30.6,30.6,0.0,3.5600000046542846e-05,1.00000761449337e-07,0.3628660000003947
2,Random,MarginalGainPredictor,100,2,228,52.6,228,52.6,310,40.2,0.0,12.399999999999999,12.399999999999999,0.0,3.5600000046542846e-05,0.0005406000000220956,0.3628660000003947
2,Random,OriginalOrder,10,3,228,52.6,1439,24.4,72,11.9,28.200000000000003,12.499999999999998,40.7,1.7763568394002505e-15,4.7700000322947744e-05,9.999985195463523e-08,0.3628660000003947
2,Random,MarginalGainPredictor,10,3,228,52.6,1439,24.4,1439,24.4,28.200000000000003,0.0,28.200000000000003,0.0,4.7700000322947744e-05,0.0004048999999213265,0.3628660000003947
2,Random,OriginalOrder,20,3,228,52.6,228,52.6,72,11.9,0.0,40.7,40.7,0.0,4.7700000322947744e-05,1.9999970390927047e-07,0.3628660000003947
2,Random,MarginalGainPredictor,20,3,228,52.6,228,52.6,1439,24.4,0.0,28.200000000000003,28.200000000000003,0.0,4.7700000322947744e-05,0.00038920000042708125,0.3628660000003947
2,Random,OriginalOrder,50,3,228,52.6,228,52.6,72,11.9,0.0,40.7,40.7,0.0,4.7700000322947744e-05,1.9999970390927047e-07,0.3628660000003947
2,Random,MarginalGainPredictor,50,3,228,52.6,228,52.6,1807,36.5,0.0,16.1,16.1,0.0,4.7700000322947744e-05,0.00037460000021383166,0.3628660000003947
2,Random,OriginalOrder,100,3,228,52.6,228,52.6,72,11.9,0.0,40.7,40.7,0.0,4.7700000322947744e-05,2.0000061340397224e-07,0.3628660000003947
2,Random,MarginalGainPredictor,100,3,228,52.6,228,52.6,410,49.8,0.0,2.8000000000000043,2.8000000000000043,0.0,4.7700000322947744e-05,0.00041259999943576986,0.3628660000003947
2,Random,OriginalOrder,10,4,228,52.6,423,16.4,12381,6.6,36.2,9.799999999999999,46.0,-1.7763568394002505e-15,3.6100000215810724e-05,9.999985195463523e-08,0.3628660000003947
2,Random,MarginalGainPredictor,10,4,228,52.6,423,16.4,2014,10.7,36.2,5.699999999999999,41.900000000000006,3.552713678800501e-15,3.6100000215810724e-05,0.0003723999998328509,0.3628660000003947
2,Random,OriginalOrder,20,4,228,52.6,916,19.9,12381,6.6,32.7,13.299999999999999,46.0,-1.7763568394002505e-15,3.6100000215810724e-05,2.0000061340397224e-07,0.3628660000003947
2,Random,MarginalGainPredictor,20,4,228,52.6,916,19.9,916,19.9,32.7,0.0,32.7,0.0,3.6100000215810724e-05,0.0007579000002806424,0.3628660000003947
2,Random,OriginalOrder,50,4,228,52.6,5753,35.3,12381,6.6,17.300000000000004,28.699999999999996,46.0,0.0,3.6100000215810724e-05,2.0000061340397224e-07,0.3628660000003947
2,Random,MarginalGainPredictor,50,4,228,52.6,5753,35.3,916,19.9,17.300000000000004,15.399999999999999,32.7,0.0,3.6100000215810724e-05,0.0005828000003020861,0.3628660000003947
2,Random,OriginalOrder,100,4,228,52.6,985,38.0,12381,6.6,14.600000000000001,31.4,46.0,0.0,3.6100000215810724e-05,9.999985195463523e-08,0.3628660000003947
2,Random,MarginalGainPredictor,100,4,228,52.6,985,38.0,985,38.0,14.600000000000001,0.0,14.600000000000001,0.0,3.6100000215810724e-05,0.0004631000001609209,0.3628660000003947
2,Random,OriginalOrder,10,5,228,52.6,410,49.8,2442,20.7,2.8000000000000043,29.099999999999998,31.900000000000002,0.0,3.470000046945643e-05,9.999985195463523e-08,0.3628660000003947
2,Random,MarginalGainPredictor,10,5,228,52.6,410,49.8,410,49.8,2.8000000000000043,0.0,2.8000000000000043,0.0,3.470000046945643e-05,0.00036529999943013536,0.3628660000003947
2,Random,OriginalOrder,20,5,228,52.6,410,49.8,2442,20.7,2.8000000000000043,29.099999999999998,31.900000000000002,0.0,3.470000046945643e-05,1.9999970390927047e-07,0.3628660000003947
2,Random,MarginalGainPredictor,20,5,228,52.6,410,49.8,410,49.8,2.8000000000000043,0.0,2.8000000000000043,0.0,3.470000046945643e-05,0.00035630000002129236,0.3628660000003947
2,Random,OriginalOrder,50,5,228,52.6,410,49.8,2442,20.7,2.8000000000000043,29.099999999999998,31.900000000000002,0.0,3.470000046945643e-05,1.9999970390927047e-07,0.3628660000003947
2,Random,MarginalGainPredictor,50,5,228,52.6,410,49.8,410,49.8,2.8000000000000043,0.0,2.8000000000000043,0.0,3.470000046945643e-05,0.00039629999992030207,0.3628660000003947
2,Random,OriginalOrder,100,5,228,52.6,410,49.8,2442,20.7,2.8000000000000043,29.099999999999998,31.900000000000002,0.0,3.470000046945643e-05,2.0000061340397224e-07,0.3628660000003947
2,Random,MarginalGainPredictor,100,5,228,52.6,410,49.8,410,49.8,2.8000000000000043,0.0,2.8000000000000043,0.0,3.470000046945643e-05,0.0003973000002588378,0.3628660000003947
2,Random,OriginalOrder,10,6,228,52.6,9070,24.3,597,12.9,28.3,11.4,39.7,1.7763568394002505e-15,3.3599999369471334e-05,9.999985195463523e-08,0.3628660000003947
2,Random,MarginalGainPredictor,10,6,228,52.6,9070,24.3,9070,24.3,28.3,0.0,28.3,0.0,3.3599999369471334e-05,0.00038870000025781337,0.3628660000003947
2,Random,OriginalOrder,20,6,228,52.6,1807,36.5,597,12.9,16.1,23.6,39.7,0.0,3.3599999369471334e-05,9.999985195463523e-08,0.3628660000003947
2,Random,MarginalGainPredictor,20,6,228,52.6,1807,36.5,1807,36.5,16.1,0.0,16.1,0.0,3.3599999369471334e-05,0.0003589999996620463,0.3628660000003947
2,Random,OriginalOrder,50,6,228,52.6,228,52.6,597,12.9,0.0,39.7,39.7,0.0,3.3599999369471334e-05,9.999985195463523e-08,0.3628660000003947
2,Random,MarginalGainPredictor,50,6,228,52.6,228,52.6,410,49.8,0.0,2.8000000000000043,2.8000000000000043,0.0,3.3599999369471334e-05,0.0003743999996004277,0.3628660000003947
2,Random,OriginalOrder,100,6,228,52.6,228,52.6,597,12.9,0.0,39.7,39.7,0.0,3.3599999369471334e-05,9.999985195463523e-08,0.3628660000003947
2,Random,MarginalGainPredictor,100,6,228,52.6,228,52.6,410,49.8,0.0,2.8000000000000043,2.8000000000000043,0.0,3.3599999369471334e-05,0.00046550000024581095,0.3628660000003947
2,Random,OriginalOrder,10,7,228,52.6,1140,22.9,2854,5.9,29.700000000000003,17.0,46.7,0.0,3.389999983482994e-05,0.0,0.3628660000003947
2,Random,MarginalGainPredictor,10,7,228,52.6,1140,22.9,597,12.9,29.700000000000003,9.999999999999998,39.7,1.7763568394002505e-15,3.389999983482994e-05,0.0003559000006134738,0.3628660000003947
2,Random,OriginalOrder,20,7,228,52.6,618,28.1,2854,5.9,24.5,22.200000000000003,46.7,0.0,3.389999983482994e-05,9.999985195463523e-08,0.3628660000003947
2,Random,MarginalGainPredictor,20,7,228,52.6,618,28.1,916,19.9,24.5,8.200000000000003,32.7,0.0,3.389999983482994e-05,0.0003490999997666222,0.3628660000003947
2,Random,OriginalOrder,50,7,228,52.6,892,36.5,2854,5.9,16.1,30.6,46.7,0.0,3.389999983482994e-05,1.9999970390927047e-07,0.3628660000003947
2,Random,MarginalGainPredictor,50,7,228,52.6,892,36.5,916,19.9,16.1,16.6,32.7,0.0,3.389999983482994e-05,0.0003903999995600316,0.3628660000003947
2,Random,OriginalOrder,100,7,228,52.6,228,52.6,2854,5.9,0.0,46.7,46.7,0.0,3.389999983482994e-05,2.0000061340397224e-07,0.3628660000003947
2,Random,MarginalGainPredictor,100,7,228,52.6,228,52.6,410,49.8,0.0,2.8000000000000043,2.8000000000000043,0.0,3.389999983482994e-05,0.001046200000018871,0.3628660000003947
2,Random,OriginalOrder,10,8,228,52.6,618,28.1,12375,9.4,24.5,18.700000000000003,43.2,0.0,3.4499999856052455e-05,9.999985195463523e-08,0.3628660000003947
2,Random,MarginalGainPredictor,10,8,228,52.6,618,28.1,1277,0.0,24.5,28.1,52.6,0.0,3.4499999856052455e-05,0.00036809999983233865,0.3628660000003947
2,Random,OriginalOrder,20,8,228,52.6,1807,36.5,12375,9.4,16.1,27.1,43.2,0.0,3.4499999856052455e-05,1.00000761449337e-07,0.3628660000003947
2,Random,MarginalGainPredictor,20,8,228,52.6,1807,36.5,1807,36.5,16.1,0.0,16.1,0.0,3.4499999856052455e-05,0.00037960000008752104,0.3628660000003947
2,Random,OriginalOrder,50,8,228,52.6,410,49.8,12375,9.4,2.8000000000000043,40.4,43.2,0.0,3.4499999856052455e-05,9.999985195463523e-08,0.3628660000003947
2,Random,MarginalGainPredictor,50,8,228,52.6,410,49.8,410,49.8,2.8000000000000043,0.0,2.8000000000000043,0.0,3.4499999856052455e-05,0.00039449999985663453,0.3628660000003947
2,Random,OriginalOrder,100,8,228,52.6,410,49.8,12375,9.4,2.8000000000000043,40.4,43.2,0.0,3.4499999856052455e-05,1.00000761449337e-07,0.3628660000003947
2,Random,MarginalGainPredictor,100,8,228,52.6,410,49.8,410,49.8,2.8000000000000043,0.0,2.8000000000000043,0.0,3.4499999856052455e-05,0.00040890000036597485,0.3628660000003947
2,Random,OriginalOrder,10,9,228,52.6,618,28.1,679,13.0,24.5,15.100000000000001,39.6,0.0,4.27999993917183e-05,2.0000061340397224e-07,0.3628660000003947
2,Random,MarginalGainPredictor,10,9,228,52.6,618,28.1,618,28.1,24.5,0.0,24.5,0.0,4.27999993917183e-05,0.0003637999998318264,0.3628660000003947
2,Random,OriginalOrder,20,9,228,52.6,410,49.8,679,13.0,2.8000000000000043,36.8,39.6,0.0,4.27999993917183e-05,2.0000061340397224e-07,0.3628660000003947
2,Random,MarginalGainPredictor,20,9,228,52.6,410,49.8,410,49.8,2.8000000000000043,0.0,2.8000000000000043,0.0,4.27999993917183e-05,0.0003544000001056702,0.3628660000003947
2,Random,OriginalOrder,50,9,228,52.6,410,49.8,679,13.0,2.8000000000000043,36.8,39.6,0.0,4.27999993917183e-05,2.0000061340397224e-07,0.3628660000003947
2,Random,MarginalGainPredictor,50,9,228,52.6,410,49.8,410,49.8,2.8000000000000043,0.0,2.8000000000000043,0.0,4.27999993917183e-05,0.00040999999964697054,0.3628660000003947
2,Random,OriginalOrder,100,9,228,52.6,410,49.8,679,13.0,2.8000000000000043,36.8,39.6,0.0,4.27999993917183e-05,1.9999970390927047e-07,0.3628660000003947
2,Random,MarginalGainPredictor,100,9,228,52.6,410,49.8,410,49.8,2.8000000000000043,0.0,2.8000000000000043,0.0,4.27999993917183e-05,0.00041959999998653075,0.3628660000003947
3,Degree,OriginalOrder,10,,3519,54.6,310,44.9,916,22.1,9.700000000000003,22.799999999999997,32.5,0.0,9.210000007442432e-05,2.0000061340397224e-07,0.47408699999959936
3,Degree,MarginalGainPredictor,10,,3519,54.6,310,44.9,410,43.0,9.700000000000003,1.8999999999999986,11.600000000000001,0.0,9.210000007442432e-05,0.0013320999996722094,0.47408699999959936
3,Degree,OriginalOrder,20,,3519,54.6,310,44.9,916,22.1,9.700000000000003,22.799999999999997,32.5,0.0,9.210000007442432e-05,1.9999970390927047e-07,0.47408699999959936
3,Degree,MarginalGainPredictor,20,,3519,54.6,310,44.9,410,43.0,9.700000000000003,1.8999999999999986,11.600000000000001,0.0,9.210000007442432e-05,0.00043449999975564424,0.47408699999959936
3,Degree,OriginalOrder,50,,3519,54.6,310,44.9,916,22.1,9.700000000000003,22.799999999999997,32.5,0.0,9.210000007442432e-05,2.0000061340397224e-07,0.47408699999959936
3,Degree,MarginalGainPredictor,50,,3519,54.6,310,44.9,410,43.0,9.700000000000003,1.8999999999999986,11.600000000000001,0.0,9.210000007442432e-05,0.0004941000006510876,0.47408699999959936
3,Degree,OriginalOrder,100,,3519,54.6,3519,54.6,916,22.1,0.0,32.5,32.5,0.0,9.210000007442432e-05,1.9999970390927047e-07,0.47408699999959936
3,Degree,MarginalGainPredictor,100,,3519,54.6,3519,54.6,410,43.0,0.0,11.600000000000001,11.600000000000001,0.0,9.210000007442432e-05,0.00042049999956361717,0.47408699999959936
3,DegreeDiscount,OriginalOrder,10,,3519,54.6,310,44.9,12802,24.7,9.700000000000003,20.2,29.900000000000002,0.0,0.0018590999998195912,2.0000061340397224e-07,0.47408699999959936
3,DegreeDiscount,MarginalGainPredictor,10,,3519,54.6,310,44.9,310,44.9,9.700000000000003,0.0,9.700000000000003,0.0,0.0018590999998195912,0.00040810000064084306,0.47408699999959936
3,DegreeDiscount,OriginalOrder,20,,3519,54.6,310,44.9,12802,24.7,9.700000000000003,20.2,29.900000000000002,0.0,0.0018590999998195912,1.9999970390927047e-07,0.47408699999959936
3,DegreeDiscount,MarginalGainPredictor,20,,3519,54.6,310,44.9,310,44.9,9.700000000000003,0.0,9.700000000000003,0.0,0.0018590999998195912,0.00038330000006681075,0.47408699999959936
3,DegreeDiscount,OriginalOrder,50,,3519,54.6,9070,51.8,12802,24.7,2.8000000000000043,27.099999999999998,29.900000000000002,0.0,0.0018590999998195912,1.9999970390927047e-07,0.47408699999959936
3,DegreeDiscount,MarginalGainPredictor,50,,3519,54.6,9070,51.8,410,43.0,2.8000000000000043,8.799999999999997,11.600000000000001,0.0,0.0018590999998195912,0.00038130000029923394,0.47408699999959936
3,DegreeDiscount,OriginalOrder,100,,3519,54.6,3519,54.6,12802,24.7,0.0,29.900000000000002,29.900000000000002,0.0,0.0018590999998195912,9.999985195463523e-08,0.47408699999959936
3,DegreeDiscount,MarginalGainPredictor,100,,3519,54.6,3519,54.6,410,43.0,0.0,11.600000000000001,11.600000000000001,0.0,0.0018590999998195912,0.0004109999999855063,0.47408699999959936
3,FeatureDQN,OriginalOrder,10,,3519,54.6,2034,14.5,2034,14.5,40.1,0.0,40.1,0.0,0.0010550999995757593,1.9999970390927047e-07,0.47408699999959936
3,FeatureDQN,MarginalGainPredictor,10,,3519,54.6,2034,14.5,905,11.9,40.1,2.5999999999999996,42.7,1.7763568394002505e-15,0.0010550999995757593,0.0004061999998157262,0.47408699999959936
3,FeatureDQN,OriginalOrder,20,,3519,54.6,892,37.8,2034,14.5,16.800000000000004,23.299999999999997,40.1,0.0,0.0010550999995757593,2.0000061340397224e-07,0.47408699999959936
3,FeatureDQN,MarginalGainPredictor,20,,3519,54.6,892,37.8,3916,33.8,16.800000000000004,4.0,20.800000000000004,0.0,0.0010550999995757593,0.0003581000000849599,0.47408699999959936
3,FeatureDQN,OriginalOrder,50,,3519,54.6,892,37.8,2034,14.5,16.800000000000004,23.299999999999997,40.1,0.0,0.0010550999995757593,9.999985195463523e-08,0.47408699999959936
3,FeatureDQN,MarginalGainPredictor,50,,3519,54.6,892,37.8,916,22.1,16.800000000000004,15.699999999999996,32.5,0.0,0.0010550999995757593,0.00040330000047106296,0.47408699999959936
3,FeatureDQN,OriginalOrder,100,,3519,54.6,892,37.8,2034,14.5,16.800000000000004,23.299999999999997,40.1,0.0,0.0010550999995757593,9.999985195463523e-08,0.47408699999959936
3,FeatureDQN,MarginalGainPredictor,100,,3519,54.6,892,37.8,916,22.1,16.800000000000004,15.699999999999996,32.5,0.0,0.0010550999995757593,0.00041030000011232914,0.47408699999959936
3,Random,OriginalOrder,10,0,3519,54.6,2216,30.5,6158,13.5,24.1,17.0,41.1,0.0,3.930000002583256e-05,9.999985195463523e-08,0.47408699999959936
3,Random,MarginalGainPredictor,10,0,3519,54.6,2216,30.5,2216,30.5,24.1,0.0,24.1,0.0,3.930000002583256e-05,0.00034899999991466757,0.47408699999959936
3,Random,OriginalOrder,20,0,3519,54.6,2216,30.5,6158,13.5,24.1,17.0,41.1,0.0,3.930000002583256e-05,9.999985195463523e-08,0.47408699999959936
3,Random,MarginalGainPredictor,20,0,3519,54.6,2216,30.5,2216,30.5,24.1,0.0,24.1,0.0,3.930000002583256e-05,0.00038240000048972433,0.47408699999959936
3,Random,OriginalOrder,50,0,3519,54.6,3519,54.6,6158,13.5,0.0,41.1,41.1,0.0,3.930000002583256e-05,2.0000061340397224e-07,0.47408699999959936
3,Random,MarginalGainPredictor,50,0,3519,54.6,3519,54.6,2216,30.5,0.0,24.1,24.1,0.0,3.930000002583256e-05,0.0003628999993452453,0.47408699999959936
3,Random,OriginalOrder,100,0,3519,54.6,3519,54.6,6158,13.5,0.0,41.1,41.1,0.0,3.930000002583256e-05,1.9999970390927047e-07,0.47408699999959936
3,Random,MarginalGainPredictor,100,0,3519,54.6,3519,54.6,2216,30.5,0.0,24.1,24.1,0.0,3.930000002583256e-05,0.00043540000024222536,0.47408699999959936
3,Random,OriginalOrder,10,1,3519,54.6,647,35.3,287,19.3,19.300000000000004,15.999999999999996,35.3,-3.552713678800501e-15,3.749999996216502e-05,9.999985195463523e-08,0.47408699999959936
3,Random,MarginalGainPredictor,10,1,3519,54.6,647,35.3,1978,10.6,19.300000000000004,24.699999999999996,44.0,0.0,3.749999996216502e-05,0.00034950000008393545,0.47408699999959936
3,Random,OriginalOrder,20,1,3519,54.6,647,35.3,287,19.3,19.300000000000004,15.999999999999996,35.3,-3.552713678800501e-15,3.749999996216502e-05,9.999985195463523e-08,0.47408699999959936
3,Random,MarginalGainPredictor,20,1,3519,54.6,647,35.3,408,17.0,19.300000000000004,18.299999999999997,37.6,0.0,3.749999996216502e-05,0.0003422999998292653,0.47408699999959936
3,Random,OriginalOrder,50,1,3519,54.6,3519,54.6,287,19.3,0.0,35.3,35.3,0.0,3.749999996216502e-05,1.00000761449337e-07,0.47408699999959936
3,Random,MarginalGainPredictor,50,1,3519,54.6,3519,54.6,410,43.0,0.0,11.600000000000001,11.600000000000001,0.0,3.749999996216502e-05,0.0004883999999947264,0.47408699999959936
3,Random,OriginalOrder,100,1,3519,54.6,3519,54.6,287,19.3,0.0,35.3,35.3,0.0,3.749999996216502e-05,1.9999970390927047e-07,0.47408699999959936
3,Random,MarginalGainPredictor,100,1,3519,54.6,3519,54.6,410,43.0,0.0,11.600000000000001,11.600000000000001,0.0,3.749999996216502e-05,0.0009526000003461377,0.47408699999959936
3,Random,OriginalOrder,10,2,3519,54.6,547,21.1,12381,5.8,33.5,15.3,48.800000000000004,3.552713678800501e-15,5.110000074637355e-05,9.999985195463523e-08,0.47408699999959936
3,Random,MarginalGainPredictor,10,2,3519,54.6,547,21.1,72,15.2,33.5,5.900000000000002,39.400000000000006,3.552713678800501e-15,5.110000074637355e-05,0.0006316999997579842,0.47408699999959936
3,Random,OriginalOrder,20,2,3519,54.6,1140,28.1,12381,5.8,26.5,22.3,48.800000000000004,3.552713678800501e-15,5.110000074637355e-05,1.9999970390927047e-07,0.47408699999959936
3,Random,MarginalGainPredictor,20,2,3519,54.6,1140,28.1,1277,0.0,26.5,28.1,54.6,0.0,5.110000074637355e-05,0.0005409999994299142,0.47408699999959936
3,Random,OriginalOrder,50,2,3519,54.6,5753,44.0,12381,5.8,10.600000000000001,38.2,48.800000000000004,0.0,5.110000074637355e-05,3.0000046535860747e-07,0.47408699999959936
3,Random,MarginalGainPredictor,50,2,3519,54.6,5753,44.0,985,34.9,10.600000000000001,9.100000000000001,19.700000000000003,0.0,5.110000074637355e-05,0.0004086999997525709,0.47408699999959936
3,Random,OriginalOrder,100,2,3519,54.6,5753,44.0,12381,5.8,10.600000000000001,38.2,48.800000000000004,0.0,5.110000074637355e-05,1.9999970390927047e-07,0.47408699999959936
3,Random,MarginalGainPredictor,100,2,3519,54.6,5753,44.0,410,43.0,10.600000000000001,1.0,11.600000000000001,0.0,5.110000074637355e-05,0.000465299999632407,0.47408699999959936
3,Random,OriginalOrder,10,3,3519,54.6,597,18.2,6314,10.9,36.400000000000006,7.299999999999999,43.7,-1.7763568394002505e-15,3.370000013092067e-05,9.999985195463523e-08,0.47408699999959936
3,Random,MarginalGainPredictor,10,3,3519,54.6,597,18.2,6314,10.9,36.400000000000006,7.299999999999999,43.7,-1.7763568394002505e-15,3.370000013092067e-05,0.00034450000021024607,0.47408699999959936
3,Random,OriginalOrder,20,3,3519,54.6,4679,23.3,6314,10.9,31.3,12.4,43.7,1.7763568394002505e-15,3.370000013092067e-05,9.999985195463523e-08,0.47408699999959936
3,Random,MarginalGainPredictor,20,3,3519,54.6,4679,23.3,7995,17.4,31.3,5.900000000000002,37.2,0.0,3.370000013092067e-05,0.00034760000016831327,0.47408699999959936
3,Random,OriginalOrder,50,3,3519,54.6,985,34.9,6314,10.9,19.700000000000003,24.0,43.7,0.0,3.370000013092067e-05,1.9999970390927047e-07,0.47408699999959936
3,Random,MarginalGainPredictor,50,3,3519,54.6,985,34.9,985,34.9,19.700000000000003,0.0,19.700000000000003,0.0,3.370000013092067e-05,0.00038419999964389717,0.47408699999959936
3,Random,OriginalOrder,100,3,3519,54.6,5753,44.0,6314,10.9,10.600000000000001,33.1,43.7,0.0,3.370000013092067e-05,9.999985195463523e-08,0.47408699999959936
3,Random,MarginalGainPredictor,100,3,3519,54.6,5753,44.0,985,34.9,10.600000000000001,9.100000000000001,19.700000000000003,0.0,3.370000013092067e-05,0.00040040000021690503,0.47408699999959936
3,Random,OriginalOrder,10,4,3519,54.6,547,21.1,547,21.1,33.5,0.0,33.5,0.0,3.3799999982875306e-05,9.999985195463523e-08,0.47408699999959936
3,Random,MarginalGainPredictor,10,4,3519,54.6,547,21.1,6314,10.9,33.5,10.200000000000001,43.7,1.7763568394002505e-15,3.3799999982875306e-05,0.00038439999934780644,0.47408699999959936
3,Random,OriginalOrder,20,4,3519,54.6,547,21.1,547,21.1,33.5,0.0,33.5,0.0,3.3799999982875306e-05,9.999985195463523e-08,0.47408699999959936
3,Random,MarginalGainPredictor,20,4,3519,54.6,547,21.1,3078,18.8,33.5,2.3000000000000007,35.8,-3.552713678800501e-15,3.3799999982875306e-05,0.0003524000003380934,0.47408699999959936
3,Random,OriginalOrder,50,4,3519,54.6,3519,54.6,547,21.1,0.0,33.5,33.5,0.0,3.3799999982875306e-05,1.9999970390927047e-07,0.47408699999959936
3,Random,MarginalGainPredictor,50,4,3519,54.6,3519,54.6,410,43.0,0.0,11.600000000000001,11.600000000000001,0.0,3.3799999982875306e-05,0.0003647999992608675,0.47408699999959936
3,Random,OriginalOrder,100,4,3519,54.6,3519,54.6,547,21.1,0.0,33.5,33.5,0.0,3.3799999982875306e-05,9.999985195463523e-08,0.47408699999959936
3,Random,MarginalGainPredictor,100,4,3519,54.6,3519,54.6,410,43.0,0.0,11.600000000000001,11.600000000000001,0.0,3.3799999982875306e-05,0.0004158000001552864,0.47408699999959936
3,Random,OriginalOrder,10,5,3519,54.6,1140,28.1,4859,11.9,26.5,16.200000000000003,42.7,0.0,3.4499999856052455e-05,1.00000761449337e-07,0.47408699999959936
3,Random,MarginalGainPredictor,10,5,3519,54.6,1140,28.1,1423,13.1,26.5,15.000000000000002,41.5,-1.7763568394002505e-15,3.4499999856052455e-05,0.0006903000003148918,0.47408699999959936
3,Random,OriginalOrder,20,5,3519,54.6,1140,28.1,4859,11.9,26.5,16.200000000000003,42.7,0.0,3.4499999856052455e-05,1.9999970390927047e-07,0.47408699999959936
3,Random,MarginalGainPredictor,20,5,3519,54.6,1140,28.1,1423,13.1,26.5,15.000000000000002,41.5,-1.7763568394002505e-15,3.4499999856052455e-05,0.0006091999994168873,0.47408699999959936
3,Random,OriginalOrder,50,5,3519,54.6,410,43.0,4859,11.9,11.600000000000001,31.1,42.7,0.0,3.4499999856052455e-05,1.9999970390927047e-07,0.47408699999959936
3,Random,MarginalGainPredictor,50,5,3519,54.6,410,43.0,410,43.0,11.600000000000001,0.0,11.600000000000001,0.0,3.4499999856052455e-05,0.0003741000000445638,0.47408699999959936
3,Random,OriginalOrder,100,5,3519,54.6,3519,54.6,4859,11.9,0.0,42.7,42.7,0.0,3.4499999856052455e-05,9.999985195463523e-08,0.47408699999959936
3,Random,MarginalGainPredictor,100,5,3519,54.6,3519,54.6,410,43.0,0.0,11.600000000000001,11.600000000000001,0.0,3.4499999856052455e-05,0.00042179999945801683,0.47408699999959936
3,Random,OriginalOrder,10,6,3519,54.6,9561,21.5,802,2.9,33.1,18.6,51.7,0.0,3.49000001733657e-05,9.999985195463523e-08,0.47408699999959936
3,Random,MarginalGainPredictor,10,6,3519,54.6,9561,21.5,9561,21.5,33.1,0.0,33.1,0.0,3.49000001733657e-05,0.0003526999998939573,0.47408699999959936
3,Random,OriginalOrder,20,6,3519,54.6,9561,21.5,802,2.9,33.1,18.6,51.7,0.0,3.49000001733657e-05,9.999985195463523e-08,0.47408699999959936
3,Random,MarginalGainPredictor,20,6,3519,54.6,9561,21.5,1277,0.0,33.1,21.5,54.6,0.0,3.49000001733657e-05,0.0003727000002982095,0.47408699999959936
3,Random,OriginalOrder,50,6,3519,54.6,892,37.8,802,2.9,16.800000000000004,34.9,51.7,0.0,3.49000001733657e-05,9.999985195463523e-08,0.47408699999959936
3,Random,MarginalGainPredictor,50,6,3519,54.6,892,37.8,2216,30.5,16.800000000000004,7.299999999999997,24.1,0.0,3.49000001733657e-05,0.0003630999999586493,0.47408699999959936
3,Random,OriginalOrder,100,6,3519,54.6,310,44.9,802,2.9,9.700000000000003,42.0,51.7,0.0,3.49000001733657e-05,9.999985195463523e-08,0.47408699999959936
3,Random,MarginalGainPredictor,100,6,3519,54.6,310,44.9,310,44.9,9.700000000000003,0.0,9.700000000000003,0.0,3.49000001733657e-05,0.0003884999996444094,0.47408699999959936
3,Random,OriginalOrder,10,7,3519,54.6,181,26.5,12375,9.8,28.1,16.7,44.8,-3.552713678800501e-15,3.2899999496294186e-05,1.00000761449337e-07,0.47408699999959936
3,Random,MarginalGainPredictor,10,7,3519,54.6,181,26.5,1352,12.4,28.1,14.1,42.2,1.7763568394002505e-15,3.2899999496294186e-05,0.0003968999999415246,0.47408699999959936
3,Random,OriginalOrder,20,7,3519,54.6,181,26.5,12375,9.8,28.1,16.7,44.8,-3.552713678800501e-15,3.2899999496294186e-05,1.9999970390927047e-07,0.47408699999959936
3,Random,MarginalGainPredictor,20,7,3519,54.6,181,26.5,1352,12.4,28.1,14.1,42.2,1.7763568394002505e-15,3.2899999496294186e-05,0.000347400000464404,0.47408699999959936
3,Random,OriginalOrder,50,7,3519,54.6,4285,30.3,12375,9.8,24.3,20.5,44.8,-3.552713678800501e-15,3.2899999496294186e-05,1.9999970390927047e-07,0.47408699999959936
3,Random,MarginalGainPredictor,50,7,3519,54.6,4285,30.3,1816,17.0,24.3,13.3,37.6,0.0,3.2899999496294186e-05,0.0003679000001284294,0.47408699999959936
3,Random,OriginalOrder,100,7,3519,54.6,5753,44.0,12375,9.8,10.600000000000001,34.2,44.8,-7.105427357601002e-15,3.2899999496294186e-05,1.9999970390927047e-07,0.47408699999959936
3,Random,MarginalGainPredictor,100,7,3519,54.6,5753,44.0,410,43.0,10.600000000000001,1.0,11.600000000000001,0.0,3.2899999496294186e-05,0.00041280000004917383,0.47408699999959936
3,Random,OriginalOrder,10,8,3519,54.6,1439,24.2,1580,4.5,30.400000000000002,19.7,50.1,0.0,3.51999997292296e-05,9.999985195463523e-08,0.47408699999959936
3,Random,MarginalGainPredictor,10,8,3519,54.6,1439,24.2,1439,24.2,30.400000000000002,0.0,30.400000000000002,0.0,3.51999997292296e-05,0.0003541999994922662,0.47408699999959936
3,Random,OriginalOrder,20,8,3519,54.6,310,44.9,1580,4.5,9.700000000000003,40.4,50.1,0.0,3.51999997292296e-05,9.999985195463523e-08,0.47408699999959936
3,Random,MarginalGainPredictor,20,8,3519,54.6,310,44.9,310,44.9,9.700000000000003,0.0,9.700000000000003,0.0,3.51999997292296e-05,0.00037150000025576446,0.47408699999959936
3,Random,OriginalOrder,50,8,3519,54.6,310,44.9,1580,4.5,9.700000000000003,40.4,50.1,0.0,3.51999997292296e-05,1.9999970390927047e-07,0.47408699999959936
3,Random,MarginalGainPredictor,50,8,3519,54.6,310,44.9,310,44.9,9.700000000000003,0.0,9.700000000000003,0.0,3.51999997292296e-05,0.0007953000003908528,0.47408699999959936
3,Random,OriginalOrder,100,8,3519,54.6,3519,54.6,1580,4.5,0.0,50.1,50.1,0.0,3.51999997292296e-05,1.9999970390927047e-07,0.47408699999959936
3,Random,MarginalGainPredictor,100,8,3519,54.6,3519,54.6,410,43.0,0.0,11.600000000000001,11.600000000000001,0.0,3.51999997292296e-05,0.0006722999996782164,0.47408699999959936
3,Random,OriginalOrder,10,9,3519,54.6,692,17.7,541,5.7,36.900000000000006,12.0,48.9,-7.105427357601002e-15,3.34999995175167e-05,9.999985195463523e-08,0.47408699999959936
3,Random,MarginalGainPredictor,10,9,3519,54.6,692,17.7,7995,17.4,36.900000000000006,0.3000000000000007,37.2,-3.552713678800501e-15,3.34999995175167e-05,0.0003597999993871781,0.47408699999959936
3,Random,OriginalOrder,20,9,3519,54.6,410,43.0,541,5.7,11.600000000000001,37.3,48.9,0.0,3.34999995175167e-05,9.999985195463523e-08,0.47408699999959936
3,Random,MarginalGainPredictor,20,9,3519,54.6,410,43.0,410,43.0,11.600000000000001,0.0,11.600000000000001,0.0,3.34999995175167e-05,0.00034079999932146166,0.47408699999959936
3,Random,OriginalOrder,50,9,3519,54.6,410,43.0,541,5.7,11.600000000000001,37.3,48.9,0.0,3.34999995175167e-05,1.9999970390927047e-07,0.47408699999959936
3,Random,MarginalGainPredictor,50,9,3519,54.6,410,43.0,410,43.0,11.600000000000001,0.0,11.600000000000001,0.0,3.34999995175167e-05,0.0004336000001785578,0.47408699999959936
3,Random,OriginalOrder,100,9,3519,54.6,310,44.9,541,5.7,9.700000000000003,39.199999999999996,48.9,0.0,3.34999995175167e-05,9.999985195463523e-08,0.47408699999959936
3,Random,MarginalGainPredictor,100,9,3519,54.6,310,44.9,410,43.0,9.700000000000003,1.8999999999999986,11.600000000000001,0.0,3.34999995175167e-05,0.0003999999998995918,0.47408699999959936
4,Degree,OriginalOrder,10,,410,49.7,410,49.7,916,24.1,0.0,25.6,25.6,0.0,8.770000022195745e-05,3.0000046535860747e-07,0.42309130000012374
4,Degree,MarginalGainPredictor,10,,410,49.7,410,49.7,410,49.7,0.0,0.0,0.0,0.0,8.770000022195745e-05,0.0012328999991950695,0.42309130000012374
4,Degree,OriginalOrder,20,,410,49.7,410,49.7,916,24.1,0.0,25.6,25.6,0.0,8.770000022195745e-05,1.9999970390927047e-07,0.42309130000012374
4,Degree,MarginalGainPredictor,20,,410,49.7,410,49.7,410,49.7,0.0,0.0,0.0,0.0,8.770000022195745e-05,0.00041450000026088674,0.42309130000012374
4,Degree,OriginalOrder,50,,410,49.7,410,49.7,916,24.1,0.0,25.6,25.6,0.0,8.770000022195745e-05,1.9999970390927047e-07,0.42309130000012374
4,Degree,MarginalGainPredictor,50,,410,49.7,410,49.7,410,49.7,0.0,0.0,0.0,0.0,8.770000022195745e-05,0.00040859999990061624,0.42309130000012374
4,Degree,OriginalOrder,100,,410,49.7,410,49.7,916,24.1,0.0,25.6,25.6,0.0,8.770000022195745e-05,1.9999970390927047e-07,0.42309130000012374
4,Degree,MarginalGainPredictor,100,,410,49.7,410,49.7,410,49.7,0.0,0.0,0.0,0.0,8.770000022195745e-05,0.00041430000055697747,0.42309130000012374
4,DegreeDiscount,OriginalOrder,10,,410,49.7,310,38.9,12802,26.7,10.800000000000004,12.2,23.000000000000004,0.0,0.0025660000001153094,2.999995558639057e-07,0.42309130000012374
4,DegreeDiscount,MarginalGainPredictor,10,,410,49.7,310,38.9,310,38.9,10.800000000000004,0.0,10.800000000000004,0.0,0.0025660000001153094,0.0005616999997073435,0.42309130000012374
4,DegreeDiscount,OriginalOrder,20,,410,49.7,310,38.9,12802,26.7,10.800000000000004,12.2,23.000000000000004,0.0,0.0025660000001153094,1.9999970390927047e-07,0.42309130000012374
4,DegreeDiscount,MarginalGainPredictor,20,,410,49.7,310,38.9,310,38.9,10.800000000000004,0.0,10.800000000000004,0.0,0.0025660000001153094,0.0005095999995319289,0.42309130000012374
4,DegreeDiscount,OriginalOrder,50,,410,49.7,410,49.7,12802,26.7,0.0,23.000000000000004,23.000000000000004,0.0,0.0025660000001153094,1.9999970390927047e-07,0.42309130000012374
4,DegreeDiscount,MarginalGainPredictor,50,,410,49.7,410,49.7,410,49.7,0.0,0.0,0.0,0.0,0.0025660000001153094,0.0004276999998182873,0.42309130000012374
4,DegreeDiscount,OriginalOrder,100,,410,49.7,410,49.7,12802,26.7,0.0,23.000000000000004,23.000000000000004,0.0,0.0025660000001153094,1.9999970390927047e-07,0.42309130000012374
4,DegreeDiscount,MarginalGainPredictor,100,,410,49.7,410,49.7,410,49.7,0.0,0.0,0.0,0.0,0.0025660000001153094,0.00042610000036802376,0.42309130000012374
4,FeatureDQN,OriginalOrder,10,,410,49.7,905,20.1,2034,11.4,29.6,8.700000000000001,38.300000000000004,1.7763568394002505e-15,0.0008680999999342021,1.9999970390927047e-07,0.42309130000012374
4,FeatureDQN,MarginalGainPredictor,10,,410,49.7,905,20.1,905,20.1,29.6,0.0,29.6,0.0,0.0008680999999342021,0.0003589000007195864,0.42309130000012374
4,FeatureDQN,OriginalOrder,20,,410,49.7,892,32.1,2034,11.4,17.6,20.700000000000003,38.300000000000004,0.0,0.0008680999999342021,2.0000061340397224e-07,0.42309130000012374
4,FeatureDQN,MarginalGainPredictor,20,,410,49.7,892,32.1,3916,21.3,17.6,10.8,28.400000000000002,0.0,0.0008680999999342021,0.00035039999966102187,0.42309130000012374
4,FeatureDQN,OriginalOrder,50,,410,49.7,892,32.1,2034,11.4,17.6,20.700000000000003,38.300000000000004,0.0,0.0008680999999342021,2.0000061340397224e-07,0.42309130000012374
4,FeatureDQN,MarginalGainPredictor,50,,410,49.7,892,32.1,916,24.1,17.6,8.0,25.6,0.0,0.0008680999999342021,0.00040549999994254904,0.42309130000012374
4,FeatureDQN,OriginalOrder,100,,410,49.7,892,32.1,2034,11.4,17.6,20.700000000000003,38.300000000000004,0.0,0.0008680999999342021,2.0000061340397224e-07,0.42309130000012374
4,FeatureDQN,MarginalGainPredictor,100,,410,49.7,892,32.1,916,24.1,17.6,8.0,25.6,0.0,0.0008680999999342021,0.00040549999994254904,0.42309130000012374
4,Random,OriginalOrder,10,0,410,49.7,4859,14.7,124,12.1,35.0,2.5999999999999996,37.6,1.7763568394002505e-15,4.1399999645364005e-05,9.999985195463523e-08,0.42309130000012374
4,Random,MarginalGainPredictor,10,0,410,49.7,4859,14.7,1277,0.0,35.0,14.7,49.7,3.552713678800501e-15,4.1399999645364005e-05,0.0006599999996979022,0.42309130000012374
4,Random,OriginalOrder,20,0,410,49.7,5753,40.2,124,12.1,9.5,28.1,37.6,0.0,4.1399999645364005e-05,2.0000061340397224e-07,0.42309130000012374
4,Random,MarginalGainPredictor,20,0,410,49.7,5753,40.2,1277,0.0,9.5,40.2,49.7,0.0,4.1399999645364005e-05,0.0007808000000295579,0.42309130000012374
4,Random,OriginalOrder,50,0,410,49.7,5753,40.2,124,12.1,9.5,28.1,37.6,0.0,4.1399999645364005e-05,2.0000061340397224e-07,0.42309130000012374
4,Random,MarginalGainPredictor,50,0,410,49.7,5753,40.2,1807,32.4,9.5,7.800000000000004,17.300000000000004,0.0,4.1399999645364005e-05,0.0005620000001727021,0.42309130000012374
4,Random,OriginalOrder,100,0,410,49.7,5753,40.2,124,12.1,9.5,28.1,37.6,0.0,4.1399999645364005e-05,9.999985195463523e-08,0.42309130000012374
4,Random,MarginalGainPredictor,100,0,410,49.7,5753,40.2,310,38.9,9.5,1.3000000000000043,10.800000000000004,0.0,4.1399999645364005e-05,0.0004606000002240762,0.42309130000012374
4,Random,OriginalOrder,10,1,410,49.7,5454,24.5,2054,24.3,25.200000000000003,0.1999999999999993,25.400000000000002,0.0,3.960000049119117e-05,1.00000761449337e-07,0.42309130000012374
4,Random,MarginalGainPredictor,10,1,410,49.7,5454,24.5,820,13.8,25.200000000000003,10.7,35.900000000000006,3.552713678800501e-15,3.960000049119117e-05,0.0003542000004017609,0.42309130000012374
4,Random,OriginalOrder,20,1,410,49.7,5454,24.5,2054,24.3,25.200000000000003,0.1999999999999993,25.400000000000002,0.0,3.960000049119117e-05,1.9999970390927047e-07,0.42309130000012374
4,Random,MarginalGainPredictor,20,1,410,49.7,5454,24.5,820,13.8,25.200000000000003,10.7,35.900000000000006,3.552713678800501e-15,3.960000049119117e-05,0.00035620000016933773,0.42309130000012374
4,Random,OriginalOrder,50,1,410,49.7,310,38.9,2054,24.3,10.800000000000004,14.599999999999998,25.400000000000002,0.0,3.960000049119117e-05,9.999985195463523e-08,0.42309130000012374
4,Random,MarginalGainPredictor,50,1,410,49.7,310,38.9,310,38.9,10.800000000000004,0.0,10.800000000000004,0.0,3.960000049119117e-05,0.00040470000021741726,0.42309130000012374
4,Random,OriginalOrder,100,1,410,49.7,310,38.9,2054,24.3,10.800000000000004,14.599999999999998,25.400000000000002,0.0,3.960000049119117e-05,1.9999970390927047e-07,0.42309130000012374
4,Random,MarginalGainPredictor,100,1,410,49.7,310,38.9,310,38.9,10.800000000000004,0.0,10.800000000000004,0.0,3.960000049119117e-05,0.0004060000001118169,0.42309130000012374
4,Random,OriginalOrder,10,2,410,49.7,9070,30.8,12385,1.8,18.900000000000002,29.0,47.900000000000006,3.552713678800501e-15,3.680000008898787e-05,9.999985195463523e-08,0.42309130000012374
4,Random,MarginalGainPredictor,10,2,410,49.7,9070,30.8,1249,21.0,18.900000000000002,9.8,28.700000000000003,0.0,3.680000008898787e-05,0.0003862000003209687,0.42309130000012374
4,Random,OriginalOrder,20,2,410,49.7,9070,30.8,12385,1.8,18.900000000000002,29.0,47.900000000000006,3.552713678800501e-15,3.680000008898787e-05,2.0000061340397224e-07,0.42309130000012374
4,Random,MarginalGainPredictor,20,2,410,49.7,9070,30.8,1249,21.0,18.900000000000002,9.8,28.700000000000003,0.0,3.680000008898787e-05,0.0003529999994498212,0.42309130000012374
4,Random,OriginalOrder,50,2,410,49.7,1807,32.4,12385,1.8,17.300000000000004,30.599999999999998,47.900000000000006,3.552713678800501e-15,3.680000008898787e-05,9.999985195463523e-08,0.42309130000012374
4,Random,MarginalGainPredictor,50,2,410,49.7,1807,32.4,1807,32.4,17.300000000000004,0.0,17.300000000000004,0.0,3.680000008898787e-05,0.0004055999997945037,0.42309130000012374
4,Random,OriginalOrder,100,2,410,49.7,410,49.7,12385,1.8,0.0,47.900000000000006,47.900000000000006,0.0,3.680000008898787e-05,9.999985195463523e-08,0.42309130000012374
4,Random,MarginalGainPredictor,100,2,410,49.7,410,49.7,410,49.7,0.0,0.0,0.0,0.0,3.680000008898787e-05,0.00042830000074900454,0.42309130000012374
4,Random,OriginalOrder,10,3,410,49.7,830,23.3,188,10.1,26.400000000000002,13.200000000000001,39.6,-1.7763568394002505e-15,3.7399999200715683e-05,9.999985195463523e-08,0.42309130000012374
4,Random,MarginalGainPredictor,10,3,410,49.7,830,23.3,699,7.2,26.400000000000002,16.1,42.5,-3.552713678800501e-15,3.7399999200715683e-05,0.0003749999996216502,0.42309130000012374
4,Random,OriginalOrder,20,3,410,49.7,985,33.8,188,10.1,15.900000000000006,23.699999999999996,39.6,0.0,3.7399999200715683e-05,2.0000061340397224e-07,0.42309130000012374
4,Random,MarginalGainPredictor,20,3,410,49.7,985,33.8,985,33.8,15.900000000000006,0.0,15.900000000000006,0.0,3.7399999200715683e-05,0.0007550000000264845,0.42309130000012374
4,Random,OriginalOrder,50,3,410,49.7,5753,40.2,188,10.1,9.5,30.1,39.6,0.0,3.7399999200715683e-05,1.9999970390927047e-07,0.42309130000012374
4,Random,MarginalGainPredictor,50,3,410,49.7,5753,40.2,1807,32.4,9.5,7.800000000000004,17.300000000000004,0.0,3.7399999200715683e-05,0.00043679999998857966,0.42309130000012374
4,Random,OriginalOrder,100,3,410,49.7,5753,40.2,188,10.1,9.5,30.1,39.6,0.0,3.7399999200715683e-05,1.9999970390927047e-07,0.42309130000012374
4,Random,MarginalGainPredictor,100,3,410,49.7,5753,40.2,310,38.9,9.5,1.3000000000000043,10.800000000000004,0.0,3.7399999200715683e-05,0.0004268000002412009,0.42309130000012374
4,Random,OriginalOrder,10,4,410,49.7,1785,23.1,1140,18.9,26.6,4.200000000000003,30.800000000000004,0.0,3.500000002532033e-05,1.9999970390927047e-07,0.42309130000012374
4,Random,MarginalGainPredictor,10,4,410,49.7,1785,23.1,1277,0.0,26.6,23.1,49.7,0.0,3.500000002532033e-05,0.00039000000015221303,0.42309130000012374
4,Random,OriginalOrder,20,4,410,49.7,1785,23.1,1140,18.9,26.6,4.200000000000003,30.800000000000004,0.0,3.500000002532033e-05,9.999985195463523e-08,0.42309130000012374
4,Random,MarginalGainPredictor,20,4,410,49.7,1785,23.1,1277,0.0,26.6,23.1,49.7,0.0,3.500000002532033e-05,0.0003635000002759625,0.42309130000012374
4,Random,OriginalOrder,50,4,410,49.7,5753,40.2,1140,18.9,9.5,21.300000000000004,30.800000000000004,0.0,3.500000002532033e-05,9.999985195463523e-08,0.42309130000012374
4,Random,MarginalGainPredictor,50,4,410,49.7,5753,40.2,1807,32.4,9.5,7.800000000000004,17.300000000000004,0.0,3.500000002532033e-05,0.00037650000012945384,0.42309130000012374
4,Random,OriginalOrder,100,4,410,49.7,5753,40.2,1140,18.9,9.5,21.300000000000004,30.800000000000004,0.0,3.500000002532033e-05,9.999985195463523e-08,0.42309130000012374
4,Random,MarginalGainPredictor,100,4,410,49.7,5753,40.2,1807,32.4,9.5,7.800000000000004,17.300000000000004,0.0,3.500000002532033e-05,0.00045249999948282493,0.42309130000012374
4,Random,OriginalOrder,10,5,410,49.7,410,49.7,12383,5.4,0.0,44.300000000000004,44.300000000000004,0.0,3.4300000152143184e-05,9.999985195463523e-08,0.42309130000012374
4,Random,MarginalGainPredictor,10,5,410,49.7,410,49.7,410,49.7,0.0,0.0,0.0,0.0,3.4300000152143184e-05,0.00036950000048818765,0.42309130000012374
4,Random,OriginalOrder,20,5,410,49.7,410,49.7,12383,5.4,0.0,44.300000000000004,44.300000000000004,0.0,3.4300000152143184e-05,1.9999970390927047e-07,0.42309130000012374
4,Random,MarginalGainPredictor,20,5,410,49.7,410,49.7,410,49.7,0.0,0.0,0.0,0.0,3.4300000152143184e-05,0.00037909999991825316,0.42309130000012374
4,Random,OriginalOrder,50,5,410,49.7,410,49.7,12383,5.4,0.0,44.300000000000004,44.300000000000004,0.0,3.4300000152143184e-05,2.0000061340397224e-07,0.42309130000012374
4,Random,MarginalGainPredictor,50,5,410,49.7,410,49.7,410,49.7,0.0,0.0,0.0,0.0,3.4300000152143184e-05,0.0007042999995974242,0.42309130000012374
4,Random,OriginalOrder,100,5,410,49.7,410,49.7,12383,5.4,0.0,44.300000000000004,44.300000000000004,0.0,3.4300000152143184e-05,1.9999970390927047e-07,0.42309130000012374
4,Random,MarginalGainPredictor,100,5,410,49.7,410,49.7,410,49.7,0.0,0.0,0.0,0.0,3.4300000152143184e-05,0.0004586000004564994,0.42309130000012374
4,Random,OriginalOrder,10,6,410,49.7,7123,22.1,7123,22.1,27.6,0.0,27.6,0.0,3.409999953873921e-05,9.999985195463523e-08,0.42309130000012374
4,Random,MarginalGainPredictor,10,6,410,49.7,7123,22.1,1249,21.0,27.6,1.1000000000000014,28.700000000000003,0.0,3.409999953873921e-05,0.0003544999999576248,0.42309130000012374
4,Random,OriginalOrder,20,6,410,49.7,9070,30.8,7123,22.1,18.900000000000002,8.7,27.6,0.0,3.409999953873921e-05,2.0000061340397224e-07,0.42309130000012374
4,Random,MarginalGainPredictor,20,6,410,49.7,9070,30.8,820,13.8,18.900000000000002,17.0,35.900000000000006,3.552713678800501e-15,3.409999953873921e-05,0.0006870999995953753,0.42309130000012374
4,Random,OriginalOrder,50,6,410,49.7,9070,30.8,7123,22.1,18.900000000000002,8.7,27.6,0.0,3.409999953873921e-05,2.0000061340397224e-07,0.42309130000012374
4,Random,MarginalGainPredictor,50,6,410,49.7,9070,30.8,820,13.8,18.900000000000002,17.0,35.900000000000006,3.552713678800501e-15,3.409999953873921e-05,0.0007875000001149601,0.42309130000012374
4,Random,OriginalOrder,100,6,410,49.7,410,49.7,7123,22.1,0.0,27.6,27.6,0.0,3.409999953873921e-05,2.999995558639057e-07,0.42309130000012374
4,Random,MarginalGainPredictor,100,6,410,49.7,410,49.7,410,49.7,0.0,0.0,0.0,0.0,3.409999953873921e-05,0.0006481000000349013,0.42309130000012374
4,Random,OriginalOrder,10,7,410,49.7,2477,23.9,2510,13.2,25.800000000000004,10.7,36.5,-3.552713678800501e-15,3.769999966607429e-05,1.00000761449337e-07,0.42309130000012374
4,Random,MarginalGainPredictor,10,7,410,49.7,2477,23.9,1277,0.0,25.800000000000004,23.9,49.7,0.0,3.769999966607429e-05,0.0004641999994419166,0.42309130000012374
4,Random,OriginalOrder,20,7,410,49.7,2477,23.9,2510,13.2,25.800000000000004,10.7,36.5,-3.552713678800501e-15,3.769999966607429e-05,2.0000061340397224e-07,0.42309130000012374
4,Random,MarginalGainPredictor,20,7,410,49.7,2477,23.9,1277,0.0,25.800000000000004,23.9,49.7,0.0,3.769999966607429e-05,0.00038949999998294516,0.42309130000012374
4,Random,OriginalOrder,50,7,410,49.7,1920,30.9,2510,13.2,18.800000000000004,17.7,36.5,-3.552713678800501e-15,3.769999966607429e-05,1.9999970390927047e-07,0.42309130000012374
4,Random,MarginalGainPredictor,50,7,410,49.7,1920,30.9,1277,0.0,18.800000000000004,30.9,49.7,0.0,3.769999966607429e-05,0.000425100000029488,0.42309130000012374
4,Random,OriginalOrder,100,7,410,49.7,310,38.9,2510,13.2,10.800000000000004,25.7,36.5,-3.552713678800501e-15,3.769999966607429e-05,9.999985195463523e-08,0.42309130000012374
4,Random,MarginalGainPredictor,100,7,410,49.7,310,38.9,310,38.9,10.800000000000004,0.0,10.800000000000004,0.0,3.769999966607429e-05,0.0004103999999642838,0.42309130000012374
4,Random,OriginalOrder,10,8,410,49.7,5753,40.2,1638,7.3,9.5,32.900000000000006,42.400000000000006,0.0,3.930000002583256e-05,9.999985195463523e-08,0.42309130000012374
4,Random,MarginalGainPredictor,10,8,410,49.7,5753,40.2,5753,40.2,9.5,0.0,9.5,0.0,3.930000002583256e-05,0.0005560000008699717,0.42309130000012374
4,Random,OriginalOrder,20,8,410,49.7,5753,40.2,1638,7.3,9.5,32.900000000000006,42.400000000000006,0.0,3.930000002583256e-05,1.9999970390927047e-07,0.42309130000012374
4,Random,MarginalGainPredictor,20,8,410,49.7,5753,40.2,310,38.9,9.5,1.3000000000000043,10.800000000000004,0.0,3.930000002583256e-05,0.00046750000001338776,0.42309130000012374
4,Random,OriginalOrder,50,8,410,49.7,5753,40.2,1638,7.3,9.5,32.900000000000006,42.400000000000006,0.0,3.930000002583256e-05,1.9999970390927047e-07,0.42309130000012374
4,Random,MarginalGainPredictor,50,8,410,49.7,5753,40.2,310,38.9,9.5,1.3000000000000043,10.800000000000004,0.0,3.930000002583256e-05,0.0004380999998829793,0.42309130000012374
4,Random,OriginalOrder,100,8,410,49.7,5753,40.2,1638,7.3,9.5,32.900000000000006,42.400000000000006,0.0,3.930000002583256e-05,1.9999970390927047e-07,0.42309130000012374
4,Random,MarginalGainPredictor,100,8,410,49.7,5753,40.2,310,38.9,9.5,1.3000000000000043,10.800000000000004,0.0,3.930000002583256e-05,0.00042750000011437805,0.42309130000012374
4,Random,OriginalOrder,10,9,410,49.7,410,49.7,9077,9.7,0.0,40.0,40.0,0.0,3.879999985656468e-05,9.999985195463523e-08,0.42309130000012374
4,Random,MarginalGainPredictor,10,9,410,49.7,410,49.7,410,49.7,0.0,0.0,0.0,0.0,3.879999985656468e-05,0.00041849999979604036,0.42309130000012374
4,Random,OriginalOrder,20,9,410,49.7,410,49.7,9077,9.7,0.0,40.0,40.0,0.0,3.879999985656468e-05,1.9999970390927047e-07,0.42309130000012374
4,Random,MarginalGainPredictor,20,9,410,49.7,410,49.7,410,49.7,0.0,0.0,0.0,0.0,3.879999985656468e-05,0.0007562000000689295,0.42309130000012374
4,Random,OriginalOrder,50,9,410,49.7,410,49.7,9077,9.7,0.0,40.0,40.0,0.0,3.879999985656468e-05,2.0000061340397224e-07,0.42309130000012374
4,Random,MarginalGainPredictor,50,9,410,49.7,410,49.7,410,49.7,0.0,0.0,0.0,0.0,3.879999985656468e-05,0.0007332000004680594,0.42309130000012374
4,Random,OriginalOrder,100,9,410,49.7,410,49.7,9077,9.7,0.0,40.0,40.0,0.0,3.879999985656468e-05,2.0000061340397224e-07,0.42309130000012374
4,Random,MarginalGainPredictor,100,9,410,49.7,410,49.7,410,49.7,0.0,0.0,0.0,0.0,3.879999985656468e-05,0.00045250000039231963,0.42309130000012374
5,Degree,OriginalOrder,10,,310,42.6,310,42.6,916,11.9,0.0,30.700000000000003,30.700000000000003,0.0,9.059999956662068e-05,1.9999970390927047e-07,0.5287672999993447
5,Degree,MarginalGainPredictor,10,,310,42.6,310,42.6,310,42.6,0.0,0.0,0.0,0.0,9.059999956662068e-05,0.0010491000002730289,0.5287672999993447
5,Degree,OriginalOrder,20,,310,42.6,310,42.6,916,11.9,0.0,30.700000000000003,30.700000000000003,0.0,9.059999956662068e-05,9.999985195463523e-08,0.5287672999993447
5,Degree,MarginalGainPredictor,20,,310,42.6,310,42.6,310,42.6,0.0,0.0,0.0,0.0,9.059999956662068e-05,0.0004380000000310247,0.5287672999993447
5,Degree,OriginalOrder,50,,310,42.6,310,42.6,916,11.9,0.0,30.700000000000003,30.700000000000003,0.0,9.059999956662068e-05,1.00000761449337e-07,0.5287672999993447
5,Degree,MarginalGainPredictor,50,,310,42.6,310,42.6,310,42.6,0.0,0.0,0.0,0.0,9.059999956662068e-05,0.0004467999997359584,0.5287672999993447
5,Degree,OriginalOrder,100,,310,42.6,310,42.6,916,11.9,0.0,30.700000000000003,30.700000000000003,0.0,9.059999956662068e-05,2.0000061340397224e-07,0.5287672999993447
5,Degree,MarginalGainPredictor,100,,310,42.6,310,42.6,310,42.6,0.0,0.0,0.0,0.0,9.059999956662068e-05,0.0004386000000522472,0.5287672999993447
5,DegreeDiscount,OriginalOrder,10,,310,42.6,310,42.6,12802,18.4,0.0,24.200000000000003,24.200000000000003,0.0,0.002124599999660859,1.9999970390927047e-07,0.5287672999993447
5,DegreeDiscount,MarginalGainPredictor,10,,310,42.6,310,42.6,310,42.6,0.0,0.0,0.0,0.0,0.002124599999660859,0.00048440000045957277,0.5287672999993447
5,DegreeDiscount,OriginalOrder,20,,310,42.6,310,42.6,12802,18.4,0.0,24.200000000000003,24.200000000000003,0.0,0.002124599999660859,9.999985195463523e-08,0.5287672999993447
5,DegreeDiscount,MarginalGainPredictor,20,,310,42.6,310,42.6,310,42.6,0.0,0.0,0.0,0.0,0.002124599999660859,0.0003802999999606982,0.5287672999993447
5,DegreeDiscount,OriginalOrder,50,,310,42.6,310,42.6,12802,18.4,0.0,24.200000000000003,24.200000000000003,0.0,0.002124599999660859,1.9999970390927047e-07,0.5287672999993447
5,DegreeDiscount,MarginalGainPredictor,50,,310,42.6,310,42.6,310,42.6,0.0,0.0,0.0,0.0,0.002124599999660859,0.0004488000004130299,0.5287672999993447
5,DegreeDiscount,OriginalOrder,100,,310,42.6,310,42.6,12802,18.4,0.0,24.200000000000003,24.200000000000003,0.0,0.002124599999660859,1.9999970390927047e-07,0.5287672999993447
5,DegreeDiscount,MarginalGainPredictor,100,,310,42.6,310,42.6,310,42.6,0.0,0.0,0.0,0.0,0.002124599999660859,0.0004214000000501983,0.5287672999993447
5,FeatureDQN,OriginalOrder,10,,310,42.6,905,16.1,2034,9.4,26.5,6.700000000000001,33.2,1.7763568394002505e-15,0.0008784999999988941,1.00000761449337e-07,0.5287672999993447
5,FeatureDQN,MarginalGainPredictor,10,,310,42.6,905,16.1,905,16.1,26.5,0.0,26.5,0.0,0.0008784999999988941,0.00040209999951912323,0.5287672999993447
5,FeatureDQN,OriginalOrder,20,,310,42.6,892,35.3,2034,9.4,7.300000000000004,25.9,33.2,0.0,0.0008784999999988941,9.999985195463523e-08,0.5287672999993447
5,FeatureDQN,MarginalGainPredictor,20,,310,42.6,892,35.3,3916,34.3,7.300000000000004,1.0,8.300000000000004,0.0,0.0008784999999988941,0.00039229999947565375,0.5287672999993447
5,FeatureDQN,OriginalOrder,50,,310,42.6,892,35.3,2034,9.4,7.300000000000004,25.9,33.2,0.0,0.0008784999999988941,9.999985195463523e-08,0.5287672999993447
5,FeatureDQN,MarginalGainPredictor,50,,310,42.6,892,35.3,916,11.9,7.300000000000004,23.4,30.700000000000003,0.0,0.0008784999999988941,0.0003899000003002584,0.5287672999993447
5,FeatureDQN,OriginalOrder,100,,310,42.6,892,35.3,2034,9.4,7.300000000000004,25.9,33.2,0.0,0.0008784999999988941,9.999985195463523e-08,0.5287672999993447
5,FeatureDQN,MarginalGainPredictor,100,,310,42.6,892,35.3,916,11.9,7.300000000000004,23.4,30.700000000000003,0.0,0.0008784999999988941,0.0010920000004261965,0.5287672999993447
5,Random,OriginalOrder,10,0,310,42.6,692,20.4,4758,8.8,22.200000000000003,11.599999999999998,33.8,-3.552713678800501e-15,0.00011250000079598976,9.999985195463523e-08,0.5287672999993447
5,Random,MarginalGainPredictor,10,0,310,42.6,692,20.4,72,8.6,22.200000000000003,11.799999999999999,34.0,-1.7763568394002505e-15,0.00011250000079598976,0.0004704000002675457,0.5287672999993447
5,Random,OriginalOrder,20,0,310,42.6,692,20.4,4758,8.8,22.200000000000003,11.599999999999998,33.8,-3.552713678800501e-15,0.00011250000079598976,1.9999970390927047e-07,0.5287672999993447
5,Random,MarginalGainPredictor,20,0,310,42.6,692,20.4,72,8.6,22.200000000000003,11.799999999999999,34.0,-1.7763568394002505e-15,0.00011250000079598976,0.00036530000033963006,0.5287672999993447
5,Random,OriginalOrder,50,0,310,42.6,1807,34.1,4758,8.8,8.5,25.3,33.8,-3.552713678800501e-15,0.00011250000079598976,9.999985195463523e-08,0.5287672999993447
5,Random,MarginalGainPredictor,50,0,310,42.6,1807,34.1,1807,34.1,8.5,0.0,8.5,0.0,0.00011250000079598976,0.00041419999979552813,0.5287672999993447
5,Random,OriginalOrder,100,0,310,42.6,5753,42.2,4758,8.8,0.3999999999999986,33.400000000000006,33.8,-7.105427357601002e-15,0.00011250000079598976,9.999985195463523e-08,0.5287672999993447
5,Random,MarginalGainPredictor,100,0,310,42.6,5753,42.2,1807,34.1,0.3999999999999986,8.100000000000001,8.5,0.0,0.00011250000079598976,0.00039850000030128285,0.5287672999993447
5,Random,OriginalOrder,10,1,310,42.6,4331,15.0,4331,15.0,27.6,0.0,27.6,0.0,3.500000002532033e-05,9.999985195463523e-08,0.5287672999993447
5,Random,MarginalGainPredictor,10,1,310,42.6,4331,15.0,4331,15.0,27.6,0.0,27.6,0.0,3.500000002532033e-05,0.00040360000002692686,0.5287672999993447
5,Random,OriginalOrder,20,1,310,42.6,5753,42.2,4331,15.0,0.3999999999999986,27.200000000000003,27.6,0.0,3.500000002532033e-05,1.00000761449337e-07,0.5287672999993447
5,Random,MarginalGainPredictor,20,1,310,42.6,5753,42.2,5753,42.2,0.3999999999999986,0.0,0.3999999999999986,0.0,3.500000002532033e-05,0.00034219999997731065,0.5287672999993447
5,Random,OriginalOrder,50,1,310,42.6,310,42.6,4331,15.0,0.0,27.6,27.6,0.0,3.500000002532033e-05,9.999985195463523e-08,0.5287672999993447
5,Random,MarginalGainPredictor,50,1,310,42.6,310,42.6,310,42.6,0.0,0.0,0.0,0.0,3.500000002532033e-05,0.00037169999995967373,0.5287672999993447
5,Random,OriginalOrder,100,1,310,42.6,310,42.6,4331,15.0,0.0,27.6,27.6,0.0,3.500000002532033e-05,2.0000061340397224e-07,0.5287672999993447
5,Random,MarginalGainPredictor,100,1,310,42.6,310,42.6,310,42.6,0.0,0.0,0.0,0.0,3.500000002532033e-05,0.0004164000001765089,0.5287672999993447
5,Random,OriginalOrder,10,2,310,42.6,2216,31.8,11250,3.2,10.8,28.6,39.4,-3.552713678800501e-15,3.889999970851932e-05,9.999985195463523e-08,0.5287672999993447
5,Random,MarginalGainPredictor,10,2,310,42.6,2216,31.8,2216,31.8,10.8,0.0,10.8,0.0,3.889999970851932e-05,0.00033739999980753055,0.5287672999993447
5,Random,OriginalOrder,20,2,310,42.6,2216,31.8,11250,3.2,10.8,28.6,39.4,-3.552713678800501e-15,3.889999970851932e-05,1.9999970390927047e-07,0.5287672999993447
5,Random,MarginalGainPredictor,20,2,310,42.6,2216,31.8,2216,31.8,10.8,0.0,10.8,0.0,3.889999970851932e-05,0.0003905000003214809,0.5287672999993447
5,Random,OriginalOrder,50,2,310,42.6,892,35.3,11250,3.2,7.300000000000004,32.099999999999994,39.4,0.0,3.889999970851932e-05,1.9999970390927047e-07,0.5287672999993447
5,Random,MarginalGainPredictor,50,2,310,42.6,892,35.3,2216,31.8,7.300000000000004,3.4999999999999964,10.8,0.0,3.889999970851932e-05,0.0003698999998960062,0.5287672999993447
5,Random,OriginalOrder,100,2,310,42.6,310,42.6,11250,3.2,0.0,39.4,39.4,0.0,3.889999970851932e-05,1.9999970390927047e-07,0.5287672999993447
5,Random,MarginalGainPredictor,100,2,310,42.6,310,42.6,310,42.6,0.0,0.0,0.0,0.0,3.889999970851932e-05,0.0007720000003246241,0.5287672999993447
5,Random,OriginalOrder,10,3,310,42.6,5753,42.2,2414,15.6,0.3999999999999986,26.6,27.0,0.0,4.4100000195612665e-05,9.999985195463523e-08,0.5287672999993447
5,Random,MarginalGainPredictor,10,3,310,42.6,5753,42.2,5753,42.2,0.3999999999999986,0.0,0.3999999999999986,0.0,4.4100000195612665e-05,0.0006615000002057059,0.5287672999993447
5,Random,OriginalOrder,20,3,310,42.6,5753,42.2,2414,15.6,0.3999999999999986,26.6,27.0,0.0,4.4100000195612665e-05,1.9999970390927047e-07,0.5287672999993447
5,Random,MarginalGainPredictor,20,3,310,42.6,5753,42.2,5753,42.2,0.3999999999999986,0.0,0.3999999999999986,0.0,4.4100000195612665e-05,0.00042719999964901945,0.5287672999993447
5,Random,OriginalOrder,50,3,310,42.6,310,42.6,2414,15.6,0.0,27.0,27.0,0.0,4.4100000195612665e-05,2.999995558639057e-07,0.5287672999993447
5,Random,MarginalGainPredictor,50,3,310,42.6,310,42.6,310,42.6,0.0,0.0,0.0,0.0,4.4100000195612665e-05,0.0005463999996209168,0.5287672999993447
5,Random,OriginalOrder,100,3,310,42.6,310,42.6,2414,15.6,0.0,27.0,27.0,0.0,4.4100000195612665e-05,1.9999970390927047e-07,0.5287672999993447
5,Random,MarginalGainPredictor,100,3,310,42.6,310,42.6,310,42.6,0.0,0.0,0.0,0.0,4.4100000195612665e-05,0.0005418000000645407,0.5287672999993447
5,Random,OriginalOrder,10,4,310,42.6,1807,34.1,7993,4.0,8.5,30.1,38.6,0.0,4.7200000153679866e-05,9.999985195463523e-08,0.5287672999993447
5,Random,MarginalGainPredictor,10,4,310,42.6,1807,34.1,1807,34.1,8.5,0.0,8.5,0.0,4.7200000153679866e-05,0.0004761000000144122,0.5287672999993447
5,Random,OriginalOrder,20,4,310,42.6,1807,34.1,7993,4.0,8.5,30.1,38.6,0.0,4.7200000153679866e-05,3.0000046535860747e-07,0.5287672999993447
5,Random,MarginalGainPredictor,20,4,310,42.6,1807,34.1,1807,34.1,8.5,0.0,8.5,0.0,4.7200000153679866e-05,0.00044890000026498456,0.5287672999993447
5,Random,OriginalOrder,50,4,310,42.6,3916,34.3,7993,4.0,8.300000000000004,30.299999999999997,38.6,0.0,4.7200000153679866e-05,1.9999970390927047e-07,0.5287672999993447
5,Random,MarginalGainPredictor,50,4,310,42.6,3916,34.3,1807,34.1,8.300000000000004,0.19999999999999574,8.5,0.0,4.7200000153679866e-05,0.0005098999999972875,0.5287672999993447
5,Random,OriginalOrder,100,4,310,42.6,892,35.3,7993,4.0,7.300000000000004,31.299999999999997,38.6,0.0,4.7200000153679866e-05,1.9999970390927047e-07,0.5287672999993447
5,Random,MarginalGainPredictor,100,4,310,42.6,892,35.3,1807,34.1,7.300000000000004,1.1999999999999957,8.5,0.0,4.7200000153679866e-05,0.0005192999997234438,0.5287672999993447
5,Random,OriginalOrder,10,5,310,42.6,2216,31.8,7993,4.0,10.8,27.8,38.6,0.0,4.660000013245735e-05,9.999985195463523e-08,0.5287672999993447
5,Random,MarginalGainPredictor,10,5,310,42.6,2216,31.8,2216,31.8,10.8,0.0,10.8,0.0,4.660000013245735e-05,0.0004662000001189881,0.5287672999993447
5,Random,OriginalOrder,20,5,310,42.6,9070,34.8,7993,4.0,7.800000000000004,30.799999999999997,38.6,0.0,4.660000013245735e-05,1.9999970390927047e-07,0.5287672999993447
5,Random,MarginalGainPredictor,20,5,310,42.6,9070,34.8,2216,31.8,7.800000000000004,2.9999999999999964,10.8,0.0,4.660000013245735e-05,0.00045450000015989644,0.5287672999993447
5,Random,OriginalOrder,50,5,310,42.6,9070,34.8,7993,4.0,7.800000000000004,30.799999999999997,38.6,0.0,4.660000013245735e-05,2.0000061340397224e-07,0.5287672999993447
5,Random,MarginalGainPredictor,50,5,310,42.6,9070,34.8,2216,31.8,7.800000000000004,2.9999999999999964,10.8,0.0,4.660000013245735e-05,0.000766200000725803,0.5287672999993447
5,Random,OriginalOrder,100,5,310,42.6,310,42.6,7993,4.0,0.0,38.6,38.6,0.0,4.660000013245735e-05,1.9999970390927047e-07,0.5287672999993447
5,Random,MarginalGainPredictor,100,5,310,42.6,310,42.6,310,42.6,0.0,0.0,0.0,0.0,4.660000013245735e-05,0.0006088000000090688,0.5287672999993447
5,Random,OriginalOrder,10,6,310,42.6,1818,12.4,2455,8.4,30.200000000000003,4.0,34.2,0.0,4.739999985758914e-05,9.999985195463523e-08,0.5287672999993447
5,Random,MarginalGainPredictor,10,6,310,42.6,1818,12.4,699,9.7,30.200000000000003,2.700000000000001,32.900000000000006,1.7763568394002505e-15,4.739999985758914e-05,0.0005713999998988584,0.5287672999993447
5,Random,OriginalOrder,20,6,310,42.6,4938,14.5,2455,8.4,28.1,6.1,34.2,1.7763568394002505e-15,4.739999985758914e-05,1.9999970390927047e-07,0.5287672999993447
5,Random,MarginalGainPredictor,20,6,310,42.6,4938,14.5,1277,0.0,28.1,14.5,42.6,0.0,4.739999985758914e-05,0.00047509999967587646,0.5287672999993447
5,Random,OriginalOrder,50,6,310,42.6,1807,34.1,2455,8.4,8.5,25.700000000000003,34.2,0.0,4.739999985758914e-05,9.999985195463523e-08,0.5287672999993447
5,Random,MarginalGainPredictor,50,6,310,42.6,1807,34.1,1807,34.1,8.5,0.0,8.5,0.0,4.739999985758914e-05,0.0004802999992534751,0.5287672999993447
5,Random,OriginalOrder,100,6,310,42.6,9070,34.8,2455,8.4,7.800000000000004,26.4,34.2,0.0,4.739999985758914e-05,2.0000061340397224e-07,0.5287672999993447
5,Random,MarginalGainPredictor,100,6,310,42.6,9070,34.8,1807,34.1,7.800000000000004,0.6999999999999957,8.5,0.0,4.739999985758914e-05,0.0006943000007595401,0.5287672999993447
5,Random,OriginalOrder,10,7,310,42.6,4934,26.6,595,6.9,16.0,19.700000000000003,35.7,0.0,4.600000011123484e-05,9.999985195463523e-08,0.5287672999993447
5,Random,MarginalGainPredictor,10,7,310,42.6,4934,26.6,1249,16.5,16.0,10.100000000000001,26.1,0.0,4.600000011123484e-05,0.0005697999995391001,0.5287672999993447
5,Random,OriginalOrder,20,7,310,42.6,892,35.3,595,6.9,7.300000000000004,28.4,35.7,0.0,4.600000011123484e-05,1.9999970390927047e-07,0.5287672999993447
5,Random,MarginalGainPredictor,20,7,310,42.6,892,35.3,1249,16.5,7.300000000000004,18.799999999999997,26.1,0.0,4.600000011123484e-05,0.00045390000013867393,0.5287672999993447
5,Random,OriginalOrder,50,7,310,42.6,310,42.6,595,6.9,0.0,35.7,35.7,0.0,4.600000011123484e-05,1.00000761449337e-07,0.5287672999993447
5,Random,MarginalGainPredictor,50,7,310,42.6,310,42.6,310,42.6,0.0,0.0,0.0,0.0,4.600000011123484e-05,0.0005160999999134219,0.5287672999993447
5,Random,OriginalOrder,100,7,310,42.6,310,42.6,595,6.9,0.0,35.7,35.7,0.0,4.600000011123484e-05,1.9999970390927047e-07,0.5287672999993447
5,Random,MarginalGainPredictor,100,7,310,42.6,310,42.6,310,42.6,0.0,0.0,0.0,0.0,4.600000011123484e-05,0.0005283999998937361,0.5287672999993447
5,Random,OriginalOrder,10,8,310,42.6,1439,24.2,12376,4.9,18.400000000000002,19.299999999999997,37.7,3.552713678800501e-15,4.6299999667098746e-05,1.9999970390927047e-07,0.5287672999993447
5,Random,MarginalGainPredictor,10,8,310,42.6,1439,24.2,1439,24.2,18.400000000000002,0.0,18.400000000000002,0.0,4.6299999667098746e-05,0.0007668999996894854,0.5287672999993447
5,Random,OriginalOrder,20,8,310,42.6,2054,27.0,12376,4.9,15.600000000000001,22.1,37.7,0.0,4.6299999667098746e-05,1.00000761449337e-07,0.5287672999993447
5,Random,MarginalGainPredictor,20,8,310,42.6,2054,27.0,1439,24.2,15.600000000000001,2.8000000000000007,18.400000000000002,0.0,4.6299999667098746e-05,0.0004689999996116967,0.5287672999993447
5,Random,OriginalOrder,50,8,310,42.6,2122,34.3,12376,4.9,8.300000000000004,29.4,37.7,0.0,4.6299999667098746e-05,9.999985195463523e-08,0.5287672999993447
5,Random,MarginalGainPredictor,50,8,310,42.6,2122,34.3,1439,24.2,8.300000000000004,10.099999999999998,18.400000000000002,0.0,4.6299999667098746e-05,0.0006266000000323402,0.5287672999993447
5,Random,OriginalOrder,100,8,310,42.6,310,42.6,12376,4.9,0.0,37.7,37.7,0.0,4.6299999667098746e-05,1.9999970390927047e-07,0.5287672999993447
5,Random,MarginalGainPredictor,100,8,310,42.6,310,42.6,310,42.6,0.0,0.0,0.0,0.0,4.6299999667098746e-05,0.0005513000005521462,0.5287672999993447
5,Random,OriginalOrder,10,9,310,42.6,9070,34.8,88,3.4,7.800000000000004,31.4,39.2,0.0,4.6299999667098746e-05,9.999985195463523e-08,0.5287672999993447
5,Random,MarginalGainPredictor,10,9,310,42.6,9070,34.8,9070,34.8,7.800000000000004,0.0,7.800000000000004,0.0,4.6299999667098746e-05,0.00044049999996786937,0.5287672999993447
5,Random,OriginalOrder,20,9,310,42.6,9070,34.8,88,3.4,7.800000000000004,31.4,39.2,0.0,4.6299999667098746e-05,9.999985195463523e-08,0.5287672999993447
5,Random,MarginalGainPredictor,20,9,310,42.6,9070,34.8,820,21.1,7.800000000000004,13.699999999999996,21.5,0.0,4.6299999667098746e-05,0.00047340000037365826,0.5287672999993447
5,Random,OriginalOrder,50,9,310,42.6,892,35.3,88,3.4,7.300000000000004,31.9,39.2,0.0,4.6299999667098746e-05,1.9999970390927047e-07,0.5287672999993447
5,Random,MarginalGainPredictor,50,9,310,42.6,892,35.3,1807,34.1,7.300000000000004,1.1999999999999957,8.5,0.0,4.6299999667098746e-05,0.00047819999963394366,0.5287672999993447
5,Random,OriginalOrder,100,9,310,42.6,892,35.3,88,3.4,7.300000000000004,31.9,39.2,0.0,4.6299999667098746e-05,2.0000061340397224e-07,0.5287672999993447
5,Random,MarginalGainPredictor,100,9,310,42.6,892,35.3,1807,34.1,7.300000000000004,1.1999999999999957,8.5,0.0,4.6299999667098746e-05,0.0005412000000433181,0.5287672999993447
6,Degree,OriginalOrder,10,,892,44.6,985,35.2,916,19.6,9.399999999999999,15.600000000000001,25.0,0.0,9.500000032858225e-05,3.9999940781854093e-07,0.381054899999981
6,Degree,MarginalGainPredictor,10,,892,44.6,985,35.2,985,35.2,9.399999999999999,0.0,9.399999999999999,0.0,9.500000032858225e-05,0.0010853000003407942,0.381054899999981
6,Degree,OriginalOrder,20,,892,44.6,892,44.6,916,19.6,0.0,25.0,25.0,0.0,9.500000032858225e-05,2.0000061340397224e-07,0.381054899999981
6,Degree,MarginalGainPredictor,20,,892,44.6,892,44.6,1807,33.9,0.0,10.700000000000003,10.700000000000003,0.0,9.500000032858225e-05,0.0004017000001113047,0.381054899999981
6,Degree,OriginalOrder,50,,892,44.6,892,44.6,916,19.6,0.0,25.0,25.0,0.0,9.500000032858225e-05,9.999985195463523e-08,0.381054899999981
6,Degree,MarginalGainPredictor,50,,892,44.6,892,44.6,1807,33.9,0.0,10.700000000000003,10.700000000000003,0.0,9.500000032858225e-05,0.000440599999819824,0.381054899999981
6,Degree,OriginalOrder,100,,892,44.6,892,44.6,916,19.6,0.0,25.0,25.0,0.0,9.500000032858225e-05,1.9999970390927047e-07,0.381054899999981
6,Degree,MarginalGainPredictor,100,,892,44.6,892,44.6,1807,33.9,0.0,10.700000000000003,10.700000000000003,0.0,9.500000032858225e-05,0.0007316999999602558,0.381054899999981
6,DegreeDiscount,OriginalOrder,10,,892,44.6,905,24.0,12802,23.0,20.6,1.0,21.6,0.0,0.001969500000086555,2.0000061340397224e-07,0.381054899999981
6,DegreeDiscount,MarginalGainPredictor,10,,892,44.6,905,24.0,1249,15.0,20.6,9.0,29.6,0.0,0.001969500000086555,0.00047199999971780926,0.381054899999981
6,DegreeDiscount,OriginalOrder,20,,892,44.6,1807,33.9,12802,23.0,10.700000000000003,10.899999999999999,21.6,0.0,0.001969500000086555,9.999985195463523e-08,0.381054899999981
6,DegreeDiscount,MarginalGainPredictor,20,,892,44.6,1807,33.9,1807,33.9,10.700000000000003,0.0,10.700000000000003,0.0,0.001969500000086555,0.000370699999621138,0.381054899999981
6,DegreeDiscount,OriginalOrder,50,,892,44.6,5753,35.7,12802,23.0,8.899999999999999,12.700000000000003,21.6,0.0,0.001969500000086555,9.999985195463523e-08,0.381054899999981
6,DegreeDiscount,MarginalGainPredictor,50,,892,44.6,5753,35.7,1807,33.9,8.899999999999999,1.8000000000000043,10.700000000000003,0.0,0.001969500000086555,0.0003831000003629015,0.381054899999981
6,DegreeDiscount,OriginalOrder,100,,892,44.6,892,44.6,12802,23.0,0.0,21.6,21.6,0.0,0.001969500000086555,1.9999970390927047e-07,0.381054899999981
6,DegreeDiscount,MarginalGainPredictor,100,,892,44.6,892,44.6,1807,33.9,0.0,10.700000000000003,10.700000000000003,0.0,0.001969500000086555,0.000461399999949208,0.381054899999981
6,FeatureDQN,OriginalOrder,10,,892,44.6,905,24.0,2034,7.7,20.6,16.3,36.9,-3.552713678800501e-15,0.0009417000001121778,1.9999970390927047e-07,0.381054899999981
6,FeatureDQN,MarginalGainPredictor,10,,892,44.6,905,24.0,905,24.0,20.6,0.0,20.6,0.0,0.0009417000001121778,0.00038639999911538325,0.381054899999981
6,FeatureDQN,OriginalOrder,20,,892,44.6,892,44.6,2034,7.7,0.0,36.9,36.9,0.0,0.0009417000001121778,9.999985195463523e-08,0.381054899999981
6,FeatureDQN,MarginalGainPredictor,20,,892,44.6,892,44.6,3916,22.1,0.0,22.5,22.5,0.0,0.0009417000001121778,0.00035909999951400096,0.381054899999981
6,FeatureDQN,OriginalOrder,50,,892,44.6,892,44.6,2034,7.7,0.0,36.9,36.9,0.0,0.0009417000001121778,9.999985195463523e-08,0.381054899999981
6,FeatureDQN,MarginalGainPredictor,50,,892,44.6,892,44.6,916,19.6,0.0,25.0,25.0,0.0,0.0009417000001121778,0.0007948000002215849,0.381054899999981
6,FeatureDQN,OriginalOrder,100,,892,44.6,892,44.6,2034,7.7,0.0,36.9,36.9,0.0,0.0009417000001121778,1.9999970390927047e-07,0.381054899999981
6,FeatureDQN,MarginalGainPredictor,100,,892,44.6,892,44.6,916,19.6,0.0,25.0,25.0,0.0,0.0009417000001121778,0.0005493999997270294,0.381054899999981
6,Random,OriginalOrder,10,0,892,44.6,892,44.6,461,12.2,0.0,32.400000000000006,32.400000000000006,0.0,5.419999979494605e-05,2.0000061340397224e-07,0.381054899999981
6,Random,MarginalGainPredictor,10,0,892,44.6,892,44.6,1255,5.3,0.0,39.300000000000004,39.300000000000004,0.0,5.419999979494605e-05,0.00037650000012945384,0.381054899999981
6,Random,OriginalOrder,20,0,892,44.6,892,44.6,461,12.2,0.0,32.400000000000006,32.400000000000006,0.0,5.419999979494605e-05,1.9999970390927047e-07,0.381054899999981
6,Random,MarginalGainPredictor,20,0,892,44.6,892,44.6,2216,30.6,0.0,14.0,14.0,0.0,5.419999979494605e-05,0.00035570000000006985,0.381054899999981
6,Random,OriginalOrder,50,0,892,44.6,892,44.6,461,12.2,0.0,32.400000000000006,32.400000000000006,0.0,5.419999979494605e-05,2.0000061340397224e-07,0.381054899999981
6,Random,MarginalGainPredictor,50,0,892,44.6,892,44.6,2216,30.6,0.0,14.0,14.0,0.0,5.419999979494605e-05,0.00041400000009161886,0.381054899999981
6,Random,OriginalOrder,100,0,892,44.6,892,44.6,461,12.2,0.0,32.400000000000006,32.400000000000006,0.0,5.419999979494605e-05,9.999985195463523e-08,0.381054899999981
6,Random,MarginalGainPredictor,100,0,892,44.6,892,44.6,2216,30.6,0.0,14.0,14.0,0.0,5.419999979494605e-05,0.0004155000005994225,0.381054899999981
6,Random,OriginalOrder,10,1,892,44.6,892,44.6,4511,0.0,0.0,44.6,44.6,0.0,3.6499999623629265e-05,9.999985195463523e-08,0.381054899999981
6,Random,MarginalGainPredictor,10,1,892,44.6,892,44.6,892,44.6,0.0,0.0,0.0,0.0,3.6499999623629265e-05,0.00035519999983080197,0.381054899999981
6,Random,OriginalOrder,20,1,892,44.6,892,44.6,4511,0.0,0.0,44.6,44.6,0.0,3.6499999623629265e-05,2.0000061340397224e-07,0.381054899999981
6,Random,MarginalGainPredictor,20,1,892,44.6,892,44.6,699,9.1,0.0,35.5,35.5,0.0,3.6499999623629265e-05,0.000395300000491261,0.381054899999981
6,Random,OriginalOrder,50,1,892,44.6,892,44.6,4511,0.0,0.0,44.6,44.6,0.0,3.6499999623629265e-05,2.0000061340397224e-07,0.381054899999981
6,Random,MarginalGainPredictor,50,1,892,44.6,892,44.6,1807,33.9,0.0,10.700000000000003,10.700000000000003,0.0,3.6499999623629265e-05,0.00039090000063879415,0.381054899999981
6,Random,OriginalOrder,100,1,892,44.6,892,44.6,4511,0.0,0.0,44.6,44.6,0.0,3.6499999623629265e-05,9.999985195463523e-08,0.381054899999981
6,Random,MarginalGainPredictor,100,1,892,44.6,892,44.6,1807,33.9,0.0,10.700000000000003,10.700000000000003,0.0,3.6499999623629265e-05,0.0004619999999704305,0.381054899999981
6,Random,OriginalOrder,10,2,892,44.6,2477,30.4,334,9.7,14.200000000000003,20.7,34.900000000000006,3.552713678800501e-15,3.6100000215810724e-05,9.999985195463523e-08,0.381054899999981
6,Random,MarginalGainPredictor,10,2,892,44.6,2477,30.4,1255,5.3,14.200000000000003,25.099999999999998,39.300000000000004,3.552713678800501e-15,3.6100000215810724e-05,0.00035490000027493807,0.381054899999981
6,Random,OriginalOrder,20,2,892,44.6,2477,30.4,334,9.7,14.200000000000003,20.7,34.900000000000006,3.552713678800501e-15,3.6100000215810724e-05,9.999985195463523e-08,0.381054899999981
6,Random,MarginalGainPredictor,20,2,892,44.6,2477,30.4,1255,5.3,14.200000000000003,25.099999999999998,39.300000000000004,3.552713678800501e-15,3.6100000215810724e-05,0.0003569999998944695,0.381054899999981
6,Random,OriginalOrder,50,2,892,44.6,1807,33.9,334,9.7,10.700000000000003,24.2,34.900000000000006,3.552713678800501e-15,3.6100000215810724e-05,1.9999970390927047e-07,0.381054899999981
6,Random,MarginalGainPredictor,50,2,892,44.6,1807,33.9,1807,33.9,10.700000000000003,0.0,10.700000000000003,0.0,3.6100000215810724e-05,0.0004307999997763545,0.381054899999981
6,Random,OriginalOrder,100,2,892,44.6,985,35.2,334,9.7,9.399999999999999,25.500000000000004,34.900000000000006,3.552713678800501e-15,3.6100000215810724e-05,9.999985195463523e-08,0.381054899999981
6,Random,MarginalGainPredictor,100,2,892,44.6,985,35.2,1807,33.9,9.399999999999999,1.3000000000000043,10.700000000000003,0.0,3.6100000215810724e-05,0.0010678000007828814,0.381054899999981
6,Random,OriginalOrder,10,3,892,44.6,408,18.3,2054,14.8,26.3,3.5,29.8,0.0,6.0600000324484427e-05,1.9999970390927047e-07,0.381054899999981
6,Random,MarginalGainPredictor,10,3,892,44.6,408,18.3,98,13.7,26.3,4.600000000000001,30.900000000000002,0.0,6.0600000324484427e-05,0.0008676999996168888,0.381054899999981
6,Random,OriginalOrder,20,3,892,44.6,1920,22.3,2054,14.8,22.3,7.5,29.8,0.0,6.0600000324484427e-05,4.000003173132427e-07,0.381054899999981
6,Random,MarginalGainPredictor,20,3,892,44.6,1920,22.3,1920,22.3,22.3,0.0,22.3,0.0,6.0600000324484427e-05,0.0005964000001768,0.381054899999981
6,Random,OriginalOrder,50,3,892,44.6,892,44.6,2054,14.8,0.0,29.8,29.8,0.0,6.0600000324484427e-05,3.0000046535860747e-07,0.381054899999981
6,Random,MarginalGainPredictor,50,3,892,44.6,892,44.6,820,17.5,0.0,27.1,27.1,0.0,6.0600000324484427e-05,0.0006123000002844492,0.381054899999981
6,Random,OriginalOrder,100,3,892,44.6,892,44.6,2054,14.8,0.0,29.8,29.8,0.0,6.0600000324484427e-05,1.9999970390927047e-07,0.381054899999981
6,Random,MarginalGainPredictor,100,3,892,44.6,892,44.6,1807,33.9,0.0,10.700000000000003,10.700000000000003,0.0,6.0600000324484427e-05,0.0006432000000131666,0.381054899999981
6,Random,OriginalOrder,10,4,892,44.6,4285,30.4,896,10.0,14.200000000000003,20.4,34.6,0.0,5.429999964690069e-05,9.999985195463523e-08,0.381054899999981
6,Random,MarginalGainPredictor,10,4,892,44.6,4285,30.4,3916,22.1,14.200000000000003,8.299999999999997,22.5,0.0,5.429999964690069e-05,0.0005072999992989935,0.381054899999981
6,Random,OriginalOrder,20,4,892,44.6,4285,30.4,896,10.0,14.200000000000003,20.4,34.6,0.0,5.429999964690069e-05,1.9999970390927047e-07,0.381054899999981
6,Random,MarginalGainPredictor,20,4,892,44.6,4285,30.4,3916,22.1,14.200000000000003,8.299999999999997,22.5,0.0,5.429999964690069e-05,0.0005086999999548425,0.381054899999981
6,Random,OriginalOrder,50,4,892,44.6,1807,33.9,896,10.0,10.700000000000003,23.9,34.6,0.0,5.429999964690069e-05,1.9999970390927047e-07,0.381054899999981
6,Random,MarginalGainPredictor,50,4,892,44.6,1807,33.9,1807,33.9,10.700000000000003,0.0,10.700000000000003,0.0,5.429999964690069e-05,0.0005552000002353452,0.381054899999981
6,Random,OriginalOrder,100,4,892,44.6,5753,35.7,896,10.0,8.899999999999999,25.700000000000003,34.6,0.0,5.429999964690069e-05,3.0000046535860747e-07,0.381054899999981
6,Random,MarginalGainPredictor,100,4,892,44.6,5753,35.7,1807,33.9,8.899999999999999,1.8000000000000043,10.700000000000003,0.0,5.429999964690069e-05,0.0006144999997559353,0.381054899999981
6,Random,OriginalOrder,10,5,892,44.6,1439,22.1,2368,10.0,22.5,12.100000000000001,34.6,0.0,4.929999977321131e-05,9.999985195463523e-08,0.381054899999981
6,Random,MarginalGainPredictor,10,5,892,44.6,1439,22.1,1439,22.1,22.5,0.0,22.5,0.0,4.929999977321131e-05,0.00078269999994518,0.381054899999981
6,Random,OriginalOrder,20,5,892,44.6,1439,22.1,2368,10.0,22.5,12.100000000000001,34.6,0.0,4.929999977321131e-05,1.9999970390927047e-07,0.381054899999981
6,Random,MarginalGainPredictor,20,5,892,44.6,1439,22.1,1439,22.1,22.5,0.0,22.5,0.0,4.929999977321131e-05,0.000566600000638573,0.381054899999981
6,Random,OriginalOrder,50,5,892,44.6,985,35.2,2368,10.0,9.399999999999999,25.200000000000003,34.6,0.0,4.929999977321131e-05,1.9999970390927047e-07,0.381054899999981
6,Random,MarginalGainPredictor,50,5,892,44.6,985,35.2,985,35.2,9.399999999999999,0.0,9.399999999999999,0.0,4.929999977321131e-05,0.0005484000002979883,0.381054899999981
6,Random,OriginalOrder,100,5,892,44.6,985,35.2,2368,10.0,9.399999999999999,25.200000000000003,34.6,0.0,4.929999977321131e-05,1.9999970390927047e-07,0.381054899999981
6,Random,MarginalGainPredictor,100,5,892,44.6,985,35.2,985,35.2,9.399999999999999,0.0,9.399999999999999,0.0,4.929999977321131e-05,0.0005809000003864639,0.381054899999981
6,Random,OriginalOrder,10,6,892,44.6,892,44.6,1244,12.1,0.0,32.5,32.5,0.0,4.8799999603943434e-05,3.0000046535860747e-07,0.381054899999981
6,Random,MarginalGainPredictor,10,6,892,44.6,892,44.6,9070,27.9,0.0,16.700000000000003,16.700000000000003,0.0,4.8799999603943434e-05,0.0004865000000791042,0.381054899999981
6,Random,OriginalOrder,20,6,892,44.6,892,44.6,1244,12.1,0.0,32.5,32.5,0.0,4.8799999603943434e-05,1.9999970390927047e-07,0.381054899999981
6,Random,MarginalGainPredictor,20,6,892,44.6,892,44.6,1423,19.9,0.0,24.700000000000003,24.700000000000003,0.0,4.8799999603943434e-05,0.0004957000001013512,0.381054899999981
6,Random,OriginalOrder,50,6,892,44.6,892,44.6,1244,12.1,0.0,32.5,32.5,0.0,4.8799999603943434e-05,1.9999970390927047e-07,0.381054899999981
6,Random,MarginalGainPredictor,50,6,892,44.6,892,44.6,1423,19.9,0.0,24.700000000000003,24.700000000000003,0.0,4.8799999603943434e-05,0.0005242999995971331,0.381054899999981
6,Random,OriginalOrder,100,6,892,44.6,892,44.6,1244,12.1,0.0,32.5,32.5,0.0,4.8799999603943434e-05,9.999985195463523e-08,0.381054899999981
6,Random,MarginalGainPredictor,100,6,892,44.6,892,44.6,820,17.5,0.0,27.1,27.1,0.0,4.8799999603943434e-05,0.0005885000000489526,0.381054899999981
6,Random,OriginalOrder,10,7,892,44.6,8264,27.7,896,10.0,16.900000000000002,17.7,34.6,0.0,4.780000017490238e-05,9.999985195463523e-08,0.381054899999981
6,Random,MarginalGainPredictor,10,7,892,44.6,8264,27.7,1816,21.9,16.900000000000002,5.800000000000001,22.700000000000003,0.0,4.780000017490238e-05,0.0005075999997643521,0.381054899999981
6,Random,OriginalOrder,20,7,892,44.6,2122,31.0,896,10.0,13.600000000000001,21.0,34.6,0.0,4.780000017490238e-05,9.999985195463523e-08,0.381054899999981
6,Random,MarginalGainPredictor,20,7,892,44.6,2122,31.0,1816,21.9,13.600000000000001,9.100000000000001,22.700000000000003,0.0,4.780000017490238e-05,0.0004998000003979541,0.381054899999981
6,Random,OriginalOrder,50,7,892,44.6,2122,31.0,896,10.0,13.600000000000001,21.0,34.6,0.0,4.780000017490238e-05,9.999985195463523e-08,0.381054899999981
6,Random,MarginalGainPredictor,50,7,892,44.6,2122,31.0,2216,30.6,13.600000000000001,0.3999999999999986,14.0,0.0,4.780000017490238e-05,0.0008481000004394446,0.381054899999981
6,Random,OriginalOrder,100,7,892,44.6,2122,31.0,896,10.0,13.600000000000001,21.0,34.6,0.0,4.780000017490238e-05,2.0000061340397224e-07,0.381054899999981
6,Random,MarginalGainPredictor,100,7,892,44.6,2122,31.0,2216,30.6,13.600000000000001,0.3999999999999986,14.0,0.0,4.780000017490238e-05,0.0005846000003657537,0.381054899999981
6,Random,OriginalOrder,10,8,892,44.6,1439,22.1,12377,5.1,22.5,17.0,39.5,0.0,4.9000000217347406e-05,9.999985195463523e-08,0.381054899999981
6,Random,MarginalGainPredictor,10,8,892,44.6,1439,22.1,1439,22.1,22.5,0.0,22.5,0.0,4.9000000217347406e-05,0.0005081999997855746,0.381054899999981
6,Random,OriginalOrder,20,8,892,44.6,1807,33.9,12377,5.1,10.700000000000003,28.799999999999997,39.5,0.0,4.9000000217347406e-05,2.0000061340397224e-07,0.381054899999981
6,Random,MarginalGainPredictor,20,8,892,44.6,1807,33.9,1807,33.9,10.700000000000003,0.0,10.700000000000003,0.0,4.9000000217347406e-05,0.0007147999995140708,0.381054899999981
6,Random,OriginalOrder,50,8,892,44.6,1807,33.9,12377,5.1,10.700000000000003,28.799999999999997,39.5,0.0,4.9000000217347406e-05,1.9999970390927047e-07,0.381054899999981
6,Random,MarginalGainPredictor,50,8,892,44.6,1807,33.9,1807,33.9,10.700000000000003,0.0,10.700000000000003,0.0,4.9000000217347406e-05,0.000532700000803743,0.381054899999981
6,Random,OriginalOrder,100,8,892,44.6,1807,33.9,12377,5.1,10.700000000000003,28.799999999999997,39.5,0.0,4.9000000217347406e-05,9.999985195463523e-08,0.381054899999981
6,Random,MarginalGainPredictor,100,8,892,44.6,1807,33.9,1807,33.9,10.700000000000003,0.0,10.700000000000003,0.0,4.9000000217347406e-05,0.0005773000002591289,0.381054899999981
6,Random,OriginalOrder,10,9,892,44.6,3229,18.7,461,12.2,25.900000000000002,6.5,32.400000000000006,3.552713678800501e-15,4.819999958272092e-05,9.999985195463523e-08,0.381054899999981
6,Random,MarginalGainPredictor,10,9,892,44.6,3229,18.7,3078,18.1,25.900000000000002,0.5999999999999979,26.5,0.0,4.819999958272092e-05,0.0004908000000796164,0.381054899999981
6,Random,OriginalOrder,20,9,892,44.6,892,44.6,461,12.2,0.0,32.400000000000006,32.400000000000006,0.0,4.819999958272092e-05,1.9999970390927047e-07,0.381054899999981
6,Random,MarginalGainPredictor,20,9,892,44.6,892,44.6,916,19.6,0.0,25.0,25.0,0.0,4.819999958272092e-05,0.0006656999994447688,0.381054899999981
6,Random,OriginalOrder,50,9,892,44.6,892,44.6,461,12.2,0.0,32.400000000000006,32.400000000000006,0.0,4.819999958272092e-05,1.9999970390927047e-07,0.381054899999981
6,Random,MarginalGainPredictor,50,9,892,44.6,892,44.6,985,35.2,0.0,9.399999999999999,9.399999999999999,0.0,4.819999958272092e-05,0.0005674000003637047,0.381054899999981
6,Random,OriginalOrder,100,9,892,44.6,892,44.6,461,12.2,0.0,32.400000000000006,32.400000000000006,0.0,4.819999958272092e-05,1.9999970390927047e-07,0.381054899999981
6,Random,MarginalGainPredictor,100,9,892,44.6,892,44.6,1807,33.9,0.0,10.700000000000003,10.700000000000003,0.0,4.819999958272092e-05,0.0008987000001070555,0.381054899999981
7,Degree,OriginalOrder,10,,1807,43.5,985,32.1,916,21.8,11.399999999999999,10.3,21.7,0.0,9.070000032807002e-05,1.9999970390927047e-07,0.5011298999997962
7,Degree,MarginalGainPredictor,10,,1807,43.5,985,32.1,985,32.1,11.399999999999999,0.0,11.399999999999999,0.0,9.070000032807002e-05,0.0010696999997890089,0.5011298999997962
7,Degree,OriginalOrder,20,,1807,43.5,1807,43.5,916,21.8,0.0,21.7,21.7,0.0,9.070000032807002e-05,3.0000046535860747e-07,0.5011298999997962
7,Degree,MarginalGainPredictor,20,,1807,43.5,1807,43.5,1807,43.5,0.0,0.0,0.0,0.0,9.070000032807002e-05,0.0011651999993773643,0.5011298999997962
7,Degree,OriginalOrder,50,,1807,43.5,1807,43.5,916,21.8,0.0,21.7,21.7,0.0,9.070000032807002e-05,1.00000761449337e-07,0.5011298999997962
7,Degree,MarginalGainPredictor,50,,1807,43.5,1807,43.5,1807,43.5,0.0,0.0,0.0,0.0,9.070000032807002e-05,0.00048630000037519494,0.5011298999997962
7,Degree,OriginalOrder,100,,1807,43.5,1807,43.5,916,21.8,0.0,21.7,21.7,0.0,9.070000032807002e-05,1.9999970390927047e-07,0.5011298999997962
7,Degree,MarginalGainPredictor,100,,1807,43.5,1807,43.5,1807,43.5,0.0,0.0,0.0,0.0,9.070000032807002e-05,0.000491400000100839,0.5011298999997962
7,DegreeDiscount,OriginalOrder,10,,1807,43.5,12802,23.0,12802,23.0,20.5,0.0,20.5,0.0,0.0018712999999479507,1.9999970390927047e-07,0.5011298999997962
7,DegreeDiscount,MarginalGainPredictor,10,,1807,43.5,12802,23.0,1249,16.6,20.5,6.399999999999999,26.9,0.0,0.0018712999999479507,0.0004285000004529138,0.5011298999997962
7,DegreeDiscount,OriginalOrder,20,,1807,43.5,1807,43.5,12802,23.0,0.0,20.5,20.5,0.0,0.0018712999999479507,1.9999970390927047e-07,0.5011298999997962
7,DegreeDiscount,MarginalGainPredictor,20,,1807,43.5,1807,43.5,1807,43.5,0.0,0.0,0.0,0.0,0.0018712999999479507,0.00043170000026293565,0.5011298999997962
7,DegreeDiscount,OriginalOrder,50,,1807,43.5,1807,43.5,12802,23.0,0.0,20.5,20.5,0.0,0.0018712999999479507,1.9999970390927047e-07,0.5011298999997962
7,DegreeDiscount,MarginalGainPredictor,50,,1807,43.5,1807,43.5,1807,43.5,0.0,0.0,0.0,0.0,0.0018712999999479507,0.00039310000011028023,0.5011298999997962
7,DegreeDiscount,OriginalOrder,100,,1807,43.5,1807,43.5,12802,23.0,0.0,20.5,20.5,0.0,0.0018712999999479507,9.999985195463523e-08,0.5011298999997962
7,DegreeDiscount,MarginalGainPredictor,100,,1807,43.5,1807,43.5,1807,43.5,0.0,0.0,0.0,0.0,0.0018712999999479507,0.00045480000062525505,0.5011298999997962
7,FeatureDQN,OriginalOrder,10,,1807,43.5,2510,12.1,2034,8.1,31.4,4.0,35.4,0.0,0.0011610000001383014,1.9999970390927047e-07,0.5011298999997962
7,FeatureDQN,MarginalGainPredictor,10,,1807,43.5,2510,12.1,905,11.8,31.4,0.29999999999999893,31.7,1.7763568394002505e-15,0.0011610000001383014,0.0005971999999019317,0.5011298999997962
7,FeatureDQN,OriginalOrder,20,,1807,43.5,3916,26.6,2034,8.1,16.9,18.5,35.4,0.0,0.0011610000001383014,2.0000061340397224e-07,0.5011298999997962
7,FeatureDQN,MarginalGainPredictor,20,,1807,43.5,3916,26.6,3916,26.6,16.9,0.0,16.9,0.0,0.0011610000001383014,0.00040970000009110663,0.5011298999997962
7,FeatureDQN,OriginalOrder,50,,1807,43.5,2122,30.0,2034,8.1,13.5,21.9,35.4,0.0,0.0011610000001383014,2.0000061340397224e-07,0.5011298999997962
7,FeatureDQN,MarginalGainPredictor,50,,1807,43.5,2122,30.0,916,21.8,13.5,8.2,21.7,0.0,0.0011610000001383014,0.0003833999999187654,0.5011298999997962
7,FeatureDQN,OriginalOrder,100,,1807,43.5,2122,30.0,2034,8.1,13.5,21.9,35.4,0.0,0.0011610000001383014,9.999985195463523e-08,0.5011298999997962
7,FeatureDQN,MarginalGainPredictor,100,,1807,43.5,2122,30.0,916,21.8,13.5,8.2,21.7,0.0,0.0011610000001383014,0.0004603000006682123,0.5011298999997962
7,Random,OriginalOrder,10,0,1807,43.5,5753,32.1,1158,3.2,11.399999999999999,28.900000000000002,40.3,-3.552713678800501e-15,4.0099999750964344e-05,9.999985195463523e-08,0.5011298999997962
7,Random,MarginalGainPredictor,10,0,1807,43.5,5753,32.1,820,21.0,11.399999999999999,11.100000000000001,22.5,0.0,4.0099999750964344e-05,0.00035069999921688577,0.5011298999997962
7,Random,OriginalOrder,20,0,1807,43.5,1807,43.5,1158,3.2,0.0,40.3,40.3,0.0,4.0099999750964344e-05,9.999985195463523e-08,0.5011298999997962
7,Random,MarginalGainPredictor,20,0,1807,43.5,1807,43.5,1807,43.5,0.0,0.0,0.0,0.0,4.0099999750964344e-05,0.0003473999995549093,0.5011298999997962
7,Random,OriginalOrder,50,0,1807,43.5,1807,43.5,1158,3.2,0.0,40.3,40.3,0.0,4.0099999750964344e-05,9.999985195463523e-08,0.5011298999997962
7,Random,MarginalGainPredictor,50,0,1807,43.5,1807,43.5,1807,43.5,0.0,0.0,0.0,0.0,4.0099999750964344e-05,0.0004117999997106381,0.5011298999997962
7,Random,OriginalOrder,100,0,1807,43.5,1807,43.5,1158,3.2,0.0,40.3,40.3,0.0,4.0099999750964344e-05,1.9999970390927047e-07,0.5011298999997962
7,Random,MarginalGainPredictor,100,0,1807,43.5,1807,43.5,1807,43.5,0.0,0.0,0.0,0.0,4.0099999750964344e-05,0.00041870000040944433,0.5011298999997962
7,Random,OriginalOrder,10,1,1807,43.5,5753,32.1,1000,7.4,11.399999999999999,24.700000000000003,36.1,0.0,3.500000002532033e-05,9.999985195463523e-08,0.5011298999997962
7,Random,MarginalGainPredictor,10,1,1807,43.5,5753,32.1,1249,16.6,11.399999999999999,15.5,26.9,0.0,3.500000002532033e-05,0.0006198999999469379,0.5011298999997962
7,Random,OriginalOrder,20,1,1807,43.5,5753,32.1,1000,7.4,11.399999999999999,24.700000000000003,36.1,0.0,3.500000002532033e-05,2.999995558639057e-07,0.5011298999997962
7,Random,MarginalGainPredictor,20,1,1807,43.5,5753,32.1,1249,16.6,11.399999999999999,15.5,26.9,0.0,3.500000002532033e-05,0.0005685000005541951,0.5011298999997962
7,Random,OriginalOrder,50,1,1807,43.5,1807,43.5,1000,7.4,0.0,36.1,36.1,0.0,3.500000002532033e-05,1.00000761449337e-07,0.5011298999997962
7,Random,MarginalGainPredictor,50,1,1807,43.5,1807,43.5,1807,43.5,0.0,0.0,0.0,0.0,3.500000002532033e-05,0.0008537000003343564,0.5011298999997962
7,Random,OriginalOrder,100,1,1807,43.5,1807,43.5,1000,7.4,0.0,36.1,36.1,0.0,3.500000002532033e-05,2.0000061340397224e-07,0.5011298999997962
7,Random,MarginalGainPredictor,100,1,1807,43.5,1807,43.5,1807,43.5,0.0,0.0,0.0,0.0,3.500000002532033e-05,0.0007705000007263152,0.5011298999997962
7,Random,OriginalOrder,10,2,1807,43.5,2477,25.3,4172,15.6,18.2,9.700000000000001,27.9,-1.7763568394002505e-15,5.160000000614673e-05,1.00000761449337e-07,0.5011298999997962
7,Random,MarginalGainPredictor,10,2,1807,43.5,2477,25.3,7377,24.2,18.2,1.1000000000000014,19.3,0.0,5.160000000614673e-05,0.00047170000016194535,0.5011298999997962
7,Random,OriginalOrder,20,2,1807,43.5,2477,25.3,4172,15.6,18.2,9.700000000000001,27.9,-1.7763568394002505e-15,5.160000000614673e-05,1.9999970390927047e-07,0.5011298999997962
7,Random,MarginalGainPredictor,20,2,1807,43.5,2477,25.3,1423,19.6,18.2,5.699999999999999,23.9,0.0,5.160000000614673e-05,0.000470399999358051,0.5011298999997962
7,Random,OriginalOrder,50,2,1807,43.5,2216,37.7,4172,15.6,5.799999999999997,22.1,27.9,0.0,5.160000000614673e-05,2.0000061340397224e-07,0.5011298999997962
7,Random,MarginalGainPredictor,50,2,1807,43.5,2216,37.7,2216,37.7,5.799999999999997,0.0,5.799999999999997,0.0,5.160000000614673e-05,0.0005111999998916872,0.5011298999997962
7,Random,OriginalOrder,100,2,1807,43.5,9070,39.2,4172,15.6,4.299999999999997,23.6,27.9,0.0,5.160000000614673e-05,1.9999970390927047e-07,0.5011298999997962
7,Random,MarginalGainPredictor,100,2,1807,43.5,9070,39.2,2216,37.7,4.299999999999997,1.5,5.799999999999997,0.0,5.160000000614673e-05,0.0005210999997871113,0.5011298999997962
7,Random,OriginalOrder,10,3,1807,43.5,2054,30.3,2146,13.2,13.2,17.1,30.3,0.0,4.859999990003416e-05,9.999985195463523e-08,0.5011298999997962
7,Random,MarginalGainPredictor,10,3,1807,43.5,2054,30.3,2054,30.3,13.2,0.0,13.2,0.0,4.859999990003416e-05,0.00046159999965311727,0.5011298999997962
7,Random,OriginalOrder,20,3,1807,43.5,181,32.5,2146,13.2,11.0,19.3,30.3,0.0,4.859999990003416e-05,1.9999970390927047e-07,0.5011298999997962
7,Random,MarginalGainPredictor,20,3,1807,43.5,181,32.5,181,32.5,11.0,0.0,11.0,0.0,4.859999990003416e-05,0.0004576999999699183,0.5011298999997962
7,Random,OriginalOrder,50,3,1807,43.5,9070,39.2,2146,13.2,4.299999999999997,26.000000000000004,30.3,0.0,4.859999990003416e-05,1.9999970390927047e-07,0.5011298999997962
7,Random,MarginalGainPredictor,50,3,1807,43.5,9070,39.2,1423,19.6,4.299999999999997,19.6,23.9,0.0,4.859999990003416e-05,0.0006873000002087792,0.5011298999997962
7,Random,OriginalOrder,100,3,1807,43.5,9070,39.2,2146,13.2,4.299999999999997,26.000000000000004,30.3,0.0,4.859999990003416e-05,2.0000061340397224e-07,0.5011298999997962
7,Random,MarginalGainPredictor,100,3,1807,43.5,9070,39.2,2216,37.7,4.299999999999997,1.5,5.799999999999997,0.0,4.859999990003416e-05,0.0005441000002974761,0.5011298999997962
7,Random,OriginalOrder,10,4,1807,43.5,8264,23.8,657,6.0,19.7,17.8,37.5,0.0,4.969999918102985e-05,9.999985195463523e-08,0.5011298999997962
7,Random,MarginalGainPredictor,10,4,1807,43.5,8264,23.8,699,11.2,19.7,12.600000000000001,32.3,-3.552713678800501e-15,4.969999918102985e-05,0.0007541000004493981,0.5011298999997962
7,Random,OriginalOrder,20,4,1807,43.5,8264,23.8,657,6.0,19.7,17.8,37.5,0.0,4.969999918102985e-05,1.9999970390927047e-07,0.5011298999997962
7,Random,MarginalGainPredictor,20,4,1807,43.5,8264,23.8,699,11.2,19.7,12.600000000000001,32.3,-3.552713678800501e-15,4.969999918102985e-05,0.0006414999998014537,0.5011298999997962
7,Random,OriginalOrder,50,4,1807,43.5,1807,43.5,657,6.0,0.0,37.5,37.5,0.0,4.969999918102985e-05,9.999985195463523e-08,0.5011298999997962
7,Random,MarginalGainPredictor,50,4,1807,43.5,1807,43.5,1807,43.5,0.0,0.0,0.0,0.0,4.969999918102985e-05,0.0004965999996784376,0.5011298999997962
7,Random,OriginalOrder,100,4,1807,43.5,1807,43.5,657,6.0,0.0,37.5,37.5,0.0,4.969999918102985e-05,2.0000061340397224e-07,0.5011298999997962
7,Random,MarginalGainPredictor,100,4,1807,43.5,1807,43.5,1807,43.5,0.0,0.0,0.0,0.0,4.969999918102985e-05,0.0005039000006945571,0.5011298999997962
7,Random,OriginalOrder,10,5,1807,43.5,985,32.1,12383,2.4,11.399999999999999,29.700000000000003,41.1,0.0,4.7200000153679866e-05,9.999985195463523e-08,0.5011298999997962
7,Random,MarginalGainPredictor,10,5,1807,43.5,985,32.1,985,32.1,11.399999999999999,0.0,11.399999999999999,0.0,4.7200000153679866e-05,0.00044969999999011634,0.5011298999997962
7,Random,OriginalOrder,20,5,1807,43.5,985,32.1,12383,2.4,11.399999999999999,29.700000000000003,41.1,0.0,4.7200000153679866e-05,1.9999970390927047e-07,0.5011298999997962
7,Random,MarginalGainPredictor,20,5,1807,43.5,985,32.1,985,32.1,11.399999999999999,0.0,11.399999999999999,0.0,4.7200000153679866e-05,0.0004331999998612446,0.5011298999997962
7,Random,OriginalOrder,50,5,1807,43.5,9070,39.2,12383,2.4,4.299999999999997,36.800000000000004,41.1,0.0,4.7200000153679866e-05,1.9999970390927047e-07,0.5011298999997962
7,Random,MarginalGainPredictor,50,5,1807,43.5,9070,39.2,985,32.1,4.299999999999997,7.100000000000001,11.399999999999999,0.0,4.7200000153679866e-05,0.0005578000000241445,0.5011298999997962
7,Random,OriginalOrder,100,5,1807,43.5,9070,39.2,12383,2.4,4.299999999999997,36.800000000000004,41.1,0.0,4.7200000153679866e-05,1.9999970390927047e-07,0.5011298999997962
7,Random,MarginalGainPredictor,100,5,1807,43.5,9070,39.2,985,32.1,4.299999999999997,7.100000000000001,11.399999999999999,0.0,4.7200000153679866e-05,0.0005208000002312474,0.5011298999997962
7,Random,OriginalOrder,10,6,1807,43.5,2023,20.2,12377,2.9,23.3,17.3,40.6,0.0,4.669999998441199e-05,9.999985195463523e-08,0.5011298999997962
7,Random,MarginalGainPredictor,10,6,1807,43.5,2023,20.2,3078,18.9,23.3,1.3000000000000007,24.6,0.0,4.669999998441199e-05,0.00045399999999062857,0.5011298999997962
7,Random,OriginalOrder,20,6,1807,43.5,2122,30.0,12377,2.9,13.5,27.1,40.6,0.0,4.669999998441199e-05,2.0000061340397224e-07,0.5011298999997962
7,Random,MarginalGainPredictor,20,6,1807,43.5,2122,30.0,3078,18.9,13.5,11.100000000000001,24.6,0.0,4.669999998441199e-05,0.0004372000003058929,0.5011298999997962
7,Random,OriginalOrder,50,6,1807,43.5,985,32.1,12377,2.9,11.399999999999999,29.200000000000003,40.6,0.0,4.669999998441199e-05,1.00000761449337e-07,0.5011298999997962
7,Random,MarginalGainPredictor,50,6,1807,43.5,985,32.1,985,32.1,11.399999999999999,0.0,11.399999999999999,0.0,4.669999998441199e-05,0.0004903999997623032,0.5011298999997962
7,Random,OriginalOrder,100,6,1807,43.5,181,32.5,12377,2.9,11.0,29.6,40.6,0.0,4.669999998441199e-05,1.9999970390927047e-07,0.5011298999997962
7,Random,MarginalGainPredictor,100,6,1807,43.5,181,32.5,985,32.1,11.0,0.3999999999999986,11.399999999999999,0.0,4.669999998441199e-05,0.0008348999999725493,0.5011298999997962
7,Random,OriginalOrder,10,7,1807,43.5,2216,37.7,656,5.8,5.799999999999997,31.900000000000002,37.7,3.552713678800501e-15,4.660000013245735e-05,1.9999970390927047e-07,0.5011298999997962
7,Random,MarginalGainPredictor,10,7,1807,43.5,2216,37.7,2216,37.7,5.799999999999997,0.0,5.799999999999997,0.0,4.660000013245735e-05,0.0005459000003611436,0.5011298999997962
7,Random,OriginalOrder,20,7,1807,43.5,2216,37.7,656,5.8,5.799999999999997,31.900000000000002,37.7,3.552713678800501e-15,4.660000013245735e-05,9.999985195463523e-08,0.5011298999997962
7,Random,MarginalGainPredictor,20,7,1807,43.5,2216,37.7,2216,37.7,5.799999999999997,0.0,5.799999999999997,0.0,4.660000013245735e-05,0.0006115000005593174,0.5011298999997962
7,Random,OriginalOrder,50,7,1807,43.5,1807,43.5,656,5.8,0.0,37.7,37.7,0.0,4.660000013245735e-05,1.9999970390927047e-07,0.5011298999997962
7,Random,MarginalGainPredictor,50,7,1807,43.5,1807,43.5,1807,43.5,0.0,0.0,0.0,0.0,4.660000013245735e-05,0.00048430000060761813,0.5011298999997962
7,Random,OriginalOrder,100,7,1807,43.5,1807,43.5,656,5.8,0.0,37.7,37.7,0.0,4.660000013245735e-05,2.0000061340397224e-07,0.5011298999997962
7,Random,MarginalGainPredictor,100,7,1807,43.5,1807,43.5,1807,43.5,0.0,0.0,0.0,0.0,4.660000013245735e-05,0.0005165999991731951,0.5011298999997962
7,Random,OriginalOrder,10,8,1807,43.5,3810,11.7,2066,5.7,31.8,5.999999999999999,37.8,-2.6645352591003757e-15,4.6099999963189475e-05,9.999985195463523e-08,0.5011298999997962
7,Random,MarginalGainPredictor,10,8,1807,43.5,3810,11.7,597,3.3,31.8,8.399999999999999,40.2,3.552713678800501e-15,4.6099999963189475e-05,0.0004343999999036896,0.5011298999997962
7,Random,OriginalOrder,20,8,1807,43.5,3700,20.3,2066,5.7,23.2,14.600000000000001,37.8,-3.552713678800501e-15,4.6099999963189475e-05,2.0000061340397224e-07,0.5011298999997962
7,Random,MarginalGainPredictor,20,8,1807,43.5,3700,20.3,3700,20.3,23.2,0.0,23.2,0.0,4.6099999963189475e-05,0.0004579999995257822,0.5011298999997962
7,Random,OriginalOrder,50,8,1807,43.5,3225,26.8,2066,5.7,16.7,21.1,37.8,-3.552713678800501e-15,4.6099999963189475e-05,1.9999970390927047e-07,0.5011298999997962
7,Random,MarginalGainPredictor,50,8,1807,43.5,3225,26.8,1439,18.8,16.7,8.0,24.7,0.0,4.6099999963189475e-05,0.00045729999965260504,0.5011298999997962
7,Random,OriginalOrder,100,8,1807,43.5,2216,37.7,2066,5.7,5.799999999999997,32.0,37.8,0.0,4.6099999963189475e-05,9.999985195463523e-08,0.5011298999997962
7,Random,MarginalGainPredictor,100,8,1807,43.5,2216,37.7,2216,37.7,5.799999999999997,0.0,5.799999999999997,0.0,4.6099999963189475e-05,0.0004957999999533058,0.5011298999997962
7,Random,OriginalOrder,10,9,1807,43.5,916,21.8,1158,3.2,21.7,18.6,40.3,-3.552713678800501e-15,4.779999926540768e-05,1.00000761449337e-07,0.5011298999997962
7,Random,MarginalGainPredictor,10,9,1807,43.5,916,21.8,916,21.8,21.7,0.0,21.7,0.0,4.779999926540768e-05,0.0004239999998389976,0.5011298999997962
7,Random,OriginalOrder,20,9,1807,43.5,4285,30.0,1158,3.2,13.5,26.8,40.3,-3.552713678800501e-15,4.779999926540768e-05,1.9999970390927047e-07,0.5011298999997962
7,Random,MarginalGainPredictor,20,9,1807,43.5,4285,30.0,916,21.8,13.5,8.2,21.7,0.0,4.779999926540768e-05,0.0004430999997566687,0.5011298999997962
7,Random,OriginalOrder,50,9,1807,43.5,9070,39.2,1158,3.2,4.299999999999997,36.0,40.3,0.0,4.779999926540768e-05,1.9999970390927047e-07,0.5011298999997962
7,Random,MarginalGainPredictor,50,9,1807,43.5,9070,39.2,2216,37.7,4.299999999999997,1.5,5.799999999999997,0.0,4.779999926540768e-05,0.0007871999996496015,0.5011298999997962
7,Random,OriginalOrder,100,9,1807,43.5,9070,39.2,1158,3.2,4.299999999999997,36.0,40.3,0.0,4.779999926540768e-05,1.00000761449337e-07,0.5011298999997962
7,Random,MarginalGainPredictor,100,9,1807,43.5,9070,39.2,985,32.1,4.299999999999997,7.100000000000001,11.399999999999999,0.0,4.779999926540768e-05,0.0005816000002596411,0.5011298999997962
8,Degree,OriginalOrder,10,,7123,37.5,985,26.3,916,4.0,11.2,22.3,33.5,0.0,9.039999986271141e-05,2.0000061340397224e-07,0.42437859999972716
8,Degree,MarginalGainPredictor,10,,7123,37.5,985,26.3,985,26.3,11.2,0.0,11.2,0.0,9.039999986271141e-05,0.0011832000000140397,0.42437859999972716
8,Degree,OriginalOrder,20,,7123,37.5,985,26.3,916,4.0,11.2,22.3,33.5,0.0,9.039999986271141e-05,1.9999970390927047e-07,0.42437859999972716
8,Degree,MarginalGainPredictor,20,,7123,37.5,985,26.3,985,26.3,11.2,0.0,11.2,0.0,9.039999986271141e-05,0.00046780000047874637,0.42437859999972716
8,Degree,OriginalOrder,50,,7123,37.5,2216,29.6,916,4.0,7.899999999999999,25.6,33.5,0.0,9.039999986271141e-05,3.0000046535860747e-07,0.42437859999972716
8,Degree,MarginalGainPredictor,50,,7123,37.5,2216,29.6,985,26.3,7.899999999999999,3.3000000000000007,11.2,0.0,9.039999986271141e-05,0.00045389999922917923,0.42437859999972716
8,Degree,OriginalOrder,100,,7123,37.5,3225,31.7,916,4.0,5.800000000000001,27.7,33.5,0.0,9.039999986271141e-05,2.0000061340397224e-07,0.42437859999972716
8,Degree,MarginalGainPredictor,100,,7123,37.5,3225,31.7,985,26.3,5.800000000000001,5.399999999999999,11.2,0.0,9.039999986271141e-05,0.00045309999950404745,0.42437859999972716
8,DegreeDiscount,OriginalOrder,10,,7123,37.5,12802,19.8,12802,19.8,17.7,0.0,17.7,0.0,0.0018721000005825772,2.0000061340397224e-07,0.42437859999972716
8,DegreeDiscount,MarginalGainPredictor,10,,7123,37.5,12802,19.8,1423,10.8,17.7,9.0,26.7,0.0,0.0018721000005825772,0.0013485999998010811,0.42437859999972716
8,DegreeDiscount,OriginalOrder,20,,7123,37.5,1920,28.7,12802,19.8,8.8,8.899999999999999,17.7,0.0,0.0018721000005825772,1.9999970390927047e-07,0.42437859999972716
8,DegreeDiscount,MarginalGainPredictor,20,,7123,37.5,1920,28.7,1277,0.0,8.8,28.7,37.5,0.0,0.0018721000005825772,0.000428999999712687,0.42437859999972716
8,DegreeDiscount,OriginalOrder,50,,7123,37.5,9070,31.7,12802,19.8,5.800000000000001,11.899999999999999,17.7,0.0,0.0018721000005825772,1.9999970390927047e-07,0.42437859999972716
8,DegreeDiscount,MarginalGainPredictor,50,,7123,37.5,9070,31.7,985,26.3,5.800000000000001,5.399999999999999,11.2,0.0,0.0018721000005825772,0.00043339999956515385,0.42437859999972716
8,DegreeDiscount,OriginalOrder,100,,7123,37.5,7123,37.5,12802,19.8,0.0,17.7,17.7,0.0,0.0018721000005825772,1.9999970390927047e-07,0.42437859999972716
8,DegreeDiscount,MarginalGainPredictor,100,,7123,37.5,7123,37.5,985,26.3,0.0,11.2,11.2,0.0,0.0018721000005825772,0.00045760000011796365,0.42437859999972716
8,FeatureDQN,OriginalOrder,10,,7123,37.5,2510,13.0,2034,9.2,24.5,3.8000000000000007,28.3,0.0,0.0008324000000357046,1.9999970390927047e-07,0.42437859999972716
8,FeatureDQN,MarginalGainPredictor,10,,7123,37.5,2510,13.0,905,4.3,24.5,8.7,33.2,3.552713678800501e-15,0.0008324000000357046,0.0003961000002163928,0.42437859999972716
8,FeatureDQN,OriginalOrder,20,,7123,37.5,3916,25.0,2034,9.2,12.5,15.8,28.3,0.0,0.0008324000000357046,9.999985195463523e-08,0.42437859999972716
8,FeatureDQN,MarginalGainPredictor,20,,7123,37.5,3916,25.0,3916,25.0,12.5,0.0,12.5,0.0,0.0008324000000357046,0.0003681999996842933,0.42437859999972716
8,FeatureDQN,OriginalOrder,50,,7123,37.5,2122,28.8,2034,9.2,8.7,19.6,28.3,0.0,0.0008324000000357046,1.9999970390927047e-07,0.42437859999972716
8,FeatureDQN,MarginalGainPredictor,50,,7123,37.5,2122,28.8,916,4.0,8.7,24.8,33.5,0.0,0.0008324000000357046,0.0003937999999834574,0.42437859999972716
8,FeatureDQN,OriginalOrder,100,,7123,37.5,2122,28.8,2034,9.2,8.7,19.6,28.3,0.0,0.0008324000000357046,2.0000061340397224e-07,0.42437859999972716
8,FeatureDQN,MarginalGainPredictor,100,,7123,37.5,2122,28.8,916,4.0,8.7,24.8,33.5,0.0,0.0008324000000357046,0.0004331999998612446,0.42437859999972716
8,Random,OriginalOrder,10,0,7123,37.5,2122,28.8,58,4.3,8.7,24.5,33.2,3.552713678800501e-15,3.999999989900971e-05,9.999985195463523e-08,0.42437859999972716
8,Random,MarginalGainPredictor,10,0,7123,37.5,2122,28.8,985,26.3,8.7,2.5,11.2,0.0,3.999999989900971e-05,0.00038560000029974617,0.42437859999972716
8,Random,OriginalOrder,20,0,7123,37.5,2216,29.6,58,4.3,7.899999999999999,25.3,33.2,3.552713678800501e-15,3.999999989900971e-05,2.0000061340397224e-07,0.42437859999972716
8,Random,MarginalGainPredictor,20,0,7123,37.5,2216,29.6,985,26.3,7.899999999999999,3.3000000000000007,11.2,0.0,3.999999989900971e-05,0.0003647999992608675,0.42437859999972716
8,Random,OriginalOrder,50,0,7123,37.5,7123,37.5,58,4.3,0.0,33.2,33.2,0.0,3.999999989900971e-05,1.9999970390927047e-07,0.42437859999972716
8,Random,MarginalGainPredictor,50,0,7123,37.5,7123,37.5,985,26.3,0.0,11.2,11.2,0.0,3.999999989900971e-05,0.0012094000003344263,0.42437859999972716
8,Random,OriginalOrder,100,0,7123,37.5,7123,37.5,58,4.3,0.0,33.2,33.2,0.0,3.999999989900971e-05,2.0000061340397224e-07,0.42437859999972716
8,Random,MarginalGainPredictor,100,0,7123,37.5,7123,37.5,985,26.3,0.0,11.2,11.2,0.0,3.999999989900971e-05,0.000466700000288256,0.42437859999972716
8,Random,OriginalOrder,10,1,7123,37.5,2122,28.8,658,19.9,8.7,8.900000000000002,17.6,0.0,3.97000003431458e-05,9.999985195463523e-08,0.42437859999972716
8,Random,MarginalGainPredictor,10,1,7123,37.5,2122,28.8,3078,22.0,8.7,6.800000000000001,15.5,0.0,3.97000003431458e-05,0.00039310000011028023,0.42437859999972716
8,Random,OriginalOrder,20,1,7123,37.5,2122,28.8,658,19.9,8.7,8.900000000000002,17.6,0.0,3.97000003431458e-05,2.0000061340397224e-07,0.42437859999972716
8,Random,MarginalGainPredictor,20,1,7123,37.5,2122,28.8,3078,22.0,8.7,6.800000000000001,15.5,0.0,3.97000003431458e-05,0.0003712999996423605,0.42437859999972716
8,Random,OriginalOrder,50,1,7123,37.5,2122,28.8,658,19.9,8.7,8.900000000000002,17.6,0.0,3.97000003431458e-05,9.999985195463523e-08,0.42437859999972716
8,Random,MarginalGainPredictor,50,1,7123,37.5,2122,28.8,7995,11.4,8.7,17.4,26.1,3.552713678800501e-15,3.97000003431458e-05,0.00037479999991774093,0.42437859999972716
8,Random,OriginalOrder,100,1,7123,37.5,7123,37.5,658,19.9,0.0,17.6,17.6,0.0,3.97000003431458e-05,1.9999970390927047e-07,0.42437859999972716
8,Random,MarginalGainPredictor,100,1,7123,37.5,7123,37.5,820,17.4,0.0,20.1,20.1,0.0,3.97000003431458e-05,0.000423899999987043,0.42437859999972716
8,Random,OriginalOrder,10,2,7123,37.5,658,19.9,1028,3.1,17.6,16.799999999999997,34.4,0.0,3.470000046945643e-05,1.00000761449337e-07,0.42437859999972716
8,Random,MarginalGainPredictor,10,2,7123,37.5,658,19.9,658,19.9,17.6,0.0,17.6,0.0,3.470000046945643e-05,0.0003507000001263805,0.42437859999972716
8,Random,OriginalOrder,20,2,7123,37.5,1920,28.7,1028,3.1,8.8,25.599999999999998,34.4,0.0,3.470000046945643e-05,1.9999970390927047e-07,0.42437859999972716
8,Random,MarginalGainPredictor,20,2,7123,37.5,1920,28.7,1277,0.0,8.8,28.7,37.5,0.0,3.470000046945643e-05,0.00035490000027493807,0.42437859999972716
8,Random,OriginalOrder,50,2,7123,37.5,9070,31.7,1028,3.1,5.800000000000001,28.599999999999998,34.4,0.0,3.470000046945643e-05,1.9999970390927047e-07,0.42437859999972716
8,Random,MarginalGainPredictor,50,2,7123,37.5,9070,31.7,1277,0.0,5.800000000000001,31.7,37.5,0.0,3.470000046945643e-05,0.00039370000013150275,0.42437859999972716
8,Random,OriginalOrder,100,2,7123,37.5,3225,31.7,1028,3.1,5.800000000000001,28.599999999999998,34.4,0.0,3.470000046945643e-05,9.999985195463523e-08,0.42437859999972716
8,Random,MarginalGainPredictor,100,2,7123,37.5,3225,31.7,1277,0.0,5.800000000000001,31.7,37.5,0.0,3.470000046945643e-05,0.0004014999994979007,0.42437859999972716
8,Random,OriginalOrder,10,3,7123,37.5,6158,15.9,2854,5.5,21.6,10.4,32.0,-1.7763568394002505e-15,3.300000025774352e-05,9.999985195463523e-08,0.42437859999972716
8,Random,MarginalGainPredictor,10,3,7123,37.5,6158,15.9,916,4.0,21.6,11.9,33.5,-1.7763568394002505e-15,3.300000025774352e-05,0.0003879000005326816,0.42437859999972716
8,Random,OriginalOrder,20,3,7123,37.5,3078,22.0,2854,5.5,15.5,16.5,32.0,0.0,3.300000025774352e-05,9.999985195463523e-08,0.42437859999972716
8,Random,MarginalGainPredictor,20,3,7123,37.5,3078,22.0,916,4.0,15.5,18.0,33.5,0.0,3.300000025774352e-05,0.0003492999994705315,0.42437859999972716
8,Random,OriginalOrder,50,3,7123,37.5,3225,31.7,2854,5.5,5.800000000000001,26.2,32.0,0.0,3.300000025774352e-05,9.999985195463523e-08,0.42437859999972716
8,Random,MarginalGainPredictor,50,3,7123,37.5,3225,31.7,916,4.0,5.800000000000001,27.7,33.5,0.0,3.300000025774352e-05,0.0007482000000891276,0.42437859999972716
8,Random,OriginalOrder,100,3,7123,37.5,7123,37.5,2854,5.5,0.0,32.0,32.0,0.0,3.300000025774352e-05,1.9999970390927047e-07,0.42437859999972716
8,Random,MarginalGainPredictor,100,3,7123,37.5,7123,37.5,916,4.0,0.0,33.5,33.5,0.0,3.300000025774352e-05,0.0007634000003235997,0.42437859999972716
8,Random,OriginalOrder,10,4,7123,37.5,181,27.6,181,27.6,9.899999999999999,0.0,9.899999999999999,0.0,3.4699999559961725e-05,9.999985195463523e-08,0.42437859999972716
8,Random,MarginalGainPredictor,10,4,7123,37.5,181,27.6,1040,0.3,9.899999999999999,27.3,37.2,3.552713678800501e-15,3.4699999559961725e-05,0.00039710000055492856,0.42437859999972716
8,Random,OriginalOrder,20,4,7123,37.5,181,27.6,181,27.6,9.899999999999999,0.0,9.899999999999999,0.0,3.4699999559961725e-05,1.9999970390927047e-07,0.42437859999972716
8,Random,MarginalGainPredictor,20,4,7123,37.5,181,27.6,916,4.0,9.899999999999999,23.6,33.5,0.0,3.4699999559961725e-05,0.0003659000003608526,0.42437859999972716
8,Random,OriginalOrder,50,4,7123,37.5,7123,37.5,181,27.6,0.0,9.899999999999999,9.899999999999999,0.0,3.4699999559961725e-05,2.0000061340397224e-07,0.42437859999972716
8,Random,MarginalGainPredictor,50,4,7123,37.5,7123,37.5,1277,0.0,0.0,37.5,37.5,0.0,3.4699999559961725e-05,0.0003752000002350542,0.42437859999972716
8,Random,OriginalOrder,100,4,7123,37.5,7123,37.5,181,27.6,0.0,9.899999999999999,9.899999999999999,0.0,3.4699999559961725e-05,2.0000061340397224e-07,0.42437859999972716
8,Random,MarginalGainPredictor,100,4,7123,37.5,7123,37.5,2216,29.6,0.0,7.899999999999999,7.899999999999999,0.0,3.4699999559961725e-05,0.00044410000009520445,0.42437859999972716
8,Random,OriginalOrder,10,5,7123,37.5,2122,28.8,2854,5.5,8.7,23.3,32.0,0.0,3.420000030018855e-05,1.9999970390927047e-07,0.42437859999972716
8,Random,MarginalGainPredictor,10,5,7123,37.5,2122,28.8,1249,15.2,8.7,13.600000000000001,22.3,0.0,3.420000030018855e-05,0.00037039999915577937,0.42437859999972716
8,Random,OriginalOrder,20,5,7123,37.5,2122,28.8,2854,5.5,8.7,23.3,32.0,0.0,3.420000030018855e-05,1.9999970390927047e-07,0.42437859999972716
8,Random,MarginalGainPredictor,20,5,7123,37.5,2122,28.8,1249,15.2,8.7,13.600000000000001,22.3,0.0,3.420000030018855e-05,0.00036420000014913967,0.42437859999972716
8,Random,OriginalOrder,50,5,7123,37.5,7123,37.5,2854,5.5,0.0,32.0,32.0,0.0,3.420000030018855e-05,9.999985195463523e-08,0.42437859999972716
8,Random,MarginalGainPredictor,50,5,7123,37.5,7123,37.5,1277,0.0,0.0,37.5,37.5,0.0,3.420000030018855e-05,0.0005051000007370021,0.42437859999972716
8,Random,OriginalOrder,100,5,7123,37.5,7123,37.5,2854,5.5,0.0,32.0,32.0,0.0,3.420000030018855e-05,2.999995558639057e-07,0.42437859999972716
8,Random,MarginalGainPredictor,100,5,7123,37.5,7123,37.5,2216,29.6,0.0,7.899999999999999,7.899999999999999,0.0,3.420000030018855e-05,0.00045169999975769315,0.42437859999972716
8,Random,OriginalOrder,10,6,7123,37.5,4285,21.6,4172,13.0,15.899999999999999,8.600000000000001,24.5,0.0,3.3600000278966036e-05,9.999985195463523e-08,0.42437859999972716
8,Random,MarginalGainPredictor,10,6,7123,37.5,4285,21.6,98,8.1,15.899999999999999,13.500000000000002,29.4,-1.7763568394002505e-15,3.3600000278966036e-05,0.0004073999998581712,0.42437859999972716
8,Random,OriginalOrder,20,6,7123,37.5,4285,21.6,4172,13.0,15.899999999999999,8.600000000000001,24.5,0.0,3.3600000278966036e-05,9.999985195463523e-08,0.42437859999972716
8,Random,MarginalGainPredictor,20,6,7123,37.5,4285,21.6,7995,11.4,15.899999999999999,10.200000000000001,26.1,1.7763568394002505e-15,3.3600000278966036e-05,0.00036920000002282904,0.42437859999972716
8,Random,OriginalOrder,50,6,7123,37.5,692,28.2,4172,13.0,9.3,15.2,24.5,0.0,3.3600000278966036e-05,1.9999970390927047e-07,0.42437859999972716
8,Random,MarginalGainPredictor,50,6,7123,37.5,692,28.2,7995,11.4,9.3,16.799999999999997,26.1,3.552713678800501e-15,3.3600000278966036e-05,0.000405700000555953,0.42437859999972716
8,Random,OriginalOrder,100,6,7123,37.5,7123,37.5,4172,13.0,0.0,24.5,24.5,0.0,3.3600000278966036e-05,9.999985195463523e-08,0.42437859999972716
8,Random,MarginalGainPredictor,100,6,7123,37.5,7123,37.5,2216,29.6,0.0,7.899999999999999,7.899999999999999,0.0,3.3600000278966036e-05,0.0011667999997371226,0.42437859999972716
8,Random,OriginalOrder,10,7,7123,37.5,1920,28.7,1920,28.7,8.8,0.0,8.8,0.0,3.4100000448233914e-05,9.999985195463523e-08,0.42437859999972716
8,Random,MarginalGainPredictor,10,7,7123,37.5,1920,28.7,985,26.3,8.8,2.3999999999999986,11.2,0.0,3.4100000448233914e-05,0.00036049999926035525,0.42437859999972716
8,Random,OriginalOrder,20,7,7123,37.5,3225,31.7,1920,28.7,5.800000000000001,3.0,8.8,0.0,3.4100000448233914e-05,2.0000061340397224e-07,0.42437859999972716
8,Random,MarginalGainPredictor,20,7,7123,37.5,3225,31.7,985,26.3,5.800000000000001,5.399999999999999,11.2,0.0,3.4100000448233914e-05,0.00036980000004405156,0.42437859999972716
8,Random,OriginalOrder,50,7,7123,37.5,3225,31.7,1920,28.7,5.800000000000001,3.0,8.8,0.0,3.4100000448233914e-05,9.999985195463523e-08,0.42437859999972716
8,Random,MarginalGainPredictor,50,7,7123,37.5,3225,31.7,985,26.3,5.800000000000001,5.399999999999999,11.2,0.0,3.4100000448233914e-05,0.00037879999945289455,0.42437859999972716
8,Random,OriginalOrder,100,7,7123,37.5,3225,31.7,1920,28.7,5.800000000000001,3.0,8.8,0.0,3.4100000448233914e-05,1.00000761449337e-07,0.42437859999972716
8,Random,MarginalGainPredictor,100,7,7123,37.5,3225,31.7,985,26.3,5.800000000000001,5.399999999999999,11.2,0.0,3.4100000448233914e-05,0.0004129999997530831,0.42437859999972716
8,Random,OriginalOrder,10,8,7123,37.5,592,16.0,11249,3.6,21.5,12.4,33.9,-1.7763568394002505e-15,3.400000059627928e-05,1.9999970390927047e-07,0.42437859999972716
8,Random,MarginalGainPredictor,10,8,7123,37.5,592,16.0,1277,0.0,21.5,16.0,37.5,0.0,3.400000059627928e-05,0.0003750000005311449,0.42437859999972716
8,Random,OriginalOrder,20,8,7123,37.5,12802,19.8,11249,3.6,17.7,16.2,33.9,0.0,3.400000059627928e-05,1.9999970390927047e-07,0.42437859999972716
8,Random,MarginalGainPredictor,20,8,7123,37.5,12802,19.8,1277,0.0,17.7,19.8,37.5,0.0,3.400000059627928e-05,0.0003495999999358901,0.42437859999972716
8,Random,OriginalOrder,50,8,7123,37.5,2021,30.1,11249,3.6,7.399999999999999,26.5,33.9,0.0,3.400000059627928e-05,2.0000061340397224e-07,0.42437859999972716
8,Random,MarginalGainPredictor,50,8,7123,37.5,2021,30.1,1277,0.0,7.399999999999999,30.1,37.5,0.0,3.400000059627928e-05,0.00036980000004405156,0.42437859999972716
8,Random,OriginalOrder,100,8,7123,37.5,7123,37.5,11249,3.6,0.0,33.9,33.9,0.0,3.400000059627928e-05,1.9999970390927047e-07,0.42437859999972716
8,Random,MarginalGainPredictor,100,8,7123,37.5,7123,37.5,2216,29.6,0.0,7.899999999999999,7.899999999999999,0.0,3.400000059627928e-05,0.00042039999971166253,0.42437859999972716
8,Random,OriginalOrder,10,9,7123,37.5,985,26.3,1392,3.3,11.2,23.0,34.2,3.552713678800501e-15,3.3200000871147495e-05,9.999985195463523e-08,0.42437859999972716
8,Random,MarginalGainPredictor,10,9,7123,37.5,985,26.3,985,26.3,11.2,0.0,11.2,0.0,3.3200000871147495e-05,0.00036749999981111614,0.42437859999972716
8,Random,OriginalOrder,20,9,7123,37.5,985,26.3,1392,3.3,11.2,23.0,34.2,3.552713678800501e-15,3.3200000871147495e-05,1.9999970390927047e-07,0.42437859999972716
8,Random,MarginalGainPredictor,20,9,7123,37.5,985,26.3,985,26.3,11.2,0.0,11.2,0.0,3.3200000871147495e-05,0.0003785999997489853,0.42437859999972716
8,Random,OriginalOrder,50,9,7123,37.5,985,26.3,1392,3.3,11.2,23.0,34.2,3.552713678800501e-15,3.3200000871147495e-05,1.9999970390927047e-07,0.42437859999972716
8,Random,MarginalGainPredictor,50,9,7123,37.5,985,26.3,985,26.3,11.2,0.0,11.2,0.0,3.3200000871147495e-05,0.0003765999999814085,0.42437859999972716
8,Random,OriginalOrder,100,9,7123,37.5,7123,37.5,1392,3.3,0.0,34.2,34.2,0.0,3.3200000871147495e-05,2.0000061340397224e-07,0.42437859999972716
8,Random,MarginalGainPredictor,100,9,7123,37.5,7123,37.5,985,26.3,0.0,11.2,11.2,0.0,3.3200000871147495e-05,0.00040890000036597485,0.42437859999972716
9,Degree,OriginalOrder,10,,5753,41.3,985,31.0,916,10.0,10.299999999999997,21.0,31.299999999999997,0.0,9.12000004973379e-05,1.9999970390927047e-07,0.5115133999997852
9,Degree,MarginalGainPredictor,10,,5753,41.3,985,31.0,985,31.0,10.299999999999997,0.0,10.299999999999997,0.0,9.12000004973379e-05,0.0010652000000845874,0.5115133999997852
9,Degree,OriginalOrder,20,,5753,41.3,985,31.0,916,10.0,10.299999999999997,21.0,31.299999999999997,0.0,9.12000004973379e-05,1.9999970390927047e-07,0.5115133999997852
9,Degree,MarginalGainPredictor,20,,5753,41.3,985,31.0,985,31.0,10.299999999999997,0.0,10.299999999999997,0.0,9.12000004973379e-05,0.0004064999993715901,0.5115133999997852
9,Degree,OriginalOrder,50,,5753,41.3,5753,41.3,916,10.0,0.0,31.299999999999997,31.299999999999997,0.0,9.12000004973379e-05,1.9999970390927047e-07,0.5115133999997852
9,Degree,MarginalGainPredictor,50,,5753,41.3,5753,41.3,985,31.0,0.0,10.299999999999997,10.299999999999997,0.0,9.12000004973379e-05,0.00038580000000365544,0.5115133999997852
9,Degree,OriginalOrder,100,,5753,41.3,5753,41.3,916,10.0,0.0,31.299999999999997,31.299999999999997,0.0,9.12000004973379e-05,9.999985195463523e-08,0.5115133999997852
9,Degree,MarginalGainPredictor,100,,5753,41.3,5753,41.3,985,31.0,0.0,10.299999999999997,10.299999999999997,0.0,9.12000004973379e-05,0.00043820000064442866,0.5115133999997852
9,DegreeDiscount,OriginalOrder,10,,5753,41.3,1439,26.2,12802,18.2,15.099999999999998,8.0,23.099999999999998,0.0,0.002660000000105356,2.0000061340397224e-07,0.5115133999997852
9,DegreeDiscount,MarginalGainPredictor,10,,5753,41.3,1439,26.2,1423,12.2,15.099999999999998,14.0,29.099999999999998,0.0,0.002660000000105356,0.00043989999994664686,0.5115133999997852
9,DegreeDiscount,OriginalOrder,20,,5753,41.3,1439,26.2,12802,18.2,15.099999999999998,8.0,23.099999999999998,0.0,0.002660000000105356,2.0000061340397224e-07,0.5115133999997852
9,DegreeDiscount,MarginalGainPredictor,20,,5753,41.3,1439,26.2,1277,0.0,15.099999999999998,26.2,41.3,0.0,0.002660000000105356,0.00036839999938820256,0.5115133999997852
9,DegreeDiscount,OriginalOrder,50,,5753,41.3,5753,41.3,12802,18.2,0.0,23.099999999999998,23.099999999999998,0.0,0.002660000000105356,2.0000061340397224e-07,0.5115133999997852
9,DegreeDiscount,MarginalGainPredictor,50,,5753,41.3,5753,41.3,985,31.0,0.0,10.299999999999997,10.299999999999997,0.0,0.002660000000105356,0.0003765999999814085,0.5115133999997852
9,DegreeDiscount,OriginalOrder,100,,5753,41.3,5753,41.3,12802,18.2,0.0,23.099999999999998,23.099999999999998,0.0,0.002660000000105356,1.9999970390927047e-07,0.5115133999997852
9,DegreeDiscount,MarginalGainPredictor,100,,5753,41.3,5753,41.3,985,31.0,0.0,10.299999999999997,10.299999999999997,0.0,0.002660000000105356,0.00040660000013303943,0.5115133999997852
9,FeatureDQN,OriginalOrder,10,,5753,41.3,4826,13.2,2034,8.9,28.099999999999998,4.299999999999999,32.4,1.7763568394002505e-15,0.0008619999998700223,1.9999970390927047e-07,0.5115133999997852
9,FeatureDQN,MarginalGainPredictor,10,,5753,41.3,4826,13.2,905,5.9,28.099999999999998,7.299999999999999,35.4,1.7763568394002505e-15,0.0008619999998700223,0.00035260000004200265,0.5115133999997852
9,FeatureDQN,OriginalOrder,20,,5753,41.3,3916,23.5,2034,8.9,17.799999999999997,14.6,32.4,1.7763568394002505e-15,0.0008619999998700223,9.999985195463523e-08,0.5115133999997852
9,FeatureDQN,MarginalGainPredictor,20,,5753,41.3,3916,23.5,3916,23.5,17.799999999999997,0.0,17.799999999999997,0.0,0.0008619999998700223,0.00036980000004405156,0.5115133999997852
9,FeatureDQN,OriginalOrder,50,,5753,41.3,2122,27.2,2034,8.9,14.099999999999998,18.299999999999997,32.4,3.552713678800501e-15,0.0008619999998700223,1.9999970390927047e-07,0.5115133999997852
9,FeatureDQN,MarginalGainPredictor,50,,5753,41.3,2122,27.2,916,10.0,14.099999999999998,17.2,31.299999999999997,0.0,0.0008619999998700223,0.00036050000016984995,0.5115133999997852
9,FeatureDQN,OriginalOrder,100,,5753,41.3,2122,27.2,2034,8.9,14.099999999999998,18.299999999999997,32.4,3.552713678800501e-15,0.0008619999998700223,9.999985195463523e-08,0.5115133999997852
9,FeatureDQN,MarginalGainPredictor,100,,5753,41.3,2122,27.2,916,10.0,14.099999999999998,17.2,31.299999999999997,0.0,0.0008619999998700223,0.00041279999913967913,0.5115133999997852
9,Random,OriginalOrder,10,0,5753,41.3,3810,18.6,12803,10.8,22.699999999999996,7.800000000000001,30.499999999999996,0.0,4.1599999349273276e-05,9.999985195463523e-08,0.5115133999997852
9,Random,MarginalGainPredictor,10,0,5753,41.3,3810,18.6,1255,7.6,22.699999999999996,11.000000000000002,33.699999999999996,-1.7763568394002505e-15,4.1599999349273276e-05,0.000346200000421959,0.5115133999997852
9,Random,OriginalOrder,20,0,5753,41.3,1439,26.2,12803,10.8,15.099999999999998,15.399999999999999,30.499999999999996,0.0,4.1599999349273276e-05,9.999985195463523e-08,0.5115133999997852
9,Random,MarginalGainPredictor,20,0,5753,41.3,1439,26.2,1439,26.2,15.099999999999998,0.0,15.099999999999998,0.0,4.1599999349273276e-05,0.0011607000005824375,0.5115133999997852
9,Random,OriginalOrder,50,0,5753,41.3,9070,32.2,12803,10.8,9.099999999999994,21.400000000000002,30.499999999999996,0.0,4.1599999349273276e-05,4.000003173132427e-07,0.5115133999997852
9,Random,MarginalGainPredictor,50,0,5753,41.3,9070,32.2,985,31.0,9.099999999999994,1.2000000000000028,10.299999999999997,0.0,4.1599999349273276e-05,0.0006444999999075662,0.5115133999997852
9,Random,OriginalOrder,100,0,5753,41.3,9070,32.2,12803,10.8,9.099999999999994,21.400000000000002,30.499999999999996,0.0,4.1599999349273276e-05,1.9999970390927047e-07,0.5115133999997852
9,Random,MarginalGainPredictor,100,0,5753,41.3,9070,32.2,985,31.0,9.099999999999994,1.2000000000000028,10.299999999999997,0.0,4.1599999349273276e-05,0.0004441999999471591,0.5115133999997852
9,Random,OriginalOrder,10,1,5753,41.3,4103,22.3,4103,22.3,18.999999999999996,0.0,18.999999999999996,0.0,3.680000008898787e-05,9.999985195463523e-08,0.5115133999997852
9,Random,MarginalGainPredictor,10,1,5753,41.3,4103,22.3,4758,5.9,18.999999999999996,16.4,35.4,3.552713678800501e-15,3.680000008898787e-05,0.0003560999994078884,0.5115133999997852
9,Random,OriginalOrder,20,1,5753,41.3,4103,22.3,4103,22.3,18.999999999999996,0.0,18.999999999999996,0.0,3.680000008898787e-05,2.0000061340397224e-07,0.5115133999997852
9,Random,MarginalGainPredictor,20,1,5753,41.3,4103,22.3,820,17.8,18.999999999999996,4.5,23.499999999999996,0.0,3.680000008898787e-05,0.00035539999953471124,0.5115133999997852
9,Random,OriginalOrder,50,1,5753,41.3,2216,32.5,4103,22.3,8.799999999999997,10.2,18.999999999999996,0.0,3.680000008898787e-05,9.999985195463523e-08,0.5115133999997852
9,Random,MarginalGainPredictor,50,1,5753,41.3,2216,32.5,2216,32.5,8.799999999999997,0.0,8.799999999999997,0.0,3.680000008898787e-05,0.0003643000000010943,0.5115133999997852
9,Random,OriginalOrder,100,1,5753,41.3,5753,41.3,4103,22.3,0.0,18.999999999999996,18.999999999999996,0.0,3.680000008898787e-05,1.00000761449337e-07,0.5115133999997852
9,Random,MarginalGainPredictor,100,1,5753,41.3,5753,41.3,2216,32.5,0.0,8.799999999999997,8.799999999999997,0.0,3.680000008898787e-05,0.0003969999997934792,0.5115133999997852
9,Random,OriginalOrder,10,2,5753,41.3,4285,25.3,12378,5.2,15.999999999999996,20.1,36.099999999999994,-3.552713678800501e-15,3.3399999665562063e-05,9.999985195463523e-08,0.5115133999997852
9,Random,MarginalGainPredictor,10,2,5753,41.3,4285,25.3,1352,22.2,15.999999999999996,3.1000000000000014,19.099999999999998,0.0,3.3399999665562063e-05,0.00034779999987222254,0.5115133999997852
9,Random,OriginalOrder,20,2,5753,41.3,4285,25.3,12378,5.2,15.999999999999996,20.1,36.099999999999994,-3.552713678800501e-15,3.3399999665562063e-05,1.00000761449337e-07,0.5115133999997852
9,Random,MarginalGainPredictor,20,2,5753,41.3,4285,25.3,1249,12.0,15.999999999999996,13.3,29.299999999999997,0.0,3.3399999665562063e-05,0.0003544999999576248,0.5115133999997852
9,Random,OriginalOrder,50,2,5753,41.3,830,26.7,12378,5.2,14.599999999999998,21.5,36.099999999999994,-3.552713678800501e-15,3.3399999665562063e-05,1.00000761449337e-07,0.5115133999997852
9,Random,MarginalGainPredictor,50,2,5753,41.3,830,26.7,1249,12.0,14.599999999999998,14.7,29.299999999999997,0.0,3.3399999665562063e-05,0.00036100000033911783,0.5115133999997852
9,Random,OriginalOrder,100,2,5753,41.3,5753,41.3,12378,5.2,0.0,36.099999999999994,36.099999999999994,0.0,3.3399999665562063e-05,1.9999970390927047e-07,0.5115133999997852
9,Random,MarginalGainPredictor,100,2,5753,41.3,5753,41.3,2216,32.5,0.0,8.799999999999997,8.799999999999997,0.0,3.3399999665562063e-05,0.00038469999981316505,0.5115133999997852
9,Random,OriginalOrder,10,3,5753,41.3,2477,30.6,1580,6.7,10.699999999999996,23.900000000000002,34.599999999999994,-3.552713678800501e-15,3.500000002532033e-05,1.00000761449337e-07,0.5115133999997852
9,Random,MarginalGainPredictor,10,3,5753,41.3,2477,30.6,1249,12.0,10.699999999999996,18.6,29.299999999999997,0.0,3.500000002532033e-05,0.00034610000057000434,0.5115133999997852
9,Random,OriginalOrder,20,3,5753,41.3,2477,30.6,1580,6.7,10.699999999999996,23.900000000000002,34.599999999999994,-3.552713678800501e-15,3.500000002532033e-05,9.999985195463523e-08,0.5115133999997852
9,Random,MarginalGainPredictor,20,3,5753,41.3,2477,30.6,916,10.0,10.699999999999996,20.6,31.299999999999997,0.0,3.500000002532033e-05,0.0003491000006761169,0.5115133999997852
9,Random,OriginalOrder,50,3,5753,41.3,2477,30.6,1580,6.7,10.699999999999996,23.900000000000002,34.599999999999994,-3.552713678800501e-15,3.500000002532033e-05,1.9999970390927047e-07,0.5115133999997852
9,Random,MarginalGainPredictor,50,3,5753,41.3,2477,30.6,916,10.0,10.699999999999996,20.6,31.299999999999997,0.0,3.500000002532033e-05,0.0003785999997489853,0.5115133999997852
9,Random,OriginalOrder,100,3,5753,41.3,5753,41.3,1580,6.7,0.0,34.599999999999994,34.599999999999994,0.0,3.500000002532033e-05,1.00000761449337e-07,0.5115133999997852
9,Random,MarginalGainPredictor,100,3,5753,41.3,5753,41.3,820,17.8,0.0,23.499999999999996,23.499999999999996,0.0,3.500000002532033e-05,0.00040950000038719736,0.5115133999997852
9,Random,OriginalOrder,10,4,5753,41.3,7377,21.7,6314,7.8,19.599999999999998,13.899999999999999,33.5,3.552713678800501e-15,3.259999994043028e-05,9.999985195463523e-08,0.5115133999997852
9,Random,MarginalGainPredictor,10,4,5753,41.3,7377,21.7,7995,13.4,19.599999999999998,8.299999999999999,27.9,1.7763568394002505e-15,3.259999994043028e-05,0.0003461999995124643,0.5115133999997852
9,Random,OriginalOrder,20,4,5753,41.3,7377,21.7,6314,7.8,19.599999999999998,13.899999999999999,33.5,3.552713678800501e-15,3.259999994043028e-05,9.999985195463523e-08,0.5115133999997852
9,Random,MarginalGainPredictor,20,4,5753,41.3,7377,21.7,7995,13.4,19.599999999999998,8.299999999999999,27.9,1.7763568394002505e-15,3.259999994043028e-05,0.00035170000046491623,0.5115133999997852
9,Random,OriginalOrder,50,4,5753,41.3,2216,32.5,6314,7.8,8.799999999999997,24.7,33.5,3.552713678800501e-15,3.259999994043028e-05,1.9999970390927047e-07,0.5115133999997852
9,Random,MarginalGainPredictor,50,4,5753,41.3,2216,32.5,985,31.0,8.799999999999997,1.5,10.299999999999997,0.0,3.259999994043028e-05,0.00035960000059276354,0.5115133999997852
9,Random,OriginalOrder,100,4,5753,41.3,2216,32.5,6314,7.8,8.799999999999997,24.7,33.5,3.552713678800501e-15,3.259999994043028e-05,9.999985195463523e-08,0.5115133999997852
9,Random,MarginalGainPredictor,100,4,5753,41.3,2216,32.5,985,31.0,8.799999999999997,1.5,10.299999999999997,0.0,3.259999994043028e-05,0.00040049999915936496,0.5115133999997852
9,Random,OriginalOrder,10,5,5753,41.3,658,24.5,14011,12.2,16.799999999999997,12.3,29.099999999999998,0.0,3.5600000046542846e-05,9.999985195463523e-08,0.5115133999997852
9,Random,MarginalGainPredictor,10,5,5753,41.3,658,24.5,658,24.5,16.799999999999997,0.0,16.799999999999997,0.0,3.5600000046542846e-05,0.0003448999996180646,0.5115133999997852
9,Random,OriginalOrder,20,5,5753,41.3,658,24.5,14011,12.2,16.799999999999997,12.3,29.099999999999998,0.0,3.5600000046542846e-05,9.999985195463523e-08,0.5115133999997852
9,Random,MarginalGainPredictor,20,5,5753,41.3,658,24.5,1816,0.0,16.799999999999997,24.5,41.3,0.0,3.5600000046542846e-05,0.0003492999994705315,0.5115133999997852
9,Random,OriginalOrder,50,5,5753,41.3,2021,30.1,14011,12.2,11.199999999999996,17.900000000000002,29.099999999999998,0.0,3.5600000046542846e-05,1.9999970390927047e-07,0.5115133999997852
9,Random,MarginalGainPredictor,50,5,5753,41.3,2021,30.1,916,10.0,11.199999999999996,20.1,31.299999999999997,0.0,3.5600000046542846e-05,0.0003708000003825873,0.5115133999997852
9,Random,OriginalOrder,100,5,5753,41.3,5753,41.3,14011,12.2,0.0,29.099999999999998,29.099999999999998,0.0,3.5600000046542846e-05,1.9999970390927047e-07,0.5115133999997852
9,Random,MarginalGainPredictor,100,5,5753,41.3,5753,41.3,2216,32.5,0.0,8.799999999999997,8.799999999999997,0.0,3.5600000046542846e-05,0.00038829999994050013,0.5115133999997852
9,Random,OriginalOrder,10,6,5753,41.3,820,17.8,1816,0.0,23.499999999999996,17.8,41.3,0.0,4.9899999794433825e-05,1.9999970390927047e-07,0.5115133999997852
9,Random,MarginalGainPredictor,10,6,5753,41.3,820,17.8,820,17.8,23.499999999999996,0.0,23.499999999999996,0.0,4.9899999794433825e-05,0.00035089999983028974,0.5115133999997852
9,Random,OriginalOrder,20,6,5753,41.3,4679,19.1,1816,0.0,22.199999999999996,19.1,41.3,0.0,4.9899999794433825e-05,1.9999970390927047e-07,0.5115133999997852
9,Random,MarginalGainPredictor,20,6,5753,41.3,4679,19.1,820,17.8,22.199999999999996,1.3000000000000007,23.499999999999996,0.0,4.9899999794433825e-05,0.00035289999959786655,0.5115133999997852
9,Random,OriginalOrder,50,6,5753,41.3,181,22.9,1816,0.0,18.4,22.9,41.3,0.0,4.9899999794433825e-05,9.999985195463523e-08,0.5115133999997852
9,Random,MarginalGainPredictor,50,6,5753,41.3,181,22.9,820,17.8,18.4,5.099999999999998,23.499999999999996,0.0,4.9899999794433825e-05,0.00036500000078376615,0.5115133999997852
9,Random,OriginalOrder,100,6,5753,41.3,2021,30.1,1816,0.0,11.199999999999996,30.1,41.3,0.0,4.9899999794433825e-05,9.999985195463523e-08,0.5115133999997852
9,Random,MarginalGainPredictor,100,6,5753,41.3,2021,30.1,820,17.8,11.199999999999996,12.3,23.499999999999996,0.0,4.9899999794433825e-05,0.0003935999993700534,0.5115133999997852
9,Random,OriginalOrder,10,7,5753,41.3,2717,16.6,2717,16.6,24.699999999999996,0.0,24.699999999999996,0.0,3.3399999665562063e-05,9.999985195463523e-08,0.5115133999997852
9,Random,MarginalGainPredictor,10,7,5753,41.3,2717,16.6,1255,7.6,24.699999999999996,9.000000000000002,33.699999999999996,-1.7763568394002505e-15,3.3399999665562063e-05,0.00034219999997731065,0.5115133999997852
9,Random,OriginalOrder,20,7,5753,41.3,2122,27.2,2717,16.6,14.099999999999998,10.599999999999998,24.699999999999996,0.0,3.3399999665562063e-05,2.0000061340397224e-07,0.5115133999997852
9,Random,MarginalGainPredictor,20,7,5753,41.3,2122,27.2,7995,13.4,14.099999999999998,13.799999999999999,27.9,1.7763568394002505e-15,3.3399999665562063e-05,0.00035149999985151226,0.5115133999997852
9,Random,OriginalOrder,50,7,5753,41.3,9070,32.2,2717,16.6,9.099999999999994,15.600000000000001,24.699999999999996,0.0,3.3399999665562063e-05,1.00000761449337e-07,0.5115133999997852
9,Random,MarginalGainPredictor,50,7,5753,41.3,9070,32.2,7995,13.4,9.099999999999994,18.800000000000004,27.9,0.0,3.3399999665562063e-05,0.00040780000017548446,0.5115133999997852
9,Random,OriginalOrder,100,7,5753,41.3,5753,41.3,2717,16.6,0.0,24.699999999999996,24.699999999999996,0.0,3.3399999665562063e-05,9.999985195463523e-08,0.5115133999997852
9,Random,MarginalGainPredictor,100,7,5753,41.3,5753,41.3,820,17.8,0.0,23.499999999999996,23.499999999999996,0.0,3.3399999665562063e-05,0.0004150000004301546,0.5115133999997852
9,Random,OriginalOrder,10,8,5753,41.3,2216,32.5,12379,6.7,8.799999999999997,25.8,34.599999999999994,-3.552713678800501e-15,3.4899999263870995e-05,9.999985195463523e-08,0.5115133999997852
9,Random,MarginalGainPredictor,10,8,5753,41.3,2216,32.5,2216,32.5,8.799999999999997,0.0,8.799999999999997,0.0,3.4899999263870995e-05,0.00036019999970449135,0.5115133999997852
9,Random,OriginalOrder,20,8,5753,41.3,2216,32.5,12379,6.7,8.799999999999997,25.8,34.599999999999994,-3.552713678800501e-15,3.4899999263870995e-05,9.999985195463523e-08,0.5115133999997852
9,Random,MarginalGainPredictor,20,8,5753,41.3,2216,32.5,985,31.0,8.799999999999997,1.5,10.299999999999997,0.0,3.4899999263870995e-05,0.00037010000050941017,0.5115133999997852
9,Random,OriginalOrder,50,8,5753,41.3,2216,32.5,12379,6.7,8.799999999999997,25.8,34.599999999999994,-3.552713678800501e-15,3.4899999263870995e-05,9.999985195463523e-08,0.5115133999997852
9,Random,MarginalGainPredictor,50,8,5753,41.3,2216,32.5,985,31.0,8.799999999999997,1.5,10.299999999999997,0.0,3.4899999263870995e-05,0.00038500000027852366,0.5115133999997852
9,Random,OriginalOrder,100,8,5753,41.3,2216,32.5,12379,6.7,8.799999999999997,25.8,34.599999999999994,-3.552713678800501e-15,3.4899999263870995e-05,2.999995558639057e-07,0.5115133999997852
9,Random,MarginalGainPredictor,100,8,5753,41.3,2216,32.5,985,31.0,8.799999999999997,1.5,10.299999999999997,0.0,3.4899999263870995e-05,0.00041109999983746093,0.5115133999997852
9,Random,OriginalOrder,10,9,5753,41.3,2717,16.6,1099,6.9,24.699999999999996,9.700000000000001,34.4,1.7763568394002505e-15,3.370000013092067e-05,1.9999970390927047e-07,0.5115133999997852
9,Random,MarginalGainPredictor,10,9,5753,41.3,2717,16.6,699,10.2,24.699999999999996,6.400000000000002,31.099999999999998,0.0,3.370000013092067e-05,0.0003589999996620463,0.5115133999997852
9,Random,OriginalOrder,20,9,5753,41.3,2105,17.9,1099,6.9,23.4,10.999999999999998,34.4,1.7763568394002505e-15,3.370000013092067e-05,9.999985195463523e-08,0.5115133999997852
9,Random,MarginalGainPredictor,20,9,5753,41.3,2105,17.9,699,10.2,23.4,7.699999999999999,31.099999999999998,0.0,3.370000013092067e-05,0.0003600999998525367,0.5115133999997852
9,Random,OriginalOrder,50,9,5753,41.3,2477,30.6,1099,6.9,10.699999999999996,23.700000000000003,34.4,0.0,3.370000013092067e-05,2.0000061340397224e-07,0.5115133999997852
9,Random,MarginalGainPredictor,50,9,5753,41.3,2477,30.6,1423,12.2,10.699999999999996,18.400000000000002,29.099999999999998,0.0,3.370000013092067e-05,0.000376999999389227,0.5115133999997852
9,Random,OriginalOrder,100,9,5753,41.3,5753,41.3,1099,6.9,0.0,34.4,34.4,0.0,3.370000013092067e-05,1.9999970390927047e-07,0.5115133999997852
9,Random,MarginalGainPredictor,100,9,5753,41.3,5753,41.3,7995,13.4,0.0,27.9,27.9,0.0,3.370000013092067e-05,0.0005484000002979883,0.5115133999997852
10,Degree,OriginalOrder,10,,3916,32.3,985,30.4,916,8.7,1.8999999999999986,21.7,23.599999999999998,0.0,9.239999963028822e-05,3.0000046535860747e-07,0.4930721000000631
10,Degree,MarginalGainPredictor,10,,3916,32.3,985,30.4,985,30.4,1.8999999999999986,0.0,1.8999999999999986,0.0,9.239999963028822e-05,0.0012296999993850477,0.4930721000000631
10,Degree,OriginalOrder,20,,3916,32.3,3916,32.3,916,8.7,0.0,23.599999999999998,23.599999999999998,0.0,9.239999963028822e-05,2.0000061340397224e-07,0.4930721000000631
10,Degree,MarginalGainPredictor,20,,3916,32.3,3916,32.3,985,30.4,0.0,1.8999999999999986,1.8999999999999986,0.0,9.239999963028822e-05,0.00044769999931304483,0.4930721000000631
10,Degree,OriginalOrder,50,,3916,32.3,3916,32.3,916,8.7,0.0,23.599999999999998,23.599999999999998,0.0,9.239999963028822e-05,2.0000061340397224e-07,0.4930721000000631
10,Degree,MarginalGainPredictor,50,,3916,32.3,3916,32.3,985,30.4,0.0,1.8999999999999986,1.8999999999999986,0.0,9.239999963028822e-05,0.00039169999945443124,0.4930721000000631
10,Degree,OriginalOrder,100,,3916,32.3,3916,32.3,916,8.7,0.0,23.599999999999998,23.599999999999998,0.0,9.239999963028822e-05,9.999985195463523e-08,0.4930721000000631
10,Degree,MarginalGainPredictor,100,,3916,32.3,3916,32.3,985,30.4,0.0,1.8999999999999986,1.8999999999999986,0.0,9.239999963028822e-05,0.00047730000005685724,0.4930721000000631
10,DegreeDiscount,OriginalOrder,10,,3916,32.3,12802,20.5,12802,20.5,11.799999999999997,0.0,11.799999999999997,0.0,0.0018473999998604995,1.9999970390927047e-07,0.4930721000000631
10,DegreeDiscount,MarginalGainPredictor,10,,3916,32.3,12802,20.5,1423,17.6,11.799999999999997,2.8999999999999986,14.699999999999996,0.0,0.0018473999998604995,0.0004926999999952386,0.4930721000000631
10,DegreeDiscount,OriginalOrder,20,,3916,32.3,3916,32.3,12802,20.5,0.0,11.799999999999997,11.799999999999997,0.0,0.0018473999998604995,2.0000061340397224e-07,0.4930721000000631
10,DegreeDiscount,MarginalGainPredictor,20,,3916,32.3,3916,32.3,1277,0.0,0.0,32.3,32.3,0.0,0.0018473999998604995,0.0007780999994793092,0.4930721000000631
10,DegreeDiscount,OriginalOrder,50,,3916,32.3,3916,32.3,12802,20.5,0.0,11.799999999999997,11.799999999999997,0.0,0.0018473999998604995,1.9999970390927047e-07,0.4930721000000631
10,DegreeDiscount,MarginalGainPredictor,50,,3916,32.3,3916,32.3,985,30.4,0.0,1.8999999999999986,1.8999999999999986,0.0,0.0018473999998604995,0.0007645000005140901,0.4930721000000631
10,DegreeDiscount,OriginalOrder,100,,3916,32.3,3916,32.3,12802,20.5,0.0,11.799999999999997,11.799999999999997,0.0,0.0018473999998604995,1.9999970390927047e-07,0.4930721000000631
10,DegreeDiscount,MarginalGainPredictor,100,,3916,32.3,3916,32.3,985,30.4,0.0,1.8999999999999986,1.8999999999999986,0.0,0.0018473999998604995,0.0004465000001800945,0.4930721000000631
10,FeatureDQN,OriginalOrder,10,,3916,32.3,461,10.7,2034,5.1,21.599999999999998,5.6,27.199999999999996,-1.7763568394002505e-15,0.000937099999646307,1.9999970390927047e-07,0.4930721000000631
10,FeatureDQN,MarginalGainPredictor,10,,3916,32.3,461,10.7,905,5.3,21.599999999999998,5.3999999999999995,26.999999999999996,-8.881784197001252e-16,0.000937099999646307,0.0003857000001517008,0.4930721000000631
10,FeatureDQN,OriginalOrder,20,,3916,32.3,3916,32.3,2034,5.1,0.0,27.199999999999996,27.199999999999996,0.0,0.000937099999646307,1.9999970390927047e-07,0.4930721000000631
10,FeatureDQN,MarginalGainPredictor,20,,3916,32.3,3916,32.3,3916,32.3,0.0,0.0,0.0,0.0,0.000937099999646307,0.00043170000026293565,0.4930721000000631
10,FeatureDQN,OriginalOrder,50,,3916,32.3,3916,32.3,2034,5.1,0.0,27.199999999999996,27.199999999999996,0.0,0.000937099999646307,2.999995558639057e-07,0.4930721000000631
10,FeatureDQN,MarginalGainPredictor,50,,3916,32.3,3916,32.3,916,8.7,0.0,23.599999999999998,23.599999999999998,0.0,0.000937099999646307,0.00040859999990061624,0.4930721000000631
10,FeatureDQN,OriginalOrder,100,,3916,32.3,3916,32.3,2034,5.1,0.0,27.199999999999996,27.199999999999996,0.0,0.000937099999646307,2.0000061340397224e-07,0.4930721000000631
10,FeatureDQN,MarginalGainPredictor,100,,3916,32.3,3916,32.3,916,8.7,0.0,23.599999999999998,23.599999999999998,0.0,0.000937099999646307,0.0005056999998487299,0.4930721000000631
10,Random,OriginalOrder,10,0,3916,32.3,2442,17.2,2614,10.3,15.099999999999998,6.899999999999999,21.999999999999996,0.0,4.019999960291898e-05,2.0000061340397224e-07,0.4930721000000631
10,Random,MarginalGainPredictor,10,0,3916,32.3,2442,17.2,1978,14.8,15.099999999999998,2.3999999999999986,17.499999999999996,0.0,4.019999960291898e-05,0.00038020000010874355,0.4930721000000631
10,Random,OriginalOrder,20,0,3916,32.3,1423,17.6,2614,10.3,14.699999999999996,7.300000000000001,21.999999999999996,0.0,4.019999960291898e-05,9.999985195463523e-08,0.4930721000000631
10,Random,MarginalGainPredictor,20,0,3916,32.3,1423,17.6,1423,17.6,14.699999999999996,0.0,14.699999999999996,0.0,4.019999960291898e-05,0.0003612000000430271,0.4930721000000631
10,Random,OriginalOrder,50,0,3916,32.3,181,23.8,2614,10.3,8.499999999999996,13.5,21.999999999999996,0.0,4.019999960291898e-05,2.999995558639057e-07,0.4930721000000631
10,Random,MarginalGainPredictor,50,0,3916,32.3,181,23.8,1423,17.6,8.499999999999996,6.199999999999999,14.699999999999996,0.0,4.019999960291898e-05,0.0004165999998804182,0.4930721000000631
10,Random,OriginalOrder,100,0,3916,32.3,2216,31.6,2614,10.3,0.6999999999999957,21.3,21.999999999999996,0.0,4.019999960291898e-05,1.00000761449337e-07,0.4930721000000631
10,Random,MarginalGainPredictor,100,0,3916,32.3,2216,31.6,2216,31.6,0.6999999999999957,0.0,0.6999999999999957,0.0,4.019999960291898e-05,0.00042239999947923934,0.4930721000000631
10,Random,OriginalOrder,10,1,3916,32.3,9608,18.6,9608,18.6,13.699999999999996,0.0,13.699999999999996,0.0,3.590000051190145e-05,1.00000761449337e-07,0.4930721000000631
10,Random,MarginalGainPredictor,10,1,3916,32.3,9608,18.6,1255,6.6,13.699999999999996,12.000000000000002,25.699999999999996,-1.7763568394002505e-15,3.590000051190145e-05,0.0007006999994700891,0.4930721000000631
10,Random,OriginalOrder,20,1,3916,32.3,2477,26.8,9608,18.6,5.4999999999999964,8.2,13.699999999999996,0.0,3.590000051190145e-05,9.999985195463523e-08,0.4930721000000631
10,Random,MarginalGainPredictor,20,1,3916,32.3,2477,26.8,1423,17.6,5.4999999999999964,9.2,14.699999999999996,0.0,3.590000051190145e-05,0.0004810999998881016,0.4930721000000631
10,Random,OriginalOrder,50,1,3916,32.3,2216,31.6,9608,18.6,0.6999999999999957,13.0,13.699999999999996,0.0,3.590000051190145e-05,2.0000061340397224e-07,0.4930721000000631
10,Random,MarginalGainPredictor,50,1,3916,32.3,2216,31.6,2216,31.6,0.6999999999999957,0.0,0.6999999999999957,0.0,3.590000051190145e-05,0.00043110000024171313,0.4930721000000631
10,Random,OriginalOrder,100,1,3916,32.3,2216,31.6,9608,18.6,0.6999999999999957,13.0,13.699999999999996,0.0,3.590000051190145e-05,1.00000761449337e-07,0.4930721000000631
10,Random,MarginalGainPredictor,100,1,3916,32.3,2216,31.6,2216,31.6,0.6999999999999957,0.0,0.6999999999999957,0.0,3.590000051190145e-05,0.0004202999998597079,0.4930721000000631
10,Random,OriginalOrder,10,2,3916,32.3,985,30.4,1255,6.6,1.8999999999999986,23.799999999999997,25.699999999999996,0.0,3.470000046945643e-05,1.00000761449337e-07,0.4930721000000631
10,Random,MarginalGainPredictor,10,2,3916,32.3,985,30.4,985,30.4,1.8999999999999986,0.0,1.8999999999999986,0.0,3.470000046945643e-05,0.00038550000044779154,0.4930721000000631
10,Random,OriginalOrder,20,2,3916,32.3,3916,32.3,1255,6.6,0.0,25.699999999999996,25.699999999999996,0.0,3.470000046945643e-05,9.999985195463523e-08,0.4930721000000631
10,Random,MarginalGainPredictor,20,2,3916,32.3,3916,32.3,985,30.4,0.0,1.8999999999999986,1.8999999999999986,0.0,3.470000046945643e-05,0.00036249999993742676,0.4930721000000631
10,Random,OriginalOrder,50,2,3916,32.3,3916,32.3,1255,6.6,0.0,25.699999999999996,25.699999999999996,0.0,3.470000046945643e-05,1.9999970390927047e-07,0.4930721000000631
10,Random,MarginalGainPredictor,50,2,3916,32.3,3916,32.3,985,30.4,0.0,1.8999999999999986,1.8999999999999986,0.0,3.470000046945643e-05,0.0003795000002355664,0.4930721000000631
10,Random,OriginalOrder,100,2,3916,32.3,3916,32.3,1255,6.6,0.0,25.699999999999996,25.699999999999996,0.0,3.470000046945643e-05,9.999985195463523e-08,0.4930721000000631
10,Random,MarginalGainPredictor,100,2,3916,32.3,3916,32.3,985,30.4,0.0,1.8999999999999986,1.8999999999999986,0.0,3.470000046945643e-05,0.00042550000034680124,0.4930721000000631
10,Random,OriginalOrder,10,3,3916,32.3,985,30.4,8264,19.1,1.8999999999999986,11.299999999999997,13.199999999999996,0.0,3.369999922142597e-05,9.999985195463523e-08,0.4930721000000631
10,Random,MarginalGainPredictor,10,3,3916,32.3,985,30.4,985,30.4,1.8999999999999986,0.0,1.8999999999999986,0.0,3.369999922142597e-05,0.0003692999998747837,0.4930721000000631
10,Random,OriginalOrder,20,3,3916,32.3,985,30.4,8264,19.1,1.8999999999999986,11.299999999999997,13.199999999999996,0.0,3.369999922142597e-05,1.9999970390927047e-07,0.4930721000000631
10,Random,MarginalGainPredictor,20,3,3916,32.3,985,30.4,985,30.4,1.8999999999999986,0.0,1.8999999999999986,0.0,3.369999922142597e-05,0.0003903999995600316,0.4930721000000631
10,Random,OriginalOrder,50,3,3916,32.3,985,30.4,8264,19.1,1.8999999999999986,11.299999999999997,13.199999999999996,0.0,3.369999922142597e-05,9.999985195463523e-08,0.4930721000000631
10,Random,MarginalGainPredictor,50,3,3916,32.3,985,30.4,985,30.4,1.8999999999999986,0.0,1.8999999999999986,0.0,3.369999922142597e-05,0.00038380000023607863,0.4930721000000631
10,Random,OriginalOrder,100,3,3916,32.3,3916,32.3,8264,19.1,0.0,13.199999999999996,13.199999999999996,0.0,3.369999922142597e-05,2.0000061340397224e-07,0.4930721000000631
10,Random,MarginalGainPredictor,100,3,3916,32.3,3916,32.3,985,30.4,0.0,1.8999999999999986,1.8999999999999986,0.0,3.369999922142597e-05,0.00043249999998806743,0.4930721000000631
10,Random,OriginalOrder,10,4,3916,32.3,2021,26.1,2021,26.1,6.199999999999996,0.0,6.199999999999996,0.0,3.319999996165279e-05,9.999985195463523e-08,0.4930721000000631
10,Random,MarginalGainPredictor,10,4,3916,32.3,2021,26.1,1978,14.8,6.199999999999996,11.3,17.499999999999996,0.0,3.319999996165279e-05,0.000367999999980384,0.4930721000000631
10,Random,OriginalOrder,20,4,3916,32.3,2021,26.1,2021,26.1,6.199999999999996,0.0,6.199999999999996,0.0,3.319999996165279e-05,9.999985195463523e-08,0.4930721000000631
10,Random,MarginalGainPredictor,20,4,3916,32.3,2021,26.1,408,17.5,6.199999999999996,8.600000000000001,14.799999999999997,0.0,3.319999996165279e-05,0.0007415999998556799,0.4930721000000631
10,Random,OriginalOrder,50,4,3916,32.3,2021,26.1,2021,26.1,6.199999999999996,0.0,6.199999999999996,0.0,3.319999996165279e-05,1.9999970390927047e-07,0.4930721000000631
10,Random,MarginalGainPredictor,50,4,3916,32.3,2021,26.1,3078,17.1,6.199999999999996,9.0,15.199999999999996,0.0,3.319999996165279e-05,0.000663400000121328,0.4930721000000631
10,Random,OriginalOrder,100,4,3916,32.3,658,27.4,2021,26.1,4.899999999999999,1.2999999999999972,6.199999999999996,0.0,3.319999996165279e-05,1.9999970390927047e-07,0.4930721000000631
10,Random,MarginalGainPredictor,100,4,3916,32.3,658,27.4,820,17.2,4.899999999999999,10.2,15.099999999999998,0.0,3.319999996165279e-05,0.0004220000000714208,0.4930721000000631
10,Random,OriginalOrder,10,5,3916,32.3,985,30.4,58,4.7,1.8999999999999986,25.7,27.599999999999998,0.0,4.780000017490238e-05,1.9999970390927047e-07,0.4930721000000631
10,Random,MarginalGainPredictor,10,5,3916,32.3,985,30.4,985,30.4,1.8999999999999986,0.0,1.8999999999999986,0.0,4.780000017490238e-05,0.0004060000001118169,0.4930721000000631
10,Random,OriginalOrder,20,5,3916,32.3,985,30.4,58,4.7,1.8999999999999986,25.7,27.599999999999998,0.0,4.780000017490238e-05,2.0000061340397224e-07,0.4930721000000631
10,Random,MarginalGainPredictor,20,5,3916,32.3,985,30.4,985,30.4,1.8999999999999986,0.0,1.8999999999999986,0.0,4.780000017490238e-05,0.00037290000000211876,0.4930721000000631
10,Random,OriginalOrder,50,5,3916,32.3,985,30.4,58,4.7,1.8999999999999986,25.7,27.599999999999998,0.0,4.780000017490238e-05,2.0000061340397224e-07,0.4930721000000631
10,Random,MarginalGainPredictor,50,5,3916,32.3,985,30.4,985,30.4,1.8999999999999986,0.0,1.8999999999999986,0.0,4.780000017490238e-05,0.0006898999999975786,0.4930721000000631
10,Random,OriginalOrder,100,5,3916,32.3,3916,32.3,58,4.7,0.0,27.599999999999998,27.599999999999998,0.0,4.780000017490238e-05,4.000003173132427e-07,0.4930721000000631
10,Random,MarginalGainPredictor,100,5,3916,32.3,3916,32.3,985,30.4,0.0,1.8999999999999986,1.8999999999999986,0.0,4.780000017490238e-05,0.0006450999999287887,0.4930721000000631
10,Random,OriginalOrder,10,6,3916,32.3,2023,17.1,2481,7.2,15.199999999999996,9.900000000000002,25.099999999999998,0.0,4.290000015316764e-05,1.9999970390927047e-07,0.4930721000000631
10,Random,MarginalGainPredictor,10,6,3916,32.3,2023,17.1,287,15.5,15.199999999999996,1.6000000000000014,16.799999999999997,0.0,4.290000015316764e-05,0.0004654000003938563,0.4930721000000631
10,Random,OriginalOrder,20,6,3916,32.3,2216,31.6,2481,7.2,0.6999999999999957,24.400000000000002,25.099999999999998,0.0,4.290000015316764e-05,1.9999970390927047e-07,0.4930721000000631
10,Random,MarginalGainPredictor,20,6,3916,32.3,2216,31.6,2216,31.6,0.6999999999999957,0.0,0.6999999999999957,0.0,4.290000015316764e-05,0.00047170000016194535,0.4930721000000631
10,Random,OriginalOrder,50,6,3916,32.3,2216,31.6,2481,7.2,0.6999999999999957,24.400000000000002,25.099999999999998,0.0,4.290000015316764e-05,1.9999970390927047e-07,0.4930721000000631
10,Random,MarginalGainPredictor,50,6,3916,32.3,2216,31.6,2216,31.6,0.6999999999999957,0.0,0.6999999999999957,0.0,4.290000015316764e-05,0.00045709999994869577,0.4930721000000631
10,Random,OriginalOrder,100,6,3916,32.3,2216,31.6,2481,7.2,0.6999999999999957,24.400000000000002,25.099999999999998,0.0,4.290000015316764e-05,9.999985195463523e-08,0.4930721000000631
10,Random,MarginalGainPredictor,100,6,3916,32.3,2216,31.6,985,30.4,0.6999999999999957,1.2000000000000028,1.8999999999999986,0.0,4.290000015316764e-05,0.00047449999965465395,0.4930721000000631
10,Random,OriginalOrder,10,7,3916,32.3,2122,26.8,14030,10.6,5.4999999999999964,16.200000000000003,21.699999999999996,-3.552713678800501e-15,3.370000013092067e-05,9.999985195463523e-08,0.4930721000000631
10,Random,MarginalGainPredictor,10,7,3916,32.3,2122,26.8,1920,22.2,5.4999999999999964,4.600000000000001,10.099999999999998,0.0,3.370000013092067e-05,0.0008003999992070021,0.4930721000000631
10,Random,OriginalOrder,20,7,3916,32.3,2122,26.8,14030,10.6,5.4999999999999964,16.200000000000003,21.699999999999996,-3.552713678800501e-15,3.370000013092067e-05,1.9999970390927047e-07,0.4930721000000631
10,Random,MarginalGainPredictor,20,7,3916,32.3,2122,26.8,1423,17.6,5.4999999999999964,9.2,14.699999999999996,0.0,3.370000013092067e-05,0.0006260000000111177,0.4930721000000631
10,Random,OriginalOrder,50,7,3916,32.3,985,30.4,14030,10.6,1.8999999999999986,19.799999999999997,21.699999999999996,0.0,3.370000013092067e-05,1.9999970390927047e-07,0.4930721000000631
10,Random,MarginalGainPredictor,50,7,3916,32.3,985,30.4,985,30.4,1.8999999999999986,0.0,1.8999999999999986,0.0,3.370000013092067e-05,0.00043510000068636145,0.4930721000000631
10,Random,OriginalOrder,100,7,3916,32.3,3916,32.3,14030,10.6,0.0,21.699999999999996,21.699999999999996,0.0,3.370000013092067e-05,2.0000061340397224e-07,0.4930721000000631
10,Random,MarginalGainPredictor,100,7,3916,32.3,3916,32.3,985,30.4,0.0,1.8999999999999986,1.8999999999999986,0.0,3.370000013092067e-05,0.0004726000006485265,0.4930721000000631
10,Random,OriginalOrder,10,8,3916,32.3,3700,20.6,14031,6.3,11.699999999999996,14.3,25.999999999999996,0.0,3.459999970800709e-05,9.999985195463523e-08,0.4930721000000631
10,Random,MarginalGainPredictor,10,8,3916,32.3,3700,20.6,3700,20.6,11.699999999999996,0.0,11.699999999999996,0.0,3.459999970800709e-05,0.0004054000000905944,0.4930721000000631
10,Random,OriginalOrder,20,8,3916,32.3,2122,26.8,14031,6.3,5.4999999999999964,20.5,25.999999999999996,0.0,3.459999970800709e-05,1.9999970390927047e-07,0.4930721000000631
10,Random,MarginalGainPredictor,20,8,3916,32.3,2122,26.8,699,11.5,5.4999999999999964,15.3,20.799999999999997,0.0,3.459999970800709e-05,0.0004140999999435735,0.4930721000000631
10,Random,OriginalOrder,50,8,3916,32.3,2216,31.6,14031,6.3,0.6999999999999957,25.3,25.999999999999996,0.0,3.459999970800709e-05,9.999985195463523e-08,0.4930721000000631
10,Random,MarginalGainPredictor,50,8,3916,32.3,2216,31.6,2216,31.6,0.6999999999999957,0.0,0.6999999999999957,0.0,3.459999970800709e-05,0.0004226000000926433,0.4930721000000631
10,Random,OriginalOrder,100,8,3916,32.3,2216,31.6,14031,6.3,0.6999999999999957,25.3,25.999999999999996,0.0,3.459999970800709e-05,1.9999970390927047e-07,0.4930721000000631
10,Random,MarginalGainPredictor,100,8,3916,32.3,2216,31.6,2216,31.6,0.6999999999999957,0.0,0.6999999999999957,0.0,3.459999970800709e-05,0.0004617000004145666,0.4930721000000631
10,Random,OriginalOrder,10,9,3916,32.3,3078,17.1,11243,14.0,15.199999999999996,3.1000000000000014,18.299999999999997,0.0,3.319999996165279e-05,1.9999970390927047e-07,0.4930721000000631
10,Random,MarginalGainPredictor,10,9,3916,32.3,3078,17.1,3078,17.1,15.199999999999996,0.0,15.199999999999996,0.0,3.319999996165279e-05,0.0004121000001759967,0.4930721000000631
10,Random,OriginalOrder,20,9,3916,32.3,2021,26.1,11243,14.0,6.199999999999996,12.100000000000001,18.299999999999997,0.0,3.319999996165279e-05,1.9999970390927047e-07,0.4930721000000631
10,Random,MarginalGainPredictor,20,9,3916,32.3,2021,26.1,3078,17.1,6.199999999999996,9.0,15.199999999999996,0.0,3.319999996165279e-05,0.0004031999997096136,0.4930721000000631
10,Random,OriginalOrder,50,9,3916,32.3,9070,31.5,11243,14.0,0.7999999999999972,17.5,18.299999999999997,0.0,3.319999996165279e-05,1.00000761449337e-07,0.4930721000000631
10,Random,MarginalGainPredictor,50,9,3916,32.3,9070,31.5,985,30.4,0.7999999999999972,1.1000000000000014,1.8999999999999986,0.0,3.319999996165279e-05,0.0004194000002826215,0.4930721000000631
10,Random,OriginalOrder,100,9,3916,32.3,9070,31.5,11243,14.0,0.7999999999999972,17.5,18.299999999999997,0.0,3.319999996165279e-05,9.999985195463523e-08,0.4930721000000631
10,Random,MarginalGainPredictor,100,9,3916,32.3,9070,31.5,985,30.4,0.7999999999999972,1.1000000000000014,1.8999999999999986,0.0,3.319999996165279e-05,0.00044549999984155875,0.4930721000000631
