window_index,phase,trace_start_s,trace_end_s,duration_s,request_demand_service_time_s,request_prefetch_service_time_s,raw_get_service_time_s,raw_put_service_time_s,request_total_get_dt_pct,raw_total_dt_pct,miss_requests,demand_read_span_chunks,prefetch_extra_read_span_chunks,flash_write_chunks
0,warmup,0.0,604.7618930339813,604.7618930339813,4.487951048951049,0.10576923076923077,4.593720279720278,1.1124580419580417,21.099765473511926,26.209480988420513,136,3345,121,355
1,warmup,604.7618930339813,1205.3910551071167,600.6291620731354,3.500251748251748,0.006118881118881119,3.506370629370627,0.660863636363636,16.21619300218466,19.27254197614405,98,2715,7,338
2,warmup,1205.3910551071167,1801.399423122406,596.0083680152893,2.7807412587412585,0.16783216783216784,2.9485734265734465,0.9793181818181833,13.742226082758002,18.3064711987906,78,2155,192,239
3,warmup,1801.399423122406,2407.7179811000824,606.3185579776764,3.0248146853146856,0.062062937062937064,3.0868776223776315,0.8700524475524491,14.142169902831453,18.128213744823448,73,2500,71,301
4,warmup,2407.7179811000824,3001.4616010189056,593.7436199188232,2.201363636363636,0.07954545454545454,2.2809090909090877,0.7465279720279709,10.671034388082898,14.163600441209184,60,1729,91,265
5,warmup,3001.4616010189056,3601.890072107315,600.4284710884094,3.4326468531468532,0.0,3.4326468531468137,1.2573706293706248,15.880542990151039,21.6975492796176,83,2835,0,256
6,warmup,3601.890072107315,4202.508270978928,600.6181988716125,2.1133496503496505,0.006118881118881119,2.119468531468531,0.4924860139860119,9.802254740987419,12.079935817063374,62,1602,7,120
7,warmup,4202.508270978928,4801.0511820316315,598.5429110527039,3.253972027972028,0.05681818181818182,3.3107902097901913,0.7867377622377596,15.365046184348966,19.016217441291953,74,2749,65,223
8,warmup,4801.0511820316315,5400.871556043625,599.8203740119934,2.5923706293706292,0.0,2.5923706293706026,0.7781328671328636,12.005309986161858,15.60885578108493,62,2150,0,160
9,warmup,5400.871556043625,6000.8569140434265,599.9853579998016,2.6229895104895107,0.16695804195804195,2.789947552447547,1.0049405594405618,12.916739065417119,17.569355194763506,75,2014,191,344
10,warmup,6000.8569140434265,6600.253863096237,599.3969490528107,1.8896853146853148,0.05157342657342657,1.9412587412587357,0.904006993007,8.996351084046458,13.185779375429524,50,1504,59,205
11,warmup,6600.253863096237,7210.883891105652,610.6300280094147,2.541013986013986,0.039335664335664336,2.5803496503495964,0.8964125874125948,11.738102597089126,15.815915431076458,70,1986,45,253
12,warmup,7210.883891105652,7803.528860092163,592.6449689865112,2.2452867132867134,0.10751748251748251,2.3528041958041754,0.5966433566433604,11.027794974356663,13.824313537868393,68,1674,123,174
13,warmup,7803.528860092163,8404.29690003395,600.7680399417877,2.1617797202797204,0.1765734265734266,2.3383531468531444,0.9130209790209864,10.81186910101741,15.033414219188385,71,1539,202,271
14,warmup,8404.29690003395,9002.841902971268,598.5450029373169,1.929895104895105,0.03409090909090909,1.963986013986002,1.1309510489510561,9.11463077754245,14.363243122669115,50,1550,39,233
15,warmup,9002.841902971268,9605.712474107742,602.8705711364746,1.8721223776223777,0.09265734265734266,1.9647797202796937,0.8506853146853217,9.05289079699655,12.972496225007701,43,1576,106,149
16,warmup,9605.712474107742,10208.397608995438,602.6851348876953,3.1696153846153847,0.0,3.1696153846154473,1.1272622377622454,14.608767779095484,19.804323157058594,90,2442,0,274
17,warmup,10208.397608995438,10825.617839097977,617.2202301025391,1.8922517482517482,0.0,1.8922517482516952,1.0895944055944096,8.516011951490364,13.419692970092381,56,1428,0,93
18,warmup,10825.617839097977,11401.055531978607,575.4376928806305,3.136615384615385,0.18881118881118883,3.3254265734265616,0.8442937062936942,16.05264332104194,20.12825450236706,98,2299,216,217
19,warmup,11401.055531978607,12005.588442087173,604.5329101085663,2.554374125874126,0.06468531468531469,2.619059440559475,1.095111888111873,12.034357420439834,17.06630426090419,59,2146,74,130
20,warmup,12005.588442087173,12600.527660131454,594.939218044281,3.380993006993007,0.0,3.3809930069929948,1.4463181818181567,15.785893679223253,22.53876923894367,76,2868,0,322
21,warmup,12600.527660131454,13208.878807067871,608.3511469364166,3.5420244755244754,0.007867132867132868,3.5498916083916683,0.8052307692307572,16.209076078787522,19.885821241538153,71,3118,9,123
22,warmup,13208.878807067871,13802.665156126022,593.7863490581512,2.1770804195804194,0.0,2.177080419580406,1.0557762237762098,10.184548060995194,15.123549668835201,55,1767,0,118
23,warmup,13802.665156126022,14406.596544027328,603.9313879013062,1.9734650349650351,0.0,1.9734650349649812,1.1714335664335493,9.07693726334879,14.464936950349152,49,1613,0,183
24,warmup,14406.596544027328,15001.791669130325,595.1951251029968,2.5031538461538463,0.04458041958041958,2.5477342657341353,1.745349650349624,11.890284931038313,20.03583799206863,68,1969,51,60
25,warmup,15001.791669130325,15610.640877008438,608.8492078781128,1.8186643356643357,0.013111888111888112,1.831776223776174,1.1649055944055746,8.357187990767532,13.671884686564947,42,1528,15,78
26,warmup,15610.640877008438,16201.753271102905,591.1123940944672,1.9472972027972029,0.0,1.947297202797131,1.5565944055943781,9.150812858433222,16.4656203164918,43,1662,0,72
27,warmup,16201.753271102905,16803.542725086212,601.7894539833069,2.6699755244755243,0.057692307692307696,2.7276678321677394,1.1108461538461363,12.59054149121939,17.7180553422166,67,2173,66,290
28,warmup,16803.542725086212,17400.7278881073,597.1851630210876,2.8987237762237763,0.057692307692307696,2.9564160839159683,1.3736293706293488,13.751625807684222,20.140996101704776,65,2461,66,79
29,warmup,17400.7278881073,18010.370922088623,609.6430339813232,2.0753286713286716,0.024475524475524476,2.0998041958041256,0.8683041958041819,9.567548725518817,13.523890330382878,46,1769,28,139
30,warmup,18010.370922088623,18600.29673600197,589.9258139133453,3.438734265734266,0.030594405594405596,3.469328671328654,1.693503496503478,16.335993204121213,24.310176174638386,102,2592,35,124
31,warmup,18600.29673600197,19200.861117124557,600.5643811225891,3.29556993006993,0.07517482517482517,3.3707447552446155,1.0170419580419932,15.590634692949981,20.29473743183617,97,2494,86,242
32,warmup,19200.861117124557,19802.50758910179,601.6464719772339,1.9789825174825175,0.0,1.9789825174824642,1.1022412587412802,9.136883395339963,14.225887348473828,51,1593,0,0
33,warmup,19802.50758910179,20408.653549194336,606.1459600925446,2.248020979020979,0.051573426573426576,2.299594405594334,0.8173321678321912,10.538323536441572,14.28390180033096,56,1835,59,242
34,warmup,20408.653549194336,21003.275344133377,594.6217949390411,2.073604895104895,0.15297202797202797,2.22657692307682,0.7393986013986193,10.401461820063219,13.855564951441588,59,1596,175,271
35,warmup,21003.275344133377,21600.676000118256,597.4006559848785,2.87363986013986,0.13111888111888112,3.004758741258726,1.112594405594436,13.971447763631728,19.1447598190813,99,1985,150,445
36,warmup,21600.676000118256,22203.174880981445,602.4988808631897,2.522248251748252,0.049825174825174824,2.572073426573354,1.3089440559440817,11.858359631992002,17.893152104546324,67,2004,57,79
37,warmup,22203.174880981445,22803.1806371212,600.0057561397552,2.3933426573426573,0.050699300699300696,2.444041958041936,1.28110839160842,11.314900514761266,17.24590098387268,64,1896,58,150
38,warmup,22803.1806371212,23414.7638130188,611.5831758975983,2.4999055944055946,0.0,2.4999055944055044,1.1739195804196214,11.354436289864388,16.686315667680336,57,2110,0,272
39,warmup,23414.7638130188,24001.043142080307,586.2793290615082,3.0105,0.051573426573426576,3.0620734265733205,1.3316713286713693,14.50803242862952,20.817460103673408,77,2431,59,185
40,warmup,24001.043142080307,24600.476575136185,599.4334330558777,1.9923111888111888,0.0,1.992311188811101,0.9086503496503795,9.232380847502482,13.44307149276935,59,1503,0,169
41,warmup,24600.476575136185,25201.264794111252,600.7882189750671,1.86856993006993,0.0008741258741258741,1.8694440559440153,0.9103986013986329,8.643478669170877,12.852757286849512,49,1493,1,206
42,warmup,25201.264794111252,25802.398791074753,601.133996963501,2.671916083916084,0.043706293706293704,2.7156223776223243,1.2415000000000305,12.548609014794259,18.285451596533047,62,2241,50,168
43,warmup,25802.398791074753,26407.303785085678,604.9049940109253,2.0393216783216785,0.0,2.0393216783216417,1.1988041958042288,9.36474735019319,14.869763324571968,64,1491,0,4
44,warmup,26407.303785085678,27007.19756412506,599.8937790393829,2.8927657342657342,0.026223776223776224,2.918989510489453,1.8636293706294325,13.51623317179271,22.145674637309913,79,2270,30,161
45,warmup,27007.19756412506,27604.105161190033,596.9075970649719,2.1338391608391607,0.0,2.133839160839088,1.6700384615385104,9.930064605436453,17.701779606729552,52,1757,0,6
46,warmup,27604.105161190033,28202.099333047867,597.9941718578339,2.77629020979021,0.0,2.7762902097900906,1.412965034965083,12.896308379491476,19.459755081168993,71,2242,0,75
47,warmup,28202.099333047867,28801.373311042786,599.2739779949188,2.4589265734265733,0.057692307692307696,2.516618881118859,0.9224440559440765,11.66512857190551,15.940876717049102,77,1800,66,196
48,warmup,28801.373311042786,29400.26768708229,598.894376039505,2.2056783216783216,0.0,2.205678321678292,0.6961818181818202,10.230325199246948,13.459339297904545,66,1655,0,4
49,warmup,29400.26768708229,30000.146903038025,599.8792159557343,2.34472027972028,0.0,2.3447202797203204,0.7673146853147017,10.85737214238224,14.410470207355239,60,1893,0,121
50,warmup,30000.146903038025,30608.66840004921,608.5214970111847,2.1067412587412586,0.043706293706293704,2.1504475524477584,1.2280594405594627,9.816358917153636,15.42220232701128,52,1726,50,62
51,warmup,30608.66840004921,31209.964776039124,601.2963759899139,2.2013636363636366,0.04632867132867133,2.2476923076924322,0.713447552447569,10.3835479355932,13.679424704410431,60,1729,53,123
52,warmup,31209.964776039124,31801.84411597252,591.8793399333954,1.7673636363636365,0.0,1.76736363636374,0.6867587412587639,8.294500421143075,11.517561341597219,44,1443,0,84
53,warmup,31801.84411597252,32401.07626104355,599.2321450710297,2.4175454545454547,0.07604895104895104,2.493594405594422,0.5049965034964998,11.559211540345654,13.900154156336027,62,1950,87,162
54,warmup,32401.07626104355,33006.48313212395,605.4068710803986,2.414979020979021,0.0,2.414979020979274,0.8619930069930248,11.08060608282094,15.035673548693474,56,2026,0,74
55,warmup,33006.48313212395,33610.15909409523,603.675961971283,2.441587412587413,0.06818181818181818,2.5097692307693933,0.9559895104895375,11.548548618394113,15.947475501875466,46,2188,78,132
56,warmup,33610.15909409523,34201.91615819931,591.7570641040802,2.7471713286713286,0.037587412587412584,2.7847587412588837,1.2111783216783536,13.071987504961008,18.757402062670405,69,2235,43,132
57,warmup,34201.91615819931,34801.86042404175,599.9442658424377,2.706825174825175,0.027972027972027972,2.7347972027974095,1.302360139860177,12.662274363088907,18.692279583803582,68,2202,32,136
58,warmup,34801.86042404175,35416.94607901573,615.0856549739838,2.716769230769231,0.03146853146853147,2.7482377622379204,0.5676048951048998,12.411269426071527,14.97462015849497,64,2266,36,240
59,warmup,35416.94607901573,36000.070466041565,583.1243870258331,2.54779020979021,0.045454545454545456,2.593244755244882,0.9578741258741488,12.353209390192305,16.916149167643255,62,2099,52,130
60,warmup,36000.070466041565,36601.31996703148,601.2495009899139,2.0739335664335665,0.04195804195804196,2.1158916083917063,0.6754510489510679,9.775437119365336,12.896026676053737,55,1649,48,102
61,warmup,36601.31996703148,37213.77887105942,612.4589040279388,2.5341328671328673,0.0,2.534132867133053,0.903405594405605,11.49343722160475,15.590789661020105,58,2136,0,7
62,warmup,37213.77887105942,37801.60390996933,587.8250389099121,2.5088636363636363,0.11538461538461538,2.6242482517484973,1.1318251748251242,12.400932240988887,17.74939243041813,65,2015,132,237
63,warmup,37801.60390996933,38400.15797710419,598.5540671348572,3.270909090909091,0.07692307692307693,3.3478321678323937,0.8176048951048642,15.53666462254373,19.331016433561587,70,2821,88,115
64,warmup,38400.15797710419,39019.987307071686,619.8293299674988,2.6335104895104897,0.0,2.633510489510684,0.855465034964979,11.802130944159256,15.635914937434872,56,2276,0,301
65,warmup,39019.987307071686,39603.590596199036,583.6032891273499,2.1867517482517482,0.0,2.186751748251936,0.825608391608327,10.408286801969886,14.337936764680334,49,1857,0,94
66,warmup,39603.590596199036,40208.69739818573,605.1068019866943,2.406646853146853,0.0,2.406646853146981,0.6967027972027751,11.047851595257965,14.2461060875755,59,1977,0,79
67,warmup,40208.69739818573,40806.72242999077,598.0250318050385,2.0756258741258744,0.0,2.0756258741261036,0.7957517482517034,9.64111386897108,13.337316210619301,61,1572,0,16
68,warmup,40806.72242999077,41402.554438114166,595.8320081233978,1.8286888111888113,0.0812937062937063,1.9099825174827174,1.031437062937016,8.904367205308333,13.712942296175237,45,1500,93,196
69,warmup,41402.554438114166,42010.805611133575,608.2511730194092,2.836853146853147,0.022727272727272728,2.8595804195805954,0.7737622377622131,13.059208589517137,16.592846738820604,60,2456,26,142
70,warmup,42010.805611133575,42609.90449810028,599.0988869667053,2.0990664335664335,0.0,2.0990664335666054,0.6320174825174689,9.732516985237085,12.662924896681135,47,1783,0,46
71,warmup,42609.90449810028,43216.26949906349,606.3650009632111,1.6797902097902098,0.0,1.6797902097903545,0.7822307692307362,7.6951735483938535,11.278598126679151,30,1527,0,128
72,warmup,43216.26949906349,43804.894011974335,588.6245129108429,2.010097902097902,0.037587412587412584,2.047685314685424,0.9026678321677934,9.663231208103474,13.923010727837184,42,1747,43,48
73,warmup,43804.894011974335,44413.756877183914,608.8628652095795,2.0058076923076924,0.026223776223776224,2.032031468531585,0.6317447552447248,9.270612775980231,12.152783199927399,49,1650,30,42
74,warmup,44413.756877183914,45001.78671813011,588.0298409461975,2.1226678321678323,0.0,2.1226678321679913,0.934545454545443,10.027211415515598,14.44188464329406,47,1810,0,148
75,warmup,45001.78671813011,45600.0185110569,598.2317929267883,2.1176153846153847,0.019230769230769232,2.136846153846335,0.76529370629369,9.922046656270188,13.475545276622627,42,1870,22,88
76,warmup,45600.0185110569,46204.334648132324,604.3161370754242,1.3536048951048951,0.0,1.3536048951050361,1.1809125874125357,6.221931480615606,11.650071723052283,29,1167,0,66
77,warmup,46204.334648132324,46801.534193992615,597.1995458602905,2.705951048951049,0.0,2.705951048951164,1.4026923076922202,12.586296730522156,19.11069472843878,68,2201,0,76
78,warmup,46801.534193992615,47401.65255999565,600.1183660030365,2.7909895104895104,0.0,2.7909895104897373,1.346667832167796,12.918699175771287,19.15204277956558,57,2443,0,200
79,warmup,47401.65255999565,48027.277242183685,625.6246821880341,1.8768216783216785,0.0,1.8768216783219032,0.8110209790209666,8.33310081798634,11.93403939502212,39,1634,0,192
80,warmup,48027.277242183685,48600.24236011505,572.965117931366,1.5967482517482519,0.0008741258741258741,1.5976223776225709,1.1186573426573432,7.745392867653655,13.168727395593052,30,1432,1,78
81,warmup,48600.24236011505,49205.78748011589,605.5451200008392,2.1872972027972026,0.024475524475524476,2.211772727272802,1.5226398601398046,10.145921300306433,17.130628182345806,53,1805,28,94
82,warmup,49205.78748011589,49812.19278001785,606.4052999019623,2.8534055944055945,0.0,2.8534055944058423,1.2353811188810369,13.0706750953662,18.72962006116625,66,2396,0,103
83,warmup,49812.19278001785,50412.883714199066,600.6909341812134,1.8492587412587413,0.0,1.849258741258808,1.2027097902097381,8.551535481106802,14.11323175160972,42,1563,0,134
84,warmup,50412.883714199066,51001.18606209755,588.3023478984833,1.7427517482517483,0.0,1.7427517482517771,1.1883146853146371,8.22872302952704,13.839569455119866,43,1428,0,57
85,warmup,51001.18606209755,51603.47274804115,602.2866859436035,2.2878216783216785,0.0,2.2878216783217624,0.8876713286713311,10.551553547300708,14.645540262100539,53,1920,0,200
86,warmup,51603.47274804115,52201.32502913475,597.8522810935974,2.408451048951049,0.03146853146853147,2.4399195804197973,1.0684230769230254,11.336503354401891,16.30067590035845,53,2058,36,52
87,warmup,52201.32502913475,52800.43396997452,599.1089408397675,3.0777272727272726,0.0026223776223776225,3.0803496503498877,1.4075279720278928,14.282088320253026,20.80811331467227,70,2600,3,218
88,warmup,52800.43396997452,53401.56564998627,601.1316800117493,2.4715804195804196,0.04982517482517483,2.521405594405877,2.144632867132728,11.651198334394113,21.561362309943497,48,2196,57,361
89,warmup,53401.56564998627,54006.42726802826,604.8616180419922,3.7670839160839162,0.0,3.767083916084431,2.1231083916082554,17.300026447364232,27.050229029428102,74,3336,0,323
90,warmup,54006.42726802826,54611.957720041275,605.5304520130157,3.5725069930069933,0.0236013986013986,3.596108391608567,2.2470419580418053,16.496593926006646,26.804553164114648,83,2995,27,300
91,warmup,54611.957720041275,55206.16660809517,594.208888053894,2.7314615384615384,0.13286713286713286,2.8643286713290195,1.5779825174824396,13.390019387840068,20.766692572822727,82,2046,152,329
92,warmup,55206.16660809517,55802.58220100403,596.4155929088593,3.131555944055944,0.409965034965035,3.541520979021044,1.960793706293586,16.494468608840666,25.626773747920684,125,1938,469,545
93,warmup,55802.58220100403,56404.91365504265,602.33145403862,3.0249195804195805,0.20192307692307693,3.2268426573428712,2.3260664335663677,14.881261414877251,25.608404428035875,93,2237,231,210
94,warmup,56404.91365504265,57002.71384310722,597.8001880645752,3.2813426573426576,0.0,3.281342657342833,1.6825489510488865,15.247303190637531,23.065546107855432,76,2754,0,125
95,warmup,57002.71384310722,57601.457767009735,598.7439239025116,2.467097902097902,0.01835664335664336,2.485454545454701,0.9211608391608479,11.5308734309002,15.804453515192113,60,2033,21,322
96,warmup,57601.457767009735,58201.988735198975,600.5309681892395,2.9404335664335663,0.019230769230769232,2.9596643356644563,1.2605384615384452,13.690034747215773,19.52070112742587,76,2364,22,172
97,warmup,58201.988735198975,58803.810737133026,601.8220019340515,3.4370979020979022,0.03583916083916084,3.472937062937177,1.209839160839124,16.029735313838746,21.61388531976162,90,2748,41,55
98,warmup,58803.810737133026,59400.42165207863,596.6109149456024,2.8890524475524475,0.050699300699300696,2.9397517482518936,1.6943216783216286,13.687274023844557,21.57591465804833,71,2371,58,181
99,warmup,59400.42165207863,60012.3474919796,611.9258399009705,3.272104895104895,0.0,3.2721048951050875,1.1668706293705498,14.853401624045143,20.150297248410613,98,2454,0,230
100,warmup,60012.3474919796,60610.46631503105,598.1188230514526,3.1099825174825173,0.1048951048951049,3.21487762237831,1.3032342657342042,14.930504230172675,20.982972474071275,95,2308,120,260
101,warmup,60610.46631503105,61201.06370306015,590.5973880290985,3.0357132867132868,0.0,3.035713286714099,0.9792622377621854,14.277978667798374,18.883777707568207,76,2473,0,118
102,warmup,61201.06370306015,61800.922243118286,599.858540058136,2.3181433566433567,0.006118881118881119,2.324262237762582,1.3614720279719563,10.763010881129201,17.06760853510438,51,1981,7,22
103,warmup,61800.922243118286,62415.68461513519,614.7623720169067,2.107944055944056,0.05244755244755245,2.1603916083917056,1.2920069930069644,9.76163811295003,15.59951706792583,48,1780,60,53
104,warmup,62415.68461513519,63003.73177599907,588.0471608638763,2.352041958041958,0.0008741258741258741,2.352916083916341,0.9853811188810937,11.11454734561836,15.76922465185576,56,1954,1,120
105,warmup,63003.73177599907,63604.3061671257,600.5743911266327,1.5660979020979022,0.0,1.566097902098079,1.1573111888111214,7.243518895487975,12.596316733276177,36,1318,0,0
106,warmup,63604.3061671257,64200.456178188324,596.1500110626221,2.1914195804195806,0.06468531468531469,2.2561048951049543,1.9702167832166992,10.512384342302283,19.692664970107955,64,1665,74,107
107,warmup,64200.456178188324,64805.94310307503,605.4869248867035,2.833381118881119,0.06643356643356643,2.899814685314766,1.3495629370628706,13.303409968841226,19.49476734123607,73,2281,76,144
108,warmup,64805.94310307503,65402.98371911049,597.0406160354614,2.3466048951048952,0.04895104895104895,2.3955559440564116,1.1427237762237041,11.14550984991418,16.462120858410923,61,1882,56,59
109,warmup,65402.98371911049,66018.70714712143,615.7234280109406,3.2270664335664336,0.012237762237762238,3.2393041958050617,0.9516993006992749,14.613813282426094,18.90731430633797,69,2784,14,127
110,warmup,66018.70714712143,66613.95465707779,595.2475099563599,2.5436923076923077,0.04807692307692307,2.591769230769728,1.092625874125801,12.094731777856222,17.19357187681869,64,2068,55,119
111,warmup,66613.95465707779,67206.56937909126,592.6147220134735,2.847832167832168,0.01048951048951049,2.858321678322625,0.8599720279719918,13.397882544676174,17.428850895744922,70,2337,12,205
112,warmup,67206.56937909126,67833.62094402313,627.0515649318695,2.3948181818181817,0.050699300699300696,2.4455174825178574,1.4440489510488845,10.833405891973499,17.230403061869364,62,1924,58,140
113,warmup,67833.62094402313,68410.18269109726,576.5617470741272,2.4691993006993007,0.11188811188811189,2.581087412587749,1.609395104895043,12.43524617019982,20.189041805670502,69,1917,128,213
114,warmup,68410.18269109726,69000.45809197426,590.2754008769989,1.805881118881119,0.0,1.8058811188813593,1.5150454545456142,8.498298309371258,15.627952687154927,38,1566,0,0
115,warmup,69000.45809197426,69608.79392719269,608.3358352184296,2.161835664335664,0.062062937062937064,2.223898601399412,1.1362762237763206,10.154746370938376,15.343200940102552,65,1618,71,150
116,warmup,69608.79392719269,70205.43049812317,596.636570930481,2.037685314685315,0.004370629370629371,2.042055944056358,1.0935000000000912,9.507257682061459,14.598296595858326,52,1647,5,8
117,warmup,70205.43049812317,70807.21315312386,601.7826550006866,2.8204615384615384,0.05419580419580419,2.8746573426579403,1.4219790209791654,13.26917487369285,19.832909624305227,68,2332,62,273
118,warmup,70807.21315312386,71400.15444397926,592.9412908554077,2.0882482517482517,0.012237762237762238,2.10048601398654,1.346611888111994,9.840237915908933,16.148769023084768,51,1718,14,99
119,warmup,71400.15444397926,72000.4129691124,600.2585251331329,2.6260524475524476,0.05332167832167833,2.679374125874631,1.0226398601399467,12.39916734802753,17.131572069039834,59,2228,61,132
120,warmup,72000.4129691124,72600.570759058,600.1577899456024,2.4585174825174825,0.032342657342657344,2.490860139860672,1.6104055944057336,11.528728044474903,18.982349322566115,74,1839,37,54
121,warmup,72600.570759058,73203.8579530716,603.2871940135956,2.5814965034965036,0.055944055944055944,2.6374405594410746,1.4889580419581705,12.143841024509918,18.99960491613189,72,2006,64,99
122,warmup,73203.8579530716,73801.42447710037,597.5665240287781,3.2924335664335667,0.03583916083916084,3.328272727273429,0.43520279720283384,15.4714189106028,17.49445167814868,74,2793,41,277
123,warmup,73801.42447710037,74403.80560398102,602.3811268806458,1.2485734265734265,0.0,1.2485734265735573,0.8308531468532294,5.757583303148057,9.588920815127059,28,1060,0,79
124,warmup,74403.80560398102,75001.51086497307,597.7052609920502,2.69963986013986,0.044580419580419584,2.7442202797206505,0.6343671328672258,12.753500107531254,15.701660412674782,73,2128,51,79
125,warmup,75001.51086497307,75603.03640413284,601.5255391597748,2.616814685314685,0.09965034965034965,2.716465034965779,1.267202797202856,12.544332230309408,18.396133260946996,81,1928,114,217
126,warmup,75603.03640413284,76216.11164402962,613.0752398967743,2.572755244755245,0.08041958041958042,2.653174825175597,1.3669335664336018,12.021248927245816,18.214677461693313,72,1996,92,108
127,warmup,76216.11164402962,76806.18863797188,590.0769939422607,2.051615384615385,0.017482517482517484,2.069097902098349,0.967898601398673,9.740244462160081,14.296611264645092,58,1584,20,122
128,warmup,76806.18863797188,77401.06651711464,594.8778791427612,2.3239895104895107,0.0,2.3239895104898096,1.5083251748253588,10.851851521742658,17.894964569299784,49,2014,0,113
129,warmup,77401.06651711464,78010.02275705338,608.956239938736,1.6771923076923076,0.0,1.6771923076928488,0.5735874125874432,7.6505785076382935,10.267019991939776,43,1353,0,57
130,warmup,78010.02275705338,78602.4983780384,592.4756209850311,2.2438426573426575,0.03496503496503497,2.2788076923078506,0.4968006993007066,10.684019971990198,13.013233012364845,51,1896,40,223
131,warmup,78602.4983780384,79203.75676107407,601.2583830356598,2.0681433566433567,0.0,2.068143356643702,0.42343006993004906,9.554698644429442,11.51092024878715,51,1695,0,116
132,warmup,79203.75676107407,79807.80244803429,604.0456869602203,1.6127552447552447,0.0,1.6127552447554763,1.1823321678322145,7.416451729702861,12.853550433750193,32,1424,0,4
133,warmup,79807.80244803429,80400.79100012779,592.9885520935059,1.4266468531468532,0.0,1.4266468531471332,1.017996503496562,6.682941705058466,11.451613975856548,39,1119,0,9
134,warmup,80400.79100012779,81001.51908802986,600.7280879020691,2.017227272727273,0.0,2.0172272727276095,0.25546153846153175,9.327696180276758,10.508955054145135,43,1742,0,128
135,warmup,81001.51908802986,81600.29593205452,598.7768440246582,2.248269230769231,0.0,2.2482692307694947,0.7310664335664967,10.429916203364613,13.821396875181263,45,1980,0,183
136,warmup,81600.29593205452,82226.46189403534,626.1659619808197,1.6606398601398602,0.005244755244755245,1.6658846153849254,1.0070979020979678,7.390145018931913,11.85780110749603,37,1413,6,134
137,warmup,82226.46189403534,82803.88438010216,577.4224860668182,1.4095489510489512,0.03496503496503497,1.444513986014158,0.5170979020979587,6.949051945258894,9.43662923232956,29,1231,40,133
138,warmup,82803.88438010216,83426.27076411247,622.3863840103149,1.5958181818181818,0.0,1.5958181818184585,0.4512097902097594,7.122309222553326,9.136107339866314,36,1352,0,0
139,warmup,83426.27076411247,84011.1430811882,584.8723170757294,1.9080174825174825,0.0,1.9080174825176641,0.28215034965037944,9.061889933597781,10.4019276621232,37,1696,0,0
140,warmup,84011.1430811882,84600.22622704506,589.0831458568573,1.5765874125874126,0.026223776223776224,1.6028111888113017,0.8129615384616216,7.557936996783754,11.391396690223655,36,1330,30,48
141,warmup,84600.22622704506,85202.4150750637,602.1888480186462,1.4256363636363636,0.051573426573426576,1.477209790210054,1.2766013986015423,6.814075919641526,12.7027850974746,38,1131,59,76
142,warmup,85202.4150750637,85800.8581790924,598.4431040287018,2.8145034965034967,0.006993006993006993,2.8214965034973716,1.1548251748253051,13.096466873339384,18.456788825844715,82,2141,8,61
143,warmup,85800.8581790924,86401.23277902603,600.3745999336243,3.3638076923076925,0.05244755244755245,3.4162552447559165,2.0626013986016005,15.806128212531052,25.349250673215074,91,2651,60,248
144,evaluation,86401.23277902603,87005.13439512253,603.9016160964966,3.681027972027972,0.11975524475524477,3.8007832167838274,1.6394440559442103,17.482535029421335,25.023517111816872,116,2685,137,254
145,evaluation,87005.13439512253,87601.347189188,596.2127940654755,3.671444055944056,0.12237762237762238,3.793821678322047,2.64801748251773,17.675557545543437,30.012770351644413,97,2924,140,189
146,evaluation,87601.347189188,88200.05053400993,598.7033448219299,3.6145454545454547,0.0008741258741258741,3.6154195804197684,2.143293706293946,16.774304427544447,26.718450689773142,90,2951,1,99
147,evaluation,88200.05053400993,88801.4401102066,601.3895761966705,4.781849650349651,0.17744755244755245,4.95929720279787,1.7762167832169382,22.906658360204933,31.110883548378567,131,3747,203,291
148,evaluation,88801.4401102066,89402.26362919807,600.8235189914703,3.2550874125874127,0.18444055944055945,3.4395279720282588,1.735325174825391,15.901914729939199,23.92481589056693,95,2474,211,451
149,evaluation,89402.26362919807,90001.88343310356,599.6198039054871,2.5180384615384614,0.1765734265734266,2.694611888112547,1.680937062937204,12.482964995120179,20.270015370807602,81,1815,202,321
150,evaluation,90001.88343310356,90601.65546512604,599.7720320224762,3.0333636363636365,0.08653846153846154,3.1199020979022976,1.690006993007131,14.449481225676669,22.27656154756951,78,2444,99,373
151,evaluation,90601.65546512604,91208.50505113602,606.8495860099792,2.9314195804195804,0.013111888111888112,2.9445314685319204,0.43331818181820836,13.478223051996242,15.461682617449668,74,2380,15,59
152,evaluation,91208.50505113602,91806.28423309326,597.7791819572449,3.1942027972027973,0.08216783216783216,3.276370629370888,0.8158566433567387,15.22473481968875,19.015881320223002,78,2628,94,164
153,evaluation,91806.28423309326,92404.47612309456,598.191890001297,3.091297202797203,0.04895104895104895,3.140248251749256,1.1280000000000996,14.582129841969099,19.82013688571154,99,2234,56,198
154,evaluation,92404.47612309456,93000.17960309982,595.7034800052643,3.4561363636363636,0.21503496503496503,3.6711713286717327,1.9236153846155446,17.118748634988695,26.08860737801705,95,2704,246,531
155,evaluation,93000.17960309982,93614.58552908897,614.405925989151,2.5429545454545455,0.012237762237762238,2.5551923076926073,1.451699300699488,11.552226484192047,18.11547382105223,65,2054,14,136
156,evaluation,93614.58552908897,94203.105312109,588.5197830200195,2.9045944055944055,0.05944055944055944,2.9640349650357507,0.5729860139860818,13.990065747968888,16.694525075508682,76,2323,68,139
157,evaluation,94203.105312109,94813.9912250042,610.8859128952026,2.52956993006993,0.037587412587412584,2.567157342657879,1.337269230769266,11.673198657825226,17.753935950543884,63,2065,43,58
158,evaluation,94813.9912250042,95407.95417404175,593.9629490375519,3.2583426573426575,0.015734265734265736,3.274076923077473,1.3218636363637302,15.311827336023162,21.493767540029182,74,2754,18,136
159,evaluation,95407.95417404175,96003.5695900917,595.6154160499573,3.1706013986013986,0.0,3.1706013986020594,0.6190419580419757,14.786766544147675,17.67379892817625,78,2601,0,458
160,evaluation,96003.5695900917,96604.35631608963,600.7867259979248,3.541255244755245,0.10926573426573427,3.6505209790212803,1.3531958041959626,16.878428923329906,23.135020607566773,91,2854,125,350
161,evaluation,96604.35631608963,97200.56845808029,596.2121419906616,2.6291083916083915,0.06031468531468532,2.6894230769239016,1.7581888111888873,12.530136728139071,20.72161332664284,75,2021,69,346
162,evaluation,97200.56845808029,97806.0242960453,605.4558379650116,2.699832167832168,0.09615384615384615,2.795986013986692,1.5739405594407572,12.827736276740037,20.04883620742102,68,2194,110,112
163,evaluation,97806.0242960453,98401.50719618797,595.4829001426697,2.9374825174825174,0.0,2.9374825174830335,0.9820769230770168,13.702616242580115,18.283757787265202,80,2308,0,154
164,evaluation,98401.50719618797,99002.39847111702,600.8912749290466,2.6230454545454545,0.0,2.6230454545461157,0.7676433566434469,12.1257167107273,15.67434979347015,69,2093,0,112
165,evaluation,99002.39847111702,99620.98675298691,618.5882818698883,2.73413986013986,0.0,2.7341398601404876,1.8337727272729296,12.277686415065999,20.512263888660705,76,2128,0,25
166,evaluation,99620.98675298691,100200.98228907585,579.9955360889435,3.5674790209790213,0.12412587412587413,3.6916048951054563,1.145618881118935,17.680236146482166,23.166958839617465,91,2884,142,231
167,evaluation,100200.98228907585,100806.88048100471,605.8981919288635,3.8054825174825178,0.125,3.9304825174836537,0.9210244755246038,18.01954047469552,22.242034212067832,112,2880,143,290
168,evaluation,100806.88048100471,101400.31037020683,593.4298892021179,2.2363846153846154,0.06993006993006992,2.3063146853152716,0.9904895104896241,10.795596578465728,15.431965257267821,54,1848,80,153
169,evaluation,101400.31037020683,102005.36510300636,605.05473279953,2.7354545454545454,0.0,2.7354545454549566,1.2918706293708055,12.55834296730048,18.489260174455236,60,2340,0,2
170,evaluation,102005.36510300636,102600.31091213226,594.9458091259003,2.149244755244755,0.019230769230769232,2.168475524475923,0.9280174825175607,10.124524000585811,14.457399870599975,56,1722,22,147
171,evaluation,102600.31091213226,103201.42737412453,601.1164619922638,2.7218776223776224,0.0,2.721877622378031,1.2250279720281299,12.577880745792115,18.23877292395516,63,2285,0,64
172,evaluation,103201.42737412453,103801.19555711746,599.7681829929352,3.6384195804195807,0.0,3.6384195804205888,1.1539510489511997,16.85104569283247,22.195476543477568,92,2952,0,289
173,evaluation,103801.19555711746,104400.89017701149,599.6946198940277,2.2525839160839163,0.03409090909090909,2.2866748251753393,0.529472027972048,10.591848423614266,13.044356057444656,51,1906,39,281
174,evaluation,104400.89017701149,105005.36336112022,604.4731841087341,1.8911293706293706,0.0541958041958042,1.9453251748254843,0.686486013986098,8.939488439257238,12.0941454935951,67,1282,62,197
175,evaluation,105005.36336112022,105602.34273004532,596.9793689250946,3.354986013986014,0.043706293706293704,3.3986923076928406,1.095384615384745,15.814301895911148,20.911186647917827,84,2733,50,139
176,evaluation,105602.34273004532,106210.88054704666,608.5378170013428,2.406374125874126,0.0008741258741258741,2.407248251748456,0.9025314685315493,10.988307566900058,15.108071017898727,57,2003,1,70
177,evaluation,106210.88054704666,106804.25078511238,593.3702380657196,1.9162937062937062,0.032342657342657344,1.9486363636364104,1.2643636363637825,9.122262022314768,15.041199284100312,40,1666,37,155
178,evaluation,106804.25078511238,107408.02666211128,603.7758769989014,2.3215839160839162,0.0034965034965034965,2.3250804195806722,0.9967447552448618,10.696943960661866,15.282644610046153,57,1906,4,12
179,evaluation,107408.02666211128,108005.95129299164,597.9246308803558,2.368730769230769,0.0,2.368730769231263,1.2763286713288267,11.004409841119767,16.933848498194667,63,1881,0,240
180,evaluation,108005.95129299164,108602.25129699707,596.3000040054321,2.126300699300699,0.006118881118881119,2.132419580419821,1.3421608391610107,9.93356981988845,16.18583298974034,48,1801,7,106
181,evaluation,108602.25129699707,109205.64002609253,603.388729095459,1.827486013986014,0.0236013986013986,1.8510874125875603,1.303835664335793,8.521719467842438,14.524094984030642,49,1446,27,53
182,evaluation,109205.64002609253,109831.190335989,625.5503098964691,2.8594685314685315,0.0034965034965034965,2.8629650349656117,1.1827972027973033,12.713095216908851,17.965347087894955,72,2324,4,107
183,evaluation,109831.190335989,110406.66797304153,575.477637052536,2.442839160839161,0.022727272727272728,2.4655664335669485,0.954979020979124,11.901063061066287,16.51065921550217,68,1900,26,102
184,evaluation,110406.66797304153,111005.57712197304,598.9091489315033,2.0002097902097904,0.022727272727272728,2.022937062937274,1.1747937062938547,9.382507562782767,14.831273634629948,40,1762,26,17
185,evaluation,111005.57712197304,111600.484760046,594.9076380729675,2.4024125874125875,0.05244755244755245,2.454860139860614,0.9784440559441805,11.462377531652338,16.030986138201204,60,1959,60,168
186,evaluation,111600.484760046,112200.48886704445,600.0041069984436,2.350590909090909,0.07167832167832168,2.4222692307699276,0.9067657342658606,11.214132641000562,15.412093416463263,71,1755,82,402
187,evaluation,112200.48886704445,112800.31688404083,599.8280169963837,2.80322027972028,0.0743006993006993,2.8775209790212557,2.246905594405888,13.325676034005626,23.730999313434307,89,2036,85,100
188,evaluation,112800.31688404083,113402.0559220314,601.7390379905701,2.4811643356643356,0.0008741258741258741,2.4820384615388775,1.443094405594593,11.457709815661529,18.119394230359692,67,1957,1,26
189,evaluation,113402.0559220314,114025.87207007408,623.8161480426788,3.1001503496503497,0.06993006993006994,3.1700804195811543,1.8889790209792352,14.115984286249173,22.527379155763825,87,2402,80,268
190,evaluation,114025.87207007408,114600.11189508438,574.2398250102997,1.378297202797203,0.0,1.3782972027973983,1.1593321678323036,6.667254994086609,12.275307575271292,37,1090,0,61
191,evaluation,114600.11189508438,115215.66842913628,615.5565340518951,2.0470279720279723,0.04807692307692308,2.095104895105351,1.2893846153847335,9.454429443592227,15.272942827000765,50,1684,55,75
192,evaluation,115215.66842913628,115800.18261909485,584.5141899585724,2.7449265734265733,0.2167832167832168,2.96170979021025,1.4241363636364497,14.074887797086205,20.842789092547033,91,1943,248,303
193,evaluation,115800.18261909485,116412.81683111191,612.6342120170593,2.2581818181818183,0.1083916083916084,2.366573426573723,1.3043811188811674,10.730408039360393,16.64467272570956,60,1794,124,125
194,evaluation,116412.81683111191,117001.800096035,588.9832649230957,2.694965034965035,0.16958041958041958,2.864545454545862,1.5331538461539367,13.509841757744459,20.74054072220169,90,1899,194,224
195,evaluation,117001.800096035,117607.42918109894,605.6290850639343,2.494741258741259,0.1590909090909091,2.653832167832718,1.1543601398602448,12.172064062903797,17.466651167681395,64,2012,182,181
196,evaluation,117607.42918109894,118226.09361720085,618.6644361019135,1.754909090909091,0.0026223776223776225,1.7575314685315675,0.8736853146854173,7.89124373754633,11.814054732139244,36,1534,3,254
197,evaluation,118226.09361720085,118800.0959880352,574.0023708343506,1.8898776223776224,0.09702797202797203,1.9869055944060392,0.8972867132868032,9.615260297025792,13.957512557833734,45,1570,111,119
198,evaluation,118800.0959880352,119401.8470799923,601.7510919570923,1.763402097902098,0.0034965034965034965,1.7668986013990207,1.6490034965035818,8.156282117559726,15.768341869988534,47,1399,4,61
199,evaluation,119401.8470799923,120000.79902911186,598.9519491195679,1.8961888111888112,0.006993006993006993,1.903181818181622,1.2598006993007687,8.826444540980702,14.669060784387305,40,1643,8,9
200,evaluation,120000.79902911186,120600.30877113342,599.5097420215607,1.730979020979021,0.0,1.730979020978907,0.9527657342658529,8.020345160799963,12.434904756023881,40,1454,0,0
201,evaluation,120600.30877113342,121203.89135098457,603.5825798511505,2.061423076923077,0.07779720279720279,2.1392202797201207,1.1625559440560949,9.84501334721088,15.195270585613002,53,1661,89,228
202,evaluation,121203.89135098457,121801.19906401634,597.3077130317688,2.6286993006993007,0.06381118881118882,2.692510489510255,0.9059720279720693,12.521512180436234,16.73473245481528,72,2060,73,265
203,evaluation,121801.19906401634,122400.24955010414,599.0504860877991,2.7695384615384615,0.2202797202797203,2.989818181818009,1.213664335664447,13.86369045335068,19.49141282330723,92,1958,252,381
204,evaluation,122400.24955010414,123013.04461598396,612.7950658798218,1.7451573426573426,0.0,1.745157342657194,0.9287552447553367,7.910734852604022,12.120748645994249,35,1536,0,13
205,evaluation,123013.04461598396,123604.93514299393,591.890527009964,2.0817202797202796,0.0,2.08172027972023,1.5047727272727798,9.769638250113417,16.83162699918134,48,1750,0,156
206,evaluation,123604.93514299393,124201.97234606743,597.0372030735016,2.2347727272727274,0.0,2.234772727272457,1.8072202797204113,10.397512899104523,18.80579349989972,55,1833,0,7
207,evaluation,124201.97234606743,124805.53374099731,603.5613949298859,2.364006993006993,0.0,2.3640069930067966,2.138786713286919,10.879897466684271,20.72326096455078,54,1994,0,1
208,evaluation,124805.53374099731,125409.09475111961,603.5610101222992,2.3063146853146854,0.018356643356643356,2.3246713286707745,1.1528846153847212,10.6988692926203,16.00480723633722,54,1928,21,261
209,evaluation,125409.09475111961,126003.10857510567,594.0138239860535,2.7028076923076925,0.0,2.702807692307033,1.5586153846155355,12.639098354511386,19.927627686090403,77,2079,0,131
210,evaluation,126003.10857510567,126627.00062012672,623.8920450210571,3.6176328671328672,0.0,3.6176328671324427,1.5009230769231579,16.106921488542174,22.7895371790325,87,2994,0,8
211,evaluation,126627.00062012672,127207.31354904175,580.3129289150238,2.753097902097902,0.030594405594405596,2.783692307691922,1.0820804195805067,13.324670616826651,18.5042535513269,74,2176,35,135
212,evaluation,127207.31354904175,127805.40921211243,598.0956630706787,2.5609265734265736,0.0,2.560926573425945,1.929926573426826,11.89389150501879,20.857185304680716,75,1943,0,1
213,evaluation,127805.40921211243,128409.28840398788,603.8791918754578,1.5056468531468532,0.0,1.5056468531463452,0.8538531468532256,6.9258097085003145,10.85344014969336,35,1262,0,64
214,evaluation,128409.28840398788,129006.01917219162,596.7307682037354,2.572674825174825,0.013986013986013986,2.5866608391605723,1.0417902097902925,12.04088909190592,16.890415625575724,65,2088,16,160
215,evaluation,129006.01917219162,129608.76797008514,602.7487978935242,2.322346153846154,0.06468531468531469,2.387031468531063,1.3090244755245237,11.000673898173869,17.033334786732684,69,1749,74,327
216,evaluation,129608.76797008514,130201.22218513489,592.4542150497437,2.463216783216783,0.0,2.463216783216808,1.333034965034983,11.549025508569216,17.799086372030406,70,1897,0,159
217,evaluation,130201.22218513489,130805.20959806442,603.9874129295349,3.1414825174825176,0.0,3.1414825174821317,1.4868811188812288,14.44788440874081,21.28614832253933,76,2594,0,9
218,evaluation,130805.20959806442,131404.05194711685,598.8423490524292,2.4461993006993006,0.044580419580419584,2.4907797202799884,1.2113146853147896,11.553679473872355,17.172458807178092,67,1917,51,80
219,evaluation,131404.05194711685,132003.3789601326,599.3270130157471,2.6043356643356645,0.09702797202797203,2.7013636363633395,0.8634685314685839,12.520356526280455,16.52238487880525,60,2190,111,133
220,evaluation,132003.3789601326,132610.77593111992,607.39697098732,2.9907237762237764,0.049825174825174824,3.040548951048663,1.0857132867132862,13.905188388971448,18.870425927063152,73,2461,57,360
221,evaluation,132610.77593111992,133202.48162913322,591.7056980133057,2.949527972027972,0.12412587412587413,3.07365384615332,1.3269720279722605,14.429347865153325,20.658852538521717,85,2256,142,451
222,evaluation,133202.48162913322,133807.68884897232,605.2072198390961,2.3177027972027973,0.062062937062937064,2.3797657342653338,1.5320629370632446,10.922639645174538,17.95449624110473,67,1770,71,169
223,evaluation,133807.68884897232,134400.3234910965,592.634642124176,2.0389685314685315,0.07604895104895106,2.1150174825174872,1.3533881118883073,9.913441005558955,16.256997650234915,55,1609,87,119
224,evaluation,134400.3234910965,135001.38240408897,601.0589129924774,2.3682097902097903,0.19055944055944057,2.558769230769144,2.6679860139864218,11.825283934823313,24.155310328036297,72,1762,218,190
225,evaluation,135001.38240408897,135601.06122207642,599.678817987442,2.6423566433566434,0.10227272727272728,2.7446293706289,2.7237937062940887,12.713422994590628,25.330332916447873,76,2023,117,245
226,evaluation,135601.06122207642,136202.5681951046,601.506973028183,1.9751573426573428,0.09265734265734266,2.0678146853143744,1.6598216783220323,9.549232077082763,17.214339847828203,55,1536,106,181
227,evaluation,136202.5681951046,136811.72276997566,609.1545748710632,2.4963216783216784,0.039335664335664336,2.5356573426562363,2.0257517482519347,11.562734499668624,20.800271935510246,82,1777,45,89
228,evaluation,136811.72276997566,137403.45675706863,591.7339870929718,1.9596398601398601,0.10227272727272727,2.0619125874121664,1.3449195804197984,9.679239472406826,15.992697554712626,63,1413,117,243
229,evaluation,137403.45675706863,138004.11215400696,600.655396938324,1.973618881118881,0.5192307692307692,2.4928496503480346,2.5224720279724693,11.528377830913564,23.193746659827884,95,1008,594,634
230,evaluation,138004.11215400696,138609.6086640358,605.4965100288391,2.0935734265734265,0.04895104895104895,2.1425244755240556,2.109940559440872,9.829052319679619,19.50862255893096,58,1632,56,111
231,evaluation,138609.6086640358,139206.1730480194,596.5643839836121,2.3279195804195805,0.019230769230769232,2.3471503496493824,2.9773706293710234,10.929016644984937,24.79252273504943,65,1808,22,31
232,evaluation,139206.1730480194,139802.2774131298,596.1043651103973,2.82520979020979,0.1958041958041958,3.0210139860137133,1.8351923076926369,14.07757769925303,22.62936277016502,90,2048,224,348
233,evaluation,139802.2774131298,140405.49287509918,603.2154619693756,2.3232762237762237,0.026223776223776224,2.3494999999992388,1.0857692307694151,10.819332892398942,15.819247236731776,63,1829,30,144
234,evaluation,140405.49287509918,141000.81388807297,595.3210129737854,2.351167832167832,0.04283216783216783,2.3939999999996644,1.3730279720281828,11.170443937097897,17.577015359656077,56,1953,49,120
235,evaluation,141000.81388807297,141601.5136680603,600.6997799873352,1.7376433566433567,0.0,1.7376433566429341,1.0044755244757084,8.035273630179898,12.680205896124717,44,1409,0,2
236,evaluation,141601.5136680603,142217.36532902718,615.8516609668732,2.411458041958042,0.017482517482517484,2.4289405594404343,0.450255244755283,10.95565302034646,12.98651384687275,43,2193,20,128
237,evaluation,142217.36532902718,142805.04571318626,587.6803841590881,2.2910454545454546,0.04895104895104895,2.339996503496536,1.1203251748253251,11.06041729943245,16.355837154168395,51,1950,56,251
238,evaluation,142805.04571318626,143402.17991900444,597.1342058181763,1.8050314685314686,0.051573426573426576,1.8566048951048515,0.996199300699459,8.636644441879731,13.27081252797862,51,1394,59,56
239,evaluation,143402.17991900444,144003.49813103676,601.3182120323181,2.605643356643357,0.14772727272727273,2.7533706293700106,1.9309370629373461,12.719142036963103,21.639068219782352,76,1981,169,190
240,evaluation,144003.49813103676,144602.02116203308,598.5230309963226,2.516730769230769,0.07954545454545454,2.596276223775476,1.4172797202799643,12.04945846005834,18.627130342347026,65,2024,91,107
241,evaluation,144602.02116203308,145202.47644019127,600.4552781581879,1.8576153846153847,0.09877622377622378,1.9563916083913,1.7548286713288803,9.050501064942683,17.168547927609502,52,1441,113,245
242,evaluation,145202.47644019127,145803.3115260601,600.8350858688354,2.9621258741258742,0.0812937062937063,3.043419580419254,1.1608076923079125,14.07032225276672,19.4369625968518,62,2573,93,207
243,evaluation,145803.3115260601,146405.19531798363,601.883791923523,3.089797202797203,0.09702797202797203,3.1868251748252305,1.276136363636624,14.707643354212383,20.59719093780062,88,2377,111,138
244,evaluation,146405.19531798363,147010.55778503418,605.3624670505524,2.3241503496503495,0.10751748251748251,2.431667832167136,0.8462587412589073,11.157997455710783,15.041156478057227,63,1830,123,124
245,evaluation,147010.55778503418,147614.52913713455,603.9713521003723,2.4629195804195807,0.0,2.462919580419225,0.7899055944058091,11.327430109311408,14.960354417809354,55,2094,0,32
246,evaluation,147614.52913713455,148200.7200460434,586.190908908844,2.9385979020979023,0.12062937062937064,3.05922727272673,1.1181118881120256,14.496733753806815,19.79512086398325,101,2033,138,214
247,evaluation,148200.7200460434,148813.92429208755,613.2042460441589,2.4417482517482516,0.006993006993006993,2.4487412587407107,1.292006993007135,11.092648323849362,16.945361081563593,60,2004,8,36
248,evaluation,148813.92429208755,149400.7253639698,586.8010718822479,2.202125874125874,0.05332167832167832,2.255447552447208,1.2031748251749832,10.676756383617002,16.37230203323783,72,1572,61,121
249,evaluation,149400.7253639698,150000.1503520012,599.4249880313873,3.1505454545454548,0.056818181818181816,3.2073636363635387,1.0196643356645154,14.8631498723522,19.588346500713058,104,2236,65,213
250,evaluation,150000.1503520012,150603.7845439911,603.6341919898987,1.500346153846154,0.04020979020979021,1.5405559440557681,1.7919510489513186,7.089263868097248,15.33538688215832,41,1177,46,162
251,evaluation,150603.7845439911,151202.9536421299,599.1690981388092,1.459374125874126,0.0,1.4593741258738646,1.124503496503678,6.76573112483493,11.978985335246417,29,1288,0,3
252,evaluation,151202.9536421299,151804.04413199425,601.0904898643494,1.746055944055944,0.06468531468531469,1.8107412587407907,1.2557027972030141,8.367852951677765,14.170745169037241,48,1366,74,138
253,evaluation,151804.04413199425,152402.63731908798,598.5931870937347,3.055681818181818,0.02097902097902098,3.0766608391601267,0.9753566433568039,14.277275941401301,18.803428373033,75,2509,24,53
254,evaluation,152402.63731908798,153000.32285809517,597.6855390071869,2.0770769230769233,0.0,2.0770769230767883,1.415667832168083,9.65333397432047,16.232731313334355,46,1771,0,68
255,evaluation,153000.32285809517,153602.2732861042,601.9504280090332,2.3281118881118883,0.06468531468531469,2.3927972027963733,1.3361223776227007,11.041870870734147,17.207579667096937,60,1874,74,154
256,evaluation,153602.2732861042,154212.52364611626,610.2503600120544,2.4072482517482516,0.0,2.4072482517478875,1.2682692307694197,10.957471125733727,16.730462534374617,57,2004,0,70
257,evaluation,154212.52364611626,154814.65138697624,602.1277408599854,1.8028741258741259,0.018356643356643356,1.8212307692307377,0.9026678321679924,8.401829073260947,12.566079405474188,48,1431,21,82
258,evaluation,154814.65138697624,155426.88022708893,612.2288401126862,1.9217552447552448,0.0743006993006993,1.9960559440557972,0.6632132867133578,9.056417276225195,12.065519443675907,48,1567,85,99
259,evaluation,155426.88022708893,156005.88280320168,579.0025761127472,1.8005804195804196,0.08041958041958042,1.8809999999996307,1.0635874125876512,9.024139469428807,14.126723812393482,44,1481,92,162
260,evaluation,156005.88280320168,156603.10672211647,597.2239189147949,2.828160839160839,0.055944055944055944,2.884104895103974,1.3819055944058505,13.41440326261524,19.841852883353646,86,2104,64,79
261,evaluation,156603.10672211647,157215.1240041256,612.0172820091248,2.096741258741259,0.05332167832167832,2.150062937062785,0.9695104895106965,9.758543137525328,14.158884062938432,62,1583,61,132
262,evaluation,157215.1240041256,157804.07337212563,588.9493680000305,2.7237307692307695,0.044580419580419584,2.7683111888102303,0.9883321678323114,13.056730714163708,17.718196167786076,83,2024,51,111
263,evaluation,157804.07337212563,158429.2649641037,625.1915919780731,2.389083916083916,0.04895104895104895,2.4380349650349444,0.8999090909092047,10.832390317169951,14.830760587695607,52,2049,56,190
264,evaluation,158429.2649641037,159045.4942560196,616.2292919158936,2.4445874125874125,0.050699300699300696,2.495286713286532,1.12698951048975,11.248007961130824,16.328140403867497,68,1902,58,206
265,evaluation,159045.4942560196,159610.62094712257,565.1266911029816,1.4037832167832167,0.039335664335664336,1.4431188811183802,1.255293706294026,7.0933891847148125,13.263557780221912,38,1106,45,52
266,evaluation,159610.62094712257,160223.87645697594,613.255509853363,1.8384965034965035,0.015734265734265736,1.8542307692305258,1.003328671328802,8.398849978327316,12.94348764116737,40,1577,18,18
267,evaluation,160223.87645697594,160803.60063910484,579.7241821289062,2.104800699300699,0.10751748251748251,2.2123181818178637,0.8979685314686776,10.600434607128083,14.903096301688745,57,1658,123,145
268,evaluation,160803.60063910484,161413.3752861023,609.7746469974518,1.7876293706293707,0.1652097902097902,1.952839160839062,0.6135244755246276,8.895996662478316,11.690856472781192,58,1282,189,200
269,evaluation,161413.3752861023,162001.47829008102,588.1030039787292,2.2595454545454547,0.06905594405594406,2.328601398600881,0.5632902097902388,10.99864679244381,13.659226685095167,70,1664,79,159
270,evaluation,162001.47829008102,162607.47054505348,605.9922549724579,2.0891223776223775,0.04982517482517483,2.1389475524475756,0.8613111888113281,9.804615372998486,13.75273692141707,51,1719,57,55
271,evaluation,162607.47054505348,163203.52018904686,596.0496439933777,2.0029125874125873,0.024475524475524476,2.027388111887717,0.990080419580579,9.448262742685595,14.0623471825268,47,1673,28,47
272,evaluation,163203.52018904686,163800.75060510635,597.230416059494,1.8523461538461539,0.03146853146853147,1.8838146853144053,1.096996503496655,8.76180855764937,13.864047873954721,39,1606,36,103
273,evaluation,163800.75060510635,164416.58109498024,615.8304898738861,2.086965034965035,0.033216783216783216,2.120181818181436,0.5216048951049856,9.563336074184974,11.916097930289876,48,1756,38,110
274,evaluation,164416.58109498024,165018.16307497025,601.5819799900055,1.5927307692307693,0.05244755244755245,1.6451783216782587,0.601695804195856,7.59653702146415,10.374840377400727,39,1309,60,153
275,evaluation,165018.16307497025,165617.145745039,598.9826700687408,1.7718146853146854,0.09265734265734266,1.8644720279716012,0.9371678321680292,8.646475474815658,12.992584483185773,51,1356,106,114
276,evaluation,165617.145745039,166230.6910970211,613.5453519821167,2.69101048951049,0.0270979020979021,2.7181083916085527,0.7718216783218281,12.306019536142065,15.800380791628294,61,2276,31,120
277,evaluation,166230.6910970211,166804.64218211174,573.9510850906372,1.6890769230769231,0.0,1.6890769230768683,0.6731818181820017,8.174704193022668,11.432733567868354,34,1485,0,0
278,evaluation,166804.64218211174,167406.6937711239,602.051589012146,1.3848006993006994,0.0,1.384800699300854,0.6302692307693292,6.3892674305208175,9.297237270981192,27,1229,0,60
279,evaluation,167406.6937711239,168022.17505311966,615.4812819957733,1.70756993006993,0.025349650349650348,1.7329195804195479,0.40433566433574697,7.82097789482176,9.645817505723972,35,1493,29,33
280,evaluation,168022.17505311966,168605.54921603203,583.3741629123688,0.8447832167832168,0.0,0.8447832167829574,0.8644790209792177,4.0224956739685815,8.13877432752142,22,677,0,2
281,evaluation,168605.54921603203,169211.1249461174,605.5757300853729,1.8300279720279722,0.0008741258741258741,1.8309020979015713,0.9077762237763523,8.398353679270087,12.562326071697413,42,1541,1,65
282,evaluation,169211.1249461174,169808.0471470356,596.9222009181976,2.0833321678321677,0.0,2.0833321678317134,1.6774405594409245,9.694787345205235,17.500757876020533,47,1765,0,66
283,evaluation,169808.0471470356,170400.32989120483,592.2827441692352,0.8962202797202797,0.0,0.8962202797202963,0.6455384615386492,4.203230300914257,7.230774849216331,21,749,0,61
284,evaluation,170400.32989120483,171013.66109108925,613.3311998844147,1.5724895104895105,0.027972027972027972,1.6004615384613317,0.9432867132868523,7.248492326110778,11.520639040209913,38,1299,32,62
285,evaluation,171013.66109108925,171601.3743441105,587.7132530212402,1.5151503496503498,0.1048951048951049,1.6200454545448792,1.125513986014198,7.657010012097899,12.976658195722813,47,1115,120,197
286,evaluation,171601.3743441105,172216.9101381302,615.5357940196991,1.9112097902097902,0.005244755244755245,1.9164545454536892,0.5641083916084995,8.648538233203833,11.194235444787157,54,1476,6,15
287,evaluation,172216.9101381302,172805.29448509216,588.3843469619751,2.5745034965034965,0.01486013986013986,2.5893636363632595,1.8966538461542086,12.224452952929424,21.178605001986817,72,1998,17,71
288,evaluation,172805.29448509216,173402.63882112503,597.3443360328674,2.781342657342657,0.15034965034965034,2.9316923076919466,1.6200769230771925,13.632990642672906,21.166691732233097,76,2182,172,308
289,evaluation,173402.63882112503,174004.7656030655,602.1267819404602,2.5047657342657343,0.045454545454545456,2.55022027972052,1.2673951048952858,11.764873169427794,17.611718158945713,67,1984,52,124
290,evaluation,174004.7656030655,174600.0428071022,595.2772040367126,2.950513986013986,0.06468531468531469,3.015199300699237,1.372562937063094,14.070005631421868,20.47487851975096,73,2415,74,236
291,evaluation,174600.0428071022,175201.1020591259,601.0592520236969,2.820188811188811,0.018356643356643356,2.838545454545283,1.4216503496505197,13.118254911310512,19.68837047933949,66,2358,21,324
292,evaluation,175201.1020591259,175802.12911105156,601.0270519256592,2.3746573426573425,0.07954545454545454,2.4542027972022424,1.5155909090910313,11.342634196560612,18.34726857031302,68,1822,91,109
293,evaluation,175802.12911105156,176404.58711504936,602.4580039978027,2.960699300699301,0.10664335664335664,3.067342657342124,2.1322027972030355,14.142722337252483,23.97375704586651,90,2203,122,297
294,evaluation,176404.58711504936,177002.50861811638,597.9215030670166,2.4057167832167834,0.015734265734265736,2.42145104895053,1.527828671328848,11.249391231542676,18.34726028241022,65,1897,18,109
295,evaluation,177002.50861811638,177601.92069101334,599.4120728969574,2.632332167832168,0.03671328671328671,2.669045454545085,1.0461048951050316,12.368811852059018,17.216640353080578,73,2051,42,113
296,evaluation,177601.92069101334,178200.30370807648,598.3830170631409,2.9567132867132866,0.10052447552447552,3.057237762237037,1.5853846153847826,14.192125904587652,21.55170334623806,80,2330,115,96
297,evaluation,178200.30370807648,178819.89994311333,619.59623503685,2.6871853146853146,0.0,2.6871853146848252,1.4461258741260963,12.047206276938903,18.530486984376815,65,2219,0,13
298,evaluation,178819.89994311333,179402.01667904854,582.1167359352112,2.3227867132867135,0.0,2.322786713286405,0.7254930069931902,11.084005864080558,14.54595469384638,53,1960,0,108
299,evaluation,179402.01667904854,180000.40161299706,598.3849339485168,2.4766013986013986,0.018356643356643356,2.4949580419576023,1.7089895104898005,11.581907585319115,19.51525084877284,72,1886,21,85
300,evaluation,180000.40161299706,180611.77899312973,611.3773801326752,2.9735699300699303,0.0,2.973569930069175,1.1050804195807018,13.5103403247009,18.531245467610127,69,2494,0,26
301,evaluation,180611.77899312973,181205.210242033,593.4312489032745,2.1408566433566434,0.0472027972027972,2.1880594405590728,0.8573496503498745,10.24203376831872,14.255180718243802,65,1594,54,142
302,evaluation,181205.210242033,181807.15013313293,601.9398910999298,2.922622377622378,0.06818181818181818,2.9908041958037757,1.868272727272938,13.801692753089581,22.423228792448587,80,2291,78,148
303,evaluation,181807.15013313293,182401.71044707298,594.5603139400482,2.3531328671328673,0.05244755244755245,2.405580419579678,1.4763916083918502,11.238839316210433,18.13652102306573,64,1850,60,79
304,evaluation,182401.71044707298,183003.21565508842,601.5052080154419,2.199534965034965,0.0,2.199534965034786,1.6935839160842079,10.157550202229496,17.97859597907555,53,1819,0,38
305,evaluation,183003.21565508842,183603.58266711235,600.3670120239258,3.503804195804196,0.055944055944055944,3.5597482517478056,1.6493321678323127,16.47024135262702,24.101370565627196,92,2798,64,86
306,evaluation,183603.58266711235,184202.40514612198,598.8224790096283,2.506979020979021,0.019230769230769232,2.5262097902095775,1.2224860139860425,11.718413491849873,17.389200081074378,64,2026,22,107
307,evaluation,184202.40514612198,184802.0326321125,599.6274859905243,2.1398216783216784,0.0,2.1398216783212547,0.8440454545455509,9.91273623261332,13.822781655559204,51,1777,0,73
308,evaluation,184802.0326321125,185406.86183905602,604.829206943512,2.833902097902098,0.033216783216783216,2.8671188811186994,1.4704650349652297,13.167715815950887,19.921068746386695,64,2400,38,241
309,evaluation,185406.86183905602,186000.59927010536,593.7374310493469,2.091143356643357,0.018356643356643356,2.109499999999912,1.2644440559441819,9.869214766982084,15.784867741121058,53,1695,21,74
310,evaluation,186000.59927010536,186606.62475419044,606.025484085083,2.332699300699301,0.10402097902097902,2.4367202797197933,1.2725034965035888,11.168948536687537,17.0015942381587,68,1774,119,199
311,evaluation,186606.62475419044,187200.7110130787,594.0862588882446,2.065111888111888,0.025349650349650348,2.090461538461682,1.002727272727327,9.774401477833116,14.46286799878331,48,1731,29,110
312,evaluation,187200.7110130787,187811.5358850956,610.8248720169067,1.862451048951049,0.0,1.8624510489513568,1.6756923076924863,8.469653697781876,16.09000622097345,49,1486,0,54
313,evaluation,187811.5358850956,188403.6457850933,592.1098999977112,2.2609965034965036,0.04632867132867133,2.307325174824655,1.1025139860141167,10.82440370742217,15.996651038617959,55,1863,53,61
314,evaluation,188403.6457850933,189002.71486210823,599.0690770149231,2.871265734265734,0.09353146853146853,2.964797202796376,1.1929580419582635,13.747242349053233,19.278778637460437,88,2127,107,134
315,evaluation,189002.71486210823,189606.9758090973,604.2609469890594,1.9340489510489511,0.056818181818181816,1.9908671328669243,1.1150244755245922,9.151983936315196,14.27773337490341,42,1660,65,72
316,evaluation,189606.9758090973,190200.30959701538,593.3337879180908,2.4558706293706294,0.14423076923076922,2.600101398601282,0.9832237762239515,12.172750030545949,16.77585407044997,61,2007,165,172
317,evaluation,190200.30959701538,190805.3588399887,605.0492429733276,1.9350034965034966,0.039335664335664336,1.9743391608388947,1.6034685314687067,9.064180329892933,16.425695621096015,49,1569,45,197
318,evaluation,190805.3588399887,191400.81862020493,595.459780216217,2.3953636363636366,0.14248251748251747,2.5378461538457486,1.6516818181820554,11.838872890815368,19.543851804485467,66,1872,163,173
319,evaluation,191400.81862020493,192002.92324209213,602.104621887207,1.4980524475524475,0.0236013986013986,1.5216538461538676,1.5044195804196647,7.020069412634493,13.960629453255505,37,1227,27,141
320,evaluation,192002.92324209213,192603.48805308342,600.5648109912872,1.3773426573426575,0.0,1.3773426573426377,1.2190454545456646,6.370589411718515,12.00901063081826,30,1181,0,6
321,evaluation,192603.48805308342,193202.71575903893,599.2277059555054,2.86679020979021,0.0034965034965034965,2.870286713286532,0.7245384615385433,13.305490665364312,16.66415852668647,68,2385,4,143
322,evaluation,193202.71575903893,193800.00055909157,597.2848000526428,2.978157342657343,0.0,2.978157342656573,0.9577377622378549,13.850443347009932,18.304570879882547,77,2394,0,83
323,evaluation,193800.00055909157,194407.26059412956,607.2600350379944,3.023339160839161,0.0,3.0233391608386455,1.2015629370631586,13.829601572807091,19.32588756660739,75,2472,0,5
324,evaluation,194407.26059412956,195002.90672802925,595.6461338996887,2.801832167832168,0.0,2.8018321678320035,1.1631013986015546,13.066259797428359,18.490348084856564,66,2337,0,9
325,evaluation,195002.90672802925,195615.97566103935,613.0689330101013,1.8887307692307693,0.026223776223776224,1.9149545454541794,1.0514055944057645,8.67654173194018,13.440396069218153,43,1595,30,40
326,evaluation,195615.97566103935,196200.3996450901,584.4239840507507,2.738541958041958,0.0,2.7385419580417647,0.9418671328672303,13.01633951063241,17.493051046602037,57,2383,0,10
327,evaluation,196200.3996450901,196811.12780213356,610.728157043457,3.497115384615385,0.028846153846153848,3.525961538461729,1.260458041958202,16.037147614500242,21.77009491420068,75,3014,33,140
328,evaluation,196811.12780213356,197404.22896409035,593.1011619567871,2.033041958041958,0.027972027972027972,2.061013986013677,0.8321923076924236,9.652718991732428,13.55027550893444,50,1668,32,56
329,evaluation,197404.22896409035,198002.9850010872,598.7560369968414,2.452374125874126,0.02097902097902098,2.473353146853242,1.0544370629370974,11.474498766451102,16.366293855788385,61,2003,24,113
330,evaluation,198002.9850010872,198602.23011803627,599.2451169490814,2.33127972027972,0.0,2.331279720280577,1.5717272727274576,10.806557813515322,18.092239360892805,64,1825,0,48
331,evaluation,198602.23011803627,199217.39812612534,615.1680080890656,2.4989195804195803,0.0,2.498919580419056,1.4095489510490324,11.283817083573497,17.648604753652787,69,1951,0,0
332,evaluation,199217.39812612534,199803.67658019066,586.2784540653229,2.4429755244755245,0.0,2.442975524475173,1.9967692307694733,11.574778292614903,21.035438424537297,69,1887,0,133
333,evaluation,199803.67658019066,200410.86463403702,607.1880538463593,2.2871643356643356,0.0,2.287164335664329,1.5617832167833967,10.463371644893833,17.608253178391426,61,1814,0,85
334,evaluation,200410.86463403702,201003.13991713524,592.2752830982208,2.2952237762237764,0.012237762237762238,2.3074615384615527,1.596010489510661,10.822020718282172,18.307327968775304,56,1889,14,172
335,evaluation,201003.13991713524,201603.57219910622,600.4322819709778,2.2514615384615384,0.049825174825174824,2.301286713286345,1.604888111888215,10.646434717798993,18.071123008021996,62,1760,57,235
336,evaluation,201603.57219910622,202212.85672211647,609.2845230102539,1.3667972027972028,0.05332167832167833,1.420118881118583,0.9915804195805435,6.474437673691378,10.995133588928365,36,1090,61,57
337,evaluation,202212.85672211647,202805.3680651188,592.5113430023193,2.292986013986014,0.0,2.292986013986024,1.4707377622380022,10.74984583777101,17.644874466560275,46,2018,0,6
338,evaluation,202805.3680651188,203401.59288311005,596.2248179912567,2.045825174825175,0.09702797202797203,2.142853146853099,1.480954545454722,9.983431874614016,16.88311552099874,54,1630,111,150
339,evaluation,203401.59288311005,204012.69769120216,611.1048080921173,1.471909090909091,0.07517482517482518,1.5470839160840342,1.426293706294075,7.032272149636774,13.515492228198317,44,1105,86,134
340,evaluation,204012.69769120216,204610.55595612526,597.8582649230957,1.7570664335664337,0.0,1.7570664335662514,1.4976993006994803,8.163707653799714,15.122339957412636,39,1497,0,68
341,evaluation,204610.55595612526,205203.80881500244,593.252858877182,2.3785944055944057,0.0,2.378594405593958,1.133517482517675,11.137252157051192,16.444701799381217,52,2037,0,311
342,evaluation,205203.80881500244,205810.6245560646,606.8157410621643,2.228381118881119,0.0,2.2283811188808613,0.9352832167833753,10.200703662717663,14.482083923159047,53,1852,0,116
343,evaluation,205810.6245560646,206406.8862221241,596.261666059494,2.194234265734266,0.04108391608391608,2.235318181817888,1.3695314685315907,10.413577670944264,16.79375318079168,59,1734,47,62
344,evaluation,206406.8862221241,207007.40461206436,600.5183899402618,2.031622377622378,0.06555944055944056,2.09718181818198,1.0595454545456278,9.700793761011312,14.601862350227254,46,1719,75,130
345,evaluation,207007.40461206436,207622.66060709953,615.2559950351715,2.455541958041958,0.0008741258741258741,2.4564160839149736,0.972132867133098,11.090307231363013,15.479324318814985,65,1954,1,151
346,evaluation,207622.66060709953,208216.03293800354,593.372330904007,2.4283636363636365,0.0,2.4283636363632013,0.6130034965036657,11.367996440241486,14.23767438375554,58,2015,0,145
347,evaluation,208216.03293800354,208829.66095519066,613.6280171871185,1.7701468531468532,0.14947552447552448,1.919622377621863,0.6967027972028745,8.689766817896723,11.843608385717754,58,1262,171,364
348,evaluation,208829.66095519066,209414.99786520004,585.3369100093842,1.2904195804195804,0.06818181818181818,1.3586013986014223,0.557307692307802,6.447385615631636,9.092147797214333,40,950,78,83
349,evaluation,209414.99786520004,210005.40551900864,590.4076538085938,1.8506223776223776,0.0,1.8506223776224715,0.7255489510490634,8.706895451738621,12.120492379070646,52,1433,0,1
350,evaluation,210005.40551900864,210603.89321398735,598.487694978714,2.1986608391608393,0.024475524475524476,2.2231363636359447,0.5855524475525726,10.318305354796681,13.03604640474694,53,1818,28,77
351,evaluation,210603.89321398735,211215.68556809425,611.7923541069031,1.5345734265734265,0.008741258741258742,1.543314685314499,0.7958881118883028,7.00725533460351,10.620900219112828,42,1203,10,40
352,evaluation,211215.68556809425,211809.10936403275,593.4237959384918,1.237972027972028,0.0,1.237972027971523,1.068286713286966,5.794865680053754,10.795445556985364,40,890,0,14
353,evaluation,211809.10936403275,212414.60897111893,605.4996070861816,2.7592972027972027,0.19230769230769232,2.9516048951045377,0.9633916083917029,13.540723049941672,17.96035895022753,81,2091,220,335
354,evaluation,212414.60897111893,213012.60673809052,597.9977669715881,2.274381118881119,0.022727272727272728,2.2971083916077077,0.6006853146853928,10.670368679921523,13.460630468052766,57,1852,26,119
355,evaluation,213012.60673809052,213606.95738601685,594.3506479263306,2.3116398601398602,0.008741258741258742,2.3203811188802774,1.502206293706422,10.844613580369183,17.86537695440103,61,1842,10,33
356,evaluation,213606.95738601685,214202.06507110596,595.1076850891113,1.7033356643356643,0.0,1.7033356643353272,1.3964370629373661,7.9506416654314656,14.468776011001053,36,1475,0,94
357,evaluation,214202.06507110596,214815.94386911392,613.8787980079651,2.6672167832167832,0.04982517482517483,2.7170419580414773,1.8656503496505366,12.294509595102264,20.736505147282948,66,2183,57,158
358,evaluation,214815.94386911392,215413.893501997,597.9496328830719,2.268944055944056,0.01048951048951049,2.2794335664328855,1.8850174825177533,10.589119147428377,19.345976557661885,62,1780,12,140
359,evaluation,215413.893501997,216003.20879411697,589.3152921199799,2.4752937062937064,0.0,2.4752937062933142,1.4842027972032952,11.667465519316593,18.663356518436423,56,2095,0,66
360,evaluation,216003.20879411697,216600.75692105293,597.5481269359589,3.473965034965035,0.5961538461538461,4.070118881117082,0.7394790209791609,18.920460580905587,22.358022007357736,136,2185,682,749
361,evaluation,216600.75692105293,217202.66771411896,601.9107930660248,2.913255244755245,0.13286713286713286,3.0461223776219413,1.4769370629373384,14.057649649128148,20.873614738746472,69,2425,152,206
362,evaluation,217202.66771411896,217800.8735101223,598.2057960033417,2.7629055944055945,0.009615384615384616,2.7725209790207828,0.5278846153850054,12.874243638896706,15.32548393720786,69,2253,11,194
363,evaluation,217800.8735101223,218400.23732209206,599.3638119697571,2.1364055944055944,0.037587412587412584,2.173993006992532,0.5393041958044478,10.075465590795753,12.574894452947646,58,1681,43,178
364,evaluation,218400.23732209206,219002.92627501488,602.688952922821,1.7196958041958041,0.032342657342657344,1.7520384615381772,0.6774160839162278,8.07509990131963,11.197293090833629,47,1349,37,90
365,evaluation,219002.92627501488,219604.98012709618,602.0538520812988,1.7569545454545454,0.044580419580419584,1.8015349650345343,0.6513846153846998,8.311986999940393,11.317368832721046,51,1339,51,284
366,evaluation,219604.98012709618,220202.15930509567,597.1791779994965,1.3599405594405594,0.0008741258741258741,1.3608146853147218,0.5636993006993407,6.329826845610446,8.951873039647246,37,1069,1,68
367,evaluation,220202.15930509567,220800.12567019463,597.9663650989532,2.4505454545454546,0.0673076923076923,2.51785314685344,1.2627517482518442,11.696371112577754,17.562326038929456,54,2093,77,166
368,evaluation,220800.12567019463,221401.1731801033,601.0475099086761,1.7532412587412587,0.0,1.7532412587408999,0.84847202797215,8.102711561611125,12.023976861793786,43,1440,0,23
369,evaluation,221401.1731801033,222001.4367620945,600.2635819911957,1.714972027972028,0.0,1.7149720279718395,1.1286013986015178,7.936198916163901,13.158911036403232,38,1462,0,65
370,evaluation,222001.4367620945,222607.69699001312,606.2602279186249,2.782465034965035,0.0,2.782465034965071,1.109370629370801,12.748765605331732,17.831706790778064,65,2328,0,37
371,evaluation,222607.69699001312,223209.63440203667,601.9374120235443,2.702783216783217,0.0,2.702783216783132,0.8326013986015823,12.472610952179025,16.314840420865835,64,2250,0,85
372,evaluation,223209.63440203667,223804.17681503296,594.5424129962921,1.8573426573426575,0.056818181818181816,1.9141608391603313,1.0768916083918043,8.94320291687349,13.974577489108366,50,1467,65,130
373,evaluation,223804.17681503296,224404.58173704147,600.4049220085144,2.9840594405594407,0.0,2.984059440559122,0.782639860139966,13.805772900436772,17.426661956819608,69,2506,0,2
374,evaluation,224404.58173704147,225011.2759730816,606.6942360401154,2.4522377622377625,0.0,2.452237762236905,0.9333986013988351,11.227684650890863,15.50129356086693,60,2016,0,5
375,evaluation,225011.2759730816,225601.65218806267,590.3762149810791,4.035048951048951,0.15646853146853146,4.19151748251636,1.3312062937064866,19.721499312903834,25.984954998379216,116,3090,179,393
376,evaluation,225601.65218806267,226202.38452410698,600.7323360443115,2.7759055944055944,0.04108391608391609,2.816989510488952,1.2955034965038408,13.025719431047362,19.016109173201652,81,2110,47,189
377,evaluation,226202.38452410698,226805.76080918312,603.3762850761414,3.239520979020979,0.05506993006993007,3.29459090909063,1.205059440559637,15.167386654890732,20.71514750940408,77,2693,63,298
378,evaluation,226805.76080918312,227410.0442790985,604.28346991539,2.086692307692308,0.015734265734265736,2.102426573426783,0.5917517482519656,9.664460647734622,12.384632451352209,46,1782,18,141
379,evaluation,227410.0442790985,228006.66127610207,596.6169970035553,3.612059440559441,0.044580419580419584,3.6566398601401033,1.2395594405595602,17.024880276370027,22.796121601231505,91,2935,51,70
380,evaluation,228006.66127610207,228600.11981010437,593.4585340023041,2.7021818181818182,0.06555944055944056,2.767741258740557,1.3443181818183803,12.954856527752472,19.247153222067556,66,2223,75,94
381,evaluation,228600.11981010437,229207.8825531006,607.7627429962158,2.4468566433566434,0.0,2.4468566433561136,1.4498146853148342,11.183350884287965,17.80972451638642,59,2023,0,0
382,evaluation,229207.8825531006,229803.37524199486,595.4926888942719,3.7225209790209792,0.04195804195804196,3.764479020979479,1.1925489510491616,17.560058023219092,23.122907134412767,119,2693,48,150
383,evaluation,229803.37524199486,230407.85810303688,604.4828610420227,4.112566433566434,0.12762237762237763,4.240188811188887,1.386741258741381,19.484923415361223,25.857410214109038,146,2784,146,181
384,evaluation,230407.85810303688,231015.23054409027,607.3724410533905,2.42186013986014,0.022727272727272728,2.4445874125871114,1.1954440559442787,11.180159209633413,16.64744371042263,68,1876,26,162
385,evaluation,231015.23054409027,231600.91337299347,585.6828289031982,3.117472027972028,0.011363636363636364,3.1288356643351563,0.9602237762238701,14.839448503187485,19.393599889667637,73,2606,13,61
386,evaluation,231600.91337299347,232204.63936018944,603.7259871959686,2.532,0.05856643356643357,2.590566433566778,1.1084965034966672,11.919344244961339,17.019600022354062,68,2002,67,105
387,evaluation,232204.63936018944,232800.61365818977,595.9742980003357,2.1862307692307694,0.0,2.1862307692308605,0.8056398601399906,10.189807292427613,13.944815701175898,58,1738,0,70
388,evaluation,232800.61365818977,233403.47782707214,602.86416888237,1.5251503496503496,0.01486013986013986,1.5400104895106779,0.7000629370630236,7.0958055497599055,10.32143973071496,37,1258,17,54
389,evaluation,233403.47782707214,234001.6899690628,598.2121419906616,3.0965734265734266,0.061188811188811185,3.157762237762313,0.5319580419581484,14.6629617753541,17.13309088832152,80,2490,70,196
390,evaluation,234001.6899690628,234606.99998998642,605.3100209236145,2.7313566433566434,0.0,2.731356643356321,1.4515629370631018,12.534241173679861,19.195487692391723,62,2309,0,83
391,evaluation,234606.99998998642,235203.37881302834,596.3788230419159,3.546965034965035,0.0506993006993007,3.597664335664035,1.6836153846156208,16.756986763109225,24.598830270990664,88,2900,58,92
392,evaluation,235203.37881302834,235801.02918100357,597.650367975235,3.7982482517482516,0.09265734265734266,3.8909055944056945,1.2148111888113817,18.084270795628374,23.730507634582633,91,3148,106,185
393,evaluation,235801.02918100357,236413.73109602928,612.7019150257111,3.2707412587412588,0.10926573426573427,3.3800069930063046,1.1699580419582958,15.323778306640879,20.62796190748023,88,2584,125,295
394,evaluation,236413.73109602928,237010.204996109,596.4739000797272,2.790493006993007,0.08041958041958042,2.870912587412022,1.360790209790423,13.369834264653068,19.707031591252903,79,2153,92,211
395,evaluation,237010.204996109,237605.0743470192,594.8693509101868,3.088979020979021,0.007867132867132868,3.0968461538460588,0.996608391608504,14.460907112105037,19.114629209437727,82,2455,9,276
396,evaluation,237605.0743470192,238208.93210220337,603.8577551841736,2.1713706293706294,0.10576923076923077,2.2771398601395276,0.7148671328671412,10.47496442015436,13.763391237055126,58,1721,121,164
397,evaluation,238208.93210220337,238803.7699391842,594.8378369808197,2.1685314685314685,0.037587412587412584,2.206118881118641,1.1141503496505152,10.302148959138254,15.505015841430525,50,1823,43,59
398,evaluation,238803.7699391842,239400.11775302887,596.3478138446808,2.959118881118881,0.0,2.9591188811187976,0.6994615384617191,13.783524444872896,17.04160416419426,72,2438,0,64
399,evaluation,239400.11775302887,240001.2453250885,601.1275720596313,2.5145734265734268,0.0,2.5145734265734063,0.8317272727274485,11.619706880178315,15.463073318084414,62,2061,0,5
400,evaluation,240001.2453250885,240604.39760613441,603.1522810459137,2.7943986013986013,0.0777972027972028,2.872195804195485,1.359451048951314,13.227707046861594,19.48856857789061,82,2118,89,166
401,evaluation,240604.39760613441,241204.16205000877,599.7644438743591,3.1521083916083916,0.0,3.1521083916086354,1.1321223776226361,14.598825810339052,19.842191625709994,77,2593,0,50
402,evaluation,241204.16205000877,241800.22586202621,596.0638120174408,1.9912202797202798,0.022727272727272728,2.0139475524468935,0.8394020979021093,9.385402441836325,13.297185789795165,51,1607,26,35
403,evaluation,241800.22586202621,242403.95761609077,603.7317540645599,2.374223776223776,0.0,2.3742237762238574,0.8419440559441682,10.923834965885861,14.797630692197675,52,2032,0,111
404,evaluation,242403.95761609077,243000.47112512589,596.5135090351105,2.0799160839160837,0.0,2.07991608391535,1.4607132867134283,9.685521937114443,16.487609142312067,54,1669,0,52
405,evaluation,243000.47112512589,243601.47305202484,601.0019268989563,3.2493776223776223,0.06031468531468531,3.3096923076923304,1.0442762237763645,15.29710527057165,20.123657663232176,98,2428,69,273
406,evaluation,243601.47305202484,244205.26736712456,603.7943150997162,3.60829020979021,0.0,3.6082902097896294,1.5702517482518488,16.600070768922468,23.82407123187603,89,2957,0,135
407,evaluation,244205.26736712456,244801.63940906525,596.3720419406891,2.5050944055944058,0.0,2.5050944055940363,1.176541958042094,11.668212259667973,17.148301659962975,63,2037,0,110
408,evaluation,244801.63940906525,245400.2065141201,598.5671050548553,2.3115034965034966,0.039335664335664336,2.3508391608388592,0.6744405594406544,10.909568409226782,14.039453066476254,60,1855,45,80
409,evaluation,245400.2065141201,246015.26397919655,615.0574650764465,2.9569055944055944,0.039335664335664336,2.9962412587409517,1.4254755244757575,13.531893941581409,19.969754563534636,75,2396,45,72
410,evaluation,246015.26397919655,246619.62025499344,604.3562757968903,3.25629020979021,0.10314685314685315,3.359437062936081,0.8977517482518351,15.440841756735235,19.56714102112884,91,2528,118,253
411,evaluation,246619.62025499344,247205.82409501076,586.2038400173187,2.372146853146853,0.038461538461538464,2.410608391606843,1.4190839160841051,11.42287710182279,18.147329413120396,56,1977,44,122
412,evaluation,247205.82409501076,247827.60828113556,621.7841861248016,2.787902097902098,0.027972027972027972,2.8158741258712325,1.324269230769346,12.579722589314294,18.495803639789237,60,2400,32,299
413,evaluation,247827.60828113556,248405.37812805176,577.7698469161987,1.656486013986014,0.0,1.6564860139849316,1.105136363636575,7.963984384801982,13.277212911187968,45,1303,0,150
414,evaluation,248405.37812805176,249002.6383011341,597.2601730823517,2.108216783216783,0.026223776223776224,2.134440559439554,0.9596223776225656,9.926999691613538,14.390075978550056,50,1754,30,168
415,evaluation,249002.6383011341,249604.3032720089,601.6649708747864,2.8286013986013985,0.018356643356643356,2.8469580419555314,0.9631188811190441,13.14388765514916,17.590432418148954,70,2315,21,85
416,evaluation,249604.3032720089,250206.84024906158,602.5369770526886,2.701059440559441,0.07954545454545454,2.7806048951024422,1.4164615384617036,12.818968429429805,19.349049626861394,77,2077,91,108
417,evaluation,250206.84024906158,250801.8392510414,594.9990019798279,2.7622237762237765,0.0,2.762223776222754,0.44776923076921094,12.895557467008917,14.985986887330352,64,2318,0,190
418,evaluation,250801.8392510414,251402.37462306023,600.5353720188141,1.9781888111888113,0.0,1.9781888111876924,1.1116643356645568,9.150117005592085,14.29212300862441,58,1500,0,148
419,evaluation,251402.37462306023,252006.2654490471,603.8908259868622,2.867416083916084,0.0812937062937063,2.9487097902076584,1.2073531468534497,13.56347898641322,19.117063503570005,79,2241,93,131
420,evaluation,252006.2654490471,252601.76537704468,595.4999279975891,2.244276223776224,0.12062937062937064,2.3649055944047177,1.2546923076926078,11.031373637225363,16.884029945638748,67,1686,138,214
421,evaluation,252601.76537704468,253207.17752313614,605.4121460914612,2.4154685314685316,0.0,2.4154685314661037,0.8419440559441114,11.082755529356636,14.945799083777791,66,1895,0,14
422,evaluation,253207.17752313614,253807.15747404099,599.9799509048462,3.024541958041958,0.004370629370629371,3.0289125874112415,0.5533461538462916,14.02321204809798,16.58508540278457,71,2526,5,142
423,evaluation,253807.15747404099,254422.62347102165,615.4659969806671,2.065520979020979,0.06031468531468532,2.1258356643347724,0.6825244755247013,9.594517157029161,12.674949431436389,51,1692,69,179
424,evaluation,254422.62347102165,255005.01800608635,582.3945350646973,3.715888111888112,0.10751748251748251,3.8234055944039937,0.6917307692309578,18.236041817238675,21.535307595474357,96,2988,123,351
425,evaluation,255005.01800608635,255607.74908208847,602.731076002121,2.8651223776223778,0.07867132867132867,2.943793706292354,0.7785419580420694,13.566920746717837,17.15494969730324,75,2291,90,221
426,evaluation,255607.74908208847,256209.9580760002,602.2089939117432,1.9231748251748253,0.017482517482517484,1.94065734265655,0.2197587412588291,8.951568135338873,9.965237731958103,52,1516,20,92
427,evaluation,256209.9580760002,256806.5553832054,596.5973072052002,1.9422692307692309,0.0812937062937063,2.0235629370620245,0.21820279720282088,9.421779298401706,10.437739098749809,51,1551,93,102
428,evaluation,256806.5553832054,257445.99954319,639.4441599845886,3.0005874125874126,0.0,3.0005874125845367,0.11694055944064985,13.034703507442961,13.542699213174291,62,2617,0,168
429,evaluation,257445.99954319,258016.27725219727,570.2777090072632,2.2462482517482516,0.039335664335664336,2.2855839160813503,0.3552482517483213,11.132899131541102,12.863285369171859,43,2004,45,174
430,evaluation,258016.27725219727,258601.12410998344,584.8468577861786,2.7044755244755248,0.007867132867132868,2.712342657342333,1.0553111888114017,12.882492329367548,17.8947787593844,70,2173,9,340
431,evaluation,258601.12410998344,259201.7339231968,600.6098132133484,3.144185314685315,0.0,3.1441853146841368,0.9851888111891185,14.54163402629198,19.09806238698055,83,2505,0,129
432,evaluation,259201.7339231968,259810.420855999,608.6869328022003,2.405307692307692,0.039335664335664336,2.4446433566433825,1.9016258741261822,11.156270366136964,19.834449262596966,62,1936,45,214
433,evaluation,259810.420855999,260432.8642411232,622.4433851242065,3.0004195804195803,0.07954545454545454,3.0799650349640615,1.1597412587414624,13.744958392884543,18.920535117599062,80,2380,91,142
434,evaluation,260432.8642411232,261000.6164751053,567.7522339820862,2.8039895104895107,0.0270979020979021,2.8310874125863847,1.573475524475782,13.851344355749081,21.549711855085267,69,2300,31,234
435,evaluation,261000.6164751053,261606.2737851143,605.6573100090027,4.32444055944056,0.039335664335664336,4.363776223775176,0.5874370629372265,20.013959084255816,22.70817178886745,110,3500,45,135
436,evaluation,261606.2737851143,262233.64690208435,627.3731169700623,2.9835384615384615,0.0,2.983538461536,1.145346153846333,13.210012691701476,18.281184866524793,78,2387,0,348
437,evaluation,262233.64690208435,262804.7655181885,571.118616104126,1.8358986013986014,0.0,1.83589860139773,1.008517482517675,8.929350564696982,13.83452677930808,53,1403,0,144
438,evaluation,262804.7655181885,263401.13447618484,596.3689579963684,2.601465034965035,0.14160839160839161,2.743073426573119,1.2460069930071995,12.776735450396812,18.5804086458607,71,2042,162,234
439,evaluation,263401.13447618484,264004.5865280628,603.4520518779755,2.840646853146853,0.018356643356643356,2.859003496502055,0.8923146853148296,13.160409935572265,17.26786453106929,75,2263,21,98
440,evaluation,264004.5865280628,264606.8547461033,602.2682180404663,3.6988146853146855,0.14772727272727273,3.846541958040234,1.1523391608393467,17.74099720404117,23.055808807171076,99,2929,169,246
441,evaluation,264606.8547461033,265211.0509030819,604.1961569786072,3.6156923076923078,0.1346153846153846,3.7503076923071603,0.6803671328672749,17.24195238118706,20.369924448832194,92,2926,154,351
442,evaluation,265211.0509030819,265803.71367406845,592.662770986557,4.678461538461539,0.05332167832167832,4.731783216777785,1.5397937062938922,22.177607422451718,29.3945357484376,110,3905,61,450
443,evaluation,265803.71367406845,266404.53755903244,600.8238849639893,3.7233216783216783,0.0,3.7233216783199623,1.2065349650350754,17.213963153578863,22.792113586433953,80,3207,0,410
444,evaluation,266404.53755903244,267001.17305898666,596.6354999542236,2.592451048951049,0.0,2.5924510489496697,1.5081888111885746,12.069769422545965,19.091499381172806,69,2058,0,82
445,evaluation,267001.17305898666,267622.6916921139,621.5186331272125,3.4924965034965036,0.0,3.492496503493612,0.956398601398746,15.609152580938785,19.88362262906586,86,2864,0,131
446,evaluation,267622.6916921139,268207.3823490143,584.6906569004059,3.543958041958042,0.005244755244755245,3.5492027971990865,0.7568251748252806,16.861731143714835,20.457294246137103,98,2765,6,183
447,evaluation,268207.3823490143,268801.82544112206,594.4430921077728,3.0048461538461537,0.0,3.004846153844028,0.5084930069929214,14.041369111042831,16.417510063351767,74,2464,0,170
448,evaluation,268801.82544112206,269400.5325450897,598.7071039676666,3.413416083916084,0.0,3.4134160839153083,0.9132937062935298,15.83697818411623,20.07432052582548,83,2813,0,118
449,evaluation,269400.5325450897,270003.26249599457,602.7299509048462,2.8493321678321677,0.07255244755244755,2.921884615381714,0.5482377622377044,13.465974507590865,15.99261628238276,81,2194,83,253
450,evaluation,270003.26249599457,270615.27417707443,612.0116810798645,3.6562867132867134,0.020104895104895104,3.67639160838894,0.4939055944055326,16.686281043165692,18.928002936498913,82,3104,23,76
451,evaluation,270615.27417707443,271209.7143750191,594.4401979446411,3.2119335664335664,0.0,3.2119335664306163,1.0025909090909408,15.009142577145454,19.694180293464225,67,2793,0,122
452,evaluation,271209.7143750191,271809.56182312965,599.8474481105804,2.8770874125874126,0.0,2.8770874125866612,0.8021433566434553,13.323236607211822,17.03780769973303,73,2331,0,130
453,evaluation,271809.56182312965,272407.44585609436,597.8840329647064,2.647216783216783,0.020104895104895104,2.667321678319695,0.9233181818181038,12.392414708730408,16.682164201703404,86,1897,23,36
454,evaluation,272407.44585609436,273014.6057960987,607.1599400043488,3.415437062937063,0.025349650349650348,3.440786713283387,0.7655664335662777,15.741718516825093,19.244211495114342,85,2789,29,169
455,evaluation,273014.6057960987,273604.29309010506,589.6872940063477,3.239465034965035,0.030594405594405596,3.2700594405564516,0.8322727272725388,15.403924314334413,19.324423722000088,83,2614,35,222
456,evaluation,273604.29309010506,274200.02172899246,595.7286388874054,3.2492727272727273,0.022727272727272728,3.2719999999981155,1.2089650349648764,15.256760034003866,20.89395117945969,78,2691,26,223
457,evaluation,274200.02172899246,274807.1309301853,607.1092011928558,3.743699300699301,0.016608391608391608,3.760307692305105,1.42951748251744,17.204975850763073,23.745614483932446,82,3204,19,172
458,evaluation,274807.1309301853,275402.1807990074,595.0498688220978,2.1916678321678322,0.0,2.1916678321665586,0.5684790209788844,10.231018473321136,12.884759738284895,53,1810,0,25
459,evaluation,275402.1807990074,276002.49503207207,600.3142330646515,3.7830034965034964,0.0236013986013986,3.8066048951006906,1.2172972027972264,17.613946003615272,23.246631241823415,101,2999,27,366
460,evaluation,276002.49503207207,276609.24747800827,606.752445936203,2.139083916083916,0.09178321678321678,2.2308671328657965,1.0714545454544577,10.213149017127677,15.118382850452198,52,1763,105,186
461,evaluation,276609.24747800827,277207.3950111866,598.1475331783295,2.07172027972028,0.022727272727272728,2.0944475524470363,1.4347622377622429,9.726546621358946,16.38953600003625,58,1607,26,129
462,evaluation,277207.3950111866,277804.95226311684,597.5572519302368,3.008367132867133,0.0,3.0083671328673063,0.3339405594402933,13.984560210895033,15.53690128301159,87,2297,0,245
463,evaluation,277804.95226311684,278400.8256371021,595.8733739852905,2.6788776223776223,0.0,2.678877622375694,0.8177412587411936,12.488100750429606,16.300158136558142,81,1999,0,16
464,evaluation,278400.8256371021,279000.70110297203,599.8754658699036,2.024902097902098,0.025349650349650348,2.0502517482498206,0.5829300699300575,9.49387676137911,12.193187345612897,48,1685,29,39
465,evaluation,279000.70110297203,279601.5255551338,600.8244521617889,2.0460174825174824,0.013986013986013986,2.0600034965018494,0.7381958041956977,9.5239664666495,12.936850035487444,49,1696,16,171
466,evaluation,279601.5255551338,280215.4657371044,613.9401819705963,3.9780454545454544,0.0,3.9780454545434623,1.139636363636214,17.99870180700355,23.154996603492748,89,3380,0,266
467,evaluation,280215.4657371044,280813.84121513367,598.3754780292511,2.821006993006993,0.018356643356643356,2.8393636363628048,0.4515384615384619,13.180889761889034,15.277020954300433,72,2280,21,189
468,evaluation,280813.84121513367,281420.2264339924,606.3852188587189,3.331192307692308,0.02972027972027972,3.360912587411349,1.1766223776223796,15.395936457586135,20.785902096167376,89,2640,34,105
469,evaluation,281420.2264339924,282001.4740951061,581.247661113739,3.048006993006993,0.0,3.0480069930054015,0.9456363636363676,14.56640027671324,19.085588658013684,70,2566,0,15
470,evaluation,282001.4740951061,282608.28605008125,606.8119549751282,3.0888986013986015,0.01048951048951049,3.0993881118870377,1.188451048950924,14.187939692559784,19.628262492206822,75,2547,12,192
471,evaluation,282608.28605008125,283206.72530412674,598.4392540454865,3.0280944055944055,0.0,3.02809440559372,1.1429965034966472,14.055517401326773,19.36096864976285,65,2609,0,133
472,evaluation,283206.72530412674,283801.1993300915,594.4740259647369,3.4955594405594406,0.0,3.4955594405575994,0.8153916083915647,16.333577096374782,20.14362865631595,70,3078,0,295
473,evaluation,283801.1993300915,284402.773168087,601.5738379955292,2.490972027972028,0.0,2.4909720279702015,1.2516608391607633,11.502107151837556,17.281673091598755,62,2034,0,140
474,evaluation,284402.773168087,285007.28789806366,604.514729976654,3.1671048951048952,0.0,3.167104895104103,1.307003496503512,14.553017753352925,20.558769289305275,78,2597,0,41
475,evaluation,285007.28789806366,285600.3262681961,593.0383701324463,4.162181818181819,0.10751748251748253,4.269699300697084,1.5709895104896532,19.999171103594897,27.357649021945086,106,3367,123,327
476,evaluation,285600.3262681961,286201.5215241909,601.1952559947968,3.536395104895105,0.0,3.53639510489279,1.053562937062793,16.33964945309674,21.207558314443798,81,2980,0,199
477,evaluation,286201.5215241909,286800.13567209244,598.614147901535,4.519916083916084,0.0,4.519916083912449,1.4041678321677864,20.973982154173303,27.489809109030972,114,3671,0,281
478,evaluation,286800.13567209244,287400.8113400936,600.6756680011749,4.028961538461538,0.0,4.028961538459953,2.0088146853147464,18.631618401160104,27.921225238581794,97,3333,0,199
479,evaluation,287400.8113400936,288005.83843398094,605.0270938873291,3.213762237762238,0.006993006993006993,3.2207552447544003,1.425419580419316,14.787011089140433,21.331344185127552,74,2703,8,434
480,evaluation,288005.83843398094,288607.621874094,601.7834401130676,2.054020979020979,0.0,2.054020979019697,2.4242972027971064,9.481174539368874,20.67151054361286,50,1692,0,193
481,evaluation,288607.621874094,289200.28567004204,592.6637959480286,3.26920979020979,0.021853146853146852,3.2910629370619517,1.6381048951047887,15.425004115897018,23.10269829326729,96,2477,25,78
482,evaluation,289200.28567004204,289803.7495779991,603.463907957077,3.026587412587413,0.027972027972027972,3.0545594405575685,1.4326853146850453,14.060306213857027,20.65503603481352,86,2331,32,137
483,evaluation,289803.7495779991,290400.08559012413,596.3360121250153,2.979576923076923,0.025349650349650348,3.0049265734244273,1.4279055944052743,13.997172885424197,20.648464017018753,81,2343,29,103
484,evaluation,290400.08559012413,291001.9850320816,601.8994419574738,2.582041958041958,0.013986013986013986,2.596027972025013,1.0941818181818235,11.98072021422194,17.030390852727827,76,1954,16,104
485,evaluation,291001.9850320816,291603.1648631096,601.1798310279846,2.2009545454545454,0.039335664335664336,2.2402902097878723,1.1721153846152674,10.351359176317212,15.76716972139468,57,1768,45,115
486,evaluation,291603.1648631096,292203.07418608665,599.909322977066,2.8551783216783218,0.11451048951048952,2.969688811187325,0.6054650349648227,13.750637422500839,16.554139976847534,79,2227,131,199
487,evaluation,292203.07418608665,292804.7025651932,601.6283791065216,2.5865244755244756,0.062062937062937064,2.6485874125862665,0.8826433566431433,12.228790251073955,16.30404199605393,64,2117,71,124
488,evaluation,292804.7025651932,293406.04526019096,601.3426949977875,2.6623566433566435,0.055944055944055944,2.718300699298652,0.7441783216783051,12.556625928353643,15.994203239680052,56,2309,64,190
489,evaluation,293406.04526019096,294000.704914093,594.6596539020538,2.982881118881119,0.04632867132867133,3.0292097902076875,0.7008811188810569,14.150063123094581,17.424023251566076,86,2281,53,147
490,evaluation,294000.704914093,294600.63976311684,599.934849023819,2.1817237762237762,0.0,2.1817237762224977,1.1928216783217067,10.101669927501096,15.624592218615621,57,1746,0,124
491,evaluation,294600.63976311684,295221.1070461273,620.4672830104828,3.67963986013986,0.0,3.6796398601370583,1.557412587412614,16.47342593815562,23.445825925384725,93,2986,0,358
492,evaluation,295221.1070461273,295800.09571909904,578.9886729717255,3.467444055944056,0.02447552447552448,3.4919195804170613,0.7996573426571558,16.752964375782,20.589430441451224,101,2638,28,107
493,evaluation,295800.09571909904,296400.18723011017,600.0915110111237,3.005416083916084,0.025349650349650348,3.030765734264378,0.8590979020979148,14.02918313593283,18.00588171871797,91,2241,29,66
494,evaluation,296400.18723011017,297013.17625808716,612.9890279769897,4.176384615384616,0.07604895104895104,4.252433566429772,0.6491713286711729,19.2700275587296,22.211766494406614,114,3278,87,147
495,evaluation,297013.17625808716,297605.85908699036,592.6828289031982,2.0502517482517484,0.027972027972027972,2.0782237762223303,1.095192307692173,9.740190775438663,14.87312310676041,48,1714,32,35
496,evaluation,297605.85908699036,298201.3508319855,595.4917449951172,3.5081503496503497,0.007867132867132868,3.5160174825157355,1.1228916083915692,16.401092561401185,21.639021353619743,79,2974,9,82
497,evaluation,298201.3508319855,298801.5052690506,600.1544370651245,4.104874125874126,0.006118881118881119,4.110993006988338,0.8960839160839669,19.02747745275082,23.17494656300428,96,3433,7,264
498,evaluation,298801.5052690506,299413.4819560051,611.9766869544983,3.870223776223776,0.017482517482517484,3.887706293704923,1.0150454545453158,17.64639794193188,22.25371512765362,106,3033,20,284
499,evaluation,299413.4819560051,300004.98807811737,591.5061221122742,3.2202342657342657,0.017482517482517484,3.237716783214637,1.6343356643357083,15.204673958472807,22.87969391194971,83,2592,20,207
500,evaluation,300004.98807811737,300612.54875802994,607.5606799125671,3.975311188811189,0.0017482517482517483,3.9770594405574684,1.0978146853146882,18.183183507657443,23.202410949134748,101,3219,2,277
501,evaluation,300612.54875802994,301201.8639822006,589.3152241706848,3.4313881118881118,0.011363636363636364,3.4427517482502026,1.0167132867132977,16.22764678132511,21.01999467658554,93,2702,13,240
502,evaluation,301201.8639822006,301808.11612319946,606.2521409988403,2.9215314685314686,0.10402097902097902,3.0255524475514903,1.0252622377622629,13.862734307982311,18.560368292013912,72,2395,119,349
503,evaluation,301808.11612319946,302401.6722199917,593.5560967922211,2.8635104895104897,0.12062937062937064,2.9841398601390665,1.5951363636363567,13.965448984646036,21.430513141813982,76,2276,138,332
504,evaluation,302401.6722199917,303000.743227005,599.0710070133209,3.5473496503496507,0.0,3.5473496503479964,1.18549999999982,16.448382434454757,21.945319386833816,78,3032,0,295
505,evaluation,303000.743227005,303601.6674129963,600.9241859912872,2.357888111888112,0.0,2.3578881118876325,1.436045454545365,10.89936027268532,17.537494074760986,54,1987,0,125
506,evaluation,303601.6674129963,304204.31140208244,602.6439890861511,4.05136013986014,0.05944055944055944,4.110800699299261,2.1269580419582326,18.947987598294024,28.751813555593515,101,3306,68,100
507,evaluation,304204.31140208244,304808.70012307167,604.3887209892273,2.4091328671328673,0.0,2.40913286713203,2.220489510489415,11.072403421232973,21.27779972301764,58,1993,0,69
508,evaluation,304808.70012307167,305422.68101000786,613.9808869361877,4.302772727272727,0.20891608391608393,4.511688811191107,1.9923986013985768,20.41182256097077,29.42584999603337,137,3120,239,374
509,evaluation,305422.68101000786,306009.44798111916,586.7669711112976,3.232986013986014,0.07167832167832168,3.3046643356619825,1.3416958041957514,15.644410143327528,21.996050526847313,106,2304,82,291
510,evaluation,306009.44798111916,306600.22167110443,590.7736899852753,2.389541958041958,0.32342657342657344,2.7129685314700964,1.022038461538159,12.756193828996562,17.56174928047578,81,1668,370,378
511,evaluation,306600.22167110443,307208.0530741215,607.8314030170441,3.335346153846154,0.004370629370629371,3.3397167832149535,1.837870629370741,15.262441227030399,23.661474523683328,81,2750,5,96
512,evaluation,307208.0530741215,307809.7051920891,601.6521179676056,3.0040524475524477,0.03583916083916084,3.039891608389553,1.5561293706294919,14.03492667019583,21.21944652143144,81,2371,41,67
513,evaluation,307809.7051920891,308412.03339219093,602.3282001018524,2.501758741258741,0.022727272727272728,2.524486013985097,1.2481643356643417,11.642259400730959,17.39846200594576,77,1849,26,279
514,evaluation,308412.03339219093,309002.0024690628,589.969076871872,3.7445979020979023,0.0270979020979021,3.7716958041942235,1.2261748251747804,17.758443959441866,23.531697701987394,95,3034,31,468
515,evaluation,309002.0024690628,309601.21426200867,599.2117929458618,3.800486013986014,0.16258741258741258,3.9630734265708725,1.0210839160839669,18.37169666157072,23.105155256224112,101,3019,186,277
516,evaluation,309601.21426200867,310203.1099951267,601.8957331180573,2.9434895104895107,0.051573426573426576,2.995062937059174,1.6158986013986123,13.822359607901454,21.279809427065395,92,2157,59,186
517,evaluation,310203.1099951267,310801.29321312904,598.1832180023193,3.565346153846154,0.04632867132867133,3.611674825173168,1.2747167832168316,16.771500383167172,22.690890708426604,101,2750,53,89
518,evaluation,310801.29321312904,311409.09836411476,607.8051509857178,3.6086188811188813,0.06818181818181818,3.676800699300202,1.7101118881118964,16.80363395945499,24.619149824375757,85,3010,78,283
519,evaluation,311409.09836411476,312003.64013910294,594.5417749881744,3.6081538461538463,0.12062937062937062,3.7287832167830857,0.901192307692213,17.421368175410677,21.631857784591006,88,2970,138,339
520,evaluation,312003.64013910294,312601.21556019783,597.5754210948944,4.121755244755245,0.045454545454545456,4.167209790206925,1.1750104895101003,19.37091510452964,24.832849968632225,98,3426,52,493
521,evaluation,312601.21556019783,313203.6068851948,602.3913249969482,3.7419510489510492,0.05856643356643357,3.8005174825143513,1.2578601398597584,17.525141164751155,23.325450364197025,82,3202,67,544
522,evaluation,313203.6068851948,313807.9467821121,604.3398969173431,2.9533846153846155,0.03671328671328671,2.990097902095613,0.7843321678318489,13.743635904553745,17.348727140969675,62,2563,42,237
523,evaluation,313807.9467821121,314401.3765990734,593.4298169612885,3.252143356643357,0.045454545454545456,3.2975979020955037,1.0733951048952122,15.43568238515341,20.46012332816927,67,2839,52,61
524,evaluation,314401.3765990734,315001.9099740982,600.5333750247955,4.127,0.09615384615384616,4.223153846152172,1.4518356643358175,19.534273021043234,26.249764637485214,98,3432,110,372
525,evaluation,315001.9099740982,315612.58226299286,610.6722888946533,3.5225699300699302,0.0026223776223776225,3.5251923076900766,1.3689300699301157,16.03511577776882,22.261996539724333,95,2780,3,543
526,evaluation,315612.58226299286,316202.4388720989,589.8566091060638,3.9935559440559443,0.1520979020979021,4.14565384615139,1.606227272727324,19.522889038502672,27.087002681304057,113,3082,174,238
527,evaluation,316202.4388720989,316800.0185689926,597.579696893692,3.77079020979021,0.11538461538461538,3.886174825170656,1.4248741258742257,18.064419065847982,24.687776090101927,114,2814,132,428
528,evaluation,316800.0185689926,317403.3712131977,603.3526442050934,3.797583916083916,0.20891608391608393,4.006500000000642,1.1960454545454695,18.445542210773187,23.952020912341563,131,2621,239,653
529,evaluation,317403.3712131977,318006.1585891247,602.7873759269714,3.1825349650349652,0.004370629370629371,3.1869055944025604,0.9431503496502955,14.685967048334525,19.03221281754072,95,2391,5,98
530,evaluation,318006.1585891247,318603.50214219093,597.3435530662537,3.545395104895105,0.2097902097902098,3.7551853146837857,0.8262097902098731,17.462430564498565,21.3044862512846,147,2122,240,460
531,evaluation,318603.50214219093,319212.6323390007,609.1301968097687,2.9522307692307694,0.10314685314685315,3.0553776223746354,1.0165769230769683,13.933244660353953,18.569075885116717,92,2167,118,187
532,evaluation,319212.6323390007,319801.42796111107,588.7956221103668,3.1427027972027974,0.025349650349650348,3.168052447548007,0.41160139860130585,14.946010733069182,16.887834305443352,117,2056,29,112
533,evaluation,319801.42796111107,320401.1647911072,599.736829996109,2.4407867132867134,0.11188811188811189,2.552674825174563,0.9610419580418466,11.823124825116054,16.274345528999245,85,1674,128,438
534,evaluation,320401.1647911072,321002.0786139965,600.913822889328,2.7396573426573427,0.0,2.7396573426553914,0.34959440559441646,12.66431058045551,14.280341921556861,78,2108,0,82
535,evaluation,321002.0786139965,321606.38680911064,604.3081951141357,2.9093496503496503,0.06468531468531469,2.974034965032388,0.2225174825174463,13.670521603050476,14.693350886343776,66,2460,74,169
536,evaluation,321606.38680911064,322203.6814661026,597.2946569919586,2.5919615384615384,0.0,2.5919615384598274,0.8549999999999045,12.05417305865854,16.030434979292053,59,2189,0,272
537,evaluation,322203.6814661026,322801.4399781227,597.7585120201111,3.339227272727273,0.016608391608391608,3.3558356643334264,0.7295909090906889,15.594534493140118,18.98493609074447,71,2886,19,170
538,evaluation,322801.4399781227,323403.08364510536,601.6436669826508,3.0512867132867134,0.018356643356643356,3.0696433566408814,0.7934020979020033,14.172487087831314,17.83561002476922,62,2675,21,382
539,evaluation,323403.08364510536,324013.7685301304,610.6848850250244,2.64886013986014,0.037587412587412584,2.6864475524471345,1.0104020979018742,12.219647964675794,16.81559026322425,66,2162,43,110
540,evaluation,324013.7685301304,324610.31359410286,596.5450639724731,4.899608391608392,0.0,4.899608391603806,1.1745454545452958,22.814744655487296,28.283948006005062,142,3737,0,161
541,evaluation,324610.31359410286,325211.97317409515,601.6595799922943,2.8992937062937063,0.0,2.8992937062921555,0.9516188811188613,13.385631836356321,17.779122555668515,82,2238,0,66
542,evaluation,325211.97317409515,325803.99817705154,592.0250029563904,3.7647832167832167,0.02972027972027972,3.794503496500056,1.008108391608289,17.803787741484804,22.533826293585484,102,2965,34,387
543,evaluation,325803.99817705154,326408.00586509705,604.0076880455017,3.4427517482517485,0.028846153846153848,3.471597902097301,0.8860594405593929,15.96557079767012,20.040479565369456,93,2715,33,120
544,evaluation,326408.00586509705,327025.6443440914,617.6384789943695,2.7140664335664337,0.016608391608391608,2.7306748251733097,0.644527972027845,12.280983302818145,15.179694342917117,57,2355,19,208
545,evaluation,327025.6443440914,327606.46664118767,580.8222970962524,2.865506993006993,0.0,2.865506993005283,0.8232027972026117,13.704263226524477,17.64122371874578,65,2423,0,169
546,evaluation,327606.46664118767,328201.1209549904,594.6543138027191,2.5123356643356645,0.0506993006993007,2.563034965033694,0.5417097902097794,11.972571970449927,14.503032747944712,52,2190,58,303
547,evaluation,328201.1209549904,328838.0199110508,636.8989560604095,3.5263706293706294,0.0,3.5263706293685573,0.30260839160803243,15.379949797790019,16.699749206430255,78,3008,0,69
548,evaluation,328838.0199110508,329402.53305506706,564.5131440162659,3.1255874125874126,0.05944055944055944,3.1850279720256367,0.6897902097900896,15.672442734203184,19.06666647617842,62,2760,68,189
549,evaluation,329402.53305506706,330000.2763440609,597.7432889938354,2.8298041958041957,0.0,2.829804195801671,0.5479090909087745,13.150406462611535,15.696599326648025,66,2369,0,12
550,evaluation,330000.2763440609,330606.7087020874,606.4323580265045,2.806395104895105,0.0,2.806395104893454,0.6912657342654711,12.854759240438234,16.021118307137897,61,2408,0,65
551,evaluation,330606.7087020874,331206.85472512245,600.1460230350494,2.115867132867133,0.0,2.1158671328653327,0.6854755244752369,9.793297758911338,12.9660234056856,42,1868,0,130
552,evaluation,331206.85472512245,331802.7973771095,595.9426519870758,2.9541223776223777,0.006118881118881119,2.960241258740325,0.9563986013986323,13.798126980800015,18.256043816928553,61,2577,7,65
553,evaluation,331802.7973771095,332413.9062371254,611.1088600158691,2.832972027972028,0.0,2.8329720279700723,1.1810489510489788,12.8771930162531,18.24561711437693,70,2320,0,179
554,evaluation,332413.9062371254,333010.18442606926,596.2781889438629,2.6352587412587414,0.0,2.6352587412568482,0.365465034965041,12.276422827285959,13.978951397840442,56,2278,0,64
555,evaluation,333010.18442606926,333603.4768381119,593.2924120426178,2.498076923076923,0.0,2.498076923075587,0.9336713286711529,11.695923330979848,16.067345273826085,50,2200,0,128
556,evaluation,333603.4768381119,334227.5842471123,624.1074090003967,1.5832517482517483,0.0,1.5832517482522235,0.7524545454542704,7.046738204831544,10.395763524847803,40,1285,0,119
557,evaluation,334227.5842471123,334808.8954191208,581.3111720085144,2.995776223776224,0.044580419580419584,3.040356643355608,0.9399265734263054,14.528251867678573,19.019662447974948,78,2401,51,357
558,evaluation,334808.8954191208,335403.2825191021,594.387099981308,3.3007902097902098,0.048951048951048945,3.3497412587403232,0.682115384615372,15.6545066844981,18.842269267706772,84,2671,56,152
559,evaluation,335403.2825191021,336001.944229126,598.66171002388,3.80406993006993,0.0,3.8040699300672713,0.6817867132865558,17.650804686405305,20.81428073578988,76,3352,0,130
560,evaluation,336001.944229126,336600.60888910294,598.6646599769592,2.7561853146853146,0.061188811188811185,2.8173741258722202,0.6788916083913819,13.072492434813904,16.222519736202763,71,2219,70,160
561,evaluation,336600.60888910294,337201.07284998894,600.4639608860016,2.472206293706294,0.06993006993006994,2.5421363636348815,0.6446643356641744,11.760056154861434,14.742307184694134,59,2052,80,174
562,evaluation,337201.07284998894,337803.65787410736,602.5850241184235,2.71972027972028,0.0,2.7197202797187856,0.8424895104893722,12.537282296106062,16.420964343577896,60,2322,0,75
563,evaluation,337803.65787410736,338406.15206599236,602.4941918849945,3.0656503496503498,0.03409090909090909,3.0997412587391864,0.5406433566431588,14.291245461559498,16.783862190497956,84,2402,39,182
564,evaluation,338406.15206599236,339004.5313000679,598.3792340755463,3.051423076923077,0.019230769230769232,3.070653846151572,0.6575034965035229,14.25449536241283,17.306737982787208,63,2662,22,246
565,evaluation,339004.5313000679,339601.9231441021,597.391844034195,2.4011853146853146,0.012237762237762238,2.4134230769216174,1.270234265734075,11.222036354197787,17.128425186185193,51,2076,14,185
566,evaluation,339601.9231441021,340201.06238508224,599.1392409801483,3.324937062937063,0.0944055944055944,3.4193426573406214,1.2599370629371833,15.853032815269657,21.694454867836928,88,2646,108,174
567,evaluation,340201.06238508224,340810.83355903625,609.77117395401,2.4209055944055944,0.007867132867132868,2.4287727272710526,0.8669650349650055,11.064135527009592,15.013545258229696,61,1967,9,41
568,evaluation,340810.83355903625,341404.2494401932,593.4158811569214,3.099660839160839,0.0026223776223776225,3.102283216780961,0.8962202797201826,14.521777481170242,18.716981647497438,77,2533,3,274
569,evaluation,341404.2494401932,342008.89668512344,604.6472449302673,3.3687552447552447,0.026223776223776224,3.3949790209762796,1.2115874125873916,15.596692715576467,21.162782065575993,76,2854,30,273
570,evaluation,342008.89668512344,342608.2753109932,599.378625869751,3.827423076923077,0.0,3.827423076919331,0.9415384615383573,17.737921090868387,22.10141438624369,87,3234,0,316
571,evaluation,342608.2753109932,343200.5429251194,592.2676141262054,3.425902097902098,0.0,3.4259020978986428,1.367727272727052,16.06772764442744,22.4824670858831,72,2972,0,224
572,evaluation,343200.5429251194,343801.4758141041,600.9328889846802,2.725237762237762,0.03583916083916084,2.761076923075734,1.1842167832165842,12.762919554322552,18.236893644915337,62,2302,41,311
573,evaluation,343801.4758141041,344404.27848505974,602.802670955658,3.4672587412587412,0.006118881118881119,3.473377622374528,1.2829370629368668,16.005687496333103,21.917595713420397,74,2993,7,118
574,evaluation,344404.27848505974,345001.0999159813,596.8214309215546,3.381755244755245,0.08653846153846154,3.4682937062921155,0.9473846153847489,16.142431697322017,20.55183088319974,88,2711,99,186
575,evaluation,345001.0999159813,345606.76169610023,605.6617801189423,3.294944055944056,0.006993006993006993,3.301937062935167,1.7050839160837086,15.143843805442295,22.96395788034434,86,2638,8,216
576,evaluation,345606.76169610023,346200.55248212814,593.7907860279083,3.9495769230769233,0.07954545454545454,4.029122377622116,2.0291923076920284,18.848400594718182,28.341045869410724,111,3058,91,282
577,evaluation,346200.55248212814,346810.0965330601,609.5440509319305,3.9592482517482517,0.032342657342657344,3.9915909090880177,1.1026503496502755,18.190239915065177,23.21517229399089,105,3148,37,138
578,evaluation,346810.0965330601,347400.13681411743,590.0402810573578,5.716493006993007,0.24475524475524477,5.961248251750931,2.4838181818180374,28.064224516755015,39.75748541944802,203,3869,280,509
579,evaluation,347400.13681411743,348015.2927970886,615.1559829711914,3.760493006993007,0.18181818181818182,3.9423111888106632,1.808094405594261,17.801768521330068,25.966339132712395,109,2868,208,316
580,evaluation,348015.2927970886,348600.79298996925,585.5001928806305,4.175157342657343,0.09003496503496504,4.265192307690768,1.5776538461536802,20.235273283115525,27.720107358585278,105,3395,103,483
581,evaluation,348600.79298996925,349211.308396101,610.5154061317444,3.992874125874126,0.08741258741258742,4.080286713285886,1.092024475524454,18.564854621676723,23.53344557029626,108,3147,100,418
582,evaluation,349211.308396101,349801.7817521095,590.4733560085297,2.6181853146853147,0.016608391608391608,2.6347937062928395,0.6181118881115708,12.394922365075658,15.30272074327949,59,2219,19,205
583,evaluation,349801.7817521095,350404.02865719795,602.2469050884247,3.6178496503496502,0.09003496503496504,3.707884615384046,1.1325069930070413,17.102087864888638,22.32561451446008,95,2889,103,112
584,evaluation,350404.02865719795,351000.66675400734,596.6380968093872,3.9371783216783216,0.032342657342657344,3.969520979018853,1.3442622377619955,18.480963959413188,24.73946771826408,97,3228,37,213
585,evaluation,351000.66675400734,351606.04073405266,605.3739800453186,4.261367132867133,0.0026223776223776225,4.263989510486226,0.95699999999988,19.5654516007256,23.956676564053016,109,3441,3,415
586,evaluation,351606.04073405266,352205.15483498573,599.114100933075,4.00863986013986,0.13986013986013987,4.148499999997284,1.8254405594404943,19.234418106941494,27.698028315353067,89,3415,160,453
587,evaluation,352205.15483498573,352800.9732980728,595.8184630870819,3.6716363636363636,0.08916083916083917,3.760797202793583,1.2209300699299774,17.533291671648087,23.225415408280973,92,2990,102,154
588,evaluation,352800.9732980728,353404.2877280712,603.3144299983978,3.578160839160839,0.019230769230769232,3.5973916083917175,1.0655279720280078,16.563095412422015,21.468994849152185,86,2962,22,423
589,evaluation,353404.2877280712,354011.871104002,607.5833759307861,3.425437062937063,0.0,3.4254370629348614,1.0181328671326355,15.660571584971873,20.315318513831667,75,2932,0,50
590,evaluation,354011.871104002,354604.8370370865,592.9659330844879,3.9534335664335667,0.007867132867132868,3.9613006992999544,1.324349650349518,18.55690595305282,24.760886356464002,88,3365,9,310
591,evaluation,354604.8370370865,355200.8354871273,595.9984500408173,4.814192307692307,0.038461538461538464,4.852653846154226,1.3489615384614808,22.616827302438214,28.90395000277352,131,3784,44,304
592,evaluation,355200.8354871273,355801.81165599823,600.9761688709259,3.632437062937063,0.0,3.6324370629349687,1.1887237762236964,16.789522572183795,22.283934265259823,93,2932,0,140
593,evaluation,355801.81165599823,356401.51727199554,599.7056159973145,3.2072587412587414,0.045454545454545456,3.252713286712151,1.460576923077042,15.066249913782942,21.831499415254115,84,2564,52,2
594,evaluation,356401.51727199554,357002.3543930054,600.8371210098267,3.6220034965034964,0.0673076923076923,3.6893111888098247,1.922933566433585,17.056347348117708,25.946414126949485,87,2999,77,120
595,evaluation,357002.3543930054,357602.00259900093,599.6482059955597,3.007059440559441,0.0,3.0070594405588054,2.4875069930070595,13.929738815069085,25.452731093130254,71,2506,0,69
596,evaluation,357602.00259900093,358200.6111381054,598.6085391044617,3.275986013986014,0.03146853146853147,3.30745454545513,1.5159195804195633,15.347882860338672,22.382342692283146,88,2590,36,112
597,evaluation,358200.6111381054,358802.8608980179,602.2497599124908,3.7173636363636366,0.022727272727272728,3.740090909088849,1.3950174825175736,17.25055301915105,23.684841283717812,94,3016,26,196
598,evaluation,358802.8608980179,359403.716643095,600.8557450771332,3.3120734265734266,0.0,3.312073426570578,1.3347027972027945,15.311834892288351,21.482214056298684,77,2776,0,173
599,evaluation,359403.716643095,360003.67396712303,599.9573240280151,2.720506993006993,0.10227272727272728,2.8227797202798683,1.011797202797311,13.069354209914833,17.753933717468705,85,1994,117,226
600,evaluation,360003.67396712303,360600.1926150322,596.5186479091644,3.1835769230769233,0.07255244755244755,3.256129370626468,1.0783111888110852,15.162650554188733,20.183966934320775,77,2629,83,137
601,evaluation,360600.1926150322,361216.6303219795,616.4377069473267,3.3138216783216783,0.03146853146853147,3.3452902097888,0.9297657342658567,15.074471759669347,19.264161270988783,77,2778,36,127
602,evaluation,361216.6303219795,361804.26094412804,587.6306221485138,3.1197097902097903,0.12937062937062938,3.249080419579741,0.7069195804194806,15.358667583940875,18.700333976314578,83,2477,148,446
603,evaluation,361804.26094412804,362409.7743220329,605.513377904892,3.1299825174825173,0.0017482517482517483,3.1317307692302165,0.8596433566432324,14.366738133601611,18.310330959178124,75,2594,2,230
604,evaluation,362409.7743220329,363012.7391960621,602.9648740291595,2.871353146853147,0.0026223776223776225,2.873975524474872,0.5824650349649119,13.240017270689755,15.923355057258782,63,2456,3,183
605,evaluation,363012.7391960621,363601.5346651077,588.795469045639,2.982143356643357,0.11013986013986014,3.092283216783244,0.6578321678322254,14.588555880191043,17.692030131230453,87,2267,126,297
606,evaluation,363601.5346651077,364204.6606121063,603.1259469985962,2.799972027972028,0.1346153846153846,2.934587412588371,1.1668706293705782,13.5156375582871,18.889817395748757,78,2177,154,218
607,evaluation,364204.6606121063,364802.2798449993,597.6192328929901,2.0940944055944057,0.037587412587412584,2.131681818181505,0.936895104895143,9.908212550613577,14.262969324232408,49,1751,43,47
608,evaluation,364802.2798449993,365406.8105330467,604.5306880474091,2.4230384615384617,0.0,2.4230384615382263,0.5931468531470045,11.13369846434422,13.859168287806186,51,2101,0,2
609,evaluation,365406.8105330467,366000.1570260525,593.3464930057526,2.5096013986013985,0.04807692307692308,2.5576783216781678,0.6688671328670353,11.973883874616789,15.105214858898087,64,2029,55,61
610,evaluation,366000.1570260525,366601.3547370434,601.1977109909058,3.5781608391608395,0.007867132867132868,3.586027972025022,0.7466643356643772,16.568906749113506,20.018799456856858,86,2962,9,154
611,evaluation,366601.3547370434,367213.35636520386,612.0016281604767,3.0338286713286715,0.04895104895104895,3.082779720276676,0.9296293706294136,13.992245456137203,18.2116848962858,75,2484,56,452
612,evaluation,367213.35636520386,367801.66540813446,588.309042930603,3.6987097902097905,0.0,3.698709790206749,1.0746783216783342,17.463940058636503,22.538173739184028,79,3192,0,259
613,evaluation,367801.66540813446,368400.7388560772,599.0734479427338,2.3753706293706296,0.051573426573426576,2.4269440559423856,1.5393846153847335,11.253229949786887,18.391033153631795,54,2007,59,72
614,evaluation,368400.7388560772,369003.0936319828,602.3547759056091,2.5470524475524474,0.04283216783216783,2.589884615383653,0.8417517482517951,11.94333342971829,15.825097788905776,63,2085,49,188
615,evaluation,369003.0936319828,369602.4304840565,599.3368520736694,2.6240314685314687,0.043706293706293704,2.667737762236584,1.2821188811188904,12.364303391729033,18.306606662612033,57,2252,50,121
616,evaluation,369602.4304840565,370218.6835241318,616.2530400753021,3.425188811188811,0.013111888111888112,3.438300699299134,0.8508216783217222,15.498236365159714,19.33333882664296,86,2787,15,269
617,evaluation,370218.6835241318,370801.8365421295,583.1530179977417,2.274213286713287,0.06555944055944056,2.3397727272733846,0.8888181818181238,11.14522001306672,15.378996256595684,75,1615,75,214
618,evaluation,370801.8365421295,371402.38525009155,600.5487079620361,3.184667832167832,0.06555944055944056,3.250227272726079,0.9192202797200935,15.033600058098573,19.28536120924777,85,2525,75,345
619,evaluation,371402.38525009155,372001.73563599586,599.3503859043121,2.8137972027972027,0.009615384615384616,2.8234125874107576,1.224234265734026,13.08552213740439,18.759416437170326,64,2377,11,59
620,evaluation,372001.73563599586,372605.91385912895,604.1782231330872,3.532185314685315,0.037587412587412584,3.5697727272713564,1.5797307692309914,16.412434235239008,23.67542528261945,95,2791,43,208
621,evaluation,372605.91385912895,373201.25387120247,595.3400120735168,3.503748251748252,0.05244755244755245,3.556195804193976,1.9214580419580898,16.592739406035136,25.558008565903744,98,2719,60,174
622,evaluation,373201.25387120247,373804.6636900902,603.4098188877106,2.6453076923076924,0.004370629370629371,2.649678321678948,0.9963356643357884,12.197709301093148,16.784308625417665,72,2079,5,138
623,evaluation,373804.6636900902,374406.0241200924,601.3604300022125,3.337118881118881,0.025349650349650348,3.3624685314653107,1.129475524475538,15.531767471225203,20.748991378710368,94,2581,29,258
624,evaluation,374406.0241200924,375010.4763851166,604.4522650241852,3.0393146853146855,0.037587412587412584,3.076902097899165,2.051237762237861,14.139992132560367,23.566514295806485,96,2214,43,116
625,evaluation,375010.4763851166,375601.3205521107,590.8441669940948,2.78593006993007,0.09877622377622378,2.8847062937038572,1.289713286713436,13.56207522338648,19.62549618556103,84,2082,113,135
626,evaluation,375601.3205521107,376211.12577319145,609.80522108078,2.2922727272727275,0.06031468531468532,2.352587412585308,0.8225769230768947,10.716479310201507,14.463472314591167,60,1833,69,175
627,evaluation,376211.12577319145,376802.3995671272,591.2737939357758,2.463192307692308,0.0,2.4631923076890416,1.4463181818183557,11.571967039425486,18.3667050207917,57,2068,0,164
628,evaluation,376802.3995671272,377413.4950070381,611.0954399108887,2.437129370629371,0.1791958041958042,2.616325174821668,0.7353006993007511,11.892692131902837,15.235053748592675,71,1854,205,290
629,evaluation,377413.4950070381,378013.6483089924,600.1533019542694,3.478318181818182,0.04020979020979021,3.518527972026277,0.6905839160840515,16.285320399576086,19.481651486213167,91,2782,46,115
630,evaluation,378013.6483089924,378608.1807670593,594.5324580669403,3.091465034965035,0.019230769230769232,3.1106958041941652,0.8782727272724742,14.533809821614113,18.637280425344414,81,2471,22,249
631,evaluation,378608.1807670593,379201.82982611656,593.6490590572357,3.6709545454545456,0.01660839160839161,3.687562937060875,0.9935769230770575,17.254689828023118,21.903793292978577,87,3055,19,70
632,evaluation,379201.82982611656,379802.21015000343,600.3803238868713,2.188660839160839,0.0,2.1886608391598656,0.7262867132866404,10.126270299389446,13.486578777520608,63,1675,0,68
633,evaluation,379802.21015000343,380408.6148571968,606.4047071933746,2.675300699300699,0.0743006993006993,2.749601398600362,1.106965034964901,12.595188612785737,17.66589937479682,74,2087,85,186
634,evaluation,380408.6148571968,381020.12155508995,611.5066978931427,2.838216783216783,0.04195804195804195,2.880174825173981,0.5747342657341505,13.083234661288474,15.693973148670311,70,2326,48,277
635,evaluation,381020.12155508995,381604.38224220276,584.2606871128082,2.7160314685314684,0.032342657342657344,2.7483741258724876,0.5711013986012858,13.06672302324277,15.781936983174342,65,2252,37,342
636,evaluation,381604.38224220276,382204.7556359768,600.3733937740326,3.2943986013986013,0.05332167832167832,3.3477202797180325,1.0169860139859566,15.48906579748106,20.194406139425,82,2690,61,283
637,evaluation,382204.7556359768,382817.5424900055,612.7868540287018,3.4579965034965037,0.0506993006993007,3.5086958041938487,0.9389160839160695,15.905003786880737,20.161133330045843,83,2864,58,198
638,evaluation,382817.5424900055,383403.1295490265,585.5870590209961,2.480755244755245,0.06905594405594405,2.5498111888098265,0.652860139860195,12.09522776963366,15.19212064074428,64,1996,79,281
639,evaluation,383403.1295490265,384000.5182390213,597.388689994812,2.5303566433566433,0.16083916083916083,2.691195804195331,0.6006853146851654,12.513701758580032,15.30680840173238,88,1737,184,414
640,evaluation,384000.5182390213,384602.15263199806,601.6343929767609,2.490562937062937,0.0,2.4905629370618954,0.46317482517474673,11.499060661243828,13.63756329941219,59,2073,0,256
641,evaluation,384602.15263199806,385203.0933790207,600.9407470226288,2.4808916083916084,0.0,2.4808916083914028,0.9340000000000828,11.46762906827165,15.784933989427893,65,1983,0,17
642,evaluation,385203.0933790207,385800.5593600273,597.4659810066223,3.6597832167832167,0.0,3.659783216781989,1.6243111888113617,17.015302651937617,24.56715609281592,82,3108,0,285
643,evaluation,385800.5593600273,386400.73971509933,600.1803550720215,3.116325174825175,0.0,3.1163251748257608,2.804622377622536,14.423095900764771,27.40355694015502,71,2631,0,3
644,evaluation,386400.73971509933,387000.4169421196,599.6772270202637,4.3923671328671325,0.04020979020979021,4.432576923072702,1.5026153846152965,20.53223487640896,27.49253190929698,153,3012,46,86
645,evaluation,387000.4169421196,387600.37023711205,599.9532949924469,4.882367132867133,0.493006993006993,5.375374125874032,1.4583076923074714,24.88792864164997,31.639878726205843,163,3441,564,662
646,evaluation,387600.37023711205,388202.1562271118,601.7859899997711,3.5580804195804197,0.045454545454545456,3.603534965031713,1.2296153846151583,16.633520077998416,22.30928911773616,99,2768,52,273
647,evaluation,388202.1562271118,388806.448925972,604.2926988601685,3.5355454545454545,0.06905594405594406,3.6046013986008347,1.57355594405567,16.56942352880982,23.802654613234754,94,2808,79,384
648,evaluation,388806.448925972,389403.9994189739,597.5504930019379,3.3841853146853147,0.0,3.384185314683691,1.4782762237761062,15.731749656483466,22.603675781402067,93,2648,0,148
649,evaluation,389403.9994189739,390008.0078961849,604.0084772109985,2.6379055944055945,0.019230769230769232,2.6571363636342085,1.1276713286712265,12.219918464581346,17.40597209726875,69,2110,22,25
650,evaluation,390008.0078961849,390608.673140049,600.6652438640594,2.7272027972027972,0.0,2.7272027972010164,1.3004195804194296,12.611955499256089,18.625748787899845,70,2199,0,139
651,evaluation,390608.673140049,391207.9838089943,599.3106689453125,2.922734265734266,0.0026223776223776225,2.925356643354462,0.8108846153845661,13.558895406102266,17.31730883283972,68,2449,3,273
652,evaluation,391207.9838089943,391800.6905360222,592.7067270278931,2.8109265734265736,0.10576923076923077,2.916695804193523,0.8634685314683566,13.669378834385167,17.716108168037557,75,2229,121,228
653,evaluation,391800.6905360222,392400.14277505875,599.4522390365601,2.9585734265734267,0.03146853146853147,2.990041958040365,0.523216783216867,13.855435954365584,16.279949299601615,68,2490,36,370
654,evaluation,392400.14277505875,393006.4280040264,606.2852289676666,3.1280174825174827,0.0541958041958042,3.182213286710976,0.5414370629371206,14.579740573644692,17.06040770790171,67,2697,62,103
655,evaluation,393006.4280040264,393604.935213089,598.5072090625763,2.1277762237762237,0.0,2.1277762237748448,0.24106643356651603,9.875385661180138,10.994217601691265,46,1829,0,141
656,evaluation,393604.935213089,394203.7751131058,598.8399000167847,2.3184405594405595,0.12412587412587411,2.442566433565844,0.9858461538459551,11.330084651534722,15.90302900341006,66,1784,142,288
657,evaluation,394203.7751131058,394809.3992190361,605.6241059303284,2.8193706293706295,0.06468531468531469,2.8840559440534435,0.9332622377622783,13.228116966975776,17.5086518391899,60,2436,74,92
658,evaluation,394809.3992190361,395400.71050810814,591.3112890720367,4.173216783216783,0.033216783216783216,4.206433566429951,1.7801223776223196,19.7603832371856,28.122788071421358,110,3327,38,183
659,evaluation,395400.71050810814,396008.4504210949,607.7399129867554,2.6580104895104895,0.008741258741258742,2.6667517482514995,0.6331643356642189,12.188838657541291,15.082823047418175,69,2133,10,151
660,evaluation,396008.4504210949,396610.11591911316,601.6654980182648,2.8516013986013986,0.037587412587412584,2.8891888111882054,1.0423356643357238,13.338847751713434,18.151117783669683,72,2315,43,70
661,evaluation,396610.11591911316,397205.12968707085,595.0137679576874,2.8164755244755244,0.0,2.816475524474299,1.6054895104896332,13.1485077234372,20.643616786202887,58,2459,0,126
662,evaluation,397205.12968707085,397808.7176120281,603.5879249572754,2.3495,0.025349650349650348,2.3748496503487786,0.7954790209789735,10.929318350382065,14.59019998136864,63,1859,29,45
663,evaluation,397808.7176120281,398405.89304208755,597.175430059433,2.916206293706294,0.0,2.916206293703908,0.5096398601398278,13.564813001879264,15.935416692018809,65,2481,0,50
664,evaluation,398405.89304208755,399015.7639260292,609.8708839416504,2.9554055944055944,0.0812937062937063,3.0366993006973644,1.1546888111889757,13.831248641938581,19.090507616942993,64,2539,93,287
665,evaluation,399015.7639260292,399600.82125520706,585.0573291778564,2.541863636363636,0.09527972027972029,2.6371433566416727,0.7864090909090464,12.520821204294844,16.254591534177884,57,2158,109,285
666,evaluation,399600.82125520706,400202.53945708275,601.7182018756866,1.4076083916083917,0.03671328671328672,1.4443216783208754,0.905891608391812,6.667580687269173,10.849547546539599,34,1163,42,151
667,evaluation,400202.53945708275,400800.61235404015,598.0728969573975,3.8080244755244754,0.0,3.8080244755233252,0.6841363636361848,17.68654928046214,20.86405288837177,105,2975,0,64
668,evaluation,400800.61235404015,401415.95526504517,615.3429110050201,2.4044895104895105,0.015734265734265736,2.4202237762224286,0.8394580419580961,10.92536161969204,14.71483875938282,56,2014,18,52
669,evaluation,401415.95526504517,402001.60820412636,585.652939081192,3.107062937062937,0.026223776223776224,3.1332867132859974,0.8342132867132932,14.861317382320149,18.818027876068573,80,2502,30,108
670,evaluation,402001.60820412636,402604.95745897293,603.3492548465729,3.839332167832168,0.006993006993006993,3.8463251748230505,0.9335349650350508,17.708212135694964,22.00614183365479,91,3195,8,109
671,evaluation,402604.95745897293,403201.96411800385,597.0066590309143,3.65336013986014,0.0,3.653360139858478,1.1556993006993252,16.998508236399946,22.375794715050514,99,2877,0,96
672,evaluation,403201.96411800385,403803.19446897507,601.2303509712219,2.772409090909091,0.04895104895104895,2.8213601398572337,1.3129860139860057,13.035122872542114,19.101322568355293,81,2106,56,140
673,evaluation,403803.19446897507,404402.12900209427,598.9345331192017,3.125531468531469,0.028846153846153848,3.154377622376387,1.5109475524476466,14.629578990090042,21.637150439869927,68,2681,33,225
674,evaluation,404402.12900209427,405005.44704818726,603.3180460929871,3.291311188811189,0.0,3.2913111888108233,1.4519720279721469,15.153750396224641,21.83887387193337,85,2647,0,110
675,evaluation,405005.44704818726,405601.2121860981,595.7651379108429,3.0740384615384615,0.0,3.074038461537384,1.502671328671454,14.332822085627974,21.339084719124056,75,2530,0,133
676,evaluation,405601.2121860981,406205.5932481289,604.3810620307922,3.5050874125874127,0.0673076923076923,3.5723951048942126,1.2121888111888666,16.4189786200054,21.99028347008567,95,2760,77,130
677,evaluation,406205.5932481289,406802.17432808876,596.5810799598694,3.2469475524475526,0.08391608391608392,3.3308636363624373,1.3098181818181729,15.509038587883776,21.607763406017845,93,2491,96,259
678,evaluation,406802.17432808876,407415.6999781132,613.5256500244141,3.7419755244755244,0.044580419580419584,3.7865559440538163,0.9395174825174308,17.143881360612063,21.397608624762928,95,3031,51,346
679,evaluation,407415.6999781132,408013.9528031349,598.2528250217438,3.9015314685314686,0.05332167832167832,3.9548531468522015,0.5405629370629867,18.362977534295645,20.87289249208402,92,3253,61,115
680,evaluation,408013.9528031349,408608.8341181278,594.8813149929047,1.7085804195804197,0.0,1.7085804195792207,0.8475979020979594,7.978157325572292,11.935986488459225,36,1481,0,0
681,evaluation,408608.8341181278,409223.42644405365,614.592325925827,2.4604335664335664,0.04020979020979021,2.500643356641376,0.9043601398600458,11.302177481255862,15.389621130705066,56,2078,46,46
682,evaluation,409223.42644405365,409801.7864639759,578.3600199222565,3.186744755244755,0.09090909090909091,3.2776538461534983,1.15933216783219,15.74208746019108,21.310188680775298,81,2580,104,110
683,evaluation,409801.7864639759,410402.4372820854,600.6508181095123,4.050132867132867,0.0236013986013986,4.073734265730309,1.6120734265736019,18.83944577241109,26.294662023618788,92,3423,27,192
684,evaluation,410402.4372820854,411000.4389081001,598.0016260147095,2.6309125874125874,0.1013986013986014,2.7323111888099447,0.8395944055945392,12.691860643981945,16.591861213790146,69,2102,116,276
685,evaluation,411000.4389081001,411600.8119959831,600.3730878829956,3.7482867132867135,0.037587412587412584,3.7858741258721693,0.6933426573426686,17.516303159755388,20.72422813976676,90,3104,43,56
686,evaluation,411600.8119959831,412206.3312880993,605.5192921161652,2.99134965034965,0.0,2.991349650348866,0.6745769230769838,13.722609159594693,16.81718403230295,84,2317,0,73
687,evaluation,412206.3312880993,412813.2061831951,606.8748950958252,2.5898846153846153,0.0,2.5898846153827435,0.7645559440560419,11.85437721968707,15.353890098574968,63,2134,0,95
688,evaluation,412813.2061831951,413402.49197101593,589.285787820816,2.987283216783217,0.0,2.987283216781634,1.2277867132867186,14.081467951560555,19.869014025981244,67,2536,0,199
689,evaluation,413402.49197101593,414002.4873971939,599.9954261779785,2.374304195804196,0.0743006993006993,2.4486048951032444,0.6909930069928123,11.336220190056348,14.535286275687689,59,1940,85,90
690,evaluation,414002.4873971939,414609.60363411903,607.1162369251251,3.1326048951048953,0.0,3.132604895102304,0.6033076923075669,14.332807681527107,17.093159981335283,75,2597,0,72
691,evaluation,414609.60363411903,415205.55825710297,595.9546229839325,3.942776223776224,0.0026223776223776225,3.945398601395709,0.6675279720280969,18.389723205043474,21.501108359591843,106,3116,3,211
692,evaluation,415205.55825710297,415800.46593403816,594.9076769351959,2.7700104895104896,0.0,2.7700104895079676,0.5062797202797356,12.933895258527233,15.297846188813827,57,2419,0,59
693,evaluation,415800.46593403816,416401.4271430969,600.9612090587616,3.812972027972028,0.04283216783216783,3.855804195802193,0.9256678321678464,17.82239360730509,22.10103837677571,90,3178,49,193
694,evaluation,416401.4271430969,417005.3989481926,603.9718050956726,2.932269230769231,0.022727272727272728,2.9549965034950674,0.6070769230768747,13.590574181725875,16.382632970055468,61,2552,26,222
695,evaluation,417005.3989481926,417607.26786899567,601.8689208030701,3.0613356643356644,0.06293706293706293,3.1242727272708635,0.815391608391451,14.419311337684018,18.18255049439098,78,2476,72,185
696,evaluation,417607.26786899567,418206.3815190792,599.1136500835419,3.8174790209790213,0.016608391608391608,3.834087412586314,1.2009615384614563,17.776665264191053,23.34489805781178,91,3170,19,264
697,evaluation,418206.3815190792,418805.6443490982,599.2628300189972,2.855755244755245,0.022727272727272728,2.8784825174811886,0.9258041958041758,13.342701015731773,17.634104041000416,64,2425,26,71
698,evaluation,418805.6443490982,419406.26069903374,600.6163499355316,3.5144055944055945,0.0,3.5144055944040247,0.890430069930062,16.253699659167804,20.371830744307207,80,2968,0,70
699,evaluation,419406.26069903374,420002.3087890148,596.0480899810791,2.6833356643356643,0.0,2.6833356643353454,1.0684230769231817,12.505216112590492,17.4844148219354,56,2333,0,80
700,evaluation,420002.3087890148,420601.41678118706,599.1079921722412,3.0365874125874126,0.11013986013986013,3.1467272727270483,0.8408776223776613,14.589872285322663,18.488620430547094,76,2474,126,256
701,evaluation,420601.41678118706,421200.93723011017,599.520448923111,3.4944055944055945,0.22377622377622378,3.7181818181802555,0.7679160839161341,17.22757388315113,20.785584684830397,100,2682,256,354
702,evaluation,421200.93723011017,421815.16068410873,614.2234539985657,3.3700944055944055,0.013986013986013986,3.3840804195783676,1.0659370629371097,15.304240381132269,20.124857807339556,73,2895,16,252
703,evaluation,421815.16068410873,422421.2449641228,606.0842800140381,3.0219195804195804,0.025349650349650348,3.047269230768279,0.6197797202796664,13.966105096704856,16.806651190504986,71,2523,29,39
704,evaluation,422421.2449641228,423018.3923931122,597.1474289894104,2.4661993006993006,0.0,2.466199300697781,0.7480839160837149,11.472131136271035,14.952027016460697,47,2203,0,116
705,evaluation,423018.3923931122,423611.59110713005,593.198714017868,2.725237762237762,0.09003496503496504,2.8152727272722586,0.6540069930067602,13.183106833179112,16.24563217039591,62,2302,103,309
706,evaluation,423611.59110713005,424200.3250720501,588.733964920044,2.8198846153846153,0.045454545454545456,2.865339160839312,0.7352447552444801,13.519307396943534,16.988355666688886,83,2134,52,62
707,evaluation,424200.3250720501,424811.18392419815,610.858852148056,3.31556993006993,0.03496503496503497,3.350534965032921,0.7882937062935298,15.235993612622295,18.820626514312398,77,2780,40,191
708,evaluation,424811.18392419815,425406.2141699791,595.0302457809448,2.7482377622377623,0.0017482517482517483,2.749986013983971,1.1150244755244785,12.837750842101247,18.04301600592417,64,2302,2,47
709,evaluation,425406.2141699791,426019.85582113266,613.6416511535645,2.735013986013986,0.10314685314685315,2.8381608391598547,0.7527272727271566,12.847530955500908,16.25490900256698,76,2129,118,218
710,evaluation,426019.85582113266,426612.7071521282,592.8513309955597,3.0323846153846157,0.0,3.03238461538308,1.0088461538460933,14.208099329296584,18.93500181029478,58,2706,0,80
711,evaluation,426612.7071521282,427203.53836607933,590.8312139511108,2.388618881118881,0.0,2.3886188811184184,0.9163251748251469,11.230030321487844,15.538109596488644,55,2009,0,68
712,evaluation,427203.53836607933,427805.9739820957,602.4356160163879,2.8218566433566434,0.06555944055944056,2.887416083914559,0.606475524475286,13.313622269109086,16.11002771038948,59,2452,75,208
713,evaluation,427805.9739820957,428403.3948919773,597.4209098815918,3.271125874125874,0.0,3.2711258741232996,0.7318041958042159,15.20947896393798,18.61208740826785,78,2716,0,58
714,evaluation,428403.3948919773,429002.47400712967,599.079115152359,2.905604895104895,0.0,2.9056048951042612,1.1183846153846844,13.472552296489326,18.658217850582762,77,2311,0,235
715,evaluation,429002.47400712967,429600.30717110634,597.8331639766693,3.0870139860139862,0.0,3.087013986010561,0.6872237762237319,14.343531551510738,17.536654731976842,74,2558,0,305
716,evaluation,429600.30717110634,430202.5234529972,602.2162818908691,2.7052692307692308,0.0,2.705269230767499,0.9288916083916092,12.478302194922254,16.762899847526473,63,2266,0,4
717,evaluation,430202.5234529972,430804.5802850723,602.056832075119,3.5086153846153847,0.0,3.508615384615041,0.4837447552447429,16.188096084819133,18.42000403710159,76,3014,0,266
718,evaluation,430804.5802850723,431401.5559771061,596.9756920337677,4.429993006993007,0.007867132867132868,4.437860139856866,0.6835909090909809,20.649734054317207,23.830539674535554,102,3726,9,258
719,evaluation,431401.5559771061,432011.11840319633,609.5624260902405,2.9337937062937063,0.06993006993006994,3.0037237762232962,0.6039090909090419,13.687978128333564,16.43999364097515,85,2238,80,358
720,evaluation,432011.11840319633,432600.78911709785,589.6707139015198,3.552041958041958,0.06031468531468531,3.6123566433559517,1.305311188811288,17.016826124757873,23.165790839950294,106,2669,69,345
721,evaluation,432600.78911709785,433209.22398400307,608.4348669052124,3.0963811188811188,0.08304195804195805,3.1794230769210117,1.1549615384616345,14.51549089248144,19.788407798180128,85,2424,95,265
722,evaluation,433209.22398400307,433802.4964311123,593.2724471092224,4.094,0.07867132867132867,4.172671328670731,1.724370629370469,19.536982961590013,27.61070766978378,106,3289,90,211
723,evaluation,433802.4964311123,434406.3484520912,603.8520209789276,3.9805244755244757,0.07167832167832168,4.052202797203563,1.2492307692309623,18.640525310938195,24.387107833693758,120,2975,82,159
724,evaluation,434406.3484520912,435000.9452610016,594.5968089103699,2.9909160839160838,0.06643356643356643,3.0573496503482147,0.9383706293706382,14.283019670423602,18.666805527528727,68,2527,76,159
725,evaluation,435000.9452610016,435606.94918608665,606.0039250850677,3.23843006993007,0.0673076923076923,3.3057377622369586,0.9551153846152829,15.152715213545667,19.53073684141441,69,2797,77,479
726,evaluation,435606.94918608665,436210.68183112144,603.73264503479,3.847006993006993,0.0017482517482517483,3.8487552447538746,0.8149825174825764,17.708147602935604,21.45788740076653,96,3138,2,127
727,evaluation,436210.68183112144,436810.6855261326,600.0036950111389,3.773636363636364,0.03409090909090909,3.807727272725515,1.1819230769232263,17.628258442348162,23.100090841737366,90,3133,39,119
728,evaluation,436810.6855261326,437402.7466571331,592.0611310005188,3.5852097902097904,0.04283216783216783,3.6280419580405123,0.665972027971975,17.021712455373965,20.146258558902108,80,3049,49,92
729,evaluation,437402.7466571331,438010.8994281292,608.1527709960938,3.4683496503496505,0.09527972027972027,3.5636293706288598,1.0410524475526017,16.2771115187997,21.032187039667363,82,2889,109,310
730,evaluation,438010.8994281292,438603.29904198647,592.3996138572693,4.095475524475525,0.05944055944055944,4.154916083914941,1.2312832167831402,19.4825136554095,25.256033890268785,104,3317,68,576
731,evaluation,438603.29904198647,439200.3165650368,597.0175230503082,4.426713286713287,0.04020979020979021,4.466923076921603,1.4081293706294673,20.783509996027497,27.335194532826335,110,3617,46,299
732,evaluation,439200.3165650368,439802.77804112434,602.4614760875702,4.35643006993007,0.07080419580419581,4.4272342657325225,0.9508811188811706,20.412712594067035,24.796953821381315,101,3655,81,352
733,evaluation,439802.77804112434,440400.8690621853,598.0910210609436,2.7855524475524476,0.019230769230769232,2.8047832167808338,0.5801713286713266,13.02655317788261,15.72110462127601,62,2371,22,208
734,evaluation,440400.8690621853,441002.82814598083,601.9590837955475,2.7785594405594405,0.0026223776223776225,2.7811818181824037,0.506472027971995,12.833937153657073,15.171083950242528,62,2363,3,204
735,evaluation,441002.82814598083,441607.2364780903,604.4083321094513,3.638611888111888,0.06031468531468532,3.698926573427343,1.119122377622375,16.99975908908448,22.14309200828133,87,3018,69,302
736,evaluation,441607.2364780903,442200.2535440922,593.0170660018921,4.701244755244756,0.03146853146853147,4.7327132867148975,0.8800769230768992,22.168714106423124,26.291121807342016,104,4010,36,329
737,evaluation,442200.2535440922,442804.3025820255,604.0490379333496,4.617706293706294,0.12150349650349651,4.739209790212499,0.9711223776223505,21.7937134450402,26.25951338952625,126,3625,139,662
738,evaluation,442804.3025820255,443400.37282800674,596.0702459812164,4.302482517482518,0.11013986013986014,4.412622377626121,1.1565734265735728,20.563489731159365,25.953297366040047,90,3738,126,608
739,evaluation,443400.37282800674,444003.58653211594,603.2137041091919,4.265384615384615,0.07080419580419581,4.336188811192187,0.7194300699301266,19.967996147827197,23.280946180813594,100,3564,81,309
740,evaluation,444003.58653211594,444604.0970110893,600.5104789733887,2.577318181818182,0.006118881118881119,2.5834370629390833,0.6884265734267956,11.950189572015901,15.134640308948018,67,2067,7,76
741,evaluation,444604.0970110893,445201.04324412346,596.9462330341339,3.1124195804195804,0.025349650349650348,3.1377692307692087,0.7297832167832894,14.601022937567059,17.996932803472564,68,2666,29,304
742,evaluation,445201.04324412346,445800.1531391144,599.109894990921,3.5204685314685316,0.06031468531468531,3.5807832167829474,0.9089230769232017,16.60232977252158,20.81655882447904,86,2896,69,231
743,evaluation,445800.1531391144,446413.228441,613.0753018856049,3.1949405594405595,0.05769230769230769,3.252632867135162,1.1329720279719595,14.737327159979403,19.870700682728064,77,2642,66,374
744,evaluation,446413.228441,447000.9118220806,587.6833810806274,3.068657342657343,0.05944055944055944,3.128097902099853,1.5383741258742702,14.785445903172011,22.056812762159314,74,2537,68,215
745,evaluation,447000.9118220806,447602.0762591362,601.1644370555878,3.5825314685314686,0.09265734265734266,3.675188811189855,1.472541958042143,16.98180594124836,23.785924874051293,86,2967,106,115
746,evaluation,447602.0762591362,448200.7368860245,598.6606268882751,3.3338706293706295,0.07867132867132867,3.4125419580436755,0.9420034965036166,15.834151756488044,20.205036130131376,83,2722,90,244
747,evaluation,448200.7368860245,448801.9065849781,601.1696989536285,2.930409090909091,0.0,2.930409090910416,0.9929755244755825,13.540311939695975,18.128476231026877,73,2392,0,108
748,evaluation,448801.9065849781,449402.4789171219,600.5723321437836,3.0048461538461537,0.005244755244755245,3.0100909090947425,0.9351468531468754,13.9223257363808,18.2475835090265,74,2464,6,192
749,evaluation,449402.4789171219,450001.5171780586,599.0382609367371,4.499265734265735,0.1048951048951049,4.604160839164251,1.1912657342658122,21.349780971146206,26.873754479794332,110,3700,120,339
750,evaluation,450001.5171780586,450601.41604208946,599.898864030838,2.8642237762237763,0.0034965034965034965,2.867720279720743,0.7291818181817007,13.278721037018293,16.655131915505788,62,2461,4,301
751,evaluation,450601.41604208946,451206.24779200554,604.8317499160767,3.8296923076923077,0.0,3.829692307692312,0.9102622377623675,17.588418910730574,21.76893062552966,78,3355,0,155
752,evaluation,451206.24779200554,451800.6727151871,594.4249231815338,2.8068846153846154,0.028846153846153848,2.835730769231759,0.6950909090908226,13.251513534072185,16.499708563439977,71,2277,33,32
753,evaluation,451800.6727151871,452411.9185640812,611.2458488941193,3.4206818181818184,0.09527972027972027,3.515961538460033,0.6595804195804931,15.978120500498655,18.97555244294645,85,2795,109,259
754,evaluation,452411.9185640812,453000.74431300163,588.8257489204407,4.019265734265734,0.0506993006993007,4.069965034966117,0.6879615384615363,19.200006880110077,22.44545644988675,90,3414,58,219
755,evaluation,453000.74431300163,453609.177904129,608.4335911273956,3.7160804195804196,0.07080419580419581,3.786884615387862,0.3867167832167979,17.288861241425778,19.054400328003634,91,3054,81,335
756,evaluation,453609.177904129,454201.04490709305,591.8670029640198,3.399678321678322,0.06118881118881119,3.460867132870135,0.365465034965041,16.242702778455502,17.957920297940568,72,2942,70,439
757,evaluation,454201.04490709305,454800.3080661297,599.2631590366364,3.9931783216783217,0.044580419580419584,4.037758741261769,0.7591748251747958,18.71631241527865,22.23533227663202,91,3371,51,108
758,evaluation,454800.3080661297,455404.53842306137,604.2303569316864,4.488863636363637,0.0,4.488863636367569,0.26231818181815925,20.636278057733197,21.842211536270515,85,4017,0,236
759,evaluation,455404.53842306137,456002.5554881096,598.0170650482178,3.612660839160839,0.0026223776223776225,3.615283216783155,0.7734895104895259,16.79292108352069,20.385764999117985,89,2962,3,70
760,evaluation,456002.5554881096,456606.0237669945,603.4682788848877,2.1867517482517482,0.0,2.186751748251936,0.7492867132867786,10.065666455633359,13.514649698296399,49,1857,0,189
761,evaluation,456606.0237669945,457200.5437140465,594.519947052002,3.0784335664335667,0.04108391608391609,3.1195174825197682,0.9522202797203363,14.575333230271575,19.02439561359221,88,2364,47,265
762,evaluation,457200.5437140465,457800.1218121052,599.5780980587006,3.2025349650349653,0.016608391608391608,3.2191433566463274,1.0476363636364567,14.913928491579798,19.767509734009725,75,2677,19,312
763,evaluation,457800.1218121052,458409.2464170456,609.1246049404144,3.92813986013986,0.02972027972027972,3.9578601398625324,1.0072902097903125,18.048944099264222,22.642467883792676,82,3415,34,274
764,evaluation,458409.2464170456,459007.24410009384,597.9976830482483,2.7492482517482517,0.012237762237762238,2.7614860139860866,0.9717237762238256,12.82746522393395,17.3412497890746,65,2290,14,92
765,evaluation,459007.24410009384,459633.27953004837,626.0354299545288,3.138611888111888,0.0,3.138611888110063,0.9514825174826456,13.926314612097276,18.1481315677195,87,2446,0,180
766,evaluation,459633.27953004837,460217.2767961025,583.9972660541534,3.9642517482517485,0.06293706293706294,4.027188811190626,0.5786958041958314,19.155287596155052,21.907849017982667,84,3430,72,256
767,evaluation,460217.2767961025,460802.010256052,584.7334599494934,3.9290069930069933,0.08566433566433566,4.014671328672648,0.5405629370628731,19.071706282770357,21.639651880063347,114,2995,98,331
768,evaluation,460802.010256052,461400.74022102356,598.7299649715424,3.9012272727272728,0.007867132867132868,3.9090944055988075,0.7636818181820217,18.136048312884554,21.679111977573534,109,3029,9,201
769,evaluation,461400.74022102356,462000.15590906143,599.4156880378723,4.136559440559441,0.01486013986013986,4.151419580422953,0.8082622377622783,19.238270347025782,22.983872818712356,104,3364,17,170
770,evaluation,462000.15590906143,462617.5206589699,617.3647499084473,3.3886678321678323,0.05856643356643357,3.4472342657331865,1.0937167832165642,15.510523948072464,20.431605328324746,81,2811,67,112
771,evaluation,462617.5206589699,463200.8801560402,583.3594970703125,3.1025314685314687,0.0,3.102531468534835,0.6839999999997417,14.773296760272373,18.03029353421814,66,2681,0,67
772,evaluation,463200.8801560402,463800.01793313026,599.1377770900726,3.1921013986013986,0.0,3.1921013986025173,0.6567657342656048,14.799514683440329,17.844472507186005,69,2744,0,187
773,evaluation,463800.01793313026,464405.0681641102,605.0502309799194,3.285769230769231,0.0,3.2857692307716206,0.6853391608392485,15.084924002681136,18.231307218077266,70,2838,0,201
774,evaluation,464405.0681641102,465005.85801410675,600.7898499965668,3.206576923076923,0.043706293706293704,3.2502832167824636,0.8997727272728753,15.027824606417841,19.187962609550365,79,2629,50,386
775,evaluation,465005.85801410675,465600.16203713417,594.30402302742,2.323251748251748,0.021853146853146852,2.3451048951051234,0.5588636363634123,10.96102333448231,13.573152698828505,50,2000,25,29
776,evaluation,465600.16203713417,466200.46107411385,600.2990369796753,3.2508286713286716,0.037587412587412584,3.2884160839162178,1.1830699300697916,15.21656467741159,20.69101184267768,83,2627,43,186
777,evaluation,466200.46107411385,466802.53856897354,602.0774948596954,3.5213986013986016,0.018356643356643356,3.53975524475527,0.931513986013897,16.331209091189834,20.62889314702995,80,2976,21,142
778,evaluation,466802.53856897354,467401.05693411827,598.5183651447296,3.6963846153846154,0.07604895104895106,3.772433566433392,0.926678321678196,17.50820482584218,21.809002594149863,94,2992,87,186
779,evaluation,467401.05693411827,468005.9087600708,604.8518259525299,3.2941503496503497,0.1966783216783217,3.490828671330746,0.993986013985932,16.031606243356748,20.596480056425953,93,2545,225,474
780,evaluation,468005.9087600708,468601.05271101,595.1439509391785,3.044318181818182,0.04283216783216783,3.0871503496523474,1.336314685314619,14.408980590973044,20.64610226738903,75,2496,49,67
781,evaluation,468601.05271101,469204.9866709709,603.9339599609375,3.057783216783217,0.14160839160839161,3.1993916083943077,0.8391293706293936,14.715514445939975,18.575067100626335,84,2393,162,274
782,evaluation,469204.9866709709,469807.7218770981,602.7352061271667,2.8273426573426574,0.07604895104895106,2.9033916083881195,1.0462412587411336,13.380629848715223,18.20235867618729,80,2182,87,102
783,evaluation,469807.7218770981,470407.08266210556,599.3607850074768,3.4416363636363636,0.0008741258741258741,3.4425104895126424,0.49472377622339536,15.954545870747694,18.247376409736813,72,2990,1,202
784,evaluation,470407.08266210556,471002.0799751282,594.9973130226135,2.403888111888112,0.05944055944055944,2.4633286713287816,1.1383531468530919,11.500185787090409,16.814650248330835,58,1987,68,387
785,evaluation,471002.0799751282,471601.7120811939,599.6321060657501,4.1878356643356645,0.0,4.18783566433558,0.9280979020975337,19.400023327138673,23.699409070446066,89,3620,0,327
786,evaluation,471601.7120811939,472200.4065411091,598.6944599151611,3.468374125874126,0.03146853146853147,3.499842657344743,1.1935594405595111,16.238308202589344,21.776096026646876,95,2718,36,264
787,evaluation,472200.4065411091,472801.2201910019,600.813649892807,3.9438986013986015,0.0673076923076923,4.01120629370962,0.8633321678321408,18.54525060595348,22.536745990723677,95,3262,77,357
788,evaluation,472801.2201910019,473400.7113881111,599.4911971092224,4.384811188811189,0.017482517482517484,4.402293706296405,0.8394580419582098,20.39828722683592,24.287965516659106,104,3648,20,236
789,evaluation,473400.7113881111,474001.5302910805,600.8189029693604,3.595041958041958,0.045454545454545456,3.6404965034998895,0.9547062937062947,16.831178642203916,21.245090910717508,88,2955,52,159
790,evaluation,474001.5302910805,474601.3527750969,599.8224840164185,3.499465034965035,0.05244755244755245,3.5519125874161546,1.272503496503532,16.448906329516298,22.341869712738173,73,3043,60,119
791,evaluation,474601.3527750969,475200.96690797806,599.6141328811646,2.510395104895105,0.07517482517482518,2.585569930071415,0.8614475524474301,11.977934309400437,15.968683921014238,57,2122,86,170
792,evaluation,475200.96690797806,475805.60121512413,604.6343071460724,3.2583426573426575,0.02097902097902098,3.279321678323413,0.8393216783217667,15.065679827569234,18.921645456543907,74,2754,24,151
793,evaluation,475805.60121512413,476406.8184700012,601.2172548770905,2.9932657342657345,0.0,2.99326573426697,0.7447797202797801,13.829654708308123,17.270727863733605,66,2556,0,129
794,evaluation,476406.8184700012,477021.74030303955,614.9218330383301,3.157,0.02972027972027972,3.186720279722522,1.024580419580161,14.395326855224866,19.023649624315468,68,2717,34,112
795,evaluation,477021.74030303955,477606.8251900673,585.0848870277405,3.453706293706294,0.08741258741258741,3.541118881119928,0.6767342657342397,16.81199011379517,20.024886988246678,90,2767,100,196
796,evaluation,477606.8251900673,478203.39877319336,596.5735831260681,4.103101398601399,0.06118881118881119,4.164290209794217,1.7097272727269228,19.389850861915154,27.350716978993912,83,3602,70,279
797,evaluation,478203.39877319336,478803.4861140251,600.0873408317566,4.3537517482517485,0.0,4.35375174825549,1.042062937063065,20.153324413563194,24.97698769167518,107,3573,0,512
798,evaluation,478803.4861140251,479400.0196759701,596.5335619449615,3.3306468531468534,0.016608391608391608,3.3472552447556154,1.2276503496506166,15.586602043170702,21.303195505277138,85,2692,19,361
799,evaluation,479400.0196759701,480006.06358909607,606.0439131259918,3.4838916083916085,0.03146853146853147,3.5153601398633327,0.8026083916084872,16.112511100097844,19.791234219314124,87,2841,36,169
800,evaluation,480006.06358909607,480612.6279029846,606.5643138885498,3.408909090909091,0.06293706293706293,3.471846153847764,0.8896923076922576,15.899413917365877,19.973784045618995,82,2821,72,165
801,evaluation,480612.6279029846,481202.77944898605,590.1515460014343,3.169013986013986,0.05681818181818182,3.2258321678345965,0.5014999999998508,15.183633714691872,17.544138512146898,92,2415,65,104
802,evaluation,481202.77944898605,481804.39909005165,601.6196410655975,3.421611888111888,0.0,3.421611888112693,0.8241888111888329,15.798150223524942,19.603566815909822,79,2875,0,41
803,evaluation,481804.39909005165,482402.07278108597,597.673691034317,2.8550734265734268,0.0,2.8550734265754727,0.9379055944054926,13.269380327808594,17.62843671071558,59,2490,0,192
804,evaluation,482402.07278108597,483002.50866413116,600.4358830451965,2.5983776223776225,0.05419580419580419,2.652573426571962,0.647615384615392,12.271517619650469,15.267560452407295,74,1999,62,155
805,evaluation,483002.50866413116,483602.6133019924,600.1046378612518,2.634055944055944,0.04020979020979021,2.6742657342679195,0.4996153846152538,12.378701079516487,14.69133195297941,60,2224,46,109
806,evaluation,483602.6133019924,484200.9205172062,598.3072152137756,2.65120979020979,0.045454545454545456,2.6966643356663553,0.4998881118879126,12.51987954559067,14.840724177369019,64,2191,52,132
807,evaluation,484200.9205172062,484801.8503010273,600.929783821106,2.4619895104895106,0.04020979020979021,2.5021993007003402,0.7133111888110761,11.566332373904704,14.863589428336876,61,2014,46,298
808,evaluation,484801.8503010273,485404.84833812714,602.9980370998383,3.8491083916083917,0.02097902097902098,3.8700874125897826,0.5556958041958069,17.82798973019359,20.387864491196297,105,3022,24,122
809,evaluation,485404.84833812714,486003.85685300827,599.008514881134,2.6186503496503497,0.0,2.618650349651489,0.5012272727273057,12.143447995012544,14.467785538156683,56,2259,0,12
810,evaluation,486003.85685300827,486611.53871512413,607.68186211586,2.8578566433566435,0.024475524475524476,2.8823321678323737,0.5772202797202226,13.17544383520161,15.813978512388305,73,2309,28,168
811,evaluation,486611.53871512413,487201.57221508026,590.033499956131,1.7299685314685316,0.0,1.7299685314683302,0.6047832167831757,8.144398823669215,10.991615769957198,39,1466,0,149
812,evaluation,487201.57221508026,487800.57629299164,599.004077911377,2.430713286713287,0.025349650349650348,2.4560629370644165,0.8733566433567148,11.389566947833742,15.43960728220674,56,2044,29,41
813,evaluation,487800.57629299164,488405.1537439823,604.5774509906769,2.2284615384615387,0.0,2.2284615384628523,1.2636258741258644,10.238838597151712,16.044665239914846,60,1760,0,59
814,evaluation,488405.1537439823,489010.70571398735,605.5519700050354,3.1477377622377625,0.0,3.1477377622418317,2.080958041958297,14.439249543095862,23.984985155850865,77,2588,0,77
815,evaluation,489010.70571398735,489601.1175150871,590.4118010997772,3.4025174825174824,0.05506993006993007,3.4575874125885093,1.365979020978898,16.267306076062617,22.693983460086717,80,2840,63,166
816,evaluation,489601.1175150871,490201.74520611763,600.6276910305023,4.1549335664335665,0.4396853146853147,4.59461888111764,1.574076923076973,21.249153870067033,28.52893128081338,149,2793,503,681
817,evaluation,490201.74520611763,490800.08413410187,598.3389279842377,3.1607377622377624,0.04807692307692308,3.208814685316611,1.403486013986253,14.896864818578099,21.412523551016406,89,2445,55,142
818,evaluation,490800.08413410187,491401.056399107,600.9722650051117,4.2349265734265735,0.22727272727272727,4.462199300701286,1.3143251748251714,20.624908634332115,26.699903232257054,101,3516,260,329
819,evaluation,491401.056399107,492004.65667009354,603.600270986557,3.5985384615384617,0.06643356643356643,3.6649720279742724,1.6084405594407372,16.86625792735038,24.268326245833087,88,2959,76,179
820,evaluation,492004.65667009354,492606.28326010704,601.626590013504,2.4362307692307694,0.049825174825174824,2.4860559440576253,0.8139160839159558,11.47840050679268,15.236342805904787,58,2024,57,71
821,evaluation,492606.28326010704,493204.1479370594,597.8646769523621,2.490395104895105,0.12150349650349651,2.611898601399389,0.7658951048949802,12.135311170678166,15.693785997010417,77,1836,139,249
822,evaluation,493204.1479370594,493800.68952298164,596.5415859222412,2.5742307692307693,0.04195804195804196,2.616188811189204,0.4956538461536866,12.182203745202795,14.490200826727891,70,2024,48,158
823,evaluation,493800.68952298164,494400.9173359871,600.2278130054474,2.6650594405594408,0.061188811188811185,2.7262482517489843,1.2053881118882828,12.61672925900067,18.195111730211533,63,2220,70,218
824,evaluation,494400.9173359871,495000.8156270981,599.8982911109924,2.8684265734265733,0.012237762237762238,2.8806643356615496,1.304709790209813,13.338670063597306,19.38001726426076,80,2229,14,59
825,evaluation,495000.8156270981,495600.2235701084,599.4079430103302,2.7979265734265737,0.02972027972027972,2.8276468531489627,1.1394999999999982,13.1038880676615,18.38456179695354,63,2372,34,33
826,evaluation,495600.2235701084,496202.42014312744,602.1965730190277,3.0548076923076923,0.01048951048951049,3.0652972027969554,2.0295454545450866,14.139426947461905,23.501197696772397,75,2508,12,75
827,evaluation,496202.42014312744,496803.21761512756,600.7974720001221,2.5303076923076926,0.10664335664335664,2.6369510489525965,1.1754755244753596,12.191902207042803,17.626695032224607,62,2079,122,188
828,evaluation,496803.21761512756,497401.1921520233,597.974536895752,3.016234265734266,0.05332167832167833,3.069555944057811,1.8857552447553871,14.259042422287566,23.01896226838596,87,2306,61,426
829,evaluation,497401.1921520233,498002.0085000992,600.8163480758667,2.136132867132867,0.037587412587412584,2.173720279723966,1.0551188811185739,10.04984619251645,14.928018682798083,56,1707,43,89
830,evaluation,498002.0085000992,498605.56775712967,603.5592570304871,4.7544475524475525,0.14423076923076925,4.898678321686475,1.1511363636361693,22.54532529148574,27.843232618523224,148,3492,165,226
831,evaluation,498605.56775712967,499201.0331571102,595.465399980545,4.192832167832168,0.05856643356643356,4.251398601403707,0.6109825174822845,19.832286745504263,22.68245009629282,100,3481,67,306
832,evaluation,499201.0331571102,499804.77425408363,603.7410969734192,3.694909090909091,0.22552447552447552,3.920433566437623,0.5581258741256079,18.037687503278736,20.605592285862116,96,2964,258,361
833,evaluation,499804.77425408363,500403.09411120415,598.3198571205139,3.981646853146853,0.08041958041958042,4.062066433567452,0.687360139860175,18.85867189051882,22.049830765013713,109,3121,92,241
834,evaluation,500403.09411120415,501014.7889471054,611.6948359012604,3.7167377622377624,0.06118881118881119,3.7779265734307046,1.3447832167832985,17.1560063381579,23.262824176527918,83,3160,70,545
835,evaluation,501014.7889471054,501612.0203781128,597.2314310073853,2.8154895104895106,0.0,2.8154895104908064,0.6677202797203563,13.095098130740352,16.200725963578623,70,2300,0,108
836,evaluation,501612.0203781128,502210.3534421921,598.3330640792847,2.8503741258741258,0.033216783216783216,2.8835909090917085,0.2953986013985741,13.387150449057167,14.758546615866836,63,2432,38,52
837,evaluation,502210.3534421921,502811.4415411949,601.0880990028381,2.789297202797203,0.03496503496503497,2.8242622377656517,0.9628461538463853,13.051619048334945,17.50117087612807,51,2520,40,106
838,evaluation,502811.4415411949,503402.0114750862,590.5699338912964,3.0733566433566435,0.0,3.073356643361876,0.49901398601400615,14.45569998941594,16.802839390893993,70,2595,0,77
839,evaluation,503402.0114750862,504018.52308011055,616.5116050243378,1.9522692307692309,0.0,1.9522692307705256,0.38382167832162395,8.796217364401446,10.525578693508438,41,1694,0,198
840,evaluation,504018.52308011055,504622.7840900421,604.2610099315643,2.4798566433566434,0.025349650349650348,2.505206293708852,0.5169615384617146,11.516391521264136,13.892855085700479,51,2166,29,308
841,evaluation,504622.7840900421,505203.63414406776,580.85005402565,2.7012272727272726,0.045454545454545456,2.7466818181860617,0.41556293706287306,13.135355096024135,15.122686394098055,59,2314,52,128
842,evaluation,505203.63414406776,505818.56620311737,614.9320590496063,3.0125524475524474,0.03583916083916084,3.0483916083935583,0.3034020979021079,13.770227691237311,15.140758944058305,60,2657,41,364
843,evaluation,505818.56620311737,506413.41963100433,594.8534278869629,3.1476573426573426,0.0777972027972028,3.22545454545525,0.6197797202797801,15.061854802488433,17.95603049922764,70,2680,89,381
844,evaluation,506413.41963100433,507016.2832670212,602.8636360168457,2.55208041958042,0.004370629370629371,2.5564510489539316,0.6154090909089973,11.779202608190626,14.614785308570447,55,2196,5,9
845,evaluation,507016.2832670212,507600.4762752056,584.193008184433,1.9821258741258743,0.0,1.982125874126723,1.013681818181908,9.424805036637755,14.244758012515337,42,1715,0,53
846,evaluation,507600.4762752056,508218.6264281273,618.1501529216766,3.440979020979021,0.0638111888111888,3.5047902097944643,1.009447552447682,15.749455556248822,20.285604201978337,80,2884,73,172
847,evaluation,508218.6264281273,508800.7727251053,582.1462969779968,2.952101398601399,0.0,2.9521013986027356,0.4378811188811369,14.08629017370801,16.17569011948518,59,2601,0,40
848,evaluation,508800.7727251053,509400.1460571289,599.3733320236206,2.612451048951049,0.0,2.6124510489521526,0.6907202797202672,12.107326238235917,15.308448712591952,49,2344,0,121
849,evaluation,509400.1460571289,510000.0510840416,599.9050269126892,3.2209475524475524,0.08566433566433566,3.3066118881147304,0.746937062937036,15.310811896013368,18.769401308925502,69,2777,98,218
850,evaluation,510000.0510840416,510611.5582880974,611.5072040557861,2.3771993006993006,0.0,2.3771993007003402,0.702356643356552,10.79845232735637,13.988914619629425,61,1917,0,143
851,evaluation,510611.5582880974,511204.6048591137,593.0465710163116,3.0451118881118884,0.06118881118881119,3.1063006993013005,0.7217797202797556,14.549638216145633,17.930390699056943,68,2589,70,290
852,evaluation,511204.6048591137,511808.6104052067,604.0055460929871,2.497339160839161,0.0008741258741258741,2.4982132867139626,0.8410699300700344,11.489102040319699,15.357121757058941,51,2186,1,248
853,evaluation,511808.6104052067,512404.85374712944,596.24334192276,2.523916083916084,0.0,2.523916083915992,0.6973041958042359,11.758417273506815,15.007017238094559,60,2098,0,30
854,evaluation,512404.85374712944,513010.06319999695,605.2094528675079,1.9390454545454545,0.04807692307692308,1.9871223776240186,0.30689860139852954,9.120453020241854,10.52904984727638,53,1521,55,82
855,evaluation,513010.06319999695,513600.91644001007,590.8532400131226,3.5033146853146855,0.0,3.503314685316127,0.19298951048949675,16.470130012680563,17.377431415604295,82,2929,0,88
856,evaluation,513600.91644001007,514209.22727513313,608.3108351230621,2.6758776223776226,0.0,2.6758776223778113,0.22344755244762382,12.219071182563582,13.239417377059365,59,2285,0,9
857,evaluation,514209.22727513313,514819.2621409893,610.0348658561707,2.888506993006993,0.0,2.8885069930097416,0.44050349650353837,13.152740909111063,15.158562038549706,67,2423,0,259
858,evaluation,514819.2621409893,515402.1933619976,582.9312210083008,2.9033426573426575,0.0,2.9033426573450924,0.12977972027965734,13.834978165847584,14.453403136090651,54,2611,0,5
859,evaluation,515402.1933619976,516005.40820097923,603.2148389816284,1.5589125874125875,0.0,1.5589125874130332,0.5940209790210247,7.178723835977495,9.914164293386225,41,1244,0,0
860,evaluation,516005.40820097923,516610.45824599266,605.0500450134277,2.853653846153846,0.0,2.8536538461548844,0.26278321678319116,13.101091892556294,14.30752660977046,55,2541,0,0
861,evaluation,516610.45824599266,517201.3132209778,590.8549749851227,2.832402097902098,0.0,2.8324020979039233,0.17886713286713984,13.315930200099796,14.156835613261032,53,2543,0,9
862,evaluation,517201.3132209778,517810.66622400284,609.3530030250549,2.8971118881118882,0.019230769230769232,2.916342657344103,0.7332797202798247,13.29434955721181,16.637055840401597,66,2446,22,149
863,evaluation,517810.66622400284,518400.37942409515,589.7132000923157,3.1569685314685314,0.13986013986013987,3.2968286713280577,0.8413426573428069,15.529341074481321,19.492391141354158,87,2467,160,510
864,evaluation,518400.37942409515,519001.27683210373,600.8974080085754,4.11951048951049,0.10664335664335664,4.226153846156194,0.964867132867198,19.5363070015917,23.99661327762565,120,3134,122,322
865,evaluation,519001.27683210373,519602.9705400467,601.6937079429626,2.69393006993007,0.04895104895104895,2.7428811188819964,0.7798811188812351,12.662778617316818,16.26317598352055,76,2082,56,148
866,evaluation,519602.9705400467,520201.5524430275,598.5819029808044,4.431412587412588,0.10227272727272728,4.533685314686409,1.0084370629372188,21.03900945861735,25.71876013228141,106,3675,117,396
867,evaluation,520201.5524430275,520801.891187191,600.3387441635132,3.3272307692307694,0.05856643356643357,3.3857972027963115,1.7111223776224733,15.666142359505303,23.583535267801263,92,2596,67,173
868,evaluation,520801.891187191,521410.6255810261,608.7343938350677,3.752248251748252,0.04632867132867133,3.798576923079054,1.599234265734367,17.333672404522364,24.631300811612533,87,3148,53,281
869,evaluation,521410.6255810261,522001.0403981209,590.4148170948029,2.822402097902098,0.04370629370629371,2.8661083916094867,1.7482447552448548,13.484438344700001,21.70956293614294,63,2400,50,172
870,evaluation,522001.0403981209,522601.11662197113,600.0762238502502,3.2439475524475525,0.009615384615384616,3.253562937064089,0.9842342657342442,15.060878045103463,19.616939363356057,71,2777,11,274
871,evaluation,522601.11662197113,523200.0170750618,598.9004530906677,3.215181818181818,0.027972027972027975,3.2431538461542004,0.8349510489510976,15.042167086817754,18.914778064720064,78,2652,32,106
872,evaluation,523200.0170750618,523802.0032300949,601.9861550331116,3.250965034965035,0.0,3.250965034967521,0.9155069930070567,15.001106512095316,19.225580711908407,84,2614,0,135
873,evaluation,523802.0032300949,524400.1524801254,598.1492500305176,3.5178216783216785,0.0,3.517821678321525,1.0590000000000828,16.336603086484402,21.254550683202755,73,3064,0,1
874,evaluation,524400.1524801254,525003.4949820042,603.3425018787384,3.6405524475524476,0.07604895104895104,3.7166013986020516,1.7152202797205973,17.111164457576535,25.00800706715132,82,3086,87,273
875,evaluation,525003.4949820042,525603.1477091312,599.6527271270752,4.396503496503497,0.0,4.396503496504465,1.3146783216780022,20.365970435954846,26.455968966241095,100,3714,0,251
876,evaluation,525603.1477091312,526201.7400829792,598.5923738479614,4.111947552447552,0.0,4.111947552451056,1.3917937062938108,19.081560396687692,25.54020203248243,103,3349,0,244
877,evaluation,526201.7400829792,526800.8790969849,599.139014005661,3.459006993006993,0.0777972027972028,3.536804195806326,0.7958881118880754,16.397623706346174,20.087585900637926,84,2852,89,360
878,evaluation,526800.8790969849,527402.6498830318,601.7707860469818,3.4155174825174828,0.10052447552447552,3.5160419580447524,0.4372797202797756,16.230072052751158,18.248558024216997,92,2697,115,243
879,evaluation,527402.6498830318,528004.5510470867,601.9011640548706,3.4084685314685315,0.0,3.408468531471499,1.1298846153845261,15.730104389871261,20.944529221570455,98,2610,0,65
880,evaluation,528004.5510470867,528601.9858081341,597.4347610473633,2.9488706293706293,0.024475524475524476,2.9733461538462507,1.2982622377619464,13.824597111349018,19.860877938834307,93,2150,28,295
881,evaluation,528601.9858081341,529202.1688671112,600.1830589771271,2.9936748251748253,0.016608391608391608,3.0102832167849556,1.0563216783216376,13.93224566959411,18.821132219028392,69,2517,19,53
882,evaluation,529202.1688671112,529807.4981601238,605.329293012619,3.8140629370629373,0.0,3.81406293706641,0.5731783216783697,17.50224116346936,20.132482295115032,98,3074,0,133
883,evaluation,529807.4981601238,530406.8367640972,599.3386039733887,2.9136643356643357,0.04108391608391608,2.9547482517491517,1.321181818181799,13.694485851938316,19.817818256394766,72,2386,47,58
884,evaluation,530406.8367640972,531001.7086210251,594.8718569278717,3.550846153846154,0.015734265734265736,3.566580419582351,1.0688881118882136,16.65428901500223,21.6455045340435,78,3036,18,183
885,evaluation,531001.7086210251,531602.637332201,600.9287111759186,3.0610384615384616,0.0,3.0610384615401927,1.0224230769231326,14.149572914806932,18.875697744175675,63,2673,0,178
886,evaluation,531602.637332201,532203.654127121,601.0167949199677,3.068192307692308,0.0,3.0681923076913336,1.7706993006996754,14.180562810048118,22.364375991612324,77,2497,0,81
887,evaluation,532203.654127121,532807.3983561993,603.7442290782928,3.366702797202797,0.0777972027972028,3.4445000000009713,0.9602237762237564,15.847862546301506,20.265773540437102,93,2628,89,437
888,evaluation,532807.3983561993,533405.0643610954,597.6660048961639,3.372604895104895,0.07867132867132867,3.4512762237764036,0.9086503496503155,16.040528189392305,20.26367076125009,85,2740,90,152
889,evaluation,533405.0643610954,534005.3757150173,600.3113539218903,2.856573426573427,0.0,2.8565734265753235,0.9935769230769438,13.218017838720804,17.81552524785159,70,2347,0,22
890,evaluation,534005.3757150173,534619.7922360897,614.4165210723877,3.196800699300699,0.0,3.1968006993038216,0.4210804195803348,14.452739530836508,16.356444577918836,65,2802,0,29
891,evaluation,534619.7922360897,535217.7395629883,597.9473268985748,2.695653846153846,0.045454545454545456,2.741108391610851,0.6425069930069185,12.733880785424953,15.71866149596905,63,2255,52,144
892,evaluation,535217.7395629883,535801.5401279926,583.8005650043488,2.431916083916084,0.0,2.431916083919532,0.8213741258740583,11.571284545214743,15.479459581131655,52,2098,0,66
893,evaluation,535801.5401279926,536403.9478371143,602.4077091217041,2.286402097902098,0.07342657342657342,2.359828671329524,0.8059685314685794,10.881467058475712,14.597889412313275,49,1971,84,198
894,evaluation,536403.9478371143,537005.314948082,601.3671109676361,2.4661993006993006,0.02972027972027972,2.495919580421287,0.8344860139861794,11.528914400480183,15.383492848895951,47,2203,34,155
895,evaluation,537005.314948082,537601.2379660606,595.9230179786682,2.565657342657343,0.0,2.56565734266087,0.6913216783217422,11.959306381551894,15.181766225210277,52,2251,0,147
896,evaluation,537601.2379660606,538200.2481210232,599.0101549625397,3.2677657342657342,0.05506993006993007,3.322835664336708,0.6361153846154366,15.408919182974937,18.358764298039347,79,2699,63,143
897,evaluation,538200.2481210232,538803.933932066,603.6858110427856,3.371513986013986,0.05244755244755245,3.4239615384640274,0.9795909090909163,15.75489120255336,20.262344929008325,77,2844,60,128
898,evaluation,538803.933932066,539400.2886381149,596.3547060489655,3.1353636363636364,0.0,3.1353636363637634,0.7305209790210938,14.604300672070705,18.007015400641986,76,2587,0,221
899,evaluation,539400.2886381149,540000.0077571869,599.7191190719604,2.8677202797202797,0.0,2.867720279722562,1.2679965034966472,13.28270087206247,19.155804459571435,62,2465,0,70
900,evaluation,540000.0077571869,540615.4200370312,615.4122798442841,3.1642412587412587,0.0008741258741258741,3.1651153846178204,1.1951713286713357,14.286336928005058,19.680964994684476,57,2870,1,201
901,evaluation,540615.4200370312,541206.4703249931,591.0502879619598,2.045744755244755,0.021853146853146852,2.0675979020984414,1.1967832167833876,9.717155414358155,15.341715442681423,47,1722,25,29
902,evaluation,541206.4703249931,541801.0944421291,594.6241171360016,2.908395104895105,0.0236013986013986,2.9319965034992492,1.079104895105047,13.696778346566706,18.737800920557024,59,2551,27,39
903,evaluation,541801.0944421291,542408.8064620495,607.7120199203491,3.3565174825174826,0.016608391608391608,3.373125874127254,1.0247727272727616,15.41814837893475,20.102259957751194,76,2840,19,158
904,evaluation,542408.8064620495,543010.3787369728,601.5722749233246,3.403583916083916,0.0008741258741258741,3.4044580419586055,1.3315349650350754,15.720185734180061,21.86858783047271,75,2907,1,43
905,evaluation,543010.3787369728,543600.8081381321,590.4294011592865,3.8653076923076926,0.06643356643356643,3.931741258743841,1.4775944055943455,18.4975603773449,25.4491601729801,102,3080,76,139
906,evaluation,543600.8081381321,544204.1213030815,603.3131649494171,3.2122867132867134,0.0034965034965034965,3.2157832167849847,0.9899440559441928,14.806126696207752,19.364032539486413,76,2675,4,60
907,evaluation,544204.1213030815,544808.3463690281,604.225065946579,2.8488986013986013,0.0,2.848898601401288,0.8438286713287653,13.097118395294919,16.97641547113568,65,2404,0,213
908,evaluation,544808.3463690281,545406.7157731056,598.3694040775299,3.5209335664335666,0.025349650349650348,3.5462832167859233,1.4314580419581944,16.462717923342147,23.10789782673353,83,2936,29,70
909,evaluation,545406.7157731056,546001.6459681988,594.9301950931549,4.050486013986014,0.07167832167832168,4.122164335667094,1.1835349650350508,19.24672269519546,24.77274432297693,101,3305,82,427
910,evaluation,546001.6459681988,546631.9088830948,630.2629148960114,3.853262237762238,0.08916083916083915,3.942423076922296,1.5313811188813133,17.375566537152316,24.12487121746444,97,3132,102,255
911,evaluation,546631.9088830948,547206.025988102,574.1171050071716,3.144979020979021,0.009615384615384616,3.154594405597436,1.2942202797204345,15.26302240664433,21.524909225920116,76,2598,11,93
912,evaluation,547206.025988102,547812.551872015,606.5258839130402,3.7441328671328673,0.04807692307692308,3.7922097902119276,1.1774160839162278,17.36762826337411,22.759978894819692,98,2994,55,274
913,evaluation,547812.551872015,548402.0541040897,589.5022320747375,3.5104125874125875,0.12325174825174826,3.633664335667163,0.7837867132867586,17.12209300376725,20.815353514470914,102,2674,141,275
914,evaluation,548402.0541040897,549000.6591911316,598.6050870418549,4.066902097902098,0.006993006993006993,4.073895104897474,0.6607272727272857,18.90457588206904,21.970626564046995,106,3258,8,211
915,evaluation,549000.6591911316,549604.2322161198,603.5730249881744,3.3691083916083917,0.0,3.3691083916123716,0.9106713286713557,15.505388799172692,19.69650151449537,85,2736,0,6
916,evaluation,549604.2322161198,550205.8888161182,601.6565999984741,3.6109685314685316,0.008741258741258742,3.6197097902136193,1.0870524475523098,16.711774486102065,21.73056781789306,83,3039,10,179
917,evaluation,550205.8888161182,550801.7290589809,595.8402428627014,3.0142447552447553,0.0,3.0142447552461817,1.174192307692465,14.052260145562965,19.52628667904985,66,2580,0,188
918,evaluation,550801.7290589809,551400.787266016,599.0582070350647,3.037381118881119,0.0,3.0373811188837863,1.0857692307693014,14.08405673369887,19.11866873903395,69,2567,0,126
919,evaluation,551400.787266016,552001.8760340214,601.0887680053711,4.818538461538462,0.049825174825174824,4.868363636367576,1.0700349650348926,22.497895557268983,27.44278806822591,118,3960,57,77
920,evaluation,552001.8760340214,552602.0168230534,600.1407890319824,3.6136468531468533,0.045454545454545456,3.659101398601706,0.932797202797019,16.936310174926113,21.253802650788472,77,3121,52,72
921,evaluation,552602.0168230534,553201.0151560307,598.9983329772949,2.845867132867133,0.0034965034965034965,2.849363636365524,0.7186923076922085,13.213557624707118,16.546400825538132,62,2440,4,150
922,evaluation,553201.0151560307,553813.9903440475,612.9751880168915,4.171195804195804,0.125,4.296195804195577,0.8617202797202026,19.46877698669326,23.37377590094073,108,3351,143,271
923,evaluation,553813.9903440475,554403.6811239719,589.6907799243927,3.195734265734266,0.03146853146853147,3.227202797204427,0.6117762237762463,15.20195417605409,18.083766911197877,70,2735,36,129
924,evaluation,554403.6811239719,555001.2626171112,597.581493139267,3.1936013986013987,0.04807692307692307,3.2416783216790463,0.44932517482504863,15.068508827738174,17.15713690601146,80,2601,55,353
925,evaluation,555001.2626171112,555601.4826049805,600.2199878692627,3.3213286713286716,0.0,3.3213286713280468,0.5089020979019097,15.37088594577514,17.72605066401939,100,2484,0,161
926,evaluation,555601.4826049805,556200.0775411129,598.594936132431,3.685020979020979,0.0,3.685020979020919,0.5078916083914464,17.10032739719798,19.457196689184915,94,2979,0,17
927,evaluation,556200.0775411129,556810.574901104,610.4973599910736,3.3205664335664338,0.0,3.3205664335673646,0.6534055944053989,15.108657716276634,18.08166900013234,88,2641,0,201
928,evaluation,556810.574901104,557407.1537230015,596.5788218975067,2.6108076923076924,0.0,2.6108076923092085,0.9140314685314479,12.156387929891245,16.412282051987077,69,2079,0,75
929,evaluation,557407.1537230015,558005.6413700581,598.4876470565796,2.516104895104895,0.0017482517482517483,2.5178531468536676,0.36022027972023807,11.68618358864025,13.35808424195252,54,2168,2,175
930,evaluation,558005.6413700581,558600.6015341282,594.9601640701294,2.4498076923076924,0.037587412587412584,2.4873951048966774,0.5564335664334976,11.6132663398224,14.211169340721103,55,2079,43,307
931,evaluation,558600.6015341282,559205.7807719707,605.1792378425598,2.7860174825174826,0.0017482517482517483,2.7877657342660314,1.5977587412587582,12.79586810330775,20.12959412725674,59,2411,2,134
932,evaluation,559205.7807719707,559800.5692210197,594.788449048996,3.596164335664336,0.0,3.596164335665435,1.3376538461540122,16.79478710929455,23.041890821798823,77,3101,0,138
933,evaluation,559800.5692210197,560415.5721731186,615.0029520988464,2.4175454545454547,0.008741258741258742,2.4262867132861174,1.7136083916085454,10.958785306126591,18.6986234545084,62,1950,10,155
934,evaluation,560415.5721731186,561006.7524020672,591.1802289485931,2.490699300699301,0.006118881118881119,2.4968181818176163,1.70298251748261,11.731796364267714,19.73359811839408,60,2060,7,66
935,evaluation,561006.7524020672,561605.7810959816,599.0286939144135,2.5182062937062937,0.10052447552447552,2.618730769231661,1.7042657342656184,12.143411844293803,20.046324563112616,63,2052,115,185
936,evaluation,561605.7810959816,562200.6302571297,594.8491611480713,1.9924475524475525,0.0777972027972028,2.0702447552430385,1.98627972027964,9.667458998481134,18.942824969897977,60,1490,89,220
937,evaluation,562200.6302571297,562802.921279192,602.2910220623016,3.107335664335664,0.0017482517482517483,3.1090839160860924,0.7587657342658076,14.339154818832508,17.838596978823436,82,2476,2,226
938,evaluation,562802.921279192,563401.9627931118,599.0415139198303,2.860671328671329,0.006118881118881119,2.86679020979318,1.9997202797205773,13.293412815746636,22.566190120344302,68,2378,7,73
939,evaluation,563401.9627931118,564000.0702841282,598.1074910163879,3.255527972027972,0.0,3.2555279720322687,1.1433251748254634,15.119578656782744,20.429499216411685,79,2685,0,2
940,evaluation,564000.0702841282,564603.8994100094,603.8291258811951,3.0014055944055946,0.0,3.001405594408425,0.7325419580419066,13.80727991560668,17.177171636839834,68,2539,0,0
941,evaluation,564603.8994100094,565205.9502429962,602.0508329868317,2.9041293706293705,0.02972027972027972,2.93384965035375,0.6347762237761572,13.536369215953917,16.465137339287878,79,2283,34,250
942,evaluation,565205.9502429962,565804.6041181087,598.6538751125336,2.454451048951049,0.005244755244755245,2.4596958041975086,1.0021818181819526,11.41308630751616,16.063249781894722,57,2058,6,147
943,evaluation,565804.6041181087,566414.8573610783,610.2532429695129,3.021534965034965,0.020104895104895104,3.0416398601428227,0.6212552447552753,13.845071220574745,16.67292839806383,81,2391,23,109
944,evaluation,566414.8573610783,567005.8189201355,590.9615590572357,2.995888111888112,0.0,2.9958881118886893,0.5608041958042804,14.081984342919721,16.718009324437,66,2559,0,136
945,evaluation,567005.8189201355,567600.053632021,594.2347118854523,2.678716783216783,0.06818181818181818,2.746898601398243,0.47762587412591984,12.84050517440109,15.073189520672367,67,2183,78,162
946,evaluation,567600.053632021,568203.2427310944,603.18909907341,2.8588916083916085,0.04195804195804196,2.9008496503515744,1.258381118881175,13.358854972335998,19.153891907483253,87,2126,48,272
947,evaluation,568203.2427310944,568803.7392840385,600.4965529441833,2.3135804195804197,0.021853146853146852,2.3354335664357677,0.8059685314685794,10.803251793051446,14.53150213076125,56,1910,25,167
948,evaluation,568803.7392840385,569400.5553250313,596.8160409927368,2.902083916083916,0.03583916083916084,2.937923076925017,0.7334160839162678,13.674058462508304,17.08761768317542,64,2478,41,209
949,evaluation,569400.5553250313,570003.6301469803,603.0748219490051,3.6491013986013985,0.0,3.649101398604671,0.9592132867134069,16.807852699162904,21.22601319105636,87,3030,0,188
950,evaluation,570003.6301469803,570617.1987919807,613.5686450004578,3.558601398601399,0.024475524475524476,3.583076923079261,0.9303671328672181,16.22147991767739,20.433483200305933,90,2887,28,143
951,evaluation,570617.1987919807,571207.57249403,590.3737020492554,2.7614860139860142,0.062062937062937064,2.8235489510516345,0.5390874125873779,13.28513025473002,15.82160000223828,65,2304,71,102
952,evaluation,571207.57249403,571803.1232631207,595.5507690906525,1.6761013986013986,0.011363636363636364,1.6874650349659532,0.5536748251748804,7.87070241225627,10.453161717676497,35,1457,13,69
953,evaluation,571803.1232631207,572400.8698840141,597.7466208934784,2.5646468531468534,0.04195804195804196,2.6066048951056473,0.6901188811189058,12.113107627854681,15.320146906694315,51,2263,48,55
954,evaluation,572400.8698840141,573000.5827491283,599.712865114212,2.7393041958041957,0.037587412587412584,2.7768916083937256,0.8816888111888375,12.862134947895088,16.945981950535455,69,2226,43,278
955,evaluation,573000.5827491283,573607.1138641834,606.5311150550842,2.117013986013986,0.056818181818181816,2.1738321678335524,0.7893601398602641,9.955668453834042,13.57076255328863,44,1843,65,84
956,evaluation,573607.1138641834,574209.0776159763,601.9637517929077,2.8123776223776225,0.025349650349650348,2.837727272729353,0.7918461538462225,13.094768138609753,16.748763321919945,60,2428,29,66
957,evaluation,574209.0776159763,574800.5470821857,591.4694662094116,2.8031153846153845,0.027097902097902096,2.8302132867161163,0.6885629370627839,13.2918164391264,16.5255840880976,69,2299,31,344
958,evaluation,574800.5470821857,575401.0650629997,600.5179808139801,3.085513986013986,0.09877622377622378,3.1842902097941987,0.5554230769229207,14.729368420844235,17.298553573737177,63,2701,113,377
959,evaluation,575401.0650629997,576010.8994240761,609.834361076355,3.312153846153846,0.03671328671328671,3.3488671328691453,0.7038321678317061,15.253992388998858,18.459927442646766,84,2684,42,147
960,evaluation,576010.8994240761,576608.4943110943,597.5948870182037,2.8517132867132866,0.030594405594405596,2.88230769231086,0.5957692307683828,13.397722153145471,16.16701380183818,60,2473,35,100
961,evaluation,576608.4943110943,577210.1278800964,601.6335690021515,3.847199300699301,0.03409090909090909,3.8812902097920414,0.4563741258737082,17.920146496717734,20.027252832742843,91,3204,39,124
962,evaluation,577210.1278800964,577813.322977066,603.1950969696045,2.7827937062937065,0.0,2.7827937062947967,0.573314685314017,12.815061919961257,15.455237214062187,61,2381,0,1
963,evaluation,577813.322977066,578414.2163710594,600.8933939933777,2.834688811188811,0.025349650349650348,2.860038461536533,0.8158566433560281,13.221232520553947,16.99273088684546,89,2072,29,58
964,evaluation,578414.2163710594,579022.9427630901,608.7263920307159,3.01293006993007,0.006118881118881119,3.0190489510478073,0.18047902097873703,13.776710187101468,14.600283175540829,82,2368,7,174
965,evaluation,579022.9427630901,579601.2346770763,578.291913986206,2.3013986013986014,0.0,2.301398601400706,0.5224790209786079,11.05457942288707,13.564264546843221,50,1975,0,9
966,evaluation,579601.2346770763,580201.1922581196,599.9575810432434,2.3902867132867134,0.0,2.3902867132887877,0.4662622377622938,11.066924603469163,13.225698696175305,48,2103,0,122
967,evaluation,580201.1922581196,580804.6772100925,603.4849519729614,2.442734265734266,0.0,2.442734265737272,0.22082517482499497,11.243648972836313,12.260084032908196,48,2163,0,199
968,evaluation,580804.6772100925,581411.1698791981,606.4926691055298,2.078744755244755,0.0,2.078744755247044,0.22109790209788116,9.520792716764493,10.533436183787629,39,1865,0,3
969,evaluation,581411.1698791981,582006.2184050083,595.0485258102417,2.3597482517482518,0.0026223776223776225,2.36237062937289,0.11068531468526999,11.027908401596937,11.544604425751798,42,2147,3,75
970,evaluation,582006.2184050083,582617.3247580528,611.1063530445099,2.1212482517482516,0.0,2.1212482517503304,0.9959265734260043,9.642112580732874,14.169086797552058,43,1861,0,73
971,evaluation,582617.3247580528,583215.7276821136,598.4029240608215,1.6880104895104895,0.025349650349650348,1.7133601398618339,0.7884860139852208,7.953393157801454,11.613533908582301,39,1418,29,47
972,evaluation,583215.7276821136,583801.9260129929,586.1983308792114,2.38006993006993,0.03146853146853147,2.4115384615406583,0.555423076922807,11.42739171343401,14.059336908557981,50,2065,36,229
973,evaluation,583801.9260129929,584400.6614561081,598.7354431152344,2.57163986013986,0.0,2.5716398601402943,0.6693321678312714,11.930885565712545,15.036190326160643,51,2271,0,64
974,evaluation,584400.6614561081,585003.4858660698,602.8244099617004,2.3968146853146854,0.038461538461538464,2.435276223779965,1.13034965034808,11.2216029499966,16.430184566765664,51,2071,44,45
975,evaluation,585003.4858660698,585609.0081391335,605.5222730636597,2.316041958041958,0.0,2.316041958044025,0.8734125874116216,10.624629629063245,14.631329603737948,42,2097,0,50
976,evaluation,585609.0081391335,586203.9600892067,594.9519500732422,2.535006993006993,0.0,2.5350069930077552,1.1924125874113543,11.835722348366481,17.402990741802487,58,2137,0,112
977,evaluation,586203.9600892067,586813.837280035,609.8771908283234,2.8096188811188814,0.07692307692307693,2.886541958044745,0.6589790209784496,13.147191313683956,16.148610792935653,59,2438,88,224
978,evaluation,586813.837280035,587403.5169410706,589.6796610355377,2.253402097902098,0.0,2.2534020979028355,1.056923076922203,10.615001136308546,15.593801712101376,57,1828,0,68
979,evaluation,587403.5169410706,588004.4634931087,600.9465520381927,2.579972027972028,0.013986013986013986,2.5939580419599224,0.5969160839158576,11.990149508306136,14.749297102183084,48,2320,16,389
980,evaluation,588004.4634931087,588602.5101389885,598.0466458797455,2.893888111888112,0.05944055944055944,2.9533286713303823,1.0432657342651055,13.71747640457521,18.563186004200816,68,2416,68,72
981,evaluation,588602.5101389885,589202.9718871117,600.461748123169,2.5329055944055945,0.0,2.5329055944057473,0.49087412587391555,11.717397311886142,13.988215133006337,49,2253,0,168
982,evaluation,589202.9718871117,589804.8009300232,601.8290429115295,2.78058041958042,0.025349650349650348,2.8059300699314917,1.008108391607493,12.950937290336068,17.603921590088767,64,2339,29,67
983,evaluation,589804.8009300232,590400.8072190285,596.0062890052795,2.01077972027972,0.0,2.0107797202813344,1.1616818181810231,9.371544102867253,14.785738548334972,47,1682,0,1
984,evaluation,590400.8072190285,591017.0704681873,616.2632491588593,2.6903286713286714,0.06118881118881119,2.751517482518466,0.5721678321674517,12.402336385523927,14.98135613321468,56,2341,70,135
985,evaluation,591017.0704681873,591601.6764431,584.6059749126434,2.330846153846154,0.0,2.330846153849052,0.8289685314675808,11.07510516042901,15.013981025561693,48,2035,0,142
986,evaluation,591601.6764431,592226.0675861835,624.3911430835724,2.668555944055944,0.0,2.66855594405979,0.5093671328668279,11.871813817774227,14.137875273148135,63,2224,0,8
987,evaluation,592226.0675861835,592807.9193940163,581.8518078327179,2.832618881118881,0.03409090909090909,2.8667097902125533,0.7039685314680355,13.685757513143503,17.04652414933936,61,2438,39,132
988,evaluation,592807.9193940163,593405.4039449692,597.4845509529114,2.6866958041958044,0.06905594405594406,2.7557517482546245,0.9787167832153045,12.811822423119454,17.361994853227817,55,2350,79,266
989,evaluation,593405.4039449692,594000.0007650852,594.5968201160431,2.7822727272727272,0.08216783216783216,2.8644405594423006,0.9172552447539601,13.381806061839457,17.666947100661766,70,2262,94,112
990,evaluation,594000.0007650852,594614.9996039867,614.9988389015198,2.578167832167832,0.0,2.5781678321695836,0.41569930069931615,11.644863142130419,13.522460637741455,54,2239,0,66
991,evaluation,594614.9996039867,595209.9404890537,594.9408850669861,2.5146853146853148,0.051573426573426576,2.5662587412607536,0.6333566433556825,11.98185682379836,14.938997698607867,50,2219,59,265
992,evaluation,595209.9404890537,595803.4067311287,593.4662420749664,2.1796783216783218,0.0,2.1796783216805125,0.6803671328659675,10.202201195964879,13.386727237081836,42,1941,0,0
993,evaluation,595803.4067311287,596405.6111941338,602.2044630050659,2.932597902097902,0.020104895104895104,2.9527027972048927,0.7454615384608587,13.619879489971856,17.058456622723874,57,2605,23,98
994,evaluation,596405.6111941338,597005.6627120972,600.0515179634094,3.1334475524475525,0.15734265734265734,3.2907902097908845,0.6346398601392593,15.233831833488221,18.17172707683665,94,2348,180,345
995,evaluation,597005.6627120972,597603.4634730816,597.8007609844208,2.363213286713287,0.043706293706293704,2.4069195804186165,0.5606678321671552,11.184140536017088,13.78937416325677,61,1901,50,57
996,evaluation,597603.4634730816,598203.4263241291,599.9628510475159,2.861520979020979,0.044580419580419584,2.906101398604733,0.42793706293673495,13.455006207316922,15.436318986344752,55,2550,51,140
997,evaluation,598203.4263241291,598806.8632910252,603.4369668960571,2.671017482517483,0.017482517482517484,2.688500000003387,0.7561433566424967,12.375866851461785,15.85659197791402,49,2411,20,136
998,evaluation,598806.8632910252,599418.0155851841,611.1522941589355,3.0791223776223777,0.0,3.0791223776227525,0.8334755244748067,13.995067673579575,17.783337491653345,61,2720,0,3
999,evaluation,599418.0155851841,600011.5013489723,593.4857637882233,1.8865734265734266,0.0,1.8865734265750689,1.0128076923062963,8.830004121803551,13.570395336746474,40,1632,0,123
1000,evaluation,600011.5013489723,600609.2848000526,597.7834510803223,1.753297202797203,0.0,1.753297202799331,0.7080104895098884,8.14721451215886,11.437194856455454,37,1519,0,71
1001,evaluation,600609.2848000526,601209.7398650646,600.4550650119781,3.116027972027972,0.0,3.116027972030679,0.6515209790209155,14.415122396312185,17.429137270600467,56,2828,0,381
1002,evaluation,601209.7398650646,601807.2993671894,597.5595021247864,2.4020594405594404,0.0,2.402059440560606,1.0939090909080278,11.16606348181534,16.25114095582746,51,2077,0,0
1003,evaluation,601807.2993671894,602407.5151281357,600.2157609462738,2.683472027972028,0.03146853146853147,2.7149405594400378,0.8784090909095994,12.564650988357842,16.62989787337529,57,2320,36,238
1004,evaluation,602407.5151281357,603012.9566540718,605.4415259361267,2.9238006993006995,0.025349650349650348,2.9491503496501537,0.7667132867134114,13.530760533674657,17.048456361468965,63,2516,29,78
1005,evaluation,603012.9566540718,603600.3426430225,587.3859889507294,3.3348566433566433,0.0,3.3348566433624,0.523762237762412,15.770704188124082,18.247602058143958,71,2881,0,10
1006,evaluation,603600.3426430225,604200.355905056,600.0132620334625,4.127545454545455,0.007867132867132868,4.135412587414066,0.41214685314776034,19.145005475923206,21.05305058475807,102,3380,9,280
1007,evaluation,604200.355905056,604641.9793410301,441.6234359741211,2.657465034965035,0.0236013986013986,2.681066433568958,0.6309510489513741,16.8637036743294,20.832337718362382,65,2185,27,164
