method,window_index,phase,evaluation,trace_start_elapsed_s,duration_s,total_dt_pct,get_dt_including_prefetch_pct,demand_read_dt_pct,extra_prefetch_dt_pct,put_dt_pct,evaluation_write_chunks,evaluation_write_bytes_sample,backend_demand_read_chunks,backend_prefetch_read_chunks,evictions,trace_end_elapsed_s
HIGH-RANDOM,0,warmup,False,0.0,604.7618930339813,26.20948098842051,21.099765473511916,20.613948787329097,0.48581668618282153,5.109715514908595,355,46530560,3345,121,0,604.7618930339813
HIGH-RANDOM,1,warmup,False,604.7618930339813,600.6291620731354,19.272541976144048,16.216193002184646,16.187894522739814,0.028298479444829848,3.0563489739594005,338,44302336,2715,7,0,1205.3910551071167
HIGH-RANDOM,2,warmup,False,1205.3910551071167,596.0083680152893,18.306471198790597,13.742226082758096,12.96002151782402,0.782204564934073,4.564245116032502,239,31326208,2155,192,0,1801.399423122406
HIGH-RANDOM,3,warmup,False,1801.399423122406,606.3185579776764,18.128213744823448,14.142169902831494,13.85783579309872,0.28433410973278284,3.9860438419919544,301,39452672,2500,71,0,2407.7179811000824
HIGH-RANDOM,4,warmup,False,2407.7179811000824,593.7436199188232,14.163600441209185,10.671034388082884,10.298887911814585,0.37214647626833536,3.492566053126302,265,34734080,1729,91,0,3001.4616010189056
HIGH-RANDOM,5,warmup,False,3001.4616010189056,600.4284710884094,21.697549279617604,15.880542990150857,15.880542990150857,0.0,5.817006289466746,256,33554432,2835,0,0,3601.890072107315
HIGH-RANDOM,6,warmup,False,3601.890072107315,600.6181988716125,12.079935817063374,9.802254740987413,9.773955745004905,0.02829899598251294,2.2776810760759605,120,15728640,1602,7,0,4202.508270978928
HIGH-RANDOM,7,warmup,False,4202.508270978928,598.5429110527039,19.01621744129195,15.36504618434888,15.101358686069599,0.26368749827927623,3.6511712569430705,223,29229056,2749,65,0,4801.0511820316315
HIGH-RANDOM,8,warmup,False,4801.0511820316315,599.8203740119934,15.60885578108493,12.005309986161736,12.005309986161736,0.0,3.6035457949231944,160,20971520,2150,0,0,5400.871556043625
HIGH-RANDOM,9,warmup,False,5400.871556043625,599.9853579998016,17.569355194763506,12.91673906541709,12.143766304350985,0.7729727610660992,4.652616129346415,344,45088768,2014,191,0,6000.8569140434265
HIGH-RANDOM,10,warmup,False,6000.8569140434265,599.3969490528107,13.185779375429524,8.996351084046431,8.757344998870467,0.239006085175946,4.189428291383093,205,26869760,1504,59,0,6600.253863096237
HIGH-RANDOM,11,warmup,False,6600.253863096237,610.6300280094147,15.81591543107646,11.738102597088883,11.55916325697507,0.17893934011389578,4.077812833987577,253,33161216,1986,45,58,7210.883891105652
HIGH-RANDOM,12,warmup,False,7210.883891105652,592.6449689865112,13.824313537868392,11.027794974356569,10.52385131619916,0.5039436581574543,2.7965185635118237,174,22806528,1674,123,174,7803.528860092163
HIGH-RANDOM,13,warmup,False,7803.528860092163,600.7680399417877,15.033414219188385,10.811869101017399,9.995444611243927,0.8164244897735683,4.221545118170987,271,35520512,1539,202,271,8404.29690003395
HIGH-RANDOM,14,warmup,False,8404.29690003395,598.5450029373169,14.363243122669115,9.114630777542393,8.956418831519548,0.15821194602285757,5.248612345126721,233,30539776,1550,39,233,9002.841902971268
HIGH-RANDOM,15,warmup,False,9002.841902971268,602.8705711364746,12.972496225007701,9.052890796996428,8.625964156844947,0.42692664015149423,3.9196054280112733,149,19529728,1576,106,149,9605.712474107742
HIGH-RANDOM,16,warmup,False,9605.712474107742,602.6851348876953,19.80432315705859,14.60876777909577,14.60876777909577,0.0,5.1955553779628225,274,35913728,2442,0,274,10208.397608995438
HIGH-RANDOM,17,warmup,False,10208.397608995438,617.2202301025391,13.419692970092381,8.516011951490126,8.516011951490126,0.0,4.9036810186022555,93,12189696,1428,0,93,10825.617839097977
HIGH-RANDOM,18,warmup,False,10825.617839097977,575.4376928806305,20.128254502367064,16.052643321041884,15.141205764961738,0.9114375560801541,4.075611181325177,217,28442624,2299,216,217,11401.055531978607
HIGH-RANDOM,19,warmup,False,11401.055531978607,604.5329101085663,17.06630426090419,12.034357420439994,11.737133850512002,0.29722356992799764,5.031946840464195,130,17039360,2146,74,130,12005.588442087173
HIGH-RANDOM,20,warmup,False,12005.588442087173,594.939218044281,22.53876923894367,15.785893679223195,15.785893679223195,0.0,6.752875559720473,322,42205184,2868,0,322,12600.527660131454
HIGH-RANDOM,21,warmup,False,12600.527660131454,608.3511469364166,19.885821241538157,16.209076078787795,16.17315414954808,0.03592192923971001,3.67674516275036,123,16121856,3118,9,123,13208.878807067871
HIGH-RANDOM,22,warmup,False,13208.878807067871,593.7863490581512,15.1235496688352,10.18454806099513,10.18454806099513,0.0,4.93900160784007,118,15466496,1767,0,118,13802.665156126022
HIGH-RANDOM,23,warmup,False,13802.665156126022,603.9313879013062,14.464936950349152,9.076937263348542,9.076937263348837,0.0,5.387999687000609,183,23986176,1613,0,183,14406.596544027328
HIGH-RANDOM,24,warmup,False,14406.596544027328,595.1951251029968,20.03583799206863,11.890284931037703,11.682227953398495,0.20805697763917275,8.145553061030924,60,7864320,1969,51,60,15001.791669130325
HIGH-RANDOM,25,warmup,False,15001.791669130325,608.8492078781128,13.671884686564947,8.357187990767304,8.297367084456429,0.0598209063108494,5.314696695797642,78,10223616,1528,15,78,15610.640877008438
HIGH-RANDOM,26,warmup,False,15610.640877008438,591.1123940944672,16.465620316491805,9.150812858432884,9.150812858432884,0.0,7.314807458058921,72,9437184,1662,0,72,16201.753271102905
HIGH-RANDOM,27,warmup,False,16201.753271102905,601.7894539833069,17.7180553422166,12.590541491218964,12.324241692849796,0.2662997983691081,5.127513850997637,290,38010880,2173,66,290,16803.542725086212
HIGH-RANDOM,28,warmup,False,16803.542725086212,597.1851630210876,20.140996101704776,13.751625807683686,13.483272840832116,0.2683529668515079,6.38937029402109,79,10354688,2461,66,79,17400.7278881073
HIGH-RANDOM,29,warmup,False,17400.7278881073,609.6430339813232,13.523890330382878,9.567548725518494,9.456028435450458,0.1115202900680573,3.9563416048643845,139,18219008,1769,28,139,18010.370922088623
HIGH-RANDOM,30,warmup,False,18010.370922088623,589.9258139133453,24.310176174638382,16.33599320412113,16.191933632595134,0.14405957152596055,7.974182970517251,124,16252928,2592,35,124,18600.29673600197
HIGH-RANDOM,31,warmup,False,18600.29673600197,600.5643811225891,20.294737431836168,15.590634692949337,15.242930158043897,0.3477045349053661,4.704102738886832,242,31719424,2494,86,242,19200.861117124557
HIGH-RANDOM,32,warmup,False,19200.861117124557,601.6464719772339,14.225887348473826,9.136883395339717,9.136883395339717,0.0,5.089003953134109,0,0,1593,0,0,19802.50758910179
HIGH-RANDOM,33,warmup,False,19802.50758910179,606.1459600925446,14.28390180033096,10.538323536441245,10.30197861674955,0.2363449196916962,3.745578263889715,242,31719424,1835,59,242,20408.653549194336
HIGH-RANDOM,34,warmup,False,20408.653549194336,594.6217949390411,13.855564951441586,10.401461820062737,9.68685246073729,0.7146093593253868,3.4541031313788486,271,35520512,1596,175,271,21003.275344133377
HIGH-RANDOM,35,warmup,False,21003.275344133377,597.4006559848785,19.144759819081305,13.971447763631657,13.361774656362268,0.6096731072694599,5.173312055449647,445,58327040,1985,150,445,21600.676000118256
HIGH-RANDOM,36,warmup,False,21600.676000118256,602.4988808631897,17.893152104546324,11.858359631991666,11.628644245292572,0.22971538669910013,6.034792472554657,79,10354688,2004,57,79,22203.174880981445
HIGH-RANDOM,37,warmup,False,22203.174880981445,600.0057561397552,17.24590098387268,11.314900514761161,11.080183781812677,0.23471673294845577,5.931000469111519,150,19660800,1896,58,150,22803.1806371212
HIGH-RANDOM,38,warmup,False,22803.1806371212,611.5831758975983,16.686315667680333,11.35443628986398,11.35443628986398,0.0,5.331879377816355,272,35651584,2110,0,272,23414.7638130188
HIGH-RANDOM,39,warmup,False,23414.7638130188,586.2793290615082,20.817460103673408,14.508032428629017,14.26367873720885,0.24435369142016736,6.3094276750443905,185,24248320,2431,59,185,24001.043142080307
HIGH-RANDOM,40,warmup,False,24001.043142080307,599.4334330558777,13.44307149276935,9.232380847502075,9.232380847502075,0.0,4.210690645267276,169,22151168,1503,0,169,24600.476575136185
HIGH-RANDOM,41,warmup,False,24600.476575136185,600.7882189750671,12.852757286849512,8.64347866917069,8.639437099526976,0.004041569643741758,4.209278617678821,206,27000832,1493,1,206,25201.264794111252
HIGH-RANDOM,42,warmup,False,25201.264794111252,601.133996963501,18.285451596533047,12.548609014794012,12.346646770070492,0.20196224472352203,5.736842581739034,168,22020096,2241,50,168,25802.398791074753
HIGH-RANDOM,43,warmup,False,25802.398791074753,604.9049940109253,14.86976332457197,9.36474735019302,9.36474735019302,0.0,5.505015974378949,4,524288,1491,0,4,26407.303785085678
HIGH-RANDOM,44,warmup,False,26407.303785085678,599.8937790393829,22.14567463730991,13.516233171792447,13.394805303411315,0.12142786838108005,8.629441465517464,161,21102592,2270,30,161,27007.19756412506
HIGH-RANDOM,45,warmup,False,27007.19756412506,596.9075970649719,17.701779606729552,9.930064605436113,9.930064605436113,0.0,7.771715001293439,6,786432,1757,0,6,27604.105161190033
HIGH-RANDOM,46,warmup,False,27604.105161190033,597.9941718578339,19.459755081168993,12.896308379490922,12.896308379490922,0.0,6.563446701678069,75,9830400,2242,0,75,28202.099333047867
HIGH-RANDOM,47,warmup,False,28202.099333047867,599.2739779949188,15.940876717049104,11.66512857190541,11.397710969705225,0.2674176022002552,4.275748145143694,196,25690112,1800,66,196,28801.373311042786
HIGH-RANDOM,48,warmup,False,28801.373311042786,598.894376039505,13.459339297904545,10.23032519924681,10.230325199246876,0.0,3.2290140986577356,4,524288,1655,0,4,29400.26768708229
HIGH-RANDOM,49,warmup,False,29400.26768708229,599.8792159557343,14.410470207355237,10.857372142382426,10.857372142381768,0.0,3.553098064972812,121,15859712,1893,0,121,30000.146903038025
HIGH-RANDOM,50,warmup,False,30000.146903038025,608.5214970111847,15.42220232701128,9.816358917154577,9.616848510369163,0.1995104067854156,5.6058434098567025,62,8126464,1726,50,62,30608.66840004921
HIGH-RANDOM,51,warmup,False,30608.66840004921,601.2963759899139,13.679424704410431,10.383547935593775,10.169525768107807,0.21402216748585906,3.295876768816656,123,16121856,1729,53,123,31209.964776039124
HIGH-RANDOM,52,warmup,False,31209.964776039124,591.8793399333954,11.517561341597219,8.294500421143562,8.294500421143562,0.0,3.2230609204536576,84,11010048,1443,0,84,31801.84411597252
HIGH-RANDOM,53,warmup,False,31801.84411597252,599.2321450710297,13.90015415633603,11.559211540345729,11.206681910577498,0.35252962976818736,2.3409426159902997,162,21233664,1950,87,162,32401.07626104355
HIGH-RANDOM,54,warmup,False,32401.07626104355,605.4068710803986,15.035673548693474,11.080606082822102,11.080606082822102,0.0,3.9550674658713723,74,9699328,2026,0,74,33006.48313212395
HIGH-RANDOM,55,warmup,False,33006.48313212395,603.675961971283,15.947475501875466,11.54854861839486,11.23481417918435,0.3137344392105335,4.398926883480606,132,17301504,2188,78,132,33610.15909409523
HIGH-RANDOM,56,warmup,False,33610.15909409523,591.7570641040802,18.75740206267041,13.071987504961678,12.895547736443564,0.17643976851810805,5.685414557708729,132,17301504,2235,43,132,34201.91615819931
HIGH-RANDOM,57,warmup,False,34201.91615819931,599.9442658424377,18.692279583803582,12.662274363089864,12.532762203171064,0.12951215991867443,6.030005220713717,136,17825792,2202,32,136,34801.86042404175
HIGH-RANDOM,58,warmup,False,34801.86042404175,615.0856549739838,14.97462015849497,12.411269426072238,12.26915493078912,0.1421144952832387,2.5633507324227316,240,31457280,2266,36,240,35416.94607901573
HIGH-RANDOM,59,warmup,False,35416.94607901573,583.1243870258331,16.916149167643255,12.353209390192909,12.136681614864251,0.21652777532871825,4.562939777450346,130,17039360,2099,52,130,36000.070466041565
HIGH-RANDOM,60,warmup,False,36000.070466041565,601.2495009899139,12.896026676053737,9.775437119365787,9.581590610789466,0.19384650857626584,3.1205895566879494,102,13369344,1649,48,102,36601.31996703148
HIGH-RANDOM,61,warmup,False,36601.31996703148,612.4589040279388,15.590789661020104,11.493437221605593,11.493437221605593,0.0,4.097352439414512,7,917504,2136,0,7,37213.77887105942
HIGH-RANDOM,62,warmup,False,37213.77887105942,587.8250389099121,17.749392430418126,12.400932240990047,11.855680168864662,0.545252072125393,5.348460189428081,237,31064064,2015,132,237,37801.60390996933
HIGH-RANDOM,63,warmup,False,37801.60390996933,598.5540671348572,19.331016433561587,15.536664622544777,15.179678970942744,0.35698565160208334,3.7943518110168104,115,15073280,2821,88,115,38400.15797710419
HIGH-RANDOM,64,warmup,False,38400.15797710419,619.8293299674988,15.635914937434872,11.802130944160126,11.802130944160126,0.0,3.833783993274747,301,39452672,2276,0,301,39019.987307071686
HIGH-RANDOM,65,warmup,False,39019.987307071686,583.6032891273499,14.337936764680334,10.40828680197078,10.40828680197078,0.0,3.9296499627095542,94,12320768,1857,0,94,39603.590596199036
HIGH-RANDOM,66,warmup,False,39603.590596199036,605.1068019866943,14.2461060875755,11.047851595258553,11.047851595258553,0.0,3.1982544923169463,79,10354688,1977,0,79,40208.69739818573
HIGH-RANDOM,67,warmup,False,40208.69739818573,598.0250318050385,13.337316210619303,9.641113868972147,9.641113868972147,0.0,3.696202341647156,16,2097152,1572,0,16,40806.72242999077
HIGH-RANDOM,68,warmup,False,40806.72242999077,595.8320081233978,13.712942296175235,8.904367205309265,8.525374724648366,0.37899248066089763,4.808575090865971,196,25690112,1500,93,196,41402.554438114166
HIGH-RANDOM,69,warmup,False,41402.554438114166,608.2511730194092,16.592846738820604,13.059208589517938,12.955417070599948,0.10379151891795722,3.5336381493026656,142,18612224,2456,26,142,42010.805611133575
HIGH-RANDOM,70,warmup,False,42010.805611133575,599.0988869667053,12.662924896681135,9.732516985237883,9.732516985237883,0.0,2.9304079114432526,46,6029312,1783,0,46,42609.90449810028
HIGH-RANDOM,71,warmup,False,42609.90449810028,606.3650009632111,11.27859812667915,7.695173548394517,7.695173548394517,0.0,3.5834245782846335,128,16777216,1527,0,128,43216.26949906349
HIGH-RANDOM,72,warmup,False,43216.26949906349,588.6245129108429,13.923010727837186,9.663231208103989,9.48585245964997,0.17737874845401438,4.259779519733197,48,6291456,1747,43,48,43804.894011974335
HIGH-RANDOM,73,warmup,False,43804.894011974335,608.8628652095795,12.152783199927397,9.27061277598076,9.150973647030469,0.11963912895024235,2.882170423946637,42,5505024,1650,30,42,44413.756877183914
HIGH-RANDOM,74,warmup,False,44413.756877183914,588.0298409461975,14.44188464329406,10.02721141551635,10.02721141551635,0.0,4.414673227777711,148,19398656,1810,0,148,45001.78671813011
HIGH-RANDOM,75,warmup,False,45001.78671813011,598.2317929267883,13.47554527662263,9.92204665627103,9.83275216532218,0.08929449094882963,3.553498620351598,88,11534336,1870,22,88,45600.0185110569
HIGH-RANDOM,76,warmup,False,45600.0185110569,604.3161370754242,11.650071723052285,6.221931480616253,6.221931480616253,0.0,5.428140242436031,66,8650752,1167,0,66,46204.334648132324
HIGH-RANDOM,77,warmup,False,46204.334648132324,597.1995458602905,19.11069472843878,12.586296730522688,12.586296730522688,0.0,6.52439799791609,76,9961472,2201,0,76,46801.534193992615
HIGH-RANDOM,78,warmup,False,46801.534193992615,600.1183660030365,19.152042779565576,12.918699175772339,12.918699175772339,0.0,6.233343603793239,200,26214400,2443,0,200,47401.65255999565
HIGH-RANDOM,79,warmup,False,47401.65255999565,625.6246821880341,11.934039395022122,8.333100817987338,8.333100817987338,0.0,3.6009385770347833,192,25165824,1634,0,192,48027.277242183685
HIGH-RANDOM,80,warmup,False,48027.277242183685,572.965117931366,13.168727395593052,7.745392867654592,7.741155039989068,0.004237827665484806,5.42333452793846,78,10223616,1432,1,78,48600.24236011505
HIGH-RANDOM,81,warmup,False,48600.24236011505,605.5451200008392,17.130628182345806,10.145921300306776,10.033646317416219,0.11227498289057977,6.98470688203903,94,12320768,1805,28,94,49205.78748011589
HIGH-RANDOM,82,warmup,False,49205.78748011589,606.4052999019623,18.72962006116625,13.070675095367335,13.070675095367335,0.0,5.6589449657989155,103,13500416,2396,0,103,49812.19278001785
HIGH-RANDOM,83,warmup,False,49812.19278001785,600.6909341812134,14.11323175160972,8.55153548110711,8.55153548110711,0.0,5.56169627050261,134,17563648,1563,0,134,50412.883714199066
HIGH-RANDOM,84,warmup,False,50412.883714199066,588.3023478984833,13.839569455119868,8.228723029527178,8.228723029527178,0.0,5.6108464255926895,57,7471104,1428,0,57,51001.18606209755
HIGH-RANDOM,85,warmup,False,51001.18606209755,602.2866859436035,14.645540262100539,10.551553547301095,10.551553547301095,0.0,4.093986714799443,200,26214400,1920,0,200,51603.47274804115
HIGH-RANDOM,86,warmup,False,51603.47274804115,597.8522810935974,16.30067590035845,11.336503354402899,11.190292341788384,0.1462110126145074,4.964172545955551,52,6815744,2058,36,52,52201.32502913475
HIGH-RANDOM,87,warmup,False,52201.32502913475,599.1089408397675,20.80811331467227,14.282088320254129,14.26992962625407,0.012158694000078591,6.52602499441814,218,28573696,2600,3,218,52800.43396997452
HIGH-RANDOM,88,warmup,False,52800.43396997452,601.1316800117493,21.561362309943497,11.651198334395419,11.42096048800437,0.23023784639092515,9.910163975548079,361,47316992,2196,57,361,53401.56564998627
HIGH-RANDOM,89,warmup,False,53401.56564998627,604.8616180419922,27.050229029428102,17.300026447366598,17.300026447366598,0.0,9.750202582061503,323,42336256,3336,0,323,54006.42726802826
HIGH-RANDOM,90,warmup,False,54006.42726802826,605.5304520130157,26.804553164114648,16.496593926007453,16.388326141387438,0.10826778462007154,10.307959238107195,300,39321600,2995,27,300,54611.957720041275
HIGH-RANDOM,91,warmup,False,54611.957720041275,594.208888053894,20.766692572822727,13.390019387841697,12.768898808033178,0.6211205798084503,7.376673184981028,329,43122688,2046,152,329,55206.16660809517
HIGH-RANDOM,92,warmup,False,55206.16660809517,596.4155929088593,25.62677374792068,16.494468608840968,14.585075599449885,1.9093930093906617,9.132305139079712,545,71434240,1938,469,545,55802.58220100403
HIGH-RANDOM,93,warmup,False,55802.58220100403,602.33145403862,25.60840442803588,14.881261414878237,13.950050812913558,0.9312106019644655,10.727143013157642,210,27525120,2237,231,210,56404.91365504265
HIGH-RANDOM,94,warmup,False,56404.91365504265,597.8001880645752,23.065546107855432,15.247303190638346,15.247303190638346,0.0,7.818242917217084,125,16384000,2754,0,125,57002.71384310722
HIGH-RANDOM,95,warmup,False,57002.71384310722,598.7439239025116,15.804453515192112,11.530873430900924,11.445710686102917,0.08516274479802204,4.273580084291189,322,42205184,2033,21,322,57601.457767009735
HIGH-RANDOM,96,warmup,False,57601.457767009735,600.5309681892395,19.520701127425866,13.690034747216332,13.60108212653819,0.08895262067812275,5.830666380209535,172,22544384,2364,22,172,58201.988735198975
HIGH-RANDOM,97,warmup,False,58201.988735198975,601.8220019340515,21.61388531976162,16.029735313839275,15.864315597987526,0.16541971585168752,5.584150005922348,55,7208960,2748,41,55,58803.810737133026
HIGH-RANDOM,98,warmup,False,58803.810737133026,596.6109149456024,21.57591465804833,13.687274023845232,13.45122170347451,0.23605232037069232,7.888640634203098,181,23724032,2371,58,181,59400.42165207863
HIGH-RANDOM,99,warmup,False,59400.42165207863,611.9258399009705,20.150297248410617,14.853401624046016,14.853401624045112,0.0,5.296895624364598,230,30146560,2454,0,230,60012.3474919796
HIGH-RANDOM,100,warmup,False,60012.3474919796,598.1188230514526,20.982972474071275,14.93050423017587,14.443351376683797,0.4871528534894919,6.052468243895404,260,34078720,2308,120,260,60610.46631503105
HIGH-RANDOM,101,warmup,False,60610.46631503105,590.5973880290985,18.883777707568207,14.277978667802195,14.277978667801392,0.0,4.605799039766012,118,15466496,2473,0,118,61201.06370306015
HIGH-RANDOM,102,warmup,False,61201.06370306015,599.858540058136,17.067608535104384,10.763010881130795,10.734676047396091,0.028334833734706646,6.3045976539735875,22,2883584,1981,7,22,61800.922243118286
HIGH-RANDOM,103,warmup,False,61800.922243118286,614.7623720169067,15.59951706792583,9.761638112950468,9.524656065383475,0.2369820475668918,5.837878954975362,53,6946816,1780,60,53,62415.68461513519
HIGH-RANDOM,104,warmup,False,62415.68461513519,588.0471608638763,15.76922465185576,11.114547345619576,11.110418208384349,0.004129137235456154,4.654677306236184,120,15728640,1954,1,120,63003.73177599907
HIGH-RANDOM,105,warmup,False,63003.73177599907,600.5743911266327,12.59631673327618,7.243518895488793,7.243518895488793,0.0,5.352797837787385,0,0,1318,0,0,63604.3061671257
HIGH-RANDOM,106,warmup,False,63604.3061671257,596.1500110626221,19.692664970107955,10.512384342302559,10.210981295507256,0.3014030467954753,9.180280627805399,107,14024704,1665,74,107,64200.456178188324
HIGH-RANDOM,107,warmup,False,64200.456178188324,605.4869248867035,19.49476734123607,13.303409968841597,12.998634296646342,0.3047756721950936,6.191357372394474,144,18874368,2281,76,144,64805.94310307503
HIGH-RANDOM,108,warmup,False,64805.94310307503,597.0406160354614,16.462120858410923,11.145509849916358,10.91776129760173,0.22774855231467253,5.316611008494566,59,7733248,1882,56,59,65402.98371911049
HIGH-RANDOM,109,warmup,False,65402.98371911049,615.7234280109406,18.907314306337966,14.61381328243,14.558603780164361,0.055209502265651564,4.293501023907967,127,16646144,2784,14,127,66018.70714712143
HIGH-RANDOM,110,warmup,False,66018.70714712143,595.2475099563599,17.19357187681869,12.094731777858541,11.870376352067835,0.22435542579052567,5.09884009896015,119,15597568,2068,55,119,66613.95465707779
HIGH-RANDOM,111,warmup,False,66613.95465707779,592.6147220134735,17.428850895744922,13.39788254468061,13.34871480035148,0.04916774432894568,4.030968351064313,205,26869760,2337,12,205,67206.56937909126
HIGH-RANDOM,112,warmup,False,67206.56937909126,627.0515649318695,17.23040306186936,10.833405891975158,10.608812894034534,0.22459299794059656,6.396997169894204,140,18350080,1924,58,140,67833.62094402313
HIGH-RANDOM,113,warmup,False,67833.62094402313,576.5617470741272,20.189041805670502,12.435246170201438,11.896188016625501,0.5390581535759625,7.753795635469063,213,27918336,1917,128,213,68410.18269109726
HIGH-RANDOM,114,warmup,False,68410.18269109726,590.2754008769989,15.627952687154929,8.49829830937239,8.49829830937239,0.0,7.12965437778254,0,0,1566,0,0,69000.45809197426
HIGH-RANDOM,115,warmup,False,69000.45809197426,608.3358352184296,15.343200940102552,10.15474637094208,9.871355129761469,0.28339124118037146,5.188454569160472,150,19660800,1618,71,150,69608.79392719269
HIGH-RANDOM,116,warmup,False,69608.79392719269,596.636570930481,14.598296595858326,9.507257682063386,9.486909219142891,0.0203484629205727,5.0910389137949394,8,1048576,1647,5,8,70205.43049812317
HIGH-RANDOM,117,warmup,False,70205.43049812317,601.7826550006866,19.832909624305227,13.269174873695608,13.019011630715742,0.25016324297969117,6.563734750609618,273,35782656,2332,62,273,70807.21315312386
HIGH-RANDOM,118,warmup,False,70807.21315312386,592.9412908554077,16.148769023084768,9.8402379159114,9.782907140473423,0.057330775437722636,6.308531107173368,99,12976128,1718,14,99,71400.15444397926
HIGH-RANDOM,119,warmup,False,71400.15444397926,600.2585251331329,17.131572069039834,12.399167348029867,12.152414046053845,0.24675330197588138,4.732404721009967,132,17301504,2228,61,132,72000.4129691124
HIGH-RANDOM,120,warmup,False,72000.4129691124,600.1577899456024,18.982349322566115,11.528728044477365,11.379032887060967,0.149695157416616,7.4536212780887485,54,7077888,1839,37,54,72600.570759058
HIGH-RANDOM,121,warmup,False,72600.570759058,603.2871940135956,18.99960491613189,12.14384102451229,11.886252007304266,0.25758901720803473,6.855763891619602,99,12976128,2006,64,99,73203.8579530716
HIGH-RANDOM,122,warmup,False,73203.8579530716,597.5665240287781,17.49445167814868,15.471418910606062,15.304821183742117,0.1665977268640138,2.0230327675426167,277,36306944,2793,41,277,73801.42447710037
HIGH-RANDOM,123,warmup,False,73801.42447710037,602.3811268806458,9.588920815127059,5.757583303148661,5.757583303148661,0.0,3.831337511978398,79,10354688,1060,0,79,74403.80560398102
HIGH-RANDOM,124,warmup,False,74403.80560398102,597.7052609920502,15.70166041267478,12.753500107532979,12.546316890458758,0.20718321707418375,2.948160305141801,79,10354688,2128,51,79,75001.51086497307
HIGH-RANDOM,125,warmup,False,75001.51086497307,601.5255391597748,18.396133260946996,12.544332230312845,12.084158041876348,0.46017418843624713,5.8518010306341495,217,28442624,1928,114,217,75603.03640413284
HIGH-RANDOM,126,warmup,False,75603.03640413284,613.0752398967743,18.214677461693313,12.021248927249312,11.656876483460591,0.36437244378901146,6.193428534443999,108,14155776,1996,92,108,76216.11164402962
HIGH-RANDOM,127,warmup,False,76216.11164402962,590.0769939422607,14.296611264645094,9.740244462162185,9.657945797647113,0.08229866451512678,4.556366802482908,122,15990784,1584,20,122,76806.18863797188
HIGH-RANDOM,128,warmup,False,76806.18863797188,594.8778791427612,17.894964569299784,10.851851521744052,10.851851521744052,0.0,7.043113047555731,113,14811136,2014,0,113,77401.06651711464
HIGH-RANDOM,129,warmup,False,77401.06651711464,608.956239938736,10.267019991939776,7.650578507640762,7.650578507640762,0.0,2.6164414842990147,57,7471104,1353,0,57,78010.02275705338
HIGH-RANDOM,130,warmup,False,78010.02275705338,592.4756209850311,13.013233012364845,10.684019971990939,10.520089012327631,0.16393095966315055,2.329213040373906,223,29229056,1896,40,223,78602.4983780384
HIGH-RANDOM,131,warmup,False,78602.4983780384,601.2583830356598,11.51092024878715,9.554698644431037,9.554698644431037,0.0,1.9562216043561127,116,15204352,1695,0,116,79203.75676107407
HIGH-RANDOM,132,warmup,False,79203.75676107407,604.0456869602203,12.853550433750193,7.416451729703926,7.416451729703926,0.0,5.437098704046266,4,524288,1424,0,4,79807.80244803429
HIGH-RANDOM,133,warmup,False,79807.80244803429,592.9885520935059,11.45161397585655,6.682941705059778,6.682941705059778,0.0,4.76867227079677,9,1179648,1119,0,9,80400.79100012779
HIGH-RANDOM,134,warmup,False,80400.79100012779,600.7280879020691,10.508955054145133,9.327696180278314,9.327696180278314,0.0,1.1812588738668195,128,16777216,1742,0,128,81001.51908802986
HIGH-RANDOM,135,warmup,False,81001.51908802986,598.7768440246582,13.821396875181263,10.429916203365837,10.429916203365837,0.0,3.3914806718154265,183,23986176,1980,0,183,81600.29593205452
HIGH-RANDOM,136,warmup,False,81600.29593205452,626.1659619808197,11.85780110749603,7.390145018933288,7.366878400411496,0.023266618521832243,4.467656088562741,134,17563648,1413,6,134,82226.46189403534
HIGH-RANDOM,137,warmup,False,82226.46189403534,577.4224860668182,9.436629232329562,6.949051945259721,6.780847381931036,0.16820456332879644,2.4875772870698403,133,17432576,1231,40,133,82803.88438010216
HIGH-RANDOM,138,warmup,False,82803.88438010216,622.3863840103149,9.136107339866314,7.122309222554561,7.122309222554561,0.0,2.0137981173117536,0,0,1352,0,0,83426.27076411247
HIGH-RANDOM,139,warmup,False,83426.27076411247,584.8723170757294,10.4019276621232,9.061889933598644,9.061889933598644,0.0,1.3400377285245553,0,0,1696,0,0,84011.1430811882
HIGH-RANDOM,140,warmup,False,84011.1430811882,589.0831458568573,11.391396690223655,7.557936996784286,7.434280729657686,0.12365626712654613,3.8334596934393677,48,6291456,1330,30,48,84600.22622704506
HIGH-RANDOM,141,warmup,False,84600.22622704506,602.1888480186462,12.7027850974746,6.814075919642743,6.576177926793958,0.2378979928487195,5.888709177831856,76,9961472,1131,59,76,85202.4150750637
HIGH-RANDOM,142,warmup,False,85202.4150750637,598.4431040287018,18.456788825844715,13.096466873343413,13.064007614820305,0.03245925852307393,5.360321952501301,61,7995392,2141,8,61,85800.8581790924
HIGH-RANDOM,143,warmup,False,85800.8581790924,600.3745999336243,25.349250673215074,15.806128212534157,15.56346697119588,0.24266124133791242,9.543122460680916,248,32505856,2651,60,248,86401.23277902603
HIGH-RANDOM,144,evaluation,True,86401.23277902603,603.9016160964966,24.89146014239729,17.35047806000456,17.008715716785666,0.3417623432189194,7.540982082392731,143,18743296,2691,85,143,87005.13439512253
HIGH-RANDOM,145,evaluation,True,87005.13439512253,596.2127940654755,30.472076515601707,18.134863709502447,17.442524217813684,0.6923394916888193,12.337212806099261,231,30277632,2941,170,231,87601.347189188
HIGH-RANDOM,146,evaluation,True,87601.347189188,598.7033448219299,26.796140599835717,16.851994337607888,16.851994337607888,0.0,9.944146262227829,106,13893632,2958,0,106,88200.05053400993
HIGH-RANDOM,147,evaluation,True,88200.05053400993,601.3895761966705,31.343542078650042,23.13931689047949,22.408524269712096,0.7307926207675769,8.204225188170554,274,35913728,3774,181,274,88801.4401102066
HIGH-RANDOM,148,evaluation,True,88801.4401102066,600.8235189914703,23.87758079992431,15.854679639297908,15.123198512811728,0.7314811264858319,8.022901160626404,493,64618496,2466,181,493,89402.26362919807
HIGH-RANDOM,149,evaluation,True,89402.26362919807,599.6198039054871,20.27469652924927,12.4876461535649,11.74254827009728,0.7450978834679477,7.787050375684369,304,39845888,1821,184,304,90001.88343310356
HIGH-RANDOM,150,evaluation,True,90001.88343310356,599.7720320224762,22.432296061548623,14.605215739656707,14.289439195766732,0.3157765438899957,7.827080321891917,346,45350912,2464,78,346,90601.65546512604
HIGH-RANDOM,151,evaluation,True,90601.65546512604,606.8495860099792,15.490315214844987,13.506855649393628,13.486849642269899,0.020006007123545916,1.9834595654513576,24,3145728,2384,5,24,91208.50505113602
HIGH-RANDOM,152,evaluation,True,91208.50505113602,597.7791819572449,19.261497115747247,15.470350615214196,15.194140485962158,0.2762101292521653,3.79114650053305,137,17956864,2675,68,137,91806.28423309326
HIGH-RANDOM,153,evaluation,True,91806.28423309326,598.191890001297,19.88165677576003,14.64364973202225,14.416339502231581,0.2273102297907103,5.238007043737781,196,25690112,2236,56,196,92404.47612309456
HIGH-RANDOM,154,evaluation,True,92404.47612309456,595.7034800052643,26.509714034725445,17.539855291698977,16.264046251608875,1.2758090400901558,8.969858743026467,551,72220672,2714,313,551,93000.17960309982
HIGH-RANDOM,155,evaluation,True,93000.17960309982,614.405925989151,18.11547382105223,11.552226484193403,11.496898593370723,0.055327890822430885,6.5632473368588276,200,26214400,2054,14,200,93614.58552908897
HIGH-RANDOM,156,evaluation,True,93614.58552908897,588.5197830200195,16.236558916513722,13.532099588977635,13.251543743827785,0.28055584514998394,2.7044593275360858,201,26345472,2212,68,201,94203.105312109
HIGH-RANDOM,157,evaluation,True,94203.105312109,610.8859128952026,17.973788105372833,11.893050812656616,11.674438784243337,0.2186120284131012,6.0807372927162175,114,14942208,2082,55,114,94813.9912250042
HIGH-RANDOM,158,evaluation,True,94813.9912250042,593.9629490375519,21.33433508746519,15.152394883461739,15.140130848649308,0.012264034812584554,6.18194020400345,104,13631488,2730,3,104,95407.95417404175
HIGH-RANDOM,159,evaluation,True,95407.95417404175,595.6154160499573,18.199689343010668,15.312656958985176,15.09251678533357,0.22014017365172495,2.8870323840254923,482,63176704,2676,54,482,96003.5695900917
HIGH-RANDOM,160,evaluation,True,96003.5695900917,600.7867259979248,23.48637937925229,17.229787695016814,17.00345923253414,0.22632846248271848,6.256591684235476,286,37486592,2931,56,286,96604.35631608963
HIGH-RANDOM,161,evaluation,True,96604.35631608963,596.2121419906616,22.206316627455458,14.01484002895553,13.481330778334783,0.5335092506211935,8.191476598499925,654,85721088,2192,131,654,97200.56845808029
HIGH-RANDOM,162,evaluation,True,97200.56845808029,605.4558379650116,20.62607888571368,13.40497895503581,13.172375052322188,0.2326039027135942,7.221099930677873,142,18612224,2311,58,142,97806.0242960453
HIGH-RANDOM,163,evaluation,True,97806.0242960453,595.4829001426697,17.842743360061007,13.261601815378325,13.261601815378325,0.0,4.581141544682682,201,26345472,2213,0,201,98401.50719618797
HIGH-RANDOM,164,evaluation,True,98401.50719618797,600.8912749290466,15.674349793470151,12.125716710730357,12.125716710730357,0.0,3.548633082739794,112,14680064,2093,0,112,99002.39847111702
HIGH-RANDOM,165,evaluation,True,99002.39847111702,618.5882818698883,20.516189160928477,12.281611687336587,12.281611687336587,0.0,8.23457747359189,122,15990784,2129,0,122,99620.98675298691
HIGH-RANDOM,166,evaluation,True,99620.98675298691,579.9955360889435,23.213395040858927,17.726672347726318,17.320585842101604,0.40608650562482934,5.4867226931326085,123,16121856,2848,97,123,100200.98228907585
HIGH-RANDOM,167,evaluation,True,100200.98228907585,605.8981919288635,22.7306908049081,18.508197067540998,17.87501456468053,0.633182502860446,4.222493737367102,332,43515904,2908,158,332,100806.88048100471
HIGH-RANDOM,168,evaluation,True,100806.88048100471,593.4298892021179,15.269574513017687,10.63320583421834,10.363154707417037,0.270051126800975,4.636368678799347,130,17039360,1796,66,130,101400.31037020683
HIGH-RANDOM,169,evaluation,True,101400.31037020683,605.05473279953,18.49327324516855,12.562356038015679,12.562356038015679,0.0,5.930917207152871,0,0,2341,0,0,102005.36510300636
HIGH-RANDOM,170,evaluation,True,102005.36510300636,594.9458091259003,14.677787810321087,10.344911940308787,10.022492547013284,0.3224193932954899,4.3328758700123,186,24379392,1719,79,186,102600.31091213226
HIGH-RANDOM,171,evaluation,True,102600.31091213226,601.1164619922638,18.344426495310728,12.68353431714957,12.68353431714957,0.0,5.660892178161159,97,12713984,2298,0,97,103201.42737412453
HIGH-RANDOM,172,evaluation,True,103201.42737412453,599.7681829929352,22.488227568893258,17.143796718252826,17.143796718252826,0.0,5.344430850640432,289,37879808,2998,0,289,103801.19555711746
HIGH-RANDOM,173,evaluation,True,103801.19555711746,599.6946198940277,12.798002362854042,10.345494729026035,10.345494729026035,0.0,2.452507633828008,113,14811136,1871,0,113,104400.89017701149
HIGH-RANDOM,174,evaluation,True,104400.89017701149,604.4731841087341,12.686514361205024,9.531857306868584,9.182384258600235,0.3494730482685663,3.1546570543364396,255,33423360,1365,87,255,105005.36336112022
HIGH-RANDOM,175,evaluation,True,105005.36336112022,596.9793689250946,21.35643193969553,16.259547187691332,16.05617940360028,0.2033677840910506,5.096884752004197,131,17170432,2803,50,131,105602.34273004532
HIGH-RANDOM,176,evaluation,True,105602.34273004532,608.5378170013428,15.411941159162389,11.292177708164651,11.28818760703977,0.0039901011248442255,4.119763450997737,72,9437184,2066,1,72,106210.88054704666
HIGH-RANDOM,177,evaluation,True,106210.88054704666,593.3702380657196,15.39912665601569,9.480189394230365,9.398347492754446,0.08184190147597188,5.9189372617853255,109,14286848,1731,20,109,106804.25078511238
HIGH-RANDOM,178,evaluation,True,106804.25078511238,603.7758769989014,15.718856350043858,11.133155700660733,11.11706941751727,0.0160862831433176,4.585700649383123,41,5373952,1975,4,41,107408.02666211128
HIGH-RANDOM,179,evaluation,True,107408.02666211128,597.9246308803558,17.224074727507094,11.294636070434487,11.294636070434487,0.0,5.929438657072607,226,29622272,1913,0,226,108005.95129299164
HIGH-RANDOM,180,evaluation,True,108005.95129299164,596.3000040054321,16.07652450031769,9.824261330466921,9.795757403110093,0.028503927356566497,6.252263169850769,106,13893632,1761,7,106,108602.25129699707
HIGH-RANDOM,181,evaluation,True,108602.25129699707,603.388729095459,15.339484579945996,9.33710906375847,9.228456983601644,0.10865208015688331,6.002375516187525,117,15335424,1596,27,117,109205.64002609253
HIGH-RANDOM,182,evaluation,True,109205.64002609253,625.5503098964691,18.0358211662986,12.783569295315058,12.783569295315058,0.0,5.2522518709835415,61,7995392,2333,0,61,109831.190335989
HIGH-RANDOM,183,evaluation,True,109831.190335989,575.477637052536,16.507098104839738,11.89750195040634,11.89750195040634,0.0,4.609596154433397,11,1441792,1912,0,11,110406.66797304153
HIGH-RANDOM,184,evaluation,True,110406.66797304153,598.9091489315033,14.766405634334099,9.31763956248789,9.31763956248789,0.0,5.448766071846208,5,655360,1772,0,5,111005.57712197304
HIGH-RANDOM,185,evaluation,True,111005.57712197304,594.9076380729675,16.03978589533989,11.471177288793237,11.34873168853224,0.12244560026120749,4.568608606546654,221,28966912,1978,30,221,111600.484760046
HIGH-RANDOM,186,evaluation,True,111600.484760046,600.0041069984436,15.788191593172774,11.590230817713298,11.266482710017883,0.32374810769536666,4.197960775459476,315,41287680,1771,80,315,112200.48886704445
HIGH-RANDOM,187,evaluation,True,112200.48886704445,599.8280169963837,23.54200445131999,13.13668117189259,13.13668117189259,0.0,10.405323279427398,36,4718592,2048,0,36,112800.31688404083
HIGH-RANDOM,188,evaluation,True,112800.31688404083,601.7390379905701,18.621645448318183,11.95996103362194,11.689603740155153,0.2703572934669504,6.661684414696243,79,10354688,1976,67,79,113402.0559220314
HIGH-RANDOM,189,evaluation,True,113402.0559220314,623.8161480426788,22.417785397922007,14.006390528410625,13.796202187614423,0.21018834079606316,8.411394869511382,247,32374784,2413,54,247,114025.87207007408
HIGH-RANDOM,190,evaluation,True,114025.87207007408,574.2398250102997,12.275307575271293,6.667254994087554,6.667254994087554,0.0,5.608052581183739,86,11272192,1090,0,86,114600.11189508438
HIGH-RANDOM,191,evaluation,True,114600.11189508438,615.5565340518951,15.312388877750168,9.493875494343687,9.25325458477282,0.24062090957073015,5.818513383406481,75,9830400,1688,61,75,115215.66842913628
HIGH-RANDOM,192,evaluation,True,115215.66842913628,584.5141899585724,20.919241055483887,14.151339760025243,13.474222287799108,0.6771174722256522,6.767901295458644,211,27656192,1928,163,211,115800.18261909485
HIGH-RANDOM,193,evaluation,True,115800.18261909485,612.6342120170593,16.868479194434304,10.95421450808648,10.431042908743727,0.523171599342377,5.914264686347824,147,19267584,1803,132,147,116412.81683111191
HIGH-RANDOM,194,evaluation,True,116412.81683111191,588.9832649230957,21.242587852922718,14.01188888846741,13.055451589015933,0.9564372994521567,7.230698964455308,337,44171264,1917,232,337,117001.800096035
HIGH-RANDOM,195,evaluation,True,117001.800096035,605.6290850639343,17.436196791563752,12.141609686788676,12.089489243196876,0.05212044359184826,5.294587104775077,27,3538944,2055,13,27,117607.42918109894
HIGH-RANDOM,196,evaluation,True,117607.42918109894,618.6644361019135,12.673944623071495,8.751133628479026,8.34688035238454,0.4042532760941282,3.92281099459247,278,36438016,1561,103,278,118226.09361720085
HIGH-RANDOM,197,evaluation,True,118226.09361720085,574.0023708343506,13.874228977078408,9.531976716272618,9.290857044236978,0.24111967203564957,4.34225226080579,102,13369344,1578,57,102,118800.0959880352
HIGH-RANDOM,198,evaluation,True,118800.0959880352,601.7510919570923,15.857114128372725,8.245054375945852,8.140141706946283,0.10491266900071779,7.612059752426873,28,3670016,1399,26,28,119401.8470799923
HIGH-RANDOM,199,evaluation,True,119401.8470799923,598.9519491195679,14.502215993951925,8.65959975054441,8.627168068081732,0.032431682463964516,5.842616243407515,41,5373952,1615,8,41,120000.79902911186
HIGH-RANDOM,200,evaluation,True,120000.79902911186,599.5097420215607,12.434904756023881,8.020345160799435,8.020345160801542,0.0,4.414559595224446,0,0,1454,0,0,120600.30877113342
HIGH-RANDOM,201,evaluation,True,120600.30877113342,603.5825798511505,15.284401042808987,9.934143804406135,9.576109380757245,0.35803442365191507,5.350257238402852,168,22020096,1670,89,168,121203.89135098457
HIGH-RANDOM,202,evaluation,True,121203.89135098457,597.3077130317688,17.368630980435082,13.155410706054944,12.64727072746075,0.5081399785972339,4.213220274380137,260,34078720,2085,125,260,121801.19906401634
HIGH-RANDOM,203,evaluation,True,121801.19906401634,599.0504860877991,19.644805661681268,14.017083291723921,13.044292857053579,0.9727904346699306,5.627722369957349,411,53870592,2021,240,411,122400.24955010414
HIGH-RANDOM,204,evaluation,True,122400.24955010414,612.7950658798218,12.120748645994247,7.9107348526033485,7.9107348526033485,0.0,4.2100137933909,0,0,1536,0,0,123013.04461598396
HIGH-RANDOM,205,evaluation,True,123013.04461598396,591.890527009964,16.9477720304124,9.885783281344242,9.885783281344242,0.0,7.061988749068157,112,14680064,1752,0,112,123604.93514299393
HIGH-RANDOM,206,evaluation,True,123604.93514299393,597.0372030735016,19.196856267474175,10.788575666677719,10.788575666677719,0.0,8.408280600796456,52,6815744,1916,0,52,124201.97234606743
HIGH-RANDOM,207,evaluation,True,124201.97234606743,603.5613949298859,20.72326096455078,10.879897466683369,10.879897466683369,0.0,9.84336349786741,1,131072,1994,0,1,124805.53374099731
HIGH-RANDOM,208,evaluation,True,124805.53374099731,603.5610101222992,15.875443569252386,10.569505625532917,10.485022573885013,0.08448305164765979,5.30593794371947,133,17432576,1909,21,133,125409.09475111961
HIGH-RANDOM,209,evaluation,True,125409.09475111961,594.0138239860535,20.451486030986928,13.162956699404825,12.9299599949266,0.23299670447823348,7.288529331582101,207,27131904,2137,57,207,126003.10857510567
HIGH-RANDOM,210,evaluation,True,126003.10857510567,623.8920450210571,22.793429082203133,16.110813391710916,16.110813391710916,0.0,6.682615690492218,43,5636096,2995,0,43,126627.00062012672
HIGH-RANDOM,211,evaluation,True,126627.00062012672,580.3129289150238,18.572505717759782,13.392922783257688,13.392922783257688,0.0,5.179582934502095,139,18219008,2201,0,139,127207.31354904175
HIGH-RANDOM,212,evaluation,True,127207.31354904175,598.0956630706787,20.922774856906134,11.959481057241288,11.959481057241288,0.0,8.963293799664847,2,262144,1946,0,2,127805.40921211243
HIGH-RANDOM,213,evaluation,True,127805.40921211243,603.8791918754578,11.163675379463065,7.236044938267683,7.236044938267683,0.0,3.9276304411953826,64,8388608,1326,0,64,128409.28840398788
HIGH-RANDOM,214,evaluation,True,128409.28840398788,596.7307682037354,17.261968733830063,12.412442200159013,12.347337397591145,0.06510480256780184,4.849526533671049,124,16252928,2153,16,124,129006.01917219162
HIGH-RANDOM,215,evaluation,True,129006.01917219162,602.7487978935242,17.334580296818864,11.301919408258177,11.100498232752724,0.20142117550571503,6.0326608885606845,324,42467328,1782,50,324,129608.76797008514
HIGH-RANDOM,216,evaluation,True,129608.76797008514,592.4542150497437,18.000548407112813,11.75048754365174,11.75048754365174,0.0,6.250060863461073,196,25690112,1933,0,196,130201.22218513489
HIGH-RANDOM,217,evaluation,True,130201.22218513489,603.9874129295349,21.34707790238293,14.508813988582638,14.508813988582638,0.0,6.838263913800293,71,9306112,2596,0,71,130805.20959806442
HIGH-RANDOM,218,evaluation,True,130805.20959806442,598.8423490524292,17.560818189966852,11.942038856662359,11.702811423121224,0.23922743354107046,5.618779333304492,127,16646144,1939,59,127,131404.05194711685
HIGH-RANDOM,219,evaluation,True,131404.05194711685,599.3270130157471,16.60999285636279,12.607964503836616,12.381084798730555,0.2268797051061028,4.0020283525261755,70,9175040,2214,56,70,132003.3789601326
HIGH-RANDOM,220,evaluation,True,132003.3789601326,607.39697098732,19.13489085825006,14.169653320157037,14.01774468926764,0.15190863088905462,4.965237538093022,361,47316992,2533,38,361,132610.77593111992
HIGH-RANDOM,221,evaluation,True,132610.77593111992,591.7056980133057,20.573957124464044,14.344452451093183,13.757636702337743,0.5868157487549142,6.229504673370863,488,63963136,2208,143,488,133202.48162913322
HIGH-RANDOM,222,evaluation,True,133202.48162913322,605.2072198390961,18.490603691280874,11.458747095348842,11.214011460576943,0.24473563477175977,7.031856595932031,143,18743296,1861,61,143,133807.68884897232
HIGH-RANDOM,223,evaluation,True,133807.68884897232,592.634642124176,16.417426607331983,10.073869962656044,9.65186100921254,0.42200895344339584,6.34355664467594,127,16646144,1619,103,127,134400.3234910965
HIGH-RANDOM,224,evaluation,True,134400.3234910965,601.0589129924774,24.118063837876836,11.788037444663452,11.307307257153726,0.4807301875095532,12.330026393213384,165,21626880,1786,119,165,135001.38240408897
HIGH-RANDOM,225,evaluation,True,135001.38240408897,599.678817987442,25.123831544180035,12.50692162232061,12.247782645355985,0.2591389769638517,12.616909921859426,209,27394048,2025,64,209,135601.06122207642
HIGH-RANDOM,226,evaluation,True,135601.06122207642,601.506973028183,17.17737945380351,9.512271683056634,9.048046550588245,0.4642251324683636,7.665107770746875,126,16515072,1531,115,126,136202.5681951046
HIGH-RANDOM,227,evaluation,True,136202.5681951046,609.1545748710632,21.190650827191554,11.953113391344889,11.769754575206026,0.18335881613874894,9.237537435846665,69,9043968,1795,46,69,136811.72276997566
HIGH-RANDOM,228,evaluation,True,136811.72276997566,591.7339870929718,15.878442194054696,9.56498411174692,9.261331738212442,0.30365237353384356,6.313458082307776,217,28442624,1415,74,217,137403.45675706863
HIGH-RANDOM,229,evaluation,True,137403.45675706863,600.655396938324,23.557309643676327,11.891940814754538,9.514972364928862,2.3769684498240307,11.66536882892179,628,82313216,1025,588,628,138004.11215400696
HIGH-RANDOM,230,evaluation,True,138004.11215400696,605.4965100288391,19.779178868682486,10.099608629429223,9.8750406365117,0.22456799291652849,9.679570239253264,163,21364736,1660,56,163,138609.6086640358
HIGH-RANDOM,231,evaluation,True,138609.6086640358,596.5643839836121,24.934979211276037,11.07147312120704,10.98599923547097,0.08547388573582136,13.863506090068995,33,4325376,1844,21,33,139206.1730480194
HIGH-RANDOM,232,evaluation,True,139206.1730480194,596.1043651103973,23.984998260186078,15.433213189272816,14.524861484161036,0.9083517051114648,8.551785070913262,389,50987008,2145,223,389,139802.2774131298
HIGH-RANDOM,233,evaluation,True,139802.2774131298,603.2154619693756,15.87622948277741,10.87631513844107,10.755555928115074,0.12075921032594872,4.999914344336339,237,31064064,1830,30,237,140405.49287509918
HIGH-RANDOM,234,evaluation,True,140405.49287509918,595.3210129737854,17.451212371417512,11.044640948857767,11.044640948857767,0.0,6.406571422559747,16,2097152,1958,0,16,141000.81388807297
HIGH-RANDOM,235,evaluation,True,141000.81388807297,600.6997799873352,13.081010776173716,8.436078510226944,8.2218437827007,0.21423472752639913,4.644932265946773,53,6946816,1442,53,53,141601.5136680603
HIGH-RANDOM,236,evaluation,True,141601.5136680603,615.8516609668732,12.974685702619615,10.943824876092762,10.880741440076559,0.0630834360161474,2.030860826526853,135,17694720,2194,16,135,142217.36532902718
HIGH-RANDOM,237,evaluation,True,142217.36532902718,587.6803841590881,17.027108507826565,11.731688653090776,11.500312654094866,0.23137599899595246,5.29541985473579,236,30932992,2073,56,236,142805.04571318626
HIGH-RANDOM,238,evaluation,True,142805.04571318626,597.1342058181763,13.410335448457916,8.776167362358825,8.53625560238308,0.23991175997567984,4.634168086099091,68,8912896,1402,59,68,143402.17991900444
HIGH-RANDOM,239,evaluation,True,143402.17991900444,601.3182120323181,21.916172443957617,12.996246261135509,12.321899014729972,0.6743472464051762,8.919926182822108,190,24903680,1999,167,190,144003.49813103676
HIGH-RANDOM,240,evaluation,True,144003.49813103676,598.5230309963226,18.684559330192744,12.106887447900586,11.737712688506793,0.36917475939359456,6.577671882292158,107,14024704,2025,91,107,144602.02116203308
HIGH-RANDOM,241,evaluation,True,144602.02116203308,600.4552781581879,17.22983592130239,9.111789058634143,8.654838459049131,0.4569505995850602,8.118046862668248,127,16646144,1443,113,127,145202.47644019127
HIGH-RANDOM,242,evaluation,True,145202.47644019127,600.8350858688354,20.389179121121266,15.022538777034677,14.646702118811783,0.37583665822263307,5.366640344086591,493,64618496,2756,93,493,145803.3115260601
HIGH-RANDOM,243,evaluation,True,145803.3115260601,601.883791923523,20.59719093780062,14.70764335421264,14.259845709320032,0.4477976448922048,5.88954758358798,201,26345472,2377,111,201,146405.19531798363
HIGH-RANDOM,244,evaluation,True,146405.19531798363,605.3624670505524,15.041156478057227,11.15799745570759,10.66464068201299,0.4933567736942893,3.8831590223496364,124,16252928,1830,123,124,147010.55778503418
HIGH-RANDOM,245,evaluation,True,147010.55778503418,603.9713521003723,15.013245079482678,11.380320770983095,11.380320770983095,0.0,3.6329243084995824,64,8388608,2094,0,64,147614.52913713455
HIGH-RANDOM,246,evaluation,True,147614.52913713455,586.190908908844,20.257491214526002,14.959104104346993,14.196936967351704,0.7621671369948188,5.29838711017901,288,37748736,2046,184,288,148200.7200460434
HIGH-RANDOM,247,evaluation,True,148200.7200460434,613.2042460441589,17.013294326360334,11.16058156864362,11.124943937309,0.03563763133429854,5.852712757716714,71,9306112,2007,9,71,148813.92429208755
HIGH-RANDOM,248,evaluation,True,148813.92429208755,586.8010718822479,16.372302033237826,10.676756383615372,10.424344143397823,0.25241224021740577,5.6955456496224555,87,11403264,1572,61,87,149400.7253639698
HIGH-RANDOM,249,evaluation,True,149400.7253639698,599.4249880313873,19.653790597158892,14.92859396879758,14.665294496837312,0.2632994719599812,4.725196628361312,153,20054016,2239,65,153,150000.1503520012
HIGH-RANDOM,250,evaluation,True,150000.1503520012,603.6341919898987,15.530350126036783,7.2842271119749045,7.0831013755312675,0.20112573644337547,8.24612301406188,124,16252928,1182,50,124,150603.7845439911
HIGH-RANDOM,251,evaluation,True,150603.7845439911,599.1690981388092,11.978985335246417,6.765731124833718,6.765731124833718,0.0,5.2132542104127,3,393216,1288,0,3,151202.9536421299
HIGH-RANDOM,252,evaluation,True,151202.9536421299,601.0904898643494,14.273624103876386,8.470731886514749,8.26067594919436,0.21005593732005165,5.802892217361639,117,15335424,1374,52,117,151804.04413199425
HIGH-RANDOM,253,evaluation,True,151804.04413199425,598.5931870937347,18.840568680024568,14.314416248389565,14.23734483807413,0.07707141031526146,4.526152431635005,27,3538944,2510,19,27,152402.63731908798
HIGH-RANDOM,254,evaluation,True,152402.63731908798,597.6855390071869,16.232731313334355,9.653333974319843,9.653333974319843,0.0,6.5793973390145135,100,13107200,1771,0,100,153000.32285809517
HIGH-RANDOM,255,evaluation,True,153000.32285809517,601.9504280090332,17.495235618647243,11.329526822280627,11.039095639427154,0.29043118285240666,6.165708796366617,228,29884416,1921,72,228,153602.2732861042
HIGH-RANDOM,256,evaluation,True,153602.2732861042,610.2503600120544,16.882902293729444,11.109910885086899,11.109910885086899,0.0,5.772991408642544,88,11534336,2016,0,88,154212.52364611626
HIGH-RANDOM,257,evaluation,True,154212.52364611626,602.1277408599854,12.902041591841781,8.737791259628395,8.564390380837002,0.17340087879086818,4.164250332213387,137,17956864,1466,43,137,154814.65138697624
HIGH-RANDOM,258,evaluation,True,154814.65138697624,612.2288401126862,12.102451259247628,9.09334909179625,8.847454271623105,0.2458948201724522,3.0091021674513776,76,9961472,1573,62,76,155426.88022708893
HIGH-RANDOM,259,evaluation,True,155426.88022708893,579.0025761127472,14.126723812393482,9.024139469427036,8.638324738018925,0.3858147314084273,5.102584342966447,169,22151168,1481,92,169,156005.88280320168
HIGH-RANDOM,260,evaluation,True,156005.88280320168,597.2239189147949,20.31944137854594,13.891991757803249,13.558605162254983,0.33338659554734823,6.42744962074269,137,17956864,2164,82,137,156603.10672211647
HIGH-RANDOM,261,evaluation,True,156603.10672211647,612.0172820091248,14.399404717387204,9.999063791973409,9.812595219145791,0.18646857282747345,4.400340925413795,127,16646144,1605,47,127,157215.1240041256
HIGH-RANDOM,262,evaluation,True,157215.1240041256,588.9493680000305,17.72231897962709,13.060853526000201,12.850590122109987,0.2102634038899141,4.661465453626889,229,30015488,2025,51,229,157804.07337212563
HIGH-RANDOM,263,evaluation,True,157804.07337212563,625.1915919780731,14.688271244866563,10.689900974340816,10.689900974340816,0.0,3.9983702705257467,127,16646144,2042,0,127,158429.2649641037
HIGH-RANDOM,264,evaluation,True,158429.2649641037,616.2292919158936,16.344516284929426,11.264383842191934,11.083130105702605,0.18125373648921847,5.080132442737492,192,25165824,1905,46,192,159045.4942560196
HIGH-RANDOM,265,evaluation,True,159045.4942560196,565.1266911029816,13.169702691840854,6.999534096331293,6.711661411770534,0.2878726845603748,6.170168595509561,118,15466496,1049,67,118,159610.62094712257
HIGH-RANDOM,266,evaluation,True,159610.62094712257,613.255509853363,12.700110884898805,8.15547322205765,8.15547322205765,0.0,4.544637662841157,36,4718592,1573,0,36,160223.87645697594
HIGH-RANDOM,267,evaluation,True,160223.87645697594,579.7241821289062,14.903096301688748,10.60043460712656,10.085259144610742,0.515175462515486,4.302661694562187,145,19005440,1658,123,145,160803.60063910484
HIGH-RANDOM,268,evaluation,True,160803.60063910484,609.7746469974518,11.690856472781192,8.895996662477865,8.14737918758547,0.7486174748912953,2.7948598103033273,276,36175872,1283,188,276,161413.3752861023
HIGH-RANDOM,269,evaluation,True,161413.3752861023,588.1030039787292,13.832633981591515,11.17205408893771,10.672475925221697,0.4995781637157611,2.660579892653805,159,20840448,1664,121,159,162001.47829008102
HIGH-RANDOM,270,evaluation,True,162001.47829008102,605.9922549724579,14.058508585617476,10.110387037198997,9.881995894790972,0.2283911424075119,3.9481215484184795,119,15597568,1769,57,119,162607.47054505348
HIGH-RANDOM,271,evaluation,True,162607.47054505348,596.0496439933777,14.0623471825268,9.448262742683756,9.448262742683756,0.0,4.614084439843045,40,5242880,1701,0,40,163203.52018904686
HIGH-RANDOM,272,evaluation,True,163203.52018904686,597.230416059494,14.035439245036244,8.933199928729593,8.933199928729593,0.0,5.102239316306651,66,8650752,1671,0,66,163800.75060510635
HIGH-RANDOM,273,evaluation,True,163800.75060510635,615.8304898738861,11.485712163584727,9.1329503074781,9.1329503074781,0.0,2.352761856106627,58,7602176,1698,0,58,164416.58109498024
HIGH-RANDOM,274,evaluation,True,164416.58109498024,601.5819799900055,9.918745599789657,7.14044224385279,7.14044224385279,0.0,2.7783033559368673,22,2883584,1256,0,22,165018.16307497025
HIGH-RANDOM,275,evaluation,True,165018.16307497025,598.9826700687408,13.671198847656866,9.32508983928477,8.895392086340124,0.4296977529449502,4.346109008372096,197,25821184,1405,106,197,165617.145745039
HIGH-RANDOM,276,evaluation,True,165617.145745039,613.5453519821167,16.365437690955854,12.871076435470355,12.526770858768227,0.3443055767020796,3.4943612554855,160,20971520,2297,87,160,166230.6910970211
HIGH-RANDOM,277,evaluation,True,166230.6910970211,573.9510850906372,11.432733567868354,8.174704193022402,8.174704193022402,0.0,3.258029374845952,0,0,1485,0,0,166804.64218211174
HIGH-RANDOM,278,evaluation,True,166804.64218211174,602.051589012146,8.986060283387781,6.078090442928119,6.078090442928119,0.0,2.9079698404596623,60,7864320,1165,0,60,167406.6937711239
HIGH-RANDOM,279,evaluation,True,167406.6937711239,615.4812819957733,9.645817505723972,7.820977894821612,7.706570361277501,0.11440753354409557,1.82483961090236,28,3670016,1493,29,28,168022.17505311966
HIGH-RANDOM,280,evaluation,True,168022.17505311966,583.3741629123688,8.218505676577077,4.102227023023004,4.102227023023004,0.0,4.116278653554073,7,917504,683,0,7,168605.54921603203
HIGH-RANDOM,281,evaluation,True,168605.54921603203,605.5757300853729,12.570345307963066,8.406372915533323,8.402363297400496,0.004009618132793171,4.163972392429742,55,7208960,1543,1,55,169211.1249461174
HIGH-RANDOM,282,evaluation,True,169211.1249461174,596.9222009181976,17.554273132104463,9.74830260128705,9.74830260128705,0.0,7.805970530817415,79,10354688,1765,0,79,169808.0471470356
HIGH-RANDOM,283,evaluation,True,169808.0471470356,592.2827441692352,7.230774849216331,4.203230300914335,4.203230300914335,0.0,3.0275445483019965,61,7995392,749,0,61,170400.32989120483
HIGH-RANDOM,284,evaluation,True,170400.32989120483,613.3311998844147,11.421666110551579,7.149519396451507,7.149519396451507,0.0,4.272146714100072,31,4063232,1306,0,31,171013.66109108925
HIGH-RANDOM,285,evaluation,True,171013.66109108925,587.7132530212402,13.341517739608065,8.021869555980432,7.526091572622279,0.49577798335741485,5.319648183627632,135,17694720,1177,120,135,171601.3743441105
HIGH-RANDOM,286,evaluation,True,171601.3743441105,615.5357940196991,11.344750867363505,8.799053655776317,8.775385227862879,0.023668427913223183,2.5456972115871883,136,17825792,1501,6,136,172216.9101381302
HIGH-RANDOM,287,evaluation,True,172216.9101381302,588.3843469619751,21.515448553683324,12.561296504624153,12.491141398541949,0.07015510608210372,8.954152049059172,71,9306112,2027,17,71,172805.29448509216
HIGH-RANDOM,288,evaluation,True,172805.29448509216,597.3443360328674,21.24519251321201,13.711491423650143,13.01233368087837,0.6991577427712264,7.533701089561867,268,35127296,2175,172,268,173402.63882112503
HIGH-RANDOM,289,evaluation,True,173402.63882112503,602.1267819404602,18.244575918290494,12.397730928773683,12.228362358831188,0.16936856994252747,5.846844989516809,102,13369344,2072,42,102,174004.7656030655
HIGH-RANDOM,290,evaluation,True,174004.7656030655,595.2772040367126,20.995455039036646,14.59058215070726,14.26426326442516,0.3263188862817924,6.404872888329385,230,30146560,2484,80,230,174600.0428071022
HIGH-RANDOM,291,evaluation,True,174600.0428071022,601.0592520236969,20.781623024570337,14.211507456540565,14.017599591122133,0.19390786541876684,6.570115568029772,497,65142784,2549,48,497,175201.1020591259
HIGH-RANDOM,292,evaluation,True,175201.1020591259,601.0270519256592,18.40849825903121,11.403863885276238,11.036227195294034,0.3676366899820138,7.004634373754972,95,12451840,1824,91,95,175802.12911105156
HIGH-RANDOM,293,evaluation,True,175802.12911105156,602.4580039978027,23.355853275328407,13.524818566711918,13.11775140416529,0.4070671625465862,9.831034708616487,269,35258368,2097,101,269,176404.58711504936
HIGH-RANDOM,294,evaluation,True,176404.58711504936,597.9215030670166,18.34726028241022,11.249391231540264,11.176294188731351,0.07309704280930136,7.097869050869955,58,7602176,1897,18,58,177002.50861811638
HIGH-RANDOM,295,evaluation,True,177002.50861811638,599.4120728969574,17.28145392725888,12.433625426235606,12.26348979401829,0.1701356322178849,4.8478285010232725,144,18874368,2067,42,144,177601.92069101334
HIGH-RANDOM,296,evaluation,True,177601.92069101334,598.3830170631409,22.178505873837818,14.818928432184041,14.559228288682295,0.25970014350149884,7.359577441653776,102,13369344,2496,64,102,178200.30370807648
HIGH-RANDOM,297,evaluation,True,178200.30370807648,619.59623503685,18.60947606415787,12.126195356717766,12.126195356717766,0.0,6.483280707440104,38,4980736,2226,0,38,178819.89994311333
HIGH-RANDOM,298,evaluation,True,178819.89994311333,582.1167359352112,14.54595469384638,11.084005864079085,11.084005864079085,0.0,3.4619488297672945,108,14155776,1960,0,108,179402.01667904854
HIGH-RANDOM,299,evaluation,True,179402.01667904854,598.3849339485168,19.82021899659059,11.886875733134826,11.838182112215579,0.04869362091933872,7.933343263455766,92,12058624,1957,12,92,180000.40161299706
HIGH-RANDOM,300,evaluation,True,180000.40161299706,611.3773801326752,18.695318924644333,13.674413781731674,13.674413781731674,0.0,5.020905142912658,73,9568256,2509,0,73,180611.77899312973
HIGH-RANDOM,301,evaluation,True,180611.77899312973,593.4312489032745,14.38266092473867,10.369513974811866,10.148563559137855,0.22095041567359566,4.013146949926802,123,16121856,1612,54,123,181205.210242033
HIGH-RANDOM,302,evaluation,True,181205.210242033,601.9398910999298,22.987707812374524,14.366171773013575,14.051532483951004,0.31463928906233257,8.621536039360947,172,22544384,2352,78,172,181807.15013313293
HIGH-RANDOM,303,evaluation,True,181807.15013313293,594.5603139400482,18.567242242738978,11.669560535880215,11.269337913587204,0.4002226222930933,6.89768170685876,165,21626880,1878,98,165,182401.71044707298
HIGH-RANDOM,304,evaluation,True,182401.71044707298,601.5052080154419,17.667136331930124,9.846090555083242,9.846090555083242,0.0,7.821045776846881,102,13369344,1755,0,102,183003.21565508842
HIGH-RANDOM,305,evaluation,True,183003.21565508842,600.3670120239258,23.83633260812165,16.205203395119415,15.946361466286396,0.25884192883329105,7.631129213002238,112,14680064,2693,64,112,183603.58266711235
HIGH-RANDOM,306,evaluation,True,183603.58266711235,598.8224790096283,16.751958147995786,11.081171558770299,11.081171558770299,0.0,5.6707865892254885,56,7340032,1904,0,56,184202.40514612198
HIGH-RANDOM,307,evaluation,True,184202.40514612198,599.6274859905243,13.822781655559204,9.912736232611357,9.912736232611357,0.0,3.910045422947848,64,8388608,1777,0,64,184802.0326321125
HIGH-RANDOM,308,evaluation,True,184802.0326321125,604.829206943512,20.22216127799561,13.468808347558966,13.135599279245344,0.3332090683137284,6.753352930436644,155,20316160,2430,83,155,185406.86183905602
HIGH-RANDOM,309,evaluation,True,185406.86183905602,593.7374310493469,16.137846218839655,10.222193244700268,10.21810368035554,0.004089564344694257,5.915652974139388,125,16384000,1775,1,125,186000.59927010536
HIGH-RANDOM,310,evaluation,True,186000.59927010536,606.025484085083,17.061693874854527,11.229048173381134,10.752257722260932,0.47679045112003915,5.832645701473393,244,31981568,1789,119,244,186606.62475419044
HIGH-RANDOM,311,evaluation,True,186606.62475419044,594.0862588882446,14.696473892213104,10.00800737126358,9.995745882000927,0.012261489262546091,4.6884665209495235,188,24641536,1801,3,188,187200.7110130787
HIGH-RANDOM,312,evaluation,True,187200.7110130787,610.8248720169067,16.417829827896284,8.797477304706108,8.710023754816124,0.08745354988970903,7.620352523190174,36,4718592,1507,22,36,187811.5358850956
HIGH-RANDOM,313,evaluation,True,187811.5358850956,592.1098999977112,15.074609567174363,9.902362235976135,9.902362235976135,0.0,5.172247331198229,72,9437184,1678,0,72,188403.6457850933
HIGH-RANDOM,314,evaluation,True,188403.6457850933,599.0690770149231,19.922081200834672,14.390544912423634,14.066291497077966,0.32425341534588265,5.531536288411037,125,16384000,2168,80,125,189002.71486210823
HIGH-RANDOM,315,evaluation,True,189002.71486210823,604.2609469890594,14.483295702457408,9.357546263868235,8.995895441288237,0.36165082257984177,5.125749438589173,91,11927552,1673,90,91,189606.9758090973
HIGH-RANDOM,316,evaluation,True,189606.9758090973,593.3337879180908,17.14735728232412,12.544253242419552,12.061356359833196,0.4828968825867552,4.603104039904566,123,16121856,2079,118,123,190200.30959701538
HIGH-RANDOM,317,evaluation,True,190200.30959701538,605.0492429733276,16.382177487429338,9.020662196225032,8.948426267969682,0.07223592825521183,7.361515291204305,102,13369344,1572,18,102,190805.3588399887
HIGH-RANDOM,318,evaluation,True,190805.3588399887,595.459780216217,20.56429693415162,12.859318020479632,11.974449437563642,0.8848685829164216,7.704978913671988,202,26476544,1963,217,202,191400.81862020493
HIGH-RANDOM,319,evaluation,True,191400.81862020493,602.104621887207,14.293200912539653,7.352640871918741,7.243757069708556,0.10888380221024294,6.9405600406209125,151,19791872,1270,27,151,192002.92324209213
HIGH-RANDOM,320,evaluation,True,192002.92324209213,600.5648109912872,12.009010630818262,6.3705894117184245,6.3705894117184245,0.0,5.638421219099837,56,7340032,1181,0,56,192603.48805308342
HIGH-RANDOM,321,evaluation,True,192603.48805308342,599.2277059555054,16.563488285265407,13.20482042394241,13.1886120450311,0.016208378911689397,3.358667861322999,228,29884416,2347,4,228,193202.71575903893
HIGH-RANDOM,322,evaluation,True,193202.71575903893,597.2848000526428,18.345223637627328,13.891096104751133,13.891096104751133,0.0,4.454127532876196,80,10485760,2404,0,80,193800.00055909157
HIGH-RANDOM,323,evaluation,True,193800.00055909157,607.2600350379944,19.32588756660739,13.82960157280473,13.82960157280473,0.0,5.496285993802658,5,655360,2472,0,5,194407.26059412956
HIGH-RANDOM,324,evaluation,True,194407.26059412956,595.6461338996887,18.4985010041486,13.07441271671963,13.07441271671963,0.0,5.424088287428972,51,6684672,2339,0,51,195002.90672802925
HIGH-RANDOM,325,evaluation,True,195002.90672802925,613.0689330101013,13.500423086277934,8.736568748998302,8.617750425443399,0.11881832355485535,4.763854337279633,39,5111808,1597,30,39,195615.97566103935
HIGH-RANDOM,326,evaluation,True,195615.97566103935,584.4239840507507,17.560174963140962,13.083463427170418,13.083463427170418,0.0,4.476711535970545,32,4194304,2386,0,32,196200.3996450901
HIGH-RANDOM,327,evaluation,True,196200.3996450901,610.728157043457,22.07287524335999,16.33992794366042,16.208726845096038,0.13120109856422094,5.732947299699572,157,20578304,3077,33,157,196811.12780213356
HIGH-RANDOM,328,evaluation,True,196811.12780213356,593.1011619567871,13.555008116939424,9.657451599735964,9.526445149767461,0.13100644996837812,3.8975565172034603,37,4849664,1656,32,37,197404.22896409035
HIGH-RANDOM,329,evaluation,True,197404.22896409035,598.7560369968414,16.460198075957628,11.568402986620788,11.471076104428093,0.09732688219286835,4.891795089336841,83,10878976,2013,24,83,198002.9850010872
HIGH-RANDOM,330,evaluation,True,198002.9850010872,599.2451169490814,18.374354207178968,11.088672659805457,11.088672659805457,0.0,7.28568154737351,4,524288,1842,0,4,198602.23011803627
HIGH-RANDOM,331,evaluation,True,198602.23011803627,615.1680080890656,17.879999332815576,11.515211662733918,11.515211662733918,0.0,6.364787670081658,3,393216,1957,0,3,199217.39812612534
HIGH-RANDOM,332,evaluation,True,199217.39812612534,586.2784540653229,21.11477480248312,11.65411467055906,11.65411467055906,0.0,9.460660131924058,82,10747904,1893,0,82,199803.67658019066
HIGH-RANDOM,333,evaluation,True,199803.67658019066,607.1880538463593,18.110619913208836,10.965738379711214,10.965738379711214,0.0,7.144881533497623,56,7340032,1887,0,56,200410.86463403702
HIGH-RANDOM,334,evaluation,True,200410.86463403702,592.2752830982208,18.37356207958196,10.88825482908889,10.830859585755496,0.0573952433334026,7.485307250493068,263,34471936,1892,14,263,201003.13991713524
HIGH-RANDOM,335,evaluation,True,201003.13991713524,600.4322819709778,18.501675925944905,11.076987635720197,10.846481602718546,0.23050603300165945,7.424688290224708,221,28966912,1827,57,221,201603.57219910622
HIGH-RANDOM,336,evaluation,True,201603.57219910622,609.2845230102539,11.30261653452991,6.781920619291566,6.538822743796435,0.24309787549499337,4.5206959152383455,126,16515072,1154,61,126,202212.85672211647
HIGH-RANDOM,337,evaluation,True,202212.85672211647,592.5113430023193,17.644874466560275,10.749845837771057,10.749845837771057,0.0,6.895028628789217,6,786432,2018,0,6,202805.3680651188
HIGH-RANDOM,338,evaluation,True,202805.3680651188,596.2248179912567,17.073627216688294,10.173943570303347,9.945883395899296,0.2280601744040922,6.899683646384948,100,13107200,1666,56,100,203401.59288311005
HIGH-RANDOM,339,evaluation,True,203401.59288311005,611.1048080921173,13.841051847949663,7.357831769388656,7.099564642803285,0.2582671265850873,6.483220078561007,66,8650752,1129,65,66,204012.69769120216
HIGH-RANDOM,340,evaluation,True,204012.69769120216,597.8582649230957,15.236692070408921,8.278059766795149,8.278059766795149,0.0,6.958632303613771,68,8912896,1512,0,68,204610.55595612526
HIGH-RANDOM,341,evaluation,True,204610.55595612526,593.252858877182,17.228362080915193,11.920912438583073,11.798125296888179,0.12278714169484452,5.307449642332121,323,42336256,2159,30,323,205203.80881500244
HIGH-RANDOM,342,evaluation,True,205203.80881500244,606.8157410621643,15.08417027842701,10.802790017984448,10.802790017984448,0.0,4.281380260442563,149,19529728,1963,0,149,205810.6245560646
HIGH-RANDOM,343,evaluation,True,205810.6245560646,596.261666059494,16.79375318079168,10.413577670942894,10.222181853270635,0.19139581767210895,6.380175509848784,50,6553600,1734,47,50,206406.8862221241
HIGH-RANDOM,344,evaluation,True,206406.8862221241,600.5183899402618,14.971071978826892,10.070003389611697,9.766749467400006,0.30325392221156,4.901068589215194,143,18743296,1784,75,143,207007.40461206436
HIGH-RANDOM,345,evaluation,True,207007.40461206436,615.2559950351715,16.132964722811334,11.743947635354353,11.605819017883924,0.13812861747020433,4.389017087456982,232,30408704,2033,35,232,207622.66060709953
HIGH-RANDOM,346,evaluation,True,207622.66060709953,593.372330904007,14.320154361153214,11.450476417637123,11.450476417637123,0.0,2.869677943516091,133,17432576,2022,0,133,208216.03293800354
HIGH-RANDOM,347,evaluation,True,208216.03293800354,613.6280171871185,12.322769698909424,9.168928131086062,8.523936768730769,0.6449913623550918,3.1538415678233616,318,41680896,1299,163,318,208829.66095519066
HIGH-RANDOM,348,evaluation,True,208829.66095519066,585.3369100093842,9.347132805334233,6.702370623751649,6.565478171288103,0.13689245246283713,2.644762181582584,83,10878976,1017,33,83,209414.99786520004
HIGH-RANDOM,349,evaluation,True,209414.99786520004,590.4076538085938,12.437806354653627,9.024209427322045,9.024209427322045,0.0,3.413596927331583,1,131072,1497,0,1,210005.40551900864
HIGH-RANDOM,350,evaluation,True,210005.40551900864,598.487694978714,13.826922227759292,11.10918117780709,10.99558223741455,0.1135989403925633,2.717741049952203,76,9961472,1934,28,76,210603.89321398735
HIGH-RANDOM,351,evaluation,True,210603.89321398735,611.7923541069031,10.768986886084242,7.155342001574078,7.115653250777862,0.03968875079636942,3.6136448845101636,37,4849664,1214,10,37,211215.68556809425
HIGH-RANDOM,352,evaluation,True,211215.68556809425,593.4237959384918,10.853368026740911,5.852788149806939,5.852788149806939,0.0,5.000579876933973,1,131072,891,0,1,211809.10936403275
HIGH-RANDOM,353,evaluation,True,211809.10936403275,605.4996070861816,17.863233790076485,13.443597889788984,12.986443956793225,0.45715393299524404,4.419635900287499,226,29622272,2107,114,226,212414.60897111893
HIGH-RANDOM,354,evaluation,True,212414.60897111893,597.9977669715881,13.797646068554844,11.007384280420421,11.007384280420421,0.0,2.7902617881344227,111,14548992,1961,0,111,213012.60673809052
HIGH-RANDOM,355,evaluation,True,213012.60673809052,594.3506479263306,17.86537695440103,10.84461358036525,10.803760130695073,0.040853449669802866,7.020763374035779,29,3801088,1842,10,29,213606.95738601685
HIGH-RANDOM,356,evaluation,True,213606.95738601685,595.1076850891113,14.468776011001054,7.950641665429892,7.950641665429892,0.0,6.518134345571162,6,786432,1475,0,6,214202.06507110596
HIGH-RANDOM,357,evaluation,True,214202.06507110596,613.8787980079651,20.88408849906554,12.442092946882683,12.43418217545344,0.00791077142916997,8.441995552182858,155,20316160,2249,2,155,214815.94386911392
HIGH-RANDOM,358,evaluation,True,214815.94386911392,597.9496328830719,19.73364879050648,10.97679138026981,10.97679138026981,0.0,8.75685741023667,78,10223616,1848,0,78,215413.893501997
HIGH-RANDOM,359,evaluation,True,215413.893501997,589.3152921199799,18.663356518436423,11.667465519314744,11.667465519314744,0.0,6.995890999121681,65,8519680,2095,0,65,216003.20879411697
HIGH-RANDOM,360,evaluation,True,216003.20879411697,597.5481269359589,22.38367072021465,18.94610929375414,16.28452708182443,2.6615822119277066,3.4375614264605083,706,92536832,2192,655,706,216600.75692105293
HIGH-RANDOM,361,evaluation,True,216600.75692105293,601.9107930660248,20.682498436529176,13.866533346908838,13.685001904832792,0.18153144207492328,6.815965089620339,119,15597568,2432,45,119,217202.66771411896
HIGH-RANDOM,362,evaluation,True,217202.66771411896,598.2057960033417,16.00307998032483,13.551839682012766,13.409774090953514,0.1420655910595497,2.4512402983120642,291,38141952,2317,35,291,217800.8735101223
HIGH-RANDOM,363,evaluation,True,217800.8735101223,599.3638119697571,12.715162320964119,10.215733458810025,10.215733458810025,0.0,2.4994288621540943,96,12582912,1706,0,96,218400.23732209206
HIGH-RANDOM,364,evaluation,True,218400.23732209206,602.688952922821,11.598660605082676,8.476467415567368,8.190420945723696,0.2860464698431646,3.122193189515307,106,13893632,1362,71,106,219002.92627501488
HIGH-RANDOM,365,evaluation,True,219002.92627501488,602.0538520812988,11.256872730427704,8.251490897645061,8.122432546084742,0.12905835156019643,3.0053818327826427,271,35520512,1343,32,271,219604.98012709618
HIGH-RANDOM,366,evaluation,True,219604.98012709618,597.1791779994965,9.004730971953878,6.382684777917249,6.382684777917249,0.0,2.622046194036628,138,18087936,1083,0,138,220202.15930509567
HIGH-RANDOM,367,evaluation,True,220202.15930509567,597.9663650989532,18.032467187390083,12.16651226103974,11.971601437701665,0.19491082333843057,5.865954926350341,188,24641536,2172,48,188,220800.12567019463
HIGH-RANDOM,368,evaluation,True,220800.12567019463,601.0475099086761,12.14984168429707,8.228576384112749,8.228576384112749,0.0,3.9212653001843205,33,4325376,1458,0,33,221401.1731801033
HIGH-RANDOM,369,evaluation,True,221401.1731801033,600.2635819911957,13.61853170833915,8.395819588098949,8.189519385071648,0.20630020302700355,5.222712120240201,117,15335424,1472,51,117,222001.4367620945
HIGH-RANDOM,370,evaluation,True,222001.4367620945,606.2602279186249,18.14072359778156,13.057782412335394,13.057782412335394,0.0,5.082941185446167,0,0,2392,0,0,222607.69699001312
HIGH-RANDOM,371,evaluation,True,222607.69699001312,601.9374120235443,16.31484042086584,12.472610952178634,12.472610952178634,0.0,3.8422294686872034,6,786432,2250,0,6,223209.63440203667
HIGH-RANDOM,372,evaluation,True,223209.63440203667,594.5424129962921,14.39305959545893,9.361685023221677,9.092139223370381,0.2695457998509631,5.031374572237252,204,26738688,1529,66,204,223804.17681503296
HIGH-RANDOM,373,evaluation,True,223804.17681503296,600.4049220085144,17.487955090755804,13.867066034371494,13.867066034371494,0.0,3.620889056384311,64,8388608,2508,0,64,224404.58173704147
HIGH-RANDOM,374,evaluation,True,224404.58173704147,606.6942360401154,15.614604582566491,11.340995672586498,11.340995672586498,0.0,4.273608909979993,2,262144,2018,0,2,225011.2759730816
HIGH-RANDOM,375,evaluation,True,225011.2759730816,590.3762149810791,26.333000617873452,20.069544932392787,19.448504937312414,0.6210399950800716,6.263455685480666,362,47448064,3150,151,362,225601.65218806267
HIGH-RANDOM,376,evaluation,True,225601.65218806267,600.7323360443115,19.69830875316327,13.707919011006398,13.44923449200151,0.25868451900464173,5.990389742156873,279,36569088,2196,64,279,226202.38452410698
HIGH-RANDOM,377,evaluation,True,226202.38452410698,603.3762850761414,21.200566724800034,15.6528058702854,15.375133716631051,0.27767215365392456,5.547760854514635,312,40894464,2755,69,312,226805.76080918312
HIGH-RANDOM,378,evaluation,True,226805.76080918312,604.28346991539,12.164258690860967,9.44408688724434,9.44408688724434,0.0,2.7201718036166262,127,16646144,1732,0,127,227410.0442790985
HIGH-RANDOM,379,evaluation,True,227410.0442790985,596.6169970035553,23.10669817083329,17.335456845972946,17.12789571470061,0.20756113127256767,5.7712413248603465,96,12582912,2985,51,96,228006.66127610207
HIGH-RANDOM,380,evaluation,True,228006.66127610207,593.4585340023041,19.609118827082888,13.316822132764521,13.005869178237202,0.31095295452766863,6.292296694318368,72,9437184,2271,76,72,228600.11981010437
HIGH-RANDOM,381,evaluation,True,228600.11981010437,607.7627429962158,17.80972451638642,11.183350884285542,11.183350884285542,0.0,6.626373632100879,0,0,2023,0,0,229207.8825531006
HIGH-RANDOM,382,evaluation,True,229207.8825531006,595.4926888942719,23.374179614195487,17.811330503003948,17.635997570531927,0.17533293247202106,5.562849111191539,194,25427968,2707,43,194,229803.37524199486
HIGH-RANDOM,383,evaluation,True,229803.37524199486,604.4828610420227,27.512841559101595,21.140354760354125,20.425352383840462,0.7150023765134328,6.372486798747471,224,29360128,2901,178,224,230407.85810303688
HIGH-RANDOM,384,evaluation,True,230407.85810303688,607.3724410533905,16.752009042527263,11.284724541736665,11.180782859723434,0.10394168201280872,5.467284500790596,100,13107200,1889,26,100,231015.23054409027
HIGH-RANDOM,385,evaluation,True,231015.23054409027,585.6828289031982,19.61332761146541,15.059176224982853,15.059176224982853,0.0,4.55415138648256,161,21102592,2672,0,161,231600.91337299347
HIGH-RANDOM,386,evaluation,True,231600.91337299347,603.7259871959686,17.245454013644224,12.145198236253083,11.98834401479241,0.15685422146029615,5.1002557773911406,159,20840448,2073,39,159,232204.63936018944
HIGH-RANDOM,387,evaluation,True,232204.63936018944,595.9742980003357,14.104981241493427,10.349972832745568,10.333675972721258,0.01629686002416124,3.7550084087478584,9,1179648,1747,4,9,232800.61365818977
HIGH-RANDOM,388,evaluation,True,232800.61365818977,602.86416888237,10.398593443630835,7.172959262676649,7.1044891687336795,0.06847009394287094,3.225634180954186,60,7864320,1264,17,60,233403.47782707214
HIGH-RANDOM,389,evaluation,True,233403.47782707214,598.2121419906616,17.120913966836955,14.650784853869885,14.391010528856718,0.2597743250129206,2.470129112967069,129,16908288,2493,64,129,234001.6899690628
HIGH-RANDOM,390,evaluation,True,234001.6899690628,605.3100209236145,19.627834035847144,12.966587517133805,12.966587517133805,0.0,6.661246518713341,129,16908288,2351,0,129,234606.99998998642
HIGH-RANDOM,391,evaluation,True,234606.99998998642,596.3788230419159,24.275915313016434,16.43407180513359,16.246785038101493,0.1872867670319856,7.841843507882841,178,23330816,2859,46,178,235203.37881302834
HIGH-RANDOM,392,evaluation,True,235203.37881302834,597.650367975235,23.73050763458263,18.08427079562884,17.65361514615001,0.4306556494786171,5.646236838953789,182,23855104,3148,106,182,235801.02918100357
HIGH-RANDOM,393,evaluation,True,235801.02918100357,612.7019150257111,20.00515531142284,14.700971710580365,14.562267296736588,0.13870441384355214,5.304183600842473,220,28835840,2530,35,220,236413.73109602928
HIGH-RANDOM,394,evaluation,True,236413.73109602928,596.4739000797272,20.0380366820197,13.700839355417232,13.326325527808008,0.3745138276089921,6.337197326602471,176,23068672,2208,92,176,237010.204996109
HIGH-RANDOM,395,evaluation,True,237010.204996109,594.8693509101868,19.50303532448999,14.849313227156854,14.739105094128828,0.11020813302809215,4.6537220973331355,320,41943040,2519,27,320,237605.0743470192
HIGH-RANDOM,396,evaluation,True,237605.0743470192,603.8577551841736,13.874468045291778,10.586041228389481,10.304569443834778,0.28147178455475286,3.288426816902297,169,22151168,1747,70,169,238208.93210220337
HIGH-RANDOM,397,evaluation,True,238208.93210220337,594.8378369808197,15.811802554788525,10.608935672495134,10.225227770855374,0.3837079016399915,5.2028668822933914,74,9699328,1834,94,74,238803.7699391842
HIGH-RANDOM,398,evaluation,True,238803.7699391842,596.3478138446808,17.04160416419426,13.783524444872507,13.783524444872507,0.0,3.2580797193217546,64,8388608,2438,0,64,239400.11775302887
HIGH-RANDOM,399,evaluation,True,239400.11775302887,601.1275720596313,15.374208980626676,11.530842542720483,11.530842542720483,0.0,3.8433664379061923,80,10485760,2039,0,80,240001.2453250885
HIGH-RANDOM,400,evaluation,True,240001.2453250885,603.1522810459137,19.081341968892865,12.82048043786238,12.554782345866926,0.2656980919951259,6.260861531030487,127,16646144,2053,66,127,240604.39760613441
HIGH-RANDOM,401,evaluation,True,240604.39760613441,599.7644438743591,20.143672974203273,14.900307158833462,14.807192384496311,0.09311477433736383,5.243365815369811,83,10878976,2605,23,83,241204.16205000877
HIGH-RANDOM,402,evaluation,True,241204.16205000877,596.0638120174408,13.96753792578501,10.055754577823096,10.055754577823096,0.0,3.911783347961914,36,4718592,1666,0,36,241800.22586202621
HIGH-RANDOM,403,evaluation,True,241800.22586202621,603.7317540645599,15.024737347907623,11.150941621596186,11.150941621596186,0.0,3.8737957263114375,111,14548992,2049,0,111,242403.95761609077
HIGH-RANDOM,404,evaluation,True,242403.95761609077,596.5135090351105,16.557443192213636,9.755355987012596,9.755355987012596,0.0,6.802087205201041,7,917504,1673,0,7,243000.47112512589
HIGH-RANDOM,405,evaluation,True,243000.47112512589,601.0019268989563,20.137038582130412,15.310486189469993,15.13272035868657,0.17776583078339034,4.826552392660418,190,24903680,2430,44,190,243601.47305202484
HIGH-RANDOM,406,evaluation,True,243601.47305202484,603.7943150997162,23.268484064903312,16.044483601947082,16.044483601947082,0.0,7.224000462956232,136,17825792,2832,0,136,244205.26736712456
HIGH-RANDOM,407,evaluation,True,244205.26736712456,596.3720419406891,17.411418130688418,11.931328730391696,11.813255295583712,0.11807343480849732,5.480089400296723,133,17432576,2020,29,133,244801.63940906525
HIGH-RANDOM,408,evaluation,True,244801.63940906525,598.5671050548553,14.231377353504127,11.101492696253256,10.918947191598473,0.1825455046610316,3.1298846572508707,83,10878976,1876,45,83,245400.2065141201
HIGH-RANDOM,409,evaluation,True,245400.2065141201,615.0574650764465,20.061169954643766,13.62330933268915,13.44565807167903,0.17765126101209172,6.437860621954616,68,8912896,2406,45,68,246015.26397919655
HIGH-RANDOM,410,evaluation,True,246015.26397919655,604.3562757968903,20.104630082375177,15.978330817977055,15.701108922131924,0.27722189584261553,4.1262992643981224,189,24772608,2645,69,189,246619.62025499344
HIGH-RANDOM,411,evaluation,True,246619.62025499344,586.2038400173187,18.17632426241201,11.451871951107066,11.2696186126954,0.18225333841971247,6.724452311304942,130,17039360,1984,44,130,247205.82409501076
HIGH-RANDOM,412,evaluation,True,247205.82409501076,621.7841861248016,18.495803639789237,12.579722589301369,12.454759492094741,0.12496309721919854,5.916081050487868,202,26476544,2400,32,202,247827.60828113556
HIGH-RANDOM,413,evaluation,True,247827.60828113556,577.7698469161987,13.112656456600817,7.7994279302096245,7.799427930213997,0.0,5.313228526391192,207,27131904,1277,0,207,248405.37812805176
HIGH-RANDOM,414,evaluation,True,248405.37812805176,597.2601730823517,14.62180625229154,10.158729965350345,10.036766663385317,0.12196330196920775,4.463076286941195,181,23724032,1811,30,181,249002.6383011341
HIGH-RANDOM,415,evaluation,True,249002.6383011341,601.6649708747864,17.796881676001632,13.35033691299025,13.35033691299025,0.0,4.446544763011383,64,8388608,2374,0,64,249604.3032720089
HIGH-RANDOM,416,evaluation,True,249604.3032720089,602.5369770526886,19.04403911999129,12.513957922548395,12.320525617165215,0.19343230538352327,6.530081197442895,55,7208960,2018,48,55,250206.84024906158
HIGH-RANDOM,417,evaluation,True,250206.84024906158,594.9990019798279,14.985986887330352,12.895557467004144,12.895557467004144,0.0,2.0904294203262075,187,24510464,2318,0,187,250801.8392510414
HIGH-RANDOM,418,evaluation,True,250801.8392510414,600.5353720188141,14.466614424402675,9.324608421365173,9.2033102826744,0.12129813869072482,5.142006003037502,143,18743296,1500,30,143,251402.37462306023
HIGH-RANDOM,419,evaluation,True,251402.37462306023,603.8908259868622,19.77433650282886,14.220751985662266,13.846817093628834,0.37393489203421776,5.553584517166592,205,26869760,2365,93,205,252006.2654490471
HIGH-RANDOM,420,evaluation,True,252006.2654490471,595.4999279975891,17.40848922369015,11.555832915272674,11.001298288651338,0.5545346266216012,5.852656308417477,206,27000832,1764,136,206,252601.76537704468
HIGH-RANDOM,421,evaluation,True,252601.76537704468,605.4121460914612,15.259259473526546,11.396215919094251,11.396215919094251,0.0,3.8630435544322954,79,10354688,1960,0,79,253207.17752313614
HIGH-RANDOM,422,evaluation,True,253207.17752313614,599.9799509048462,16.58508540278457,14.02321204809175,14.002976976700104,0.02023507139251799,2.5618733546928203,262,34340864,2526,5,262,253807.15747404099
HIGH-RANDOM,423,evaluation,True,253807.15747404099,615.4659969806671,12.260704970809947,9.18027269639869,9.093478618934268,0.08679407746466239,3.0804322744112564,130,17039360,1634,22,130,254422.62347102165
HIGH-RANDOM,424,evaluation,True,254422.62347102165,582.3945350646973,21.192781653050243,17.893515874806926,17.614178539223207,0.27933733558551443,3.299265778243316,323,42336256,2975,67,323,255005.01800608635
HIGH-RANDOM,425,evaluation,True,255005.01800608635,602.731076002121,17.228091905064947,13.640062954473308,13.241237300786924,0.3988256536879889,3.5880289505916387,268,35127296,2287,99,268,255607.74908208847
HIGH-RANDOM,426,evaluation,True,255607.74908208847,602.2089939117432,9.977962832779603,8.964293236156715,8.964293236156715,0.0,1.013669596622888,67,8781824,1526,0,67,256209.9580760002
HIGH-RANDOM,427,evaluation,True,256209.9580760002,596.5973072052002,10.066737786532565,9.050777986180211,8.855419885930145,0.1953581002504141,1.0159598003523533,53,6946816,1518,48,53,256806.5553832054
HIGH-RANDOM,428,evaluation,True,256806.5553832054,639.4441599845886,13.542699213174291,13.034703507430466,13.034703507430466,0.0,0.507995705743825,129,16908288,2617,0,129,257445.99954319
HIGH-RANDOM,429,evaluation,True,257445.99954319,570.2777090072632,12.108990863420352,10.378604625777099,10.378604625777099,0.0,1.7303862376432535,128,16777216,1885,0,128,258016.27725219727
HIGH-RANDOM,430,evaluation,True,258016.27725219727,584.8468577861786,18.244171919525876,13.231885489507484,13.194519901298518,0.03736558820862776,5.012286430018394,302,39583744,2244,9,302,258601.12410998344
HIGH-RANDOM,431,evaluation,True,258601.12410998344,600.6098132133484,19.135077990527044,14.578649629833023,14.578649629833023,0.0,4.556428360694023,136,17825792,2501,0,136,259201.7339231968
HIGH-RANDOM,432,evaluation,True,259201.7339231968,608.6869328022003,19.92682140941907,11.248642512959185,11.06913194951988,0.17951056343975808,8.678178896459883,202,26476544,1946,45,202,259810.420855999
HIGH-RANDOM,433,evaluation,True,259810.420855999,622.4433851242065,18.99977143932579,13.824194714606929,13.359980344508664,0.46421437009810673,5.175576724718861,148,19398656,2346,119,148,260432.8642411232
HIGH-RANDOM,434,evaluation,True,260432.8642411232,567.7522339820862,21.824090244028625,14.125722744687412,14.044464726887528,0.08125801779913738,7.698367499341215,233,30539776,2363,19,233,261000.6164751053
HIGH-RANDOM,435,evaluation,True,261000.6164751053,605.6573100090027,22.70817178886745,20.01395908425101,19.833550571945857,0.18040851230559263,2.694212704616441,134,17563648,3500,45,134,261606.2737851143
HIGH-RANDOM,436,evaluation,True,261606.2737851143,627.3731169700623,18.281184866524793,13.210012691690578,13.210012691690578,0.0,5.071172174834216,227,29753344,2387,0,227,262233.64690208435
HIGH-RANDOM,437,evaluation,True,262233.64690208435,571.118616104126,14.102373113953973,9.197196899338637,9.197196899338637,0.0,4.905176214615335,196,25690112,1466,0,196,262804.7655181885
HIGH-RANDOM,438,evaluation,True,262804.7655181885,596.3689579963684,18.443882477238642,12.640209281773318,12.375560559348058,0.2646487224260395,5.803673195465325,138,18087936,2066,65,138,263401.13447618484
HIGH-RANDOM,439,evaluation,True,263401.13447618484,603.4520518779755,17.380528938748366,13.273074343244705,13.164433664411348,0.10864067883342207,4.107454595503661,114,14942208,2285,27,114,264004.5865280628
HIGH-RANDOM,440,evaluation,True,264004.5865280628,602.2682180404663,23.66281222297688,18.348000619839024,17.75131819729387,0.596682422546022,5.314811603137854,266,34865152,2969,148,266,264606.8547461033
HIGH-RANDOM,441,evaluation,True,264606.8547461033,604.1961569786072,20.487095805314198,17.359123737666618,16.74023263812617,0.6188910995421145,3.1279720676475815,401,52559872,2942,154,401,265211.0509030819
HIGH-RANDOM,442,evaluation,True,265211.0509030819,592.662770986557,29.63216057949896,22.41523225348762,22.275934938727953,0.13929731475946874,7.216928326011342,421,55181312,3990,34,421,265803.71367406845
HIGH-RANDOM,443,evaluation,True,265803.71367406845,600.8238849639893,22.792113586433953,17.21396315357093,17.21396315357093,0.0,5.578150432863024,453,59375616,3207,0,453,266404.53755903244
HIGH-RANDOM,444,evaluation,True,266404.53755903244,596.6354999542236,19.470616344062304,12.448886385429041,12.35935298786427,0.08953339756501952,7.021729958633262,99,12976128,2116,22,99,267001.17305898666
HIGH-RANDOM,445,evaluation,True,267001.17305898666,621.5186331272125,19.879715863767558,15.60524581562756,15.585711989137067,0.019533826491335546,4.2744700481399995,126,16515072,2858,5,126,267622.6916921139
HIGH-RANDOM,446,evaluation,True,267622.6916921139,584.6906569004059,20.219934456573043,16.624371354133146,16.599454307149482,0.024917046983445074,3.5955631024398986,126,16515072,2721,6,126,268207.3823490143
HIGH-RANDOM,447,evaluation,True,268207.3823490143,594.4430921077728,16.417510063351767,14.041369111032898,14.041369111032898,0.0,2.37614095231887,154,20185088,2464,0,154,268801.82544112206
HIGH-RANDOM,448,evaluation,True,268801.82544112206,598.7071039676666,20.06620928942271,15.82886694770986,15.82886694770986,0.0,4.23734234171285,167,21889024,2811,0,167,269400.5325450897
HIGH-RANDOM,449,evaluation,True,269400.5325450897,602.7299509048462,15.859674149661448,13.333032374856181,13.167861846323387,0.16517052853235184,2.5266417748052667,213,27918336,2203,41,213,270003.26249599457
HIGH-RANDOM,450,evaluation,True,270003.26249599457,612.0116810798645,18.928002936498913,16.68628104315358,16.595029629866392,0.09125141328738437,2.2417218933453307,32,4194304,3104,23,32,270615.27417707443
HIGH-RANDOM,451,evaluation,True,270615.27417707443,594.4401979446411,19.69418029346423,15.009142577131668,15.009142577131668,0.0,4.685037716332559,57,7471104,2793,0,57,271209.7143750191
HIGH-RANDOM,452,evaluation,True,271209.7143750191,599.8474481105804,16.920418360764426,13.205847268239738,13.205847268239738,0.0,3.7145710925246873,178,23330816,2302,0,178,271809.56182312965
HIGH-RANDOM,453,evaluation,True,271809.56182312965,597.8840329647064,16.674675346456006,12.38492585347379,12.38492585347379,0.0,4.289749492982214,2,262144,1905,0,2,272407.44585609436
HIGH-RANDOM,454,evaluation,True,272407.44585609436,607.1599400043488,19.86195315238611,16.359460174081644,16.359460174081644,0.0,3.502492978304468,200,26214400,2933,0,200,273014.6057960987
HIGH-RANDOM,455,evaluation,True,273014.6057960987,589.6872940063477,19.38271321241671,15.462213804736956,15.342801878905387,0.11941192583155165,3.9204994076797544,216,28311552,2621,29,216,273604.29309010506
HIGH-RANDOM,456,evaluation,True,273604.29309010506,595.7286388874054,21.576533176680265,15.93934203121565,15.849672339461712,0.08966969175524565,5.637191145464612,217,28442624,2823,22,217,274200.02172899246
HIGH-RANDOM,457,evaluation,True,274200.02172899246,607.1092011928558,24.315413883697307,17.774775250516097,17.686786461490446,0.0879887890248375,6.54063863318121,173,22675456,3304,22,173,274807.1309301853
HIGH-RANDOM,458,evaluation,True,274807.1309301853,595.0498688220978,13.465470177287445,10.811728912317738,10.811728912317738,0.0,2.653741264969707,101,13238272,1926,0,101,275402.1807990074
HIGH-RANDOM,459,evaluation,True,275402.1807990074,600.3142330646515,23.547205500271414,17.914520262043816,17.805311722668165,0.10920853937571759,5.632685238227598,369,48365568,3047,27,369,276002.49503207207
HIGH-RANDOM,460,evaluation,True,276002.49503207207,606.752445936203,14.94692793135425,10.041694098023612,10.013681203950826,0.02801289407356723,4.905233833330638,45,5898240,1805,7,45,276609.24747800827
HIGH-RANDOM,461,evaluation,True,276609.24747800827,598.1475331783295,16.23591160255343,9.572922223873725,9.572922223873725,0.0,6.662989378679702,60,7864320,1582,0,60,277207.3950111866
HIGH-RANDOM,462,evaluation,True,277207.3950111866,597.5572519302368,16.094857917850714,14.542516845734964,14.542516845734964,0.0,1.5523410721157511,347,45481984,2408,0,347,277804.95226311684
HIGH-RANDOM,463,evaluation,True,277804.95226311684,595.8733739852905,16.75501533923086,12.942957953093334,12.767737035414983,0.17522091767782028,3.812057386137526,77,10092544,2015,43,77,278400.8256371021
HIGH-RANDOM,464,evaluation,True,278400.8256371021,599.8754658699036,12.567471842644258,9.868161258401544,9.868161258401544,0.0,2.6993105842427134,3,393216,1767,0,3,279000.70110297203
HIGH-RANDOM,465,evaluation,True,279000.70110297203,600.8244521617889,12.560376278667384,9.147492709821824,9.147492709821824,0.0,3.41288356884556,111,14548992,1632,0,111,279601.5255551338
HIGH-RANDOM,466,evaluation,True,279601.5255551338,613.9401819705963,23.036346896268757,17.88005209977055,17.88005209977055,0.0,5.156294796498209,98,12845056,3350,0,98,280215.4657371044
HIGH-RANDOM,467,evaluation,True,280215.4657371044,598.3754780292511,16.871502536735726,14.775371344320465,14.625230307229856,0.15014103709029508,2.09613119241526,354,46399488,2578,37,354,280813.84121513367
HIGH-RANDOM,468,evaluation,True,280813.84121513367,606.3852188587189,21.28368035239346,15.893714713806549,15.83365073089786,0.06006398290917617,5.3899656385869115,239,31326208,2757,15,239,281420.2264339924
HIGH-RANDOM,469,evaluation,True,281420.2264339924,581.247661113739,18.89825552332631,14.379067142018261,14.379067142018261,0.0,4.519188381308049,0,0,2508,0,0,282001.4740951061
HIGH-RANDOM,470,evaluation,True,282001.4740951061,606.8119549751282,19.430943011675183,13.990620212023227,13.942602817345568,0.04801739467826069,5.440322799651956,219,28704768,2524,12,219,282608.28605008125
HIGH-RANDOM,471,evaluation,True,282608.28605008125,598.4392540454865,20.162814871601704,14.857363623162444,14.719410886943411,0.137952736218835,5.305451248439261,242,31719424,2720,34,242,283206.72530412674
HIGH-RANDOM,472,evaluation,True,283206.72530412674,594.4740259647369,19.595031683390783,15.784980123441008,15.784980123441008,0.0,3.8100515599497737,231,30277632,2970,0,231,283801.1993300915
HIGH-RANDOM,473,evaluation,True,283801.1993300915,601.5738379955292,17.23386725390758,11.45430131413795,11.45430131413795,0.0,5.77956593976963,108,14155776,2009,0,108,284402.773168087
HIGH-RANDOM,474,evaluation,True,284402.773168087,604.514729976654,21.541339629651667,15.535588093695676,15.535588093695676,0.0,6.00575153595599,136,17825792,2789,0,136,285007.28789806366
HIGH-RANDOM,475,evaluation,True,285007.28789806366,593.0383701324463,27.73560989333893,20.37713197497836,19.87352261561679,0.5036093593623207,7.358477918360568,266,34865152,3433,123,266,285600.3262681961
HIGH-RANDOM,476,evaluation,True,285600.3262681961,601.1952559947968,21.572313428697136,16.70440456733938,16.70440456733938,0.0,4.867908861357753,291,38141952,3044,0,291,286201.5215241909
HIGH-RANDOM,477,evaluation,True,286201.5215241909,598.614147901535,28.213719573497325,21.69789261862279,21.69789261862279,0.0,6.515826954874534,391,51249152,3810,0,391,286800.13567209244
HIGH-RANDOM,478,evaluation,True,286800.13567209244,600.6756680011749,27.447642384932557,18.15803554750353,18.15803554750353,0.0,9.289606837429025,162,21233664,3229,0,162,287400.8113400936
HIGH-RANDOM,479,evaluation,True,287400.8113400936,605.0270938873291,21.266506052877297,14.722172956886302,14.690066924575602,0.03210603231040736,6.5443330959909956,371,48627712,2700,8,371,288005.83843398094
HIGH-RANDOM,480,evaluation,True,288005.83843398094,601.7834401130676,21.372692989545392,10.182356985295483,10.0935894987581,0.08876748653763049,11.190336004249907,301,39452672,1778,22,301,288607.621874094
HIGH-RANDOM,481,evaluation,True,288607.621874094,592.6637959480286,23.267216331438842,15.58952215406395,15.409255352601834,0.18026680146153257,7.6776941773748915,91,11927552,2485,44,91,289200.28567004204
HIGH-RANDOM,482,evaluation,True,289200.28567004204,603.463907957077,20.936434006714354,14.341704185749242,14.341704185749242,0.0,6.594729820965112,124,16252928,2354,0,124,289803.7495779991
HIGH-RANDOM,483,evaluation,True,289803.7495779991,596.3360121250153,21.123962251724503,14.472671120119951,14.354590551474129,0.11808056864580652,6.651291131604553,157,20578304,2394,29,157,290400.08559012413
HIGH-RANDOM,484,evaluation,True,290400.08559012413,601.8994419574738,17.026356744604627,11.976686106085083,11.912140376113902,0.06454572997059167,5.049670638519545,99,12976128,1953,16,99,291001.9850320816
HIGH-RANDOM,485,evaluation,True,291001.9850320816,601.1798310279846,15.626437002600747,10.210626457512479,10.028874295137658,0.18175216237527916,5.415810545088268,176,23068672,1720,45,176,291603.1648631096
HIGH-RANDOM,486,evaluation,True,291603.1648631096,599.909322977066,16.54452313885855,13.741020584504973,13.741020584504973,0.0,2.803502554353577,264,34603008,2303,0,264,292203.07418608665
HIGH-RANDOM,487,evaluation,True,292203.07418608665,601.6283791065216,17.165324680962467,13.0900729359772,12.593654076708289,0.4964188592685996,4.075251744985265,236,30932992,2160,123,236,292804.7025651932
HIGH-RANDOM,488,evaluation,True,292804.7025651932,601.3426949977875,16.65085342959201,13.213276118256145,12.991194749915167,0.22208136834105993,3.4375773113358665,308,40370176,2428,55,308,293406.04526019096
HIGH-RANDOM,489,evaluation,True,293406.04526019096,594.6596539020538,18.36889717346832,15.094937044987002,14.935691383918217,0.15924566106946592,3.2739601284813182,207,27131904,2408,39,207,294000.704914093
HIGH-RANDOM,490,evaluation,True,294000.704914093,599.934849023819,15.559203740528517,10.03628144940807,10.03628144940807,0.0,5.522922291120446,65,8519680,1743,0,65,294600.63976311684
HIGH-RANDOM,491,evaluation,True,294600.63976311684,620.4672830104828,24.006660972626207,17.03426098538456,17.03426098538456,0.0,6.972399987241647,335,43909120,3103,0,335,295221.1070461273
HIGH-RANDOM,492,evaluation,True,295221.1070461273,578.9886729717255,20.925583791618113,17.089117725936806,16.97169303153308,0.11742469440484996,3.836466065681308,173,22675456,2705,28,173,295800.09571909904
HIGH-RANDOM,493,evaluation,True,295800.09571909904,600.0915110111237,18.491805404938226,14.515106822146809,14.397765226534071,0.11734159561272164,3.9766985827914185,46,6029312,2269,29,46,296400.18723011017
HIGH-RANDOM,494,evaluation,True,296400.18723011017,612.9890279769897,22.770031898177283,19.828292962483072,19.471791526799304,0.35650143568257436,2.9417389356942096,116,15204352,3337,90,116,297013.17625808716
HIGH-RANDOM,495,evaluation,True,297013.17625808716,592.6828289031982,15.486747980721427,10.3538156493929,9.976906259592248,0.37690938980148453,5.1329323313285276,79,10354688,1738,92,79,297605.85908699036
HIGH-RANDOM,496,evaluation,True,297605.85908699036,595.4917449951172,22.07722389906111,16.839295106834403,16.80259745814823,0.03669764868583933,5.237928792226706,131,17170432,3042,9,131,298201.3508319855
HIGH-RANDOM,497,evaluation,True,298201.3508319855,600.1544370651245,23.586731920859574,19.4392628105845,19.410941946907865,0.028320863676367856,4.1474691102750745,228,29884416,3469,7,228,298801.5052690506
HIGH-RANDOM,498,evaluation,True,298801.5052690506,611.9766869544983,23.5588277908048,18.951510605076834,18.81660949803092,0.13490110704571923,4.607317185727963,355,46530560,3269,34,355,299413.4819560051
HIGH-RANDOM,499,evaluation,True,299413.4819560051,591.5061221122742,23.179358269809683,15.504338316322702,15.4222384922506,0.08209982407135331,7.675019953486982,96,12582912,2665,20,96,300004.98807811737
HIGH-RANDOM,500,evaluation,True,300004.98807811737,607.5606799125671,24.109988302542206,19.090760861055884,19.090760861055884,0.0,5.019227441486322,234,30670848,3356,0,234,300612.54875802994
HIGH-RANDOM,501,evaluation,True,300612.54875802994,589.3152241706848,21.400986169450047,16.60863827418233,16.555074993833745,0.053563280348099436,4.792347895267717,203,26607616,2755,13,203,301201.8639822006
HIGH-RANDOM,502,evaluation,True,301201.8639822006,606.2521409988403,18.835217328181894,14.137583344145906,13.749084327647708,0.3884990164988164,4.6976339840359875,340,44564480,2433,97,340,301808.11612319946
HIGH-RANDOM,503,evaluation,True,301808.11612319946,593.5560967922211,22.48913391792289,15.024069760751226,14.459537466514664,0.5645322942388731,7.465064157171662,475,62259200,2469,138,475,302401.6722199917
HIGH-RANDOM,504,evaluation,True,302401.6722199917,599.0710070133209,22.176349200967657,16.679412248580924,16.50512659932258,0.17428564925886986,5.496936952386733,320,41943040,3046,43,320,303000.743227005
HIGH-RANDOM,505,evaluation,True,303000.743227005,600.9241859912872,17.42309504515267,10.784961243074784,10.784961243074784,0.0,6.638133802077886,128,16777216,1985,0,128,303601.6674129963
HIGH-RANDOM,506,evaluation,True,303601.6674129963,602.6439890861511,28.652342539487705,18.84851658218159,18.84851658218159,0.0,9.803825957306117,21,2752512,3323,0,21,304204.31140208244
HIGH-RANDOM,507,evaluation,True,304204.31140208244,604.3887209892273,20.62169491369405,10.416298611905534,10.416298611905534,0.0,10.205396301788516,30,3932160,1856,0,30,304808.70012307167
HIGH-RANDOM,508,evaluation,True,304808.70012307167,613.9808869361877,29.955530450480396,20.941503015428175,20.00027774247914,0.9412252729528294,9.014027435052219,385,50462720,3176,238,385,305422.68101000786
HIGH-RANDOM,509,evaluation,True,305422.68101000786,586.7669711112976,21.85056986405264,15.498929480521713,15.498929480521713,0.0,6.351640383530927,286,37486592,2364,0,286,306009.44798111916
HIGH-RANDOM,510,evaluation,True,306009.44798111916,590.7736899852753,17.661032385238133,12.855476933766274,11.322416904108833,1.5330600296605819,4.805555451471859,380,49807360,1676,373,380,306600.22167110443
HIGH-RANDOM,511,evaluation,True,306600.22167110443,607.8314030170441,23.718024040049503,15.31899074338821,15.299017051539032,0.019973691850038503,8.399033296661292,49,6422528,2751,5,49,307208.0530741215
HIGH-RANDOM,512,evaluation,True,307208.0530741215,601.6521179676056,21.86768747059159,14.68316761934649,14.412771267659002,0.270396351689227,7.1845198512451,141,18481152,2453,67,141,307809.7051920891
HIGH-RANDOM,513,evaluation,True,307809.7051920891,602.3282001018524,17.673843834061408,11.917641228842381,11.917641228842381,0.0,5.756202605219028,175,22937600,1917,0,175,308412.03339219093
HIGH-RANDOM,514,evaluation,True,308412.03339219093,589.969076871872,23.701724919078362,17.92847117652539,17.85027314387795,0.07819803264781215,5.7732537425529715,360,47185920,3061,19,360,309002.0024690628
HIGH-RANDOM,515,evaluation,True,309002.0024690628,599.2117929458618,23.07121400944819,18.33775541478296,17.90416976465489,0.43358565012940703,4.733458594665231,221,28966912,3037,107,221,309601.21426200867
HIGH-RANDOM,516,evaluation,True,309601.21426200867,601.8957331180573,21.927158678272516,14.469708859091211,13.884759576838261,0.5849492822528688,7.4574498191813055,187,24510464,2192,145,187,310203.1099951267
HIGH-RANDOM,517,evaluation,True,310203.1099951267,598.1832180023193,23.058115708320848,17.138725383053718,16.984476919552534,0.1542484635008347,5.91939032526713,38,4980736,2816,38,38,310801.29321312904
HIGH-RANDOM,518,evaluation,True,310801.29321312904,607.8051509857178,24.593055066319472,16.77753920139643,16.509880170504232,0.26765903089287857,7.815515864923043,331,43384832,2975,67,331,311409.09836411476
HIGH-RANDOM,519,evaluation,True,311409.09836411476,594.5417749881744,21.703197649507082,17.49270804032614,17.100641001630507,0.3920670386952668,4.210489609180943,276,36175872,2990,96,276,312003.64013910294
HIGH-RANDOM,520,evaluation,True,312003.64013910294,597.5754210948944,24.189581025780555,18.727646161664655,18.520417928268664,0.20722823339622473,5.461934864115902,337,44171264,3295,51,337,312601.21556019783
HIGH-RANDOM,521,evaluation,True,312601.21556019783,602.3913249969482,23.609493770044786,17.809184570584478,17.764845615819848,0.044338954764219465,5.80030919946031,232,30408704,3289,11,232,313203.6068851948
HIGH-RANDOM,522,evaluation,True,313203.6068851948,604.3398969173431,17.341945064990266,13.736853828563811,13.588194580186311,0.14865924837823596,3.605091236426454,375,49152000,2540,37,375,313807.9467821121
HIGH-RANDOM,523,evaluation,True,313807.9467821121,593.4298169612885,20.69871761942651,15.674276676399426,15.674276676399426,0.0,5.024440943027086,6,786432,2923,0,6,314401.3765990734
HIGH-RANDOM,524,evaluation,True,314401.3765990734,600.5333750247955,26.224243424236604,19.508751807786886,19.23380844580396,0.2749433619835856,6.71549161644972,327,42860544,3494,68,327,315001.9099740982
HIGH-RANDOM,525,evaluation,True,315001.9099740982,610.6722888946533,21.588165572652986,15.361284810687325,15.349356346900304,0.011928463787941879,6.2268807619656625,390,51118080,2650,3,390,315612.58226299286
HIGH-RANDOM,526,evaluation,True,315612.58226299286,589.8566091060638,27.519610816457565,19.95549717364461,19.77025599370588,0.1852411799391806,7.564113642812955,191,25034752,3224,45,191,316202.4388720989
HIGH-RANDOM,527,evaluation,True,316202.4388720989,597.579696893692,24.94845921586322,18.325102191589895,17.809066949806812,0.5160352417847354,6.623357024273325,391,51249152,2870,127,391,316800.0185689926
HIGH-RANDOM,528,evaluation,True,316800.0185689926,603.3526442050934,24.496569414299778,18.990090712734357,18.11277330240247,0.8773174103333431,5.506478701565421,711,93192192,2751,218,711,317403.3712131977
HIGH-RANDOM,529,evaluation,True,317403.3712131977,602.7873759269714,19.84904425685102,15.502798487630844,15.490713990550516,0.01208449708021418,4.346245769220176,26,3407872,2530,3,26,318006.1585891247
HIGH-RANDOM,530,evaluation,True,318006.1585891247,597.3435530662537,21.503031050988756,17.660975364195608,16.807351419835754,0.853623944360547,3.842055686793149,531,69599232,2214,210,531,318603.50214219093
HIGH-RANDOM,531,evaluation,True,318603.50214219093,609.1301968097687,18.398290243432967,13.76245901865658,13.551189319068499,0.21126969958926506,4.635831224776387,110,14417920,2176,53,110,319212.6323390007
HIGH-RANDOM,532,evaluation,True,319212.6323390007,588.7956221103668,17.185397595870388,15.243574023475265,15.123981260262592,0.11959276321265735,1.9418235723951216,175,22937600,2115,29,175,319801.42796111107
HIGH-RANDOM,533,evaluation,True,319801.42796111107,599.736829996109,16.90099632736531,12.449775623480901,11.878915289011344,0.5708603344706774,4.451220703884409,397,52035584,1750,141,397,320401.1647911072
HIGH-RANDOM,534,evaluation,True,320401.1647911072,600.913822889328,14.361786772012058,12.745755430901687,12.745755430901687,0.0,1.6160313411103717,100,13107200,2115,0,100,321002.0786139965
HIGH-RANDOM,535,evaluation,True,321002.0786139965,604.3081951141357,14.97649330438258,13.953664021077433,13.656329927093761,0.29733409398409566,1.0228292833051453,169,22151168,2491,74,169,321606.38680911064
HIGH-RANDOM,536,evaluation,True,321606.38680911064,597.2946569919586,16.12863416032782,12.152372239686349,12.152372239686349,0.0,3.976261920641472,219,28704768,2200,0,219,322203.6814661026
HIGH-RANDOM,537,evaluation,True,322203.6814661026,597.7585120201111,19.587387461789508,16.196985864174753,16.11980683584284,0.07717902833120044,3.3904015976147535,270,35389440,3008,19,270,322801.4399781227
HIGH-RANDOM,538,evaluation,True,322801.4399781227,601.6436669826508,18.23237986847311,14.569256931523778,14.484504645761564,0.08475228576144275,3.6631229369493323,340,44564480,2747,21,340,323403.08364510536
HIGH-RANDOM,539,evaluation,True,323403.08364510536,610.6848850250244,16.885044299103185,12.289102000552829,12.289102000552829,0.0,4.595942298550359,119,15597568,2183,0,119,324013.7685301304
HIGH-RANDOM,540,evaluation,True,324013.7685301304,596.5450639724731,28.459606600161703,22.990403249622588,22.990403249622588,0.0,5.469203350539115,157,20578304,3767,0,157,324610.31359410286
HIGH-RANDOM,541,evaluation,True,324610.31359410286,601.6595799922943,17.779122555668515,13.38563183634916,13.38563183634916,0.0,4.393490719319353,60,7864320,2238,0,60,325211.97317409515
HIGH-RANDOM,542,evaluation,True,325211.97317409515,592.0250029563904,22.781829348510286,18.051790796393462,17.99026989568871,0.06152090070525289,4.730038552116822,294,38535168,3005,15,294,325803.99817705154
HIGH-RANDOM,543,evaluation,True,325803.99817705154,604.0076880455017,19.84751825236522,15.772609484663118,15.652008664035208,0.1206008206278603,4.0749087677021025,104,13631488,2670,30,104,326408.00586509705
HIGH-RANDOM,544,evaluation,True,326408.00586509705,617.6384789943695,15.104999480624926,12.20628844051914,12.20628844051914,0.0,2.8987110401057863,131,17170432,2355,0,131,327025.6443440914
HIGH-RANDOM,545,evaluation,True,327025.6443440914,580.8222970962524,18.83723123367989,14.900270741450406,14.900270741450406,0.0,3.9369604922294834,271,35520512,2617,0,271,327606.46664118767
HIGH-RANDOM,546,evaluation,True,327606.46664118767,594.6543138027191,15.286757098761694,12.756296321260972,12.519467313949457,0.23682900731148246,2.530460777500722,408,53477376,2303,58,408,328201.1209549904
HIGH-RANDOM,547,evaluation,True,328201.1209549904,636.8989560604095,17.51476872663128,16.194969317982007,16.194969317982007,0.0,1.319799408649273,171,22413312,3156,0,171,328838.0199110508
HIGH-RANDOM,548,evaluation,True,328838.0199110508,564.5131440162659,19.398535807885093,16.004312065898365,15.711825226818645,0.29248683908041867,3.3942237419867274,189,24772608,2824,68,189,329402.53305506706
HIGH-RANDOM,549,evaluation,True,329402.53305506706,597.7432889938354,15.807544974284962,13.261352110236741,13.261352110236741,0.0,2.546192864048222,64,8388608,2370,0,64,330000.2763440609
HIGH-RANDOM,550,evaluation,True,330000.2763440609,606.4323580265045,16.134478260372067,12.968119193664844,12.968119193664844,0.0,3.166359066707224,85,11141120,2410,0,85,330606.7087020874
HIGH-RANDOM,551,evaluation,True,330606.7087020874,600.1460230350494,12.706455005163349,9.533729358380754,9.533729358380754,0.0,3.1727256467825957,222,29097984,1817,0,222,331206.85472512245
HIGH-RANDOM,552,evaluation,True,331206.85472512245,595.9426519870758,18.615864998911455,14.157948162778569,14.129427143280513,0.02852101949779103,4.457916836132887,82,10747904,2639,7,82,331802.7973771095
HIGH-RANDOM,553,evaluation,True,331802.7973771095,611.1088600158691,18.55218213429735,13.18375803616463,13.18375803616463,0.0,5.368424098132721,179,23461888,2384,0,179,332413.9062371254
HIGH-RANDOM,554,evaluation,True,332413.9062371254,596.2781889438629,14.472950675395857,12.770422104832555,12.770422104832555,0.0,1.702528570563302,141,18481152,2373,0,141,333010.18442606926
HIGH-RANDOM,555,evaluation,True,333010.18442606926,593.2924120426178,16.004678894776575,11.633256951924084,11.633256951924084,0.0,4.371421942852489,64,8388608,2211,0,64,333603.4768381119
HIGH-RANDOM,556,evaluation,True,333603.4768381119,624.1074090003967,10.871018793143433,7.5219934731292915,7.5219934731292915,0.0,3.349025320014142,98,12845056,1394,0,98,334227.5842471123
HIGH-RANDOM,557,evaluation,True,334227.5842471123,581.3111720085144,19.37888306659274,14.887472486291417,14.887472486291417,0.0,4.491410580301323,312,40894464,2538,0,312,334808.8954191208
HIGH-RANDOM,558,evaluation,True,334808.8954191208,594.387099981308,19.765876436329208,16.578113853116168,16.578113853116168,0.0,3.1877625832130403,225,29491200,2861,0,225,335403.2825191021
HIGH-RANDOM,559,evaluation,True,335403.2825191021,598.66171002388,21.493518504508494,18.33004245511158,18.111022466153912,0.21901998895778604,3.163476049396912,161,21102592,3426,54,161,336001.944229126
HIGH-RANDOM,560,evaluation,True,336001.944229126,598.6646599769592,17.274264764322556,14.124237462924855,13.811932721280654,0.31230474164453054,3.150027301397702,291,38141952,2445,77,291,336600.60888910294
HIGH-RANDOM,561,evaluation,True,336600.60888910294,600.4639608860016,14.560969163629991,11.578718133790435,11.578718133790435,0.0,2.9822510298395564,43,5636096,2074,0,43,337201.07284998894
HIGH-RANDOM,562,evaluation,True,337201.07284998894,602.5850241184235,17.07751794978252,13.193835902303796,12.960123836463056,0.23371206584070656,3.883682047478725,112,14680064,2348,58,112,337803.65787410736
HIGH-RANDOM,563,evaluation,True,337803.65787410736,602.4941918849945,17.119620036826117,14.627003307878104,14.469828399020818,0.15717490885794047,2.492616728948014,91,11927552,2459,39,91,338406.15206599236
HIGH-RANDOM,564,evaluation,True,338406.15206599236,598.3792340755463,18.081785498410586,15.029542878025653,15.029542878025653,0.0,3.052242620384933,287,37617664,2875,0,287,339004.5313000679
HIGH-RANDOM,565,evaluation,True,339004.5313000679,597.391844034195,17.41357756907937,11.507188737085174,11.45434962171865,0.05283911536604545,5.906388831994193,121,15859712,2134,13,121,339601.9231441021
HIGH-RANDOM,566,evaluation,True,339601.9231441021,599.1392409801483,22.163675667278284,16.322253614701577,16.054775874478057,0.26747774022318976,5.841422052576708,148,19398656,2738,66,148,340201.06238508224
HIGH-RANDOM,567,evaluation,True,340201.06238508224,609.77117395401,14.996995939365563,11.04758620813783,11.011747933409884,0.03583827472762173,3.9494097312277336,138,18087936,1976,9,138,340810.83355903625
HIGH-RANDOM,568,evaluation,True,340810.83355903625,593.4158811569214,19.20518014184822,15.009975975510466,15.009975975510466,0.0,4.195204166337755,328,42991616,2629,0,328,341404.2494401932
HIGH-RANDOM,569,evaluation,True,341404.2494401932,604.6472449302673,21.12262431329136,15.556534963279239,15.556534963279239,0.0,5.566089350012121,282,36962304,2874,0,282,342008.89668512344
HIGH-RANDOM,570,evaluation,True,342008.89668512344,599.378625869751,21.934688366797833,17.57119507140517,17.57119507140517,0.0,4.363493295392662,282,36962304,3206,0,282,342608.2753109932
HIGH-RANDOM,571,evaluation,True,342608.2753109932,592.2676141262054,23.333026409478432,16.918286968006566,16.918286968006566,0.0,6.414739441471867,275,36044800,3140,0,275,343200.5429251194
HIGH-RANDOM,572,evaluation,True,343200.5429251194,600.9328889846802,18.46442772440988,12.990453633811601,12.970250650478038,0.020202983333382687,5.473974090598278,212,27787264,2368,5,212,343801.4758141041
HIGH-RANDOM,573,evaluation,True,343801.4758141041,602.802670955658,21.804181557909338,15.892273340807783,15.88421721383575,0.008056126971966874,5.911908217101554,113,14811136,2983,2,113,344404.27848505974
HIGH-RANDOM,574,evaluation,True,344404.27848505974,596.8214309215546,20.675153195014556,16.265754009129424,16.009442790989485,0.2563112181407812,4.409399185885133,110,14417920,2751,63,110,345001.0999159813
HIGH-RANDOM,575,evaluation,True,345001.0999159813,605.6617801189423,24.412218619172695,16.592104544261954,16.560032156566052,0.03207238769665092,7.82011407491074,362,47448064,2894,8,362,345606.76169610023
HIGH-RANDOM,576,evaluation,True,345606.76169610023,593.7907860279083,28.337594587245896,18.844949312552128,18.47283239669838,0.37211691585463075,9.492645274693768,308,40370176,3044,91,308,346200.55248212814
HIGH-RANDOM,577,evaluation,True,346200.55248212814,609.5440509319305,22.907820266589617,17.882887887650732,17.735497859475505,0.14739002817492117,5.024932378938887,122,15990784,3084,37,122,346810.0965330601
HIGH-RANDOM,578,evaluation,True,346810.0965330601,590.0402810573578,40.11395957398784,28.420698671307456,27.177911514508196,1.2427871568029902,11.693260902680384,558,73138176,3881,302,558,347400.13681411743
HIGH-RANDOM,579,evaluation,True,347400.13681411743,615.1559829711914,26.130636284762748,17.966065673378047,17.338465078149127,0.627600595230412,8.1645706113847,310,40632320,2906,159,310,348015.2927970886
HIGH-RANDOM,580,evaluation,True,348015.2927970886,585.5001928806305,27.673195371533843,20.188361296056783,19.699003581059582,0.48935771499815933,7.484834075477059,436,57147392,3395,118,436,348600.79298996925
HIGH-RANDOM,581,evaluation,True,348600.79298996925,610.5154061317444,23.913138641068223,18.944547692444928,18.638305114307755,0.30624257813646266,4.968590948623295,402,52690944,3226,77,402,349211.308396101
HIGH-RANDOM,582,evaluation,True,349211.308396101,590.4733560085297,15.439705384607068,12.531907006399157,12.453775756842532,0.07813124955590703,2.9077983782079113,104,13631488,2226,19,104,349801.7817521095
HIGH-RANDOM,583,evaluation,True,349801.7817521095,602.2469050884247,22.46521088824221,17.24168423866814,17.088476573357678,0.1532076653101194,5.223526649574071,35,4587520,2936,38,35,350404.02865719795
HIGH-RANDOM,584,evaluation,True,350404.02865719795,596.6380968093872,24.569175937290556,18.310672178429765,18.290323767549417,0.02034841088016823,6.25850375886079,273,35782656,3205,5,273,351000.66675400734
HIGH-RANDOM,585,evaluation,True,351000.66675400734,605.3739800453186,24.23869478973319,19.847469826390704,19.835436963194464,0.01203286319612571,4.391224963342487,298,39059456,3485,3,298,351606.04073405266
HIGH-RANDOM,586,evaluation,True,351606.04073405266,599.114100933075,28.195638845902877,19.73202863747871,19.107887721166612,0.6241409163117004,8.463610208424166,353,46268416,3478,154,353,352205.15483498573
HIGH-RANDOM,587,evaluation,True,352205.15483498573,595.8184630870819,22.187751158913677,16.495627422263915,16.304089233718248,0.19153818854604934,5.692123736649762,148,19398656,2843,47,148,352800.9732980728
HIGH-RANDOM,588,evaluation,True,352800.9732980728,603.3144299983978,21.151047760064564,16.245148323334895,16.23709902994022,0.008049293394610907,4.905899436729669,288,37748736,2903,2,288,353404.2877280712
HIGH-RANDOM,589,evaluation,True,353404.2877280712,607.5833759307861,19.974380273328475,15.319633344458614,15.139796735040678,0.17983660941733612,4.654746928869861,3,393216,2828,45,3,354011.871104002
HIGH-RANDOM,590,evaluation,True,354011.871104002,592.9659330844879,25.27466341371731,19.070683010302634,19.070683010302634,0.0,6.2039804034146755,225,29491200,3460,0,225,354604.8370370865
HIGH-RANDOM,591,evaluation,True,354604.8370370865,595.9984500408173,29.05939945090782,22.772276750574285,22.662277403168407,0.10999934740594512,6.287122700333534,204,26738688,3826,27,204,355200.8354871273
HIGH-RANDOM,592,evaluation,True,355200.8354871273,600.9761688709259,22.283934265259823,16.789522572174114,16.789522572174114,0.0,5.494411693085709,136,17825792,2932,0,136,355801.81165599823
HIGH-RANDOM,593,evaluation,True,355801.81165599823,599.7056159973145,21.629056136139056,14.863806634662621,14.863806634662621,0.0,6.7652495014764344,90,11796480,2566,0,90,356401.51727199554
HIGH-RANDOM,594,evaluation,True,356401.51727199554,600.8371210098267,25.763927861852366,16.87386108301428,16.87386108301428,0.0,8.890066778838086,90,11796480,3044,0,90,357002.3543930054
HIGH-RANDOM,595,evaluation,True,357002.3543930054,599.6482059955597,25.14030691180001,13.6173146337359,13.6173146337359,0.0,11.52299227806411,3,393216,2442,0,3,357602.00259900093
HIGH-RANDOM,596,evaluation,True,357602.00259900093,598.6085391044617,22.070008671379725,15.035548839437963,15.035548839437963,0.0,7.034459831941763,106,13893632,2549,0,106,358200.6111381054
HIGH-RANDOM,597,evaluation,True,358200.6111381054,602.2497599124908,23.38649092869582,16.952202664119554,16.952202664119554,0.0,6.434288264576268,117,15335424,2968,0,117,358802.8608980179
HIGH-RANDOM,598,evaluation,True,358802.8608980179,600.8557450771332,22.32250743625319,16.152128272229685,16.152128272229685,0.0,6.170379164023506,145,19005440,2905,0,145,359403.716643095
HIGH-RANDOM,599,evaluation,True,359403.716643095,599.9573240280151,18.87878709925981,14.194207591706625,13.720689063451376,0.47351852825725577,4.684579507553185,265,34734080,2193,117,265,360003.67396712303
HIGH-RANDOM,600,evaluation,True,360003.67396712303,596.5186479091644,19.27434108773535,14.253024707589791,14.253024707589791,0.0,5.021316380145561,50,6553600,2528,0,50,360600.1926150322
HIGH-RANDOM,601,evaluation,True,360600.1926150322,616.4377069473267,19.324474724825034,15.134785213499244,15.134785213499244,0.0,4.189689511325789,83,10878976,2803,0,83,361216.6303219795
HIGH-RANDOM,602,evaluation,True,361216.6303219795,587.6306221485138,18.87516987469475,15.533503482317837,15.190542157742213,0.34296132457787304,3.3416663923769105,252,33030144,2558,83,252,361804.26094412804
HIGH-RANDOM,603,evaluation,True,361804.26094412804,605.513377904892,18.15305754259171,14.20946471701266,14.129264096622755,0.08020062039022981,3.9435928255790493,264,34603008,2471,20,264,362409.7743220329
HIGH-RANDOM,604,evaluation,True,362409.7743220329,602.9648740291595,16.40042331205072,13.717085525478687,13.527817470178595,0.18926805530046822,2.683337786572031,198,25952256,2491,47,198,363012.7391960621
HIGH-RANDOM,605,evaluation,True,363012.7391960621,588.795469045639,17.931859046589384,14.828384795550104,14.308774723755658,0.5196100717961554,3.103474251039281,302,39583744,2312,126,302,363601.5346651077
HIGH-RANDOM,606,evaluation,True,363601.5346651077,603.1259469985962,18.700599887051474,13.32642004959423,12.80305247234587,0.5233675772488353,5.374179837457243,255,33423360,2154,130,255,364204.6606121063
HIGH-RANDOM,607,evaluation,True,364204.6606121063,597.6192328929901,14.214847142624194,9.860090369003908,9.860090369003908,0.0,4.354756773620286,122,15990784,1769,0,122,364802.2798449993
HIGH-RANDOM,608,evaluation,True,364802.2798449993,604.5306880474091,13.835068990853502,11.109599167390453,11.109599167390453,0.0,2.7254698234630497,0,0,2095,0,0,365406.8105330467
HIGH-RANDOM,609,evaluation,True,365406.8105330467,593.3464930057526,15.703961433542867,12.57263044926085,12.347556213344424,0.22507423591650777,3.131330984282018,120,15728640,2149,55,120,366000.1570260525
HIGH-RANDOM,610,evaluation,True,366000.1570260525,601.1977109909058,20.185651057381996,16.735758349625016,16.699408998233285,0.03634935139245532,3.44989270775698,92,12058624,2977,9,92,366601.3547370434
HIGH-RANDOM,611,evaluation,True,366601.3547370434,612.0016281604767,18.773580654497383,14.554141214334972,14.292285031468992,0.26185618286359424,4.219439440162412,520,68157440,2563,66,520,367213.35636520386
HIGH-RANDOM,612,evaluation,True,367213.35636520386,588.309042930603,22.604854384672105,17.53062070411022,17.53062070411022,0.0,5.074233680561886,213,27918336,3195,0,213,367801.66540813446
HIGH-RANDOM,613,evaluation,True,367801.66540813446,599.0734479427338,18.318076667483428,11.180273463630769,11.046519905693142,0.13375355793746208,7.137803203852658,126,16515072,2015,33,126,368400.7388560772
HIGH-RANDOM,614,evaluation,True,368400.7388560772,602.3547759056091,15.757198637050694,11.875434277858771,11.770626753030331,0.10480752482853692,3.8817643591919224,175,22937600,2078,26,175,369003.0936319828
HIGH-RANDOM,615,evaluation,True,369003.0936319828,599.3368520736694,18.558422795560503,12.616119524672039,12.413551684923567,0.20256783974873488,5.942303270888464,148,19398656,2301,50,148,369602.4304840565
HIGH-RANDOM,616,evaluation,True,369602.4304840565,616.2530400753021,19.28211691857402,15.447014457083718,15.387912255466732,0.05910220161746645,3.8351024614903015,217,28442624,2774,15,217,370218.6835241318
HIGH-RANDOM,617,evaluation,True,370218.6835241318,583.1530179977417,15.370019122681558,11.136242879155724,10.89474298721492,0.24149989194078733,4.233776243525835,198,25952256,1643,58,198,370801.8365421295
HIGH-RANDOM,618,evaluation,True,370801.8365421295,600.5487079620361,19.680703496685254,15.428942345530531,15.242955996358877,0.1859863491720672,4.251761151154723,322,42205184,2586,46,322,371402.38525009155
HIGH-RANDOM,619,evaluation,True,371402.38525009155,599.3503859043121,18.938304108285895,13.26440980851148,13.20364082883144,0.06076897967947916,5.673894299774413,82,10747904,2404,15,82,372001.73563599586
HIGH-RANDOM,620,evaluation,True,372001.73563599586,604.1782231330872,23.84949156164192,16.586500514255174,16.586500514255174,0.0,7.262991047386744,107,14024704,2851,0,107,372605.91385912895
HIGH-RANDOM,621,evaluation,True,372605.91385912895,595.3400120735168,25.86517275638003,16.899903596502895,16.500205133221865,0.39969846328268704,8.965269159877135,181,23724032,2730,98,181,373201.25387120247
HIGH-RANDOM,622,evaluation,True,373201.25387120247,603.4098188877106,17.149608295767703,12.56300897144607,12.34571240613577,0.21729656531041572,4.586599324321632,186,24379392,2055,54,186,373804.6636900902
HIGH-RANDOM,623,evaluation,True,373804.6636900902,601.3604300022125,20.730062528698255,15.512838621198213,15.395744625812709,0.11709399538548837,5.217223907500043,170,22282240,2550,29,170,374406.0241200924
HIGH-RANDOM,624,evaluation,True,374406.0241200924,604.4522650241852,23.79209691290255,14.365574749642954,14.192840713473881,0.17273403616959562,9.426522163259598,104,13631488,2257,43,104,375010.4763851166
HIGH-RANDOM,625,evaluation,True,375010.4763851166,590.8441669940948,19.83354008239253,13.770119120206529,13.502995753936531,0.2671233662697134,6.063420962186003,118,15466496,2128,65,118,375601.3205521107
HIGH-RANDOM,626,evaluation,True,375601.3205521107,609.80522108078,14.94837691687109,11.201383912471844,11.069984241956908,0.13139967051477433,3.746993004399246,142,18612224,1925,33,142,376211.12577319145
HIGH-RANDOM,627,evaluation,True,376211.12577319145,591.2737939357758,18.62195510961788,11.827217128236322,11.827217128236322,0.0,6.794737981381557,91,11927552,2117,0,91,376802.3995671272
HIGH-RANDOM,628,evaluation,True,376802.3995671272,611.0954399108887,15.908418123640526,12.56605650693475,11.76342944011841,0.8026270668183416,3.3423616167057775,382,50069504,1987,202,382,377413.4950070381
HIGH-RANDOM,629,evaluation,True,377413.4950070381,600.1533019542694,19.998629601232903,16.802298514587974,16.63641885645842,0.16587965812909553,3.196331086644928,222,29097984,2849,41,222,378013.6483089924
HIGH-RANDOM,630,evaluation,True,378013.6483089924,594.5324580669403,18.25210119602846,14.148630592290498,14.058780487903695,0.08985010438705282,4.103470603737961,207,27131904,2403,22,207,378608.1807670593
HIGH-RANDOM,631,evaluation,True,378608.1807670593,593.6490590572357,22.408798788603676,17.759695323638567,17.547006321043288,0.21268900259548199,4.649103464965108,122,15990784,3106,52,122,379201.82982611656
HIGH-RANDOM,632,evaluation,True,379201.82982611656,600.3803238868713,13.073427686989273,9.713119208853609,9.713119208853609,0.0,3.3603084781356642,4,524288,1586,0,4,379802.21015000343
HIGH-RANDOM,633,evaluation,True,379802.21015000343,606.4047071933746,17.4669418234812,12.396231061465372,12.32415659834264,0.07207446312312199,5.070710762015829,101,13238272,2078,18,101,380408.6148571968
HIGH-RANDOM,634,evaluation,True,380408.6148571968,611.5066978931427,16.219967688480722,13.609229201095049,13.426575663401286,0.18265353769416753,2.610738487385673,202,26476544,2421,46,202,381020.12155508995
HIGH-RANDOM,635,evaluation,True,381020.12155508995,584.2606871128082,16.11090119202951,13.395687232090147,13.013344677960092,0.3823425541287373,2.7152139599393617,348,45613056,2263,92,348,381604.38224220276
HIGH-RANDOM,636,evaluation,True,381604.38224220276,600.3733937740326,20.198450501572502,15.49311015961817,15.24640406862345,0.24670609099562418,4.705340341954333,226,29622272,2691,61,226,382204.7556359768
HIGH-RANDOM,637,evaluation,True,382204.7556359768,612.7868540287018,20.26081231822842,16.00468277505445,15.731274833222464,0.2734079418305361,4.25612954317397,57,7471104,2865,69,57,382817.5424900055
HIGH-RANDOM,638,evaluation,True,382817.5424900055,585.5870590209961,15.846352901701184,12.749460030584101,12.301639748018365,0.44782028256597206,3.096892871117083,250,32768000,2059,108,250,383403.1295490265
HIGH-RANDOM,639,evaluation,True,383403.1295490265,597.388689994812,15.914071238054659,13.120964594900109,12.352761092555278,0.7682035023462844,2.7931066431545504,359,47054848,1763,189,359,384000.5182390213
HIGH-RANDOM,640,evaluation,True,384000.5182390213,601.6343929767609,13.815771852592675,11.677269214419502,11.576372080859487,0.1008971335611957,2.138502638173173,160,20971520,2079,25,160,384602.15263199806
HIGH-RANDOM,641,evaluation,True,384602.15263199806,600.9407470226288,16.61702742379243,12.299722502635236,12.299722502635236,0.0,4.317304921157191,136,17825792,2110,0,136,385203.0933790207
HIGH-RANDOM,642,evaluation,True,385203.0933790207,597.4659810066223,24.417420493122897,16.865567052238884,16.8330547083698,0.03251234386983976,7.551853440884015,204,26738688,3050,8,204,385800.5593600273
HIGH-RANDOM,643,evaluation,True,385800.5593600273,600.1803550720215,27.131866398827857,14.151405359440318,14.151405359440318,0.0,12.980461039387539,3,393216,2577,0,3,386400.73971509933
HIGH-RANDOM,644,evaluation,True,386400.73971509933,599.6772270202637,27.521506963030596,20.56120993012303,20.358757067255283,0.20245286286695668,6.960297032907567,96,12582912,3002,50,96,387000.4169421196
HIGH-RANDOM,645,evaluation,True,387000.4169421196,599.9532949924469,31.55336590539927,24.801415820842966,22.530939937895106,2.2704758829545724,6.751950084556307,615,80609280,3370,561,615,387600.37023711205
HIGH-RANDOM,646,evaluation,True,387600.37023711205,601.7859899997711,22.41079027362457,16.735021233871816,16.472754771291186,0.26226646258140257,5.675769039752754,124,16252928,2767,65,124,388202.1562271118
HIGH-RANDOM,647,evaluation,True,388202.1562271118,604.2926988601685,24.10099282851543,16.867761744087908,16.807489774080143,0.060271970008254336,7.2332310844275245,251,32899072,2841,15,251,388806.448925972
HIGH-RANDOM,648,evaluation,True,388806.448925972,597.5504930019379,23.231351587815848,16.3594254628897,16.23752141679327,0.1219040460963822,6.871926124926149,181,23724032,2733,30,181,389403.9994189739
HIGH-RANDOM,649,evaluation,True,389403.9994189739,604.0084772109985,17.749555346275088,12.56350171357777,12.366520630584624,0.19698108299343917,5.186053632697316,52,6815744,2129,49,52,390008.0078961849
HIGH-RANDOM,650,evaluation,True,390008.0078961849,600.6652438640594,18.7659714578262,12.75217816917421,12.75217816917421,0.0,6.013793288651992,67,8781824,2260,0,67,390608.673140049
HIGH-RANDOM,651,evaluation,True,390608.673140049,599.3106689453125,17.646115109396916,13.88770168264935,13.88770168264935,0.0,3.7584134267475657,206,27000832,2520,0,206,391207.9838089943
HIGH-RANDOM,652,evaluation,True,391207.9838089943,592.7067270278931,17.34830859608059,13.301579262417507,13.043488673941772,0.258090588475519,4.046729333663083,224,29360128,2263,63,224,391800.6905360222
HIGH-RANDOM,653,evaluation,True,391800.6905360222,599.4522390365601,17.757518763109207,15.333005417865792,15.260095032584214,0.07291038528197215,2.4245133452434158,391,51249152,2807,18,391,392400.14277505875
HIGH-RANDOM,654,evaluation,True,392400.14277505875,606.2852289676666,17.27792324444443,14.797256110176823,14.54895070316615,0.2483054070115347,2.4806671342676068,140,18350080,2725,62,140,393006.4280040264
HIGH-RANDOM,655,evaluation,True,393006.4280040264,598.5072090625763,11.713567551059064,10.59473561054154,10.558222855938396,0.03651275460386877,1.1188319405175262,57,7471104,1971,9,57,393604.935213089
HIGH-RANDOM,656,evaluation,True,393604.935213089,598.8399000167847,15.840683646440173,11.2677392945621,11.06905807112537,0.19868122343702502,4.572944351878074,255,33423360,1809,49,255,394203.7751131058
HIGH-RANDOM,657,evaluation,True,394203.7751131058,605.6241059303284,18.201378322370907,13.920843450145314,13.84867608877696,0.07216736136874394,4.280534872225593,94,12320768,2599,18,94,394809.3992190361
HIGH-RANDOM,658,evaluation,True,394809.3992190361,591.3112890720367,28.658534530430302,20.29612969617756,20.29612969617756,0.0,8.362404834252743,141,18481152,3456,0,141,395400.71050810814
HIGH-RANDOM,659,evaluation,True,395400.71050810814,607.7399129867554,15.25924126913694,12.365256879258919,12.365256879258919,0.0,2.893984389878021,186,24379392,2174,0,186,396008.4504210949
HIGH-RANDOM,660,evaluation,True,396008.4504210949,601.6654980182648,19.203541552013185,14.39127152005414,14.217737422198995,0.17353409785566937,4.812270031959046,247,32374784,2510,43,247,396610.11591911316
HIGH-RANDOM,661,evaluation,True,396610.11591911316,595.0137679576874,21.097857906046478,13.602748843275071,13.602748843275071,0.0,7.495109062771406,118,15466496,2544,0,118,397205.12968707085
HIGH-RANDOM,662,evaluation,True,397205.12968707085,603.5879249572754,14.32281097767918,10.661929346688593,10.54526747771451,0.11666186897406654,3.6608816309905876,41,5373952,1832,29,41,397808.7176120281
HIGH-RANDOM,663,evaluation,True,397808.7176120281,597.175430059433,16.201610909768327,13.831007219617684,13.831007219617684,0.0,2.3706036901506415,75,9830400,2507,0,75,398405.89304208755
HIGH-RANDOM,664,evaluation,True,398405.89304208755,609.8708839416504,19.940149925364928,14.680890950351698,14.258864724540633,0.4220262258103218,5.25925897501323,366,47972352,2621,106,366,399015.7639260292
HIGH-RANDOM,665,evaluation,True,399015.7639260292,585.0573291778564,16.00272186259496,12.268951532703925,11.75017172535979,0.5187798073437303,3.7337703298910356,294,38535168,2055,125,294,399600.82125520706
HIGH-RANDOM,666,evaluation,True,399600.82125520706,601.7182018756866,10.4621565180252,6.280189658751065,6.243871749828594,0.03631790892319231,4.181966859274134,132,17301504,1100,9,132,400202.53945708275
HIGH-RANDOM,667,evaluation,True,400202.53945708275,598.0728969573975,21.223225789208428,18.045722181293453,18.045722181293453,0.0,3.177503607914974,73,9568256,3024,0,73,400800.61235404015
HIGH-RANDOM,668,evaluation,True,400800.61235404015,615.3429110050201,14.284111968183463,10.494634828486602,10.42360728770503,0.07102754078195579,3.7894771396968623,190,24903680,1918,18,190,401415.95526504517
HIGH-RANDOM,669,evaluation,True,401415.95526504517,585.652939081192,19.001746210623736,15.045035716871917,14.920655187068489,0.12438052980337803,3.9567104937518196,104,13631488,2520,30,104,402001.60820412636
HIGH-RANDOM,670,evaluation,True,402001.60820412636,603.3492548465729,22.234020274519207,17.9360905765496,17.90389526136663,0.03219531518267656,4.297929697969607,107,14024704,3199,8,107,402604.95745897293
HIGH-RANDOM,671,evaluation,True,402604.95745897293,597.0066590309143,22.841355502753895,17.464069024095593,17.464069024095593,0.0,5.377286478658303,103,13500416,2952,0,103,403201.96411800385
HIGH-RANDOM,672,evaluation,True,403201.96411800385,601.2303509712219,19.348307040703823,13.28210734487722,13.055945881545476,0.22616146333179302,6.066199695826604,178,23330816,2154,56,178,403803.19446897507
HIGH-RANDOM,673,evaluation,True,403803.19446897507,598.9345331192017,21.75003219299932,14.742460743213705,14.426242644371719,0.3162180988422837,7.007571449785616,243,31850496,2677,78,243,404402.12900209427
HIGH-RANDOM,674,evaluation,True,404402.12900209427,603.3180460929871,21.964892853999313,15.279769378288902,15.279769378288902,0.0,6.6851234757104105,102,13369344,2652,0,102,405005.44704818726
HIGH-RANDOM,675,evaluation,True,405005.44704818726,595.7651379108429,21.180770350229263,14.174507716728158,14.174507716728158,0.0,7.006262633501106,5,655360,2478,0,5,405601.2121860981
HIGH-RANDOM,676,evaluation,True,405601.2121860981,604.3810620307922,22.700504874613035,17.129200024528664,16.900200024200714,0.2290000003279676,5.5713048500843705,118,15466496,2891,57,118,406205.5932481289
HIGH-RANDOM,677,evaluation,True,406205.5932481289,596.5810799598694,22.307555155214196,16.20883033707454,15.879154575832757,0.3296757612419662,6.098724818139655,309,40501248,2599,81,309,406802.17432808876
HIGH-RANDOM,678,evaluation,True,406802.17432808876,613.5256500244141,21.64360109209877,17.389873827938274,17.27510161684506,0.11477221109319931,4.253727264160496,265,34734080,3102,29,265,407415.6999781132
HIGH-RANDOM,679,evaluation,True,407415.6999781132,598.2528250217438,21.584171165125916,19.07425620733315,19.07425620733315,0.0,2.5099149577927644,112,14680064,3384,0,112,408013.9528031349
HIGH-RANDOM,680,evaluation,True,408013.9528031349,594.8813149929047,11.821062125997003,7.863232963104473,7.863232963104473,0.0,3.957829162892531,0,0,1466,0,0,408608.8341181278
HIGH-RANDOM,681,evaluation,True,408608.8341181278,614.592325925827,15.151957190878996,11.06451354142084,11.06451354142084,0.0,4.087443649458154,64,8388608,2077,0,64,409223.42644405365
HIGH-RANDOM,682,evaluation,True,409223.42644405365,578.3600199222565,20.941393434823457,15.373292214237571,15.373292214237571,0.0,5.568101220585887,67,8781824,2583,0,67,409801.7864639759
HIGH-RANDOM,683,evaluation,True,409801.7864639759,600.6508181095123,27.049088454890498,19.5938722036645,19.5938722036645,0.0,7.455216251225997,117,15335424,3584,0,117,410402.4372820854
HIGH-RANDOM,684,evaluation,True,410402.4372820854,598.0016260147095,16.438199333297653,12.538198763483676,12.452930306388788,0.08526845709516793,3.9000005698139795,211,27656192,2146,21,211,411000.4389081001
HIGH-RANDOM,685,evaluation,True,411000.4389081001,600.3730878829956,20.72422813976676,17.516303159746336,17.34239549879844,0.17390766094737006,3.207924980020421,54,7077888,3104,43,54,411600.8119959831
HIGH-RANDOM,686,evaluation,True,411600.8119959831,605.5192921161652,17.56617031057847,14.471595437866617,14.471595437866617,0.0,3.0945748727118554,135,17694720,2438,0,135,412206.3312880993
HIGH-RANDOM,687,evaluation,True,412206.3312880993,606.8748950958252,15.912530547808737,12.41301766891227,12.41301766891227,0.0,3.4995128788964673,90,11796480,2221,0,90,412813.2061831951
HIGH-RANDOM,688,evaluation,True,412813.2061831951,589.285787820816,20.13941497173137,14.351868897303223,14.351868897303223,0.0,5.787546074428148,137,17956864,2549,0,137,413402.49197101593
HIGH-RANDOM,689,evaluation,True,413402.49197101593,599.9954261779785,14.492032902715032,11.29296681707605,11.29296681707605,0.0,3.199066085638982,91,11927552,1988,0,91,414002.4873971939
HIGH-RANDOM,690,evaluation,True,414002.4873971939,607.1162369251251,17.542969455990043,14.78261715617001,14.78261715617001,0.0,2.7603522998200316,70,9175040,2670,0,70,414609.60363411903
HIGH-RANDOM,691,evaluation,True,414609.60363411903,595.9546229839325,21.566933550329804,18.455548395767952,18.455548395767952,0.0,3.1113851545618525,26,3407872,3122,0,26,415205.55825710297
HIGH-RANDOM,692,evaluation,True,415205.55825710297,594.9076769351959,15.400520899445361,13.03656996914699,13.024325409920632,0.012244559226242683,2.3639509302983703,71,9306112,2428,3,71,415800.46593403816
HIGH-RANDOM,693,evaluation,True,415800.46593403816,600.9612090587616,21.907729179910007,17.62908441043013,17.43110450393266,0.19797990649777014,4.278644769479877,185,24248320,3117,49,185,416401.4271430969
HIGH-RANDOM,694,evaluation,True,416401.4271430969,603.9718050956726,15.762257653644964,12.970198865308763,12.970198865308763,0.0,2.7920587883362007,197,25821184,2450,0,197,417005.3989481926
HIGH-RANDOM,695,evaluation,True,417005.3989481926,601.8689208030701,17.430909627498366,13.6676704707828,13.26827351394454,0.39939695683883614,3.7632391567155645,281,36831232,2289,99,281,417607.26786899567
HIGH-RANDOM,696,evaluation,True,417607.26786899567,599.1136500835419,22.642487720867948,17.074254927242123,17.074254927242123,0.0,5.568232793625824,283,37093376,3042,0,283,418206.3815190792
HIGH-RANDOM,697,evaluation,True,418206.3815190792,599.2628300189972,17.60232127291762,13.310918247642814,13.310918247642814,0.0,4.291403025274805,144,18874368,2430,0,144,418805.6443490982
HIGH-RANDOM,698,evaluation,True,418805.6443490982,600.6163499355316,20.64799745353531,16.529866368388646,16.529866368388646,0.0,4.118131085146663,116,15204352,3010,0,116,419406.26069903374
HIGH-RANDOM,699,evaluation,True,419406.26069903374,596.0480899810791,17.88147124765467,12.902272538308278,12.743397824524353,0.1588747137835446,4.979198709346392,34,4456448,2352,39,34,420002.3087890148
HIGH-RANDOM,700,evaluation,True,420002.3087890148,599.1079921722412,18.871490205075027,14.972742059849557,14.466129007644373,0.5066130522068983,3.89874814522547,322,42205184,2530,125,322,420601.41678118706
HIGH-RANDOM,701,evaluation,True,420601.41678118706,599.520448923111,21.195019022564093,17.637008220877586,16.835085231208925,0.8019229896708504,3.5580108016865064,358,46923776,2749,198,358,421200.93723011017
HIGH-RANDOM,702,evaluation,True,421200.93723011017,614.2234539985657,19.81255767361374,14.991940247397173,14.928689587402264,0.06325065999535673,4.820617426216566,118,15466496,2816,16,118,421815.16068410873
HIGH-RANDOM,703,evaluation,True,421815.16068410873,606.0842800140381,16.806651190504986,13.966105096700495,13.849923737543525,0.11618135915695323,2.840546093804493,39,5111808,2523,29,39,422421.2449641228
HIGH-RANDOM,704,evaluation,True,422421.2449641228,597.1474289894104,15.120010324168554,11.640114443971823,11.640114443971823,0.0,3.4798958801967306,65,8519680,2218,0,65,423018.3923931122
HIGH-RANDOM,705,evaluation,True,423018.3923931122,593.198714017868,16.310224102091244,13.24769876487225,12.899770108735675,0.34792865613765767,3.0625253372189936,268,35127296,2270,85,268,423611.59110713005
HIGH-RANDOM,706,evaluation,True,423611.59110713005,588.733964920044,17.287880302344742,13.818832032600106,13.587870097197627,0.23096193540253088,3.4690482697446363,64,8388608,2150,56,64,424200.3250720501
HIGH-RANDOM,707,evaluation,True,424200.3250720501,610.858852148056,18.609954681960087,15.025321780260688,14.858374290472492,0.16694748978876076,3.5846329016993974,121,15859712,2725,42,121,424811.18392419815
HIGH-RANDOM,708,evaluation,True,424811.18392419815,595.0302457809448,17.9199590500102,12.71469388617774,12.706532528178322,0.008161357999350064,5.205265163832458,45,5898240,2285,2,45,425406.2141699791
HIGH-RANDOM,709,evaluation,True,425406.2141699791,613.6416511535645,15.604123220510868,12.196745173440338,11.91580425772202,0.2809409157167913,3.4073780470705306,209,27394048,2051,71,209,426019.85582113266
HIGH-RANDOM,710,evaluation,True,426019.85582113266,592.8513309955597,19.285051113006805,14.558148632001414,14.558148632001414,0.0,4.726902481005391,82,10747904,2752,0,82,426612.7071521282
HIGH-RANDOM,711,evaluation,True,426612.7071521282,590.8312139511108,15.216272309187017,10.908193034184041,10.908193034184041,0.0,4.308079275002976,2,262144,1957,0,2,427203.53836607933
HIGH-RANDOM,712,evaluation,True,427203.53836607933,602.4356160163879,16.53511835374035,13.73871291245292,13.436424083127854,0.30228882932545864,2.7964054412874297,145,19005440,2518,75,145,427805.9739820957
HIGH-RANDOM,713,evaluation,True,427805.9739820957,597.4209098815918,19.060433939868815,15.657825495526978,15.657825495526978,0.0,3.4026084443418374,120,15728640,2800,0,120,428403.3948919773
HIGH-RANDOM,714,evaluation,True,428403.3948919773,599.079115152359,18.931672386348325,13.74600683225195,13.74600683225195,0.0,5.185665554096373,161,21102592,2339,0,161,429002.47400712967
HIGH-RANDOM,715,evaluation,True,429002.47400712967,597.8331639766693,17.612296981261565,14.419173800779548,14.419173800779548,0.0,3.1931231804820186,211,27656192,2524,0,211,429600.30717110634
HIGH-RANDOM,716,evaluation,True,429600.30717110634,602.2162818908691,17.360262718739666,13.075665066127458,13.075665066127458,0.0,4.2845976526122085,4,524288,2401,0,4,430202.5234529972
HIGH-RANDOM,717,evaluation,True,430202.5234529972,602.056832075119,18.108829759419887,15.876921807135844,15.876921807135844,0.0,2.2319079522840433,138,18087936,2950,0,138,430804.5802850723
HIGH-RANDOM,718,evaluation,True,430804.5802850723,596.9756920337677,24.133429382996717,20.952623762763142,20.91601733616159,0.03660642660122268,3.180805620233574,313,41025536,3761,9,313,431401.5559771061
HIGH-RANDOM,719,evaluation,True,431401.5559771061,609.5624260902405,16.57056930261066,13.818553789966886,13.635317657107793,0.18323613286053453,2.7520155126437746,292,38273024,2239,46,292,432011.11840319633
HIGH-RANDOM,720,evaluation,True,432011.11840319633,589.6707139015198,23.956781206145607,17.807816490949932,17.482512787884698,0.325303703066557,6.148964715195675,439,57540608,2759,79,439,432600.78911709785
HIGH-RANDOM,721,evaluation,True,432600.78911709785,608.4348669052124,20.21604342006946,14.943126514361344,14.711661490753517,0.23146502360674026,5.272916905708116,344,45088768,2555,58,344,433209.22398400307
HIGH-RANDOM,722,evaluation,True,433209.22398400307,593.2724471092224,27.788612178178568,19.714887469982003,19.41202252057017,0.3028649494122656,8.073724708196567,179,23461888,3309,74,179,433802.4964311123
HIGH-RANDOM,723,evaluation,True,433802.4964311123,603.8520209789276,24.5009521885311,18.75436966577906,18.424642444226357,0.32972722155283185,5.746582522752044,224,29360128,2977,82,224,434406.3484520912
HIGH-RANDOM,724,evaluation,True,434406.3484520912,594.5968089103699,18.970907047430707,14.587121190318875,14.297181781270787,0.2899394090475745,4.383785857111832,207,27131904,2567,71,207,435000.9452610016
HIGH-RANDOM,725,evaluation,True,435000.9452610016,606.0039250850677,19.19692357070971,14.818901942837284,14.774827307998468,0.044074634839450226,4.3780216278724255,363,47579136,2806,11,363,435606.94918608665
HIGH-RANDOM,726,evaluation,True,435606.94918608665,603.73264503479,21.707870053954633,17.958130256117403,17.89378051593146,0.06434974018640019,3.74973979783723,110,14417920,3173,16,110,436210.68183112144
HIGH-RANDOM,727,evaluation,True,436210.68183112144,600.0036950111389,23.256396535458272,17.784564136060926,17.784564136060926,0.0,5.471832399397345,173,22675456,3158,0,173,436810.6855261326
HIGH-RANDOM,728,evaluation,True,436810.6855261326,592.0611310005188,21.141294304840653,18.016748201305727,17.815792188904293,0.20095601239213298,3.124546103534926,191,25034752,3239,49,191,437402.7466571331
HIGH-RANDOM,729,evaluation,True,437402.7466571331,608.1527709960938,21.57031336313012,16.81523784226012,16.531761295553064,0.2834765467148608,4.755075520869997,271,35520512,2996,71,271,438010.8994281292
HIGH-RANDOM,730,evaluation,True,438010.8994281292,592.3996138572693,25.635681124407558,19.862160889542917,19.583442502066312,0.2787183874708744,5.773520234864642,454,59506688,3357,68,454,438603.29904198647
HIGH-RANDOM,731,evaluation,True,438603.29904198647,597.0175230503082,26.748898278513735,20.19721374170804,20.189079550205918,0.008134191491478772,6.551684536805695,84,11010048,3530,2,84,439200.3165650368
HIGH-RANDOM,732,evaluation,True,439200.3165650368,602.4614760875702,24.33560832218656,19.951367094864242,19.725667790619692,0.2256993042246813,4.384241227322319,334,43778048,3605,56,334,439802.77804112434
HIGH-RANDOM,733,evaluation,True,439802.77804112434,598.0910210609436,15.405967030454674,12.711415587050205,12.711415587028029,0.0,2.694551443404469,200,26214400,2368,0,200,440400.8690621853
HIGH-RANDOM,734,evaluation,True,440400.8690621853,601.9590837955475,15.575084051310826,13.237937254728074,13.225836129445094,0.01210112527657039,2.3371467965827524,66,8650752,2450,3,66,441002.82814598083
HIGH-RANDOM,735,evaluation,True,441002.82814598083,604.4083321094513,22.171213546477794,17.027880627284485,16.75469997051852,0.2731806567530193,5.143332919193311,297,38928384,3026,68,297,441607.2364780903
HIGH-RANDOM,736,evaluation,True,441607.2364780903,593.0170660018921,26.123245990167504,22.000838289256155,21.869813261217747,0.13102502803827556,4.1224077009113484,349,45744128,3973,32,349,442200.2535440922
HIGH-RANDOM,737,evaluation,True,442200.2535440922,604.0490379333496,26.497932929952256,22.032132985478654,21.57790099081068,0.4542319946690698,4.4657999444736,442,57933824,3684,113,442,442804.3025820255
HIGH-RANDOM,738,evaluation,True,442804.3025820255,596.0702459812164,24.14082423448276,18.751016599619522,18.278483733632964,0.47253286598650857,5.389807634863238,362,47448064,3382,116,362,443400.37282800674
HIGH-RANDOM,739,evaluation,True,443400.37282800674,603.2137041091919,23.293650086758827,19.980700053787974,19.763332841760782,0.21736721202730627,3.3129500329708534,127,16646144,3581,54,127,444003.58653211594
HIGH-RANDOM,740,evaluation,True,444003.58653211594,600.5104789733887,15.864982416091834,12.680531679169063,12.56327195118549,0.11725972798355583,3.1844507369227717,212,27787264,2173,29,212,444604.0970110893
HIGH-RANDOM,741,evaluation,True,444604.0970110893,596.9462330341339,18.184676093189903,14.788766227284295,14.670806365040423,0.11795986224385462,3.395909865905608,280,36700160,2699,29,280,445201.04324412346
HIGH-RANDOM,742,evaluation,True,445201.04324412346,599.109894990921,21.71388522418302,17.49965617222431,17.220006655595608,0.27964951662722154,4.21422905195871,263,34471936,2999,69,263,445800.1531391144
HIGH-RANDOM,743,evaluation,True,445800.1531391144,613.0753018856049,20.116873849320175,14.983500326581913,14.6032856410687,0.3802146855097517,5.133373522738263,407,53346304,2661,96,407,446413.228441
HIGH-RANDOM,744,evaluation,True,446413.228441,587.6833810806274,22.219237885155074,14.947871026176992,14.69583774110626,0.2520332850716556,7.271366858978083,79,10354688,2557,61,79,447000.9118220806
HIGH-RANDOM,745,evaluation,True,447000.9118220806,601.1644370555878,23.616285178659847,16.81216624586174,16.602136146807766,0.21003009905417064,6.804118932798108,78,10223616,2979,52,78,447602.0762591362
HIGH-RANDOM,746,evaluation,True,447602.0762591362,598.6606268882751,20.469937230128604,16.09905285649324,15.86380873902942,0.23524411746169707,4.370884373635363,193,25296896,2793,58,193,448200.7368860245
HIGH-RANDOM,747,evaluation,True,448200.7368860245,601.1696989536285,17.991150060563672,13.402985769238892,13.402985769238892,0.0,4.58816429132478,115,15073280,2358,0,115,448801.9065849781
HIGH-RANDOM,748,evaluation,True,448801.9065849781,600.5723321437836,17.75989796772843,13.434640195100458,13.434640195100458,0.0,4.325257772627974,66,8650752,2402,0,66,449402.4789171219
HIGH-RANDOM,749,evaluation,True,449402.4789171219,599.0382609367371,26.75962761958242,21.23565411095012,20.878957005592444,0.35669710535866506,5.523973508632302,300,39321600,3717,88,300,450001.5171780586
HIGH-RANDOM,750,evaluation,True,450001.5171780586,599.898864030838,16.972104536311992,13.595693657826644,13.579503412612079,0.016190245214416598,3.3764108784853475,288,37748736,2513,4,288,450601.41604208946
HIGH-RANDOM,751,evaluation,True,450601.41604208946,604.8317499160767,21.511373142312248,17.330861427513184,17.330861427513184,0.0,4.180511714799064,163,21364736,3304,0,163,451206.24779200554
HIGH-RANDOM,752,evaluation,True,451206.24779200554,594.4249231815338,16.99116317064333,13.742968141280162,13.575489927175914,0.16747821410378363,3.248195029363167,48,6291456,2363,41,48,451800.6727151871
HIGH-RANDOM,753,evaluation,True,451800.6727151871,611.2458488941193,18.89734336734973,15.89991142489509,15.701290245502438,0.1986211793929098,2.9974319424546416,225,29491200,2808,50,225,452411.9185640812
HIGH-RANDOM,754,evaluation,True,452411.9185640812,588.8257489204407,22.859110776345197,19.613661206573624,19.37448791789128,0.23917328868445462,3.245449569771571,274,35913728,3488,58,274,453000.74431300163
HIGH-RANDOM,755,evaluation,True,453000.74431300163,608.4335911273956,18.806349118105086,17.040810031542055,16.609805290742475,0.4310047407998072,1.765539086563032,280,36700160,2978,108,280,453609.177904129
HIGH-RANDOM,756,evaluation,True,453609.177904129,591.8670029640198,17.44446927790908,15.7292517584381,15.44207758059407,0.28717417784354676,1.7152175194709804,375,49152000,2830,70,375,454201.04490709305
HIGH-RANDOM,757,evaluation,True,454201.04490709305,599.2631590366364,22.01121607279326,18.492196211453923,18.40305540142121,0.08914081003190769,3.519019861339337,48,6291456,3371,22,48,454800.3080661297
HIGH-RANDOM,758,evaluation,True,454800.3080661297,604.2303569316864,21.709599521317813,20.503666042798567,20.503666042798567,0.0,1.2059334785192446,185,24248320,3984,0,185,455404.53842306137
HIGH-RANDOM,759,evaluation,True,455404.53842306137,598.0170650482178,20.328287422170607,16.73544350657302,16.723262612900314,0.012180893673648123,3.5928439155975878,60,7864320,2961,3,60,456002.5554881096
HIGH-RANDOM,760,evaluation,True,456002.5554881096,603.4682788848877,13.361124428800975,9.912141186138799,9.912141186138799,0.0,3.4489832426621767,165,21626880,1832,0,165,456606.0237669945
HIGH-RANDOM,761,evaluation,True,456606.0237669945,594.519947052002,18.987637979197707,14.538575595887748,14.391545058313984,0.1470305375724209,4.449062383309958,168,22020096,2366,36,168,457200.5437140465
HIGH-RANDOM,762,evaluation,True,457200.5437140465,599.5780980587006,19.743211373852695,14.88963013143653,14.796486417502305,0.09314371393444042,4.853581242416165,258,33816576,2667,23,258,457800.1218121052
HIGH-RANDOM,763,evaluation,True,457800.1218121052,609.1246049404144,22.94330275281583,18.349778968298285,18.349778968298285,0.0,4.593523784517543,201,26345472,3485,0,201,458409.2464170456
HIGH-RANDOM,764,evaluation,True,458409.2464170456,597.9976830482483,17.27970991970239,12.765925354562082,12.765925354562082,0.0,4.513784565140307,126,16515072,2302,0,126,459007.24410009384
HIGH-RANDOM,765,evaluation,True,459007.24410009384,626.0354299545288,17.923174026833394,13.701357071203073,13.689721336328436,0.011635734873517534,4.221816955630322,172,22544384,2385,3,172,459633.27953004837
HIGH-RANDOM,766,evaluation,True,459633.27953004837,583.9972660541534,21.504545142741527,18.751983720922542,18.593988388355587,0.15799533256768125,2.7525614218189847,205,26869760,3367,38,205,460217.2767961025
HIGH-RANDOM,767,evaluation,True,460217.2767961025,584.7334599494934,22.405014311299112,19.837068714012386,19.380289625095095,0.45677908891529645,2.5679455972867267,454,59506688,3141,110,454,460802.010256052
HIGH-RANDOM,768,evaluation,True,460802.010256052,598.7299649715424,21.923072430718236,18.38000876604968,18.17723559866364,0.2027731673863037,3.5430636646685563,37,4849664,3035,50,37,461400.74022102356
HIGH-RANDOM,769,evaluation,True,461400.74022102356,599.4156880378723,24.16961380352852,20.424011331857574,20.306537437161555,0.11747389469600496,3.7456024716709457,247,32374784,3500,29,247,462000.15590906143
HIGH-RANDOM,770,evaluation,True,462000.15590906143,617.3647499084473,21.25520206920494,16.3341206889478,16.168932521017247,0.16518816792904886,4.921081380257142,106,13893632,2927,42,106,462617.5206589699
HIGH-RANDOM,771,evaluation,True,462617.5206589699,583.3594970703125,18.106513891797604,14.849517117867867,14.849517117867867,0.0,3.256996773929738,133,17432576,2673,0,133,463200.8801560402
HIGH-RANDOM,772,evaluation,True,463200.8801560402,599.1377770900726,17.75531304259885,14.71035521885836,14.604984942530194,0.10537027632931906,3.0449578237404893,90,11796480,2696,26,90,463800.01793313026
HIGH-RANDOM,773,evaluation,True,463800.01793313026,605.0502309799194,17.45364858920527,14.307265373820107,14.307265373820107,0.0,3.1463832153851627,64,8388608,2710,0,64,464405.0681641102
HIGH-RANDOM,774,evaluation,True,464405.0681641102,600.7898499965668,18.592592518501867,14.432454515365862,14.230376581780755,0.20207793358538587,4.160138003136006,335,43909120,2508,50,335,465005.85801410675
HIGH-RANDOM,775,evaluation,True,465005.85801410675,594.30402302742,13.897194998926508,11.28506563458138,11.182923997723732,0.10214163685778115,2.612129364345128,81,10616832,2053,25,81,465600.16203713417
HIGH-RANDOM,776,evaluation,True,465600.16203713417,600.2990369796753,20.54072090905541,15.066273743789939,15.066273743789939,0.0,5.474447165265471,90,11796480,2646,0,90,466200.46107411385
HIGH-RANDOM,777,evaluation,True,466200.46107411385,602.0774948596954,21.36754574744383,17.06986169160383,17.06986169160383,0.0,4.2976840558400005,131,17170432,3167,0,131,466802.53856897354
HIGH-RANDOM,778,evaluation,True,466802.53856897354,598.5183651447296,22.367329002542178,18.066531234233686,17.725751876671325,0.34077935756137206,4.300797768308491,372,48758784,3080,84,372,467401.05693411827
HIGH-RANDOM,779,evaluation,True,467401.05693411827,604.8518259525299,20.59497063564745,16.030096822587772,15.512237034800277,0.5178597877838066,4.564873813059676,434,56885248,2588,129,434,468005.9087600708
HIGH-RANDOM,780,evaluation,True,468005.9087600708,595.1439509391785,20.78672823873673,14.54960656233007,14.4476090781797,0.10199748415050057,6.237121676406661,147,19267584,2515,25,147,468601.05271101
HIGH-RANDOM,781,evaluation,True,468601.05271101,603.9339599609375,18.02764943574371,14.168096781069769,13.766044969267586,0.4020518118048132,3.859552654673941,237,31064064,2332,100,237,469204.9866709709
HIGH-RANDOM,782,evaluation,True,469204.9866709709,602.7352061271667,18.357327566264303,13.535598738776153,13.273745305917632,0.2618534328571944,4.821728827488148,111,14548992,2203,65,111,469807.7218770981
HIGH-RANDOM,783,evaluation,True,469807.7218770981,599.3607850074768,18.520702435425207,16.227871896446068,16.223820701423772,0.004051195021208276,2.2928305389791404,161,21102592,3018,1,161,470407.08266210556
HIGH-RANDOM,784,evaluation,True,470407.08266210556,594.9973130226135,16.61060500518602,11.296140543946104,11.226765161275083,0.06937538266932958,5.314464461239917,347,45481984,1988,17,347,471002.0799751282
HIGH-RANDOM,785,evaluation,True,471002.0799751282,599.6321060657501,23.967930359391747,19.668544616083967,19.490372690737463,0.17817192534700027,4.29938574330778,221,28966912,3616,44,221,471601.7120811939
HIGH-RANDOM,786,evaluation,True,471601.7120811939,598.6944599151611,20.959001482693814,15.421213658645959,15.307653950747842,0.11355970789707805,5.5377878240478555,133,17432576,2564,28,133,472200.4065411091
HIGH-RANDOM,787,evaluation,True,472200.4065411091,600.813649892807,22.503153885773695,18.51165850101888,18.301505775150712,0.2101527258662594,3.9914953847548165,222,29097984,3305,52,222,472801.2201910019
HIGH-RANDOM,788,evaluation,True,472801.2201910019,599.4911971092224,24.31694956172643,20.427271271915746,20.427271271915746,0.0,3.8896782898106848,215,28180480,3662,0,215,473400.7113881111
HIGH-RANDOM,789,evaluation,True,473400.7113881111,600.8189029693604,20.820747770554906,16.40683550205697,16.196684613597075,0.21015088846009358,4.413912268497934,154,20185088,2850,52,154,474001.5302910805
HIGH-RANDOM,790,evaluation,True,474001.5302910805,599.8224840164185,21.621312058221307,15.728348675015953,15.615002527116198,0.11334614790082399,5.8929633832053545,102,13369344,2897,28,102,474601.3527750969
HIGH-RANDOM,791,evaluation,True,474601.3527750969,599.6141328811646,15.88085872681999,11.89010911521307,11.74432771577857,0.14578139943527157,3.9907496116069203,122,15990784,2124,36,122,475200.96690797806
HIGH-RANDOM,792,evaluation,True,475200.96690797806,604.6343071460724,18.680693787136715,14.82472815817001,14.728347490408387,0.09638066776283143,3.8559656289667035,79,10354688,2694,24,79,475805.60121512413
HIGH-RANDOM,793,evaluation,True,475805.60121512413,601.2172548770905,17.613757657971775,14.172684502552004,14.172684502552004,0.0,3.441073155419771,137,17956864,2562,0,137,476406.8184700012
HIGH-RANDOM,794,evaluation,True,476406.8184700012,614.9218330383301,18.87754859161065,14.249225822530182,14.249225822530182,0.0,4.62832276908047,142,18612224,2714,0,142,477021.74030303955
HIGH-RANDOM,795,evaluation,True,477021.74030303955,585.0848870277405,19.600935197581084,16.38803832313455,16.118285529431635,0.26975279370153066,3.2128968744465367,220,28835840,2713,65,220,477606.8251900673
HIGH-RANDOM,796,evaluation,True,477606.8251900673,596.5735831260681,27.429954119403682,19.469088002343582,19.44873739097977,0.020350611364689675,7.960866117060099,197,25821184,3647,5,197,478203.39877319336
HIGH-RANDOM,797,evaluation,True,478203.39877319336,600.0873408317566,24.627744306055646,19.804081027960976,19.464192664911476,0.33988836305061737,4.82366327809467,387,50724864,3429,84,387,478803.4861140251
HIGH-RANDOM,798,evaluation,True,478803.4861140251,596.5335619449615,21.376462621320346,15.659869159215638,15.582531647837753,0.07733751137823307,5.716593462104708,355,46530560,2710,19,355,479400.0196759701
HIGH-RANDOM,799,evaluation,True,479400.0196759701,606.0439131259918,20.243089613639956,16.56436649443831,16.56436649443831,0.0,3.6787231192016456,68,8912896,2924,0,68,480006.06358909607
HIGH-RANDOM,800,evaluation,True,480006.06358909607,606.5643138885498,19.81553415967296,15.741164031427218,15.452942039426508,0.2882219920001729,4.074370128245743,101,13238272,2742,72,101,480612.6279029846
HIGH-RANDOM,801,evaluation,True,480612.6279029846,590.1515460014343,17.122279477547814,14.76177468010422,14.346218926835704,0.4155557532679484,2.360504797443596,173,22675456,2237,101,173,481202.77944898605
HIGH-RANDOM,802,evaluation,True,481202.77944898605,601.6196410655975,18.828028216049905,15.022611623668741,15.022611623668741,0.0,3.805416592381163,20,2621440,2696,0,20,481804.39909005165
HIGH-RANDOM,803,evaluation,True,481804.39909005165,597.673691034317,16.977148273401433,12.618091890503957,12.618091890503957,0.0,4.359056382897478,9,1179648,2356,0,9,482402.07278108597
HIGH-RANDOM,804,evaluation,True,482402.07278108597,600.4358830451965,15.376116010997114,12.380073178233514,12.129348821487042,0.25072435674629073,2.9960428327636,138,18087936,2039,62,138,483002.50866413116
HIGH-RANDOM,805,evaluation,True,483002.50866413116,600.1046378612518,15.163844083642985,12.851213210190174,12.71768948770425,0.13352372248576053,2.3126308734528105,56,7340032,2288,33,56,483602.6133019924
HIGH-RANDOM,806,evaluation,True,483602.6133019924,598.3072152137756,14.545732370469556,12.224887738700584,12.224887738700584,0.0,2.320844631768973,107,14024704,2144,0,107,484200.9205172062
HIGH-RANDOM,807,evaluation,True,484200.9205172062,600.929783821106,14.513574974074146,11.216317919646777,11.030449512553702,0.18586840709348468,3.2972570544273694,298,39059456,1980,46,298,484801.8503010273
HIGH-RANDOM,808,evaluation,True,484801.8503010273,602.9980370998383,20.158339260783357,17.59846449979157,17.534036364938522,0.06442813485245975,2.559874760991784,183,23986176,2973,16,183,485404.84833812714
HIGH-RANDOM,809,evaluation,True,485404.84833812714,599.008514881134,14.154395355779197,11.830057812640339,11.793575615292859,0.036482197348204175,2.324337543138858,171,22413312,2199,9,171,486003.85685300827
HIGH-RANDOM,810,evaluation,True,486003.85685300827,607.68186211586,15.99041358705604,13.351878909870287,13.152092839269535,0.19978607059893302,2.638534677185752,79,10354688,2318,50,79,486611.53871512413
HIGH-RANDOM,811,evaluation,True,486611.53871512413,590.033499956131,11.904292933286893,9.057075986997962,8.892466524769226,0.16460946222937095,2.8472169462889316,148,19398656,1582,40,148,487201.57221508026
HIGH-RANDOM,812,evaluation,True,487201.57221508026,599.004077911377,15.43960728220674,11.389566947840601,11.272012330080349,0.11755461776023571,4.050040334366139,74,9699328,2044,29,74,487800.57629299164
HIGH-RANDOM,813,evaluation,True,487800.57629299164,604.5774509906769,15.76227545603053,9.956448813273433,9.956448813273433,0.0,5.805826642757098,59,7733248,1716,0,59,488405.1537439823
HIGH-RANDOM,814,evaluation,True,488405.1537439823,605.5519700050354,24.053151338643676,14.507415725907338,14.507415725907338,0.0,9.545735612736339,70,9175040,2605,0,70,489010.70571398735
HIGH-RANDOM,815,evaluation,True,489010.70571398735,590.4118010997772,22.83856601704722,16.41188863302828,16.169245247526714,0.24264338550256762,6.426677384018941,161,21102592,2866,59,161,489601.1175150871
HIGH-RANDOM,816,evaluation,True,489601.1175150871,600.6276910305023,29.20505637821875,21.92527896746666,19.92416730566102,2.0011116618031775,7.279777410752088,684,89653248,2863,495,684,490201.74520611763
HIGH-RANDOM,817,evaluation,True,490201.74520611763,598.3389279842377,21.668817782727984,15.153159050298616,15.149100936554122,0.004058113745515384,6.515658732429368,147,19267584,2549,1,147,490800.08413410187
HIGH-RANDOM,818,evaluation,True,490800.08413410187,600.9722650051117,26.721995767222833,20.64700116930707,19.592474536974134,1.0545266323327898,6.0749945979157625,303,39714816,3481,261,303,491401.056399107
HIGH-RANDOM,819,evaluation,True,491401.056399107,603.600270986557,24.788257446851183,17.386189128378806,17.160915644400966,0.2252734839778881,7.402068318472378,98,12845056,3003,56,98,492004.65667009354
HIGH-RANDOM,820,evaluation,True,492004.65667009354,601.626590013504,15.044506615765854,11.28656431666151,11.169522123738947,0.11704219292254658,3.7579422991043456,237,31064064,1965,29,237,492606.28326010704
HIGH-RANDOM,821,evaluation,True,492606.28326010704,597.8646769523621,16.74921267687114,13.190737850542547,12.516556604169283,0.6741812463713662,3.5584748263285917,279,36569088,1911,166,279,493204.1479370594
HIGH-RANDOM,822,evaluation,True,493204.1479370594,596.5415859222412,14.687482094224809,12.379485012701538,12.379485012701538,0.0,2.30799708152327,142,18612224,2081,0,142,493800.68952298164
HIGH-RANDOM,823,evaluation,True,493800.68952298164,600.2278130054474,17.757583604347595,12.179201133140122,12.094248928515595,0.08495220462270239,5.578382471207473,31,4063232,2174,21,31,494400.9173359871
HIGH-RANDOM,824,evaluation,True,494400.9173359871,599.8982911109924,19.777051026826076,13.735703826149718,13.679037913781244,0.05666591236796463,6.041347200676357,33,4325376,2235,14,33,495000.8156270981
HIGH-RANDOM,825,evaluation,True,495000.8156270981,599.4079430103302,18.51203477224265,13.231361042960383,13.142241764444073,0.08911927851761062,5.280673729282266,22,2883584,2376,22,22,495600.2235701084
HIGH-RANDOM,826,evaluation,True,495600.2235701084,602.1965730190277,22.878993558659435,13.517222809347802,13.460773162312437,0.05644964703695371,9.361770749311633,61,7995392,2378,14,61,496202.42014312744
HIGH-RANDOM,827,evaluation,True,496202.42014312744,600.7974720001221,17.518204807616385,12.083411982441735,11.76413289795538,0.3192790844866033,5.434792825174651,195,25559040,2082,79,195,496803.21761512756
HIGH-RANDOM,828,evaluation,True,496803.21761512756,597.974536895752,23.462833117472062,14.702913271382341,14.556732151587672,0.146181119795444,8.759919846089721,441,57802752,2414,36,441,497401.1921520233
HIGH-RANDOM,829,evaluation,True,497401.1921520233,600.8163480758667,14.904400855595117,10.026228365330528,10.026228365330528,0.0,4.878172490264589,42,5505024,1731,0,42,498002.0085000992
HIGH-RANDOM,830,evaluation,True,498002.0085000992,603.5592570304871,27.717006526718908,22.419099199718946,21.94840654480373,0.47069265491616386,5.297907326999961,191,25034752,3456,117,191,498605.56775712967
HIGH-RANDOM,831,evaluation,True,498605.56775712967,595.465399980545,23.098750330361028,20.248586979596297,19.975381285882712,0.27320569371426506,2.850163350764733,263,34471936,3491,67,263,499201.0331571102
HIGH-RANDOM,832,evaluation,True,499201.0331571102,603.7410969734192,20.820630019716628,18.252725237151914,17.448364745441417,0.8043604917073613,2.567904782564715,378,49545216,3036,200,378,499804.77425408363
HIGH-RANDOM,833,evaluation,True,499804.77425408363,598.3198571205139,22.70294817557891,19.51178930108874,18.671732980640474,0.8400563204458575,3.191158874490171,265,34734080,3088,207,265,500403.09411120415
HIGH-RANDOM,834,evaluation,True,500403.09411120415,611.6948359012604,23.19199227917582,17.085174440824563,17.085174440824563,0.0,6.106817838351257,476,62390272,3199,0,476,501014.7889471054
HIGH-RANDOM,835,evaluation,True,501014.7889471054,597.2314310073853,16.37275128308518,13.267123450252932,13.267123450252932,0.0,3.105627832832247,135,17694720,2316,0,135,501612.0203781128
HIGH-RANDOM,836,evaluation,True,501612.0203781128,598.3330640792847,14.901848132844949,13.53045196603899,13.124636614373502,0.4058153516659843,1.371396166805958,96,12582912,2379,100,96,502210.3534421921
HIGH-RANDOM,837,evaluation,True,502210.3534421921,601.0880990028381,17.408891320001835,12.959339492224482,12.959339492224482,0.0,4.449551827777352,82,10747904,2524,0,82,502811.4415411949
HIGH-RANDOM,838,evaluation,True,502811.4415411949,590.5699338912964,16.802839390893997,14.455699989440554,14.455699989440554,0.0,2.3471394014534432,75,9830400,2595,0,75,503402.0114750862
HIGH-RANDOM,839,evaluation,True,503402.0114750862,616.5116050243378,10.909455853701472,9.180094524600312,9.180094524600312,0.0,1.729361329101159,142,18612224,1752,0,142,504018.52308011055
HIGH-RANDOM,840,evaluation,True,504018.52308011055,604.2610099315643,13.201700252315229,10.825236687890648,10.68861305803501,0.13662362985439572,2.376463564424581,187,24510464,1989,34,187,504622.7840900421
HIGH-RANDOM,841,evaluation,True,504622.7840900421,580.85005402565,15.098908848213723,13.111577550160098,13.111577550160098,0.0,1.9873312980536262,4,524288,2334,0,4,505203.63414406776
HIGH-RANDOM,842,evaluation,True,505203.63414406776,614.9320590496063,15.964281232351283,14.5937499795391,14.475291652686204,0.11845832685385817,1.3705312528121842,237,31064064,2745,30,237,505818.56620311737
HIGH-RANDOM,843,evaluation,True,505818.56620311737,594.8534278869629,19.093980341456632,16.199804644720714,15.836516259763341,0.3632883849572732,2.8941756967359185,370,48496640,2893,89,370,506413.41963100433
HIGH-RANDOM,844,evaluation,True,506413.41963100433,602.8636360168457,15.249012266393361,12.413429566026823,12.393291285303292,0.020138280724382406,2.8355827003665377,94,12320768,2314,5,94,507016.2832670212
HIGH-RANDOM,845,evaluation,True,507016.2832670212,584.193008184433,14.239953238632767,9.420000262759219,9.420000262759219,0.0,4.819952975873548,27,3538944,1727,0,27,507600.4762752056
HIGH-RANDOM,846,evaluation,True,507600.4762752056,618.1501529216766,20.731312678650177,16.19516403293978,16.077322400936733,0.11784163200400281,4.536148645710398,147,19267584,3001,30,147,508218.6264281273
HIGH-RANDOM,847,evaluation,True,508218.6264281273,582.1462969779968,16.17569011948518,14.08629017371439,14.08629017371439,0.0,2.0893999457707872,33,4325376,2601,0,33,508800.7727251053
HIGH-RANDOM,848,evaluation,True,508800.7727251053,599.3733320236206,15.567719766370136,12.366597292019215,12.366597292019215,0.0,3.201122474350921,181,23724032,2408,0,181,509400.1460571289
HIGH-RANDOM,849,evaluation,True,509400.1460571289,599.9050269126892,18.769401308925502,15.310811896026529,14.91415496320836,0.3966569328166564,3.4585894128989723,167,21889024,2777,98,167,510000.0510840416
HIGH-RANDOM,850,evaluation,True,510000.0510840416,611.5072040557861,13.828846721438035,10.638384429169703,10.638384429169703,0.0,3.1904622922683323,66,8650752,1903,0,66,510611.5582880974
HIGH-RANDOM,851,evaluation,True,510611.5582880974,593.0465710163116,17.94612929748991,14.565376814581414,14.368849050581058,0.19652776400072092,3.3807524829084956,253,33161216,2628,48,253,511204.6048591137
HIGH-RANDOM,852,evaluation,True,511204.6048591137,604.0055460929871,15.450209840584938,11.582190123848802,11.578170082239541,0.004020041610273496,3.8680197167361356,140,18350080,2196,1,140,511808.6104052067
HIGH-RANDOM,853,evaluation,True,511808.6104052067,596.24334192276,15.112899029458973,11.864299064870801,11.864299064870801,0.0,3.2485999645881707,29,3801088,2124,0,29,512404.85374712944
HIGH-RANDOM,854,evaluation,True,512404.85374712944,605.2094528675079,10.984914423724378,9.576317596697383,9.335594909704584,0.24072268699269994,1.4085968270269948,141,18481152,1577,60,141,513010.06319999695
HIGH-RANDOM,855,evaluation,True,513010.06319999695,590.8532400131226,16.949399506362788,16.04209810344583,16.04209810344583,0.0,0.9073014029169566,140,18350080,2838,0,140,513600.91644001007
HIGH-RANDOM,856,evaluation,True,513600.91644001007,608.3108351230621,13.447602743533979,12.427256549039058,12.427256549039058,0.0,1.020346194494921,8,1048576,2324,0,8,514209.22727513313
HIGH-RANDOM,857,evaluation,True,514209.22727513313,610.0348658561707,15.709086573515236,13.70326544408911,13.595797093952443,0.10746835013673103,2.0058211294261263,239,31326208,2508,27,239,514819.2621409893
HIGH-RANDOM,858,evaluation,True,514819.2621409893,582.9312210083008,14.770621472925608,14.152196502694146,14.152196502694146,0.0,0.6184249702314618,96,12582912,2674,0,96,515402.1933619976
HIGH-RANDOM,859,evaluation,True,515402.1933619976,603.2148389816284,10.627900267228545,7.892459809821867,7.719371429594347,0.17308838022909032,2.7354404574066784,33,4325376,1352,43,33,516005.40820097923
HIGH-RANDOM,860,evaluation,True,516005.40820097923,605.0500450134277,14.267395591714001,13.060960874504602,13.060960874504602,0.0,1.206434717209399,16,2097152,2531,0,16,516610.45824599266
HIGH-RANDOM,861,evaluation,True,516610.45824599266,590.8549749851227,14.716370748108957,13.875465334956303,13.875465334956303,0.0,0.8409054131526549,2,262144,2666,0,2,517201.3132209778
HIGH-RANDOM,862,evaluation,True,517201.3132209778,609.3530030250549,16.84488515036338,13.502178867180179,13.414514076569754,0.0876647906116898,3.342706283183199,182,23855104,2485,22,182,517810.66622400284
HIGH-RANDOM,863,evaluation,True,517810.66622400284,589.7132000923157,20.12493361786663,16.1618835509909,15.540145320290353,0.6217382307023561,3.9630500668757294,462,60555264,2577,151,462,518400.37942409515
HIGH-RANDOM,864,evaluation,True,518400.37942409515,600.8974080085754,24.634176263425186,20.17386998740209,19.596030546601458,0.5778394408006282,4.460306276023097,302,39583744,3205,143,302,519001.27683210373
HIGH-RANDOM,865,evaluation,True,519001.27683210373,601.6937079429626,16.669242876198812,13.068845509999129,12.93163893551448,0.13720657448550097,3.6003973661996826,122,15990784,2152,34,122,519602.9705400467
HIGH-RANDOM,866,evaluation,True,519602.9705400467,598.5819029808044,26.089164199983745,21.409413526324762,21.024049210226416,0.38536431610012895,4.679750673658984,202,26476544,3762,95,202,520201.5524430275
HIGH-RANDOM,867,evaluation,True,520201.5524430275,600.3387441635132,24.648897920623373,16.731505012323282,16.120771080502358,0.6107339318206283,7.91739290830009,228,29884416,2657,151,228,520801.891187191
HIGH-RANDOM,868,evaluation,True,520801.891187191,608.7343938350677,25.515939672936053,18.218311265855608,18.198367202789132,0.019944063065275543,7.297628407080445,364,47710208,3352,5,364,521410.6255810261
HIGH-RANDOM,869,evaluation,True,521410.6255810261,590.4148170948029,21.954129769011654,13.729005177573866,13.62619070892316,0.10281446865084017,8.225124591437789,289,37879808,2445,25,289,522001.0403981209
HIGH-RANDOM,870,evaluation,True,522001.0403981209,600.0762238502502,19.82798157617574,15.271920257928477,14.826820108181773,0.44510014974479634,4.556061318247264,249,32636928,2717,110,249,522601.11662197113
HIGH-RANDOM,871,evaluation,True,522601.11662197113,598.9004530906677,18.894506520296506,15.02189554239584,14.932700746929658,0.08919479546746766,3.8726109779006683,105,13762560,2657,22,105,523200.0170750618
HIGH-RANDOM,872,evaluation,True,523200.0170750618,601.9861550331116,19.427886293633247,15.203412093831627,15.086439809956044,0.11697228387558366,4.224474199801619,39,5111808,2622,29,39,523802.0032300949
HIGH-RANDOM,873,evaluation,True,523802.0032300949,598.1492500305176,22.02025106313255,17.102303466413485,17.102303466413485,0.0,4.917947596719067,168,22020096,3200,0,168,524400.1524801254
HIGH-RANDOM,874,evaluation,True,524400.1524801254,603.3425018787384,25.31826069441184,17.421418084840067,17.099461329521443,0.3219567553178034,7.896842609571773,159,20840448,3078,80,159,525003.4949820042
HIGH-RANDOM,875,evaluation,True,525003.4949820042,599.6527271270752,26.375616191203264,20.2856176609215,20.2856176609215,0.0,6.089998530281764,187,24510464,3681,0,187,525603.1477091312
HIGH-RANDOM,876,evaluation,True,525603.1477091312,598.5923738479614,25.308987487408647,18.85034585163017,18.85034585163017,0.0,6.458641635778476,214,28049408,3292,0,214,526201.7400829792
HIGH-RANDOM,877,evaluation,True,526201.7400829792,599.139014005661,20.510962796870782,16.821000602588907,16.622418568710028,0.19858203388023124,3.6899621942818768,279,36569088,2957,49,279,526800.8790969849
HIGH-RANDOM,878,evaluation,True,526800.8790969849,601.7707860469818,18.24263468738242,16.224148715929477,15.861001362154262,0.363147353774002,2.0184859714529426,172,22544384,2760,90,172,527402.6498830318
HIGH-RANDOM,879,evaluation,True,527402.6498830318,601.9011640548706,21.066810757138143,15.85238592545264,15.85238592545264,0.0,5.214424831685504,61,7995392,2614,0,61,528004.5510470867
HIGH-RANDOM,880,evaluation,True,528004.5510470867,597.4347610473633,19.19180396491956,13.155523137434725,13.143330371362143,0.01219276607142689,6.036280827484837,171,22413312,2063,3,171,528601.9858081341
HIGH-RANDOM,881,evaluation,True,528601.9858081341,600.1830589771271,18.82517786375705,13.936291314330814,13.85942406450524,0.07686724982383153,4.888886549426237,88,11534336,2518,19,88,529202.1688671112
HIGH-RANDOM,882,evaluation,True,529202.1688671112,605.329293012619,20.33028507967908,17.700043948049345,17.700043948049345,0.0,2.6302411316297336,67,8781824,3097,0,67,529807.4981601238
HIGH-RANDOM,883,evaluation,True,529807.4981601238,599.3386039733887,19.631456388573923,13.508123984121648,13.508123984121648,0.0,6.1233324044522774,14,1835008,2387,0,14,530406.8367640972
HIGH-RANDOM,884,evaluation,True,530406.8367640972,594.8718569278717,22.34258844773878,17.351372928706528,17.277901149538586,0.07347177916940162,4.991215519032251,90,11796480,3141,18,90,531001.7086210251
HIGH-RANDOM,885,evaluation,True,531001.7086210251,600.9287111759186,18.9288562034913,14.20273137413056,14.20273137413056,0.0,4.726124829360739,201,26345472,2673,0,201,531602.637332201
HIGH-RANDOM,886,evaluation,True,531602.637332201,601.0167949199677,22.756630834150005,14.572817652581296,14.572817652581296,0.0,8.18381318156871,103,13500416,2502,0,103,532203.654127121
HIGH-RANDOM,887,evaluation,True,532203.654127121,603.7442290782928,20.480182760789074,16.062271766657947,15.796834181436594,0.26543758521896377,4.417910994131128,411,53870592,2678,66,411,532807.3983561993
HIGH-RANDOM,888,evaluation,True,532807.3983561993,597.6660048961639,20.661553668850537,16.438411096993587,16.178399394592507,0.26001170240085175,4.2231425718569495,164,21495808,2785,64,164,533405.0643610954
HIGH-RANDOM,889,evaluation,True,533405.0643610954,600.3113539218903,17.780384198196654,13.182876789074646,13.182876789074646,0.0,4.5975074091220085,6,786432,2312,0,6,534005.3757150173
HIGH-RANDOM,890,evaluation,True,534005.3757150173,614.4165210723877,15.940876052210124,14.037171005141913,13.981844068400758,0.05532693674064206,1.9037050470682113,185,24248320,2696,14,185,534619.7922360897
HIGH-RANDOM,891,evaluation,True,534619.7922360897,597.9473268985748,15.686175324438732,12.70139461390606,12.70139461390606,0.0,2.9847807105326716,107,14024704,2299,0,107,535217.7395629883
HIGH-RANDOM,892,evaluation,True,535217.7395629883,583.8005650043488,15.492585930472924,11.584410894572418,11.584410894572418,0.0,3.908175035900506,66,8650752,2088,0,66,535801.5401279926
HIGH-RANDOM,893,evaluation,True,535801.5401279926,602.4077091217041,14.219003194908181,10.502580841074549,10.357475481218572,0.14510535985676273,3.716422353833632,97,12713984,1925,36,97,536403.9478371143
HIGH-RANDOM,894,evaluation,True,536403.9478371143,601.3671109676361,14.789324140138431,10.934745691730544,10.934745691730544,0.0,3.8545784484078873,64,8388608,2103,0,64,537005.314948082
HIGH-RANDOM,895,evaluation,True,537005.314948082,595.9230179786682,15.27611686619885,12.053657022556909,12.053657022556909,0.0,3.2224598436419405,114,14942208,2261,0,114,537601.2379660606
HIGH-RANDOM,896,evaluation,True,537601.2379660606,599.0101549625397,19.17453642578602,16.22469131072645,16.131459283883263,0.09323202684338149,2.94984511505957,149,19529728,2835,23,149,538200.2481210232
HIGH-RANDOM,897,evaluation,True,538200.2481210232,603.6858110427856,20.224005597152786,15.716551870709274,15.443044257822978,0.2735076128879971,4.507453726443512,173,22675456,2787,68,173,538803.933932066
HIGH-RANDOM,898,evaluation,True,538803.933932066,596.3547060489655,18.328673073292546,14.925958344721852,14.689804610370597,0.23615373435122247,3.4027147285706922,249,32636928,2608,58,249,539400.2886381149
HIGH-RANDOM,899,evaluation,True,539400.2886381149,599.7191190719604,18.978921602734474,13.10581801523608,12.915525617523308,0.190292397712082,5.873103587498395,54,7077888,2348,47,54,540000.0077571869
HIGH-RANDOM,900,evaluation,True,540000.0077571869,615.4122798442841,19.85246927970126,14.45784121303284,14.453895683331359,0.003945529700421571,5.394628066668423,138,18087936,2874,1,138,540615.4200370312
HIGH-RANDOM,901,evaluation,True,540615.4200370312,591.0502879619598,15.330031843931193,9.70547181561046,9.602767888483681,0.10270392712691144,5.624560028320733,69,9043968,1706,25,69,541206.4703249931
HIGH-RANDOM,902,evaluation,True,541206.4703249931,594.6241171360016,19.05694829753611,14.015925723558619,13.905672138697025,0.1102535848616615,5.04102257397749,38,4980736,2616,27,38,541801.0944421291
HIGH-RANDOM,903,evaluation,True,541801.0944421291,607.7120199203491,19.801349120257477,15.117237541447341,15.041322602097852,0.07591493934984687,4.684111578810137,63,8257536,2791,19,63,542408.8064620495
HIGH-RANDOM,904,evaluation,True,542408.8064620495,601.5722749233246,21.80741363605754,15.659011539767492,15.654975237682548,0.004036302085961756,6.148402096290048,27,3538944,2905,1,27,543010.3787369728
HIGH-RANDOM,905,evaluation,True,543010.3787369728,590.4294011592865,25.28877356365814,18.337173768035086,18.21379945316743,0.12337431486438193,6.951599795623053,301,39452672,3087,30,301,543600.8081381321
HIGH-RANDOM,906,evaluation,True,543600.8081381321,603.3131649494171,19.364032539486413,14.806126696215893,14.790028075670438,0.01609862054532394,4.557905843270521,124,16252928,2675,4,124,544204.1213030815
HIGH-RANDOM,907,evaluation,True,544204.1213030815,604.225065946579,17.479365006866665,13.600067931038256,13.600067931038256,0.0,3.8792970758284104,306,40108032,2516,0,306,544808.3463690281
HIGH-RANDOM,908,evaluation,True,544808.3463690281,598.3694040775299,23.170032499609796,16.52485259623098,16.52485259623098,0.0,6.645179903378819,68,8912896,2954,0,68,545406.7157731056
HIGH-RANDOM,909,evaluation,True,545406.7157731056,594.9301950931549,25.767062852156293,20.2410412243877,19.751277393643612,0.48976383074601326,5.526021627768594,455,59637760,3458,120,455,546001.6459681988
HIGH-RANDOM,910,evaluation,True,546001.6459681988,630.2629148960114,24.931012267608065,18.181707587292497,17.846534628110486,0.3351729591799439,6.749304680315567,184,24117248,3251,87,184,546631.9088830948
HIGH-RANDOM,911,evaluation,True,546631.9088830948,574.1171050071716,21.529138550227547,15.267251730966423,15.220729163573697,0.04652256739341382,6.2618868192611234,89,11665408,2599,11,89,547206.025988102
HIGH-RANDOM,912,evaluation,True,547206.025988102,606.5258839130402,22.86043062333082,17.46807999189503,17.46807999189503,0.0,5.3923506314357885,96,12582912,2982,0,96,547812.551872015
HIGH-RANDOM,913,evaluation,True,547812.551872015,589.5022320747375,21.752924311709588,18.059663801019248,17.32649154366293,0.7331722573560838,3.69326051069034,429,56229888,2812,178,429,548402.0541040897
HIGH-RANDOM,914,evaluation,True,548402.0541040897,598.6050870418549,21.832079260941057,18.766028578974097,18.749803341463014,0.016225237510953512,3.066050681966961,197,25821184,3241,4,197,549000.6591911316
HIGH-RANDOM,915,evaluation,True,549000.6591911316,603.5730249881744,20.04372799066383,15.852615275359469,15.852615275359469,0.0,4.19111271530436,125,16384000,2796,0,125,549604.2322161198
HIGH-RANDOM,916,evaluation,True,549604.2322161198,601.6565999984741,21.578468985247014,16.559675653473693,16.559675653473693,0.0,5.018793331773319,233,30539776,2985,0,233,550205.8888161182
HIGH-RANDOM,917,evaluation,True,550205.8888161182,595.8402428627014,19.522847267944705,14.04882073446447,13.946942443378493,0.10187829108611061,5.474026533480236,97,12713984,2541,25,97,550801.7290589809
HIGH-RANDOM,918,evaluation,True,550801.7290589809,599.0582070350647,18.70460582722701,13.669993821904294,13.669993821904294,0.0,5.034612005322715,152,19922944,2478,0,152,551400.787266016
HIGH-RANDOM,919,evaluation,True,551400.787266016,601.0887680053711,27.583283576454118,22.63839106551539,22.63839106551539,0.0,4.944892510938728,100,13107200,3986,0,100,552001.8760340214
HIGH-RANDOM,920,evaluation,True,552001.8760340214,600.1407890319824,21.5118520455258,17.19435956966486,17.113440976146066,0.08091859352017487,4.317492475860937,44,5767168,3151,20,44,552602.0168230534
HIGH-RANDOM,921,evaluation,True,552602.0168230534,598.9983329772949,16.63215976849629,13.299316567674031,13.283101982126986,0.016214585546913785,3.3328432008222597,147,19267584,2448,4,147,553201.0151560307
HIGH-RANDOM,922,evaluation,True,553201.0151560307,612.9751880168915,22.924922537028053,19.019923622779558,18.54457764292338,0.4753459798559217,3.9049989142484964,189,24772608,3287,120,189,553813.9903440475
HIGH-RANDOM,923,evaluation,True,553813.9903440475,589.6907799243927,18.554461234415026,15.672648499278912,15.672648499278912,0.0,2.881812735136113,90,11796480,2859,0,90,554403.6811239719
HIGH-RANDOM,924,evaluation,True,554403.6811239719,597.581493139267,17.154975253072678,15.06634717480276,14.96070248222662,0.10564469257518004,2.0886280782699176,226,29622272,2590,26,226,555001.2626171112
HIGH-RANDOM,925,evaluation,True,555001.2626171112,600.2199878692627,18.0954438468492,15.740279128602058,15.736233732786204,0.004045395816872827,2.3551647182471425,231,30277632,2548,1,231,555601.4826049805
HIGH-RANDOM,926,evaluation,True,555601.4826049805,598.594936132431,19.637575713390586,17.280706421403373,17.280706421403373,0.0,2.3568692919872123,136,17825792,2984,0,136,556200.0775411129
HIGH-RANDOM,927,evaluation,True,556200.0775411129,610.4973599910736,17.93848641959725,14.965475135745777,14.965475135745777,0.0,2.973011283851473,132,17301504,2605,0,132,556810.574901104
HIGH-RANDOM,928,evaluation,True,556810.574901104,596.5788218975067,16.412282051987077,12.156387929898305,12.156387929898305,0.0,4.255894122088773,123,16121856,2079,0,123,557407.1537230015
HIGH-RANDOM,929,evaluation,True,557407.1537230015,598.4876470565796,13.403978217547083,11.73207756423723,11.73207756423723,0.0,1.6719006533098535,152,19922944,2155,0,152,558005.6413700581
HIGH-RANDOM,930,evaluation,True,558005.6413700581,594.9601640701294,14.699373985340687,12.101470984449328,11.925981118547163,0.17548986590163473,2.597903000891359,220,28835840,2146,43,220,558600.6015341282
HIGH-RANDOM,931,evaluation,True,558600.6015341282,605.1792378425598,20.439162909743096,13.10543688579547,13.097412395607057,0.008024490188348011,7.333726023947628,122,15990784,2475,2,122,559205.7807719707
HIGH-RANDOM,932,evaluation,True,559205.7807719707,594.788449048996,23.047883693835814,16.80077998133667,16.67830984433089,0.12247013700465077,6.2471037124991415,164,21495808,3033,30,164,559800.5692210197
HIGH-RANDOM,933,evaluation,True,559800.5692210197,615.0029520988464,18.732056437212748,10.992218288828246,10.715847387860792,0.2763709009670055,7.7398381483845,92,12058624,1859,70,92,560415.5721731186
HIGH-RANDOM,934,evaluation,True,560415.5721731186,591.1802289485931,19.713061847819354,11.711260093690331,11.703045585460014,0.008214508230250423,8.001801754129023,9,1179648,2060,2,9,561006.7524020672
HIGH-RANDOM,935,evaluation,True,561006.7524020672,599.0286939144135,20.531213381316988,12.62830066250231,12.166208396107361,0.4620922663949827,7.902912718814677,227,29753344,2120,114,227,561605.7810959816
HIGH-RANDOM,936,evaluation,True,561605.7810959816,594.8491611480713,18.868713607784485,9.593347636359622,9.262712015558064,0.330635620799634,9.275365971424861,174,22806528,1493,81,174,562200.6302571297
HIGH-RANDOM,937,evaluation,True,562200.6302571297,602.2910220623016,18.583534840645665,15.084092680664776,15.043777827226725,0.04031485343768967,3.4994421599808896,131,17170432,2587,10,131,562802.921279192
HIGH-RANDOM,938,evaluation,True,562802.921279192,599.0415139198303,22.269662941503654,12.996885636919755,12.96851215761536,0.028373479303077778,9.272777304583897,136,17825792,2318,7,136,563401.9627931118
HIGH-RANDOM,939,evaluation,True,563401.9627931118,598.1074910163879,20.33206679974809,15.022146240139104,15.022146240139104,0.0,5.309920559608985,0,0,2661,0,0,564000.0702841282
HIGH-RANDOM,940,evaluation,True,564000.0702841282,603.8291258811951,17.46330529265497,14.093413571434835,14.093413571434835,0.0,3.369891721220134,0,0,2597,0,0,564603.8994100094
HIGH-RANDOM,941,evaluation,True,564603.8994100094,602.0508329868317,16.773539949169944,13.844771825854897,13.760076857927457,0.0846949679277349,2.928768123315046,208,27262976,2333,21,208,565205.9502429962
HIGH-RANDOM,942,evaluation,True,565205.9502429962,598.6538751125336,16.43766529721022,11.78750182283956,11.76316595001796,0.024335872821369956,4.650163474370658,127,16646144,2124,6,127,565804.6041181087
HIGH-RANDOM,943,evaluation,True,565804.6041181087,610.2532429695129,17.42679976679907,14.598942589323471,14.507428236077178,0.0915143532464859,2.827857177475599,163,21364736,2541,23,163,566414.8573610783
HIGH-RANDOM,944,evaluation,True,566414.8573610783,590.9615590572357,16.718009324437,14.081984342922434,14.081984342922434,0.0,2.6360249815145638,136,17825792,2559,0,136,567005.8189201355
HIGH-RANDOM,945,evaluation,True,567005.8189201355,594.2347118854523,15.626093570173616,13.393409223900665,13.07060400403513,0.3228052198658013,2.23268434627295,127,16646144,2291,79,127,567600.053632021
HIGH-RANDOM,946,evaluation,True,567600.053632021,603.18909907341,18.940541311643607,13.14550437650521,13.000586990653247,0.1449173858527482,5.795036935138395,94,12320768,2085,36,94,568203.2427310944
HIGH-RANDOM,947,evaluation,True,568203.2427310944,600.4965529441833,14.599611395001524,10.871361057301904,10.871361057301904,0.0,3.72825033769962,65,8519680,1965,0,65,568803.7392840385
HIGH-RANDOM,948,evaluation,True,568803.7392840385,596.8160409927368,17.30324652833385,13.889687307675768,13.771701713155593,0.11798559452017342,3.413559220658085,250,32768000,2543,29,250,569400.5553250313
HIGH-RANDOM,949,evaluation,True,569400.5553250313,603.0748219490051,21.739230682060672,17.321070190182287,17.321070190182287,0.0,4.4181604918783846,243,31850496,3118,0,243,570003.6301469803
HIGH-RANDOM,950,evaluation,True,570003.6301469803,613.5686450004578,20.923945683004064,16.7119424003861,16.601135616922008,0.1108067834651553,4.212003282617962,156,20447232,2932,28,156,570617.1987919807
HIGH-RANDOM,951,evaluation,True,570617.1987919807,590.3737020492554,15.874804025894692,13.338334278399056,13.264302705594037,0.07403157280648996,2.5364697474956355,77,10092544,2291,18,77,571207.57249403
HIGH-RANDOM,952,evaluation,True,571207.57249403,595.5507690906525,10.879089496342704,8.29663019092676,8.251781954478679,0.04484823644874208,2.582459305415946,166,21757952,1524,11,166,571803.1232631207
HIGH-RANDOM,953,evaluation,True,571803.1232631207,597.7466208934784,15.666062068809444,12.459022789973304,12.264040313325086,0.19498247664854737,3.20703927883614,55,7208960,2335,48,55,572400.8698840141
HIGH-RANDOM,954,evaluation,True,572400.8698840141,599.712865114212,16.893978949597145,12.810131946966585,12.636032831400817,0.17409911556524202,4.083847002630558,134,17563648,2200,43,134,573000.5827491283
HIGH-RANDOM,955,evaluation,True,573000.5827491283,606.5311150550842,13.56400497894961,9.948910879501364,9.86083822816766,0.08807265133289066,3.615094099448246,31,4063232,1858,22,31,573607.1138641834
HIGH-RANDOM,956,evaluation,True,573607.1138641834,601.9637517929077,16.89120052928978,13.237205345989185,13.237205345989185,0.0,3.6539951833005953,19,2490368,2466,0,19,574209.0776159763
HIGH-RANDOM,957,evaluation,True,574209.0776159763,591.4694662094116,15.524166895581216,12.290399246623304,12.257557281762994,0.032841964860010155,3.2337676489579112,240,31457280,2157,8,240,574800.5470821857
HIGH-RANDOM,958,evaluation,True,574800.5470821857,600.5179808139801,17.487703282347873,14.91851812947338,14.692088379958136,0.2264297495152766,2.5691851528744913,314,41156608,2739,56,314,575401.0650629997
HIGH-RANDOM,959,evaluation,True,575401.0650629997,609.834361076355,18.17723256941315,14.971297515774408,14.819996034324877,0.15130148144817285,3.205935053638742,73,9568256,2617,38,73,576010.8994240761
HIGH-RANDOM,960,evaluation,True,576010.8994240761,597.5948870182037,16.379566159261593,13.610274510583611,13.610274510583611,0.0,2.769291648677983,130,17039360,2534,0,130,576608.4943110943
HIGH-RANDOM,961,evaluation,True,576608.4943110943,601.6335690021515,19.931021050842293,17.82391471482564,17.82391471482564,0.0,2.1071063360166513,129,16908288,3206,0,129,577210.1278800964
HIGH-RANDOM,962,evaluation,True,577210.1278800964,603.1950969696045,15.366677469982044,12.726502175886134,12.726502175886134,0.0,2.640175294095909,65,8519680,2359,0,65,577813.322977066
HIGH-RANDOM,963,evaluation,True,577813.322977066,600.8933939933777,16.940830052192034,13.169331685891603,13.052146680831486,0.11718500506011599,3.77149836630043,65,8519680,2046,29,65,578414.2163710594
HIGH-RANDOM,964,evaluation,True,578414.2163710594,608.7263920307159,14.788382095676718,13.964809107232137,13.849132020880095,0.11567708635204223,0.8235729884445822,177,23199744,2380,29,177,579022.9427630901
HIGH-RANDOM,965,evaluation,True,579022.9427630901,578.291913986206,13.98965255599401,11.479967432047966,11.479967432047966,0.0,2.5096851239460434,9,1179648,2050,0,9,579601.2346770763
HIGH-RANDOM,966,evaluation,True,579601.2346770763,599.9575810432434,13.413762367502521,11.254988274805982,11.254988274805982,0.0,2.158774092696539,128,16777216,2110,0,128,580201.1922581196
HIGH-RANDOM,967,evaluation,True,580201.1922581196,603.4849519729614,11.85308190747403,10.836646847415984,10.836646847415984,0.0,1.0164350600580454,170,22282240,2075,0,170,580804.6772100925
HIGH-RANDOM,968,evaluation,True,580804.6772100925,606.4926691055298,10.842334558637308,9.829691091624655,9.829691091624655,0.0,1.0126434670126523,0,0,1929,0,0,581411.1698791981
HIGH-RANDOM,969,evaluation,True,581411.1698791981,595.0485258102417,11.84312140785922,11.326425383714913,11.314183722795077,0.012241660920797372,0.5166960241443075,84,11010048,2207,3,84,582006.2184050083
HIGH-RANDOM,970,evaluation,True,582006.2184050083,611.1063530445099,14.317339700090098,9.790365483280365,9.790365483280365,0.0,4.526974216809734,69,9043968,1872,0,69,582617.3247580528
HIGH-RANDOM,971,evaluation,True,582617.3247580528,598.4029240608215,12.272777022429528,8.612636271656545,8.494963558866546,0.11767271278999833,3.6601407507729835,95,12451840,1541,29,95,583215.7276821136
HIGH-RANDOM,972,evaluation,True,583215.7276821136,586.1983308792114,12.90302802021301,10.27108282509945,10.27108282509945,0.0,2.6319451951135617,89,11665408,1835,0,89,583801.9260129929
HIGH-RANDOM,973,evaluation,True,583801.9260129929,598.7354431152344,14.784121252653296,11.678816492207215,11.678816492207215,0.0,3.1053047604460815,113,14811136,2222,0,113,584400.6614561081
HIGH-RANDOM,974,evaluation,True,584400.6614561081,602.8244099617004,16.450952513140358,11.242370896388532,11.065142494430876,0.17722840195605077,5.2085816167518235,109,14286848,2063,44,109,585003.4858660698
HIGH-RANDOM,975,evaluation,True,585003.4858660698,605.5222730636597,14.321936195470625,10.315236220805403,10.315236220805403,0.0,4.0066999746652225,50,6553600,2033,0,50,585609.0081391335
HIGH-RANDOM,976,evaluation,True,585609.0081391335,594.9519500732422,17.93954004915933,12.372271655726882,12.372271655726882,0.0,5.567268393432449,89,11665408,2229,0,89,586203.9600892067
HIGH-RANDOM,977,evaluation,True,586203.9600892067,609.8771908283234,16.250628605953672,13.249209126714666,12.898851354872626,0.35035777184093936,3.0014194792390043,305,39976960,2411,88,305,586813.837280035
HIGH-RANDOM,978,evaluation,True,586813.837280035,589.6796610355377,15.743323849281197,10.76452327349184,10.76452327349184,0.0,4.978800575789357,5,655360,1838,0,5,587403.5169410706
HIGH-RANDOM,979,evaluation,True,587403.5169410706,600.9465520381927,14.725684392129738,11.966536798261481,11.901888721458931,0.06464807680195796,2.759147593868256,276,36175872,2301,16,276,588004.4634931087
HIGH-RANDOM,980,evaluation,True,588004.4634931087,598.0466458797455,18.392028552578015,13.546318952960354,13.270232352942696,0.27608660001726254,4.845709599617661,136,17825792,2387,68,136,588602.5101389885
HIGH-RANDOM,981,evaluation,True,588602.5101389885,600.461748123169,15.057662115547751,12.786844294428262,12.786844294428262,0.0,2.2708178211194894,217,28442624,2478,0,217,589202.9718871117
HIGH-RANDOM,982,evaluation,True,589202.9718871117,601.8290429115295,17.806279985252992,13.153295685506857,13.153295685506857,0.0,4.652984299746137,52,6815744,2405,0,52,589804.8009300232
HIGH-RANDOM,983,evaluation,True,589804.8009300232,596.0062890052795,15.093830446040542,9.679636000580343,9.679636000580343,0.0,5.414194445460199,13,1703936,1705,0,13,590400.8072190285
HIGH-RANDOM,984,evaluation,True,590400.8072190285,616.2632491588593,14.2821177492888,11.70309800160248,11.70309800160248,0.0,2.5790197476863193,212,27787264,2273,0,212,591017.0704681873
HIGH-RANDOM,985,evaluation,True,591017.0704681873,584.6059749126434,15.271494473942889,11.332618608823976,11.332618608823976,0.0,3.9388758651189133,138,18087936,2097,0,138,591601.6764431
HIGH-RANDOM,986,evaluation,True,591601.6764431,624.3911430835724,13.80222583785669,11.536164382499893,11.407834238781666,0.12833014371806797,2.2660614553567986,43,5636096,2131,33,43,592226.0675861835
HIGH-RANDOM,987,evaluation,True,592226.0675861835,581.8518078327179,16.979103499959045,13.618336863776383,13.434720339084658,0.183616524687859,3.360766636182664,91,11927552,2430,44,91,592807.9193940163
HIGH-RANDOM,988,evaluation,True,592807.9193940163,597.4845509529114,17.814357545868194,13.264185115773204,12.833409948497613,0.43077516727592147,4.5501724300949915,354,46399488,2408,106,354,593405.4039449692
HIGH-RANDOM,989,evaluation,True,593405.4039449692,594.5968201160431,17.1552163042966,12.870075265482424,12.612805090470498,0.257270175010629,4.285141038814176,82,10747904,2194,63,82,594000.0007650852
HIGH-RANDOM,990,evaluation,True,594000.0007650852,614.9988389015198,14.131712519190751,12.254115023587627,12.254115023587627,0.0,1.8775974956031238,193,25296896,2367,0,193,594614.9996039867
HIGH-RANDOM,991,evaluation,True,594614.9996039867,594.9408850669861,15.298151387720754,12.341010512920642,12.100214289539899,0.24079622338173737,2.9571408748001122,178,23330816,2307,59,178,595209.9404890537
HIGH-RANDOM,992,evaluation,True,595209.9404890537,593.4662420749664,13.448736997183783,10.26421095607708,10.26421095607708,0.0,3.1845260411067033,75,9830400,1943,0,75,595803.4067311287
HIGH-RANDOM,993,evaluation,True,595803.4067311287,602.2044630050659,17.333895034526037,13.895317901783685,13.895317901783685,0.0,3.4385771327423518,43,5636096,2670,0,43,596405.6111941338
HIGH-RANDOM,994,evaluation,True,596405.6111941338,600.0515179634094,17.950430356786498,15.012535113441192,14.834487723110568,0.1780473903311186,2.9378952433453063,182,23855104,2403,44,182,597005.6627120972
HIGH-RANDOM,995,evaluation,True,597005.6627120972,597.8007609844208,14.380231291196154,11.77499766395199,11.53535340852646,0.2396442554265199,2.6052336272441643,163,21364736,1998,59,163,597603.4634730816
HIGH-RANDOM,996,evaluation,True,597603.4634730816,599.9628510475159,15.391169208252588,13.409856429240195,13.18726429988892,0.22259212935239345,1.9813127790123937,120,15728640,2548,55,120,598203.4263241291
HIGH-RANDOM,997,evaluation,True,598203.4263241291,603.4369668960571,16.219364344243417,12.738639217806773,12.738639217806773,0.0,3.480725126436645,129,16908288,2508,0,129,598806.8632910252
HIGH-RANDOM,998,evaluation,True,598806.8632910252,611.1522941589355,17.85485206195671,14.066582243884643,14.066582243884643,0.0,3.7882698180720653,5,655360,2738,0,5,599418.0155851841
HIGH-RANDOM,999,evaluation,True,599418.0155851841,593.4857637882233,14.201731794251774,9.461340579316538,9.461340579316538,0.0,4.7403912149352365,128,16777216,1760,0,128,600011.5013489723
HIGH-RANDOM,1000,evaluation,True,600011.5013489723,597.7834510803223,11.750593629048389,8.460613284761683,8.460613284761683,0.0,3.2899803442867066,71,9306112,1583,0,71,600609.2848000526
HIGH-RANDOM,1001,evaluation,True,600609.2848000526,600.4550650119781,17.716878760917208,14.702863886641447,14.702863886641447,0.0,3.01401487427576,573,75104256,2886,0,573,601209.7398650646
HIGH-RANDOM,1002,evaluation,True,601209.7398650646,597.5595021247864,16.340535908513083,11.255458434506382,11.255458434506382,0.0,5.0850774740067,0,0,2099,0,0,601807.2993671894
HIGH-RANDOM,1003,evaluation,True,601807.2993671894,600.2157609462738,16.63457438387281,12.569327498852948,12.569327498852948,0.0,4.06524688501986,229,30015488,2344,0,229,602407.5151281357
HIGH-RANDOM,1004,evaluation,True,602407.5151281357,605.4415259361267,16.81121081423604,13.293514986440837,13.17721028582284,0.11630470061799661,3.5176958277952064,33,4325376,2470,29,33,603012.9566540718
HIGH-RANDOM,1005,evaluation,True,603012.9566540718,587.3859889507294,18.314387489642808,15.837489619650157,15.837489619650157,0.0,2.4768978699926514,101,13238272,2884,0,101,603600.3426430225
HIGH-RANDOM,1006,evaluation,True,603600.3426430225,600.0132620334625,20.838570736004133,18.93052562717612,18.873870572790114,0.05665505438758376,1.9080451088280141,267,34996224,3322,14,267,604200.355905056
HIGH-RANDOM,1007,evaluation,True,604200.355905056,441.6234359741211,21.467202164029395,17.49856812001229,17.350117120316597,0.14845099969578254,3.968634044017106,180,23592960,2261,27,180,604641.9793410301
