method,window_index,phase,evaluation,trace_start_elapsed_s,duration_s,total_dt_pct,get_dt_including_prefetch_pct,demand_read_dt_pct,extra_prefetch_dt_pct,put_dt_pct,evaluation_write_chunks,evaluation_write_bytes_sample,backend_demand_read_chunks,backend_prefetch_read_chunks,evictions,trace_end_elapsed_s
HIGH-RECENCY,0,warmup,False,0.0,604.7618930339813,26.20948098842051,21.099765473511916,20.613948787329097,0.48581668618282153,5.109715514908595,355,46530560,3345,121,0,604.7618930339813
HIGH-RECENCY,1,warmup,False,604.7618930339813,600.6291620731354,19.272541976144048,16.216193002184646,16.187894522739814,0.028298479444829848,3.0563489739594005,338,44302336,2715,7,0,1205.3910551071167
HIGH-RECENCY,2,warmup,False,1205.3910551071167,596.0083680152893,18.306471198790597,13.742226082758096,12.96002151782402,0.782204564934073,4.564245116032502,239,31326208,2155,192,0,1801.399423122406
HIGH-RECENCY,3,warmup,False,1801.399423122406,606.3185579776764,18.128213744823448,14.142169902831494,13.85783579309872,0.28433410973278284,3.9860438419919544,301,39452672,2500,71,0,2407.7179811000824
HIGH-RECENCY,4,warmup,False,2407.7179811000824,593.7436199188232,14.163600441209185,10.671034388082884,10.298887911814585,0.37214647626833536,3.492566053126302,265,34734080,1729,91,0,3001.4616010189056
HIGH-RECENCY,5,warmup,False,3001.4616010189056,600.4284710884094,21.697549279617604,15.880542990150857,15.880542990150857,0.0,5.817006289466746,256,33554432,2835,0,0,3601.890072107315
HIGH-RECENCY,6,warmup,False,3601.890072107315,600.6181988716125,12.079935817063374,9.802254740987413,9.773955745004905,0.02829899598251294,2.2776810760759605,120,15728640,1602,7,0,4202.508270978928
HIGH-RECENCY,7,warmup,False,4202.508270978928,598.5429110527039,19.01621744129195,15.36504618434888,15.101358686069599,0.26368749827927623,3.6511712569430705,223,29229056,2749,65,0,4801.0511820316315
HIGH-RECENCY,8,warmup,False,4801.0511820316315,599.8203740119934,15.60885578108493,12.005309986161736,12.005309986161736,0.0,3.6035457949231944,160,20971520,2150,0,0,5400.871556043625
HIGH-RECENCY,9,warmup,False,5400.871556043625,599.9853579998016,17.569355194763506,12.91673906541709,12.143766304350985,0.7729727610660992,4.652616129346415,344,45088768,2014,191,0,6000.8569140434265
HIGH-RECENCY,10,warmup,False,6000.8569140434265,599.3969490528107,13.185779375429524,8.996351084046431,8.757344998870467,0.239006085175946,4.189428291383093,205,26869760,1504,59,0,6600.253863096237
HIGH-RECENCY,11,warmup,False,6600.253863096237,610.6300280094147,15.81591543107646,11.738102597088883,11.55916325697507,0.17893934011389578,4.077812833987577,253,33161216,1986,45,58,7210.883891105652
HIGH-RECENCY,12,warmup,False,7210.883891105652,592.6449689865112,13.824313537868392,11.027794974356569,10.52385131619916,0.5039436581574543,2.7965185635118237,174,22806528,1674,123,174,7803.528860092163
HIGH-RECENCY,13,warmup,False,7803.528860092163,600.7680399417877,15.033414219188385,10.811869101017399,9.995444611243927,0.8164244897735683,4.221545118170987,271,35520512,1539,202,271,8404.29690003395
HIGH-RECENCY,14,warmup,False,8404.29690003395,598.5450029373169,14.363243122669115,9.114630777542393,8.956418831519548,0.15821194602285757,5.248612345126721,233,30539776,1550,39,233,9002.841902971268
HIGH-RECENCY,15,warmup,False,9002.841902971268,602.8705711364746,12.972496225007701,9.052890796996428,8.625964156844947,0.42692664015149423,3.9196054280112733,149,19529728,1576,106,149,9605.712474107742
HIGH-RECENCY,16,warmup,False,9605.712474107742,602.6851348876953,19.80432315705859,14.60876777909577,14.60876777909577,0.0,5.1955553779628225,274,35913728,2442,0,274,10208.397608995438
HIGH-RECENCY,17,warmup,False,10208.397608995438,617.2202301025391,13.419692970092381,8.516011951490126,8.516011951490126,0.0,4.9036810186022555,93,12189696,1428,0,93,10825.617839097977
HIGH-RECENCY,18,warmup,False,10825.617839097977,575.4376928806305,20.128254502367064,16.052643321041884,15.141205764961738,0.9114375560801541,4.075611181325177,217,28442624,2299,216,217,11401.055531978607
HIGH-RECENCY,19,warmup,False,11401.055531978607,604.5329101085663,17.06630426090419,12.034357420439994,11.737133850512002,0.29722356992799764,5.031946840464195,130,17039360,2146,74,130,12005.588442087173
HIGH-RECENCY,20,warmup,False,12005.588442087173,594.939218044281,22.53876923894367,15.785893679223195,15.785893679223195,0.0,6.752875559720473,322,42205184,2868,0,322,12600.527660131454
HIGH-RECENCY,21,warmup,False,12600.527660131454,608.3511469364166,19.885821241538157,16.209076078787795,16.17315414954808,0.03592192923971001,3.67674516275036,123,16121856,3118,9,123,13208.878807067871
HIGH-RECENCY,22,warmup,False,13208.878807067871,593.7863490581512,15.1235496688352,10.18454806099513,10.18454806099513,0.0,4.93900160784007,118,15466496,1767,0,118,13802.665156126022
HIGH-RECENCY,23,warmup,False,13802.665156126022,603.9313879013062,14.464936950349152,9.076937263348542,9.076937263348837,0.0,5.387999687000609,183,23986176,1613,0,183,14406.596544027328
HIGH-RECENCY,24,warmup,False,14406.596544027328,595.1951251029968,20.03583799206863,11.890284931037703,11.682227953398495,0.20805697763917275,8.145553061030924,60,7864320,1969,51,60,15001.791669130325
HIGH-RECENCY,25,warmup,False,15001.791669130325,608.8492078781128,13.671884686564947,8.357187990767304,8.297367084456429,0.0598209063108494,5.314696695797642,78,10223616,1528,15,78,15610.640877008438
HIGH-RECENCY,26,warmup,False,15610.640877008438,591.1123940944672,16.465620316491805,9.150812858432884,9.150812858432884,0.0,7.314807458058921,72,9437184,1662,0,72,16201.753271102905
HIGH-RECENCY,27,warmup,False,16201.753271102905,601.7894539833069,17.7180553422166,12.590541491218964,12.324241692849796,0.2662997983691081,5.127513850997637,290,38010880,2173,66,290,16803.542725086212
HIGH-RECENCY,28,warmup,False,16803.542725086212,597.1851630210876,20.140996101704776,13.751625807683686,13.483272840832116,0.2683529668515079,6.38937029402109,79,10354688,2461,66,79,17400.7278881073
HIGH-RECENCY,29,warmup,False,17400.7278881073,609.6430339813232,13.523890330382878,9.567548725518494,9.456028435450458,0.1115202900680573,3.9563416048643845,139,18219008,1769,28,139,18010.370922088623
HIGH-RECENCY,30,warmup,False,18010.370922088623,589.9258139133453,24.310176174638382,16.33599320412113,16.191933632595134,0.14405957152596055,7.974182970517251,124,16252928,2592,35,124,18600.29673600197
HIGH-RECENCY,31,warmup,False,18600.29673600197,600.5643811225891,20.294737431836168,15.590634692949337,15.242930158043897,0.3477045349053661,4.704102738886832,242,31719424,2494,86,242,19200.861117124557
HIGH-RECENCY,32,warmup,False,19200.861117124557,601.6464719772339,14.225887348473826,9.136883395339717,9.136883395339717,0.0,5.089003953134109,0,0,1593,0,0,19802.50758910179
HIGH-RECENCY,33,warmup,False,19802.50758910179,606.1459600925446,14.28390180033096,10.538323536441245,10.30197861674955,0.2363449196916962,3.745578263889715,242,31719424,1835,59,242,20408.653549194336
HIGH-RECENCY,34,warmup,False,20408.653549194336,594.6217949390411,13.855564951441586,10.401461820062737,9.68685246073729,0.7146093593253868,3.4541031313788486,271,35520512,1596,175,271,21003.275344133377
HIGH-RECENCY,35,warmup,False,21003.275344133377,597.4006559848785,19.144759819081305,13.971447763631657,13.361774656362268,0.6096731072694599,5.173312055449647,445,58327040,1985,150,445,21600.676000118256
HIGH-RECENCY,36,warmup,False,21600.676000118256,602.4988808631897,17.893152104546324,11.858359631991666,11.628644245292572,0.22971538669910013,6.034792472554657,79,10354688,2004,57,79,22203.174880981445
HIGH-RECENCY,37,warmup,False,22203.174880981445,600.0057561397552,17.24590098387268,11.314900514761161,11.080183781812677,0.23471673294845577,5.931000469111519,150,19660800,1896,58,150,22803.1806371212
HIGH-RECENCY,38,warmup,False,22803.1806371212,611.5831758975983,16.686315667680333,11.35443628986398,11.35443628986398,0.0,5.331879377816355,272,35651584,2110,0,272,23414.7638130188
HIGH-RECENCY,39,warmup,False,23414.7638130188,586.2793290615082,20.817460103673408,14.508032428629017,14.26367873720885,0.24435369142016736,6.3094276750443905,185,24248320,2431,59,185,24001.043142080307
HIGH-RECENCY,40,warmup,False,24001.043142080307,599.4334330558777,13.44307149276935,9.232380847502075,9.232380847502075,0.0,4.210690645267276,169,22151168,1503,0,169,24600.476575136185
HIGH-RECENCY,41,warmup,False,24600.476575136185,600.7882189750671,12.852757286849512,8.64347866917069,8.639437099526976,0.004041569643741758,4.209278617678821,206,27000832,1493,1,206,25201.264794111252
HIGH-RECENCY,42,warmup,False,25201.264794111252,601.133996963501,18.285451596533047,12.548609014794012,12.346646770070492,0.20196224472352203,5.736842581739034,168,22020096,2241,50,168,25802.398791074753
HIGH-RECENCY,43,warmup,False,25802.398791074753,604.9049940109253,14.86976332457197,9.36474735019302,9.36474735019302,0.0,5.505015974378949,4,524288,1491,0,4,26407.303785085678
HIGH-RECENCY,44,warmup,False,26407.303785085678,599.8937790393829,22.14567463730991,13.516233171792447,13.394805303411315,0.12142786838108005,8.629441465517464,161,21102592,2270,30,161,27007.19756412506
HIGH-RECENCY,45,warmup,False,27007.19756412506,596.9075970649719,17.701779606729552,9.930064605436113,9.930064605436113,0.0,7.771715001293439,6,786432,1757,0,6,27604.105161190033
HIGH-RECENCY,46,warmup,False,27604.105161190033,597.9941718578339,19.459755081168993,12.896308379490922,12.896308379490922,0.0,6.563446701678069,75,9830400,2242,0,75,28202.099333047867
HIGH-RECENCY,47,warmup,False,28202.099333047867,599.2739779949188,15.940876717049104,11.66512857190541,11.397710969705225,0.2674176022002552,4.275748145143694,196,25690112,1800,66,196,28801.373311042786
HIGH-RECENCY,48,warmup,False,28801.373311042786,598.894376039505,13.459339297904545,10.23032519924681,10.230325199246876,0.0,3.2290140986577356,4,524288,1655,0,4,29400.26768708229
HIGH-RECENCY,49,warmup,False,29400.26768708229,599.8792159557343,14.410470207355237,10.857372142382426,10.857372142381768,0.0,3.553098064972812,121,15859712,1893,0,121,30000.146903038025
HIGH-RECENCY,50,warmup,False,30000.146903038025,608.5214970111847,15.42220232701128,9.816358917154577,9.616848510369163,0.1995104067854156,5.6058434098567025,62,8126464,1726,50,62,30608.66840004921
HIGH-RECENCY,51,warmup,False,30608.66840004921,601.2963759899139,13.679424704410431,10.383547935593775,10.169525768107807,0.21402216748585906,3.295876768816656,123,16121856,1729,53,123,31209.964776039124
HIGH-RECENCY,52,warmup,False,31209.964776039124,591.8793399333954,11.517561341597219,8.294500421143562,8.294500421143562,0.0,3.2230609204536576,84,11010048,1443,0,84,31801.84411597252
HIGH-RECENCY,53,warmup,False,31801.84411597252,599.2321450710297,13.90015415633603,11.559211540345729,11.206681910577498,0.35252962976818736,2.3409426159902997,162,21233664,1950,87,162,32401.07626104355
HIGH-RECENCY,54,warmup,False,32401.07626104355,605.4068710803986,15.035673548693474,11.080606082822102,11.080606082822102,0.0,3.9550674658713723,74,9699328,2026,0,74,33006.48313212395
HIGH-RECENCY,55,warmup,False,33006.48313212395,603.675961971283,15.947475501875466,11.54854861839486,11.23481417918435,0.3137344392105335,4.398926883480606,132,17301504,2188,78,132,33610.15909409523
HIGH-RECENCY,56,warmup,False,33610.15909409523,591.7570641040802,18.75740206267041,13.071987504961678,12.895547736443564,0.17643976851810805,5.685414557708729,132,17301504,2235,43,132,34201.91615819931
HIGH-RECENCY,57,warmup,False,34201.91615819931,599.9442658424377,18.692279583803582,12.662274363089864,12.532762203171064,0.12951215991867443,6.030005220713717,136,17825792,2202,32,136,34801.86042404175
HIGH-RECENCY,58,warmup,False,34801.86042404175,615.0856549739838,14.97462015849497,12.411269426072238,12.26915493078912,0.1421144952832387,2.5633507324227316,240,31457280,2266,36,240,35416.94607901573
HIGH-RECENCY,59,warmup,False,35416.94607901573,583.1243870258331,16.916149167643255,12.353209390192909,12.136681614864251,0.21652777532871825,4.562939777450346,130,17039360,2099,52,130,36000.070466041565
HIGH-RECENCY,60,warmup,False,36000.070466041565,601.2495009899139,12.896026676053737,9.775437119365787,9.581590610789466,0.19384650857626584,3.1205895566879494,102,13369344,1649,48,102,36601.31996703148
HIGH-RECENCY,61,warmup,False,36601.31996703148,612.4589040279388,15.590789661020104,11.493437221605593,11.493437221605593,0.0,4.097352439414512,7,917504,2136,0,7,37213.77887105942
HIGH-RECENCY,62,warmup,False,37213.77887105942,587.8250389099121,17.749392430418126,12.400932240990047,11.855680168864662,0.545252072125393,5.348460189428081,237,31064064,2015,132,237,37801.60390996933
HIGH-RECENCY,63,warmup,False,37801.60390996933,598.5540671348572,19.331016433561587,15.536664622544777,15.179678970942744,0.35698565160208334,3.7943518110168104,115,15073280,2821,88,115,38400.15797710419
HIGH-RECENCY,64,warmup,False,38400.15797710419,619.8293299674988,15.635914937434872,11.802130944160126,11.802130944160126,0.0,3.833783993274747,301,39452672,2276,0,301,39019.987307071686
HIGH-RECENCY,65,warmup,False,39019.987307071686,583.6032891273499,14.337936764680334,10.40828680197078,10.40828680197078,0.0,3.9296499627095542,94,12320768,1857,0,94,39603.590596199036
HIGH-RECENCY,66,warmup,False,39603.590596199036,605.1068019866943,14.2461060875755,11.047851595258553,11.047851595258553,0.0,3.1982544923169463,79,10354688,1977,0,79,40208.69739818573
HIGH-RECENCY,67,warmup,False,40208.69739818573,598.0250318050385,13.337316210619303,9.641113868972147,9.641113868972147,0.0,3.696202341647156,16,2097152,1572,0,16,40806.72242999077
HIGH-RECENCY,68,warmup,False,40806.72242999077,595.8320081233978,13.712942296175235,8.904367205309265,8.525374724648366,0.37899248066089763,4.808575090865971,196,25690112,1500,93,196,41402.554438114166
HIGH-RECENCY,69,warmup,False,41402.554438114166,608.2511730194092,16.592846738820604,13.059208589517938,12.955417070599948,0.10379151891795722,3.5336381493026656,142,18612224,2456,26,142,42010.805611133575
HIGH-RECENCY,70,warmup,False,42010.805611133575,599.0988869667053,12.662924896681135,9.732516985237883,9.732516985237883,0.0,2.9304079114432526,46,6029312,1783,0,46,42609.90449810028
HIGH-RECENCY,71,warmup,False,42609.90449810028,606.3650009632111,11.27859812667915,7.695173548394517,7.695173548394517,0.0,3.5834245782846335,128,16777216,1527,0,128,43216.26949906349
HIGH-RECENCY,72,warmup,False,43216.26949906349,588.6245129108429,13.923010727837186,9.663231208103989,9.48585245964997,0.17737874845401438,4.259779519733197,48,6291456,1747,43,48,43804.894011974335
HIGH-RECENCY,73,warmup,False,43804.894011974335,608.8628652095795,12.152783199927397,9.27061277598076,9.150973647030469,0.11963912895024235,2.882170423946637,42,5505024,1650,30,42,44413.756877183914
HIGH-RECENCY,74,warmup,False,44413.756877183914,588.0298409461975,14.44188464329406,10.02721141551635,10.02721141551635,0.0,4.414673227777711,148,19398656,1810,0,148,45001.78671813011
HIGH-RECENCY,75,warmup,False,45001.78671813011,598.2317929267883,13.47554527662263,9.92204665627103,9.83275216532218,0.08929449094882963,3.553498620351598,88,11534336,1870,22,88,45600.0185110569
HIGH-RECENCY,76,warmup,False,45600.0185110569,604.3161370754242,11.650071723052285,6.221931480616253,6.221931480616253,0.0,5.428140242436031,66,8650752,1167,0,66,46204.334648132324
HIGH-RECENCY,77,warmup,False,46204.334648132324,597.1995458602905,19.11069472843878,12.586296730522688,12.586296730522688,0.0,6.52439799791609,76,9961472,2201,0,76,46801.534193992615
HIGH-RECENCY,78,warmup,False,46801.534193992615,600.1183660030365,19.152042779565576,12.918699175772339,12.918699175772339,0.0,6.233343603793239,200,26214400,2443,0,200,47401.65255999565
HIGH-RECENCY,79,warmup,False,47401.65255999565,625.6246821880341,11.934039395022122,8.333100817987338,8.333100817987338,0.0,3.6009385770347833,192,25165824,1634,0,192,48027.277242183685
HIGH-RECENCY,80,warmup,False,48027.277242183685,572.965117931366,13.168727395593052,7.745392867654592,7.741155039989068,0.004237827665484806,5.42333452793846,78,10223616,1432,1,78,48600.24236011505
HIGH-RECENCY,81,warmup,False,48600.24236011505,605.5451200008392,17.130628182345806,10.145921300306776,10.033646317416219,0.11227498289057977,6.98470688203903,94,12320768,1805,28,94,49205.78748011589
HIGH-RECENCY,82,warmup,False,49205.78748011589,606.4052999019623,18.72962006116625,13.070675095367335,13.070675095367335,0.0,5.6589449657989155,103,13500416,2396,0,103,49812.19278001785
HIGH-RECENCY,83,warmup,False,49812.19278001785,600.6909341812134,14.11323175160972,8.55153548110711,8.55153548110711,0.0,5.56169627050261,134,17563648,1563,0,134,50412.883714199066
HIGH-RECENCY,84,warmup,False,50412.883714199066,588.3023478984833,13.839569455119868,8.228723029527178,8.228723029527178,0.0,5.6108464255926895,57,7471104,1428,0,57,51001.18606209755
HIGH-RECENCY,85,warmup,False,51001.18606209755,602.2866859436035,14.645540262100539,10.551553547301095,10.551553547301095,0.0,4.093986714799443,200,26214400,1920,0,200,51603.47274804115
HIGH-RECENCY,86,warmup,False,51603.47274804115,597.8522810935974,16.30067590035845,11.336503354402899,11.190292341788384,0.1462110126145074,4.964172545955551,52,6815744,2058,36,52,52201.32502913475
HIGH-RECENCY,87,warmup,False,52201.32502913475,599.1089408397675,20.80811331467227,14.282088320254129,14.26992962625407,0.012158694000078591,6.52602499441814,218,28573696,2600,3,218,52800.43396997452
HIGH-RECENCY,88,warmup,False,52800.43396997452,601.1316800117493,21.561362309943497,11.651198334395419,11.42096048800437,0.23023784639092515,9.910163975548079,361,47316992,2196,57,361,53401.56564998627
HIGH-RECENCY,89,warmup,False,53401.56564998627,604.8616180419922,27.050229029428102,17.300026447366598,17.300026447366598,0.0,9.750202582061503,323,42336256,3336,0,323,54006.42726802826
HIGH-RECENCY,90,warmup,False,54006.42726802826,605.5304520130157,26.804553164114648,16.496593926007453,16.388326141387438,0.10826778462007154,10.307959238107195,300,39321600,2995,27,300,54611.957720041275
HIGH-RECENCY,91,warmup,False,54611.957720041275,594.208888053894,20.766692572822727,13.390019387841697,12.768898808033178,0.6211205798084503,7.376673184981028,329,43122688,2046,152,329,55206.16660809517
HIGH-RECENCY,92,warmup,False,55206.16660809517,596.4155929088593,25.62677374792068,16.494468608840968,14.585075599449885,1.9093930093906617,9.132305139079712,545,71434240,1938,469,545,55802.58220100403
HIGH-RECENCY,93,warmup,False,55802.58220100403,602.33145403862,25.60840442803588,14.881261414878237,13.950050812913558,0.9312106019644655,10.727143013157642,210,27525120,2237,231,210,56404.91365504265
HIGH-RECENCY,94,warmup,False,56404.91365504265,597.8001880645752,23.065546107855432,15.247303190638346,15.247303190638346,0.0,7.818242917217084,125,16384000,2754,0,125,57002.71384310722
HIGH-RECENCY,95,warmup,False,57002.71384310722,598.7439239025116,15.804453515192112,11.530873430900924,11.445710686102917,0.08516274479802204,4.273580084291189,322,42205184,2033,21,322,57601.457767009735
HIGH-RECENCY,96,warmup,False,57601.457767009735,600.5309681892395,19.520701127425866,13.690034747216332,13.60108212653819,0.08895262067812275,5.830666380209535,172,22544384,2364,22,172,58201.988735198975
HIGH-RECENCY,97,warmup,False,58201.988735198975,601.8220019340515,21.61388531976162,16.029735313839275,15.864315597987526,0.16541971585168752,5.584150005922348,55,7208960,2748,41,55,58803.810737133026
HIGH-RECENCY,98,warmup,False,58803.810737133026,596.6109149456024,21.57591465804833,13.687274023845232,13.45122170347451,0.23605232037069232,7.888640634203098,181,23724032,2371,58,181,59400.42165207863
HIGH-RECENCY,99,warmup,False,59400.42165207863,611.9258399009705,20.150297248410617,14.853401624046016,14.853401624045112,0.0,5.296895624364598,230,30146560,2454,0,230,60012.3474919796
HIGH-RECENCY,100,warmup,False,60012.3474919796,598.1188230514526,20.982972474071275,14.93050423017587,14.443351376683797,0.4871528534894919,6.052468243895404,260,34078720,2308,120,260,60610.46631503105
HIGH-RECENCY,101,warmup,False,60610.46631503105,590.5973880290985,18.883777707568207,14.277978667802195,14.277978667801392,0.0,4.605799039766012,118,15466496,2473,0,118,61201.06370306015
HIGH-RECENCY,102,warmup,False,61201.06370306015,599.858540058136,17.067608535104384,10.763010881130795,10.734676047396091,0.028334833734706646,6.3045976539735875,22,2883584,1981,7,22,61800.922243118286
HIGH-RECENCY,103,warmup,False,61800.922243118286,614.7623720169067,15.59951706792583,9.761638112950468,9.524656065383475,0.2369820475668918,5.837878954975362,53,6946816,1780,60,53,62415.68461513519
HIGH-RECENCY,104,warmup,False,62415.68461513519,588.0471608638763,15.76922465185576,11.114547345619576,11.110418208384349,0.004129137235456154,4.654677306236184,120,15728640,1954,1,120,63003.73177599907
HIGH-RECENCY,105,warmup,False,63003.73177599907,600.5743911266327,12.59631673327618,7.243518895488793,7.243518895488793,0.0,5.352797837787385,0,0,1318,0,0,63604.3061671257
HIGH-RECENCY,106,warmup,False,63604.3061671257,596.1500110626221,19.692664970107955,10.512384342302559,10.210981295507256,0.3014030467954753,9.180280627805399,107,14024704,1665,74,107,64200.456178188324
HIGH-RECENCY,107,warmup,False,64200.456178188324,605.4869248867035,19.49476734123607,13.303409968841597,12.998634296646342,0.3047756721950936,6.191357372394474,144,18874368,2281,76,144,64805.94310307503
HIGH-RECENCY,108,warmup,False,64805.94310307503,597.0406160354614,16.462120858410923,11.145509849916358,10.91776129760173,0.22774855231467253,5.316611008494566,59,7733248,1882,56,59,65402.98371911049
HIGH-RECENCY,109,warmup,False,65402.98371911049,615.7234280109406,18.907314306337966,14.61381328243,14.558603780164361,0.055209502265651564,4.293501023907967,127,16646144,2784,14,127,66018.70714712143
HIGH-RECENCY,110,warmup,False,66018.70714712143,595.2475099563599,17.19357187681869,12.094731777858541,11.870376352067835,0.22435542579052567,5.09884009896015,119,15597568,2068,55,119,66613.95465707779
HIGH-RECENCY,111,warmup,False,66613.95465707779,592.6147220134735,17.428850895744922,13.39788254468061,13.34871480035148,0.04916774432894568,4.030968351064313,205,26869760,2337,12,205,67206.56937909126
HIGH-RECENCY,112,warmup,False,67206.56937909126,627.0515649318695,17.23040306186936,10.833405891975158,10.608812894034534,0.22459299794059656,6.396997169894204,140,18350080,1924,58,140,67833.62094402313
HIGH-RECENCY,113,warmup,False,67833.62094402313,576.5617470741272,20.189041805670502,12.435246170201438,11.896188016625501,0.5390581535759625,7.753795635469063,213,27918336,1917,128,213,68410.18269109726
HIGH-RECENCY,114,warmup,False,68410.18269109726,590.2754008769989,15.627952687154929,8.49829830937239,8.49829830937239,0.0,7.12965437778254,0,0,1566,0,0,69000.45809197426
HIGH-RECENCY,115,warmup,False,69000.45809197426,608.3358352184296,15.343200940102552,10.15474637094208,9.871355129761469,0.28339124118037146,5.188454569160472,150,19660800,1618,71,150,69608.79392719269
HIGH-RECENCY,116,warmup,False,69608.79392719269,596.636570930481,14.598296595858326,9.507257682063386,9.486909219142891,0.0203484629205727,5.0910389137949394,8,1048576,1647,5,8,70205.43049812317
HIGH-RECENCY,117,warmup,False,70205.43049812317,601.7826550006866,19.832909624305227,13.269174873695608,13.019011630715742,0.25016324297969117,6.563734750609618,273,35782656,2332,62,273,70807.21315312386
HIGH-RECENCY,118,warmup,False,70807.21315312386,592.9412908554077,16.148769023084768,9.8402379159114,9.782907140473423,0.057330775437722636,6.308531107173368,99,12976128,1718,14,99,71400.15444397926
HIGH-RECENCY,119,warmup,False,71400.15444397926,600.2585251331329,17.131572069039834,12.399167348029867,12.152414046053845,0.24675330197588138,4.732404721009967,132,17301504,2228,61,132,72000.4129691124
HIGH-RECENCY,120,warmup,False,72000.4129691124,600.1577899456024,18.982349322566115,11.528728044477365,11.379032887060967,0.149695157416616,7.4536212780887485,54,7077888,1839,37,54,72600.570759058
HIGH-RECENCY,121,warmup,False,72600.570759058,603.2871940135956,18.99960491613189,12.14384102451229,11.886252007304266,0.25758901720803473,6.855763891619602,99,12976128,2006,64,99,73203.8579530716
HIGH-RECENCY,122,warmup,False,73203.8579530716,597.5665240287781,17.49445167814868,15.471418910606062,15.304821183742117,0.1665977268640138,2.0230327675426167,277,36306944,2793,41,277,73801.42447710037
HIGH-RECENCY,123,warmup,False,73801.42447710037,602.3811268806458,9.588920815127059,5.757583303148661,5.757583303148661,0.0,3.831337511978398,79,10354688,1060,0,79,74403.80560398102
HIGH-RECENCY,124,warmup,False,74403.80560398102,597.7052609920502,15.70166041267478,12.753500107532979,12.546316890458758,0.20718321707418375,2.948160305141801,79,10354688,2128,51,79,75001.51086497307
HIGH-RECENCY,125,warmup,False,75001.51086497307,601.5255391597748,18.396133260946996,12.544332230312845,12.084158041876348,0.46017418843624713,5.8518010306341495,217,28442624,1928,114,217,75603.03640413284
HIGH-RECENCY,126,warmup,False,75603.03640413284,613.0752398967743,18.214677461693313,12.021248927249312,11.656876483460591,0.36437244378901146,6.193428534443999,108,14155776,1996,92,108,76216.11164402962
HIGH-RECENCY,127,warmup,False,76216.11164402962,590.0769939422607,14.296611264645094,9.740244462162185,9.657945797647113,0.08229866451512678,4.556366802482908,122,15990784,1584,20,122,76806.18863797188
HIGH-RECENCY,128,warmup,False,76806.18863797188,594.8778791427612,17.894964569299784,10.851851521744052,10.851851521744052,0.0,7.043113047555731,113,14811136,2014,0,113,77401.06651711464
HIGH-RECENCY,129,warmup,False,77401.06651711464,608.956239938736,10.267019991939776,7.650578507640762,7.650578507640762,0.0,2.6164414842990147,57,7471104,1353,0,57,78010.02275705338
HIGH-RECENCY,130,warmup,False,78010.02275705338,592.4756209850311,13.013233012364845,10.684019971990939,10.520089012327631,0.16393095966315055,2.329213040373906,223,29229056,1896,40,223,78602.4983780384
HIGH-RECENCY,131,warmup,False,78602.4983780384,601.2583830356598,11.51092024878715,9.554698644431037,9.554698644431037,0.0,1.9562216043561127,116,15204352,1695,0,116,79203.75676107407
HIGH-RECENCY,132,warmup,False,79203.75676107407,604.0456869602203,12.853550433750193,7.416451729703926,7.416451729703926,0.0,5.437098704046266,4,524288,1424,0,4,79807.80244803429
HIGH-RECENCY,133,warmup,False,79807.80244803429,592.9885520935059,11.45161397585655,6.682941705059778,6.682941705059778,0.0,4.76867227079677,9,1179648,1119,0,9,80400.79100012779
HIGH-RECENCY,134,warmup,False,80400.79100012779,600.7280879020691,10.508955054145133,9.327696180278314,9.327696180278314,0.0,1.1812588738668195,128,16777216,1742,0,128,81001.51908802986
HIGH-RECENCY,135,warmup,False,81001.51908802986,598.7768440246582,13.821396875181263,10.429916203365837,10.429916203365837,0.0,3.3914806718154265,183,23986176,1980,0,183,81600.29593205452
HIGH-RECENCY,136,warmup,False,81600.29593205452,626.1659619808197,11.85780110749603,7.390145018933288,7.366878400411496,0.023266618521832243,4.467656088562741,134,17563648,1413,6,134,82226.46189403534
HIGH-RECENCY,137,warmup,False,82226.46189403534,577.4224860668182,9.436629232329562,6.949051945259721,6.780847381931036,0.16820456332879644,2.4875772870698403,133,17432576,1231,40,133,82803.88438010216
HIGH-RECENCY,138,warmup,False,82803.88438010216,622.3863840103149,9.136107339866314,7.122309222554561,7.122309222554561,0.0,2.0137981173117536,0,0,1352,0,0,83426.27076411247
HIGH-RECENCY,139,warmup,False,83426.27076411247,584.8723170757294,10.4019276621232,9.061889933598644,9.061889933598644,0.0,1.3400377285245553,0,0,1696,0,0,84011.1430811882
HIGH-RECENCY,140,warmup,False,84011.1430811882,589.0831458568573,11.391396690223655,7.557936996784286,7.434280729657686,0.12365626712654613,3.8334596934393677,48,6291456,1330,30,48,84600.22622704506
HIGH-RECENCY,141,warmup,False,84600.22622704506,602.1888480186462,12.7027850974746,6.814075919642743,6.576177926793958,0.2378979928487195,5.888709177831856,76,9961472,1131,59,76,85202.4150750637
HIGH-RECENCY,142,warmup,False,85202.4150750637,598.4431040287018,18.456788825844715,13.096466873343413,13.064007614820305,0.03245925852307393,5.360321952501301,61,7995392,2141,8,61,85800.8581790924
HIGH-RECENCY,143,warmup,False,85800.8581790924,600.3745999336243,25.349250673215074,15.806128212534157,15.56346697119588,0.24266124133791242,9.543122460680916,248,32505856,2651,60,248,86401.23277902603
HIGH-RECENCY,144,evaluation,True,86401.23277902603,603.9016160964966,24.97589554483959,17.43491346244686,17.004694983335995,0.43021847911087485,7.540982082392731,167,21889024,2690,107,167,87005.13439512253
HIGH-RECENCY,145,evaluation,True,87005.13439512253,596.2127940654755,30.41442499887016,18.077212192770897,17.384872701082138,0.6923394916888193,12.337212806099261,221,28966912,2940,170,221,87601.347189188
HIGH-RECENCY,146,evaluation,True,87601.347189188,598.7033448219299,26.796140599835717,16.851994337607888,16.851994337607888,0.0,9.944146262227829,74,9699328,2958,0,74,88200.05053400993
HIGH-RECENCY,147,evaluation,True,88200.05053400993,601.3895761966705,31.51311826689442,23.308893078723866,22.39641168483765,0.9124813938865858,8.204225188170554,365,47841280,3771,226,365,88801.4401102066
HIGH-RECENCY,148,evaluation,True,88801.4401102066,600.8235189914703,23.99945121346181,15.976550052835409,15.261234255111491,0.7153157977237147,8.022901160626404,416,54525952,2487,177,416,89402.26362919807
HIGH-RECENCY,149,evaluation,True,89402.26362919807,599.6198039054871,20.17687813537405,12.389827759689682,11.624482651127904,0.7653451085621845,7.787050375684369,293,38404096,1805,189,293,90001.88343310356
HIGH-RECENCY,150,evaluation,True,90001.88343310356,599.7720320224762,22.350696163873614,14.523615841981696,14.207839298091722,0.3157765438899957,7.827080321891917,359,47054848,2457,78,359,90601.65546512604
HIGH-RECENCY,151,evaluation,True,90601.65546512604,606.8495860099792,15.490315214844987,13.506855649393628,13.486849642269899,0.020006007123545916,1.9834595654513576,56,7340032,2384,5,56,91208.50505113602
HIGH-RECENCY,152,evaluation,True,91208.50505113602,597.7791819572449,19.261497115747247,15.470350615214196,15.194140485962158,0.2762101292521653,3.79114650053305,137,17956864,2675,68,137,91806.28423309326
HIGH-RECENCY,153,evaluation,True,91806.28423309326,598.191890001297,19.857302108282234,14.619295064544453,14.391984834753783,0.2273102297907103,5.238007043737781,248,32505856,2230,56,248,92404.47612309456
HIGH-RECENCY,154,evaluation,True,92404.47612309456,595.7034800052643,26.509714034725445,17.539855291698977,16.264046251608875,1.2758090400901558,8.969858743026467,551,72220672,2714,313,551,93000.17960309982
HIGH-RECENCY,155,evaluation,True,93000.17960309982,614.405925989151,18.11547382105223,11.552226484193403,11.496898593370723,0.055327890822430885,6.5632473368588276,136,17825792,2054,14,136,93614.58552908897
HIGH-RECENCY,156,evaluation,True,93614.58552908897,588.5197830200195,16.87322264558416,14.168763318048075,13.888207472898225,0.28055584514998394,2.7044593275360858,183,23986176,2340,68,183,94203.105312109
HIGH-RECENCY,157,evaluation,True,94203.105312109,610.8859128952026,17.973788105372833,11.893050812656616,11.674438784243337,0.2186120284131012,6.0807372927162175,60,7864320,2082,55,60,94813.9912250042
HIGH-RECENCY,158,evaluation,True,94813.9912250042,593.9629490375519,21.44062338917443,15.25868318517098,15.246419150358548,0.012264034812584554,6.18194020400345,50,6553600,2756,3,50,95407.95417404175
HIGH-RECENCY,159,evaluation,True,95407.95417404175,595.6154160499573,18.135734545895108,15.248702161869616,15.248702161869616,0.0,2.8870323840254923,403,52822016,2688,0,403,96003.5695900917
HIGH-RECENCY,160,evaluation,True,96003.5695900917,600.7867259979248,23.588049357863248,17.33145767362777,17.105129211145098,0.22632846248271848,6.256591684235476,298,39059456,2943,56,298,96604.35631608963
HIGH-RECENCY,161,evaluation,True,96604.35631608963,596.2121419906616,21.955982683812906,13.764506085312982,13.230996834692235,0.5335092506211935,8.191476598499925,521,68288512,2170,131,521,97200.56845808029
HIGH-RECENCY,162,evaluation,True,97200.56845808029,605.4558379650116,19.82362750464881,12.602527573970939,12.317788313752331,0.28473926021836665,7.221099930677873,83,10878976,2190,71,83,97806.0242960453
HIGH-RECENCY,163,evaluation,True,97806.0242960453,595.4829001426697,18.30414567269036,13.723004128007677,13.723004128007677,0.0,4.581141544682682,178,23330816,2313,0,178,98401.50719618797
HIGH-RECENCY,164,evaluation,True,98401.50719618797,600.8912749290466,15.674349793470151,12.125716710730357,12.125716710730357,0.0,3.548633082739794,112,14680064,2093,0,112,99002.39847111702
HIGH-RECENCY,165,evaluation,True,99002.39847111702,618.5882818698883,20.397206307940912,12.162628834349022,12.162628834349022,0.0,8.23457747359189,12,1572864,2125,0,12,99620.98675298691
HIGH-RECENCY,166,evaluation,True,99620.98675298691,579.9955360889435,23.53640545764237,18.04968276450976,17.643596258885047,0.40608650562482934,5.4867226931326085,213,27918336,2912,97,213,100200.98228907585
HIGH-RECENCY,167,evaluation,True,100200.98228907585,605.8981919288635,22.52844109253894,18.30594735517184,17.67276485231137,0.633182502860446,4.222493737367102,336,44040192,2897,158,336,100806.88048100471
HIGH-RECENCY,168,evaluation,True,100806.88048100471,593.4298892021179,15.515075537382316,10.87870685858297,10.608655731781665,0.270051126800975,4.636368678799347,130,17039360,1856,66,130,101400.31037020683
HIGH-RECENCY,169,evaluation,True,101400.31037020683,605.05473279953,18.49327324516855,12.562356038015679,12.562356038015679,0.0,5.930917207152871,0,0,2341,0,0,102005.36510300636
HIGH-RECENCY,170,evaluation,True,102005.36510300636,594.9458091259003,14.515174160872105,10.182298290859805,10.092510611714205,0.089787679145579,4.3328758700123,156,20447232,1723,22,156,102600.31091213226
HIGH-RECENCY,171,evaluation,True,102600.31091213226,601.1164619922638,18.161394891653302,12.500502713492141,12.500502713492141,0.0,5.660892178161159,64,8388608,2279,0,64,103201.42737412453
HIGH-RECENCY,172,evaluation,True,103201.42737412453,599.7681829929352,22.256834748771382,16.91240389813095,16.91240389813095,0.0,5.344430850640432,305,39976960,2954,0,305,103801.19555711746
HIGH-RECENCY,173,evaluation,True,103801.19555711746,599.6946198940277,13.03284087258804,10.580333238760032,10.580333238760032,0.0,2.452507633828008,109,14286848,1929,0,109,104400.89017701149
HIGH-RECENCY,174,evaluation,True,104400.89017701149,604.4731841087341,12.327127525774173,9.172470471437734,8.822997423169385,0.3494730482685663,3.1546570543364396,240,31457280,1315,87,240,105005.36336112022
HIGH-RECENCY,175,evaluation,True,105005.36336112022,596.9793689250946,21.21343998334535,16.116555231341152,15.953861004068418,0.16269422727284213,5.096884752004197,145,19005440,2791,40,145,105602.34273004532
HIGH-RECENCY,176,evaluation,True,105602.34273004532,608.5378170013428,15.41593126028727,11.296167809289532,11.292177708164651,0.0039901011248442255,4.119763450997737,86,11272192,2067,1,86,106210.88054704666
HIGH-RECENCY,177,evaluation,True,106210.88054704666,593.3702380657196,15.161146774903724,9.242209513118398,9.16036761164248,0.08184190147597188,5.9189372617853255,109,14286848,1686,20,109,106804.25078511238
HIGH-RECENCY,178,evaluation,True,106804.25078511238,603.7758769989014,15.657905423213432,11.07220477383031,11.036010636757775,0.0361941370724646,4.585700649383123,158,20709376,1968,9,158,107408.02666211128
HIGH-RECENCY,179,evaluation,True,107408.02666211128,597.9246308803558,16.718619442483515,10.789180785410908,10.789180785410908,0.0,5.929438657072607,155,20316160,1828,0,155,108005.95129299164
HIGH-RECENCY,180,evaluation,True,108005.95129299164,596.3000040054321,16.280123981435764,10.027860811584997,9.999356884228169,0.028503927356566497,6.252263169850769,105,13762560,1811,7,105,108602.25129699707
HIGH-RECENCY,181,evaluation,True,108602.25129699707,603.388729095459,14.718509772791494,8.716134256603969,8.607482176447142,0.10865208015688331,6.002375516187525,53,6946816,1468,27,53,109205.64002609253
HIGH-RECENCY,182,evaluation,True,109205.64002609253,625.5503098964691,18.0358211662986,12.783569295315058,12.783569295315058,0.0,5.2522518709835415,48,6291456,2333,0,48,109831.190335989
HIGH-RECENCY,183,evaluation,True,109831.190335989,575.477637052536,16.954346600366986,12.344750445933588,11.84687004525209,0.4978804006816348,4.609596154433397,159,20840448,1900,118,159,110406.66797304153
HIGH-RECENCY,184,evaluation,True,110406.66797304153,598.9091489315033,14.672525420906123,9.223759349059915,9.223759349059915,0.0,5.448766071846208,5,655360,1762,0,5,111005.57712197304
HIGH-RECENCY,185,evaluation,True,111005.57712197304,594.9076380729675,16.03978589533989,11.471177288793237,11.34873168853224,0.12244560026120749,4.568608606546654,141,18481152,1978,30,141,111600.484760046
HIGH-RECENCY,186,evaluation,True,111600.484760046,600.0041069984436,15.780097890480317,11.58213711502084,11.258389007325425,0.32374810769536666,4.197960775459476,366,47972352,1769,80,366,112200.48886704445
HIGH-RECENCY,187,evaluation,True,112200.48886704445,599.8280169963837,23.62701327809363,13.221689998666234,13.116440975042124,0.10524902362420505,10.405323279427398,63,8257536,2043,26,63,112800.31688404083
HIGH-RECENCY,188,evaluation,True,112800.31688404083,601.7390379905701,18.621645448318183,11.95996103362194,11.689603740155153,0.2703572934669504,6.661684414696243,79,10354688,1976,67,79,113402.0559220314
HIGH-RECENCY,189,evaluation,True,113402.0559220314,623.8161480426788,22.621403406879868,14.210008537368486,13.898618402855755,0.31139013451268444,8.411394869511382,342,44826624,2413,80,342,114025.87207007408
HIGH-RECENCY,190,evaluation,True,114025.87207007408,574.2398250102997,12.275307575271293,6.667254994087554,6.667254994087554,0.0,5.608052581183739,59,7733248,1090,0,59,114600.11189508438
HIGH-RECENCY,191,evaluation,True,114600.11189508438,615.5565340518951,15.312388877750168,9.493875494343687,9.25325458477282,0.24062090957073015,5.818513383406481,75,9830400,1688,61,75,115215.66842913628
HIGH-RECENCY,192,evaluation,True,115215.66842913628,584.5141899585724,21.298559770967884,14.530658475509238,13.853541003283105,0.6771174722256522,6.767901295458644,230,30146560,1993,163,230,115800.18261909485
HIGH-RECENCY,193,evaluation,True,115800.18261909485,612.6342120170593,16.868479194434304,10.95421450808648,10.431042908743727,0.523171599342373,5.914264686347824,163,21364736,1803,132,163,116412.81683111191
HIGH-RECENCY,194,evaluation,True,116412.81683111191,588.9832649230957,21.09572525656188,13.865026292106574,12.685969966058591,1.179056326048778,7.230698964455308,307,40239104,1880,286,307,117001.800096035
HIGH-RECENCY,195,evaluation,True,117001.800096035,605.6290850639343,17.436196791563752,12.141609686788676,12.089489243196876,0.05212044359184826,5.294587104775077,27,3538944,2055,13,27,117607.42918109894
HIGH-RECENCY,196,evaluation,True,117607.42918109894,618.6644361019135,12.670019833983169,8.747208839390698,8.342955563296211,0.4042532760941282,3.92281099459247,304,39845888,1560,103,304,118226.09361720085
HIGH-RECENCY,197,evaluation,True,118226.09361720085,574.0023708343506,13.874228977078408,9.531976716272618,9.290857044236978,0.24111967203564957,4.34225226080579,69,9043968,1578,57,69,118800.0959880352
HIGH-RECENCY,198,evaluation,True,118800.0959880352,601.7510919570923,15.662799724973018,8.050739972546145,8.034599561931554,0.016140410615493785,7.612059752426873,7,917504,1386,4,7,119401.8470799923
HIGH-RECENCY,199,evaluation,True,119401.8470799923,598.9519491195679,14.669060784388098,8.826444540980582,8.794012858517377,0.032431682463964516,5.842616243407515,9,1179648,1643,8,9,120000.79902911186
HIGH-RECENCY,200,evaluation,True,120000.79902911186,599.5097420215607,12.434904756023881,8.020345160799435,8.020345160801542,0.0,4.414559595224446,0,0,1454,0,0,120600.30877113342
HIGH-RECENCY,201,evaluation,True,120600.30877113342,603.5825798511505,15.284401042808987,9.934143804406135,9.576109380757245,0.35803442365191507,5.350257238402852,168,22020096,1670,89,168,121203.89135098457
HIGH-RECENCY,202,evaluation,True,121203.89135098457,597.3077130317688,17.368630980435082,13.155410706054944,12.647270727461015,0.5081399785972339,4.213220274380137,269,35258368,2085,125,269,121801.19906401634
HIGH-RECENCY,203,evaluation,True,121801.19906401634,599.0504860877991,19.464563807310753,13.836841437353403,12.750558785304925,1.0862826520480917,5.627722369957349,424,55574528,1988,268,424,122400.24955010414
HIGH-RECENCY,204,evaluation,True,122400.24955010414,612.7950658798218,12.120748645994247,7.9107348526033485,7.9107348526033485,0.0,4.2100137933909,35,4587520,1536,0,35,123013.04461598396
HIGH-RECENCY,205,evaluation,True,123013.04461598396,591.890527009964,16.83162699918134,9.769638250113182,9.769638250113182,0.0,7.061988749068157,138,18087936,1750,0,138,123604.93514299393
HIGH-RECENCY,206,evaluation,True,123604.93514299393,597.0372030735016,19.196856267474175,10.788575666677719,10.788575666677719,0.0,8.408280600796456,58,7602176,1916,0,58,124201.97234606743
HIGH-RECENCY,207,evaluation,True,124201.97234606743,603.5613949298859,20.72326096455078,10.879897466683369,10.879897466683369,0.0,9.84336349786741,1,131072,1994,0,1,124805.53374099731
HIGH-RECENCY,208,evaluation,True,124805.53374099731,603.5610101222992,15.875443569252386,10.569505625532917,10.485022573885013,0.08448305164765979,5.30593794371947,101,13238272,1909,21,101,125409.09475111961
HIGH-RECENCY,209,evaluation,True,125409.09475111961,594.0138239860535,20.152449067604408,12.863919736022305,12.863919736022305,0.0,7.288529331582101,259,33947648,2134,0,259,126003.10857510567
HIGH-RECENCY,210,evaluation,True,126003.10857510567,623.8920450210571,22.659890100613737,15.97727441012152,15.97727441012152,0.0,6.682615690492218,20,2621440,2987,0,20,126627.00062012672
HIGH-RECENCY,211,evaluation,True,126627.00062012672,580.3129289150238,18.491701044013187,13.312118109511092,13.16567219085273,0.14644591865865983,5.179582934502095,210,27525120,2173,35,210,127207.31354904175
HIGH-RECENCY,212,evaluation,True,127207.31354904175,598.0956630706787,20.832826718808185,11.869532919143337,11.869532919143337,0.0,8.963293799664847,107,14024704,1937,0,107,127805.40921211243
HIGH-RECENCY,213,evaluation,True,127805.40921211243,603.8791918754578,11.123466551922958,7.1958361107275755,7.1958361107275755,0.0,3.9276304411953826,64,8388608,1316,0,64,128409.28840398788
HIGH-RECENCY,214,evaluation,True,128409.28840398788,596.7307682037354,17.249761583348487,12.40023504967744,12.335130247109571,0.06510480256780184,4.849526533671049,180,23592960,2150,16,180,129006.01917219162
HIGH-RECENCY,215,evaluation,True,129006.01917219162,602.7487978935242,17.39160666002787,11.358945771467186,11.157524595961734,0.20142117550571503,6.0326608885606845,271,35520512,1783,50,271,129608.76797008514
HIGH-RECENCY,216,evaluation,True,129608.76797008514,592.4542150497437,18.111205802898606,11.861144939437533,11.742290699519952,0.11885423991756415,6.250060863461073,244,31981568,1931,29,244,130201.22218513489
HIGH-RECENCY,217,evaluation,True,130201.22218513489,603.9874129295349,21.40398731992485,14.565723406124556,14.565723406124556,0.0,6.838263913800293,5,655360,2597,0,5,130805.20959806442
HIGH-RECENCY,218,evaluation,True,130805.20959806442,598.8423490524292,17.618216555207486,11.999437221902992,11.760209788361857,0.23922743354107046,5.618779333304492,64,8388608,1940,59,64,131404.05194711685
HIGH-RECENCY,219,evaluation,True,131404.05194711685,599.3270130157471,16.60999285636279,12.607964503836616,12.381084798730555,0.2268797051061028,4.0020283525261755,75,9830400,2214,56,75,132003.3789601326
HIGH-RECENCY,220,evaluation,True,132003.3789601326,607.39697098732,19.13489085825006,14.169653320157037,14.01774468926764,0.15190863088905462,4.965237538093022,362,47448064,2533,38,362,132610.77593111992
HIGH-RECENCY,221,evaluation,True,132610.77593111992,591.7056980133057,20.952769260121737,14.723264586750874,14.136448837995435,0.5868157487549142,6.229504673370863,411,53870592,2274,143,411,133202.48162913322
HIGH-RECENCY,222,evaluation,True,133202.48162913322,605.2072198390961,18.61096547887359,11.579108882941561,11.209999400990485,0.36910948195084864,7.031856595932031,194,25427968,1860,92,194,133807.68884897232
HIGH-RECENCY,223,evaluation,True,133807.68884897232,592.634642124176,16.417426607331983,10.073869962656044,9.65186100921254,0.42200895344339584,6.34355664467594,127,16646144,1619,103,127,134400.3234910965
HIGH-RECENCY,224,evaluation,True,134400.3234910965,601.0589129924774,24.089785591552484,11.759759198339102,11.299227758203912,0.460531440135199,12.330026393213384,141,18481152,1784,114,141,135001.38240408897
HIGH-RECENCY,225,evaluation,True,135001.38240408897,599.678817987442,25.123831544180035,12.50692162232061,12.247782645355985,0.2591389769638517,12.616909921859426,176,23068672,2025,64,176,135601.06122207642
HIGH-RECENCY,226,evaluation,True,135601.06122207642,601.506973028183,17.218376588110573,9.553268817363698,9.125374347436642,0.42789446992736696,7.665107770746875,123,16121856,1537,106,123,136202.5681951046
HIGH-RECENCY,227,evaluation,True,136202.5681951046,609.1545748710632,21.118279899673855,11.88074246382719,11.697383647688328,0.18335881613874894,9.237537435846665,187,24510464,1790,46,187,136811.72276997566
HIGH-RECENCY,228,evaluation,True,136811.72276997566,591.7339870929718,15.762266437304636,9.44880835499686,9.116432108290535,0.33237624670596727,6.313458082307776,240,31457280,1406,81,240,137403.45675706863
HIGH-RECENCY,229,evaluation,True,137403.45675706863,600.655396938324,23.557309643676327,11.891940814754538,9.514972364928862,2.3769684498240307,11.66536882892179,646,84672512,1025,588,646,138004.11215400696
HIGH-RECENCY,230,evaluation,True,138004.11215400696,605.4965100288391,19.79521943960524,10.115649200351978,9.81889863828258,0.29675056206826456,9.679570239253264,141,18481152,1646,74,141,138609.6086640358
HIGH-RECENCY,231,evaluation,True,138609.6086640358,596.5643839836121,25.10656193161295,11.243055841543956,11.157581955807887,0.08547388573582136,13.863506090068995,46,6029312,1873,21,46,139206.1730480194
HIGH-RECENCY,232,evaluation,True,139206.1730480194,596.1043651103973,23.898822974655324,15.347037903742063,14.438686198630284,0.9083517051114648,8.551785070913262,296,38797312,2137,223,296,139802.2774131298
HIGH-RECENCY,233,evaluation,True,139802.2774131298,603.2154619693756,15.819247236731776,10.819332892395437,10.698573682069439,0.12075921032594872,4.999914344336339,144,18874368,1829,30,144,140405.49287509918
HIGH-RECENCY,234,evaluation,True,140405.49287509918,595.3210129737854,17.451212371417512,11.044640948857767,11.044640948857767,0.0,6.406571422559747,16,2097152,1958,0,16,141000.81388807297
HIGH-RECENCY,235,evaluation,True,141000.81388807297,600.6997799873352,13.243327940674394,8.598395674727621,8.384160947201378,0.21423472752639913,4.644932265946773,54,7077888,1469,53,54,141601.5136680603
HIGH-RECENCY,236,evaluation,True,141601.5136680603,615.8516609668732,12.974685702619615,10.943824876092762,10.872856010574981,0.07096886551816482,2.030860826526853,113,14811136,2192,18,113,142217.36532902718
HIGH-RECENCY,237,evaluation,True,142217.36532902718,587.6803841590881,17.027108507826565,11.731688653090776,11.500312654094866,0.23137599899595246,5.29541985473579,236,30932992,2073,56,236,142805.04571318626
HIGH-RECENCY,238,evaluation,True,142805.04571318626,597.1342058181763,13.410335448457916,8.776167362358825,8.53625560238308,0.23991175997567984,4.634168086099091,107,14024704,1402,59,107,143402.17991900444
HIGH-RECENCY,239,evaluation,True,143402.17991900444,601.3182120323181,21.916172443957617,12.996246261135509,12.321899014729972,0.6743472464051762,8.919926182822108,193,25296896,1999,167,193,144003.49813103676
HIGH-RECENCY,240,evaluation,True,144003.49813103676,598.5230309963226,18.684559330192744,12.106887447900586,11.737712688506793,0.36917475939359456,6.577671882292158,105,13762560,2025,91,105,144602.02116203308
HIGH-RECENCY,241,evaluation,True,144602.02116203308,600.4552781581879,17.08767171529388,8.969624852625632,8.565243791045408,0.40438106157970577,8.118046862668248,166,21757952,1434,100,166,145202.47644019127
HIGH-RECENCY,242,evaluation,True,145202.47644019127,600.8350858688354,20.377055357952685,15.010415013866096,14.6345783556432,0.37583665822263307,5.366640344086591,349,45744128,2753,93,349,145803.3115260601
HIGH-RECENCY,243,evaluation,True,145803.3115260601,601.883791923523,20.589122511766455,14.699574928178473,14.251777283285866,0.4477976448922048,5.88954758358798,156,20447232,2375,111,156,146405.19531798363
HIGH-RECENCY,244,evaluation,True,146405.19531798363,605.3624670505524,15.041156478057227,11.15799745570759,10.66464068201299,0.4933567736942893,3.8831590223496364,124,16252928,1830,123,124,147010.55778503418
HIGH-RECENCY,245,evaluation,True,147010.55778503418,603.9713521003723,15.01726534868867,11.384341040189087,11.384341040189087,0.0,3.6329243084995824,32,4194304,2095,0,32,147614.52913713455
HIGH-RECENCY,246,evaluation,True,147614.52913713455,586.190908908844,19.970386167789556,14.671999057610545,13.971965111131164,0.7000339464789354,5.29838711017901,402,52690944,2018,169,402,148200.7200460434
HIGH-RECENCY,247,evaluation,True,148200.7200460434,613.2042460441589,16.99349564228606,11.140782884569346,11.105145253234726,0.03563763133429854,5.852712757716714,24,3145728,2002,9,24,148813.92429208755
HIGH-RECENCY,248,evaluation,True,148813.92429208755,586.8010718822479,16.27234678611153,10.576801136489076,10.324388896271527,0.25241224021740577,5.6955456496224555,215,28180480,1561,61,215,149400.7253639698
HIGH-RECENCY,249,evaluation,True,149400.7253639698,599.4249880313873,19.515432800785014,14.790236172423704,14.526936700463434,0.2632994719599812,4.725196628361312,312,40894464,2218,65,312,150000.1503520012
HIGH-RECENCY,250,evaluation,True,150000.1503520012,603.6341919898987,15.453294833890583,7.207171819828703,7.006046083385066,0.20112573644337547,8.24612301406188,174,22806528,1176,50,174,150603.7845439911
HIGH-RECENCY,251,evaluation,True,150603.7845439911,599.1690981388092,11.978985335246417,6.765731124833718,6.765731124833718,0.0,5.2132542104127,3,393216,1288,0,3,151202.9536421299
HIGH-RECENCY,252,evaluation,True,151202.9536421299,601.0904898643494,14.273624103876386,8.470731886514749,8.26067594919436,0.21005593732005165,5.802892217361639,130,17039360,1374,52,130,151804.04413199425
HIGH-RECENCY,253,evaluation,True,151804.04413199425,598.5931870937347,18.840568680024568,14.314416248389565,14.23734483807413,0.07707141031526146,4.526152431635005,31,4063232,2510,19,31,152402.63731908798
HIGH-RECENCY,254,evaluation,True,152402.63731908798,597.6855390071869,16.22866876326466,9.649271424250147,9.649271424250147,0.0,6.5793973390145135,68,8912896,1770,0,68,153000.32285809517
HIGH-RECENCY,255,evaluation,True,153000.32285809517,601.9504280090332,17.38569465751496,11.219985861148345,10.949723510437584,0.2702623507098755,6.165708796366617,191,25034752,1912,67,191,153602.2732861042
HIGH-RECENCY,256,evaluation,True,153602.2732861042,610.2503600120544,16.882902293729444,11.109910885086899,11.109910885086899,0.0,5.772991408642544,64,8388608,2016,0,64,154212.52364611626
HIGH-RECENCY,257,evaluation,True,154212.52364611626,602.1277408599854,12.804630623747407,8.64038029153402,8.446816519860311,0.19356377167352173,4.164250332213387,135,17694720,1450,48,135,154814.65138697624
HIGH-RECENCY,258,evaluation,True,154814.65138697624,612.2288401126862,11.850115581204745,8.841013413753368,8.603050684554114,0.23796272919914757,3.0091021674513776,72,9437184,1564,60,72,155426.88022708893
HIGH-RECENCY,259,evaluation,True,155426.88022708893,579.0025761127472,13.991218968901629,8.888634625935182,8.50281989452707,0.3858147314084273,5.102584342966447,105,13762560,1475,92,105,156005.88280320168
HIGH-RECENCY,260,evaluation,True,156005.88280320168,597.2239189147949,20.31944137854594,13.891991757803249,13.558605162254983,0.33338659554734823,6.42744962074269,137,17956864,2164,82,137,156603.10672211647
HIGH-RECENCY,261,evaluation,True,156603.10672211647,612.0172820091248,14.335307137331966,9.934966211918171,9.748497639090553,0.18646857282747345,4.400340925413795,63,8257536,1602,47,63,157215.1240041256
HIGH-RECENCY,262,evaluation,True,157215.1240041256,588.9493680000305,17.663956455206367,13.00249100157948,12.792227597689264,0.2102634038899141,4.661465453626889,105,13762560,2024,51,105,157804.07337212563
HIGH-RECENCY,263,evaluation,True,157804.07337212563,625.1915919780731,14.708296186308642,10.709925915782895,10.709925915782895,0.0,3.9983702705257467,80,10485760,2034,0,80,158429.2649641037
HIGH-RECENCY,264,evaluation,True,158429.2649641037,616.2292919158936,16.344516284929426,11.264383842191934,11.083130105702605,0.18125373648921847,5.080132442737492,185,24248320,1905,46,185,159045.4942560196
HIGH-RECENCY,265,evaluation,True,159045.4942560196,565.1266911029816,13.484025290522817,7.313856695013256,7.025984010452498,0.2878726845603748,6.170168595509561,123,16121856,1109,67,123,159610.62094712257
HIGH-RECENCY,266,evaluation,True,159610.62094712257,613.255509853363,12.700110884898805,8.15547322205765,8.15547322205765,0.0,4.544637662841157,4,524288,1573,0,4,160223.87645697594
HIGH-RECENCY,267,evaluation,True,160223.87645697594,579.7241821289062,14.903096301688748,10.60043460712656,10.085259144610742,0.515175462515486,4.302661694562187,145,19005440,1658,123,145,160803.60063910484
HIGH-RECENCY,268,evaluation,True,160803.60063910484,609.7746469974518,11.634487169725183,8.839627359421856,8.091009884529461,0.7486174748912953,2.7948598103033273,200,26214400,1282,188,200,161413.3752861023
HIGH-RECENCY,269,evaluation,True,161413.3752861023,588.1030039787292,13.828505236436802,11.167925343782997,10.668347180066984,0.4995781637157611,2.660579892653805,180,23592960,1663,121,180,162001.47829008102
HIGH-RECENCY,270,evaluation,True,162001.47829008102,605.9922549724579,13.833499234863178,9.885377686444698,9.656986544036673,0.2283911424075119,3.9481215484184795,66,8650752,1726,57,66,162607.47054505348
HIGH-RECENCY,271,evaluation,True,162607.47054505348,596.0496439933777,13.923205885705446,9.309121445862402,9.309121445862402,0.0,4.614084439843045,19,2490368,1680,0,19,163203.52018904686
HIGH-RECENCY,272,evaluation,True,163203.52018904686,597.230416059494,14.035439245036244,8.933199928729593,8.933199928729593,0.0,5.102239316306651,66,8650752,1671,0,66,163800.75060510635
HIGH-RECENCY,273,evaluation,True,163800.75060510635,615.8304898738861,11.774155319701283,9.421393463594656,9.421393463594656,0.0,2.352761856106627,58,7602176,1758,0,58,164416.58109498024
HIGH-RECENCY,274,evaluation,True,164416.58109498024,601.5819799900055,10.2140205515676,7.435717195630732,7.435717195630732,0.0,2.7783033559368673,82,10747904,1316,0,82,165018.16307497025
HIGH-RECENCY,275,evaluation,True,165018.16307497025,598.9826700687408,13.671198847656866,9.32508983928477,8.895392086340124,0.4296977529449502,4.346109008372096,133,17432576,1405,106,133,165617.145745039
HIGH-RECENCY,276,evaluation,True,165617.145745039,613.5453519821167,15.613759253984526,12.119397998499027,11.775092421796899,0.3443055767020796,3.4943612554855,160,20971520,2186,87,160,166230.6910970211
HIGH-RECENCY,277,evaluation,True,166230.6910970211,573.9510850906372,11.432733567868354,8.174704193022402,8.174704193022402,0.0,3.258029374845952,0,0,1485,0,0,166804.64218211174
HIGH-RECENCY,278,evaluation,True,166804.64218211174,602.051589012146,9.297237270981192,6.38926743052153,6.38926743052153,0.0,2.9079698404596623,68,8912896,1229,0,68,167406.6937711239
HIGH-RECENCY,279,evaluation,True,167406.6937711239,615.4812819957733,9.55841015009616,7.7335705391938,7.619163005649689,0.11440753354409557,1.82483961090236,33,4325376,1484,29,33,168022.17505311966
HIGH-RECENCY,280,evaluation,True,168022.17505311966,583.3741629123688,8.218505676577077,4.102227023023004,4.102227023023004,0.0,4.116278653554073,7,917504,683,0,7,168605.54921603203
HIGH-RECENCY,281,evaluation,True,168605.54921603203,605.5757300853729,12.570345307963066,8.406372915533323,8.402363297400496,0.004009618132793171,4.163972392429742,5,655360,1543,1,5,169211.1249461174
HIGH-RECENCY,282,evaluation,True,169211.1249461174,596.9222009181976,17.55834087732221,9.752370346504792,9.752370346504792,0.0,7.805970530817415,101,13238272,1766,0,101,169808.0471470356
HIGH-RECENCY,283,evaluation,True,169808.0471470356,592.2827441692352,7.160441964176182,4.132897415874186,4.132897415874186,0.0,3.0275445483019965,61,7995392,745,0,61,170400.32989120483
HIGH-RECENCY,284,evaluation,True,170400.32989120483,613.3311998844147,11.50876228865085,7.236615574550779,7.13764264489296,0.09897292965794821,4.272146714100072,53,6946816,1303,25,53,171013.66109108925
HIGH-RECENCY,285,evaluation,True,171013.66109108925,587.7132530212402,13.283032463504842,7.96338427987721,7.467606296519056,0.49577798335741485,5.319648183627632,134,17563648,1176,120,134,171601.3743441105
HIGH-RECENCY,286,evaluation,True,171601.3743441105,615.5357940196991,11.344750867363505,8.799053655776317,8.775385227862879,0.023668427913223183,2.5456972115871883,13,1703936,1501,6,13,172216.9101381302
HIGH-RECENCY,287,evaluation,True,172216.9101381302,588.3843469619751,21.515448553683324,12.561296504624153,12.491141398541949,0.07015510608210372,8.954152049059172,101,13238272,2027,17,101,172805.29448509216
HIGH-RECENCY,288,evaluation,True,172805.29448509216,597.3443360328674,20.86119231760688,13.327491228045012,12.62833348527324,0.6991577427712264,7.533701089561867,268,35127296,2120,172,268,173402.63882112503
HIGH-RECENCY,289,evaluation,True,173402.63882112503,602.1267819404602,18.11024244681623,12.26339745729942,12.057735622368911,0.20566183493021428,5.846844989516809,110,14417920,2056,51,110,174004.7656030655
HIGH-RECENCY,290,evaluation,True,174004.7656030655,595.2772040367126,20.425930686808776,14.02105779847939,13.706975870432968,0.314081928046222,6.404872888329385,296,38797312,2400,77,296,174600.0428071022
HIGH-RECENCY,291,evaluation,True,174600.0428071022,601.0592520236969,20.408705881392564,13.838590313362792,13.527529779253841,0.3110605341092709,6.570115568029772,342,44826624,2454,77,342,175201.1020591259
HIGH-RECENCY,292,evaluation,True,175201.1020591259,601.0270519256592,18.40849825903121,11.403863885276238,11.036227195294034,0.3676366899820138,7.004634373754972,109,14286848,1824,91,109,175802.12911105156
HIGH-RECENCY,293,evaluation,True,175802.12911105156,602.4580039978027,23.62588792771011,13.794853219093623,13.436150471898982,0.358702747194518,9.831034708616487,288,37748736,2176,89,288,176404.58711504936
HIGH-RECENCY,294,evaluation,True,176404.58711504936,597.9215030670166,18.34726028241022,11.249391231540264,11.176294188731351,0.07309704280930136,7.097869050869955,67,8781824,1897,18,67,177002.50861811638
HIGH-RECENCY,295,evaluation,True,177002.50861811638,599.4120728969574,17.191703330415436,12.343874829392165,12.173739197174848,0.1701356322178849,4.8478285010232725,113,14811136,2058,42,113,177601.92069101334
HIGH-RECENCY,296,evaluation,True,177601.92069101334,598.3830170631409,22.17039024435332,14.810812802699546,14.5511126591978,0.25970014350149884,7.359577441653776,120,15728640,2494,64,120,178200.30370807648
HIGH-RECENCY,297,evaluation,True,178200.30370807648,619.59623503685,18.50305477766607,12.019774070225964,12.019774070225964,0.0,6.483280707440104,6,786432,2212,0,6,178819.89994311333
HIGH-RECENCY,298,evaluation,True,178819.89994311333,582.1167359352112,14.54595469384638,11.084005864079085,11.084005864079085,0.0,3.4619488297672945,121,15859712,1960,0,121,179402.01667904854
HIGH-RECENCY,299,evaluation,True,179402.01667904854,598.3849339485168,19.615429858211066,11.6820865947553,11.592814956403434,0.08927163835211412,7.933343263455766,85,11141120,1936,22,85,180000.40161299706
HIGH-RECENCY,300,evaluation,True,180000.40161299706,611.3773801326752,18.695318924644333,13.674413781731674,13.674413781731674,0.0,5.020905142912658,9,1179648,2509,0,9,180611.77899312973
HIGH-RECENCY,301,evaluation,True,180611.77899312973,593.4312489032745,14.33356083236631,10.320413882439508,10.254947092610232,0.06546678982921106,4.013146949926802,107,14024704,1638,16,107,181205.210242033
HIGH-RECENCY,302,evaluation,True,181205.210242033,601.9398910999298,22.80429730987329,14.182761270512342,13.860054307370653,0.3227069631408535,8.621536039360947,217,28442624,2344,80,217,181807.15013313293
HIGH-RECENCY,303,evaluation,True,181807.15013313293,594.5603139400482,18.435283126703105,11.537601419844345,11.292567161297452,0.24503425854679317,6.89768170685876,175,22937600,1910,60,175,182401.71044707298
HIGH-RECENCY,304,evaluation,True,182401.71044707298,601.5052080154419,17.97859597907555,10.157550202228668,10.157550202228668,0.0,7.821045776846881,38,4980736,1819,0,38,183003.21565508842
HIGH-RECENCY,305,evaluation,True,183003.21565508842,600.3670120239258,24.37486941867988,16.74374020567764,16.48489827684462,0.25884192883329105,7.631129213002238,87,11403264,2813,64,87,183603.58266711235
HIGH-RECENCY,306,evaluation,True,183603.58266711235,598.8224790096283,17.453444915428307,11.782658326202817,11.782658326202817,0.0,5.6707865892254885,112,14680064,2077,0,112,184202.40514612198
HIGH-RECENCY,307,evaluation,True,184202.40514612198,599.6274859905243,13.822781655559204,9.912736232611357,9.912736232611357,0.0,3.910045422947848,96,12582912,1777,0,96,184802.0326321125
HIGH-RECENCY,308,evaluation,True,184802.0326321125,604.829206943512,20.105112559974607,13.351759629537964,13.018550561224343,0.3332090683137284,6.753352930436644,151,19791872,2414,83,151,185406.86183905602
HIGH-RECENCY,309,evaluation,True,185406.86183905602,593.7374310493469,15.908830615537045,9.993177641397656,9.989088077052928,0.004089564344694257,5.915652974139388,120,15728640,1719,1,120,186000.59927010536
HIGH-RECENCY,310,evaluation,True,186000.59927010536,606.025484085083,16.95288949258066,11.120243791107269,10.643453339987067,0.47679045112003915,5.832645701473393,187,24510464,1775,119,187,186606.62475419044
HIGH-RECENCY,311,evaluation,True,186606.62475419044,594.0862588882446,14.888570557326425,10.200104036376901,10.200104036376901,0.0,4.6884665209495235,67,8781824,1851,0,67,187200.7110130787
HIGH-RECENCY,312,evaluation,True,187200.7110130787,610.8248720169067,16.409879505178964,8.78952698198879,8.682197625306028,0.10732935668281884,7.620352523190174,56,7340032,1500,27,56,187811.5358850956
HIGH-RECENCY,313,evaluation,True,187811.5358850956,592.1098999977112,15.820956135473814,10.648708804275584,10.648708804275584,0.0,5.172247331198229,57,7471104,1860,0,57,188403.6457850933
HIGH-RECENCY,314,evaluation,True,188403.6457850933,599.0690770149231,19.72626456330742,14.194728274896384,13.870474859550717,0.32425341534588265,5.531536288411037,165,21626880,2146,80,165,189002.71486210823
HIGH-RECENCY,315,evaluation,True,189002.71486210823,604.2609469890594,14.483295702457408,9.357546263868235,8.995895441288237,0.36165082257984177,5.125749438589173,91,11927552,1673,90,91,189606.9758090973
HIGH-RECENCY,316,evaluation,True,189606.9758090973,593.3337879180908,16.895808929961383,12.292704890056818,11.80980800746993,0.4828968825867552,4.603104039904566,123,16121856,2057,118,123,190200.30959701538
HIGH-RECENCY,317,evaluation,True,190200.30959701538,605.0492429733276,16.382177487429338,9.020662196225032,8.948426267969682,0.07223592825521183,7.361515291204305,115,15073280,1572,18,115,190805.3588399887
HIGH-RECENCY,318,evaluation,True,190805.3588399887,595.459780216217,20.7518727627884,13.04689384911641,11.954060760537732,1.0928330885788018,7.704978913671988,245,32112640,1958,268,245,191400.81862020493
HIGH-RECENCY,319,evaluation,True,191400.81862020493,602.104621887207,14.211917137822947,7.271357097202035,7.1705387618223115,0.10081833537985488,6.9405600406209125,121,15859712,1265,25,121,192002.92324209213
HIGH-RECENCY,320,evaluation,True,192002.92324209213,600.5648109912872,12.009010630818262,6.3705894117184245,6.3705894117184245,0.0,5.638421219099837,0,0,1181,0,0,192603.48805308342
HIGH-RECENCY,321,evaluation,True,192603.48805308342,599.2277059555054,17.05847596884964,13.69980810752664,13.683599728615329,0.016208378911689397,3.358667861322999,151,19791872,2456,4,151,193202.71575903893
HIGH-RECENCY,322,evaluation,True,193202.71575903893,597.2848000526428,18.614166021764913,14.160038488888716,14.160038488888716,0.0,4.454127532876196,90,11796480,2457,0,90,193800.00055909157
HIGH-RECENCY,323,evaluation,True,193800.00055909157,607.2600350379944,19.32588756660739,13.82960157280473,13.82960157280473,0.0,5.496285993802658,5,655360,2472,0,5,194407.26059412956
HIGH-RECENCY,324,evaluation,True,194407.26059412956,595.6461338996887,18.4985010041486,13.07441271671963,13.07441271671963,0.0,5.424088287428972,1,131072,2339,0,1,195002.90672802925
HIGH-RECENCY,325,evaluation,True,195002.90672802925,613.0689330101013,13.500423086277934,8.736568748998302,8.617750425443399,0.11881832355485535,4.763854337279633,39,5111808,1597,30,39,195615.97566103935
HIGH-RECENCY,326,evaluation,True,195615.97566103935,584.4239840507507,17.560174963140962,13.083463427170418,13.083463427170418,0.0,4.476711535970545,44,5767168,2386,0,44,196200.3996450901
HIGH-RECENCY,327,evaluation,True,196200.3996450901,610.728157043457,22.07287524335999,16.33992794366042,16.208726845096038,0.13120109856422094,5.732947299699572,122,15990784,3077,33,122,196811.12780213356
HIGH-RECENCY,328,evaluation,True,196811.12780213356,593.1011619567871,13.628699245046773,9.731142727843313,9.60013627787481,0.13100644996837812,3.8975565172034603,37,4849664,1674,32,37,197404.22896409035
HIGH-RECENCY,329,evaluation,True,197404.22896409035,598.7560369968414,16.460198075957628,11.568402986620788,11.471076104428093,0.09732688219286835,4.891795089336841,24,3145728,2013,24,24,198002.9850010872
HIGH-RECENCY,330,evaluation,True,198002.9850010872,599.2451169490814,18.126551502084638,10.84086995471113,10.824662046731758,0.01620790797922265,7.28568154737351,20,2621440,1790,4,20,198602.23011803627
HIGH-RECENCY,331,evaluation,True,198602.23011803627,615.1680080890656,17.644657657255998,11.279869987174338,11.279869987174338,0.0,6.364787670081658,8,1048576,1950,0,8,199217.39812612534
HIGH-RECENCY,332,evaluation,True,199217.39812612534,586.2784540653229,20.789792191048225,11.329132059124166,11.329132059124166,0.0,9.460660131924058,67,8781824,1854,0,67,199803.67658019066
HIGH-RECENCY,333,evaluation,True,199803.67658019066,607.1880538463593,18.038014595456282,10.893133061958661,10.893133061958661,0.0,7.144881533497623,17,2228224,1882,0,17,200410.86463403702
HIGH-RECENCY,334,evaluation,True,200410.86463403702,592.2752830982208,18.307327968775304,10.822020718282237,10.764625474948843,0.0573952433334026,7.485307250493068,132,17301504,1889,14,132,201003.13991713524
HIGH-RECENCY,335,evaluation,True,201003.13991713524,600.4322819709778,18.13860870414051,10.713920413915803,10.483414380914152,0.23050603300165945,7.424688290224708,218,28573696,1803,57,218,201603.57219910622
HIGH-RECENCY,336,evaluation,True,201603.57219910622,609.2845230102539,11.30261653452991,6.781920619291566,6.538822743796435,0.24309787549499337,4.5206959152383455,138,18087936,1154,61,138,202212.85672211647
HIGH-RECENCY,337,evaluation,True,202212.85672211647,592.5113430023193,17.644874466560275,10.749845837771057,10.749845837771057,0.0,6.895028628789217,6,786432,2018,0,6,202805.3680651188
HIGH-RECENCY,338,evaluation,True,202805.3680651188,596.2248179912567,17.061409707345106,10.16172606096016,9.933665886556108,0.2280601744040922,6.899683646384948,140,18350080,1663,56,140,203401.59288311005
HIGH-RECENCY,339,evaluation,True,203401.59288311005,611.1048080921173,13.824538645209863,7.341318566648857,6.8804110792041255,0.4609074874441585,6.483220078561007,159,20840448,1087,116,159,204012.69769120216
HIGH-RECENCY,340,evaluation,True,204012.69769120216,597.8582649230957,15.122339957412638,8.163707653798866,8.163707653798866,0.0,6.958632303613771,20,2621440,1497,0,20,204610.55595612526
HIGH-RECENCY,341,evaluation,True,204610.55595612526,593.252858877182,16.247603879532626,10.940154237200506,10.940154237200506,0.0,5.307449642332121,330,43253760,2002,0,330,205203.80881500244
HIGH-RECENCY,342,evaluation,True,205203.80881500244,606.8157410621643,14.609505287815477,10.328125027372915,10.328125027372915,0.0,4.281380260442563,97,12713984,1897,0,97,205810.6245560646
HIGH-RECENCY,343,evaluation,True,205810.6245560646,596.261666059494,16.79375318079168,10.413577670942894,10.222181853270635,0.19139581767210895,6.380175509848784,68,8912896,1734,47,68,206406.8862221241
HIGH-RECENCY,344,evaluation,True,206406.8862221241,600.5183899402618,14.971071978826892,10.070003389611697,9.766749467400006,0.30325392221156,4.901068589215194,111,14548992,1784,75,111,207007.40461206436
HIGH-RECENCY,345,evaluation,True,207007.40461206436,615.2559950351715,16.132964722811334,11.743947635354353,11.605819017883924,0.13812861747020433,4.389017087456982,188,24641536,2033,35,188,207622.66060709953
HIGH-RECENCY,346,evaluation,True,207622.66060709953,593.372330904007,14.320154361153214,11.450476417637123,11.450476417637123,0.0,2.869677943516091,138,18087936,2022,0,138,208216.03293800354
HIGH-RECENCY,347,evaluation,True,208216.03293800354,613.6280171871185,11.785487937065446,8.631646369242084,7.9985260135560114,0.6331203556859764,3.1538415678233616,293,38404096,1232,160,293,208829.66095519066
HIGH-RECENCY,348,evaluation,True,208829.66095519066,585.3369100093842,9.138425742658217,6.493663561075633,6.323585059530425,0.17007850154473603,2.644762181582584,82,10747904,985,41,82,209414.99786520004
HIGH-RECENCY,349,evaluation,True,209414.99786520004,590.4076538085938,12.421355840081826,9.007758912750242,9.007758912750242,0.0,3.413596927331583,51,6684672,1493,0,51,210005.40551900864
HIGH-RECENCY,350,evaluation,True,210005.40551900864,598.487694978714,13.889937182837592,11.17219613288539,11.05859719249285,0.1135989403925633,2.717741049952203,80,10485760,1989,28,80,210603.89321398735
HIGH-RECENCY,351,evaluation,True,210603.89321398735,611.7923541069031,10.549460467679225,6.935815583169062,6.896126832372846,0.03968875079636942,3.6136448845101636,39,5111808,1185,10,39,211215.68556809425
HIGH-RECENCY,352,evaluation,True,211215.68556809425,593.4237959384918,10.779078653974272,5.7784987770403,5.7784987770403,0.0,5.000579876933973,9,1179648,886,0,9,211809.10936403275
HIGH-RECENCY,353,evaluation,True,211809.10936403275,605.4996070861816,17.74969920980523,13.330063309517728,12.872909376521969,0.45715393299524404,4.419635900287499,232,30408704,2105,114,232,212414.60897111893
HIGH-RECENCY,354,evaluation,True,212414.60897111893,597.9977669715881,13.797646068554844,11.007384280420421,11.007384280420421,0.0,2.7902617881344227,84,11010048,1961,0,84,213012.60673809052
HIGH-RECENCY,355,evaluation,True,213012.60673809052,594.3506479263306,17.86537695440103,10.84461358036525,10.803760130695073,0.040853449669802866,7.020763374035779,29,3801088,1842,10,29,213606.95738601685
HIGH-RECENCY,356,evaluation,True,213606.95738601685,595.1076850891113,14.468776011001054,7.950641665429892,7.950641665429892,0.0,6.518134345571162,6,786432,1475,0,6,214202.06507110596
HIGH-RECENCY,357,evaluation,True,214202.06507110596,613.8787980079651,20.5670406017271,12.125045049544243,12.117134278115,0.00791077142916997,8.441995552182858,141,18481152,2182,2,141,214815.94386911392
HIGH-RECENCY,358,evaluation,True,214815.94386911392,597.9496328830719,19.67553125377697,10.9186738435403,10.837458727932303,0.08121511560831156,8.75685741023667,97,12713984,1840,20,97,215413.893501997
HIGH-RECENCY,359,evaluation,True,215413.893501997,589.3152921199799,18.667476770295856,11.671585771174177,11.671585771174177,0.0,6.995890999121681,19,2490368,2096,0,19,216003.20879411697
HIGH-RECENCY,360,evaluation,True,216003.20879411697,597.5481269359589,22.21580005710129,18.778238630640782,16.14103732446941,2.6372013061696,3.4375614264605083,728,95420416,2183,649,728,216600.75692105293
HIGH-RECENCY,361,evaluation,True,216600.75692105293,601.9107930660248,20.739604194173733,13.923639104553393,13.742107662477347,0.1815314420749151,6.815965089620339,54,7077888,2433,45,54,217202.66771411896
HIGH-RECENCY,362,evaluation,True,217202.66771411896,598.2057960033417,15.935602883589006,13.484362585276942,13.334178960442786,0.15018362483438866,2.4512402983120642,232,30408704,2351,37,232,217800.8735101223
HIGH-RECENCY,363,evaluation,True,217800.8735101223,599.3638119697571,12.637558021064269,10.138129158910175,10.10977093698004,0.028358221930399625,2.4994288621540943,111,14548992,1693,7,111,218400.23732209206
HIGH-RECENCY,364,evaluation,True,218400.23732209206,602.688952922821,11.314128972883308,8.191935783368,7.9058893135243276,0.2860464698431646,3.122193189515307,133,17432576,1344,71,133,219002.92627501488
HIGH-RECENCY,365,evaluation,True,219002.92627501488,602.0538520812988,11.049298504237253,8.04391667145461,7.838229923655778,0.2056867477990459,3.0053818327826427,285,37355520,1312,51,285,219604.98012709618
HIGH-RECENCY,366,evaluation,True,219604.98012709618,597.1791779994965,8.885548532586995,6.263502338550366,6.263502338550366,0.0,2.622046194036628,98,12845056,1080,0,98,220202.15930509567
HIGH-RECENCY,367,evaluation,True,220202.15930509567,597.9663650989532,18.02434590308424,12.1583909767339,11.963480153395823,0.1949108233384223,5.865954926350341,162,21233664,2170,48,162,220800.12567019463
HIGH-RECENCY,368,evaluation,True,220800.12567019463,601.0475099086761,12.14984168429707,8.228576384112749,8.228576384112749,0.0,3.9212653001843205,56,7340032,1458,0,56,221401.1731801033
HIGH-RECENCY,369,evaluation,True,221401.1731801033,600.2635819911957,13.260038586907056,8.037326466666855,7.952379324243725,0.08494714242288284,5.222712120240201,82,10747904,1466,21,82,222001.4367620945
HIGH-RECENCY,370,evaluation,True,222001.4367620945,606.2602279186249,18.136718506706256,13.053777321260089,13.053777321260089,0.0,5.082941185446167,55,7208960,2391,0,55,222607.69699001312
HIGH-RECENCY,371,evaluation,True,222607.69699001312,601.9374120235443,16.31484042086584,12.472610952178634,12.472610952178634,0.0,3.8422294686872034,24,3145728,2250,0,24,223209.63440203667
HIGH-RECENCY,372,evaluation,True,223209.63440203667,594.5424129962921,14.327078050877326,9.295703478640073,9.030241706059284,0.26546177258049,5.031374572237252,161,21102592,1527,65,161,223804.17681503296
HIGH-RECENCY,373,evaluation,True,223804.17681503296,600.4049220085144,17.487955090755804,13.867066034371494,13.867066034371494,0.0,3.620889056384311,0,0,2508,0,0,224404.58173704147
HIGH-RECENCY,374,evaluation,True,224404.58173704147,606.6942360401154,15.614604582566491,11.340995672586498,11.340995672586498,0.0,4.273608909979993,12,1572864,2018,0,12,225011.2759730816
HIGH-RECENCY,375,evaluation,True,225011.2759730816,590.3762149810791,25.701431732811837,19.437976047331173,18.821048899900376,0.6169271474305307,6.263455685480666,364,47710208,3129,150,364,225601.65218806267
HIGH-RECENCY,376,evaluation,True,225601.65218806267,600.7323360443115,19.295633963767827,13.305244221610952,13.030391920168126,0.2748523014424308,5.990389742156873,197,25821184,2145,68,197,226202.38452410698
HIGH-RECENCY,377,evaluation,True,226202.38452410698,603.3762850761414,20.92905969780417,15.381298843289535,15.200208308297773,0.18109053499169706,5.547760854514635,383,50200576,2751,45,383,226805.76080918312
HIGH-RECENCY,378,evaluation,True,226805.76080918312,604.28346991539,12.381241096712923,9.661069293096297,9.661069293096297,0.0,2.7201718036166262,136,17825792,1786,0,136,227410.0442790985
HIGH-RECENCY,379,evaluation,True,227410.0442790985,596.6169970035553,23.10669817083329,17.335456845972946,17.12789571470061,0.20756113127256767,5.7712413248603465,104,13631488,2985,51,104,228006.66127610207
HIGH-RECENCY,380,evaluation,True,228006.66127610207,593.4585340023041,19.47691472357389,13.184618029255525,12.877756560972028,0.306861468283896,6.292296694318368,114,14942208,2266,75,114,228600.11981010437
HIGH-RECENCY,381,evaluation,True,228600.11981010437,607.7627429962158,17.80972451638642,11.183350884285542,11.183350884285542,0.0,6.626373632100879,48,6291456,2023,0,48,229207.8825531006
HIGH-RECENCY,382,evaluation,True,229207.8825531006,595.4926888942719,23.251218220900903,17.688369109709363,17.513036177237343,0.17533293247202106,5.562849111191539,376,49283072,2690,43,376,229803.37524199486
HIGH-RECENCY,383,evaluation,True,229803.37524199486,604.4828610420227,27.43652108070954,21.06403428196207,20.421335516556642,0.6426987654053288,6.372486798747471,269,35258368,2900,160,269,230407.85810303688
HIGH-RECENCY,384,evaluation,True,230407.85810303688,607.3724410533905,16.94514867873493,11.477864177944333,11.26998081391839,0.20788336402561744,5.467284500790596,191,25034752,1885,52,191,231015.23054409027
HIGH-RECENCY,385,evaluation,True,231015.23054409027,585.6828289031982,19.892390109760296,15.338238723277735,15.338238723277735,0.0,4.55415138648256,178,23330816,2713,0,178,231600.91337299347
HIGH-RECENCY,386,evaluation,True,231600.91337299347,603.7259871959686,17.152322825127793,12.052067047736653,11.698139573671801,0.3539274740642467,5.1002557773911406,136,17825792,2014,88,136,232204.63936018944
HIGH-RECENCY,387,evaluation,True,232204.63936018944,595.9742980003357,14.005928926266,10.250920517518141,10.140916712355107,0.11000380516310079,3.7550084087478584,45,5898240,1726,27,45,232800.61365818977
HIGH-RECENCY,388,evaluation,True,232800.61365818977,602.86416888237,10.32143973071496,7.095805549760774,7.027335455817806,0.06847009394287094,3.225634180954186,89,11665408,1258,17,89,233403.47782707214
HIGH-RECENCY,389,evaluation,True,233403.47782707214,598.2121419906616,17.225814086456296,14.755684973489227,14.284844009402727,0.47084096408592163,2.470129112967069,232,30408704,2480,116,232,234001.6899690628
HIGH-RECENCY,390,evaluation,True,234001.6899690628,605.3100209236145,19.60777714479779,12.94653062608445,12.94653062608445,0.0,6.661246518713341,119,15597568,2346,0,119,234606.99998998642
HIGH-RECENCY,391,evaluation,True,234606.99998998642,596.3788230419159,24.64361623702046,16.80177272913762,16.638914670848514,0.16285805828867594,7.841843507882841,79,10354688,2929,40,79,235203.37881302834
HIGH-RECENCY,392,evaluation,True,235203.37881302834,597.650367975235,23.71019368885232,18.06395684989853,17.65361514615001,0.4103417037484907,5.646236838953789,203,26607616,3148,101,203,235801.02918100357
HIGH-RECENCY,393,evaluation,True,235801.02918100357,612.7019150257111,20.75390551524948,15.449721914407007,15.172313086719452,0.2774088276870882,5.304183600842473,202,26476544,2605,70,202,236413.73109602928
HIGH-RECENCY,394,evaluation,True,236413.73109602928,596.4739000797272,19.833226467946798,13.496029141344327,13.121515313735104,0.3745138276089921,6.337197326602471,189,24772608,2184,92,189,237010.204996109
HIGH-RECENCY,395,evaluation,True,237010.204996109,594.8693509101868,19.2154002608521,14.561678163518964,14.524942119175936,0.03673604434269739,4.6537220973331355,322,42205184,2506,9,322,237605.0743470192
HIGH-RECENCY,396,evaluation,True,237605.0743470192,603.8577551841736,13.927368656685893,10.638941839783596,10.34138595325419,0.2975558865293097,3.288426816902297,251,32899072,1743,74,251,238208.93210220337
HIGH-RECENCY,397,evaluation,True,238208.93210220337,594.8378369808197,15.655413010877528,10.452546128584135,10.068838226944376,0.3837079016399915,5.2028668822933914,60,7864320,1822,94,60,238803.7699391842
HIGH-RECENCY,398,evaluation,True,238803.7699391842,596.3478138446808,16.939177405574462,13.681097686252706,13.681097686252706,0.0,3.2580797193217546,130,17039360,2426,0,130,239400.11775302887
HIGH-RECENCY,399,evaluation,True,239400.11775302887,601.1275720596313,15.479230470349123,11.63586403244293,11.63586403244293,0.0,3.8433664379061923,49,6422528,2065,0,49,240001.2453250885
HIGH-RECENCY,400,evaluation,True,240001.2453250885,603.1522810459137,19.493222320229595,13.232360789199108,12.966662697203656,0.2656980919951259,6.260861531030487,171,22413312,2129,66,171,240604.39760613441
HIGH-RECENCY,401,evaluation,True,240604.39760613441,599.7644438743591,20.082314386383537,14.838948571013725,14.745833796676575,0.09311477433736383,5.243365815369811,94,12320768,2603,23,94,241204.16205000877
HIGH-RECENCY,402,evaluation,True,241204.16205000877,596.0638120174408,13.847496987869981,9.935713639908066,9.784990322992003,0.15072331691574675,3.911783347961914,67,8781824,1639,37,67,241800.22586202621
HIGH-RECENCY,403,evaluation,True,241800.22586202621,603.7317540645599,14.762061320816958,10.888265594505521,10.888265594505521,0.0,3.8737957263114375,111,14548992,2010,0,111,242403.95761609077
HIGH-RECENCY,404,evaluation,True,242403.95761609077,596.5135090351105,16.557443192213636,9.755355987012596,9.755355987012596,0.0,6.802087205201041,11,1441792,1673,0,11,243000.47112512589
HIGH-RECENCY,405,evaluation,True,243000.47112512589,601.0019268989563,20.02265435028668,15.19610195762626,15.018336126842836,0.17776583078339034,4.826552392660418,122,15990784,2428,44,122,243601.47305202484
HIGH-RECENCY,406,evaluation,True,243601.47305202484,603.7943150997162,23.75910071832906,16.53510025537283,16.53510025537283,0.0,7.224000462956232,148,19398656,2954,0,148,244205.26736712456
HIGH-RECENCY,407,evaluation,True,244205.26736712456,596.3720419406891,17.591199185426902,12.11110978513018,11.993036350321665,0.11807343480849732,5.480089400296723,133,17432576,2051,29,133,244801.63940906525
HIGH-RECENCY,408,evaluation,True,244801.63940906525,598.5671050548553,13.671830759487918,10.541946102237047,10.359400597576988,0.1825455046610316,3.1298846572508707,77,10092544,1817,45,77,245400.2065141201
HIGH-RECENCY,409,evaluation,True,245400.2065141201,615.0574650764465,19.7270908366025,13.289230214647883,13.111578953636739,0.17765126101209172,6.437860621954616,72,9437184,2374,45,72,246015.26397919655
HIGH-RECENCY,410,evaluation,True,246015.26397919655,604.3562757968903,19.885793528421747,15.759494264023624,15.482272368178494,0.27722189584261553,4.1262992643981224,200,26214400,2630,69,200,246619.62025499344
HIGH-RECENCY,411,evaluation,True,246619.62025499344,586.2038400173187,18.063840815636652,11.339388504331708,11.157135165919504,0.18225333841971247,6.724452311304942,111,14548992,1970,44,111,247205.82409501076
HIGH-RECENCY,412,evaluation,True,247205.82409501076,621.7841861248016,18.322760990915718,12.40667994042785,12.281716843220206,0.12496309721919854,5.916081050487868,176,23068672,2382,32,176,247827.60828113556
HIGH-RECENCY,413,evaluation,True,247827.60828113556,577.7698469161987,13.011138790930463,7.6979102645392725,7.697910264543098,0.0,5.313228526391192,152,19922944,1266,0,152,248405.37812805176
HIGH-RECENCY,414,evaluation,True,248405.37812805176,597.2601730823517,14.50733962795128,10.044263341010085,9.922300039044,0.12196330196920775,4.463076286941195,172,22544384,1796,30,172,249002.6383011341
HIGH-RECENCY,415,evaluation,True,249002.6383011341,601.6649708747864,17.796881676001632,13.35033691299025,13.350336912999172,0.0,4.446544763011383,64,8388608,2374,0,64,249604.3032720089
HIGH-RECENCY,416,evaluation,True,249604.3032720089,602.5369770526886,19.338846072753924,12.808764875311029,12.61533256992785,0.19343230538352327,6.530081197442895,127,16646144,2078,48,127,250206.84024906158
HIGH-RECENCY,417,evaluation,True,250206.84024906158,594.9990019798279,14.985986887330352,12.895557467004144,12.895557467004144,0.0,2.0904294203262075,190,24903680,2318,0,190,250801.8392510414
HIGH-RECENCY,418,evaluation,True,250801.8392510414,600.5353720188141,14.470657695692402,9.328651692654901,9.207353553964127,0.12129813869072482,5.142006003037502,118,15466496,1501,30,118,251402.37462306023
HIGH-RECENCY,419,evaluation,True,251402.37462306023,603.8908259868622,19.464107249820824,13.910522732654231,13.536587840620797,0.37393489203421776,5.553584517166592,173,22675456,2301,93,173,252006.2654490471
HIGH-RECENCY,420,evaluation,True,252006.2654490471,595.4999279975891,17.33445885103566,11.481802542618183,10.915035534528203,0.5667670080911905,5.852656308417477,203,26607616,1756,139,203,252601.76537704468
HIGH-RECENCY,421,evaluation,True,252601.76537704468,605.4121460914612,14.92574557606552,11.062702021633225,11.062702021633225,0.0,3.8630435544322954,88,11534336,1890,0,88,253207.17752313614
HIGH-RECENCY,422,evaluation,True,253207.17752313614,599.9799509048462,16.4624123059738,13.90053895128098,13.888397908446414,0.012141042835504216,2.5618733546928203,133,17432576,2524,3,133,253807.15747404099
HIGH-RECENCY,423,evaluation,True,253807.15747404099,615.4659969806671,12.533538208134004,9.453105933722748,9.366311856258326,0.08679407746466239,3.0804322744112564,219,28704768,1690,22,219,254422.62347102165
HIGH-RECENCY,424,evaluation,True,254422.62347102165,582.3945350646973,20.660689890113613,17.361424111870296,17.090425204213496,0.2709989076575805,3.299265778243316,317,41549824,2902,65,317,255005.01800608635
HIGH-RECENCY,425,evaluation,True,255005.01800608635,602.731076002121,17.228091905064947,13.640062954473308,13.241237300786924,0.3988256536879889,3.5880289505916387,220,28835840,2287,99,220,255607.74908208847
HIGH-RECENCY,426,evaluation,True,255607.74908208847,602.2089939117432,9.977962832779603,8.964293236156715,8.964293236156715,0.0,1.013669596622888,81,10616832,1526,0,81,256209.9580760002
HIGH-RECENCY,427,evaluation,True,256209.9580760002,596.5973072052002,9.740506038956447,8.724546238604093,8.529188138354026,0.1953581002504141,1.0159598003523533,116,15204352,1451,48,116,256806.5553832054
HIGH-RECENCY,428,evaluation,True,256806.5553832054,639.4441599845886,13.383214838518752,12.875219132774927,12.875219132774927,0.0,0.507995705743825,148,19398656,2575,0,148,257445.99954319
HIGH-RECENCY,429,evaluation,True,257445.99954319,570.2777090072632,12.766020226081007,11.035633988437754,11.035633988437754,0.0,1.7303862376432535,138,18087936,2013,0,138,258016.27725219727
HIGH-RECENCY,430,evaluation,True,258016.27725219727,584.8468577861786,18.48912410889252,13.476837678874126,13.439472090665161,0.03736558820862776,5.012286430018394,329,43122688,2303,9,329,258601.12410998344
HIGH-RECENCY,431,evaluation,True,258601.12410998344,600.6098132133484,19.41465980342043,14.858231442726408,14.858231442726408,0.0,4.556428360694023,139,18219008,2557,0,139,259201.7339231968
HIGH-RECENCY,432,evaluation,True,259201.7339231968,608.6869328022003,19.866362251652173,11.18818335519229,11.008672791752986,0.17951056343975808,8.678178896459883,214,28049408,1944,45,214,259810.420855999
HIGH-RECENCY,433,evaluation,True,259810.420855999,622.4433851242065,19.269546304691637,14.093969579972777,13.629755209874512,0.46421437009810673,5.175576724718861,148,19398656,2402,119,148,260432.8642411232
HIGH-RECENCY,434,evaluation,True,260432.8642411232,567.7522339820862,20.99106725945398,13.292699760112766,13.279869546775943,0.012830213336702243,7.698367499341215,228,29884416,2250,3,228,261000.6164751053
HIGH-RECENCY,435,evaluation,True,261000.6164751053,605.6573100090027,22.70817178886745,20.01395908425101,19.833550571945857,0.18040851230559263,2.694212704616441,134,17563648,3500,45,134,261606.2737851143
HIGH-RECENCY,436,evaluation,True,261606.2737851143,627.3731169700623,18.281184866524793,13.210012691690578,13.210012691690578,0.0,5.071172174834216,227,29753344,2387,0,227,262233.64690208435
HIGH-RECENCY,437,evaluation,True,262233.64690208435,571.118616104126,14.162557760196563,9.257381545581229,9.257381545581229,0.0,4.905176214615335,228,29884416,1467,0,228,262804.7655181885
HIGH-RECENCY,438,evaluation,True,262804.7655181885,596.3689579963684,18.447953996045236,12.64428080057991,12.379632078154648,0.2646487224260395,5.803673195465325,143,18743296,2067,65,143,263401.13447618484
HIGH-RECENCY,439,evaluation,True,263401.13447618484,603.4520518779755,17.36443402336549,13.256979427861829,13.148338749028472,0.10864067883342207,4.107454595503661,200,26214400,2281,27,200,264004.5865280628
HIGH-RECENCY,440,evaluation,True,264004.5865280628,602.2682180404663,23.633332885991724,18.31852128285387,17.633142824525088,0.6853784583298934,5.314811603137854,222,29097984,2966,170,222,264606.8547461033
HIGH-RECENCY,441,evaluation,True,264606.8547461033,604.1961569786072,20.822534781266505,17.694562713618925,17.075671614078477,0.6188910995421145,3.1279720676475815,293,38404096,2986,154,293,265211.0509030819
HIGH-RECENCY,442,evaluation,True,265211.0509030819,592.662770986557,29.64035453919077,22.42342621317943,22.28412889841976,0.13929731475946874,7.216928326011342,341,44695552,3992,34,341,265803.71367406845
HIGH-RECENCY,443,evaluation,True,265803.71367406845,600.8238849639893,22.792113586433953,17.21396315357093,17.21396315357093,0.0,5.578150432863024,415,54394880,3207,0,415,266404.53755903244
HIGH-RECENCY,444,evaluation,True,266404.53755903244,596.6354999542236,19.466546644172947,12.444816685539685,12.355283287974913,0.08953339756501952,7.021729958633262,98,12845056,2115,22,98,267001.17305898666
HIGH-RECENCY,445,evaluation,True,267001.17305898666,621.5186331272125,19.88362262906586,15.609152580925862,15.609152580925862,0.0,4.2744700481399995,73,9568256,2864,0,73,267622.6916921139
HIGH-RECENCY,446,evaluation,True,267622.6916921139,584.6906569004059,20.111312743089094,16.515749640649194,16.490832593665527,0.024917046983445074,3.5955631024398986,140,18350080,2708,6,140,268207.3823490143
HIGH-RECENCY,447,evaluation,True,268207.3823490143,594.4430921077728,16.417510063351767,14.041369111032898,14.041369111032898,0.0,2.37614095231887,154,20185088,2464,0,154,268801.82544112206
HIGH-RECENCY,448,evaluation,True,268801.82544112206,598.7071039676666,20.06620928942271,15.82886694770986,15.82886694770986,0.0,4.23734234171285,142,18612224,2811,0,142,269400.5325450897
HIGH-RECENCY,449,evaluation,True,269400.5325450897,602.7299509048462,15.928787944477959,13.402146169672692,13.236975641139898,0.16517052853235184,2.5266417748052667,237,31064064,2207,41,237,270003.26249599457
HIGH-RECENCY,450,evaluation,True,270003.26249599457,612.0116810798645,18.792490620314343,16.55076872696901,16.52299655770841,0.02777216926137505,2.2417218933453307,83,10878976,3099,7,83,270615.27417707443
HIGH-RECENCY,451,evaluation,True,270615.27417707443,594.4401979446411,19.69418029346423,15.009142577131668,15.009142577131668,0.0,4.685037716332559,65,8519680,2793,0,65,271209.7143750191
HIGH-RECENCY,452,evaluation,True,271209.7143750191,599.8474481105804,17.17606805358757,13.461496961062883,13.461496961062883,0.0,3.7145710925246873,135,17694720,2352,0,135,271809.56182312965
HIGH-RECENCY,453,evaluation,True,271809.56182312965,597.8840329647064,16.401941310133154,12.112191817150942,12.112191817150942,0.0,4.289749492982214,3,393216,1851,0,3,272407.44585609436
HIGH-RECENCY,454,evaluation,True,272407.44585609436,607.1599400043488,19.86195315238611,16.359460174081644,16.359460174081644,0.0,3.502492978304468,156,20447232,2933,0,156,273014.6057960987
HIGH-RECENCY,455,evaluation,True,273014.6057960987,589.6872940063477,19.17902117286349,15.258521765183735,15.122639228892492,0.13588253629107544,3.9204994076797544,216,28311552,2607,33,216,273604.29309010506
HIGH-RECENCY,456,evaluation,True,273604.29309010506,595.7286388874054,21.576533176680265,15.93934203121565,15.849672339461712,0.08966969175524565,5.637191145464612,243,31850496,2823,22,243,274200.02172899246
HIGH-RECENCY,457,evaluation,True,274200.02172899246,607.1092011928558,24.275418979594736,17.734780346413526,17.64679155738788,0.0879887890248375,6.54063863318121,166,21757952,3294,22,166,274807.1309301853
HIGH-RECENCY,458,evaluation,True,274807.1309301853,595.0498688220978,13.465470177287445,10.811728912317738,10.811728912317738,0.0,2.653741264969707,25,3276800,1926,0,25,275402.1807990074
HIGH-RECENCY,459,evaluation,True,275402.1807990074,600.3142330646515,23.547205500271414,17.914520262043816,17.805311722668165,0.10920853937571759,5.632685238227598,330,43253760,3047,27,330,276002.49503207207
HIGH-RECENCY,460,evaluation,True,276002.49503207207,606.752445936203,15.195042136005029,10.28980830267439,10.261795408601603,0.02801289407356723,4.905233833330638,127,16646144,1867,7,127,276609.24747800827
HIGH-RECENCY,461,evaluation,True,276609.24747800827,598.1475331783295,16.23591160255343,9.572922223873725,9.572922223873725,0.0,6.662989378679702,65,8519680,1582,0,65,277207.3950111866
HIGH-RECENCY,462,evaluation,True,277207.3950111866,597.5572519302368,16.033272690356508,14.480931618240758,14.480931618240758,0.0,1.5523410721157511,328,42991616,2406,0,328,277804.95226311684
HIGH-RECENCY,463,evaluation,True,277804.95226311684,595.8733739852905,16.78697889453874,12.974921508401215,12.705977774290751,0.2689437341101485,3.812057386137526,58,7602176,2013,66,58,278400.8256371021
HIGH-RECENCY,464,evaluation,True,278400.8256371021,599.8754658699036,12.652473945401029,9.953163361158316,9.86411353922265,0.08904982193485932,2.6993105842427134,23,3014656,1766,22,23,279000.70110297203
HIGH-RECENCY,465,evaluation,True,279000.70110297203,600.8244521617889,12.876230146780859,9.4633465779353,9.4633465779353,0.0,3.41288356884556,41,5373952,1697,0,41,279601.5255551338
HIGH-RECENCY,466,evaluation,True,279601.5255551338,613.9401819705963,23.305903211120818,18.14960841462261,18.14960841462261,0.0,5.156294796498209,100,13107200,3405,0,100,280215.4657371044
HIGH-RECENCY,467,evaluation,True,280215.4657371044,598.3754780292511,16.814692414592933,14.718561222177673,14.653635368300197,0.06492585387688257,2.09613119241526,314,41156608,2585,16,314,280813.84121513367
HIGH-RECENCY,468,evaluation,True,280813.84121513367,606.3852188587189,20.926676055043423,15.536710416456513,15.536710416456513,0.0,5.3899656385869115,132,17301504,2696,0,132,281420.2264339924
HIGH-RECENCY,469,evaluation,True,281420.2264339924,581.247661113739,18.997862410836753,14.478674029528703,14.478674029528703,0.0,4.519188381308049,3,393216,2545,0,3,282001.4740951061
HIGH-RECENCY,470,evaluation,True,282001.4740951061,606.8119549751282,18.82422722411848,13.383904424466524,13.335887029788864,0.04801739467826069,5.440322799651956,67,8781824,2425,12,67,282608.28605008125
HIGH-RECENCY,471,evaluation,True,282608.28605008125,598.4392540454865,19.922793340314698,14.617342091875438,14.479389355656405,0.137952736218835,5.305451248439261,194,25427968,2674,34,194,283206.72530412674
HIGH-RECENCY,472,evaluation,True,283206.72530412674,594.4740259647369,19.758411566923506,15.948360006973733,15.948360006973733,0.0,3.8100515599497737,231,30277632,3010,0,231,283801.1993300915
HIGH-RECENCY,473,evaluation,True,283801.1993300915,601.5738379955292,16.905038649968585,11.125472710198954,10.9680573378604,0.15741537233817698,5.77956593976963,119,15597568,1928,39,119,284402.773168087
HIGH-RECENCY,474,evaluation,True,284402.773168087,604.514729976654,21.176081043125347,15.170329507169356,15.170329507169356,0.0,6.00575153595599,148,19398656,2777,0,148,285007.28789806366
HIGH-RECENCY,475,evaluation,True,285007.28789806366,593.0383701324463,27.657177853598995,20.298699935238428,19.795090575876856,0.5036093593623207,7.358477918360568,266,34865152,3427,123,266,285600.3262681961
HIGH-RECENCY,476,evaluation,True,285600.3262681961,601.1952559947968,21.572313428697136,16.70440456733938,16.70440456733938,0.0,4.867908861357753,208,27262976,3044,0,208,286201.5215241909
HIGH-RECENCY,477,evaluation,True,286201.5215241909,598.614147901535,28.103568103356036,21.587741148481502,21.587741148481502,0.0,6.515826954874534,255,33423360,3796,0,255,286800.13567209244
HIGH-RECENCY,478,evaluation,True,286800.13567209244,600.6756680011749,27.852505680795694,18.56289884336667,18.56289884336667,0.0,9.289606837429025,129,16908288,3316,0,129,287400.8113400936
HIGH-RECENCY,479,evaluation,True,287400.8113400936,605.0270938873291,21.588818511240966,15.044485415249971,15.01237938293927,0.03210603231040736,6.5443330959909956,371,48627712,2754,8,371,288005.83843398094
HIGH-RECENCY,480,evaluation,True,288005.83843398094,601.7834401130676,21.372692989545392,10.182356985295483,10.0935894987581,0.08876748653763049,11.190336004249907,301,39452672,1778,22,301,288607.621874094
HIGH-RECENCY,481,evaluation,True,288607.621874094,592.6637959480286,23.10269829326729,15.4250041158924,15.322579796880294,0.10242431901223857,7.6776941773748915,69,9043968,2477,25,69,289200.28567004204
HIGH-RECENCY,482,evaluation,True,289200.28567004204,603.463907957077,20.59002994876188,13.995300127796769,13.910803482151252,0.08449664564579522,6.594729820965112,78,10223616,2339,21,78,289803.7495779991
HIGH-RECENCY,483,evaluation,True,289803.7495779991,596.3360121250153,19.939345413119533,13.288054281514981,13.169973712869158,0.11808056864580652,6.651291131604553,154,20185088,2182,29,154,290400.08559012413
HIGH-RECENCY,484,evaluation,True,290400.08559012413,601.8994419574738,17.030390852727827,11.980720214208283,11.9161744842371,0.06454572997059167,5.049670638519545,35,4587520,1954,16,35,291001.9850320816
HIGH-RECENCY,485,evaluation,True,291001.9850320816,601.1798310279846,15.435976892178715,10.020166347090447,9.911115049665344,0.10905129742516749,5.415810545088268,119,15597568,1704,27,119,291603.1648631096
HIGH-RECENCY,486,evaluation,True,291603.1648631096,599.909322977066,16.47103689702685,13.667534342673273,13.667534342673273,0.0,2.803502554353577,161,21102592,2298,0,161,292203.07418608665
HIGH-RECENCY,487,evaluation,True,292203.07418608665,601.6283791065216,17.165324680962467,13.0900729359772,12.593654076708289,0.4964188592685996,4.075251744985265,189,24772608,2160,123,189,292804.7025651932
HIGH-RECENCY,488,evaluation,True,292804.7025651932,601.3426949977875,16.22095235460123,12.783375043265366,12.56129367492439,0.22208136834105993,3.4375773113358665,142,18612224,2361,55,142,293406.04526019096
HIGH-RECENCY,489,evaluation,True,293406.04526019096,594.6596539020538,18.019275366199903,14.745315237718584,14.586069576649798,0.15924566106946592,3.2739601284813182,212,27787264,2375,39,212,294000.704914093
HIGH-RECENCY,490,evaluation,True,294000.704914093,599.934849023819,15.424379465829468,9.901457174709021,9.901457174709021,0.0,5.522922291120446,60,7864320,1736,0,60,294600.63976311684
HIGH-RECENCY,491,evaluation,True,294600.63976311684,620.4672830104828,24.002747587513667,17.03034760027202,17.03034760027202,0.0,6.972399987241647,354,46399488,3102,0,354,295221.1070461273
HIGH-RECENCY,492,evaluation,True,295221.1070461273,578.9886729717255,20.585236702364206,16.7487706366829,16.673283333137334,0.07548730354597254,3.836466065681308,235,30801920,2647,18,235,295800.09571909904
HIGH-RECENCY,493,evaluation,True,295800.09571909904,600.0915110111237,18.299737444228533,14.323038861437114,14.205697265824377,0.11734159561272164,3.9766985827914185,56,7340032,2261,29,56,296400.18723011017
HIGH-RECENCY,494,evaluation,True,296400.18723011017,612.9890279769897,22.61035094400789,19.66861200831368,19.312110572629912,0.35650143568257436,2.9417389356942096,125,16384000,3323,90,125,297013.17625808716
HIGH-RECENCY,495,evaluation,True,297013.17625808716,592.6828289031982,15.486747980721427,10.3538156493929,9.976906259592248,0.37690938980148453,5.1329323313285276,84,11010048,1738,92,84,297605.85908699036
HIGH-RECENCY,496,evaluation,True,297605.85908699036,595.4917449951172,21.761982941816314,16.524054149589606,16.487356500903434,0.03669764868583933,5.237928792226706,62,8126464,2991,9,62,298201.3508319855
HIGH-RECENCY,497,evaluation,True,298201.3508319855,600.1544370651245,23.525413205162163,19.377944094887088,19.349623231210455,0.028320863676367856,4.1474691102750745,158,20709376,3467,7,158,298801.5052690506
HIGH-RECENCY,498,evaluation,True,298801.5052690506,611.9766869544983,23.272535900217484,18.66521871448952,18.585865122108963,0.0793535923798301,4.607317185727963,335,43909120,3224,20,335,299413.4819560051
HIGH-RECENCY,499,evaluation,True,299413.4819560051,591.5061221122742,23.126633762790412,15.451613809303431,15.451613809303431,0.0,7.675019953486982,78,10223616,2659,0,78,300004.98807811737
HIGH-RECENCY,500,evaluation,True,300004.98807811737,607.5606799125671,23.643898342244572,18.62467090075825,18.62467090075825,0.0,5.019227441486322,234,30670848,3292,0,234,300612.54875802994
HIGH-RECENCY,501,evaluation,True,300612.54875802994,589.3152241706848,21.18480476996473,16.392456874697015,16.33477334201392,0.057683532682572494,4.792347895267717,228,29884416,2741,14,228,301201.8639822006
HIGH-RECENCY,502,evaluation,True,301201.8639822006,606.2521409988403,18.747104149182398,14.049470165146412,13.668981437648263,0.38048872749884904,4.6976339840359875,362,47448064,2413,95,362,301808.11612319946
HIGH-RECENCY,503,evaluation,True,301808.11612319946,593.5560967922211,22.48913391792289,15.024069760751226,14.459537466514664,0.5645322942388731,7.465064157171662,444,58195968,2469,138,444,302401.6722199917
HIGH-RECENCY,504,evaluation,True,302401.6722199917,599.0710070133209,22.047912836929438,16.550975884542705,16.550975884542705,0.0,5.496936952386733,353,46268416,3031,0,353,303000.743227005
HIGH-RECENCY,505,evaluation,True,303000.743227005,600.9241859912872,17.480924902165583,10.842791100087698,10.842791100087698,0.0,6.638133802077886,125,16384000,1973,0,125,303601.6674129963
HIGH-RECENCY,506,evaluation,True,303601.6674129963,602.6439890861511,28.720837649412395,18.91701169210628,18.91701169210628,0.0,9.803825957306117,17,2228224,3340,0,17,304204.31140208244
HIGH-RECENCY,507,evaluation,True,304204.31140208244,604.3887209892273,21.483318592578527,11.27792229079001,11.093117614900624,0.18480467588979363,10.205396301788516,32,4194304,1985,46,32,304808.70012307167
HIGH-RECENCY,508,evaluation,True,304808.70012307167,613.9808869361877,29.923892626179168,20.90986519112695,19.968639918177917,0.9412252729528294,9.014027435052219,416,54525952,3168,238,416,305422.68101000786
HIGH-RECENCY,509,evaluation,True,305422.68101000786,586.7669711112976,21.967083504444044,15.615443120913119,15.594752390626917,0.020690730287094117,6.351640383530927,198,25952256,2374,5,198,306009.44798111916
HIGH-RECENCY,510,evaluation,True,306009.44798111916,590.7736899852753,17.661032385238133,12.855476933766274,11.322416904108833,1.5330600296605819,4.805555451471859,380,49807360,1676,373,380,306600.22167110443
HIGH-RECENCY,511,evaluation,True,306600.22167110443,607.8314030170441,23.85047358544546,15.451440288784168,15.43146659693499,0.019973691850038503,8.399033296661292,23,3014656,2771,5,23,307208.0530741215
HIGH-RECENCY,512,evaluation,True,307208.0530741215,601.6521179676056,21.552268108463327,14.367748257218228,14.09735190553074,0.270396351689227,7.1845198512451,205,26869760,2388,67,205,307809.7051920891
HIGH-RECENCY,513,evaluation,True,307809.7051920891,602.3282001018524,17.66981259755656,11.913609992337534,11.913609992337534,0.0,5.756202605219028,144,18874368,1916,0,144,308412.03339219093
HIGH-RECENCY,514,evaluation,True,308412.03339219093,589.969076871872,22.9947323902234,17.22147864767043,17.209131589883825,0.01234705778650722,5.7732537425529715,300,39321600,2971,3,300,309002.0024690628
HIGH-RECENCY,515,evaluation,True,309002.0024690628,599.2117929458618,22.882916271221738,18.14945767655651,17.715872026428436,0.43358565012940703,4.733458594665231,272,35651584,3030,107,272,309601.21426200867
HIGH-RECENCY,516,evaluation,True,309601.21426200867,601.8957331180573,22.26387968993563,14.806429870754327,14.221480588501375,0.5849492822528688,7.4574498191813055,163,21364736,2236,145,163,310203.1099951267
HIGH-RECENCY,517,evaluation,True,310203.1099951267,598.1832180023193,23.241411593001388,17.322021267734257,17.167772804233078,0.1542484635008347,5.91939032526713,38,4980736,2848,38,38,310801.29321312904
HIGH-RECENCY,518,evaluation,True,310801.29321312904,607.8051509857178,24.536503107493456,16.720987242570413,16.453328211678215,0.26765903089287857,7.815515864923043,331,43384832,2974,67,331,311409.09836411476
HIGH-RECENCY,519,evaluation,True,311409.09836411476,594.5417749881744,21.703197649507082,17.49270804032614,17.100641001630507,0.3920670386952668,4.210489609180943,212,27787264,2990,96,212,312003.64013910294
HIGH-RECENCY,520,evaluation,True,312003.64013910294,597.5754210948944,24.30678281331067,18.844847949194765,18.637619715798774,0.20722823339622473,5.461934864115902,338,44302336,3337,51,338,312601.21556019783
HIGH-RECENCY,521,evaluation,True,312601.21556019783,602.3913249969482,23.605462955975277,17.805153756514965,17.760814801750335,0.044338954764219465,5.80030919946031,254,33292288,3288,11,254,313203.6068851948
HIGH-RECENCY,522,evaluation,True,313203.6068851948,604.3398969173431,17.743100037828768,14.138008801402314,14.03354554578527,0.10446325561714409,3.605091236426454,242,31719424,2664,26,242,313807.9467821121
HIGH-RECENCY,523,evaluation,True,313807.9467821121,593.4298169612885,20.690534250951423,15.666093307924337,15.666093307924337,0.0,5.024440943027086,84,11010048,2921,0,84,314401.3765990734
HIGH-RECENCY,524,evaluation,True,314401.3765990734,600.5333750247955,26.224243424236604,19.508751807786886,19.23380844580396,0.2749433619835856,6.71549161644972,327,42860544,3494,68,327,315001.9099740982
HIGH-RECENCY,525,evaluation,True,315001.9099740982,610.6722888946533,21.600094036442076,15.373213274476415,15.289714027960029,0.08349924651562547,6.2268807619656625,417,54657024,2635,21,417,315612.58226299286
HIGH-RECENCY,526,evaluation,True,315612.58226299286,589.8566091060638,28.03892828971242,20.474814646899464,20.026119344380305,0.4486953025193426,7.564113642812955,249,32636928,3273,109,249,316202.4388720989
HIGH-RECENCY,527,evaluation,True,316202.4388720989,597.579696893692,24.801547639469653,18.17819061519633,17.662155373413242,0.5160352417847354,6.623357024273325,413,54132736,2847,127,413,316800.0185689926
HIGH-RECENCY,528,evaluation,True,316800.0185689926,603.3526442050934,24.427526948741153,18.921048247175733,18.03970644505329,0.8813418021238669,5.506478701565421,710,93061120,2746,219,710,317403.3712131977
HIGH-RECENCY,529,evaluation,True,317403.3712131977,602.7873759269714,19.59741280231666,15.251167033096486,15.239082536016157,0.01208449708021418,4.346245769220176,88,11534336,2507,3,88,318006.1585891247
HIGH-RECENCY,530,evaluation,True,318006.1585891247,597.3435530662537,21.253805378244113,17.411749691450964,16.643488141526888,0.7682615499244922,3.842055686793149,537,70385664,2200,189,537,318603.50214219093
HIGH-RECENCY,531,evaluation,True,318603.50214219093,609.1301968097687,18.12199731101905,13.486166086242662,13.438331437279654,0.04783464896360627,4.635831224776387,80,10485760,2174,12,80,319212.6323390007
HIGH-RECENCY,532,evaluation,True,319212.6323390007,588.7956221103668,17.012194283630862,15.07037071123574,14.959025724796428,0.1113449864393793,1.9418235723951216,443,58064896,2075,27,443,319801.42796111107
HIGH-RECENCY,533,evaluation,True,319801.42796111107,599.736829996109,16.782953746429456,12.331733042545046,11.797310601765439,0.5344224407810569,4.451220703884409,397,52035584,1743,132,397,320401.1647911072
HIGH-RECENCY,534,evaluation,True,320401.1647911072,600.913822889328,14.321379523324143,12.705348182213772,12.705348182213772,0.0,1.6160313411103717,129,16908288,2105,0,129,321002.0786139965
HIGH-RECENCY,535,evaluation,True,321002.0786139965,604.3081951141357,14.879433812838581,13.856604529533435,13.559270435549763,0.29733409398409566,1.0228292833051453,173,22675456,2480,74,173,321606.38680911064
HIGH-RECENCY,536,evaluation,True,321606.38680911064,597.2946569919586,16.030434979292057,12.054173058650584,12.054173058650584,0.0,3.976261920641472,213,27918336,2189,0,213,322203.6814661026
HIGH-RECENCY,537,evaluation,True,322203.6814661026,597.7585120201111,19.648951954073468,16.258550356458713,16.181371328126804,0.07717902833120044,3.3904015976147535,224,29360128,3010,19,224,322801.4399781227
HIGH-RECENCY,538,evaluation,True,322801.4399781227,601.6436669826508,18.543767838006435,14.880644901057101,14.795892615294887,0.08475228576144275,3.6631229369493323,276,36175872,2811,21,276,323403.08364510536
HIGH-RECENCY,539,evaluation,True,323403.08364510536,610.6848850250244,16.885044299103185,12.289102000552829,12.289102000552829,0.0,4.595942298550359,65,8519680,2183,0,65,324013.7685301304
HIGH-RECENCY,540,evaluation,True,324013.7685301304,596.5450639724731,28.597997373201878,23.128794022662763,23.128794022662763,0.0,5.469203350539115,787,103153664,3801,0,787,324610.31359410286
HIGH-RECENCY,541,evaluation,True,324610.31359410286,601.6595799922943,17.738765391768947,13.345274672449593,13.345274672449593,0.0,4.393490719319353,430,56360960,2228,0,430,325211.97317409515
HIGH-RECENCY,542,evaluation,True,325211.97317409515,592.0250029563904,22.6950602701571,17.965021718040276,17.903500817335523,0.06152090070525289,4.730038552116822,364,47710208,2997,15,364,325803.99817705154
HIGH-RECENCY,543,evaluation,True,325803.99817705154,604.0076880455017,20.396750469614062,16.32184170191196,16.10878025213623,0.21306144977589253,4.0749087677021025,287,37617664,2731,53,287,326408.00586509705
HIGH-RECENCY,544,evaluation,True,326408.00586509705,617.6384789943695,15.101068172083233,12.202357131977447,12.202357131977447,0.0,2.8987110401057863,140,18350080,2354,0,140,327025.6443440914
HIGH-RECENCY,545,evaluation,True,327025.6443440914,580.8222970962524,19.09642221394356,15.159461721714075,15.159461721714075,0.0,3.9369604922294834,255,33423360,2679,0,255,327606.46664118767
HIGH-RECENCY,546,evaluation,True,327606.46664118767,594.6543138027191,15.286757098761694,12.756296321260972,12.519467313949457,0.23682900731148246,2.530460777500722,435,57016320,2303,58,435,328201.1209549904
HIGH-RECENCY,547,evaluation,True,328201.1209549904,636.8989560604095,18.23591117383343,16.916111765184155,16.916111765184155,0.0,1.319799408649273,119,15597568,3332,0,119,328838.0199110508
HIGH-RECENCY,548,evaluation,True,328838.0199110508,564.5131440162659,19.70029620027551,16.30607245828878,16.01358561920906,0.29248683908041867,3.3942237419867274,198,25952256,2881,68,198,329402.53305506706
HIGH-RECENCY,549,evaluation,True,329402.53305506706,597.7432889938354,15.536907788136133,12.99071492408791,12.99071492408791,0.0,2.546192864048222,10,1310720,2356,0,10,330000.2763440609
HIGH-RECENCY,550,evaluation,True,330000.2763440609,606.4323580265045,16.134478260372067,12.968119193664844,12.968119193664844,0.0,3.166359066707224,83,10878976,2410,0,83,330606.7087020874
HIGH-RECENCY,551,evaluation,True,330606.7087020874,600.1460230350494,12.868290780787037,9.695565134004442,9.667243873270111,0.028321260734066444,3.1727256467825957,114,14942208,1850,7,114,331206.85472512245
HIGH-RECENCY,552,evaluation,True,331206.85472512245,595.9426519870758,18.62808829298205,14.170171456849163,14.170171456849163,0.0,4.457916836132887,58,7602176,2649,0,58,331802.7973771095
HIGH-RECENCY,553,evaluation,True,331802.7973771095,611.1088600158691,18.548208820234365,13.179784722101642,13.179784722101642,0.0,5.368424098132721,250,32768000,2383,0,250,332413.9062371254
HIGH-RECENCY,554,evaluation,True,332413.9062371254,596.2781889438629,14.37865623402934,12.676127663466037,12.676127663466037,0.0,1.702528570563302,64,8388608,2363,0,64,333010.18442606926
HIGH-RECENCY,555,evaluation,True,333010.18442606926,593.2924120426178,16.021687872789926,11.650265929937438,11.650265929937438,0.0,4.371421942852489,3,393216,2202,0,3,333603.4768381119
HIGH-RECENCY,556,evaluation,True,333603.4768381119,624.1074090003967,10.27065867197656,6.921633351962419,6.921633351962419,0.0,3.349025320014142,55,7208960,1266,0,55,334227.5842471123
HIGH-RECENCY,557,evaluation,True,334227.5842471123,581.3111720085144,19.21598069303371,14.724570112732389,14.724570112732389,0.0,4.491410580301323,347,45481984,2499,0,347,334808.8954191208
HIGH-RECENCY,558,evaluation,True,334808.8954191208,594.387099981308,18.949756272202695,15.761993688989655,15.761993688989655,0.0,3.1877625832130403,158,20709376,2727,0,158,335403.2825191021
HIGH-RECENCY,559,evaluation,True,335403.2825191021,598.66171002388,21.489462578787016,18.325986529390104,18.106966540432435,0.21901998895778604,3.163476049396912,141,18481152,3425,54,141,336001.944229126
HIGH-RECENCY,560,evaluation,True,336001.944229126,598.6646599769592,16.018459006831666,12.868431705433965,12.556126963789763,0.31230474164453054,3.150027301397702,158,20709376,2188,77,158,336600.60888910294
HIGH-RECENCY,561,evaluation,True,336600.60888910294,600.4639608860016,14.094676016612613,11.112424986773057,10.91428113180713,0.19814385496622433,2.9822510298395564,76,9961472,1936,49,76,337201.07284998894
HIGH-RECENCY,562,evaluation,True,337201.07284998894,602.5850241184235,16.964062830372164,13.08038078289344,12.846668717052701,0.23371206584070656,3.883682047478725,111,14548992,2333,58,111,337803.65787410736
HIGH-RECENCY,563,evaluation,True,337803.65787410736,602.4941918849945,16.671018666191802,14.178401937243788,14.021227028386502,0.15717490885794047,2.492616728948014,214,28049408,2374,39,214,338406.15206599236
HIGH-RECENCY,564,evaluation,True,338406.15206599236,598.3792340755463,17.990354238610955,14.93811161822602,14.848839129515436,0.0892724887108323,3.052242620384933,259,33947648,2791,22,259,339004.5313000679
HIGH-RECENCY,565,evaluation,True,339004.5313000679,597.391844034195,17.343846194985066,11.437457362990871,11.380553700288461,0.056903662701898915,5.906388831994193,153,20054016,2129,14,153,339601.9231441021
HIGH-RECENCY,566,evaluation,True,339601.9231441021,599.1392409801483,21.549190138739206,15.707768086162499,15.707768086162499,0.0,5.841422052576708,69,9043968,2705,0,69,340201.06238508224
HIGH-RECENCY,567,evaluation,True,340201.06238508224,609.77117395401,15.148934296088752,11.199524564861019,11.163686290133073,0.03583827472762173,3.9494097312277336,176,23068672,2001,9,176,340810.83355903625
HIGH-RECENCY,568,evaluation,True,340810.83355903625,593.4158811569214,19.64836905260381,15.453164886266059,15.453164886266059,0.0,4.195204166337755,308,40370176,2711,0,308,341404.2494401932
HIGH-RECENCY,569,evaluation,True,341404.2494401932,604.6472449302673,21.516796746612055,15.950707396599935,15.950707396599935,0.0,5.566089350012121,154,20185088,2959,0,154,342008.89668512344
HIGH-RECENCY,570,evaluation,True,342008.89668512344,599.378625869751,22.089261162939728,17.725767867547066,17.725767867547066,0.0,4.363493295392662,319,41811968,3231,0,319,342608.2753109932
HIGH-RECENCY,571,evaluation,True,342608.2753109932,592.2676141262054,23.411560517884013,16.996821076412147,16.996821076412147,0.0,6.414739441471867,193,25296896,3146,0,193,343200.5429251194
HIGH-RECENCY,572,evaluation,True,343200.5429251194,600.9328889846802,18.586275957490052,13.112301866891773,13.09209888355821,0.020202983333382687,5.473974090598278,213,27918336,2385,5,213,343801.4758141041
HIGH-RECENCY,573,evaluation,True,343801.4758141041,602.802670955658,21.978016665709593,16.066108448608038,16.058052321636005,0.008056126971966874,5.911908217101554,129,16908288,3013,2,129,344404.27848505974
HIGH-RECENCY,574,evaluation,True,344404.27848505974,596.8214309215546,20.81347988416904,16.40408069828391,16.005374358955468,0.3987063393301096,4.409399185885133,190,24903680,2750,98,190,345001.0999159813
HIGH-RECENCY,575,evaluation,True,345001.0999159813,605.6617801189423,24.419611304538044,16.599497229627303,16.475216727302687,0.12428050232453453,7.82011407491074,320,41943040,2886,31,320,345606.76169610023
HIGH-RECENCY,576,evaluation,True,345606.76169610023,593.7907860279083,28.394843343531743,18.902198068837976,18.530081152984227,0.37211691585463075,9.492645274693768,281,36831232,3058,91,281,346200.55248212814
HIGH-RECENCY,577,evaluation,True,346200.55248212814,609.5440509319305,22.544077611112165,17.51914523217328,17.30801897559854,0.21112625657490153,5.024932378938887,136,17825792,3003,53,136,346810.0965330601
HIGH-RECENCY,578,evaluation,True,346810.0965330601,590.0402810573578,40.09904612810567,28.405785225425284,26.936662659273505,1.4691225661545042,11.693260902680384,569,74579968,3875,357,569,347400.13681411743
HIGH-RECENCY,579,evaluation,True,347400.13681411743,615.1559829711914,25.311976700782783,17.147406089398082,16.519805494169162,0.627600595230412,8.1645706113847,282,36962304,2817,159,282,348015.2927970886
HIGH-RECENCY,580,evaluation,True,348015.2927970886,585.5001928806305,27.889491481563738,20.40465740608668,19.861387400453605,0.5432700056335493,7.484834075477059,457,59899904,3421,131,457,348600.79298996925
HIGH-RECENCY,581,evaluation,True,348600.79298996925,610.5154061317444,23.90120711204981,18.932616163426516,18.62637358528934,0.30624257813646266,4.968590948623295,480,62914560,3223,77,480,349211.308396101
HIGH-RECENCY,582,evaluation,True,349211.308396101,590.4733560085297,15.439705384607068,12.531907006399157,12.453775756842532,0.07813124955590703,2.9077983782079113,104,13631488,2226,19,104,349801.7817521095
HIGH-RECENCY,583,evaluation,True,349801.7817521095,602.2469050884247,22.582132527557846,17.358605877983774,17.20539821267331,0.1532076653101194,5.223526649574071,48,6291456,2965,38,48,350404.02865719795
HIGH-RECENCY,584,evaluation,True,350404.02865719795,596.6380968093872,24.523139692515183,18.264635933654393,18.244287522774044,0.02034841088016823,6.25850375886079,272,35651584,3220,5,272,351000.66675400734
HIGH-RECENCY,585,evaluation,True,351000.66675400734,605.3739800453186,24.766006942622948,20.37478197928046,20.36274911608422,0.01203286319612571,4.391224963342487,294,38535168,3577,3,294,351606.04073405266
HIGH-RECENCY,586,evaluation,True,351606.04073405266,599.114100933075,28.195638845902877,19.73202863747871,19.107887721166612,0.6241409163117004,8.463610208424166,361,47316992,3478,154,361,352205.15483498573
HIGH-RECENCY,587,evaluation,True,352205.15483498573,595.8184630870819,23.135123491144647,17.442999754494885,17.251461565949217,0.19153818854604934,5.692123736649762,235,30801920,3036,47,235,352800.9732980728
HIGH-RECENCY,588,evaluation,True,352800.9732980728,603.3144299983978,21.41390548515974,16.508006048430072,16.49190746164072,0.016098586789221814,4.905899436729669,300,39321600,2940,4,300,353404.2877280712
HIGH-RECENCY,589,evaluation,True,353404.2877280712,607.5833759307861,19.86248193857993,15.207735009710069,15.207735009710069,0.0,4.654746928869861,0,0,2845,0,0,354011.871104002
HIGH-RECENCY,590,evaluation,True,354011.871104002,592.9659330844879,25.27466341371731,19.070683010302634,19.070683010302634,0.0,6.2039804034146755,223,29229056,3460,0,223,354604.8370370865
HIGH-RECENCY,591,evaluation,True,354604.8370370865,595.9984500408173,29.45929189327658,23.172169192943045,22.968466697747132,0.20370249519619651,6.287122700333534,260,34078720,3888,50,260,355200.8354871273
HIGH-RECENCY,592,evaluation,True,355200.8354871273,600.9761688709259,22.35729005517111,16.8628783620854,16.8628783620854,0.0,5.494411693085709,81,10616832,2937,0,81,355801.81165599823
HIGH-RECENCY,593,evaluation,True,355801.81165599823,599.7056159973145,21.629056136139056,14.863806634662621,14.863806634662621,0.0,6.7652495014764344,79,10354688,2566,0,79,356401.51727199554
HIGH-RECENCY,594,evaluation,True,356401.51727199554,600.8371210098267,26.13698287344773,17.246916094609645,17.246916094609645,0.0,8.890066778838086,90,11796480,3110,0,90,357002.3543930054
HIGH-RECENCY,595,evaluation,True,357002.3543930054,599.6482059955597,25.448681839911664,13.925689561847552,13.925689561847552,0.0,11.52299227806411,50,6553600,2505,0,50,357602.00259900093
HIGH-RECENCY,596,evaluation,True,357602.00259900093,598.6085391044617,21.980137599079566,14.945677767137802,14.945677767137802,0.0,7.034459831941763,77,10092544,2540,0,77,358200.6111381054
HIGH-RECENCY,597,evaluation,True,358200.6111381054,602.2497599124908,23.362300359369545,16.928012094793278,16.928012094793278,0.0,6.434288264576268,117,15335424,2962,0,117,358802.8608980179
HIGH-RECENCY,598,evaluation,True,358802.8608980179,600.8557450771332,22.167684221548818,15.99730505752531,15.99730505752531,0.0,6.170379164023506,51,6684672,2893,0,51,359403.716643095
HIGH-RECENCY,599,evaluation,True,359403.716643095,599.9573240280151,18.25426067932544,13.569681171772256,13.096162643517006,0.47351852825725577,4.684579507553185,278,36438016,2065,117,278,360003.67396712303
HIGH-RECENCY,600,evaluation,True,360003.67396712303,596.5186479091644,19.429654975192985,14.408338595047423,14.408338595047423,0.0,5.021316380145561,49,6422528,2553,0,49,360600.1926150322
HIGH-RECENCY,601,evaluation,True,360600.1926150322,616.4377069473267,19.199908850734857,15.010219339409067,15.010219339409067,0.0,4.189689511325789,18,2359296,2824,0,18,361216.6303219795
HIGH-RECENCY,602,evaluation,True,361216.6303219795,587.6306221485138,19.03980783874825,15.69814144637134,15.227086133097865,0.4710553132756407,3.3416663923769105,314,41156608,2580,114,314,361804.26094412804
HIGH-RECENCY,603,evaluation,True,361804.26094412804,605.513377904892,17.657947032676983,13.714354207097934,13.70633414505884,0.0080200620390295,3.9435928255790493,194,25427968,2405,2,194,362409.7743220329
HIGH-RECENCY,604,evaluation,True,362409.7743220329,602.9648740291595,16.58289382528025,13.899556038708221,13.645856305008431,0.25369973370062343,2.683337786572031,195,25559040,2494,63,195,363012.7391960621
HIGH-RECENCY,605,evaluation,True,363012.7391960621,588.795469045639,17.828761810122028,14.725287559082748,14.205677487288302,0.5196100717961554,3.103474251039281,306,40108032,2287,126,306,363601.5346651077
HIGH-RECENCY,606,evaluation,True,363601.5346651077,603.1259469985962,18.845532446904222,13.471352609446978,12.95201093663903,0.5193416728084558,5.374179837457243,209,27394048,2191,129,209,364204.6606121063
HIGH-RECENCY,607,evaluation,True,364204.6606121063,597.6192328929901,14.214847142624194,9.860090369003908,9.860090369003908,0.0,4.354756773620286,63,8257536,1769,0,63,364802.2798449993
HIGH-RECENCY,608,evaluation,True,364802.2798449993,604.5306880474091,13.827035891868926,11.101566068405877,11.101566068405877,0.0,2.7254698234630497,17,2228224,2093,0,17,365406.8105330467
HIGH-RECENCY,609,evaluation,True,365406.8105330467,593.3464930057526,15.703961433542867,12.57263044926085,12.347556213344424,0.22507423591650777,3.131330984282018,120,15728640,2149,55,120,366000.1570260525
HIGH-RECENCY,610,evaluation,True,366000.1570260525,601.1977109909058,20.185651057381996,16.735758349625016,16.699408998233285,0.03634935139245532,3.44989270775698,92,12058624,2977,9,92,366601.3547370434
HIGH-RECENCY,611,evaluation,True,366601.3547370434,612.0016281604767,18.125018434793873,13.90557899463146,13.762748349431835,0.14283064519831976,4.219439440162412,495,64880640,2469,36,495,367213.35636520386
HIGH-RECENCY,612,evaluation,True,367213.35636520386,588.309042930603,22.538173739184028,17.463940058622143,17.463940058622143,0.0,5.074233680561886,211,27656192,3192,0,211,367801.66540813446
HIGH-RECENCY,613,evaluation,True,367801.66540813446,599.0734479427338,18.19179709623805,11.053993892385394,10.920240334447769,0.13375355793746208,7.137803203852658,62,8126464,1997,33,62,368400.7388560772
HIGH-RECENCY,614,evaluation,True,368400.7388560772,602.3547759056091,15.768034122694932,11.886269763503009,11.688747889786946,0.19752187371530824,3.8817643591919224,197,25821184,2084,49,197,369003.0936319828
HIGH-RECENCY,615,evaluation,True,369003.0936319828,599.3368520736694,18.558422795560503,12.616119524672039,12.413551684923567,0.20256783974873488,5.942303270888464,55,7208960,2301,50,55,369602.4304840565
HIGH-RECENCY,616,evaluation,True,369602.4304840565,616.2530400753021,19.197529847618803,15.3624273861285,15.303325184511515,0.05910220161746645,3.8351024614903015,290,38010880,2792,15,290,370218.6835241318
HIGH-RECENCY,617,evaluation,True,370218.6835241318,583.1530179977417,15.365855331441162,11.132079087915328,10.890579195974524,0.24149989194078733,4.233776243525835,212,27787264,1642,58,212,370801.8365421295
HIGH-RECENCY,618,evaluation,True,370801.8365421295,600.5487079620361,19.35535676744189,15.10359561628717,14.929738811626844,0.17385680466085005,4.251761151154723,411,53870592,2548,43,411,371402.38525009155
HIGH-RECENCY,619,evaluation,True,371402.38525009155,599.3503859043121,17.95473791584821,12.280843616073795,12.280843616073795,0.0,5.673894299774413,26,3407872,2242,0,26,372001.73563599586
HIGH-RECENCY,620,evaluation,True,372001.73563599586,604.1782231330872,23.651938873897222,16.388947826510478,16.388947826510478,0.0,7.262991047386744,71,9306112,2815,0,71,372605.91385912895
HIGH-RECENCY,621,evaluation,True,372605.91385912895,595.3400120735168,25.86517275638003,16.899903596502895,16.500205133221865,0.39969846328268704,8.965269159877135,130,17039360,2730,98,130,373201.25387120247
HIGH-RECENCY,622,evaluation,True,373201.25387120247,603.4098188877106,17.237508780446152,12.65090945612452,12.433612890814219,0.21729656531041572,4.586599324321632,186,24379392,2090,54,186,373804.6636900902
HIGH-RECENCY,623,evaluation,True,373804.6636900902,601.3604300022125,20.814854732254037,15.597630824753995,15.48053682936849,0.11709399538548837,5.217223907500043,211,27656192,2571,29,211,374406.0241200924
HIGH-RECENCY,624,evaluation,True,374406.0241200924,604.4522650241852,23.79209691290255,14.365574749642954,14.192840713473881,0.17273403616959562,9.426522163259598,118,15466496,2257,43,118,375010.4763851166
HIGH-RECENCY,625,evaluation,True,375010.4763851166,590.8441669940948,19.18512893269891,13.121707970512908,12.944995589749333,0.17671238076303988,6.063420962186003,87,11403264,2058,43,87,375601.3205521107
HIGH-RECENCY,626,evaluation,True,375601.3205521107,609.80522108078,15.004743393714083,11.257750389314836,11.1263507187999,0.13139967051477433,3.746993004399246,143,18743296,1926,33,143,376211.12577319145
HIGH-RECENCY,627,evaluation,True,376211.12577319145,591.2737939357758,18.59795611484573,11.803218133464174,11.716979445882416,0.08623868758204178,6.794737981381557,76,9961472,2077,21,76,376802.3995671272
HIGH-RECENCY,628,evaluation,True,376802.3995671272,611.0954399108887,15.912391524960412,12.570029908254634,11.767402841438296,0.8026270668183416,3.3423616167057775,340,44564480,1988,202,340,377413.4950070381
HIGH-RECENCY,629,evaluation,True,377413.4950070381,600.1533019542694,19.945402460199745,16.749071373554816,16.58319171542526,0.16587965812909553,3.196331086644928,168,22020096,2849,41,168,378013.6483089924
HIGH-RECENCY,630,evaluation,True,378013.6483089924,594.5324580669403,18.367092993261082,14.263622389523123,14.17377228513632,0.08985010438705282,4.103470603737961,267,34996224,2418,22,267,378608.1807670593
HIGH-RECENCY,631,evaluation,True,378608.1807670593,593.6490590572357,22.60921727181834,17.960113806853233,17.600178571691576,0.3599352351615734,4.649103464965108,153,20054016,3119,88,153,379201.82982611656
HIGH-RECENCY,632,evaluation,True,379201.82982611656,600.3803238868713,13.27286097114535,9.912552493009686,9.912552493009686,0.0,3.3603084781356642,40,5242880,1609,0,40,379802.21015000343
HIGH-RECENCY,633,evaluation,True,379802.21015000343,606.4047071933746,17.264236400086205,12.193525638070374,12.001327069742397,0.19219856832831986,5.070710762015829,139,18219008,2050,48,139,380408.6148571968
HIGH-RECENCY,634,evaluation,True,380408.6148571968,611.5066978931427,16.028133825152494,13.41739533776682,13.234741800073056,0.18265353769416753,2.610738487385673,267,34996224,2399,46,267,381020.12155508995
HIGH-RECENCY,635,evaluation,True,381020.12155508995,584.2606871128082,15.989731849549466,13.274517889610104,12.892175335480049,0.3823425541287373,2.7152139599393617,364,47710208,2247,92,364,381604.38224220276
HIGH-RECENCY,636,evaluation,True,381604.38224220276,600.3733937740326,20.09266616524355,15.387325823289215,15.140619732294494,0.24670609099562418,4.705340341954333,162,21233664,2678,61,162,382204.7556359768
HIGH-RECENCY,637,evaluation,True,382204.7556359768,612.7868540287018,19.9148442860967,15.65871474292273,15.571541196251331,0.08717354667060735,4.25612954317397,104,13631488,2851,22,104,382817.5424900055
HIGH-RECENCY,638,evaluation,True,382817.5424900055,585.5870590209961,15.663260749876848,12.566367878759765,12.22220969863972,0.3441581801201449,3.096892871117083,203,26607616,2053,83,203,383403.1295490265
HIGH-RECENCY,639,evaluation,True,383403.1295490265,597.388689994812,15.64543575722336,12.85232911406881,11.868703465564588,0.9836256485069141,2.7931066431545504,345,45219840,1736,242,345,384000.5182390213
HIGH-RECENCY,640,evaluation,True,384000.5182390213,601.6343929767609,13.73442454763077,11.595921909457596,11.495024775897582,0.1008971335611957,2.138502638173173,104,13631488,2072,25,104,384602.15263199806
HIGH-RECENCY,641,evaluation,True,384602.15263199806,600.9407470226288,16.21108206618701,11.893777145029821,11.893777145029821,0.0,4.317304921157191,82,10747904,2049,0,82,385203.0933790207
HIGH-RECENCY,642,evaluation,True,385203.0933790207,597.4659810066223,24.61249455634266,17.060641115458647,17.060641115458647,0.0,7.551853440884015,265,34734080,3106,0,265,385800.5593600273
HIGH-RECENCY,643,evaluation,True,385800.5593600273,600.1803550720215,27.131866398827857,14.151405359440318,14.151405359440318,0.0,12.980461039387539,3,393216,2577,0,3,386400.73971509933
HIGH-RECENCY,644,evaluation,True,386400.73971509933,599.6772270202637,27.395986188057208,20.43568915514964,20.35470801000212,0.08098114514677938,6.960297032907567,484,63438848,3001,20,484,387000.4169421196
HIGH-RECENCY,645,evaluation,True,387000.4169421196,599.9532949924469,32.02473450635316,25.272784421796853,22.99826134476169,2.274523077041823,6.751950084556307,805,105512960,3446,562,805,387600.37023711205
HIGH-RECENCY,646,evaluation,True,387600.37023711205,601.7859899997711,22.119650290946907,16.443881251194153,16.18968452592379,0.254196725271198,5.675769039752754,289,37879808,2710,63,289,388202.1562271118
HIGH-RECENCY,647,evaluation,True,388202.1562271118,604.2926988601685,24.185373586526723,16.952142502099196,16.89187053209143,0.060271970008254336,7.2332310844275245,388,50855936,2862,15,388,388806.448925972
HIGH-RECENCY,648,evaluation,True,388806.448925972,597.5504930019379,23.456110141072607,16.58418401614646,16.360693264968784,0.22349075117669795,6.871926124926149,304,39845888,2737,55,304,389403.9994189739
HIGH-RECENCY,649,evaluation,True,389403.9994189739,604.0084772109985,18.11110005403451,12.925046421337191,12.728065338344045,0.19698108299343917,5.186053632697316,98,12845056,2140,49,98,390008.0078961849
HIGH-RECENCY,650,evaluation,True,390008.0078961849,600.6652438640594,19.311436350275425,13.297643061623434,13.297643061623434,0.0,6.013793288651992,119,15597568,2316,0,119,390608.673140049
HIGH-RECENCY,651,evaluation,True,390608.673140049,599.3106689453125,17.459744554888335,13.70133112814077,13.70133112814077,0.0,3.7584134267475657,300,39321600,2474,0,300,391207.9838089943
HIGH-RECENCY,652,evaluation,True,391207.9838089943,592.7067270278931,18.604185592953588,14.557456259290504,14.065855138384544,0.4916011209057601,4.046729333663083,287,37617664,2381,120,287,391800.6905360222
HIGH-RECENCY,653,evaluation,True,391800.6905360222,599.4522390365601,17.489548793736052,15.065035448492635,15.065035448492635,0.0,2.4245133452434158,385,50462720,2772,0,385,392400.14277505875
HIGH-RECENCY,654,evaluation,True,392400.14277505875,606.2852289676666,17.454764753348083,14.974097619080478,14.725792212069805,0.2483054070115347,2.4806671342676068,140,18350080,2756,62,140,393006.4280040264
HIGH-RECENCY,655,evaluation,True,393006.4280040264,598.5072090625763,11.514775887104985,10.395943946587458,10.359431191984314,0.03651275460386877,1.1188319405175262,57,7471104,1922,9,57,393604.935213089
HIGH-RECENCY,656,evaluation,True,393604.935213089,598.8399000167847,16.121091782930478,11.548147431052403,11.349466207615674,0.19868122343702502,4.572944351878074,195,25559040,1865,49,195,394203.7751131058
HIGH-RECENCY,657,evaluation,True,394203.7751131058,605.6241059303284,18.101145876025566,13.820611003799973,13.628164706817003,0.19244629698331173,4.280534872225593,44,5767168,2544,48,44,394809.3992190361
HIGH-RECENCY,658,evaluation,True,394809.3992190361,591.3112890720367,28.60925840518857,20.246853570935826,20.246853570935826,0.0,8.362404834252743,390,51118080,3444,0,390,395400.71050810814
HIGH-RECENCY,659,evaluation,True,395400.71050810814,607.7399129867554,15.584110334367981,12.69012594448996,12.658163226541916,0.03196271794879102,2.893984389878021,223,29229056,2221,8,223,396008.4504210949
HIGH-RECENCY,660,evaluation,True,396008.4504210949,601.6654980182648,19.142376836033712,14.330106804074667,14.156572706219523,0.17353409785566937,4.812270031959046,192,25165824,2508,43,192,396610.11591911316
HIGH-RECENCY,661,evaluation,True,396610.11591911316,595.0137679576874,21.101938698053164,13.606829635281757,13.606829635281757,0.0,7.495109062771406,65,8519680,2545,0,65,397205.12968707085
HIGH-RECENCY,662,evaluation,True,397205.12968707085,603.5879249572754,14.493024667336636,10.832143036346048,10.715481167371966,0.11666186897406654,3.6608816309905876,71,9306112,1848,29,71,397808.7176120281
HIGH-RECENCY,663,evaluation,True,397808.7176120281,597.175430059433,16.201610909768327,13.831007219617684,13.831007219617684,0.0,2.3706036901506415,46,6029312,2507,0,46,398405.89304208755
HIGH-RECENCY,664,evaluation,True,398405.89304208755,609.8708839416504,19.647024841884317,14.387765866871087,13.933888605152625,0.4538772617205503,5.25925897501323,312,40894464,2592,114,312,399015.7639260292
HIGH-RECENCY,665,evaluation,True,399015.7639260292,585.0573291778564,16.601651075053788,12.86788074516275,12.349100937818616,0.5187798073437303,3.7337703298910356,292,38273024,2173,125,292,399600.82125520706
HIGH-RECENCY,666,evaluation,True,399600.82125520706,601.7182018756866,10.922812874806768,6.740846015532634,6.704528106610164,0.03631790892319231,4.181966859274134,153,20054016,1201,9,153,400202.53945708275
HIGH-RECENCY,667,evaluation,True,400202.53945708275,598.0728969573975,21.536472888010927,18.358969280095952,18.358969280095952,0.0,3.177503607914974,67,8781824,3088,0,67,400800.61235404015
HIGH-RECENCY,668,evaluation,True,400800.61235404015,615.3429110050201,14.865401361942787,11.075924222245925,11.004896681464354,0.07102754078195579,3.7894771396968623,125,16384000,2039,18,125,401415.95526504517
HIGH-RECENCY,669,evaluation,True,401415.95526504517,585.652939081192,18.715024213320714,14.758313719568893,14.633933189765463,0.12438052980337803,3.9567104937518196,160,20971520,2464,30,160,402001.60820412636
HIGH-RECENCY,670,evaluation,True,402001.60820412636,603.3492548465729,22.148879763518003,17.850950065548396,17.846925651150524,0.004024414397838659,4.297929697969607,122,15990784,3198,1,122,402604.95745897293
HIGH-RECENCY,671,evaluation,True,402604.95745897293,597.0066590309143,22.485608298479924,17.108321819821622,17.108321819821622,0.0,5.377286478658303,219,28704768,2904,0,219,403201.96411800385
HIGH-RECENCY,672,evaluation,True,403201.96411800385,601.2303509712219,19.12214557737208,13.055945881545476,12.817668625535134,0.23827725601027697,6.066199695826604,276,36175872,2095,59,276,403803.19446897507
HIGH-RECENCY,673,evaluation,True,403803.19446897507,598.9345331192017,21.889135723865337,14.88156427407972,14.565346175237734,0.3162180988422837,7.007571449785616,165,21626880,2685,78,165,404402.12900209427
HIGH-RECENCY,674,evaluation,True,404402.12900209427,603.3180460929871,22.211022672186502,15.525899196476093,15.525899196476093,0.0,6.6851234757104105,88,11534336,2700,0,88,405005.44704818726
HIGH-RECENCY,675,evaluation,True,405005.44704818726,595.7651379108429,21.715315694859314,14.709053061358208,14.709053061358208,0.0,7.006262633501106,101,13238272,2596,0,101,405601.2121860981
HIGH-RECENCY,676,evaluation,True,405601.2121860981,604.3810620307922,22.91129736614233,17.339992516057958,17.110992515730008,0.2290000003279676,5.5713048500843705,130,17039360,2904,57,130,406205.5932481289
HIGH-RECENCY,677,evaluation,True,406205.5932481289,596.5810799598694,22.74152241900027,16.642797600860614,16.19508977695194,0.4477078239088397,6.098724818139655,325,42598400,2624,110,325,406802.17432808876
HIGH-RECENCY,678,evaluation,True,406802.17432808876,613.5256500244141,22.020196420333928,17.766469156173432,17.32716862405923,0.43930053211536185,4.253727264160496,344,45088768,3102,111,344,407415.6999781132
HIGH-RECENCY,679,evaluation,True,407415.6999781132,598.2528250217438,21.897324053016582,19.38740909522382,19.38740909522382,0.0,2.5099149577927644,164,21495808,3448,0,164,408013.9528031349
HIGH-RECENCY,680,evaluation,True,408013.9528031349,594.8813149929047,11.927823087234014,7.969993924341484,7.969993924341484,0.0,3.957829162892531,0,0,1479,0,0,408608.8341181278
HIGH-RECENCY,681,evaluation,True,408608.8341181278,614.592325925827,14.994541770664814,10.90709812120666,10.90709812120666,0.0,4.087443649458154,1,131072,2024,0,1,409223.42644405365
HIGH-RECENCY,682,evaluation,True,409223.42644405365,578.3600199222565,21.033755979914037,15.465654759328151,15.369093916733405,0.09656084259496783,5.568101220585887,32,4194304,2582,23,32,409801.7864639759
HIGH-RECENCY,683,evaluation,True,409801.7864639759,600.6508181095123,27.336736169780554,19.881519918554556,19.881519918554556,0.0,7.455216251225997,189,24772608,3642,0,189,410402.4372820854
HIGH-RECENCY,684,evaluation,True,410402.4372820854,598.0016260147095,16.438199333297653,12.538198763483676,12.452930306388788,0.08526845709516793,3.9000005698139795,244,31981568,2146,21,244,411000.4389081001
HIGH-RECENCY,685,evaluation,True,411000.4389081001,600.3730878829956,20.91835762175418,17.710432641733757,17.31812931354975,0.392303328183595,3.207924980020421,114,14942208,3098,97,114,411600.8119959831
HIGH-RECENCY,686,evaluation,True,411600.8119959831,605.5192921161652,17.66642010689847,14.571845234186615,14.423475535632017,0.14836969855533097,3.0945748727118554,285,37355520,2426,37,285,412206.3312880993
HIGH-RECENCY,687,evaluation,True,412206.3312880993,606.8748950958252,15.876521236779492,12.377008357883025,12.377008357883025,0.0,3.4995128788964673,139,18219008,2212,0,139,412813.2061831951
HIGH-RECENCY,688,evaluation,True,412813.2061831951,589.285787820816,19.931463689728258,14.14391761530011,14.14391761530011,0.0,5.787546074428148,187,24510464,2538,0,187,413402.49197101593
HIGH-RECENCY,689,evaluation,True,413402.49197101593,599.9954261779785,14.804276282698295,11.605210197059312,11.605210197059312,0.0,3.199066085638982,131,17170432,2052,0,131,414002.4873971939
HIGH-RECENCY,690,evaluation,True,414002.4873971939,607.1162369251251,17.542969455990043,14.78261715617001,14.78261715617001,0.0,2.7603522998200316,102,13369344,2670,0,102,414609.60363411903
HIGH-RECENCY,691,evaluation,True,414609.60363411903,595.9546229839325,21.52619005519603,18.414804900634177,18.414804900634177,0.0,3.1113851545618525,92,12058624,3112,0,92,415205.55825710297
HIGH-RECENCY,692,evaluation,True,415205.55825710297,594.9076769351959,15.400520899445361,13.03656996914699,13.024325409920632,0.012244559226242683,2.3639509302983703,71,9306112,2428,3,71,415800.46593403816
HIGH-RECENCY,693,evaluation,True,415800.46593403816,600.9612090587616,22.21947076492468,17.9408259954448,17.742846088947328,0.19797990649777014,4.278644769479877,144,18874368,3181,49,144,416401.4271430969
HIGH-RECENCY,694,evaluation,True,416401.4271430969,603.9718050956726,16.383260131581054,13.591201343244851,13.591201343244851,0.0,2.7920587883362007,197,25821184,2565,0,197,417005.3989481926
HIGH-RECENCY,695,evaluation,True,417005.3989481926,601.8689208030701,17.951335965194833,14.188096808479267,13.974278235627361,0.21381857285310304,3.7632391567155645,215,28180480,2464,53,215,417607.26786899567
HIGH-RECENCY,696,evaluation,True,417607.26786899567,599.1136500835419,23.564385076642292,17.996152283016468,17.996152283016468,0.0,5.568232793625824,321,42074112,3230,0,321,418206.3815190792
HIGH-RECENCY,697,evaluation,True,418206.3815190792,599.2628300189972,18.130326891761467,13.838923866486661,13.838923866486661,0.0,4.291403025274805,70,9175040,2534,0,70,418805.6443490982
HIGH-RECENCY,698,evaluation,True,418805.6443490982,600.6163499355316,20.63182654890769,16.513695463761024,16.513695463761024,0.0,4.118131085146663,65,8519680,3006,0,65,419406.26069903374
HIGH-RECENCY,699,evaluation,True,419406.26069903374,596.0480899810791,18.306408148787007,13.327209439440615,13.152039883217205,0.17516955622288122,4.979198709346392,30,3932160,2426,43,30,420002.3087890148
HIGH-RECENCY,700,evaluation,True,420002.3087890148,599.1079921722412,18.748638566366274,14.849890421140804,14.343277368935619,0.5066130522068983,3.89874814522547,258,33816576,2526,125,258,420601.41678118706
HIGH-RECENCY,701,evaluation,True,420601.41678118706,599.520448923111,20.722046463303407,17.1640356616169,16.430964645808437,0.7330710158102213,3.5580108016865064,348,45613056,2715,181,348,421200.93723011017
HIGH-RECENCY,702,evaluation,True,421200.93723011017,614.2234539985657,20.422578663938044,15.601961237721477,15.53871057772657,0.06325065999535673,4.820617426216566,264,34603008,2944,16,264,421815.16068410873
HIGH-RECENCY,703,evaluation,True,421815.16068410873,606.0842800140381,16.806651190504986,13.966105096700495,13.849923737543525,0.11618135915695323,2.840546093804493,65,8519680,2523,29,65,422421.2449641228
HIGH-RECENCY,704,evaluation,True,422421.2449641228,597.1474289894104,15.380882155338677,11.900986275141946,11.900986275141946,0.0,3.4798958801967306,1,131072,2269,0,1,423018.3923931122
HIGH-RECENCY,705,evaluation,True,423018.3923931122,593.198714017868,16.741295427210225,13.678770089991232,13.28581537247279,0.39295471752019,3.0625253372189936,279,36569088,2338,96,279,423611.59110713005
HIGH-RECENCY,706,evaluation,True,423611.59110713005,588.733964920044,16.91128036938888,13.442232099644244,13.211270164241762,0.23096193540253088,3.4690482697446363,64,8388608,2085,56,64,424200.3250720501
HIGH-RECENCY,707,evaluation,True,424200.3250720501,610.858852148056,17.911859778468717,14.327226876769318,14.247728072108321,0.07949880466131927,3.5846329016993974,107,14024704,2624,20,107,424811.18392419815
HIGH-RECENCY,708,evaluation,True,424811.18392419815,595.0302457809448,17.9199590500102,12.71469388617774,12.706532528178322,0.008161357999350064,5.205265163832458,77,10092544,2285,2,77,425406.2141699791
HIGH-RECENCY,709,evaluation,True,425406.2141699791,613.6416511535645,15.696984085439338,12.289606038368808,12.075932665850896,0.21367337251699509,3.4073780470705306,111,14548992,2052,54,111,426019.85582113266
HIGH-RECENCY,710,evaluation,True,426019.85582113266,592.8513309955597,18.697452557271184,13.970550076265793,13.970550076265793,0.0,4.726902481005391,141,18481152,2648,0,141,426612.7071521282
HIGH-RECENCY,711,evaluation,True,426612.7071521282,590.8312139511108,15.91337272829751,11.605293453294534,11.605293453294534,0.0,4.308079275002976,36,4718592,2074,0,36,427203.53836607933
HIGH-RECENCY,712,evaluation,True,427203.53836607933,602.4356160163879,16.53511835374035,13.73871291245292,13.436424083127854,0.30228882932545864,2.7964054412874297,151,19791872,2518,75,151,427805.9739820957
HIGH-RECENCY,713,evaluation,True,427805.9739820957,597.4209098815918,19.060433939868815,15.657825495526978,15.657825495526978,0.0,3.4026084443418374,126,16515072,2800,0,126,428403.3948919773
HIGH-RECENCY,714,evaluation,True,428403.3948919773,599.079115152359,18.51293854217073,13.327272988074355,13.327272988074355,0.0,5.185665554096373,116,15204352,2262,0,116,429002.47400712967
HIGH-RECENCY,715,evaluation,True,429002.47400712967,597.8331639766693,17.925669693136783,14.732546512654766,14.732546512654766,0.0,3.1931231804820186,251,32899072,2588,0,251,429600.30717110634
HIGH-RECENCY,716,evaluation,True,429600.30717110634,602.2162818908691,17.416710518335396,13.132112865723188,13.132112865723188,0.0,4.2845976526122085,4,524288,2415,0,4,430202.5234529972
HIGH-RECENCY,717,evaluation,True,430202.5234529972,602.056832075119,18.731178314783296,16.499270362499253,16.499270362499253,0.0,2.2319079522840433,202,26476544,3078,0,202,430804.5802850723
HIGH-RECENCY,718,evaluation,True,430804.5802850723,596.9756920337677,24.031110353265866,20.850304733032292,20.813698306430737,0.03660642660122268,3.180805620233574,314,41156608,3749,9,314,431401.5559771061
HIGH-RECENCY,719,evaluation,True,431401.5559771061,609.5624260902405,16.441857869457863,13.68984235681409,13.506606223954996,0.18323613286053453,2.7520155126437746,296,38797312,2233,46,296,432011.11840319633
HIGH-RECENCY,720,evaluation,True,432011.11840319633,589.6707139015198,23.960256602668636,17.81129188747296,17.485988184407727,0.325303703066557,6.148964715195675,435,57016320,2773,79,435,432600.78911709785
HIGH-RECENCY,721,evaluation,True,432600.78911709785,608.4348669052124,20.21604342006946,14.943126514361344,14.711661490753517,0.23146502360674026,5.272916905708116,352,46137344,2555,58,352,433209.22398400307
HIGH-RECENCY,722,evaluation,True,433209.22398400307,593.2724471092224,27.867013272378898,19.793288564182333,19.424939301385596,0.3683492627986996,8.073724708196567,150,19660800,3299,90,150,433802.4964311123
HIGH-RECENCY,723,evaluation,True,433802.4964311123,603.8520209789276,24.17424880686101,18.427666284108966,17.945138642811923,0.48252764129683146,5.746582522752044,176,23068672,2963,120,176,434406.3484520912
HIGH-RECENCY,724,evaluation,True,434406.3484520912,594.5968089103699,18.285114588309824,13.901328731197992,13.611389322149904,0.2899394090475745,4.383785857111832,167,21889024,2478,71,167,435000.9452610016
HIGH-RECENCY,725,evaluation,True,435000.9452610016,606.0039250850677,18.606676060939876,14.228654433067451,14.228654433067451,0.0,4.3780216278724255,306,40108032,2696,0,306,435606.94918608665
HIGH-RECENCY,726,evaluation,True,435606.94918608665,603.73264503479,21.707870053954633,17.958130256117403,17.89378051593146,0.06434974018640019,3.74973979783723,206,27000832,3173,16,206,436210.68183112144
HIGH-RECENCY,727,evaluation,True,436210.68183112144,600.0036950111389,23.385895867455012,17.91406346805767,17.764329865436107,0.14973360262230545,5.471832399397345,145,19005440,3153,37,145,436810.6855261326
HIGH-RECENCY,728,evaluation,True,436810.6855261326,592.0611310005188,20.82896765014416,17.704421546609236,17.503465534216335,0.20095601239213298,3.124546103534926,80,10485760,3176,49,80,437402.7466571331
HIGH-RECENCY,729,evaluation,True,437402.7466571331,608.1527709960938,21.125263170042174,16.370187649172177,16.202497297602193,0.1676903515778059,4.755075520869997,243,31850496,2953,42,243,438010.8994281292
HIGH-RECENCY,730,evaluation,True,438010.8994281292,592.3996138572693,26.008032494870797,20.234512260006156,19.95579387252742,0.2787183874708744,5.773520234864642,451,59113472,3461,68,451,438603.29904198647
HIGH-RECENCY,731,evaluation,True,438603.29904198647,597.0175230503082,26.997625585939915,20.44594104913422,20.437806857632097,0.008134191491478772,6.551684536805695,85,11141120,3578,2,85,439200.3165650368
HIGH-RECENCY,732,evaluation,True,439200.3165650368,602.4614760875702,24.41621521655115,20.031973989228835,19.806274684985333,0.2256993042246813,4.384241227322319,299,39190528,3625,56,299,439802.77804112434
HIGH-RECENCY,733,evaluation,True,439802.77804112434,598.0910210609436,15.625829332957744,12.931277889553275,12.829782993999093,0.10149489553530629,2.694551443404469,189,24772608,2384,25,189,440400.8690621853
HIGH-RECENCY,734,evaluation,True,440400.8690621853,601.9590837955475,16.12492691421147,13.787780117628719,13.775678992346787,0.01210112527657039,2.3371467965827524,62,8126464,2560,3,62,441002.82814598083
HIGH-RECENCY,735,evaluation,True,441002.82814598083,604.4083321094513,22.831314429894917,17.687981510701604,17.414800853936683,0.2731806567530193,5.143332919193311,329,43122688,3164,68,329,441607.2364780903
HIGH-RECENCY,736,evaluation,True,441607.2364780903,593.0170660018921,25.937714550465007,21.815306849553657,21.684281821505664,0.13102502803827556,4.1224077009113484,204,26738688,3954,32,204,442200.2535440922
HIGH-RECENCY,737,evaluation,True,442200.2535440922,604.0490379333496,26.340535514171997,21.874735569698394,21.255693736256234,0.6190418334427998,4.4657999444736,460,60293120,3617,154,460,442804.3025820255
HIGH-RECENCY,738,evaluation,True,442804.3025820255,596.0702459812164,23.717174078771112,18.327366443907874,17.854833577921315,0.47253286598650857,5.389807634863238,255,33423360,3278,116,255,443400.37282800674
HIGH-RECENCY,739,evaluation,True,443400.37282800674,603.2137041091919,23.158930719126054,19.8459806861552,19.773524948814202,0.07245573734244087,3.3129500329708534,115,15073280,3623,18,115,444003.58653211594
HIGH-RECENCY,740,evaluation,True,444003.58653211594,600.5104789733887,15.474289176209618,12.289838439286846,12.289838439286846,0.0,3.1844507369227717,153,20054016,2158,0,153,444604.0970110893
HIGH-RECENCY,741,evaluation,True,444604.0970110893,596.9462330341339,17.870837778317366,14.474927912411758,14.356968050167886,0.11795986224385462,3.395909865905608,216,28311552,2635,29,216,445201.04324412346
HIGH-RECENCY,742,evaluation,True,445201.04324412346,599.109894990921,21.430442201064633,17.216213149105922,16.891981825477217,0.3242313236257567,4.21422905195871,255,33423360,2997,80,255,445800.1531391144
HIGH-RECENCY,743,evaluation,True,445800.1531391144,613.0753018856049,20.104992140398917,14.971618617660654,14.6032856410687,0.36833297658757647,5.133373522738263,350,45875200,2661,93,350,446413.228441
HIGH-RECENCY,744,evaluation,True,446413.228441,587.6833810806274,22.322530215102343,15.05116335612426,14.683442661513533,0.36772069461274154,7.271366858978083,101,13238272,2554,89,101,447000.9118220806
HIGH-RECENCY,745,evaluation,True,447000.9118220806,601.1644370555878,23.608207097926922,16.804088165128814,16.59405806607484,0.21003009905417064,6.804118932798108,78,10223616,2977,52,78,447602.0762591362
HIGH-RECENCY,746,evaluation,True,447602.0762591362,598.6606268882751,20.249651393789364,15.878767020154,15.643522902690176,0.23524411746169707,4.370884373635363,196,25690112,2765,58,196,448200.7368860245
HIGH-RECENCY,747,evaluation,True,448200.7368860245,601.1696989536285,17.933973905591156,13.345809614266376,13.345809614266376,0.0,4.58816429132478,69,9043968,2357,0,69,448801.9065849781
HIGH-RECENCY,748,evaluation,True,448801.9065849781,600.5723321437836,17.926923311624673,13.6016655389967,13.6016655389967,0.0,4.325257772627974,82,10747904,2417,0,82,449402.4789171219
HIGH-RECENCY,749,evaluation,True,449402.4789171219,599.0382609367371,26.77520879768604,21.25123528905374,20.80131053115935,0.4499247578955926,5.523973508632302,355,46530560,3711,111,355,450001.5171780586
HIGH-RECENCY,750,evaluation,True,450001.5171780586,599.898864030838,16.96400941370471,13.587598535219362,13.543075360880362,0.04452317433964153,3.3764108784853475,295,38666240,2504,11,295,450601.41604208946
HIGH-RECENCY,751,evaluation,True,450601.41604208946,604.8317499160767,21.764916075321512,17.58440436052245,17.58440436052245,0.0,4.180511714799064,119,15597568,3354,0,119,451206.24779200554
HIGH-RECENCY,752,evaluation,True,451206.24779200554,594.4249231815338,16.974823832681835,13.726628803318668,13.55915058921442,0.16747821410378363,3.248195029363167,54,7077888,2359,41,54,451800.6727151871
HIGH-RECENCY,753,evaluation,True,451800.6727151871,611.2458488941193,18.79344065598803,15.796008713533386,15.637111770017611,0.15889694351432138,2.9974319424546416,225,29491200,2805,40,225,452411.9185640812
HIGH-RECENCY,754,evaluation,True,452411.9185640812,588.8257489204407,22.78076090591444,19.53531133614287,19.296138047460524,0.23917328868445462,3.245449569771571,212,27787264,3469,58,212,453000.74431300163
HIGH-RECENCY,755,evaluation,True,453000.74431300163,608.4335911273956,18.47785965306085,16.71232056649782,16.468882703639565,0.24343786285914526,1.765539086563032,269,35258368,2969,61,269,453609.177904129
HIGH-RECENCY,756,evaluation,True,453609.177904129,591.8670029640198,17.695361049626207,15.980143530155228,15.602714610704536,0.3774289194515243,1.7152175194709804,389,50987008,2856,92,389,454201.04490709305
HIGH-RECENCY,757,evaluation,True,454201.04490709305,599.2631590366364,22.140875432840847,18.62185557150151,18.382796126414828,0.2390594450855609,3.519019861339337,116,15204352,3366,59,116,454800.3080661297
HIGH-RECENCY,758,evaluation,True,454800.3080661297,604.2303569316864,21.53215660822118,20.326223129701933,20.326223129701933,0.0,1.2059334785192446,151,19791872,3953,0,151,455404.53842306137
HIGH-RECENCY,759,evaluation,True,455404.53842306137,598.0170650482178,20.3161065284979,16.723262612900314,16.711081719227607,0.012180893673648123,3.5928439155975878,93,12189696,2958,3,93,456002.5554881096
HIGH-RECENCY,760,evaluation,True,456002.5554881096,603.4682788848877,13.5025788363473,10.053595593685124,10.053595593685124,0.0,3.4489832426621767,134,17563648,1854,0,134,456606.0237669945
HIGH-RECENCY,761,evaluation,True,456606.0237669945,594.519947052002,18.921653941281107,14.47259155797115,14.325561020397386,0.1470305375724209,4.449062383309958,124,16252928,2363,36,124,457200.5437140465
HIGH-RECENCY,762,evaluation,True,457200.5437140465,599.5780980587006,20.16096498057474,15.307383738158576,15.137295217061475,0.17008852109765948,4.853581242416165,410,53739520,2738,42,410,457800.1218121052
HIGH-RECENCY,763,evaluation,True,457800.1218121052,609.1246049404144,23.134021249049418,18.540497464531875,18.50063489111987,0.03986257341164743,4.593523784517543,254,33292288,3536,10,254,458409.2464170456
HIGH-RECENCY,764,evaluation,True,458409.2464170456,597.9976830482483,17.45024795834691,12.936463393206603,12.936463393206603,0.0,4.513784565140307,81,10616832,2344,0,81,459007.24410009384
HIGH-RECENCY,765,evaluation,True,459007.24410009384,626.0354299545288,18.595378187632086,14.373561232001762,14.249446726683065,0.12411450531756239,4.221816955630322,175,22937600,2503,32,175,459633.27953004837
HIGH-RECENCY,766,evaluation,True,459633.27953004837,583.9972660541534,21.687487106768927,18.934925684949942,18.789403668111046,0.14552201683865867,2.7525614218189847,137,17956864,3414,35,137,460217.2767961025
HIGH-RECENCY,767,evaluation,True,460217.2767961025,584.7334599494934,22.273428713388277,19.70548311610155,19.427263125581128,0.27821999052111546,2.5679455972867267,409,53608448,3126,67,409,460802.010256052
HIGH-RECENCY,768,evaluation,True,460802.010256052,598.7299649715424,21.69191101989891,18.148847355230355,18.11234818509943,0.0364991701295373,3.5430636646685563,102,13369344,3019,9,102,461400.74022102356
HIGH-RECENCY,769,evaluation,True,461400.74022102356,599.4156880378723,23.819347157787156,20.07374468611621,20.07374468611621,0.0,3.7456024716709457,221,28966912,3482,0,221,462000.15590906143
HIGH-RECENCY,770,evaluation,True,462000.15590906143,617.3647499084473,21.123570697674474,16.20248931741733,15.946840962287741,0.25564835512828155,4.921081380257142,154,20185088,2910,65,154,462617.5206589699
HIGH-RECENCY,771,evaluation,True,462617.5206589699,583.3594970703125,18.151650062483412,14.894653288553673,14.836380843920795,0.05827244463235327,3.256996773929738,74,9699328,2683,14,74,463200.8801560402
HIGH-RECENCY,772,evaluation,True,463200.8801560402,599.1377770900726,17.844472507186005,14.799514683445516,14.799514683445516,0.0,3.0449578237404893,51,6684672,2744,0,51,463800.01793313026
HIGH-RECENCY,773,evaluation,True,463800.01793313026,605.0502309799194,17.595359196609092,14.448975981223928,14.448975981223928,0.0,3.1463832153851627,81,10616832,2719,0,81,464405.0681641102
HIGH-RECENCY,774,evaluation,True,464405.0681641102,600.7898499965668,19.32196452886845,15.161826525732442,14.959748592147335,0.20207793358538587,4.160138003136006,358,46923776,2649,50,358,465005.85801410675
HIGH-RECENCY,775,evaluation,True,465005.85801410675,594.30402302742,13.827738685863649,11.21560932151852,11.113467684660872,0.10214163685778115,2.612129364345128,91,11927552,2036,25,91,465600.16203713417
HIGH-RECENCY,776,evaluation,True,465600.16203713417,600.2990369796753,21.06098738139019,15.58654021612472,15.58654021612472,0.0,5.474447165265471,104,13631488,2722,0,104,466200.46107411385
HIGH-RECENCY,777,evaluation,True,466200.46107411385,602.0774948596954,21.76806261312941,17.470378557289408,17.196140329617208,0.2742382276739037,4.2976840558400005,187,24510464,3172,68,187,466802.53856897354
HIGH-RECENCY,778,evaluation,True,466802.53856897354,598.5183651447296,22.241565192013486,17.940767423704994,17.5878173748021,0.3529500489028449,4.300797768308491,249,32636928,3046,87,249,467401.05693411827
HIGH-RECENCY,779,evaluation,True,467401.05693411827,604.8518259525299,20.514056047410936,15.949182234351259,15.451394531362814,0.49778770298599706,4.564873813059676,387,50724864,2586,124,387,468005.9087600708
HIGH-RECENCY,780,evaluation,True,468005.9087600708,595.1439509391785,20.556980945637772,14.319859269231111,14.319859269231111,0.0,6.237121676406661,92,12058624,2510,0,92,468601.05271101
HIGH-RECENCY,781,evaluation,True,468601.05271101,603.9339599609375,18.220007104584464,14.360454449910524,13.958402638108343,0.4020518118048132,3.859552654673941,182,23855104,2393,100,182,469204.9866709709
HIGH-RECENCY,782,evaluation,True,469204.9866709709,602.7352061271667,18.292242888399677,13.47051406091153,13.20866062805301,0.2618534328571944,4.821728827488148,90,11796480,2200,65,90,469807.7218770981
HIGH-RECENCY,783,evaluation,True,469807.7218770981,599.3607850074768,18.90277874026607,16.60994820128693,16.605897006264637,0.004051195021208276,2.2928305389791404,112,14680064,3086,1,112,470407.08266210556
HIGH-RECENCY,784,evaluation,True,470407.08266210556,594.9973130226135,16.85890358066259,11.544439119422673,11.389364734630998,0.15507438479026514,5.314464461239917,294,38535168,2041,38,294,471002.0799751282
HIGH-RECENCY,785,evaluation,True,471002.0799751282,599.6321060657501,23.781028009702272,19.48164226639449,19.303470341047984,0.17817192534700027,4.29938574330778,198,25952256,3583,44,198,471601.7120811939
HIGH-RECENCY,786,evaluation,True,471601.7120811939,598.6944599151611,21.466597154178594,15.92880933013074,15.705745618189066,0.22306371194070138,5.5377878240478555,175,22937600,2649,55,175,472200.4065411091
HIGH-RECENCY,787,evaluation,True,472200.4065411091,600.813649892807,22.413612658960773,18.422117274205956,18.191757555466904,0.23035971873801764,3.9914953847548165,200,26214400,3291,57,200,472801.2201910019
HIGH-RECENCY,788,evaluation,True,472801.2201910019,599.4911971092224,24.48364427369791,20.593965983887223,20.593965983887223,0.0,3.8896782898106848,215,28180480,3690,0,215,473400.7113881111
HIGH-RECENCY,789,evaluation,True,473400.7113881111,600.8189029693604,20.902205488012154,16.48829321951422,16.278142331054323,0.21015088846009358,4.413912268497934,128,16777216,2857,52,128,474001.5302910805
HIGH-RECENCY,790,evaluation,True,474001.5302910805,599.8224840164185,22.132001223743238,16.239037840537883,16.125691692638128,0.11334614790082399,5.8929633832053545,106,13893632,3010,28,106,474601.3527750969
HIGH-RECENCY,791,evaluation,True,474601.3527750969,599.6141328811646,15.949699943219555,11.958950331612634,11.813168932178137,0.14578139943527157,3.9907496116069203,117,15335424,2141,36,117,475200.96690797806
HIGH-RECENCY,792,evaluation,True,475200.96690797806,604.6343071460724,18.680693787136715,14.82472815817001,14.728347490408387,0.09638066776283143,3.8559656289667035,84,11010048,2694,24,84,475805.60121512413
HIGH-RECENCY,793,evaluation,True,475805.60121512413,601.2172548770905,17.395668639307665,13.954595483887895,13.86170571668016,0.09288976720794966,3.441073155419771,165,21626880,2485,23,165,476406.8184700012
HIGH-RECENCY,794,evaluation,True,476406.8184700012,614.9218330383301,18.620884615232946,13.992561846152475,13.992561846152475,0.0,4.62832276908047,100,13107200,2649,0,100,477021.74030303955
HIGH-RECENCY,795,evaluation,True,477021.74030303955,585.0848870277405,19.72063903729383,16.507742162847293,16.22138919722413,0.2863529656216246,3.2128968744465367,152,19922944,2751,69,152,477606.8251900673
HIGH-RECENCY,796,evaluation,True,477606.8251900673,596.5735831260681,27.449669791694134,19.488803674634035,19.46845306327022,0.020350611364689675,7.960866117060099,247,32374784,3665,5,247,478203.39877319336
HIGH-RECENCY,797,evaluation,True,478203.39877319336,600.0873408317566,25.59670128847438,20.77303801037971,20.433149647330215,0.33988836305061737,4.82366327809467,454,59506688,3629,84,454,478803.4861140251
HIGH-RECENCY,798,evaluation,True,478803.4861140251,596.5335619449615,21.44158894668997,15.724995484585262,15.647657973207377,0.07733751137823307,5.716593462104708,311,40763392,2726,19,311,479400.0196759701
HIGH-RECENCY,799,evaluation,True,479400.0196759701,606.0439131259918,20.243089613639956,16.56436649443831,16.56436649443831,0.0,3.6787231192016456,103,13500416,2924,0,103,480006.06358909607
HIGH-RECENCY,800,evaluation,True,480006.06358909607,606.5643138885498,19.88634069570864,15.811970567462895,15.523748575462186,0.2882219920001729,4.074370128245743,101,13238272,2786,72,101,480612.6279029846
HIGH-RECENCY,801,evaluation,True,480612.6279029846,590.1515460014343,17.072906516765197,14.712401719321601,14.346218926837844,0.36618279248364016,2.360504797443596,138,18087936,2237,89,138,481202.77944898605
HIGH-RECENCY,802,evaluation,True,481202.77944898605,601.6196410655975,18.840136168962108,15.034719576580946,15.034719576580946,0.0,3.805416592381163,51,6684672,2699,0,51,481804.39909005165
HIGH-RECENCY,803,evaluation,True,481804.39909005165,597.673691034317,17.119974114898547,12.76091773200107,12.76091773200107,0.0,4.359056382897478,9,1179648,2378,0,9,482402.07278108597
HIGH-RECENCY,804,evaluation,True,482402.07278108597,600.4358830451965,15.376116010997114,12.380073178233514,12.129348821487042,0.25072435674629073,2.9960428327636,141,18481152,2039,62,141,483002.50866413116
HIGH-RECENCY,805,evaluation,True,483002.50866413116,600.1046378612518,14.96495038356738,12.65231951011457,12.518795787628644,0.13352372248576053,2.3126308734528105,52,6815744,2252,33,52,483602.6133019924
HIGH-RECENCY,806,evaluation,True,483602.6133019924,598.3072152137756,14.649349622474492,12.32850499070552,12.218930111960358,0.10957487874522832,2.320844631768973,102,13369344,2182,27,102,484200.9205172062
HIGH-RECENCY,807,evaluation,True,484200.9205172062,600.929783821106,14.81043106390572,11.51317400947835,11.327305602385275,0.18586840709348468,3.2972570544273694,301,39452672,2014,46,301,484801.8503010273
HIGH-RECENCY,808,evaluation,True,484801.8503010273,602.9980370998383,20.469027834076215,17.90915307308443,17.84472493823138,0.06442813485245975,2.559874760991784,164,21495808,3037,16,164,485404.84833812714
HIGH-RECENCY,809,evaluation,True,485404.84833812714,599.008514881134,14.13881340393478,11.814475860795921,11.814475860795921,0.0,2.324337543138858,4,524288,2191,0,4,486003.85685300827
HIGH-RECENCY,810,evaluation,True,486003.85685300827,607.68186211586,15.769402244316026,13.130867567130275,13.003004481947873,0.12786308518331194,2.638534677185752,59,7733248,2307,32,59,486611.53871512413
HIGH-RECENCY,811,evaluation,True,486611.53871512413,590.033499956131,11.309130961652027,8.461914015363096,8.461914015363096,0.0,2.8472169462889316,105,13762560,1530,0,105,487201.57221508026
HIGH-RECENCY,812,evaluation,True,487201.57221508026,599.004077911377,15.37006359178232,11.32002325741618,11.202468639655928,0.11755461776023571,4.050040334366139,40,5242880,2040,29,40,487800.57629299164
HIGH-RECENCY,813,evaluation,True,487800.57629299164,604.5774509906769,16.044665239914846,10.238838597157748,10.238838597157748,0.0,5.805826642757098,59,7733248,1760,0,59,488405.1537439823
HIGH-RECENCY,814,evaluation,True,488405.1537439823,605.5519700050354,24.201513030605728,14.65577741786939,14.65577741786939,0.0,9.545735612736339,70,9175040,2642,0,70,489010.70571398735
HIGH-RECENCY,815,evaluation,True,489010.70571398735,590.4118010997772,22.632294463770872,16.20561707975193,15.962973694250367,0.24264338550256762,6.426677384018941,143,18743296,2829,59,143,489601.1175150871
HIGH-RECENCY,816,evaluation,True,489601.1175150871,600.6276910305023,29.18484312911049,21.905065718358404,19.903954056552763,2.001111661803194,7.279777410752088,684,89653248,2858,495,684,490201.74520611763
HIGH-RECENCY,817,evaluation,True,490201.74520611763,598.3389279842377,21.85269903276911,15.33704030033974,15.186890091757617,0.15015020858393727,6.515658732429368,180,23592960,2532,37,180,490800.08413410187
HIGH-RECENCY,818,evaluation,True,490800.08413410187,600.9722650051117,26.219103733222866,20.144109135307104,19.089582502974167,1.054526632332839,6.0749945979157625,280,36700160,3396,261,280,491401.056399107
HIGH-RECENCY,819,evaluation,True,491401.056399107,603.600270986557,24.609374209609513,17.207305891137135,16.94985048087645,0.25745541026045754,7.402068318472378,123,16121856,2990,64,123,492004.65667009354
HIGH-RECENCY,820,evaluation,True,492004.65667009354,601.626590013504,15.061538272805905,11.303595973701558,11.303595973701558,0.0,3.7579422991043456,137,17956864,2064,0,137,492606.28326010704
HIGH-RECENCY,821,evaluation,True,492606.28326010704,597.8646769523621,16.511754670168784,12.953279843840193,12.262853266226804,0.6904265776092624,3.5584748263285917,286,37486592,1888,170,286,493204.1479370594
HIGH-RECENCY,822,evaluation,True,493204.1479370594,596.5415859222412,14.69155243481142,12.38355535328815,12.38355535328815,0.0,2.30799708152327,152,19922944,2082,0,152,493800.68952298164
HIGH-RECENCY,823,evaluation,True,493800.68952298164,600.2278130054474,17.89234207293751,12.313959601730037,12.22900739710551,0.08495220462268595,5.578382471207473,40,5242880,2181,21,40,494400.9173359871
HIGH-RECENCY,824,evaluation,True,494400.9173359871,599.8982911109924,19.752765635819436,13.71141843514308,13.654752522774606,0.056665912367948185,6.041347200676357,148,19398656,2229,14,148,495000.8156270981
HIGH-RECENCY,825,evaluation,True,495000.8156270981,599.4079430103302,18.35746953628256,13.076795807000295,12.939066012928485,0.13772979407266644,5.280673729282266,41,5373952,2339,34,41,495600.2235701084
HIGH-RECENCY,826,evaluation,True,495600.2235701084,602.1965730190277,23.21832045123989,13.856549701928257,13.856549701928257,0.0,9.361770749311633,110,14417920,2463,0,110,496202.42014312744
HIGH-RECENCY,827,evaluation,True,496202.42014312744,600.7974720001221,17.518204807616385,12.083411982441735,11.76413289795538,0.31927908448661974,5.434792825174651,133,17432576,2082,79,133,496803.21761512756
HIGH-RECENCY,828,evaluation,True,496803.21761512756,597.974536895752,23.36943962427807,14.609519778188348,14.51206569832594,0.09745407986362932,8.759919846089721,615,80609280,2403,24,615,497401.1921520233
HIGH-RECENCY,829,evaluation,True,497401.1921520233,600.8163480758667,15.33000671091199,10.4518342206474,10.4518342206474,0.0,4.878172490264589,55,7208960,1810,0,55,498002.0085000992
HIGH-RECENCY,830,evaluation,True,498002.0085000992,603.5592570304871,27.91878482416987,22.620877497169907,22.190414983700883,0.43046251347033143,5.297907326999961,366,47972352,3503,107,366,498605.56775712967
HIGH-RECENCY,831,evaluation,True,498605.56775712967,595.465399980545,23.453509962503894,20.603346611739163,20.330140918025577,0.2732056937142816,2.850163350764733,312,40894464,3578,67,312,499201.0331571102
HIGH-RECENCY,832,evaluation,True,499201.0331571102,603.7410969734192,20.820630019716628,18.252725237151914,17.448364745441417,0.8043604917073613,2.567904782564715,335,43909120,3036,200,335,499804.77425408363
HIGH-RECENCY,833,evaluation,True,499804.77425408363,598.3198571205139,22.999833007361836,19.808674132871666,18.9686178124234,0.8400563204458575,3.191158874490171,324,42467328,3148,207,324,500403.09411120415
HIGH-RECENCY,834,evaluation,True,500403.09411120415,611.6948359012604,23.510791390369068,17.40397355201781,17.35633945830364,0.04763409371374998,6.106817838351257,487,63832064,3241,12,487,501014.7889471054
HIGH-RECENCY,835,evaluation,True,501014.7889471054,597.2314310073853,16.37275128308518,13.267123450252932,13.267123450252932,0.0,3.105627832832247,64,8388608,2316,0,64,501612.0203781128
HIGH-RECENCY,836,evaluation,True,501612.0203781128,598.3330640792847,15.145337343844666,13.773941177038708,13.368125825373218,0.4058153516659843,1.371396166805958,106,13893632,2439,100,106,502210.3534421921
HIGH-RECENCY,837,evaluation,True,502210.3534421921,601.0880990028381,17.408891320001835,12.959339492224482,12.959339492224482,0.0,4.449551827777352,21,2752512,2524,0,21,502811.4415411949
HIGH-RECENCY,838,evaluation,True,502811.4415411949,590.5699338912964,16.802839390893997,14.455699989440554,14.455699989440554,0.0,2.3471394014534432,81,10616832,2595,0,81,503402.0114750862
HIGH-RECENCY,839,evaluation,True,503402.0114750862,616.5116050243378,11.110319061832168,9.380957732731009,9.380957732731009,0.0,1.729361329101159,78,10223616,1803,0,78,504018.52308011055
HIGH-RECENCY,840,evaluation,True,504018.52308011055,604.2610099315643,14.05082414854657,11.674360584121988,11.557828664540283,0.11653191958170392,2.376463564424581,258,33816576,2179,29,258,504622.7840900421
HIGH-RECENCY,841,evaluation,True,504622.7840900421,580.85005402565,14.70883670308246,12.721505405028834,12.721505405028834,0.0,1.9873312980536262,18,2359296,2267,0,18,505203.63414406776
HIGH-RECENCY,842,evaluation,True,505203.63414406776,614.9320590496063,16.0748423374159,14.704311084603718,14.704311084603718,0.0,1.3705312528121842,302,39583744,2803,0,302,505818.56620311737
HIGH-RECENCY,843,evaluation,True,505818.56620311737,594.8534278869629,19.60140849551067,16.707232798774754,16.34394441381738,0.3632883849572732,2.8941756967359185,363,47579136,2991,89,363,506413.41963100433
HIGH-RECENCY,844,evaluation,True,506413.41963100433,602.8636360168457,15.249012266393361,12.413429566026823,12.393291285303292,0.020138280724382406,2.8355827003665377,95,12451840,2314,5,95,507016.2832670212
HIGH-RECENCY,845,evaluation,True,507016.2832670212,584.193008184433,14.198389450740656,9.378436474867108,9.378436474867108,0.0,4.819952975873548,27,3538944,1717,0,27,507600.4762752056
HIGH-RECENCY,846,evaluation,True,507600.4762752056,618.1501529216766,20.61739910104628,16.081250455335883,16.081250455335883,0.0,4.536148645710398,93,12189696,3002,0,93,508218.6264281273
HIGH-RECENCY,847,evaluation,True,508218.6264281273,582.1462969779968,15.268632875832509,13.17923293006172,13.17923293006172,0.0,2.0893999457707872,1,131072,2423,0,1,508800.7727251053
HIGH-RECENCY,848,evaluation,True,508800.7727251053,599.3733320236206,15.462390900776107,12.261268426425186,12.261268426425186,0.0,3.201122474350921,124,16252928,2382,0,124,509400.1460571289
HIGH-RECENCY,849,evaluation,True,509400.1460571289,599.9050269126892,18.781543868094523,15.32295445519555,14.873679765983907,0.4492746892106893,3.4585894128989723,170,22282240,2767,111,170,510000.0510840416
HIGH-RECENCY,850,evaluation,True,510000.0510840416,611.5072040557861,13.522481402105099,10.332019109836766,10.332019109836766,0.0,3.1904622922683323,110,14417920,1839,0,110,510611.5582880974
HIGH-RECENCY,851,evaluation,True,510611.5582880974,593.0465710163116,17.94612929748991,14.565376814581414,14.368849050581058,0.19652776400072092,3.3807524829084956,223,29229056,2628,48,223,511204.6048591137
HIGH-RECENCY,852,evaluation,True,511204.6048591137,604.0055460929871,15.450209840584938,11.582190123848802,11.578170082239541,0.004020041610273496,3.8680197167361356,324,42467328,2196,1,324,511808.6104052067
HIGH-RECENCY,853,evaluation,True,511808.6104052067,596.24334192276,15.228196155499191,11.97959619091102,11.97959619091102,0.0,3.2485999645881707,63,8257536,2126,0,63,512404.85374712944
HIGH-RECENCY,854,evaluation,True,512404.85374712944,605.2094528675079,10.879975380377035,9.47137855335004,9.23065586635724,0.24072268699269994,1.4085968270269948,86,11272192,1564,60,86,513010.06319999695
HIGH-RECENCY,855,evaluation,True,513010.06319999695,590.8532400131226,17.142547282143113,16.235245879226156,16.235245879226156,0.0,0.9073014029169566,28,3670016,2885,0,28,513600.91644001007
HIGH-RECENCY,856,evaluation,True,513600.91644001007,608.3108351230621,13.16756875759848,12.147222563103558,12.147222563103558,0.0,1.020346194494921,11,1441792,2267,0,11,514209.22727513313
HIGH-RECENCY,857,evaluation,True,514209.22727513313,610.0348658561707,15.732968429099321,13.727147299673195,13.61967894953653,0.10746835013673103,2.0058211294261263,168,22020096,2514,27,168,514819.2621409893
HIGH-RECENCY,858,evaluation,True,514819.2621409893,582.9312210083008,14.708140840373666,14.089715870142204,14.089715870142204,0.0,0.6184249702314618,64,8388608,2659,0,64,515402.1933619976
HIGH-RECENCY,859,evaluation,True,515402.1933619976,603.2148389816284,10.627900267228545,7.892459809821867,7.775725785946422,0.11673402387544518,2.7354404574066784,16,2097152,1366,29,16,516005.40820097923
HIGH-RECENCY,860,evaluation,True,516005.40820097923,605.0500450134277,13.900325195759846,12.693890478550447,12.693890478550447,0.0,1.206434717209399,32,4194304,2479,0,32,516610.45824599266
HIGH-RECENCY,861,evaluation,True,516610.45824599266,590.8549749851227,15.174450174733444,14.33354476158079,14.33354476158079,0.0,0.8409054131526549,3,393216,2738,0,3,517201.3132209778
HIGH-RECENCY,862,evaluation,True,517201.3132209778,609.3530030250549,16.752613973480674,13.409907690297477,13.32224289968705,0.0876647906116898,3.342706283183199,182,23855104,2475,22,182,517810.66622400284
HIGH-RECENCY,863,evaluation,True,517810.66622400284,589.7132000923157,20.124291292278528,16.161241225402797,15.366569182189572,0.7946720432156038,3.9630500668757294,506,66322432,2548,193,506,518400.37942409515
HIGH-RECENCY,864,evaluation,True,518400.37942409515,600.8974080085754,24.21140791619526,19.751101640172163,19.2985280921326,0.4525735480396632,4.460306276023097,330,43253760,3184,112,330,519001.27683210373
HIGH-RECENCY,865,evaluation,True,519001.27683210373,601.6937079429626,16.591309541891714,12.990912175692033,12.764924876541588,0.22598729915257632,3.6003973661996826,237,31064064,2137,56,237,519602.9705400467
HIGH-RECENCY,866,evaluation,True,519602.9705400467,598.5819029808044,26.106022874695437,21.426272201036454,21.154488946524435,0.2717832545127145,4.679750673658984,229,30015488,3781,67,229,520201.5524430275
HIGH-RECENCY,867,evaluation,True,520201.5524430275,600.3387441635132,24.43668607999751,16.51929317169742,15.860024092976403,0.6592690787202949,7.91739290830009,225,29491200,2632,163,225,520801.891187191
HIGH-RECENCY,868,evaluation,True,520801.891187191,608.7343938350677,24.969727628953343,17.672099221872898,17.652155158806423,0.019944063065275543,7.297628407080445,276,36175872,3294,5,276,521410.6255810261
HIGH-RECENCY,869,evaluation,True,521410.6255810261,590.4148170948029,21.680774884919373,13.455650293481586,13.311710037370169,0.1439402561111829,8.225124591437789,92,12058624,2408,35,92,522001.0403981209
HIGH-RECENCY,870,evaluation,True,522001.0403981209,600.0762238502502,19.560290253388025,15.004228935140763,14.733122480296919,0.2711064548445679,4.556061318247264,269,35258368,2707,67,269,522601.11662197113
HIGH-RECENCY,871,evaluation,True,522601.11662197113,598.9004530906677,18.796570634873543,14.923959656972874,14.834764861506692,0.08919479546746766,3.8726109779006683,90,11796480,2646,22,90,523200.0170750618
HIGH-RECENCY,872,evaluation,True,523200.0170750618,601.9861550331116,19.342552995779794,15.118078795978175,15.00110651210259,0.11697228387558366,4.224474199801619,29,3801088,2614,29,29,523802.0032300949
HIGH-RECENCY,873,evaluation,True,523802.0032300949,598.1492500305176,22.142033081315315,17.224085484596248,17.13883807186789,0.085247412728653,4.917947596719067,141,18481152,3209,21,141,524400.1524801254
HIGH-RECENCY,874,evaluation,True,524400.1524801254,603.3425018787384,25.222559048893572,17.3257164393218,16.9031481979665,0.4225682413546108,7.896842609571773,83,10878976,3095,105,83,525003.4949820042
HIGH-RECENCY,875,evaluation,True,525003.4949820042,599.6527271270752,26.578709004382784,20.48871047410102,20.47656280603324,0.012147668066630264,6.089998530281764,223,29229056,3715,3,223,525603.1477091312
HIGH-RECENCY,876,evaluation,True,525603.1477091312,598.5923738479614,25.206944801515785,18.74830316573731,18.74830316573731,0.0,6.458641635778476,199,26083328,3280,0,199,526201.7400829792
HIGH-RECENCY,877,evaluation,True,526201.7400829792,599.139014005661,20.246905429533903,16.556943235252028,16.35836120137315,0.19858203388023124,3.6899621942818768,266,34865152,2905,49,266,526800.8790969849
HIGH-RECENCY,878,evaluation,True,526800.8790969849,601.7707860469818,18.35624331952514,16.3377573480722,15.974609994296983,0.363147353774002,2.0184859714529426,196,25690112,2775,90,196,527402.6498830318
HIGH-RECENCY,879,evaluation,True,527402.6498830318,601.9011640548706,21.009704085935525,15.795279254250023,15.795279254250023,0.0,5.214424831685504,184,24117248,2613,0,184,528004.5510470867
HIGH-RECENCY,880,evaluation,True,528004.5510470867,597.4347610473633,19.44975412392616,13.413473296441321,13.389087764296155,0.02438553214285378,6.036280827484837,235,30801920,2084,6,235,528601.9858081341
HIGH-RECENCY,881,evaluation,True,528601.9858081341,600.1830589771271,18.691671587744985,13.80278503831875,13.725917788493176,0.07686724982383153,4.888886549426237,32,4194304,2485,19,32,529202.1688671112
HIGH-RECENCY,882,evaluation,True,529202.1688671112,605.329293012619,20.205310559158473,17.57506942752874,17.567046926532413,0.008022500996260744,2.6302411316297336,76,9961472,3077,2,76,529807.4981601238
HIGH-RECENCY,883,evaluation,True,529807.4981601238,599.3386039733887,19.631456388573923,13.508123984121648,13.508123984121648,0.0,6.1233324044522774,6,786432,2387,0,6,530406.8367640972
HIGH-RECENCY,884,evaluation,True,530406.8367640972,594.8718569278717,22.34667021324929,17.355454694217038,17.2819829150491,0.07347177916940162,4.991215519032251,61,7995392,3142,18,61,531001.7086210251
HIGH-RECENCY,885,evaluation,True,531001.7086210251,600.9287111759186,19.47901150802928,14.752886678668542,14.668033558752324,0.08485311991651294,4.726124829360739,274,35913728,2775,21,274,531602.637332201
HIGH-RECENCY,886,evaluation,True,531602.637332201,601.0167949199677,22.938432299913345,14.754619118344634,14.754619118344634,0.0,8.18381318156871,44,5767168,2547,0,44,532203.654127121
HIGH-RECENCY,887,evaluation,True,532203.654127121,603.7442290782928,20.459446454887125,16.041535460756,15.683596898867647,0.3579385618861601,4.417910994131128,397,52035584,2663,89,397,532807.3983561993
HIGH-RECENCY,888,evaluation,True,532807.3983561993,597.6660048961639,20.68123330457423,16.45809073271728,16.092449276217014,0.3656414565011926,4.2231425718569495,164,21495808,2777,90,164,533405.0643610954
HIGH-RECENCY,889,evaluation,True,533405.0643610954,600.3113539218903,18.092463252875536,13.494955843753527,13.494955843753527,0.0,4.5975074091220085,16,2097152,2376,0,16,534005.3757150173
HIGH-RECENCY,890,evaluation,True,534005.3757150173,614.4165210723877,16.51908996423941,14.615384917171196,14.56005798043004,0.05532693674064206,1.9037050470682113,82,10747904,2816,14,82,534619.7922360897
HIGH-RECENCY,891,evaluation,True,534619.7922360897,597.9473268985748,15.686175324438732,12.70139461390606,12.70139461390606,0.0,2.9847807105326716,108,14155776,2299,0,108,535217.7395629883
HIGH-RECENCY,892,evaluation,True,535217.7395629883,583.8005650043488,15.383798606826748,11.475623570926242,11.475623570926242,0.0,3.908175035900506,66,8650752,2075,0,66,535801.5401279926
HIGH-RECENCY,893,evaluation,True,535801.5401279926,602.4077091217041,14.667668967585872,10.95124661375224,10.697312234003757,0.2539343797493348,3.716422353833632,214,28049408,1983,63,214,536403.9478371143
HIGH-RECENCY,894,evaluation,True,536403.9478371143,601.3671109676361,15.38412272683975,11.529544278431864,11.529544278431864,0.0,3.8545784484078873,64,8388608,2224,0,64,537005.314948082
HIGH-RECENCY,895,evaluation,True,537005.314948082,595.9230179786682,14.989626009870323,11.767166166228382,11.767166166228382,0.0,3.2224598436419405,48,6291456,2217,0,48,537601.2379660606
HIGH-RECENCY,896,evaluation,True,537601.2379660606,599.0101549625397,19.219758012373802,16.26991289731423,16.17668087047105,0.09323202684338149,2.94984511505957,124,16252928,2833,23,124,538200.2481210232
HIGH-RECENCY,897,evaluation,True,538200.2481210232,603.6858110427856,20.432531018954137,15.925077292510624,15.683747045846737,0.24133024666588168,4.507453726443512,160,20971520,2860,60,160,538803.933932066
HIGH-RECENCY,898,evaluation,True,538803.933932066,596.3547060489655,18.141378732253663,14.73866400368297,14.600229055960696,0.13843494772313383,3.4027147285706922,246,32243712,2586,34,246,539400.2886381149
HIGH-RECENCY,899,evaluation,True,539400.2886381149,599.7191190719604,19.184777489314698,13.311673901816304,13.311673901816304,0.0,5.873103587498395,72,9437184,2459,0,72,540000.0077571869
HIGH-RECENCY,900,evaluation,True,540000.0077571869,615.4122798442841,19.708583702586623,14.313955635918202,14.124570210296428,0.18938542562004299,5.394628066668423,155,20316160,2830,48,155,540615.4200370312
HIGH-RECENCY,901,evaluation,True,540615.4200370312,591.0502879619598,15.334140001015237,9.709579972694504,9.606876045567727,0.10270392712691144,5.624560028320733,61,7995392,1707,25,61,541206.4703249931
HIGH-RECENCY,902,evaluation,True,541206.4703249931,594.6241171360016,19.052864831429023,14.011842257451534,13.901588672589938,0.1102535848616615,5.04102257397749,38,4980736,2615,27,38,541801.0944421291
HIGH-RECENCY,903,evaluation,True,541801.0944421291,607.7120199203491,19.72081535617506,15.036703777364924,14.960788838015436,0.07591493934984687,4.684111578810137,67,8781824,2784,19,67,542408.8064620495
HIGH-RECENCY,904,evaluation,True,542408.8064620495,601.5722749233246,21.689731212438446,15.541329116148399,15.537292814063454,0.004036302085961756,6.148402096290048,30,3932160,2889,1,30,543010.3787369728
HIGH-RECENCY,905,evaluation,True,543010.3787369728,590.4294011592865,25.01131295448469,18.059713158861637,18.014475910074406,0.04523724878362231,6.951599795623053,162,21233664,3078,11,162,543600.8081381321
HIGH-RECENCY,906,evaluation,True,543600.8081381321,603.3131649494171,19.075770640001203,14.51786479673068,14.501766176185225,0.01609862054532394,4.557905843270521,68,8912896,2656,4,68,544204.1213030815
HIGH-RECENCY,907,evaluation,True,544204.1213030815,604.225065946579,17.60054933841676,13.721252262588347,13.721252262588347,0.0,3.8792970758284104,224,29360128,2533,0,224,544808.3463690281
HIGH-RECENCY,908,evaluation,True,544808.3463690281,598.3694040775299,23.312059246639674,16.666879343260856,16.516736782112694,0.15014256114786603,6.645179903378819,78,10223616,2952,37,78,545406.7157731056
HIGH-RECENCY,909,evaluation,True,545406.7157731056,594.9301950931549,25.593098739476517,20.067077111707924,19.642615125061774,0.4244619866465161,5.526021627768594,451,59113472,3484,104,451,546001.6459681988
HIGH-RECENCY,910,evaluation,True,546001.6459681988,630.2629148960114,24.40526073435162,17.655956054036054,17.38627666158995,0.2696793924436283,6.749304680315567,171,22413312,3171,70,171,546631.9088830948
HIGH-RECENCY,911,evaluation,True,546631.9088830948,574.1171050071716,21.418516343614918,15.156629524353793,15.110106956961067,0.04652256739341382,6.2618868192611234,84,11010048,2586,11,84,547206.025988102
HIGH-RECENCY,912,evaluation,True,547206.025988102,606.5258839130402,23.117268702974428,17.72491807153864,17.72491807153864,0.0,5.3923506314357885,96,12582912,3033,0,96,547812.551872015
HIGH-RECENCY,913,evaluation,True,547812.551872015,589.5022320747375,21.46807453289067,17.77481402220033,17.041641764844012,0.7331722573560838,3.69326051069034,373,48889856,2756,178,373,548402.0541040897
HIGH-RECENCY,914,evaluation,True,548402.0541040897,598.6050870418549,22.00307703906917,18.93702635710221,18.920801119591122,0.016225237510953512,3.066050681966961,211,27656192,3270,4,211,549000.6591911316
HIGH-RECENCY,915,evaluation,True,549000.6591911316,603.5730249881744,20.03970506828616,15.848592352981802,15.848592352981802,0.0,4.19111271530436,99,12976128,2795,0,99,549604.2322161198
HIGH-RECENCY,916,evaluation,True,549604.2322161198,601.6565999984741,21.889850261286227,16.87105692951291,16.87105692951291,0.0,5.018793331773319,169,22151168,3049,0,169,550205.8888161182
HIGH-RECENCY,917,evaluation,True,550205.8888161182,595.8402428627014,19.514697004659865,14.040670471179627,13.93879218009365,0.10187829108611061,5.474026533480236,137,17956864,2539,25,137,550801.7290589809
HIGH-RECENCY,918,evaluation,True,550801.7290589809,599.0582070350647,18.70460582722701,13.669993821904294,13.669993821904294,0.0,5.034612005322715,71,9306112,2478,0,71,551400.787266016
HIGH-RECENCY,919,evaluation,True,551400.787266016,601.0887680053711,27.583283576454118,22.63839106551539,22.63839106551539,0.0,4.944892510938728,36,4718592,3986,0,36,552001.8760340214
HIGH-RECENCY,920,evaluation,True,552001.8760340214,600.1407890319824,21.01509279990498,16.697600324044043,16.697600324044043,0.0,4.317492475860937,23,3014656,3114,0,23,552602.0168230534
HIGH-RECENCY,921,evaluation,True,552602.0168230534,598.9983329772949,16.758455175322066,13.425611974499805,13.40939738895276,0.016214585546913785,3.3328432008222597,150,19660800,2466,4,150,553201.0151560307
HIGH-RECENCY,922,evaluation,True,553201.0151560307,612.9751880168915,23.190941992221653,19.285943077973158,18.810597098116975,0.4753459798559217,3.9049989142484964,173,22675456,3341,120,173,553813.9903440475
HIGH-RECENCY,923,evaluation,True,553813.9903440475,589.6907799243927,18.79868600258257,15.916873267446459,15.916873267446459,0.0,2.881812735136113,109,14286848,2892,0,109,554403.6811239719
HIGH-RECENCY,924,evaluation,True,554403.6811239719,597.581493139267,17.248430173427433,15.159802095157517,15.054157402581378,0.10564469257518004,2.0886280782699176,316,41418752,2613,26,316,555001.2626171112
HIGH-RECENCY,925,evaluation,True,555001.2626171112,600.2199878692627,18.087353055217495,15.732188336970351,15.728142941154497,0.004045395816872827,2.3551647182471425,250,32768000,2546,1,250,555601.4826049805
HIGH-RECENCY,926,evaluation,True,555601.4826049805,598.594936132431,19.608548271249592,17.25167897926238,17.190833306797792,0.060845672462971324,2.3568692919872123,132,17301504,2975,15,132,556200.0775411129
HIGH-RECENCY,927,evaluation,True,556200.0775411129,610.4973599910736,18.029964179382524,15.056952895531051,15.056952895531051,0.0,2.973011283851473,132,17301504,2628,0,132,556810.574901104
HIGH-RECENCY,928,evaluation,True,556810.574901104,596.5788218975067,16.346525733980883,12.09063161189211,12.09063161189211,0.0,4.255894122088773,70,9175040,2076,0,70,557407.1537230015
HIGH-RECENCY,929,evaluation,True,557407.1537230015,598.4876470565796,13.56968662800789,11.897785974698037,11.897785974698037,0.0,1.6719006533098535,153,20054016,2209,0,153,558005.6413700581
HIGH-RECENCY,930,evaluation,True,558005.6413700581,594.9601640701294,14.719779783700465,12.121876782809107,11.925981118547163,0.19589566426227606,2.597903000891359,191,25034752,2146,48,191,558600.6015341282
HIGH-RECENCY,931,evaluation,True,558600.6015341282,605.1792378425598,20.439162909743096,13.10543688579547,13.097412395607057,0.008024490188348011,7.333726023947628,131,17170432,2475,2,131,559205.7807719707
HIGH-RECENCY,932,evaluation,True,559205.7807719707,594.788449048996,23.055411524924992,16.808307812425852,16.685837675420075,0.12247013700465077,6.2471037124991415,185,24248320,3048,30,185,559800.5692210197
HIGH-RECENCY,933,evaluation,True,559800.5692210197,615.0029520988464,18.703803434824422,10.96396528643992,10.924483729158563,0.039481557281005365,7.7398381483845,80,10485760,1925,10,80,560415.5721731186
HIGH-RECENCY,934,evaluation,True,560415.5721731186,591.1802289485931,19.659667544321223,11.657865790192202,11.649651281961885,0.008214508230250423,8.001801754129023,53,6946816,2047,2,53,561006.7524020672
HIGH-RECENCY,935,evaluation,True,561006.7524020672,599.0286939144135,20.24494316884243,12.342030450027751,11.8799381836328,0.4620922663949497,7.902912718814677,223,29229056,2102,114,223,561605.7810959816
HIGH-RECENCY,936,evaluation,True,561605.7810959816,594.8491611480713,18.70008127733193,9.424715305907068,9.094079685105509,0.330635620799634,9.275365971424861,171,22413312,1478,81,171,562200.6302571297
HIGH-RECENCY,937,evaluation,True,562200.6302571297,602.2910220623016,18.25043739560187,14.750995235620982,14.710680382182932,0.04031485343768967,3.4994421599808896,119,15597568,2557,10,119,562802.921279192
HIGH-RECENCY,938,evaluation,True,562802.921279192,599.0415139198303,22.668156298251976,13.395378993668078,13.367005514363683,0.028373479303077778,9.272777304583897,74,9699328,2390,7,74,563401.9627931118
HIGH-RECENCY,939,evaluation,True,563401.9627931118,598.1074910163879,20.30364901155287,14.993728451943884,14.993728451943884,0.0,5.309920559608985,29,3801088,2654,0,29,564000.0702841282
HIGH-RECENCY,940,evaluation,True,564000.0702841282,603.8291258811951,17.345435405094936,13.975543683874802,13.975543683874802,0.0,3.369891721220134,0,0,2594,0,0,564603.8994100094
HIGH-RECENCY,941,evaluation,True,564603.8994100094,602.0508329868317,16.663388093737655,13.734619970422608,13.649925002495168,0.0846949679277349,2.928768123315046,241,31588352,2332,21,241,565205.9502429962
HIGH-RECENCY,942,evaluation,True,565205.9502429962,598.6538751125336,16.43766529721022,11.78750182283956,11.76316595001796,0.024335872821369956,4.650163474370658,132,17301504,2124,6,132,565804.6041181087
HIGH-RECENCY,943,evaluation,True,565804.6041181087,610.2532429695129,17.606470294415807,14.778613116940209,14.683119878771155,0.09549323817025038,2.827857177475599,273,35782656,2572,24,273,566414.8573610783
HIGH-RECENCY,944,evaluation,True,566414.8573610783,590.9615590572357,16.718009324437,14.081984342922434,14.081984342922434,0.0,2.6360249815145638,140,18350080,2559,0,140,567005.8189201355
HIGH-RECENCY,945,evaluation,True,567005.8189201355,594.2347118854523,15.6342658542188,13.40158150794585,13.021570299751273,0.3800112081964362,2.23268434627295,125,16384000,2279,93,125,567600.053632021
HIGH-RECENCY,946,evaluation,True,567600.053632021,603.18909907341,19.27868187863431,13.483644943495914,13.169657274149646,0.3139876693476102,5.795036935138395,180,23592960,2127,78,180,568203.2427310944
HIGH-RECENCY,947,evaluation,True,568203.2427310944,600.4965529441833,14.599611395001524,10.871361057301904,10.871361057301904,0.0,3.72825033769962,1,131072,1965,0,1,568803.7392840385
HIGH-RECENCY,948,evaluation,True,568803.7392840385,596.8160409927368,17.503236179513834,14.08967695885575,13.971691364335577,0.11798559452017342,3.413559220658085,258,33816576,2579,29,258,569400.5553250313
HIGH-RECENCY,949,evaluation,True,569400.5553250313,603.0748219490051,21.142975899073384,16.724815407195,16.724815407195,0.0,4.4181604918783846,246,32243712,3062,0,246,570003.6301469803
HIGH-RECENCY,950,evaluation,True,570003.6301469803,613.5686450004578,20.756500803648592,16.544497521030628,16.433690737566536,0.1108067834651553,4.212003282617962,99,12976128,2916,28,99,570617.1987919807
HIGH-RECENCY,951,evaluation,True,570617.1987919807,590.3737020492554,15.989964250261384,13.453494502765748,13.379462929960729,0.07403157280648996,2.5364697474956355,80,10485760,2319,18,80,571207.57249403
HIGH-RECENCY,952,evaluation,True,571207.57249403,595.5507690906525,10.879089496342704,8.29663019092676,8.251781954478679,0.04484823644874208,2.582459305415946,58,7602176,1524,11,58,571803.1232631207
HIGH-RECENCY,953,evaluation,True,571803.1232631207,597.7466208934784,15.666062068809444,12.459022789973304,12.264040313325086,0.19498247664854737,3.20703927883614,55,7208960,2335,48,55,572400.8698840141
HIGH-RECENCY,954,evaluation,True,572400.8698840141,599.712865114212,17.09300258040424,13.00915557777368,12.83505646220791,0.17409911556524202,4.083847002630558,124,16252928,2236,43,124,573000.5827491283
HIGH-RECENCY,955,evaluation,True,573000.5827491283,606.5311150550842,13.568008281281918,9.952914181833671,9.864841530499968,0.08807265133289066,3.615094099448246,31,4063232,1859,22,31,573607.1138641834
HIGH-RECENCY,956,evaluation,True,573607.1138641834,601.9637517929077,16.902672307092327,13.248677123791731,13.099431069401719,0.14924605438971747,3.6539951833005953,61,7995392,2445,37,61,574209.0776159763
HIGH-RECENCY,957,evaluation,True,574209.0776159763,591.4694662094116,15.42500058268888,12.191232933730968,12.158390968870656,0.032841964860010155,3.2337676489579112,213,27918336,2146,8,213,574800.5470821857
HIGH-RECENCY,958,evaluation,True,574800.5470821857,600.5179808139801,17.487703282347873,14.91851812947338,14.692088379958136,0.2264297495152766,2.5691851528744913,334,43778048,2739,56,334,575401.0650629997
HIGH-RECENCY,959,evaluation,True,575401.0650629997,609.834361076355,18.564691773694374,15.358756720055633,15.207455238606101,0.15130148144817285,3.205935053638742,112,14680064,2688,38,112,576010.8994240761
HIGH-RECENCY,960,evaluation,True,576010.8994240761,597.5948870182037,16.452069299379737,13.682777650701755,13.540566828904659,0.1422108217968645,2.769291648677983,157,20578304,2530,35,157,576608.4943110943
HIGH-RECENCY,961,evaluation,True,576608.4943110943,601.6335690021515,19.813350616652816,17.706244280636163,17.706244280636163,0.0,2.1071063360166513,148,19398656,3190,0,148,577210.1278800964
HIGH-RECENCY,962,evaluation,True,577210.1278800964,603.1950969696045,15.346550255423134,12.706374961327224,12.706374961327224,0.0,2.640175294095909,50,6553600,2354,0,50,577813.322977066
HIGH-RECENCY,963,evaluation,True,577813.322977066,600.8933939933777,16.862792920561876,13.091294554261447,12.97410954920133,0.11718500506011599,3.77149836630043,207,27131904,2053,29,207,578414.2163710594
HIGH-RECENCY,964,evaluation,True,578414.2163710594,608.7263920307159,14.815681888074883,13.992108899630301,13.70092175122531,0.2911871484034021,0.8235729884445822,333,43646976,2356,73,333,579022.9427630901
HIGH-RECENCY,965,evaluation,True,579022.9427630901,578.291913986206,13.98965255599401,11.479967432047966,11.479967432047966,0.0,2.5096851239460434,9,1179648,2050,0,9,579601.2346770763
HIGH-RECENCY,966,evaluation,True,579601.2346770763,599.9575810432434,13.28766888932731,11.128894796630771,11.128894796630771,0.0,2.158774092696539,65,8519680,2092,0,65,580201.1922581196
HIGH-RECENCY,967,evaluation,True,580201.1922581196,603.4849519729614,12.333134871111577,11.316699811053532,11.316699811053532,0.0,1.0164350600580454,106,13893632,2168,0,106,580804.6772100925
HIGH-RECENCY,968,evaluation,True,580804.6772100925,606.4926691055298,10.842334558637308,9.829691091624655,9.829691091624655,0.0,1.0126434670126523,5,655360,1929,0,5,581411.1698791981
HIGH-RECENCY,969,evaluation,True,581411.1698791981,595.0485258102417,11.859443622420416,11.342747598276109,11.330505937356273,0.012241660920797372,0.5166960241443075,75,9830400,2211,3,75,582006.2184050083
HIGH-RECENCY,970,evaluation,True,582006.2184050083,611.1063530445099,14.930472255206235,10.403498038396501,10.403498038396501,0.0,4.526974216809734,69,9043968,2000,0,69,582617.3247580528
HIGH-RECENCY,971,evaluation,True,582617.3247580528,598.4029240608215,12.272777022429528,8.612636271656545,8.494963558866546,0.11767271278999833,3.6601407507729835,105,13762560,1541,29,105,583215.7276821136
HIGH-RECENCY,972,evaluation,True,583215.7276821136,586.1983308792114,13.849379089515729,11.217433894402166,11.217433894402166,0.0,2.6319451951135617,84,11010048,2024,0,84,583801.9260129929
HIGH-RECENCY,973,evaluation,True,583801.9260129929,598.7354431152344,15.036190326160643,11.930885565714561,11.930885565714561,0.0,3.1053047604460815,0,0,2271,0,0,584400.6614561081
HIGH-RECENCY,974,evaluation,True,584400.6614561081,602.8244099617004,16.495259613628722,11.286677996876898,11.109449594919242,0.17722840195605077,5.2085816167518235,101,13238272,2074,44,101,585003.4858660698
HIGH-RECENCY,975,evaluation,True,585003.4858660698,605.5222730636597,14.631329603737948,10.624629629072725,10.624629629072725,0.0,4.0066999746652225,50,6553600,2097,0,50,585609.0081391335
HIGH-RECENCY,976,evaluation,True,585609.0081391335,594.9519500732422,17.832155093315176,12.264886699882727,12.264886699882727,0.0,5.567268393432449,133,17432576,2229,0,133,586203.9600892067
HIGH-RECENCY,977,evaluation,True,586203.9600892067,609.8771908283234,16.457658198404935,13.456238719165933,13.105880947323893,0.35035777184093936,3.0014194792390043,229,30015488,2463,88,229,586813.837280035
HIGH-RECENCY,978,evaluation,True,586813.837280035,589.6796610355377,15.585566300273696,10.606765724484339,10.606765724484339,0.0,4.978800575789357,70,9175040,1826,0,70,587403.5169410706
HIGH-RECENCY,979,evaluation,True,587403.5169410706,600.9465520381927,14.923038808588883,12.163891214720627,12.099243137918078,0.06464807680195796,2.759147593868256,340,44564480,2363,16,340,588004.4634931087
HIGH-RECENCY,980,evaluation,True,588004.4634931087,598.0466458797455,17.96914508329224,13.12343548367458,12.847348883656922,0.27608660001726254,4.845709599617661,72,9437184,2296,68,72,588602.5101389885
HIGH-RECENCY,981,evaluation,True,588602.5101389885,600.461748123169,14.778011361865934,12.507193540746444,12.507193540746444,0.0,2.2708178211194894,225,29491200,2422,0,225,589202.9718871117
HIGH-RECENCY,982,evaluation,True,589202.9718871117,601.8290429115295,18.034734043939604,13.381749744193467,13.381749744193467,0.0,4.652984299746137,52,6815744,2409,0,52,589804.8009300232
HIGH-RECENCY,983,evaluation,True,589804.8009300232,596.0062890052795,15.281234276761907,9.867039831301708,9.867039831301708,0.0,5.414194445460199,2,262144,1751,0,2,590400.8072190285
HIGH-RECENCY,984,evaluation,True,590400.8072190285,616.2632491588593,14.795557649925696,12.216537902239377,12.070754886679834,0.1457830155592545,2.5790197476863193,103,13500416,2340,37,103,591017.0704681873
HIGH-RECENCY,985,evaluation,True,591017.0704681873,584.6059749126434,15.1641529003951,11.225277035276187,11.225277035276187,0.0,3.9388758651189133,67,8781824,2058,0,67,591601.6764431
HIGH-RECENCY,986,evaluation,True,591601.6764431,624.3911430835724,14.26620541686636,12.000143961509561,11.871813817791336,0.12833014371806797,2.2660614553567986,86,11272192,2224,33,86,592226.0675861835
HIGH-RECENCY,987,evaluation,True,592226.0675861835,581.8518078327179,16.54379879715446,13.183032160971793,13.078704590126542,0.10432757084538831,3.360766636182664,69,9043968,2371,25,69,592807.9193940163
HIGH-RECENCY,988,evaluation,True,592807.9193940163,597.4845509529114,17.913159488006382,13.362987057911392,13.078512890841926,0.28447416706900225,4.5501724300949915,332,43515904,2442,70,332,593405.4039449692
HIGH-RECENCY,989,evaluation,True,593405.4039449692,594.5968201160431,17.536270186369457,13.25112914755528,12.993858972543357,0.257270175010629,4.285141038814176,82,10747904,2261,63,82,594000.0007650852
HIGH-RECENCY,990,evaluation,True,594000.0007650852,614.9988389015198,13.521844721329746,11.644247225726621,11.644247225726621,0.0,1.8775974956031238,129,16908288,2252,0,129,594614.9996039867
HIGH-RECENCY,991,evaluation,True,594614.9996039867,594.9408850669861,15.253893858121007,12.296752983320895,12.055956759940152,0.24079622338173737,2.9571408748001122,143,18743296,2283,59,143,595209.9404890537
HIGH-RECENCY,992,evaluation,True,595209.9404890537,593.4662420749664,13.280988239974905,10.0964621988682,10.0964621988682,0.0,3.1845260411067033,0,0,1902,0,0,595803.4067311287
HIGH-RECENCY,993,evaluation,True,595803.4067311287,602.2044630050659,17.17538650242673,13.736809369684376,13.736809369684376,0.0,3.4385771327423518,75,9830400,2657,0,75,596405.6111941338
HIGH-RECENCY,994,evaluation,True,596405.6111941338,600.0515179634094,18.026051939298004,15.088156695952698,14.910109305622072,0.1780473903311186,2.9378952433453063,264,34603008,2448,44,264,597005.6627120972
HIGH-RECENCY,995,evaluation,True,597005.6627120972,597.8007609844208,13.919984344231233,11.314750716987069,11.111662364930963,0.20308835205637057,2.6052336272441643,121,15859712,1920,50,121,597603.4634730816
HIGH-RECENCY,996,evaluation,True,597603.4634730816,599.9628510475159,15.099144523061392,13.117831744048999,12.717165911216282,0.40066583283432794,1.9813127790123937,77,10092544,2445,99,77,598203.4263241291
HIGH-RECENCY,997,evaluation,True,598203.4263241291,603.4369668960571,16.054387337505535,12.573662211068891,12.573662211068891,0.0,3.480725126436645,88,11534336,2467,0,88,598806.8632910252
HIGH-RECENCY,998,evaluation,True,598806.8632910252,611.1522941589355,18.089880724224802,14.301610906152737,14.301610906152737,0.0,3.7882698180720653,3,393216,2784,0,3,599418.0155851841
HIGH-RECENCY,999,evaluation,True,599418.0155851841,593.4857637882233,14.098811088635275,9.358419873700038,9.358419873700038,0.0,4.7403912149352365,129,16908288,1748,0,129,600011.5013489723
HIGH-RECENCY,1000,evaluation,True,600011.5013489723,597.7834510803223,11.750593629048389,8.460613284761683,8.460613284761683,0.0,3.2899803442867066,71,9306112,1583,0,71,600609.2848000526
HIGH-RECENCY,1001,evaluation,True,600609.2848000526,600.4550650119781,17.720922572969542,14.706907698693781,14.706907698693781,0.0,3.01401487427576,442,57933824,2887,0,442,601209.7398650646
HIGH-RECENCY,1002,evaluation,True,601209.7398650646,597.5595021247864,16.25114095582746,11.166063481820759,11.166063481820759,0.0,5.0850774740067,0,0,2077,0,0,601807.2993671894
HIGH-RECENCY,1003,evaluation,True,601807.2993671894,600.2157609462738,16.54557504914179,12.48032816412193,12.48032816412193,0.0,4.06524688501986,197,25821184,2322,0,197,602407.5151281357
HIGH-RECENCY,1004,evaluation,True,602407.5151281357,605.4415259361267,16.682248953785326,13.164553125990118,13.04824842537212,0.11630470061799661,3.5176958277952064,75,9830400,2451,29,75,603012.9566540718
HIGH-RECENCY,1005,evaluation,True,603012.9566540718,587.3859889507294,18.63333381006765,16.156435940075,16.156435940075,0.0,2.4768978699926514,10,1310720,2948,0,10,603600.3426430225
HIGH-RECENCY,1006,evaluation,True,603600.3426430225,600.0132620334625,21.36528468306787,19.457239574239857,19.420818467848555,0.03642110639202753,1.9080451088280141,255,33423360,3444,9,255,604200.355905056
HIGH-RECENCY,1007,evaluation,True,604200.355905056,441.6234359741211,21.389369854708363,17.42073581069126,17.272284810995565,0.14845099969578254,3.968634044017106,133,17432576,2260,27,133,604641.9793410301
