method,window_index,phase,evaluation,trace_start_elapsed_s,duration_s,total_dt_pct,get_dt_including_prefetch_pct,demand_read_dt_pct,extra_prefetch_dt_pct,put_dt_pct,evaluation_write_chunks,evaluation_write_bytes_sample,backend_demand_read_chunks,backend_prefetch_read_chunks,evictions,trace_end_elapsed_s
HIGH-CONTROL,0,warmup,False,0.0,604.7618930339813,26.20948098842051,21.099765473511916,20.613948787329097,0.48581668618282153,5.109715514908595,355,46530560,3345,121,0,604.7618930339813
HIGH-CONTROL,1,warmup,False,604.7618930339813,600.6291620731354,19.272541976144048,16.216193002184646,16.187894522739814,0.028298479444829848,3.0563489739594005,338,44302336,2715,7,0,1205.3910551071167
HIGH-CONTROL,2,warmup,False,1205.3910551071167,596.0083680152893,18.306471198790597,13.742226082758096,12.96002151782402,0.782204564934073,4.564245116032502,239,31326208,2155,192,0,1801.399423122406
HIGH-CONTROL,3,warmup,False,1801.399423122406,606.3185579776764,18.128213744823448,14.142169902831494,13.85783579309872,0.28433410973278284,3.9860438419919544,301,39452672,2500,71,0,2407.7179811000824
HIGH-CONTROL,4,warmup,False,2407.7179811000824,593.7436199188232,14.163600441209185,10.671034388082884,10.298887911814585,0.37214647626833536,3.492566053126302,265,34734080,1729,91,0,3001.4616010189056
HIGH-CONTROL,5,warmup,False,3001.4616010189056,600.4284710884094,21.697549279617604,15.880542990150857,15.880542990150857,0.0,5.817006289466746,256,33554432,2835,0,0,3601.890072107315
HIGH-CONTROL,6,warmup,False,3601.890072107315,600.6181988716125,12.079935817063374,9.802254740987413,9.773955745004905,0.02829899598251294,2.2776810760759605,120,15728640,1602,7,0,4202.508270978928
HIGH-CONTROL,7,warmup,False,4202.508270978928,598.5429110527039,19.01621744129195,15.36504618434888,15.101358686069599,0.26368749827927623,3.6511712569430705,223,29229056,2749,65,0,4801.0511820316315
HIGH-CONTROL,8,warmup,False,4801.0511820316315,599.8203740119934,15.60885578108493,12.005309986161736,12.005309986161736,0.0,3.6035457949231944,160,20971520,2150,0,0,5400.871556043625
HIGH-CONTROL,9,warmup,False,5400.871556043625,599.9853579998016,17.569355194763506,12.91673906541709,12.143766304350985,0.7729727610660992,4.652616129346415,344,45088768,2014,191,0,6000.8569140434265
HIGH-CONTROL,10,warmup,False,6000.8569140434265,599.3969490528107,13.185779375429524,8.996351084046431,8.757344998870467,0.239006085175946,4.189428291383093,205,26869760,1504,59,0,6600.253863096237
HIGH-CONTROL,11,warmup,False,6600.253863096237,610.6300280094147,15.81591543107646,11.738102597088883,11.55916325697507,0.17893934011389578,4.077812833987577,253,33161216,1986,45,58,7210.883891105652
HIGH-CONTROL,12,warmup,False,7210.883891105652,592.6449689865112,13.824313537868392,11.027794974356569,10.52385131619916,0.5039436581574543,2.7965185635118237,174,22806528,1674,123,174,7803.528860092163
HIGH-CONTROL,13,warmup,False,7803.528860092163,600.7680399417877,15.033414219188385,10.811869101017399,9.995444611243927,0.8164244897735683,4.221545118170987,271,35520512,1539,202,271,8404.29690003395
HIGH-CONTROL,14,warmup,False,8404.29690003395,598.5450029373169,14.363243122669115,9.114630777542393,8.956418831519548,0.15821194602285757,5.248612345126721,233,30539776,1550,39,233,9002.841902971268
HIGH-CONTROL,15,warmup,False,9002.841902971268,602.8705711364746,12.972496225007701,9.052890796996428,8.625964156844947,0.42692664015149423,3.9196054280112733,149,19529728,1576,106,149,9605.712474107742
HIGH-CONTROL,16,warmup,False,9605.712474107742,602.6851348876953,19.80432315705859,14.60876777909577,14.60876777909577,0.0,5.1955553779628225,274,35913728,2442,0,274,10208.397608995438
HIGH-CONTROL,17,warmup,False,10208.397608995438,617.2202301025391,13.419692970092381,8.516011951490126,8.516011951490126,0.0,4.9036810186022555,93,12189696,1428,0,93,10825.617839097977
HIGH-CONTROL,18,warmup,False,10825.617839097977,575.4376928806305,20.128254502367064,16.052643321041884,15.141205764961738,0.9114375560801541,4.075611181325177,217,28442624,2299,216,217,11401.055531978607
HIGH-CONTROL,19,warmup,False,11401.055531978607,604.5329101085663,17.06630426090419,12.034357420439994,11.737133850512002,0.29722356992799764,5.031946840464195,130,17039360,2146,74,130,12005.588442087173
HIGH-CONTROL,20,warmup,False,12005.588442087173,594.939218044281,22.53876923894367,15.785893679223195,15.785893679223195,0.0,6.752875559720473,322,42205184,2868,0,322,12600.527660131454
HIGH-CONTROL,21,warmup,False,12600.527660131454,608.3511469364166,19.885821241538157,16.209076078787795,16.17315414954808,0.03592192923971001,3.67674516275036,123,16121856,3118,9,123,13208.878807067871
HIGH-CONTROL,22,warmup,False,13208.878807067871,593.7863490581512,15.1235496688352,10.18454806099513,10.18454806099513,0.0,4.93900160784007,118,15466496,1767,0,118,13802.665156126022
HIGH-CONTROL,23,warmup,False,13802.665156126022,603.9313879013062,14.464936950349152,9.076937263348542,9.076937263348837,0.0,5.387999687000609,183,23986176,1613,0,183,14406.596544027328
HIGH-CONTROL,24,warmup,False,14406.596544027328,595.1951251029968,20.03583799206863,11.890284931037703,11.682227953398495,0.20805697763917275,8.145553061030924,60,7864320,1969,51,60,15001.791669130325
HIGH-CONTROL,25,warmup,False,15001.791669130325,608.8492078781128,13.671884686564947,8.357187990767304,8.297367084456429,0.0598209063108494,5.314696695797642,78,10223616,1528,15,78,15610.640877008438
HIGH-CONTROL,26,warmup,False,15610.640877008438,591.1123940944672,16.465620316491805,9.150812858432884,9.150812858432884,0.0,7.314807458058921,72,9437184,1662,0,72,16201.753271102905
HIGH-CONTROL,27,warmup,False,16201.753271102905,601.7894539833069,17.7180553422166,12.590541491218964,12.324241692849796,0.2662997983691081,5.127513850997637,290,38010880,2173,66,290,16803.542725086212
HIGH-CONTROL,28,warmup,False,16803.542725086212,597.1851630210876,20.140996101704776,13.751625807683686,13.483272840832116,0.2683529668515079,6.38937029402109,79,10354688,2461,66,79,17400.7278881073
HIGH-CONTROL,29,warmup,False,17400.7278881073,609.6430339813232,13.523890330382878,9.567548725518494,9.456028435450458,0.1115202900680573,3.9563416048643845,139,18219008,1769,28,139,18010.370922088623
HIGH-CONTROL,30,warmup,False,18010.370922088623,589.9258139133453,24.310176174638382,16.33599320412113,16.191933632595134,0.14405957152596055,7.974182970517251,124,16252928,2592,35,124,18600.29673600197
HIGH-CONTROL,31,warmup,False,18600.29673600197,600.5643811225891,20.294737431836168,15.590634692949337,15.242930158043897,0.3477045349053661,4.704102738886832,242,31719424,2494,86,242,19200.861117124557
HIGH-CONTROL,32,warmup,False,19200.861117124557,601.6464719772339,14.225887348473826,9.136883395339717,9.136883395339717,0.0,5.089003953134109,0,0,1593,0,0,19802.50758910179
HIGH-CONTROL,33,warmup,False,19802.50758910179,606.1459600925446,14.28390180033096,10.538323536441245,10.30197861674955,0.2363449196916962,3.745578263889715,242,31719424,1835,59,242,20408.653549194336
HIGH-CONTROL,34,warmup,False,20408.653549194336,594.6217949390411,13.855564951441586,10.401461820062737,9.68685246073729,0.7146093593253868,3.4541031313788486,271,35520512,1596,175,271,21003.275344133377
HIGH-CONTROL,35,warmup,False,21003.275344133377,597.4006559848785,19.144759819081305,13.971447763631657,13.361774656362268,0.6096731072694599,5.173312055449647,445,58327040,1985,150,445,21600.676000118256
HIGH-CONTROL,36,warmup,False,21600.676000118256,602.4988808631897,17.893152104546324,11.858359631991666,11.628644245292572,0.22971538669910013,6.034792472554657,79,10354688,2004,57,79,22203.174880981445
HIGH-CONTROL,37,warmup,False,22203.174880981445,600.0057561397552,17.24590098387268,11.314900514761161,11.080183781812677,0.23471673294845577,5.931000469111519,150,19660800,1896,58,150,22803.1806371212
HIGH-CONTROL,38,warmup,False,22803.1806371212,611.5831758975983,16.686315667680333,11.35443628986398,11.35443628986398,0.0,5.331879377816355,272,35651584,2110,0,272,23414.7638130188
HIGH-CONTROL,39,warmup,False,23414.7638130188,586.2793290615082,20.817460103673408,14.508032428629017,14.26367873720885,0.24435369142016736,6.3094276750443905,185,24248320,2431,59,185,24001.043142080307
HIGH-CONTROL,40,warmup,False,24001.043142080307,599.4334330558777,13.44307149276935,9.232380847502075,9.232380847502075,0.0,4.210690645267276,169,22151168,1503,0,169,24600.476575136185
HIGH-CONTROL,41,warmup,False,24600.476575136185,600.7882189750671,12.852757286849512,8.64347866917069,8.639437099526976,0.004041569643741758,4.209278617678821,206,27000832,1493,1,206,25201.264794111252
HIGH-CONTROL,42,warmup,False,25201.264794111252,601.133996963501,18.285451596533047,12.548609014794012,12.346646770070492,0.20196224472352203,5.736842581739034,168,22020096,2241,50,168,25802.398791074753
HIGH-CONTROL,43,warmup,False,25802.398791074753,604.9049940109253,14.86976332457197,9.36474735019302,9.36474735019302,0.0,5.505015974378949,4,524288,1491,0,4,26407.303785085678
HIGH-CONTROL,44,warmup,False,26407.303785085678,599.8937790393829,22.14567463730991,13.516233171792447,13.394805303411315,0.12142786838108005,8.629441465517464,161,21102592,2270,30,161,27007.19756412506
HIGH-CONTROL,45,warmup,False,27007.19756412506,596.9075970649719,17.701779606729552,9.930064605436113,9.930064605436113,0.0,7.771715001293439,6,786432,1757,0,6,27604.105161190033
HIGH-CONTROL,46,warmup,False,27604.105161190033,597.9941718578339,19.459755081168993,12.896308379490922,12.896308379490922,0.0,6.563446701678069,75,9830400,2242,0,75,28202.099333047867
HIGH-CONTROL,47,warmup,False,28202.099333047867,599.2739779949188,15.940876717049104,11.66512857190541,11.397710969705225,0.2674176022002552,4.275748145143694,196,25690112,1800,66,196,28801.373311042786
HIGH-CONTROL,48,warmup,False,28801.373311042786,598.894376039505,13.459339297904545,10.23032519924681,10.230325199246876,0.0,3.2290140986577356,4,524288,1655,0,4,29400.26768708229
HIGH-CONTROL,49,warmup,False,29400.26768708229,599.8792159557343,14.410470207355237,10.857372142382426,10.857372142381768,0.0,3.553098064972812,121,15859712,1893,0,121,30000.146903038025
HIGH-CONTROL,50,warmup,False,30000.146903038025,608.5214970111847,15.42220232701128,9.816358917154577,9.616848510369163,0.1995104067854156,5.6058434098567025,62,8126464,1726,50,62,30608.66840004921
HIGH-CONTROL,51,warmup,False,30608.66840004921,601.2963759899139,13.679424704410431,10.383547935593775,10.169525768107807,0.21402216748585906,3.295876768816656,123,16121856,1729,53,123,31209.964776039124
HIGH-CONTROL,52,warmup,False,31209.964776039124,591.8793399333954,11.517561341597219,8.294500421143562,8.294500421143562,0.0,3.2230609204536576,84,11010048,1443,0,84,31801.84411597252
HIGH-CONTROL,53,warmup,False,31801.84411597252,599.2321450710297,13.90015415633603,11.559211540345729,11.206681910577498,0.35252962976818736,2.3409426159902997,162,21233664,1950,87,162,32401.07626104355
HIGH-CONTROL,54,warmup,False,32401.07626104355,605.4068710803986,15.035673548693474,11.080606082822102,11.080606082822102,0.0,3.9550674658713723,74,9699328,2026,0,74,33006.48313212395
HIGH-CONTROL,55,warmup,False,33006.48313212395,603.675961971283,15.947475501875466,11.54854861839486,11.23481417918435,0.3137344392105335,4.398926883480606,132,17301504,2188,78,132,33610.15909409523
HIGH-CONTROL,56,warmup,False,33610.15909409523,591.7570641040802,18.75740206267041,13.071987504961678,12.895547736443564,0.17643976851810805,5.685414557708729,132,17301504,2235,43,132,34201.91615819931
HIGH-CONTROL,57,warmup,False,34201.91615819931,599.9442658424377,18.692279583803582,12.662274363089864,12.532762203171064,0.12951215991867443,6.030005220713717,136,17825792,2202,32,136,34801.86042404175
HIGH-CONTROL,58,warmup,False,34801.86042404175,615.0856549739838,14.97462015849497,12.411269426072238,12.26915493078912,0.1421144952832387,2.5633507324227316,240,31457280,2266,36,240,35416.94607901573
HIGH-CONTROL,59,warmup,False,35416.94607901573,583.1243870258331,16.916149167643255,12.353209390192909,12.136681614864251,0.21652777532871825,4.562939777450346,130,17039360,2099,52,130,36000.070466041565
HIGH-CONTROL,60,warmup,False,36000.070466041565,601.2495009899139,12.896026676053737,9.775437119365787,9.581590610789466,0.19384650857626584,3.1205895566879494,102,13369344,1649,48,102,36601.31996703148
HIGH-CONTROL,61,warmup,False,36601.31996703148,612.4589040279388,15.590789661020104,11.493437221605593,11.493437221605593,0.0,4.097352439414512,7,917504,2136,0,7,37213.77887105942
HIGH-CONTROL,62,warmup,False,37213.77887105942,587.8250389099121,17.749392430418126,12.400932240990047,11.855680168864662,0.545252072125393,5.348460189428081,237,31064064,2015,132,237,37801.60390996933
HIGH-CONTROL,63,warmup,False,37801.60390996933,598.5540671348572,19.331016433561587,15.536664622544777,15.179678970942744,0.35698565160208334,3.7943518110168104,115,15073280,2821,88,115,38400.15797710419
HIGH-CONTROL,64,warmup,False,38400.15797710419,619.8293299674988,15.635914937434872,11.802130944160126,11.802130944160126,0.0,3.833783993274747,301,39452672,2276,0,301,39019.987307071686
HIGH-CONTROL,65,warmup,False,39019.987307071686,583.6032891273499,14.337936764680334,10.40828680197078,10.40828680197078,0.0,3.9296499627095542,94,12320768,1857,0,94,39603.590596199036
HIGH-CONTROL,66,warmup,False,39603.590596199036,605.1068019866943,14.2461060875755,11.047851595258553,11.047851595258553,0.0,3.1982544923169463,79,10354688,1977,0,79,40208.69739818573
HIGH-CONTROL,67,warmup,False,40208.69739818573,598.0250318050385,13.337316210619303,9.641113868972147,9.641113868972147,0.0,3.696202341647156,16,2097152,1572,0,16,40806.72242999077
HIGH-CONTROL,68,warmup,False,40806.72242999077,595.8320081233978,13.712942296175235,8.904367205309265,8.525374724648366,0.37899248066089763,4.808575090865971,196,25690112,1500,93,196,41402.554438114166
HIGH-CONTROL,69,warmup,False,41402.554438114166,608.2511730194092,16.592846738820604,13.059208589517938,12.955417070599948,0.10379151891795722,3.5336381493026656,142,18612224,2456,26,142,42010.805611133575
HIGH-CONTROL,70,warmup,False,42010.805611133575,599.0988869667053,12.662924896681135,9.732516985237883,9.732516985237883,0.0,2.9304079114432526,46,6029312,1783,0,46,42609.90449810028
HIGH-CONTROL,71,warmup,False,42609.90449810028,606.3650009632111,11.27859812667915,7.695173548394517,7.695173548394517,0.0,3.5834245782846335,128,16777216,1527,0,128,43216.26949906349
HIGH-CONTROL,72,warmup,False,43216.26949906349,588.6245129108429,13.923010727837186,9.663231208103989,9.48585245964997,0.17737874845401438,4.259779519733197,48,6291456,1747,43,48,43804.894011974335
HIGH-CONTROL,73,warmup,False,43804.894011974335,608.8628652095795,12.152783199927397,9.27061277598076,9.150973647030469,0.11963912895024235,2.882170423946637,42,5505024,1650,30,42,44413.756877183914
HIGH-CONTROL,74,warmup,False,44413.756877183914,588.0298409461975,14.44188464329406,10.02721141551635,10.02721141551635,0.0,4.414673227777711,148,19398656,1810,0,148,45001.78671813011
HIGH-CONTROL,75,warmup,False,45001.78671813011,598.2317929267883,13.47554527662263,9.92204665627103,9.83275216532218,0.08929449094882963,3.553498620351598,88,11534336,1870,22,88,45600.0185110569
HIGH-CONTROL,76,warmup,False,45600.0185110569,604.3161370754242,11.650071723052285,6.221931480616253,6.221931480616253,0.0,5.428140242436031,66,8650752,1167,0,66,46204.334648132324
HIGH-CONTROL,77,warmup,False,46204.334648132324,597.1995458602905,19.11069472843878,12.586296730522688,12.586296730522688,0.0,6.52439799791609,76,9961472,2201,0,76,46801.534193992615
HIGH-CONTROL,78,warmup,False,46801.534193992615,600.1183660030365,19.152042779565576,12.918699175772339,12.918699175772339,0.0,6.233343603793239,200,26214400,2443,0,200,47401.65255999565
HIGH-CONTROL,79,warmup,False,47401.65255999565,625.6246821880341,11.934039395022122,8.333100817987338,8.333100817987338,0.0,3.6009385770347833,192,25165824,1634,0,192,48027.277242183685
HIGH-CONTROL,80,warmup,False,48027.277242183685,572.965117931366,13.168727395593052,7.745392867654592,7.741155039989068,0.004237827665484806,5.42333452793846,78,10223616,1432,1,78,48600.24236011505
HIGH-CONTROL,81,warmup,False,48600.24236011505,605.5451200008392,17.130628182345806,10.145921300306776,10.033646317416219,0.11227498289057977,6.98470688203903,94,12320768,1805,28,94,49205.78748011589
HIGH-CONTROL,82,warmup,False,49205.78748011589,606.4052999019623,18.72962006116625,13.070675095367335,13.070675095367335,0.0,5.6589449657989155,103,13500416,2396,0,103,49812.19278001785
HIGH-CONTROL,83,warmup,False,49812.19278001785,600.6909341812134,14.11323175160972,8.55153548110711,8.55153548110711,0.0,5.56169627050261,134,17563648,1563,0,134,50412.883714199066
HIGH-CONTROL,84,warmup,False,50412.883714199066,588.3023478984833,13.839569455119868,8.228723029527178,8.228723029527178,0.0,5.6108464255926895,57,7471104,1428,0,57,51001.18606209755
HIGH-CONTROL,85,warmup,False,51001.18606209755,602.2866859436035,14.645540262100539,10.551553547301095,10.551553547301095,0.0,4.093986714799443,200,26214400,1920,0,200,51603.47274804115
HIGH-CONTROL,86,warmup,False,51603.47274804115,597.8522810935974,16.30067590035845,11.336503354402899,11.190292341788384,0.1462110126145074,4.964172545955551,52,6815744,2058,36,52,52201.32502913475
HIGH-CONTROL,87,warmup,False,52201.32502913475,599.1089408397675,20.80811331467227,14.282088320254129,14.26992962625407,0.012158694000078591,6.52602499441814,218,28573696,2600,3,218,52800.43396997452
HIGH-CONTROL,88,warmup,False,52800.43396997452,601.1316800117493,21.561362309943497,11.651198334395419,11.42096048800437,0.23023784639092515,9.910163975548079,361,47316992,2196,57,361,53401.56564998627
HIGH-CONTROL,89,warmup,False,53401.56564998627,604.8616180419922,27.050229029428102,17.300026447366598,17.300026447366598,0.0,9.750202582061503,323,42336256,3336,0,323,54006.42726802826
HIGH-CONTROL,90,warmup,False,54006.42726802826,605.5304520130157,26.804553164114648,16.496593926007453,16.388326141387438,0.10826778462007154,10.307959238107195,300,39321600,2995,27,300,54611.957720041275
HIGH-CONTROL,91,warmup,False,54611.957720041275,594.208888053894,20.766692572822727,13.390019387841697,12.768898808033178,0.6211205798084503,7.376673184981028,329,43122688,2046,152,329,55206.16660809517
HIGH-CONTROL,92,warmup,False,55206.16660809517,596.4155929088593,25.62677374792068,16.494468608840968,14.585075599449885,1.9093930093906617,9.132305139079712,545,71434240,1938,469,545,55802.58220100403
HIGH-CONTROL,93,warmup,False,55802.58220100403,602.33145403862,25.60840442803588,14.881261414878237,13.950050812913558,0.9312106019644655,10.727143013157642,210,27525120,2237,231,210,56404.91365504265
HIGH-CONTROL,94,warmup,False,56404.91365504265,597.8001880645752,23.065546107855432,15.247303190638346,15.247303190638346,0.0,7.818242917217084,125,16384000,2754,0,125,57002.71384310722
HIGH-CONTROL,95,warmup,False,57002.71384310722,598.7439239025116,15.804453515192112,11.530873430900924,11.445710686102917,0.08516274479802204,4.273580084291189,322,42205184,2033,21,322,57601.457767009735
HIGH-CONTROL,96,warmup,False,57601.457767009735,600.5309681892395,19.520701127425866,13.690034747216332,13.60108212653819,0.08895262067812275,5.830666380209535,172,22544384,2364,22,172,58201.988735198975
HIGH-CONTROL,97,warmup,False,58201.988735198975,601.8220019340515,21.61388531976162,16.029735313839275,15.864315597987526,0.16541971585168752,5.584150005922348,55,7208960,2748,41,55,58803.810737133026
HIGH-CONTROL,98,warmup,False,58803.810737133026,596.6109149456024,21.57591465804833,13.687274023845232,13.45122170347451,0.23605232037069232,7.888640634203098,181,23724032,2371,58,181,59400.42165207863
HIGH-CONTROL,99,warmup,False,59400.42165207863,611.9258399009705,20.150297248410617,14.853401624046016,14.853401624045112,0.0,5.296895624364598,230,30146560,2454,0,230,60012.3474919796
HIGH-CONTROL,100,warmup,False,60012.3474919796,598.1188230514526,20.982972474071275,14.93050423017587,14.443351376683797,0.4871528534894919,6.052468243895404,260,34078720,2308,120,260,60610.46631503105
HIGH-CONTROL,101,warmup,False,60610.46631503105,590.5973880290985,18.883777707568207,14.277978667802195,14.277978667801392,0.0,4.605799039766012,118,15466496,2473,0,118,61201.06370306015
HIGH-CONTROL,102,warmup,False,61201.06370306015,599.858540058136,17.067608535104384,10.763010881130795,10.734676047396091,0.028334833734706646,6.3045976539735875,22,2883584,1981,7,22,61800.922243118286
HIGH-CONTROL,103,warmup,False,61800.922243118286,614.7623720169067,15.59951706792583,9.761638112950468,9.524656065383475,0.2369820475668918,5.837878954975362,53,6946816,1780,60,53,62415.68461513519
HIGH-CONTROL,104,warmup,False,62415.68461513519,588.0471608638763,15.76922465185576,11.114547345619576,11.110418208384349,0.004129137235456154,4.654677306236184,120,15728640,1954,1,120,63003.73177599907
HIGH-CONTROL,105,warmup,False,63003.73177599907,600.5743911266327,12.59631673327618,7.243518895488793,7.243518895488793,0.0,5.352797837787385,0,0,1318,0,0,63604.3061671257
HIGH-CONTROL,106,warmup,False,63604.3061671257,596.1500110626221,19.692664970107955,10.512384342302559,10.210981295507256,0.3014030467954753,9.180280627805399,107,14024704,1665,74,107,64200.456178188324
HIGH-CONTROL,107,warmup,False,64200.456178188324,605.4869248867035,19.49476734123607,13.303409968841597,12.998634296646342,0.3047756721950936,6.191357372394474,144,18874368,2281,76,144,64805.94310307503
HIGH-CONTROL,108,warmup,False,64805.94310307503,597.0406160354614,16.462120858410923,11.145509849916358,10.91776129760173,0.22774855231467253,5.316611008494566,59,7733248,1882,56,59,65402.98371911049
HIGH-CONTROL,109,warmup,False,65402.98371911049,615.7234280109406,18.907314306337966,14.61381328243,14.558603780164361,0.055209502265651564,4.293501023907967,127,16646144,2784,14,127,66018.70714712143
HIGH-CONTROL,110,warmup,False,66018.70714712143,595.2475099563599,17.19357187681869,12.094731777858541,11.870376352067835,0.22435542579052567,5.09884009896015,119,15597568,2068,55,119,66613.95465707779
HIGH-CONTROL,111,warmup,False,66613.95465707779,592.6147220134735,17.428850895744922,13.39788254468061,13.34871480035148,0.04916774432894568,4.030968351064313,205,26869760,2337,12,205,67206.56937909126
HIGH-CONTROL,112,warmup,False,67206.56937909126,627.0515649318695,17.23040306186936,10.833405891975158,10.608812894034534,0.22459299794059656,6.396997169894204,140,18350080,1924,58,140,67833.62094402313
HIGH-CONTROL,113,warmup,False,67833.62094402313,576.5617470741272,20.189041805670502,12.435246170201438,11.896188016625501,0.5390581535759625,7.753795635469063,213,27918336,1917,128,213,68410.18269109726
HIGH-CONTROL,114,warmup,False,68410.18269109726,590.2754008769989,15.627952687154929,8.49829830937239,8.49829830937239,0.0,7.12965437778254,0,0,1566,0,0,69000.45809197426
HIGH-CONTROL,115,warmup,False,69000.45809197426,608.3358352184296,15.343200940102552,10.15474637094208,9.871355129761469,0.28339124118037146,5.188454569160472,150,19660800,1618,71,150,69608.79392719269
HIGH-CONTROL,116,warmup,False,69608.79392719269,596.636570930481,14.598296595858326,9.507257682063386,9.486909219142891,0.0203484629205727,5.0910389137949394,8,1048576,1647,5,8,70205.43049812317
HIGH-CONTROL,117,warmup,False,70205.43049812317,601.7826550006866,19.832909624305227,13.269174873695608,13.019011630715742,0.25016324297969117,6.563734750609618,273,35782656,2332,62,273,70807.21315312386
HIGH-CONTROL,118,warmup,False,70807.21315312386,592.9412908554077,16.148769023084768,9.8402379159114,9.782907140473423,0.057330775437722636,6.308531107173368,99,12976128,1718,14,99,71400.15444397926
HIGH-CONTROL,119,warmup,False,71400.15444397926,600.2585251331329,17.131572069039834,12.399167348029867,12.152414046053845,0.24675330197588138,4.732404721009967,132,17301504,2228,61,132,72000.4129691124
HIGH-CONTROL,120,warmup,False,72000.4129691124,600.1577899456024,18.982349322566115,11.528728044477365,11.379032887060967,0.149695157416616,7.4536212780887485,54,7077888,1839,37,54,72600.570759058
HIGH-CONTROL,121,warmup,False,72600.570759058,603.2871940135956,18.99960491613189,12.14384102451229,11.886252007304266,0.25758901720803473,6.855763891619602,99,12976128,2006,64,99,73203.8579530716
HIGH-CONTROL,122,warmup,False,73203.8579530716,597.5665240287781,17.49445167814868,15.471418910606062,15.304821183742117,0.1665977268640138,2.0230327675426167,277,36306944,2793,41,277,73801.42447710037
HIGH-CONTROL,123,warmup,False,73801.42447710037,602.3811268806458,9.588920815127059,5.757583303148661,5.757583303148661,0.0,3.831337511978398,79,10354688,1060,0,79,74403.80560398102
HIGH-CONTROL,124,warmup,False,74403.80560398102,597.7052609920502,15.70166041267478,12.753500107532979,12.546316890458758,0.20718321707418375,2.948160305141801,79,10354688,2128,51,79,75001.51086497307
HIGH-CONTROL,125,warmup,False,75001.51086497307,601.5255391597748,18.396133260946996,12.544332230312845,12.084158041876348,0.46017418843624713,5.8518010306341495,217,28442624,1928,114,217,75603.03640413284
HIGH-CONTROL,126,warmup,False,75603.03640413284,613.0752398967743,18.214677461693313,12.021248927249312,11.656876483460591,0.36437244378901146,6.193428534443999,108,14155776,1996,92,108,76216.11164402962
HIGH-CONTROL,127,warmup,False,76216.11164402962,590.0769939422607,14.296611264645094,9.740244462162185,9.657945797647113,0.08229866451512678,4.556366802482908,122,15990784,1584,20,122,76806.18863797188
HIGH-CONTROL,128,warmup,False,76806.18863797188,594.8778791427612,17.894964569299784,10.851851521744052,10.851851521744052,0.0,7.043113047555731,113,14811136,2014,0,113,77401.06651711464
HIGH-CONTROL,129,warmup,False,77401.06651711464,608.956239938736,10.267019991939776,7.650578507640762,7.650578507640762,0.0,2.6164414842990147,57,7471104,1353,0,57,78010.02275705338
HIGH-CONTROL,130,warmup,False,78010.02275705338,592.4756209850311,13.013233012364845,10.684019971990939,10.520089012327631,0.16393095966315055,2.329213040373906,223,29229056,1896,40,223,78602.4983780384
HIGH-CONTROL,131,warmup,False,78602.4983780384,601.2583830356598,11.51092024878715,9.554698644431037,9.554698644431037,0.0,1.9562216043561127,116,15204352,1695,0,116,79203.75676107407
HIGH-CONTROL,132,warmup,False,79203.75676107407,604.0456869602203,12.853550433750193,7.416451729703926,7.416451729703926,0.0,5.437098704046266,4,524288,1424,0,4,79807.80244803429
HIGH-CONTROL,133,warmup,False,79807.80244803429,592.9885520935059,11.45161397585655,6.682941705059778,6.682941705059778,0.0,4.76867227079677,9,1179648,1119,0,9,80400.79100012779
HIGH-CONTROL,134,warmup,False,80400.79100012779,600.7280879020691,10.508955054145133,9.327696180278314,9.327696180278314,0.0,1.1812588738668195,128,16777216,1742,0,128,81001.51908802986
HIGH-CONTROL,135,warmup,False,81001.51908802986,598.7768440246582,13.821396875181263,10.429916203365837,10.429916203365837,0.0,3.3914806718154265,183,23986176,1980,0,183,81600.29593205452
HIGH-CONTROL,136,warmup,False,81600.29593205452,626.1659619808197,11.85780110749603,7.390145018933288,7.366878400411496,0.023266618521832243,4.467656088562741,134,17563648,1413,6,134,82226.46189403534
HIGH-CONTROL,137,warmup,False,82226.46189403534,577.4224860668182,9.436629232329562,6.949051945259721,6.780847381931036,0.16820456332879644,2.4875772870698403,133,17432576,1231,40,133,82803.88438010216
HIGH-CONTROL,138,warmup,False,82803.88438010216,622.3863840103149,9.136107339866314,7.122309222554561,7.122309222554561,0.0,2.0137981173117536,0,0,1352,0,0,83426.27076411247
HIGH-CONTROL,139,warmup,False,83426.27076411247,584.8723170757294,10.4019276621232,9.061889933598644,9.061889933598644,0.0,1.3400377285245553,0,0,1696,0,0,84011.1430811882
HIGH-CONTROL,140,warmup,False,84011.1430811882,589.0831458568573,11.391396690223655,7.557936996784286,7.434280729657686,0.12365626712654613,3.8334596934393677,48,6291456,1330,30,48,84600.22622704506
HIGH-CONTROL,141,warmup,False,84600.22622704506,602.1888480186462,12.7027850974746,6.814075919642743,6.576177926793958,0.2378979928487195,5.888709177831856,76,9961472,1131,59,76,85202.4150750637
HIGH-CONTROL,142,warmup,False,85202.4150750637,598.4431040287018,18.456788825844715,13.096466873343413,13.064007614820305,0.03245925852307393,5.360321952501301,61,7995392,2141,8,61,85800.8581790924
HIGH-CONTROL,143,warmup,False,85800.8581790924,600.3745999336243,25.349250673215074,15.806128212534157,15.56346697119588,0.24266124133791242,9.543122460680916,248,32505856,2651,60,248,86401.23277902603
HIGH-CONTROL,144,evaluation,True,86401.23277902603,603.9016160964966,24.89146014239729,17.35047806000456,17.008715716785666,0.3417623432189194,7.540982082392731,143,18743296,2691,85,143,87005.13439512253
HIGH-CONTROL,145,evaluation,True,87005.13439512253,596.2127940654755,30.472076515601707,18.134863709502447,17.442524217813684,0.6923394916888193,12.337212806099261,223,29229056,2941,170,223,87601.347189188
HIGH-CONTROL,146,evaluation,True,87601.347189188,598.7033448219299,26.796140599835717,16.851994337607888,16.851994337607888,0.0,9.944146262227829,74,9699328,2958,0,74,88200.05053400993
HIGH-CONTROL,147,evaluation,True,88200.05053400993,601.3895761966705,31.420884970602412,23.216659782431858,22.477792105081587,0.7388676773506436,8.204225188170554,271,35520512,3778,183,271,88801.4401102066
HIGH-CONTROL,148,evaluation,True,88801.4401102066,600.8235189914703,23.87758079992431,15.854679639297908,15.123198512811728,0.7314811264858319,8.022901160626404,385,50462720,2466,181,385,89402.26362919807
HIGH-CONTROL,149,evaluation,True,89402.26362919807,599.6198039054871,20.025785242830818,12.23873486714645,11.493636983678831,0.7450978834679477,7.787050375684369,283,37093376,1799,184,283,90001.88343310356
HIGH-CONTROL,150,evaluation,True,90001.88343310356,599.7720320224762,22.45253814769534,14.625457825803423,14.232761354555718,0.39269647124781626,7.827080321891917,351,46006272,2450,97,351,90601.65546512604
HIGH-CONTROL,151,evaluation,True,90601.65546512604,606.8495860099792,15.494316416269733,13.510856850818374,13.490850843694645,0.020006007123545916,1.9834595654513576,18,2359296,2385,5,18,91208.50505113602
HIGH-CONTROL,152,evaluation,True,91208.50505113602,597.7791819572449,19.086201169600248,15.295054669067197,15.01884453981516,0.2762101292521653,3.79114650053305,137,17956864,2645,68,137,91806.28423309326
HIGH-CONTROL,153,evaluation,True,91806.28423309326,598.191890001297,19.82419599695784,14.586188953220061,14.358878723429392,0.2273102297907103,5.238007043737781,195,25559040,2235,56,195,92404.47612309456
HIGH-CONTROL,154,evaluation,True,92404.47612309456,595.7034800052643,26.509714034725445,17.539855291698977,16.264046251608875,1.2758090400901558,8.969858743026467,551,72220672,2714,313,551,93000.17960309982
HIGH-CONTROL,155,evaluation,True,93000.17960309982,614.405925989151,18.11547382105223,11.552226484193403,11.496898593370723,0.055327890822430885,6.5632473368588276,136,17825792,2054,14,136,93614.58552908897
HIGH-CONTROL,156,evaluation,True,93614.58552908897,588.5197830200195,16.87322264558416,14.168763318048075,13.888207472898225,0.28055584514998394,2.7044593275360858,137,17956864,2340,68,137,94203.105312109
HIGH-CONTROL,157,evaluation,True,94203.105312109,610.8859128952026,17.973788105372833,11.893050812656616,11.674438784243337,0.2186120284131012,6.0807372927162175,60,7864320,2082,55,60,94813.9912250042
HIGH-CONTROL,158,evaluation,True,94813.9912250042,593.9629490375519,21.12520876584111,14.94326856183766,14.93100452702523,0.012264034812584554,6.18194020400345,10,1310720,2692,3,10,95407.95417404175
HIGH-CONTROL,159,evaluation,True,95407.95417404175,595.6154160499573,18.332050660753886,15.445018276728394,15.445018276728394,0.0,2.8870323840254923,438,57409536,2723,0,438,96003.5695900917
HIGH-CONTROL,160,evaluation,True,96003.5695900917,600.7867259979248,23.588049357863248,17.33145767362777,17.105129211145098,0.22632846248271848,6.256591684235476,298,39059456,2943,56,298,96604.35631608963
HIGH-CONTROL,161,evaluation,True,96604.35631608963,596.2121419906616,21.955982683812906,13.764506085312982,13.230996834692235,0.5335092506211935,8.191476598499925,519,68026368,2170,131,519,97200.56845808029
HIGH-CONTROL,162,evaluation,True,97200.56845808029,605.4558379650116,19.993316062090408,12.772216131412534,12.487476871193927,0.28473926021836665,7.221099930677873,73,9568256,2206,71,73,97806.0242960453
HIGH-CONTROL,163,evaluation,True,97806.0242960453,595.4829001426697,18.30414567269036,13.723004128007677,13.723004128007677,0.0,4.581141544682682,137,17956864,2313,0,137,98401.50719618797
HIGH-CONTROL,164,evaluation,True,98401.50719618797,600.8912749290466,15.674349793470151,12.125716710730357,12.125716710730357,0.0,3.548633082739794,112,14680064,2093,0,112,99002.39847111702
HIGH-CONTROL,165,evaluation,True,99002.39847111702,618.5882818698883,20.516189160928477,12.281611687336587,12.281611687336587,0.0,8.23457747359189,12,1572864,2129,0,12,99620.98675298691
HIGH-CONTROL,166,evaluation,True,99620.98675298691,579.9955360889435,23.53640545764237,18.04968276450976,17.643596258885047,0.40608650562482934,5.4867226931326085,187,24510464,2912,97,187,100200.98228907585
HIGH-CONTROL,167,evaluation,True,100200.98228907585,605.8981919288635,22.7306908049081,18.508197067540998,17.87501456468053,0.633182502860442,4.222493737367102,332,43515904,2908,158,332,100806.88048100471
HIGH-CONTROL,168,evaluation,True,100806.88048100471,593.4298892021179,15.585272463615553,10.948903784816205,10.678852658014902,0.270051126800975,4.636368678799347,130,17039360,1860,66,130,101400.31037020683
HIGH-CONTROL,169,evaluation,True,101400.31037020683,605.05473279953,18.49327324516855,12.562356038015679,12.562356038015679,0.0,5.930917207152871,0,0,2341,0,0,102005.36510300636
HIGH-CONTROL,170,evaluation,True,102005.36510300636,594.9458091259003,14.515174160872105,10.182298290859805,10.092510611714205,0.089787679145579,4.3328758700123,133,17432576,1723,22,133,102600.31091213226
HIGH-CONTROL,171,evaluation,True,102600.31091213226,601.1164619922638,18.23877292395516,12.577880745794003,12.577880745794003,0.0,5.660892178161159,64,8388608,2285,0,64,103201.42737412453
HIGH-CONTROL,172,evaluation,True,103201.42737412453,599.7681829929352,22.256834748771382,16.91240389813095,16.91240389813095,0.0,5.344430850640432,289,37879808,2954,0,289,103801.19555711746
HIGH-CONTROL,173,evaluation,True,103801.19555711746,599.6946198940277,13.102304484191357,10.64979685036335,10.64979685036335,0.0,2.452507633828008,113,14811136,1933,0,113,104400.89017701149
HIGH-CONTROL,174,evaluation,True,104400.89017701149,604.4731841087341,12.456922619287248,9.302265564950808,8.952792516682457,0.3494730482685663,3.1546570543364396,229,30015488,1321,87,229,105005.36336112022
HIGH-CONTROL,175,evaluation,True,105005.36336112022,596.9793689250946,21.35643193969553,16.259547187691332,16.05617940360028,0.2033677840910506,5.096884752004197,131,17170432,2803,50,131,105602.34273004532
HIGH-CONTROL,176,evaluation,True,105602.34273004532,608.5378170013428,15.41593126028727,11.296167809289532,11.292177708164651,0.0039901011248442255,4.119763450997737,66,8650752,2067,1,66,106210.88054704666
HIGH-CONTROL,177,evaluation,True,106210.88054704666,593.3702380657196,15.165238869977559,9.246301608192233,9.164459706716316,0.08184190147597188,5.9189372617853255,109,14286848,1687,20,109,106804.25078511238
HIGH-CONTROL,178,evaluation,True,106804.25078511238,603.7758769989014,15.653883852428088,11.068183203044965,11.052096919901501,0.0160862831433176,4.585700649383123,41,5373952,1972,4,41,107408.02666211128
HIGH-CONTROL,179,evaluation,True,107408.02666211128,597.9246308803558,17.117857158050896,11.188418500978289,11.188418500978289,0.0,5.929438657072607,226,29622272,1900,0,226,108005.95129299164
HIGH-CONTROL,180,evaluation,True,108005.95129299164,596.3000040054321,16.014809425600966,9.762546255750198,9.73404232839337,0.028503927356566497,6.252263169850769,106,13893632,1759,7,106,108602.25129699707
HIGH-CONTROL,181,evaluation,True,108602.25129699707,603.388729095459,14.718509772791494,8.716134256603969,8.607482176447142,0.10865208015688331,6.002375516187525,51,6684672,1468,27,51,109205.64002609253
HIGH-CONTROL,182,evaluation,True,109205.64002609253,625.5503098964691,18.0358211662986,12.783569295315058,12.783569295315058,0.0,5.2522518709835415,45,5898240,2333,0,45,109831.190335989
HIGH-CONTROL,183,evaluation,True,109831.190335989,575.477637052536,16.507098104839738,11.89750195040634,11.89750195040634,0.0,4.609596154433397,11,1441792,1912,0,11,110406.66797304153
HIGH-CONTROL,184,evaluation,True,110406.66797304153,598.9091489315033,14.766405634334099,9.31763956248789,9.31763956248789,0.0,5.448766071846208,5,655360,1772,0,5,111005.57712197304
HIGH-CONTROL,185,evaluation,True,111005.57712197304,594.9076380729675,16.03978589533989,11.471177288793237,11.34873168853224,0.12244560026120749,4.568608606546654,141,18481152,1978,30,141,111600.484760046
HIGH-CONTROL,186,evaluation,True,111600.484760046,600.0041069984436,15.788191593172774,11.590230817713298,11.266482710017883,0.32374810769536666,4.197960775459476,315,41287680,1771,80,315,112200.48886704445
HIGH-CONTROL,187,evaluation,True,112200.48886704445,599.8280169963837,23.47660432725575,13.071281047828354,13.071281047828354,0.0,10.405323279427398,36,4718592,2045,0,36,112800.31688404083
HIGH-CONTROL,188,evaluation,True,112800.31688404083,601.7390379905701,18.621645448318183,11.95996103362194,11.689603740155153,0.2703572934669504,6.661684414696243,79,10354688,1976,67,79,113402.0559220314
HIGH-CONTROL,189,evaluation,True,113402.0559220314,623.8161480426788,22.63308053692395,14.221685667412565,13.910295532899832,0.31139013451268444,8.411394869511382,254,33292288,2416,80,254,114025.87207007408
HIGH-CONTROL,190,evaluation,True,114025.87207007408,574.2398250102997,12.275307575271293,6.667254994087554,6.667254994087554,0.0,5.608052581183739,59,7733248,1090,0,59,114600.11189508438
HIGH-CONTROL,191,evaluation,True,114600.11189508438,615.5565340518951,15.169152378269352,9.350638994862871,9.110018085292005,0.24062090957073015,5.818513383406481,75,9830400,1678,61,75,115215.66842913628
HIGH-CONTROL,192,evaluation,True,115215.66842913628,584.5141899585724,20.705438098057627,13.937536802598984,13.260419330372851,0.6771174722256522,6.767901295458644,211,27656192,1916,163,211,115800.18261909485
HIGH-CONTROL,193,evaluation,True,115800.18261909485,612.6342120170593,16.868479194434304,10.95421450808648,10.431042908743727,0.523171599342373,5.914264686347824,147,19267584,1803,132,147,116412.81683111191
HIGH-CONTROL,194,evaluation,True,116412.81683111191,588.9832649230957,21.242587852922718,14.01188888846741,13.055451589015933,0.9564372994521567,7.230698964455308,257,33685504,1917,232,257,117001.800096035
HIGH-CONTROL,195,evaluation,True,117001.800096035,605.6290850639343,17.436196791563752,12.141609686788676,12.089489243196876,0.05212044359184826,5.294587104775077,27,3538944,2055,13,27,117607.42918109894
HIGH-CONTROL,196,evaluation,True,117607.42918109894,618.6644361019135,12.673944623071495,8.751133628479026,8.34688035238454,0.4042532760941282,3.92281099459247,278,36438016,1561,103,278,118226.09361720085
HIGH-CONTROL,197,evaluation,True,118226.09361720085,574.0023708343506,13.729083394852442,9.386831134046652,9.145711462011011,0.24111967203564957,4.34225226080579,65,8519680,1570,57,65,118800.0959880352
HIGH-CONTROL,198,evaluation,True,118800.0959880352,601.7510919570923,15.74287230203633,8.130812549609457,8.025899880609625,0.10491266900071779,7.612059752426873,27,3538944,1397,26,27,119401.8470799923
HIGH-CONTROL,199,evaluation,True,119401.8470799923,598.9519491195679,14.57924123980402,8.736624996396504,8.736624996397294,0.0,5.842616243407515,0,0,1642,0,0,120000.79902911186
HIGH-CONTROL,200,evaluation,True,120000.79902911186,599.5097420215607,12.434904756023881,8.020345160799435,8.020345160801542,0.0,4.414559595224446,0,0,1454,0,0,120600.30877113342
HIGH-CONTROL,201,evaluation,True,120600.30877113342,603.5825798511505,15.284401042808987,9.934143804406135,9.576109380757245,0.35803442365191507,5.350257238402852,168,22020096,1670,89,168,121203.89135098457
HIGH-CONTROL,202,evaluation,True,121203.89135098457,597.3077130317688,17.368630980435082,13.155410706054944,12.647270727461015,0.5081399785972339,4.213220274380137,260,34078720,2085,125,260,121801.19906401634
HIGH-CONTROL,203,evaluation,True,121801.19906401634,599.0504860877991,19.644805661681268,14.017083291723921,13.044292857053579,0.9727904346699306,5.627722369957349,410,53739520,2021,240,410,122400.24955010414
HIGH-CONTROL,204,evaluation,True,122400.24955010414,612.7950658798218,12.120748645994247,7.9107348526033485,7.9107348526033485,0.0,4.2100137933909,0,0,1536,0,0,123013.04461598396
HIGH-CONTROL,205,evaluation,True,123013.04461598396,591.890527009964,16.9477720304124,9.885783281344242,9.885783281344242,0.0,7.061988749068157,112,14680064,1752,0,112,123604.93514299393
HIGH-CONTROL,206,evaluation,True,123604.93514299393,597.0372030735016,19.196856267474175,10.788575666677719,10.788575666677719,0.0,8.408280600796456,52,6815744,1916,0,52,124201.97234606743
HIGH-CONTROL,207,evaluation,True,124201.97234606743,603.5613949298859,20.72326096455078,10.879897466683369,10.879897466683369,0.0,9.84336349786741,1,131072,1994,0,1,124805.53374099731
HIGH-CONTROL,208,evaluation,True,124805.53374099731,603.5610101222992,16.004807236337218,10.698869292617749,10.614386240969845,0.08448305164765979,5.30593794371947,101,13238272,1928,21,101,125409.09475111961
HIGH-CONTROL,209,evaluation,True,125409.09475111961,594.0138239860535,20.222576987990813,12.93404765640871,12.93404765640871,0.0,7.288529331582101,183,23986176,2138,0,183,126003.10857510567
HIGH-CONTROL,210,evaluation,True,126003.10857510567,623.8920450210571,22.793429082203133,16.110813391710916,16.110813391710916,0.0,6.682615690492218,5,655360,2995,0,5,126627.00062012672
HIGH-CONTROL,211,evaluation,True,126627.00062012672,580.3129289150238,18.580874055968927,13.401291121466832,13.401291121466832,0.0,5.179582934502095,125,16384000,2203,0,125,127207.31354904175
HIGH-CONTROL,212,evaluation,True,127207.31354904175,598.0956630706787,20.922774856906134,11.959481057241288,11.959481057241288,0.0,8.963293799664847,2,262144,1946,0,2,127805.40921211243
HIGH-CONTROL,213,evaluation,True,127805.40921211243,603.8791918754578,11.163675379463065,7.236044938267683,7.236044938267683,0.0,3.9276304411953826,64,8388608,1326,0,64,128409.28840398788
HIGH-CONTROL,214,evaluation,True,128409.28840398788,596.7307682037354,17.261968733830063,12.412442200159013,12.347337397591145,0.06510480256780184,4.849526533671049,124,16252928,2153,16,124,129006.01917219162
HIGH-CONTROL,215,evaluation,True,129006.01917219162,602.7487978935242,17.334580296818864,11.301919408258177,11.100498232752724,0.20142117550571503,6.0326608885606845,260,34078720,1782,50,260,129608.76797008514
HIGH-CONTROL,216,evaluation,True,129608.76797008514,592.4542150497437,18.000548407112813,11.75048754365174,11.75048754365174,0.0,6.250060863461073,195,25559040,1933,0,195,130201.22218513489
HIGH-CONTROL,217,evaluation,True,130201.22218513489,603.9874129295349,21.34707790238293,14.508813988582638,14.508813988582638,0.0,6.838263913800293,5,655360,2596,0,5,130805.20959806442
HIGH-CONTROL,218,evaluation,True,130805.20959806442,598.8423490524292,17.560818189966852,11.942038856662359,11.702811423121224,0.23922743354107046,5.618779333304492,63,8257536,1939,59,63,131404.05194711685
HIGH-CONTROL,219,evaluation,True,131404.05194711685,599.3270130157471,16.60999285636279,12.607964503836616,12.381084798730555,0.2268797051061028,4.0020283525261755,70,9175040,2214,56,70,132003.3789601326
HIGH-CONTROL,220,evaluation,True,132003.3789601326,607.39697098732,19.13489085825006,14.169653320157037,14.01774468926764,0.15190863088905462,4.965237538093022,361,47316992,2533,38,361,132610.77593111992
HIGH-CONTROL,221,evaluation,True,132610.77593111992,591.7056980133057,20.952769260121737,14.723264586750874,14.136448837995435,0.5868157487549142,6.229504673370863,411,53870592,2274,143,411,133202.48162913322
HIGH-CONTROL,222,evaluation,True,133202.48162913322,605.2072198390961,18.494615750867332,11.4627591549353,11.218023520163403,0.24473563477175977,7.031856595932031,139,18219008,1862,61,139,133807.68884897232
HIGH-CONTROL,223,evaluation,True,133807.68884897232,592.634642124176,16.417426607331983,10.073869962656044,9.65186100921254,0.42200895344339584,6.34355664467594,127,16646144,1619,103,127,134400.3234910965
HIGH-CONTROL,224,evaluation,True,134400.3234910965,601.0589129924774,24.118063837876836,11.788037444663452,11.307307257153726,0.4807301875095532,12.330026393213384,136,17825792,1786,119,136,135001.38240408897
HIGH-CONTROL,225,evaluation,True,135001.38240408897,599.678817987442,25.123831544180035,12.50692162232061,12.247782645355985,0.2591389769638517,12.616909921859426,162,21233664,2025,64,162,135601.06122207642
HIGH-CONTROL,226,evaluation,True,135601.06122207642,601.506973028183,17.218376588110573,9.553268817363698,9.125374347436642,0.42789446992736696,7.665107770746875,123,16121856,1537,106,123,136202.5681951046
HIGH-CONTROL,227,evaluation,True,136202.5681951046,609.1545748710632,20.986118053850017,11.748580618003352,11.56522180186449,0.18335881613874894,9.237537435846665,64,8388608,1770,46,64,136811.72276997566
HIGH-CONTROL,228,evaluation,True,136811.72276997566,591.7339870929718,15.635700845287648,9.322242762979872,9.018590389445395,0.30365237353384356,6.313458082307776,201,26345472,1369,74,201,137403.45675706863
HIGH-CONTROL,229,evaluation,True,137403.45675706863,600.655396938324,23.411780963074584,11.746412134152793,9.36944368432712,2.3769684498240307,11.66536882892179,628,82313216,989,588,628,138004.11215400696
HIGH-CONTROL,230,evaluation,True,138004.11215400696,605.4965100288391,19.779178868682486,10.099608629429223,9.8750406365117,0.22456799291652849,9.679570239253264,132,17301504,1660,56,132,138609.6086640358
HIGH-CONTROL,231,evaluation,True,138609.6086640358,596.5643839836121,24.86578606568027,11.002279975611275,10.916806089875205,0.08547388573582136,13.863506090068995,33,4325376,1827,21,33,139206.1730480194
HIGH-CONTROL,232,evaluation,True,139206.1730480194,596.1043651103973,23.984998260186078,15.433213189272816,14.524861484161036,0.9083517051114648,8.551785070913262,277,36306944,2145,223,277,139802.2774131298
HIGH-CONTROL,233,evaluation,True,139802.2774131298,603.2154619693756,15.87622948277741,10.87631513844107,10.755555928115074,0.12075921032594872,4.999914344336339,145,19005440,1830,30,145,140405.49287509918
HIGH-CONTROL,234,evaluation,True,140405.49287509918,595.3210129737854,17.451212371417512,11.044640948857767,11.044640948857767,0.0,6.406571422559747,4,524288,1958,0,4,141000.81388807297
HIGH-CONTROL,235,evaluation,True,141000.81388807297,600.6997799873352,13.251412270015086,8.606480004068313,8.39224527654207,0.21423472752639913,4.644932265946773,53,6946816,1471,53,53,141601.5136680603
HIGH-CONTROL,236,evaluation,True,141601.5136680603,615.8516609668732,12.974685702619615,10.943824876092762,10.880741440076559,0.0630834360161474,2.030860826526853,125,16384000,2194,16,125,142217.36532902718
HIGH-CONTROL,237,evaluation,True,142217.36532902718,587.6803841590881,17.027108507826565,11.731688653090776,11.500312654094866,0.23137599899595246,5.29541985473579,236,30932992,2073,56,236,142805.04571318626
HIGH-CONTROL,238,evaluation,True,142805.04571318626,597.1342058181763,13.410335448457916,8.776167362358825,8.53625560238308,0.23991175997567984,4.634168086099091,68,8912896,1402,59,68,143402.17991900444
HIGH-CONTROL,239,evaluation,True,143402.17991900444,601.3182120323181,21.916172443957617,12.996246261135509,12.321899014729972,0.6743472464051762,8.919926182822108,190,24903680,1999,167,190,144003.49813103676
HIGH-CONTROL,240,evaluation,True,144003.49813103676,598.5230309963226,18.684559330192744,12.106887447900586,11.737712688506793,0.36917475939359456,6.577671882292158,105,13762560,2025,91,105,144602.02116203308
HIGH-CONTROL,241,evaluation,True,144602.02116203308,600.4552781581879,17.084258739133425,8.966211876465177,8.509261276880167,0.4569505995850602,8.118046862668248,127,16646144,1407,113,127,145202.47644019127
HIGH-CONTROL,242,evaluation,True,145202.47644019127,600.8350858688354,20.243693963099332,14.877053619012742,14.501216960789847,0.37583665822263307,5.366640344086591,320,41943040,2720,93,320,145803.3115260601
HIGH-CONTROL,243,evaluation,True,145803.3115260601,601.883791923523,20.59719093780062,14.70764335421264,14.259845709320032,0.4477976448922048,5.88954758358798,137,17956864,2377,111,137,146405.19531798363
HIGH-CONTROL,244,evaluation,True,146405.19531798363,605.3624670505524,15.041156478057227,11.15799745570759,10.66464068201299,0.4933567736942893,3.8831590223496364,124,16252928,1830,123,124,147010.55778503418
HIGH-CONTROL,245,evaluation,True,147010.55778503418,603.9713521003723,14.87253565727406,11.239611348774478,11.239611348774478,0.0,3.6329243084995824,32,4194304,2059,0,32,147614.52913713455
HIGH-CONTROL,246,evaluation,True,147614.52913713455,586.190908908844,19.912395189975282,14.614008079796271,14.042382727049803,0.571625352746114,5.29838711017901,212,27787264,2035,138,212,148200.7200460434
HIGH-CONTROL,247,evaluation,True,148200.7200460434,613.2042460441589,17.01725406317529,11.164541305458577,11.128903674123958,0.03563763133429854,5.852712757716714,24,3145728,2008,9,24,148813.92429208755
HIGH-CONTROL,248,evaluation,True,148813.92429208755,586.8010718822479,16.372302033237826,10.676756383615372,10.424344143397823,0.25241224021740577,5.6955456496224555,87,11403264,1572,61,87,149400.7253639698
HIGH-CONTROL,249,evaluation,True,149400.7253639698,599.4249880313873,19.588346500713058,14.863149872351746,14.599850400391476,0.2632994719599812,4.725196628361312,147,19267584,2236,65,147,150000.1503520012
HIGH-CONTROL,250,evaluation,True,150000.1503520012,603.6341919898987,15.530350126036783,7.2842271119749045,7.0831013755312675,0.20112573644337547,8.24612301406188,108,14155776,1182,50,108,150603.7845439911
HIGH-CONTROL,251,evaluation,True,150603.7845439911,599.1690981388092,11.978985335246417,6.765731124833718,6.765731124833718,0.0,5.2132542104127,3,393216,1288,0,3,151202.9536421299
HIGH-CONTROL,252,evaluation,True,151202.9536421299,601.0904898643494,14.12820076265454,8.3253085452929,8.115252607972511,0.21005593732005165,5.802892217361639,117,15335424,1338,52,117,151804.04413199425
HIGH-CONTROL,253,evaluation,True,151804.04413199425,598.5931870937347,18.840568680024568,14.314416248389565,14.23734483807413,0.07707141031526146,4.526152431635005,27,3538944,2510,19,27,152402.63731908798
HIGH-CONTROL,254,evaluation,True,152402.63731908798,597.6855390071869,16.232731313334355,9.653333974319843,9.653333974319843,0.0,6.5793973390145135,68,8912896,1771,0,68,153000.32285809517
HIGH-CONTROL,255,evaluation,True,153000.32285809517,601.9504280090332,17.495235618647243,11.329526822280627,11.039095639427154,0.29043118285240666,6.165708796366617,164,21495808,1921,72,164,153602.2732861042
HIGH-CONTROL,256,evaluation,True,153602.2732861042,610.2503600120544,16.739661759777075,10.966670351134532,10.966670351134532,0.0,5.772991408642544,64,8388608,1980,0,64,154212.52364611626
HIGH-CONTROL,257,evaluation,True,154212.52364611626,602.1277408599854,12.756868763086892,8.592618430873506,8.419217552082113,0.17340087879086818,4.164250332213387,137,17956864,1430,43,137,154814.65138697624
HIGH-CONTROL,258,evaluation,True,154814.65138697624,612.2288401126862,12.102451259247628,9.09334909179625,8.847454271623105,0.2458948201724522,3.0091021674513776,76,9961472,1573,62,76,155426.88022708893
HIGH-CONTROL,259,evaluation,True,155426.88022708893,579.0025761127472,14.126723812393482,9.024139469427036,8.638324738018925,0.3858147314084273,5.102584342966447,105,13762560,1481,92,105,156005.88280320168
HIGH-CONTROL,260,evaluation,True,156005.88280320168,597.2239189147949,20.31944137854594,13.891991757803249,13.558605162254983,0.33338659554734823,6.42744962074269,137,17956864,2164,82,137,156603.10672211647
HIGH-CONTROL,261,evaluation,True,156603.10672211647,612.0172820091248,14.399404717387204,9.999063791973409,9.812595219145791,0.18646857282747345,4.400340925413795,63,8257536,1605,47,63,157215.1240041256
HIGH-CONTROL,262,evaluation,True,157215.1240041256,588.9493680000305,17.72231897962709,13.060853526000201,12.850590122109987,0.2102634038899141,4.661465453626889,105,13762560,2025,51,105,157804.07337212563
HIGH-CONTROL,263,evaluation,True,157804.07337212563,625.1915919780731,14.83646202563924,10.838091755113492,10.694390662531083,0.14370109258261385,3.9983702705257467,81,10616832,2030,37,81,158429.2649641037
HIGH-CONTROL,264,evaluation,True,158429.2649641037,616.2292919158936,15.842868987105033,10.762736544367542,10.581482807878212,0.18125373648921847,5.080132442737492,149,19529728,1804,46,149,159045.4942560196
HIGH-CONTROL,265,evaluation,True,159045.4942560196,565.1266911029816,13.484025290522817,7.313856695013256,7.025984010452498,0.2878726845603748,6.170168595509561,73,9568256,1109,67,73,159610.62094712257
HIGH-CONTROL,266,evaluation,True,159610.62094712257,613.255509853363,12.700110884898805,8.15547322205765,8.15547322205765,0.0,4.544637662841157,4,524288,1573,0,4,160223.87645697594
HIGH-CONTROL,267,evaluation,True,160223.87645697594,579.7241821289062,14.903096301688748,10.60043460712656,10.085259144610742,0.515175462515486,4.302661694562187,145,19005440,1658,123,145,160803.60063910484
HIGH-CONTROL,268,evaluation,True,160803.60063910484,609.7746469974518,11.690856472781192,8.895996662477865,8.14737918758547,0.7486174748912953,2.7948598103033273,200,26214400,1283,188,200,161413.3752861023
HIGH-CONTROL,269,evaluation,True,161413.3752861023,588.1030039787292,13.832633981591515,11.17205408893771,10.672475925221697,0.4995781637157611,2.660579892653805,157,20578304,1664,121,157,162001.47829008102
HIGH-CONTROL,270,evaluation,True,162001.47829008102,605.9922549724579,13.914261548307199,9.96613999988872,9.737748857480696,0.2283911424075119,3.9481215484184795,57,7471104,1733,57,57,162607.47054505348
HIGH-CONTROL,271,evaluation,True,162607.47054505348,596.0496439933777,14.0623471825268,9.448262742683756,9.448262742683756,0.0,4.614084439843045,19,2490368,1701,0,19,163203.52018904686
HIGH-CONTROL,272,evaluation,True,163203.52018904686,597.230416059494,14.035439245036244,8.933199928729593,8.933199928729593,0.0,5.102239316306651,66,8650752,1671,0,66,163800.75060510635
HIGH-CONTROL,273,evaluation,True,163800.75060510635,615.8304898738861,11.774155319701283,9.421393463594656,9.421393463594656,0.0,2.352761856106627,58,7602176,1758,0,58,164416.58109498024
HIGH-CONTROL,274,evaluation,True,164416.58109498024,601.5819799900055,10.2140205515676,7.435717195630732,7.435717195630732,0.0,2.7783033559368673,82,10747904,1316,0,82,165018.16307497025
HIGH-CONTROL,275,evaluation,True,165018.16307497025,598.9826700687408,13.671198847656866,9.32508983928477,8.895392086340124,0.4296977529449502,4.346109008372096,133,17432576,1405,106,133,165617.145745039
HIGH-CONTROL,276,evaluation,True,165617.145745039,613.5453519821167,16.090515624262842,12.596154368777341,12.251848792075213,0.3443055767020796,3.4943612554855,160,20971520,2267,87,160,166230.6910970211
HIGH-CONTROL,277,evaluation,True,166230.6910970211,573.9510850906372,11.432733567868354,8.174704193022402,8.174704193022402,0.0,3.258029374845952,0,0,1485,0,0,166804.64218211174
HIGH-CONTROL,278,evaluation,True,166804.64218211174,602.051589012146,9.152046079714381,6.244076239254718,6.244076239254718,0.0,2.9079698404596623,60,7864320,1193,0,60,167406.6937711239
HIGH-CONTROL,279,evaluation,True,167406.6937711239,615.4812819957733,9.645817505723972,7.820977894821612,7.706570361277501,0.11440753354409557,1.82483961090236,28,3670016,1493,29,28,168022.17505311966
HIGH-CONTROL,280,evaluation,True,168022.17505311966,583.3741629123688,8.218505676577077,4.102227023023004,4.102227023023004,0.0,4.116278653554073,7,917504,683,0,7,168605.54921603203
HIGH-CONTROL,281,evaluation,True,168605.54921603203,605.5757300853729,12.42599905518238,8.262026662752637,8.258017044619812,0.004009618132793171,4.163972392429742,5,655360,1507,1,5,169211.1249461174
HIGH-CONTROL,282,evaluation,True,169211.1249461174,596.9222009181976,17.55834087732221,9.752370346504792,9.752370346504792,0.0,7.805970530817415,66,8650752,1766,0,66,169808.0471470356
HIGH-CONTROL,283,evaluation,True,169808.0471470356,592.2827441692352,7.230774849216331,4.203230300914335,4.203230300914335,0.0,3.0275445483019965,61,7995392,749,0,61,170400.32989120483
HIGH-CONTROL,284,evaluation,True,170400.32989120483,613.3311998844147,11.421666110551579,7.149519396451507,7.149519396451507,0.0,4.272146714100072,31,4063232,1306,0,31,171013.66109108925
HIGH-CONTROL,285,evaluation,True,171013.66109108925,587.7132530212402,13.283032463504842,7.96338427987721,7.467606296519056,0.49577798335741485,5.319648183627632,134,17563648,1176,120,134,171601.3743441105
HIGH-CONTROL,286,evaluation,True,171601.3743441105,615.5357940196991,11.344750867363505,8.799053655776317,8.775385227862879,0.023668427913223183,2.5456972115871883,13,1703936,1501,6,13,172216.9101381302
HIGH-CONTROL,287,evaluation,True,172216.9101381302,588.3843469619751,21.515448553683324,12.561296504624153,12.491141398541949,0.07015510608210372,8.954152049059172,71,9306112,2027,17,71,172805.29448509216
HIGH-CONTROL,288,evaluation,True,172805.29448509216,597.3443360328674,21.44843604308763,13.914734953525763,13.21557721075399,0.6991577427712264,7.533701089561867,268,35127296,2225,172,268,173402.63882112503
HIGH-CONTROL,289,evaluation,True,173402.63882112503,602.1267819404602,18.244575918290494,12.397730928773683,12.228362358831188,0.16936856994252747,5.846844989516809,102,13369344,2072,42,102,174004.7656030655
HIGH-CONTROL,290,evaluation,True,174004.7656030655,595.2772040367126,20.995455039036646,14.59058215070726,14.26426326442516,0.3263188862817924,6.404872888329385,230,30146560,2484,80,230,174600.0428071022
HIGH-CONTROL,291,evaluation,True,174600.0428071022,601.0592520236969,20.785662771766596,14.215547203736826,14.021639338318396,0.19390786541876684,6.570115568029772,403,52822016,2550,48,403,175201.1020591259
HIGH-CONTROL,292,evaluation,True,175201.1020591259,601.0270519256592,18.40849825903121,11.403863885276238,11.036227195294034,0.3676366899820138,7.004634373754972,95,12451840,1824,91,95,175802.12911105156
HIGH-CONTROL,293,evaluation,True,175802.12911105156,602.4580039978027,23.89314968694618,14.062114978329696,13.65504781578307,0.4070671625465862,9.831034708616487,253,33161216,2204,101,253,176404.58711504936
HIGH-CONTROL,294,evaluation,True,176404.58711504936,597.9215030670166,18.34726028241022,11.249391231540264,11.176294188731351,0.07309704280930136,7.097869050869955,57,7471104,1897,18,57,177002.50861811638
HIGH-CONTROL,295,evaluation,True,177002.50861811638,599.4120728969574,17.221323133814835,12.37349463279156,12.203359000574244,0.1701356322178849,4.8478285010232725,80,10485760,2039,42,80,177601.92069101334
HIGH-CONTROL,296,evaluation,True,177601.92069101334,598.3830170631409,22.178505873837818,14.818928432184041,14.559228288682295,0.25970014350149884,7.359577441653776,102,13369344,2496,64,102,178200.30370807648
HIGH-CONTROL,297,evaluation,True,178200.30370807648,619.59623503685,18.60947606415787,12.126195356717766,12.126195356717766,0.0,6.483280707440104,6,786432,2226,0,6,178819.89994311333
HIGH-CONTROL,298,evaluation,True,178819.89994311333,582.1167359352112,14.54595469384638,11.084005864079085,11.084005864079085,0.0,3.4619488297672945,108,14155776,1960,0,108,179402.01667904854
HIGH-CONTROL,299,evaluation,True,179402.01667904854,598.3849339485168,19.61137205646775,11.678028793011984,11.633392973836052,0.04463581917605706,7.933343263455766,79,10354688,1946,11,79,180000.40161299706
HIGH-CONTROL,300,evaluation,True,180000.40161299706,611.3773801326752,18.695318924644333,13.674413781731674,13.674413781731674,0.0,5.020905142912658,9,1179648,2509,0,9,180611.77899312973
HIGH-CONTROL,301,evaluation,True,180611.77899312973,593.4312489032745,14.61243299034155,10.599286040414746,10.378335624740735,0.22095041567359566,4.013146949926802,123,16121856,1655,54,123,181205.210242033
HIGH-CONTROL,302,evaluation,True,181205.210242033,601.9398910999298,21.956191140043757,13.334655100682808,13.258012196936683,0.07664290374595291,8.621536039360947,110,14417920,2300,19,110,181807.15013313293
HIGH-CONTROL,303,evaluation,True,181807.15013313293,594.5603139400482,18.295156202048936,11.397474495190174,11.176943662498182,0.2205308326921155,6.89768170685876,130,17039360,1908,54,130,182401.71044707298
HIGH-CONTROL,304,evaluation,True,182401.71044707298,601.5052080154419,17.97859597907555,10.157550202228668,10.157550202228668,0.0,7.821045776846881,38,4980736,1819,0,38,183003.21565508842
HIGH-CONTROL,305,evaluation,True,183003.21565508842,600.3670120239258,24.37486941867988,16.74374020567764,16.48489827684462,0.25884192883329105,7.631129213002238,72,9437184,2813,64,72,183603.58266711235
HIGH-CONTROL,306,evaluation,True,183603.58266711235,598.8224790096283,17.69052311379902,12.019736524573531,12.019736524573531,0.0,5.6707865892254885,70,9175040,2096,0,70,184202.40514612198
HIGH-CONTROL,307,evaluation,True,184202.40514612198,599.6274859905243,13.822781655559204,9.912736232611357,9.912736232611357,0.0,3.910045422947848,64,8388608,1777,0,64,184802.0326321125
HIGH-CONTROL,308,evaluation,True,184802.0326321125,604.829206943512,20.22216127799561,13.468808347558966,13.135599279245344,0.3332090683137284,6.753352930436644,151,19791872,2430,83,151,185406.86183905602
HIGH-CONTROL,309,evaluation,True,185406.86183905602,593.7374310493469,15.788957305465786,9.873304331326398,9.86921476698167,0.004089564344694257,5.915652974139388,61,7995392,1716,1,61,186000.59927010536
HIGH-CONTROL,310,evaluation,True,186000.59927010536,606.025484085083,17.061693874854527,11.229048173381134,10.752257722260932,0.47679045112003915,5.832645701473393,181,23724032,1789,119,181,186606.62475419044
HIGH-CONTROL,311,evaluation,True,186606.62475419044,594.0862588882446,14.888570557326425,10.200104036376901,10.200104036376901,0.0,4.6884665209495235,67,8781824,1851,0,67,187200.7110130787
HIGH-CONTROL,312,evaluation,True,187200.7110130787,610.8248720169067,16.417829827896284,8.797477304706108,8.710023754816124,0.08745354988970903,7.620352523190174,36,4718592,1507,22,36,187811.5358850956
HIGH-CONTROL,313,evaluation,True,187811.5358850956,592.1098999977112,15.8954103568696,10.723163025671372,10.723163025671372,0.0,5.172247331198229,8,1048576,1865,0,8,188403.6457850933
HIGH-CONTROL,314,evaluation,True,188403.6457850933,599.0690770149231,19.848491888221947,14.316955599810909,13.992702184465239,0.32425341534588265,5.531536288411037,94,12320768,2163,80,94,189002.71486210823
HIGH-CONTROL,315,evaluation,True,189002.71486210823,604.2609469890594,14.483295702457408,9.357546263868235,8.995895441288237,0.36165082257984177,5.125749438589173,91,11927552,1673,90,91,189606.9758090973
HIGH-CONTROL,316,evaluation,True,189606.9758090973,593.3337879180908,17.14735728232412,12.544253242419552,12.061356359833196,0.4828968825867552,4.603104039904566,123,16121856,2079,118,123,190200.30959701538
HIGH-CONTROL,317,evaluation,True,190200.30959701538,605.0492429733276,16.382177487429338,9.020662196225032,8.948426267969682,0.07223592825521183,7.361515291204305,102,13369344,1572,18,102,190805.3588399887
HIGH-CONTROL,318,evaluation,True,190805.3588399887,595.459780216217,20.56429693415162,12.859318020479632,11.974449437563642,0.8848685829164216,7.704978913671988,202,26476544,1963,217,202,191400.81862020493
HIGH-CONTROL,319,evaluation,True,191400.81862020493,602.104621887207,14.293200912539653,7.352640871918741,7.243757069708556,0.10888380221024294,6.9405600406209125,151,19791872,1270,27,151,192002.92324209213
HIGH-CONTROL,320,evaluation,True,192002.92324209213,600.5648109912872,12.009010630818262,6.3705894117184245,6.3705894117184245,0.0,5.638421219099837,0,0,1181,0,0,192603.48805308342
HIGH-CONTROL,321,evaluation,True,192603.48805308342,599.2277059555054,17.148254179641615,13.789586318318616,13.773377939407306,0.016208378911689397,3.358667861322999,139,18219008,2465,4,139,193202.71575903893
HIGH-CONTROL,322,evaluation,True,193202.71575903893,597.2848000526428,18.176644781811163,13.722517248934968,13.722517248934968,0.0,4.454127532876196,80,10485760,2402,0,80,193800.00055909157
HIGH-CONTROL,323,evaluation,True,193800.00055909157,607.2600350379944,19.32588756660739,13.82960157280473,13.82960157280473,0.0,5.496285993802658,5,655360,2472,0,5,194407.26059412956
HIGH-CONTROL,324,evaluation,True,194407.26059412956,595.6461338996887,18.4985010041486,13.07441271671963,13.07441271671963,0.0,5.424088287428972,1,131072,2339,0,1,195002.90672802925
HIGH-CONTROL,325,evaluation,True,195002.90672802925,613.0689330101013,13.500423086277934,8.736568748998302,8.617750425443399,0.11881832355485535,4.763854337279633,39,5111808,1597,30,39,195615.97566103935
HIGH-CONTROL,326,evaluation,True,195615.97566103935,584.4239840507507,17.560174963140962,13.083463427170418,13.083463427170418,0.0,4.476711535970545,0,0,2386,0,0,196200.3996450901
HIGH-CONTROL,327,evaluation,True,196200.3996450901,610.728157043457,22.07287524335999,16.33992794366042,16.208726845096038,0.13120109856422094,5.732947299699572,108,14155776,3077,33,108,196811.12780213356
HIGH-CONTROL,328,evaluation,True,196811.12780213356,593.1011619567871,13.628699245046773,9.731142727843313,9.60013627787481,0.13100644996837812,3.8975565172034603,37,4849664,1674,32,37,197404.22896409035
HIGH-CONTROL,329,evaluation,True,197404.22896409035,598.7560369968414,16.460198075957628,11.568402986620788,11.471076104428093,0.09732688219286835,4.891795089336841,24,3145728,2013,24,24,198002.9850010872
HIGH-CONTROL,330,evaluation,True,198002.9850010872,599.2451169490814,17.98815217585001,10.7024706284765,10.7024706284765,0.0,7.28568154737351,4,524288,1773,0,4,198602.23011803627
HIGH-CONTROL,331,evaluation,True,198602.23011803627,615.1680080890656,17.648604753652787,11.28381708357113,11.28381708357113,0.0,6.364787670081658,0,0,1951,0,0,199217.39812612534
HIGH-CONTROL,332,evaluation,True,199217.39812612534,586.2784540653229,21.039580018708655,11.578919886784597,11.578919886784597,0.0,9.460660131924058,66,8650752,1888,0,66,199803.67658019066
HIGH-CONTROL,333,evaluation,True,199803.67658019066,607.1880538463593,18.038014595456282,10.893133061958661,10.893133061958661,0.0,7.144881533497623,17,2228224,1882,0,17,200410.86463403702
HIGH-CONTROL,334,evaluation,True,200410.86463403702,592.2752830982208,18.307327968775304,10.822020718282237,10.764625474948843,0.0573952433334026,7.485307250493068,132,17301504,1889,14,132,201003.13991713524
HIGH-CONTROL,335,evaluation,True,201003.13991713524,600.4322819709778,18.13860870414051,10.713920413915803,10.483414380914152,0.23050603300165945,7.424688290224708,218,28573696,1803,57,218,201603.57219910622
HIGH-CONTROL,336,evaluation,True,201603.57219910622,609.2845230102539,11.30261653452991,6.781920619291566,6.538822743796435,0.24309787549499337,4.5206959152383455,126,16515072,1154,61,126,202212.85672211647
HIGH-CONTROL,337,evaluation,True,202212.85672211647,592.5113430023193,17.644874466560275,10.749845837771057,10.749845837771057,0.0,6.895028628789217,6,786432,2018,0,6,202805.3680651188
HIGH-CONTROL,338,evaluation,True,202805.3680651188,596.2248179912567,17.073627216688294,10.173943570303347,9.945883395899296,0.2280601744040922,6.899683646384948,100,13107200,1666,56,100,203401.59288311005
HIGH-CONTROL,339,evaluation,True,203401.59288311005,611.1048080921173,13.841051847949663,7.357831769388656,7.099564642803285,0.2582671265850873,6.483220078561007,66,8650752,1129,65,66,204012.69769120216
HIGH-CONTROL,340,evaluation,True,204012.69769120216,597.8582649230957,15.236692070408921,8.278059766795149,8.278059766795149,0.0,6.958632303613771,4,524288,1512,0,4,204610.55595612526
HIGH-CONTROL,341,evaluation,True,204610.55595612526,593.252858877182,17.228362080915193,11.920912438583073,11.798125296888179,0.12278714169484452,5.307449642332121,323,42336256,2159,30,323,205203.80881500244
HIGH-CONTROL,342,evaluation,True,205203.80881500244,606.8157410621643,15.08417027842701,10.802790017984448,10.802790017984448,0.0,4.281380260442563,149,19529728,1963,0,149,205810.6245560646
HIGH-CONTROL,343,evaluation,True,205810.6245560646,596.261666059494,16.79375318079168,10.413577670942894,10.222181853270635,0.19139581767210895,6.380175509848784,50,6553600,1734,47,50,206406.8862221241
HIGH-CONTROL,344,evaluation,True,206406.8862221241,600.5183899402618,14.971071978826892,10.070003389611697,9.766749467400006,0.30325392221156,4.901068589215194,111,14548992,1784,75,111,207007.40461206436
HIGH-CONTROL,345,evaluation,True,207007.40461206436,615.2559950351715,16.132964722811334,11.743947635354353,11.605819017883924,0.13812861747020433,4.389017087456982,184,24117248,2033,35,184,207622.66060709953
HIGH-CONTROL,346,evaluation,True,207622.66060709953,593.372330904007,14.320154361153214,11.450476417637123,11.450476417637123,0.0,2.869677943516091,133,17432576,2022,0,133,208216.03293800354
HIGH-CONTROL,347,evaluation,True,208216.03293800354,613.6280171871185,11.785487937065446,8.631646369242084,7.9985260135560114,0.6331203556859764,3.1538415678233616,292,38273024,1232,160,292,208829.66095519066
HIGH-CONTROL,348,evaluation,True,208829.66095519066,585.3369100093842,9.347132805334233,6.702370623751649,6.565478171288103,0.13689245246283713,2.644762181582584,83,10878976,1017,33,83,209414.99786520004
HIGH-CONTROL,349,evaluation,True,209414.99786520004,590.4076538085938,12.437806354653627,9.024209427322045,9.024209427322045,0.0,3.413596927331583,1,131072,1497,0,1,210005.40551900864
HIGH-CONTROL,350,evaluation,True,210005.40551900864,598.487694978714,13.889937182837592,11.17219613288539,11.05859719249285,0.1135989403925633,2.717741049952203,76,9961472,1989,28,76,210603.89321398735
HIGH-CONTROL,351,evaluation,True,210603.89321398735,611.7923541069031,10.832488887358497,7.218844002848334,7.179155252052118,0.03968875079636942,3.6136448845101636,37,4849664,1230,10,37,211215.68556809425
HIGH-CONTROL,352,evaluation,True,211215.68556809425,593.4237959384918,10.853368026740911,5.852788149806939,5.852788149806939,0.0,5.000579876933973,1,131072,891,0,1,211809.10936403275
HIGH-CONTROL,353,evaluation,True,211809.10936403275,605.4996070861816,17.863233790076485,13.443597889788984,12.986443956793225,0.45715393299524404,4.419635900287499,226,29622272,2107,114,226,212414.60897111893
HIGH-CONTROL,354,evaluation,True,212414.60897111893,597.9977669715881,13.797646068554844,11.007384280420421,11.007384280420421,0.0,2.7902617881344227,79,10354688,1961,0,79,213012.60673809052
HIGH-CONTROL,355,evaluation,True,213012.60673809052,594.3506479263306,17.86537695440103,10.84461358036525,10.803760130695073,0.040853449669802866,7.020763374035779,29,3801088,1842,10,29,213606.95738601685
HIGH-CONTROL,356,evaluation,True,213606.95738601685,595.1076850891113,14.468776011001054,7.950641665429892,7.950641665429892,0.0,6.518134345571162,6,786432,1475,0,6,214202.06507110596
HIGH-CONTROL,357,evaluation,True,214202.06507110596,613.8787980079651,20.88408849906554,12.442092946882683,12.43418217545344,0.00791077142916997,8.441995552182858,139,18219008,2249,2,139,214815.94386911392
HIGH-CONTROL,358,evaluation,True,214815.94386911392,597.9496328830719,19.73364879050648,10.97679138026981,10.97679138026981,0.0,8.75685741023667,78,10223616,1848,0,78,215413.893501997
HIGH-CONTROL,359,evaluation,True,215413.893501997,589.3152921199799,18.667476770295856,11.671585771174177,11.671585771174177,0.0,6.995890999121681,8,1048576,2096,0,8,216003.20879411697
HIGH-CONTROL,360,evaluation,True,216003.20879411697,597.5481269359589,22.43306643528035,18.99550500881984,16.358303702648463,2.6372013061695916,3.4375614264605083,701,91881472,2197,649,701,216600.75692105293
HIGH-CONTROL,361,evaluation,True,216600.75692105293,601.9107930660248,20.739604194173733,13.923639104553393,13.742107662477347,0.18153144207492328,6.815965089620339,54,7077888,2433,45,54,217202.66771411896
HIGH-CONTROL,362,evaluation,True,217202.66771411896,598.2057960033417,16.443353424068835,13.992113125756772,13.841929500922614,0.1501836248343804,2.4512402983120642,232,30408704,2384,37,232,217800.8735101223
HIGH-CONTROL,363,evaluation,True,217800.8735101223,599.3638119697571,12.715162320964119,10.215733458810025,10.215733458810025,0.0,2.4994288621540943,80,10485760,1706,0,80,218400.23732209206
HIGH-CONTROL,364,evaluation,True,218400.23732209206,602.688952922821,10.977222634937531,7.8550294454222245,7.568982975578552,0.2860464698431646,3.122193189515307,106,13893632,1313,71,106,219002.92627501488
HIGH-CONTROL,365,evaluation,True,219002.92627501488,602.0538520812988,10.97607402202081,7.970692189238167,7.841633837677848,0.12905835156019643,3.0053818327826427,254,33292288,1326,32,254,219604.98012709618
HIGH-CONTROL,366,evaluation,True,219604.98012709618,597.1791779994965,9.004730971953878,6.382684777917249,6.382684777917249,0.0,2.622046194036628,80,10485760,1083,0,80,220202.15930509567
HIGH-CONTROL,367,evaluation,True,220202.15930509567,597.9663650989532,18.036527829543,12.17057290319266,11.975662079854585,0.1949108233384223,5.865954926350341,162,21233664,2173,48,162,220800.12567019463
HIGH-CONTROL,368,evaluation,True,220800.12567019463,601.0475099086761,12.14984168429707,8.228576384112749,8.228576384112749,0.0,3.9212653001843205,23,3014656,1458,0,23,221401.1731801033
HIGH-CONTROL,369,evaluation,True,221401.1731801033,600.2635819911957,13.13400938836773,7.9112972681275275,7.826350125704398,0.08494714242288284,5.222712120240201,86,11272192,1448,21,86,222001.4367620945
HIGH-CONTROL,370,evaluation,True,222001.4367620945,606.2602279186249,18.14072359778156,13.057782412335394,13.057782412335394,0.0,5.082941185446167,0,0,2392,0,0,222607.69699001312
HIGH-CONTROL,371,evaluation,True,222607.69699001312,601.9374120235443,16.31484042086584,12.472610952178634,12.472610952178634,0.0,3.8422294686872034,6,786432,2250,0,6,223209.63440203667
HIGH-CONTROL,372,evaluation,True,223209.63440203667,594.5424129962921,14.39305959545893,9.361685023221677,9.092139223370381,0.26954579985097143,5.031374572237252,152,19922944,1529,66,152,223804.17681503296
HIGH-CONTROL,373,evaluation,True,223804.17681503296,600.4049220085144,17.373457122426416,13.752568066042103,13.752568066042103,0.0,3.620889056384311,0,0,2506,0,0,224404.58173704147
HIGH-CONTROL,374,evaluation,True,224404.58173704147,606.6942360401154,15.440635824045797,11.167026914065804,11.167026914065804,0.0,4.273608909979993,2,262144,2014,0,2,225011.2759730816
HIGH-CONTROL,375,evaluation,True,225011.2759730816,590.3762149810791,26.04189326124009,19.778437575759426,19.157397580679053,0.6210399950800548,6.263455685480666,360,47185920,3145,151,360,225601.65218806267
HIGH-CONTROL,376,evaluation,True,225601.65218806267,600.7323360443115,19.414742016987088,13.424352274830214,13.165667755825327,0.25868451900464173,5.990389742156873,169,22151168,2139,64,169,226202.38452410698
HIGH-CONTROL,377,evaluation,True,226202.38452410698,603.3762850761414,21.200566724800034,15.6528058702854,15.375133716631051,0.27767215365392456,5.547760854514635,312,40894464,2755,69,312,226805.76080918312
HIGH-CONTROL,378,evaluation,True,226805.76080918312,604.28346991539,12.474286366896616,9.75411456327999,9.75411456327999,0.0,2.7201718036166262,127,16646144,1796,0,127,227410.0442790985
HIGH-CONTROL,379,evaluation,True,227410.0442790985,596.6169970035553,23.01309217045568,17.24185084559533,17.034289714322995,0.20756113127256767,5.7712413248603465,89,11665408,2962,51,89,228006.66127610207
HIGH-CONTROL,380,evaluation,True,228006.66127610207,593.4585340023041,19.47691472357389,13.184618029255525,12.877756560972028,0.306861468283896,6.292296694318368,79,10354688,2266,75,79,228600.11981010437
HIGH-CONTROL,381,evaluation,True,228600.11981010437,607.7627429962158,17.80972451638642,11.183350884285542,11.183350884285542,0.0,6.626373632100879,0,0,2023,0,0,229207.8825531006
HIGH-CONTROL,382,evaluation,True,229207.8825531006,595.4926888942719,23.132970429234774,17.570121318043235,17.394788385571214,0.17533293247202106,5.562849111191539,60,7864320,2661,43,60,229803.37524199486
HIGH-CONTROL,383,evaluation,True,229803.37524199486,604.4828610420227,27.448571682561,21.07608488381353,20.4333861184081,0.6426987654053288,6.372486798747471,207,27131904,2903,160,207,230407.85810303688
HIGH-CONTROL,384,evaluation,True,230407.85810303688,607.3724410533905,16.752009042527263,11.284724541736665,11.180782859723434,0.10394168201280872,5.467284500790596,100,13107200,1889,26,100,231015.23054409027
HIGH-CONTROL,385,evaluation,True,231015.23054409027,585.6828289031982,19.92141075226156,15.367259365779002,15.367259365779002,0.0,4.55415138648256,119,15597568,2720,0,119,231600.91337299347
HIGH-CONTROL,386,evaluation,True,231600.91337299347,603.7259871959686,17.245454013644224,12.145198236253083,11.98834401479241,0.15685422146029615,5.1002557773911406,99,12976128,2073,39,99,232204.63936018944
HIGH-CONTROL,387,evaluation,True,232204.63936018944,595.9742980003357,14.104981241493427,10.349972832745568,10.333675972721258,0.01629686002416124,3.7550084087478584,9,1179648,1747,4,9,232800.61365818977
HIGH-CONTROL,388,evaluation,True,232800.61365818977,602.86416888237,10.398593443630835,7.172959262676649,7.1044891687336795,0.06847009394287094,3.225634180954186,60,7864320,1264,17,60,233403.47782707214
HIGH-CONTROL,389,evaluation,True,233403.47782707214,598.2121419906616,17.12497294066532,14.65484382769825,14.39506950268508,0.2597743250129206,2.470129112967069,123,16121856,2494,64,123,234001.6899690628
HIGH-CONTROL,390,evaluation,True,234001.6899690628,605.3100209236145,19.627834035847144,12.966587517133805,12.966587517133805,0.0,6.661246518713341,97,12713984,2351,0,97,234606.99998998642
HIGH-CONTROL,391,evaluation,True,234606.99998998642,596.3788230419159,24.635473334105953,16.79362982622311,16.606343059191012,0.1872867670319856,7.841843507882841,50,6553600,2921,46,50,235203.37881302834
HIGH-CONTROL,392,evaluation,True,235203.37881302834,597.650367975235,23.73050763458263,18.08427079562884,17.65361514615001,0.4306556494786171,5.646236838953789,182,23855104,3148,106,182,235801.02918100357
HIGH-CONTROL,393,evaluation,True,235801.02918100357,612.7019150257111,20.69780552432481,15.393621923482337,15.116213095794782,0.2774088276870882,5.304183600842473,193,25296896,2604,70,193,236413.73109602928
HIGH-CONTROL,394,evaluation,True,236413.73109602928,596.4739000797272,19.726750558437356,13.389553231834885,13.104597058654184,0.2849561731807505,6.337197326602471,153,20054016,2193,70,153,237010.204996109
HIGH-CONTROL,395,evaluation,True,237010.204996109,594.8693509101868,19.5438531515378,14.890131054204664,14.779922921176107,0.11020813302809215,4.6537220973331355,330,43253760,2529,27,330,237605.0743470192
HIGH-CONTROL,396,evaluation,True,237605.0743470192,603.8577551841736,13.745167949518343,10.456741132616045,10.175269348061342,0.28147178455475286,3.288426816902297,169,22151168,1728,70,169,238208.93210220337
HIGH-CONTROL,397,evaluation,True,238208.93210220337,594.8378369808197,15.69686979225067,10.49400290995728,10.11029500831752,0.3837079016399915,5.2028668822933914,60,7864320,1819,94,60,238803.7699391842
HIGH-CONTROL,398,evaluation,True,238803.7699391842,596.3478138446808,17.04160416419426,13.783524444872507,13.783524444872507,0.0,3.2580797193217546,64,8388608,2438,0,64,239400.11775302887
HIGH-CONTROL,399,evaluation,True,239400.11775302887,601.1275720596313,15.596999953209727,11.753633515303534,11.753633515303534,0.0,3.8433664379061923,4,524288,2081,0,4,240001.2453250885
HIGH-CONTROL,400,evaluation,True,240001.2453250885,603.1522810459137,19.493222320229595,13.232360789199108,12.966662697203656,0.2656980919951259,6.260861531030487,139,18219008,2129,66,139,240604.39760613441
HIGH-CONTROL,401,evaluation,True,240604.39760613441,599.7644438743591,19.914432496722277,14.671066681352467,14.577951907015317,0.09311477433736383,5.243365815369811,75,9830400,2601,23,75,241204.16205000877
HIGH-CONTROL,402,evaluation,True,241204.16205000877,596.0638120174408,13.552291114079882,9.640507766117969,9.640507766117969,0.0,3.911783347961914,23,3014656,1643,0,23,241800.22586202621
HIGH-CONTROL,403,evaluation,True,241800.22586202621,603.7317540645599,15.024737347907623,11.150941621596186,11.150941621596186,0.0,3.8737957263114375,111,14548992,2049,0,111,242403.95761609077
HIGH-CONTROL,404,evaluation,True,242403.95761609077,596.5135090351105,16.557443192213636,9.755355987012596,9.755355987012596,0.0,6.802087205201041,7,917504,1673,0,7,243000.47112512589
HIGH-CONTROL,405,evaluation,True,243000.47112512589,601.0019268989563,20.141078714648252,15.314526321987833,15.136760491204411,0.17776583078339034,4.826552392660418,114,14942208,2431,44,114,243601.47305202484
HIGH-CONTROL,406,evaluation,True,243601.47305202484,603.7943150997162,23.889041745423,16.665041282466767,16.665041282466767,0.0,7.224000462956232,135,17694720,2960,0,135,244205.26736712456
HIGH-CONTROL,407,evaluation,True,244205.26736712456,596.3720419406891,17.591199185426902,12.11110978513018,11.993036350321665,0.11807343480849732,5.480089400296723,133,17432576,2051,29,133,244801.63940906525
HIGH-CONTROL,408,evaluation,True,244801.63940906525,598.5671050548553,14.288802112703022,11.158917455452151,10.976371950797896,0.1825455046610316,3.1298846572508707,84,11010048,1877,45,84,245400.2065141201
HIGH-CONTROL,409,evaluation,True,245400.2065141201,615.0574650764465,20.061169954643766,13.62330933268915,13.44565807167903,0.17765126101209172,6.437860621954616,60,7864320,2406,45,60,246015.26397919655
HIGH-CONTROL,410,evaluation,True,246015.26397919655,604.3562757968903,20.217125924165316,16.090826659767192,15.813604763923106,0.27722189584261553,4.1262992643981224,189,24772608,2673,69,189,246619.62025499344
HIGH-CONTROL,411,evaluation,True,246619.62025499344,586.2038400173187,18.263954981220813,11.539502669915873,11.357249331504747,0.18225333841971247,6.724452311304942,122,15990784,1992,44,122,247205.82409501076
HIGH-CONTROL,412,evaluation,True,247205.82409501076,621.7841861248016,18.288224314921287,12.37214326443342,12.37214326444561,0.0,5.916081050487868,147,19267584,2392,0,147,247827.60828113556
HIGH-CONTROL,413,evaluation,True,247827.60828113556,577.7698469161987,13.112656456600817,7.7994279302096245,7.799427930213997,0.0,5.313228526391192,143,18743296,1277,0,143,248405.37812805176
HIGH-CONTROL,414,evaluation,True,248405.37812805176,597.2601730823517,14.62180625229154,10.158729965350345,10.036766663386903,0.12196330196920775,4.463076286941195,181,23724032,1811,30,181,249002.6383011341
HIGH-CONTROL,415,evaluation,True,249002.6383011341,601.6649708747864,17.796881676001632,13.35033691299025,13.35033691299025,0.0,4.446544763011383,64,8388608,2374,0,64,249604.3032720089
HIGH-CONTROL,416,evaluation,True,249604.3032720089,602.5369770526886,19.35496543153603,12.824884234093135,12.631451928709955,0.19343230538352327,6.530081197442895,55,7208960,2082,48,55,250206.84024906158
HIGH-CONTROL,417,evaluation,True,250206.84024906158,594.9990019798279,14.985986887330352,12.895557467004144,12.895557467004144,0.0,2.0904294203262075,187,24510464,2318,0,187,250801.8392510414
HIGH-CONTROL,418,evaluation,True,250801.8392510414,600.5353720188141,14.470657695692402,9.328651692654901,9.207353553964127,0.12129813869072482,5.142006003037502,102,13369344,1501,30,102,251402.37462306023
HIGH-CONTROL,419,evaluation,True,251402.37462306023,603.8908259868622,19.529067380097647,13.975482862931054,13.60154797089762,0.37393489203421776,5.553584517166592,175,22937600,2304,93,175,252006.2654490471
HIGH-CONTROL,420,evaluation,True,252006.2654490471,595.4999279975891,17.40848922369015,11.555832915272674,11.001298288651338,0.5545346266216012,5.852656308417477,206,27000832,1764,136,206,252601.76537704468
HIGH-CONTROL,421,evaluation,True,252601.76537704468,605.4121460914612,14.949809785320246,11.086766230887951,11.086766230887951,0.0,3.8630435544322954,15,1966080,1896,0,15,253207.17752313614
HIGH-CONTROL,422,evaluation,True,253207.17752313614,599.9799509048462,16.58508540278457,14.02321204809175,14.002976976700104,0.02023507139251799,2.5618733546928203,134,17563648,2526,5,134,253807.15747404099
HIGH-CONTROL,423,evaluation,True,253807.15747404099,615.4659969806671,12.565099690848713,9.484667416437457,9.397873338973035,0.08679407746466239,3.0804322744112564,130,17039360,1698,22,130,254422.62347102165
HIGH-CONTROL,424,evaluation,True,254422.62347102165,582.3945350646973,21.3185084693474,18.019242691104083,17.739905355520364,0.27933733558551443,3.299265778243316,242,31719424,2992,67,242,255005.01800608635
HIGH-CONTROL,425,evaluation,True,255005.01800608635,602.731076002121,16.917265721874003,13.329236771282364,12.93041111759598,0.3988256536879889,3.5880289505916387,204,26738688,2223,99,204,255607.74908208847
HIGH-CONTROL,426,evaluation,True,255607.74908208847,602.2089939117432,9.977962832779603,8.964293236156715,8.964293236156715,0.0,1.013669596622888,67,8781824,1526,0,67,256209.9580760002
HIGH-CONTROL,427,evaluation,True,256209.9580760002,596.5973072052002,9.124672187601496,8.108712387249142,7.913354286999074,0.1953581002504141,1.0159598003523533,53,6946816,1326,48,53,256806.5553832054
HIGH-CONTROL,428,evaluation,True,256806.5553832054,639.4441599845886,13.542699213174291,13.034703507430466,13.034703507430466,0.0,0.507995705743825,129,16908288,2617,0,129,257445.99954319
HIGH-CONTROL,429,evaluation,True,257445.99954319,570.2777090072632,12.766020226081007,11.035633988437754,11.035633988437754,0.0,1.7303862376432535,128,16777216,2013,0,128,258016.27725219727
HIGH-CONTROL,430,evaluation,True,258016.27725219727,584.8468577861786,18.244171919525876,13.231885489507484,13.194519901298518,0.03736558820862776,5.012286430018394,246,32243712,2244,9,246,258601.12410998344
HIGH-CONTROL,431,evaluation,True,258601.12410998344,600.6098132133484,18.790811855142696,14.234383494448673,14.234383494448673,0.0,4.556428360694023,119,15597568,2429,0,119,259201.7339231968
HIGH-CONTROL,432,evaluation,True,259201.7339231968,608.6869328022003,19.831082442251372,11.152903545791487,10.973392982352182,0.17951056343975808,8.678178896459883,202,26476544,1922,45,202,259810.420855999
HIGH-CONTROL,433,evaluation,True,259810.420855999,622.4433851242065,19.269546304691637,14.093969579972777,13.629755209874512,0.46421437009810673,5.175576724718861,148,19398656,2402,119,148,260432.8642411232
HIGH-CONTROL,434,evaluation,True,260432.8642411232,567.7522339820862,21.884631744027146,14.186264244685932,14.105006226886047,0.08125801779913738,7.698367499341215,233,30539776,2364,19,233,261000.6164751053
HIGH-CONTROL,435,evaluation,True,261000.6164751053,605.6573100090027,22.70817178886745,20.01395908425101,19.833550571945857,0.18040851230559263,2.694212704616441,134,17563648,3500,45,134,261606.2737851143
HIGH-CONTROL,436,evaluation,True,261606.2737851143,627.3731169700623,18.281184866524793,13.210012691690578,13.210012691690578,0.0,5.071172174834216,227,29753344,2387,0,227,262233.64690208435
HIGH-CONTROL,437,evaluation,True,262233.64690208435,571.118616104126,14.162557760196563,9.257381545581229,9.257381545581229,0.0,4.905176214615335,196,25690112,1467,0,196,262804.7655181885
HIGH-CONTROL,438,evaluation,True,262804.7655181885,596.3689579963684,18.447953996045236,12.64428080057991,12.379632078154648,0.2646487224260395,5.803673195465325,137,17956864,2067,65,137,263401.13447618484
HIGH-CONTROL,439,evaluation,True,263401.13447618484,603.4520518779755,17.283959446452165,13.176504850948504,13.067864172115147,0.10864067883342207,4.107454595503661,114,14942208,2261,27,114,264004.5865280628
HIGH-CONTROL,440,evaluation,True,264004.5865280628,602.2682180404663,23.66281222297688,18.348000619839024,17.75131819729387,0.596682422546022,5.314811603137854,202,26476544,2969,148,202,264606.8547461033
HIGH-CONTROL,441,evaluation,True,264606.8547461033,604.1961569786072,20.822534781266505,17.694562713618925,17.075671614078477,0.6188910995421145,3.1279720676475815,293,38404096,2986,154,293,265211.0509030819
HIGH-CONTROL,442,evaluation,True,265211.0509030819,592.662770986557,29.542027022890142,22.3250986968788,22.18580138211913,0.13929731475946874,7.216928326011342,341,44695552,3968,34,341,265803.71367406845
HIGH-CONTROL,443,evaluation,True,265803.71367406845,600.8238849639893,22.792113586433953,17.21396315357093,17.21396315357093,0.0,5.578150432863024,410,53739520,3207,0,410,266404.53755903244
HIGH-CONTROL,444,evaluation,True,266404.53755903244,596.6354999542236,19.470616344062304,12.448886385429041,12.35935298786427,0.08953339756501952,7.021729958633262,99,12976128,2116,22,99,267001.17305898666
HIGH-CONTROL,445,evaluation,True,267001.17305898666,621.5186331272125,19.88362262906586,15.609152580925862,15.609152580925862,0.0,4.2744700481399995,64,8388608,2864,0,64,267622.6916921139
HIGH-CONTROL,446,evaluation,True,267622.6916921139,584.6906569004059,20.182558886097546,16.58699578365765,16.562078736673985,0.024917046983445074,3.5955631024398986,126,16515072,2712,6,126,268207.3823490143
HIGH-CONTROL,447,evaluation,True,268207.3823490143,594.4430921077728,16.417510063351767,14.041369111032898,14.041369111032898,0.0,2.37614095231887,154,20185088,2464,0,154,268801.82544112206
HIGH-CONTROL,448,evaluation,True,268801.82544112206,598.7071039676666,20.07432052582548,15.836978184112631,15.836978184112631,0.0,4.23734234171285,118,15466496,2813,0,118,269400.5325450897
HIGH-CONTROL,449,evaluation,True,269400.5325450897,602.7299509048462,16.038187234058817,13.511545459253552,13.34637493072076,0.16517052853235184,2.5266417748052667,212,27787264,2221,41,212,270003.26249599457
HIGH-CONTROL,450,evaluation,True,270003.26249599457,612.0116810798645,18.931970389250576,16.690248495905244,16.59899708261805,0.09125141328738437,2.2417218933453307,32,4194304,3105,23,32,270615.27417707443
HIGH-CONTROL,451,evaluation,True,270615.27417707443,594.4401979446411,19.69418029346423,15.009142577131668,15.009142577131668,0.0,4.685037716332559,57,7471104,2793,0,57,271209.7143750191
HIGH-CONTROL,452,evaluation,True,271209.7143750191,599.8474481105804,17.151780604146627,13.437209511621939,13.437209511621939,0.0,3.7145710925246873,127,16646144,2346,0,127,271809.56182312965
HIGH-CONTROL,453,evaluation,True,271809.56182312965,597.8840329647064,16.406002511460294,12.116253018478078,12.116253018478078,0.0,4.289749492982214,2,262144,1852,0,2,272407.44585609436
HIGH-CONTROL,454,evaluation,True,272407.44585609436,607.1599400043488,19.765973403994707,16.26348042569024,16.26348042569024,0.0,3.502492978304468,156,20447232,2909,0,156,273014.6057960987
HIGH-CONTROL,455,evaluation,True,273014.6057960987,589.6872940063477,19.38271321241671,15.462213804736956,15.342801878905387,0.11941192583155165,3.9204994076797544,216,28311552,2621,29,216,273604.29309010506
HIGH-CONTROL,456,evaluation,True,273604.29309010506,595.7286388874054,21.47871169476562,15.841520549301011,15.751850857547074,0.08966969175524565,5.637191145464612,217,28442624,2799,22,217,274200.02172899246
HIGH-CONTROL,457,evaluation,True,274200.02172899246,607.1092011928558,24.279418470004995,17.738779836823785,17.650791047798133,0.0879887890248375,6.54063863318121,85,11141120,3295,22,85,274807.1309301853
HIGH-CONTROL,458,evaluation,True,274807.1309301853,595.0498688220978,13.465470177287445,10.811728912317738,10.811728912317738,0.0,2.653741264969707,25,3276800,1926,0,25,275402.1807990074
HIGH-CONTROL,459,evaluation,True,275402.1807990074,600.3142330646515,23.547205500271414,17.914520262043816,17.805311722668165,0.10920853937571759,5.632685238227598,298,39059456,3047,27,298,276002.49503207207
HIGH-CONTROL,460,evaluation,True,276002.49503207207,606.752445936203,15.142393902514439,10.2371600691838,10.209147175111012,0.02801289407356723,4.905233833330638,108,14155776,1867,7,108,276609.24747800827
HIGH-CONTROL,461,evaluation,True,276609.24747800827,598.1475331783295,16.18250597489014,9.519516596210437,9.519516596210437,0.0,6.662989378679702,60,7864320,1582,0,60,277207.3950111866
HIGH-CONTROL,462,evaluation,True,277207.3950111866,597.5572519302368,16.094857917850714,14.542516845734964,14.542516845734964,0.0,1.5523410721157511,292,38273024,2408,0,292,277804.95226311684
HIGH-CONTROL,463,evaluation,True,277804.95226311684,595.8733739852905,16.759090244293173,12.947032858155646,12.771811940477296,0.17522091767782028,3.812057386137526,28,3670016,2016,43,28,278400.8256371021
HIGH-CONTROL,464,evaluation,True,278400.8256371021,599.8754658699036,12.57151956182315,9.872208977580437,9.872208977580437,0.0,2.6993105842427134,3,393216,1768,0,3,279000.70110297203
HIGH-CONTROL,465,evaluation,True,279000.70110297203,600.8244521617889,12.876230146780859,9.4633465779353,9.4633465779353,0.0,3.41288356884556,41,5373952,1697,0,41,279601.5255551338
HIGH-CONTROL,466,evaluation,True,279601.5255551338,613.9401819705963,23.10753672060377,17.95124192410556,17.95124192410556,0.0,5.156294796498209,89,11665408,3368,0,89,280215.4657371044
HIGH-CONTROL,467,evaluation,True,280215.4657371044,598.3754780292511,16.814692414592933,14.718561222177673,14.653635368300197,0.06492585387688257,2.09613119241526,286,37486592,2585,16,286,280813.84121513367
HIGH-CONTROL,468,evaluation,True,280813.84121513367,606.3852188587189,20.962714444789263,15.57274880620235,15.57274880620235,0.0,5.3899656385869115,67,8781824,2705,0,67,281420.2264339924
HIGH-CONTROL,469,evaluation,True,281420.2264339924,581.247661113739,19.22057011033959,14.701381729031542,14.701381729031542,0.0,4.519188381308049,0,0,2572,0,0,282001.4740951061
HIGH-CONTROL,470,evaluation,True,282001.4740951061,606.8119549751282,19.430943011675183,13.990620212023227,13.942602817345568,0.04801739467826069,5.440322799651956,94,12320768,2524,12,94,282608.28605008125
HIGH-CONTROL,471,evaluation,True,282608.28605008125,598.4392540454865,20.166872305019943,14.861421056580681,14.723468320361649,0.137952736218835,5.305451248439261,197,25821184,2721,34,197,283206.72530412674
HIGH-CONTROL,472,evaluation,True,283206.72530412674,594.4740259647369,19.758411566923506,15.948360006973733,15.948360006973733,0.0,3.8100515599497737,231,30277632,3010,0,231,283801.1993300915
HIGH-CONTROL,473,evaluation,True,283801.1993300915,601.5738379955292,17.083894803276735,11.304328863507104,11.304328863507104,0.0,5.77956593976963,105,13762560,1985,0,105,284402.773168087
HIGH-CONTROL,474,evaluation,True,284402.773168087,604.514729976654,21.36674364743204,15.360992111476047,15.360992111476047,0.0,6.00575153595599,104,13631488,2785,0,104,285007.28789806366
HIGH-CONTROL,475,evaluation,True,285007.28789806366,593.0383701324463,27.73560989333893,20.37713197497836,19.87352261561679,0.5036093593623207,7.358477918360568,266,34865152,3433,123,266,285600.3262681961
HIGH-CONTROL,476,evaluation,True,285600.3262681961,601.1952559947968,21.572313428697136,16.70440456733938,16.70440456733938,0.0,4.867908861357753,195,25559040,3044,0,195,286201.5215241909
HIGH-CONTROL,477,evaluation,True,286201.5215241909,598.614147901535,28.103568103356036,21.587741148481502,21.587741148481502,0.0,6.515826954874534,255,33423360,3796,0,255,286800.13567209244
HIGH-CONTROL,478,evaluation,True,286800.13567209244,600.6756680011749,27.73868992379368,18.449083086364652,18.449083086364652,0.0,9.289606837429025,129,16908288,3301,0,129,287400.8113400936
HIGH-CONTROL,479,evaluation,True,287400.8113400936,605.0270938873291,21.588818511240966,15.044485415249971,15.01237938293927,0.03210603231040736,6.5443330959909956,371,48627712,2754,8,371,288005.83843398094
HIGH-CONTROL,480,evaluation,True,288005.83843398094,601.7834401130676,21.271191403575656,10.080855399325749,9.992087912788364,0.08876748653763049,11.190336004249907,289,37879808,1766,22,289,288607.621874094
HIGH-CONTROL,481,evaluation,True,288607.621874094,592.6637959480286,23.267216331438842,15.58952215406395,15.409255352601834,0.18026680146153257,7.6776941773748915,86,11272192,2485,44,86,289200.28567004204
HIGH-CONTROL,482,evaluation,True,289200.28567004204,603.463907957077,20.74078805919403,14.14605823822892,14.14605823822892,0.0,6.594729820965112,58,7602176,2358,0,58,289803.7495779991
HIGH-CONTROL,483,evaluation,True,289803.7495779991,596.3360121250153,19.691604236614953,13.0403131050104,12.922232536364577,0.11808056864580652,6.651291131604553,134,17563648,2108,29,134,290400.08559012413
HIGH-CONTROL,484,evaluation,True,290400.08559012413,601.8994419574738,17.030390852727827,11.980720214208283,11.9161744842371,0.06454572997059167,5.049670638519545,35,4587520,1954,16,35,291001.9850320816
HIGH-CONTROL,485,evaluation,True,291001.9850320816,601.1798310279846,15.573930822358525,10.158120277270257,9.976368114895438,0.18175216237527916,5.415810545088268,112,14680064,1707,45,112,291603.1648631096
HIGH-CONTROL,486,evaluation,True,291603.1648631096,599.909322977066,16.638246834377195,13.83474428002362,13.83474428002362,0.0,2.803502554353577,136,17825792,2313,0,136,292203.07418608665
HIGH-CONTROL,487,evaluation,True,292203.07418608665,601.6283791065216,17.165324680962467,13.0900729359772,12.593654076708289,0.4964188592685996,4.075251744985265,172,22544384,2160,123,172,292804.7025651932
HIGH-CONTROL,488,evaluation,True,292804.7025651932,601.3426949977875,16.39987725630823,12.962299944972365,12.740218576631388,0.22208136834105993,3.4375773113358665,138,18087936,2379,55,138,293406.04526019096
HIGH-CONTROL,489,evaluation,True,293406.04526019096,594.6596539020538,18.31173206436594,15.037771935884624,14.878526274815838,0.15924566106946592,3.2739601284813182,143,18743296,2394,39,143,294000.704914093
HIGH-CONTROL,490,evaluation,True,294000.704914093,599.934849023819,15.624592218615621,10.101669927495175,10.101669927495175,0.0,5.522922291120446,1,131072,1746,0,1,294600.63976311684
HIGH-CONTROL,491,evaluation,True,294600.63976311684,620.4672830104828,24.006660972626207,17.03426098538456,17.03426098538456,0.0,6.972399987241647,335,43909120,3103,0,335,295221.1070461273
HIGH-CONTROL,492,evaluation,True,295221.1070461273,578.9886729717255,20.99333784029015,17.15687177460884,17.039447080205118,0.11742469440484996,3.836466065681308,171,22413312,2708,28,171,295800.09571909904
HIGH-CONTROL,493,evaluation,True,295800.09571909904,600.0915110111237,18.317816142478506,14.341117559687087,14.223775964074347,0.11734159561272164,3.9766985827914185,46,6029312,2226,29,46,296400.18723011017
HIGH-CONTROL,494,evaluation,True,296400.18723011017,612.9890279769897,22.770031898177283,19.828292962483072,19.471791526799304,0.35650143568257436,2.9417389356942096,116,15204352,3337,90,116,297013.17625808716
HIGH-CONTROL,495,evaluation,True,297013.17625808716,592.6828289031982,15.486747980721427,10.3538156493929,9.976906259592248,0.37690938980148453,5.1329323313285276,79,10354688,1738,92,79,297605.85908699036
HIGH-CONTROL,496,evaluation,True,297605.85908699036,595.4917449951172,21.82785929872434,16.589930506497637,16.55323285781147,0.03669764868583933,5.237928792226706,62,8126464,2994,9,62,298201.3508319855
HIGH-CONTROL,497,evaluation,True,298201.3508319855,600.1544370651245,23.59077775852766,19.443308648252586,19.414987784575956,0.028320863676367856,4.1474691102750745,161,21102592,3470,7,161,298801.5052690506
HIGH-CONTROL,498,evaluation,True,298801.5052690506,611.9766869544983,23.360443809855468,18.753126624127507,18.67377303174695,0.0793535923798301,4.607317185727963,335,43909120,3233,20,335,299413.4819560051
HIGH-CONTROL,499,evaluation,True,299413.4819560051,591.5061221122742,23.104828049517195,15.429808096030213,15.347708271958108,0.08209982407135331,7.675019953486982,96,12582912,2660,20,96,300004.98807811737
HIGH-CONTROL,500,evaluation,True,300004.98807811737,607.5606799125671,23.448692398180174,18.429464956693852,18.429464956693852,0.0,5.019227441486322,234,30670848,3230,0,234,300612.54875802994
HIGH-CONTROL,501,evaluation,True,300612.54875802994,589.3152241706848,21.400986169450047,16.60863827418233,16.555074993833745,0.053563280348099436,4.792347895267717,171,22413312,2755,13,171,301201.8639822006
HIGH-CONTROL,502,evaluation,True,301201.8639822006,606.2521409988403,18.617689920097938,13.92005593606195,13.531556919563752,0.3884990164988164,4.6976339840359875,336,44040192,2405,97,336,301808.11612319946
HIGH-CONTROL,503,evaluation,True,301808.11612319946,593.5560967922211,22.48913391792289,15.024069760751226,14.459537466514664,0.5645322942388731,7.465064157171662,411,53870592,2469,138,411,302401.6722199917
HIGH-CONTROL,504,evaluation,True,302401.6722199917,599.0710070133209,21.22601414026137,15.729077187874639,15.729077187874639,0.0,5.496936952386733,290,38010880,2894,0,290,303000.743227005
HIGH-CONTROL,505,evaluation,True,303000.743227005,600.9241859912872,16.723431355879505,10.085297553801619,10.085297553801619,0.0,6.638133802077886,61,7995392,1825,0,61,303601.6674129963
HIGH-CONTROL,506,evaluation,True,303601.6674129963,602.6439890861511,28.652342539487705,18.84851658218159,18.84851658218159,0.0,9.803825957306117,17,2228224,3323,0,17,304204.31140208244
HIGH-CONTROL,507,evaluation,True,304204.31140208244,604.3887209892273,20.931668600062114,10.726272298273598,10.726272298273598,0.0,10.205396301788516,30,3932160,1920,0,30,304808.70012307167
HIGH-CONTROL,508,evaluation,True,304808.70012307167,613.9808869361877,29.955530450480396,20.941503015428175,20.00027774247914,0.9412252729528294,9.014027435052219,383,50200576,3176,238,383,305422.68101000786
HIGH-CONTROL,509,evaluation,True,305422.68101000786,586.7669711112976,21.925056493084693,15.573416109553765,15.552725379267564,0.020690730287094117,6.351640383530927,195,25559040,2377,5,195,306009.44798111916
HIGH-CONTROL,510,evaluation,True,306009.44798111916,590.7736899852753,17.544667785881508,12.739112334409649,11.206052304752207,1.5330600296605819,4.805555451471859,378,49545216,1674,373,378,306600.22167110443
HIGH-CONTROL,511,evaluation,True,306600.22167110443,607.8314030170441,23.718024040049503,15.31899074338821,15.299017051539032,0.019973691850038503,8.399033296661292,17,2228224,2751,5,17,307208.0530741215
HIGH-CONTROL,512,evaluation,True,307208.0530741215,601.6521179676056,21.060162891453313,13.875643040208212,13.702105083155502,0.17353795705428443,7.1845198512451,115,15073280,2369,43,115,307809.7051920891
HIGH-CONTROL,513,evaluation,True,307809.7051920891,602.3282001018524,17.673843834061408,11.917641228842381,11.917641228842381,0.0,5.756202605219028,111,14548992,1917,0,111,308412.03339219093
HIGH-CONTROL,514,evaluation,True,308412.03339219093,589.969076871872,23.701724919078362,17.92847117652539,17.85027314387795,0.07819803264781215,5.7732537425529715,336,44040192,3061,19,336,309002.0024690628
HIGH-CONTROL,515,evaluation,True,309002.0024690628,599.2117929458618,23.075266211785888,18.341807617120658,17.908221966992585,0.43358565012940703,4.733458594665231,221,28966912,3038,107,221,309601.21426200867
HIGH-CONTROL,516,evaluation,True,309601.21426200867,601.8957331180573,22.26387968993563,14.806429870754327,14.221480588501375,0.5849492822528688,7.4574498191813055,163,21364736,2236,145,163,310203.1099951267
HIGH-CONTROL,517,evaluation,True,310203.1099951267,598.1832180023193,23.241411593001388,17.322021267734257,17.167772804233078,0.1542484635008347,5.91939032526713,38,4980736,2848,38,38,310801.29321312904
HIGH-CONTROL,518,evaluation,True,310801.29321312904,607.8051509857178,24.536503107493456,16.720987242570413,16.453328211678215,0.26765903089287857,7.815515864923043,331,43384832,2974,67,331,311409.09836411476
HIGH-CONTROL,519,evaluation,True,311409.09836411476,594.5417749881744,21.703197649507082,17.49270804032614,17.100641001630507,0.3920670386952668,4.210489609180943,212,27787264,2990,96,212,312003.64013910294
HIGH-CONTROL,520,evaluation,True,312003.64013910294,597.5754210948944,24.507152198511783,19.04521733439588,18.837989100999884,0.20722823339622473,5.461934864115902,320,41943040,3360,51,320,312601.21556019783
HIGH-CONTROL,521,evaluation,True,312601.21556019783,602.3913249969482,23.609493770044786,17.809184570584478,17.764845615819848,0.044338954764219465,5.80030919946031,232,30408704,3289,11,232,313203.6068851948
HIGH-CONTROL,522,evaluation,True,313203.6068851948,604.3398969173431,17.743100037828768,14.138008801402314,14.03354554578527,0.10446325561714409,3.605091236426454,242,31719424,2664,26,242,313807.9467821121
HIGH-CONTROL,523,evaluation,True,313807.9467821121,593.4298169612885,20.69871761942651,15.674276676399426,15.674276676399426,0.0,5.024440943027086,6,786432,2923,0,6,314401.3765990734
HIGH-CONTROL,524,evaluation,True,314401.3765990734,600.5333750247955,26.224243424236604,19.508751807786886,19.23380844580396,0.2749433619835856,6.71549161644972,327,42860544,3494,68,327,315001.9099740982
HIGH-CONTROL,525,evaluation,True,315001.9099740982,610.6722888946533,21.955212355717205,15.728331593751543,15.716403129964522,0.011928463787941879,6.2268807619656625,388,50855936,2716,3,388,315612.58226299286
HIGH-CONTROL,526,evaluation,True,315612.58226299286,589.8566091060638,27.83722122711014,20.273107584297183,20.087866404358454,0.1852411799391806,7.564113642812955,191,25034752,3288,45,191,316202.4388720989
HIGH-CONTROL,527,evaluation,True,316202.4388720989,597.579696893692,24.94845921586322,18.325102191589895,17.809066949806812,0.5160352417847354,6.623357024273325,391,51249152,2870,127,391,316800.0185689926
HIGH-CONTROL,528,evaluation,True,316800.0185689926,603.3526442050934,24.496569414299778,18.990090712734357,18.11277330240247,0.8773174103333431,5.506478701565421,710,93061120,2751,218,710,317403.3712131977
HIGH-CONTROL,529,evaluation,True,317403.3712131977,602.7873759269714,19.734998829738593,15.388753060518416,15.376668563438088,0.01208449708021418,4.346245769220176,25,3276800,2528,3,25,318006.1585891247
HIGH-CONTROL,530,evaluation,True,318006.1585891247,597.3435530662537,21.560573434590864,17.718517747797716,16.864893803437862,0.853623944360547,3.842055686793149,471,61734912,2215,210,471,318603.50214219093
HIGH-CONTROL,531,evaluation,True,318603.50214219093,609.1301968097687,18.515134345968818,13.879303121192429,13.668033421604346,0.21126969958926506,4.635831224776387,80,10485760,2179,53,80,319212.6323390007
HIGH-CONTROL,532,evaluation,True,319212.6323390007,588.7956221103668,17.189521484257067,15.247697911861946,15.128105148649272,0.11959276321265735,1.9418235723951216,166,21757952,2116,29,166,319801.42796111107
HIGH-CONTROL,533,evaluation,True,319801.42796111107,599.736829996109,16.90099632736531,12.449775623480901,11.878915289011344,0.5708603344706774,4.451220703884409,397,52035584,1750,141,397,320401.1647911072
HIGH-CONTROL,534,evaluation,True,320401.1647911072,600.913822889328,14.36582749688085,12.749796155770479,12.749796155770479,0.0,1.6160313411103717,97,12713984,2116,0,97,321002.0786139965
HIGH-CONTROL,535,evaluation,True,321002.0786139965,604.3081951141357,14.97649330438258,13.953664021077433,13.656329927093761,0.29733409398409566,1.0228292833051453,169,22151168,2491,74,169,321606.38680911064
HIGH-CONTROL,536,evaluation,True,321606.38680911064,597.2946569919586,16.186181254497207,12.209919333855733,12.209919333855733,0.0,3.976261920641472,219,28704768,2201,0,219,322203.6814661026
HIGH-CONTROL,537,evaluation,True,322203.6814661026,597.7585120201111,19.52176091538281,16.131359317768055,16.054180289436147,0.07717902833120044,3.3904015976147535,203,26607616,3005,19,203,322801.4399781227
HIGH-CONTROL,538,evaluation,True,322801.4399781227,601.6436669826508,18.543767838006435,14.880644901057101,14.795892615294887,0.08475228576144275,3.6631229369493323,276,36175872,2811,21,276,323403.08364510536
HIGH-CONTROL,539,evaluation,True,323403.08364510536,610.6848850250244,16.397482374699383,11.801540076149024,11.801540076149024,0.0,4.595942298550359,55,7208960,2113,0,55,324013.7685301304
HIGH-CONTROL,540,evaluation,True,324013.7685301304,596.5450639724731,28.459606600161703,22.990403249622588,22.990403249622588,0.0,5.469203350539115,157,20578304,3767,0,157,324610.31359410286
HIGH-CONTROL,541,evaluation,True,324610.31359410286,601.6595799922943,17.779122555668515,13.38563183634916,13.38563183634916,0.0,4.393490719319353,60,7864320,2238,0,60,325211.97317409515
HIGH-CONTROL,542,evaluation,True,325211.97317409515,592.0250029563904,22.781829348510286,18.051790796393462,17.99026989568871,0.06152090070525289,4.730038552116822,244,31981568,3005,15,244,325803.99817705154
HIGH-CONTROL,543,evaluation,True,325803.99817705154,604.0076880455017,20.10140709995104,16.026498332248938,15.90589751162103,0.1206008206278603,4.0749087677021025,103,13500416,2720,30,103,326408.00586509705
HIGH-CONTROL,544,evaluation,True,326408.00586509705,617.6384789943695,15.104999480624926,12.20628844051914,12.20628844051914,0.0,2.8987110401057863,131,17170432,2355,0,131,327025.6443440914
HIGH-CONTROL,545,evaluation,True,327025.6443440914,580.8222970962524,18.583792620975686,14.646832128746203,14.646832128746203,0.0,3.9369604922294834,202,26476544,2609,0,202,327606.46664118767
HIGH-CONTROL,546,evaluation,True,327606.46664118767,594.6543138027191,15.286757098761694,12.756296321260972,12.519467313949457,0.23682900731148246,2.530460777500722,408,53477376,2303,58,408,328201.1209549904
HIGH-CONTROL,547,evaluation,True,328201.1209549904,636.8989560604095,17.518581148374235,16.19878173972496,16.19878173972496,0.0,1.319799408649273,65,8519680,3157,0,65,328838.0199110508
HIGH-CONTROL,548,evaluation,True,328838.0199110508,564.5131440162659,19.06666647617842,15.672442734191693,15.379955895111975,0.29248683908041867,3.3942237419867274,189,24772608,2760,68,189,329402.53305506706
HIGH-CONTROL,549,evaluation,True,329402.53305506706,597.7432889938354,15.815669289430087,13.269476425381864,13.269476425381864,0.0,2.546192864048222,2,262144,2372,0,2,330000.2763440609
HIGH-CONTROL,550,evaluation,True,330000.2763440609,606.4323580265045,16.134478260372067,12.968119193664844,12.968119193664844,0.0,3.166359066707224,65,8519680,2410,0,65,330606.7087020874
HIGH-CONTROL,551,evaluation,True,330606.7087020874,600.1460230350494,12.9660234056856,9.793297758903005,9.793297758903005,0.0,3.1727256467825957,107,14024704,1868,0,107,331206.85472512245
HIGH-CONTROL,552,evaluation,True,331206.85472512245,595.9426519870758,18.499874087043654,14.041957250910768,14.013436231412712,0.02852101949779103,4.457916836132887,82,10747904,2650,7,82,331802.7973771095
HIGH-CONTROL,553,evaluation,True,331802.7973771095,611.1088600158691,18.427769724325017,13.059345626192295,13.059345626192295,0.0,5.368424098132721,179,23461888,2379,0,179,332413.9062371254
HIGH-CONTROL,554,evaluation,True,332413.9062371254,596.2781889438629,13.906288156704441,12.203759586141139,12.203759586141139,0.0,1.702528570563302,76,9961472,2247,0,76,333010.18442606926
HIGH-CONTROL,555,evaluation,True,333010.18442606926,593.2924120426178,15.705916768960519,11.33449482610803,11.33449482610803,0.0,4.371421942852489,0,0,2138,0,0,333603.4768381119
HIGH-CONTROL,556,evaluation,True,333603.4768381119,624.1074090003967,10.27065867197656,6.921633351962419,6.921633351962419,0.0,3.349025320014142,55,7208960,1266,0,55,334227.5842471123
HIGH-CONTROL,557,evaluation,True,334227.5842471123,581.3111720085144,17.608760813592415,13.117350233291093,13.117350233291093,0.0,4.491410580301323,210,27525120,2180,0,210,334808.8954191208
HIGH-CONTROL,558,evaluation,True,334808.8954191208,594.387099981308,18.87967239225553,15.691909809042487,15.691909809042487,0.0,3.1877625832130403,141,18481152,2723,0,141,335403.2825191021
HIGH-CONTROL,559,evaluation,True,335403.2825191021,598.66171002388,21.493518504508494,18.33004245511158,18.111022466153912,0.21901998895778604,3.163476049396912,97,12713984,3426,54,97,336001.944229126
HIGH-CONTROL,560,evaluation,True,336001.944229126,598.6646599769592,16.022514912567345,12.872487611169644,12.560182869525445,0.31230474164453054,3.150027301397702,98,12845056,2189,77,98,336600.60888910294
HIGH-CONTROL,561,evaluation,True,336600.60888910294,600.4639608860016,14.35878155652291,11.376530526683354,11.376530526683354,0.0,2.9822510298395564,43,5636096,2024,0,43,337201.07284998894
HIGH-CONTROL,562,evaluation,True,337201.07284998894,602.5850241184235,16.964062830372164,13.08038078289344,12.846668717052701,0.23371206584070656,3.883682047478725,111,14548992,2333,58,111,337803.65787410736
HIGH-CONTROL,563,evaluation,True,337803.65787410736,602.4941918849945,16.808671645343413,14.3160549163954,14.158880007538114,0.15717490885794047,2.492616728948014,91,11927552,2395,39,91,338406.15206599236
HIGH-CONTROL,564,evaluation,True,338406.15206599236,598.3792340755463,17.309529776978916,14.257287156593984,14.257287156593984,0.0,3.052242620384933,223,29229056,2711,0,223,339004.5313000679
HIGH-CONTROL,565,evaluation,True,339004.5313000679,597.391844034195,16.786369140590725,10.879980308596531,10.827141193230005,0.05283911536604545,5.906388831994193,121,15859712,2006,13,121,339601.9231441021
HIGH-CONTROL,566,evaluation,True,339601.9231441021,599.1392409801483,22.338573687840356,16.49715163526365,16.22967389504013,0.26747774022318976,5.841422052576708,131,17170432,2768,66,131,340201.06238508224
HIGH-CONTROL,567,evaluation,True,340201.06238508224,609.77117395401,14.845678779405198,10.896269048177464,10.860430773449519,0.03583827472762173,3.9494097312277336,25,3276800,1938,9,25,340810.83355903625
HIGH-CONTROL,568,evaluation,True,340810.83355903625,593.4158811569214,19.155440460195376,14.960236293857621,14.960236293857621,0.0,4.195204166337755,255,33423360,2630,0,255,341404.2494401932
HIGH-CONTROL,569,evaluation,True,341404.2494401932,604.6472449302673,20.60333638695387,15.03724703694175,15.03724703694175,0.0,5.566089350012121,154,20185088,2771,0,154,342008.89668512344
HIGH-CONTROL,570,evaluation,True,342008.89668512344,599.378625869751,21.727451603002976,17.363958307610314,17.363958307610314,0.0,4.363493295392662,232,30408704,3168,0,232,342608.2753109932
HIGH-CONTROL,571,evaluation,True,342608.2753109932,592.2676141262054,23.119201761428624,16.704462319956757,16.704462319956757,0.0,6.414739441471867,122,15990784,3101,0,122,343200.5429251194
HIGH-CONTROL,572,evaluation,True,343200.5429251194,600.9328889846802,18.46442772440988,12.990453633811601,12.970250650478038,0.020202983333382687,5.473974090598278,212,27787264,2368,5,212,343801.4758141041
HIGH-CONTROL,573,evaluation,True,343801.4758141041,602.802670955658,21.50547648204258,15.593568264941027,15.585512137968994,0.008056126971966874,5.911908217101554,113,14811136,2922,2,113,344404.27848505974
HIGH-CONTROL,574,evaluation,True,344404.27848505974,596.8214309215546,20.675153195014556,16.265754009129424,16.009442790989485,0.2563112181407812,4.409399185885133,110,14417920,2751,63,110,345001.0999159813
HIGH-CONTROL,575,evaluation,True,345001.0999159813,605.6617801189423,24.412218619172695,16.592104544261954,16.560032156566052,0.03207238769665092,7.82011407491074,298,39059456,2894,8,298,345606.76169610023
HIGH-CONTROL,576,evaluation,True,345606.76169610023,593.7907860279083,28.497711180182424,19.005065905488657,18.632948989634908,0.37211691585463075,9.492645274693768,276,36175872,3070,91,276,346200.55248212814
HIGH-CONTROL,577,evaluation,True,346200.55248212814,609.5440509319305,22.632336353388624,17.60740397444974,17.46001394627451,0.14739002817492117,5.024932378938887,122,15990784,3028,37,122,346810.0965330601
HIGH-CONTROL,578,evaluation,True,346810.0965330601,590.0402810573578,40.20166248751846,28.50840158483808,27.2944207528635,1.2139808319764207,11.693260902680384,503,65929216,3883,295,503,347400.13681411743
HIGH-CONTROL,579,evaluation,True,347400.13681411743,615.1559829711914,26.130636284762748,17.966065673378047,17.338465078149127,0.627600595230412,8.1645706113847,298,39059456,2906,159,298,348015.2927970886
HIGH-CONTROL,580,evaluation,True,348015.2927970886,585.5001928806305,27.802402396690397,20.317568321213336,19.82821060621614,0.48935771499815933,7.484834075477059,436,57147392,3413,118,436,348600.79298996925
HIGH-CONTROL,581,evaluation,True,348600.79298996925,610.5154061317444,23.913138641068223,18.944547692444928,18.638305114307755,0.30624257813646266,4.968590948623295,402,52690944,3226,77,402,349211.308396101
HIGH-CONTROL,582,evaluation,True,349211.308396101,590.4733560085297,15.439705384607068,12.531907006399157,12.453775756842532,0.07813124955590703,2.9077983782079113,104,13631488,2226,19,104,349801.7817521095
HIGH-CONTROL,583,evaluation,True,349801.7817521095,602.2469050884247,22.32346960714628,17.099942957572207,16.946735292261742,0.1532076653101194,5.223526649574071,35,4587520,2914,38,35,350404.02865719795
HIGH-CONTROL,584,evaluation,True,350404.02865719795,596.6380968093872,24.73666777692767,18.47816401806688,18.457815607186532,0.02034841088016823,6.25850375886079,181,23724032,3233,5,181,351000.66675400734
HIGH-CONTROL,585,evaluation,True,351000.66675400734,605.3739800453186,24.4037696289668,20.01254466562431,20.000511802428072,0.01203286319612571,4.391224963342487,293,38404096,3513,3,293,351606.04073405266
HIGH-CONTROL,586,evaluation,True,351606.04073405266,599.114100933075,28.195638845902877,19.73202863747871,19.107887721166612,0.6241409163117004,8.463610208424166,353,46268416,3478,154,353,352205.15483498573
HIGH-CONTROL,587,evaluation,True,352205.15483498573,595.8184630870819,23.13919877175205,17.447075035102287,17.255536846556616,0.19153818854604934,5.692123736649762,203,26607616,3037,47,203,352800.9732980728
HIGH-CONTROL,588,evaluation,True,352800.9732980728,603.3144299983978,21.16312170015658,16.25722226342691,16.09623639553443,0.16098586789207092,4.905899436729669,227,29753344,2868,40,227,353404.2877280712
HIGH-CONTROL,589,evaluation,True,353404.2877280712,607.5833759307861,19.86248193857993,15.207735009710069,15.207735009710069,0.0,4.654746928869861,0,0,2845,0,0,354011.871104002
HIGH-CONTROL,590,evaluation,True,354011.871104002,592.9659330844879,25.27466341371731,19.070683010302634,19.070683010302634,0.0,6.2039804034146755,221,28966912,3460,0,221,354604.8370370865
HIGH-CONTROL,591,evaluation,True,354604.8370370865,595.9984500408173,29.05939945090782,22.772276750574285,22.662277403168407,0.10999934740594512,6.287122700333534,204,26738688,3826,27,204,355200.8354871273
HIGH-CONTROL,592,evaluation,True,355200.8354871273,600.9761688709259,22.35729005517111,16.8628783620854,16.8628783620854,0.0,5.494411693085709,67,8781824,2937,0,67,355801.81165599823
HIGH-CONTROL,593,evaluation,True,355801.81165599823,599.7056159973145,21.629056136139056,14.863806634662621,14.863806634662621,0.0,6.7652495014764344,1,131072,2566,0,1,356401.51727199554
HIGH-CONTROL,594,evaluation,True,356401.51727199554,600.8371210098267,25.93429040484517,17.044223626007085,17.044223626007085,0.0,8.890066778838086,90,11796480,3073,0,90,357002.3543930054
HIGH-CONTROL,595,evaluation,True,357002.3543930054,599.6482059955597,25.452731093130254,13.929738815066141,13.929738815066141,0.0,11.52299227806411,3,393216,2506,0,3,357602.00259900093
HIGH-CONTROL,596,evaluation,True,357602.00259900093,598.6085391044617,21.910547956707347,14.876088124765586,14.876088124765586,0.0,7.034459831941763,74,9699328,2536,0,74,358200.6111381054
HIGH-CONTROL,597,evaluation,True,358200.6111381054,602.2497599124908,23.31732202746905,16.883033762892783,16.883033762892783,0.0,6.434288264576268,117,15335424,2964,0,117,358802.8608980179
HIGH-CONTROL,598,evaluation,True,358802.8608980179,600.8557450771332,22.11451930683011,15.944140142806607,15.944140142806607,0.0,6.170379164023506,45,5898240,2893,0,45,359403.716643095
HIGH-CONTROL,599,evaluation,True,359403.716643095,599.9573240280151,17.736223315080842,13.051643807527656,12.61859694835354,0.43304685917543256,4.684579507553185,255,33423360,1947,107,255,360003.67396712303
HIGH-CONTROL,600,evaluation,True,360003.67396712303,596.5186479091644,19.278411584838267,14.257095204692707,14.257095204692707,0.0,5.021316380145561,41,5373952,2529,0,41,360600.1926150322
HIGH-CONTROL,601,evaluation,True,360600.1926150322,616.4377069473267,19.106602614161865,14.916913102836077,14.916913102836077,0.0,4.189689511325789,19,2490368,2774,0,19,361216.6303219795
HIGH-CONTROL,602,evaluation,True,361216.6303219795,587.6306221485138,18.03726990604499,14.69560351366808,14.422887279668215,0.27271623400168055,3.3416663923769105,227,29753344,2438,66,227,361804.26094412804
HIGH-CONTROL,603,evaluation,True,361804.26094412804,605.513377904892,17.60180659840332,13.658213772824272,13.650193710785176,0.0080200620390295,3.9435928255790493,180,23592960,2391,2,180,362409.7743220329
HIGH-CONTROL,604,evaluation,True,362409.7743220329,602.9648740291595,16.38091662141473,13.697578834842698,13.443879101142908,0.25369973370062343,2.683337786572031,163,21364736,2457,63,163,363012.7391960621
HIGH-CONTROL,605,evaluation,True,363012.7391960621,588.795469045639,17.47758787937612,14.374113628336838,13.854503556542394,0.5196100717961554,3.103474251039281,267,34996224,2215,126,267,363601.5346651077
HIGH-CONTROL,606,evaluation,True,363601.5346651077,603.1259469985962,18.845532446904222,13.471352609446978,12.947985032198618,0.5233675772488353,5.374179837457243,207,27131904,2190,130,207,364204.6606121063
HIGH-CONTROL,607,evaluation,True,364204.6606121063,597.6192328929901,14.214847142624194,9.860090369003908,9.860090369003908,0.0,4.354756773620286,58,7602176,1769,0,58,364802.2798449993
HIGH-CONTROL,608,evaluation,True,364802.2798449993,604.5306880474091,13.835068990853502,11.109599167390453,11.109599167390453,0.0,2.7254698234630497,0,0,2095,0,0,365406.8105330467
HIGH-CONTROL,609,evaluation,True,365406.8105330467,593.3464930057526,15.63030077451604,12.498969790234023,12.2738955543176,0.22507423591650777,3.131330984282018,120,15728640,2131,55,120,366000.1570260525
HIGH-CONTROL,610,evaluation,True,366000.1570260525,601.1977109909058,20.185651057381996,16.735758349625016,16.699408998233285,0.03634935139245532,3.44989270775698,92,12058624,2977,9,92,366601.3547370434
HIGH-CONTROL,611,evaluation,True,366601.3547370434,612.0016281604767,18.773580654497383,14.554141214334972,14.292285031468992,0.26185618286359424,4.219439440162412,520,68157440,2563,66,520,367213.35636520386
HIGH-CONTROL,612,evaluation,True,367213.35636520386,588.309042930603,22.604854384672105,17.53062070411022,17.53062070411022,0.0,5.074233680561886,213,27918336,3195,0,213,367801.66540813446
HIGH-CONTROL,613,evaluation,True,367801.66540813446,599.0734479427338,18.318076667483428,11.180273463630769,11.046519905693142,0.13375355793746208,7.137803203852658,62,8126464,2015,33,62,368400.7388560772
HIGH-CONTROL,614,evaluation,True,368400.7388560772,602.3547759056091,15.80557134081815,11.923806981626226,11.806906280855925,0.11690070077028614,3.8817643591919224,169,22151168,2087,29,169,369003.0936319828
HIGH-CONTROL,615,evaluation,True,369003.0936319828,599.3368520736694,18.558422795560503,12.616119524672039,12.413551684923567,0.20256783974873488,5.942303270888464,53,6946816,2301,50,53,369602.4304840565
HIGH-CONTROL,616,evaluation,True,369602.4304840565,616.2530400753021,19.35242489761794,15.517322436127639,15.458220234510652,0.05910220161746645,3.8351024614903015,281,36831232,2805,15,281,370218.6835241318
HIGH-CONTROL,617,evaluation,True,370218.6835241318,583.1530179977417,15.370019122681558,11.136242879155724,10.89474298721492,0.24149989194078733,4.233776243525835,198,25952256,1643,58,198,370801.8365421295
HIGH-CONTROL,618,evaluation,True,370801.8365421295,600.5487079620361,19.42876477082431,15.177003619669588,15.003146815009263,0.17385680466085005,4.251761151154723,319,41811968,2553,43,319,371402.38525009155
HIGH-CONTROL,619,evaluation,True,371402.38525009155,599.3503859043121,18.27200060495721,12.598106305182798,12.598106305182798,0.0,5.673894299774413,3,393216,2294,0,3,372001.73563599586
HIGH-CONTROL,620,evaluation,True,372001.73563599586,604.1782231330872,23.84949156164192,16.586500514255174,16.586500514255174,0.0,7.262991047386744,107,14024704,2851,0,107,372605.91385912895
HIGH-CONTROL,621,evaluation,True,372605.91385912895,595.3400120735168,25.86517275638003,16.899903596502895,16.500205133221865,0.39969846328268704,8.965269159877135,129,16908288,2730,98,129,373201.25387120247
HIGH-CONTROL,622,evaluation,True,373201.25387120247,603.4098188877106,17.09729615967398,12.510696835352347,12.293400270042046,0.21729656531041572,4.586599324321632,186,24379392,2042,54,186,373804.6636900902
HIGH-CONTROL,623,evaluation,True,373804.6636900902,601.3604300022125,20.366037485664666,15.148813578164622,15.031719582779118,0.11709399538548837,5.217223907500043,157,20578304,2473,29,157,374406.0241200924
HIGH-CONTROL,624,evaluation,True,374406.0241200924,604.4522650241852,23.79209691290255,14.365574749642954,14.192840713473881,0.17273403616959562,9.426522163259598,96,12582912,2257,43,96,375010.4763851166
HIGH-CONTROL,625,evaluation,True,375010.4763851166,590.8441669940948,19.276822110364172,13.213401148178171,12.970935323410218,0.24246582476788728,6.063420962186003,100,13107200,2038,59,100,375601.3205521107
HIGH-CONTROL,626,evaluation,True,375601.3205521107,609.80522108078,15.004743393714083,11.257750389314836,11.1263507187999,0.13139967051477433,3.746993004399246,142,18612224,1926,33,142,376211.12577319145
HIGH-CONTROL,627,evaluation,True,376211.12577319145,591.2737939357758,17.67140765546506,10.876669674083502,10.876669674083502,0.0,6.794737981381557,27,3538944,1925,0,27,376802.3995671272
HIGH-CONTROL,628,evaluation,True,376802.3995671272,611.0954399108887,15.912391524960412,12.570029908254634,11.767402841438296,0.8026270668183416,3.3423616167057775,340,44564480,1988,202,340,377413.4950070381
HIGH-CONTROL,629,evaluation,True,377413.4950070381,600.1533019542694,19.755878882020536,16.559547795375607,16.393668137246053,0.16587965812909553,3.196331086644928,158,20709376,2789,41,158,378013.6483089924
HIGH-CONTROL,630,evaluation,True,378013.6483089924,594.5324580669403,18.256185291682453,14.152714687944492,14.062864583557689,0.08985010438705282,4.103470603737961,195,25559040,2404,22,195,378608.1807670593
HIGH-CONTROL,631,evaluation,True,378608.1807670593,593.6490590572357,22.1592982278676,17.51019476290249,17.297505760307207,0.21268900259548199,4.649103464965108,122,15990784,3045,52,122,379201.82982611656
HIGH-CONTROL,632,evaluation,True,379201.82982611656,600.3803238868713,13.073427686989273,9.713119208853609,9.713119208853609,0.0,3.3603084781356642,4,524288,1586,0,4,379802.21015000343
HIGH-CONTROL,633,evaluation,True,379802.21015000343,606.4047071933746,17.4669418234812,12.396231061465372,12.32415659834264,0.07207446312312199,5.070710762015829,99,12976128,2078,18,99,380408.6148571968
HIGH-CONTROL,634,evaluation,True,380408.6148571968,611.5066978931427,16.219967688480722,13.609229201095049,13.426575663401286,0.18265353769416753,2.610738487385673,202,26476544,2421,46,202,381020.12155508995
HIGH-CONTROL,635,evaluation,True,381020.12155508995,584.2606871128082,16.085965808065446,13.370751848126083,12.988409293996028,0.3823425541287373,2.7152139599393617,348,45613056,2257,92,348,381604.38224220276
HIGH-CONTROL,636,evaluation,True,381604.38224220276,600.3733937740326,20.198450501572502,15.49311015961817,15.24640406862345,0.24670609099562418,4.705340341954333,162,21233664,2691,61,162,382204.7556359768
HIGH-CONTROL,637,evaluation,True,382204.7556359768,612.7868540287018,20.26081231822842,16.00468277505445,15.731274833222464,0.2734079418305361,4.25612954317397,57,7471104,2865,69,57,382817.5424900055
HIGH-CONTROL,638,evaluation,True,382817.5424900055,585.5870590209961,15.913343498786219,12.816450627669136,12.3686303451034,0.44782028256597206,3.096892871117083,250,32768000,2062,108,250,383403.1295490265
HIGH-CONTROL,639,evaluation,True,383403.1295490265,597.388689994812,15.763048119889538,12.969941476734988,12.201737974390158,0.7682035023462844,2.7931066431545504,295,38666240,1739,189,295,384000.5182390213
HIGH-CONTROL,640,evaluation,True,384000.5182390213,601.6343929767609,13.823843623277643,11.685340985104471,11.584443851544457,0.1008971335611957,2.138502638173173,104,13631488,2081,25,104,384602.15263199806
HIGH-CONTROL,641,evaluation,True,384602.15263199806,600.9407470226288,15.89996019120797,11.582655270050779,11.582655270050779,0.0,4.317304921157191,72,9437184,1972,0,72,385203.0933790207
HIGH-CONTROL,642,evaluation,True,385203.0933790207,597.4659810066223,24.70660153567355,17.154748094789536,16.902777429799148,0.2519706649912664,7.551853440884015,262,34340864,3054,62,262,385800.5593600273
HIGH-CONTROL,643,evaluation,True,385800.5593600273,600.1803550720215,27.131866398827857,14.151405359440318,14.151405359440318,0.0,12.980461039387539,3,393216,2577,0,3,386400.73971509933
HIGH-CONTROL,644,evaluation,True,386400.73971509933,599.6772270202637,27.249588473856527,20.289291440948958,20.20831029580144,0.08098114514677938,6.960297032907567,58,7602176,2978,20,58,387000.4169421196
HIGH-CONTROL,645,evaluation,True,387000.4169421196,599.9532949924469,31.837932216062015,25.08598213150571,22.81550624855785,2.2704758829545724,6.751950084556307,615,80609280,3414,561,615,387600.37023711205
HIGH-CONTROL,646,evaluation,True,387600.37023711205,601.7859899997711,21.815776262794852,16.140007223042097,15.768799306773866,0.37120791626904953,5.675769039752754,78,10223616,2632,92,78,388202.1562271118
HIGH-CONTROL,647,evaluation,True,388202.1562271118,604.2926988601685,23.758198008159454,16.52496692373193,16.464694953724166,0.060271970008254336,7.2332310844275245,201,26345472,2782,15,201,388806.448925972
HIGH-CONTROL,648,evaluation,True,388806.448925972,597.5504930019379,22.88468898846372,16.01276286353757,15.890858817441138,0.1219040460963822,6.871926124926149,181,23724032,2674,30,181,389403.9994189739
HIGH-CONTROL,649,evaluation,True,389403.9994189739,604.0084772109985,17.749555346275088,12.56350171357777,12.366520630584624,0.19698108299343917,5.186053632697316,41,5373952,2129,49,41,390008.0078961849
HIGH-CONTROL,650,evaluation,True,390008.0078961849,600.6652438640594,18.943578215954798,12.929784927302805,12.929784927302805,0.0,6.013793288651992,63,8257536,2225,0,63,390608.673140049
HIGH-CONTROL,651,evaluation,True,390608.673140049,599.3106689453125,17.38618490733136,13.627771480583794,13.627771480583794,0.0,3.7584134267475657,206,27000832,2469,0,206,391207.9838089943
HIGH-CONTROL,652,evaluation,True,391207.9838089943,592.7067270278931,17.684875110156394,13.638145776493312,13.269444935813842,0.3687008406793201,4.046729333663083,150,19660800,2305,90,150,391800.6905360222
HIGH-CONTROL,653,evaluation,True,391800.6905360222,599.4522390365601,17.233730555243334,14.809217209999916,14.736306824718339,0.07291038528197215,2.4245133452434158,339,44433408,2704,18,339,392400.14277505875
HIGH-CONTROL,654,evaluation,True,392400.14277505875,606.2852289676666,17.14576068910046,14.665093554832854,14.416788147822182,0.2483054070115347,2.4806671342676068,140,18350080,2692,62,140,393006.4280040264
HIGH-CONTROL,655,evaluation,True,393006.4280040264,598.5072090625763,11.453288408351678,10.334456467834151,10.297943713231009,0.03651275460386877,1.1188319405175262,57,7471104,1920,9,57,393604.935213089
HIGH-CONTROL,656,evaluation,True,393604.935213089,598.8399000167847,15.767066171077978,11.194121819199905,10.995440595763178,0.19868122343702502,4.572944351878074,194,25427968,1804,49,194,394203.7751131058
HIGH-CONTROL,657,evaluation,True,394203.7751131058,605.6241059303284,17.944157809261213,13.66362293703562,13.591455575667267,0.07216736136874394,4.280534872225593,21,2752512,2548,18,21,394809.3992190361
HIGH-CONTROL,658,evaluation,True,394809.3992190361,591.3112890720367,28.658534530430302,20.29612969617756,20.29612969617756,0.0,8.362404834252743,141,18481152,3456,0,141,395400.71050810814
HIGH-CONTROL,659,evaluation,True,395400.71050810814,607.7399129867554,15.219287871700585,12.325303481822564,12.29334076387452,0.03196271794879102,2.893984389878021,147,19267584,2156,8,147,396008.4504210949
HIGH-CONTROL,660,evaluation,True,396008.4504210949,601.6654980182648,18.944628678012442,14.132358646053396,13.958824548198251,0.17353409785566937,4.812270031959046,183,23986176,2459,43,183,396610.11591911316
HIGH-CONTROL,661,evaluation,True,396610.11591911316,595.0137679576874,21.101938698053164,13.606829635281757,13.606829635281757,0.0,7.495109062771406,65,8519680,2545,0,65,397205.12968707085
HIGH-CONTROL,662,evaluation,True,397205.12968707085,603.5879249572754,14.46826016852848,10.807378537537893,10.69071666856381,0.11666186897406654,3.6608816309905876,41,5373952,1855,29,41,397808.7176120281
HIGH-CONTROL,663,evaluation,True,397808.7176120281,597.175430059433,16.201610909768327,13.831007219617684,13.831007219617684,0.0,2.3706036901506415,11,1441792,2507,0,11,398405.89304208755
HIGH-CONTROL,664,evaluation,True,398405.89304208755,609.8708839416504,19.940149925364928,14.680890950351698,14.258864724540633,0.4220262258103218,5.25925897501323,312,40894464,2621,106,312,399015.7639260292
HIGH-CONTROL,665,evaluation,True,399015.7639260292,585.0573291778564,16.601651075053788,12.86788074516275,12.349100937818616,0.5187798073437303,3.7337703298910356,284,37224448,2173,125,284,399600.82125520706
HIGH-CONTROL,666,evaluation,True,399600.82125520706,601.7182018756866,10.478297810879047,6.296330951604913,6.260013042682442,0.03631790892319231,4.181966859274134,132,17301504,1104,9,132,400202.53945708275
HIGH-CONTROL,667,evaluation,True,400202.53945708275,598.0728969573975,21.20039280559452,18.022889197679547,18.022889197679547,0.0,3.177503607914974,14,1835008,3071,0,14,400800.61235404015
HIGH-CONTROL,668,evaluation,True,400800.61235404015,615.3429110050201,14.734568631822428,10.945091492125567,10.945091492125567,0.0,3.7894771396968623,62,8126464,2037,0,62,401415.95526504517
HIGH-CONTROL,669,evaluation,True,401415.95526504517,585.652939081192,18.735754301621462,14.779043807869643,14.654663278066215,0.12438052980337803,3.9567104937518196,103,13500416,2469,30,103,402001.60820412636
HIGH-CONTROL,670,evaluation,True,402001.60820412636,603.3492548465729,22.205849373734107,17.9079196757645,17.90389526136663,0.004024414397838659,4.297929697969607,65,8519680,3199,1,65,402604.95745897293
HIGH-CONTROL,671,evaluation,True,402604.95745897293,597.0066590309143,21.972770729527625,16.595484250869323,16.595484250869323,0.0,5.377286478658303,88,11534336,2870,0,88,403201.96411800385
HIGH-CONTROL,672,evaluation,True,403201.96411800385,601.2303509712219,18.795277645299958,12.729077949473353,12.50291648614161,0.22616146333179302,6.066199695826604,174,22806528,2096,56,174,403803.19446897507
HIGH-CONTROL,673,evaluation,True,403803.19446897507,598.9345331192017,21.889135723865337,14.88156427407972,14.565346175237734,0.3162180988422837,7.007571449785616,165,21626880,2685,78,165,404402.12900209427
HIGH-CONTROL,674,evaluation,True,404402.12900209427,603.3180460929871,22.352512303428426,15.667388827718016,15.667388827718016,0.0,6.6851234757104105,102,13369344,2722,0,102,405005.44704818726
HIGH-CONTROL,675,evaluation,True,405005.44704818726,595.7651379108429,21.555093923929057,14.54883129042795,14.54883129042795,0.0,7.006262633501106,68,8912896,2583,0,68,405601.2121860981
HIGH-CONTROL,676,evaluation,True,405601.2121860981,604.3810620307922,22.575334277942616,17.004029427858246,16.775029427530296,0.2290000003279676,5.5713048500843705,118,15466496,2873,57,118,406205.5932481289
HIGH-CONTROL,677,evaluation,True,406205.5932481289,596.5810799598694,22.189523092547308,16.090798274407653,15.761122513165867,0.3296757612419662,6.098724818139655,263,34471936,2570,81,263,406802.17432808876
HIGH-CONTROL,678,evaluation,True,406802.17432808876,613.5256500244141,22.026006268812285,17.77227900465179,17.570438219626038,0.2018407850259762,4.253727264160496,304,39845888,3124,51,304,407415.6999781132
HIGH-CONTROL,679,evaluation,True,407415.6999781132,598.2528250217438,21.897324053016582,19.38740909522382,19.38740909522382,0.0,2.5099149577927644,108,14155776,3448,0,108,408013.9528031349
HIGH-CONTROL,680,evaluation,True,408013.9528031349,594.8813149929047,11.935986488459225,7.978157325566694,7.978157325566694,0.0,3.957829162892531,0,0,1481,0,0,408608.8341181278
HIGH-CONTROL,681,evaluation,True,408608.8341181278,614.592325925827,15.267762852894876,11.180319203436722,11.180319203436722,0.0,4.087443649458154,1,131072,2080,0,1,409223.42644405365
HIGH-CONTROL,682,evaluation,True,409223.42644405365,578.3600199222565,20.941393434823457,15.373292214237571,15.373292214237571,0.0,5.568101220585887,3,393216,2583,0,3,409801.7864639759
HIGH-CONTROL,683,evaluation,True,409801.7864639759,600.6508181095123,27.36099113477689,19.90577488355089,19.90577488355089,0.0,7.455216251225997,117,15335424,3648,0,117,410402.4372820854
HIGH-CONTROL,684,evaluation,True,410402.4372820854,598.0016260147095,16.438199333297653,12.538198763483676,12.452930306388788,0.08526845709516793,3.9000005698139795,179,23461888,2146,21,179,411000.4389081001
HIGH-CONTROL,685,evaluation,True,411000.4389081001,600.3730878829956,20.199981473658916,16.992056493638493,16.992056493638493,0.0,3.207924980020421,0,0,3070,0,0,411600.8119959831
HIGH-CONTROL,686,evaluation,True,411600.8119959831,605.5192921161652,17.56617031057847,14.471595437866617,14.471595437866617,0.0,3.0945748727118554,135,17694720,2438,0,135,412206.3312880993
HIGH-CONTROL,687,evaluation,True,412206.3312880993,606.8748950958252,15.787874315095813,12.288361436199345,12.288361436199345,0.0,3.4995128788964673,90,11796480,2203,0,90,412813.2061831951
HIGH-CONTROL,688,evaluation,True,412813.2061831951,589.285787820816,19.821496902576655,14.033950828148505,14.033950828148505,0.0,5.787546074428148,137,17956864,2485,0,137,413402.49197101593
HIGH-CONTROL,689,evaluation,True,413402.49197101593,599.9954261779785,14.492032902715032,11.29296681707605,11.29296681707605,0.0,3.199066085638982,91,11927552,1988,0,91,414002.4873971939
HIGH-CONTROL,690,evaluation,True,414002.4873971939,607.1162369251251,17.542969455990043,14.78261715617001,14.78261715617001,0.0,2.7603522998200316,70,9175040,2670,0,70,414609.60363411903
HIGH-CONTROL,691,evaluation,True,414609.60363411903,595.9546229839325,21.566933550329804,18.455548395767952,18.455548395767952,0.0,3.1113851545618525,26,3407872,3122,0,26,415205.55825710297
HIGH-CONTROL,692,evaluation,True,415205.55825710297,594.9076769351959,15.400520899445361,13.03656996914699,13.024325409920632,0.012244559226242683,2.3639509302983703,71,9306112,2428,3,71,415800.46593403816
HIGH-CONTROL,693,evaluation,True,415800.46593403816,600.9612090587616,21.70570886715744,17.427064097677565,17.22908419118009,0.19797990649777014,4.278644769479877,121,15859712,3067,49,121,416401.4271430969
HIGH-CONTROL,694,evaluation,True,416401.4271430969,603.9718050956726,15.762257653644964,12.970198865308763,12.970198865308763,0.0,2.7920587883362007,197,25821184,2450,0,197,417005.3989481926
HIGH-CONTROL,695,evaluation,True,417005.3989481926,601.8689208030701,18.05345248814097,14.290213331425406,13.890816374587144,0.39939695683883614,3.7632391567155645,217,28442624,2417,99,217,417607.26786899567
HIGH-CONTROL,696,evaluation,True,417607.26786899567,599.1136500835419,22.708225209700707,17.139992416074882,17.139992416074882,0.0,5.568232793625824,254,33292288,3124,0,254,418206.3815190792
HIGH-CONTROL,697,evaluation,True,418206.3815190792,599.2628300189972,17.91494636905177,13.623543343776962,13.623543343776962,0.0,4.291403025274805,69,9043968,2494,0,69,418805.6443490982
HIGH-CONTROL,698,evaluation,True,418805.6443490982,600.6163499355316,20.32799142186156,16.209860336714897,16.209860336714897,0.0,4.118131085146663,65,8519680,2944,0,65,419406.26069903374
HIGH-CONTROL,699,evaluation,True,419406.26069903374,596.0480899810791,17.75862443050461,12.779425721158221,12.779425721158221,0.0,4.979198709346392,0,0,2374,0,0,420002.3087890148
HIGH-CONTROL,700,evaluation,True,420002.3087890148,599.1079921722412,18.871490205075027,14.972742059849557,14.466129007644373,0.5066130522068983,3.89874814522547,258,33816576,2530,125,258,420601.41678118706
HIGH-CONTROL,701,evaluation,True,420601.41678118706,599.520448923111,21.251720648095837,17.69370984640933,16.89178685674067,0.8019229896708504,3.5580108016865064,331,43384832,2763,198,331,421200.93723011017
HIGH-CONTROL,702,evaluation,True,421200.93723011017,614.2234539985657,19.91990985629065,15.099292430074083,15.036041770079176,0.06325065999535673,4.820617426216566,182,23855104,2830,16,182,421815.16068410873
HIGH-CONTROL,703,evaluation,True,421815.16068410873,606.0842800140381,16.806651190504986,13.966105096700495,13.849923737543525,0.11618135915695323,2.840546093804493,31,4063232,2523,29,31,422421.2449641228
HIGH-CONTROL,704,evaluation,True,422421.2449641228,597.1474289894104,15.380882155338677,11.900986275141946,11.900986275141946,0.0,3.4798958801967306,1,131072,2269,0,1,423018.3923931122
HIGH-CONTROL,705,evaluation,True,423018.3923931122,593.198714017868,16.87228033305148,13.809754995832488,13.416800278314044,0.39295471752019,3.0625253372189936,278,36438016,2370,96,278,423611.59110713005
HIGH-CONTROL,706,evaluation,True,423611.59110713005,588.733964920044,17.221891177944492,13.752842908199858,13.521880972797376,0.23096193540253088,3.4690482697446363,64,8388608,2134,56,64,424200.3250720501
HIGH-CONTROL,707,evaluation,True,424200.3250720501,610.858852148056,18.343013595669184,14.758380693969787,14.591433204181591,0.16694748978876076,3.5846329016993974,137,17956864,2671,42,137,424811.18392419815
HIGH-CONTROL,708,evaluation,True,424811.18392419815,595.0302457809448,17.9199590500102,12.71469388617774,12.706532528178322,0.008161357999350064,5.205265163832458,45,5898240,2285,2,45,425406.2141699791
HIGH-CONTROL,709,evaluation,True,425406.2141699791,613.6416511535645,16.006857958561096,12.599479911490564,12.31062516716146,0.28885474432852354,3.4073780470705306,130,17039360,2085,73,130,426019.85582113266
HIGH-CONTROL,710,evaluation,True,426019.85582113266,592.8513309955597,18.771813664821288,14.044911183815898,14.044911183815898,0.0,4.726902481005391,82,10747904,2653,0,82,426612.7071521282
HIGH-CONTROL,711,evaluation,True,426612.7071521282,590.8312139511108,15.7970194583241,11.488940183321123,11.488940183321123,0.0,4.308079275002976,2,262144,2072,0,2,427203.53836607933
HIGH-CONTROL,712,evaluation,True,427203.53836607933,602.4356160163879,16.53511835374035,13.73871291245292,13.436424083127854,0.30228882932545864,2.7964054412874297,145,19005440,2518,75,145,427805.9739820957
HIGH-CONTROL,713,evaluation,True,427805.9739820957,597.4209098815918,19.060433939868815,15.657825495526978,15.657825495526978,0.0,3.4026084443418374,120,15728640,2800,0,120,428403.3948919773
HIGH-CONTROL,714,evaluation,True,428403.3948919773,599.079115152359,18.931672386348325,13.74600683225195,13.74600683225195,0.0,5.185665554096373,161,21102592,2339,0,161,429002.47400712967
HIGH-CONTROL,715,evaluation,True,429002.47400712967,597.8331639766693,17.612296981261565,14.419173800779548,14.419173800779548,0.0,3.1931231804820186,211,27656192,2524,0,211,429600.30717110634
HIGH-CONTROL,716,evaluation,True,429600.30717110634,602.2162818908691,17.416710518335396,13.132112865723188,13.132112865723188,0.0,4.2845976526122085,4,524288,2415,0,4,430202.5234529972
HIGH-CONTROL,717,evaluation,True,430202.5234529972,602.056832075119,18.731178314783296,16.499270362499253,16.499270362499253,0.0,2.2319079522840433,202,26476544,3078,0,202,430804.5802850723
HIGH-CONTROL,718,evaluation,True,430804.5802850723,596.9756920337677,24.133429382996717,20.952623762763142,20.91601733616159,0.03660642660122268,3.180805620233574,297,38928384,3761,9,297,431401.5559771061
HIGH-CONTROL,719,evaluation,True,431401.5559771061,609.5624260902405,16.57056930261066,13.818553789966886,13.635317657107793,0.18323613286053453,2.7520155126437746,292,38273024,2239,46,292,432011.11840319633
HIGH-CONTROL,720,evaluation,True,432011.11840319633,589.6707139015198,24.151601064367306,18.00263634917163,17.677332646106397,0.325303703066557,6.148964715195675,424,55574528,2780,79,424,432600.78911709785
HIGH-CONTROL,721,evaluation,True,432600.78911709785,608.4348669052124,20.312444611625082,15.039527705916967,14.80806268230914,0.23146502360674026,5.272916905708116,355,46530560,2566,58,355,433209.22398400307
HIGH-CONTROL,722,evaluation,True,433209.22398400307,593.2724471092224,28.020361163254613,19.946636455058048,19.643771505646214,0.3028649494122656,8.073724708196567,134,17563648,3313,74,134,433802.4964311123
HIGH-CONTROL,723,evaluation,True,433802.4964311123,603.8520209789276,24.504973252208615,18.75839072945657,18.428663507903867,0.32972722155283185,5.746582522752044,157,20578304,2978,82,157,434406.3484520912
HIGH-CONTROL,724,evaluation,True,434406.3484520912,594.5968089103699,18.659912320171692,14.27612646305986,13.986187054011772,0.2899394090475745,4.383785857111832,167,21889024,2504,71,167,435000.9452610016
HIGH-CONTROL,725,evaluation,True,435000.9452610016,606.0039250850677,18.606676060939876,14.228654433067451,14.228654433067451,0.0,4.3780216278724255,306,40108032,2696,0,306,435606.94918608665
HIGH-CONTROL,726,evaluation,True,435606.94918608665,603.73264503479,21.707870053954633,17.958130256117403,17.89378051593146,0.06434974018640019,3.74973979783723,110,14417920,3173,16,110,436210.68183112144
HIGH-CONTROL,727,evaluation,True,436210.68183112144,600.0036950111389,23.260443389583237,17.78861099018589,17.78861099018589,0.0,5.471832399397345,51,6684672,3159,0,51,436810.6855261326
HIGH-CONTROL,728,evaluation,True,436810.6855261326,592.0611310005188,20.82896765014416,17.704421546609236,17.503465534216335,0.20095601239213298,3.124546103534926,80,10485760,3176,49,80,437402.7466571331
HIGH-CONTROL,729,evaluation,True,437402.7466571331,608.1527709960938,21.426578776065234,16.671503255195237,16.388026708487143,0.2834765467148608,4.755075520869997,260,34078720,2960,71,260,438010.8994281292
HIGH-CONTROL,730,evaluation,True,438010.8994281292,592.3996138572693,25.749168693707354,19.975648458842713,19.696930071363976,0.2787183874708744,5.773520234864642,451,59113472,3411,68,451,438603.29904198647
HIGH-CONTROL,731,evaluation,True,438603.29904198647,597.0175230503082,26.683824746581376,20.13214020977568,20.124006018274617,0.008134191491478772,6.551684536805695,60,7864320,3514,2,60,439200.3165650368
HIGH-CONTROL,732,evaluation,True,439200.3165650368,602.4614760875702,24.331577977467177,19.94733675014486,19.721637445901358,0.2256993042246813,4.384241227322319,190,24903680,3604,56,190,439802.77804112434
HIGH-CONTROL,733,evaluation,True,439802.77804112434,598.0910210609436,15.585231374743252,12.890679931338783,12.789185035783545,0.10149489553530629,2.694551443404469,117,15335424,2374,25,117,440400.8690621853
HIGH-CONTROL,734,evaluation,True,440400.8690621853,601.9590837955475,15.894376275442328,13.557229478859576,13.545128353576594,0.01210112527657039,2.3371467965827524,66,8650752,2516,3,66,441002.82814598083
HIGH-CONTROL,735,evaluation,True,441002.82814598083,604.4083321094513,22.57759387757288,17.43426095837957,17.16108030161465,0.2731806567530193,5.143332919193311,317,41549824,3114,68,317,441607.2364780903
HIGH-CONTROL,736,evaluation,True,441607.2364780903,593.0170660018921,25.047284838044135,20.924877137132786,20.793852109082664,0.13102502803827556,4.1224077009113484,139,18219008,3776,32,139,442200.2535440922
HIGH-CONTROL,737,evaluation,True,442200.2535440922,604.0490379333496,25.570881606600658,21.10508166212706,20.650849667459084,0.4542319946690698,4.4657999444736,328,42991616,3506,113,328,442804.3025820255
HIGH-CONTROL,738,evaluation,True,442804.3025820255,596.0702459812164,23.512225168825506,18.122417533962267,17.64988466797571,0.47253286598650857,5.389807634863238,255,33423360,3254,116,255,443400.37282800674
HIGH-CONTROL,739,evaluation,True,443400.37282800674,603.2137041091919,23.23603972493391,19.923089691963057,19.850633954622054,0.07245573734244087,3.3129500329708534,88,11534336,3629,18,88,444003.58653211594
HIGH-CONTROL,740,evaluation,True,444003.58653211594,600.5104789733887,15.877112732783054,12.692661995860282,12.57540226787671,0.11725972798355583,3.1844507369227717,186,24379392,2176,29,186,444604.0970110893
HIGH-CONTROL,741,evaluation,True,444604.0970110893,596.9462330341339,17.870837778317366,14.474927912411758,14.356968050167886,0.11795986224385462,3.395909865905608,216,28311552,2635,29,216,445201.04324412346
HIGH-CONTROL,742,evaluation,True,445201.04324412346,599.109894990921,21.45260341203838,17.238374360079668,16.958724843450963,0.27964951662722154,4.21422905195871,218,28573696,2974,69,218,445800.1531391144
HIGH-CONTROL,743,evaluation,True,445800.1531391144,613.0753018856049,20.116873849320175,14.983500326581913,14.6032856410687,0.3802146855097517,5.133373522738263,350,45875200,2661,96,350,446413.228441
HIGH-CONTROL,744,evaluation,True,446413.228441,587.6833810806274,22.219237885155074,14.947871026176992,14.69583774110626,0.2520332850716556,7.271366858978083,79,10354688,2557,61,79,447000.9118220806
HIGH-CONTROL,745,evaluation,True,447000.9118220806,601.1644370555878,23.616285178659847,16.81216624586174,16.602136146807766,0.21003009905417064,6.804118932798108,78,10223616,2979,52,78,447602.0762591362
HIGH-CONTROL,746,evaluation,True,447602.0762591362,598.6606268882751,20.249651393789364,15.878767020154,15.643522902690176,0.23524411746169707,4.370884373635363,193,25296896,2765,58,193,448200.7368860245
HIGH-CONTROL,747,evaluation,True,448200.7368860245,601.1696989536285,17.991150060563672,13.402985769238892,13.402985769238892,0.0,4.58816429132478,64,8388608,2358,0,64,448801.9065849781
HIGH-CONTROL,748,evaluation,True,448801.9065849781,600.5723321437836,17.926923311624673,13.6016655389967,13.6016655389967,0.0,4.325257772627974,66,8650752,2417,0,66,449402.4789171219
HIGH-CONTROL,749,evaluation,True,449402.4789171219,599.0382609367371,26.75962761958242,21.23565411095012,20.878957005592444,0.35669710535866506,5.523973508632302,300,39321600,3717,88,300,450001.5171780586
HIGH-CONTROL,750,evaluation,True,450001.5171780586,599.898864030838,16.972104536311992,13.595693657826644,13.579503412612079,0.016190245214416598,3.3764108784853475,288,37748736,2513,4,288,450601.41604208946
HIGH-CONTROL,751,evaluation,True,450601.41604208946,604.8317499160767,21.768930625529656,17.588418910730592,17.588418910730592,0.0,4.180511714799064,97,12713984,3355,0,97,451206.24779200554
HIGH-CONTROL,752,evaluation,True,451206.24779200554,594.4249231815338,17.053072922179265,13.804877892816098,13.637399678711848,0.16747821410378363,3.248195029363167,48,6291456,2365,41,48,451800.6727151871
HIGH-CONTROL,753,evaluation,True,451800.6727151871,611.2458488941193,18.89734336734973,15.89991142489509,15.701290245502438,0.1986211793929098,2.9974319424546416,225,29491200,2808,50,225,452411.9185640812
HIGH-CONTROL,754,evaluation,True,452411.9185640812,588.8257489204407,22.859110776345197,19.613661206573624,19.37448791789128,0.23917328868445462,3.245449569771571,210,27525120,3488,58,210,453000.74431300163
HIGH-CONTROL,755,evaluation,True,453000.74431300163,608.4335911273956,18.47785965306085,16.71232056649782,16.468882703639565,0.24343786285914526,1.765539086563032,237,31064064,2969,61,237,453609.177904129
HIGH-CONTROL,756,evaluation,True,453609.177904129,591.8670029640198,17.127937694112827,15.412720174641848,15.125545996797817,0.28717417784354676,1.7152175194709804,311,40763392,2766,70,311,454201.04490709305
HIGH-CONTROL,757,evaluation,True,454201.04490709305,599.2631590366364,21.9295468833824,18.410527022043063,18.321386212010346,0.08914081003190769,3.519019861339337,37,4849664,3364,22,37,454800.3080661297
HIGH-CONTROL,758,evaluation,True,454800.3080661297,604.2303569316864,21.287025307853174,20.08109182933393,20.08109182933393,0.0,1.2059334785192446,121,15859712,3892,0,121,455404.53842306137
HIGH-CONTROL,759,evaluation,True,455404.53842306137,598.0170650482178,20.38576499911799,16.7929210835204,16.78074018984769,0.012180893673648123,3.5928439155975878,59,7733248,2962,3,59,456002.5554881096
HIGH-CONTROL,760,evaluation,True,456002.5554881096,603.4682788848877,13.5025788363473,10.053595593685124,10.053595593685124,0.0,3.4489832426621767,134,17563648,1854,0,134,456606.0237669945
HIGH-CONTROL,761,evaluation,True,456606.0237669945,594.519947052002,18.987637979197707,14.538575595887748,14.391545058313984,0.1470305375724209,4.449062383309958,104,13631488,2366,36,104,457200.5437140465
HIGH-CONTROL,762,evaluation,True,457200.5437140465,599.5780980587006,20.23044209171691,15.376860849300744,15.206772328203645,0.17008852109765948,4.853581242416165,287,37617664,2742,42,287,457800.1218121052
HIGH-CONTROL,763,evaluation,True,457800.1218121052,609.1246049404144,23.25086642423125,18.657342639713708,18.657342639713708,0.0,4.593523784517543,201,26345472,3549,0,201,458409.2464170456
HIGH-CONTROL,764,evaluation,True,458409.2464170456,597.9976830482483,17.597690274042957,13.08390570890265,13.08390570890265,0.0,4.513784565140307,67,8781824,2354,0,67,459007.24410009384
HIGH-CONTROL,765,evaluation,True,459007.24410009384,626.0354299545288,18.431872841191048,14.210055885560726,14.19842015068609,0.011635734873517534,4.221816955630322,120,15728640,2503,3,120,459633.27953004837
HIGH-CONTROL,766,evaluation,True,459633.27953004837,583.9972660541534,20.989630038360193,18.237068616541208,18.079073283974253,0.15799533256768125,2.7525614218189847,163,21364736,3230,38,163,460217.2767961025
HIGH-CONTROL,767,evaluation,True,460217.2767961025,584.7334599494934,22.54879175833943,19.980846161052703,19.656948261639254,0.3238978994126721,2.5679455972867267,360,47185920,3155,78,360,460802.010256052
HIGH-CONTROL,768,evaluation,True,460802.010256052,598.7299649715424,21.923072430718236,18.38000876604968,18.17723559866364,0.2027731673863037,3.5430636646685563,36,4718592,3035,50,36,461400.74022102356
HIGH-CONTROL,769,evaluation,True,461400.74022102356,599.4156880378723,24.13720721188795,20.391604740217005,20.274130845520983,0.11747389469600496,3.7456024716709457,247,32374784,3492,29,247,462000.15590906143
HIGH-CONTROL,770,evaluation,True,462000.15590906143,617.3647499084473,21.22373765626579,16.302656276008648,16.137468108078096,0.16518816792904886,4.921081380257142,106,13893632,2919,42,106,462617.5206589699
HIGH-CONTROL,771,evaluation,True,462617.5206589699,583.3594970703125,18.15646170148293,14.89946492755319,14.89946492755319,0.0,3.256996773929738,69,9043968,2685,0,69,463200.8801560402
HIGH-CONTROL,772,evaluation,True,463200.8801560402,599.1377770900726,18.068003390309602,15.023045566569113,14.917675290240947,0.10537027632931906,3.0449578237404893,90,11796480,2760,26,90,463800.01793313026
HIGH-CONTROL,773,evaluation,True,463800.01793313026,605.0502309799194,17.595359196609092,14.448975981223928,14.448975981223928,0.0,3.1463832153851627,64,8388608,2719,0,64,464405.0681641102
HIGH-CONTROL,774,evaluation,True,464405.0681641102,600.7898499965668,19.32196452886845,15.161826525732442,14.959748592147335,0.20207793358538587,4.160138003136006,342,44826624,2649,50,342,465005.85801410675
HIGH-CONTROL,775,evaluation,True,465005.85801410675,594.30402302742,13.7774359725438,11.165306608198673,11.063164971341026,0.10214163685778115,2.612129364345128,81,10616832,2050,25,81,465600.16203713417
HIGH-CONTROL,776,evaluation,True,465600.16203713417,600.2990369796753,20.73613633550273,15.26168917023726,15.26168917023726,0.0,5.474447165265471,72,9437184,2668,0,72,466200.46107411385
HIGH-CONTROL,777,evaluation,True,466200.46107411385,602.0774948596954,21.598051043631706,17.300366987791705,16.97773377876485,0.32263320902811915,4.2976840558400005,187,24510464,3131,80,187,466802.53856897354
HIGH-CONTROL,778,evaluation,True,466802.53856897354,598.5183651447296,22.001575386348097,17.700777618039606,17.493875865233658,0.2069017528051211,4.300797768308491,168,22020096,3036,51,168,467401.05693411827
HIGH-CONTROL,779,evaluation,True,467401.05693411827,604.8518259525299,20.53814254916854,15.973268736108865,15.455408948321372,0.5178597877838066,4.564873813059676,368,48234496,2587,129,368,468005.9087600708
HIGH-CONTROL,780,evaluation,True,468005.9087600708,595.1439509391785,20.72897318331205,14.491851506905391,14.389854022755022,0.10199748415050057,6.237121676406661,83,10878976,2514,25,83,468601.05271101
HIGH-CONTROL,781,evaluation,True,468601.05271101,603.9339599609375,18.220007104584464,14.360454449910524,13.958402638108343,0.4020518118048132,3.859552654673941,171,22413312,2393,100,171,469204.9866709709
HIGH-CONTROL,782,evaluation,True,469204.9866709709,602.7352061271667,18.357327566264303,13.535598738776153,13.273745305917632,0.2618534328571944,4.821728827488148,75,9830400,2203,65,75,469807.7218770981
HIGH-CONTROL,783,evaluation,True,469807.7218770981,599.3607850074768,18.8014988647382,16.50866832575906,16.50461713073677,0.004051195021208276,2.2928305389791404,105,13762560,3061,1,105,470407.08266210556
HIGH-CONTROL,784,evaluation,True,470407.08266210556,594.9973130226135,16.88058134729525,11.566116886055335,11.427366120715414,0.13875076533865915,5.314464461239917,262,34340864,2024,34,262,471002.0799751282
HIGH-CONTROL,785,evaluation,True,471002.0799751282,599.6321060657501,23.727122903563924,19.427737160256143,19.034949052104405,0.3927881081513258,4.29938574330778,204,26738688,3543,97,204,471601.7120811939
HIGH-CONTROL,786,evaluation,True,471601.7120811939,598.6944599151611,21.59764505709269,16.059857233044838,15.946297525146722,0.11355970789707805,5.5377878240478555,133,17432576,2682,28,133,472200.4065411091
HIGH-CONTROL,787,evaluation,True,472200.4065411091,600.813649892807,22.503153885773695,18.51165850101888,18.301505775150712,0.2101527258662594,3.9914953847548165,200,26214400,3305,52,200,472801.2201910019
HIGH-CONTROL,788,evaluation,True,472801.2201910019,599.4911971092224,24.086081678976395,20.19640338916571,20.19640338916571,0.0,3.8896782898106848,215,28180480,3605,0,215,473400.7113881111
HIGH-CONTROL,789,evaluation,True,473400.7113881111,600.8189029693604,20.829460949698387,16.415548681200452,16.205397792740555,0.21015088846009358,4.413912268497934,126,16515072,2839,52,126,474001.5302910805
HIGH-CONTROL,790,evaluation,True,474001.5302910805,599.8224840164185,21.904677427975958,16.011714044770603,15.898367896870848,0.11334614790082399,5.8929633832053545,101,13238272,2967,28,101,474601.3527750969
HIGH-CONTROL,791,evaluation,True,474601.3527750969,599.6141328811646,16.0232223623342,12.032472750727278,11.88669135129278,0.14578139943527157,3.9907496116069203,122,15990784,2146,36,122,475200.96690797806
HIGH-CONTROL,792,evaluation,True,475200.96690797806,604.6343071460724,18.584313119373,14.728347490406298,14.631966822644674,0.09638066776283143,3.8559656289667035,79,10354688,2670,24,79,475805.60121512413
HIGH-CONTROL,793,evaluation,True,475805.60121512413,601.2172548770905,16.999247422348127,13.558174266928354,13.558174266928354,0.0,3.441073155419771,129,16908288,2423,0,129,476406.8184700012
HIGH-CONTROL,794,evaluation,True,476406.8184700012,614.9218330383301,18.676166087068363,14.047843317987894,14.047843317987894,0.0,4.62832276908047,78,10223616,2663,0,78,477021.74030303955
HIGH-CONTROL,795,evaluation,True,477021.74030303955,585.0848870277405,19.921135913748376,16.70823903930184,16.438486245598927,0.26975279370153066,3.2128968744465367,156,20447232,2777,65,156,477606.8251900673
HIGH-CONTROL,796,evaluation,True,477606.8251900673,596.5735831260681,27.32349600123299,19.36262988417289,19.342279272809076,0.020350611364689675,7.960866117060099,196,25690112,3634,5,196,478203.39877319336
HIGH-CONTROL,797,evaluation,True,478203.39877319336,600.0873408317566,25.59670128847438,20.77303801037971,20.433149647330215,0.33988836305061737,4.82366327809467,451,59113472,3629,84,451,478803.4861140251
HIGH-CONTROL,798,evaluation,True,478803.4861140251,596.5335619449615,21.519561439741125,15.802967977636417,15.725630466258531,0.07733751137823307,5.716593462104708,305,39976960,2732,19,305,479400.0196759701
HIGH-CONTROL,799,evaluation,True,479400.0196759701,606.0439131259918,20.243089613639956,16.56436649443831,16.56436649443831,0.0,3.6787231192016456,68,8912896,2924,0,68,480006.06358909607
HIGH-CONTROL,800,evaluation,True,480006.06358909607,606.5643138885498,20.124396048767487,16.050025920521744,15.761803928521033,0.2882219920001729,4.074370128245743,101,13238272,2806,72,101,480612.6279029846
HIGH-CONTROL,801,evaluation,True,480612.6279029846,590.1515460014343,16.873489128157125,14.512984330713527,14.09742857744501,0.4155557532679484,2.360504797443596,132,17301504,2216,101,132,481202.77944898605
HIGH-CONTROL,802,evaluation,True,481202.77944898605,601.6196410655975,18.828028216049905,15.022611623668741,15.022611623668741,0.0,3.805416592381163,20,2621440,2696,0,20,481804.39909005165
HIGH-CONTROL,803,evaluation,True,481804.39909005165,597.673691034317,17.119974114898547,12.76091773200107,12.76091773200107,0.0,4.359056382897478,9,1179648,2378,0,9,482402.07278108597
HIGH-CONTROL,804,evaluation,True,482402.07278108597,600.4358830451965,15.376116010997114,12.380073178233514,12.129348821487042,0.25072435674629073,2.9960428327636,138,18087936,2039,62,138,483002.50866413116
HIGH-CONTROL,805,evaluation,True,483002.50866413116,600.1046378612518,14.981135077202165,12.668504203749354,12.53498048126343,0.13352372248576053,2.3126308734528105,50,6553600,2256,33,50,483602.6133019924
HIGH-CONTROL,806,evaluation,True,483602.6133019924,598.3072152137756,14.609399433350282,12.28855480158131,12.28855480158131,0.0,2.320844631768973,68,8912896,2186,0,68,484200.9205172062
HIGH-CONTROL,807,evaluation,True,484200.9205172062,600.929783821106,14.581635136011508,11.284378081584139,11.098509674491064,0.18586840709348468,3.2972570544273694,297,38928384,2010,46,297,484801.8503010273
HIGH-CONTROL,808,evaluation,True,484801.8503010273,602.9980370998383,20.469027834076215,17.90915307308443,17.84472493823138,0.06442813485245975,2.559874760991784,91,11927552,3037,16,91,485404.84833812714
HIGH-CONTROL,809,evaluation,True,485404.84833812714,599.008514881134,14.215831376113963,11.891493832975105,11.855011635627624,0.036482197348204175,2.324337543138858,27,3538944,2201,9,27,486003.85685300827
HIGH-CONTROL,810,evaluation,True,486003.85685300827,607.68186211586,15.813978512388303,13.175443835202552,13.063563635666132,0.11188019953539795,2.638534677185752,35,4587520,2309,28,35,486611.53871512413
HIGH-CONTROL,811,evaluation,True,486611.53871512413,590.033499956131,11.309130961652027,8.461914015363096,8.461914015363096,0.0,2.8472169462889316,100,13107200,1530,0,100,487201.57221508026
HIGH-CONTROL,812,evaluation,True,487201.57221508026,599.004077911377,15.43960728220674,11.389566947840601,11.272012330080349,0.11755461776023571,4.050040334366139,30,3932160,2044,29,30,487800.57629299164
HIGH-CONTROL,813,evaluation,True,487800.57629299164,604.5774509906769,16.044665239914846,10.238838597157748,10.238838597157748,0.0,5.805826642757098,59,7733248,1760,0,59,488405.1537439823
HIGH-CONTROL,814,evaluation,True,488405.1537439823,605.5519700050354,24.201513030605728,14.65577741786939,14.65577741786939,0.0,9.545735612736339,70,9175040,2642,0,70,489010.70571398735
HIGH-CONTROL,815,evaluation,True,489010.70571398735,590.4118010997772,22.632294463770872,16.20561707975193,15.962973694250367,0.24264338550256762,6.426677384018941,129,16908288,2829,59,129,489601.1175150871
HIGH-CONTROL,816,evaluation,True,489601.1175150871,600.6276910305023,29.343767778906134,22.063990368154045,20.0628787063484,2.0011116618031775,7.279777410752088,629,82444288,2871,495,629,490201.74520611763
HIGH-CONTROL,817,evaluation,True,490201.74520611763,598.3389279842377,22.100243971242282,15.584585238812913,15.584585238812913,0.0,6.515658732429368,138,18087936,2630,0,138,490800.08413410187
HIGH-CONTROL,818,evaluation,True,490800.08413410187,600.9722650051117,26.31607169941527,20.24107710149951,19.186550469166573,1.0545266323327898,6.0749945979157625,328,42991616,3420,261,328,491401.056399107
HIGH-CONTROL,819,evaluation,True,491401.056399107,603.600270986557,24.731311528294896,17.32924320982252,17.103969725844678,0.2252734839778881,7.402068318472378,97,12713984,3002,56,97,492004.65667009354
HIGH-CONTROL,820,evaluation,True,492004.65667009354,601.626590013504,14.963416555761473,11.205474256657128,11.088432063734565,0.11704219292254658,3.7579422991043456,161,21102592,2037,29,161,492606.28326010704
HIGH-CONTROL,821,evaluation,True,492606.28326010704,597.8646769523621,16.74921267687114,13.190737850542547,12.516556604169283,0.6741812463713662,3.5584748263285917,252,33030144,1911,166,252,493204.1479370594
HIGH-CONTROL,822,evaluation,True,493204.1479370594,596.5415859222412,14.75324251672378,12.44524543520051,12.400471688760485,0.044773746440670545,2.30799708152327,147,19267584,2073,11,147,493800.68952298164
HIGH-CONTROL,823,evaluation,True,493800.68952298164,600.2278130054474,17.757583604347595,12.179201133140122,12.094248928515595,0.08495220462270239,5.578382471207473,31,4063232,2174,21,31,494400.9173359871
HIGH-CONTROL,824,evaluation,True,494400.9173359871,599.8982911109924,19.850538620038538,13.80919141936218,13.752525506993706,0.05666591236796463,6.041347200676357,14,1835008,2240,14,14,495000.8156270981
HIGH-CONTROL,825,evaluation,True,495000.8156270981,599.4079430103302,18.268982194467256,12.98830846518499,12.899189186668679,0.08911927851761062,5.280673729282266,26,3407872,2316,22,26,495600.2235701084
HIGH-CONTROL,826,evaluation,True,495600.2235701084,602.1965730190277,23.242513157108895,13.88074240779726,13.88074240779726,0.0,9.361770749311633,53,6946816,2469,0,53,496202.42014312744
HIGH-CONTROL,827,evaluation,True,496202.42014312744,600.7974720001221,17.518204807616385,12.083411982441735,11.76413289795538,0.3192790844866033,5.434792825174651,131,17170432,2082,79,131,496803.21761512756
HIGH-CONTROL,828,evaluation,True,496803.21761512756,597.974536895752,23.41816666420188,14.65824681811216,14.51206569831749,0.146181119795444,8.759919846089721,423,55443456,2403,36,423,497401.1921520233
HIGH-CONTROL,829,evaluation,True,497401.1921520233,600.8163480758667,14.904400855595117,10.026228365330528,10.026228365330528,0.0,4.878172490264589,42,5505024,1731,0,42,498002.0085000992
HIGH-CONTROL,830,evaluation,True,498002.0085000992,603.5592570304871,28.02740620605889,22.72949887905893,22.258806224143715,0.47069265491616386,5.297907326999961,163,21364736,3520,117,163,498605.56775712967
HIGH-CONTROL,831,evaluation,True,498605.56775712967,595.465399980545,22.849374697453726,19.99921134668899,19.726005652975406,0.2732056937142816,2.850163350764733,254,33292288,3443,67,254,499201.0331571102
HIGH-CONTROL,832,evaluation,True,499201.0331571102,603.7410969734192,20.820630019716628,18.252725237151914,17.448364745441417,0.8043604917073777,2.567904782564715,314,41156608,3036,200,314,499804.77425408363
HIGH-CONTROL,833,evaluation,True,499804.77425408363,598.3198571205139,22.70294817557891,19.51178930108874,18.671732980640474,0.8400563204459235,3.191158874490171,265,34734080,3088,207,265,500403.09411120415
HIGH-CONTROL,834,evaluation,True,500403.09411120415,611.6948359012604,23.227098606243324,17.120280767892066,17.03295159608482,0.08732917180852012,6.106817838351257,464,60817408,3199,22,464,501014.7889471054
HIGH-CONTROL,835,evaluation,True,501014.7889471054,597.2314310073853,16.37275128308518,13.267123450252932,13.267123450252932,0.0,3.105627832832247,64,8388608,2316,0,64,501612.0203781128
HIGH-CONTROL,836,evaluation,True,501612.0203781128,598.3330640792847,15.214959025576956,13.843562858770998,13.43774750710551,0.40581535166601734,1.371396166805958,96,12582912,2443,100,96,502210.3534421921
HIGH-CONTROL,837,evaluation,True,502210.3534421921,601.0880990028381,17.408891320001835,12.959339492224482,12.959339492224482,0.0,4.449551827777352,18,2359296,2524,0,18,502811.4415411949
HIGH-CONTROL,838,evaluation,True,502811.4415411949,590.5699338912964,16.802839390893997,14.455699989440554,14.455699989440554,0.0,2.3471394014534432,75,9830400,2595,0,75,503402.0114750862
HIGH-CONTROL,839,evaluation,True,503402.0114750862,616.5116050243378,10.874009405208662,9.144648076107503,9.144648076107503,0.0,1.729361329101159,78,10223616,1743,0,78,504018.52308011055
HIGH-CONTROL,840,evaluation,True,504018.52308011055,604.2610099315643,13.386543986825796,11.010080422401215,10.893548502819511,0.11653191958170392,2.376463564424581,181,23724032,2040,29,181,504622.7840900421
HIGH-CONTROL,841,evaluation,True,504622.7840900421,580.85005402565,14.776373628415552,12.789042330361927,12.789042330361927,0.0,1.9873312980536262,4,524288,2270,0,4,505203.63414406776
HIGH-CONTROL,842,evaluation,True,505203.63414406776,614.9320590496063,15.465524292965632,14.09499304015345,14.09499304015345,0.0,1.3705312528121842,201,26345472,2675,0,201,505818.56620311737
HIGH-CONTROL,843,evaluation,True,505818.56620311737,594.8534278869629,19.695928785871704,16.801753089135786,16.43846470417841,0.3632883849572732,2.8941756967359185,365,47841280,3001,89,365,506413.41963100433
HIGH-CONTROL,844,evaluation,True,506413.41963100433,602.8636360168457,15.249012266393361,12.413429566026823,12.393291285303292,0.020138280724382406,2.8355827003665377,94,12320768,2314,5,94,507016.2832670212
HIGH-CONTROL,845,evaluation,True,507016.2832670212,584.193008184433,14.202545829529003,9.382592853655455,9.382592853655455,0.0,4.819952975873548,27,3538944,1718,0,27,507600.4762752056
HIGH-CONTROL,846,evaluation,True,507600.4762752056,618.1501529216766,20.61739910104628,16.081250455335883,16.081250455335883,0.0,4.536148645710398,86,11272192,3002,0,86,508218.6264281273
HIGH-CONTROL,847,evaluation,True,508218.6264281273,582.1462969779968,15.268632875832509,13.17923293006172,13.17923293006172,0.0,2.0893999457707872,1,131072,2423,0,1,508800.7727251053
HIGH-CONTROL,848,evaluation,True,508800.7727251053,599.3733320236206,15.50290200292717,12.30177952857625,12.30177952857625,0.0,3.201122474350921,124,16252928,2392,0,124,509400.1460571289
HIGH-CONTROL,849,evaluation,True,509400.1460571289,599.9050269126892,18.769401308925502,15.310811896026529,14.91415496320836,0.3966569328166564,3.4585894128989723,167,21889024,2777,98,167,510000.0510840416
HIGH-CONTROL,850,evaluation,True,510000.0510840416,611.5072040557861,13.522481402105099,10.332019109836766,10.332019109836766,0.0,3.1904622922683323,66,8650752,1839,0,66,510611.5582880974
HIGH-CONTROL,851,evaluation,True,510611.5582880974,593.0465710163116,17.90928034174051,14.528527858832014,14.332000094831658,0.19652776400072092,3.3807524829084956,221,28966912,2619,48,221,511204.6048591137
HIGH-CONTROL,852,evaluation,True,511204.6048591137,604.0055460929871,15.325588550664401,11.457568833928265,11.453548792319005,0.004020041610273496,3.8680197167361356,140,18350080,2165,1,140,511808.6104052067
HIGH-CONTROL,853,evaluation,True,511808.6104052067,596.24334192276,15.112899029458973,11.864299064870801,11.864299064870801,0.0,3.2485999645881707,29,3801088,2124,0,29,512404.85374712944
HIGH-CONTROL,854,evaluation,True,512404.85374712944,605.2094528675079,10.984914423724378,9.576317596697383,9.335594909704584,0.24072268699269994,1.4085968270269948,77,10092544,1577,60,77,513010.06319999695
HIGH-CONTROL,855,evaluation,True,513010.06319999695,590.8532400131226,16.791955302409534,15.884653899492577,15.884653899492577,0.0,0.9073014029169566,27,3538944,2826,0,27,513600.91644001007
HIGH-CONTROL,856,evaluation,True,513600.91644001007,608.3108351230621,13.447602743533979,12.427256549039058,12.427256549039058,0.0,1.020346194494921,8,1048576,2324,0,8,514209.22727513313
HIGH-CONTROL,857,evaluation,True,514209.22727513313,610.0348658561707,15.289912244268386,13.28409111484226,13.28409111484226,0.0,2.0058211294261263,134,17563648,2456,0,134,514819.2621409893
HIGH-CONTROL,858,evaluation,True,514819.2621409893,582.9312210083008,14.774786848427915,14.156361878196453,14.156361878196453,0.0,0.6184249702314618,64,8388608,2675,0,64,515402.1933619976
HIGH-CONTROL,859,evaluation,True,515402.1933619976,603.2148389816284,10.361601781591395,7.626161324184716,7.626161324184716,0.0,2.7354404574066784,0,0,1342,0,0,516005.40820097923
HIGH-CONTROL,860,evaluation,True,516005.40820097923,605.0500450134277,13.83950262479364,12.633067907584241,12.633067907584241,0.0,1.206434717209399,0,0,2477,0,0,516610.45824599266
HIGH-CONTROL,861,evaluation,True,516610.45824599266,590.8549749851227,15.013538002370137,14.172632589217482,14.172632589217482,0.0,0.8409054131526549,2,262144,2712,0,2,517201.3132209778
HIGH-CONTROL,862,evaluation,True,517201.3132209778,609.3530030250549,16.752613973480674,13.409907690297477,13.32224289968705,0.0876647906116898,3.342706283183199,182,23855104,2475,22,182,517810.66622400284
HIGH-CONTROL,863,evaluation,True,517810.66622400284,589.7132000923157,20.12493361786663,16.1618835509909,15.540145320290353,0.6217382307023561,3.9630500668757294,462,60555264,2577,151,462,518400.37942409515
HIGH-CONTROL,864,evaluation,True,518400.37942409515,600.8974080085754,24.634176263425186,20.17386998740209,19.596030546601458,0.5778394408006282,4.460306276023097,270,35389440,3205,143,270,519001.27683210373
HIGH-CONTROL,865,evaluation,True,519001.27683210373,601.6937079429626,16.600010052907955,12.999612686708273,12.862406112223626,0.13720657448550097,3.6003973661996826,120,15728640,2148,34,120,519602.9705400467
HIGH-CONTROL,866,evaluation,True,519602.9705400467,598.5819029808044,26.349410863811407,21.669660190152424,21.284295874054074,0.38536431610012895,4.679750673658984,184,24117248,3813,95,184,520201.5524430275
HIGH-CONTROL,867,evaluation,True,520201.5524430275,600.3387441635132,24.287667000635967,16.370274092335876,15.933457770239237,0.43681632209686905,7.91739290830009,204,26738688,2637,108,204,520801.891187191
HIGH-CONTROL,868,evaluation,True,520801.891187191,608.7343938350677,25.007493706777723,17.709865299697277,17.689921236630802,0.019944063065275543,7.297628407080445,222,29097984,3264,5,222,521410.6255810261
HIGH-CONTROL,869,evaluation,True,521410.6255810261,590.4148170948029,21.958242347756656,13.733117756318867,13.630303287668161,0.10281446865084017,8.225124591437789,116,15204352,2446,25,116,522001.0403981209
HIGH-CONTROL,870,evaluation,True,522001.0403981209,600.0762238502502,19.564967851325225,15.00890653307796,14.818727378186338,0.19017915489096263,4.556061318247264,247,32374784,2715,47,247,522601.11662197113
HIGH-CONTROL,871,evaluation,True,522601.11662197113,598.9004530906677,18.626289661708913,14.753678683808246,14.664483888342064,0.08919479546746766,3.8726109779006683,80,10485760,2604,22,80,523200.0170750618
HIGH-CONTROL,872,evaluation,True,523200.0170750618,601.9861550331116,19.435953347691605,15.211479147889987,15.094506864014402,0.11697228387558366,4.224474199801619,31,4063232,2624,29,31,523802.0032300949
HIGH-CONTROL,873,evaluation,True,523802.0032300949,598.1492500305176,22.142033081315315,17.224085484596248,17.13883807186789,0.085247412728653,4.917947596719067,143,18743296,3209,21,143,524400.1524801254
HIGH-CONTROL,874,evaluation,True,524400.1524801254,603.3425018787384,25.433086571197464,17.53624396162569,17.11367572027039,0.4225682413546108,7.896842609571773,88,11534336,3121,105,88,525003.4949820042
HIGH-CONTROL,875,evaluation,True,525003.4949820042,599.6527271270752,27.13534754897922,21.045349018697454,21.033201350629675,0.012147668066630264,6.089998530281764,203,26607616,3813,3,203,525603.1477091312
HIGH-CONTROL,876,evaluation,True,525603.1477091312,598.5923738479614,25.345495047156252,18.886853411377775,18.886853411377775,0.0,6.458641635778476,199,26083328,3301,0,199,526201.7400829792
HIGH-CONTROL,877,evaluation,True,526201.7400829792,599.139014005661,20.246905429533903,16.556943235252028,16.35836120137315,0.19858203388023124,3.6899621942818768,227,29753344,2905,49,227,526800.8790969849
HIGH-CONTROL,878,evaluation,True,526800.8790969849,601.7707860469818,18.35624331952514,16.3377573480722,15.974609994296983,0.363147353774002,2.0184859714529426,172,22544384,2775,90,172,527402.6498830318
HIGH-CONTROL,879,evaluation,True,527402.6498830318,601.9011640548706,20.920324642083102,15.7058998103976,15.7058998103976,0.0,5.214424831685504,56,7340032,2604,0,56,528004.5510470867
HIGH-CONTROL,880,evaluation,True,528004.5510470867,597.4347610473633,19.310301394111086,13.27402056662625,13.261827800553668,0.01219276607142689,6.036280827484837,181,23724032,2079,3,181,528601.9858081341
HIGH-CONTROL,881,evaluation,True,528601.9858081341,600.1830589771271,18.82517786375705,13.936291314330814,13.85942406450524,0.07686724982383153,4.888886549426237,31,4063232,2518,19,31,529202.1688671112
HIGH-CONTROL,882,evaluation,True,529202.1688671112,605.329293012619,20.33028507967908,17.700043948049345,17.700043948049345,0.0,2.6302411316297336,64,8388608,3097,0,64,529807.4981601238
HIGH-CONTROL,883,evaluation,True,529807.4981601238,599.3386039733887,19.631456388573923,13.508123984121648,13.508123984121648,0.0,6.1233324044522774,2,262144,2387,0,2,530406.8367640972
HIGH-CONTROL,884,evaluation,True,530406.8367640972,594.8718569278717,22.173325795597734,17.18211027656548,17.10863849739754,0.07347177916940162,4.991215519032251,30,3932160,3139,18,30,531001.7086210251
HIGH-CONTROL,885,evaluation,True,531001.7086210251,600.9287111759186,19.09919278078686,14.373067951426123,14.373067951426123,0.0,4.726124829360739,261,34209792,2702,0,261,531602.637332201
HIGH-CONTROL,886,evaluation,True,531602.637332201,601.0167949199677,22.631389824400806,14.447576642832098,14.447576642832098,0.0,8.18381318156871,38,4980736,2471,0,38,532203.654127121
HIGH-CONTROL,887,evaluation,True,532203.654127121,603.7442290782928,20.480182760789074,16.062271766657947,15.796834181436594,0.26543758521896377,4.417910994131128,361,47316992,2678,66,361,532807.3983561993
HIGH-CONTROL,888,evaluation,True,532807.3983561993,597.6660048961639,20.661553668850537,16.438411096993587,16.178399394592507,0.26001170240085175,4.2231425718569495,164,21495808,2785,64,164,533405.0643610954
HIGH-CONTROL,889,evaluation,True,533405.0643610954,600.3113539218903,17.967075069260076,13.369567660138067,13.369567660138067,0.0,4.5975074091220085,6,786432,2345,0,6,534005.3757150173
HIGH-CONTROL,890,evaluation,True,534005.3757150173,614.4165210723877,16.52304188829132,14.619336841223108,14.564009904481951,0.05532693674064206,1.9037050470682113,57,7471104,2817,14,57,534619.7922360897
HIGH-CONTROL,891,evaluation,True,534619.7922360897,597.9473268985748,15.686175324438732,12.70139461390606,12.70139461390606,0.0,2.9847807105326716,105,13762560,2299,0,105,535217.7395629883
HIGH-CONTROL,892,evaluation,True,535217.7395629883,583.8005650043488,15.496745103269824,11.588570067369318,11.588570067369318,0.0,3.908175035900506,64,8388608,2089,0,64,535801.5401279926
HIGH-CONTROL,893,evaluation,True,535801.5401279926,602.4077091217041,14.591085583217382,10.87466322938375,10.729557869527772,0.14510535985676273,3.716422353833632,161,21102592,1991,36,161,536403.9478371143
HIGH-CONTROL,894,evaluation,True,536403.9478371143,601.3671109676361,15.396235764202396,11.54165731579451,11.404376225674728,0.13728109012063403,3.8545784484078873,36,4718592,2193,34,36,537005.314948082
HIGH-CONTROL,895,evaluation,True,537005.314948082,595.9230179786682,14.824736489249483,11.602276645607542,11.602276645607542,0.0,3.2224598436419405,50,6553600,2216,0,50,537601.2379660606
HIGH-CONTROL,896,evaluation,True,537601.2379660606,599.0101549625397,19.297408130033627,16.347563014974057,16.254330988130874,0.09323202684338149,2.94984511505957,85,11141120,2839,23,85,538200.2481210232
HIGH-CONTROL,897,evaluation,True,538200.2481210232,603.6858110427856,20.409025452929548,15.901571726486036,15.62806411359974,0.2735076128879971,4.507453726443512,173,22675456,2833,68,173,538803.933932066
HIGH-CONTROL,898,evaluation,True,538803.933932066,596.3547060489655,17.82252233148786,14.419807602917167,14.281372655194895,0.13843494772313383,3.4027147285706922,245,32112640,2534,34,245,539400.2886381149
HIGH-CONTROL,899,evaluation,True,539400.2886381149,599.7191190719604,19.35608923254985,13.482985645051452,13.482985645051452,0.0,5.873103587498395,70,9175040,2475,0,70,540000.0077571869
HIGH-CONTROL,900,evaluation,True,540000.0077571869,615.4122798442841,19.772327680425967,14.377699613757546,14.18831418813577,0.18938542562004299,5.394628066668423,155,20316160,2833,48,155,540615.4200370312
HIGH-CONTROL,901,evaluation,True,540615.4200370312,591.0502879619598,15.334140001015237,9.709579972694504,9.606876045567727,0.10270392712691144,5.624560028320733,51,6684672,1707,25,51,541206.4703249931
HIGH-CONTROL,902,evaluation,True,541206.4703249931,594.6241171360016,18.741884386661987,13.700861812684495,13.5906082278229,0.1102535848616615,5.04102257397749,38,4980736,2552,27,38,541801.0944421291
HIGH-CONTROL,903,evaluation,True,541801.0944421291,607.7120199203491,19.72081535617506,15.036703777364924,14.960788838015436,0.07591493934984687,4.684111578810137,63,8257536,2784,19,63,542408.8064620495
HIGH-CONTROL,904,evaluation,True,542408.8064620495,601.5722749233246,21.689731212438446,15.541329116148399,15.537292814063454,0.004036302085961756,6.148402096290048,27,3538944,2889,1,27,543010.3787369728
HIGH-CONTROL,905,evaluation,True,543010.3787369728,590.4294011592865,25.081866612676812,18.13026681705376,18.085029568266528,0.04523724878362231,6.951599795623053,130,17039360,3082,11,130,543600.8081381321
HIGH-CONTROL,906,evaluation,True,543600.8081381321,603.3131649494171,19.30705952137726,14.749153678106738,14.733055057561284,0.01609862054532394,4.557905843270521,59,7733248,2674,4,59,544204.1213030815
HIGH-CONTROL,907,evaluation,True,544204.1213030815,604.225065946579,17.60054933841676,13.721252262588347,13.721252262588347,0.0,3.8792970758284104,214,28049408,2533,0,214,544808.3463690281
HIGH-CONTROL,908,evaluation,True,544808.3463690281,598.3694040775299,22.856940622638312,16.211760719259495,16.211760719259495,0.0,6.645179903378819,17,2228224,2890,0,17,545406.7157731056
HIGH-CONTROL,909,evaluation,True,545406.7157731056,594.9301950931549,26.00033736474045,20.474315736971857,20.029446924045498,0.4448688129276525,5.526021627768594,439,57540608,3513,109,439,546001.6459681988
HIGH-CONTROL,910,evaluation,True,546001.6459681988,630.2629148960114,24.40526073435162,17.655956054036054,17.38627666158995,0.2696793924436283,6.749304680315567,158,20709376,3171,70,158,546631.9088830948
HIGH-CONTROL,911,evaluation,True,546631.9088830948,574.1171050071716,21.418516343614918,15.156629524353793,15.110106956961067,0.04652256739341382,6.2618868192611234,76,9961472,2586,11,76,547206.025988102
HIGH-CONTROL,912,evaluation,True,547206.025988102,606.5258839130402,23.117268702974428,17.72491807153864,17.72491807153864,0.0,5.3923506314357885,96,12582912,3033,0,96,547812.551872015
HIGH-CONTROL,913,evaluation,True,547812.551872015,589.5022320747375,21.46807453289067,17.77481402220033,17.041641764844012,0.7331722573560838,3.69326051069034,371,48627712,2756,178,371,548402.0541040897
HIGH-CONTROL,914,evaluation,True,548402.0541040897,598.6050870418549,22.00307703906917,18.93702635710221,18.920801119591122,0.016225237510953512,3.066050681966961,197,25821184,3270,4,197,549000.6591911316
HIGH-CONTROL,915,evaluation,True,549000.6591911316,603.5730249881744,20.04372799066383,15.852615275359469,15.852615275359469,0.0,4.19111271530436,61,7995392,2796,0,61,549604.2322161198
HIGH-CONTROL,916,evaluation,True,549604.2322161198,601.6565999984741,21.881778788528663,16.862985456755343,16.862985456755343,0.0,5.018793331773319,169,22151168,3047,0,169,550205.8888161182
HIGH-CONTROL,917,evaluation,True,550205.8888161182,595.8402428627014,19.514697004657744,14.040670471177508,13.938792180091529,0.10187829108611061,5.474026533480236,97,12713984,2539,25,97,550801.7290589809
HIGH-CONTROL,918,evaluation,True,550801.7290589809,599.0582070350647,18.66812665609248,13.633514650769763,13.633514650769763,0.0,5.034612005322715,70,9175040,2469,0,70,551400.787266016
HIGH-CONTROL,919,evaluation,True,551400.787266016,601.0887680053711,27.583283576454118,22.63839106551539,22.63839106551539,0.0,4.944892510938728,36,4718592,3986,0,36,552001.8760340214
HIGH-CONTROL,920,evaluation,True,552001.8760340214,600.1407890319824,21.535496458551716,17.218003982690778,17.137085389171986,0.08091859352017487,4.317492475860937,42,5505024,3170,20,42,552602.0168230534
HIGH-CONTROL,921,evaluation,True,552602.0168230534,598.9983329772949,16.758455175322066,13.425611974499805,13.40939738895276,0.016214585546913785,3.3328432008222597,147,19267584,2466,4,147,553201.0151560307
HIGH-CONTROL,922,evaluation,True,553201.0151560307,612.9751880168915,23.032493332270278,19.127494418021783,18.652148438165604,0.4753459798559217,3.9049989142484964,173,22675456,3301,120,173,553813.9903440475
HIGH-CONTROL,923,evaluation,True,553813.9903440475,589.6907799243927,18.79868600258257,15.916873267446459,15.916873267446459,0.0,2.881812735136113,90,11796480,2892,0,90,554403.6811239719
HIGH-CONTROL,924,evaluation,True,554403.6811239719,597.581493139267,17.248430173427433,15.159802095157517,15.054157402581378,0.10564469257518004,2.0886280782699176,241,31588352,2613,26,241,555001.2626171112
HIGH-CONTROL,925,evaluation,True,555001.2626171112,600.2199878692627,17.925537222539162,15.570372504292019,15.566327108476164,0.004045395816872827,2.3551647182471425,231,30277632,2506,1,231,555601.4826049805
HIGH-CONTROL,926,evaluation,True,555601.4826049805,598.594936132431,19.467207830492697,17.110338538505484,17.110338538505484,0.0,2.3568692919872123,8,1048576,2942,0,8,556200.0775411129
HIGH-CONTROL,927,evaluation,True,556200.0775411129,610.4973599910736,18.106153221402646,15.133141937551173,15.133141937551173,0.0,2.973011283851473,132,17301504,2634,0,132,556810.574901104
HIGH-CONTROL,928,evaluation,True,556810.574901104,596.5788218975067,16.18181747221653,11.925923350127757,11.925923350127757,0.0,4.255894122088773,56,7340032,2075,0,56,557407.1537230015
HIGH-CONTROL,929,evaluation,True,557407.1537230015,598.4876470565796,13.56968662800789,11.897785974698037,11.897785974698037,0.0,1.6719006533098535,150,19660800,2209,0,150,558005.6413700581
HIGH-CONTROL,930,evaluation,True,558005.6413700581,594.9601640701294,14.699373985340687,12.101470984449328,11.925981118547163,0.17548986590163473,2.597903000891359,185,24248320,2146,43,185,558600.6015341282
HIGH-CONTROL,931,evaluation,True,558600.6015341282,605.1792378425598,20.439162909743096,13.10543688579547,13.097412395607057,0.008024490188348011,7.333726023947628,122,15990784,2475,2,122,559205.7807719707
HIGH-CONTROL,932,evaluation,True,559205.7807719707,594.788449048996,23.055411524924992,16.808307812425852,16.685837675420075,0.12247013700465077,6.2471037124991415,164,21495808,3048,30,164,559800.5692210197
HIGH-CONTROL,933,evaluation,True,559800.5692210197,615.0029520988464,18.763641683039886,11.023803534655388,10.984321977374028,0.039481557281005365,7.7398381483845,82,10747904,1927,10,82,560415.5721731186
HIGH-CONTROL,934,evaluation,True,560415.5721731186,591.1802289485931,19.713061847819354,11.711260093690331,11.703045585460014,0.008214508230250423,8.001801754129023,3,393216,2060,2,3,561006.7524020672
HIGH-CONTROL,935,evaluation,True,561006.7524020672,599.0286939144135,20.53526682224926,12.632354103434581,12.170261837039632,0.4620922663949827,7.902912718814677,185,24248320,2121,114,185,561605.7810959816
HIGH-CONTROL,936,evaluation,True,561605.7810959816,594.8491611480713,18.914251521185577,9.638885549760717,9.308249928959158,0.330635620799634,9.275365971424861,180,23592960,1491,81,180,562200.6302571297
HIGH-CONTROL,937,evaluation,True,562200.6302571297,602.2910220623016,18.45792988327424,14.95848772329335,14.918172869855301,0.04031485343768967,3.4994421599808896,131,17170432,2569,10,131,562802.921279192
HIGH-CONTROL,938,evaluation,True,562802.921279192,599.0415139198303,22.32767454661188,13.054897242027982,13.026523762723587,0.028373479303077778,9.272777304583897,72,9437184,2306,7,72,563401.9627931118
HIGH-CONTROL,939,evaluation,True,563401.9627931118,598.1074910163879,20.531624627813287,15.221704068204303,15.221704068204303,0.0,5.309920559608985,0,0,2697,0,0,564000.0702841282
HIGH-CONTROL,940,evaluation,True,564000.0702841282,603.8291258811951,17.46330529265497,14.093413571434835,14.093413571434835,0.0,3.369891721220134,0,0,2597,0,0,564603.8994100094
HIGH-CONTROL,941,evaluation,True,564603.8994100094,602.0508329868317,16.91066513533778,13.981897012022733,13.897202044095293,0.0846949679277349,2.928768123315046,234,30670848,2367,21,234,565205.9502429962
HIGH-CONTROL,942,evaluation,True,565205.9502429962,598.6538751125336,16.43766529721022,11.78750182283956,11.76316595001796,0.024335872821369956,4.650163474370658,103,13500416,2124,6,103,565804.6041181087
HIGH-CONTROL,943,evaluation,True,565804.6041181087,610.2532429695129,17.098048378857996,14.270191201382397,14.270191201382397,0.0,2.827857177475599,124,16252928,2534,0,124,566414.8573610783
HIGH-CONTROL,944,evaluation,True,566414.8573610783,590.9615590572357,16.718009324437,14.081984342922434,14.081984342922434,0.0,2.6360249815145638,136,17825792,2559,0,136,567005.8189201355
HIGH-CONTROL,945,evaluation,True,567005.8189201355,594.2347118854523,15.53211230363062,13.29942795735767,12.976622737492134,0.3228052198658013,2.23268434627295,110,14417920,2268,79,110,567600.053632021
HIGH-CONTROL,946,evaluation,True,567600.053632021,603.18909907341,18.989475082267873,13.19443814712948,13.049520761277517,0.1449173858527482,5.795036935138395,94,12320768,2084,36,94,568203.2427310944
HIGH-CONTROL,947,evaluation,True,568203.2427310944,600.4965529441833,14.599611395001524,10.871361057301904,10.871361057301904,0.0,3.72825033769962,1,131072,1965,0,1,568803.7392840385
HIGH-CONTROL,948,evaluation,True,568803.7392840385,596.8160409927368,17.503236179513834,14.08967695885575,13.971691364335577,0.11798559452017342,3.413559220658085,250,32768000,2579,29,250,569400.5553250313
HIGH-CONTROL,949,evaluation,True,569400.5553250313,603.0748219490051,21.739230682060672,17.321070190182287,17.321070190182287,0.0,4.4181604918783846,243,31850496,3118,0,243,570003.6301469803
HIGH-CONTROL,950,evaluation,True,570003.6301469803,613.5686450004578,20.674013068126072,16.46200978550811,16.351203002044013,0.1108067834651553,4.212003282617962,84,11010048,2882,28,84,570617.1987919807
HIGH-CONTROL,951,evaluation,True,570617.1987919807,590.3737020492554,16.04818596940782,13.511716221912186,13.437684649107167,0.07403157280648996,2.5364697474956355,77,10092544,2320,18,77,571207.57249403
HIGH-CONTROL,952,evaluation,True,571207.57249403,595.5507690906525,10.879089496342704,8.29663019092676,8.251781954478679,0.04484823644874208,2.582459305415946,58,7602176,1524,11,58,571803.1232631207
HIGH-CONTROL,953,evaluation,True,571803.1232631207,597.7466208934784,15.666062068809444,12.459022789973304,12.264040313325086,0.19498247664854737,3.20703927883614,55,7208960,2335,48,55,572400.8698840141
HIGH-CONTROL,954,evaluation,True,572400.8698840141,599.712865114212,16.83944948707756,12.755602484447,12.581503368881231,0.17409911556524202,4.083847002630558,124,16252928,2226,43,124,573000.5827491283
HIGH-CONTROL,955,evaluation,True,573000.5827491283,606.5311150550842,13.381982828459414,9.766888729011168,9.678816077677462,0.08807265133289066,3.615094099448246,31,4063232,1852,22,31,573607.1138641834
HIGH-CONTROL,956,evaluation,True,573607.1138641834,601.9637517929077,16.69229184188428,13.038296658583686,13.038296658583686,0.0,3.6539951833005953,19,2490368,2443,0,19,574209.0776159763
HIGH-CONTROL,957,evaluation,True,574209.0776159763,591.4694662094116,15.178045427925143,11.944277778967232,11.911435814106921,0.032841964860010155,3.2337676489579112,212,27787264,2099,8,212,574800.5470821857
HIGH-CONTROL,958,evaluation,True,574800.5470821857,600.5179808139801,17.487703282347873,14.91851812947338,14.692088379958136,0.2264297495152766,2.5691851528744913,314,41156608,2739,56,314,575401.0650629997
HIGH-CONTROL,959,evaluation,True,575401.0650629997,609.834361076355,18.564691773694374,15.358756720055633,15.207455238606101,0.15130148144817285,3.205935053638742,108,14155776,2688,38,108,576010.8994240761
HIGH-CONTROL,960,evaluation,True,576010.8994240761,597.5948870182037,16.379566159261593,13.610274510583611,13.610274510583611,0.0,2.769291648677983,130,17039360,2534,0,130,576608.4943110943
HIGH-CONTROL,961,evaluation,True,576608.4943110943,601.6335690021515,19.931021050842293,17.82391471482564,17.82391471482564,0.0,2.1071063360166513,1,131072,3206,0,1,577210.1278800964
HIGH-CONTROL,962,evaluation,True,577210.1278800964,603.1950969696045,15.12049748320733,12.48032218911142,12.48032218911142,0.0,2.640175294095909,1,131072,2311,0,1,577813.322977066
HIGH-CONTROL,963,evaluation,True,577813.322977066,600.8933939933777,17.115217503169756,13.343719136869327,13.226534131809212,0.11718500506011599,3.77149836630043,56,7340032,2076,29,56,578414.2163710594
HIGH-CONTROL,964,evaluation,True,578414.2163710594,608.7263920307159,14.788382095676718,13.964809107232137,13.849132020880095,0.11567708635204223,0.8235729884445822,177,23199744,2380,29,177,579022.9427630901
HIGH-CONTROL,965,evaluation,True,579022.9427630901,578.291913986206,13.98965255599401,11.479967432047966,11.479967432047966,0.0,2.5096851239460434,9,1179648,2050,0,9,579601.2346770763
HIGH-CONTROL,966,evaluation,True,579601.2346770763,599.9575810432434,13.413762367502521,11.254988274805982,11.254988274805982,0.0,2.158774092696539,64,8388608,2110,0,64,580201.1922581196
HIGH-CONTROL,967,evaluation,True,580201.1922581196,603.4849519729614,12.333134871111577,11.316699811053532,11.316699811053532,0.0,1.0164350600580454,106,13893632,2168,0,106,580804.6772100925
HIGH-CONTROL,968,evaluation,True,580804.6772100925,606.4926691055298,10.842334558637308,9.829691091624655,9.829691091624655,0.0,1.0126434670126523,0,0,1929,0,0,581411.1698791981
HIGH-CONTROL,969,evaluation,True,581411.1698791981,595.0485258102417,11.859443622420416,11.342747598276109,11.330505937356273,0.012241660920797372,0.5166960241443075,75,9830400,2211,3,75,582006.2184050083
HIGH-CONTROL,970,evaluation,True,582006.2184050083,611.1063530445099,14.930472255206235,10.403498038396501,10.403498038396501,0.0,4.526974216809734,64,8388608,2000,0,64,582617.3247580528
HIGH-CONTROL,971,evaluation,True,582617.3247580528,598.4029240608215,12.272777022429528,8.612636271656545,8.494963558866546,0.11767271278999833,3.6601407507729835,95,12451840,1541,29,95,583215.7276821136
HIGH-CONTROL,972,evaluation,True,583215.7276821136,586.1983308792114,13.861805570281874,11.229860375168311,11.229860375168311,0.0,2.6319451951135617,21,2752512,2027,0,21,583801.9260129929
HIGH-CONTROL,973,evaluation,True,583801.9260129929,598.7354431152344,14.978781712277167,11.873476951831085,11.873476951831085,0.0,3.1053047604460815,0,0,2270,0,0,584400.6614561081
HIGH-CONTROL,974,evaluation,True,584400.6614561081,602.8244099617004,16.620753433887483,11.41217181713566,11.234943415178005,0.17722840195605077,5.2085816167518235,45,5898240,2092,44,45,585003.4858660698
HIGH-CONTROL,975,evaluation,True,585003.4858660698,605.5222730636597,14.631329603737948,10.624629629072725,10.624629629072725,0.0,4.0066999746652225,50,6553600,2097,0,50,585609.0081391335
HIGH-CONTROL,976,evaluation,True,585609.0081391335,594.9519500732422,17.694030418427324,12.126762024994877,12.126762024994877,0.0,5.567268393432449,89,11665408,2182,0,89,586203.9600892067
HIGH-CONTROL,977,evaluation,True,586203.9600892067,609.8771908283234,16.220895971409274,13.21947649217027,12.86911872032823,0.35035777184093936,3.0014194792390043,241,31588352,2443,88,241,586813.837280035
HIGH-CONTROL,978,evaluation,True,586813.837280035,589.6796610355377,15.535511467171117,10.55671089138176,10.55671089138176,0.0,4.978800575789357,4,524288,1827,0,4,587403.5169410706
HIGH-CONTROL,979,evaluation,True,587403.5169410706,600.9465520381927,14.980236194538724,12.221088600670468,12.156440523867918,0.06464807680195796,2.759147593868256,340,44564480,2364,16,340,588004.4634931087
HIGH-CONTROL,980,evaluation,True,588004.4634931087,598.0466458797455,18.24992515551007,13.40421555589241,13.128128955874752,0.27608660001726254,4.845709599617661,72,9437184,2352,68,72,588602.5101389885
HIGH-CONTROL,981,evaluation,True,588602.5101389885,600.461748123169,15.057662115547751,12.786844294428262,12.786844294428262,0.0,2.2708178211194894,217,28442624,2478,0,217,589202.9718871117
HIGH-CONTROL,982,evaluation,True,589202.9718871117,601.8290429115295,17.577825926566383,12.924841626820246,12.924841626820246,0.0,4.652984299746137,35,4587520,2401,0,35,589804.8009300232
HIGH-CONTROL,983,evaluation,True,589804.8009300232,596.0062890052795,15.292820722298487,9.878626276838288,9.878626276838288,0.0,5.414194445460199,1,131072,1767,0,1,590400.8072190285
HIGH-CONTROL,984,evaluation,True,590400.8072190285,616.2632491588593,14.590058759127503,12.011039011441184,12.011039011441184,0.0,2.5790197476863193,66,8650752,2338,0,66,591017.0704681873
HIGH-CONTROL,985,evaluation,True,591017.0704681873,584.6059749126434,14.392526312652,10.453650447533088,10.453650447533088,0.0,3.9388758651189133,64,8388608,1938,0,64,591601.6764431
HIGH-CONTROL,986,evaluation,True,591601.6764431,624.3911430835724,14.26620541686636,12.000143961509561,11.871813817791336,0.12833014371806797,2.2660614553567986,33,4325376,2224,33,33,592226.0675861835
HIGH-CONTROL,987,evaluation,True,592226.0675861835,581.8518078327179,17.15150272422978,13.790736088047115,13.60711956335539,0.183616524687859,3.360766636182664,75,9830400,2445,44,75,592807.9193940163
HIGH-CONTROL,988,evaluation,True,592807.9193940163,597.4845509529114,17.47235457438262,12.922182144287628,12.812456394132505,0.10972575015518941,4.5501724300949915,275,36044800,2416,27,275,593405.4039449692
HIGH-CONTROL,989,evaluation,True,593405.4039449692,594.5968201160431,17.511768264939647,13.226627226125473,12.96935705111355,0.257270175010629,4.285141038814176,82,10747904,2255,63,82,594000.0007650852
HIGH-CONTROL,990,evaluation,True,594000.0007650852,614.9988389015198,13.228447410596258,11.350849914993134,11.350849914993134,0.0,1.8775974956031238,129,16908288,2204,0,129,594614.9996039867
HIGH-CONTROL,991,evaluation,True,594614.9996039867,594.9408850669861,15.253893858121007,12.296752983320895,12.055956759940152,0.24079622338173737,2.9571408748001122,143,18743296,2283,59,143,595209.9404890537
HIGH-CONTROL,992,evaluation,True,595209.9404890537,593.4662420749664,13.133058384715582,9.948532343608878,9.948532343608878,0.0,3.1845260411067033,0,0,1879,0,0,595803.4067311287
HIGH-CONTROL,993,evaluation,True,595803.4067311287,602.2044630050659,17.276817124972474,13.838239992230124,13.838239992230124,0.0,3.4385771327423518,11,1441792,2669,0,11,596405.6111941338
HIGH-CONTROL,994,evaluation,True,596405.6111941338,600.0515179634094,18.209408379086547,15.271513135741241,15.093465745410615,0.1780473903311186,2.9378952433453063,241,31588352,2467,44,241,597005.6627120972
HIGH-CONTROL,995,evaluation,True,597005.6627120972,597.8007609844208,13.789374163256772,11.184140536012608,10.981052183956502,0.20308835205637057,2.6052336272441643,121,15859712,1901,50,121,597603.4634730816
HIGH-CONTROL,996,evaluation,True,597603.4634730816,599.9628510475159,15.140247171527879,13.158934392515485,12.93634226316421,0.22259212935239345,1.9813127790123937,74,9699328,2486,55,74,598203.4263241291
HIGH-CONTROL,997,evaluation,True,598203.4263241291,603.4369668960571,15.908901760539607,12.428176634102961,12.428176634102961,0.0,3.480725126436645,65,8519680,2444,0,65,598806.8632910252
HIGH-CONTROL,998,evaluation,True,598806.8632910252,611.1522941589355,18.033638487714086,14.24536866964202,14.24536866964202,0.0,3.7882698180720653,3,393216,2783,0,3,599418.0155851841
HIGH-CONTROL,999,evaluation,True,599418.0155851841,593.4857637882233,14.078992838595074,9.338601623659837,9.338601623659837,0.0,4.7403912149352365,128,16777216,1730,0,128,600011.5013489723
HIGH-CONTROL,1000,evaluation,True,600011.5013489723,597.7834510803223,11.750593629048389,8.460613284761683,8.460613284761683,0.0,3.2899803442867066,71,9306112,1583,0,71,600609.2848000526
HIGH-CONTROL,1001,evaluation,True,600609.2848000526,600.4550650119781,17.65622158014901,14.64220670587325,14.64220670587325,0.0,3.01401487427576,437,57278464,2871,0,437,601209.7398650646
HIGH-CONTROL,1002,evaluation,True,601209.7398650646,597.5595021247864,16.25114095582746,11.166063481820759,11.166063481820759,0.0,5.0850774740067,0,0,2077,0,0,601807.2993671894
HIGH-CONTROL,1003,evaluation,True,601807.2993671894,600.2157609462738,16.42358123377262,12.35833434875276,12.35833434875276,0.0,4.06524688501986,195,25559040,2305,0,195,602407.5151281357
HIGH-CONTROL,1004,evaluation,True,602407.5151281357,605.4415259361267,16.682248953785326,13.164553125990118,13.04824842537212,0.11630470061799661,3.5176958277952064,33,4325376,2451,29,33,603012.9566540718
HIGH-CONTROL,1005,evaluation,True,603012.9566540718,587.3859889507294,18.509320258136306,16.032422388143655,16.032422388143655,0.0,2.4768978699926514,5,655360,2918,0,5,603600.3426430225
HIGH-CONTROL,1006,evaluation,True,603600.3426430225,600.0132620334625,21.36528468306787,19.457239574239857,19.420818467848555,0.03642110639202753,1.9080451088280141,249,32636928,3444,9,249,604200.355905056
HIGH-CONTROL,1007,evaluation,True,604200.355905056,441.6234359741211,21.163086545688778,17.194452501671673,17.04600150197598,0.14845099969578254,3.968634044017106,110,14417920,2232,27,110,604641.9793410301
