row,instance_id,split,old_split
0,FolioSuite/ASP-Comp-2007-Lparse/SLparse/15-PuzzleCompetition/15-puzzle.init6.gz,train,train
1,FolioSuite/ASP-Comp-2007-Lparse/SLparse/BlockedN-QueensCompetition/156.48.1960.36.1721283013.dat.data.gz,train,train
2,FolioSuite/ASP-Comp-2007-Lparse/SLparse/BlockedN-QueensCompetition/156.48.1960.36.1721310106.dat.data.gz,test,train
3,FolioSuite/ASP-Comp-2007-Lparse/SLparse/BlockedN-QueensCompetition/156.48.1960.36.1721326970.dat.data.gz,train,validation
4,FolioSuite/ASP-Comp-2007-Lparse/SLparse/BlockedN-QueensCompetition/156.48.1960.36.1721351180.dat.data.gz,reserved_unused,train
5,FolioSuite/ASP-Comp-2007-Lparse/SLparse/BoundedSpanningTree/104_rand_45_250_1727042043_0.gph.gz,train,train
6,FolioSuite/ASP-Comp-2007-Lparse/SLparse/BoundedSpanningTree/104_rand_45_250_1727044175_0.gph.gz,train,train
7,FolioSuite/ASP-Comp-2007-Lparse/SLparse/BoundedSpanningTree/122_rand_35_250_1700137086_0.gph.gz,train,train
8,FolioSuite/ASP-Comp-2007-Lparse/SLparse/BoundedSpanningTree/122_rand_35_250_1700139777_0.gph.gz,train,train
9,FolioSuite/ASP-Comp-2007-Lparse/SLparse/BoundedSpanningTree/122_rand_35_250_1700165461_0.gph.gz,train,train
10,FolioSuite/ASP-Comp-2007-Lparse/SLparse/CarSequencing/001.benchmark1_17classes.dlv.dat.lp.gz,train,train
11,FolioSuite/ASP-Comp-2007-Lparse/SLparse/CarSequencing/benchmark1_15classes.dlv.dat.lp.gz,train,train
12,FolioSuite/ASP-Comp-2007-Lparse/SLparse/Factoring/fact.grnd.sat.24.gz,train,train
13,FolioSuite/ASP-Comp-2007-Lparse/SLparse/HamiltonianCycle/rand_100_800_1155012316_11.gph.gz,train,train
14,FolioSuite/ASP-Comp-2007-Lparse/SLparse/HamiltonianCycle/rand_150_1200_1154711577_4.gph.gz,train,train
15,FolioSuite/ASP-Comp-2007-Lparse/SLparse/HamiltonianCycle/rand_200_1800_1154991214_9.gph.gz,train,train
16,FolioSuite/ASP-Comp-2007-Lparse/SLparse/HamiltonianPath/gryzzles.15.gz,train,train
17,FolioSuite/ASP-Comp-2007-Lparse/SLparse/HamiltonianPath/gryzzles.30.gz,train,train
18,FolioSuite/ASP-Comp-2007-Lparse/SLparse/HamiltonianPath/gryzzles.41.gz,train,train
19,FolioSuite/ASP-Comp-2007-Lparse/SLparse/HamiltonianPath/gryzzles.48.gz,train,train
20,FolioSuite/ASP-Comp-2007-Lparse/SLparse/HamiltonianPath/hampath.ngrnd.6.gz,train,train
21,FolioSuite/ASP-Comp-2007-Lparse/SLparse/Hashiwokakero/hashiwokakero-size11-puzzle5.gz,train,train
22,FolioSuite/ASP-Comp-2007-Lparse/SLparse/KnightsTour/knights_13_13_t17.lp.gz,train,train
23,FolioSuite/ASP-Comp-2007-Lparse/SLparse/KnightsTour/knights_15_15_t9.lp.gz,train,train
24,FolioSuite/ASP-Comp-2007-Lparse/SLparse/KnightsTour/knights_17_17_t9.lp.gz,train,train
25,FolioSuite/ASP-Comp-2007-Lparse/SLparse/KnightsTour/knights_18_18_t8.lp.gz,train,test
26,FolioSuite/ASP-Comp-2007-Lparse/SLparse/KnightsTour/knights_20_20_t19.lp.gz,test,train
27,FolioSuite/ASP-Comp-2007-Lparse/SLparse/RLP-150/lp.150.00675.13.gz,train,test
28,FolioSuite/ASP-Comp-2007-Lparse/SLparse/RLP-150/lp.150.00675.26.gz,train,train
29,FolioSuite/ASP-Comp-2007-Lparse/SLparse/RLP-150/lp.150.00750.23.gz,train,train
30,FolioSuite/ASP-Comp-2007-Lparse/SLparse/RLP-150/lp.150.00825.25.gz,train,train
31,FolioSuite/ASP-Comp-2007-Lparse/SLparse/RLP-200/lp.200.00700.1.gz,train,train
32,FolioSuite/ASP-Comp-2007-Lparse/SLparse/RLP-200/lp.200.00700.15.gz,reserved_unused,validation
33,FolioSuite/ASP-Comp-2007-Lparse/SLparse/RLP-200/lp.200.01100.8.gz,train,train
34,FolioSuite/ASP-Comp-2007-Lparse/SLparse/RandomNonTight/n50-unsat-b16.lp.gz,train,test
35,FolioSuite/ASP-Comp-2007-Lparse/SLparse/RandomNonTight/n50-unsat-b6.lp.gz,train,train
36,FolioSuite/ASP-Comp-2007-Lparse/SLparse/RandomNonTight/n60-sat-b18.lp.gz,test,train
37,FolioSuite/ASP-Comp-2007-Lparse/SLparse/SchurCompetition/15.10.schur.gz,train,test
38,FolioSuite/ASP-Comp-2007-Lparse/SLparse/SchurCompetition/15.16.schur.gz,train,train
39,FolioSuite/ASP-Comp-2007-Lparse/SLparse/SchurCompetition/15.17.schur.gz,train,train
40,FolioSuite/ASP-Comp-2007-Lparse/SLparse/SchurCompetition/20.1.schur.gz,test,train
41,FolioSuite/ASP-Comp-2007-Lparse/SLparse/SchurCompetition/20.13.schur.gz,train,train
42,FolioSuite/ASP-Comp-2007-Lparse/SLparse/SocialGolfer/csp010-SocialGolfer_w4_g6_s4.dlv.dat.lp.gz,train,train
43,FolioSuite/ASP-Comp-2007-Lparse/SLparse/SocialGolfer/csp010-SocialGolfer_w6_g6_s3.dlv.dat.lp.gz,reserved_unused,validation
44,FolioSuite/ASP-Comp-2007-Lparse/SLparse/SocialGolfer/csp010-SocialGolfer_w8_g4_s2.dlv.dat.lp.gz,train,train
45,FolioSuite/ASP-Comp-2007-Lparse/SLparse/SolitaireBackward2/t29.dat.gz,train,train
46,FolioSuite/ASP-Comp-2007-Lparse/SLparse/SolitaireBackward2/t31.dat.gz,train,train
47,FolioSuite/ASP-Comp-2007-Lparse/SLparse/SolitaireForward/solitare_forward_t24.lp.gz,test,train
48,FolioSuite/ASP-Comp-2007-Lparse/SLparse/Su-Doku/sudoku378.lp.gz,test,train
49,FolioSuite/ASP-Comp-2007-Lparse/SLparse/TowersOfHanoiCompetition/mgs_towers-hanoi.16_50.6.gz,train,train
50,FolioSuite/ASP-Comp-2007-Lparse/SLparse/TowersOfHanoiCompetition/mgs_towers-hanoi.33_6.gz,train,train
51,FolioSuite/ASP-Comp-2007-Lparse/SLparse/TowersOfHanoiCompetition/mgs_towers-hanoi.36_6.gz,train,train
52,FolioSuite/ASP-Comp-2007-Lparse/SLparse/TowersOfHanoiCompetition/mgs_towers-hanoi.39_6.gz,train,train
53,FolioSuite/ASP-Comp-2007-Lparse/SLparse/TowersOfHanoiCompetition/mgs_towers-hanoi.41_7.gz,train,train
54,FolioSuite/ASP-Comp-2007-Lparse/SLparse/TravelingSalespersonSuite/rand_80_340_1159656267_13.gph.gz,train,train
55,FolioSuite/ASP-Comp-2007-Lparse/SLparse/TravelingSalespersonSuite/tsp_rand_70_300_1155482584_11.gph.gz,train,test
56,FolioSuite/ASP-Comp-2007-Lparse/SLparse/TravelingSalespersonSuite/tsp_rand_70_300_1155482584_5.gph.gz,train,train
57,FolioSuite/ASP-Comp-2007-Lparse/SLparse/TravelingSalespersonSuite/tsp_rand_70_300_1155482584_8.gph.gz,train,train
58,FolioSuite/ASP-Comp-2007-Lparse/SLparse/WeightBoundedDominatingSetSuite/rand_150_600_1159731678_7.gph.gz,train,train
59,FolioSuite/ASP-Comp-2007-Lparse/SLparse/WeightBoundedDominatingSetSuite/rand_200_800_1159728969_10.gph.gz,test,validation
60,FolioSuite/ASP-Comp-2007-Lparse/SLparse/WeightedLatinSquareCompetition/505.6.1976043347.dat.data.gz,train,train
61,FolioSuite/ASP-Comp-2007-Lparse/SLparse/WeightedLatinSquareCompetition/505.6.1976048051.dat.data.gz,reserved_unused,train
62,FolioSuite/ASP-Comp-2007-Lparse/SLparse/WeightedLatinSquareCompetition/505.6.1976048738.dat.data.gz,train,train
63,FolioSuite/ASP-Comp-2007-Lparse/SLparse/WeightedLatinSquareCompetition/505.6.1976049584.dat.data.gz,train,validation
64,FolioSuite/ASP-Comp-2007-Lparse/SLparse/WeightedSpanningTree/207_rand_35_138_2077119725_0.gph.gz,train,train
65,FolioSuite/ASP-Comp-2007-Lparse/SLparse/WeightedSpanningTree/209_rand_45_138_1119571853_0.gph.gz,test,train
66,FolioSuite/ASP-Comp-2007-Lparse/SLparse/searchTest-plain/stp_sequence1-ss1.gz,test,validation
67,FolioSuite/ASP-Comp-2007-Lparse/SLparse/searchTest-plain/stp_sequence3-ss2.gz,reserved_unused,train
68,FolioSuite/ASP-Comp-2007-Lparse/SLparse/searchTest-plain/stp_sequence4-ss1.gz,train,train
69,FolioSuite/ASP-Comp-2007-Lparse/SLparse/searchTest-plain/stp_sequence4-ss4.gz,train,train
70,FolioSuite/ASP-Comp-2007-Lparse/SLparse/searchTest-verbose/stv_sequence2-ss2.gz,reserved_unused,train
71,FolioSuite/ASP-Comp-2007-Lparse/SLparse/searchTest-verbose/stv_sequence3-ss3.gz,train,train
72,FolioSuite/ASP-Comp-2007-Lparse/SLparse/searchTest-verbose/stv_sequence4-ss1.gz,train,test
73,FolioSuite/ASP-Comp-2007-Lparse/SLparse/searchTest-verbose/stv_sequence4-ss2.gz,train,train
74,FolioSuite/ASP-Comp-2007-Lparse/SLparse/verifyTest-variableSearchSpace/vtvss_test13.gz,train,validation
75,FolioSuite/ASP-Comp-2007-Lparse/SLparse/verifyTest-variableSearchSpace/vtvss_test16.gz,train,train
76,FolioSuite/ASP-Comp-2007-Lparse/SLparse/verifyTest-variableSearchSpace/vtvss_test19.gz,train,train
77,FolioSuite/ASP-Comp-2007-Lparse/SLparse/verifyTest-variableSearchSpace/vtvss_test22.gz,reserved_unused,train
78,FolioSuite/ASP-Comp-2007-Lparse/SLparse/verifyTest-variableSearchSpace/vtvss_test24.gz,train,test
79,FolioSuite/ASP-Comp-2009-Lparse/Comp15Puzzle/15-puzzle.init1.gz,train,validation
80,FolioSuite/ASP-Comp-2009-Lparse/Comp15Puzzle/15-puzzle.init11.gz,train,train
81,FolioSuite/ASP-Comp-2009-Lparse/Comp15Puzzle/15-puzzle.init12.gz,reserved_unused,train
82,FolioSuite/ASP-Comp-2009-Lparse/Comp15Puzzle/15-puzzle.init13.gz,train,train
83,FolioSuite/ASP-Comp-2009-Lparse/Comp15Puzzle/15-puzzle.init2.gz,train,train
84,FolioSuite/ASP-Comp-2009-Lparse/Comp15Puzzle/15-puzzle.init3.gz,test,train
85,FolioSuite/ASP-Comp-2009-Lparse/Comp15Puzzle/15-puzzle.init5.gz,train,train
86,FolioSuite/ASP-Comp-2009-Lparse/Comp15Puzzle/15-puzzle.init7.gz,train,train
87,FolioSuite/ASP-Comp-2009-Lparse/CompBlockedNQueens/156.48.1960.36.1721286911.dat.gz,train,train
88,FolioSuite/ASP-Comp-2009-Lparse/CompBlockedNQueens/156.48.1960.36.1721297189.dat.gz,train,train
89,FolioSuite/ASP-Comp-2009-Lparse/CompBlockedNQueens/156.48.1960.36.1721301641.dat.gz,train,train
90,FolioSuite/ASP-Comp-2009-Lparse/CompBlockedNQueens/156.48.1960.36.1721325287.dat.gz,train,train
91,FolioSuite/ASP-Comp-2009-Lparse/CompBlockedNQueens/156.48.1960.36.1721326070.dat.gz,train,train
92,FolioSuite/ASP-Comp-2009-Lparse/CompBlockedNQueens/156.48.1960.36.1721327521.dat.gz,train,train
93,FolioSuite/ASP-Comp-2009-Lparse/CompBlockedNQueens/156.48.1960.36.1721329185.dat.gz,train,train
94,FolioSuite/ASP-Comp-2009-Lparse/CompBlockedNQueens/156.48.1960.36.1721330060.dat.gz,train,validation
95,FolioSuite/ASP-Comp-2009-Lparse/CompBlockedNQueens/156.48.1960.36.1721347806.dat.gz,train,train
96,FolioSuite/ASP-Comp-2009-Lparse/CompBlockedNQueens/156.48.1960.36.1721349794.dat.gz,train,train
97,FolioSuite/ASP-Comp-2009-Lparse/CompChannelRouting/channelRoute.in10.gz,reserved_unused,train
98,FolioSuite/ASP-Comp-2009-Lparse/CompChannelRouting/channelRoute.in2.gz,train,train
99,FolioSuite/ASP-Comp-2009-Lparse/CompChannelRouting/channelRoute.in4.gz,train,validation
100,FolioSuite/ASP-Comp-2009-Lparse/CompChannelRouting/channelRoute.in5.gz,train,test
101,FolioSuite/ASP-Comp-2009-Lparse/CompChannelRouting/channelRoute.in8.gz,test,train
102,FolioSuite/ASP-Comp-2009-Lparse/CompConnectedDominatingSet/rand_150_500_1235354638_0_k=15_unsat.gph.gz,train,validation
103,FolioSuite/ASP-Comp-2009-Lparse/CompConnectedDominatingSet/rand_40_200_1235844018_0_k=5_sat.gph.gz,reserved_unused,validation
104,FolioSuite/ASP-Comp-2009-Lparse/CompConnectedDominatingSet/rand_50_250_1235345753_0_k=6_unsat.gph.gz,train,validation
105,FolioSuite/ASP-Comp-2009-Lparse/CompConnectedDominatingSet/rand_50_250_1235842610_0_k=6_unsat.gph.gz,reserved_unused,train
106,FolioSuite/ASP-Comp-2009-Lparse/CompConnectedDominatingSet/rand_50_250_1235842610_0_k=7_sat.gph.gz,reserved_unused,train
107,FolioSuite/ASP-Comp-2009-Lparse/CompConnectedDominatingSet/rand_55_250_1235855873_0_k=8_sat.gph.gz,test,train
108,FolioSuite/ASP-Comp-2009-Lparse/CompConnectedDominatingSet/rand_60_400_1235843083_0_k=7_sat.gph.gz,reserved_unused,train
109,FolioSuite/ASP-Comp-2009-Lparse/CompConnectedDominatingSet/rand_65_500_1235857888_0_k=5_unsat.gph.gz,test,train
110,FolioSuite/ASP-Comp-2009-Lparse/CompConnectedDominatingSet/rand_70_250_1235844252_0_k=13_sat.gph.gz,train,train
111,FolioSuite/ASP-Comp-2009-Lparse/CompEdgeMatching/edge-matching-width=10-height=10-colours=11.gz,train,validation
112,FolioSuite/ASP-Comp-2009-Lparse/CompEdgeMatching/edge-matching-width=10-height=10-colours=13.gz,train,train
113,FolioSuite/ASP-Comp-2009-Lparse/CompEdgeMatching/edge-matching-width=10-height=10-colours=9.gz,train,train
114,FolioSuite/ASP-Comp-2009-Lparse/CompEdgeMatching/edge-matching-width=7-height=7-colours=12.gz,train,train
115,FolioSuite/ASP-Comp-2009-Lparse/CompEdgeMatching/edge-matching-width=7-height=7-colours=13.gz,train,validation
116,FolioSuite/ASP-Comp-2009-Lparse/CompEdgeMatching/edge-matching-width=7-height=7-colours=14.gz,reserved_unused,train
117,FolioSuite/ASP-Comp-2009-Lparse/CompEdgeMatching/edge-matching-width=7-height=7-colours=15.gz,train,train
118,FolioSuite/ASP-Comp-2009-Lparse/CompEdgeMatching/edge-matching-width=8-height=8-colours=12.gz,train,train
119,FolioSuite/ASP-Comp-2009-Lparse/CompEdgeMatching/edge-matching-width=8-height=8-colours=13.gz,train,train
120,FolioSuite/ASP-Comp-2009-Lparse/CompEdgeMatching/edge-matching-width=8-height=8-colours=14.gz,reserved_unused,train
121,FolioSuite/ASP-Comp-2009-Lparse/CompEdgeMatching/edge-matching-width=8-height=8-colours=15.gz,train,train
122,FolioSuite/ASP-Comp-2009-Lparse/CompEdgeMatching/edge-matching-width=9-height=9-colours=10.gz,train,train
123,FolioSuite/ASP-Comp-2009-Lparse/CompEdgeMatching/edge-matching-width=9-height=9-colours=12.gz,train,train
124,FolioSuite/ASP-Comp-2009-Lparse/CompEdgeMatching/edge-matching-width=9-height=9-colours=15.gz,train,test
125,FolioSuite/ASP-Comp-2009-Lparse/CompEdgeMatching/edge-matching-width=9-height=9-colours=8.gz,train,train
126,FolioSuite/ASP-Comp-2009-Lparse/CompFastfood/a2.9.32.asp.gz,train,train
127,FolioSuite/ASP-Comp-2009-Lparse/CompFastfood/a3.3.0.asp.gz,train,train
128,FolioSuite/ASP-Comp-2009-Lparse/CompFastfood/a3.3.2.asp.gz,train,train
129,FolioSuite/ASP-Comp-2009-Lparse/CompFastfood/a7.3.0.tweaked.3.asp.gz,train,train
130,FolioSuite/ASP-Comp-2009-Lparse/CompFastfood/a7.3.4.tweaked.4.asp.gz,train,train
131,FolioSuite/ASP-Comp-2009-Lparse/CompFastfood/a7.3.4.tweaked.5.asp.gz,train,train
132,FolioSuite/ASP-Comp-2009-Lparse/CompFastfood/a7.3.5.tweaked.5.asp.gz,train,validation
133,FolioSuite/ASP-Comp-2009-Lparse/CompFastfood/a8.7.3.asp.gz,train,train
134,FolioSuite/ASP-Comp-2009-Lparse/CompFastfood/a9.8.71.asp.gz,train,train
135,FolioSuite/ASP-Comp-2009-Lparse/CompGeneralizedSlitherlink/altair1.42.asp.gz,train,train
136,FolioSuite/ASP-Comp-2009-Lparse/CompGeneralizedSlitherlink/altair1.54.asp.gz,reserved_unused,train
137,FolioSuite/ASP-Comp-2009-Lparse/CompGeneralizedSlitherlink/altair1.9.asp.gz,train,train
138,FolioSuite/ASP-Comp-2009-Lparse/CompGeneralizedSlitherlink/penrose.11.asp.gz,train,train
139,FolioSuite/ASP-Comp-2009-Lparse/CompGeneralizedSlitherlink/penrose.31.asp.gz,train,train
140,FolioSuite/ASP-Comp-2009-Lparse/CompGeneralizedSlitherlink/penrose.35.asp.gz,train,train
141,FolioSuite/ASP-Comp-2009-Lparse/CompGeneralizedSlitherlink/penrose.50.asp.gz,train,train
142,FolioSuite/ASP-Comp-2009-Lparse/CompGeneralizedSlitherlink/penrosesmall.5.asp.gz,train,train
143,FolioSuite/ASP-Comp-2009-Lparse/CompGeneralizedSlitherlink/trisquares.11.asp.gz,test,train
144,FolioSuite/ASP-Comp-2009-Lparse/CompGeneralizedSlitherlink/trisquares.41.asp.gz,train,train
145,FolioSuite/ASP-Comp-2009-Lparse/CompGeneralizedSlitherlink/trisquares.47.asp.gz,test,train
146,FolioSuite/ASP-Comp-2009-Lparse/CompGeneralizedSlitherlink/trisquares.49.asp.gz,train,validation
147,FolioSuite/ASP-Comp-2009-Lparse/CompGeneralizedSlitherlink/trisquares.59.asp.gz,test,train
148,FolioSuite/ASP-Comp-2009-Lparse/CompGraphColouring/graph-colouring-nodes=125-density=0.1-instance=2.gz,train,train
149,FolioSuite/ASP-Comp-2009-Lparse/CompGraphColouring/graph-colouring-nodes=125-density=0.1-instance=3.gz,train,train
150,FolioSuite/ASP-Comp-2009-Lparse/CompGraphColouring/graph-colouring-nodes=130-density=0.1-instance=2.gz,train,test
151,FolioSuite/ASP-Comp-2009-Lparse/CompGraphColouring/graph-colouring-nodes=130-density=0.1-instance=7.gz,train,train
152,FolioSuite/ASP-Comp-2009-Lparse/CompGraphColouring/graph-colouring-nodes=140-density=0.1-instance=2.gz,train,train
153,FolioSuite/ASP-Comp-2009-Lparse/CompGraphColouring/graph-colouring-nodes=140-density=0.1-instance=7.gz,reserved_unused,train
154,FolioSuite/ASP-Comp-2009-Lparse/CompGraphColouring/graph-colouring-nodes=140-density=0.1-instance=8.gz,test,train
155,FolioSuite/ASP-Comp-2009-Lparse/CompGraphColouring/graph-colouring-nodes=140-density=0.1-instance=9.gz,train,train
156,FolioSuite/ASP-Comp-2009-Lparse/CompGraphColouring/graph-colouring-nodes=145-density=0.1-instance=10.gz,train,train
157,FolioSuite/ASP-Comp-2009-Lparse/CompGraphColouring/graph-colouring-nodes=145-density=0.1-instance=2.gz,train,train
158,FolioSuite/ASP-Comp-2009-Lparse/CompGraphColouring/graph-colouring-nodes=145-density=0.1-instance=5.gz,train,train
159,FolioSuite/ASP-Comp-2009-Lparse/CompGraphColouring/graph-colouring-nodes=145-density=0.1-instance=7.gz,train,train
160,FolioSuite/ASP-Comp-2009-Lparse/CompGraphColouring/graph-colouring-nodes=145-density=0.1-instance=8.gz,train,train
161,FolioSuite/ASP-Comp-2009-Lparse/CompGraphColouring/graph-colouring-nodes=150-density=0.1-instance=3.gz,train,train
162,FolioSuite/ASP-Comp-2009-Lparse/CompGraphColouring/graph-colouring-nodes=150-density=0.1-instance=5.gz,train,train
163,FolioSuite/ASP-Comp-2009-Lparse/CompGraphPartitioning/rand_20_100_1235851242_0_k=3_v=10_e=20_unsat.gph.gz,train,test
164,FolioSuite/ASP-Comp-2009-Lparse/CompGraphPartitioning/rand_25_300_1235843609_0_k=3_v=8_e=15_unsat.gph.gz,train,train
165,FolioSuite/ASP-Comp-2009-Lparse/CompGraphPartitioning/rand_30_300_1235855358_0_k=6_v=6_e=30_sat.gph.gz,train,train
166,FolioSuite/ASP-Comp-2009-Lparse/CompHamiltonianPath/gryzzles.12.lp.gz,train,train
167,FolioSuite/ASP-Comp-2009-Lparse/CompHamiltonianPath/gryzzles.16.lp.gz,test,train
168,FolioSuite/ASP-Comp-2009-Lparse/CompHamiltonianPath/gryzzles.18.lp.gz,train,validation
169,FolioSuite/ASP-Comp-2009-Lparse/CompHamiltonianPath/gryzzles.22.lp.gz,test,train
170,FolioSuite/ASP-Comp-2009-Lparse/CompHamiltonianPath/gryzzles.23.lp.gz,train,train
171,FolioSuite/ASP-Comp-2009-Lparse/CompHamiltonianPath/gryzzles.30.lp.gz,train,train
172,FolioSuite/ASP-Comp-2009-Lparse/CompHamiltonianPath/gryzzles.32.lp.gz,test,train
173,FolioSuite/ASP-Comp-2009-Lparse/CompHamiltonianPath/gryzzles.37.lp.gz,train,train
174,FolioSuite/ASP-Comp-2009-Lparse/CompHamiltonianPath/gryzzles.44.lp.gz,train,train
175,FolioSuite/ASP-Comp-2009-Lparse/CompHamiltonianPath/gryzzles.46.lp.gz,train,train
176,FolioSuite/ASP-Comp-2009-Lparse/CompHamiltonianPath/gryzzles.48.lp.gz,train,validation
177,FolioSuite/ASP-Comp-2009-Lparse/CompHamiltonianPath/gryzzles.6.lp.gz,reserved_unused,train
178,FolioSuite/ASP-Comp-2009-Lparse/CompHamiltonianPath/gryzzles.8.lp.gz,train,train
179,FolioSuite/ASP-Comp-2009-Lparse/CompHamiltonianPath/random.2.lp.gz,train,train
180,FolioSuite/ASP-Comp-2009-Lparse/CompHamiltonianPath/random.5.lp.gz,train,train
181,FolioSuite/ASP-Comp-2009-Lparse/CompHanoi/mgs_towers-hanoi.113_7.gz,train,train
182,FolioSuite/ASP-Comp-2009-Lparse/CompHanoi/mgs_towers-hanoi.70_7.gz,test,train
183,FolioSuite/ASP-Comp-2009-Lparse/CompHanoi/mgs_towers-hanoi.77_7.gz,test,train
184,FolioSuite/ASP-Comp-2009-Lparse/CompHanoi/mgs_towers-hanoi.80_7.gz,train,train
185,FolioSuite/ASP-Comp-2009-Lparse/CompHanoi/mgs_towers-hanoi.83_7.gz,train,train
186,FolioSuite/ASP-Comp-2009-Lparse/CompHanoi/mgs_towers-hanoi.90_7.gz,train,validation
187,FolioSuite/ASP-Comp-2009-Lparse/CompHanoi/mgs_towers-hanoi.93_7.gz,reserved_unused,train
188,FolioSuite/ASP-Comp-2009-Lparse/CompHanoi/mgs_towers-hanoi.97_7.gz,test,train
189,FolioSuite/ASP-Comp-2009-Lparse/CompHierarchicalClustering/xy.10.x.10.r.3.1268203948.99614.data_k=2_l=5_sat.gph.gz,train,validation
190,FolioSuite/ASP-Comp-2009-Lparse/CompHierarchicalClustering/xy.11.x.11.r.3.712566045.949579.data_k=3_l=3_unsat.gph.gz,test,train
191,FolioSuite/ASP-Comp-2009-Lparse/CompHierarchicalClustering/xy.12.x.12.r.3.274440616.806497.data_k=3_l=4_sat.gph.gz,train,train
192,FolioSuite/ASP-Comp-2009-Lparse/CompHierarchicalClustering/xy.12.x.12.r.3.274440616.806497.data_k=4_l=3_unsat.gph.gz,train,test
193,FolioSuite/ASP-Comp-2009-Lparse/CompHierarchicalClustering/xy.12.x.12.r.4.274529373.784913.data_k=4_l=4_sat.gph.gz,test,train
194,FolioSuite/ASP-Comp-2009-Lparse/CompKnightTour/knightTour.in2.gz,train,test
195,FolioSuite/ASP-Comp-2009-Lparse/CompKnightTour/knightTour.in3.gz,test,train
196,FolioSuite/ASP-Comp-2009-Lparse/CompKnightTour/knightTour.in4.gz,train,validation
197,FolioSuite/ASP-Comp-2009-Lparse/CompKnightTour/knightTour.in5.gz,train,train
198,FolioSuite/ASP-Comp-2009-Lparse/CompLabyrinth/laby_17_17_07.lp.gz,train,train
199,FolioSuite/ASP-Comp-2009-Lparse/CompLabyrinth/laby_17_17_09.lp.gz,train,train
200,FolioSuite/ASP-Comp-2009-Lparse/CompLabyrinth/laby_18_18_04.lp.gz,train,train
201,FolioSuite/ASP-Comp-2009-Lparse/CompLabyrinth/laby_18_18_11.lp.gz,reserved_unused,test
202,FolioSuite/ASP-Comp-2009-Lparse/CompLabyrinth/laby_19_19_14.lp.gz,test,train
203,FolioSuite/ASP-Comp-2009-Lparse/CompLabyrinth/laby_19_19_15.lp.gz,train,test
204,FolioSuite/ASP-Comp-2009-Lparse/CompLabyrinth/laby_19_19_16.lp.gz,train,test
205,FolioSuite/ASP-Comp-2009-Lparse/CompLabyrinth/laby_19_19_19.lp.gz,reserved_unused,train
206,FolioSuite/ASP-Comp-2009-Lparse/CompLabyrinth/laby_20_20_04.lp.gz,train,train
207,FolioSuite/ASP-Comp-2009-Lparse/CompLabyrinth/laby_20_20_16.lp.gz,train,test
208,FolioSuite/ASP-Comp-2009-Lparse/CompLabyrinth/laby_21_21_15.lp.gz,train,train
209,FolioSuite/ASP-Comp-2009-Lparse/CompLabyrinth/laby_21_21_16.lp.gz,train,train
210,FolioSuite/ASP-Comp-2009-Lparse/CompLabyrinth/laby_21_21_18.lp.gz,reserved_unused,train
211,FolioSuite/ASP-Comp-2009-Lparse/CompLabyrinth/laby_21_21_19.lp.gz,test,train
212,FolioSuite/ASP-Comp-2009-Lparse/CompLabyrinth/laby_22_22_08.lp.gz,train,train
213,FolioSuite/ASP-Comp-2009-Lparse/CompLabyrinth/laby_22_22_09.lp.gz,train,train
214,FolioSuite/ASP-Comp-2009-Lparse/CompMazeGeneration/maze-generation-width=10-height=10-density=0.01-run=1.gz,train,train
215,FolioSuite/ASP-Comp-2009-Lparse/CompMazeGeneration/maze-generation-width=12-height=12-density=0.01-run=1.gz,train,train
216,FolioSuite/ASP-Comp-2009-Lparse/CompMazeGeneration/maze-generation-width=12-height=12-density=0.01-run=3.gz,train,validation
217,FolioSuite/ASP-Comp-2009-Lparse/CompMazeGeneration/maze-generation-width=14-height=14-density=0.01-run=3.gz,train,test
218,FolioSuite/ASP-Comp-2009-Lparse/CompMazeGeneration/maze-generation-width=15-height=15-density=0.01-run=4.gz,train,train
219,FolioSuite/ASP-Comp-2009-Lparse/CompMazeGeneration/maze-generation-width=15-height=15-density=0.01-run=5.gz,train,test
220,FolioSuite/ASP-Comp-2009-Lparse/CompMazeGeneration/maze-generation-width=16-height=16-density=0.01-run=3.gz,train,train
221,FolioSuite/ASP-Comp-2009-Lparse/CompMazeGeneration/maze-generation-width=17-height=17-density=0.01-run=1.gz,test,train
222,FolioSuite/ASP-Comp-2009-Lparse/CompMazeGeneration/maze-generation-width=17-height=17-density=0.01-run=3.gz,train,train
223,FolioSuite/ASP-Comp-2009-Lparse/CompMazeGeneration/maze-generation-width=19-height=19-density=0.01-run=4.gz,train,train
224,FolioSuite/ASP-Comp-2009-Lparse/CompMazeGeneration/maze-generation-width=21-height=21-density=0.01-run=2.gz,train,train
225,FolioSuite/ASP-Comp-2009-Lparse/CompSchurNumbers/15.1.schur.lp.gz,train,train
226,FolioSuite/ASP-Comp-2009-Lparse/CompSchurNumbers/15.10.schur.lp.gz,train,train
227,FolioSuite/ASP-Comp-2009-Lparse/CompSchurNumbers/15.13.schur.lp.gz,train,train
228,FolioSuite/ASP-Comp-2009-Lparse/CompSchurNumbers/15.20.schur.lp.gz,reserved_unused,train
229,FolioSuite/ASP-Comp-2009-Lparse/CompSchurNumbers/15.6.schur.lp.gz,train,train
230,FolioSuite/ASP-Comp-2009-Lparse/CompSchurNumbers/15.8.schur.lp.gz,train,train
231,FolioSuite/ASP-Comp-2009-Lparse/CompSchurNumbers/20.1.schur.lp.gz,train,validation
232,FolioSuite/ASP-Comp-2009-Lparse/CompSchurNumbers/20.10.schur.lp.gz,test,train
233,FolioSuite/ASP-Comp-2009-Lparse/CompSchurNumbers/20.13.schur.lp.gz,train,train
234,FolioSuite/ASP-Comp-2009-Lparse/CompSchurNumbers/20.14.schur.lp.gz,train,train
235,FolioSuite/ASP-Comp-2009-Lparse/CompSchurNumbers/20.18.schur.lp.gz,train,train
236,FolioSuite/ASP-Comp-2009-Lparse/CompSchurNumbers/20.2.schur.lp.gz,train,train
237,FolioSuite/ASP-Comp-2009-Lparse/CompSchurNumbers/20.5.schur.lp.gz,train,test
238,FolioSuite/ASP-Comp-2009-Lparse/CompSchurNumbers/20.6.schur.lp.gz,train,train
239,FolioSuite/ASP-Comp-2009-Lparse/CompSchurNumbers/20.8.schur.lp.gz,train,train
240,FolioSuite/ASP-Comp-2009-Lparse/CompSokoban/dimitri_yorick.57.steps.7.asp.gz,train,test
241,FolioSuite/ASP-Comp-2009-Lparse/CompSokoban/duthen-990602.34.steps.14.asp.gz,train,validation
242,FolioSuite/ASP-Comp-2009-Lparse/CompSokoban/duthen-990602.37.steps.10.asp.gz,reserved_unused,train
243,FolioSuite/ASP-Comp-2009-Lparse/CompSokoban/duthen-990602.49.steps.13.asp.gz,train,test
244,FolioSuite/ASP-Comp-2009-Lparse/CompSokoban/duthen-990602.50.steps.10.asp.gz,train,test
245,FolioSuite/ASP-Comp-2009-Lparse/CompSokoban/duthen-990602.69.steps.14.asp.gz,train,train
246,FolioSuite/ASP-Comp-2009-Lparse/CompSokoban/duthen-990602.70.steps.13.asp.gz,train,train
247,FolioSuite/ASP-Comp-2009-Lparse/CompSokoban/duthen-990602.73.steps.9.asp.gz,train,train
248,FolioSuite/ASP-Comp-2009-Lparse/CompSokoban/duthen-990602.75.steps.10.asp.gz,train,train
249,FolioSuite/ASP-Comp-2009-Lparse/CompSokoban/duthen-990602.76.steps.13.asp.gz,train,train
250,FolioSuite/ASP-Comp-2009-Lparse/CompSolitaire/solitaire-asymmetric-time=24.gz,reserved_unused,train
251,FolioSuite/ASP-Comp-2009-Lparse/CompSolitaire/solitaire-asymmetric-time=25.gz,test,train
252,FolioSuite/ASP-Comp-2009-Lparse/CompSolitaire/solitaire-asymmetric-time=29.gz,train,test
253,FolioSuite/ASP-Comp-2009-Lparse/CompSolitaire/solitaire-center-time=26.gz,train,train
254,FolioSuite/ASP-Comp-2009-Lparse/CompSolitaire/solitaire-center-time=27.gz,train,train
255,FolioSuite/ASP-Comp-2009-Lparse/CompSolitaire/solitaire-center-time=28.gz,train,test
256,FolioSuite/ASP-Comp-2009-Lparse/CompSolitaire/solitaire-edge-time=25.gz,train,train
257,FolioSuite/ASP-Comp-2009-Lparse/CompSolitaire/solitaire-edge-time=26.gz,test,train
258,FolioSuite/ASP-Comp-2009-Lparse/CompSolitaire/solitaire-edge-time=27.gz,train,train
259,FolioSuite/ASP-Comp-2009-Lparse/CompSolitaire/solitaire-edge-time=28.gz,train,train
260,FolioSuite/ASP-Comp-2009-Lparse/CompSolitaire/solitaire-edge-time=29.gz,train,validation
261,FolioSuite/ASP-Comp-2009-Lparse/CompSudoku/sudoku.in1.gz,train,train
262,FolioSuite/ASP-Comp-2009-Lparse/CompSudoku/sudoku.in10.gz,train,train
263,FolioSuite/ASP-Comp-2009-Lparse/CompSudoku/sudoku.in4.gz,train,train
264,FolioSuite/ASP-Comp-2009-Lparse/CompSudoku/sudoku.in6.gz,train,test
265,FolioSuite/ASP-Comp-2009-Lparse/CompSudoku/sudoku.in7.gz,train,train
266,FolioSuite/ASP-Comp-2009-Lparse/CompTravellingSalesperson/rand_70_300_1155482584_14.lp.gz,test,train
267,FolioSuite/ASP-Comp-2009-Lparse/CompTravellingSalesperson/rand_70_300_1155482584_3.lp.gz,train,train
268,FolioSuite/ASP-Comp-2009-Lparse/CompTravellingSalesperson/rand_70_300_1155482584_4.lp.gz,test,train
269,FolioSuite/ASP-Comp-2009-Lparse/CompTravellingSalesperson/rand_70_300_1155482584_7.lp.gz,reserved_unused,train
270,FolioSuite/ASP-Comp-2009-Lparse/CompTravellingSalesperson/rand_70_300_1155482584_9.lp.gz,train,validation
271,FolioSuite/ASP-Comp-2009-Lparse/CompTravellingSalesperson/rand_80_340_1159656267_11.lp.gz,train,train
272,FolioSuite/ASP-Comp-2009-Lparse/CompTravellingSalesperson/rand_80_340_1159656267_13.lp.gz,test,train
273,FolioSuite/ASP-Comp-2009-Lparse/CompTravellingSalesperson/rand_80_340_1159656267_16.lp.gz,test,train
274,FolioSuite/ASP-Comp-2009-Lparse/CompTravellingSalesperson/rand_80_340_1159656267_17.lp.gz,train,train
275,FolioSuite/ASP-Comp-2009-Lparse/CompTravellingSalesperson/rand_80_340_1159656267_18.lp.gz,train,train
276,FolioSuite/ASP-Comp-2009-Lparse/CompTravellingSalesperson/rand_80_340_1159656267_4.lp.gz,train,test
277,FolioSuite/ASP-Comp-2009-Lparse/CompTravellingSalesperson/tsp_rand_70_300_1155482584_11.lp.gz,train,train
278,FolioSuite/ASP-Comp-2009-Lparse/CompTravellingSalesperson/tsp_rand_70_300_1155482584_5.lp.gz,train,train
279,FolioSuite/ASP-Comp-2009-Lparse/CompTravellingSalesperson/tsp_rand_70_300_1155482584_9.lp.gz,train,train
280,FolioSuite/ASP-Comp-2009-Lparse/CompWeightBoundedDominatingSet/rand_100_400_1159666138_19.lp.gz,reserved_unused,validation
281,FolioSuite/ASP-Comp-2009-Lparse/CompWeightBoundedDominatingSet/rand_100_400_1159666138_2.lp.gz,train,train
282,FolioSuite/ASP-Comp-2009-Lparse/CompWeightBoundedDominatingSet/rand_100_400_1159666138_3.lp.gz,test,train
283,FolioSuite/ASP-Comp-2009-Lparse/CompWeightBoundedDominatingSet/rand_100_400_1159666138_5.lp.gz,train,validation
284,FolioSuite/ASP-Comp-2009-Lparse/CompWeightBoundedDominatingSet/rand_100_400_1159666138_7.lp.gz,train,train
285,FolioSuite/ASP-Comp-2009-Lparse/CompWeightBoundedDominatingSet/rand_100_400_1159666138_9.lp.gz,train,train
286,FolioSuite/ASP-Comp-2009-Lparse/CompWeightBoundedDominatingSet/rand_150_600_1159731678_12.lp.gz,train,train
287,FolioSuite/ASP-Comp-2009-Lparse/CompWeightBoundedDominatingSet/rand_150_600_1159731678_15.lp.gz,train,test
288,FolioSuite/ASP-Comp-2009-Lparse/CompWeightBoundedDominatingSet/rand_150_600_1159731678_17.lp.gz,train,test
289,FolioSuite/ASP-Comp-2009-Lparse/CompWeightBoundedDominatingSet/rand_150_600_1159731678_5.lp.gz,train,validation
290,FolioSuite/ASP-Comp-2009-Lparse/CompWeightBoundedDominatingSet/rand_150_600_1159731678_6.lp.gz,reserved_unused,train
291,FolioSuite/ASP-Comp-2009-Lparse/CompWeightBoundedDominatingSet/rand_200_800_1159728969_14.lp.gz,train,train
292,FolioSuite/ASP-Comp-2009-Lparse/CompWeightBoundedDominatingSet/rand_200_800_1159728969_6.lp.gz,train,test
293,FolioSuite/ASP-Comp-2009-Lparse/CompWeightBoundedDominatingSet/rand_200_800_1159728969_7.lp.gz,reserved_unused,train
294,FolioSuite/ASP-Comp-2009-Lparse/CompWeightBoundedDominatingSet/rand_200_800_1159728969_9.lp.gz,train,train
295,FolioSuite/ASP-Comp-2009-Lparse/CompWireRouting/wire.10.x.10.b.5.a.35_sat.data.gz,train,train
296,FolioSuite/ASP-Comp-2009-Lparse/CompWireRouting/wire.12.x.12.b.5.a.15_unsat.data.gz,train,train
297,FolioSuite/ASP-Comp-2009-Lparse/CompWireRouting/wire.13.x.13.b.5.a.30_sat.data.gz,reserved_unused,train
298,FolioSuite/ASP-Comp-2009-Lparse/CompWireRouting/wire.13.x.13.b.7.a.10_unsat.data.gz,train,test
299,FolioSuite/ASP-Comp-2009-Lparse/CompWireRouting/wire.13.x.13.b.7.a.15_sat.data.gz,train,train
300,FolioSuite/ASP-Comp-2009-Lparse/CompWireRouting/wire.13.x.13.b.7.a.30_sat.data.gz,train,test
301,FolioSuite/ASP-Comp-2009-Lparse/CompWireRouting/wire.14.x.14.b.8.a.20_unsat.data.gz,train,train
302,FolioSuite/ASP-Comp-2009-Lparse/CompWireRouting/wire.14.x.14.b.8.a.30_unsat.data.gz,train,train
303,FolioSuite/ASP-Comp-2009-Lparse/CompWireRouting/wire.14.x.14.b.8.a.40_unsat.data.gz,train,train
304,FolioSuite/ASP-Comp-2009-Lparse/CompWireRouting/wire.15.x.15.b.10.a.30_sat.data.gz,train,train
305,FolioSuite/ASP-Comp-2009-Lparse/CompWireRouting/wire.15.x.15.b.2.a.25_sat.data.gz,train,train
306,FolioSuite/ASP-Comp-2009-Lparse/CompWireRouting/wire.16.x.16.b.10.a.20_unsat.data.gz,train,train
307,FolioSuite/ASP-Comp-2009-Lparse/CompWireRouting/wire.16.x.16.b.5.a.30_sat.data.gz,train,train
308,FolioSuite/ASP-Comp-2011-Lparse/10-SokobanDecision/12-sokoban_decision-0-0.asp.gz,train,test
309,FolioSuite/ASP-Comp-2011-Lparse/10-SokobanDecision/16-sokoban_decision-0-0.asp.gz,train,train
310,FolioSuite/ASP-Comp-2011-Lparse/10-SokobanDecision/4-sokoban_decision-0-0.asp.gz,train,train
311,FolioSuite/ASP-Comp-2011-Lparse/10-SokobanDecision/49-sokoban_decision-0-0.asp.gz,train,train
312,FolioSuite/ASP-Comp-2011-Lparse/10-SokobanDecision/50-sokoban_decision-0-0.asp.gz,train,train
313,FolioSuite/ASP-Comp-2011-Lparse/10-SokobanDecision/6-sokoban_decision-0-0.asp.gz,train,train
314,FolioSuite/ASP-Comp-2011-Lparse/12-KnightTour/01-knight_tour-8-0.asp.gz,train,validation
315,FolioSuite/ASP-Comp-2011-Lparse/12-KnightTour/02-knight_tour-10-0.asp.gz,test,train
316,FolioSuite/ASP-Comp-2011-Lparse/12-KnightTour/06-knight_tour-20-0.asp.gz,train,train
317,FolioSuite/ASP-Comp-2011-Lparse/12-KnightTour/08-knight_tour-40-0.asp.gz,train,train
318,FolioSuite/ASP-Comp-2011-Lparse/12-KnightTour/09-knight_tour-46-0.asp.gz,train,train
319,FolioSuite/ASP-Comp-2011-Lparse/13-DisjunctiveScheduling/01-disjunctive_scheduling-1000-0.asp.gz,reserved_unused,train
320,FolioSuite/ASP-Comp-2011-Lparse/13-DisjunctiveScheduling/10-disjunctive_scheduling-205-0.asp.gz,train,train
321,FolioSuite/ASP-Comp-2011-Lparse/17-Labyrinth/123-labyrinth-17-0.asp.gz,train,train
322,FolioSuite/ASP-Comp-2011-Lparse/17-Labyrinth/131-labyrinth-17-0.asp.gz,train,train
323,FolioSuite/ASP-Comp-2011-Lparse/17-Labyrinth/147-labyrinth-18-0.asp.gz,train,train
324,FolioSuite/ASP-Comp-2011-Lparse/17-Labyrinth/169-labyrinth-19-0.asp.gz,train,train
325,FolioSuite/ASP-Comp-2011-Lparse/17-Labyrinth/225-labyrinth-22-0.asp.gz,train,train
326,FolioSuite/ASP-Comp-2011-Lparse/19-MultiContextSystemQuerying/00-multi_context_system_querying-0-0.asp.gz,train,validation
327,FolioSuite/ASP-Comp-2011-Lparse/19-MultiContextSystemQuerying/32-multi_context_system_querying-0-0.asp.gz,test,train
328,FolioSuite/ASP-Comp-2011-Lparse/19-MultiContextSystemQuerying/39-multi_context_system_querying-0-0.asp.gz,train,train
329,FolioSuite/ASP-Comp-2011-Lparse/19-MultiContextSystemQuerying/60-multi_context_system_querying-0-0.asp.gz,train,test
330,FolioSuite/ASP-Comp-2011-Lparse/19-MultiContextSystemQuerying/64-multi_context_system_querying-0-0.asp.gz,test,train
331,FolioSuite/ASP-Comp-2011-Lparse/20-Numberlink/2-numberlink-0-0.asp.gz,train,train
332,FolioSuite/ASP-Comp-2011-Lparse/20-Numberlink/87-numberlink-0-0.asp.gz,train,train
333,FolioSuite/ASP-Comp-2011-Lparse/20-Numberlink/9-numberlink-0-0.asp.gz,reserved_unused,train
334,FolioSuite/ASP-Comp-2011-Lparse/20-Numberlink/94-numberlink-0-0.asp.gz,train,train
335,FolioSuite/ASP-Comp-2011-Lparse/22-HanoiTower/09-hanoi_tower-28-0.asp.gz,train,train
336,FolioSuite/ASP-Comp-2011-Lparse/22-HanoiTower/10-hanoi_tower-29-0.asp.gz,test,train
337,FolioSuite/ASP-Comp-2011-Lparse/22-HanoiTower/51-hanoi_tower-120-0.asp.gz,train,train
338,FolioSuite/ASP-Comp-2011-Lparse/22-HanoiTower/56-hanoi_tower-120-0.asp.gz,train,validation
339,FolioSuite/ASP-Comp-2011-Lparse/22-HanoiTower/57-hanoi_tower-120-0.asp.gz,train,train
340,FolioSuite/ASP-Comp-2011-Lparse/22-HanoiTower/59-hanoi_tower-120-0.asp.gz,train,train
341,FolioSuite/ASP-Comp-2011-Lparse/25-GraphColouring/53-graph_colouring-150-0.asp.gz,train,train
342,FolioSuite/ASP-Comp-2011-Lparse/25-GraphColouring/58-graph_colouring-150-0.asp.gz,test,train
343,FolioSuite/ASP-Comp-2011-Lparse/25-GraphColouring/59-graph_colouring-150-0.asp.gz,train,validation
344,FolioSuite/ASP-Comp-2011-Lparse/25-GraphColouring/9-graph_colouring-125-0.asp.gz,train,train
345,FolioSuite/ASP-Comp-2011-Lparse/26-Solitaire/1-solitaire-20-0.asp.gz,train,train
346,FolioSuite/ASP-Comp-2011-Lparse/26-Solitaire/15-solitaire-50-0.asp.gz,reserved_unused,train
347,FolioSuite/ASP-Comp-2011-Lparse/26-Solitaire/16-solitaire-50-0.asp.gz,train,test
348,FolioSuite/ASP-Comp-2011-Lparse/26-Solitaire/17-solitaire-50-0.asp.gz,test,train
349,FolioSuite/ASP-Comp-2011-Lparse/26-Solitaire/25-solitaire-50-0.asp.gz,train,validation
350,FolioSuite/ASP-Comp-2011-Lparse/26-Solitaire/3-solitaire-19-0.asp.gz,train,train
351,FolioSuite/ASP-Comp-2011-Lparse/26-Solitaire/4-solitaire-100-0.asp.gz,train,train
352,FolioSuite/ASP-Comp-2011-Lparse/33-MazeGeneration/10-maze_generation-0-0.asp.gz,test,train
353,FolioSuite/ASP-Comp-2011-Lparse/33-MazeGeneration/14-maze_generation-0-0.asp.gz,reserved_unused,train
354,FolioSuite/ASP-Comp-2011-Lparse/33-MazeGeneration/22-maze_generation-0-0.asp.gz,test,train
355,FolioSuite/ASP-Comp-2011-Lparse/33-MazeGeneration/31-maze_generation-0-0.asp.gz,train,train
356,FolioSuite/ASP-Comp-2011-Lparse/33-MazeGeneration/37-maze_generation-0-0.asp.gz,train,train
357,FolioSuite/ASP-Comp-2011-Lparse/33-MazeGeneration/41-maze_generation-0-0.asp.gz,train,train
358,FolioSuite/BoundedSpanningTree/104_rand_45_250_1727038210_0.gph.lp.gz,train,train
359,FolioSuite/BoundedSpanningTree/104_rand_45_250_1727040059_0.gph.lp.gz,reserved_unused,train
360,FolioSuite/BoundedSpanningTree/104_rand_45_250_1727040917_0.gph.lp.gz,train,train
361,FolioSuite/BoundedSpanningTree/104_rand_45_250_1727042043_0.gph.lp.gz,train,test
362,FolioSuite/BoundedSpanningTree/104_rand_45_250_1727044175_0.gph.lp.gz,train,train
363,FolioSuite/BoundedSpanningTree/104_rand_45_250_1727047830_0.gph.lp.gz,train,train
364,FolioSuite/BoundedSpanningTree/104_rand_45_250_1727050284_0.gph.lp.gz,test,train
365,FolioSuite/BoundedSpanningTree/104_rand_45_250_1727052928_0.gph.lp.gz,train,train
366,FolioSuite/BoundedSpanningTree/104_rand_45_250_1727068712_0.gph.lp.gz,train,validation
367,FolioSuite/BoundedSpanningTree/122_rand_35_250_1700137086_0.gph.lp.gz,train,test
368,FolioSuite/BoundedSpanningTree/122_rand_35_250_1700137959_0.gph.lp.gz,test,validation
369,FolioSuite/BoundedSpanningTree/122_rand_35_250_1700138097_0.gph.lp.gz,train,train
370,FolioSuite/BoundedSpanningTree/122_rand_35_250_1700138821_0.gph.lp.gz,train,train
371,FolioSuite/BoundedSpanningTree/122_rand_35_250_1700139777_0.gph.lp.gz,train,train
372,FolioSuite/BoundedSpanningTree/122_rand_35_250_1700163981_0.gph.lp.gz,train,validation
373,FolioSuite/BoundedSpanningTree/122_rand_35_250_1700167407_0.gph.lp.gz,train,validation
374,FolioSuite/BoundedSpanningTree/122_rand_35_250_1700167469_0.gph.lp.gz,train,train
375,FolioSuite/CarSequencing/001.benchmark2_10classes.dlv.dat.lp.lp.gz,train,train
376,FolioSuite/CarSequencing/001.benchmark2_11classes.dlv.dat.lp.lp.gz,train,train
377,FolioSuite/CarSequencing/001.benchmark2_12classes.dlv.dat.lp.lp.gz,reserved_unused,train
378,FolioSuite/CarSequencing/001.benchmark2_16classes.dlv.dat.lp.lp.gz,reserved_unused,train
379,FolioSuite/CarSequencing/001.benchmark2_8classes.dlv.dat.lp.lp.gz,train,test
380,FolioSuite/CarSequencing/benchmark1_14classes.dlv.dat.lp.lp.gz,train,test
381,FolioSuite/CarSequencing/benchmark1_17classes.dlv.dat.lp.lp.gz,train,train
382,FolioSuite/CarSequencing/benchmark1_5classes.dlv.dat.lp.lp.gz,reserved_unused,train
383,FolioSuite/CarSequencing/benchmark1_8classes.dlv.dat.lp.lp.gz,test,train
384,FolioSuite/CarSequencing/benchmark1_9classes.dlv.dat.lp.lp.gz,reserved_unused,train
385,FolioSuite/CarSequencing/benchmark2_13classes.dlv.dat.lp.lp.gz,test,train
386,FolioSuite/CarSequencing/benchmark2_14classes.dlv.dat.lp.lp.gz,train,train
387,FolioSuite/CarSequencing/benchmark2_18classes..dlv.dat.lp.lp.gz,train,train
388,FolioSuite/CarSequencing/benchmark2_9classes.dlv.dat.lp.lp.gz,train,train
389,FolioSuite/CarSequencing/benchmark3_13classes.dlv.dat.lp.lp.gz,train,train
390,FolioSuite/CarSequencing/benchmark3_14classes.dlv.dat.lp.lp.gz,train,train
391,FolioSuite/CarSequencing/benchmark3_15classes.dlv.dat.lp.lp.gz,train,train
392,FolioSuite/CarSequencing/benchmark3_6classes.dlv.dat.lp.lp.gz,train,train
393,FolioSuite/CarSequencing/benchmark3_9classes.dlv.dat.lp.lp.gz,train,train
394,FolioSuite/EqTest/qeq.06.lp.gz,train,train
395,FolioSuite/EqTest/qeq.09.lp.gz,train,train
396,FolioSuite/EqTest/qeq.10.lp.gz,train,train
397,FolioSuite/EqTest/qeq.12.lp.gz,train,train
398,FolioSuite/EqTest/qeq.13.lp.gz,train,validation
399,FolioSuite/Factoring/fact.grnd.sat.15.lp.gz,train,train
400,FolioSuite/Factoring/fact.grnd.sat.20.lp.gz,train,train
401,FolioSuite/Factoring/fact.grnd.unsat.15.lp.gz,train,train
402,FolioSuite/Factoring/fact.grnd.unsat.20.lp.gz,train,train
403,FolioSuite/Fastfood/a2.9.22.sm.gz,train,validation
404,FolioSuite/Fastfood/a3.3.3.sm.gz,train,train
405,FolioSuite/Fastfood/a4.7.10.sm.gz,train,train
406,FolioSuite/Fastfood/a5.10.10.sm.gz,train,train
407,FolioSuite/Fastfood/a7.3.5.sm.gz,train,train
408,FolioSuite/Fastfood/a8.7.0.sm.gz,test,train
409,FolioSuite/Fastfood/a9.8.61.sm.gz,reserved_unused,train
410,FolioSuite/HamiltonClumpy/08/clumpy-08x08_01.sm.gz,train,test
411,FolioSuite/HamiltonClumpy/08/clumpy-08x08_03.sm.gz,train,train
412,FolioSuite/HamiltonClumpy/08/clumpy-08x08_05.sm.gz,train,train
413,FolioSuite/HamiltonClumpy/08/clumpy-08x08_09.sm.gz,train,train
414,FolioSuite/HamiltonClumpy/08/clumpy-08x08_10.sm.gz,reserved_unused,validation
415,FolioSuite/HamiltonClumpy/18/clumpy-18x18_01.sm.gz,train,train
416,FolioSuite/HamiltonClumpy/18/clumpy-18x18_02.sm.gz,train,train
417,FolioSuite/HamiltonClumpy/18/clumpy-18x18_07.sm.gz,test,train
418,FolioSuite/HamiltonClumpy/18/clumpy-18x18_08.sm.gz,train,train
419,FolioSuite/HamiltonClumpy/18/clumpy-18x18_10.sm.gz,train,train
420,FolioSuite/HamiltonClumpy/20/clumpy-20x20_04.sm.gz,train,train
421,FolioSuite/HamiltonClumpy/20/clumpy-20x20_05.sm.gz,train,validation
422,FolioSuite/HamiltonClumpy/20/clumpy-20x20_09.sm.gz,test,train
423,FolioSuite/HamiltonClumpy/21/clumpy-21x21_01.sm.gz,train,train
424,FolioSuite/HamiltonClumpy/21/clumpy-21x21_02.sm.gz,train,train
425,FolioSuite/HamiltonClumpy/21/clumpy-21x21_03.sm.gz,train,validation
426,FolioSuite/HamiltonClumpy/21/clumpy-21x21_06.sm.gz,reserved_unused,validation
427,FolioSuite/HamiltonClumpy/21/clumpy-21x21_07.sm.gz,train,train
428,FolioSuite/HamiltonClumpy/21/clumpy-21x21_08.sm.gz,train,test
429,FolioSuite/HamiltonClumpy/22/clumpy-22x22_02.sm.gz,test,train
430,FolioSuite/HamiltonClumpy/22/clumpy-22x22_04.sm.gz,train,train
431,FolioSuite/HamiltonClumpy/22/clumpy-22x22_05.sm.gz,train,test
432,FolioSuite/HamiltonClumpy/22/clumpy-22x22_06.sm.gz,train,train
433,FolioSuite/HamiltonClumpy/22/clumpy-22x22_07.sm.gz,train,train
434,FolioSuite/HamiltonClumpy/22/clumpy-22x22_10.sm.gz,reserved_unused,train
435,FolioSuite/HamiltonianCycle/rand_100_800_1155012316_1.gph.lp.gz,train,train
436,FolioSuite/HamiltonianCycle/rand_100_800_1155012316_12.gph.lp.gz,train,train
437,FolioSuite/HamiltonianCycle/rand_100_800_1155012316_3.gph.lp.gz,train,train
438,FolioSuite/HamiltonianCycle/rand_100_800_1155012316_4.gph.lp.gz,reserved_unused,train
439,FolioSuite/HamiltonianCycle/rand_100_800_1155012316_5.gph.lp.gz,reserved_unused,test
440,FolioSuite/HamiltonianCycle/rand_100_800_1155012316_7.gph.lp.gz,train,train
441,FolioSuite/HamiltonianCycle/rand_100_800_1155012316_9.gph.lp.gz,train,train
442,FolioSuite/HamiltonianCycle/rand_150_1200_1154711577_0.gph.lp.gz,train,test
443,FolioSuite/HamiltonianCycle/rand_150_1200_1154711577_12.gph.lp.gz,train,train
444,FolioSuite/HamiltonianCycle/rand_150_1200_1154711577_3.gph.lp.gz,train,train
445,FolioSuite/HamiltonianCycle/rand_150_1200_1154711577_4.gph.lp.gz,train,train
446,FolioSuite/HamiltonianCycle/rand_150_1200_1154711577_6.gph.lp.gz,train,train
447,FolioSuite/HamiltonianCycle/rand_150_1200_1154711577_8.gph.lp.gz,train,validation
448,FolioSuite/HamiltonianCycle/rand_150_1200_1154711577_9.gph.lp.gz,train,train
449,FolioSuite/HamiltonianCycle/rand_200_1800_1154991214_12.gph.lp.gz,train,validation
450,FolioSuite/HamiltonianCycle/rand_200_1800_1154991214_18.gph.lp.gz,train,train
451,FolioSuite/HamiltonianCycle/rand_200_1800_1154991214_4.gph.lp.gz,test,train
452,FolioSuite/HamiltonianCycle/rand_200_1800_1154991214_6.gph.lp.gz,train,train
453,FolioSuite/HamiltonianCycle/rand_200_1800_1154991214_7.gph.lp.gz,train,train
454,FolioSuite/HamiltonianCycle/rand_200_1800_1154991214_9.gph.lp.gz,train,validation
455,FolioSuite/HamiltonianPath/gryzzles.1.lp.gz,train,train
456,FolioSuite/HamiltonianPath/gryzzles.11.lp.gz,train,train
457,FolioSuite/HamiltonianPath/gryzzles.12.lp.gz,reserved_unused,train
458,FolioSuite/HamiltonianPath/gryzzles.15.lp.gz,train,train
459,FolioSuite/HamiltonianPath/gryzzles.17.lp.gz,reserved_unused,train
460,FolioSuite/HamiltonianPath/gryzzles.18.lp.gz,train,train
461,FolioSuite/HamiltonianPath/gryzzles.19.lp.gz,train,train
462,FolioSuite/HamiltonianPath/gryzzles.2.lp.gz,test,train
463,FolioSuite/HamiltonianPath/gryzzles.21.lp.gz,test,train
464,FolioSuite/HamiltonianPath/gryzzles.25.lp.gz,train,train
465,FolioSuite/HamiltonianPath/gryzzles.26.lp.gz,train,train
466,FolioSuite/HamiltonianPath/gryzzles.28.lp.gz,reserved_unused,train
467,FolioSuite/HamiltonianPath/gryzzles.29.lp.gz,train,train
468,FolioSuite/HamiltonianPath/gryzzles.3.lp.gz,train,train
469,FolioSuite/HamiltonianPath/gryzzles.30.lp.gz,train,validation
470,FolioSuite/HamiltonianPath/gryzzles.32.lp.gz,train,train
471,FolioSuite/HamiltonianPath/gryzzles.33.lp.gz,train,train
472,FolioSuite/HamiltonianPath/gryzzles.34.lp.gz,test,train
473,FolioSuite/HamiltonianPath/gryzzles.36.lp.gz,train,train
474,FolioSuite/HamiltonianPath/gryzzles.39.lp.gz,train,train
475,FolioSuite/HamiltonianPath/gryzzles.4.lp.gz,train,train
476,FolioSuite/HamiltonianPath/gryzzles.47.lp.gz,train,train
477,FolioSuite/HamiltonianPath/gryzzles.49.lp.gz,train,train
478,FolioSuite/HamiltonianPath/gryzzles.5.lp.gz,train,train
479,FolioSuite/HamiltonianPath/gryzzles.8.lp.gz,train,train
480,FolioSuite/HamiltonianPath/gryzzles.9.lp.gz,train,train
481,FolioSuite/HamiltonianPath/hampath.ngrnd.1.lp.gz,train,train
482,FolioSuite/HamiltonianPath/hampath.ngrnd.2.lp.gz,reserved_unused,train
483,FolioSuite/HamiltonianPath/hampath.ngrnd.6.lp.gz,train,train
484,FolioSuite/LTL-BMC/dp_10.formula1-i-O2-b12.sm.gz,test,validation
485,FolioSuite/LTL-BMC/dp_10.formula1-s-O2-b9.sm.gz,train,validation
486,FolioSuite/LTL-BMC/dp_8.formula1-i-O2-b10.sm.gz,train,train
487,FolioSuite/RicochetRobots/robo2.lp.gz,train,test
488,FolioSuite/RicochetRobots/robo25.lp.gz,test,train
489,FolioSuite/RicochetRobots/robo27.lp.gz,train,train
490,FolioSuite/RicochetRobots/robo28.lp.gz,train,train
491,FolioSuite/RicochetRobots/robo3.lp.gz,train,train
492,FolioSuite/RicochetRobots/robo33.lp.gz,train,train
493,FolioSuite/RicochetRobots/robo38.lp.gz,train,train
494,FolioSuite/RicochetRobots/robo39.lp.gz,train,train
495,FolioSuite/RicochetRobots/rr01-05.sm.gz,train,test
496,FolioSuite/RicochetRobots/rr01-07.sm.gz,train,test
497,FolioSuite/RicochetRobots/rr01-09.sm.gz,train,train
498,FolioSuite/RicochetRobots/rr02-05.sm.gz,train,train
499,FolioSuite/RicochetRobots/rr02-06.sm.gz,reserved_unused,train
500,FolioSuite/RicochetRobots/rr02-08.sm.gz,test,train
501,FolioSuite/RicochetRobots/rr02-10.sm.gz,reserved_unused,train
502,FolioSuite/RicochetRobots/rr03-07.sm.gz,train,train
503,FolioSuite/RicochetRobots/rr04-07.sm.gz,train,test
504,FolioSuite/RicochetRobots/rr05-05.sm.gz,train,train
505,FolioSuite/RicochetRobots/rr05-06.sm.gz,train,test
506,FolioSuite/RicochetRobots/rr05-08.sm.gz,train,test
507,FolioSuite/RicochetRobots/rr05-10.sm.gz,test,train
508,FolioSuite/RicochetRobots/rr05-11.sm.gz,train,train
509,FolioSuite/RicochetRobots/rr06-08.sm.gz,train,train
510,FolioSuite/RicochetRobots/rr07-03.sm.gz,train,train
511,FolioSuite/RicochetRobots/rr08-08.sm.gz,train,train
512,FolioSuite/RicochetRobots/rr08-09.sm.gz,train,train
513,FolioSuite/RicochetRobots/rr08-11.sm.gz,train,train
514,FolioSuite/RicochetRobots/rr08-12.sm.gz,train,test
515,FolioSuite/RicochetRobots/rr08-13.sm.gz,train,train
516,FolioSuite/RicochetRobots/rr09-02.sm.gz,train,train
517,FolioSuite/RicochetRobots/rr10-07.sm.gz,train,test
518,FolioSuite/RicochetRobots/rr10-09.sm.gz,train,train
519,FolioSuite/RicochetRobots/rr10-11.sm.gz,train,train
520,FolioSuite/RicochetRobots/rr11-06.sm.gz,train,train
521,FolioSuite/RicochetRobots/rr11-07.sm.gz,train,train
522,FolioSuite/RicochetRobots/rr11-09.sm.gz,train,train
523,FolioSuite/RicochetRobots/rr12-07.sm.gz,test,train
524,FolioSuite/RicochetRobots/rr13-08.sm.gz,train,test
525,FolioSuite/RicochetRobots/rr13-09.sm.gz,train,train
526,FolioSuite/RicochetRobots/rr16-06.sm.gz,train,train
527,FolioSuite/RicochetRobots/rr16-12.sm.gz,train,train
528,FolioSuite/SchurCompetition/15.1.schur.lp.gz,train,train
529,FolioSuite/SchurCompetition/15.10.schur.lp.gz,train,train
530,FolioSuite/SchurCompetition/15.14.schur.lp.gz,train,train
531,FolioSuite/SchurCompetition/15.4.schur.lp.gz,train,train
532,FolioSuite/SchurCompetition/15.5.schur.lp.gz,train,train
533,FolioSuite/SchurCompetition/15.6.schur.lp.gz,train,train
534,FolioSuite/SchurCompetition/20.16.schur.lp.gz,train,test
535,FolioSuite/SchurCompetition/20.18.schur.lp.gz,test,train
536,FolioSuite/SchurCompetition/20.19.schur.lp.gz,train,train
537,FolioSuite/SchurCompetition/20.2.schur.lp.gz,train,train
538,FolioSuite/SchurCompetition/20.20.schur.lp.gz,train,train
539,FolioSuite/SchurCompetition/20.4.schur.lp.gz,train,train
540,FolioSuite/SchurCompetition/20.6.schur.lp.gz,train,train
541,FolioSuite/SchurCompetition/20.7.schur.lp.gz,train,train
542,FolioSuite/SchurNumbers/15.1.schur.sm.gz,train,train
543,FolioSuite/SchurNumbers/15.20.schur.sm.gz,train,train
544,FolioSuite/SchurNumbers/15.3.schur.sm.gz,train,train
545,FolioSuite/SocialGolfer/csp010-SocialGolfer_w2_g2_s2.dlv.dat.lp.lp.gz,train,train
546,FolioSuite/SocialGolfer/csp010-SocialGolfer_w2_g2_s3.dlv.dat.lp.lp.gz,train,train
547,FolioSuite/SocialGolfer/csp010-SocialGolfer_w2_g2_s4.dlv.dat.lp.lp.gz,train,test
548,FolioSuite/SocialGolfer/csp010-SocialGolfer_w2_g2_s6.dlv.dat.lp.lp.gz,test,train
549,FolioSuite/SocialGolfer/csp010-SocialGolfer_w2_g3_s4.dlv.dat.lp.lp.gz,train,train
550,FolioSuite/SocialGolfer/csp010-SocialGolfer_w2_g4_s2.dlv.dat.lp.lp.gz,train,train
551,FolioSuite/SocialGolfer/csp010-SocialGolfer_w2_g4_s4.dlv.dat.lp.lp.gz,train,validation
552,FolioSuite/SocialGolfer/csp010-SocialGolfer_w2_g4_s5.dlv.dat.lp.lp.gz,train,train
553,FolioSuite/SocialGolfer/csp010-SocialGolfer_w2_g4_s6.dlv.dat.lp.lp.gz,train,test
554,FolioSuite/SocialGolfer/csp010-SocialGolfer_w2_g6_s4.dlv.dat.lp.lp.gz,test,validation
555,FolioSuite/SocialGolfer/csp010-SocialGolfer_w2_g6_s6.dlv.dat.lp.lp.gz,train,train
556,FolioSuite/SocialGolfer/csp010-SocialGolfer_w3_g2_s6.dlv.dat.lp.lp.gz,train,train
557,FolioSuite/SocialGolfer/csp010-SocialGolfer_w3_g3_s2.dlv.dat.lp.lp.gz,train,train
558,FolioSuite/SocialGolfer/csp010-SocialGolfer_w3_g3_s4.dlv.dat.lp.lp.gz,train,test
559,FolioSuite/SocialGolfer/csp010-SocialGolfer_w3_g3_s5.dlv.dat.lp.lp.gz,train,train
560,FolioSuite/SocialGolfer/csp010-SocialGolfer_w3_g4_s2.dlv.dat.lp.lp.gz,train,train
561,FolioSuite/SocialGolfer/csp010-SocialGolfer_w3_g4_s4.dlv.dat.lp.lp.gz,reserved_unused,validation
562,FolioSuite/SocialGolfer/csp010-SocialGolfer_w3_g4_s5.dlv.dat.lp.lp.gz,test,train
563,FolioSuite/SocialGolfer/csp010-SocialGolfer_w3_g5_s2.dlv.dat.lp.lp.gz,train,test
564,FolioSuite/SocialGolfer/csp010-SocialGolfer_w3_g5_s3.dlv.dat.lp.lp.gz,reserved_unused,train
565,FolioSuite/SocialGolfer/csp010-SocialGolfer_w3_g5_s6.dlv.dat.lp.lp.gz,train,train
566,FolioSuite/SocialGolfer/csp010-SocialGolfer_w3_g6_s2.dlv.dat.lp.lp.gz,train,train
567,FolioSuite/SocialGolfer/csp010-SocialGolfer_w3_g6_s4.dlv.dat.lp.lp.gz,test,train
568,FolioSuite/SocialGolfer/csp010-SocialGolfer_w3_g6_s6.dlv.dat.lp.lp.gz,train,train
569,FolioSuite/SocialGolfer/csp010-SocialGolfer_w4_g2_s3.dlv.dat.lp.lp.gz,train,train
570,FolioSuite/SocialGolfer/csp010-SocialGolfer_w4_g2_s4.dlv.dat.lp.lp.gz,train,train
571,FolioSuite/SocialGolfer/csp010-SocialGolfer_w4_g2_s5.dlv.dat.lp.lp.gz,reserved_unused,train
572,FolioSuite/SocialGolfer/csp010-SocialGolfer_w4_g4_s4.dlv.dat.lp.lp.gz,train,train
573,FolioSuite/SocialGolfer/csp010-SocialGolfer_w4_g5_s4.dlv.dat.lp.lp.gz,train,train
574,FolioSuite/SocialGolfer/csp010-SocialGolfer_w4_g6_s3.dlv.dat.lp.lp.gz,train,train
575,FolioSuite/SocialGolfer/csp010-SocialGolfer_w4_g6_s4.dlv.dat.lp.lp.gz,train,train
576,FolioSuite/SocialGolfer/csp010-SocialGolfer_w4_g6_s5.dlv.dat.lp.lp.gz,train,train
577,FolioSuite/SocialGolfer/csp010-SocialGolfer_w5_g3_s3.dlv.dat.lp.lp.gz,train,train
578,FolioSuite/SocialGolfer/csp010-SocialGolfer_w5_g3_s5.dlv.dat.lp.lp.gz,train,train
579,FolioSuite/SocialGolfer/csp010-SocialGolfer_w5_g4_s2.dlv.dat.lp.lp.gz,train,train
580,FolioSuite/SocialGolfer/csp010-SocialGolfer_w5_g4_s3.dlv.dat.lp.lp.gz,train,train
581,FolioSuite/SocialGolfer/csp010-SocialGolfer_w5_g4_s4.dlv.dat.lp.lp.gz,train,train
582,FolioSuite/SocialGolfer/csp010-SocialGolfer_w5_g4_s6.dlv.dat.lp.lp.gz,train,train
583,FolioSuite/SocialGolfer/csp010-SocialGolfer_w5_g5_s2.dlv.dat.lp.lp.gz,train,train
584,FolioSuite/SocialGolfer/csp010-SocialGolfer_w5_g5_s3.dlv.dat.lp.lp.gz,train,test
585,FolioSuite/SocialGolfer/csp010-SocialGolfer_w5_g5_s5.dlv.dat.lp.lp.gz,train,test
586,FolioSuite/SocialGolfer/csp010-SocialGolfer_w5_g6_s2.dlv.dat.lp.lp.gz,test,train
587,FolioSuite/SocialGolfer/csp010-SocialGolfer_w5_g6_s3.dlv.dat.lp.lp.gz,train,train
588,FolioSuite/SocialGolfer/csp010-SocialGolfer_w5_g6_s4.dlv.dat.lp.lp.gz,train,train
589,FolioSuite/SocialGolfer/csp010-SocialGolfer_w6_g2_s2.dlv.dat.lp.lp.gz,train,train
590,FolioSuite/SocialGolfer/csp010-SocialGolfer_w6_g2_s3.dlv.dat.lp.lp.gz,train,train
591,FolioSuite/SocialGolfer/csp010-SocialGolfer_w6_g3_s3.dlv.dat.lp.lp.gz,train,train
592,FolioSuite/SocialGolfer/csp010-SocialGolfer_w6_g3_s4.dlv.dat.lp.lp.gz,train,test
593,FolioSuite/SocialGolfer/csp010-SocialGolfer_w6_g3_s5.dlv.dat.lp.lp.gz,train,train
594,FolioSuite/SocialGolfer/csp010-SocialGolfer_w6_g3_s6.dlv.dat.lp.lp.gz,train,train
595,FolioSuite/SocialGolfer/csp010-SocialGolfer_w6_g4_s2.dlv.dat.lp.lp.gz,train,train
596,FolioSuite/SocialGolfer/csp010-SocialGolfer_w6_g4_s3.dlv.dat.lp.lp.gz,train,validation
597,FolioSuite/SocialGolfer/csp010-SocialGolfer_w6_g4_s5.dlv.dat.lp.lp.gz,train,train
598,FolioSuite/SocialGolfer/csp010-SocialGolfer_w6_g4_s6.dlv.dat.lp.lp.gz,train,train
599,FolioSuite/SocialGolfer/csp010-SocialGolfer_w6_g5_s3.dlv.dat.lp.lp.gz,train,train
600,FolioSuite/SocialGolfer/csp010-SocialGolfer_w6_g5_s4.dlv.dat.lp.lp.gz,train,train
601,FolioSuite/SocialGolfer/csp010-SocialGolfer_w6_g5_s6.dlv.dat.lp.lp.gz,train,train
602,FolioSuite/SocialGolfer/csp010-SocialGolfer_w6_g6_s4.dlv.dat.lp.lp.gz,train,train
603,FolioSuite/SocialGolfer/csp010-SocialGolfer_w6_g6_s5.dlv.dat.lp.lp.gz,reserved_unused,train
604,FolioSuite/SocialGolfer/csp010-SocialGolfer_w7_g2_s3.dlv.dat.lp.lp.gz,train,train
605,FolioSuite/SocialGolfer/csp010-SocialGolfer_w7_g2_s4.dlv.dat.lp.lp.gz,train,train
606,FolioSuite/SocialGolfer/csp010-SocialGolfer_w7_g2_s5.dlv.dat.lp.lp.gz,train,train
607,FolioSuite/SocialGolfer/csp010-SocialGolfer_w7_g3_s2.dlv.dat.lp.lp.gz,test,train
608,FolioSuite/SocialGolfer/csp010-SocialGolfer_w7_g4_s5.dlv.dat.lp.lp.gz,train,train
609,FolioSuite/SocialGolfer/csp010-SocialGolfer_w7_g5_s5.dlv.dat.lp.lp.gz,train,train
610,FolioSuite/SocialGolfer/csp010-SocialGolfer_w7_g5_s6.dlv.dat.lp.lp.gz,train,test
611,FolioSuite/SocialGolfer/csp010-SocialGolfer_w7_g6_s3.dlv.dat.lp.lp.gz,train,train
612,FolioSuite/SocialGolfer/csp010-SocialGolfer_w7_g6_s4.dlv.dat.lp.lp.gz,train,train
613,FolioSuite/SocialGolfer/csp010-SocialGolfer_w8_g2_s2.dlv.dat.lp.lp.gz,train,train
614,FolioSuite/SocialGolfer/csp010-SocialGolfer_w8_g2_s5.dlv.dat.lp.lp.gz,train,train
615,FolioSuite/SocialGolfer/csp010-SocialGolfer_w8_g2_s6.dlv.dat.lp.lp.gz,train,train
616,FolioSuite/SocialGolfer/csp010-SocialGolfer_w8_g3_s6.dlv.dat.lp.lp.gz,test,train
617,FolioSuite/SocialGolfer/csp010-SocialGolfer_w8_g4_s2.dlv.dat.lp.lp.gz,train,train
618,FolioSuite/SocialGolfer/csp010-SocialGolfer_w8_g4_s3.dlv.dat.lp.lp.gz,train,train
619,FolioSuite/SocialGolfer/csp010-SocialGolfer_w8_g4_s4.dlv.dat.lp.lp.gz,train,train
620,FolioSuite/SocialGolfer/csp010-SocialGolfer_w8_g4_s5.dlv.dat.lp.lp.gz,train,train
621,FolioSuite/SocialGolfer/csp010-SocialGolfer_w8_g4_s6.dlv.dat.lp.lp.gz,train,train
622,FolioSuite/SocialGolfer/csp010-SocialGolfer_w8_g5_s2.dlv.dat.lp.lp.gz,train,train
623,FolioSuite/SocialGolfer/csp010-SocialGolfer_w8_g5_s5.dlv.dat.lp.lp.gz,test,train
624,FolioSuite/SocialGolfer/csp010-SocialGolfer_w8_g5_s6.dlv.dat.lp.lp.gz,train,train
625,FolioSuite/Sokoban-Hard/handmade_soko001.lp-17-4145.sm.gz,train,train
626,FolioSuite/Sokoban-Hard/handmade_soko001.lp-18-10105.sm.gz,test,train
627,FolioSuite/Sokoban-Hard/handmade_soko008.lp-28-452.sm.gz,train,train
628,FolioSuite/Sokoban-Hard/handmade_soko008.lp-29-1306.sm.gz,train,train
629,FolioSuite/Sokoban-Hard/handmade_soko008.lp-30-5732.sm.gz,train,train
630,FolioSuite/Sokoban-Hard/handmade_soko008.lp-32-20100.sm.gz,train,train
631,FolioSuite/Sokoban-Hard/handmade_soko009.lp-16-290.sm.gz,train,train
632,FolioSuite/Sokoban-Hard/handmade_soko013.lp-30-298.sm.gz,train,train
633,FolioSuite/Sokoban-Hard/handmade_soko013.lp-31-337.sm.gz,train,validation
634,FolioSuite/Sokoban-Hard/handmade_soko013.lp-32-637.sm.gz,train,train
635,FolioSuite/Sokoban-Hard/handmade_soko013.lp-34-861.sm.gz,train,validation
636,FolioSuite/Sokoban-Hard/handmade_soko013.lp-35-893.sm.gz,train,train
637,FolioSuite/Sokoban-Hard/handmade_soko013.lp-36-9550.sm.gz,train,train
638,FolioSuite/Sokoban-Hard/handmade_soko013.lp-39-16163.sm.gz,train,test
639,FolioSuite/Sokoban-Hard/handmade_soko014.lp-22-20100.sm.gz,train,train
640,FolioSuite/Sokoban-Hard/handmade_soko018.lp-19-3046.sm.gz,train,train
641,FolioSuite/Sokoban-Hard/handmade_soko018.lp-20-8966.sm.gz,train,train
642,FolioSuite/Sokoban-Hard/handmade_soko018.lp-21-20100.sm.gz,train,train
643,FolioSuite/Sokoban-Hard/handmade_soko019.lp-17-231.sm.gz,reserved_unused,train
644,FolioSuite/Sokoban-Hard/handmade_soko019.lp-20-836.sm.gz,train,train
645,FolioSuite/Sokoban-Hard/handmade_soko020.lp-27-482.sm.gz,reserved_unused,train
646,FolioSuite/Sokoban-Hard/handmade_soko020.lp-28-1933.sm.gz,test,train
647,FolioSuite/Sokoban-Hard/handmade_soko020.lp-29-710.sm.gz,train,train
648,FolioSuite/Sokoban-Hard/handmade_soko021.lp-16-955.sm.gz,train,train
649,FolioSuite/Sokoban-Hard/handmade_soko021.lp-17-1565.sm.gz,train,train
650,FolioSuite/Sokoban-Hard/handmade_soko021.lp-18-7747.sm.gz,train,test
651,FolioSuite/Sokoban-Hard/handmade_soko021.lp-20-20100.sm.gz,test,train
652,FolioSuite/Sokoban-Hard/handmade_soko022.lp-16-259.sm.gz,train,train
653,FolioSuite/Sokoban-Hard/handmade_soko022.lp-18-1963.sm.gz,train,train
654,FolioSuite/Sokoban-Hard/handmade_soko022.lp-20-14778.sm.gz,train,train
655,FolioSuite/Sokoban-Hard/handmade_soko025.lp-18-937.sm.gz,train,train
656,FolioSuite/Sokoban-Hard/handmade_soko025.lp-22-13878.sm.gz,train,train
657,FolioSuite/Sokoban-Hard/handmade_soko025.lp-23-20100.sm.gz,train,train
658,FolioSuite/Sokoban-Hard/handmade_soko026.lp-17-524.sm.gz,train,test
659,FolioSuite/Sokoban-Hard/handmade_soko026.lp-19-2385.sm.gz,train,train
660,FolioSuite/Sokoban-Hard/handmade_soko026.lp-20-4343.sm.gz,train,test
661,FolioSuite/Sokoban-Hard/handmade_soko027.lp-16-343.sm.gz,train,train
662,FolioSuite/Sokoban-Hard/handmade_soko027.lp-17-859.sm.gz,test,train
663,FolioSuite/Sokoban-Hard/handmade_soko029.lp-28-261.sm.gz,train,test
664,FolioSuite/Sokoban-Hard/handmade_soko029.lp-30-1707.sm.gz,train,train
665,FolioSuite/Sokoban-Hard/handmade_soko029.lp-32-6805.sm.gz,train,train
666,FolioSuite/Sokoban-Hard/handmade_soko029.lp-33-20100.sm.gz,train,train
667,FolioSuite/Sokoban-Hard/handmade_soko031.lp-17-547.sm.gz,train,train
668,FolioSuite/Sokoban-Hard/handmade_soko031.lp-18-1992.sm.gz,train,train
669,FolioSuite/Sokoban-Hard/handmade_soko031.lp-21-20100.sm.gz,train,train
670,FolioSuite/Sokoban-Hard/handmade_soko032.lp-15-488.sm.gz,train,train
671,FolioSuite/Sokoban-Hard/handmade_soko033.lp-16-10568.sm.gz,train,train
672,FolioSuite/Sokoban-Hard/handmade_soko033.lp-17-20100.sm.gz,test,validation
673,FolioSuite/Sokoban-Hard/handmade_soko034.lp-13-207.sm.gz,train,validation
674,FolioSuite/Sokoban-Hard/handmade_soko034.lp-16-5765.sm.gz,train,train
675,FolioSuite/Sokoban-Hard/handmade_soko035.lp-21-269.sm.gz,train,train
676,FolioSuite/Sokoban-Hard/handmade_soko035.lp-22-542.sm.gz,train,train
677,FolioSuite/Sokoban-Hard/handmade_soko035.lp-25-1574.sm.gz,train,train
678,FolioSuite/Sokoban-Hard/handmade_soko035.lp-26-2574.sm.gz,train,train
679,FolioSuite/Sokoban-Hard/handmade_soko035.lp-27-4470.sm.gz,train,train
680,FolioSuite/Sokoban-Hard/handmade_soko035.lp-30-14416.sm.gz,train,train
681,FolioSuite/Sokoban-Hard/handmade_soko036.lp-18-1640.sm.gz,reserved_unused,validation
682,FolioSuite/Sokoban-Hard/handmade_soko041.lp-14-1048.sm.gz,reserved_unused,train
683,FolioSuite/Sokoban-Hard/handmade_soko041.lp-16-20100.sm.gz,train,train
684,FolioSuite/Sokoban-Hard/handmade_soko042.lp-13-321.sm.gz,train,train
685,FolioSuite/Sokoban-Hard/handmade_soko042.lp-14-1747.sm.gz,train,train
686,FolioSuite/Sokoban-Hard/handmade_soko042.lp-16-20100.sm.gz,train,train
687,FolioSuite/Sokoban-Hard/handmade_soko043.lp-15-248.sm.gz,train,train
688,FolioSuite/Sokoban-Hard/handmade_soko043.lp-17-8747.sm.gz,train,train
689,FolioSuite/Sokoban-Hard/handmade_soko043.lp-18-20100.sm.gz,train,train
690,FolioSuite/Sokoban-Hard/handmade_soko044.lp-20-321.sm.gz,reserved_unused,test
691,FolioSuite/Sokoban-Hard/handmade_soko046.lp-16-372.sm.gz,train,train
692,FolioSuite/Sokoban-Hard/handmade_soko046.lp-18-5132.sm.gz,train,test
693,FolioSuite/Sokoban-Hard/handmade_soko046.lp-19-19503.sm.gz,train,train
694,FolioSuite/Sokoban-Hard/handmade_soko047.lp-17-967.sm.gz,train,train
695,FolioSuite/Sokoban-Hard/handmade_soko047.lp-18-2698.sm.gz,train,train
696,FolioSuite/Sokoban-Hard/handmade_soko047.lp-19-8149.sm.gz,train,train
697,FolioSuite/Sokoban-Hard/handmade_soko049.lp-14-734.sm.gz,train,train
698,FolioSuite/Sokoban-Hard/handmade_soko049.lp-15-1630.sm.gz,train,train
699,FolioSuite/Sokoban-Hard/handmade_soko049.lp-17-8160.sm.gz,train,test
700,FolioSuite/Sokoban-Hard/handmade_soko049.lp-18-20100.sm.gz,train,test
701,FolioSuite/Sokoban-Hard/handmade_soko051.lp-13-542.sm.gz,train,test
702,FolioSuite/Sokoban-Hard/handmade_soko051.lp-14-2378.sm.gz,train,train
703,FolioSuite/SolitaireBackward/solitare_backward_t12_p13.lp.lp.gz,train,train
704,FolioSuite/SolitaireBackward/solitare_backward_t15_p16.lp.lp.gz,train,train
705,FolioSuite/SolitaireBackward/solitare_backward_t18_p19.lp.lp.gz,train,train
706,FolioSuite/SolitaireBackward/solitare_backward_t20_p21.lp.lp.gz,train,test
707,FolioSuite/SolitaireBackward/solitare_backward_t21_p22.lp.lp.gz,test,train
708,FolioSuite/SolitaireBackward/solitare_backward_t26_p27.lp.lp.gz,train,train
709,FolioSuite/SolitaireBackward/solitare_backward_t27_p28.lp.lp.gz,train,train
710,FolioSuite/SolitaireBackward/solitare_backward_t28_p29.lp.lp.gz,train,train
711,FolioSuite/SolitaireBackward/solitare_backward_t31_p32.lp.lp.gz,train,test
712,FolioSuite/SolitaireBackward/solitare_backward_t32_p33.lp.lp.gz,train,test
713,FolioSuite/SolitaireBackward/solitare_backward_t34_p35.lp.lp.gz,train,train
714,FolioSuite/SolitaireBackward/solitare_backward_t36_p37.lp.lp.gz,train,test
715,FolioSuite/SolitaireBackward/solitare_backward_t37_p38.lp.lp.gz,train,validation
716,FolioSuite/SolitaireBackward/solitare_backward_t38_p39.lp.lp.gz,reserved_unused,train
717,FolioSuite/SolitaireBackward/solitare_backward_t39_p40.lp.lp.gz,train,validation
718,FolioSuite/SolitaireBackward/solitare_backward_t5_p6.lp.lp.gz,test,train
719,FolioSuite/SolitaireBackward/solitare_backward_t9_p10.lp.lp.gz,test,train
720,FolioSuite/SolitaireBackward2/t22.dat.lp.gz,reserved_unused,train
721,FolioSuite/SolitaireBackward2/t23.dat.lp.gz,train,train
722,FolioSuite/SolitaireBackward2/t25.dat.lp.gz,test,train
723,FolioSuite/SolitaireBackward2/t27.3.dat.lp.gz,train,validation
724,FolioSuite/SolitaireBackward2/t29.dat.lp.gz,train,train
725,FolioSuite/SolitaireForward/solitare_forward_t11.lp.lp.gz,train,validation
726,FolioSuite/SolitaireForward/solitare_forward_t15.lp.lp.gz,train,train
727,FolioSuite/SolitaireForward/solitare_forward_t17.lp.lp.gz,reserved_unused,train
728,FolioSuite/SolitaireForward/solitare_forward_t18.lp.lp.gz,train,test
729,FolioSuite/SolitaireForward/solitare_forward_t19.lp.lp.gz,reserved_unused,train
730,FolioSuite/SolitaireForward/solitare_forward_t20.lp.lp.gz,train,train
731,FolioSuite/SolitaireForward/solitare_forward_t21.lp.lp.gz,train,train
732,FolioSuite/SolitaireForward/solitare_forward_t22.lp.lp.gz,train,train
733,FolioSuite/SolitaireForward/solitare_forward_t25.lp.lp.gz,train,train
734,FolioSuite/SolitaireForward/solitare_forward_t26.lp.lp.gz,train,train
735,FolioSuite/SolitaireForward/solitare_forward_t28.lp.lp.gz,train,train
736,FolioSuite/SolitaireForward/solitare_forward_t30.lp.lp.gz,train,train
737,FolioSuite/SolitaireForward/solitare_forward_t33.lp.lp.gz,train,train
738,FolioSuite/SolitaireForward/solitare_forward_t36.lp.lp.gz,train,train
739,FolioSuite/SolitaireForward/solitare_forward_t40.lp.lp.gz,train,validation
740,FolioSuite/SolitaireForward/solitare_forward_t41.lp.lp.gz,train,train
741,FolioSuite/SolitaireForward/solitare_forward_t43.lp.lp.gz,train,validation
742,FolioSuite/SolitaireForward/solitare_forward_t45.lp.lp.gz,reserved_unused,test
743,FolioSuite/SolitaireForward/solitare_forward_t47.lp.lp.gz,train,train
744,FolioSuite/SolitaireForward/solitare_forward_t49.lp.lp.gz,reserved_unused,test
745,FolioSuite/SolitaireForward/solitare_forward_t50.lp.lp.gz,train,train
746,FolioSuite/Su-Doku/puzzle-easy.lp.lp.gz,train,train
747,FolioSuite/Su-Doku/puzzle-possiblebroken.lp.lp.gz,train,train
748,FolioSuite/Su-Doku/sudoku368.lp.lp.gz,train,train
749,FolioSuite/Su-Doku/sudoku378.lp.lp.gz,train,train
750,FolioSuite/Synthesis/mutex2AsyncNondet.sm.gz,train,train
751,FolioSuite/Synthesis/mutex3AsyncDet.sm.gz,train,train
752,FolioSuite/Synthesis/mutex3AsyncNondet.sm.gz,train,train
753,FolioSuite/Synthesis/mutex4IDFD.sm.gz,train,train
754,FolioSuite/Synthesis/phi2AsyncDet.sm.gz,train,test
755,FolioSuite/Synthesis/phi3AsyncNondet.sm.gz,train,train
756,FolioSuite/Synthesis/phi4IDFD.sm.gz,test,validation
757,FolioSuite/TowersOfHanoiCompetition/mgs_towers-hanoi.16_54.6.lp.gz,reserved_unused,train
758,FolioSuite/TowersOfHanoiCompetition/mgs_towers-hanoi.16_56.6.lp.gz,train,train
759,FolioSuite/TowersOfHanoiCompetition/mgs_towers-hanoi.20_55.7.lp.gz,train,test
760,FolioSuite/TowersOfHanoiCompetition/mgs_towers-hanoi.21_53_6.lp.gz,train,train
761,FolioSuite/TowersOfHanoiCompetition/mgs_towers-hanoi.32_63.6.lp.gz,train,train
762,FolioSuite/TowersOfHanoiCompetition/mgs_towers-hanoi.35_6.lp.gz,train,train
763,FolioSuite/TowersOfHanoiCompetition/mgs_towers-hanoi.37_6.lp.gz,train,train
764,FolioSuite/TowersOfHanoiCompetition/mgs_towers-hanoi.38_6.lp.gz,train,train
765,FolioSuite/TowersOfHanoiCompetition/mgs_towers-hanoi.40_6.lp.gz,train,train
766,FolioSuite/TowersOfHanoiCompetition/mgs_towers-hanoi.40_7.lp.gz,train,train
767,FolioSuite/TowersOfHanoiCompetition/mgs_towers-hanoi.41_6.lp.gz,test,train
768,FolioSuite/TowersOfHanoiCompetition/mgs_towers-hanoi.42_6.lp.gz,train,validation
769,FolioSuite/WeightBoundedDominatingSetSuite/rand_100_400_1159666138_1.gph.lp.gz,reserved_unused,train
770,FolioSuite/WeightBoundedDominatingSetSuite/rand_100_400_1159666138_13.gph.lp.gz,train,train
771,FolioSuite/WeightBoundedDominatingSetSuite/rand_100_400_1159666138_2.gph.lp.gz,train,train
772,FolioSuite/WeightBoundedDominatingSetSuite/rand_100_400_1159666138_3.gph.lp.gz,train,train
773,FolioSuite/WeightBoundedDominatingSetSuite/rand_100_400_1159666138_5.gph.lp.gz,train,train
774,FolioSuite/WeightBoundedDominatingSetSuite/rand_100_400_1159666138_6.gph.lp.gz,test,train
775,FolioSuite/WeightBoundedDominatingSetSuite/rand_100_400_1159666138_7.gph.lp.gz,train,train
776,FolioSuite/WeightBoundedDominatingSetSuite/rand_100_400_1159666138_8.gph.lp.gz,train,test
777,FolioSuite/WeightBoundedDominatingSetSuite/rand_150_600_1159731678_11.gph.lp.gz,train,train
778,FolioSuite/WeightBoundedDominatingSetSuite/rand_150_600_1159731678_12.gph.lp.gz,train,train
779,FolioSuite/WeightBoundedDominatingSetSuite/rand_150_600_1159731678_17.gph.lp.gz,train,train
780,FolioSuite/WeightBoundedDominatingSetSuite/rand_150_600_1159731678_6.gph.lp.gz,test,validation
781,FolioSuite/WeightBoundedDominatingSetSuite/rand_150_600_1159731678_7.gph.lp.gz,train,train
782,FolioSuite/WeightBoundedDominatingSetSuite/rand_150_600_1159731678_8.gph.lp.gz,reserved_unused,train
783,FolioSuite/WeightBoundedDominatingSetSuite/rand_200_800_1159728969_1.gph.lp.gz,train,train
784,FolioSuite/WeightBoundedDominatingSetSuite/rand_200_800_1159728969_11.gph.lp.gz,train,train
785,FolioSuite/WeightBoundedDominatingSetSuite/rand_200_800_1159728969_2.gph.lp.gz,train,train
786,FolioSuite/WeightBoundedDominatingSetSuite/rand_200_800_1159728969_4.gph.lp.gz,train,train
787,FolioSuite/WeightBoundedDominatingSetSuite/rand_200_800_1159728969_6.gph.lp.gz,train,train
788,FolioSuite/WeightBoundedDominatingSetSuite/rand_200_800_1159728969_8.gph.lp.gz,train,train
789,FolioSuite/WeightBoundedDominatingSetSuite/rand_200_800_1159728969_9.gph.lp.gz,train,train
790,FolioSuite/WeightedSpanningTree/205_rand_32_140_1344634881_0.gph.lp.gz,train,train
791,FolioSuite/WeightedSpanningTree/205_rand_32_140_1344655193_0.gph.lp.gz,train,test
792,FolioSuite/WeightedSpanningTree/206_rand_32_145_1872928606_0.gph.lp.gz,test,train
793,FolioSuite/WeightedSpanningTree/206_rand_32_145_1872928657_0.gph.lp.gz,train,train
794,FolioSuite/WeightedSpanningTree/206_rand_32_145_1872937399_0.gph.lp.gz,test,train
795,FolioSuite/WeightedSpanningTree/206_rand_32_145_1872937623_0.gph.lp.gz,train,train
796,FolioSuite/WeightedSpanningTree/206_rand_32_145_1872947197_0.gph.lp.gz,train,train
797,FolioSuite/WeightedSpanningTree/207_rand_35_138_2077101081_0.gph.lp.gz,train,train
798,FolioSuite/WeightedSpanningTree/207_rand_35_138_2077106370_0.gph.lp.gz,train,train
799,FolioSuite/WeightedSpanningTree/207_rand_35_138_2077111672_0.gph.lp.gz,train,validation
800,FolioSuite/WeightedSpanningTree/207_rand_35_138_2077113361_0.gph.lp.gz,train,train
801,FolioSuite/WeightedSpanningTree/207_rand_35_138_2077119725_0.gph.lp.gz,train,train
802,FolioSuite/WeightedSpanningTree/209_rand_45_138_1119566817_0.gph.lp.gz,test,train
803,FolioSuite/WeightedSpanningTree/209_rand_45_138_1119567351_0.gph.lp.gz,reserved_unused,train
804,FolioSuite/benchmarks/15-puzzle.18.lp.gz,train,test
805,FolioSuite/benchmarks/15-puzzle.20.lp.gz,train,train
806,FolioSuite/benchmarks/knight-53.lp.gz,train,train
807,FolioSuite/benchmarks/prime-18-18.lp.gz,train,train
808,FolioSuite/benchmarks/qeq.10.lp.gz,train,train
809,FolioSuite/benchmarks/qeq.11.lp.gz,test,train
810,FolioSuite/benchmarks/schur.4-45.lp.gz,train,train
811,FolioSuite/coala/blocksworld/coala_b13_19.lparse.gz,train,train
812,FolioSuite/coala/blocksworld/coala_b14_20.lparse.gz,train,train
813,FolioSuite/coala/blocksworld/coala_b14_21.lparse.gz,test,train
814,FolioSuite/coala/blocksworld/coala_b15_21.lparse.gz,train,train
815,FolioSuite/coala/blocksworld/coala_b15_22.lparse.gz,train,train
816,FolioSuite/coala/hanoi/coala_h05_126.lparse.gz,train,train
817,FolioSuite/ggp/8puzzle.gdlclingo.pl.gr.gz,train,train
818,FolioSuite/ggp/aipsrovers01.gdlclingo.pl.gr.gz,train,train
819,FolioSuite/ggp/asteroids.gdlclingo.pl.gr.gz,train,train
820,FolioSuite/ggp/blocks.gdlclingo.pl.gr.gz,train,train
821,FolioSuite/ggp/blocksworldserial.gdlclingo.pl.gr.gz,train,train
822,FolioSuite/ggp/brain_teaser_extended.gdlclingo.pl.gr.gz,train,train
823,FolioSuite/ggp/buttons.gdlclingo.pl.gr.gz,train,train
824,FolioSuite/ggp/chinesecheckers1.gdlclingo.pl.gr.gz,train,train
825,FolioSuite/ggp/duplicatestatelarge.gdlclingo.pl.gr.gz,train,validation
826,FolioSuite/ggp/duplicatestatesmall.gdlclingo.pl.gr.gz,train,train
827,FolioSuite/ggp/firefighter.gdlclingo.pl.gr.gz,train,train
828,FolioSuite/ggp/hanoi.gdlclingo.pl.gr.gz,train,train
829,FolioSuite/ggp/hanoi7.gdlclingo.pl.gr.gz,train,train
830,FolioSuite/ggp/hanoi7_bugfix.gdlclingo.pl.gr.gz,reserved_unused,test
831,FolioSuite/ggp/knightmove.gdlclingo.pl.gr.gz,train,train
832,FolioSuite/ggp/lightsout2.gdlclingo.pl.gr.gz,train,train
833,FolioSuite/ggp/max_knights.gdlclingo.pl.gr.gz,train,train
834,FolioSuite/ggp/maze.gdlclingo.pl.gr.gz,test,train
835,FolioSuite/ggp/pancakes88.gdlclingo.pl.gr.gz,train,train
836,FolioSuite/ggp/peg.gdlclingo.pl.gr.gz,train,train
837,FolioSuite/ggp/queens.gdlclingo.pl.gr.gz,train,validation
838,FolioSuite/ggp/ruledepthlinear.gdlclingo.pl.gr.gz,train,train
839,FolioSuite/ggp/slidingpieces.gdlclingo.pl.gr.gz,train,validation
840,FolioSuite/ggp/snake_2008.gdlclingo.pl.gr.gz,train,train
841,FolioSuite/ggp/statespacelarge.gdlclingo.pl.gr.gz,train,train
842,FolioSuite/ggp/statespacemedium.gdlclingo.pl.gr.gz,reserved_unused,test
843,FolioSuite/ggp/statespacesmall.gdlclingo.pl.gr.gz,train,test
844,FolioSuite/ggp/tpeg.gdlclingo.pl.gr.gz,reserved_unused,validation
845,FolioSuite/ggp/troublemaker01.gdlclingo.pl.gr.gz,train,train
846,FolioSuite/ggp/troublemaker02.gdlclingo.pl.gr.gz,train,train
847,FolioSuite/ggp/twisty-passages.gdlclingo.pl.gr.gz,reserved_unused,train
848,FolioSuite/ggp/wargame01.gdlclingo.pl.gr.gz,train,train
849,FolioSuite/graph_colouring/graph-colouring-nodes=125-density=0.1-instance=1.sm.gz,train,train
850,FolioSuite/graph_colouring/graph-colouring-nodes=125-density=0.1-instance=10.sm.gz,train,train
851,FolioSuite/graph_colouring/graph-colouring-nodes=125-density=0.1-instance=2.sm.gz,test,train
852,FolioSuite/graph_colouring/graph-colouring-nodes=125-density=0.1-instance=6.sm.gz,train,train
853,FolioSuite/graph_colouring/graph-colouring-nodes=130-density=0.1-instance=2.sm.gz,train,train
854,FolioSuite/graph_colouring/graph-colouring-nodes=130-density=0.1-instance=3.sm.gz,train,train
855,FolioSuite/graph_colouring/graph-colouring-nodes=130-density=0.1-instance=4.sm.gz,train,validation
856,FolioSuite/graph_colouring/graph-colouring-nodes=135-density=0.1-instance=1.sm.gz,train,validation
857,FolioSuite/graph_colouring/graph-colouring-nodes=135-density=0.1-instance=2.sm.gz,train,train
858,FolioSuite/graph_colouring/graph-colouring-nodes=135-density=0.1-instance=7.sm.gz,train,train
859,FolioSuite/graph_colouring/graph-colouring-nodes=135-density=0.1-instance=8.sm.gz,reserved_unused,train
860,FolioSuite/graph_colouring/graph-colouring-nodes=135-density=0.1-instance=9.sm.gz,reserved_unused,train
861,FolioSuite/graph_colouring/graph-colouring-nodes=140-density=0.1-instance=1.sm.gz,train,train
862,FolioSuite/graph_colouring/graph-colouring-nodes=140-density=0.1-instance=10.sm.gz,test,validation
863,FolioSuite/graph_colouring/graph-colouring-nodes=140-density=0.1-instance=5.sm.gz,train,train
864,FolioSuite/graph_colouring/graph-colouring-nodes=140-density=0.1-instance=7.sm.gz,train,train
865,FolioSuite/graph_colouring/graph-colouring-nodes=140-density=0.1-instance=8.sm.gz,train,train
866,FolioSuite/graph_colouring/graph-colouring-nodes=140-density=0.1-instance=9.sm.gz,train,train
867,FolioSuite/graph_colouring/graph-colouring-nodes=145-density=0.1-instance=10.sm.gz,reserved_unused,train
868,FolioSuite/graph_colouring/graph-colouring-nodes=145-density=0.1-instance=7.sm.gz,train,train
869,FolioSuite/graph_colouring/graph-colouring-nodes=145-density=0.1-instance=9.sm.gz,train,train
870,FolioSuite/graph_colouring/graph-colouring-nodes=150-density=0.1-instance=1.sm.gz,train,validation
871,FolioSuite/graph_colouring/graph-colouring-nodes=150-density=0.1-instance=2.sm.gz,train,test
872,FolioSuite/graph_colouring/graph-colouring-nodes=150-density=0.1-instance=3.sm.gz,train,train
873,FolioSuite/graph_colouring/graph-colouring-nodes=150-density=0.1-instance=4.sm.gz,train,train
874,FolioSuite/graph_colouring/graph-colouring-nodes=150-density=0.1-instance=6.sm.gz,train,train
875,FolioSuite/graph_colouring/graph-colouring-nodes=150-density=0.1-instance=8.sm.gz,reserved_unused,train
876,FolioSuite/graph_colouring/graph-colouring-nodes=150-density=0.1-instance=9.sm.gz,train,train
877,FolioSuite/gridpuzzle/heyawake-10.lp.lp.gz,train,train
878,FolioSuite/gridpuzzle/heyawake-2.lp.lp.gz,train,train
879,FolioSuite/gridpuzzle/heyawake-3.lp.lp.gz,test,train
880,FolioSuite/gridpuzzle/heyawake-4.lp.lp.gz,train,train
881,FolioSuite/gridpuzzle/heyawake-6.lp.lp.gz,train,train
882,FolioSuite/gridpuzzle/heyawake-7.lp.lp.gz,train,train
883,FolioSuite/gridpuzzle/heyawake-9.lp.lp.gz,test,train
884,FolioSuite/gridpuzzle/masyu-1.lp.lp.gz,test,train
885,FolioSuite/gridpuzzle/masyu-3.lp.lp.gz,train,validation
886,FolioSuite/gridpuzzle/masyu-6.lp.lp.gz,train,test
887,FolioSuite/gridpuzzle/nurikabe-1.lp.lp.gz,train,train
888,FolioSuite/gridpuzzle/nurikabe-10.lp.lp.gz,train,train
889,FolioSuite/gridpuzzle/nurikabe-2.lp.lp.gz,test,train
890,FolioSuite/gridpuzzle/nurikabe-3.lp.lp.gz,train,train
891,FolioSuite/gridpuzzle/nurikabe-4.lp.lp.gz,train,test
892,FolioSuite/gridpuzzle/nurikabe-6.lp.lp.gz,train,train
893,FolioSuite/gridpuzzle/nurikabe-7.lp.lp.gz,reserved_unused,validation
894,FolioSuite/gridpuzzle/nurikabe-8.lp.lp.gz,train,train
895,FolioSuite/gridpuzzle/nurikabe-9.lp.lp.gz,train,train
896,FolioSuite/hardwareASP/hard_inst_10_12_3879.gr.gz,train,validation
897,FolioSuite/hardwareASP/hard_inst_10_5_23026.gr.gz,train,train
898,FolioSuite/hardwareASP/hard_inst_10_6_31235.gr.gz,train,train
899,FolioSuite/hardwareASP/hard_inst_10_6_6870.gr.gz,reserved_unused,test
900,FolioSuite/hardwareASP/hard_inst_10_7_26892.gr.gz,train,test
901,FolioSuite/hardwareASP/hard_inst_10_8_21390.gr.gz,train,train
902,FolioSuite/hardwareASP/hard_inst_10_8_4281.gr.gz,reserved_unused,train
903,FolioSuite/hardwareASP/hard_inst_10_8_8756.gr.gz,train,train
904,FolioSuite/hardwareASP/hard_inst_10_9_10448.gr.gz,train,train
905,FolioSuite/hardwareASP/hard_inst_10_9_28340.gr.gz,train,validation
906,FolioSuite/hardwareASP/hard_inst_11_10_24491.gr.gz,train,train
907,FolioSuite/hardwareASP/hard_inst_11_10_29476.gr.gz,train,train
908,FolioSuite/hardwareASP/hard_inst_11_10_4218.gr.gz,train,train
909,FolioSuite/hardwareASP/hard_inst_11_11_15854.gr.gz,reserved_unused,test
910,FolioSuite/hardwareASP/hard_inst_11_11_6617.gr.gz,train,validation
911,FolioSuite/hardwareASP/hard_inst_11_12_18060.gr.gz,train,train
912,FolioSuite/hardwareASP/hard_inst_11_12_18926.gr.gz,train,train
913,FolioSuite/hardwareASP/hard_inst_11_5_6587.gr.gz,reserved_unused,train
914,FolioSuite/hardwareASP/hard_inst_11_6_12999.gr.gz,train,train
915,FolioSuite/hardwareASP/hard_inst_11_6_7393.gr.gz,train,train
916,FolioSuite/hardwareASP/hard_inst_11_7_23062.gr.gz,train,train
917,FolioSuite/hardwareASP/hard_inst_11_7_24468.gr.gz,train,train
918,FolioSuite/hardwareASP/hard_inst_11_8_22827.gr.gz,train,train
919,FolioSuite/hardwareASP/hard_inst_11_9_2657.gr.gz,train,train
920,FolioSuite/hardwareASP/hard_inst_12_10_31636.gr.gz,train,train
921,FolioSuite/hardwareASP/hard_inst_12_11_13514.gr.gz,train,train
922,FolioSuite/hardwareASP/hard_inst_12_12_17302.gr.gz,train,train
923,FolioSuite/hardwareASP/hard_inst_12_12_22669.gr.gz,train,train
924,FolioSuite/hardwareASP/hard_inst_12_5_4301.gr.gz,train,test
925,FolioSuite/hardwareASP/hard_inst_12_6_15744.gr.gz,train,train
926,FolioSuite/hardwareASP/hard_inst_12_6_20395.gr.gz,train,train
927,FolioSuite/hardwareASP/hard_inst_12_7_2539.gr.gz,test,train
928,FolioSuite/hardwareASP/hard_inst_12_7_7410.gr.gz,train,train
929,FolioSuite/hardwareASP/hard_inst_12_8_10087.gr.gz,train,train
930,FolioSuite/hardwareASP/hard_inst_12_8_11588.gr.gz,train,train
931,FolioSuite/hardwareASP/hard_inst_5_11_13077.gr.gz,train,train
932,FolioSuite/hardwareASP/hard_inst_5_11_20848.gr.gz,train,train
933,FolioSuite/hardwareASP/hard_inst_5_12_16376.gr.gz,test,train
934,FolioSuite/hardwareASP/hard_inst_5_12_32132.gr.gz,train,train
935,FolioSuite/hardwareASP/hard_inst_5_12_7218.gr.gz,train,train
936,FolioSuite/hardwareASP/hard_inst_5_6_1498.gr.gz,train,train
937,FolioSuite/hardwareASP/hard_inst_5_6_21684.gr.gz,train,test
938,FolioSuite/hardwareASP/hard_inst_5_7_28562.gr.gz,train,train
939,FolioSuite/hardwareASP/hard_inst_5_8_13347.gr.gz,train,train
940,FolioSuite/hardwareASP/hard_inst_5_8_22173.gr.gz,train,train
941,FolioSuite/hardwareASP/hard_inst_5_8_9696.gr.gz,train,train
942,FolioSuite/hardwareASP/hard_inst_5_9_11305.gr.gz,train,test
943,FolioSuite/hardwareASP/hard_inst_6_10_31516.gr.gz,train,train
944,FolioSuite/hardwareASP/hard_inst_6_11_20080.gr.gz,train,train
945,FolioSuite/hardwareASP/hard_inst_6_11_28693.gr.gz,train,train
946,FolioSuite/hardwareASP/hard_inst_6_12_13512.gr.gz,train,validation
947,FolioSuite/hardwareASP/hard_inst_6_12_24774.gr.gz,train,validation
948,FolioSuite/hardwareASP/hard_inst_6_12_26485.gr.gz,reserved_unused,train
949,FolioSuite/hardwareASP/hard_inst_6_5_18711.gr.gz,reserved_unused,train
950,FolioSuite/hardwareASP/hard_inst_6_5_4849.gr.gz,train,train
951,FolioSuite/hardwareASP/hard_inst_6_7_22666.gr.gz,train,test
952,FolioSuite/hardwareASP/hard_inst_6_8_2039.gr.gz,train,train
953,FolioSuite/hardwareASP/hard_inst_6_9_32144.gr.gz,train,train
954,FolioSuite/hardwareASP/hard_inst_7_10_24634.gr.gz,train,train
955,FolioSuite/hardwareASP/hard_inst_7_11_15374.gr.gz,train,test
956,FolioSuite/hardwareASP/hard_inst_7_12_28095.gr.gz,train,train
957,FolioSuite/hardwareASP/hard_inst_7_5_10755.gr.gz,reserved_unused,validation
958,FolioSuite/hardwareASP/hard_inst_7_5_1923.gr.gz,train,train
959,FolioSuite/hardwareASP/hard_inst_7_6_1974.gr.gz,reserved_unused,validation
960,FolioSuite/hardwareASP/hard_inst_7_8_23798.gr.gz,train,train
961,FolioSuite/hardwareASP/hard_inst_7_8_27873.gr.gz,train,train
962,FolioSuite/hardwareASP/hard_inst_7_9_533.gr.gz,train,train
963,FolioSuite/hardwareASP/hard_inst_8_11_14130.gr.gz,train,train
964,FolioSuite/hardwareASP/hard_inst_8_11_20372.gr.gz,train,train
965,FolioSuite/hardwareASP/hard_inst_8_12_29466.gr.gz,train,train
966,FolioSuite/hardwareASP/hard_inst_8_5_11214.gr.gz,train,train
967,FolioSuite/hardwareASP/hard_inst_8_5_15086.gr.gz,reserved_unused,test
968,FolioSuite/hardwareASP/hard_inst_8_5_3208.gr.gz,train,validation
969,FolioSuite/hardwareASP/hard_inst_8_6_7697.gr.gz,test,train
970,FolioSuite/hardwareASP/hard_inst_8_7_11562.gr.gz,train,train
971,FolioSuite/hardwareASP/hard_inst_8_7_28061.gr.gz,test,train
972,FolioSuite/hardwareASP/hard_inst_8_9_18928.gr.gz,train,train
973,FolioSuite/hardwareASP/hard_inst_8_9_21601.gr.gz,train,train
974,FolioSuite/hardwareASP/hard_inst_9_10_20668.gr.gz,train,train
975,FolioSuite/hardwareASP/hard_inst_9_10_27391.gr.gz,train,train
976,FolioSuite/hardwareASP/hard_inst_9_12_21990.gr.gz,train,train
977,FolioSuite/hardwareASP/hard_inst_9_12_7268.gr.gz,test,train
978,FolioSuite/hardwareASP/hard_inst_9_5_25105.gr.gz,train,train
979,FolioSuite/hardwareASP/hard_inst_9_6_18867.gr.gz,train,train
980,FolioSuite/hardwareASP/hard_inst_9_7_11850.gr.gz,train,train
981,FolioSuite/hardwareASP/hard_inst_9_7_6566.gr.gz,train,train
982,FolioSuite/hardwareASP/hard_inst_9_8_2565.gr.gz,train,train
983,FolioSuite/hardwareASP/hard_inst_9_8_6082.gr.gz,train,test
984,FolioSuite/hardwareASP/hard_inst_9_9_8242.gr.gz,train,train
985,FolioSuite/laby/laby_10_10_04.lp.gz,train,train
986,FolioSuite/laby/laby_10_10_05.lp.gz,train,train
987,FolioSuite/laby/laby_10_10_06.lp.gz,train,train
988,FolioSuite/laby/laby_10_10_08.lp.gz,train,train
989,FolioSuite/laby/laby_10_10_12.lp.gz,train,train
990,FolioSuite/laby/laby_10_10_13.lp.gz,train,validation
991,FolioSuite/laby/laby_10_10_15.lp.gz,reserved_unused,train
992,FolioSuite/laby/laby_10_10_16.lp.gz,train,train
993,FolioSuite/laby/laby_10_10_17.lp.gz,test,train
994,FolioSuite/laby/laby_10_10_18.lp.gz,train,train
995,FolioSuite/laby/laby_10_10_20.lp.gz,train,train
996,FolioSuite/laby/laby_11_11_02.lp.gz,train,train
997,FolioSuite/laby/laby_11_11_04.lp.gz,test,train
998,FolioSuite/laby/laby_11_11_06.lp.gz,train,train
999,FolioSuite/laby/laby_11_11_08.lp.gz,train,train
1000,FolioSuite/laby/laby_11_11_16.lp.gz,train,train
1001,FolioSuite/laby/laby_11_11_17.lp.gz,train,train
1002,FolioSuite/laby/laby_11_11_18.lp.gz,train,train
1003,FolioSuite/laby/laby_12_12_06.lp.gz,train,train
1004,FolioSuite/laby/laby_12_12_07.lp.gz,train,train
1005,FolioSuite/laby/laby_12_12_08.lp.gz,train,train
1006,FolioSuite/laby/laby_12_12_10.lp.gz,train,train
1007,FolioSuite/laby/laby_12_12_11.lp.gz,train,train
1008,FolioSuite/laby/laby_12_12_12.lp.gz,train,train
1009,FolioSuite/laby/laby_12_12_15.lp.gz,train,train
1010,FolioSuite/laby/laby_12_12_16.lp.gz,train,train
1011,FolioSuite/laby/laby_12_12_17.lp.gz,train,train
1012,FolioSuite/laby/laby_12_12_20.lp.gz,train,train
1013,FolioSuite/laby/laby_13_13_02.lp.gz,train,train
1014,FolioSuite/laby/laby_13_13_03.lp.gz,train,train
1015,FolioSuite/laby/laby_13_13_05.lp.gz,train,validation
1016,FolioSuite/laby/laby_13_13_06.lp.gz,train,test
1017,FolioSuite/laby/laby_13_13_10.lp.gz,test,train
1018,FolioSuite/laby/laby_13_13_13.lp.gz,train,test
1019,FolioSuite/laby/laby_13_13_15.lp.gz,reserved_unused,train
1020,FolioSuite/laby/laby_13_13_17.lp.gz,train,train
1021,FolioSuite/laby/laby_13_13_19.lp.gz,train,train
1022,FolioSuite/laby/laby_14_14_05.lp.gz,train,train
1023,FolioSuite/laby/laby_14_14_06.lp.gz,train,train
1024,FolioSuite/laby/laby_14_14_08.lp.gz,train,train
1025,FolioSuite/laby/laby_14_14_10.lp.gz,train,train
1026,FolioSuite/laby/laby_14_14_12.lp.gz,train,test
1027,FolioSuite/laby/laby_14_14_14.lp.gz,train,train
1028,FolioSuite/laby/laby_14_14_15.lp.gz,train,train
1029,FolioSuite/laby/laby_14_14_16.lp.gz,train,test
1030,FolioSuite/laby/laby_14_14_19.lp.gz,train,train
1031,FolioSuite/laby/laby_15_15_03.lp.gz,train,train
1032,FolioSuite/laby/laby_15_15_04.lp.gz,train,train
1033,FolioSuite/laby/laby_15_15_05.lp.gz,train,train
1034,FolioSuite/laby/laby_15_15_07.lp.gz,train,train
1035,FolioSuite/laby/laby_15_15_08.lp.gz,train,train
1036,FolioSuite/laby/laby_15_15_09.lp.gz,train,train
1037,FolioSuite/laby/laby_15_15_10.lp.gz,train,train
1038,FolioSuite/laby/laby_15_15_11.lp.gz,train,train
1039,FolioSuite/laby/laby_15_15_15.lp.gz,train,train
1040,FolioSuite/laby/laby_15_15_16.lp.gz,train,train
1041,FolioSuite/laby/laby_15_15_17.lp.gz,train,train
1042,FolioSuite/laby/laby_15_15_18.lp.gz,train,train
1043,FolioSuite/laby/laby_15_15_20.lp.gz,train,train
1044,FolioSuite/laby/laby_16_16_05.lp.gz,reserved_unused,validation
1045,FolioSuite/laby/laby_16_16_06.lp.gz,train,train
1046,FolioSuite/laby/laby_16_16_07.lp.gz,reserved_unused,validation
1047,FolioSuite/laby/laby_16_16_08.lp.gz,train,test
1048,FolioSuite/laby/laby_16_16_09.lp.gz,test,train
1049,FolioSuite/laby/laby_16_16_10.lp.gz,train,train
1050,FolioSuite/laby/laby_16_16_12.lp.gz,train,train
1051,FolioSuite/laby/laby_16_16_13.lp.gz,train,train
1052,FolioSuite/laby/laby_16_16_14.lp.gz,train,train
1053,FolioSuite/laby/laby_16_16_15.lp.gz,reserved_unused,validation
1054,FolioSuite/laby/laby_16_16_17.lp.gz,train,train
1055,FolioSuite/laby/laby_17_17_01.lp.gz,train,train
1056,FolioSuite/laby/laby_17_17_02.lp.gz,train,train
1057,FolioSuite/laby/laby_17_17_05.lp.gz,train,train
1058,FolioSuite/laby/laby_17_17_07.lp.gz,train,train
1059,FolioSuite/laby/laby_17_17_13.lp.gz,train,train
1060,FolioSuite/laby/laby_17_17_15.lp.gz,train,train
1061,FolioSuite/laby/laby_17_17_16.lp.gz,train,train
1062,FolioSuite/laby/laby_17_17_17.lp.gz,test,train
1063,FolioSuite/laby/laby_17_17_18.lp.gz,train,test
1064,FolioSuite/laby/laby_17_17_19.lp.gz,train,train
1065,FolioSuite/laby/laby_18_18_01.lp.gz,train,train
1066,FolioSuite/laby/laby_18_18_02.lp.gz,train,train
1067,FolioSuite/laby/laby_18_18_03.lp.gz,train,train
1068,FolioSuite/laby/laby_18_18_04.lp.gz,train,train
1069,FolioSuite/laby/laby_18_18_05.lp.gz,train,train
1070,FolioSuite/laby/laby_18_18_06.lp.gz,train,train
1071,FolioSuite/laby/laby_18_18_07.lp.gz,test,train
1072,FolioSuite/laby/laby_18_18_11.lp.gz,train,train
1073,FolioSuite/laby/laby_18_18_14.lp.gz,train,train
1074,FolioSuite/laby/laby_18_18_17.lp.gz,train,train
1075,FolioSuite/laby/laby_18_18_20.lp.gz,train,train
1076,FolioSuite/laby/laby_19_19_02.lp.gz,train,train
1077,FolioSuite/laby/laby_19_19_04.lp.gz,train,test
1078,FolioSuite/laby/laby_19_19_05.lp.gz,train,test
1079,FolioSuite/laby/laby_19_19_09.lp.gz,train,train
1080,FolioSuite/laby/laby_19_19_10.lp.gz,train,train
1081,FolioSuite/laby/laby_19_19_11.lp.gz,train,train
1082,FolioSuite/laby/laby_19_19_13.lp.gz,train,train
1083,FolioSuite/laby/laby_19_19_14.lp.gz,train,train
1084,FolioSuite/laby/laby_19_19_15.lp.gz,train,train
1085,FolioSuite/laby/laby_19_19_16.lp.gz,reserved_unused,train
1086,FolioSuite/laby/laby_19_19_17.lp.gz,train,validation
1087,FolioSuite/laby/laby_19_19_18.lp.gz,train,train
1088,FolioSuite/laby/laby_19_19_19.lp.gz,train,train
1089,FolioSuite/laby/laby_20_20_01.lp.gz,train,train
1090,FolioSuite/laby/laby_20_20_03.lp.gz,test,train
1091,FolioSuite/laby/laby_20_20_04.lp.gz,train,train
1092,FolioSuite/laby/laby_20_20_07.lp.gz,train,train
1093,FolioSuite/laby/laby_20_20_08.lp.gz,train,train
1094,FolioSuite/laby/laby_20_20_09.lp.gz,train,train
1095,FolioSuite/laby/laby_20_20_11.lp.gz,test,train
1096,FolioSuite/laby/laby_20_20_15.lp.gz,test,train
1097,FolioSuite/laby/laby_20_20_16.lp.gz,train,train
1098,FolioSuite/laby/laby_20_20_18.lp.gz,train,train
1099,FolioSuite/laby/laby_20_20_19.lp.gz,train,test
1100,FolioSuite/laby/laby_20_20_20.lp.gz,train,train
1101,FolioSuite/laby/laby_21_21_01.lp.gz,train,train
1102,FolioSuite/laby/laby_21_21_06.lp.gz,train,validation
1103,FolioSuite/laby/laby_21_21_07.lp.gz,reserved_unused,train
1104,FolioSuite/laby/laby_21_21_09.lp.gz,train,validation
1105,FolioSuite/laby/laby_21_21_11.lp.gz,reserved_unused,test
1106,FolioSuite/laby/laby_21_21_13.lp.gz,train,train
1107,FolioSuite/laby/laby_21_21_14.lp.gz,train,test
1108,FolioSuite/laby/laby_21_21_15.lp.gz,train,train
1109,FolioSuite/laby/laby_21_21_18.lp.gz,train,train
1110,FolioSuite/laby/laby_22_22_03.lp.gz,train,train
1111,FolioSuite/laby/laby_22_22_04.lp.gz,train,train
1112,FolioSuite/laby/laby_22_22_07.lp.gz,train,train
1113,FolioSuite/laby/laby_22_22_08.lp.gz,train,test
1114,FolioSuite/laby/laby_22_22_13.lp.gz,train,train
1115,FolioSuite/laby/laby_22_22_17.lp.gz,reserved_unused,test
1116,FolioSuite/laby/laby_22_22_18.lp.gz,train,train
1117,FolioSuite/laby/laby_22_22_19.lp.gz,train,train
1118,FolioSuite/laby/laby_22_22_20.lp.gz,train,validation
1119,FolioSuite/planning/coins/coins06.lp-17-102.sm.gz,train,train
1120,FolioSuite/planning/coins/coins06.lp-20-2947.sm.gz,train,train
1121,FolioSuite/planning/coins/coins07.lp-18-458.sm.gz,reserved_unused,train
1122,FolioSuite/planning/coins/coins07.lp-19-523.sm.gz,reserved_unused,train
1123,FolioSuite/planning/coins/coins07.lp-20-2290.sm.gz,train,train
1124,FolioSuite/planning/coins/coins07.lp-21-429.sm.gz,train,validation
1125,FolioSuite/planning/coins/coins07.lp-22-7117.sm.gz,train,validation
1126,FolioSuite/planning/coins/coins07.lp-25-1853.sm.gz,train,train
1127,FolioSuite/planning/coins/coins07.lp-26-1722.sm.gz,train,train
1128,FolioSuite/planning/coins/coins08.lp-18-108.sm.gz,reserved_unused,train
1129,FolioSuite/planning/coins/coins08.lp-23-848.sm.gz,train,train
1130,FolioSuite/planning/coins/coins08.lp-24-424.sm.gz,reserved_unused,train
1131,FolioSuite/planning/coins/coins08.lp-25-8121.sm.gz,train,validation
1132,FolioSuite/planning/coins/coins09.lp-20-2239.sm.gz,train,train
1133,FolioSuite/planning/coins/coins09.lp-21-9252.sm.gz,reserved_unused,test
1134,FolioSuite/planning/coins/coins10.lp-19-827.sm.gz,train,validation
1135,FolioSuite/planning/coins/coins10.lp-20-726.sm.gz,train,train
1136,FolioSuite/planning/coins/coins10.lp-23-7197.sm.gz,reserved_unused,train
1137,FolioSuite/planning/coins/coins10.lp-24-14145.sm.gz,train,validation
1138,FolioSuite/planning/coins/coins11.lp-22-391.sm.gz,train,train
1139,FolioSuite/planning/coins/coins11.lp-23-2361.sm.gz,train,train
1140,FolioSuite/planning/coins/coins11.lp-25-15366.sm.gz,reserved_unused,validation
1141,FolioSuite/planning/coins/coins12.lp-25-423.sm.gz,train,train
1142,FolioSuite/planning/coins/coins12.lp-27-6063.sm.gz,train,train
1143,FolioSuite/planning/coins/coins12.lp-29-20025.sm.gz,train,train
1144,FolioSuite/planning/coins/coins13.lp-20-169.sm.gz,train,validation
1145,FolioSuite/planning/coins/coins13.lp-23-1847.sm.gz,train,train
1146,FolioSuite/planning/coins/coins13.lp-26-20100.sm.gz,train,train
1147,FolioSuite/planning/coins/coins14.lp-21-108.sm.gz,train,train
1148,FolioSuite/planning/coins/coins14.lp-25-15526.sm.gz,train,train
1149,FolioSuite/planning/coins/coins14.lp-26-20100.sm.gz,test,train
1150,FolioSuite/planning/coins/coins15.lp-22-733.sm.gz,train,train
1151,FolioSuite/planning/comm/p00.lp-50-229.sm.gz,train,train
1152,FolioSuite/planning/comm/p01.lp-54-12451.sm.gz,test,train
1153,FolioSuite/planning/comm/p01.lp-55-20100.sm.gz,train,train
1154,FolioSuite/planning/comm/p04.lp-23-113.sm.gz,train,train
1155,FolioSuite/planning/comm/p04.lp-24-293.sm.gz,train,train
1156,FolioSuite/planning/comm/p04.lp-25-794.sm.gz,train,train
1157,FolioSuite/planning/comm/p04.lp-26-1676.sm.gz,reserved_unused,train
1158,FolioSuite/planning/comm/p04.lp-29-1003.sm.gz,train,train
1159,FolioSuite/planning/comm/p05.lp-25-357.sm.gz,train,validation
1160,FolioSuite/planning/comm/p05.lp-27-512.sm.gz,train,train
1161,FolioSuite/planning/comm/p05.lp-29-2631.sm.gz,train,train
1162,FolioSuite/planning/comm/p05.lp-30-2175.sm.gz,reserved_unused,train
1163,FolioSuite/planning/comm/p05.lp-31-558.sm.gz,train,test
1164,FolioSuite/planning/comm/p05.lp-32-501.sm.gz,train,test
1165,FolioSuite/planning/comm/p05.lp-34-3915.sm.gz,train,train
1166,FolioSuite/planning/comm/p06.lp-27-510.sm.gz,train,validation
1167,FolioSuite/planning/comm/p06.lp-28-1317.sm.gz,test,train
1168,FolioSuite/planning/comm/p06.lp-30-20100.sm.gz,reserved_unused,train
1169,FolioSuite/planning/comm/p07.lp-28-437.sm.gz,train,train
1170,FolioSuite/planning/comm/p07.lp-29-1010.sm.gz,train,train
1171,FolioSuite/planning/comm/p07.lp-31-12002.sm.gz,train,validation
1172,FolioSuite/planning/comm/p07.lp-32-20100.sm.gz,train,train
1173,FolioSuite/planning/comm/p08.lp-29-178.sm.gz,train,train
1174,FolioSuite/planning/comm/p08.lp-30-925.sm.gz,train,train
1175,FolioSuite/planning/comm/p08.lp-31-644.sm.gz,train,train
1176,FolioSuite/planning/comm/p09.lp-29-197.sm.gz,train,train
1177,FolioSuite/planning/comm/p09.lp-34-12551.sm.gz,test,train
1178,FolioSuite/planning/comm/p10.lp-30-159.sm.gz,train,train
1179,FolioSuite/planning/comm/p10.lp-33-1004.sm.gz,train,train
1180,FolioSuite/planning/comm/p10.lp-34-1158.sm.gz,train,train
1181,FolioSuite/planning/comm/p10.lp-36-20100.sm.gz,train,test
1182,FolioSuite/planning/comm/p11.lp-32-814.sm.gz,test,train
1183,FolioSuite/planning/comm/p11.lp-33-860.sm.gz,train,train
1184,FolioSuite/planning/comm/p12.lp-31-113.sm.gz,test,train
1185,FolioSuite/planning/comm/p12.lp-32-264.sm.gz,test,train
1186,FolioSuite/planning/comm/p12.lp-34-473.sm.gz,train,train
1187,FolioSuite/planning/comm/p12.lp-38-8145.sm.gz,train,train
1188,FolioSuite/planning/comm/p13.lp-32-105.sm.gz,train,train
1189,FolioSuite/planning/comm/p13.lp-34-324.sm.gz,reserved_unused,validation
1190,FolioSuite/planning/comm/p13.lp-35-1260.sm.gz,train,train
1191,FolioSuite/planning/comm/p14.lp-35-245.sm.gz,train,train
1192,FolioSuite/planning/comm/p14.lp-38-2612.sm.gz,train,train
1193,FolioSuite/planning/comm/p14.lp-40-11058.sm.gz,train,train
1194,FolioSuite/planning/comm/p15.lp-37-485.sm.gz,train,train
1195,FolioSuite/planning/comm/p15.lp-38-3780.sm.gz,train,train
1196,FolioSuite/planning/comm/p15.lp-40-4750.sm.gz,train,train
1197,FolioSuite/planning/comm/p15.lp-41-8724.sm.gz,train,train
1198,FolioSuite/planning/comm/p15.lp-42-20100.sm.gz,train,train
1199,FolioSuite/planning/comm/p16.lp-39-156.sm.gz,train,train
1200,FolioSuite/planning/comm/p16.lp-41-197.sm.gz,train,train
1201,FolioSuite/planning/comm/p16.lp-45-20100.sm.gz,reserved_unused,validation
1202,FolioSuite/planning/comm/p17.lp-46-522.sm.gz,train,train
1203,FolioSuite/planning/comm/p17.lp-47-3283.sm.gz,train,train
1204,FolioSuite/planning/comm/p18.lp-48-176.sm.gz,train,test
1205,FolioSuite/planning/comm/p19.lp-53-150.sm.gz,train,train
1206,FolioSuite/planning/comm/p19.lp-55-226.sm.gz,test,train
1207,FolioSuite/planning/comm/p19.lp-56-269.sm.gz,reserved_unused,validation
1208,FolioSuite/planning/comm/p19.lp-57-3476.sm.gz,train,train
1209,FolioSuite/planning/comm/p19.lp-60-20100.sm.gz,train,train
1210,FolioSuite/planning/dispose/p02_04.lp-20-899.sm.gz,test,train
1211,FolioSuite/planning/dispose/p02_05.lp-16-274.sm.gz,test,train
1212,FolioSuite/planning/dispose/p02_05.lp-21-1841.sm.gz,train,train
1213,FolioSuite/planning/dispose/p02_05.lp-22-380.sm.gz,train,train
1214,FolioSuite/planning/dispose/p02_05.lp-24-3447.sm.gz,train,train
1215,FolioSuite/planning/dispose/p02_05.lp-25-9011.sm.gz,test,train
1216,FolioSuite/planning/dispose/p02_06.lp-15-279.sm.gz,train,train
1217,FolioSuite/planning/dispose/p02_06.lp-16-1163.sm.gz,train,train
1218,FolioSuite/planning/dispose/p02_06.lp-20-17833.sm.gz,train,train
1219,FolioSuite/planning/dispose/p02_06.lp-21-20100.sm.gz,train,train
1220,FolioSuite/planning/dispose/p02_07.lp-15-335.sm.gz,train,train
1221,FolioSuite/planning/dispose/p02_07.lp-16-209.sm.gz,test,train
1222,FolioSuite/planning/dispose/p02_07.lp-17-324.sm.gz,test,train
1223,FolioSuite/planning/dispose/p02_07.lp-18-5600.sm.gz,train,train
1224,FolioSuite/planning/dispose/p02_07.lp-19-11885.sm.gz,train,train
1225,FolioSuite/planning/dispose/p02_08.lp-15-432.sm.gz,train,train
1226,FolioSuite/planning/dispose/p02_08.lp-18-7252.sm.gz,train,train
1227,FolioSuite/planning/dispose/p02_08.lp-21-20100.sm.gz,train,train
1228,FolioSuite/planning/dispose/p02_09.lp-15-323.sm.gz,train,test
1229,FolioSuite/planning/dispose/p02_09.lp-18-9569.sm.gz,train,test
1230,FolioSuite/planning/dispose/p02_09.lp-19-19193.sm.gz,train,train
1231,FolioSuite/planning/dispose/p02_10.lp-15-172.sm.gz,train,train
1232,FolioSuite/planning/dispose/p02_10.lp-20-1358.sm.gz,train,train
1233,FolioSuite/planning/dispose/p02_10.lp-22-1479.sm.gz,train,train
1234,FolioSuite/planning/dispose/p02_10.lp-23-1789.sm.gz,test,train
1235,FolioSuite/planning/dispose/p03_01.lp-14-182.sm.gz,train,train
1236,FolioSuite/planning/dispose/p03_01.lp-15-220.sm.gz,test,train
1237,FolioSuite/planning/dispose/p03_01.lp-16-905.sm.gz,train,train
1238,FolioSuite/planning/dispose/p03_02.lp-15-183.sm.gz,train,validation
1239,FolioSuite/planning/dispose/p03_02.lp-18-3426.sm.gz,train,test
1240,FolioSuite/planning/dispose/p03_02.lp-19-7213.sm.gz,train,validation
1241,FolioSuite/planning/dispose/p03_03.lp-14-403.sm.gz,train,train
1242,FolioSuite/planning/dispose/p03_03.lp-15-526.sm.gz,train,test
1243,FolioSuite/planning/dispose/p03_03.lp-16-633.sm.gz,reserved_unused,test
1244,FolioSuite/planning/dispose/p03_03.lp-18-1472.sm.gz,reserved_unused,train
1245,FolioSuite/planning/dispose/p03_03.lp-19-10780.sm.gz,test,train
1246,FolioSuite/planning/dispose/p03_03.lp-20-13936.sm.gz,train,train
1247,FolioSuite/planning/dispose/p03_03.lp-21-20100.sm.gz,train,train
1248,FolioSuite/planning/dispose/p03_04.lp-16-606.sm.gz,train,train
1249,FolioSuite/planning/dispose/p03_04.lp-17-3896.sm.gz,train,train
1250,FolioSuite/planning/dispose/p03_04.lp-19-15341.sm.gz,train,test
1251,FolioSuite/planning/dispose/p03_05.lp-14-168.sm.gz,train,train
1252,FolioSuite/planning/dispose/p03_05.lp-16-480.sm.gz,train,train
1253,FolioSuite/planning/dispose/p03_06.lp-17-5563.sm.gz,train,train
1254,FolioSuite/planning/dispose/p03_06.lp-18-6661.sm.gz,train,train
1255,FolioSuite/planning/dispose/p03_07.lp-18-20100.sm.gz,train,train
1256,FolioSuite/planning/dispose/p03_08.lp-14-409.sm.gz,train,validation
1257,FolioSuite/planning/dispose/p03_09.lp-18-7247.sm.gz,train,test
1258,FolioSuite/planning/dispose/p03_10.lp-16-4450.sm.gz,reserved_unused,train
1259,FolioSuite/planning/dispose/p03_10.lp-18-15474.sm.gz,train,train
1260,FolioSuite/planning/dispose/p04_01.lp-15-129.sm.gz,train,test
1261,FolioSuite/planning/dispose/p04_01.lp-16-482.sm.gz,train,test
1262,FolioSuite/planning/dispose/p04_01.lp-19-13841.sm.gz,train,train
1263,FolioSuite/planning/dispose/p04_02.lp-15-115.sm.gz,train,train
1264,FolioSuite/planning/dispose/p04_02.lp-17-876.sm.gz,train,train
1265,FolioSuite/planning/dispose/p04_02.lp-18-20100.sm.gz,reserved_unused,train
1266,FolioSuite/planning/dispose/p04_03.lp-15-516.sm.gz,train,validation
1267,FolioSuite/planning/dispose/p04_03.lp-16-648.sm.gz,train,train
1268,FolioSuite/planning/dispose/p04_03.lp-17-9681.sm.gz,train,test
1269,FolioSuite/planning/dispose/p04_04.lp-16-531.sm.gz,reserved_unused,train
1270,FolioSuite/planning/dispose/p04_04.lp-17-3609.sm.gz,train,train
1271,FolioSuite/planning/dispose/p04_04.lp-18-5484.sm.gz,reserved_unused,validation
1272,FolioSuite/planning/dispose/p04_04.lp-19-20100.sm.gz,test,train
1273,FolioSuite/planning/dispose/p04_05.lp-16-349.sm.gz,train,validation
1274,FolioSuite/planning/dispose/p04_05.lp-17-1552.sm.gz,train,test
1275,FolioSuite/planning/dispose/p04_05.lp-19-20100.sm.gz,train,train
1276,FolioSuite/planning/dispose/p04_06.lp-20-20100.sm.gz,train,train
1277,FolioSuite/planning/dispose/p04_07.lp-17-1971.sm.gz,train,train
1278,FolioSuite/planning/dispose/p04_07.lp-18-3588.sm.gz,train,train
1279,FolioSuite/planning/dispose/p04_08.lp-16-919.sm.gz,test,train
1280,FolioSuite/planning/dispose/p04_08.lp-17-380.sm.gz,train,train
1281,FolioSuite/planning/dispose/p04_09.lp-17-409.sm.gz,train,train
1282,FolioSuite/planning/dispose/p04_10.lp-17-739.sm.gz,train,train
1283,FolioSuite/planning/dispose/p05_01.lp-15-445.sm.gz,train,train
1284,FolioSuite/planning/dispose/p05_01.lp-17-5711.sm.gz,train,train
1285,FolioSuite/searchTest-plain/stp_sequence2-ss2.lp.gz,train,train
1286,FolioSuite/searchTest-plain/stp_sequence3-ss1.lp.gz,test,train
1287,FolioSuite/searchTest-plain/stp_sequence3-ss2.lp.gz,train,train
1288,FolioSuite/searchTest-plain/stp_sequence4-ss1.lp.gz,train,train
1289,FolioSuite/searchTest-verbose/stv_sequence2-ss1.lp.gz,train,train
1290,FolioSuite/searchTest-verbose/stv_sequence3-ss1.lp.gz,train,train
1291,FolioSuite/searchTest-verbose/stv_sequence4-ss1.lp.gz,train,train
1292,FolioSuite/searchTest-verbose/stv_sequence4-ss2.lp.gz,reserved_unused,validation
1293,FolioSuite/searchTest-verbose/stv_sequence4-ss3.lp.gz,train,train
