3783 24186
7188 1 0.0042211904
430 1 0.0042211904
3134 1 0.0042211904
3026 1 0.0042211904
3010 1 0.0042211904
804 1 0.0042211904
160 1 0.0042211904
95 1 0.0040101309
377 1 0.0035880118
888 1 0.0035880118
89 1 0.0035880118
1901 1 0.0033769523
161 1 0.0033769523
256 1 0.0033769523
351 1 0.0031658928
3329 1 0.0031658928
3341 1 0.0031658928
649 1 0.0031658928
1583 1 0.0031658928
87 1 0.0031658928
37 1 0.0031658928
309 1 0.0031658928
821 1 0.0031658928
1496 1 0.0031658928
637 1 0.0031658928
964 1 0.0031658928
594 1 0.0031658928
2249 1 0.0031658928
554 1 0.0031658928
20 1 0.0031658928
2227 1 0.0031658928
1315 1 0.0031658928
519 1 0.0031658928
1316 1 0.0031658928
2149 1 0.0031658928
1724 1 0.0031658928
18 1 0.0031658928
57 1 0.0031658928
118 1 0.0029548333
3254 1 0.0029548333
1177 1 0.0029548333
112 1 0.0029548333
11 1 0.0029548333
586 1 0.0029548333
35 1 0.0029548333
15 1 0.0029548333
1445 1 0.0029548333
152 1 0.0029548333
2 1 0.0029548333
113 1 0.0029548333
44 1 0.0027437737
2401 1 0.0027437737
10 1 0.0027437737
2378 1 0.0027437737
126 1 0.0027437737
3245 1 0.0027437737
783 1 0.0027437737
493 1 0.0027437737
1358 1 0.0027437737
1180 1 0.0027437737
529 1 0.0027437737
333 1 0.0027437737
1538 1 0.0027437737
2282 1 0.0027437737
1519 1 0.0027437737
2966 1 0.0027437737
474 1 0.0027437737
330 1 0.0027437737
958 1 0.0027437737
17 1 0.0027437737
1295 1 0.0027437737
38 1 0.0027437737
1952 1 0.0027437737
223 1 0.0027437737
625 1 0.0025327142
1392 1 0.0025327142
3355 1 0.0025327142
1881 1 0.0025327142
58 1 0.0025327142
96 1 0.0025327142
1580 1 0.0025327142
196 1 0.0025327142
146 1 0.0025327142
416 1 0.0025327142
1198 1 0.0025327142
3319 1 0.0025327142
1867 1 0.0025327142
896 1 0.0025327142
617 1 0.0025327142
3300 1 0.0025327142
1877 1 0.0025327142
462 1 0.0025327142
3279 1 0.0025327142
454 1 0.0025327142
1860 1 0.0025327142
121 1 0.0025327142
151 1 0.0025327142
1570 1 0.0025327142
1573 1 0.0025327142
1063 1 0.0025327142
1353 1 0.0025327142
459 1 0.0025327142
2334 1 0.0025327142
1267 1 0.0025327142
1060 1 0.0025327142
1061 1 0.0025327142
7431 1 0.0025327142
1355 1 0.0025327142
71 1 0.0025327142
3070 1 0.0025327142
2113 1 0.0025327142
3001 1 0.0025327142
396 1 0.0025327142
2260 1 0.0025327142
142 1 0.0025327142
2238 1 0.0025327142
123 1 0.0025327142
2942 1 0.0025327142
1509 1 0.0025327142
7410 1 0.0025327142
1760 1 0.0025327142
2876 1 0.0025327142
259 1 0.0025327142
1493 1 0.0025327142
2845 1 0.0025327142
370 1 0.0025327142
2844 1 0.0025327142
2167 1 0.0025327142
156 1 0.0025327142
2808 1 0.0025327142
255 1 0.0025327142
736 1 0.0025327142
7603 1 0.0025327142
346 1 0.0025327142
9 1 0.0025327142
75 1 0.0025327142
175 1 0.0025327142
2754 1 0.0025327142
22 1 0.0025327142
155 1 0.0025327142
1261 1 0.0025327142
2552 1 0.0025327142
2586 1 0.0025327142
710 1 0.0025327142
578 1 0.0025327142
472 1 0.0025327142
2472 1 0.0025327142
1606 1 0.0025327142
4 1 0.0025327142
563 1 0.0025327142
744 1 0.0023216547
3422 1 0.0023216547
250 1 0.0023216547
249 1 0.0023216547
2427 1 0.0023216547
3414 1 0.0023216547
1590 1 0.0023216547
2305 1 0.0023216547
1900 1 0.0023216547
3392 1 0.0023216547
1065 1 0.0023216547
1147 1 0.0023216547
1072 1 0.0023216547
3375 1 0.0023216547
1024 1 0.0023216547
709 1 0.0023216547
1382 1 0.0023216547
3332 1 0.0023216547
1885 1 0.0023216547
3330 1 0.0023216547
1197 1 0.0023216547
3316 1 0.0023216547
1886 1 0.0023216547
154 1 0.0023216547
1522 1 0.0023216547
2391 1 0.0023216547
3298 1 0.0023216547
432 1 0.0023216547
3292 1 0.0023216547
3290 1 0.0023216547
7597 1 0.0023216547
3274 1 0.0023216547
1875 1 0.0023216547
291 1 0.0023216547
158 1 0.0023216547
1579 1 0.0023216547
1846 1 0.0023216547
1066 1 0.0023216547
290 1 0.0023216547
3233 1 0.0023216547
891 1 0.0023216547
247 1 0.0023216547
1856 1 0.0023216547
3211 1 0.0023216547
115 1 0.0023216547
1365 1 0.0023216547
483 1 0.0023216547
3210 1 0.0023216547
3189 1 0.0023216547
3193 1 0.0023216547
2352 1 0.0023216547
1847 1 0.0023216547
3173 1 0.0023216547
1051 1 0.0023216547
1843 1 0.0023216547
2342 1 0.0023216547
7341 1 0.0023216547
3139 1 0.0023216547
1186 1 0.0023216547
3167 1 0.0023216547
3149 1 0.0023216547
1842 1 0.0023216547
3156 1 0.0023216547
3141 1 0.0023216547
817 1 0.0023216547
1840 1 0.0023216547
1839 1 0.0023216547
2324 1 0.0023216547
3143 1 0.0023216547
3142 1 0.0023216547
174 1 0.0023216547
2315 1 0.0023216547
1356 1 0.0023216547
1835 1 0.0023216547
296 1 0.0023216547
3118 1 0.0023216547
1542 1 0.0023216547
3111 1 0.0023216547
753 1 0.0023216547
3088 1 0.0023216547
395 1 0.0023216547
3068 1 0.0023216547
3042 1 0.0023216547
1442 1 0.0023216547
1339 1 0.0023216547
596 1 0.0023216547
2281 1 0.0023216547
222 1 0.0023216547
194 1 0.0023216547
3064 1 0.0023216547
1812 1 0.0023216547
1796 1 0.0023216547
701 1 0.0023216547
124 1 0.0023216547
3057 1 0.0023216547
7427 1 0.0023216547
2276 1 0.0023216547
2271 1 0.0023216547
1525 1 0.0023216547
2235 1 0.0023216547
3027 1 0.0023216547
2090 1 0.0023216547
1342 1 0.0023216547
331 1 0.0023216547
3023 1 0.0023216547
2261 1 0.0023216547
68 1 0.0023216547
116 1 0.0023216547
1043 1 0.0023216547
3020 1 0.0023216547
491 1 0.0023216547
179 1 0.0023216547
2252 1 0.0023216547
214 1 0.0023216547
439 1 0.0023216547
2147 1 0.0023216547
1167 1 0.0023216547
697 1 0.0023216547
67 1 0.0023216547
1793 1 0.0023216547
258 1 0.0023216547
1340 1 0.0023216547
2996 1 0.0023216547
1520 1 0.0023216547
1336 1 0.0023216547
30 1 0.0023216547
178 1 0.0023216547
747 1 0.0023216547
2962 1 0.0023216547
2952 1 0.0023216547
455 1 0.0023216547
260 1 0.0023216547
623 1 0.0023216547
29 1 0.0023216547
1510 1 0.0023216547
2927 1 0.0023216547
301 1 0.0023216547
2907 1 0.0023216547
2909 1 0.0023216547
1148 1 0.0023216547
955 1 0.0023216547
1502 1 0.0023216547
2853 1 0.0023216547
1500 1 0.0023216547
2178 1 0.0023216547
1320 1 0.0023216547
874 1 0.0023216547
2177 1 0.0023216547
2892 1 0.0023216547
636 1 0.0023216547
1034 1 0.0023216547
1494 1 0.0023216547
276 1 0.0023216547
1318 1 0.0023216547
117 1 0.0023216547
1492 1 0.0023216547
1302 1 0.0023216547
1313 1 0.0023216547
1491 1 0.0023216547
2870 1 0.0023216547
2181 1 0.0023216547
1309 1 0.0023216547
1750 1 0.0023216547
2848 1 0.0023216547
1458 1 0.0023216547
951 1 0.0023216547
1029 1 0.0023216547
2176 1 0.0023216547
2846 1 0.0023216547
347 1 0.0023216547
2173 1 0.0023216547
2826 1 0.0023216547
1742 1 0.0023216547
2166 1 0.0023216547
2823 1 0.0023216547
2820 1 0.0023216547
2814 1 0.0023216547
1736 1 0.0023216547
1025 1 0.0023216547
1482 1 0.0023216547
1483 1 0.0023216547
2152 1 0.0023216547
2806 1 0.0023216547
1128 1 0.0023216547
2801 1 0.0023216547
2795 1 0.0023216547
1290 1 0.0023216547
1288 1 0.0023216547
1436 1 0.0023216547
2498 1 0.0023216547
2784 1 0.0023216547
587 1 0.0023216547
2780 1 0.0023216547
2779 1 0.0023216547
305 1 0.0023216547
944 1 0.0023216547
2129 1 0.0023216547
683 1 0.0023216547
42 1 0.0023216547
1136 1 0.0023216547
1283 1 0.0023216547
2127 1 0.0023216547
2093 1 0.0023216547
1284 1 0.0023216547
72 1 0.0023216547
264 1 0.0023216547
2756 1 0.0023216547
1285 1 0.0023216547
613 1 0.0023216547
304 1 0.0023216547
1282 1 0.0023216547
4721 1 0.0023216547
1475 1 0.0023216547
2746 1 0.0023216547
1715 1 0.0023216547
734 1 0.0023216547
2108 1 0.0023216547
1923 1 0.0023216547
1465 1 0.0023216547
2742 1 0.0023216547
2117 1 0.0023216547
1720 1 0.0023216547
90 1 0.0023216547
2731 1 0.0023216547
1457 1 0.0023216547
2725 1 0.0023216547
2109 1 0.0023216547
543 1 0.0023216547
2102 1 0.0023216547
712 1 0.0023216547
231 1 0.0023216547
2687 1 0.0023216547
1708 1 0.0023216547
1129 1 0.0023216547
76 1 0.0023216547
2065 1 0.0023216547
1251 1 0.0023216547
1248 1 0.0023216547
725 1 0.0023216547
2559 1 0.0023216547
507 1 0.0023216547
1942 1 0.0023216547
1232 1 0.0023216547
534 1 0.0023216547
994 1 0.0023216547
503 1 0.0023216547
2448 1 0.0023216547
846 1 0.0023216547
1 160 0.1459854015
1 1028 1.0000000000
1 309 0.0583657588
1 11 0.0064850843
1 594 0.2343750000
1 1316 1.0000000000
1 1392 0.5600000000
1 1583 1.0000000000
1 888 0.2857142857
1 637 0.1686746988
1 1520 1.0000000000
1 18 0.0140703518
1 35 0.0142857143
1 1901 1.0000000000
1 44 0.0212765957
1 10 0.0067427386
1 783 0.2600000000
1 821 0.2600000000
1 112 0.0469314079
1 964 0.1911764706
1 89 0.0229681979
1 20 0.0174966353
1 256 0.0391566265
1 223 0.0631067961
1 1881 0.5217391304
1 351 0.0731707317
1 196 0.0444444444
1 416 0.0800000000
1 1877 0.5217391304
1 87 0.0194489465
1 2367 1.0000000000
1 3254 0.1188118812
1 1573 0.3529411765
1 247 0.0563380282
1 1353 0.2666666667
1 493 0.1025641026
1 1358 0.3428571429
1 1177 0.4615384615
1 1538 0.3529411765
1 2296 1.0000000000
1 222 0.0378548896
1 2282 1.0000000000
1 2113 1.0000000000
1 2260 1.0000000000
1 71 0.0389610390
1 142 0.0234375000
1 2249 1.0000000000
1 1519 0.3529411765
1 2227 1.0000000000
1 1496 0.5000000000
1 519 0.0722891566
1 1493 0.3529411765
1 1315 0.4800000000
1 1750 0.5217391304
1 156 0.0273348519
1 9 0.0072683222
1 1724 0.5217391304
1 22 0.0097165992
1 15 0.0081135903
1 255 0.0322580645
1 1267 0.2666666667
1 1261 0.2666666667
1 57 0.0183767228
1 710 0.1690140845
1 472 0.1121495327
1 152 0.0388349515
1 1952 1.0000000000
1 1606 0.5217391304
1 379 0.0701754386
1 4 0.0046189376
1 563 0.0967741935
1 113 0.0257510730
1 744 0.1549295775
1 625 0.1182795699
1 3422 1.0000000000
1 3421 1.0000000000
1 3418 1.0000000000
1 3402 1.0000000000
1 250 0.0604395604
1 249 0.0352564103
1 2427 0.5000000000
1 3414 1.0000000000
1 1590 0.3235294118
1 3355 1.0000000000
1 2305 0.5000000000
1 1900 0.3333333333
1 3385 1.0000000000
1 1147 0.1666666667
1 377 0.1774193548
1 1072 0.2972972973
1 96 0.0218253968
1 118 0.0260047281
1 3375 1.0000000000
1 3367 1.0000000000
1 1024 0.2340425532
1 709 0.2619047619
1 3349 1.0000000000
1 1580 0.2500000000
1 545 0.0814814815
1 146 0.0274314214
1 1198 0.2391304348
1 1589 0.3235294118
1 3341 1.0000000000
1 3339 1.0000000000
1 2402 0.5000000000
1 2401 0.5000000000
1 1382 0.3142857143
1 3335 1.0000000000
1 3317 1.0000000000
1 3329 1.0000000000
1 3332 1.0000000000
1 3330 1.0000000000
1 1867 0.3333333333
1 1197 0.2391304348
1 3319 1.0000000000
1 1885 0.3333333333
1 1862 0.4782608696
1 1886 0.3333333333
1 649 0.0718954248
1 154 0.0224948875
1 3316 1.0000000000
1 617 0.0973451327
1 3313 1.0000000000
1 3300 1.0000000000
1 1522 0.2500000000
1 2391 0.5000000000
1 896 0.1392405063
1 3298 1.0000000000
1 462 0.0743243243
1 3295 1.0000000000
1 432 0.0691823899
1 3292 1.0000000000
1 3290 1.0000000000
1 2383 0.5000000000
1 1195 0.1447368421
1 3283 1.0000000000
1 1875 0.3333333333
1 3279 1.0000000000
1 2378 0.5000000000
1 1579 0.2500000000
1 291 0.0691823899
1 454 0.0743243243
1 2375 0.5000000000
1 292 0.0460251046
1 158 0.0394265233
1 3256 1.0000000000
1 1846 0.3333333333
1 3259 1.0000000000
1 1066 0.1929824561
1 1061 0.2340425532
1 3253 1.0000000000
1 1860 0.3333333333
1 3247 1.0000000000
1 2368 0.5000000000
1 151 0.0440000000
1 3245 1.0000000000
1 1574 0.2500000000
1 290 0.0424710425
1 1570 0.2500000000
1 3233 1.0000000000
1 891 0.1864406780
1 1856 0.2075471698
1 115 0.0217391304
1 3215 1.0000000000
1 483 0.0940170940
1 1365 0.3142857143
1 3211 1.0000000000
1 3210 1.0000000000
1 3189 1.0000000000
1 3193 1.0000000000
1 1847 0.3333333333
1 3202 1.0000000000
1 2351 0.5000000000
1 1063 0.1641791045
1 2352 0.5000000000
1 1051 0.1641791045
1 3173 1.0000000000
1 1843 0.3333333333
1 3163 1.0000000000
1 1186 0.1666666667
1 7341 0.1111111111
1 2342 0.5000000000
1 3139 1.0000000000
1 3167 1.0000000000
1 459 0.0859375000
1 2338 0.5000000000
1 1842 0.4782608696
1 2334 0.5000000000
1 3156 1.0000000000
1 817 0.1571428571
1 1840 0.3333333333
1 3141 1.0000000000
1 1521 0.4583333333
1 3149 1.0000000000
1 2324 0.5000000000
1 1839 0.4782608696
1 3143 1.0000000000
1 3148 1.0000000000
1 3142 1.0000000000
1 1060 0.1641791045
1 7431 0.5000000000
1 1355 0.3142857143
1 3134 0.3548387097
1 174 0.0339506173
1 2315 0.5000000000
1 1356 0.3142857143
1 3124 1.0000000000
1 1835 0.3333333333
1 296 0.0504587156
1 1180 0.1964285714
1 3118 1.0000000000
1 1542 0.3235294118
1 3113 1.0000000000
1 3111 1.0000000000
1 3013 1.0000000000
1 529 0.0814814815
1 1826 0.2075471698
1 3103 1.0000000000
1 1822 0.3333333333
1 3101 1.0000000000
1 753 0.2156862745
1 3083 1.0000000000
1 3088 1.0000000000
1 395 0.0575916230
1 3084 1.0000000000
1 333 0.0709677419
1 1339 0.2444444444
1 3068 1.0000000000
1 3042 1.0000000000
1 3078 1.0000000000
1 596 0.0964912281
1 1796 0.3333333333
1 2281 0.5000000000
1 3070 1.0000000000
1 1442 0.3235294118
1 3064 1.0000000000
1 194 0.0500000000
1 3062 1.0000000000
1 701 0.0833333333
1 3059 1.0000000000
1 124 0.0177419355
1 7427 0.5000000000
1 3057 1.0000000000
1 396 0.0683229814
1 2276 0.5000000000
1 2273 0.5000000000
1 3048 1.0000000000
1 523 0.0948275862
1 2271 0.5000000000
1 95 0.0101476015
1 1525 0.2500000000
1 2235 0.5000000000
1 2261 0.5000000000
1 1342 0.2000000000
1 331 0.0594594595
1 3027 1.0000000000
1 3023 1.0000000000
1 3026 1.0000000000
1 373 0.0639534884
1 68 0.0248306998
1 1331 0.2000000000
1 116 0.0205607477
1 2147 0.5000000000
1 3020 1.0000000000
1 2252 0.5000000000
1 179 0.0434782609
1 3004 1.0000000000
1 491 0.0291777188
1 214 0.0410447761
1 439 0.0859375000
1 3010 1.0000000000
1 2090 0.5000000000
1 3006 1.0000000000
1 810 0.1571428571
1 1167 0.1964285714
1 697 0.1078431373
1 67 0.0156472262
1 258 0.0404411765
1 1793 0.3333333333
1 3000 1.0000000000
1 2999 1.0000000000
1 1340 0.2444444444
1 2996 1.0000000000
1 2989 1.0000000000
1 1043 0.1134020619
1 554 0.2000000000
1 1336 0.2000000000
1 1337 0.2000000000
1 2238 0.5000000000
1 178 0.0320699708
1 747 0.0990990991
1 2966 1.0000000000
1 2962 1.0000000000
1 474 0.0866141732
1 330 0.0564102564
1 260 0.0376712329
1 2952 1.0000000000
1 455 0.1122448980
1 2941 1.0000000000
1 2947 1.0000000000
1 2945 1.0000000000
1 2942 1.0000000000
1 623 0.0769230769
1 1509 0.2500000000
1 2926 1.0000000000
1 29 0.0106796117
1 2217 0.5000000000
1 123 0.0281329923
1 1510 0.4583333333
1 1505 0.3235294118
1 2927 1.0000000000
1 804 0.1375000000
1 2920 1.0000000000
1 301 0.0940170940
1 2782 1.0000000000
1 2907 1.0000000000
1 2909 1.0000000000
1 958 0.1122448980
1 1148 0.1666666667
1 1502 0.2037037037
1 2904 1.0000000000
1 955 0.1410256410
1 874 0.1235955056
1 2898 1.0000000000
1 1500 0.2500000000
1 2198 0.5000000000
1 1320 0.2444444444
1 1760 0.0894308943
1 1494 0.3235294118
1 2178 0.5000000000
1 2892 1.0000000000
1 636 0.2075471698
1 1034 0.1428571429
1 276 0.1100000000
1 2876 1.0000000000
1 1318 0.2444444444
1 259 0.0404411765
1 2881 1.0000000000
1 117 0.0182119205
1 1492 0.3235294118
1 2185 0.5000000000
1 1313 0.2444444444
1 1491 0.2500000000
1 2870 1.0000000000
1 1309 0.2444444444
1 2181 0.5000000000
1 2858 1.0000000000
1 2177 0.5000000000
1 1749 0.3333333333
1 2848 1.0000000000
1 1458 0.2500000000
1 951 0.1250000000
1 1029 0.1641791045
1 2176 0.5000000000
1 347 0.0539215686
1 2846 1.0000000000
1 2845 1.0000000000
1 370 0.0639534884
1 2173 0.5000000000
1 2844 1.0000000000
1 1302 0.3142857143
1 2167 0.5000000000
1 2837 1.0000000000
1 517 0.1037735849
1 2826 1.0000000000
1 2166 0.5000000000
1 2163 0.5000000000
1 1742 0.3333333333
1 2830 1.0000000000
1 1295 0.2444444444
1 2823 1.0000000000
1 2632 1.0000000000
1 2820 1.0000000000
1 2814 1.0000000000
1 796 0.1100000000
1 1736 0.3333333333
1 1025 0.1641791045
1 1482 0.2500000000
1 1483 0.2500000000
1 2152 0.5000000000
1 2810 1.0000000000
1 2149 0.5000000000
1 2808 1.0000000000
1 2144 0.5000000000
1 2806 1.0000000000
1 1128 0.2391304348
1 38 0.0149253731
1 2801 1.0000000000
1 736 0.2682926829
1 2136 0.5000000000
1 2795 1.0000000000
1 2793 1.0000000000
1 1288 0.2000000000
1 1436 0.4583333333
1 2498 1.0000000000
1 7603 0.0153417015
1 2786 1.0000000000
1 2784 1.0000000000
1 587 0.0763888889
1 2783 1.0000000000
1 2780 1.0000000000
1 944 0.2291666667
1 305 0.0588235294
1 2779 1.0000000000
1 2775 1.0000000000
1 346 0.0632183908
1 683 0.1341463415
1 2772 1.0000000000
1 2129 0.5000000000
1 75 0.0179153094
1 2771 1.0000000000
1 175 0.0351437700
1 1136 0.1666666667
1 1283 0.2444444444
1 2127 0.5000000000
1 2767 1.0000000000
1 2764 1.0000000000
1 2763 1.0000000000
1 2093 0.5000000000
1 1284 0.2000000000
1 72 0.0201834862
1 264 0.0521327014
1 2754 1.0000000000
1 2756 1.0000000000
1 1285 0.2000000000
1 613 0.0635838150
1 304 0.0588235294
1 1282 0.2444444444
1 4721 0.5500000000
1 2752 1.0000000000
1 2750 1.0000000000
1 2746 1.0000000000
1 586 0.1170212766
1 2747 1.0000000000
1 2119 0.5000000000
1 1715 0.3333333333
1 1475 0.2500000000
1 734 0.1803278689
1 2744 1.0000000000
1 2108 0.5000000000
1 1923 0.5000000000
1 2743 1.0000000000
1 1465 0.3235294118
1 1720 0.3333333333
1 2742 1.0000000000
1 2117 0.5000000000
1 90 0.0181518152
1 2707 1.0000000000
1 1457 0.2500000000
1 2731 1.0000000000
1 2725 1.0000000000
1 2109 0.5000000000
1 2713 1.0000000000
1 155 0.0262529833
1 543 0.1692307692
1 2102 0.5000000000
1 231 0.0597826087
1 1708 0.3333333333
1 2700 1.0000000000
1 2687 1.0000000000
1 1413 0.2500000000
1 1129 0.1666666667
1 2695 1.0000000000
1 76 0.0286458333
1 1445 0.4583333333
1 2065 0.5000000000
1 2619 1.0000000000
1 2605 1.0000000000
1 1251 0.2444444444
1 2586 1.0000000000
1 1117 0.1964285714
1 300 0.0802919708
1 1248 0.2000000000
1 725 0.0990990991
1 578 0.1309523810
1 2559 1.0000000000
1 507 0.0591397849
1 1942 0.5000000000
1 1232 0.2444444444
1 42 0.0118025751
1 534 0.1157894737
1 994 0.1028037383
1 503 0.1037735849
1 2448 1.0000000000
1 846 0.1864406780
1 2 0.0039497307
1 7348 1.0000000000
1 7425 0.4090909091
1 7557 0.6428571429
1 7589 0.0957446809
1368 2 0.0071813285
164 2 0.0071813285
244 2 0.0071813285
62 2 0.0071813285
2244 2 0.0071813285
148 2 0.0071813285
7403 2 0.0071813285
52 2 0.0071813285
264 2 0.0071813285
159 2 0.0071813285
66 2 0.0071813285
20 2 0.0071813285
60 2 0.0071813285
585 2 0.0071813285
97 2 0.0071813285
2006 2 0.0071813285
1421 2 0.0071813285
353 2 0.0071813285
42 2 0.0071813285
37 2 0.0071813285
51 2 0.0068222621
185 2 0.0068222621
38 2 0.0068222621
7603 2 0.0068222621
312 2 0.0068222621
168 2 0.0068222621
354 2 0.0064631957
108 2 0.0064631957
9 2 0.0064631957
22 2 0.0064631957
91 2 0.0064631957
40 2 0.0064631957
250 2 0.0064631957
271 2 0.0064631957
119 2 0.0064631957
10 2 0.0064631957
113 2 0.0064631957
54 2 0.0064631957
375 2 0.0061041293
177 2 0.0061041293
31 2 0.0061041293
47 2 0.0061041293
17 2 0.0061041293
23 2 0.0061041293
74 2 0.0061041293
4 2 0.0061041293
179 2 0.0057450628
165 2 0.0057450628
306 2 0.0057450628
8 2 0.0053859964
242 2 0.0053859964
412 2 0.0053859964
381 2 0.0053859964
561 2 0.0053859964
216 2 0.0053859964
107 2 0.0053859964
681 2 0.0053859964
79 2 0.0053859964
272 2 0.0053859964
39 2 0.0053859964
150 2 0.0053859964
181 2 0.0053859964
109 2 0.0053859964
503 2 0.0053859964
223 2 0.0053859964
2404 2 0.0050269300
24 2 0.0050269300
19 2 0.0050269300
7 2 0.0050269300
348 2 0.0050269300
11 2 0.0050269300
473 2 0.0050269300
1921 2 0.0050269300
99 2 0.0050269300
121 2 0.0050269300
15 2 0.0046678636
1380 2 0.0046678636
30 2 0.0046678636
73 2 0.0046678636
85 2 0.0046678636
189 2 0.0046678636
787 2 0.0046678636
133 2 0.0046678636
1709 2 0.0046678636
75 2 0.0046678636
658 2 0.0046678636
293 2 0.0046678636
768 2 0.0046678636
45 2 0.0046678636
471 2 0.0046678636
1632 2 0.0046678636
281 2 0.0043087971
269 2 0.0043087971
96 2 0.0043087971
2336 2 0.0043087971
87 2 0.0043087971
206 2 0.0043087971
330 2 0.0043087971
90 2 0.0043087971
241 2 0.0043087971
190 2 0.0043087971
1494 2 0.0043087971
7577 2 0.0043087971
798 2 0.0043087971
211 2 0.0043087971
140 2 0.0043087971
217 2 0.0043087971
182 2 0.0043087971
236 2 0.0043087971
777 2 0.0043087971
1098 2 0.0043087971
106 2 0.0043087971
237 2 0.0043087971
44 2 0.0043087971
1401 2 0.0043087971
1409 2 0.0043087971
769 2 0.0043087971
1209 2 0.0043087971
917 2 0.0043087971
710 2 0.0043087971
114 2 0.0039497307
2698 2 0.0039497307
1127 2 0.0039497307
249 2 0.0039497307
1009 2 0.0039497307
1386 2 0.0039497307
173 2 0.0039497307
126 2 0.0039497307
43 2 0.0039497307
222 2 0.0039497307
647 2 0.0039497307
58 2 0.0039497307
5 2 0.0039497307
1156 2 0.0039497307
553 2 0.0039497307
170 2 0.0039497307
93 2 0.0039497307
145 2 0.0039497307
1523 2 0.0039497307
350 2 0.0039497307
89 2 0.0039497307
77 2 0.0039497307
1785 2 0.0039497307
166 2 0.0039497307
489 2 0.0039497307
25 2 0.0039497307
161 2 0.0039497307
1475 2 0.0039497307
83 2 0.0039497307
117 2 0.0039497307
146 2 0.0039497307
277 2 0.0039497307
70 2 0.0039497307
1487 2 0.0039497307
67 2 0.0039497307
175 2 0.0039497307
270 2 0.0039497307
587 2 0.0039497307
871 2 0.0039497307
389 2 0.0039497307
544 2 0.0039497307
2631 2 0.0039497307
672 2 0.0039497307
137 2 0.0039497307
424 2 0.0039497307
65 2 0.0039497307
1693 2 0.0039497307
475 2 0.0039497307
35 2 0.0039497307
449 2 0.0039497307
1998 2 0.0039497307
1977 2 0.0039497307
915 2 0.0039497307
63 2 0.0039497307
1957 2 0.0039497307
1635 2 0.0039497307
508 2 0.0039497307
2499 2 0.0039497307
2497 2 0.0039497307
299 2 0.0039497307
1225 2 0.0039497307
1232 2 0.0039497307
238 2 0.0039497307
2488 2 0.0039497307
1936 2 0.0039497307
382 2 0.0039497307
355 2 0.0039497307
1090 2 0.0039497307
1222 2 0.0039497307
21 2 0.0039497307
564 2 0.0039497307
2459 2 0.0039497307
774 2 0.0039497307
209 2 0.0039497307
1922 2 0.0039497307
504 2 0.0039497307
987 2 0.0039497307
2446 2 0.0039497307
986 2 0.0039497307
1603 2 0.0039497307
379 2 0.0039497307
446 2 0.0039497307
436 2 0.0039497307
512 2 0.0039497307
2 37 0.0328947368
2 38 0.0257801900
2 168 0.0931372549
2 4 0.0073133179
2 20 0.0242261104
2 767 0.4500000000
2 23 0.0210772834
2 40 0.0191489362
2 91 0.0571428571
2 113 0.0386266094
2 54 0.0365853659
2 108 0.0438144330
2 469 0.1082802548
2 250 0.0934065934
2 271 0.2125000000
2 471 0.3617021277
2 185 0.0398009950
2 188 0.0371229698
2 31 0.0180180180
2 312 0.1269841270
2 74 0.0493827160
2 119 0.0512820513
2 8 0.0089020772
2 381 0.1351351351
2 223 0.0728155340
2 257 0.0872093023
2 47 0.0267857143
2 17 0.0115651503
2 9 0.0090854028
2 150 0.0357142857
2 7400 0.1764705882
2 263 0.1145038168
2 42 0.0160944206
2 109 0.0313807531
2 489 0.1609195402
2 145 0.0157126824
2 107 0.0359897172
2 22 0.0113360324
2 473 0.1102362205
2 99 0.0331753555
2 165 0.0577777778
2 24 0.0121722846
2 7 0.0056034483
2 189 0.0646766169
2 787 0.1625000000
2 264 0.0616113744
2 66 0.0253411306
2 562 0.1756756757
2 270 0.0866666667
2 871 0.2203389831
2 15 0.0087897228
2 137 0.0388059701
2 75 0.0211726384
2 353 0.0673575130
2 21 0.0116383169
2 658 0.2096774194
2 45 0.0168612192
2 121 0.0341207349
2 10 0.0067427386
2 164 0.0368098160
2 1380 0.2666666667
2 2404 1.0000000000
2 1691 0.0591133005
2 14 0.0098119379
2 13 0.0082815735
2 139 0.0409556314
2 206 0.0547945205
2 19 0.0101265823
2 318 0.0681818182
2 561 0.1276595745
2 51 0.0147420147
2 90 0.0198019802
2 241 0.0439560440
2 1494 0.3529411765
2 77 0.0220994475
2 133 0.0281030445
2 70 0.0200668896
2 211 0.0377358491
2 681 0.0983606557
2 272 0.0324324324
2 862 0.2033898305
2 140 0.0321715818
2 217 0.0366972477
2 182 0.0410958904
2 251 0.0625000000
2 1098 0.2142857143
2 106 0.0218579235
2 503 0.1132075472
2 1409 0.3529411765
2 446 0.1764705882
2 769 0.1333333333
2 1209 0.3428571429
2 917 0.2068965517
2 710 0.1690140845
2 1632 0.5217391304
2 2006 1.0000000000
2 2698 1.0000000000
2 1127 0.1666666667
2 647 0.1325301205
2 126 0.0355987055
2 43 0.0121816168
2 242 0.0516431925
2 87 0.0178282010
2 5 0.0059459459
2 111 0.0336391437
2 1156 0.1666666667
2 16 0.0082028337
2 412 0.0578947368
2 5342 0.0282051282
2 95 0.0101476015
2 85 0.0132850242
2 3 0.0035256410
2 219 0.0383275261
2 93 0.0236559140
2 18 0.0110552764
2 350 0.0597826087
2 268 0.0607734807
2 89 0.0194346290
2 1785 0.3333333333
2 306 0.0700636943
2 25 0.0089576547
2 161 0.0277078086
2 52 0.0161054173
2 97 0.0227743271
2 83 0.0200000000
2 117 0.0182119205
2 146 0.0274314214
2 2839 1.0000000000
2 1487 0.2500000000
2 67 0.0156472262
2 175 0.0351437700
2 587 0.0763888889
2 1475 0.2500000000
2 1709 0.3333333333
2 672 0.1078431373
2 39 0.0163690476
2 424 0.0614525140
2 1693 0.3333333333
2 35 0.0112244898
2 449 0.0932203390
2 1998 0.5000000000
2 1929 0.5000000000
2 1977 0.5000000000
2 236 0.0541871921
2 777 0.0733333333
2 63 0.0232067511
2 1957 0.5000000000
2 1635 0.3333333333
2 915 0.1617647059
2 65 0.0173775671
2 508 0.1145833333
2 2499 1.0000000000
2 2497 1.0000000000
2 299 0.0588235294
2 1421 0.3235294118
2 1225 0.4400000000
2 1232 0.2444444444
2 2488 1.0000000000
2 1936 0.5000000000
2 382 0.0521327014
2 355 0.0769230769
2 238 0.0541871921
2 1090 0.2391304348
2 1222 0.2000000000
2 564 0.1170212766
2 2459 1.0000000000
2 774 0.1222222222
2 420 0.1392405063
2 237 0.0452674897
2 209 0.0482456140
2 1922 0.5000000000
2 532 0.1466666667
2 504 0.1145833333
2 7401 0.4400000000
2 987 0.2972972973
2 2446 1.0000000000
2 200 0.0691823899
2 44 0.0180032733
2 986 0.1641791045
2 148 0.0314285714
2 1603 0.3333333333
2 379 0.0643274854
2 436 0.1250000000
2 512 0.1037735849
2 402 0.0733333333
2 11 0.0021616948
2 7508 0.3125000000
2 7552 0.0107066381
2 7500 0.0000000000
2 7482 0.0000000000
2 7583 0.0000000000
2 798 0.0000000000
2 7577 0.0000000000
2 7603 0.0000000000
971 3 0.0064102564
92 3 0.0064102564
7336 3 0.0064102564
5 3 0.0057692308
1545 3 0.0057692308
103 3 0.0057692308
207 3 0.0054487179
43 3 0.0054487179
6 3 0.0054487179
7380 3 0.0051282051
333 3 0.0051282051
287 3 0.0051282051
754 3 0.0051282051
26 3 0.0048076923
34 3 0.0048076923
525 3 0.0048076923
545 3 0.0048076923
56 3 0.0048076923
1849 3 0.0048076923
557 3 0.0048076923
208 3 0.0048076923
1558 3 0.0048076923
2346 3 0.0048076923
974 3 0.0048076923
262 3 0.0048076923
2001 3 0.0048076923
142 3 0.0048076923
815 3 0.0048076923
120 3 0.0048076923
492 3 0.0048076923
1175 3 0.0048076923
32 3 0.0048076923
259 3 0.0048076923
177 3 0.0048076923
172 3 0.0048076923
1347 3 0.0048076923
1338 3 0.0048076923
105 3 0.0044871795
891 3 0.0044871795
818 3 0.0044871795
890 3 0.0044871795
347 3 0.0044871795
93 3 0.0044871795
1362 3 0.0044871795
1547 3 0.0044871795
351 3 0.0044871795
42 3 0.0044871795
123 3 0.0044871795
113 3 0.0044871795
1056 3 0.0044871795
2280 3 0.0044871795
879 3 0.0044871795
36 3 0.0044871795
590 3 0.0041666667
3254 3 0.0041666667
291 3 0.0041666667
3260 3 0.0041666667
1174 3 0.0041666667
3198 3 0.0041666667
460 3 0.0041666667
3200 3 0.0041666667
30 3 0.0041666667
589 3 0.0041666667
115 3 0.0041666667
433 3 0.0041666667
81 3 0.0041666667
7509 3 0.0041666667
973 3 0.0041666667
1555 3 0.0041666667
2334 3 0.0041666667
3154 3 0.0041666667
7595 3 0.0041666667
244 3 0.0041666667
1361 3 0.0041666667
2331 3 0.0041666667
1061 3 0.0041666667
21 3 0.0041666667
1356 3 0.0041666667
509 3 0.0041666667
969 3 0.0041666667
197 3 0.0041666667
493 3 0.0041666667
124 3 0.0041666667
621 3 0.0041666667
1036 3 0.0041666667
1054 3 0.0041666667
1818 3 0.0041666667
90 3 0.0041666667
358 3 0.0041666667
1339 3 0.0041666667
396 3 0.0041666667
748 3 0.0041666667
24 3 0.0041666667
13 3 0.0041666667
170 3 0.0041666667
2336 3 0.0038461538
88 3 0.0038461538
163 3 0.0038461538
158 3 0.0038461538
1576 3 0.0038461538
2353 3 0.0038461538
3221 3 0.0038461538
1358 3 0.0038461538
136 3 0.0038461538
1367 3 0.0038461538
7512 3 0.0038461538
757 3 0.0038461538
49 3 0.0038461538
646 3 0.0038461538
190 3 0.0038461538
1839 3 0.0038461538
2328 3 0.0038461538
1360 3 0.0038461538
7377 3 0.0038461538
7431 3 0.0038461538
2321 3 0.0038461538
125 3 0.0038461538
174 3 0.0038461538
1548 3 0.0038461538
1837 3 0.0038461538
173 3 0.0038461538
1834 3 0.0038461538
107 3 0.0038461538
703 3 0.0038461538
1456 3 0.0038461538
7406 3 0.0038461538
1832 3 0.0038461538
242 3 0.0038461538
3105 3 0.0038461538
641 3 0.0038461538
320 3 0.0038461538
955 3 0.0038461538
885 3 0.0038461538
632 3 0.0038461538
2300 3 0.0038461538
702 3 0.0038461538
228 3 0.0038461538
752 3 0.0038461538
2291 3 0.0038461538
656 3 0.0038461538
877 3 0.0038461538
7 3 0.0038461538
1043 3 0.0038461538
2293 3 0.0035256410
58 3 0.0035256410
290 3 0.0035256410
87 3 0.0035256410
72 3 0.0035256410
650 3 0.0035256410
3328 3 0.0035256410
720 3 0.0035256410
1379 3 0.0035256410
219 3 0.0035256410
19 3 0.0035256410
309 3 0.0035256410
3275 3 0.0035256410
1336 3 0.0035256410
345 3 0.0035256410
336 3 0.0035256410
295 3 0.0035256410
154 3 0.0035256410
1375 3 0.0035256410
97 3 0.0035256410
435 3 0.0035256410
7390 3 0.0035256410
753 3 0.0035256410
12 3 0.0035256410
1853 3 0.0035256410
1184 3 0.0035256410
1064 3 0.0035256410
1560 3 0.0035256410
988 3 0.0035256410
7341 3 0.0035256410
203 3 0.0035256410
976 3 0.0035256410
1063 3 0.0035256410
289 3 0.0035256410
454 3 0.0035256410
7394 3 0.0035256410
3203 3 0.0035256410
1844 3 0.0035256410
2053 3 0.0035256410
1363 3 0.0035256410
3181 3 0.0035256410
288 3 0.0035256410
2263 3 0.0035256410
111 3 0.0035256410
1843 3 0.0035256410
774 3 0.0035256410
3132 3 0.0035256410
1059 3 0.0035256410
2332 3 0.0035256410
691 3 0.0035256410
1550 3 0.0035256410
1060 3 0.0035256410
286 3 0.0035256410
205 3 0.0035256410
1359 3 0.0035256410
1459 3 0.0035256410
2315 3 0.0035256410
135 3 0.0035256410
1835 3 0.0035256410
10 3 0.0035256410
7432 3 0.0035256410
1815 3 0.0035256410
3127 3 0.0035256410
1836 3 0.0035256410
296 3 0.0035256410
266 3 0.0035256410
2311 3 0.0035256410
40 3 0.0035256410
1129 3 0.0035256410
1147 3 0.0035256410
2308 3 0.0035256410
331 3 0.0035256410
27 3 0.0035256410
755 3 0.0035256410
2306 3 0.0035256410
5679 3 0.0035256410
1790 3 0.0035256410
1523 3 0.0035256410
63 3 0.0035256410
937 3 0.0035256410
100 3 0.0035256410
53 3 0.0035256410
2298 3 0.0035256410
3087 3 0.0035256410
1274 3 0.0035256410
227 3 0.0035256410
1348 3 0.0035256410
75 3 0.0035256410
2295 3 0.0035256410
394 3 0.0035256410
3043 3 0.0035256410
2285 3 0.0035256410
1536 3 0.0035256410
883 3 0.0035256410
8 3 0.0035256410
199 3 0.0035256410
2290 3 0.0035256410
11 3 0.0035256410
1816 3 0.0035256410
62 3 0.0035256410
95 3 0.0035256410
701 3 0.0035256410
1524 3 0.0035256410
1169 3 0.0035256410
749 3 0.0035256410
876 3 0.0035256410
33 3 0.0025641026
3 5 0.0097297297
3 92 0.0318584071
3 6 0.0101237345
3 207 0.0698689956
3 123 0.0409207161
3 287 0.0804020101
3 103 0.0319361277
3 34 0.0174216028
3 56 0.0344036697
3 142 0.0292968750
3 120 0.0465838509
3 351 0.0914634146
3 333 0.0967741935
3 43 0.0166112957
3 32 0.0170842825
3 1338 1.0000000000
3 170 0.0641025641
3 105 0.0297872340
3 818 0.2800000000
3 208 0.0740740741
3 974 0.2413793103
3 347 0.0686274510
3 93 0.0301075269
3 973 0.2916666667
3 1362 0.5600000000
3 1547 1.0000000000
3 509 0.1111111111
3 197 0.0378378378
3 1545 1.0000000000
3 1056 0.2978723404
3 492 0.1196581197
3 2280 0.2692307692
3 879 0.2028985507
3 36 0.0153172867
3 259 0.0514705882
3 19 0.0109704641
3 291 0.0817610063
3 891 0.2203389831
3 460 0.0878378378
3 30 0.0121495327
3 557 0.1238095238
3 1849 1.0000000000
3 136 0.0336787565
3 1558 0.5416666667
3 115 0.0256916996
3 31 0.0146396396
3 890 0.1460674157
3 262 0.0714285714
3 190 0.0418006431
3 1555 0.5416666667
3 7595 0.0320197044
3 1361 0.3714285714
3 971 0.3421052632
3 1359 0.3714285714
3 1061 0.2765957447
3 1356 0.3714285714
3 42 0.0139484979
3 493 0.1111111111
3 331 0.0702702703
3 124 0.0209677419
3 1824 1.0000000000
3 621 0.1780821918
3 1036 0.3513513514
3 754 0.0860927152
3 1054 0.2765957447
3 702 0.1160714286
3 1818 1.0000000000
3 90 0.0214521452
3 396 0.0807453416
3 24 0.0121722846
3 13 0.0089717046
3 88 0.0263157895
3 163 0.0337078652
3 158 0.0430107527
3 590 0.2222222222
3 247 0.0563380282
3 3254 0.1188118812
3 1576 0.5000000000
3 7380 0.1764705882
3 7525 0.1071428571
3 2353 1.0000000000
3 638 0.1643835616
3 1174 0.4615384615
3 525 0.1578947368
3 289 0.0603015075
3 1363 0.2666666667
3 2346 1.0000000000
3 7512 0.0727272727
3 81 0.0254237288
3 7509 0.1818181818
3 646 0.2264150943
3 162 0.0405405405
3 1839 0.5217391304
3 21 0.0107430618
3 244 0.0313315927
3 1360 0.2666666667
3 7377 0.4285714286
3 2321 1.0000000000
3 174 0.0370370370
3 1548 0.5000000000
3 1834 0.5217391304
3 107 0.0308483290
3 969 0.1538461538
3 886 0.1739130435
3 1832 0.5217391304
3 641 0.0655737705
3 2306 1.0000000000
3 1790 0.5217391304
3 1523 0.3529411765
3 63 0.0253164557
3 937 0.0759493671
3 632 0.0975609756
3 2300 1.0000000000
3 1175 0.2608695652
3 752 0.1081081081
3 2295 1.0000000000
3 394 0.1690140845
3 2291 1.0000000000
3 1536 0.3529411765
3 358 0.0839160839
3 1339 0.2666666667
3 748 0.0662983425
3 1816 0.5217391304
3 7 0.0051724138
3 29 0.0116504854
3 7336 0.4137931034
3 1347 0.3428571429
3 290 0.0424710425
3 87 0.0178282010
3 72 0.0201834862
3 3328 1.0000000000
3 720 0.0909090909
3 650 0.0718954248
3 1379 0.2444444444
3 309 0.0428015564
3 3275 1.0000000000
3 1336 0.2000000000
3 345 0.0714285714
3 295 0.0395683453
3 3260 1.0000000000
3 1375 0.3142857143
3 97 0.0227743271
3 2903 1.0000000000
3 7390 0.1428571429
3 12 0.0071243523
3 753 0.2156862745
3 1853 0.3333333333
3 1184 0.1964285714
3 3221 1.0000000000
3 1560 0.2500000000
3 1358 0.3142857143
3 7341 0.1111111111
3 203 0.0367892977
3 3198 1.0000000000
3 976 0.2291666667
3 1063 0.1641791045
3 454 0.0743243243
3 3203 1.0000000000
3 3200 1.0000000000
3 1367 0.2000000000
3 433 0.0791366906
3 2053 0.5000000000
3 3181 1.0000000000
3 288 0.0282776350
3 2263 0.5000000000
3 757 0.1358024691
3 49 0.0155586987
3 111 0.0336391437
3 1843 0.3333333333
3 2336 0.0254629630
3 774 0.1222222222
3 3132 1.0000000000
3 1059 0.1428571429
3 2332 0.5000000000
3 2334 0.5000000000
3 3154 1.0000000000
3 691 0.2619047619
3 2328 0.5000000000
3 1550 0.3235294118
3 1060 0.1641791045
3 286 0.0691823899
3 2331 0.5000000000
3 205 0.0355987055
3 7431 0.5000000000
3 1459 0.2500000000
3 2315 0.5000000000
3 27 0.0102996255
3 1837 0.3333333333
3 135 0.0327380952
3 1835 0.3333333333
3 173 0.0302197802
3 125 0.0157142857
3 815 0.1000000000
3 10 0.0057053942
3 7432 0.5000000000
3 1815 0.3333333333
3 3127 1.0000000000
3 1836 0.4782608696
3 296 0.0504587156
3 266 0.0521327014
3 703 0.0901639344
3 1456 0.2500000000
3 7406 0.3142857143
3 242 0.0516431925
3 3105 1.0000000000
3 2311 0.5000000000
3 320 0.0625000000
3 40 0.0117021277
3 1129 0.1666666667
3 1147 0.1666666667
3 2308 0.5000000000
3 955 0.1410256410
3 755 0.3548387097
3 5679 0.1000000000
3 885 0.1009174312
3 100 0.0295698925
3 53 0.0223123732
3 2298 0.5000000000
3 3087 1.0000000000
3 228 0.0468085106
3 1274 0.2444444444
3 227 0.0591397849
3 1348 0.2000000000
3 75 0.0179153094
3 2285 0.5000000000
3 883 0.1235955056
3 8 0.0065281899
3 199 0.0354838710
3 2290 0.5000000000
3 11 0.0047557285
3 656 0.0679012346
3 62 0.0213178295
3 877 0.1594202899
3 95 0.0101476015
3 701 0.0833333333
3 1524 0.2500000000
3 1043 0.1134020619
3 116 0.0205607477
3 749 0.2682926829
3 3049 1.0000000000
3 876 0.0614525140
3 172 0.0261627907
3 7604 0.0000000000
97 4 0.0076982294
215 4 0.0076982294
479 4 0.0076982294
302 4 0.0076982294
39 4 0.0076982294
381 4 0.0076982294
148 4 0.0076982294
7603 4 0.0073133179
40 4 0.0073133179
312 4 0.0073133179
31 4 0.0069284065
131 4 0.0069284065
859 4 0.0065434950
437 4 0.0065434950
23 4 0.0065434950
37 4 0.0065434950
136 4 0.0061585835
25 4 0.0061585835
9 4 0.0061585835
777 4 0.0061585835
1398 4 0.0061585835
17 4 0.0057736721
77 4 0.0057736721
1445 4 0.0057736721
1009 4 0.0057736721
423 4 0.0057736721
510 4 0.0057736721
65 4 0.0057736721
420 4 0.0057736721
63 4 0.0057736721
224 4 0.0057736721
7582 4 0.0057736721
16 4 0.0057736721
311 4 0.0057736721
562 4 0.0057736721
223 4 0.0057736721
1230 4 0.0057736721
74 4 0.0057736721
54 4 0.0057736721
113 4 0.0057736721
119 4 0.0057736721
683 4 0.0053887606
231 4 0.0053887606
1239 4 0.0053887606
72 4 0.0053887606
567 4 0.0053887606
508 4 0.0053887606
139 4 0.0053887606
466 4 0.0053887606
534 4 0.0053887606
1085 4 0.0053887606
236 4 0.0053887606
771 4 0.0053887606
150 4 0.0053887606
106 4 0.0053887606
561 4 0.0053887606
768 4 0.0053887606
121 4 0.0053887606
168 4 0.0053887606
1270 4 0.0050038491
159 4 0.0050038491
177 4 0.0050038491
1264 4 0.0050038491
578 4 0.0050038491
3774 4 0.0050038491
1003 4 0.0050038491
367 4 0.0050038491
1107 4 0.0050038491
661 4 0.0050038491
274 4 0.0050038491
654 4 0.0050038491
910 4 0.0050038491
1091 4 0.0050038491
1401 4 0.0050038491
84 4 0.0050038491
531 4 0.0050038491
237 4 0.0050038491
270 4 0.0050038491
45 4 0.0050038491
501 4 0.0050038491
710 4 0.0050038491
91 4 0.0050038491
583 4 0.0046189376
1702 4 0.0046189376
3356 4 0.0046189376
95 4 0.0046189376
22 4 0.0046189376
21 4 0.0046189376
11 4 0.0046189376
47 4 0.0046189376
156 4 0.0046189376
733 4 0.0046189376
356 4 0.0046189376
1678 4 0.0046189376
1010 4 0.0046189376
7596 4 0.0046189376
781 4 0.0046189376
2017 4 0.0046189376
2002 4 0.0046189376
572 4 0.0046189376
202 4 0.0046189376
664 4 0.0046189376
1636 4 0.0046189376
181 4 0.0046189376
326 4 0.0046189376
341 4 0.0046189376
538 4 0.0046189376
88 4 0.0046189376
1233 4 0.0046189376
111 4 0.0046189376
2492 4 0.0046189376
536 4 0.0046189376
1621 4 0.0046189376
1415 4 0.0046189376
323 4 0.0046189376
1611 4 0.0046189376
609 4 0.0046189376
353 4 0.0046189376
366 4 0.0046189376
848 4 0.0046189376
1602 4 0.0046189376
365 4 0.0046189376
249 4 0.0046189376
419 4 0.0046189376
841 4 0.0046189376
468 4 0.0046189376
193 4 0.0046189376
917 4 0.0046189376
250 4 0.0046189376
99 4 0.0046189376
1816 4 0.0042340262
2103 4 0.0042340262
2405 4 0.0042340262
394 4 0.0042340262
227 4 0.0042340262
396 4 0.0042340262
411 4 0.0042340262
1054 4 0.0042340262
807 4 0.0042340262
178 4 0.0042340262
67 4 0.0042340262
1038 4 0.0042340262
489 4 0.0042340262
347 4 0.0042340262
38 4 0.0042340262
265 4 0.0042340262
2201 4 0.0042340262
361 4 0.0042340262
1295 4 0.0042340262
1737 4 0.0042340262
1139 4 0.0042340262
386 4 0.0042340262
140 4 0.0042340262
117 4 0.0042340262
727 4 0.0042340262
2001 4 0.0042340262
449 4 0.0042340262
1108 4 0.0042340262
1642 4 0.0042340262
1109 4 0.0042340262
918 4 0.0042340262
2511 4 0.0042340262
570 4 0.0042340262
716 4 0.0042340262
313 4 0.0042340262
718 4 0.0042340262
1615 4 0.0042340262
1218 4 0.0042340262
1086 4 0.0042340262
2485 4 0.0042340262
109 4 0.0042340262
7569 4 0.0042340262
1088 4 0.0042340262
535 4 0.0042340262
2467 4 0.0042340262
2468 4 0.0042340262
2465 4 0.0042340262
401 4 0.0042340262
772 4 0.0042340262
2454 4 0.0042340262
773 4 0.0042340262
711 4 0.0042340262
7550 4 0.0042340262
842 4 0.0042340262
153 4 0.0042340262
2442 4 0.0042340262
840 4 0.0042340262
2439 4 0.0042340262
379 4 0.0042340262
1908 4 0.0042340262
512 4 0.0042340262
251 4 0.0042340262
1087 4 0.0042340262
1909 4 0.0042340262
446 4 0.0042340262
532 4 0.0042340262
1209 4 0.0042340262
439 4 0.0042340262
10 4 0.0042340262
4 302 0.1167883212
4 7552 0.0342612420
4 168 0.0784313725
4 77 0.0276243094
4 423 0.1685393258
4 381 0.1351351351
4 63 0.0316455696
4 150 0.0357142857
4 311 0.1027397260
4 23 0.0175644028
4 148 0.0428571429
4 562 0.2027027027
4 45 0.0194552529
4 131 0.0397877984
4 501 0.1973684211
4 40 0.0159574468
4 91 0.0476190476
4 54 0.0304878049
4 119 0.0480769231
4 312 0.1190476190
4 626 0.2222222222
4 136 0.0362694301
4 31 0.0157657658
4 17 0.0107941403
4 683 0.1707317073
4 74 0.0432098765
4 479 0.1609195402
4 39 0.0208333333
4 1239 0.5600000000
4 1109 0.5384615385
4 510 0.3043478261
4 777 0.0933333333
4 65 0.0221169036
4 508 0.1458333333
4 534 0.1473684211
4 420 0.1772151899
4 7401 0.5600000000
4 437 0.1428571429
4 16 0.0104399702
4 223 0.0679611650
4 106 0.0255009107
4 1230 0.5600000000
4 37 0.0230263158
4 1270 0.3714285714
4 159 0.0452961672
4 25 0.0105863192
4 177 0.0064260999
4 11 0.0056204064
4 21 0.0116383169
4 215 0.0695187166
4 1678 1.0000000000
4 1445 0.5416666667
4 578 0.1547619048
4 1009 0.2280701754
4 572 0.1382978723
4 202 0.0449826990
4 97 0.0269151139
4 1108 0.3611111111
4 1107 0.2826086957
4 1398 0.5416666667
4 567 0.2954545455
4 274 0.0764705882
4 654 0.1274509804
4 661 0.1585365854
4 466 0.1111111111
4 910 0.3421052632
4 1091 0.5000000000
4 1602 1.0000000000
4 365 0.0855263158
4 841 0.1645569620
4 84 0.0228873239
4 379 0.0760233918
4 251 0.0677083333
4 917 0.2241379310
4 270 0.0866666667
4 561 0.1382978723
4 710 0.1830985915
4 121 0.0341207349
4 113 0.0278969957
4 583 0.2222222222
4 1702 0.5217391304
4 95 0.0110701107
4 1691 0.0591133005
4 489 0.1379310345
4 2201 1.0000000000
4 361 0.0975609756
4 47 0.0214285714
4 9 0.0072683222
4 386 0.0916030534
4 140 0.0321715818
4 7327 0.1348314607
4 1264 0.3428571429
4 356 0.0784313725
4 2024 1.0000000000
4 727 0.1967213115
4 1010 0.2553191489
4 781 0.3000000000
4 2017 1.0000000000
4 2002 1.0000000000
4 3774 0.1333333333
4 664 0.1176470588
4 1003 0.2553191489
4 367 0.1071428571
4 181 0.0458015267
4 1634 0.5217391304
4 326 0.0774193548
4 538 0.2181818182
4 88 0.0263157895
4 1233 0.4800000000
4 72 0.0220183486
4 1615 0.5217391304
4 536 0.0585365854
4 1621 0.5217391304
4 1415 0.3529411765
4 323 0.0727272727
4 1611 0.1904761905
4 1088 0.2608695652
4 609 0.1061946903
4 1085 0.4615384615
4 236 0.0591133005
4 145 0.0134680135
4 366 0.0845070423
4 771 0.2400000000
4 711 0.1690140845
4 380 0.0991735537
4 153 0.0343839542
4 419 0.0754716981
4 468 0.1558441558
4 193 0.0521739130
4 237 0.0493827160
4 250 0.0659340659
4 768 0.1333333333
4 439 0.0937500000
4 99 0.0284360190
4 1816 0.4782608696
4 2103 0.5000000000
4 3356 1.0000000000
4 2405 0.5000000000
4 227 0.0591397849
4 396 0.0683229814
4 411 0.0687500000
4 1054 0.2340425532
4 807 0.1222222222
4 2997 1.0000000000
4 178 0.0320699708
4 67 0.0156472262
4 1038 0.1641791045
4 521 0.1447368421
4 347 0.0539215686
4 1322 0.0956521739
4 265 0.0683229814
4 2868 1.0000000000
4 1025 0.1641791045
4 1295 0.2444444444
4 1737 0.3333333333
4 1139 0.1666666667
4 156 0.0250569476
4 35 0.0112244898
4 2740 1.0000000000
4 733 0.1803278689
4 26 0.0069930070
4 2709 1.0000000000
4 117 0.0182119205
4 859 0.1594202899
4 2001 0.5000000000
4 1636 0.3333333333
4 1642 0.3333333333
4 918 0.1617647059
4 2511 1.0000000000
4 341 0.0632183908
4 570 0.1057692308
4 716 0.0607734807
4 313 0.0873015873
4 718 0.1089108911
4 111 0.0336391437
4 2492 1.0000000000
4 1218 0.2444444444
4 1086 0.3055555556
4 2485 1.0000000000
4 109 0.0230125523
4 139 0.0375426621
4 535 0.0880000000
4 2467 1.0000000000
4 2468 1.0000000000
4 2465 1.0000000000
4 401 0.0687500000
4 353 0.0569948187
4 224 0.0466101695
4 772 0.2200000000
4 2454 1.0000000000
4 848 0.1594202899
4 773 0.1833333333
4 842 0.1594202899
4 249 0.0352564103
4 2442 1.0000000000
4 7550 0.0395683453
4 840 0.1392405063
4 2439 1.0000000000
4 1908 0.5000000000
4 512 0.1037735849
4 531 0.0814814815
4 1087 0.1666666667
4 1909 0.5000000000
4 446 0.1617647059
4 532 0.1466666667
4 1209 0.3142857143
4 10 0.0057053942
4 231 0.0489130435
4 7589 0.0957446809
4 7569 0.4500000000
4 7582 0.2647058824
4 211 0.0157232704
4 7596 0.0000000000
603 5 0.0108108108
191 5 0.0108108108
11 5 0.0108108108
68 5 0.0108108108
67 5 0.0108108108
248 5 0.0108108108
372 5 0.0108108108
42 5 0.0102702703
13 5 0.0097297297
19 5 0.0097297297
53 5 0.0097297297
163 5 0.0091891892
433 5 0.0091891892
31 5 0.0086486486
43 5 0.0086486486
557 5 0.0086486486
49 5 0.0086486486
58 5 0.0081081081
435 5 0.0081081081
32 5 0.0081081081
6 5 0.0081081081
158 5 0.0081081081
982 5 0.0081081081
100 5 0.0081081081
97 5 0.0081081081
7380 5 0.0075675676
24 5 0.0075675676
291 5 0.0075675676
1372 5 0.0075675676
818 5 0.0075675676
103 5 0.0075675676
335 5 0.0075675676
1192 5 0.0075675676
174 5 0.0075675676
893 5 0.0075675676
59 5 0.0075675676
12 5 0.0075675676
81 5 0.0075675676
904 5 0.0070270270
349 5 0.0070270270
36 5 0.0070270270
29 5 0.0070270270
85 5 0.0070270270
33 5 0.0070270270
61 5 0.0070270270
826 5 0.0070270270
122 5 0.0070270270
242 5 0.0070270270
197 5 0.0070270270
1872 5 0.0070270270
391 5 0.0070270270
1068 5 0.0070270270
88 5 0.0070270270
115 5 0.0070270270
7591 5 0.0064864865
96 5 0.0064864865
125 5 0.0064864865
82 5 0.0064864865
92 5 0.0064864865
178 5 0.0064864865
250 5 0.0064864865
3307 5 0.0064864865
3206 5 0.0064864865
26 5 0.0064864865
434 5 0.0064864865
118 5 0.0064864865
597 5 0.0064864865
309 5 0.0064864865
135 5 0.0064864865
684 5 0.0064864865
288 5 0.0064864865
1375 5 0.0064864865
801 5 0.0064864865
1373 5 0.0064864865
110 5 0.0064864865
7126 5 0.0059459459
222 5 0.0059459459
1535 5 0.0059459459
528 5 0.0059459459
198 5 0.0059459459
460 5 0.0059459459
238 5 0.0059459459
3336 5 0.0059459459
602 5 0.0059459459
47 5 0.0059459459
154 5 0.0059459459
641 5 0.0059459459
2395 5 0.0059459459
22 5 0.0059459459
599 5 0.0059459459
30 5 0.0059459459
245 5 0.0059459459
120 5 0.0059459459
1819 5 0.0059459459
3309 5 0.0059459459
310 5 0.0059459459
8 5 0.0059459459
774 5 0.0059459459
695 5 0.0059459459
1156 5 0.0059459459
280 5 0.0059459459
27 5 0.0059459459
1909 5 0.0059459459
3009 5 0.0059459459
462 5 0.0059459459
146 5 0.0059459459
2386 5 0.0059459459
484 5 0.0059459459
2354 5 0.0059459459
1194 5 0.0059459459
2333 5 0.0059459459
825 5 0.0059459459
1065 5 0.0059459459
292 5 0.0059459459
1378 5 0.0059459459
136 5 0.0059459459
93 5 0.0059459459
1868 5 0.0059459459
336 5 0.0059459459
216 5 0.0059459459
3254 5 0.0059459459
1854 5 0.0059459459
1376 5 0.0059459459
172 5 0.0059459459
692 5 0.0059459459
7444 5 0.0059459459
1859 5 0.0059459459
1832 5 0.0059459459
890 5 0.0059459459
3236 5 0.0059459459
7341 5 0.0059459459
988 5 0.0059459459
156 5 0.0059459459
2363 5 0.0059459459
3231 5 0.0059459459
2320 5 0.0059459459
706 5 0.0059459459
1491 5 0.0059459459
2335 5 0.0059459459
141 5 0.0059459459
395 5 0.0059459459
203 5 0.0059459459
289 5 0.0059459459
7531 5 0.0000000000
5 67 0.0256045519
5 19 0.0151898734
5 8 0.0106824926
5 46 0.0273752013
5 13 0.0117322291
5 248 0.0928961749
5 6 0.0089988751
5 31 0.0180180180
5 53 0.0324543611
5 32 0.0170842825
5 435 0.1162790698
5 191 0.0574712644
5 100 0.0403225806
5 242 0.0704225352
5 68 0.0338600451
5 163 0.0421348315
5 335 0.1304347826
5 174 0.0462962963
5 42 0.0160944206
5 433 0.1079136691
5 59 0.0311804009
5 36 0.0153172867
5 58 0.0156950673
5 982 0.2413793103
5 49 0.0198019802
5 43 0.0155038760
5 291 0.0880503145
5 818 0.2800000000
5 557 0.1333333333
5 81 0.0296610169
5 85 0.0157004831
5 24 0.0121722846
5 61 0.0250965251
5 158 0.0465949821
5 826 0.1444444444
5 122 0.0341207349
5 1872 1.0000000000
5 391 0.0807453416
5 1068 0.1688311688
5 88 0.0285087719
5 893 0.2653061224
5 115 0.0256916996
5 12 0.0084196891
5 47 0.0214285714
5 96 0.0238095238
5 250 0.0659340659
5 29 0.0116504854
5 641 0.0655737705
5 26 0.0076287349
5 434 0.1348314607
5 118 0.0283687943
5 309 0.0466926070
5 1372 0.2666666667
5 135 0.0357142857
5 288 0.0308483290
5 1375 0.3428571429
5 262 0.0659340659
5 1192 0.2142857143
5 1373 0.4800000000
5 1535 0.2500000000
5 198 0.0500000000
5 125 0.0157142857
5 82 0.0210727969
5 92 0.0194690265
5 460 0.0743243243
5 238 0.0541871921
5 178 0.0320699708
5 3336 1.0000000000
5 602 0.0964912281
5 3307 1.0000000000
5 154 0.0224948875
5 2395 0.2619047619
5 599 0.0820895522
5 3206 1.0000000000
5 245 0.0388692580
5 120 0.0341614907
5 1819 0.4782608696
5 3309 1.0000000000
5 310 0.0802919708
5 774 0.1222222222
5 695 0.0982142857
5 1156 0.1666666667
5 280 0.0458333333
5 27 0.0102996255
5 1909 0.5000000000
5 33 0.0081662955
5 3009 1.0000000000
5 462 0.0743243243
5 146 0.0274314214
5 2386 0.5000000000
5 597 0.0820895522
5 2360 0.5000000000
5 2354 0.2619047619
5 1194 0.1666666667
5 2333 0.5000000000
5 825 0.1222222222
5 1065 0.1428571429
5 1378 0.2444444444
5 136 0.0284974093
5 97 0.0227743271
5 93 0.0236559140
5 1868 0.3333333333
5 684 0.1195652174
5 336 0.0709677419
5 216 0.0506912442
5 1854 0.4782608696
5 1376 0.2000000000
5 801 0.0478260870
5 103 0.0219560878
5 692 0.2619047619
5 7444 0.2156862745
5 1859 0.3333333333
5 1832 0.4782608696
5 1359 0.3142857143
5 890 0.1235955056
5 3236 1.0000000000
5 7341 0.1111111111
5 988 0.1641791045
5 2363 0.5000000000
5 3231 1.0000000000
5 979 0.1896551724
5 706 0.0982142857
5 156 0.0250569476
5 1491 0.2500000000
5 2335 0.5000000000
5 395 0.0575916230
5 203 0.0367892977
5 289 0.0552763819
5 7568 0.2903225806
5 1551 0.3750000000
5 1176 0.1184210526
5 2397 0.2142857143
5 7559 0.3571428571
5 2408 0.0384615385
5 7578 0.0000000000
5 7591 0.0000000000
5 416 0.0000000000
5 7503 0.0000000000
5 7480 1.0000000000
5 2336 0.0000000000
5 7479 1.0000000000
5 7510 0.0000000000
5 7532 0.0000000000
5 7522 0.0000000000
5 7523 0.0000000000
5 338 0.0000000000
5 7544 0.0000000000
5 11 0.0000000000
5 7406 0.0000000000
5 7447 0.0000000000
5 7521 0.0000000000
5 7477 1.0000000000
5 384 0.0000000000
5 7575 0.0000000000
5 255 0.0000000000
5 7550 0.0000000000
5 3516 0.0000000000
5 7423 0.0000000000
5 7485 0.0000000000
5 759 0.0000000000
5 946 0.0000000000
5 7585 0.0000000000
5 7563 0.0000000000
5 3133 0.0000000000
5 7433 0.0000000000
5 7516 0.0000000000
5 7380 0.0000000000
5 197 0.0000000000
5 7457 1.0000000000
5 3254 0.0000000000
5 314 0.0000000000
5 7514 0.0000000000
3305 6 0.0112485939
524 6 0.0112485939
36 6 0.0112485939
112 6 0.0106861642
56 6 0.0106861642
31 6 0.0101237345
100 6 0.0101237345
227 6 0.0101237345
177 6 0.0101237345
809 6 0.0095613048
92 6 0.0095613048
32 6 0.0095613048
19 6 0.0089988751
1057 6 0.0089988751
1541 6 0.0089988751
394 6 0.0089988751
11 6 0.0089988751
207 6 0.0084364454
12 6 0.0084364454
49 6 0.0084364454
59 6 0.0084364454
1371 6 0.0084364454
1571 6 0.0084364454
1185 6 0.0084364454
208 6 0.0084364454
90 6 0.0084364454
25 6 0.0084364454
1566 6 0.0078740157
557 6 0.0078740157
810 6 0.0078740157
198 6 0.0078740157
75 6 0.0078740157
29 6 0.0078740157
287 6 0.0078740157
1350 6 0.0078740157
734 6 0.0078740157
15 6 0.0073115861
1380 6 0.0073115861
185 6 0.0073115861
549 6 0.0073115861
266 6 0.0073115861
214 6 0.0073115861
526 6 0.0073115861
1064 6 0.0073115861
8 6 0.0073115861
431 6 0.0073115861
701 6 0.0073115861
33 6 0.0073115861
1361 6 0.0073115861
305 6 0.0073115861
1546 6 0.0073115861
95 6 0.0073115861
27 6 0.0073115861
1461 6 0.0067491564
458 6 0.0067491564
826 6 0.0067491564
1374 6 0.0067491564
7420 6 0.0067491564
2376 6 0.0067491564
7444 6 0.0067491564
168 6 0.0067491564
3222 6 0.0067491564
190 6 0.0067491564
754 6 0.0067491564
3158 6 0.0067491564
2326 6 0.0067491564
728 6 0.0067491564
278 6 0.0067491564
1542 6 0.0067491564
1830 6 0.0067491564
7 6 0.0067491564
124 6 0.0067491564
24 6 0.0067491564
280 6 0.0067491564
20 6 0.0067491564
7415 6 0.0061867267
295 6 0.0061867267
104 6 0.0061867267
245 6 0.0061867267
1157 6 0.0061867267
47 6 0.0061867267
150 6 0.0061867267
123 6 0.0061867267
2352 6 0.0061867267
330 6 0.0061867267
163 6 0.0061867267
2384 6 0.0061867267
2371 6 0.0061867267
306 6 0.0061867267
706 6 0.0061867267
1578 6 0.0061867267
115 6 0.0061867267
3176 6 0.0061867267
632 6 0.0061867267
815 6 0.0061867267
7390 6 0.0061867267
3155 6 0.0061867267
818 6 0.0061867267
1254 6 0.0061867267
1555 6 0.0061867267
1179 6 0.0061867267
1055 6 0.0061867267
7554 6 0.0061867267
106 6 0.0061867267
116 6 0.0061867267
107 6 0.0061867267
522 6 0.0061867267
1152 6 0.0061867267
244 6 0.0061867267
3112 6 0.0061867267
492 6 0.0061867267
331 6 0.0061867267
85 6 0.0061867267
1056 6 0.0061867267
3096 6 0.0061867267
3066 6 0.0061867267
188 6 0.0061867267
53 6 0.0061867267
3092 6 0.0061867267
16 6 0.0061867267
750 6 0.0061867267
1346 6 0.0061867267
203 6 0.0061867267
545 6 0.0061867267
149 6 0.0061867267
2292 6 0.0061867267
113 6 0.0061867267
117 6 0.0061867267
44 6 0.0061867267
519 6 0.0061867267
1776 6 0.0061867267
40 6 0.0061867267
7528 6 0.0061867267
30 6 0.0061867267
133 6 0.0061867267
1450 6 0.0061867267
408 6 0.0061867267
6 138 0.0729927007
6 56 0.0435779817
6 31 0.0202702703
6 1069 1.0000000000
6 809 0.5666666667
6 112 0.0613718412
6 227 0.0913978495
6 19 0.0135021097
6 1057 0.5925925926
6 394 0.2253521127
6 36 0.0175054705
6 32 0.0182232346
6 1395 1.0000000000
6 1371 1.0000000000
6 41 0.0176678445
6 59 0.0311804009
6 1546 1.0000000000
6 198 0.0636363636
6 75 0.0228013029
6 524 0.3043478261
6 287 0.0703517588
6 1350 0.5600000000
6 734 0.2295081967
6 207 0.0567685590
6 1571 0.5416666667
6 1185 0.2826086957
6 1566 0.5416666667
6 208 0.0687830688
6 8 0.0077151335
6 95 0.0119926199
6 11 0.0056204064
6 25 0.0105863192
6 92 0.0230088496
6 27 0.0121722846
6 549 0.1043478261
6 49 0.0169731259
6 306 0.0764331210
6 7444 0.2352941176
6 168 0.0588235294
6 1064 0.2105263158
6 557 0.1142857143
6 431 0.0710059172
6 162 0.0405405405
6 2326 1.0000000000
6 100 0.0322580645
6 278 0.0600000000
6 1542 0.3529411765
6 728 0.1967213115
6 7 0.0051724138
6 1541 0.3529411765
6 24 0.0112359551
6 113 0.0257510730
6 280 0.0500000000
6 330 0.0615384615
6 20 0.0161507402
6 1461 0.3235294118
6 7415 0.0769230769
6 295 0.0395683453
6 458 0.1122448980
6 185 0.0273631841
6 47 0.0196428571
6 826 0.1222222222
6 3365 1.0000000000
6 1157 0.1964285714
6 1374 0.2444444444
6 150 0.0261904762
6 1865 0.3333333333
6 12 0.0071243523
6 123 0.0281329923
6 2352 0.5000000000
6 3305 1.0000000000
6 163 0.0308988764
6 266 0.0521327014
6 1380 0.2444444444
6 2384 0.5000000000
6 214 0.0410447761
6 7420 0.4782608696
6 2371 0.5000000000
6 638 0.1506849315
6 706 0.0982142857
6 526 0.0753424658
6 3229 1.0000000000
6 1560 0.2500000000
6 115 0.0217391304
6 3222 1.0000000000
6 3192 1.0000000000
6 3176 1.0000000000
6 190 0.0353697749
6 754 0.0728476821
6 815 0.1000000000
6 810 0.1571428571
6 3155 1.0000000000
6 818 0.2200000000
6 7390 0.1428571429
6 1254 0.3142857143
6 3158 1.0000000000
6 1555 0.4583333333
6 1179 0.1666666667
6 1178 0.3055555556
6 1361 0.3142857143
6 701 0.0833333333
6 1055 0.2972972973
6 305 0.0588235294
6 106 0.0200364299
6 116 0.0205607477
6 107 0.0282776350
6 522 0.0873015873
6 1152 0.2391304348
6 1830 0.3333333333
6 244 0.0287206266
6 3112 1.0000000000
6 492 0.0940170940
6 331 0.0594594595
6 85 0.0132850242
6 124 0.0177419355
6 1056 0.2340425532
6 43 0.0121816168
6 3096 1.0000000000
6 3066 1.0000000000
6 53 0.0223123732
6 3092 1.0000000000
6 7551 0.3928571429
6 16 0.0082028337
6 1346 0.2000000000
6 203 0.0367892977
6 545 0.0814814815
6 149 0.0305555556
6 2292 0.5000000000
6 117 0.0182119205
6 44 0.0180032733
6 519 0.0662650602
6 1776 0.3333333333
6 642 0.1506849315
6 40 0.0117021277
6 30 0.0102803738
6 7528 0.5238095238
6 133 0.0257611241
6 39 0.0163690476
6 1450 0.3235294118
6 408 0.0478260870
6 177 0.0039545230
6 7552 0.0000000000
6 7604 0.0000000000
6 90 0.0000000000
6 7554 0.0000000000
6 7587 0.2000000000
174 7 0.0086206897
30 7 0.0086206897
36 7 0.0086206897
7517 7 0.0086206897
7536 7 0.0086206897
142 7 0.0086206897
1151 7 0.0086206897
429 7 0.0081896552
95 7 0.0077586207
266 7 0.0077586207
956 7 0.0073275862
638 7 0.0073275862
31 7 0.0068965517
203 7 0.0068965517
757 7 0.0064655172
5342 7 0.0064655172
391 7 0.0064655172
1178 7 0.0064655172
492 7 0.0064655172
640 7 0.0064655172
75 7 0.0064655172
2211 7 0.0064655172
11 7 0.0064655172
370 7 0.0064655172
25 7 0.0060344828
111 7 0.0060344828
124 7 0.0060344828
809 7 0.0060344828
8 7 0.0060344828
484 7 0.0060344828
190 7 0.0060344828
98 7 0.0060344828
58 7 0.0056034483
96 7 0.0056034483
173 7 0.0056034483
26 7 0.0056034483
27 7 0.0056034483
1346 7 0.0056034483
172 7 0.0056034483
5679 7 0.0056034483
877 7 0.0056034483
696 7 0.0056034483
549 7 0.0056034483
113 7 0.0056034483
878 7 0.0056034483
100 7 0.0056034483
801 7 0.0056034483
1782 7 0.0056034483
47 7 0.0056034483
156 7 0.0056034483
1036 7 0.0056034483
51 7 0.0056034483
197 7 0.0056034483
1768 7 0.0056034483
1310 7 0.0056034483
191 7 0.0051724138
417 7 0.0051724138
1064 7 0.0051724138
2336 7 0.0051724138
666 7 0.0051724138
87 7 0.0051724138
980 7 0.0051724138
645 7 0.0051724138
371 7 0.0051724138
7562 7 0.0051724138
1171 7 0.0051724138
110 7 0.0051724138
752 7 0.0051724138
123 7 0.0051724138
1152 7 0.0051724138
684 7 0.0051724138
750 7 0.0051724138
879 7 0.0051724138
2981 7 0.0051724138
13 7 0.0051724138
161 7 0.0051724138
946 7 0.0051724138
356 7 0.0051724138
506 7 0.0051724138
318 7 0.0051724138
21 7 0.0051724138
1325 7 0.0051724138
216 7 0.0051724138
2922 7 0.0051724138
24 7 0.0051724138
1309 7 0.0051724138
686 7 0.0051724138
1287 7 0.0051724138
1495 7 0.0051724138
2192 7 0.0051724138
2866 7 0.0051724138
497 7 0.0047413793
1180 7 0.0047413793
2361 7 0.0047413793
3378 7 0.0047413793
345 7 0.0047413793
85 7 0.0047413793
1057 7 0.0047413793
2381 7 0.0047413793
7585 7 0.0047413793
1185 7 0.0047413793
19 7 0.0047413793
1574 7 0.0047413793
614 7 0.0047413793
289 7 0.0047413793
6369 7 0.0047413793
115 7 0.0047413793
253 7 0.0047413793
70 7 0.0047413793
1059 7 0.0047413793
6014 7 0.0047413793
3145 7 0.0047413793
1360 7 0.0047413793
296 7 0.0047413793
1649 7 0.0047413793
621 7 0.0047413793
3002 7 0.0047413793
2302 7 0.0047413793
2301 7 0.0047413793
179 7 0.0047413793
165 7 0.0047413793
1348 7 0.0047413793
150 7 0.0047413793
768 7 0.0047413793
748 7 0.0047413793
523 7 0.0047413793
40 7 0.0047413793
882 7 0.0047413793
221 7 0.0047413793
7595 7 0.0047413793
7590 7 0.0047413793
214 7 0.0047413793
699 7 0.0047413793
7528 7 0.0047413793
3019 7 0.0047413793
1046 7 0.0047413793
7501 7 0.0047413793
3011 7 0.0047413793
62 7 0.0047413793
1162 7 0.0047413793
154 7 0.0047413793
204 7 0.0047413793
42 7 0.0047413793
1516 7 0.0047413793
743 7 0.0047413793
2987 7 0.0047413793
1153 7 0.0047413793
1033 7 0.0047413793
7588 7 0.0047413793
306 7 0.0047413793
1784 7 0.0047413793
83 7 0.0047413793
362 7 0.0047413793
146 7 0.0047413793
1282 7 0.0047413793
1308 7 0.0047413793
7442 7 0.0047413793
43 7 0.0047413793
65 7 0.0047413793
319 7 0.0047413793
1757 7 0.0047413793
348 7 0.0047413793
117 7 0.0047413793
2210 7 0.0047413793
2923 7 0.0047413793
2209 7 0.0047413793
483 7 0.0047413793
7565 7 0.0047413793
7600 7 0.0047413793
272 7 0.0047413793
29 7 0.0047413793
52 7 0.0047413793
452 7 0.0047413793
1147 7 0.0047413793
1760 7 0.0047413793
637 7 0.0047413793
2869 7 0.0047413793
2889 7 0.0047413793
22 7 0.0047413793
687 7 0.0047413793
7566 7 0.0047413793
2142 7 0.0047413793
1731 7 0.0047413793
2358 7 0.0038793103
321 7 0.0034482759
2408 7 0.0000000000
7602 7 0.0000000000
7601 7 0.0000000000
7599 7 0.0000000000
7598 7 0.0000000000
7604 7 0.0000000000
7594 7 0.0000000000
7 34 0.0209059233
7 36 0.0196936543
7 370 0.1046511628
7 30 0.0158878505
7 638 0.2328767123
7 429 0.2318840580
7 956 0.4210526316
7 1151 1.0000000000
7 640 0.2054794521
7 145 0.0168350168
7 266 0.0710900474
7 203 0.0501672241
7 85 0.0181159420
7 75 0.0244299674
7 1178 0.3888888889
7 25 0.0114006515
7 492 0.1196581197
7 111 0.0428134557
7 1153 0.3888888889
7 190 0.0450160772
7 1499 1.0000000000
7 95 0.0119926199
7 5342 0.0333333333
7 757 0.1604938272
7 174 0.0401234568
7 330 0.0666666667
7 26 0.0082644628
7 27 0.0121722846
7 1346 0.2363636364
7 31 0.0146396396
7 877 0.1884057971
7 124 0.0209677419
7 809 0.4333333333
7 878 0.2203389831
7 100 0.0349462366
7 801 0.0565217391
7 1782 1.0000000000
7 47 0.0232142857
7 1036 0.3513513514
7 51 0.0159705160
7 197 0.0351351351
7 7565 0.0301624130
7 98 0.0314769976
7 1768 1.0000000000
7 1310 0.3714285714
7 417 0.0857142857
7 1064 0.2105263158
7 96 0.0238095238
7 645 0.0655737705
7 70 0.0200668896
7 391 0.0745341615
7 371 0.0625000000
7 7562 0.1666666667
7 2307 1.0000000000
7 1171 0.2608695652
7 752 0.1081081081
7 5679 0.1090909091
7 1152 0.2608695652
7 882 0.1212121212
7 750 0.2352941176
7 696 0.1304347826
7 8 0.0071216617
7 879 0.1739130435
7 113 0.0257510730
7 161 0.0302267003
7 946 0.0714285714
7 506 0.1250000000
7 21 0.0107430618
7 1308 0.2666666667
7 156 0.0273348519
7 2211 1.0000000000
7 484 0.0875912409
7 24 0.0112359551
7 1309 0.2666666667
7 1287 0.2666666667
7 1495 0.3529411765
7 2192 1.0000000000
7 191 0.0421455939
7 497 0.1264367816
7 2361 0.5000000000
7 3378 1.0000000000
7 345 0.0714285714
7 3351 1.0000000000
7 650 0.0718954248
7 1057 0.4074074074
7 2381 0.5000000000
7 980 0.1617647059
7 1185 0.2391304348
7 19 0.0092827004
7 1574 0.2500000000
7 596 0.0964912281
7 289 0.0552763819
7 6369 0.1571428571
7 115 0.0217391304
7 253 0.0495495495
7 3177 1.0000000000
7 1059 0.1428571429
7 810 0.1571428571
7 3145 1.0000000000
7 1360 0.2444444444
7 296 0.0504587156
7 748 0.0607734807
7 1649 0.3333333333
7 621 0.1506849315
7 3002 1.0000000000
7 2302 0.5000000000
7 2301 0.5000000000
7 179 0.0434782609
7 110 0.0291005291
7 1348 0.2000000000
7 150 0.0261904762
7 768 0.1222222222
7 523 0.0948275862
7 40 0.0117021277
7 123 0.0281329923
7 3052 1.0000000000
7 684 0.1195652174
7 221 0.0940170940
7 214 0.0410447761
7 1522 0.2500000000
7 699 0.2115384615
7 3019 1.0000000000
7 549 0.0956521739
7 1046 0.2340425532
7 3011 1.0000000000
7 1162 0.1279069767
7 154 0.0224948875
7 204 0.0460251046
7 42 0.0118025751
7 1516 0.3235294118
7 743 0.1549295775
7 2987 1.0000000000
7 1033 0.1929824561
7 2981 1.0000000000
7 41 0.0129564193
7 13 0.0075914424
7 306 0.0700636943
7 1784 0.3333333333
7 356 0.0718954248
7 83 0.0200000000
7 362 0.0452674897
7 146 0.0274314214
7 1282 0.2444444444
7 318 0.0625000000
7 796 0.1100000000
7 407 0.1222222222
7 319 0.0591397849
7 1757 0.4782608696
7 1317 0.2444444444
7 1325 0.3142857143
7 348 0.0714285714
7 117 0.0182119205
7 2210 0.5000000000
7 2923 1.0000000000
7 2209 0.5000000000
7 483 0.0940170940
7 2922 1.0000000000
7 29 0.0106796117
7 52 0.0161054173
7 452 0.0654761905
7 1147 0.1666666667
7 637 0.1325301205
7 2869 1.0000000000
7 2889 1.0000000000
7 22 0.0089068826
7 687 0.0982142857
7 2142 0.5000000000
7 2866 1.0000000000
7 1731 0.3333333333
7 7540 0.4500000000
7 2408 0.1538461538
7 7425 0.3636363636
7 7591 0.0630630631
7 7501 0.3888888889
7 536 0.0292682927
7 43 0.0066445183
7 7554 0.2941176471
7 7528 0.2380952381
7 7588 0.0367647059
7 7442 0.1290322581
7 7568 0.0645161290
7 7516 0.0571428571
7 11 0.0008646779
7 7567 1.0000000000
7 7585 0.0434782609
7 7595 0.0024630542
7 7504 0.0370370370
7 7398 0.0000000000
7 7507 0.0000000000
7 7558 0.0000000000
7 7604 0.0000000000
7 177 0.0000000000
7 7602 0.0000000000
7 244 0.0000000000
7 7574 0.3333333333
7 7594 0.0000000000
7 7586 0.0000000000
7 7590 0.0000000000
7 7484 0.0000000000
7 7513 0.0000000000
7 7506 0.0000000000
7 7417 0.0000000000
7 7505 0.0000000000
7 7483 0.0000000000
7 7535 0.0000000000
7 142 0.0000000000
7 7600 0.0000000000
7 7566 0.0000000000
7 1760 0.0000000000
7604 8 0.0118694362
36 8 0.0118694362
265 8 0.0118694362
500 8 0.0112759644
7390 8 0.0106824926
177 8 0.0106824926
7595 8 0.0100890208
396 8 0.0094955490
1518 8 0.0094955490
7380 8 0.0089020772
30 8 0.0089020772
600 8 0.0089020772
1836 8 0.0089020772
227 8 0.0089020772
554 8 0.0089020772
1322 8 0.0089020772
1578 8 0.0083086053
5342 8 0.0083086053
2330 8 0.0083086053
1343 8 0.0083086053
701 8 0.0083086053
25 8 0.0083086053
521 8 0.0083086053
62 8 0.0083086053
26 8 0.0083086053
43 8 0.0083086053
100 8 0.0077151335
19 8 0.0077151335
892 8 0.0077151335
1566 8 0.0077151335
7578 8 0.0077151335
391 8 0.0077151335
2333 8 0.0077151335
1361 8 0.0077151335
174 8 0.0077151335
288 8 0.0077151335
333 8 0.0077151335
287 8 0.0077151335
13 8 0.0077151335
32 8 0.0077151335
3018 8 0.0077151335
133 8 0.0077151335
318 8 0.0077151335
487 8 0.0077151335
51 8 0.0077151335
522 8 0.0077151335
306 8 0.0077151335
2336 8 0.0071216617
645 8 0.0071216617
308 8 0.0071216617
7515 8 0.0071216617
3159 8 0.0071216617
3131 8 0.0071216617
362 8 0.0071216617
3116 8 0.0071216617
10 8 0.0071216617
1178 8 0.0071216617
237 8 0.0071216617
523 8 0.0071216617
95 8 0.0071216617
596 8 0.0071216617
937 8 0.0071216617
451 8 0.0071216617
962 8 0.0071216617
2253 8 0.0071216617
29 8 0.0071216617
2921 8 0.0071216617
1159 8 0.0071216617
136 8 0.0071216617
1033 8 0.0071216617
807 8 0.0071216617
205 8 0.0071216617
484 8 0.0071216617
52 8 0.0071216617
21 8 0.0071216617
201 8 0.0071216617
869 8 0.0071216617
157 8 0.0071216617
3028 8 0.0071216617
336 8 0.0065281899
981 8 0.0065281899
1571 8 0.0065281899
694 8 0.0065281899
877 8 0.0065281899
356 8 0.0065281899
1556 8 0.0065281899
754 8 0.0065281899
6014 8 0.0065281899
458 8 0.0065281899
1415 8 0.0065281899
123 8 0.0065281899
641 8 0.0065281899
1459 8 0.0065281899
885 8 0.0065281899
748 8 0.0065281899
154 8 0.0065281899
112 8 0.0065281899
846 8 0.0065281899
549 8 0.0065281899
696 8 0.0065281899
1788 8 0.0065281899
142 8 0.0065281899
1041 8 0.0065281899
106 8 0.0065281899
1038 8 0.0065281899
66 8 0.0065281899
1254 8 0.0065281899
1298 8 0.0065281899
209 8 0.0065281899
33 8 0.0065281899
295 8 0.0065281899
1162 8 0.0065281899
166 8 0.0065281899
266 8 0.0065281899
7588 8 0.0065281899
801 8 0.0065281899
961 8 0.0065281899
613 8 0.0065281899
85 8 0.0065281899
2955 8 0.0065281899
7565 8 0.0065281899
2172 8 0.0065281899
63 8 0.0065281899
11 8 0.0065281899
286 8 0.0065281899
110 8 0.0065281899
284 8 0.0065281899
75 8 0.0065281899
124 8 0.0065281899
8 521 0.1973684211
8 600 0.4117647059
8 396 0.0869565217
8 306 0.0891719745
8 25 0.0114006515
8 7380 0.1911764706
8 227 0.0698924731
8 500 0.1511627907
8 554 0.2363636364
8 1896 0.5217391304
8 105 0.0255319149
8 335 0.1043478261
8 19 0.0101265823
8 1578 0.5000000000
8 174 0.0370370370
8 1836 0.5217391304
8 288 0.0308483290
8 36 0.0131291028
8 13 0.0082815735
8 701 0.0909090909
8 95 0.0110701107
8 29 0.0116504854
8 318 0.0681818182
8 1518 0.5000000000
8 522 0.0952380952
8 11 0.0051880674
8 21 0.0107430618
8 869 0.2033898305
8 3400 1.0000000000
8 2344 0.5000000000
8 118 0.0260047281
8 120 0.0341614907
8 528 0.1279069767
8 2408 0.2115384615
8 24 0.0102996255
8 128 0.0282776350
8 1691 0.0541871921
8 1865 0.3333333333
8 2389 0.5000000000
8 32 0.0125284738
8 59 0.0244988864
8 983 0.1617647059
8 2384 0.5000000000
8 34 0.0127758420
8 645 0.0601092896
8 391 0.0683229814
8 336 0.0709677419
8 981 0.2291666667
8 1571 0.4583333333
8 7578 0.4074074074
8 694 0.1195652174
8 1566 0.4583333333
8 877 0.1594202899
8 2333 0.5000000000
8 356 0.0718954248
8 1556 0.3235294118
8 3159 1.0000000000
8 458 0.1122448980
8 7390 0.1428571429
8 1415 0.3235294118
8 1361 0.3142857143
8 2330 0.5000000000
8 123 0.0281329923
8 3131 1.0000000000
8 1459 0.2500000000
8 362 0.0452674897
8 287 0.0552763819
8 3116 1.0000000000
8 10 0.0057053942
8 333 0.0709677419
8 1178 0.3055555556
8 1343 0.2444444444
8 748 0.0607734807
8 154 0.0224948875
8 237 0.0452674897
8 523 0.0948275862
8 549 0.0956521739
8 3028 1.0000000000
8 596 0.0964912281
8 937 0.0696202532
8 846 0.1864406780
8 451 0.0859375000
8 3018 1.0000000000
8 962 0.1617647059
8 2253 0.5000000000
8 1788 0.3333333333
8 142 0.0214843750
8 2921 1.0000000000
8 133 0.0257611241
8 1041 0.1641791045
8 106 0.0200364299
8 1159 0.2391304348
8 136 0.0284974093
8 1038 0.1641791045
8 1254 0.3142857143
8 1298 0.2000000000
8 33 0.0081662955
8 1033 0.1929824561
8 295 0.0395683453
8 205 0.0355987055
8 166 0.0209523810
8 266 0.0521327014
8 487 0.0506912442
8 801 0.0478260870
8 961 0.1617647059
8 484 0.0802919708
8 51 0.0135135135
8 85 0.0132850242
8 2955 1.0000000000
8 2172 0.5000000000
8 63 0.0232067511
8 26 0.0069930070
8 286 0.0691823899
8 43 0.0121816168
8 201 0.0552763819
8 284 0.0526315789
8 75 0.0179153094
8 157 0.0394265233
8 650 0.0588235294
8 395 0.0471204188
8 401 0.0562500000
8 372 0.0681818182
8 7512 0.0545454545
8 707 0.0737704918
8 148 0.0257142857
8 309 0.0350194553
8 1068 0.1168831169
8 602 0.0789473684
8 225 0.0416666667
8 3369 0.1764705882
8 597 0.0671641791
8 242 0.0422535211
8 189 0.0447761194
8 393 0.0471204188
8 319 0.0483870968
8 591 0.0789473684
8 1043 0.0927835052
8 599 0.0671641791
8 547 0.0620689655
8 739 0.0638297872
8 752 0.0810810811
8 883 0.1011235955
8 592 0.0789473684
8 457 0.0762711864
8 1346 0.1636363636
8 1794 0.1698113208
8 879 0.1304347826
8 812 0.1125000000
8 317 0.0616438356
8 147 0.0559006211
8 347 0.0441176471
8 519 0.0542168675
8 268 0.0497237569
8 2395 0.2142857143
8 360 0.0403587444
8 107 0.0231362468
8 452 0.0535714286
8 585 0.0584415584
8 204 0.0376569038
8 427 0.0825688073
8 7352 1.0000000000
8 7362 1.0000000000
8 7361 1.0000000000
8 1579 0.2045454545
8 7359 1.0000000000
8 7360 1.0000000000
8 7358 1.0000000000
8 7496 1.0000000000
8 7382 0.5000000000
8 7357 1.0000000000
8 7354 1.0000000000
8 7356 1.0000000000
8 7355 1.0000000000
8 7353 1.0000000000
8 7489 1.0000000000
8 7487 1.0000000000
8 7495 1.0000000000
8 7494 1.0000000000
8 7493 1.0000000000
8 7492 1.0000000000
8 7491 1.0000000000
8 7490 1.0000000000
8 7486 1.0000000000
8 7488 1.0000000000
8 382 0.0426540284
8 7351 1.0000000000
8 7350 1.0000000000
8 1883 0.1698113208
8 2354 0.2142857143
8 4721 0.4500000000
8 1856 0.1698113208
8 2821 0.2903225806
8 3129 0.2903225806
8 4017 0.4500000000
8 209 0.0394736842
8 593 0.0725806452
8 617 0.0796460177
8 130 0.0180722892
8 78 0.0142405063
8 214 0.0335820896
8 3516 0.1000000000
8 331 0.0486486486
8 304 0.0481283422
8 2031 0.2812500000
8 969 0.1153846154
8 1179 0.1363636364
8 702 0.0803571429
8 492 0.0769230769
8 7328 0.0825688073
8 1195 0.1184210526
8 758 0.1764705882
8 229 0.0461538462
8 780 0.1285714286
8 1104 0.1363636364
8 5446 0.4500000000
8 1502 0.1666666667
8 4934 0.1125000000
8 7485 1.0000000000
8 665 0.1250000000
8 7423 0.4090909091
8 7345 1.0000000000
8 1584 0.3750000000
8 6792 0.4500000000
8 527 0.1956521739
8 7347 1.0000000000
8 649 0.0588235294
8 754 0.0596026490
8 885 0.0825688073
8 696 0.0978260870
8 1162 0.1046511628
8 1322 0.0782608696
8 52 0.0131771596
8 265 0.0559006211
8 5679 0.0727272727
8 7381 1.0000000000
8 7575 0.2666666667
8 613 0.0462427746
8 7603 0.0069735007
8 7507 0.1851851852
8 7558 0.1470588235
8 7408 1.0000000000
8 7552 0.0042826552
8 7475 1.0000000000
8 7474 1.0000000000
8 7543 0.5000000000
8 7567 0.0000000000
8 7542 0.5000000000
8 7470 1.0000000000
8 7459 1.0000000000
8 7472 1.0000000000
8 7471 1.0000000000
8 7435 0.0000000000
8 7412 0.0000000000
8 7597 0.1111111111
176 9 0.0121138704
107 9 0.0121138704
14 9 0.0121138704
11 9 0.0121138704
97 9 0.0121138704
159 9 0.0115081769
20 9 0.0115081769
7603 9 0.0115081769
40 9 0.0109024833
22 9 0.0109024833
145 9 0.0102967898
24 9 0.0102967898
67 9 0.0102967898
267 9 0.0090854028
589 9 0.0090854028
197 9 0.0090854028
193 9 0.0090854028
47 9 0.0090854028
1478 9 0.0090854028
211 9 0.0090854028
17 9 0.0090854028
152 9 0.0084797093
65 9 0.0084797093
122 9 0.0084797093
75 9 0.0084797093
491 9 0.0078740157
1163 9 0.0078740157
165 9 0.0078740157
304 9 0.0078740157
38 9 0.0078740157
348 9 0.0078740157
70 9 0.0078740157
66 9 0.0078740157
21 9 0.0078740157
133 9 0.0078740157
2819 9 0.0078740157
77 9 0.0078740157
156 9 0.0078740157
1023 9 0.0078740157
2777 9 0.0078740157
113 9 0.0078740157
219 9 0.0078740157
546 9 0.0078740157
135 9 0.0078740157
39 9 0.0078740157
42 9 0.0078740157
272 9 0.0078740157
33 9 0.0078740157
548 9 0.0072683222
452 9 0.0072683222
83 9 0.0072683222
1458 9 0.0072683222
45 9 0.0072683222
2727 9 0.0072683222
108 9 0.0072683222
1734 9 0.0072683222
1136 9 0.0072683222
51 9 0.0072683222
37 9 0.0072683222
256 9 0.0072683222
305 9 0.0072683222
346 9 0.0072683222
315 9 0.0072683222
943 9 0.0072683222
98 9 0.0072683222
683 9 0.0072683222
854 9 0.0072683222
2124 9 0.0072683222
1283 9 0.0072683222
513 9 0.0072683222
733 9 0.0072683222
202 9 0.0072683222
1714 9 0.0072683222
2122 9 0.0072683222
613 9 0.0072683222
15 9 0.0066626287
19 9 0.0066626287
123 9 0.0066626287
295 9 0.0066626287
1048 9 0.0066626287
329 9 0.0066626287
2992 9 0.0066626287
534 9 0.0066626287
545 9 0.0066626287
177 9 0.0066626287
31 9 0.0066626287
52 9 0.0066626287
638 9 0.0066626287
32 9 0.0066626287
1487 9 0.0066626287
146 9 0.0066626287
871 9 0.0066626287
316 9 0.0066626287
547 9 0.0066626287
1484 9 0.0066626287
142 9 0.0066626287
2479 9 0.0066626287
1709 9 0.0066626287
4934 9 0.0066626287
2145 9 0.0066626287
1139 9 0.0066626287
154 9 0.0066626287
409 9 0.0066626287
2781 9 0.0066626287
1287 9 0.0066626287
196 9 0.0066626287
2770 9 0.0066626287
284 9 0.0066626287
1476 9 0.0066626287
2128 9 0.0066626287
175 9 0.0066626287
467 9 0.0066626287
7387 9 0.0066626287
300 9 0.0066626287
203 9 0.0066626287
622 9 0.0066626287
274 9 0.0066626287
632 9 0.0066626287
1284 9 0.0066626287
79 9 0.0066626287
1721 9 0.0066626287
2760 9 0.0066626287
132 9 0.0066626287
824 9 0.0048455482
7518 9 0.0048455482
1743 9 0.0048455482
185 9 0.0042398546
26 9 0.0030284676
681 9 0.0030284676
7565 9 0.0000000000
9 20 0.0269179004
9 159 0.0662020906
9 977 1.0000000000
9 145 0.0202020202
9 14 0.0147179068
9 176 0.0557275542
9 267 0.1134751773
9 22 0.0129554656
9 60 0.0396825397
9 518 0.1293103448
9 65 0.0236966825
9 113 0.0321888412
9 15 0.0101419878
9 40 0.0159574468
9 17 0.0115651503
9 122 0.0367454068
9 75 0.0228013029
9 211 0.0440251572
9 70 0.0217391304
9 66 0.0253411306
9 107 0.0334190231
9 77 0.0239410681
9 47 0.0232142857
9 234 0.0849673203
9 854 0.1645569620
9 1725 1.0000000000
9 546 0.1529411765
9 135 0.0386904762
9 272 0.0351351351
9 443 0.0937500000
9 31 0.0135135135
9 348 0.0779220779
9 452 0.0714285714
9 38 0.0162822252
9 197 0.0324324324
9 193 0.0521739130
9 51 0.0147420147
9 37 0.0197368421
9 256 0.0361445783
9 943 0.1764705882
9 35 0.0122448980
9 513 0.1578947368
9 219 0.0418118467
9 97 0.0248447205
9 1478 0.3529411765
9 733 0.1967213115
9 1470 0.5000000000
9 202 0.0415224913
9 42 0.0128755365
9 1721 0.5217391304
9 111 0.0336391437
9 30 0.0102803738
9 123 0.0281329923
9 295 0.0395683453
9 1048 0.2340425532
9 329 0.0758620690
9 2992 1.0000000000
9 549 0.0956521739
9 1163 0.4230769231
9 133 0.0257611241
9 687 0.0982142857
9 83 0.0200000000
9 165 0.0488888889
9 32 0.0125284738
9 24 0.0102996255
9 1458 0.2500000000
9 548 0.1157894737
9 589 0.1309523810
9 1487 0.2500000000
9 146 0.0274314214
9 316 0.0873015873
9 2139 0.5000000000
9 2819 1.0000000000
9 2141 0.5000000000
9 1484 0.2500000000
9 142 0.0214843750
9 2479 1.0000000000
9 7388 0.1929824561
9 2727 1.0000000000
9 1709 0.3333333333
9 4934 0.1375000000
9 156 0.0250569476
9 547 0.0758620690
9 108 0.0283505155
9 1734 0.3333333333
9 1286 0.3142857143
9 2145 0.5000000000
9 1136 0.1666666667
9 67 0.0156472262
9 1023 0.2972972973
9 1139 0.1666666667
9 154 0.0224948875
9 305 0.0588235294
9 346 0.0632183908
9 2781 1.0000000000
9 1287 0.2444444444
9 2777 1.0000000000
9 315 0.0533980583
9 196 0.0407407407
9 284 0.0526315789
9 98 0.0266343826
9 683 0.1341463415
9 2128 0.5000000000
9 2124 0.5000000000
9 632 0.0894308943
9 175 0.0351437700
9 1283 0.2444444444
9 2770 1.0000000000
9 467 0.0748299320
9 1726 0.3333333333
9 7550 0.0395683453
9 300 0.0802919708
9 203 0.0367892977
9 622 0.0827067669
9 274 0.0647058824
9 1714 0.3333333333
9 1284 0.2000000000
9 2760 1.0000000000
9 2122 0.5000000000
9 26 0.0069930070
9 33 0.0081662955
9 613 0.0635838150
9 545 0.0814814815
9 7568 0.2903225806
9 287 0.0452261307
9 7518 0.2093023256
9 7600 0.0407239819
9 1292 0.1200000000
9 409 0.0562500000
9 681 0.0737704918
9 1472 0.1406250000
9 7565 0.0116009281
9 7387 0.1063829787
9 7602 0.0000000000
9 7601 0.0000000000
9 7334 0.0000000000
9 7537 0.5000000000
9 798 0.0000000000
9 7534 0.5000000000
9 7564 0.0000000000
37 10 0.0093360996
177 10 0.0088174274
623 10 0.0082987552
130 10 0.0082987552
334 10 0.0077800830
62 10 0.0077800830
161 10 0.0077800830
11 10 0.0077800830
67 10 0.0077800830
42 10 0.0077800830
58 10 0.0072614108
201 10 0.0072614108
26 10 0.0072614108
44 10 0.0072614108
185 10 0.0067427386
73 10 0.0067427386
179 10 0.0067427386
190 10 0.0067427386
562 10 0.0067427386
259 10 0.0067427386
7512 10 0.0067427386
277 10 0.0067427386
22 10 0.0067427386
319 10 0.0067427386
52 10 0.0067427386
25 10 0.0067427386
97 10 0.0067427386
142 10 0.0067427386
187 10 0.0067427386
2179 10 0.0067427386
17 10 0.0067427386
159 10 0.0067427386
102 10 0.0067427386
225 10 0.0067427386
918 10 0.0067427386
40 10 0.0067427386
1702 10 0.0062240664
118 10 0.0062240664
975 10 0.0062240664
1550 10 0.0062240664
935 10 0.0062240664
491 10 0.0062240664
1797 10 0.0062240664
1167 10 0.0062240664
2250 10 0.0062240664
487 10 0.0062240664
1040 10 0.0062240664
51 10 0.0062240664
265 10 0.0062240664
787 10 0.0062240664
454 10 0.0062240664
1424 10 0.0062240664
1772 10 0.0062240664
2204 10 0.0062240664
1150 10 0.0062240664
1762 10 0.0062240664
2190 10 0.0062240664
24 10 0.0062240664
33 10 0.0062240664
347 10 0.0062240664
175 10 0.0062240664
75 10 0.0062240664
99 10 0.0062240664
168 10 0.0062240664
1018 10 0.0057053942
482 10 0.0057053942
88 10 0.0057053942
222 10 0.0057053942
93 10 0.0057053942
492 10 0.0057053942
1573 10 0.0057053942
413 10 0.0057053942
49 10 0.0057053942
1673 10 0.0057053942
174 10 0.0057053942
1536 10 0.0057053942
1562 10 0.0057053942
156 10 0.0057053942
242 10 0.0057053942
56 10 0.0057053942
320 10 0.0057053942
3122 10 0.0057053942
296 10 0.0057053942
1111 10 0.0057053942
7334 10 0.0057053942
695 10 0.0057053942
1031 10 0.0057053942
3014 10 0.0057053942
89 10 0.0057053942
2986 10 0.0057053942
614 10 0.0057053942
456 10 0.0057053942
686 10 0.0057053942
29 10 0.0057053942
1137 10 0.0057053942
1327 10 0.0057053942
941 10 0.0057053942
103 10 0.0057053942
150 10 0.0057053942
166 10 0.0057053942
2957 10 0.0057053942
946 10 0.0057053942
741 10 0.0057053942
1288 10 0.0057053942
545 10 0.0057053942
315 10 0.0057053942
2215 10 0.0057053942
1324 10 0.0057053942
2908 10 0.0057053942
77 10 0.0057053942
318 10 0.0057053942
146 10 0.0057053942
92 10 0.0057053942
592 10 0.0057053942
639 10 0.0057053942
1146 10 0.0057053942
258 10 0.0057053942
2787 10 0.0057053942
2188 10 0.0057053942
69 10 0.0057053942
798 10 0.0057053942
1307 10 0.0057053942
66 10 0.0057053942
777 10 0.0057053942
2778 10 0.0057053942
2129 10 0.0057053942
914 10 0.0057053942
48 10 0.0057053942
39 10 0.0057053942
664 10 0.0057053942
1078 10 0.0057053942
840 10 0.0057053942
383 10 0.0057053942
710 10 0.0057053942
65 10 0.0057053942
2582 10 0.0057053942
1981 10 0.0057053942
7564 10 0.0057053942
57 10 0.0057053942
725 10 0.0057053942
140 10 0.0057053942
54 10 0.0057053942
2558 10 0.0057053942
226 10 0.0057053942
1992 10 0.0057053942
1430 10 0.0057053942
1988 10 0.0057053942
478 10 0.0057053942
510 10 0.0057053942
249 10 0.0057053942
1636 10 0.0057053942
1967 10 0.0057053942
2519 10 0.0057053942
139 10 0.0057053942
719 10 0.0057053942
7438 10 0.0057053942
569 10 0.0057053942
468 10 0.0057053942
15 10 0.0000000000
10 7552 0.0428265525
10 970 1.0000000000
10 271 0.2250000000
10 37 0.0296052632
10 623 0.1118881119
10 145 0.0168350168
10 334 0.1428571429
10 1044 0.5555555556
10 41 0.0176678445
10 26 0.0095359186
10 161 0.0377833753
10 42 0.0160944206
10 58 0.0156950673
10 62 0.0271317829
10 52 0.0204978038
10 67 0.0199146515
10 40 0.0148936170
10 185 0.0323383085
10 242 0.0610328638
10 190 0.0418006431
10 7512 0.0787878788
10 277 0.0500000000
10 44 0.0212765957
10 22 0.0105263158
10 319 0.0698924731
10 592 0.1140350877
10 25 0.0105863192
10 97 0.0269151139
10 142 0.0253906250
10 11 0.0056204064
10 187 0.0680628272
10 17 0.0100231303
10 225 0.0601851852
10 222 0.0378548896
10 118 0.0283687943
10 1550 0.3529411765
10 935 0.2068965517
10 1797 0.5217391304
10 1167 0.2142857143
10 2250 1.0000000000
10 1040 0.2105263158
10 686 0.1071428571
10 201 0.0603015075
10 562 0.1621621622
10 259 0.0441176471
10 265 0.0745341615
10 487 0.0552995392
10 787 0.1500000000
10 454 0.0810810811
10 137 0.0358208955
10 1772 0.5217391304
10 77 0.0220994475
10 1150 0.2142857143
10 2190 1.0000000000
10 24 0.0112359551
10 33 0.0089086860
10 347 0.0588235294
10 175 0.0383386581
10 75 0.0195439739
10 159 0.0418118467
10 102 0.0291970803
10 54 0.0243902439
10 217 0.0366972477
10 510 0.2608695652
10 918 0.1764705882
10 1424 0.3529411765
10 99 0.0284360190
10 168 0.0588235294
10 1018 0.1929824561
10 1702 0.4782608696
10 482 0.0866141732
10 492 0.0940170940
10 1573 0.3235294118
10 413 0.0785714286
10 49 0.0155586987
10 1673 0.3333333333
10 174 0.0339506173
10 1536 0.3235294118
10 1562 0.2500000000
10 975 0.1617647059
10 156 0.0250569476
10 3135 1.0000000000
10 56 0.0252293578
10 320 0.0625000000
10 73 0.0176000000
10 3122 1.0000000000
10 296 0.0504587156
10 967 0.1410256410
10 1111 0.1964285714
10 7334 0.0738255034
10 695 0.0982142857
10 491 0.0291777188
10 1031 0.2340425532
10 3014 1.0000000000
10 89 0.0194346290
10 2986 1.0000000000
10 614 0.0569948187
10 456 0.0932203390
10 29 0.0106796117
10 258 0.0404411765
10 1137 0.1666666667
10 1327 0.2000000000
10 103 0.0219560878
10 150 0.0261904762
10 166 0.0209523810
10 2957 1.0000000000
10 946 0.0654761905
10 741 0.1549295775
10 51 0.0135135135
10 941 0.0743243243
10 1288 0.2000000000
10 545 0.0814814815
10 315 0.0533980583
10 2215 0.5000000000
10 1324 0.2000000000
10 2204 0.5000000000
10 318 0.0625000000
10 146 0.0274314214
10 92 0.0194690265
10 1762 0.2075471698
10 639 0.0894308943
10 1146 0.2391304348
10 2787 1.0000000000
10 2188 0.5000000000
10 69 0.0140664962
10 2179 0.5000000000
10 1307 0.2444444444
10 66 0.0214424951
10 777 0.0733333333
10 2778 1.0000000000
10 2129 0.5000000000
10 914 0.1896551724
10 48 0.0155586987
10 39 0.0163690476
10 664 0.1078431373
10 1078 0.2391304348
10 840 0.1392405063
10 383 0.0643274854
10 710 0.1549295775
10 65 0.0173775671
10 2582 1.0000000000
10 1981 0.5000000000
10 57 0.0168453292
10 725 0.0990990991
10 130 0.0220883534
10 140 0.0294906166
10 2558 1.0000000000
10 226 0.0308988764
10 1992 0.5000000000
10 1430 0.2500000000
10 478 0.0621468927
10 1988 0.5000000000
10 249 0.0352564103
10 1636 0.3333333333
10 1967 0.5000000000
10 2519 1.0000000000
10 139 0.0375426621
10 719 0.2156862745
10 7438 0.3548387097
10 569 0.1718750000
10 468 0.1428571429
10 113 0.0193133047
10 7595 0.0221674877
10 327 0.0580645161
10 117 0.0149006623
10 798 0.0109756098
10 7399 0.5000000000
10 613 0.0462427746
10 177 0.0034602076
10 7577 0.0515463918
10 15 0.0000000000
10 7564 0.0000000000
34 11 0.0086467791
7536 11 0.0086467791
21 11 0.0086467791
7562 11 0.0077821012
122 11 0.0077821012
30 11 0.0073497622
318 11 0.0069174233
211 11 0.0069174233
262 11 0.0064850843
1883 11 0.0064850843
412 11 0.0064850843
304 11 0.0064850843
14 11 0.0064850843
17 11 0.0064850843
7603 11 0.0064850843
82 11 0.0060527454
348 11 0.0060527454
128 11 0.0060527454
292 11 0.0060527454
1513 11 0.0060527454
552 11 0.0060527454
133 11 0.0060527454
316 11 0.0060527454
193 11 0.0060527454
20 11 0.0060527454
22 11 0.0060527454
66 11 0.0060527454
90 11 0.0060527454
49 11 0.0056204064
105 11 0.0056204064
12 11 0.0056204064
309 11 0.0056204064
124 11 0.0056204064
267 11 0.0056204064
1159 11 0.0056204064
411 11 0.0056204064
190 11 0.0056204064
25 11 0.0056204064
264 11 0.0056204064
156 11 0.0056204064
272 11 0.0056204064
2179 11 0.0056204064
255 11 0.0056204064
482 11 0.0056204064
681 11 0.0056204064
1116 11 0.0056204064
408 11 0.0056204064
398 11 0.0051880674
6878 11 0.0051880674
36 11 0.0051880674
216 11 0.0051880674
123 11 0.0051880674
228 11 0.0051880674
42 11 0.0051880674
43 11 0.0051880674
78 11 0.0051880674
694 11 0.0051880674
13 11 0.0051880674
171 11 0.0051880674
103 11 0.0051880674
2217 11 0.0051880674
29 11 0.0051880674
360 11 0.0051880674
639 11 0.0051880674
687 11 0.0051880674
145 11 0.0051880674
1030 11 0.0051880674
799 11 0.0051880674
51 11 0.0051880674
65 11 0.0051880674
2802 11 0.0051880674
871 11 0.0051880674
942 11 0.0051880674
153 11 0.0051880674
77 11 0.0051880674
7328 11 0.0051880674
187 11 0.0051880674
154 11 0.0051880674
45 11 0.0051880674
245 11 0.0047557285
762 11 0.0047557285
207 11 0.0047557285
3345 11 0.0047557285
198 11 0.0047557285
1887 11 0.0047557285
173 11 0.0047557285
326 11 0.0047557285
1190 11 0.0047557285
310 11 0.0047557285
894 11 0.0047557285
185 11 0.0047557285
759 11 0.0047557285
155 11 0.0047557285
290 11 0.0047557285
494 11 0.0047557285
7597 11 0.0047557285
248 11 0.0047557285
1379 11 0.0047557285
3269 11 0.0047557285
1068 11 0.0047557285
280 11 0.0047557285
308 11 0.0047557285
1562 11 0.0047557285
491 11 0.0047557285
2356 11 0.0047557285
345 11 0.0047557285
966 11 0.0047557285
116 11 0.0047557285
7538 11 0.0047557285
95 11 0.0047557285
1342 11 0.0047557285
2257 11 0.0047557285
162 11 0.0047557285
150 11 0.0047557285
258 11 0.0047557285
320 11 0.0047557285
801 11 0.0047557285
487 11 0.0047557285
205 11 0.0047557285
295 11 0.0047557285
593 11 0.0047557285
488 11 0.0047557285
83 11 0.0047557285
7377 11 0.0047557285
166 11 0.0047557285
372 11 0.0047557285
260 11 0.0047557285
1156 11 0.0047557285
623 11 0.0047557285
1512 11 0.0047557285
1775 11 0.0047557285
1508 11 0.0047557285
88 11 0.0047557285
1767 11 0.0047557285
2908 11 0.0047557285
2915 11 0.0047557285
550 11 0.0047557285
1760 11 0.0047557285
2167 11 0.0047557285
197 11 0.0047557285
7593 11 0.0047557285
1034 11 0.0047557285
276 11 0.0047557285
347 11 0.0047557285
1493 11 0.0047557285
949 11 0.0047557285
1755 11 0.0047557285
1145 11 0.0047557285
1754 11 0.0047557285
39 11 0.0047557285
739 11 0.0047557285
1311 11 0.0047557285
2865 11 0.0047557285
798 11 0.0047557285
634 11 0.0047557285
69 11 0.0047557285
100 11 0.0047557285
1487 11 0.0047557285
2168 11 0.0047557285
409 11 0.0047557285
203 11 0.0047557285
7563 11 0.0047557285
135 11 0.0047557285
735 11 0.0047557285
72 11 0.0047557285
18 11 0.0047557285
870 11 0.0047557285
423 11 0.0047557285
1716 11 0.0047557285
544 11 0.0047557285
1697 11 0.0047557285
732 11 0.0047557285
253 11 0.0047557285
79 11 0.0047557285
777 11 0.0047557285
131 11 0.0047557285
327 11 0.0047557285
188 11 0.0038910506
32 11 0.0038910506
24 11 0.0038910506
96 11 0.0038910506
15 11 0.0038910506
164 11 0.0034587116
31 11 0.0034587116
647 11 0.0030263727
19 11 0.0021616948
63 11 0.0021616948
70 11 0.0021616948
85 11 0.0012970169
58 11 0.0008646779
174 11 0.0000000000
191 11 0.0000000000
125 11 0.0000000000
26 11 0.0000000000
11 93 0.0430107527
11 34 0.0232288037
11 13 0.0138026225
11 31 0.0225225225
11 21 0.0179051030
11 47 0.0357142857
11 122 0.0524934383
11 24 0.0149812734
11 12 0.0097150259
11 26 0.0095359186
11 7562 0.2083333333
11 17 0.0115651503
11 20 0.0188425303
11 90 0.0231023102
11 29 0.0126213592
11 82 0.0249042146
11 1159 0.2826086957
11 133 0.0304449649
11 255 0.0349462366
11 14 0.0106295993
11 211 0.0408805031
11 15 0.0087897228
11 22 0.0105263158
11 734 0.2131147541
11 58 0.0134529148
11 105 0.0255319149
11 87 0.0194489465
11 128 0.0308483290
11 32 0.0136674260
11 19 0.0101265823
11 228 0.0510638298
11 42 0.0128755365
11 196 0.0444444444
11 41 0.0141342756
11 43 0.0132890365
11 411 0.0750000000
11 304 0.0641711230
11 171 0.0535714286
11 190 0.0385852090
11 103 0.0239520958
11 25 0.0097719870
11 482 0.0944881890
11 70 0.0200668896
11 318 0.0681818182
11 51 0.0147420147
11 156 0.0273348519
11 153 0.0343839542
11 77 0.0220994475
11 7328 0.1100917431
11 253 0.0540540541
11 45 0.0155642023
11 398 0.0607734807
11 207 0.0480349345
11 762 0.0990990991
11 3345 1.0000000000
11 198 0.0500000000
11 1887 0.4782608696
11 7446 1.0000000000
11 326 0.0709677419
11 125 0.0157142857
11 310 0.0802919708
11 1883 0.2075471698
11 647 0.1325301205
11 309 0.0428015564
11 155 0.0262529833
11 36 0.0120350109
11 290 0.0424710425
11 174 0.0339506173
11 1871 0.3333333333
11 248 0.0601092896
11 185 0.0273631841
11 1379 0.2444444444
11 3269 1.0000000000
11 1068 0.1428571429
11 242 0.0516431925
11 7514 0.1466666667
11 280 0.0458333333
11 216 0.0506912442
11 30 0.0102803738
11 123 0.0281329923
11 7434 0.5000000000
11 3224 1.0000000000
11 2356 0.5000000000
11 1562 0.2500000000
11 96 0.0218253968
11 966 0.1410256410
11 116 0.0205607477
11 124 0.0177419355
11 95 0.0101476015
11 1342 0.2000000000
11 74 0.0339506173
11 2257 0.2115384615
11 162 0.0371621622
11 320 0.0625000000
11 801 0.0478260870
11 205 0.0355987055
11 487 0.0506912442
11 295 0.0395683453
11 593 0.0887096774
11 488 0.1428571429
11 491 0.0291777188
11 78 0.0174050633
11 694 0.1195652174
11 83 0.0200000000
11 7377 0.3928571429
11 166 0.0209523810
11 372 0.0833333333
11 260 0.0376712329
11 1156 0.1666666667
11 623 0.0769230769
11 1512 0.4583333333
11 1775 0.4782608696
11 552 0.1294117647
11 1508 0.2500000000
11 2217 0.5000000000
11 88 0.0241228070
11 2918 1.0000000000
11 2915 1.0000000000
11 360 0.0493273543
11 550 0.0956521739
11 2167 0.5000000000
11 145 0.0123456790
11 639 0.0894308943
11 197 0.0297297297
11 1034 0.1428571429
11 276 0.1100000000
11 347 0.0539215686
11 188 0.0255220418
11 345 0.0714285714
11 272 0.0297297297
11 1493 0.3235294118
11 264 0.0521327014
11 949 0.1250000000
11 1755 0.3333333333
11 1145 0.1964285714
11 1754 0.3333333333
11 739 0.0780141844
11 1311 0.4400000000
11 277 0.0423076923
11 274 0.0647058824
11 2865 1.0000000000
11 2180 0.5000000000
11 1748 0.4782608696
11 1030 0.1929824561
11 799 0.1375000000
11 69 0.0140664962
11 100 0.0295698925
11 2168 0.5000000000
11 65 0.0173775671
11 316 0.0873015873
11 1292 0.1466666667
11 193 0.0478260870
11 2791 1.0000000000
11 7563 0.5000000000
11 942 0.2291666667
11 735 0.1089108911
11 135 0.0327380952
11 72 0.0201834862
11 39 0.0163690476
11 870 0.1392405063
11 1716 0.3333333333
11 7603 0.0153417015
11 66 0.0214424951
11 1697 0.3333333333
11 732 0.1208791209
11 1116 0.3055555556
11 408 0.0478260870
11 187 0.0575916230
11 79 0.0146276596
11 154 0.0224948875
11 777 0.0733333333
11 131 0.0291777188
11 327 0.0709677419
11 6878 0.0000000000
11 7445 0.0000000000
11 7597 0.1111111111
11 7525 0.0000000000
11 85 0.0000000000
11 7595 0.0000000000
11 7588 0.0000000000
11 7538 0.5000000000
11 680 0.0000000000
11 183 0.0000000000
11 7583 0.0000000000
11 177 0.0000000000
11 7593 0.0000000000
11 7564 0.0000000000
11 7499 0.0000000000
11 7577 0.0000000000
11 7573 0.3333333333
11 798 0.0000000000
11 7592 0.1666666667
11 4910 0.0000000000
651 12 0.0129533679
815 12 0.0129533679
976 12 0.0123056995
19 12 0.0110103627
292 12 0.0103626943
229 12 0.0103626943
291 12 0.0097150259
826 12 0.0097150259
288 12 0.0097150259
1031 12 0.0097150259
247 12 0.0097150259
44 12 0.0090673575
103 12 0.0090673575
125 12 0.0090673575
154 12 0.0090673575
73 12 0.0090673575
100 12 0.0090673575
93 12 0.0090673575
1586 12 0.0084196891
602 12 0.0084196891
280 12 0.0084196891
123 12 0.0084196891
751 12 0.0084196891
118 12 0.0084196891
59 12 0.0084196891
1516 12 0.0084196891
290 12 0.0084196891
97 12 0.0084196891
7444 12 0.0084196891
484 12 0.0077720207
1064 12 0.0077720207
157 12 0.0077720207
321 12 0.0077720207
757 12 0.0077720207
2401 12 0.0077720207
31 12 0.0077720207
81 12 0.0077720207
1331 12 0.0077720207
120 12 0.0077720207
614 12 0.0077720207
21 12 0.0077720207
305 12 0.0077720207
1374 12 0.0077720207
1043 12 0.0077720207
40 12 0.0077720207
49 12 0.0077720207
158 12 0.0077720207
128 12 0.0077720207
391 12 0.0077720207
32 12 0.0077720207
1577 12 0.0077720207
36 12 0.0077720207
627 12 0.0077720207
33 12 0.0077720207
458 12 0.0071243523
351 12 0.0071243523
904 12 0.0071243523
164 12 0.0071243523
375 12 0.0071243523
245 12 0.0071243523
1784 12 0.0071243523
898 12 0.0071243523
1127 12 0.0071243523
92 12 0.0071243523
163 12 0.0071243523
1072 12 0.0071243523
104 12 0.0071243523
1210 12 0.0071243523
983 12 0.0071243523
3354 12 0.0071243523
3366 12 0.0071243523
496 12 0.0071243523
216 12 0.0071243523
530 12 0.0071243523
105 12 0.0071243523
376 12 0.0071243523
47 12 0.0071243523
7575 12 0.0071243523
82 12 0.0071243523
649 12 0.0071243523
2396 12 0.0071243523
1535 12 0.0071243523
1873 12 0.0071243523
27 12 0.0071243523
7391 12 0.0071243523
34 12 0.0071243523
397 12 0.0071243523
241 12 0.0071243523
1360 12 0.0071243523
7585 12 0.0071243523
459 12 0.0071243523
3297 12 0.0071243523
1553 12 0.0071243523
3293 12 0.0071243523
1322 12 0.0071243523
287 12 0.0071243523
1184 12 0.0071243523
822 12 0.0071243523
3281 12 0.0071243523
315 12 0.0071243523
1162 12 0.0071243523
191 12 0.0071243523
886 12 0.0071243523
156 12 0.0071243523
1846 12 0.0071243523
1061 12 0.0071243523
174 12 0.0071243523
1376 12 0.0071243523
395 12 0.0071243523
1065 12 0.0071243523
1861 12 0.0071243523
825 12 0.0071243523
1834 12 0.0071243523
116 12 0.0071243523
1185 12 0.0071243523
289 12 0.0071243523
26 12 0.0071243523
975 12 0.0071243523
3234 12 0.0071243523
172 12 0.0071243523
1187 12 0.0071243523
893 12 0.0071243523
3232 12 0.0071243523
7525 12 0.0071243523
12 19 0.0126582278
12 73 0.0224000000
12 291 0.0880503145
12 1031 0.2978723404
12 651 0.2063492063
12 27 0.0121722846
12 154 0.0265848671
12 305 0.0695187166
12 59 0.0289532294
12 288 0.0334190231
12 976 0.2708333333
12 100 0.0349462366
12 36 0.0142231947
12 93 0.0279569892
12 229 0.0666666667
12 44 0.0196399345
12 484 0.0875912409
12 103 0.0239520958
12 292 0.0502092050
12 757 0.1481481481
12 31 0.0135135135
12 81 0.0254237288
12 602 0.1052631579
12 125 0.0171428571
12 123 0.0306905371
12 751 0.1481481481
12 120 0.0372670807
12 614 0.0621761658
12 21 0.0107430618
12 1374 0.2666666667
12 40 0.0127659574
12 158 0.0430107527
12 32 0.0136674260
12 1516 0.3529411765
12 1577 0.3529411765
12 391 0.0745341615
12 290 0.0463320463
12 627 0.1165048544
12 7444 0.2352941176
12 458 0.1122448980
12 904 0.1392405063
12 164 0.0337423313
12 375 0.0454545455
12 1586 0.2500000000
12 1784 0.3333333333
12 898 0.2820512821
12 1127 0.1666666667
12 92 0.0194690265
12 163 0.0308988764
12 245 0.0388692580
12 1072 0.2972972973
12 104 0.0244444444
12 1064 0.1929824561
12 1210 0.1294117647
12 157 0.0394265233
12 983 0.1617647059
12 3354 1.0000000000
12 321 0.0625000000
12 3366 1.0000000000
12 216 0.0506912442
12 530 0.0956521739
12 882 0.1111111111
12 105 0.0234042553
12 376 0.0572916667
12 47 0.0196428571
12 2401 0.5000000000
12 7575 0.3666666667
12 82 0.0210727969
12 649 0.0718954248
12 2396 0.5000000000
12 1535 0.2500000000
12 1873 0.3333333333
12 280 0.0458333333
12 1331 0.2000000000
12 34 0.0127758420
12 397 0.0643274854
12 241 0.0402930403
12 1360 0.2444444444
12 7585 0.4782608696
12 118 0.0260047281
12 1043 0.1134020619
12 459 0.0859375000
12 49 0.0155586987
12 3297 1.0000000000
12 1553 0.2500000000
12 3293 1.0000000000
12 1322 0.0956521739
12 128 0.0282776350
12 287 0.0552763819
12 335 0.0956521739
12 1184 0.1964285714
12 822 0.1222222222
12 3281 1.0000000000
12 315 0.0533980583
12 1162 0.1279069767
12 191 0.0421455939
12 886 0.1594202899
12 156 0.0250569476
12 1846 0.3333333333
12 1061 0.2340425532
12 174 0.0339506173
12 1376 0.2000000000
12 395 0.0575916230
12 1065 0.1428571429
12 35 0.0112244898
12 1861 0.4782608696
12 825 0.1222222222
12 116 0.0205607477
12 1834 0.4782608696
12 1185 0.2391304348
12 1350 0.4400000000
12 289 0.0552763819
12 26 0.0069930070
12 97 0.0227743271
12 975 0.1617647059
12 3234 1.0000000000
12 172 0.0319767442
12 1187 0.1666666667
12 893 0.2244897959
12 3232 1.0000000000
12 7525 0.0982142857
12 33 0.0081662955
12 247 0.0516431925
12 826 0.1000000000
1368 13 0.0138026225
68 13 0.0138026225
3060 13 0.0138026225
7337 13 0.0138026225
651 13 0.0131124914
1050 13 0.0124223602
21 13 0.0124223602
1052 13 0.0117322291
2386 13 0.0103519669
7514 13 0.0103519669
3119 13 0.0103519669
24 13 0.0103519669
5389 13 0.0103519669
1535 13 0.0103519669
701 13 0.0103519669
2275 13 0.0103519669
1168 13 0.0103519669
46 13 0.0103519669
177 13 0.0103519669
1767 13 0.0103519669
1534 13 0.0096618357
1529 13 0.0096618357
43 13 0.0096618357
133 13 0.0096618357
650 13 0.0089717046
435 13 0.0089717046
85 13 0.0089717046
965 13 0.0089717046
1817 13 0.0089717046
3075 13 0.0089717046
812 13 0.0089717046
2277 13 0.0089717046
2284 13 0.0089717046
1172 13 0.0089717046
1528 13 0.0089717046
320 13 0.0089717046
7397 13 0.0089717046
204 13 0.0089717046
599 13 0.0082815735
2320 13 0.0082815735
1819 13 0.0082815735
1813 13 0.0082815735
178 13 0.0082815735
2283 13 0.0082815735
2270 13 0.0082815735
1533 13 0.0082815735
697 13 0.0082815735
258 13 0.0082815735
279 13 0.0082815735
1531 13 0.0082815735
487 13 0.0082815735
58 13 0.0075914424
206 13 0.0075914424
1523 13 0.0075914424
3241 13 0.0075914424
1210 13 0.0075914424
1332 13 0.0075914424
3180 13 0.0075914424
1182 13 0.0075914424
1831 13 0.0075914424
3144 13 0.0075914424
1828 13 0.0075914424
71 13 0.0075914424
597 13 0.0075914424
1808 13 0.0075914424
884 13 0.0075914424
22 13 0.0075914424
1351 13 0.0075914424
3089 13 0.0075914424
1537 13 0.0075914424
3045 13 0.0075914424
1807 13 0.0075914424
2278 13 0.0075914424
3076 13 0.0075914424
3073 13 0.0075914424
952 13 0.0075914424
3072 13 0.0075914424
1812 13 0.0075914424
1810 13 0.0075914424
3061 13 0.0075914424
112 13 0.0075914424
3047 13 0.0075914424
3056 13 0.0075914424
2243 13 0.0075914424
3054 13 0.0075914424
5342 13 0.0075914424
1532 13 0.0075914424
33 13 0.0075914424
3051 13 0.0075914424
3050 13 0.0075914424
1335 13 0.0075914424
3046 13 0.0075914424
2268 13 0.0075914424
456 13 0.0075914424
881 13 0.0075914424
2267 13 0.0075914424
2266 13 0.0075914424
3041 13 0.0075914424
3039 13 0.0075914424
3037 13 0.0075914424
3036 13 0.0075914424
3038 13 0.0075914424
15 13 0.0075914424
166 13 0.0075914424
70 13 0.0075914424
75 13 0.0075914424
190 13 0.0075914424
25 13 0.0075914424
7403 13 0.0075914424
430 13 0.0000000000
7517 13 0.0000000000
5533 13 0.0000000000
7565 13 0.0000000000
13 127 0.0622837370
13 46 0.0289855072
13 21 0.0161145927
13 659 0.4047619048
13 1394 1.0000000000
13 651 0.2380952381
13 435 0.1162790698
13 884 0.3061224490
13 1052 0.4054054054
13 1050 0.5555555556
13 1168 0.5769230769
13 965 0.3684210526
13 1534 1.0000000000
13 1529 1.0000000000
13 133 0.0327868852
13 1817 1.0000000000
13 812 0.1625000000
13 70 0.0217391304
13 1533 0.5416666667
13 1810 1.0000000000
13 1532 0.5416666667
13 697 0.1274509804
13 1172 0.5000000000
13 320 0.0738636364
13 20 0.0174966353
13 599 0.0895522388
13 1819 0.5217391304
13 2288 1.0000000000
13 2277 1.0000000000
13 178 0.0349854227
13 2283 1.0000000000
13 2284 1.0000000000
13 701 0.0909090909
13 1049 0.2553191489
13 2275 1.0000000000
13 2243 1.0000000000
13 428 0.1739130435
13 881 0.2033898305
13 7580 0.1043478261
13 1759 0.5217391304
13 204 0.0502092050
13 417 0.0785714286
13 3370 1.0000000000
13 650 0.0718954248
13 2355 0.5000000000
13 2386 0.5000000000
13 1523 0.3235294118
13 3241 1.0000000000
13 3180 1.0000000000
13 1332 0.2444444444
13 1182 0.2391304348
13 1831 0.3333333333
13 3144 1.0000000000
13 2320 0.5000000000
13 2290 0.5000000000
13 1828 0.3333333333
13 71 0.0357142857
13 3119 1.0000000000
13 597 0.0820895522
13 1808 0.3333333333
13 1351 0.2000000000
13 3089 1.0000000000
13 1537 0.2500000000
13 5389 0.2200000000
13 3075 1.0000000000
13 1813 0.3333333333
13 3045 1.0000000000
13 1807 0.3333333333
13 2278 0.5000000000
13 3076 1.0000000000
13 95 0.0101476015
13 3073 1.0000000000
13 2270 0.5000000000
13 952 0.2894736842
13 3072 1.0000000000
13 1535 0.2500000000
13 2279 0.5000000000
13 5446 0.5500000000
13 1210 0.1294117647
13 1812 0.3333333333
13 3060 1.0000000000
13 3061 1.0000000000
13 112 0.0397111913
13 3047 1.0000000000
13 3056 1.0000000000
13 3054 1.0000000000
13 33 0.0081662955
13 3051 1.0000000000
13 3050 1.0000000000
13 1335 0.2000000000
13 3046 1.0000000000
13 258 0.0404411765
13 2268 0.5000000000
13 1531 0.3235294118
13 456 0.0932203390
13 2267 0.5000000000
13 2266 0.5000000000
13 3041 1.0000000000
13 3039 1.0000000000
13 1528 0.2500000000
13 3037 1.0000000000
13 3036 1.0000000000
13 3038 1.0000000000
13 75 0.0179153094
13 25 0.0089576547
13 1767 0.4782608696
13 7403 0.3142857143
13 1497 0.3235294118
13 7397 0.1964285714
13 430 0.1139240506
13 517 0.0849056604
13 7549 1.0000000000
13 7478 1.0000000000
13 7550 0.0000000000
13 7514 0.0000000000
13 7429 0.0000000000
13 68 0.0000000000
13 7603 0.0000000000
13 7565 0.0000000000
13 487 0.0000000000
796 14 0.0163532298
1024 14 0.0163532298
7603 14 0.0163532298
63 14 0.0147179068
159 14 0.0147179068
20 14 0.0147179068
22 14 0.0147179068
24 14 0.0130825838
392 14 0.0122649223
16 14 0.0122649223
176 14 0.0122649223
1027 14 0.0122649223
361 14 0.0122649223
38 14 0.0122649223
47 14 0.0122649223
1128 14 0.0122649223
197 14 0.0122649223
1289 14 0.0122649223
97 14 0.0114472608
77 14 0.0114472608
1481 14 0.0114472608
42 14 0.0114472608
588 14 0.0114472608
27 14 0.0106295993
693 14 0.0106295993
689 14 0.0106295993
304 14 0.0106295993
402 14 0.0106295993
17 14 0.0106295993
211 14 0.0106295993
548 14 0.0106295993
31 14 0.0106295993
484 14 0.0106295993
107 14 0.0106295993
277 14 0.0106295993
67 14 0.0106295993
40 14 0.0106295993
51 14 0.0106295993
944 14 0.0106295993
518 14 0.0098119379
443 14 0.0098119379
871 14 0.0098119379
100 14 0.0098119379
146 14 0.0098119379
1730 14 0.0098119379
1290 14 0.0098119379
1288 14 0.0098119379
33 14 0.0098119379
316 14 0.0098119379
482 14 0.0098119379
7565 14 0.0098119379
1333 14 0.0089942764
1158 14 0.0089942764
545 14 0.0089942764
177 14 0.0089942764
2825 14 0.0089942764
50 14 0.0089942764
60 14 0.0089942764
2818 14 0.0089942764
142 14 0.0089942764
2157 14 0.0089942764
2148 14 0.0089942764
542 14 0.0089942764
1293 14 0.0089942764
1737 14 0.0089942764
1025 14 0.0089942764
1482 14 0.0089942764
113 14 0.0089942764
1483 14 0.0089942764
1137 14 0.0089942764
1734 14 0.0089942764
1724 14 0.0089942764
1256 14 0.0089942764
586 14 0.0089942764
664 14 0.0089942764
65 14 0.0089942764
75 14 0.0089942764
2146 14 0.0089942764
2144 14 0.0089942764
37 14 0.0089942764
2124 14 0.0089942764
2142 14 0.0089942764
2804 14 0.0089942764
945 14 0.0089942764
2138 14 0.0089942764
2136 14 0.0089942764
1139 14 0.0089942764
939 14 0.0089942764
2796 14 0.0089942764
2135 14 0.0089942764
1731 14 0.0089942764
122 14 0.0089942764
35 14 0.0073589534
15 14 0.0000000000
14 63 0.0400843882
14 20 0.0242261104
14 518 0.1551724138
14 796 0.1600000000
14 392 0.1239669421
14 267 0.1063829787
14 16 0.0111856823
14 361 0.1219512195
14 47 0.0267857143
14 24 0.0140449438
14 97 0.0289855072
14 27 0.0121722846
14 548 0.1368421053
14 31 0.0146396396
14 443 0.1015625000
14 60 0.0343915344
14 107 0.0334190231
14 77 0.0239410681
14 65 0.0205371248
14 22 0.0105263158
14 40 0.0138297872
14 51 0.0159705160
14 944 0.2708333333
14 484 0.0875912409
14 50 0.0170454545
14 100 0.0322580645
14 146 0.0299251870
14 1128 0.2608695652
14 1730 0.5217391304
14 197 0.0324324324
14 1481 0.5000000000
14 1290 0.2666666667
14 33 0.0089086860
14 1289 0.2666666667
14 316 0.0952380952
14 482 0.0944881890
14 588 0.0895522388
14 1333 0.3142857143
14 1158 0.4230769231
14 268 0.0607734807
14 177 0.0054374691
14 1027 0.2972972973
14 2825 1.0000000000
14 2818 1.0000000000
14 142 0.0214843750
14 871 0.1864406780
14 277 0.0423076923
14 2157 0.5000000000
14 38 0.0149253731
14 2148 0.5000000000
14 542 0.0814814815
14 1293 0.3142857143
14 1737 0.3333333333
14 1025 0.1641791045
14 4057 0.5500000000
14 2813 1.0000000000
14 1482 0.2500000000
14 113 0.0236051502
14 1483 0.2500000000
14 545 0.0814814815
14 67 0.0156472262
14 1024 0.2340425532
14 1137 0.1666666667
14 1734 0.3333333333
14 2812 1.0000000000
14 1724 0.4782608696
14 1256 0.3142857143
14 586 0.1170212766
14 664 0.1078431373
14 75 0.0179153094
14 2146 0.5000000000
14 2144 0.5000000000
14 407 0.1222222222
14 2124 0.5000000000
14 37 0.0180921053
14 2142 0.5000000000
14 2804 1.0000000000
14 945 0.1410256410
14 42 0.0118025751
14 1288 0.2000000000
14 2138 0.5000000000
14 2136 0.5000000000
14 1139 0.1666666667
14 939 0.1250000000
14 2796 1.0000000000
14 2134 0.5000000000
14 2135 0.5000000000
14 1731 0.3333333333
14 7565 0.0255220418
14 122 0.0288713911
14 15 0.0000000000
104 15 0.0135226504
427 15 0.0135226504
2336 15 0.0121703854
7335 15 0.0114942529
352 15 0.0114942529
98 15 0.0108181204
64 15 0.0108181204
20 15 0.0108181204
246 15 0.0101419878
86 15 0.0101419878
233 15 0.0101419878
1873 15 0.0101419878
953 15 0.0101419878
196 15 0.0101419878
24 15 0.0101419878
35 15 0.0101419878
17 15 0.0101419878
681 15 0.0101419878
605 15 0.0094658553
114 15 0.0094658553
281 15 0.0094658553
192 15 0.0094658553
126 15 0.0094658553
279 15 0.0094658553
3447 15 0.0087897228
766 15 0.0087897228
1074 15 0.0087897228
558 15 0.0087897228
1596 15 0.0087897228
1894 15 0.0087897228
376 15 0.0087897228
498 15 0.0087897228
269 15 0.0087897228
698 15 0.0087897228
3096 15 0.0087897228
159 15 0.0087897228
190 15 0.0087897228
949 15 0.0087897228
37 15 0.0087897228
70 15 0.0087897228
67 15 0.0087897228
155 15 0.0087897228
2436 15 0.0081135903
1396 15 0.0081135903
3410 15 0.0081135903
1590 15 0.0081135903
7161 15 0.0081135903
378 15 0.0081135903
984 15 0.0081135903
180 15 0.0081135903
186 15 0.0081135903
499 15 0.0081135903
832 15 0.0081135903
2293 15 0.0081135903
1386 15 0.0081135903
900 15 0.0081135903
375 15 0.0081135903
164 15 0.0081135903
966 15 0.0081135903
2289 15 0.0081135903
530 15 0.0081135903
958 15 0.0081135903
1351 15 0.0081135903
22 15 0.0081135903
1134 15 0.0081135903
272 15 0.0081135903
91 15 0.0081135903
133 15 0.0081135903
304 15 0.0081135903
264 15 0.0081135903
48 15 0.0081135903
2434 15 0.0074374577
906 15 0.0074374577
1906 15 0.0074374577
905 15 0.0074374577
2426 15 0.0074374577
1895 15 0.0074374577
491 15 0.0074374577
651 15 0.0074374577
58 15 0.0074374577
19 15 0.0074374577
374 15 0.0074374577
2417 15 0.0074374577
96 15 0.0074374577
7087 15 0.0074374577
3372 15 0.0074374577
7063 15 0.0074374577
94 15 0.0074374577
88 15 0.0074374577
87 15 0.0074374577
2090 15 0.0074374577
824 15 0.0074374577
165 15 0.0074374577
1162 15 0.0074374577
3120 15 0.0074374577
967 15 0.0074374577
122 15 0.0074374577
438 15 0.0074374577
51 15 0.0074374577
29 15 0.0074374577
75 15 0.0074374577
274 15 0.0074374577
211 15 0.0074374577
40 15 0.0074374577
137 15 0.0074374577
1471 15 0.0074374577
853 15 0.0074374577
33 15 0.0074374577
682 15 0.0074374577
7386 15 0.0060851927
85 15 0.0060851927
1921 15 0.0060851927
188 15 0.0060851927
5342 15 0.0054090602
145 15 0.0054090602
47 15 0.0000000000
7518 15 0.0000000000
15 352 0.1492537313
15 94 0.0784313725
15 233 0.0773195876
15 86 0.0407608696
15 64 0.0280898876
15 98 0.0363196126
15 35 0.0153061224
15 953 0.2916666667
15 114 0.0321100917
15 126 0.0453074434
15 192 0.0633484163
15 104 0.0311111111
15 605 0.1250000000
15 337 0.0742857143
15 2336 0.0300925926
15 498 0.0778443114
15 1894 1.0000000000
15 1386 0.3428571429
15 2436 1.0000000000
15 897 0.1739130435
15 1202 0.2142857143
15 766 0.1081081081
15 1074 0.2553191489
15 1590 0.3529411765
15 1596 0.3529411765
15 281 0.0461538462
15 558 0.0960000000
15 230 0.0685714286
15 96 0.0238095238
15 376 0.0625000000
15 87 0.0194489465
15 164 0.0368098160
15 958 0.1224489796
15 272 0.0324324324
15 91 0.0380952381
15 48 0.0169731259
15 137 0.0358208955
15 3451 1.0000000000
15 2437 0.5000000000
15 3443 0.3548387097
15 3448 1.0000000000
15 1396 0.2444444444
15 3447 1.0000000000
15 2287 0.5000000000
15 7325 0.5500000000
15 2434 0.5000000000
15 2433 0.5000000000
15 3442 1.0000000000
15 3382 1.0000000000
15 3439 1.0000000000
15 2432 0.5000000000
15 1075 0.4074074074
15 1390 0.2444444444
15 1599 0.4583333333
15 1906 0.3333333333
15 3438 1.0000000000
15 2422 0.5000000000
15 604 0.1718750000
15 906 0.1111111111
15 2431 0.5000000000
15 902 0.1864406780
15 1905 0.3333333333
15 3437 1.0000000000
15 653 0.2075471698
15 179 0.0434782609
15 3434 1.0000000000
15 7310 0.5500000000
15 3433 1.0000000000
15 269 0.0521327014
15 2289 0.5000000000
15 530 0.0956521739
15 1134 0.1964285714
15 88 0.0241228070
15 234 0.0718954248
15 95 0.0101476015
15 698 0.1527777778
15 159 0.0383275261
15 438 0.1122448980
15 20 0.0148048452
15 37 0.0180921053
15 70 0.0183946488
15 67 0.0156472262
15 681 0.0901639344
15 40 0.0117021277
15 155 0.0262529833
15 3410 1.0000000000
15 3430 1.0000000000
15 3431 1.0000000000
15 1208 0.4230769231
15 1904 0.3333333333
15 3427 1.0000000000
15 2428 0.5000000000
15 1903 0.4782608696
15 6921 0.5500000000
15 3091 1.0000000000
15 3286 0.3548387097
15 7369 0.5789473684
15 764 0.3548387097
15 905 0.2820512821
15 2312 0.5000000000
15 1393 0.2444444444
15 2426 0.5000000000
15 3407 1.0000000000
15 2293 0.2115384615
15 1205 0.2391304348
15 651 0.1746031746
15 358 0.0769230769
15 7161 0.5500000000
15 984 0.1617647059
15 186 0.0833333333
15 832 0.1375000000
15 2417 0.5000000000
15 2633 1.0000000000
15 1895 0.3333333333
15 900 0.1392405063
15 1070 0.2340425532
15 1387 0.3142857143
15 375 0.0454545455
15 1385 0.3142857143
15 2828 0.3548387097
15 427 0.1009174312
15 279 0.0550000000
15 824 0.0846153846
15 1891 0.3333333333
15 1873 0.3333333333
15 165 0.0488888889
15 1162 0.1279069767
15 3120 1.0000000000
15 1351 0.2000000000
15 967 0.1410256410
15 518 0.0948275862
15 767 0.2750000000
15 122 0.0288713911
15 24 0.0102996255
15 190 0.0353697749
15 354 0.1506849315
15 17 0.0084811103
15 196 0.0407407407
15 51 0.0135135135
15 29 0.0106796117
15 75 0.0179153094
15 274 0.0647058824
15 211 0.0345911950
15 1471 0.2500000000
15 853 0.1392405063
15 33 0.0081662955
15 682 0.0833333333
15 7335 0.1304347826
15 7330 1.0000000000
15 7321 0.4500000000
15 3372 0.2903225806
15 7312 0.4500000000
15 3428 0.2195121951
15 400 0.0989010989
15 19 0.0075949367
15 47 0.0160714286
15 85 0.0108695652
15 7368 1.0000000000
15 801 0.0391304348
15 7366 1.0000000000
15 7560 0.1216216216
15 7393 0.2432432432
15 55 0.0200000000
15 185 0.0223880597
15 3369 0.1764705882
15 80 0.0213270142
15 7552 0.0192719486
15 1249 0.0857142857
15 374 0.0633802817
15 7415 0.0629370629
15 491 0.0238726790
15 7400 0.1058823529
15 7580 0.0782608696
15 7603 0.0125523013
15 369 0.0492957746
15 7379 0.3888888889
15 7577 0.0721649485
15 200 0.0000000000
15 31 0.0000000000
15 469 0.0000000000
15 7562 0.0000000000
15 113 0.0000000000
15 267 0.0000000000
15 7518 0.0000000000
15 5342 0.0000000000
15 1921 0.0000000000
15 176 0.0000000000
15 188 0.0000000000
15 145 0.0000000000
2445 16 0.0149142431
109 16 0.0134228188
37 16 0.0134228188
1174 16 0.0126771066
7596 16 0.0119313945
75 16 0.0119313945
149 16 0.0119313945
63 16 0.0119313945
567 16 0.0111856823
503 16 0.0111856823
199 16 0.0104399702
107 16 0.0104399702
779 16 0.0104399702
442 16 0.0104399702
100 16 0.0104399702
993 16 0.0104399702
655 16 0.0104399702
1664 16 0.0096942580
449 16 0.0096942580
121 16 0.0096942580
353 16 0.0096942580
1091 16 0.0096942580
42 16 0.0096942580
565 16 0.0096942580
470 16 0.0096942580
44 16 0.0096942580
23 16 0.0096942580
419 16 0.0096942580
981 16 0.0089485459
509 16 0.0089485459
2257 16 0.0089485459
265 16 0.0089485459
392 16 0.0089485459
177 16 0.0089485459
54 16 0.0089485459
7587 16 0.0089485459
101 16 0.0089485459
2003 16 0.0089485459
781 16 0.0089485459
1983 16 0.0089485459
367 16 0.0089485459
1640 16 0.0089485459
341 16 0.0089485459
40 16 0.0089485459
148 16 0.0089485459
7552 16 0.0089485459
7550 16 0.0089485459
1925 16 0.0089485459
72 16 0.0089485459
138 16 0.0089485459
771 16 0.0089485459
145 16 0.0089485459
164 16 0.0082028337
34 16 0.0082028337
3194 16 0.0082028337
2340 16 0.0082028337
1459 16 0.0082028337
70 16 0.0082028337
25 16 0.0082028337
30 16 0.0082028337
1322 16 0.0082028337
2954 16 0.0082028337
2206 16 0.0082028337
2950 16 0.0082028337
2944 16 0.0082028337
2930 16 0.0082028337
1326 16 0.0082028337
60 16 0.0082028337
219 16 0.0082028337
21 16 0.0082028337
926 16 0.0082028337
1010 16 0.0082028337
2001 16 0.0082028337
2565 16 0.0082028337
2556 16 0.0082028337
88 16 0.0082028337
45 16 0.0082028337
226 16 0.0082028337
187 16 0.0082028337
223 16 0.0082028337
65 16 0.0082028337
850 16 0.0082028337
154 16 0.0082028337
537 16 0.0082028337
7582 16 0.0082028337
3516 16 0.0082028337
250 16 0.0082028337
1093 16 0.0082028337
1409 16 0.0082028337
1222 16 0.0082028337
1090 16 0.0082028337
298 16 0.0082028337
534 16 0.0082028337
1922 16 0.0082028337
1610 16 0.0082028337
270 16 0.0082028337
1083 16 0.0082028337
1917 16 0.0082028337
237 16 0.0082028337
710 16 0.0082028337
1914 16 0.0082028337
1212 16 0.0082028337
842 16 0.0082028337
711 16 0.0082028337
1910 16 0.0082028337
768 16 0.0082028337
16 109 0.0376569038
16 37 0.0279605263
16 199 0.0516129032
16 311 0.1095890411
16 149 0.0444444444
16 63 0.0337552743
16 567 0.3409090909
16 23 0.0175644028
16 134 0.0590717300
16 1174 0.5384615385
16 107 0.0359897172
16 101 0.0422960725
16 54 0.0284552846
16 779 0.2800000000
16 75 0.0228013029
16 442 0.1093750000
16 7552 0.0299785867
16 993 0.2978723404
16 655 0.1521739130
16 711 0.1971830986
16 164 0.0398773006
16 1407 0.5416666667
16 21 0.0116383169
16 1286 0.3714285714
16 1664 1.0000000000
16 121 0.0341207349
16 65 0.0205371248
16 353 0.0673575130
16 40 0.0138297872
16 100 0.0349462366
16 1091 0.5000000000
16 42 0.0139484979
16 565 0.1756756757
16 470 0.2280701754
16 44 0.0212765957
16 419 0.0817610063
16 981 0.2500000000
16 171 0.0535714286
16 509 0.0952380952
16 2257 0.2307692308
16 60 0.0317460317
16 392 0.0991735537
16 177 0.0059317845
16 7596 0.5714285714
16 2003 1.0000000000
16 781 0.3000000000
16 1983 1.0000000000
16 367 0.1071428571
16 1640 0.5217391304
16 148 0.0342857143
16 3516 0.1333333333
16 7550 0.0431654676
16 270 0.0800000000
16 1925 1.0000000000
16 72 0.0220183486
16 771 0.2400000000
16 503 0.1132075472
16 145 0.0134680135
16 34 0.0127758420
16 3194 1.0000000000
16 2340 0.5000000000
16 1459 0.2500000000
16 70 0.0183946488
16 25 0.0089576547
16 30 0.0102803738
16 1322 0.0956521739
16 2954 1.0000000000
16 2206 0.5000000000
16 2950 1.0000000000
16 2944 1.0000000000
16 2077 0.5000000000
16 265 0.0683229814
16 2930 1.0000000000
16 1427 0.2500000000
16 1326 0.2444444444
16 219 0.0383275261
16 926 0.0932203390
16 1010 0.2340425532
16 406 0.0578947368
16 449 0.0932203390
16 2001 0.5000000000
16 2565 1.0000000000
16 2556 1.0000000000
16 88 0.0241228070
16 45 0.0142671855
16 226 0.0308988764
16 187 0.0575916230
16 223 0.0533980583
16 341 0.0632183908
16 850 0.1111111111
16 154 0.0224948875
16 537 0.1157894737
16 7582 0.3235294118
16 250 0.0604395604
16 1093 0.3055555556
16 1409 0.3235294118
16 1222 0.2000000000
16 1090 0.2391304348
16 298 0.0658682635
16 534 0.1157894737
16 1922 0.5000000000
16 1610 0.4782608696
16 1083 0.1666666667
16 1917 0.5000000000
16 138 0.0401459854
16 237 0.0452674897
16 710 0.1549295775
16 607 0.1746031746
16 2445 1.0000000000
16 1914 0.5000000000
16 1212 0.3142857143
16 842 0.1594202899
16 1910 0.5000000000
16 768 0.1222222222
16 7438 0.2903225806
16 80 0.0189573460
16 7587 0.2000000000
159 17 0.0146491904
7603 17 0.0131071704
26 17 0.0123361604
60 17 0.0115651503
197 17 0.0115651503
47 17 0.0115651503
728 17 0.0115651503
22 17 0.0115651503
20 17 0.0107941403
1300 17 0.0107941403
451 17 0.0100231303
807 17 0.0100231303
1746 17 0.0100231303
1735 17 0.0100231303
98 17 0.0100231303
21 17 0.0100231303
2125 17 0.0100231303
97 17 0.0100231303
75 17 0.0100231303
212 17 0.0100231303
544 17 0.0100231303
42 17 0.0100231303
287 17 0.0092521203
639 17 0.0092521203
350 17 0.0092521203
176 17 0.0092521203
63 17 0.0092521203
7410 17 0.0092521203
306 17 0.0092521203
156 17 0.0092521203
549 17 0.0092521203
798 17 0.0092521203
1304 17 0.0092521203
203 17 0.0092521203
40 17 0.0092521203
193 17 0.0092521203
113 17 0.0092521203
51 17 0.0092521203
107 17 0.0092521203
135 17 0.0092521203
942 17 0.0092521203
55 17 0.0092521203
344 17 0.0092521203
48 17 0.0092521203
660 17 0.0092521203
79 17 0.0092521203
934 17 0.0092521203
1785 17 0.0084811103
166 17 0.0084811103
411 17 0.0084811103
88 17 0.0084811103
265 17 0.0084811103
284 17 0.0084811103
38 17 0.0084811103
2206 17 0.0084811103
7403 17 0.0084811103
31 17 0.0084811103
5140 17 0.0084811103
67 17 0.0084811103
946 17 0.0084811103
255 17 0.0084811103
1282 17 0.0084811103
39 17 0.0084811103
1305 17 0.0084811103
1490 17 0.0084811103
362 17 0.0084811103
1489 17 0.0084811103
686 17 0.0084811103
799 17 0.0084811103
70 17 0.0084811103
2821 17 0.0084811103
277 17 0.0084811103
142 17 0.0084811103
65 17 0.0084811103
2143 17 0.0084811103
1732 17 0.0084811103
78 17 0.0084811103
360 17 0.0084811103
871 17 0.0084811103
315 17 0.0084811103
122 17 0.0084811103
188 17 0.0084811103
211 17 0.0084811103
219 17 0.0084811103
681 17 0.0084811103
1471 17 0.0084811103
2738 17 0.0084811103
66 17 0.0084811103
137 17 0.0084811103
145 17 0.0084811103
622 17 0.0084811103
542 17 0.0084811103
140 17 0.0084811103
355 17 0.0084811103
2105 17 0.0084811103
77 17 0.0084811103
1989 17 0.0084811103
580 17 0.0084811103
680 17 0.0084811103
1691 17 0.0084811103
516 17 0.0084811103
1497 17 0.0069390902
17 159 0.0557491289
17 20 0.0215343203
17 176 0.0464396285
17 113 0.0321888412
17 26 0.0095359186
17 47 0.0267857143
17 145 0.0168350168
17 39 0.0208333333
17 272 0.0378378378
17 101 0.0422960725
17 1300 0.5600000000
17 60 0.0370370370
17 55 0.0311111111
17 451 0.1015625000
17 284 0.0622009569
17 521 0.1710526316
17 549 0.1130434783
17 38 0.0176390773
17 483 0.1111111111
17 40 0.0138297872
17 1735 1.0000000000
17 65 0.0205371248
17 21 0.0116383169
17 66 0.0253411306
17 544 0.1529411765
17 75 0.0211726384
17 287 0.0603015075
17 639 0.0975609756
17 350 0.0652173913
17 807 0.1333333333
17 63 0.0253164557
17 1497 0.3529411765
17 31 0.0135135135
17 156 0.0273348519
17 1305 0.3428571429
17 1746 0.5217391304
17 1304 0.3428571429
17 203 0.0401337793
17 197 0.0324324324
17 193 0.0521739130
17 98 0.0290556901
17 51 0.0147420147
17 107 0.0308483290
17 135 0.0357142857
17 942 0.2500000000
17 211 0.0377358491
17 728 0.1967213115
17 2125 1.0000000000
17 22 0.0097165992
17 344 0.1052631579
17 48 0.0169731259
17 79 0.0159574468
17 140 0.0321715818
17 42 0.0128755365
17 97 0.0248447205
17 680 0.0845070423
17 934 0.1764705882
17 748 0.0607734807
17 1785 0.3333333333
17 166 0.0209523810
17 411 0.0687500000
17 265 0.0683229814
17 306 0.0700636943
17 2206 0.5000000000
17 5140 0.5500000000
17 67 0.0156472262
17 946 0.0654761905
17 255 0.0295698925
17 1282 0.2444444444
17 362 0.0452674897
17 1490 0.3235294118
17 1489 0.3235294118
17 686 0.0982142857
17 799 0.1375000000
17 133 0.0257611241
17 70 0.0183946488
17 2821 0.3548387097
17 277 0.0423076923
17 142 0.0214843750
17 2143 0.5000000000
17 1732 0.3333333333
17 2797 1.0000000000
17 78 0.0174050633
17 360 0.0493273543
17 871 0.1864406780
17 315 0.0533980583
17 122 0.0288713911
17 188 0.0255220418
17 219 0.0383275261
17 681 0.0901639344
17 1471 0.2500000000
17 212 0.0482456140
17 2738 1.0000000000
17 137 0.0328358209
17 622 0.0827067669
17 542 0.0814814815
17 660 0.0982142857
17 355 0.0769230769
17 77 0.0202578269
17 580 0.0763888889
17 1691 0.0541871921
17 516 0.0873015873
17 7410 0.0000000000
243 18 0.0201005025
57 18 0.0190954774
872 18 0.0190954774
1170 18 0.0180904523
594 18 0.0180904523
860 18 0.0180904523
74 18 0.0170854271
1306 18 0.0170854271
7603 18 0.0170854271
7565 18 0.0160804020
1525 18 0.0150753769
220 18 0.0150753769
455 18 0.0150753769
690 18 0.0150753769
868 18 0.0150753769
1130 18 0.0150753769
91 18 0.0140703518
2199 18 0.0140703518
346 18 0.0140703518
72 18 0.0140703518
194 18 0.0130653266
1800 18 0.0130653266
2228 18 0.0130653266
256 18 0.0130653266
1442 18 0.0130653266
866 18 0.0120603015
1703 18 0.0120603015
1564 18 0.0120603015
1526 18 0.0120603015
945 18 0.0120603015
1164 18 0.0120603015
260 18 0.0120603015
2200 18 0.0120603015
2139 18 0.0120603015
38 18 0.0120603015
2803 18 0.0120603015
543 18 0.0120603015
736 18 0.0120603015
384 18 0.0120603015
7372 18 0.0120603015
630 18 0.0120603015
733 18 0.0120603015
386 18 0.0120603015
437 18 0.0120603015
2091 18 0.0110552764
1271 18 0.0110552764
2693 18 0.0110552764
729 18 0.0110552764
2086 18 0.0110552764
79 18 0.0110552764
151 18 0.0110552764
454 18 0.0110552764
3053 18 0.0110552764
954 18 0.0110552764
2961 18 0.0110552764
874 18 0.0110552764
1305 18 0.0110552764
160 18 0.0110552764
117 18 0.0110552764
2690 18 0.0110552764
121 18 0.0110552764
2118 18 0.0110552764
40 18 0.0110552764
50 18 0.0110552764
1284 18 0.0110552764
613 18 0.0110552764
2758 18 0.0110552764
542 18 0.0110552764
2097 18 0.0110552764
1477 18 0.0110552764
26 18 0.0110552764
154 18 0.0110552764
274 18 0.0110552764
33 18 0.0110552764
2106 18 0.0110552764
2710 18 0.0110552764
18 243 0.2409638554
18 74 0.0617283951
18 294 0.2564102564
18 57 0.0290964778
18 160 0.1386861314
18 91 0.0571428571
18 860 0.6206896552
18 1170 0.5769230769
18 594 0.2343750000
18 220 0.0955414013
18 1306 1.0000000000
18 455 0.1530612245
18 690 0.1829268293
18 872 0.3846153846
18 7565 0.0348027842
18 868 0.5172413793
18 346 0.0804597701
18 194 0.0590909091
18 1564 0.5416666667
18 1800 1.0000000000
18 72 0.0238532110
18 1130 0.2826086957
18 729 0.1318681319
18 1703 0.5217391304
18 945 0.1538461538
18 1164 0.2142857143
18 2228 1.0000000000
18 260 0.0410958904
18 2200 1.0000000000
18 117 0.0198675497
18 256 0.0361445783
18 7603 0.0167364017
18 543 0.1846153846
18 736 0.2926829268
18 384 0.0662983425
18 7372 0.1363636364
18 1442 0.3529411765
18 733 0.1967213115
18 386 0.0916030534
18 2091 0.5000000000
18 1271 0.3142857143
18 2693 1.0000000000
18 2086 0.5000000000
18 866 0.1392405063
18 79 0.0146276596
18 151 0.0440000000
18 454 0.0743243243
18 1526 0.3235294118
18 1525 0.2500000000
18 3053 1.0000000000
18 2247 0.5000000000
18 954 0.1617647059
18 2961 1.0000000000
18 2199 0.5000000000
18 1305 0.3142857143
18 38 0.0149253731
18 2803 1.0000000000
18 121 0.0288713911
18 2690 1.0000000000
18 2118 0.5000000000
18 40 0.0117021277
18 50 0.0156250000
18 1284 0.2000000000
18 613 0.0635838150
18 2758 1.0000000000
18 542 0.0814814815
18 2097 0.5000000000
18 630 0.1746031746
18 1477 0.2500000000
18 26 0.0069930070
18 154 0.0224948875
18 274 0.0647058824
18 33 0.0081662955
18 2106 0.5000000000
18 2710 1.0000000000
18 437 0.1122448980
34 19 0.0168776371
292 19 0.0151898734
49 19 0.0151898734
207 19 0.0143459916
30 19 0.0135021097
93 19 0.0135021097
321 19 0.0126582278
29 19 0.0126582278
24 19 0.0126582278
335 19 0.0126582278
708 19 0.0118143460
85 19 0.0118143460
33 19 0.0118143460
31 19 0.0118143460
288 19 0.0118143460
36 19 0.0118143460
73 19 0.0109704641
88 19 0.0109704641
22 19 0.0109704641
110 19 0.0109704641
1374 19 0.0109704641
757 19 0.0109704641
32 19 0.0109704641
118 19 0.0109704641
116 19 0.0109704641
95 19 0.0109704641
82 19 0.0101265823
53 19 0.0101265823
1368 19 0.0101265823
43 19 0.0101265823
3364 19 0.0101265823
164 19 0.0101265823
650 19 0.0101265823
241 19 0.0101265823
125 19 0.0101265823
191 19 0.0101265823
1578 19 0.0101265823
3254 19 0.0101265823
59 19 0.0101265823
262 19 0.0101265823
1590 19 0.0092827004
1392 19 0.0092827004
163 19 0.0092827004
145 19 0.0092827004
141 19 0.0092827004
245 19 0.0092827004
97 19 0.0092827004
58 19 0.0092827004
250 19 0.0092827004
1370 19 0.0092827004
96 19 0.0092827004
402 19 0.0092827004
7568 19 0.0092827004
1199 19 0.0092827004
647 19 0.0092827004
398 19 0.0092827004
1192 19 0.0092827004
1882 19 0.0092827004
72 19 0.0092827004
173 19 0.0092827004
7585 19 0.0092827004
259 19 0.0092827004
980 19 0.0092827004
551 19 0.0092827004
87 19 0.0092827004
154 19 0.0092827004
7391 19 0.0092827004
707 19 0.0092827004
291 19 0.0092827004
894 19 0.0092827004
158 19 0.0092827004
1581 19 0.0092827004
783 19 0.0092827004
666 19 0.0092827004
26 19 0.0092827004
1322 19 0.0092827004
128 19 0.0092827004
2388 19 0.0092827004
818 19 0.0092827004
197 19 0.0092827004
7406 19 0.0092827004
1031 19 0.0092827004
1184 19 0.0092827004
3185 19 0.0092827004
1574 19 0.0092827004
92 19 0.0092827004
86 19 0.0075949367
2336 19 0.0042194093
19 34 0.0232288037
19 49 0.0254596888
19 335 0.1478260870
19 207 0.0698689956
19 30 0.0149532710
19 93 0.0344086022
19 36 0.0175054705
19 708 0.1829268293
19 164 0.0460122699
19 321 0.0852272727
19 292 0.0627615063
19 29 0.0145631068
19 85 0.0169082126
19 32 0.0159453303
19 31 0.0157657658
19 288 0.0359897172
19 118 0.0307328605
19 302 0.0948905109
19 73 0.0208000000
19 22 0.0105263158
19 43 0.0143964563
19 24 0.0121722846
19 82 0.0229885057
19 110 0.0317460317
19 1368 0.2666666667
19 580 0.0833333333
19 33 0.0089086860
19 191 0.0459770115
19 116 0.0224299065
19 95 0.0110701107
19 1578 0.5000000000
19 59 0.0267260579
19 262 0.0659340659
19 1392 0.4400000000
19 27 0.0102996255
19 145 0.0123456790
19 497 0.1264367816
19 141 0.0320699708
19 53 0.0223123732
19 245 0.0388692580
19 97 0.0227743271
19 250 0.0604395604
19 1370 0.2000000000
19 96 0.0218253968
19 3373 1.0000000000
19 88 0.0241228070
19 402 0.0733333333
19 7568 0.3548387097
19 1199 0.3055555556
19 3364 1.0000000000
19 647 0.1325301205
19 398 0.0607734807
19 1192 0.1964285714
19 1882 0.3333333333
19 1374 0.2444444444
19 72 0.0201834862
19 650 0.0718954248
19 295 0.0395683453
19 757 0.1358024691
19 241 0.0402930403
19 259 0.0404411765
19 125 0.0157142857
19 87 0.0178282010
19 154 0.0224948875
19 7391 0.4074074074
19 707 0.0901639344
19 291 0.0691823899
19 894 0.1594202899
19 158 0.0394265233
19 1581 0.4583333333
19 783 0.2200000000
19 26 0.0069930070
19 42 0.0118025751
19 666 0.0833333333
19 332 0.0564102564
19 1322 0.0956521739
19 551 0.1692307692
19 128 0.0282776350
19 2388 0.5000000000
19 818 0.2200000000
19 197 0.0297297297
19 3254 0.1089108911
19 7406 0.3142857143
19 1031 0.2340425532
19 3185 1.0000000000
19 1184 0.1964285714
19 1574 0.2500000000
19 92 0.0194690265
19 86 0.0244565217
19 2336 0.0162037037
19 7446 0.0000000000
19 7585 0.0000000000
19 7563 0.0000000000
7517 20 0.0269179004
159 20 0.0269179004
870 20 0.0269179004
7603 20 0.0255720054
22 20 0.0255720054
37 20 0.0242261104
47 20 0.0242261104
1042 20 0.0228802153
892 20 0.0201884253
807 20 0.0201884253
176 20 0.0201884253
372 20 0.0201884253
31 20 0.0188425303
122 20 0.0188425303
489 20 0.0188425303
52 20 0.0188425303
152 20 0.0188425303
211 20 0.0188425303
38 20 0.0188425303
212 20 0.0188425303
491 20 0.0174966353
133 20 0.0174966353
66 20 0.0174966353
272 20 0.0174966353
586 20 0.0174966353
730 20 0.0161507402
88 20 0.0161507402
267 20 0.0161507402
1771 20 0.0161507402
65 20 0.0161507402
108 20 0.0161507402
26 20 0.0161507402
7547 20 0.0161507402
131 20 0.0161507402
155 20 0.0161507402
231 20 0.0161507402
1269 20 0.0148048452
30 20 0.0148048452
70 20 0.0148048452
198 20 0.0148048452
304 20 0.0148048452
1145 20 0.0148048452
1127 20 0.0148048452
729 20 0.0148048452
20 22 0.0153846154
20 31 0.0202702703
20 37 0.0296052632
20 47 0.0321428571
20 188 0.0417633411
20 65 0.0284360190
20 1042 1.0000000000
20 159 0.0592334495
20 231 0.0869565217
20 730 0.2459016393
20 489 0.1724137931
20 372 0.1136363636
20 66 0.0292397661
20 366 0.1056338028
20 52 0.0204978038
20 152 0.0453074434
20 176 0.0433436533
20 145 0.0157126824
20 1301 0.5600000000
20 211 0.0440251572
20 38 0.0189959294
20 892 0.3333333333
20 491 0.0344827586
20 122 0.0341207349
20 90 0.0214521452
20 241 0.0476190476
20 212 0.0570175439
20 586 0.1382978723
20 272 0.0351351351
20 729 0.1428571429
20 41 0.0141342756
20 83 0.0218181818
20 807 0.1333333333
20 1771 0.5217391304
20 45 0.0155642023
20 108 0.0309278351
20 26 0.0076287349
20 131 0.0318302387
20 155 0.0286396181
20 870 0.1518987342
20 1269 0.2000000000
20 198 0.0500000000
20 1145 0.1964285714
20 60 0.0291005291
20 1127 0.1666666667
20 177 0.0044488384
20 7565 0.0185614849
20 7577 0.0515463918
20 7547 0.0000000000
25 21 0.0179051030
181 21 0.0179051030
205 21 0.0143240824
266 21 0.0143240824
85 21 0.0143240824
329 21 0.0134288272
110 21 0.0134288272
157 21 0.0134288272
37 21 0.0134288272
30 21 0.0125335721
137 21 0.0125335721
348 21 0.0125335721
62 21 0.0125335721
201 21 0.0125335721
52 21 0.0116383169
277 21 0.0116383169
738 21 0.0116383169
100 21 0.0116383169
51 21 0.0116383169
33 21 0.0107430618
319 21 0.0107430618
185 21 0.0107430618
77 21 0.0107430618
295 21 0.0107430618
5342 21 0.0107430618
22 21 0.0107430618
1152 21 0.0107430618
90 21 0.0107430618
83 21 0.0107430618
798 21 0.0107430618
946 21 0.0107430618
211 21 0.0107430618
45 21 0.0107430618
173 21 0.0098478066
47 21 0.0098478066
1159 21 0.0098478066
700 21 0.0098478066
748 21 0.0098478066
71 21 0.0098478066
878 21 0.0098478066
807 21 0.0098478066
350 21 0.0098478066
197 21 0.0098478066
530 21 0.0098478066
225 21 0.0098478066
509 21 0.0098478066
621 21 0.0098478066
360 21 0.0098478066
362 21 0.0098478066
7588 21 0.0098478066
961 21 0.0098478066
1298 21 0.0098478066
956 21 0.0098478066
78 21 0.0098478066
2759 21 0.0098478066
264 21 0.0098478066
1254 21 0.0098478066
70 21 0.0098478066
393 21 0.0098478066
361 21 0.0098478066
484 21 0.0098478066
145 21 0.0098478066
347 21 0.0098478066
585 21 0.0098478066
40 21 0.0098478066
7603 21 0.0098478066
48 21 0.0098478066
39 21 0.0098478066
580 21 0.0098478066
254 21 0.0098478066
579 21 0.0098478066
130 21 0.0098478066
1004 21 0.0098478066
669 21 0.0098478066
2520 21 0.0098478066
2486 21 0.0098478066
534 21 0.0098478066
42 21 0.0098478066
7552 21 0.0098478066
235 21 0.0098478066
99 21 0.0098478066
21 25 0.0162866450
21 41 0.0235571260
21 85 0.0193236715
21 205 0.0485436893
21 266 0.0710900474
21 329 0.1034482759
21 277 0.0538461538
21 157 0.0501792115
21 110 0.0370370370
21 274 0.0823529412
21 51 0.0171990172
21 45 0.0181582361
21 916 0.3684210526
21 30 0.0121495327
21 295 0.0467625899
21 362 0.0534979424
21 52 0.0190336750
21 62 0.0251937984
21 738 0.1604938272
21 1297 0.3714285714
21 201 0.0653266332
21 37 0.0213815789
21 77 0.0220994475
21 137 0.0358208955
21 5342 0.0307692308
21 1152 0.2608695652
21 90 0.0198019802
21 83 0.0218181818
21 100 0.0322580645
21 798 0.0146341463
21 1307 0.2666666667
21 181 0.0458015267
21 47 0.0196428571
21 700 0.1078431373
21 748 0.0607734807
21 89 0.0194346290
21 563 0.0887096774
21 878 0.1864406780
21 33 0.0081662955
21 319 0.0591397849
21 71 0.0357142857
21 197 0.0297297297
21 530 0.0956521739
21 225 0.0509259259
21 509 0.0873015873
21 621 0.1506849315
21 185 0.0273631841
21 360 0.0493273543
21 961 0.1617647059
21 1298 0.2000000000
21 78 0.0174050633
21 2759 1.0000000000
21 348 0.0714285714
21 264 0.0521327014
21 956 0.2894736842
21 552 0.1294117647
21 22 0.0089068826
21 522 0.0873015873
21 70 0.0183946488
21 393 0.0575916230
21 1986 0.5000000000
21 361 0.0894308943
21 145 0.0123456790
21 347 0.0539215686
21 585 0.0714285714
21 946 0.0654761905
21 7603 0.0153417015
21 48 0.0155586987
21 580 0.0763888889
21 28 0.0154277700
21 579 0.1718750000
21 1004 0.1929824561
21 669 0.1195652174
21 2520 1.0000000000
21 2486 1.0000000000
21 534 0.1157894737
21 42 0.0118025751
21 7552 0.0235546039
21 235 0.0718954248
21 99 0.0260663507
47 22 0.0145748988
159 22 0.0137651822
24 22 0.0129554656
31 22 0.0121457490
44 22 0.0121457490
7603 22 0.0121457490
203 22 0.0113360324
26 22 0.0113360324
210 22 0.0113360324
165 22 0.0105263158
641 22 0.0105263158
196 22 0.0105263158
124 22 0.0105263158
306 22 0.0105263158
135 22 0.0105263158
108 22 0.0105263158
1023 22 0.0105263158
7565 22 0.0105263158
1638 22 0.0105263158
90 22 0.0105263158
131 22 0.0097165992
369 22 0.0097165992
2317 22 0.0097165992
61 22 0.0097165992
73 22 0.0097165992
7518 22 0.0097165992
2239 22 0.0097165992
106 22 0.0097165992
123 22 0.0097165992
589 22 0.0097165992
40 22 0.0097165992
681 22 0.0097165992
683 22 0.0097165992
735 22 0.0097165992
42 22 0.0097165992
39 22 0.0097165992
851 22 0.0097165992
152 22 0.0097165992
1132 22 0.0097165992
140 22 0.0097165992
295 22 0.0089068826
191 22 0.0089068826
2336 22 0.0089068826
253 22 0.0089068826
3134 22 0.0089068826
703 22 0.0089068826
491 22 0.0089068826
2310 22 0.0089068826
179 22 0.0089068826
145 22 0.0089068826
7555 22 0.0089068826
396 22 0.0089068826
205 22 0.0089068826
122 22 0.0089068826
103 22 0.0089068826
487 22 0.0089068826
347 22 0.0089068826
150 22 0.0089068826
38 22 0.0089068826
259 22 0.0089068826
1285 22 0.0089068826
2171 22 0.0089068826
70 22 0.0089068826
1301 22 0.0089068826
117 22 0.0089068826
257 22 0.0089068826
255 22 0.0089068826
1258 22 0.0089068826
1295 22 0.0089068826
685 22 0.0089068826
51 22 0.0089068826
2159 22 0.0089068826
156 22 0.0089068826
1736 22 0.0089068826
2817 22 0.0089068826
67 22 0.0089068826
346 22 0.0089068826
933 22 0.0089068826
7563 22 0.0089068826
2773 22 0.0089068826
284 22 0.0089068826
869 22 0.0089068826
1278 22 0.0089068826
2638 22 0.0089068826
2079 22 0.0089068826
452 22 0.0089068826
75 22 0.0089068826
539 22 0.0089068826
2119 22 0.0089068826
613 22 0.0089068826
7579 22 0.0072874494
170 22 0.0064777328
22 47 0.0321428571
22 23 0.0210772834
22 159 0.0592334495
22 302 0.1167883212
22 99 0.0379146919
22 70 0.0267558528
22 24 0.0149812734
22 39 0.0238095238
22 37 0.0246710526
22 1113 0.5769230769
22 203 0.0501672241
22 342 0.1228070175
22 196 0.0518518519
22 165 0.0622222222
22 145 0.0157126824
22 38 0.0189959294
22 306 0.0891719745
22 123 0.0358056266
22 272 0.0378378378
22 35 0.0142857143
22 135 0.0416666667
22 108 0.0360824742
22 90 0.0231023102
22 44 0.0229132570
22 210 0.0886075949
22 641 0.0710382514
22 188 0.0301624130
22 185 0.0323383085
22 66 0.0253411306
22 1023 0.3513513514
22 681 0.1065573770
22 284 0.0622009569
22 626 0.2063492063
22 26 0.0082644628
22 561 0.1276595745
22 369 0.0845070423
22 2317 1.0000000000
22 61 0.0231660232
22 179 0.0474308300
22 31 0.0135135135
22 73 0.0192000000
22 64 0.0224719101
22 7518 0.2790697674
22 122 0.0314960630
22 2239 1.0000000000
22 103 0.0239520958
22 150 0.0285714286
22 106 0.0218579235
22 189 0.0597014925
22 802 0.3000000000
22 133 0.0281030445
22 117 0.0198675497
22 589 0.1428571429
22 685 0.2307692308
22 51 0.0147420147
22 683 0.1463414634
22 101 0.0362537764
22 40 0.0127659574
22 42 0.0128755365
22 851 0.1348314607
22 1132 0.2142857143
22 152 0.0388349515
22 140 0.0321715818
22 295 0.0395683453
22 2336 0.0254629630
22 191 0.0421455939
22 2651 1.0000000000
22 253 0.0495495495
22 3134 0.3548387097
22 703 0.0901639344
22 29 0.0106796117
22 2310 0.5000000000
22 358 0.0769230769
22 424 0.0614525140
22 396 0.0683229814
22 2255 0.5000000000
22 593 0.0887096774
22 33 0.0081662955
22 43 0.0121816168
22 205 0.0355987055
22 41 0.0129564193
22 487 0.0506912442
22 166 0.0209523810
22 347 0.0539215686
22 330 0.0564102564
22 80 0.0260663507
22 110 0.0291005291
22 259 0.0404411765
22 1285 0.2000000000
22 940 0.1410256410
22 638 0.1506849315
22 1744 0.3333333333
22 2171 0.5000000000
22 1301 0.4400000000
22 949 0.1250000000
22 255 0.0295698925
22 2745 1.0000000000
22 1258 0.2444444444
22 1295 0.2444444444
22 2159 0.5000000000
22 156 0.0250569476
22 1736 0.3333333333
22 2817 1.0000000000
22 67 0.0156472262
22 346 0.0632183908
22 1138 0.2391304348
22 1638 0.0718954248
22 933 0.1617647059
22 2773 1.0000000000
22 384 0.0607734807
22 869 0.1864406780
22 735 0.1089108911
22 1278 0.2444444444
22 2638 1.0000000000
22 1218 0.2444444444
22 2079 0.5000000000
22 452 0.0654761905
22 75 0.0179153094
22 539 0.1692307692
22 2119 0.5000000000
22 613 0.0635838150
22 7513 0.1636363636
22 170 0.0341880342
22 7600 0.0316742081
22 7583 0.1842105263
22 7579 0.1060606061
22 7565 0.0139211137
22 7483 0.1538461538
22 7580 0.0434782609
22 7535 0.2500000000
22 7603 0.0069735007
22 7593 0.5000000000
22 7555 0.0000000000
1082 23 0.0210772834
440 23 0.0187353630
437 23 0.0187353630
656 23 0.0187353630
1456 23 0.0175644028
1416 23 0.0175644028
119 23 0.0175644028
129 23 0.0175644028
236 23 0.0175644028
503 23 0.0175644028
54 23 0.0175644028
500 23 0.0175644028
844 23 0.0175644028
389 23 0.0163934426
932 23 0.0163934426
470 23 0.0163934426
1422 23 0.0163934426
293 23 0.0163934426
770 23 0.0163934426
501 23 0.0163934426
842 23 0.0163934426
443 23 0.0152224824
1220 23 0.0152224824
1613 23 0.0152224824
713 23 0.0152224824
167 23 0.0152224824
772 23 0.0152224824
847 23 0.0152224824
298 23 0.0152224824
1400 23 0.0152224824
1401 23 0.0152224824
44 23 0.0152224824
564 23 0.0140515222
84 23 0.0140515222
504 23 0.0140515222
607 23 0.0140515222
845 23 0.0140515222
401 23 0.0140515222
908 23 0.0140515222
1911 23 0.0140515222
710 23 0.0140515222
99 23 0.0140515222
1226 23 0.0140515222
139 23 0.0140515222
768 23 0.0140515222
537 23 0.0128805621
848 23 0.0128805621
658 23 0.0128805621
2443 23 0.0128805621
2447 23 0.0128805621
1402 23 0.0128805621
1080 23 0.0128805621
466 23 0.0128805621
1078 23 0.0128805621
1601 23 0.0128805621
1398 23 0.0128805621
2438 23 0.0128805621
935 23 0.0128805621
1087 23 0.0128805621
512 23 0.0128805621
40 23 0.0128805621
23 129 0.0877192982
23 469 0.1082802548
23 656 0.0987654321
23 437 0.1530612245
23 844 0.3061224490
23 1131 0.3888888889
23 389 0.0869565217
23 564 0.1489361702
23 293 0.0886075949
23 770 0.2800000000
23 843 0.4827586207
23 607 0.2222222222
23 500 0.1627906977
23 842 0.2028985507
23 713 0.1830985915
23 772 0.2600000000
23 847 0.3333333333
23 153 0.0372492837
23 1400 0.5416666667
23 1401 0.1756756757
23 1613 0.5217391304
23 1082 0.4615384615
23 167 0.0422535211
23 504 0.1250000000
23 501 0.1578947368
23 298 0.0718562874
23 845 0.2448979592
23 908 0.3157894737
23 1911 1.0000000000
23 99 0.0284360190
23 108 0.0309278351
23 1226 0.2666666667
23 139 0.0409556314
23 710 0.1690140845
23 44 0.0196399345
23 768 0.1333333333
23 848 0.1594202899
23 119 0.0352564103
23 440 0.1410256410
23 773 0.1833333333
23 2443 1.0000000000
23 2447 1.0000000000
23 503 0.1037735849
23 1402 0.2500000000
23 138 0.0401459854
23 401 0.0687500000
23 1080 0.4230769231
23 466 0.0940170940
23 2441 1.0000000000
23 1078 0.2391304348
23 84 0.0193661972
23 1601 0.3333333333
23 1398 0.4583333333
23 2438 1.0000000000
23 935 0.1896551724
23 1919 0.5000000000
23 1087 0.1666666667
23 512 0.1037735849
23 40 0.0117021277
34 24 0.0149812734
26 24 0.0149812734
205 24 0.0140449438
63 24 0.0140449438
88 24 0.0140449438
47 24 0.0140449438
7603 24 0.0140449438
173 24 0.0131086142
107 24 0.0131086142
124 24 0.0131086142
85 24 0.0131086142
32 24 0.0131086142
185 24 0.0131086142
798 24 0.0131086142
308 24 0.0121722846
49 24 0.0121722846
562 24 0.0121722846
190 24 0.0121722846
67 24 0.0121722846
70 24 0.0121722846
117 24 0.0121722846
33 24 0.0121722846
51 24 0.0112359551
36 24 0.0112359551
145 24 0.0112359551
494 24 0.0112359551
621 24 0.0112359551
703 24 0.0112359551
632 24 0.0112359551
125 24 0.0112359551
73 24 0.0112359551
95 24 0.0112359551
1029 24 0.0112359551
159 24 0.0112359551
177 24 0.0112359551
25 24 0.0112359551
201 24 0.0112359551
31 24 0.0112359551
44 24 0.0112359551
42 24 0.0112359551
485 24 0.0112359551
371 24 0.0102996255
72 24 0.0102996255
154 24 0.0102996255
241 24 0.0102996255
191 24 0.0102996255
3253 24 0.0102996255
83 24 0.0102996255
1856 24 0.0102996255
818 24 0.0102996255
6014 24 0.0102996255
3147 24 0.0102996255
7512 24 0.0102996255
345 24 0.0102996255
374 24 0.0102996255
110 24 0.0102996255
143 24 0.0102996255
643 24 0.0102996255
941 24 0.0102996255
885 24 0.0102996255
1351 24 0.0102996255
166 24 0.0102996255
90 24 0.0102996255
62 24 0.0102996255
7377 24 0.0102996255
411 24 0.0102996255
50 24 0.0102996255
949 24 0.0102996255
211 24 0.0102996255
316 24 0.0102996255
588 24 0.0102996255
2147 24 0.0102996255
77 24 0.0102996255
1731 24 0.0102996255
24 1691 0.0985221675
24 63 0.0337552743
24 32 0.0182232346
24 308 0.1094890511
24 34 0.0174216028
24 145 0.0168350168
24 88 0.0328947368
24 124 0.0241935484
24 70 0.0250836120
24 47 0.0267857143
24 185 0.0373134328
24 85 0.0169082126
24 31 0.0157657658
24 484 0.0948905109
24 269 0.0616113744
24 49 0.0183875530
24 173 0.0357142857
24 125 0.0185714286
24 107 0.0334190231
24 51 0.0159705160
24 67 0.0184921764
24 25 0.0105863192
24 33 0.0096510765
24 949 0.1477272727
24 122 0.0314960630
24 412 0.0631578947
24 36 0.0131291028
24 494 0.1025641026
24 621 0.1643835616
24 5342 0.0307692308
24 1029 0.1791044776
24 95 0.0110701107
24 159 0.0418118467
24 29 0.0116504854
24 201 0.0603015075
24 50 0.0170454545
24 42 0.0128755365
24 98 0.0266343826
24 288 0.0282776350
24 371 0.0572916667
24 708 0.1341463415
24 94 0.0431372549
24 72 0.0201834862
24 241 0.0402930403
24 250 0.0604395604
24 93 0.0236559140
24 191 0.0421455939
24 249 0.0352564103
24 229 0.0564102564
24 126 0.0355987055
24 7562 0.1527777778
24 83 0.0200000000
24 1856 0.2075471698
24 168 0.0539215686
24 134 0.0464135021
24 3147 1.0000000000
24 703 0.0901639344
24 632 0.0894308943
24 7512 0.0666666667
24 345 0.0714285714
24 374 0.0774647887
24 110 0.0291005291
24 143 0.0376712329
24 643 0.1067961165
24 941 0.0743243243
24 73 0.0176000000
24 885 0.1009174312
24 1351 0.2000000000
24 166 0.0209523810
24 549 0.0956521739
24 443 0.0859375000
24 62 0.0213178295
24 562 0.1486486486
24 411 0.0687500000
24 133 0.0257611241
24 117 0.0182119205
24 44 0.0180032733
24 211 0.0345911950
24 485 0.0940170940
24 316 0.0873015873
24 588 0.0820895522
24 2147 0.5000000000
24 77 0.0202578269
24 1731 0.3333333333
24 7565 0.0208816705
24 7600 0.0407239819
24 798 0.0109756098
24 7377 0.1785714286
24 190 0.0160771704
24 7548 0.0000000000
24 90 0.0000000000
265 25 0.0162866450
284 25 0.0146579805
177 25 0.0138436482
876 25 0.0122149837
1326 25 0.0122149837
52 25 0.0122149837
95 25 0.0105863192
31 25 0.0105863192
696 25 0.0105863192
249 25 0.0105863192
1136 25 0.0105863192
29 25 0.0105863192
686 25 0.0105863192
592 25 0.0105863192
115 25 0.0097719870
523 25 0.0097719870
329 25 0.0097719870
36 25 0.0097719870
2280 25 0.0097719870
53 25 0.0097719870
33 25 0.0097719870
62 25 0.0097719870
124 25 0.0097719870
332 25 0.0097719870
228 25 0.0097719870
1165 25 0.0097719870
318 25 0.0097719870
656 25 0.0097719870
1787 25 0.0097719870
60 25 0.0097719870
32 25 0.0097719870
133 25 0.0097719870
799 25 0.0097719870
145 25 0.0097719870
90 25 0.0097719870
663 25 0.0089576547
7509 25 0.0089576547
641 25 0.0089576547
1830 25 0.0089576547
1342 25 0.0089576547
1336 25 0.0089576547
1792 25 0.0089576547
47 25 0.0089576547
2308 25 0.0089576547
7551 25 0.0089576547
492 25 0.0089576547
97 25 0.0089576547
3082 25 0.0089576547
396 25 0.0089576547
395 25 0.0089576547
140 25 0.0089576547
7540 25 0.0089576547
813 25 0.0089576547
143 25 0.0089576547
287 25 0.0089576547
78 25 0.0089576547
3043 25 0.0089576547
370 25 0.0089576547
7548 25 0.0089576547
1340 25 0.0089576547
1788 25 0.0089576547
7553 25 0.0089576547
2135 25 0.0089576547
693 25 0.0089576547
2980 25 0.0089576547
172 25 0.0089576547
122 25 0.0089576547
166 25 0.0089576547
7588 25 0.0089576547
295 25 0.0089576547
1776 25 0.0089576547
266 25 0.0089576547
43 25 0.0089576547
37 25 0.0089576547
190 25 0.0089576547
801 25 0.0089576547
187 25 0.0089576547
804 25 0.0089576547
7565 25 0.0089576547
487 25 0.0089576547
1764 25 0.0089576547
2196 25 0.0089576547
1031 25 0.0089576547
1034 25 0.0089576547
258 25 0.0089576547
479 25 0.0089576547
142 25 0.0089576547
7593 25 0.0089576547
949 25 0.0089576547
1032 25 0.0089576547
739 25 0.0089576547
1492 25 0.0089576547
25 265 0.1118012422
25 284 0.0861244019
25 52 0.0219619327
25 31 0.0146396396
25 696 0.1413043478
25 249 0.0416666667
25 29 0.0126213592
25 801 0.0565217391
25 686 0.1160714286
25 592 0.1140350877
25 145 0.0145903479
25 95 0.0110701107
25 329 0.0827586207
25 2280 0.2307692308
25 55 0.0266666667
25 62 0.0232558140
25 124 0.0193548387
25 332 0.0615384615
25 228 0.0510638298
25 1165 0.3333333333
25 523 0.1034482759
25 318 0.0681818182
25 876 0.0670391061
25 1787 0.5217391304
25 41 0.0141342756
25 32 0.0136674260
25 60 0.0317460317
25 1326 0.2666666667
25 133 0.0281030445
25 115 0.0217391304
25 663 0.1078431373
25 701 0.0833333333
25 7509 0.1666666667
25 641 0.0601092896
25 244 0.0287206266
25 1830 0.3333333333
25 1342 0.2000000000
25 1336 0.2000000000
25 1792 0.3333333333
25 47 0.0196428571
25 2308 0.5000000000
25 7551 0.3928571429
25 492 0.0940170940
25 97 0.0227743271
25 36 0.0120350109
25 3082 1.0000000000
25 396 0.0683229814
25 395 0.0575916230
25 3071 1.0000000000
25 140 0.0294906166
25 7540 0.5500000000
25 813 0.0916666667
25 143 0.0376712329
25 33 0.0081662955
25 287 0.0552763819
25 78 0.0174050633
25 3043 1.0000000000
25 26 0.0069930070
25 370 0.0639534884
25 656 0.0679012346
25 1340 0.2444444444
25 1788 0.3333333333
25 7553 0.1641791045
25 1155 0.3055555556
25 2135 0.5000000000
25 693 0.1195652174
25 2980 1.0000000000
25 172 0.0319767442
25 1136 0.1666666667
25 122 0.0288713911
25 166 0.0209523810
25 7588 0.0808823529
25 295 0.0395683453
25 1776 0.3333333333
25 266 0.0521327014
25 43 0.0121816168
25 37 0.0180921053
25 593 0.0887096774
25 187 0.0575916230
25 804 0.1375000000
25 7565 0.0255220418
25 487 0.0506912442
25 1764 0.3333333333
25 2196 0.5000000000
25 1031 0.2340425532
25 799 0.1375000000
25 1034 0.1428571429
25 258 0.0404411765
25 479 0.1264367816
25 142 0.0214843750
25 90 0.0181518152
25 949 0.1250000000
25 1032 0.1264367816
25 739 0.0780141844
25 1492 0.3235294118
25 7548 1.0000000000
25 177 0.0044488384
25 7593 0.0000000000
177 26 0.0120788303
32 26 0.0114431024
93 26 0.0101716465
47 26 0.0101716465
85 26 0.0095359186
6257 26 0.0089001907
67 26 0.0089001907
111 26 0.0082644628
7595 26 0.0082644628
348 26 0.0082644628
318 26 0.0082644628
7603 26 0.0082644628
613 26 0.0082644628
212 26 0.0082644628
34 26 0.0076287349
191 26 0.0076287349
51 26 0.0076287349
112 26 0.0076287349
27 26 0.0076287349
190 26 0.0076287349
7565 26 0.0076287349
52 26 0.0076287349
133 26 0.0076287349
277 26 0.0076287349
589 26 0.0076287349
100 26 0.0076287349
1294 26 0.0076287349
1128 26 0.0076287349
683 26 0.0076287349
315 26 0.0076287349
132 26 0.0076287349
155 26 0.0076287349
125 26 0.0069930070
58 26 0.0069930070
95 26 0.0069930070
105 26 0.0069930070
207 26 0.0069930070
3304 26 0.0069930070
245 26 0.0069930070
173 26 0.0069930070
266 26 0.0069930070
73 26 0.0069930070
1378 26 0.0069930070
128 26 0.0069930070
1876 26 0.0069930070
2372 26 0.0069930070
116 26 0.0069930070
242 26 0.0069930070
165 26 0.0069930070
247 26 0.0069930070
308 26 0.0069930070
2650 26 0.0069930070
248 26 0.0069930070
391 26 0.0069930070
172 26 0.0069930070
229 26 0.0069930070
494 26 0.0069930070
6369 26 0.0069930070
1568 26 0.0069930070
1175 26 0.0069930070
693 26 0.0069930070
286 26 0.0069930070
1059 26 0.0069930070
333 26 0.0069930070
295 26 0.0069930070
244 26 0.0069930070
199 26 0.0069930070
748 26 0.0069930070
88 26 0.0069930070
373 26 0.0069930070
331 26 0.0069930070
330 26 0.0069930070
187 26 0.0069930070
2250 26 0.0069930070
7443 26 0.0069930070
62 26 0.0069930070
170 26 0.0069930070
83 26 0.0069930070
684 26 0.0069930070
1946 26 0.0069930070
804 26 0.0069930070
219 26 0.0069930070
166 26 0.0069930070
38 26 0.0069930070
211 26 0.0069930070
411 26 0.0069930070
66 26 0.0069930070
941 26 0.0069930070
350 26 0.0069930070
69 26 0.0069930070
55 26 0.0069930070
1309 26 0.0069930070
798 26 0.0069930070
157 26 0.0069930070
386 26 0.0069930070
70 26 0.0069930070
1458 26 0.0069930070
145 26 0.0069930070
75 26 0.0069930070
7457 26 0.0069930070
632 26 0.0069930070
485 26 0.0069930070
777 26 0.0069930070
39 26 0.0069930070
142 26 0.0069930070
409 26 0.0069930070
33 26 0.0069930070
1427 26 0.0069930070
45 26 0.0069930070
505 26 0.0069930070
193 26 0.0069930070
305 26 0.0069930070
942 26 0.0069930070
943 26 0.0069930070
1137 26 0.0069930070
1711 26 0.0069930070
284 26 0.0069930070
1021 26 0.0069930070
231 26 0.0069930070
2336 26 0.0057215512
59 26 0.0057215512
2358 26 0.0044500954
7598 26 0.0000000000
7602 26 0.0000000000
26 279 0.1000000000
26 88 0.0438596491
26 29 0.0184466019
26 93 0.0387096774
26 47 0.0285714286
26 242 0.0704225352
26 112 0.0541516245
26 308 0.1021897810
26 2280 0.2692307692
26 32 0.0159453303
26 67 0.0199146515
26 245 0.0459363958
26 111 0.0397553517
26 7514 0.1733333333
26 27 0.0121722846
26 166 0.0247619048
26 33 0.0096510765
26 190 0.0418006431
26 348 0.0844155844
26 52 0.0190336750
26 485 0.1111111111
26 211 0.0408805031
26 49 0.0169731259
26 116 0.0224299065
26 191 0.0459770115
26 262 0.0659340659
26 7595 0.0295566502
26 268 0.0662983425
26 51 0.0147420147
26 70 0.0200668896
26 373 0.0697674419
26 83 0.0218181818
26 100 0.0322580645
26 1138 0.2608695652
26 318 0.0681818182
26 933 0.1764705882
26 1030 0.2105263158
26 386 0.0916030534
26 133 0.0281030445
26 277 0.0461538462
26 145 0.0134680135
26 75 0.0195439739
26 589 0.1428571429
26 142 0.0234375000
26 1294 0.4800000000
26 1128 0.2608695652
26 683 0.1463414634
26 125 0.0157142857
26 7516 0.3142857143
26 207 0.0480349345
26 3304 1.0000000000
26 173 0.0302197802
26 73 0.0176000000
26 266 0.0521327014
26 2389 0.5000000000
26 128 0.0282776350
26 1876 0.4782608696
26 666 0.0833333333
26 2372 0.5000000000
26 247 0.0516431925
26 2650 1.0000000000
26 248 0.0601092896
26 391 0.0683229814
26 172 0.0319767442
26 229 0.0564102564
26 760 0.3548387097
26 494 0.0940170940
26 975 0.1617647059
26 6369 0.1571428571
26 1568 0.2500000000
26 1175 0.2391304348
26 286 0.0691823899
26 1059 0.1428571429
26 1035 0.1929824561
26 333 0.0709677419
26 295 0.0395683453
26 244 0.0287206266
26 199 0.0354838710
26 330 0.0564102564
26 62 0.0213178295
26 5342 0.0282051282
26 216 0.0506912442
26 804 0.1375000000
26 219 0.0383275261
26 272 0.0297297297
26 38 0.0149253731
26 85 0.0132850242
26 66 0.0214424951
26 941 0.0743243243
26 350 0.0597826087
26 1501 0.3235294118
26 69 0.0140664962
26 55 0.0244444444
26 1309 0.2444444444
26 798 0.0134146341
26 632 0.0894308943
26 777 0.0733333333
26 547 0.0758620690
26 45 0.0142671855
26 505 0.0808823529
26 193 0.0478260870
26 305 0.0588235294
26 943 0.1617647059
26 35 0.0112244898
26 1137 0.1666666667
26 1711 0.3333333333
26 613 0.0635838150
26 284 0.0526315789
26 132 0.0326409496
26 1021 0.1929824561
26 231 0.0597826087
26 155 0.0262529833
26 7579 0.1212121212
26 7578 0.0000000000
26 177 0.0000000000
26 7604 0.0000000000
26 7602 0.0000000000
26 816 0.0000000000
26 7603 0.0000000000
56 27 0.0187265918
754 27 0.0187265918
7595 27 0.0149812734
267 27 0.0149812734
125 27 0.0140449438
2328 27 0.0140449438
333 27 0.0140449438
517 27 0.0140449438
36 27 0.0131086142
199 27 0.0131086142
973 27 0.0131086142
123 27 0.0131086142
222 27 0.0121722846
34 27 0.0121722846
58 27 0.0121722846
6736 27 0.0121722846
103 27 0.0121722846
29 27 0.0121722846
591 27 0.0121722846
645 27 0.0121722846
1362 27 0.0121722846
1179 27 0.0121722846
105 27 0.0112359551
81 27 0.0112359551
2387 27 0.0112359551
290 27 0.0112359551
877 27 0.0112359551
557 27 0.0112359551
371 27 0.0112359551
47 27 0.0112359551
2336 27 0.0112359551
88 27 0.0112359551
2330 27 0.0112359551
7431 27 0.0112359551
519 27 0.0112359551
937 27 0.0112359551
321 27 0.0102996255
1127 27 0.0102996255
280 27 0.0102996255
7591 27 0.0102996255
2418 27 0.0102996255
118 27 0.0102996255
104 27 0.0102996255
706 27 0.0102996255
82 27 0.0102996255
825 27 0.0102996255
617 27 0.0102996255
87 27 0.0102996255
702 27 0.0102996255
1772 27 0.0102996255
7585 27 0.0102996255
336 27 0.0102996255
1130 27 0.0102996255
6667 27 0.0102996255
1566 27 0.0102996255
110 27 0.0102996255
6317 27 0.0102996255
172 27 0.0102996255
3074 27 0.0102996255
6290 27 0.0102996255
585 27 0.0102996255
253 27 0.0102996255
1187 27 0.0102996255
886 27 0.0102996255
96 27 0.0102996255
6131 27 0.0102996255
92 27 0.0102996255
67 27 0.0102996255
3166 27 0.0102996255
1055 27 0.0102996255
3156 27 0.0102996255
142 27 0.0102996255
177 27 0.0102996255
3145 27 0.0102996255
7554 27 0.0102996255
3134 27 0.0102996255
641 27 0.0102996255
1346 27 0.0102996255
492 27 0.0102996255
30 27 0.0102996255
27 56 0.0458715596
27 754 0.1192052980
27 267 0.1134751773
27 333 0.0967741935
27 36 0.0153172867
27 199 0.0451612903
27 123 0.0358056266
27 222 0.0410094637
27 103 0.0259481038
27 591 0.1140350877
27 645 0.0710382514
27 973 0.2708333333
27 125 0.0185714286
27 34 0.0139372822
27 58 0.0134529148
27 105 0.0255319149
27 81 0.0254237288
27 290 0.0463320463
27 877 0.1739130435
27 110 0.0317460317
27 29 0.0116504854
27 371 0.0625000000
27 47 0.0214285714
27 88 0.0263157895
27 519 0.0722891566
27 1179 0.1818181818
27 321 0.0625000000
27 1127 0.1666666667
27 280 0.0458333333
27 2418 0.5000000000
27 118 0.0260047281
27 104 0.0244444444
27 706 0.0982142857
27 82 0.0210727969
27 825 0.1222222222
27 617 0.0973451327
27 87 0.0178282010
27 702 0.0982142857
27 336 0.0709677419
27 172 0.0319767442
27 585 0.0714285714
27 557 0.1047619048
27 253 0.0495495495
27 1187 0.1666666667
27 886 0.1594202899
27 96 0.0218253968
27 92 0.0194690265
27 67 0.0156472262
27 2336 0.0254629630
27 1055 0.2972972973
27 1362 0.4400000000
27 142 0.0214843750
27 177 0.0054374691
27 641 0.0601092896
27 492 0.0940170940
27 30 0.0102803738
314 28 0.0280504909
1458 28 0.0280504909
254 28 0.0280504909
327 28 0.0280504909
89 28 0.0280504909
1249 28 0.0280504909
195 28 0.0280504909
726 28 0.0280504909
130 28 0.0280504909
37 28 0.0210378682
1455 28 0.0210378682
2602 28 0.0210378682
76 28 0.0210378682
1674 28 0.0210378682
7564 28 0.0196353436
275 28 0.0182328191
406 28 0.0182328191
2028 28 0.0182328191
2022 28 0.0182328191
489 28 0.0168302945
7561 28 0.0168302945
1450 28 0.0168302945
2031 28 0.0168302945
7394 28 0.0168302945
1255 28 0.0168302945
102 28 0.0168302945
955 28 0.0154277700
485 28 0.0154277700
7328 28 0.0154277700
132 28 0.0154277700
671 28 0.0154277700
1267 28 0.0154277700
2064 28 0.0154277700
677 28 0.0154277700
322 28 0.0154277700
1120 28 0.0154277700
2620 28 0.0154277700
401 28 0.0154277700
931 28 0.0154277700
857 28 0.0154277700
670 28 0.0154277700
1237 28 0.0154277700
1117 28 0.0154277700
2604 28 0.0154277700
408 28 0.0154277700
1449 28 0.0154277700
2029 28 0.0154277700
675 28 0.0154277700
580 28 0.0154277700
2585 28 0.0154277700
50 28 0.0154277700
514 28 0.0154277700
1007 28 0.0154277700
28 314 0.0970873786
28 195 0.1333333333
28 37 0.0246710526
28 130 0.0301204819
28 1455 0.5416666667
28 406 0.0684210526
28 7564 0.0145903479
28 1674 1.0000000000
28 1255 0.3714285714
28 102 0.0316301703
28 7328 0.1100917431
28 327 0.0774193548
28 670 0.1463414634
28 1117 0.2142857143
28 1450 0.3529411765
28 275 0.0750000000
28 2028 1.0000000000
28 2031 0.3750000000
28 2022 1.0000000000
28 489 0.1264367816
28 80 0.0260663507
28 955 0.1410256410
28 485 0.0940170940
28 132 0.0326409496
28 2064 0.5000000000
28 931 0.1896551724
28 857 0.1392405063
28 89 0.0194346290
28 1249 0.1047619048
28 2602 1.0000000000
28 2604 1.0000000000
28 76 0.0286458333
28 408 0.0478260870
28 1449 0.2500000000
28 2029 0.5000000000
28 675 0.1341463415
28 580 0.0763888889
28 2585 1.0000000000
28 50 0.0156250000
28 514 0.0948275862
28 7394 0.1964285714
28 726 0.3548387097
28 1007 0.2972972973
28 7561 0.0000000000
208 29 0.0145631068
178 29 0.0145631068
125 29 0.0135922330
207 29 0.0135922330
34 29 0.0135922330
242 29 0.0135922330
123 29 0.0135922330
124 29 0.0135922330
43 29 0.0135922330
177 29 0.0135922330
2385 29 0.0126213592
83 29 0.0126213592
32 29 0.0126213592
85 29 0.0126213592
106 29 0.0126213592
249 29 0.0116504854
280 29 0.0116504854
222 29 0.0116504854
155 29 0.0116504854
158 29 0.0116504854
491 29 0.0116504854
201 29 0.0116504854
102 29 0.0116504854
1188 29 0.0116504854
111 29 0.0116504854
95 29 0.0116504854
684 29 0.0116504854
228 29 0.0116504854
747 29 0.0116504854
116 29 0.0116504854
1046 29 0.0116504854
122 29 0.0116504854
319 29 0.0116504854
411 29 0.0116504854
110 29 0.0116504854
360 29 0.0116504854
58 29 0.0106796117
88 29 0.0106796117
526 29 0.0106796117
173 29 0.0106796117
496 29 0.0106796117
983 29 0.0106796117
981 29 0.0106796117
3264 29 0.0106796117
174 29 0.0106796117
509 29 0.0106796117
7595 29 0.0106796117
63 29 0.0106796117
1797 29 0.0106796117
1159 29 0.0106796117
373 29 0.0106796117
33 29 0.0106796117
278 29 0.0106796117
1056 29 0.0106796117
885 29 0.0106796117
53 29 0.0106796117
113 29 0.0106796117
287 29 0.0106796117
5342 29 0.0106796117
89 29 0.0106796117
154 29 0.0106796117
1794 29 0.0106796117
7512 29 0.0106796117
787 29 0.0106796117
136 29 0.0106796117
7426 29 0.0106796117
960 29 0.0106796117
614 29 0.0106796117
205 29 0.0106796117
142 29 0.0106796117
1149 29 0.0106796117
135 29 0.0106796117
29 242 0.0704225352
29 208 0.0793650794
29 83 0.0254545455
29 43 0.0155038760
29 123 0.0332480818
29 124 0.0209677419
29 222 0.0378548896
29 32 0.0136674260
29 155 0.0286396181
29 2385 1.0000000000
29 1188 0.3333333333
29 278 0.0600000000
29 684 0.1304347826
29 228 0.0510638298
29 747 0.1081081081
29 178 0.0349854227
29 116 0.0224299065
29 122 0.0314960630
29 411 0.0750000000
29 496 0.1134020619
29 207 0.0480349345
29 158 0.0394265233
29 983 0.1617647059
29 981 0.2291666667
29 3264 1.0000000000
29 174 0.0339506173
29 509 0.0873015873
29 201 0.0552763819
29 102 0.0267639903
29 7595 0.0270935961
29 373 0.0639534884
29 111 0.0336391437
29 33 0.0081662955
29 1056 0.2340425532
29 885 0.1009174312
29 95 0.0101476015
29 113 0.0236051502
29 287 0.0552763819
29 89 0.0194346290
29 1794 0.2075471698
29 7512 0.0666666667
29 787 0.1375000000
29 136 0.0284974093
29 7426 0.5000000000
29 1046 0.2340425532
29 960 0.1250000000
29 614 0.0569948187
29 319 0.0591397849
29 205 0.0355987055
29 85 0.0132850242
29 142 0.0214843750
29 110 0.0291005291
29 360 0.0493273543
29 1149 0.1666666667
29 177 0.0029658922
244 30 0.0186915888
124 30 0.0149532710
308 30 0.0140186916
572 30 0.0140186916
320 30 0.0140186916
172 30 0.0140186916
319 30 0.0140186916
1195 30 0.0130841121
1517 30 0.0130841121
7380 30 0.0121495327
111 30 0.0121495327
7595 30 0.0121495327
116 30 0.0121495327
5342 30 0.0121495327
114 30 0.0112149533
1589 30 0.0112149533
1197 30 0.0112149533
1043 30 0.0112149533
882 30 0.0112149533
1063 30 0.0112149533
56 30 0.0112149533
112 30 0.0112149533
2256 30 0.0112149533
197 30 0.0112149533
266 30 0.0112149533
487 30 0.0112149533
689 30 0.0112149533
412 30 0.0112149533
42 30 0.0112149533
58 30 0.0102803738
179 30 0.0102803738
173 30 0.0102803738
96 30 0.0102803738
7516 30 0.0102803738
1421 30 0.0102803738
123 30 0.0102803738
1691 30 0.0102803738
345 30 0.0102803738
757 30 0.0102803738
3191 30 0.0102803738
3164 30 0.0102803738
207 30 0.0102803738
1840 30 0.0102803738
1184 30 0.0102803738
1552 30 0.0102803738
431 30 0.0102803738
1059 30 0.0102803738
1732 30 0.0102803738
296 30 0.0102803738
227 30 0.0102803738
103 30 0.0102803738
1540 30 0.0102803738
703 30 0.0102803738
3100 30 0.0102803738
748 30 0.0102803738
3080 30 0.0102803738
1346 30 0.0102803738
1796 30 0.0102803738
36 30 0.0102803738
1342 30 0.0102803738
750 30 0.0102803738
627 30 0.0102803738
136 30 0.0102803738
162 30 0.0102803738
964 30 0.0102803738
198 30 0.0102803738
523 30 0.0102803738
177 30 0.0102803738
1513 30 0.0102803738
370 30 0.0102803738
876 30 0.0102803738
278 30 0.0102803738
43 30 0.0102803738
2970 30 0.0102803738
1336 30 0.0102803738
686 30 0.0102803738
456 30 0.0102803738
2972 30 0.0102803738
33 30 0.0102803738
90 30 0.0102803738
145 30 0.0102803738
30 188 0.0464037123
30 95 0.0184501845
30 345 0.1298701299
30 308 0.1313868613
30 320 0.0852272727
30 172 0.0436046512
30 319 0.0806451613
30 572 0.1489361702
30 318 0.0738636364
30 1197 0.2826086957
30 124 0.0209677419
30 116 0.0242990654
30 197 0.0351351351
30 245 0.0424028269
30 1195 0.1578947368
30 597 0.0895522388
30 56 0.0275229358
30 750 0.2352941176
30 112 0.0433212996
30 2256 1.0000000000
30 145 0.0134680135
30 278 0.0600000000
30 266 0.0568720379
30 5342 0.0307692308
30 487 0.0552995392
30 689 0.1304347826
30 42 0.0128755365
30 47 0.0196428571
30 173 0.0302197802
30 1589 0.3235294118
30 1043 0.1134020619
30 7516 0.3142857143
30 1421 0.3235294118
30 123 0.0281329923
30 31 0.0123873874
30 111 0.0336391437
30 82 0.0210727969
30 1691 0.0541871921
30 757 0.1358024691
30 1063 0.1641791045
30 3191 1.0000000000
30 114 0.0252293578
30 244 0.0287206266
30 3164 1.0000000000
30 207 0.0480349345
30 1840 0.3333333333
30 1184 0.1964285714
30 1552 0.4583333333
30 431 0.0650887574
30 1059 0.1428571429
30 1732 0.3333333333
30 643 0.1067961165
30 103 0.0219560878
30 1540 0.3235294118
30 703 0.0901639344
30 5679 0.1000000000
30 3100 1.0000000000
30 32 0.0125284738
30 748 0.0607734807
30 3080 1.0000000000
30 53 0.0223123732
30 1346 0.2000000000
30 1796 0.3333333333
30 36 0.0120350109
30 1342 0.2000000000
30 882 0.1111111111
30 228 0.0468085106
30 627 0.1067961165
30 136 0.0284974093
30 162 0.0371621622
30 964 0.1617647059
30 198 0.0500000000
30 523 0.0948275862
30 1513 0.3235294118
30 370 0.0639534884
30 876 0.0614525140
30 43 0.0121816168
30 41 0.0129564193
30 2970 1.0000000000
30 1336 0.2000000000
30 159 0.0383275261
30 456 0.0932203390
30 2972 1.0000000000
30 412 0.0578947368
30 33 0.0081662955
30 90 0.0181518152
30 7558 0.2647058824
30 686 0.0803571429
30 1517 0.1406250000
30 7391 0.1851851852
30 7380 0.0735294118
30 177 0.0024715769
30 7595 0.0098522167
30 7565 0.0000000000
30 7341 0.0000000000
30 7421 0.0000000000
30 623 0.0000000000
30 7579 0.0000000000
30 314 0.0000000000
30 7432 0.0000000000
30 1103 0.0000000000
30 256 0.0000000000
30 142 0.0000000000
30 285 0.0000000000
30 119 0.0000000000
30 7600 0.0000000000
30 7604 0.0000000000
30 296 0.0000000000
30 7603 0.0000000000
30 5533 0.0000000000
30 7517 0.0000000000
30 7536 0.0000000000
92 31 0.0225225225
429 31 0.0213963964
401 31 0.0180180180
105 31 0.0168918919
642 31 0.0168918919
37 31 0.0168918919
174 31 0.0157657658
185 31 0.0146396396
36 31 0.0146396396
1134 31 0.0146396396
47 31 0.0146396396
45 31 0.0146396396
87 31 0.0135135135
85 31 0.0135135135
412 31 0.0135135135
59 31 0.0135135135
154 31 0.0135135135
95 31 0.0135135135
7590 31 0.0135135135
962 31 0.0135135135
1040 31 0.0135135135
146 31 0.0135135135
42 31 0.0135135135
131 31 0.0135135135
58 31 0.0123873874
96 31 0.0123873874
286 31 0.0123873874
49 31 0.0123873874
136 31 0.0123873874
1569 31 0.0123873874
250 31 0.0123873874
345 31 0.0123873874
700 31 0.0123873874
166 31 0.0123873874
2977 31 0.0123873874
278 31 0.0123873874
97 31 0.0123873874
137 31 0.0123873874
306 31 0.0123873874
319 31 0.0123873874
177 31 0.0123873874
219 31 0.0123873874
1146 31 0.0123873874
161 31 0.0123873874
1736 31 0.0123873874
779 31 0.0123873874
140 31 0.0123873874
108 31 0.0123873874
109 31 0.0123873874
566 31 0.0123873874
379 31 0.0123873874
2336 31 0.0101351351
82 31 0.0101351351
222 31 0.0101351351
31 188 0.0394431555
31 105 0.0319148936
31 429 0.2173913043
31 45 0.0194552529
31 59 0.0289532294
31 92 0.0230088496
31 47 0.0232142857
31 401 0.0812500000
31 36 0.0131291028
31 136 0.0310880829
31 174 0.0370370370
31 154 0.0245398773
31 642 0.1643835616
31 42 0.0128755365
31 779 0.2400000000
31 65 0.0189573460
31 37 0.0197368421
31 96 0.0218253968
31 286 0.0691823899
31 1569 0.4583333333
31 95 0.0101476015
31 250 0.0604395604
31 345 0.0714285714
31 700 0.1078431373
31 7590 0.4782608696
31 962 0.1617647059
31 2977 1.0000000000
31 1040 0.1929824561
31 219 0.0383275261
31 1134 0.1964285714
31 1146 0.2391304348
31 146 0.0274314214
31 161 0.0277078086
31 140 0.0294906166
31 109 0.0230125523
31 566 0.1170212766
31 379 0.0643274854
31 177 0.0000000000
43 32 0.0227790433
124 32 0.0216400911
177 32 0.0193621868
105 32 0.0170842825
2389 32 0.0170842825
36 32 0.0170842825
90 32 0.0159453303
201 32 0.0159453303
58 32 0.0148063781
88 32 0.0148063781
34 32 0.0148063781
166 32 0.0148063781
214 32 0.0148063781
1506 32 0.0148063781
52 32 0.0148063781
67 32 0.0148063781
796 32 0.0148063781
173 32 0.0136674260
219 32 0.0136674260
49 32 0.0136674260
107 32 0.0136674260
696 32 0.0136674260
203 32 0.0136674260
185 32 0.0136674260
102 32 0.0136674260
521 32 0.0136674260
798 32 0.0136674260
118 32 0.0125284738
191 32 0.0125284738
245 32 0.0125284738
163 32 0.0125284738
2365 32 0.0125284738
73 32 0.0125284738
40 32 0.0125284738
154 32 0.0125284738
3312 32 0.0125284738
237 32 0.0125284738
287 32 0.0125284738
1064 32 0.0125284738
307 32 0.0125284738
95 32 0.0125284738
1536 32 0.0125284738
190 32 0.0125284738
142 32 0.0125284738
2244 32 0.0125284738
178 32 0.0125284738
66 32 0.0125284738
136 32 0.0125284738
103 32 0.0125284738
371 32 0.0125284738
265 32 0.0125284738
393 32 0.0125284738
70 32 0.0125284738
7442 32 0.0125284738
1774 32 0.0125284738
7411 32 0.0125284738
257 32 0.0125284738
485 32 0.0125284738
32 43 0.0221483942
32 173 0.0412087912
32 105 0.0319148936
32 124 0.0241935484
32 36 0.0153172867
32 214 0.0522388060
32 90 0.0231023102
32 201 0.0703517588
32 58 0.0145739910
32 88 0.0285087719
32 166 0.0247619048
32 1506 0.5416666667
32 52 0.0190336750
32 67 0.0184921764
32 2365 1.0000000000
32 34 0.0139372822
32 49 0.0169731259
32 107 0.0308483290
32 142 0.0234375000
32 203 0.0401337793
32 521 0.1578947368
32 118 0.0260047281
32 191 0.0421455939
32 163 0.0308988764
32 245 0.0388692580
32 40 0.0117021277
32 59 0.0244988864
32 154 0.0224948875
32 3312 1.0000000000
32 366 0.0774647887
32 237 0.0452674897
32 219 0.0383275261
32 73 0.0176000000
32 287 0.0552763819
32 1064 0.1929824561
32 307 0.1134020619
32 941 0.0743243243
32 190 0.0353697749
32 672 0.1078431373
32 2244 0.5000000000
32 178 0.0320699708
32 696 0.1195652174
32 66 0.0214424951
32 136 0.0284974093
32 185 0.0273631841
32 103 0.0219560878
32 371 0.0572916667
32 102 0.0267639903
32 265 0.0683229814
32 393 0.0575916230
32 70 0.0183946488
32 7442 0.3548387097
32 1774 0.3333333333
32 7411 0.2500000000
32 2134 0.5000000000
32 257 0.0639534884
32 2132 0.5000000000
32 485 0.0940170940
32 177 0.0044488384
32 7583 0.2368421053
32 798 0.0109756098
32 796 0.0900000000
253 33 0.0148478099
1283 33 0.0111358575
177 33 0.0103934670
431 33 0.0096510765
95 33 0.0096510765
1513 33 0.0096510765
487 33 0.0096510765
7499 33 0.0096510765
105 33 0.0089086860
649 33 0.0089086860
115 33 0.0089086860
7398 33 0.0089086860
199 33 0.0089086860
43 33 0.0089086860
136 33 0.0089086860
1796 33 0.0089086860
350 33 0.0089086860
204 33 0.0089086860
2878 33 0.0089086860
1144 33 0.0089086860
629 33 0.0089086860
2122 33 0.0089086860
1280 33 0.0089086860
183 33 0.0089086860
111 33 0.0081662955
824 33 0.0081662955
58 33 0.0081662955
2968 33 0.0081662955
974 33 0.0081662955
81 33 0.0081662955
326 33 0.0081662955
290 33 0.0081662955
1882 33 0.0081662955
1191 33 0.0081662955
87 33 0.0081662955
376 33 0.0081662955
34 33 0.0081662955
7341 33 0.0081662955
459 33 0.0081662955
208 33 0.0081662955
88 33 0.0081662955
641 33 0.0081662955
244 33 0.0081662955
971 33 0.0081662955
71 33 0.0081662955
703 33 0.0081662955
1833 33 0.0081662955
7428 33 0.0081662955
112 33 0.0081662955
228 33 0.0081662955
7513 33 0.0081662955
2252 33 0.0081662955
1788 33 0.0081662955
1166 33 0.0081662955
960 33 0.0081662955
320 33 0.0081662955
137 33 0.0081662955
295 33 0.0081662955
587 33 0.0081662955
154 33 0.0081662955
553 33 0.0081662955
623 33 0.0081662955
1038 33 0.0081662955
503 33 0.0081662955
2932 33 0.0081662955
550 33 0.0081662955
1762 33 0.0081662955
1502 33 0.0081662955
1760 33 0.0081662955
370 33 0.0081662955
739 33 0.0081662955
1314 33 0.0081662955
1137 33 0.0081662955
635 33 0.0081662955
255 33 0.0081662955
482 33 0.0081662955
69 33 0.0081662955
65 33 0.0081662955
70 33 0.0081662955
2150 33 0.0081662955
2809 33 0.0081662955
146 33 0.0081662955
1139 33 0.0081662955
305 33 0.0081662955
1136 33 0.0081662955
735 33 0.0081662955
42 33 0.0081662955
7372 33 0.0081662955
1476 33 0.0081662955
544 33 0.0081662955
841 33 0.0081662955
77 33 0.0081662955
1130 33 0.0081662955
48 33 0.0081662955
408 33 0.0081662955
312 33 0.0081662955
2007 33 0.0081662955
167 33 0.0081662955
2596 33 0.0081662955
540 33 0.0081662955
404 33 0.0081662955
33 34 0.0150987224
33 177 0.0064260999
33 487 0.0599078341
33 629 0.1397849462
33 1280 0.3714285714
33 111 0.0366972477
33 105 0.0255319149
33 649 0.0784313725
33 115 0.0237154150
33 88 0.0263157895
33 431 0.0710059172
33 971 0.3157894737
33 199 0.0387096774
33 112 0.0433212996
33 43 0.0132890365
33 95 0.0110701107
33 136 0.0310880829
33 41 0.0141342756
33 1513 0.3529411765
33 350 0.0652173913
33 7565 0.0278422274
33 305 0.0641711230
33 42 0.0128755365
33 1283 0.2666666667
33 77 0.0220994475
33 253 0.0540540541
33 408 0.0521739130
33 312 0.0952380952
33 540 0.1043478261
33 183 0.0458015267
33 58 0.0123318386
33 362 0.0452674897
33 2968 1.0000000000
33 974 0.1896551724
33 125 0.0157142857
33 81 0.0233050847
33 3322 1.0000000000
33 326 0.0709677419
33 290 0.0424710425
33 1882 0.3333333333
33 1191 0.1666666667
33 87 0.0178282010
33 376 0.0572916667
33 7398 0.1447368421
33 7341 0.1111111111
33 459 0.0859375000
33 208 0.0582010582
33 641 0.0601092896
33 244 0.0287206266
33 71 0.0357142857
33 703 0.0901639344
33 1833 0.3333333333
33 1349 0.2000000000
33 7428 0.5000000000
33 228 0.0468085106
33 964 0.1617647059
33 7513 0.2000000000
33 2252 0.5000000000
33 1796 0.3333333333
33 1788 0.3333333333
33 1166 0.1964285714
33 960 0.1250000000
33 320 0.0625000000
33 137 0.0328358209
33 1327 0.2000000000
33 295 0.0395683453
33 587 0.0763888889
33 154 0.0224948875
33 553 0.0666666667
33 623 0.0769230769
33 1038 0.1641791045
33 503 0.1037735849
33 2932 1.0000000000
33 550 0.0956521739
33 1762 0.2075471698
33 1760 0.0894308943
33 1502 0.2037037037
33 1766 0.3333333333
33 370 0.0639534884
33 1034 0.1428571429
33 204 0.0460251046
33 2878 1.0000000000
33 739 0.0780141844
33 50 0.0156250000
33 1314 0.2000000000
33 1754 0.3333333333
33 1137 0.1666666667
33 255 0.0295698925
33 635 0.1325301205
33 1144 0.1964285714
33 482 0.0866141732
33 7387 0.2340425532
33 69 0.0140664962
33 65 0.0173775671
33 70 0.0183946488
33 2150 0.5000000000
33 2809 1.0000000000
33 146 0.0274314214
33 1139 0.1666666667
33 1136 0.1666666667
33 735 0.1089108911
33 2122 0.5000000000
33 7372 0.1250000000
33 586 0.1170212766
33 870 0.1392405063
33 1476 0.3235294118
33 544 0.1294117647
33 841 0.1392405063
33 2105 0.5000000000
33 1130 0.2391304348
33 48 0.0155586987
33 2007 0.5000000000
33 167 0.0387323944
33 2596 1.0000000000
33 45 0.0142671855
33 798 0.0085365854
33 7499 0.1315789474
33 7604 0.0098039216
2414 34 0.0232288037
59 34 0.0232288037
120 34 0.0174216028
429 34 0.0174216028
291 34 0.0174216028
158 34 0.0162601626
205 34 0.0150987224
894 34 0.0150987224
2369 34 0.0150987224
197 34 0.0150987224
36 34 0.0139372822
141 34 0.0139372822
43 34 0.0139372822
92 34 0.0139372822
58 34 0.0139372822
288 34 0.0139372822
1863 34 0.0139372822
980 34 0.0139372822
1352 34 0.0139372822
351 34 0.0139372822
983 34 0.0139372822
128 34 0.0139372822
248 34 0.0139372822
249 34 0.0127758420
136 34 0.0127758420
123 34 0.0127758420
85 34 0.0127758420
207 34 0.0127758420
708 34 0.0127758420
88 34 0.0127758420
398 34 0.0127758420
3362 34 0.0127758420
416 34 0.0127758420
154 34 0.0127758420
1198 34 0.0127758420
308 34 0.0127758420
649 34 0.0127758420
490 34 0.0127758420
81 34 0.0127758420
131 34 0.0127758420
280 34 0.0127758420
397 34 0.0127758420
1381 34 0.0127758420
292 34 0.0127758420
585 34 0.0127758420
2378 34 0.0127758420
67 34 0.0127758420
125 34 0.0127758420
118 34 0.0127758420
7597 34 0.0127758420
290 34 0.0127758420
1378 34 0.0127758420
7525 34 0.0127758420
116 34 0.0127758420
320 34 0.0127758420
247 34 0.0127758420
208 34 0.0127758420
1861 34 0.0127758420
2350 34 0.0127758420
34 59 0.0378619154
34 120 0.0465838509
34 291 0.0880503145
34 158 0.0501792115
34 398 0.0718232044
34 429 0.1884057971
34 128 0.0334190231
34 2369 0.1413043478
34 2414 1.0000000000
34 43 0.0132890365
34 92 0.0212389381
34 58 0.0134529148
34 288 0.0308483290
34 1863 0.5217391304
34 205 0.0388349515
34 36 0.0131291028
34 67 0.0170697013
34 894 0.1739130435
34 351 0.0731707317
34 983 0.1764705882
34 248 0.0655737705
34 1861 0.5217391304
34 249 0.0352564103
34 141 0.0320699708
34 136 0.0284974093
34 123 0.0281329923
34 207 0.0480349345
34 88 0.0241228070
34 3362 0.3548387097
34 416 0.0733333333
34 154 0.0224948875
34 1198 0.2391304348
34 308 0.0802919708
34 649 0.0718954248
34 490 0.0866141732
34 81 0.0233050847
34 131 0.0291777188
34 280 0.0458333333
34 980 0.1617647059
34 397 0.0643274854
34 1381 0.3142857143
34 292 0.0460251046
34 585 0.0714285714
34 219 0.0383275261
34 1352 0.3142857143
34 2378 0.5000000000
34 125 0.0157142857
34 118 0.0260047281
34 335 0.0956521739
34 290 0.0424710425
34 1378 0.2444444444
34 7525 0.0982142857
34 116 0.0205607477
34 320 0.0625000000
34 247 0.0516431925
34 208 0.0582010582
34 197 0.0297297297
34 2350 0.5000000000
34 7597 0.1111111111
104 35 0.0204081633
2807 35 0.0204081633
114 35 0.0142857143
64 35 0.0142857143
86 35 0.0142857143
192 35 0.0142857143
800 35 0.0142857143
232 35 0.0142857143
2436 35 0.0132653061
2293 35 0.0132653061
269 35 0.0132653061
126 35 0.0132653061
281 35 0.0132653061
2336 35 0.0132653061
2289 35 0.0132653061
1233 35 0.0132653061
491 35 0.0132653061
1894 35 0.0122448980
7335 35 0.0122448980
98 35 0.0122448980
832 35 0.0122448980
375 35 0.0122448980
598 35 0.0122448980
530 35 0.0122448980
2152 35 0.0122448980
117 35 0.0122448980
954 35 0.0122448980
60 35 0.0122448980
427 35 0.0122448980
1134 35 0.0122448980
190 35 0.0122448980
2208 35 0.0122448980
57 35 0.0122448980
284 35 0.0122448980
255 35 0.0122448980
994 35 0.0122448980
7369 35 0.0112244898
1590 35 0.0112244898
1597 35 0.0112244898
1386 35 0.0112244898
1147 35 0.0112244898
7087 35 0.0112244898
233 35 0.0112244898
900 35 0.0112244898
94 35 0.0112244898
824 35 0.0112244898
1873 35 0.0112244898
279 35 0.0112244898
459 35 0.0112244898
6434 35 0.0112244898
2853 35 0.0112244898
70 35 0.0112244898
260 35 0.0112244898
2223 35 0.0112244898
360 35 0.0112244898
486 35 0.0112244898
258 35 0.0112244898
548 35 0.0112244898
2149 35 0.0112244898
1689 35 0.0112244898
346 35 0.0112244898
51 35 0.0112244898
4888 35 0.0112244898
212 35 0.0112244898
437 35 0.0112244898
2479 35 0.0112244898
48 35 0.0112244898
2727 35 0.0112244898
3999 35 0.0112244898
2561 35 0.0112244898
578 35 0.0112244898
1658 35 0.0112244898
50 35 0.0112244898
85 35 0.0051020408
35 86 0.0380434783
35 64 0.0262172285
35 233 0.0670103093
35 1385 0.3714285714
35 126 0.0420711974
35 192 0.0588235294
35 104 0.0266666667
35 114 0.0275229358
35 3441 1.0000000000
35 558 0.0880000000
35 375 0.0454545455
35 491 0.0291777188
35 94 0.0431372549
35 2289 0.5000000000
35 7384 0.5000000000
35 7562 0.1250000000
35 279 0.0450000000
35 70 0.0150501672
35 7415 0.0349650350
35 80 0.0118483412
35 801 0.0217391304
35 7580 0.0434782609
35 85 0.0060386473
118 36 0.0218818381
2379 36 0.0196936543
82 36 0.0164113786
49 36 0.0153172867
177 36 0.0153172867
116 36 0.0153172867
1381 36 0.0142231947
7597 36 0.0142231947
822 36 0.0142231947
1067 36 0.0142231947
227 36 0.0142231947
56 36 0.0142231947
85 36 0.0131291028
3368 36 0.0131291028
58 36 0.0131291028
222 36 0.0131291028
291 36 0.0131291028
1580 36 0.0131291028
1579 36 0.0131291028
1184 36 0.0131291028
122 36 0.0131291028
2374 36 0.0131291028
120 36 0.0131291028
3254 36 0.0131291028
42 36 0.0131291028
207 36 0.0120350109
249 36 0.0120350109
375 36 0.0120350109
102 36 0.0120350109
983 36 0.0120350109
310 36 0.0120350109
424 36 0.0120350109
47 36 0.0120350109
155 36 0.0120350109
585 36 0.0120350109
7585 36 0.0120350109
197 36 0.0120350109
172 36 0.0120350109
351 36 0.0120350109
3187 36 0.0120350109
292 36 0.0120350109
702 36 0.0120350109
2377 36 0.0120350109
759 36 0.0120350109
801 36 0.0120350109
1378 36 0.0120350109
247 36 0.0120350109
103 36 0.0120350109
136 36 0.0120350109
572 36 0.0120350109
7341 36 0.0120350109
815 36 0.0120350109
336 36 0.0120350109
557 36 0.0120350109
372 36 0.0120350109
81 36 0.0120350109
290 36 0.0120350109
1191 36 0.0120350109
83 36 0.0120350109
1173 36 0.0120350109
95 36 0.0000000000
36 118 0.0472813239
36 227 0.0752688172
36 177 0.0069204152
36 1381 0.3714285714
36 209 0.0570175439
36 1579 0.2954545455
36 122 0.0341207349
36 49 0.0183875530
36 56 0.0298165138
36 116 0.0242990654
36 424 0.0670391061
36 155 0.0286396181
36 82 0.0229885057
36 291 0.0754716981
36 197 0.0324324324
36 2379 1.0000000000
36 822 0.1333333333
36 1184 0.2142857143
36 207 0.0480349345
36 3368 1.0000000000
36 249 0.0352564103
36 375 0.0454545455
36 58 0.0123318386
36 222 0.0347003155
36 102 0.0267639903
36 983 0.1617647059
36 47 0.0196428571
36 1562 0.2500000000
36 585 0.0714285714
36 7585 0.4782608696
36 7563 0.5000000000
36 1580 0.2500000000
36 172 0.0319767442
36 351 0.0670731707
36 292 0.0460251046
36 702 0.0982142857
36 2377 0.5000000000
36 759 0.0575916230
36 801 0.0478260870
36 1378 0.2444444444
36 3187 1.0000000000
36 2374 0.5000000000
36 247 0.0516431925
36 103 0.0219560878
36 136 0.0284974093
36 120 0.0341614907
36 3254 0.1089108911
36 572 0.1170212766
36 7341 0.1111111111
36 815 0.1000000000
36 336 0.0709677419
36 557 0.1047619048
36 1067 0.4074074074
36 372 0.0833333333
36 42 0.0118025751
36 81 0.0233050847
36 290 0.0424710425
36 1191 0.1666666667
36 124 0.0177419355
36 83 0.0200000000
36 1173 0.1666666667
36 840 0.1139240506
36 95 0.0000000000
36 7597 0.1111111111
314 37 0.0312500000
152 37 0.0279605263
1351 37 0.0246710526
89 37 0.0246710526
7403 37 0.0246710526
159 37 0.0246710526
657 37 0.0246710526
297 37 0.0246710526
54 37 0.0246710526
380 37 0.0230263158
185 37 0.0213815789
312 37 0.0213815789
7400 37 0.0213815789
594 37 0.0197368421
166 37 0.0197368421
610 37 0.0197368421
561 37 0.0197368421
990 37 0.0197368421
1632 37 0.0197368421
113 37 0.0197368421
1076 37 0.0180921053
1764 37 0.0180921053
168 37 0.0180921053
38 37 0.0180921053
1025 37 0.0180921053
75 37 0.0180921053
140 37 0.0180921053
7371 37 0.0180921053
1399 37 0.0180921053
1926 37 0.0180921053
91 37 0.0180921053
40 37 0.0180921053
474 37 0.0180921053
37 1019 1.0000000000
37 7552 0.0364025696
37 312 0.1269841270
37 297 0.1367521368
37 54 0.0325203252
37 159 0.0522648084
37 314 0.0728155340
37 657 0.1630434783
37 113 0.0321888412
37 89 0.0247349823
37 479 0.1609195402
37 380 0.1157024793
37 601 0.2031250000
37 41 0.0153121319
37 168 0.0637254902
37 7403 0.3714285714
37 185 0.0323383085
37 594 0.1875000000
37 166 0.0228571429
37 66 0.0233918129
37 570 0.1153846154
37 610 0.1165048544
37 561 0.1276595745
37 1926 1.0000000000
37 990 0.1791044776
37 7400 0.1411764706
37 1076 0.3055555556
37 1764 0.3333333333
37 75 0.0179153094
37 1025 0.1641791045
37 65 0.0173775671
37 140 0.0294906166
37 97 0.0227743271
37 1399 0.4583333333
37 91 0.0349206349
37 40 0.0117021277
37 1632 0.4782608696
37 474 0.0866141732
37 7371 0.0294117647
37 7564 0.0000000000
37 7448 1.0000000000
80 38 0.0271370421
285 38 0.0271370421
152 38 0.0203527815
1047 38 0.0203527815
71 38 0.0203527815
346 38 0.0203527815
361 38 0.0203527815
947 38 0.0203527815
451 38 0.0189959294
411 38 0.0189959294
301 38 0.0189959294
742 38 0.0189959294
954 38 0.0176390773
47 38 0.0176390773
159 38 0.0176390773
256 38 0.0176390773
151 38 0.0162822252
700 38 0.0162822252
165 38 0.0162822252
2914 38 0.0162822252
2906 38 0.0162822252
1289 38 0.0162822252
2139 38 0.0162822252
1482 38 0.0162822252
117 38 0.0162822252
95 38 0.0149253731
2399 38 0.0149253731
3108 38 0.0149253731
530 38 0.0149253731
960 38 0.0149253731
1520 38 0.0149253731
2967 38 0.0149253731
260 38 0.0149253731
2577 38 0.0149253731
744 38 0.0149253731
65 38 0.0149253731
874 38 0.0149253731
1502 38 0.0149253731
1305 38 0.0149253731
1489 38 0.0149253731
2853 38 0.0149253731
1141 38 0.0149253731
793 38 0.0149253731
2841 38 0.0149253731
121 38 0.0149253731
2840 38 0.0149253731
2162 38 0.0149253731
57 38 0.0149253731
1483 38 0.0149253731
7456 38 0.0149253731
38 285 0.1183431953
38 80 0.0426540284
38 55 0.0333333333
38 152 0.0485436893
38 71 0.0487012987
38 361 0.1219512195
38 947 0.3947368421
38 451 0.1093750000
38 301 0.1196581197
38 742 0.3414634146
38 618 0.3939393939
38 455 0.1326530612
38 260 0.0445205479
38 159 0.0452961672
38 47 0.0232142857
38 346 0.0747126437
38 256 0.0391566265
38 7392 0.7058823529
38 411 0.0750000000
38 2313 1.0000000000
38 1047 0.4444444444
38 954 0.1764705882
38 241 0.0439560440
38 2232 1.0000000000
38 744 0.1690140845
38 272 0.0324324324
38 1305 0.3428571429
38 2162 1.0000000000
38 117 0.0198675497
38 2399 0.5000000000
38 3310 1.0000000000
38 151 0.0440000000
38 3108 1.0000000000
38 530 0.0956521739
38 3044 1.0000000000
38 95 0.0101476015
38 700 0.1078431373
38 1148 0.1666666667
38 960 0.1250000000
38 1728 0.4782608696
38 2967 1.0000000000
38 2577 1.0000000000
38 211 0.0345911950
38 65 0.0173775671
38 165 0.0488888889
38 66 0.0214424951
38 277 0.0423076923
38 2914 1.0000000000
38 874 0.1235955056
38 2906 1.0000000000
38 1502 0.2037037037
38 1493 0.3235294118
38 1489 0.3235294118
38 2853 1.0000000000
38 1141 0.4230769231
38 793 0.1833333333
38 2841 1.0000000000
38 121 0.0288713911
38 2840 1.0000000000
38 64 0.0205992509
38 1289 0.2444444444
38 2807 1.0000000000
38 2139 0.5000000000
38 57 0.0168453292
38 1482 0.2500000000
38 1483 0.2500000000
38 7579 0.1363636364
38 7454 1.0000000000
38 7456 1.0000000000
680 39 0.0297619048
2111 39 0.0297619048
2070 39 0.0297619048
274 39 0.0267857143
326 39 0.0238095238
137 39 0.0223214286
48 39 0.0223214286
7580 39 0.0208333333
729 39 0.0208333333
201 39 0.0208333333
7603 39 0.0193452381
77 39 0.0193452381
90 39 0.0193452381
7533 39 0.0193452381
784 39 0.0193452381
130 39 0.0178571429
1145 39 0.0178571429
51 39 0.0178571429
272 39 0.0178571429
44 39 0.0178571429
1280 39 0.0178571429
1470 39 0.0178571429
79 39 0.0178571429
785 39 0.0178571429
515 39 0.0178571429
76 39 0.0178571429
2016 39 0.0178571429
163 39 0.0163690476
484 39 0.0163690476
70 39 0.0163690476
52 39 0.0163690476
614 39 0.0163690476
255 39 0.0163690476
132 39 0.0163690476
7550 39 0.0163690476
75 39 0.0163690476
2105 39 0.0163690476
217 39 0.0163690476
240 39 0.0163690476
1276 39 0.0163690476
408 39 0.0163690476
1125 39 0.0163690476
2630 39 0.0163690476
1001 39 0.0163690476
1957 39 0.0163690476
45 39 0.0163690476
39 108 0.0515463918
39 680 0.1408450704
39 326 0.1032258065
39 48 0.0212164074
39 7603 0.0195258020
39 785 0.1166666667
39 201 0.0703517588
39 77 0.0239410681
39 90 0.0214521452
39 274 0.0764705882
39 784 0.1857142857
39 76 0.0338541667
39 130 0.0240963855
39 1145 0.2142857143
39 51 0.0147420147
39 1470 0.5000000000
39 79 0.0159574468
39 217 0.0366972477
39 240 0.0975609756
39 7580 0.1043478261
39 515 0.1578947368
39 2070 1.0000000000
39 924 0.3157894737
39 2016 1.0000000000
39 163 0.0308988764
39 70 0.0183946488
39 2873 1.0000000000
39 52 0.0161054173
39 255 0.0295698925
39 1280 0.3142857143
39 7550 0.0395683453
39 2111 0.5000000000
39 75 0.0179153094
39 2105 0.5000000000
39 231 0.0597826087
39 1276 0.2000000000
39 408 0.0478260870
39 1125 0.4230769231
39 314 0.0533980583
39 137 0.0328358209
39 2630 1.0000000000
39 1001 0.1428571429
39 7604 0.0000000000
39 7533 0.5000000000
271 40 0.0191489362
632 40 0.0159574468
177 40 0.0148936170
47 40 0.0148936170
129 40 0.0148936170
256 40 0.0138297872
77 40 0.0138297872
54 40 0.0127659574
1179 40 0.0127659574
123 40 0.0127659574
92 40 0.0127659574
198 40 0.0127659574
1243 40 0.0127659574
98 40 0.0127659574
792 40 0.0127659574
1401 40 0.0127659574
121 40 0.0127659574
2103 40 0.0117021277
744 40 0.0117021277
2891 40 0.0117021277
128 40 0.0117021277
1794 40 0.0117021277
3033 40 0.0117021277
95 40 0.0117021277
2305 40 0.0117021277
1029 40 0.0117021277
103 40 0.0117021277
7410 40 0.0117021277
97 40 0.0117021277
65 40 0.0117021277
316 40 0.0117021277
2140 40 0.0117021277
255 40 0.0117021277
51 40 0.0117021277
1478 40 0.0117021277
2126 40 0.0117021277
735 40 0.0117021277
7603 40 0.0117021277
870 40 0.0117021277
90 40 0.0117021277
1132 40 0.0117021277
1279 40 0.0117021277
452 40 0.0117021277
1718 40 0.0117021277
1717 40 0.0117021277
1628 40 0.0117021277
2531 40 0.0117021277
384 40 0.0117021277
770 40 0.0117021277
717 40 0.0117021277
237 40 0.0117021277
1077 40 0.0117021277
234 40 0.0117021277
851 40 0.0117021277
148 40 0.0117021277
1600 40 0.0117021277
1919 40 0.0117021277
1226 40 0.0117021277
379 40 0.0117021277
45 40 0.0117021277
989 40 0.0117021277
917 40 0.0117021277
44 40 0.0117021277
40 77 0.0276243094
40 271 0.1750000000
40 384 0.0718232044
40 92 0.0212389381
40 47 0.0214285714
40 198 0.0545454545
40 256 0.0361445783
40 98 0.0290556901
40 632 0.0975609756
40 792 0.0857142857
40 129 0.0526315789
40 1224 0.2666666667
40 1214 0.3428571429
40 121 0.0314960630
40 2103 0.5000000000
40 744 0.1549295775
40 2891 1.0000000000
40 128 0.0282776350
40 1794 0.2075471698
40 1179 0.1666666667
40 2314 0.5000000000
40 3033 1.0000000000
40 123 0.0281329923
40 95 0.0101476015
40 177 0.0054374691
40 2305 0.5000000000
40 1029 0.1641791045
40 103 0.0219560878
40 268 0.0607734807
40 7410 0.2037037037
40 97 0.0227743271
40 2919 1.0000000000
40 65 0.0173775671
40 316 0.0873015873
40 2140 0.5000000000
40 255 0.0295698925
40 51 0.0135135135
40 1243 0.3142857143
40 1478 0.3235294118
40 2126 0.5000000000
40 735 0.1089108911
40 870 0.1392405063
40 90 0.0181518152
40 1132 0.1964285714
40 1279 0.2444444444
40 452 0.0654761905
40 1718 0.4782608696
40 1717 0.4782608696
40 2531 1.0000000000
40 606 0.2075471698
40 770 0.2200000000
40 717 0.1549295775
40 237 0.0452674897
40 1077 0.2391304348
40 234 0.0718954248
40 851 0.1235955056
40 148 0.0314285714
40 1600 0.4782608696
40 1919 0.5000000000
40 1226 0.2444444444
40 45 0.0142671855
40 917 0.1896551724
40 379 0.0643274854
40 989 0.4074074074
40 44 0.0180032733
40 1401 0.1486486486
7562 41 0.0235571260
266 41 0.0200235571
394 41 0.0200235571
177 41 0.0176678445
319 41 0.0164899882
142 41 0.0153121319
693 41 0.0153121319
187 41 0.0141342756
95 41 0.0141342756
66 41 0.0141342756
395 41 0.0141342756
491 41 0.0141342756
278 41 0.0141342756
876 41 0.0141342756
203 41 0.0141342756
686 41 0.0141342756
5342 41 0.0141342756
5415 41 0.0141342756
7553 41 0.0141342756
509 41 0.0141342756
51 41 0.0141342756
106 41 0.0141342756
306 41 0.0141342756
2972 41 0.0141342756
5389 41 0.0141342756
205 41 0.0141342756
452 41 0.0141342756
190 41 0.0141342756
411 41 0.0141342756
90 41 0.0141342756
1298 41 0.0141342756
126 41 0.0129564193
941 41 0.0129564193
2257 41 0.0129564193
75 41 0.0129564193
356 41 0.0129564193
2244 41 0.0129564193
350 41 0.0129564193
137 41 0.0129564193
355 41 0.0129564193
89 41 0.0129564193
360 41 0.0129564193
136 41 0.0129564193
67 41 0.0129564193
1041 41 0.0129564193
154 41 0.0129564193
2979 41 0.0129564193
490 41 0.0129564193
371 41 0.0129564193
97 41 0.0129564193
42 41 0.0129564193
161 41 0.0129564193
122 41 0.0129564193
946 41 0.0129564193
391 41 0.0129564193
593 41 0.0129564193
1162 41 0.0129564193
47 41 0.0129564193
550 41 0.0129564193
7565 41 0.0000000000
601 42 0.0182403433
932 42 0.0160944206
693 42 0.0139484979
7526 42 0.0139484979
66 42 0.0139484979
7603 42 0.0139484979
87 42 0.0128755365
412 42 0.0128755365
1359 42 0.0128755365
78 42 0.0128755365
48 42 0.0128755365
863 42 0.0128755365
777 42 0.0128755365
992 42 0.0128755365
63 42 0.0128755365
175 42 0.0128755365
1269 42 0.0118025751
58 42 0.0118025751
173 42 0.0118025751
95 42 0.0118025751
2155 42 0.0118025751
822 42 0.0118025751
309 42 0.0118025751
81 42 0.0118025751
174 42 0.0118025751
1065 42 0.0118025751
203 42 0.0118025751
177 42 0.0118025751
85 42 0.0118025751
640 42 0.0118025751
1337 42 0.0118025751
153 42 0.0118025751
136 42 0.0118025751
62 42 0.0118025751
2241 42 0.0118025751
43 42 0.0118025751
1149 42 0.0118025751
83 42 0.0118025751
51 42 0.0118025751
315 42 0.0118025751
256 42 0.0118025751
1290 42 0.0118025751
90 42 0.0118025751
145 42 0.0118025751
181 42 0.0118025751
155 42 0.0118025751
187 42 0.0118025751
79 42 0.0118025751
101 42 0.0118025751
2579 42 0.0118025751
76 42 0.0118025751
508 42 0.0118025751
159 42 0.0118025751
912 42 0.0118025751
84 42 0.0118025751
715 42 0.0118025751
1618 42 0.0118025751
840 42 0.0118025751
609 42 0.0118025751
45 42 0.0118025751
109 42 0.0118025751
42 270 0.1333333333
42 932 1.0000000000
42 601 0.2656250000
42 66 0.0331384016
42 924 0.3947368421
42 7603 0.0195258020
42 87 0.0194489465
42 412 0.0631578947
42 153 0.0343839542
42 78 0.0189873418
42 145 0.0134680135
42 79 0.0159574468
42 101 0.0362537764
42 63 0.0253164557
42 777 0.0800000000
42 175 0.0383386581
42 1269 0.2000000000
42 58 0.0123318386
42 173 0.0302197802
42 2155 0.5000000000
42 822 0.1222222222
42 309 0.0428015564
42 81 0.0233050847
42 174 0.0339506173
42 1065 0.1428571429
42 203 0.0367892977
42 1359 0.3142857143
42 7403 0.3142857143
42 177 0.0054374691
42 85 0.0132850242
42 640 0.1506849315
42 1337 0.2000000000
42 136 0.0284974093
42 62 0.0213178295
42 2241 0.5000000000
42 43 0.0121816168
42 1149 0.1666666667
42 693 0.1195652174
42 83 0.0200000000
42 51 0.0135135135
42 315 0.0533980583
42 256 0.0331325301
42 7526 1.0000000000
42 1290 0.2444444444
42 48 0.0155586987
42 90 0.0181518152
42 181 0.0419847328
42 155 0.0262529833
42 187 0.0575916230
42 863 0.0691823899
42 76 0.0286458333
42 508 0.1145833333
42 84 0.0193661972
42 715 0.0909090909
42 992 0.1929824561
42 1618 0.3333333333
42 840 0.1392405063
42 609 0.0973451327
42 109 0.0230125523
42 7438 0.0000000000
42 7582 0.0000000000
177 43 0.0188261351
142 43 0.0177187154
487 43 0.0166112957
330 43 0.0155038760
135 43 0.0143964563
189 43 0.0143964563
454 43 0.0143964563
319 43 0.0143964563
173 43 0.0132890365
154 43 0.0132890365
95 43 0.0132890365
49 43 0.0132890365
491 43 0.0132890365
751 43 0.0132890365
172 43 0.0132890365
161 43 0.0132890365
694 43 0.0132890365
122 43 0.0132890365
743 43 0.0132890365
246 43 0.0121816168
82 43 0.0121816168
375 43 0.0121816168
58 43 0.0121816168
125 43 0.0121816168
174 43 0.0121816168
118 43 0.0121816168
1568 43 0.0121816168
88 43 0.0121816168
244 43 0.0121816168
165 43 0.0121816168
748 43 0.0121816168
7513 43 0.0121816168
1795 43 0.0121816168
960 43 0.0121816168
1331 43 0.0121816168
1791 43 0.0121816168
67 43 0.0121816168
85 43 0.0121816168
1337 43 0.0121816168
1517 43 0.0121816168
190 43 0.0121816168
203 43 0.0121816168
1779 43 0.0121816168
1783 43 0.0121816168
106 43 0.0121816168
156 43 0.0121816168
587 43 0.0121816168
1734 43 0.0121816168
90 43 0.0121816168
63 43 0.0121816168
306 43 0.0121816168
2443 43 0.0121816168
1778 43 0.0121816168
503 43 0.0121816168
392 43 0.0121816168
393 43 0.0121816168
623 43 0.0121816168
2936 43 0.0121816168
1328 43 0.0121816168
592 43 0.0121816168
137 43 0.0121816168
370 43 0.0000000000
43 142 0.0312500000
43 1899 1.0000000000
43 95 0.0119926199
43 49 0.0183875530
43 246 0.0909090909
43 330 0.0666666667
43 487 0.0599078341
43 189 0.0646766169
43 454 0.0878378378
43 319 0.0698924731
43 145 0.0134680135
43 118 0.0283687943
43 491 0.0318302387
43 751 0.1481481481
43 172 0.0348837209
43 161 0.0302267003
43 694 0.1304347826
43 122 0.0314960630
43 63 0.0253164557
43 135 0.0357142857
43 190 0.0385852090
43 743 0.1690140845
43 171 0.0491071429
43 82 0.0210727969
43 375 0.0454545455
43 134 0.0464135021
43 125 0.0157142857
43 154 0.0224948875
43 174 0.0339506173
43 1568 0.2500000000
43 2078 0.5000000000
43 88 0.0241228070
43 138 0.0401459854
43 1310 0.3142857143
43 960 0.1250000000
43 1795 0.3333333333
43 1331 0.2000000000
43 67 0.0156472262
43 85 0.0132850242
43 1337 0.2000000000
43 117 0.0182119205
43 1517 0.1718750000
43 203 0.0367892977
43 1162 0.1279069767
43 1779 0.3333333333
43 1783 0.3333333333
43 106 0.0200364299
43 156 0.0250569476
43 587 0.0763888889
43 1734 0.3333333333
43 1778 0.3333333333
43 503 0.1037735849
43 392 0.0909090909
43 393 0.0575916230
43 2936 1.0000000000
43 1328 0.1294117647
43 592 0.0964912281
43 137 0.0328358209
43 113 0.0193133047
43 5392 0.4500000000
43 177 0.0044488384
43 7588 0.0588235294
43 7378 0.3888888889
43 370 0.0406976744
43 7555 1.0000000000
43 173 0.0000000000
43 7602 0.0000000000
43 7601 0.0000000000
43 7598 0.0000000000
43 7599 0.0000000000
43 7604 0.0000000000
43 7600 0.0000000000
43 7584 0.0000000000
43 7583 0.0000000000
43 7501 0.0000000000
43 7426 0.0000000000
43 7484 0.0000000000
43 7506 0.0000000000
43 7417 0.0000000000
43 7505 0.0000000000
43 7513 0.0000000000
43 7483 0.0000000000
43 7535 0.0000000000
608 44 0.0327332242
45 44 0.0327332242
613 44 0.0278232406
101 44 0.0245499182
715 44 0.0245499182
129 44 0.0245499182
446 44 0.0229132570
445 44 0.0229132570
593 44 0.0212765957
1729 44 0.0212765957
77 44 0.0212765957
100 44 0.0212765957
501 44 0.0212765957
249 44 0.0196399345
49 44 0.0196399345
803 44 0.0196399345
476 44 0.0196399345
1429 44 0.0196399345
1090 44 0.0196399345
323 44 0.0196399345
1076 44 0.0196399345
711 44 0.0196399345
1131 44 0.0180032733
163 44 0.0180032733
58 44 0.0180032733
1009 44 0.0180032733
82 44 0.0180032733
156 44 0.0180032733
632 44 0.0180032733
1921 44 0.0180032733
662 44 0.0180032733
442 44 0.0180032733
1078 44 0.0180032733
152 44 0.0180032733
106 44 0.0180032733
131 44 0.0180032733
379 44 0.0180032733
148 44 0.0180032733
1087 44 0.0180032733
44 74 0.0617283951
44 101 0.0453172205
44 546 0.1764705882
44 420 0.1898734177
44 45 0.0194552529
44 77 0.0257826888
44 613 0.0809248555
44 1429 1.0000000000
44 446 0.2058823529
44 445 0.2058823529
44 49 0.0183875530
44 593 0.1048387097
44 156 0.0296127563
44 1729 1.0000000000
44 632 0.1056910569
44 100 0.0349462366
44 442 0.1015625000
44 1090 0.2826086957
44 501 0.1710526316
44 803 0.1714285714
44 476 0.1025641026
44 1921 0.1304347826
44 340 0.0731707317
44 323 0.0727272727
44 379 0.0701754386
44 1076 0.3333333333
44 711 0.1690140845
44 1131 0.3055555556
44 249 0.0352564103
44 163 0.0308988764
44 58 0.0123318386
44 1009 0.1929824561
44 82 0.0210727969
44 514 0.0948275862
44 152 0.0355987055
44 106 0.0200364299
44 131 0.0291777188
44 148 0.0314285714
44 1087 0.1666666667
132 45 0.0259403372
183 45 0.0259403372
2541 45 0.0259403372
353 45 0.0194552529
51 45 0.0168612192
272 45 0.0168612192
312 45 0.0168612192
1107 45 0.0168612192
404 45 0.0168612192
389 45 0.0155642023
431 45 0.0155642023
326 45 0.0155642023
175 45 0.0155642023
716 45 0.0155642023
225 45 0.0155642023
152 45 0.0155642023
1175 45 0.0142671855
288 45 0.0142671855
199 45 0.0142671855
284 45 0.0142671855
865 45 0.0142671855
167 45 0.0142671855
988 45 0.0142671855
920 45 0.0142671855
382 45 0.0142671855
226 45 0.0142671855
1106 45 0.0142671855
366 45 0.0142671855
719 45 0.0142671855
1424 45 0.0142671855
234 45 0.0142671855
850 45 0.0142671855
2502 45 0.0142671855
570 45 0.0142671855
569 45 0.0142671855
537 45 0.0142671855
1947 45 0.0142671855
1083 45 0.0142671855
149 45 0.0142671855
563 45 0.0142671855
533 45 0.0142671855
1404 45 0.0142671855
564 45 0.0142671855
1928 45 0.0142671855
993 45 0.0142671855
224 45 0.0142671855
655 45 0.0142671855
251 45 0.0142671855
438 45 0.0142671855
466 45 0.0142671855
531 45 0.0142671855
768 45 0.0142671855
917 45 0.0142671855
7564 45 0.0000000000
45 132 0.0593471810
45 183 0.0763358779
45 1076 0.3611111111
45 272 0.0351351351
45 389 0.0745341615
45 570 0.1153846154
45 404 0.0600000000
45 225 0.0555555556
45 1175 0.2391304348
45 288 0.0282776350
45 431 0.0650887574
45 199 0.0354838710
45 51 0.0135135135
45 284 0.0526315789
45 865 0.1594202899
45 988 0.1641791045
45 1673 0.3333333333
45 920 0.1410256410
45 326 0.0709677419
45 382 0.0521327014
45 202 0.0380622837
45 2541 1.0000000000
45 1106 0.1964285714
45 1107 0.2391304348
45 366 0.0774647887
45 719 0.2156862745
45 1424 0.3235294118
45 234 0.0718954248
45 850 0.1111111111
45 1634 0.4782608696
45 175 0.0351437700
45 2502 1.0000000000
45 716 0.0607734807
45 1623 0.3333333333
45 1943 0.5000000000
45 569 0.1718750000
45 537 0.1157894737
45 1947 0.5000000000
45 1083 0.1666666667
45 89 0.0194346290
45 149 0.0305555556
45 563 0.0887096774
45 533 0.2444444444
45 1933 0.5000000000
45 1404 0.2500000000
45 564 0.1170212766
45 1928 0.5000000000
45 993 0.2340425532
45 224 0.0466101695
45 353 0.0569948187
45 466 0.0940170940
45 531 0.0814814815
45 768 0.1222222222
45 251 0.0572916667
45 917 0.1896551724
45 681 0.0737704918
45 7395 0.0000000000
45 7520 0.0000000000
45 7571 0.0000000000
45 7576 0.0000000000
45 7564 0.0000000000
45 7589 0.0000000000
435 46 0.0322061192
61 46 0.0322061192
68 46 0.0322061192
3015 46 0.0305958132
3035 46 0.0289855072
178 46 0.0241545894
457 46 0.0241545894
1801 46 0.0241545894
1531 46 0.0225442834
881 46 0.0209339775
1172 46 0.0209339775
206 46 0.0193236715
1827 46 0.0193236715
258 46 0.0193236715
2258 46 0.0193236715
2278 46 0.0193236715
1530 46 0.0193236715
1805 46 0.0193236715
656 46 0.0193236715
120 46 0.0177133655
373 46 0.0177133655
332 46 0.0177133655
3133 46 0.0177133655
3178 46 0.0177133655
2718 46 0.0177133655
2284 46 0.0177133655
3102 46 0.0177133655
2303 46 0.0177133655
1812 46 0.0177133655
1274 46 0.0177133655
2279 46 0.0177133655
3063 46 0.0177133655
697 46 0.0177133655
1532 46 0.0177133655
2267 46 0.0177133655
2272 46 0.0177133655
1808 46 0.0177133655
1807 46 0.0177133655
2270 46 0.0177133655
456 46 0.0177133655
1528 46 0.0177133655
3032 46 0.0177133655
813 46 0.0177133655
1803 46 0.0177133655
2261 46 0.0177133655
964 46 0.0177133655
1513 46 0.0177133655
7586 46 0.0000000000
46 127 0.0692041522
46 68 0.0451467269
46 206 0.0639269406
46 1827 1.0000000000
46 457 0.1101694915
46 1049 0.2765957447
46 881 0.2203389831
46 1801 1.0000000000
46 1172 0.5000000000
46 178 0.0349854227
46 2303 1.0000000000
46 1531 0.3529411765
46 456 0.1016949153
46 1805 0.5217391304
46 1313 0.2444444444
46 3308 1.0000000000
46 3303 1.0000000000
46 979 0.1896551724
46 3174 1.0000000000
46 3178 1.0000000000
46 3133 0.1358024691
46 2718 1.0000000000
46 3102 1.0000000000
46 1274 0.2444444444
46 1812 0.3333333333
46 2258 0.5000000000
46 2279 0.5000000000
46 2278 0.5000000000
46 3065 1.0000000000
46 1530 0.3235294118
46 61 0.0212355212
46 697 0.1078431373
46 3063 1.0000000000
46 1532 0.4583333333
46 2267 0.5000000000
46 2272 0.5000000000
46 1808 0.3333333333
46 1807 0.3333333333
46 1335 0.2000000000
46 2270 0.5000000000
46 1528 0.2500000000
46 3032 1.0000000000
46 1803 0.4782608696
46 2261 0.5000000000
46 964 0.1617647059
46 656 0.0679012346
46 1513 0.3235294118
46 177 0.0054374691
46 810 0.1571428571
46 3015 1.0000000000
46 7550 0.0251798561
46 7586 0.0000000000
7603 47 0.0339285714
159 47 0.0321428571
66 47 0.0232142857
211 47 0.0232142857
185 47 0.0214285714
460 47 0.0214285714
272 47 0.0214285714
95 47 0.0196428571
58 47 0.0196428571
163 47 0.0196428571
280 47 0.0196428571
371 47 0.0196428571
78 47 0.0196428571
487 47 0.0196428571
77 47 0.0196428571
197 47 0.0196428571
1034 47 0.0196428571
255 47 0.0196428571
51 47 0.0196428571
140 47 0.0196428571
150 47 0.0196428571
47 66 0.0350877193
47 159 0.0627177700
47 211 0.0408805031
47 460 0.0810810811
47 83 0.0218181818
47 272 0.0324324324
47 163 0.0308988764
47 280 0.0458333333
47 371 0.0572916667
47 185 0.0273631841
47 78 0.0174050633
47 487 0.0506912442
47 77 0.0202578269
47 197 0.0297297297
47 1034 0.1428571429
47 255 0.0295698925
47 51 0.0135135135
47 140 0.0294906166
47 150 0.0261904762
47 7602 0.0000000000
47 7599 0.0000000000
47 7598 0.0000000000
47 7604 0.0000000000
131 48 0.0240452617
231 48 0.0240452617
90 48 0.0212164074
66 48 0.0212164074
386 48 0.0198019802
408 48 0.0198019802
210 48 0.0183875530
2116 48 0.0183875530
152 48 0.0183875530
482 48 0.0183875530
629 48 0.0183875530
77 48 0.0183875530
102 48 0.0183875530
169 48 0.0183875530
7603 48 0.0169731259
1279 48 0.0169731259
613 48 0.0169731259
2114 48 0.0169731259
1717 48 0.0169731259
140 48 0.0169731259
75 48 0.0169731259
7372 48 0.0169731259
299 48 0.0169731259
1235 48 0.0169731259
104 48 0.0155586987
72 48 0.0155586987
416 48 0.0155586987
137 48 0.0155586987
2741 48 0.0155586987
914 48 0.0155586987
1920 48 0.0155586987
680 48 0.0155586987
2734 48 0.0155586987
1473 48 0.0155586987
1716 48 0.0155586987
202 48 0.0155586987
2677 48 0.0155586987
732 48 0.0155586987
542 48 0.0155586987
516 48 0.0155586987
89 48 0.0155586987
1239 48 0.0155586987
475 48 0.0155586987
568 48 0.0155586987
109 48 0.0155586987
313 48 0.0155586987
850 48 0.0155586987
609 48 0.0155586987
7371 48 0.0155586987
7402 48 0.0155586987
270 48 0.0155586987
7511 48 0.0155586987
48 7372 0.2272727273
48 131 0.0450928382
48 231 0.0923913043
48 90 0.0247524752
48 152 0.0485436893
48 66 0.0292397661
48 386 0.1068702290
48 210 0.0822784810
48 914 0.2241379310
48 140 0.0348525469
48 482 0.1023622047
48 629 0.1397849462
48 77 0.0239410681
48 89 0.0229681979
48 408 0.0565217391
48 72 0.0220183486
48 7603 0.0167364017
48 1279 0.2666666667
48 2116 1.0000000000
48 613 0.0693641618
48 680 0.0845070423
48 2114 1.0000000000
48 1717 0.5217391304
48 1094 0.2608695652
48 75 0.0195439739
48 102 0.0291970803
48 299 0.0641711230
48 1235 0.1263157895
48 416 0.0733333333
48 137 0.0328358209
48 2741 1.0000000000
48 1920 0.5000000000
48 2734 1.0000000000
48 1473 0.2500000000
48 1716 0.3333333333
48 202 0.0380622837
48 2677 1.0000000000
48 732 0.1208791209
48 542 0.0814814815
48 516 0.0873015873
48 1239 0.4400000000
48 475 0.1428571429
48 568 0.0887096774
48 109 0.0230125523
48 169 0.0433070866
48 1420 0.3235294118
48 313 0.0873015873
48 850 0.1111111111
48 609 0.0973451327
48 7371 0.1617647059
48 7402 0.2444444444
48 270 0.0733333333
48 7511 0.2800000000
48 7604 0.0000000000
120 49 0.0282885431
93 49 0.0240452617
250 49 0.0226308345
82 49 0.0198019802
88 49 0.0183875530
310 49 0.0183875530
81 49 0.0183875530
177 49 0.0183875530
1064 49 0.0169731259
280 49 0.0169731259
290 49 0.0169731259
336 49 0.0169731259
289 49 0.0169731259
73 49 0.0169731259
526 49 0.0155586987
141 49 0.0155586987
125 49 0.0155586987
111 49 0.0155586987
104 49 0.0155586987
398 49 0.0155586987
1198 49 0.0155586987
1195 49 0.0155586987
158 49 0.0155586987
830 49 0.0155586987
650 49 0.0155586987
123 49 0.0155586987
105 49 0.0155586987
332 49 0.0155586987
7585 49 0.0155586987
1558 49 0.0155586987
545 49 0.0155586987
1378 49 0.0155586987
666 49 0.0155586987
3289 49 0.0155586987
7525 49 0.0155586987
759 49 0.0155586987
2372 49 0.0155586987
115 49 0.0155586987
519 49 0.0155586987
156 49 0.0155586987
596 49 0.0155586987
1560 49 0.0155586987
483 49 0.0155586987
190 49 0.0155586987
757 49 0.0155586987
7341 49 0.0155586987
2338 49 0.0155586987
49 120 0.0559006211
49 93 0.0344086022
49 310 0.1094890511
49 250 0.0824175824
49 596 0.1315789474
49 82 0.0268199234
49 88 0.0285087719
49 81 0.0275423729
49 483 0.1111111111
49 289 0.0653266332
49 123 0.0306905371
49 290 0.0463320463
49 1378 0.2666666667
49 145 0.0134680135
49 1874 0.5217391304
49 526 0.0753424658
49 141 0.0320699708
49 125 0.0157142857
49 111 0.0336391437
49 104 0.0244444444
49 398 0.0607734807
49 1198 0.2391304348
49 1195 0.1447368421
49 280 0.0458333333
49 158 0.0394265233
49 7436 0.5000000000
49 830 0.1571428571
49 650 0.0718954248
49 105 0.0234042553
49 242 0.0516431925
49 1558 0.4583333333
49 545 0.0814814815
49 666 0.0833333333
49 3289 1.0000000000
49 336 0.0709677419
49 759 0.0575916230
49 2372 0.5000000000
49 115 0.0217391304
49 519 0.0662650602
49 174 0.0339506173
49 156 0.0250569476
49 1560 0.2500000000
49 190 0.0353697749
49 757 0.1358024691
49 73 0.0176000000
49 7341 0.1111111111
49 2338 0.5000000000
49 7525 0.0803571429
49 177 0.0044488384
49 7563 0.0000000000
49 7585 0.0000000000
49 7597 0.1111111111
1241 50 0.0284090909
100 50 0.0227272727
383 50 0.0227272727
204 50 0.0213068182
57 50 0.0198863636
7596 50 0.0198863636
90 50 0.0198863636
182 50 0.0198863636
633 50 0.0184659091
7603 50 0.0184659091
169 50 0.0184659091
406 50 0.0184659091
142 50 0.0170454545
149 50 0.0170454545
875 50 0.0170454545
912 50 0.0170454545
101 50 0.0170454545
226 50 0.0170454545
721 50 0.0170454545
442 50 0.0170454545
1428 50 0.0170454545
1948 50 0.0170454545
701 50 0.0156250000
370 50 0.0156250000
2883 50 0.0156250000
69 50 0.0156250000
739 50 0.0156250000
2880 50 0.0156250000
1755 50 0.0156250000
635 50 0.0156250000
7499 50 0.0156250000
52 50 0.0156250000
257 50 0.0156250000
1140 50 0.0156250000
1280 50 0.0156250000
1284 50 0.0156250000
195 50 0.0156250000
443 50 0.0156250000
784 50 0.0156250000
1667 50 0.0156250000
778 50 0.0156250000
7394 50 0.0156250000
576 50 0.0156250000
663 50 0.0156250000
403 50 0.0156250000
1975 50 0.0156250000
1004 50 0.0156250000
1974 50 0.0156250000
365 50 0.0156250000
1417 50 0.0156250000
1236 50 0.0156250000
1932 50 0.0156250000
263 50 0.0156250000
99 50 0.0156250000
50 100 0.0430107527
50 383 0.0935672515
50 57 0.0214395100
50 90 0.0231023102
50 182 0.0479452055
50 1756 1.0000000000
50 142 0.0234375000
50 7603 0.0167364017
50 912 0.2068965517
50 54 0.0243902439
50 226 0.0337078652
50 721 0.1967213115
50 406 0.0631578947
50 442 0.0937500000
50 1948 1.0000000000
50 2883 1.0000000000
50 2880 1.0000000000
50 1755 0.3333333333
50 875 0.2244897959
50 2182 0.5000000000
50 7499 0.2894736842
50 52 0.0161054173
50 257 0.0639534884
50 1751 0.4782608696
50 1284 0.2000000000
50 195 0.0733333333
50 443 0.0859375000
50 784 0.1571428571
50 1667 0.4782608696
50 101 0.0332326284
50 778 0.1571428571
50 576 0.2037037037
50 365 0.0723684211
50 663 0.1078431373
50 1975 0.5000000000
50 1241 0.2000000000
50 1974 0.5000000000
50 1417 0.2500000000
50 1236 0.2444444444
50 1932 0.5000000000
7603 51 0.0208845209
67 51 0.0196560197
741 51 0.0171990172
98 51 0.0171990172
1020 51 0.0159705160
1077 51 0.0159705160
370 51 0.0159705160
65 51 0.0159705160
185 51 0.0147420147
133 51 0.0147420147
7592 51 0.0147420147
173 51 0.0135135135
170 51 0.0135135135
136 51 0.0135135135
1809 51 0.0135135135
116 51 0.0135135135
177 51 0.0135135135
1162 51 0.0135135135
961 51 0.0135135135
553 51 0.0135135135
295 51 0.0135135135
107 51 0.0135135135
62 51 0.0135135135
80 51 0.0135135135
2932 51 0.0135135135
7566 51 0.0135135135
1314 51 0.0135135135
2887 51 0.0135135135
1145 51 0.0135135135
52 51 0.0135135135
2879 51 0.0135135135
1287 51 0.0135135135
7573 51 0.0135135135
83 51 0.0135135135
70 51 0.0135135135
371 51 0.0135135135
75 51 0.0135135135
193 51 0.0135135135
1484 51 0.0135135135
211 51 0.0135135135
345 51 0.0135135135
157 51 0.0135135135
156 51 0.0135135135
2150 51 0.0135135135
2151 51 0.0135135135
145 51 0.0135135135
2143 51 0.0135135135
409 51 0.0135135135
2802 51 0.0135135135
2798 51 0.0135135135
7565 51 0.0135135135
588 51 0.0135135135
51 185 0.0373134328
51 67 0.0213371266
51 741 0.1971830986
51 170 0.0555555556
51 1077 0.2826086957
51 177 0.0059317845
51 135 0.0357142857
51 62 0.0232558140
51 1020 0.2105263158
51 98 0.0290556901
51 145 0.0134680135
51 2133 1.0000000000
51 173 0.0302197802
51 1809 0.4782608696
51 116 0.0205607477
51 166 0.0209523810
51 1162 0.1279069767
51 961 0.1617647059
51 553 0.0666666667
51 295 0.0395683453
51 107 0.0282776350
51 80 0.0260663507
51 1322 0.0956521739
51 7389 0.1641791045
51 1145 0.1964285714
51 1314 0.2000000000
51 2887 1.0000000000
51 638 0.1506849315
51 2879 1.0000000000
51 1287 0.2444444444
51 687 0.0982142857
51 1140 0.1666666667
51 370 0.0639534884
51 70 0.0183946488
51 133 0.0257611241
51 796 0.1100000000
51 371 0.0572916667
51 75 0.0179153094
51 1484 0.2500000000
51 211 0.0345911950
51 157 0.0394265233
51 156 0.0250569476
51 345 0.0714285714
51 2150 0.5000000000
51 2151 0.5000000000
51 65 0.0173775671
51 672 0.1078431373
51 2143 0.5000000000
51 409 0.0687500000
51 2802 1.0000000000
51 2798 1.0000000000
51 588 0.0820895522
51 176 0.0278637771
51 7580 0.0000000000
51 7573 0.3333333333
51 7592 0.1666666667
51 7526 0.0000000000
798 52 0.0278184480
257 52 0.0263543192
177 52 0.0234260615
7565 52 0.0219619327
362 52 0.0204978038
1328 52 0.0190336750
637 52 0.0190336750
638 52 0.0190336750
100 52 0.0190336750
634 52 0.0190336750
266 52 0.0175695461
807 52 0.0175695461
487 52 0.0175695461
484 52 0.0175695461
1320 52 0.0175695461
203 52 0.0161054173
259 52 0.0161054173
90 52 0.0161054173
306 52 0.0161054173
189 52 0.0161054173
83 52 0.0161054173
284 52 0.0161054173
550 52 0.0161054173
146 52 0.0161054173
2902 52 0.0161054173
946 52 0.0161054173
274 52 0.0161054173
949 52 0.0161054173
67 52 0.0161054173
955 52 0.0161054173
1034 52 0.0161054173
193 52 0.0161054173
2893 52 0.0161054173
686 52 0.0161054173
2180 52 0.0161054173
1033 52 0.0161054173
69 52 0.0161054173
2195 52 0.0161054173
264 52 0.0161054173
951 52 0.0161054173
2886 52 0.0161054173
361 52 0.0161054173
1145 52 0.0161054173
1755 52 0.0161054173
739 52 0.0161054173
277 52 0.0161054173
52 257 0.1046511628
52 177 0.0084033613
52 362 0.0576131687
52 189 0.0646766169
52 961 0.1764705882
52 487 0.0552995392
52 1320 0.2666666667
52 7565 0.0278422274
52 1138 0.2608695652
52 2195 1.0000000000
52 637 0.1445783133
52 203 0.0367892977
52 266 0.0521327014
52 90 0.0181518152
52 807 0.1222222222
52 306 0.0700636943
52 83 0.0200000000
52 259 0.0404411765
52 284 0.0526315789
52 1328 0.1294117647
52 1986 0.5000000000
52 550 0.0956521739
52 146 0.0274314214
52 2902 1.0000000000
52 946 0.0654761905
52 274 0.0647058824
52 949 0.1250000000
52 67 0.0156472262
52 955 0.1410256410
52 1034 0.1428571429
52 193 0.0478260870
52 2893 1.0000000000
52 2896 1.0000000000
52 686 0.0982142857
52 2180 0.5000000000
52 1033 0.1929824561
52 69 0.0140664962
52 100 0.0295698925
52 264 0.0521327014
52 951 0.1250000000
52 2886 1.0000000000
52 361 0.0894308943
52 634 0.1325301205
52 1145 0.1964285714
52 1755 0.3333333333
52 739 0.0780141844
52 277 0.0423076923
52 7603 0.0000000000
52 798 0.0000000000
7602 53 0.0405679513
7601 53 0.0405679513
7599 53 0.0405679513
7598 53 0.0405679513
7604 53 0.0405679513
124 53 0.0344827586
7595 53 0.0324543611
464 53 0.0263691684
7560 53 0.0263691684
58 53 0.0263691684
125 53 0.0243407708
110 53 0.0243407708
185 53 0.0243407708
1691 53 0.0243407708
56 53 0.0243407708
5342 53 0.0243407708
179 53 0.0243407708
319 53 0.0243407708
491 53 0.0223123732
417 53 0.0223123732
2380 53 0.0223123732
141 53 0.0223123732
375 53 0.0223123732
73 53 0.0223123732
429 53 0.0223123732
207 53 0.0223123732
65 53 0.0223123732
360 53 0.0223123732
1522 53 0.0223123732
7443 53 0.0223123732
85 53 0.0223123732
203 53 0.0223123732
330 53 0.0223123732
53 5342 0.0384615385
53 85 0.0157004831
53 185 0.0298507463
53 56 0.0275229358
53 748 0.0662983425
53 110 0.0317460317
53 3417 1.0000000000
53 417 0.0785714286
53 375 0.0454545455
53 245 0.0388692580
53 73 0.0176000000
53 429 0.1594202899
53 58 0.0123318386
53 65 0.0173775671
53 1959 0.5000000000
53 360 0.0493273543
53 332 0.0564102564
53 138 0.0401459854
53 319 0.0591397849
53 1522 0.2500000000
53 179 0.0434782609
53 203 0.0367892977
53 330 0.0564102564
53 7588 0.0367647059
53 124 0.0080645161
53 7595 0.0049261084
53 7545 0.5000000000
53 754 0.0000000000
53 7512 0.0000000000
53 177 0.0000000000
53 7463 1.0000000000
53 7443 0.0000000000
188 54 0.0365853659
234 54 0.0365853659
84 54 0.0365853659
91 54 0.0365853659
271 54 0.0345528455
334 54 0.0304878049
566 54 0.0304878049
119 54 0.0304878049
113 54 0.0284552846
126 54 0.0264227642
7564 54 0.0264227642
102 54 0.0264227642
383 54 0.0264227642
449 54 0.0243902439
368 54 0.0243902439
148 54 0.0243902439
7400 54 0.0243902439
460 54 0.0223577236
145 54 0.0223577236
226 54 0.0223577236
1430 54 0.0223577236
2557 54 0.0223577236
914 54 0.0223577236
1106 54 0.0223577236
328 54 0.0223577236
610 54 0.0223577236
840 54 0.0223577236
531 54 0.0223577236
152 54 0.0223577236
379 54 0.0223577236
466 54 0.0223577236
2336 54 0.0060975610
54 188 0.0417633411
54 469 0.1146496815
54 234 0.1176470588
54 200 0.1132075472
54 7552 0.0385438972
54 91 0.0571428571
54 334 0.1428571429
54 84 0.0264084507
54 74 0.0462962963
54 119 0.0480769231
54 113 0.0321888412
54 108 0.0335051546
54 383 0.0760233918
54 145 0.0134680135
54 368 0.0983606557
54 566 0.1276595745
54 293 0.0759493671
54 148 0.0342857143
54 449 0.0932203390
54 102 0.0267639903
54 226 0.0308988764
54 1430 0.2500000000
54 2557 1.0000000000
54 914 0.1896551724
54 1106 0.1964285714
54 328 0.0448979592
54 610 0.1067961165
54 840 0.1392405063
54 531 0.0814814815
54 152 0.0355987055
54 379 0.0643274854
54 466 0.0940170940
54 7550 0.0323741007
54 7564 0.0000000000
2995 55 0.0444444444
143 55 0.0400000000
185 55 0.0400000000
283 55 0.0400000000
673 55 0.0377777778
875 55 0.0355555556
462 55 0.0333333333
144 55 0.0333333333
80 55 0.0333333333
688 55 0.0333333333
1691 55 0.0311111111
1189 55 0.0288888889
166 55 0.0288888889
390 55 0.0288888889
232 55 0.0288888889
1454 55 0.0288888889
1236 55 0.0266666667
349 55 0.0266666667
157 55 0.0266666667
491 55 0.0244444444
199 55 0.0244444444
2237 55 0.0244444444
1946 55 0.0244444444
190 55 0.0244444444
2943 55 0.0244444444
427 55 0.0244444444
2872 55 0.0244444444
2854 55 0.0244444444
824 55 0.0177777778
55 283 0.1680672269
55 185 0.0447761194
55 1319 1.0000000000
55 688 0.2419354839
55 1155 0.3888888889
55 875 0.2857142857
55 1763 1.0000000000
55 166 0.0247619048
55 232 0.0747126437
55 385 0.1287128713
55 349 0.1153846154
55 2220 1.0000000000
55 157 0.0430107527
55 2237 0.5000000000
55 80 0.0260663507
55 1946 0.5000000000
55 2943 1.0000000000
55 390 0.1208791209
55 427 0.1009174312
55 2872 1.0000000000
55 2854 1.0000000000
55 625 0.1182795699
55 1454 0.4583333333
55 1236 0.2444444444
55 272 0.0000000000
753 56 0.0435779817
3107 56 0.0412844037
147 56 0.0412844037
1567 56 0.0344036697
244 56 0.0344036697
187 56 0.0321100917
112 56 0.0298165138
227 56 0.0298165138
90 56 0.0298165138
177 56 0.0298165138
124 56 0.0298165138
969 56 0.0275229358
2337 56 0.0275229358
1179 56 0.0275229358
103 56 0.0275229358
1539 56 0.0275229358
95 56 0.0252293578
3166 56 0.0252293578
168 56 0.0252293578
197 56 0.0252293578
242 56 0.0252293578
7595 56 0.0252293578
431 56 0.0252293578
1360 56 0.0252293578
1346 56 0.0252293578
107 56 0.0252293578
56 753 0.3529411765
56 244 0.0391644909
56 1567 1.0000000000
56 187 0.0732984293
56 124 0.0225806452
56 147 0.0869565217
56 227 0.0698924731
56 90 0.0214521452
56 177 0.0064260999
56 421 0.2203389831
56 95 0.0110701107
56 112 0.0433212996
56 2337 1.0000000000
56 103 0.0239520958
56 1539 0.5000000000
56 969 0.1410256410
56 168 0.0539215686
56 3166 1.0000000000
56 197 0.0297297297
56 242 0.0516431925
56 7595 0.0270935961
56 431 0.0650887574
56 1360 0.2444444444
56 1179 0.1666666667
56 1346 0.2000000000
56 107 0.0282776350
56 3107 1.0000000000
630 57 0.0275650842
7579 57 0.0229709035
1480 57 0.0229709035
793 57 0.0199081164
7564 57 0.0199081164
664 57 0.0199081164
583 57 0.0183767228
117 57 0.0183767228
2160 57 0.0183767228
2118 57 0.0183767228
874 57 0.0183767228
1733 57 0.0183767228
1689 57 0.0183767228
1728 57 0.0183767228
304 57 0.0183767228
2120 57 0.0183767228
1719 57 0.0183767228
2098 57 0.0183767228
2552 57 0.0183767228
323 57 0.0183767228
252 57 0.0183767228
2656 57 0.0168453292
2892 57 0.0168453292
1742 57 0.0168453292
2137 57 0.0168453292
256 57 0.0168453292
346 57 0.0168453292
872 57 0.0168453292
437 57 0.0168453292
389 57 0.0168453292
1442 57 0.0168453292
160 57 0.0168453292
2107 57 0.0168453292
2106 57 0.0168453292
2093 57 0.0168453292
614 57 0.0168453292
75 57 0.0168453292
2576 57 0.0168453292
79 57 0.0168453292
2508 57 0.0168453292
65 57 0.0168453292
357 57 0.0168453292
2637 57 0.0168453292
2595 57 0.0168453292
994 57 0.0168453292
109 57 0.0168453292
716 57 0.0168453292
1963 57 0.0168453292
150 57 0.0168453292
1657 57 0.0168453292
57 294 0.2564102564
57 160 0.1386861314
57 630 0.2857142857
57 1135 0.5769230769
57 361 0.1138211382
57 1480 1.0000000000
57 389 0.0807453416
57 1719 1.0000000000
57 664 0.1274509804
57 2160 1.0000000000
57 1733 0.5217391304
57 1689 0.5217391304
57 2137 1.0000000000
57 1728 0.5217391304
57 304 0.0641711230
57 793 0.2000000000
57 2120 1.0000000000
57 2107 1.0000000000
57 323 0.0727272727
57 252 0.0495867769
57 1963 1.0000000000
57 150 0.0285714286
57 2656 1.0000000000
57 583 0.2037037037
57 1742 0.3333333333
57 7579 0.1666666667
57 117 0.0182119205
57 874 0.1235955056
57 256 0.0331325301
57 346 0.0632183908
57 872 0.2820512821
57 1442 0.3235294118
57 2766 1.0000000000
57 2098 0.5000000000
57 2106 0.5000000000
57 2093 0.5000000000
57 75 0.0179153094
57 614 0.0569948187
57 2576 1.0000000000
57 79 0.0146276596
57 2508 1.0000000000
57 357 0.0674846626
57 2637 1.0000000000
57 2552 1.0000000000
57 2595 1.0000000000
57 7564 0.0123456790
57 994 0.1028037383
57 109 0.0230125523
57 716 0.0607734807
57 65 0.0173775671
57 407 0.1222222222
57 1657 0.3333333333
158 58 0.0168161435
751 58 0.0168161435
416 58 0.0168161435
280 58 0.0168161435
704 58 0.0168161435
2403 58 0.0156950673
81 58 0.0156950673
291 58 0.0145739910
92 58 0.0145739910
307 58 0.0145739910
191 58 0.0145739910
118 58 0.0145739910
288 58 0.0145739910
1383 58 0.0145739910
85 58 0.0134529148
7591 58 0.0134529148
417 58 0.0134529148
205 58 0.0134529148
103 58 0.0134529148
830 58 0.0134529148
888 58 0.0134529148
1382 58 0.0134529148
1589 58 0.0134529148
310 58 0.0134529148
585 58 0.0134529148
320 58 0.0134529148
242 58 0.0134529148
1190 58 0.0134529148
1847 58 0.0134529148
197 58 0.0134529148
249 58 0.0123318386
1590 58 0.0123318386
1900 58 0.0123318386
375 58 0.0123318386
194 58 0.0123318386
292 58 0.0123318386
154 58 0.0123318386
173 58 0.0123318386
3392 58 0.0123318386
1582 58 0.0123318386
163 58 0.0123318386
1893 58 0.0123318386
164 58 0.0123318386
647 58 0.0123318386
246 58 0.0123318386
3352 58 0.0123318386
3361 58 0.0123318386
1867 58 0.0123318386
762 58 0.0123318386
637 58 0.0123318386
2369 58 0.0123318386
412 58 0.0123318386
1032 58 0.0123318386
351 58 0.0123318386
3348 58 0.0123318386
3344 58 0.0123318386
93 58 0.0123318386
572 58 0.0123318386
3226 58 0.0123318386
7434 58 0.0123318386
1544 58 0.0123318386
1564 58 0.0123318386
3218 58 0.0123318386
648 58 0.0123318386
7544 58 0.0000000000
338 58 0.0000000000
7531 58 0.0000000000
7521 58 0.0000000000
58 310 0.1094890511
58 647 0.1686746988
58 416 0.0933333333
58 704 0.1707317073
58 81 0.0296610169
58 110 0.0343915344
58 85 0.0157004831
58 417 0.0928571429
58 111 0.0397553517
58 191 0.0498084291
58 158 0.0465949821
58 118 0.0307328605
58 2369 0.1413043478
58 288 0.0334190231
58 1383 0.3714285714
58 751 0.1604938272
58 280 0.0541666667
58 103 0.0259481038
58 320 0.0738636364
58 171 0.0535714286
58 291 0.0754716981
58 375 0.0495867769
58 194 0.0545454545
58 165 0.0533333333
58 1582 0.3529411765
58 163 0.0337078652
58 87 0.0194489465
58 307 0.1237113402
58 125 0.0171428571
58 164 0.0368098160
58 246 0.0839160839
58 205 0.0388349515
58 2403 1.0000000000
58 762 0.1081081081
58 637 0.1445783133
58 830 0.1714285714
58 888 0.2448979592
58 1589 0.3529411765
58 1382 0.3428571429
58 242 0.0563380282
58 1190 0.2142857143
58 197 0.0324324324
58 3411 1.0000000000
58 1590 0.3235294118
58 145 0.0123456790
58 1900 0.3333333333
58 292 0.0460251046
58 154 0.0224948875
58 245 0.0388692580
58 173 0.0302197802
58 349 0.1057692308
58 206 0.0502283105
58 321 0.0625000000
58 2336 0.0254629630
58 3392 1.0000000000
58 141 0.0320699708
58 96 0.0218253968
58 83 0.0200000000
58 88 0.0241228070
58 95 0.0101476015
58 59 0.0244988864
58 634 0.1325301205
58 82 0.0210727969
58 120 0.0341614907
58 2419 0.5000000000
58 73 0.0176000000
58 222 0.0347003155
58 286 0.0691823899
58 1893 0.3333333333
58 3352 1.0000000000
58 3361 1.0000000000
58 545 0.0814814815
58 1867 0.3333333333
58 412 0.0578947368
58 1032 0.1264367816
58 351 0.0670731707
58 601 0.1718750000
58 3348 1.0000000000
58 3344 1.0000000000
58 93 0.0236559140
58 585 0.0714285714
58 572 0.1170212766
58 3226 1.0000000000
58 1544 0.2500000000
58 1564 0.4583333333
58 3218 1.0000000000
58 1847 0.3333333333
58 7349 1.0000000000
58 7514 0.1200000000
58 113 0.0193133047
58 92 0.0159292035
58 7422 0.6153846154
58 7578 0.2592592593
58 185 0.0174129353
58 7544 0.5000000000
58 338 0.0588235294
58 7522 0.2173913043
58 7523 0.2173913043
58 7532 0.2380952381
58 7510 0.3125000000
58 7600 0.0226244344
58 7604 0.0490196078
58 7552 0.0107066381
58 7591 0.0450450450
58 7531 0.0000000000
58 7521 0.0000000000
58 7434 0.0000000000
430 59 0.0445434298
7420 59 0.0445434298
7380 59 0.0378619154
163 59 0.0356347439
336 59 0.0356347439
981 59 0.0334075724
208 59 0.0334075724
120 59 0.0289532294
1374 59 0.0267260579
237 59 0.0267260579
308 59 0.0267260579
526 59 0.0244988864
191 59 0.0244988864
85 59 0.0244988864
116 59 0.0244988864
490 59 0.0244988864
759 59 0.0244988864
3270 59 0.0244988864
2362 59 0.0244988864
1336 59 0.0244988864
335 59 0.0244988864
494 59 0.0244988864
2364 59 0.0244988864
1376 59 0.0244988864
111 59 0.0244988864
825 59 0.0244988864
59 163 0.0449438202
59 336 0.1032258065
59 208 0.0793650794
59 7380 0.2205882353
59 981 0.2916666667
59 120 0.0403726708
59 7420 0.5217391304
59 191 0.0421455939
59 81 0.0233050847
59 1374 0.2444444444
59 237 0.0452674897
59 116 0.0205607477
59 308 0.0802919708
59 759 0.0575916230
59 3270 1.0000000000
59 2362 0.5000000000
59 1336 0.2000000000
59 335 0.0956521739
59 494 0.0940170940
59 2364 0.5000000000
59 490 0.0866141732
59 130 0.0220883534
59 1376 0.2000000000
59 825 0.1222222222
269 60 0.0529100529
267 60 0.0502645503
440 60 0.0476190476
7603 60 0.0449735450
673 60 0.0396825397
80 60 0.0396825397
740 60 0.0396825397
176 60 0.0396825397
1773 60 0.0370370370
1504 60 0.0370370370
518 60 0.0370370370
302 60 0.0343915344
549 60 0.0343915344
256 60 0.0343915344
134 60 0.0317460317
63 60 0.0317460317
2184 60 0.0317460317
293 60 0.0291005291
389 60 0.0291005291
361 60 0.0291005291
1482 60 0.0238095238
824 60 0.0211640212
60 267 0.1063829787
60 176 0.0464396285
60 740 0.2295081967
60 1773 1.0000000000
60 673 0.2500000000
60 549 0.1130434783
60 134 0.0506329114
60 1504 0.5000000000
60 2184 1.0000000000
60 80 0.0260663507
60 63 0.0232067511
60 361 0.0894308943
60 256 0.0331325301
60 518 0.0948275862
60 7573 0.3333333333
60 7564 0.0000000000
68 61 0.0386100386
3093 61 0.0386100386
2268 61 0.0386100386
3035 61 0.0347490347
3081 61 0.0289575290
258 61 0.0250965251
7514 61 0.0250965251
457 61 0.0250965251
178 61 0.0250965251
979 61 0.0231660232
1614 61 0.0231660232
1274 61 0.0231660232
206 61 0.0231660232
965 61 0.0231660232
5389 61 0.0231660232
1813 61 0.0231660232
2398 61 0.0212355212
3196 61 0.0212355212
488 61 0.0212355212
982 61 0.0212355212
7433 61 0.0212355212
2366 61 0.0212355212
505 61 0.0212355212
953 61 0.0212355212
3161 61 0.0212355212
599 61 0.0212355212
3150 61 0.0212355212
1182 61 0.0212355212
3126 61 0.0212355212
3123 61 0.0212355212
3130 61 0.0212355212
1828 61 0.0212355212
884 61 0.0212355212
1050 61 0.0212355212
3104 61 0.0212355212
3098 61 0.0212355212
3085 61 0.0212355212
1814 61 0.0212355212
3077 61 0.0212355212
61 68 0.0451467269
61 972 0.3125000000
61 206 0.0593607306
61 965 0.3421052632
61 457 0.1101694915
61 178 0.0379008746
61 2366 1.0000000000
61 1274 0.2666666667
61 2398 0.5000000000
61 3196 1.0000000000
61 982 0.1896551724
61 1851 0.3333333333
61 7433 0.5000000000
61 435 0.0852713178
61 884 0.2244897959
61 505 0.0808823529
61 953 0.2291666667
61 979 0.1896551724
61 705 0.1078431373
61 3186 1.0000000000
61 1052 0.2972972973
61 3161 1.0000000000
61 599 0.0820895522
61 3150 1.0000000000
61 1182 0.2391304348
61 3126 1.0000000000
61 3123 1.0000000000
61 3130 1.0000000000
61 1813 0.3333333333
61 1828 0.3333333333
61 3081 1.0000000000
61 3104 1.0000000000
61 5389 0.2200000000
61 3098 1.0000000000
61 3093 1.0000000000
61 3085 1.0000000000
61 2268 0.5000000000
61 1814 0.4782608696
61 3077 1.0000000000
61 7604 0.0000000000
7517 62 0.0387596899
7536 62 0.0387596899
102 62 0.0348837209
124 62 0.0310077519
85 62 0.0290697674
177 62 0.0290697674
116 62 0.0251937984
136 62 0.0251937984
7565 62 0.0251937984
95 62 0.0232558140
92 62 0.0232558140
166 62 0.0232558140
229 62 0.0213178295
174 62 0.0213178295
203 62 0.0213178295
2314 62 0.0213178295
237 62 0.0213178295
885 62 0.0213178295
73 62 0.0213178295
596 62 0.0213178295
1043 62 0.0213178295
5679 62 0.0213178295
64 62 0.0213178295
179 62 0.0213178295
7590 62 0.0213178295
587 62 0.0213178295
258 62 0.0213178295
1785 62 0.0213178295
145 62 0.0213178295
278 62 0.0213178295
1165 62 0.0213178295
205 62 0.0213178295
265 62 0.0213178295
306 62 0.0213178295
62 102 0.0389294404
62 124 0.0258064516
62 85 0.0181159420
62 166 0.0285714286
62 116 0.0242990654
62 179 0.0513833992
62 136 0.0336787565
62 92 0.0212389381
62 306 0.0764331210
62 229 0.0564102564
62 174 0.0339506173
62 203 0.0367892977
62 886 0.1594202899
62 2314 0.5000000000
62 237 0.0452674897
62 95 0.0101476015
62 885 0.1009174312
62 596 0.0964912281
62 1043 0.1134020619
62 5679 0.1000000000
62 933 0.1617647059
62 73 0.0176000000
62 587 0.0763888889
62 258 0.0404411765
62 1785 0.3333333333
62 145 0.0123456790
62 1781 0.3333333333
62 278 0.0550000000
62 1165 0.3055555556
62 205 0.0355987055
62 265 0.0683229814
62 7590 0.0000000000
899 63 0.0379746835
336 63 0.0358649789
7603 63 0.0316455696
176 63 0.0316455696
801 63 0.0295358650
105 63 0.0253164557
1551 63 0.0253164557
7588 63 0.0253164557
209 63 0.0253164557
392 63 0.0253164557
655 63 0.0253164557
1784 63 0.0232067511
199 63 0.0232067511
522 63 0.0232067511
177 63 0.0232067511
84 63 0.0232067511
537 63 0.0232067511
2483 63 0.0232067511
1095 63 0.0232067511
1083 63 0.0232067511
718 63 0.0232067511
565 63 0.0232067511
1222 63 0.0232067511
2453 63 0.0232067511
845 63 0.0232067511
224 63 0.0232067511
223 63 0.0232067511
63 899 0.6206896552
63 336 0.0967741935
63 1551 0.6250000000
63 176 0.0464396285
63 801 0.0608695652
63 105 0.0255319149
63 392 0.0991735537
63 84 0.0211267606
63 655 0.1304347826
63 1784 0.3333333333
63 522 0.0873015873
63 209 0.0482456140
63 875 0.2244897959
63 537 0.1157894737
63 2483 1.0000000000
63 1095 0.1964285714
63 1083 0.1666666667
63 718 0.1089108911
63 565 0.1486486486
63 1222 0.2000000000
63 2453 1.0000000000
63 845 0.2244897959
63 224 0.0466101695
63 223 0.0533980583
63 7604 0.0000000000
63 7603 0.0000000000
63 177 0.0000000000
104 64 0.0280898876
2336 64 0.0262172285
281 64 0.0262172285
279 64 0.0262172285
953 64 0.0243445693
2436 64 0.0243445693
766 64 0.0243445693
7335 64 0.0243445693
114 64 0.0243445693
98 64 0.0243445693
233 64 0.0243445693
126 64 0.0243445693
192 64 0.0243445693
269 64 0.0243445693
530 64 0.0243445693
3406 64 0.0224719101
2293 64 0.0224719101
87 64 0.0224719101
824 64 0.0224719101
196 64 0.0224719101
70 64 0.0224719101
1351 64 0.0224719101
498 64 0.0205992509
1074 64 0.0205992509
1590 64 0.0205992509
246 64 0.0205992509
375 64 0.0205992509
2417 64 0.0205992509
376 64 0.0205992509
86 64 0.0205992509
94 64 0.0205992509
81 64 0.0205992509
155 64 0.0205992509
135 64 0.0205992509
491 64 0.0205992509
698 64 0.0205992509
285 64 0.0205992509
7403 64 0.0205992509
133 64 0.0205992509
2816 64 0.0205992509
64 269 0.0616113744
64 192 0.0588235294
64 126 0.0420711974
64 86 0.0353260870
64 7335 0.1739130435
64 242 0.0563380282
64 1070 0.2553191489
64 196 0.0444444444
64 70 0.0200668896
64 3406 1.0000000000
64 766 0.0990990991
64 2429 0.5000000000
64 2430 0.5000000000
64 902 0.1864406780
64 279 0.0550000000
64 3409 1.0000000000
64 2293 0.2115384615
64 281 0.0423076923
64 2416 0.5000000000
64 520 0.1447368421
64 1554 0.3235294118
64 1200 0.3055555556
64 155 0.0262529833
64 87 0.0178282010
64 114 0.0252293578
64 81 0.0233050847
64 135 0.0327380952
64 698 0.1527777778
64 700 0.1078431373
64 530 0.0956521739
64 133 0.0257611241
64 7365 1.0000000000
64 176 0.0278637771
64 7415 0.0559440559
159 65 0.0236966825
113 65 0.0236966825
916 65 0.0221169036
272 65 0.0205371248
1271 65 0.0189573460
1939 65 0.0189573460
449 65 0.0189573460
140 65 0.0189573460
84 65 0.0189573460
484 65 0.0173775671
70 65 0.0173775671
588 65 0.0173775671
1258 65 0.0173775671
256 65 0.0173775671
77 65 0.0173775671
255 65 0.0173775671
145 65 0.0173775671
516 65 0.0173775671
155 65 0.0173775671
2682 65 0.0173775671
175 65 0.0173775671
1404 65 0.0173775671
2071 65 0.0173775671
1460 65 0.0173775671
467 65 0.0173775671
786 65 0.0173775671
862 65 0.0173775671
109 65 0.0173775671
341 65 0.0173775671
7570 65 0.0173775671
1248 65 0.0173775671
1651 65 0.0173775671
130 65 0.0173775671
1662 65 0.0173775671
2544 65 0.0173775671
1984 65 0.0173775671
850 65 0.0173775671
65 165 0.0666666667
65 113 0.0321888412
65 244 0.0313315927
65 272 0.0324324324
65 1271 0.3428571429
65 1939 1.0000000000
65 2018 1.0000000000
65 84 0.0211267606
65 140 0.0321715818
65 588 0.0820895522
65 66 0.0214424951
65 1258 0.2444444444
65 2159 0.5000000000
65 256 0.0331325301
65 77 0.0202578269
65 255 0.0295698925
65 145 0.0123456790
65 516 0.0873015873
65 155 0.0262529833
65 2682 1.0000000000
65 175 0.0351437700
65 1404 0.2500000000
65 2071 0.5000000000
65 1460 0.4583333333
65 467 0.0748299320
65 862 0.1864406780
65 109 0.0230125523
65 926 0.0932203390
65 341 0.0632183908
65 1248 0.2000000000
65 130 0.0220883534
65 1662 0.3333333333
65 2544 1.0000000000
65 1984 0.5000000000
65 1933 0.5000000000
65 850 0.1111111111
65 7604 0.0882352941
65 7572 0.3333333333
65 7596 0.0000000000
65 7570 0.0000000000
100 66 0.0389863548
1456 66 0.0292397661
101 66 0.0253411306
143 66 0.0253411306
482 66 0.0253411306
2851 66 0.0233918129
159 66 0.0233918129
124 66 0.0214424951
190 66 0.0214424951
306 66 0.0214424951
70 66 0.0214424951
686 66 0.0214424951
409 66 0.0214424951
2856 66 0.0214424951
2594 66 0.0214424951
83 66 0.0214424951
133 66 0.0214424951
97 66 0.0214424951
513 66 0.0214424951
1449 66 0.0214424951
1300 66 0.0214424951
98 66 0.0214424951
738 66 0.0214424951
483 66 0.0214424951
1720 66 0.0214424951
253 66 0.0214424951
1473 66 0.0214424951
66 1242 1.0000000000
66 143 0.0445205479
66 101 0.0362537764
66 124 0.0193548387
66 98 0.0290556901
66 159 0.0418118467
66 100 0.0322580645
66 482 0.0944881890
66 1456 0.2500000000
66 70 0.0183946488
66 686 0.0982142857
66 2851 1.0000000000
66 409 0.0687500000
66 2856 1.0000000000
66 2594 1.0000000000
66 83 0.0200000000
66 133 0.0257611241
66 97 0.0227743271
66 1449 0.2500000000
66 1300 0.4400000000
66 1646 0.2558139535
66 738 0.1358024691
66 483 0.0940170940
66 1720 0.3333333333
66 253 0.0495495495
66 1473 0.2500000000
66 7603 0.0111576011
316 67 0.0184921764
87 67 0.0170697013
102 67 0.0170697013
159 67 0.0170697013
69 67 0.0170697013
588 67 0.0170697013
1289 67 0.0170697013
256 67 0.0170697013
615 67 0.0170697013
1068 67 0.0156472262
422 67 0.0156472262
130 67 0.0156472262
1363 67 0.0156472262
1843 67 0.0156472262
641 67 0.0156472262
95 67 0.0156472262
752 67 0.0156472262
746 67 0.0156472262
296 67 0.0156472262
453 67 0.0156472262
136 67 0.0156472262
5342 67 0.0156472262
1327 67 0.0156472262
85 67 0.0156472262
411 67 0.0156472262
137 67 0.0156472262
988 67 0.0156472262
260 67 0.0156472262
1150 67 0.0156472262
1760 67 0.0156472262
110 67 0.0156472262
634 67 0.0156472262
360 67 0.0156472262
70 67 0.0156472262
135 67 0.0156472262
255 67 0.0156472262
211 67 0.0156472262
79 67 0.0156472262
1603 67 0.0156472262
1290 67 0.0156472262
2800 67 0.0156472262
1288 67 0.0156472262
1730 67 0.0156472262
67 746 0.6451612903
67 70 0.0234113712
67 256 0.0391566265
67 87 0.0194489465
67 102 0.0291970803
67 69 0.0153452685
67 588 0.0895522388
67 255 0.0322580645
67 79 0.0159574468
67 316 0.0952380952
67 615 0.1445783133
67 1068 0.1428571429
67 422 0.0738255034
67 1363 0.2444444444
67 1843 0.3333333333
67 641 0.0601092896
67 95 0.0101476015
67 752 0.0990990991
67 296 0.0504587156
67 2247 0.5000000000
67 453 0.1122448980
67 136 0.0284974093
67 5342 0.0282051282
67 85 0.0132850242
67 411 0.0687500000
67 137 0.0328358209
67 988 0.1641791045
67 1327 0.2000000000
67 260 0.0376712329
67 1150 0.1964285714
67 1760 0.0894308943
67 110 0.0291005291
67 634 0.1325301205
67 159 0.0383275261
67 360 0.0493273543
67 135 0.0327380952
67 1289 0.2444444444
67 211 0.0345911950
67 1603 0.3333333333
67 1290 0.2444444444
67 2800 1.0000000000
67 1288 0.2000000000
67 1730 0.4782608696
814 68 0.0451467269
1807 68 0.0451467269
7336 68 0.0451467269
124 68 0.0383747178
2262 68 0.0338600451
296 68 0.0316027088
1364 68 0.0293453725
457 68 0.0293453725
591 68 0.0293453725
1866 68 0.0270880361
884 68 0.0270880361
177 68 0.0270880361
599 68 0.0248306998
1537 68 0.0248306998
3121 68 0.0248306998
881 68 0.0248306998
1828 68 0.0248306998
3099 68 0.0248306998
2272 68 0.0248306998
2297 68 0.0248306998
1051 68 0.0248306998
1531 68 0.0248306998
3029 68 0.0248306998
1168 68 0.0248306998
1804 68 0.0248306998
1803 68 0.0248306998
1105 68 0.0248306998
627 68 0.0248306998
166 68 0.0248306998
125 68 0.0203160271
68 814 1.0000000000
68 457 0.1186440678
68 296 0.0642201835
68 1364 0.5200000000
68 1866 0.5217391304
68 884 0.2448979592
68 881 0.2033898305
68 2262 1.0000000000
68 1803 0.5217391304
68 177 0.0059317845
68 178 0.0320699708
68 599 0.0820895522
68 1537 0.2500000000
68 3121 1.0000000000
68 1828 0.3333333333
68 3099 1.0000000000
68 2272 0.5000000000
68 2297 0.5000000000
68 1051 0.1641791045
68 124 0.0177419355
68 1531 0.3235294118
68 1807 0.3333333333
68 7336 0.3793103448
68 3029 1.0000000000
68 1804 0.3333333333
68 1168 0.4230769231
68 591 0.0964912281
68 627 0.1067961165
68 1105 0.2391304348
68 3024 1.0000000000
68 166 0.0209523810
68 7602 0.0000000000
68 7601 0.0000000000
68 7599 0.0000000000
68 7598 0.0000000000
68 7600 0.0000000000
68 7334 0.0000000000
68 7604 0.0000000000
68 408 0.0000000000
2171 69 0.0255754476
798 69 0.0191815857
232 69 0.0191815857
197 69 0.0166240409
98 69 0.0166240409
2177 69 0.0153452685
204 69 0.0153452685
171 69 0.0153452685
198 69 0.0153452685
1757 69 0.0153452685
370 69 0.0153452685
277 69 0.0153452685
142 69 0.0153452685
117 69 0.0153452685
235 69 0.0153452685
159 69 0.0153452685
453 69 0.0153452685
1302 69 0.0153452685
2163 69 0.0153452685
2241 69 0.0140664962
1780 69 0.0140664962
317 69 0.0140664962
1760 69 0.0140664962
1494 69 0.0140664962
1495 69 0.0140664962
1759 69 0.0140664962
2196 69 0.0140664962
800 69 0.0140664962
97 69 0.0140664962
1758 69 0.0140664962
161 69 0.0140664962
2874 69 0.0140664962
90 69 0.0140664962
258 69 0.0140664962
1318 69 0.0140664962
623 69 0.0140664962
739 69 0.0140664962
1752 69 0.0140664962
487 69 0.0140664962
1144 69 0.0140664962
266 69 0.0140664962
857 69 0.0140664962
257 69 0.0140664962
2863 69 0.0140664962
2861 69 0.0140664962
1749 69 0.0140664962
2850 69 0.0140664962
7550 69 0.0140664962
2847 69 0.0140664962
2176 69 0.0140664962
146 69 0.0140664962
70 69 0.0140664962
2169 69 0.0140664962
2153 69 0.0140664962
256 69 0.0140664962
1485 69 0.0140664962
686 69 0.0140664962
7592 69 0.0140664962
939 69 0.0140664962
156 69 0.0140664962
738 69 0.0140664962
229 69 0.0115089514
1569 69 0.0000000000
69 232 0.0862068966
69 98 0.0314769976
69 197 0.0351351351
69 1302 0.3714285714
69 171 0.0535714286
69 198 0.0545454545
69 1757 0.5217391304
69 487 0.0552995392
69 370 0.0697674419
69 235 0.0784313725
69 1748 0.5217391304
69 453 0.1224489796
69 346 0.0689655172
69 2241 0.5000000000
69 1780 0.4782608696
69 317 0.0753424658
69 2177 0.5000000000
69 1760 0.0894308943
69 204 0.0460251046
69 1495 0.3235294118
69 1759 0.4782608696
69 2196 0.5000000000
69 800 0.1833333333
69 97 0.0227743271
69 1758 0.3333333333
69 161 0.0277078086
69 2874 1.0000000000
69 90 0.0181518152
69 258 0.0404411765
69 1318 0.2444444444
69 623 0.0769230769
69 739 0.0780141844
69 1752 0.4782608696
69 1144 0.1964285714
69 266 0.0521327014
69 2183 0.5000000000
69 857 0.1392405063
69 257 0.0639534884
69 2863 1.0000000000
69 2861 1.0000000000
69 277 0.0423076923
69 1749 0.3333333333
69 2850 1.0000000000
69 7550 0.0395683453
69 142 0.0214843750
69 117 0.0182119205
69 2847 1.0000000000
69 939 0.1250000000
69 146 0.0274314214
69 70 0.0183946488
69 2169 0.5000000000
69 2153 0.5000000000
69 256 0.0331325301
69 1485 0.3235294118
69 2171 0.5000000000
69 2121 0.5000000000
69 686 0.0982142857
69 2163 0.5000000000
69 156 0.0250569476
69 738 0.1358024691
69 798 0.0109756098
69 7592 0.1666666667
279 70 0.0250836120
149 70 0.0234113712
360 70 0.0217391304
190 70 0.0217391304
98 70 0.0217391304
133 70 0.0217391304
427 70 0.0200668896
1767 70 0.0200668896
1308 70 0.0200668896
346 70 0.0200668896
142 70 0.0200668896
114 70 0.0183946488
196 70 0.0183946488
966 70 0.0183946488
591 70 0.0183946488
140 70 0.0183946488
106 70 0.0183946488
117 70 0.0183946488
108 70 0.0183946488
2175 70 0.0183946488
277 70 0.0183946488
75 70 0.0183946488
1140 70 0.0183946488
232 70 0.0183946488
371 70 0.0183946488
156 70 0.0183946488
211 70 0.0183946488
203 70 0.0183946488
7565 70 0.0183946488
491 70 0.0150501672
70 133 0.0304449649
70 279 0.0600000000
70 1767 0.5217391304
70 196 0.0407407407
70 966 0.1410256410
70 114 0.0252293578
70 698 0.1527777778
70 140 0.0294906166
70 360 0.0493273543
70 106 0.0200364299
70 427 0.1009174312
70 190 0.0353697749
70 258 0.0404411765
70 7387 0.2340425532
70 1308 0.2444444444
70 117 0.0182119205
70 2175 0.5000000000
70 277 0.0423076923
70 75 0.0179153094
70 346 0.0632183908
70 98 0.0266343826
70 108 0.0283505155
70 142 0.0214843750
70 232 0.0632183908
70 371 0.0572916667
70 156 0.0250569476
70 149 0.0305555556
70 211 0.0345911950
70 203 0.0367892977
70 7580 0.0782608696
70 491 0.0238726790
70 7603 0.0125523013
70 7388 0.1578947368
70 7565 0.0208816705
296 71 0.0649350649
243 71 0.0649350649
745 71 0.0649350649
968 71 0.0584415584
220 71 0.0584415584
349 71 0.0584415584
457 71 0.0487012987
1233 71 0.0487012987
1791 71 0.0422077922
742 71 0.0422077922
2969 71 0.0389610390
954 71 0.0357142857
2234 71 0.0357142857
1331 71 0.0357142857
486 71 0.0357142857
2223 71 0.0357142857
800 71 0.0357142857
71 243 0.2168674699
71 968 1.0000000000
71 349 0.1730769231
71 745 0.4146341463
71 296 0.0688073394
71 1791 1.0000000000
71 1233 0.5200000000
71 486 0.1940298507
71 800 0.2166666667
71 457 0.1016949153
71 742 0.2926829268
71 954 0.1617647059
71 2234 0.5000000000
71 2969 1.0000000000
71 1331 0.2000000000
71 2223 0.5000000000
262 72 0.0366972477
416 72 0.0275229358
118 72 0.0256880734
222 72 0.0256880734
546 72 0.0256880734
288 72 0.0238532110
935 72 0.0238532110
132 72 0.0238532110
830 72 0.0220183486
6369 72 0.0220183486
115 72 0.0220183486
2768 72 0.0220183486
2761 72 0.0220183486
1718 72 0.0220183486
77 72 0.0220183486
324 72 0.0220183486
181 72 0.0220183486
3347 72 0.0201834862
154 72 0.0201834862
896 72 0.0201834862
650 72 0.0201834862
280 72 0.0201834862
292 72 0.0201834862
158 72 0.0201834862
1838 72 0.0201834862
219 72 0.0201834862
1475 72 0.0201834862
113 72 0.0201834862
2762 72 0.0201834862
632 72 0.0201834862
284 72 0.0201834862
507 72 0.0201834862
1476 72 0.0201834862
447 72 0.0201834862
568 72 0.0201834862
99 72 0.0201834862
362 72 0.0146788991
72 262 0.0989010989
72 118 0.0354609929
72 416 0.1000000000
72 222 0.0441640379
72 935 0.2241379310
72 830 0.1714285714
72 219 0.0418118467
72 6369 0.1714285714
72 1476 0.3529411765
72 77 0.0220994475
72 324 0.0827586207
72 3347 1.0000000000
72 154 0.0224948875
72 896 0.1392405063
72 650 0.0718954248
72 280 0.0458333333
72 292 0.0460251046
72 158 0.0394265233
72 1838 0.3333333333
72 115 0.0217391304
72 546 0.1294117647
72 2761 1.0000000000
72 1475 0.2500000000
72 113 0.0236051502
72 2762 1.0000000000
72 632 0.0894308943
72 284 0.0526315789
72 507 0.0591397849
72 1279 0.2444444444
72 132 0.0326409496
72 447 0.0859375000
72 568 0.0887096774
72 181 0.0419847328
72 99 0.0260663507
72 2449 1.0000000000
72 362 0.0288065844
124 73 0.0304000000
120 73 0.0272000000
112 73 0.0224000000
82 73 0.0208000000
207 73 0.0192000000
163 73 0.0192000000
85 73 0.0192000000
463 73 0.0192000000
83 73 0.0192000000
156 73 0.0192000000
171 73 0.0192000000
103 73 0.0192000000
172 73 0.0192000000
1054 73 0.0192000000
528 73 0.0176000000
526 73 0.0176000000
3346 73 0.0176000000
7412 73 0.0176000000
95 73 0.0176000000
116 73 0.0176000000
262 73 0.0176000000
227 73 0.0176000000
494 73 0.0176000000
88 73 0.0176000000
460 73 0.0176000000
97 73 0.0176000000
155 73 0.0176000000
214 73 0.0176000000
136 73 0.0176000000
883 73 0.0176000000
1056 73 0.0176000000
331 73 0.0176000000
1051 73 0.0176000000
199 73 0.0176000000
123 73 0.0176000000
332 73 0.0176000000
92 73 0.0176000000
177 73 0.0176000000
278 73 0.0176000000
228 73 0.0176000000
813 73 0.0176000000
2336 73 0.0144000000
188 73 0.0144000000
73 120 0.0527950311
73 883 0.1573033708
73 112 0.0505415162
73 82 0.0249042146
73 207 0.0524017467
73 163 0.0337078652
73 85 0.0144927536
73 463 0.1764705882
73 83 0.0218181818
73 214 0.0447761194
73 103 0.0239520958
73 172 0.0348837209
73 1054 0.2553191489
73 1051 0.1791044776
73 332 0.0615384615
73 95 0.0110701107
73 222 0.0347003155
73 528 0.1279069767
73 526 0.0753424658
73 3346 1.0000000000
73 88 0.0241228070
73 3342 1.0000000000
73 7412 0.2500000000
73 116 0.0205607477
73 728 0.1803278689
73 262 0.0604395604
73 227 0.0591397849
73 494 0.0940170940
73 460 0.0743243243
73 97 0.0227743271
73 156 0.0250569476
73 155 0.0262529833
73 136 0.0284974093
73 171 0.0491071429
73 1056 0.2340425532
73 331 0.0594594595
73 199 0.0354838710
73 123 0.0281329923
73 92 0.0194690265
73 278 0.0550000000
73 228 0.0468085106
73 813 0.0916666667
73 2336 0.0208333333
73 7595 0.0221674877
73 124 0.0145161290
73 7525 0.0000000000
73 177 0.0000000000
73 7604 0.0000000000
73 7464 1.0000000000
7604 74 0.0617283951
1263 74 0.0462962963
1259 74 0.0462962963
312 74 0.0462962963
1605 74 0.0432098765
1448 74 0.0401234568
389 74 0.0370370370
1648 74 0.0370370370
1620 74 0.0370370370
131 74 0.0370370370
625 74 0.0339506173
1127 74 0.0339506173
824 74 0.0339506173
2857 74 0.0339506173
367 74 0.0339506173
293 74 0.0339506173
1087 74 0.0339506173
168 74 0.0339506173
74 1017 0.5925925926
74 1263 1.0000000000
74 131 0.0371352785
74 1259 0.5200000000
74 1448 0.3529411765
74 1648 0.5217391304
74 1620 0.5217391304
74 1605 0.5217391304
74 625 0.1182795699
74 1127 0.1666666667
74 1402 0.2500000000
74 1087 0.1666666667
74 168 0.0539215686
74 312 0.0873015873
78 75 0.0211726384
210 75 0.0211726384
212 75 0.0211726384
169 75 0.0211726384
152 75 0.0195439739
326 75 0.0195439739
216 75 0.0195439739
95 75 0.0179153094
85 75 0.0179153094
198 75 0.0179153094
5342 75 0.0179153094
266 75 0.0179153094
411 75 0.0179153094
204 75 0.0179153094
255 75 0.0179153094
133 75 0.0179153094
256 75 0.0179153094
315 75 0.0179153094
854 75 0.0179153094
226 75 0.0179153094
76 75 0.0179153094
132 75 0.0179153094
401 75 0.0179153094
7394 75 0.0179153094
719 75 0.0179153094
775 75 0.0179153094
467 75 0.0179153094
328 75 0.0179153094
568 75 0.0179153094
918 75 0.0179153094
1417 75 0.0179153094
1100 75 0.0179153094
75 78 0.0205696203
75 210 0.0822784810
75 266 0.0568720379
75 152 0.0388349515
75 326 0.0774193548
75 1100 0.2608695652
75 216 0.0552995392
75 95 0.0101476015
75 85 0.0132850242
75 198 0.0500000000
75 5342 0.0282051282
75 411 0.0687500000
75 204 0.0460251046
75 255 0.0295698925
75 133 0.0257611241
75 256 0.0331325301
75 315 0.0533980583
75 212 0.0482456140
75 854 0.1392405063
75 226 0.0308988764
75 76 0.0286458333
75 132 0.0326409496
75 401 0.0687500000
75 7394 0.1964285714
75 719 0.2156862745
75 775 0.1100000000
75 467 0.0748299320
75 169 0.0433070866
75 328 0.0448979592
75 568 0.0887096774
75 918 0.1617647059
75 1417 0.2500000000
2685 76 0.0520833333
2696 76 0.0520833333
2626 76 0.0520833333
2046 76 0.0520833333
2037 76 0.0520833333
314 76 0.0338541667
97 76 0.0338541667
678 76 0.0338541667
240 76 0.0338541667
79 76 0.0312500000
853 76 0.0312500000
303 76 0.0312500000
1011 76 0.0312500000
254 76 0.0312500000
1684 76 0.0286458333
78 76 0.0286458333
77 76 0.0286458333
1258 76 0.0286458333
84 76 0.0286458333
672 76 0.0286458333
480 76 0.0286458333
408 76 0.0286458333
911 76 0.0286458333
1941 76 0.0286458333
5342 76 0.0130208333
76 240 0.1626016260
76 303 0.0828025478
76 853 0.1518987342
76 2685 1.0000000000
76 1684 0.4782608696
76 78 0.0174050633
76 79 0.0146276596
76 77 0.0202578269
76 2696 1.0000000000
76 314 0.0533980583
76 97 0.0227743271
76 1011 0.1929824561
76 130 0.0220883534
76 339 0.0763888889
76 1258 0.2444444444
76 2626 1.0000000000
76 84 0.0193661972
76 2046 0.5000000000
76 619 0.0973451327
76 678 0.1527777778
76 672 0.1078431373
76 480 0.1264367816
76 2037 0.5000000000
76 408 0.0478260870
76 911 0.1250000000
76 1941 0.5000000000
132 77 0.0257826888
1328 77 0.0239410681
78 77 0.0239410681
161 77 0.0220994475
155 77 0.0220994475
938 77 0.0220994475
265 77 0.0220994475
1118 77 0.0220994475
545 77 0.0202578269
89 77 0.0202578269
177 77 0.0202578269
1715 77 0.0202578269
777 77 0.0202578269
4934 77 0.0202578269
384 77 0.0202578269
926 77 0.0202578269
664 77 0.0202578269
231 77 0.0202578269
131 77 0.0202578269
2667 77 0.0202578269
403 77 0.0202578269
857 77 0.0202578269
1638 77 0.0202578269
853 77 0.0202578269
660 77 0.0202578269
516 77 0.0202578269
1440 77 0.0202578269
408 77 0.0202578269
77 132 0.0415430267
77 155 0.0310262530
77 78 0.0205696203
77 268 0.0662983425
77 161 0.0302267003
77 131 0.0318302387
77 938 0.2068965517
77 408 0.0521739130
77 89 0.0194346290
77 177 0.0054374691
77 545 0.0814814815
77 1328 0.1294117647
77 777 0.0733333333
77 4934 0.1375000000
77 384 0.0607734807
77 926 0.0932203390
77 664 0.1078431373
77 231 0.0597826087
77 140 0.0294906166
77 2667 1.0000000000
77 403 0.0500000000
77 857 0.1392405063
77 1638 0.0718954248
77 853 0.1392405063
77 660 0.0982142857
77 516 0.0873015873
77 1440 0.3235294118
77 265 0.0683229814
77 1118 0.3055555556
623 78 0.0253164557
721 78 0.0237341772
142 78 0.0205696203
106 78 0.0205696203
146 78 0.0205696203
1133 78 0.0205696203
319 78 0.0189873418
90 78 0.0189873418
629 78 0.0189873418
1428 78 0.0189873418
1249 78 0.0189873418
511 78 0.0189873418
474 78 0.0189873418
203 78 0.0174050633
356 78 0.0174050633
739 78 0.0174050633
550 78 0.0174050633
1758 78 0.0174050633
487 78 0.0174050633
1511 78 0.0174050633
1137 78 0.0174050633
161 78 0.0174050633
260 78 0.0174050633
955 78 0.0174050633
798 78 0.0174050633
277 78 0.0174050633
632 78 0.0174050633
7526 78 0.0174050633
1290 78 0.0174050633
1022 78 0.0174050633
1021 78 0.0174050633
2739 78 0.0174050633
1473 78 0.0174050633
1638 78 0.0174050633
154 78 0.0174050633
2083 78 0.0174050633
113 78 0.0174050633
403 78 0.0174050633
1465 78 0.0174050633
1132 78 0.0174050633
543 78 0.0174050633
785 78 0.0174050633
2051 78 0.0174050633
7564 78 0.0174050633
108 78 0.0174050633
78 623 0.1118881119
78 142 0.0292968750
78 106 0.0273224044
78 721 0.2459016393
78 146 0.0324189526
78 1133 0.2826086957
78 319 0.0645161290
78 90 0.0198019802
78 629 0.1290322581
78 1638 0.0784313725
78 113 0.0257510730
78 1428 0.3529411765
78 785 0.1000000000
78 2051 1.0000000000
78 1249 0.1142857143
78 511 0.1578947368
78 474 0.0944881890
78 108 0.0309278351
78 203 0.0367892977
78 356 0.0718954248
78 739 0.0780141844
78 550 0.0956521739
78 1758 0.3333333333
78 487 0.0506912442
78 1511 0.3235294118
78 1137 0.1666666667
78 161 0.0277078086
78 260 0.0376712329
78 955 0.1410256410
78 798 0.0134146341
78 277 0.0423076923
78 632 0.0894308943
78 1290 0.2444444444
78 1022 0.1929824561
78 2739 1.0000000000
78 1021 0.1929824561
78 1473 0.2500000000
78 154 0.0224948875
78 2083 0.5000000000
78 403 0.0500000000
78 1465 0.3235294118
78 1132 0.1964285714
78 543 0.1692307692
78 7526 0.0000000000
97 79 0.0172872340
212 79 0.0172872340
1705 79 0.0159574468
730 79 0.0159574468
2723 79 0.0159574468
140 79 0.0159574468
2099 79 0.0159574468
580 79 0.0159574468
863 79 0.0159574468
2091 79 0.0146276596
314 79 0.0146276596
1704 79 0.0146276596
2688 79 0.0146276596
1018 79 0.0146276596
2086 79 0.0146276596
2683 79 0.0146276596
2654 79 0.0146276596
2678 79 0.0146276596
2672 79 0.0146276596
2675 79 0.0146276596
1700 79 0.0146276596
1697 79 0.0146276596
2670 79 0.0146276596
2749 79 0.0146276596
300 79 0.0146276596
386 79 0.0146276596
1130 79 0.0146276596
1714 79 0.0146276596
1660 79 0.0146276596
1472 79 0.0146276596
792 79 0.0146276596
272 79 0.0146276596
2104 79 0.0146276596
255 79 0.0146276596
2068 79 0.0146276596
1003 79 0.0146276596
90 79 0.0146276596
2706 79 0.0146276596
732 79 0.0146276596
405 79 0.0146276596
2708 79 0.0146276596
1133 79 0.0146276596
1276 79 0.0146276596
2530 79 0.0146276596
1132 79 0.0146276596
2101 79 0.0146276596
542 79 0.0146276596
937 79 0.0146276596
1273 79 0.0146276596
384 79 0.0146276596
1468 79 0.0146276596
380 79 0.0146276596
2087 79 0.0146276596
2092 79 0.0146276596
2694 79 0.0146276596
926 79 0.0146276596
1120 79 0.0146276596
155 79 0.0146276596
624 79 0.0146276596
79 140 0.0321715818
79 2091 0.5000000000
79 314 0.0533980583
79 1705 0.3333333333
79 730 0.1803278689
79 1704 0.4782608696
79 2688 1.0000000000
79 1018 0.1929824561
79 2086 0.5000000000
79 2683 1.0000000000
79 2654 1.0000000000
79 2678 1.0000000000
79 2672 1.0000000000
79 2675 1.0000000000
79 1700 0.3333333333
79 2670 1.0000000000
79 1697 0.3333333333
79 212 0.0482456140
79 2749 1.0000000000
79 300 0.0802919708
79 97 0.0227743271
79 386 0.0839694656
79 1130 0.2391304348
79 272 0.0297297297
79 1714 0.3333333333
79 1660 0.3333333333
79 1472 0.1718750000
79 792 0.0785714286
79 2723 1.0000000000
79 255 0.0295698925
79 2104 0.5000000000
79 2068 0.5000000000
79 1003 0.2340425532
79 90 0.0181518152
79 2099 0.5000000000
79 732 0.1208791209
79 405 0.0916666667
79 580 0.0763888889
79 2706 1.0000000000
79 2708 1.0000000000
79 1133 0.2391304348
79 1276 0.2000000000
79 2530 1.0000000000
79 1132 0.1964285714
79 2101 0.5000000000
79 542 0.0814814815
79 937 0.0696202532
79 1273 0.2444444444
79 384 0.0607734807
79 1468 0.3235294118
79 380 0.0909090909
79 2087 0.5000000000
79 2092 0.5000000000
79 2694 1.0000000000
79 926 0.0932203390
79 1120 0.1964285714
79 863 0.0691823899
79 155 0.0262529833
79 624 0.2075471698
244 80 0.0473933649
1047 80 0.0426540284
301 80 0.0426540284
598 80 0.0379146919
491 80 0.0379146919
269 80 0.0355450237
384 80 0.0355450237
555 80 0.0308056872
196 80 0.0308056872
698 80 0.0308056872
190 80 0.0308056872
1921 80 0.0284360190
176 80 0.0284360190
286 80 0.0284360190
459 80 0.0260663507
2991 80 0.0260663507
267 80 0.0260663507
371 80 0.0260663507
876 80 0.0260663507
747 80 0.0260663507
260 80 0.0260663507
1134 80 0.0260663507
1147 80 0.0260663507
2925 80 0.0260663507
117 80 0.0260663507
80 301 0.1538461538
80 1047 0.5555555556
80 268 0.0828729282
80 598 0.1547619048
80 555 0.1733333333
80 286 0.0817610063
80 384 0.0662983425
80 1504 0.5000000000
80 459 0.0859375000
80 269 0.0521327014
80 2991 1.0000000000
80 698 0.1527777778
80 371 0.0572916667
80 876 0.0614525140
80 747 0.0990990991
80 260 0.0376712329
80 491 0.0291777188
80 1134 0.1964285714
80 184 0.0454545455
80 2925 1.0000000000
80 7599 0.0000000000
80 7598 0.0000000000
80 7604 0.0000000000
971 81 0.0423728814
290 81 0.0317796610
247 81 0.0317796610
2357 81 0.0317796610
1198 81 0.0275423729
105 81 0.0275423729
1573 81 0.0275423729
128 81 0.0254237288
1859 81 0.0254237288
229 81 0.0254237288
754 81 0.0254237288
890 81 0.0254237288
3331 81 0.0233050847
467 81 0.0233050847
248 81 0.0233050847
173 81 0.0233050847
3250 81 0.0233050847
1570 81 0.0233050847
219 81 0.0233050847
391 81 0.0233050847
627 81 0.0233050847
3244 81 0.0233050847
413 81 0.0233050847
557 81 0.0233050847
412 81 0.0233050847
645 81 0.0233050847
115 81 0.0233050847
81 1198 0.2826086957
81 105 0.0276595745
81 290 0.0501930502
81 971 0.3421052632
81 128 0.0308483290
81 754 0.0794701987
81 890 0.1348314607
81 3331 1.0000000000
81 467 0.0748299320
81 1562 0.2500000000
81 1553 0.2500000000
81 248 0.0601092896
81 173 0.0302197802
81 3250 1.0000000000
81 1570 0.2500000000
81 391 0.0683229814
81 627 0.1067961165
81 3244 1.0000000000
81 1859 0.3333333333
81 1573 0.3235294118
81 413 0.0785714286
81 229 0.0564102564
81 247 0.0516431925
81 557 0.1047619048
81 2357 0.5000000000
81 412 0.0578947368
81 645 0.0601092896
81 115 0.0217391304
7503 82 0.0363984674
158 82 0.0344827586
288 82 0.0306513410
351 82 0.0268199234
120 82 0.0249042146
904 82 0.0229885057
125 82 0.0229885057
222 82 0.0229885057
980 82 0.0229885057
704 82 0.0229885057
174 82 0.0229885057
1490 82 0.0229885057
3416 82 0.0210727969
179 82 0.0210727969
376 82 0.0210727969
88 82 0.0210727969
164 82 0.0210727969
825 82 0.0210727969
321 82 0.0210727969
417 82 0.0210727969
141 82 0.0210727969
7591 82 0.0210727969
7568 82 0.0210727969
3360 82 0.0210727969
163 82 0.0210727969
118 82 0.0210727969
3343 82 0.0210727969
95 82 0.0210727969
707 82 0.0210727969
219 82 0.0210727969
506 82 0.0210727969
2336 82 0.0153256705
82 158 0.0645161290
82 288 0.0385604113
82 351 0.0853658537
82 321 0.0738636364
82 120 0.0403726708
82 904 0.1518987342
82 125 0.0171428571
82 417 0.0857142857
82 7503 0.4285714286
82 222 0.0378548896
82 980 0.1764705882
82 704 0.1463414634
82 174 0.0370370370
82 1490 0.3529411765
82 3416 1.0000000000
82 179 0.0434782609
82 376 0.0572916667
82 164 0.0337423313
82 825 0.1222222222
82 3360 1.0000000000
82 163 0.0308988764
82 118 0.0260047281
82 3343 1.0000000000
82 95 0.0101476015
82 707 0.0901639344
82 219 0.0383275261
82 506 0.1145833333
82 2336 0.0000000000
82 7591 0.0000000000
82 7568 0.0000000000
207 83 0.0272727273
177 83 0.0272727273
185 83 0.0236363636
591 83 0.0236363636
394 83 0.0236363636
7600 83 0.0236363636
1048 83 0.0218181818
7595 83 0.0218181818
107 83 0.0218181818
279 83 0.0218181818
124 83 0.0218181818
329 83 0.0218181818
390 83 0.0218181818
166 83 0.0218181818
133 83 0.0218181818
684 83 0.0200000000
7419 83 0.0200000000
333 83 0.0200000000
967 83 0.0200000000
92 83 0.0200000000
482 83 0.0200000000
253 83 0.0200000000
277 83 0.0200000000
2960 83 0.0200000000
171 83 0.0200000000
687 83 0.0200000000
1760 83 0.0200000000
7566 83 0.0200000000
7499 83 0.0200000000
255 83 0.0200000000
1458 83 0.0200000000
83 177 0.0069204152
83 591 0.1140350877
83 394 0.1830985915
83 1048 0.2553191489
83 107 0.0308483290
83 7552 0.0256959315
83 166 0.0228571429
83 133 0.0281030445
83 207 0.0480349345
83 333 0.0709677419
83 967 0.1410256410
83 92 0.0194690265
83 279 0.0550000000
83 482 0.0866141732
83 253 0.0495495495
83 277 0.0423076923
83 2960 1.0000000000
83 390 0.1208791209
83 171 0.0491071429
83 1760 0.0894308943
83 7566 1.0000000000
83 7499 0.2894736842
83 255 0.0295698925
83 487 0.0322580645
83 7600 0.0090497738
83 7604 0.0000000000
83 7595 0.0000000000
83 7603 0.0000000000
450 84 0.0352112676
138 84 0.0264084507
381 84 0.0228873239
863 84 0.0211267606
109 84 0.0211267606
404 84 0.0211267606
445 84 0.0211267606
324 84 0.0211267606
113 84 0.0211267606
106 84 0.0211267606
382 84 0.0211267606
7569 84 0.0211267606
148 84 0.0211267606
619 84 0.0193661972
215 84 0.0193661972
1975 84 0.0193661972
853 84 0.0193661972
1417 84 0.0193661972
507 84 0.0193661972
224 84 0.0193661972
909 84 0.0193661972
1423 84 0.0193661972
339 84 0.0193661972
1100 84 0.0193661972
609 84 0.0193661972
500 84 0.0193661972
718 84 0.0193661972
1616 84 0.0193661972
1628 84 0.0193661972
7589 84 0.0193661972
536 84 0.0193661972
299 84 0.0193661972
1098 84 0.0193661972
2481 84 0.0193661972
610 84 0.0193661972
848 84 0.0193661972
419 84 0.0193661972
1083 84 0.0193661972
775 84 0.0193661972
1619 84 0.0193661972
99 84 0.0193661972
5342 84 0.0123239437
84 450 0.4166666667
84 263 0.1526717557
84 138 0.0547445255
84 381 0.1171171171
84 863 0.0754716981
84 109 0.0251046025
84 404 0.0600000000
84 324 0.0827586207
84 7589 0.1276595745
84 106 0.0218579235
84 382 0.0568720379
84 848 0.1739130435
84 619 0.0973451327
84 215 0.0588235294
84 1975 0.5000000000
84 853 0.1392405063
84 1417 0.2500000000
84 507 0.0591397849
84 224 0.0466101695
84 909 0.1617647059
84 1423 0.3235294118
84 339 0.0763888889
84 609 0.0973451327
84 1100 0.2391304348
84 500 0.1279069767
84 718 0.1089108911
84 1616 0.4782608696
84 1628 0.3333333333
84 445 0.1617647059
84 299 0.0588235294
84 1098 0.1964285714
84 2481 1.0000000000
84 610 0.1067961165
84 1083 0.1666666667
84 775 0.1100000000
84 1619 0.3333333333
84 99 0.0260663507
84 148 0.0314285714
205 85 0.0193236715
250 85 0.0181159420
249 85 0.0157004831
103 85 0.0157004831
320 85 0.0144927536
3415 85 0.0144927536
291 85 0.0144927536
191 85 0.0144927536
288 85 0.0144927536
125 85 0.0144927536
164 85 0.0144927536
617 85 0.0144927536
2328 85 0.0144927536
89 85 0.0144927536
165 85 0.0144927536
491 85 0.0144927536
7335 85 0.0132850242
238 85 0.0132850242
246 85 0.0132850242
88 85 0.0132850242
141 85 0.0132850242
1180 85 0.0132850242
118 85 0.0132850242
7087 85 0.0132850242
398 85 0.0132850242
2373 85 0.0132850242
173 85 0.0132850242
601 85 0.0132850242
87 85 0.0132850242
242 85 0.0132850242
207 85 0.0132850242
93 85 0.0132850242
967 85 0.0132850242
295 85 0.0132850242
287 85 0.0132850242
146 85 0.0132850242
7428 85 0.0132850242
1162 85 0.0132850242
360 85 0.0132850242
804 85 0.0132850242
177 85 0.0132850242
107 85 0.0132850242
97 85 0.0132850242
166 85 0.0132850242
941 85 0.0132850242
2951 85 0.0132850242
106 85 0.0132850242
157 85 0.0132850242
192 85 0.0108695652
375 85 0.0108695652
337 85 0.0084541063
2336 85 0.0084541063
7579 85 0.0060386473
222 85 0.0000000000
85 205 0.0517799353
85 250 0.0824175824
85 171 0.0625000000
85 249 0.0416666667
85 647 0.1566265060
85 103 0.0259481038
85 188 0.0301624130
85 320 0.0681818182
85 291 0.0754716981
85 95 0.0110701107
85 191 0.0459770115
85 288 0.0308483290
85 125 0.0171428571
85 89 0.0212014134
85 491 0.0318302387
85 3415 1.0000000000
85 238 0.0541871921
85 246 0.0769230769
85 1570 0.2500000000
85 2369 0.1195652174
85 141 0.0320699708
85 1180 0.1964285714
85 118 0.0260047281
85 399 0.2156862745
85 398 0.0607734807
85 2408 0.2115384615
85 7398 0.1447368421
85 2373 0.5000000000
85 173 0.0302197802
85 601 0.1718750000
85 87 0.0178282010
85 164 0.0337423313
85 242 0.0516431925
85 207 0.0480349345
85 617 0.0973451327
85 93 0.0236559140
85 967 0.1410256410
85 295 0.0395683453
85 2328 0.5000000000
85 287 0.0552763819
85 146 0.0274314214
85 7428 0.5000000000
85 1162 0.1279069767
85 92 0.0194690265
85 360 0.0493273543
85 165 0.0488888889
85 804 0.1375000000
85 7588 0.0808823529
85 107 0.0282776350
85 97 0.0227743271
85 166 0.0209523810
85 941 0.0743243243
85 2951 1.0000000000
85 106 0.0200364299
85 157 0.0394265233
85 375 0.0371900826
85 1322 0.0782608696
85 199 0.0290322581
85 703 0.0737704918
85 2336 0.0185185185
85 222 0.0252365931
85 7503 0.2500000000
85 882 0.0707070707
85 7602 0.0000000000
85 7601 0.0000000000
85 7599 0.0000000000
85 7598 0.0000000000
85 7334 0.0000000000
85 7604 0.0000000000
85 177 0.0000000000
85 7579 0.0000000000
104 86 0.0543478261
7386 86 0.0407608696
2336 86 0.0407608696
7335 86 0.0380434783
114 86 0.0380434783
1074 86 0.0353260870
98 86 0.0353260870
233 86 0.0353260870
192 86 0.0353260870
269 86 0.0353260870
126 86 0.0353260870
87 86 0.0326086957
766 86 0.0326086957
164 86 0.0326086957
337 86 0.0326086957
281 86 0.0326086957
3372 86 0.0326086957
832 86 0.0326086957
1906 86 0.0298913043
498 86 0.0298913043
1590 86 0.0298913043
246 86 0.0298913043
2417 86 0.0298913043
7087 86 0.0298913043
94 86 0.0298913043
86 94 0.0784313725
86 192 0.0633484163
86 114 0.0298165138
86 98 0.0314769976
86 233 0.0670103093
86 7335 0.1739130435
86 897 0.1739130435
86 87 0.0194489465
86 2336 0.0277777778
86 766 0.1081081081
86 126 0.0388349515
86 104 0.0266666667
86 3440 1.0000000000
86 3444 1.0000000000
86 246 0.0769230769
86 906 0.1111111111
86 337 0.0628571429
86 1906 0.3333333333
86 164 0.0337423313
86 558 0.0880000000
86 352 0.0820895522
86 1204 0.4230769231
86 3395 1.0000000000
86 3393 1.0000000000
86 1200 0.3055555556
86 832 0.1375000000
86 1593 0.4583333333
86 1891 0.3333333333
86 7386 0.3214285714
86 469 0.0573248408
86 145 0.0101010101
86 3383 0.2903225806
86 7393 0.2432432432
86 7560 0.1216216216
86 7369 0.4210526316
86 7552 0.0000000000
397 87 0.0226904376
824 87 0.0210696921
269 87 0.0194489465
96 87 0.0194489465
291 87 0.0194489465
1045 87 0.0194489465
526 87 0.0194489465
104 87 0.0194489465
2155 87 0.0194489465
602 87 0.0194489465
454 87 0.0194489465
241 87 0.0194489465
158 87 0.0194489465
2417 87 0.0178282010
191 87 0.0178282010
192 87 0.0178282010
98 87 0.0178282010
206 87 0.0178282010
7398 87 0.0178282010
1884 87 0.0178282010
3318 87 0.0178282010
702 87 0.0178282010
259 87 0.0178282010
280 87 0.0178282010
163 87 0.0178282010
7412 87 0.0178282010
309 87 0.0178282010
154 87 0.0178282010
707 87 0.0178282010
424 87 0.0178282010
3306 87 0.0178282010
1863 87 0.0178282010
1880 87 0.0178282010
1156 87 0.0178282010
2080 87 0.0178282010
288 87 0.0178282010
1381 87 0.0178282010
572 87 0.0178282010
592 87 0.0178282010
395 87 0.0178282010
87 397 0.0818713450
87 126 0.0388349515
87 1070 0.2553191489
87 206 0.0547945205
87 707 0.0983606557
87 424 0.0670391061
87 602 0.1052631579
87 454 0.0810810811
87 2080 1.0000000000
87 241 0.0439560440
87 158 0.0430107527
87 96 0.0218253968
87 291 0.0691823899
87 192 0.0497737557
87 171 0.0491071429
87 1045 0.1929824561
87 157 0.0394265233
87 526 0.0753424658
87 3318 1.0000000000
87 1884 0.3333333333
87 702 0.0982142857
87 259 0.0404411765
87 280 0.0458333333
87 2155 0.5000000000
87 163 0.0308988764
87 7412 0.2500000000
87 309 0.0428015564
87 154 0.0224948875
87 3306 1.0000000000
87 1863 0.4782608696
87 1880 0.3333333333
87 1156 0.1666666667
87 288 0.0282776350
87 1381 0.3142857143
87 572 0.1170212766
87 592 0.0964912281
87 395 0.0575916230
87 133 0.0210772834
87 214 0.0335820896
87 491 0.0212201592
87 7415 0.0559440559
87 7552 0.0042826552
87 7591 0.0000000000
87 7473 1.0000000000
87 7542 0.5000000000
461 88 0.0438596491
646 88 0.0372807018
129 88 0.0307017544
1518 88 0.0285087719
125 88 0.0285087719
140 88 0.0285087719
245 88 0.0263157895
124 88 0.0263157895
288 88 0.0241228070
173 88 0.0241228070
666 88 0.0241228070
308 88 0.0241228070
3235 88 0.0241228070
1187 88 0.0241228070
296 88 0.0241228070
684 88 0.0241228070
882 88 0.0241228070
179 88 0.0241228070
1309 88 0.0241228070
1405 88 0.0241228070
7419 88 0.0000000000
88 461 0.5263157895
88 646 0.3207547170
88 245 0.0459363958
88 125 0.0185714286
88 140 0.0348525469
88 1201 0.3333333333
88 1518 0.5000000000
88 145 0.0134680135
88 288 0.0282776350
88 164 0.0337423313
88 173 0.0302197802
88 318 0.0625000000
88 7398 0.1447368421
88 666 0.0833333333
88 92 0.0194690265
88 308 0.0802919708
88 3235 1.0000000000
88 296 0.0504587156
88 815 0.1000000000
88 95 0.0101476015
88 684 0.1195652174
88 179 0.0434782609
88 1309 0.2444444444
88 129 0.0482456140
88 1405 0.2500000000
88 7559 0.6428571429
88 7328 0.0825688073
88 124 0.0145161290
88 7404 1.0000000000
88 7552 0.0064239829
88 185 0.0000000000
88 7543 0.5000000000
88 7419 0.0000000000
88 177 0.0000000000
254 89 0.0353356890
373 89 0.0300353357
395 89 0.0265017668
160 89 0.0265017668
699 89 0.0229681979
121 89 0.0212014134
302 89 0.0212014134
132 89 0.0212014134
2043 89 0.0212014134
175 89 0.0212014134
1193 89 0.0194346290
124 89 0.0194346290
2269 89 0.0194346290
203 89 0.0194346290
519 89 0.0194346290
945 89 0.0194346290
122 89 0.0194346290
946 89 0.0194346290
154 89 0.0194346290
587 89 0.0194346290
629 89 0.0194346290
1708 89 0.0194346290
516 89 0.0194346290
2097 89 0.0194346290
253 89 0.0194346290
90 89 0.0194346290
1690 89 0.0194346290
406 89 0.0194346290
1267 89 0.0194346290
2628 89 0.0194346290
2625 89 0.0194346290
2623 89 0.0194346290
931 89 0.0194346290
1453 89 0.0194346290
2033 89 0.0194346290
3774 89 0.0194346290
369 89 0.0194346290
7564 89 0.0000000000
89 373 0.0988372093
89 395 0.0785340314
89 160 0.1094890511
89 369 0.0845070423
89 175 0.0383386581
89 124 0.0177419355
89 2269 0.5000000000
89 699 0.2115384615
89 519 0.0662650602
89 122 0.0288713911
89 945 0.1410256410
89 587 0.0763888889
89 946 0.0654761905
89 154 0.0224948875
89 629 0.1182795699
89 2097 0.5000000000
89 516 0.0873015873
89 1708 0.3333333333
89 2096 0.5000000000
89 253 0.0495495495
89 90 0.0181518152
89 1690 0.4782608696
89 406 0.0578947368
89 1267 0.2444444444
89 2628 1.0000000000
89 2625 1.0000000000
89 2623 1.0000000000
89 302 0.0802919708
89 931 0.1896551724
89 1453 0.2500000000
89 254 0.0723684211
89 132 0.0326409496
89 3774 0.1222222222
89 2043 0.5000000000
89 7439 0.0000000000
89 7564 0.0000000000
357 90 0.0247524752
100 90 0.0247524752
145 90 0.0247524752
7564 90 0.0247524752
328 90 0.0231023102
570 90 0.0214521452
314 90 0.0214521452
219 90 0.0198019802
175 90 0.0198019802
266 90 0.0181518152
883 90 0.0181518152
395 90 0.0181518152
154 90 0.0181518152
203 90 0.0181518152
506 90 0.0181518152
189 90 0.0181518152
286 90 0.0181518152
122 90 0.0181518152
117 90 0.0181518152
402 90 0.0181518152
137 90 0.0181518152
405 90 0.0181518152
131 90 0.0181518152
2038 90 0.0181518152
516 90 0.0181518152
132 90 0.0181518152
1011 90 0.0181518152
841 90 0.0181518152
227 90 0.0148514851
177 90 0.0099009901
90 357 0.0920245399
90 100 0.0403225806
90 145 0.0168350168
90 7564 0.0168350168
90 328 0.0571428571
90 570 0.1250000000
90 314 0.0631067961
90 219 0.0418118467
90 266 0.0521327014
90 883 0.1235955056
90 395 0.0575916230
90 154 0.0224948875
90 203 0.0367892977
90 506 0.1145833333
90 189 0.0547263682
90 286 0.0691823899
90 122 0.0288713911
90 117 0.0182119205
90 402 0.0733333333
90 137 0.0328358209
90 405 0.0916666667
90 175 0.0351437700
90 131 0.0291777188
90 2038 0.5000000000
90 516 0.0873015873
90 132 0.0326409496
90 1011 0.1929824561
90 841 0.1392405063
90 7572 0.3333333333
194 91 0.0571428571
234 91 0.0571428571
152 91 0.0444444444
441 91 0.0412698413
293 91 0.0412698413
625 91 0.0380952381
223 91 0.0380952381
119 91 0.0380952381
297 91 0.0380952381
126 91 0.0349206349
1665 91 0.0349206349
1084 91 0.0349206349
7546 91 0.0349206349
438 91 0.0349206349
769 91 0.0349206349
532 91 0.0349206349
168 91 0.0349206349
7424 91 0.0349206349
91 194 0.0818181818
91 200 0.1132075472
91 234 0.1176470588
91 469 0.1146496815
91 152 0.0453074434
91 441 0.1101694915
91 168 0.0637254902
91 625 0.1290322581
91 1084 0.2608695652
91 223 0.0582524272
91 119 0.0384615385
91 1665 0.3333333333
91 438 0.1122448980
91 769 0.1222222222
91 532 0.1466666667
91 7424 0.5000000000
91 297 0.0940170940
91 7546 0.0000000000
105 92 0.0265486726
821 92 0.0265486726
1620 92 0.0230088496
462 92 0.0212389381
7444 92 0.0212389381
93 92 0.0212389381
238 92 0.0212389381
1053 92 0.0212389381
95 92 0.0212389381
207 92 0.0194690265
526 92 0.0194690265
141 92 0.0194690265
309 92 0.0194690265
976 92 0.0194690265
289 92 0.0194690265
296 92 0.0194690265
1847 92 0.0194690265
648 92 0.0194690265
1833 92 0.0194690265
1560 92 0.0194690265
103 92 0.0194690265
345 92 0.0194690265
331 92 0.0194690265
110 92 0.0194690265
199 92 0.0194690265
1323 92 0.0194690265
177 92 0.0194690265
360 92 0.0194690265
640 92 0.0194690265
2985 92 0.0194690265
1150 92 0.0194690265
958 92 0.0194690265
174 92 0.0159292035
92 105 0.0319148936
92 821 0.3000000000
92 1053 0.2280701754
92 141 0.0349854227
92 462 0.0810810811
92 309 0.0466926070
92 1576 0.5000000000
92 976 0.2500000000
92 93 0.0258064516
92 238 0.0591133005
92 95 0.0110701107
92 207 0.0480349345
92 526 0.0753424658
92 289 0.0552763819
92 7444 0.2156862745
92 296 0.0504587156
92 1847 0.3333333333
92 648 0.2075471698
92 1833 0.3333333333
92 1425 0.2500000000
92 3208 1.0000000000
92 132 0.0326409496
92 1560 0.2500000000
92 1620 0.4782608696
92 103 0.0219560878
92 1821 0.3333333333
92 331 0.0594594595
92 110 0.0291005291
92 199 0.0354838710
92 1323 0.4400000000
92 345 0.0714285714
92 177 0.0054374691
92 640 0.1506849315
92 2985 1.0000000000
92 1150 0.1964285714
92 958 0.1122448980
92 3774 0.0000000000
248 93 0.0301075269
111 93 0.0279569892
891 93 0.0279569892
95 93 0.0279569892
376 93 0.0258064516
125 93 0.0258064516
308 93 0.0258064516
484 93 0.0258064516
174 93 0.0258064516
141 93 0.0236559140
173 93 0.0236559140
706 93 0.0236559140
1068 93 0.0236559140
1865 93 0.0236559140
7468 93 0.0236559140
158 93 0.0236559140
295 93 0.0236559140
197 93 0.0236559140
1064 93 0.0236559140
6369 93 0.0236559140
115 93 0.0236559140
259 93 0.0236559140
288 93 0.0236559140
262 93 0.0236559140
229 93 0.0236559140
3171 93 0.0236559140
7550 93 0.0021505376
93 764 0.6451612903
93 248 0.0765027322
93 111 0.0397553517
93 262 0.0714285714
93 891 0.2203389831
93 376 0.0625000000
93 125 0.0171428571
93 335 0.1043478261
93 308 0.0875912409
93 174 0.0370370370
93 95 0.0110701107
93 3412 1.0000000000
93 141 0.0320699708
93 484 0.0802919708
93 3284 1.0000000000
93 706 0.0982142857
93 1068 0.1428571429
93 1865 0.3333333333
93 158 0.0394265233
93 197 0.0297297297
93 1064 0.1929824561
93 295 0.0395683453
93 6369 0.1571428571
93 115 0.0217391304
93 259 0.0404411765
93 288 0.0282776350
93 229 0.0564102564
93 3171 1.0000000000
93 7342 1.0000000000
93 7515 1.0000000000
93 7469 1.0000000000
93 7550 0.0000000000
93 7468 1.0000000000
93 177 0.0000000000
7335 94 0.0784313725
233 94 0.0784313725
114 94 0.0784313725
104 94 0.0784313725
605 94 0.0509803922
491 94 0.0470588235
1074 94 0.0431372549
98 94 0.0431372549
651 94 0.0431372549
96 94 0.0431372549
2336 94 0.0431372549
832 94 0.0431372549
375 94 0.0431372549
126 94 0.0431372549
94 233 0.0567010309
94 766 0.0990990991
94 337 0.0628571429
94 2336 0.0254629630
94 498 0.0658682635
94 558 0.0880000000
94 96 0.0218253968
94 376 0.0572916667
94 98 0.0266343826
94 375 0.0454545455
94 126 0.0355987055
94 900 0.1392405063
94 1891 0.3333333333
94 352 0.0820895522
94 281 0.0423076923
94 279 0.0550000000
94 192 0.0497737557
94 104 0.0244444444
94 164 0.0337423313
94 114 0.0252293578
3179 95 0.0138376384
391 95 0.0138376384
526 95 0.0119926199
174 95 0.0119926199
315 95 0.0119926199
493 95 0.0119926199
108 95 0.0119926199
278 95 0.0119926199
245 95 0.0110701107
1065 95 0.0110701107
2336 95 0.0110701107
413 95 0.0110701107
2330 95 0.0110701107
242 95 0.0110701107
331 95 0.0110701107
345 95 0.0110701107
5679 95 0.0110701107
179 95 0.0110701107
966 95 0.0110701107
411 95 0.0110701107
2410 95 0.0101476015
3403 95 0.0101476015
2380 95 0.0101476015
464 95 0.0101476015
96 95 0.0101476015
191 95 0.0101476015
205 95 0.0101476015
1889 95 0.0101476015
185 95 0.0101476015
1370 95 0.0101476015
332 95 0.0101476015
666 95 0.0101476015
136 95 0.0101476015
3246 95 0.0101476015
246 95 0.0101476015
2358 95 0.0101476015
553 95 0.0101476015
244 95 0.0101476015
1045 95 0.0101476015
1278 95 0.0101476015
362 95 0.0101476015
1307 95 0.0101476015
241 95 0.0101476015
7432 95 0.0101476015
177 95 0.0101476015
288 95 0.0101476015
172 95 0.0101476015
643 95 0.0101476015
2304 95 0.0101476015
941 95 0.0101476015
752 95 0.0101476015
1171 95 0.0101476015
1348 95 0.0101476015
287 95 0.0101476015
123 95 0.0101476015
813 95 0.0101476015
882 95 0.0101476015
396 95 0.0101476015
428 95 0.0101476015
125 95 0.0083025830
111 95 0.0083025830
145 95 0.0083025830
424 95 0.0083025830
2369 95 0.0000000000
7604 95 0.0000000000
7598 95 0.0000000000
7601 95 0.0000000000
7602 95 0.0000000000
7584 95 0.0000000000
95 188 0.0440835267
95 394 0.2394366197
95 1829 1.0000000000
95 493 0.1111111111
95 526 0.0821917808
95 391 0.0745341615
95 315 0.0582524272
95 242 0.0563380282
95 331 0.0648648649
95 5679 0.1090909091
95 179 0.0474308300
95 221 0.1025641026
95 966 0.1538461538
95 345 0.0779220779
95 411 0.0750000000
95 278 0.0600000000
95 2410 0.5000000000
95 3403 1.0000000000
95 245 0.0388692580
95 464 0.1617647059
95 1065 0.1428571429
95 2336 0.0254629630
95 191 0.0421455939
95 205 0.0355987055
95 105 0.0234042553
95 1889 0.3333333333
95 154 0.0224948875
95 2953 1.0000000000
95 373 0.0639534884
95 3302 1.0000000000
95 1370 0.2000000000
95 666 0.0833333333
95 5342 0.0282051282
95 1874 0.4782608696
95 136 0.0284974093
95 3246 1.0000000000
95 413 0.0785714286
95 246 0.0769230769
95 2358 0.5000000000
95 553 0.0666666667
95 3179 1.0000000000
95 1045 0.1929824561
95 332 0.0564102564
95 244 0.0287206266
95 1278 0.2444444444
95 104 0.0244444444
95 174 0.0339506173
95 2330 0.5000000000
95 1307 0.2444444444
95 241 0.0402930403
95 7432 0.5000000000
95 7550 0.0395683453
95 172 0.0319767442
95 643 0.1067961165
95 2304 0.5000000000
95 111 0.0336391437
95 752 0.0990990991
95 941 0.0743243243
95 1171 0.2391304348
95 318 0.0625000000
95 1348 0.2000000000
95 123 0.0281329923
95 185 0.0273631841
95 882 0.1111111111
95 813 0.0916666667
95 228 0.0468085106
95 396 0.0683229814
95 362 0.0452674897
95 428 0.1594202899
95 7497 1.0000000000
95 103 0.0179640719
95 3134 0.2903225806
95 2257 0.1730769231
95 177 0.0044488384
95 7339 1.0000000000
95 145 0.0101010101
95 424 0.0502793296
95 124 0.0145161290
95 7580 0.0782608696
95 288 0.0205655527
95 125 0.0000000000
95 2369 0.0000000000
95 7602 0.0000000000
95 7601 0.0000000000
95 7599 0.0000000000
95 7598 0.0000000000
95 7604 0.0000000000
95 7574 0.3333333333
95 7581 0.0000000000
95 7584 0.0000000000
95 7600 0.0000000000
95 7548 0.0000000000
525 96 0.0396825397
125 96 0.0317460317
605 96 0.0297619048
2336 96 0.0257936508
126 96 0.0238095238
499 96 0.0238095238
141 96 0.0238095238
279 96 0.0238095238
1379 96 0.0238095238
376 96 0.0238095238
984 96 0.0238095238
704 96 0.0238095238
906 96 0.0218253968
3404 96 0.0218253968
163 96 0.0218253968
3387 96 0.0218253968
491 96 0.0218253968
824 96 0.0218253968
250 96 0.0218253968
375 96 0.0218253968
351 96 0.0218253968
281 96 0.0218253968
3379 96 0.0218253968
832 96 0.0218253968
7087 96 0.0218253968
1895 96 0.0218253968
2412 96 0.0218253968
1387 96 0.0218253968
172 96 0.0218253968
648 96 0.0218253968
1553 96 0.0218253968
647 96 0.0218253968
96 125 0.0228571429
96 141 0.0379008746
96 126 0.0420711974
96 832 0.1625000000
96 2336 0.0277777778
96 1379 0.2666666667
96 984 0.1764705882
96 704 0.1463414634
96 3425 1.0000000000
96 498 0.0658682635
96 3404 1.0000000000
96 163 0.0308988764
96 3387 1.0000000000
96 111 0.0336391437
96 2416 0.5000000000
96 824 0.0846153846
96 250 0.0604395604
96 375 0.0454545455
96 351 0.0670731707
96 281 0.0423076923
96 3379 1.0000000000
96 376 0.0572916667
96 1895 0.3333333333
96 269 0.0521327014
96 2412 0.5000000000
96 2411 0.5000000000
96 114 0.0252293578
96 499 0.1641791045
96 172 0.0319767442
96 1553 0.2500000000
96 648 0.2075471698
96 525 0.1447368421
96 491 0.0159151194
96 7595 0.0000000000
475 97 0.0414078675
102 97 0.0310559006
273 97 0.0289855072
280 97 0.0269151139
1706 97 0.0269151139
228 97 0.0248447205
316 97 0.0248447205
925 97 0.0248447205
105 97 0.0227743271
136 97 0.0227743271
115 97 0.0227743271
345 97 0.0227743271
807 97 0.0227743271
2215 97 0.0227743271
1488 97 0.0227743271
854 97 0.0227743271
255 97 0.0227743271
1136 97 0.0227743271
211 97 0.0227743271
284 97 0.0227743271
1284 97 0.0227743271
996 97 0.0227743271
97 177 0.0098863075
97 475 0.2597402597
97 273 0.1666666667
97 280 0.0625000000
97 102 0.0364963504
97 366 0.0915492958
97 1706 1.0000000000
97 228 0.0510638298
97 345 0.0779220779
97 925 0.2500000000
97 105 0.0234042553
97 136 0.0284974093
97 115 0.0217391304
97 807 0.1222222222
97 2215 0.5000000000
97 1488 0.2500000000
97 316 0.0873015873
97 854 0.1392405063
97 255 0.0295698925
97 1136 0.1666666667
97 211 0.0345911950
97 284 0.0526315789
97 1284 0.2000000000
97 919 0.2894736842
97 7451 0.4500000000
3451 98 0.0363196126
114 98 0.0338983051
279 98 0.0338983051
281 98 0.0314769976
126 98 0.0314769976
192 98 0.0314769976
2336 98 0.0314769976
1272 98 0.0314769976
233 98 0.0290556901
1597 98 0.0290556901
269 98 0.0290556901
185 98 0.0290556901
211 98 0.0290556901
906 98 0.0266343826
1074 98 0.0266343826
1590 98 0.0266343826
375 98 0.0266343826
953 98 0.0266343826
900 98 0.0266343826
634 98 0.0266343826
687 98 0.0266343826
7565 98 0.0266343826
98 114 0.0321100917
98 233 0.0670103093
98 192 0.0588235294
98 1272 0.3714285714
98 126 0.0388349515
98 337 0.0685714286
98 279 0.0600000000
98 1597 0.3529411765
98 352 0.0895522388
98 906 0.1111111111
98 558 0.0880000000
98 1074 0.2340425532
98 375 0.0454545455
98 164 0.0337423313
98 1387 0.3142857143
98 2336 0.0254629630
98 953 0.2291666667
98 281 0.0423076923
98 900 0.1392405063
98 634 0.1325301205
98 687 0.0982142857
98 211 0.0345911950
98 940 0.1410256410
7604 99 0.0473933649
176 99 0.0402843602
1619 99 0.0355450237
129 99 0.0355450237
188 99 0.0284360190
1351 99 0.0284360190
660 99 0.0284360190
209 99 0.0284360190
503 99 0.0284360190
824 99 0.0260663507
1259 99 0.0260663507
2019 99 0.0260663507
1658 99 0.0260663507
145 99 0.0260663507
1642 99 0.0260663507
149 99 0.0260663507
444 99 0.0260663507
150 99 0.0260663507
7552 99 0.0260663507
563 99 0.0260663507
659 99 0.0260663507
419 99 0.0260663507
353 99 0.0260663507
842 99 0.0260663507
2473 99 0.0260663507
238 99 0.0260663507
641 99 0.0213270142
99 716 0.0662983425
99 7552 0.0256959315
99 209 0.0526315789
99 503 0.1132075472
99 562 0.1621621622
99 2624 1.0000000000
99 2019 0.5000000000
99 1658 0.3333333333
99 1993 0.5000000000
99 145 0.0123456790
99 1619 0.3333333333
99 1642 0.3333333333
99 149 0.0305555556
99 444 0.0617977528
99 150 0.0261904762
99 563 0.0887096774
99 3516 0.1222222222
99 659 0.2619047619
99 2455 1.0000000000
99 419 0.0691823899
99 106 0.0200364299
99 353 0.0569948187
99 842 0.1594202899
99 2473 1.0000000000
99 238 0.0541871921
827 100 0.0537634409
147 100 0.0349462366
177 100 0.0349462366
133 100 0.0349462366
7578 100 0.0322580645
1694 100 0.0295698925
969 100 0.0295698925
645 100 0.0295698925
124 100 0.0295698925
7501 100 0.0295698925
7588 100 0.0295698925
7603 100 0.0295698925
2720 100 0.0295698925
365 100 0.0295698925
2490 100 0.0295698925
100 827 1.0000000000
100 133 0.0304449649
100 7588 0.0882352941
100 1694 0.3333333333
100 969 0.1410256410
100 645 0.0601092896
100 124 0.0177419355
100 7501 0.6111111111
100 547 0.0758620690
100 2720 1.0000000000
100 365 0.0723684211
100 2490 1.0000000000
100 7604 0.0000000000
100 7603 0.0000000000
100 177 0.0000000000
7604 101 0.0604229607
152 101 0.0453172205
193 101 0.0453172205
2580 101 0.0453172205
781 101 0.0422960725
3096 101 0.0392749245
279 101 0.0362537764
133 101 0.0362537764
779 101 0.0362537764
478 101 0.0362537764
467 101 0.0362537764
567 101 0.0362537764
1461 101 0.0332326284
246 101 0.0332326284
199 101 0.0332326284
1440 101 0.0332326284
304 101 0.0332326284
1248 101 0.0332326284
540 101 0.0332326284
101 781 0.4000000000
101 567 0.3636363636
101 268 0.0718232044
101 193 0.0565217391
101 779 0.2400000000
101 478 0.0677966102
101 467 0.0816326531
101 1461 0.3235294118
101 1248 0.2000000000
101 540 0.0956521739
101 842 0.1594202899
1247 102 0.0486618005
1990 102 0.0486618005
1005 102 0.0413625304
1434 102 0.0364963504
1244 102 0.0340632603
7509 102 0.0316301703
370 102 0.0316301703
289 102 0.0291970803
1517 102 0.0291970803
2844 102 0.0291970803
109 102 0.0291970803
481 102 0.0291970803
1258 102 0.0291970803
1013 102 0.0291970803
7596 102 0.0291970803
1256 102 0.0291970803
856 102 0.0291970803
103 102 0.0267639903
1423 102 0.0267639903
508 102 0.0267639903
725 102 0.0267639903
535 102 0.0267639903
7594 102 0.0000000000
7564 102 0.0000000000
102 103 0.0339321357
102 1005 1.0000000000
102 1434 1.0000000000
102 1244 0.5600000000
102 7509 0.1969696970
102 1247 0.5200000000
102 289 0.0603015075
102 370 0.0697674419
102 109 0.0251046025
102 1423 0.3529411765
102 1258 0.2666666667
102 1013 0.4444444444
102 1256 0.3428571429
102 1646 0.2790697674
102 508 0.1250000000
102 725 0.1081081081
102 1990 1.0000000000
102 288 0.0282776350
102 1517 0.1718750000
102 856 0.2820512821
102 7596 0.4285714286
102 7329 1.0000000000
102 7594 0.0000000000
102 7564 0.0000000000
177 103 0.0279441118
398 103 0.0239520958
128 103 0.0239520958
413 103 0.0239520958
1325 103 0.0239520958
7565 103 0.0239520958
904 103 0.0219560878
249 103 0.0219560878
163 103 0.0219560878
125 103 0.0219560878
141 103 0.0219560878
118 103 0.0219560878
695 103 0.0219560878
6644 103 0.0219560878
759 103 0.0219560878
5342 103 0.0219560878
7595 103 0.0219560878
1167 103 0.0219560878
585 103 0.0219560878
156 103 0.0219560878
2229 103 0.0219560878
1508 103 0.0219560878
284 103 0.0219560878
946 103 0.0219560878
161 103 0.0219560878
103 177 0.0088976767
103 413 0.0928571429
103 284 0.0622009569
103 398 0.0662983425
103 128 0.0308483290
103 1325 0.3428571429
103 1317 0.2666666667
103 946 0.0714285714
103 904 0.1392405063
103 249 0.0352564103
103 163 0.0308988764
103 125 0.0157142857
103 141 0.0320699708
103 118 0.0260047281
103 695 0.0982142857
103 5342 0.0282051282
103 7595 0.0270935961
103 1167 0.1964285714
103 585 0.0714285714
103 156 0.0250569476
103 295 0.0395683453
103 2229 0.5000000000
103 1508 0.2500000000
103 7565 0.0255220418
103 161 0.0277078086
6958 104 0.0444444444
246 104 0.0311111111
498 104 0.0288888889
192 104 0.0288888889
279 104 0.0288888889
2336 104 0.0288888889
7335 104 0.0266666667
1074 104 0.0266666667
7386 104 0.0266666667
766 104 0.0266666667
1596 104 0.0266666667
281 104 0.0266666667
832 104 0.0266666667
900 104 0.0266666667
114 104 0.0266666667
824 104 0.0266666667
906 104 0.0244444444
1590 104 0.0244444444
1597 104 0.0244444444
2293 104 0.0244444444
651 104 0.0244444444
186 104 0.0244444444
378 104 0.0244444444
375 104 0.0244444444
2417 104 0.0244444444
7087 104 0.0244444444
709 104 0.0244444444
3353 104 0.0244444444
1879 104 0.0244444444
491 104 0.0177777778
104 498 0.1077844311
104 281 0.0500000000
104 279 0.0650000000
104 2336 0.0300925926
104 192 0.0588235294
104 233 0.0670103093
104 114 0.0298165138
104 766 0.1081081081
104 900 0.1518987342
104 1879 0.5217391304
104 2437 0.5000000000
104 2293 0.2115384615
104 3445 0.3548387097
104 3443 0.3548387097
104 2432 0.5000000000
104 7321 0.5500000000
104 1397 0.4400000000
104 1396 0.2444444444
104 246 0.0769230769
104 966 0.1410256410
104 1597 0.3235294118
104 1388 0.1294117647
104 1596 0.3235294118
104 497 0.1264367816
104 378 0.1527777778
104 375 0.0454545455
104 376 0.0572916667
104 709 0.2619047619
104 984 0.1617647059
104 1351 0.2000000000
104 269 0.0521327014
104 832 0.1375000000
104 3353 1.0000000000
104 7603 0.0125523013
104 145 0.0089786756
104 7560 0.0945945946
104 491 0.0159151194
104 185 0.0124378109
104 801 0.0217391304
104 288 0.0000000000
104 7552 0.0000000000
199 105 0.0276595745
602 105 0.0276595745
1197 105 0.0276595745
118 105 0.0255319149
164 105 0.0255319149
1045 105 0.0234042553
173 105 0.0234042553
315 105 0.0234042553
289 105 0.0234042553
125 105 0.0234042553
154 105 0.0234042553
704 105 0.0234042553
830 105 0.0234042553
1915 105 0.0234042553
649 105 0.0234042553
490 105 0.0234042553
351 105 0.0234042553
163 105 0.0234042553
292 105 0.0234042553
650 105 0.0234042553
484 105 0.0234042553
2397 105 0.0234042553
496 105 0.0234042553
720 105 0.0234042553
7445 105 0.0234042553
241 105 0.0234042553
105 602 0.1228070175
105 199 0.0419354839
105 164 0.0398773006
105 118 0.0283687943
105 125 0.0171428571
105 1045 0.1929824561
105 315 0.0533980583
105 362 0.0452674897
105 289 0.0552763819
105 154 0.0224948875
105 704 0.1341463415
105 830 0.1571428571
105 1915 0.5000000000
105 649 0.0718954248
105 490 0.0866141732
105 163 0.0308988764
105 292 0.0460251046
105 1197 0.2391304348
105 484 0.0802919708
105 2397 0.2619047619
105 496 0.1134020619
105 720 0.0909090909
105 7445 1.0000000000
105 241 0.0402930403
105 613 0.0462427746
105 185 0.0149253731
105 7575 0.0000000000
105 7585 0.0000000000
182 106 0.0255009107
280 106 0.0218579235
1041 106 0.0218579235
215 106 0.0218579235
472 106 0.0218579235
509 106 0.0218579235
660 106 0.0218579235
355 106 0.0218579235
297 106 0.0218579235
596 106 0.0200364299
131 106 0.0200364299
453 106 0.0200364299
396 106 0.0200364299
124 106 0.0200364299
739 106 0.0200364299
260 106 0.0200364299
166 106 0.0200364299
941 106 0.0200364299
189 106 0.0200364299
2041 106 0.0200364299
167 106 0.0200364299
561 106 0.0200364299
406 106 0.0200364299
383 106 0.0200364299
154 106 0.0200364299
328 106 0.0200364299
715 106 0.0200364299
225 106 0.0200364299
536 106 0.0200364299
422 106 0.0200364299
187 106 0.0200364299
252 106 0.0200364299
272 106 0.0200364299
500 106 0.0200364299
311 106 0.0200364299
655 106 0.0200364299
106 182 0.0479452055
106 280 0.0500000000
106 1041 0.1791044776
106 406 0.0631578947
106 215 0.0641711230
106 472 0.1121495327
106 509 0.0952380952
106 660 0.1071428571
106 355 0.0839160839
106 252 0.0495867769
106 311 0.0821917808
106 297 0.1025641026
106 596 0.0964912281
106 131 0.0291777188
106 453 0.1122448980
106 396 0.0683229814
106 124 0.0177419355
106 739 0.0780141844
106 260 0.0376712329
106 166 0.0209523810
106 941 0.0743243243
106 189 0.0547263682
106 2041 0.5000000000
106 167 0.0387323944
106 561 0.1170212766
106 383 0.0643274854
106 154 0.0224948875
106 328 0.0448979592
106 715 0.0909090909
106 225 0.0509259259
106 536 0.0536585366
106 422 0.0738255034
106 187 0.0575916230
106 272 0.0297297297
106 500 0.1279069767
106 655 0.1195652174
106 7582 0.0000000000
348 107 0.0411311054
7565 107 0.0385604113
317 107 0.0385604113
621 107 0.0359897172
7595 107 0.0334190231
1542 107 0.0334190231
267 107 0.0334190231
272 107 0.0308483290
116 107 0.0282776350
1058 107 0.0282776350
883 107 0.0282776350
693 107 0.0282776350
205 107 0.0282776350
1777 107 0.0282776350
361 107 0.0282776350
549 107 0.0282776350
360 107 0.0282776350
193 107 0.0282776350
107 513 0.2631578947
107 348 0.1038961039
107 621 0.1917808219
107 7595 0.0295566502
107 1058 0.4444444444
107 7565 0.0278422274
107 193 0.0521739130
107 317 0.0821917808
107 1420 0.3529411765
107 116 0.0205607477
107 1542 0.3235294118
107 883 0.1235955056
107 693 0.1195652174
107 205 0.0355987055
107 1777 0.3333333333
107 549 0.0956521739
107 361 0.0894308943
107 360 0.0493273543
1292 108 0.0438144330
1743 108 0.0335051546
645 108 0.0309278351
798 108 0.0309278351
2610 108 0.0309278351
1099 108 0.0309278351
382 108 0.0309278351
2663 108 0.0283505155
188 108 0.0283505155
130 108 0.0283505155
1363 108 0.0283505155
145 108 0.0283505155
2176 108 0.0283505155
2175 108 0.0283505155
2842 108 0.0283505155
1683 108 0.0283505155
300 108 0.0283505155
1456 108 0.0283505155
2005 108 0.0283505155
1951 108 0.0283505155
355 108 0.0283505155
1601 108 0.0283505155
109 108 0.0283505155
108 1292 0.2266666667
108 1743 1.0000000000
108 483 0.1025641026
108 188 0.0278422274
108 145 0.0134680135
108 798 0.0146341463
108 382 0.0568720379
108 1099 0.2142857143
108 2663 1.0000000000
108 130 0.0220883534
108 1363 0.2444444444
108 645 0.0601092896
108 2176 0.5000000000
108 2175 0.5000000000
108 1744 0.3333333333
108 2842 1.0000000000
108 546 0.1294117647
108 1683 0.4782608696
108 300 0.0802919708
108 1456 0.2500000000
108 2005 0.5000000000
108 2610 1.0000000000
108 1951 0.5000000000
108 355 0.0769230769
108 1601 0.3333333333
108 109 0.0230125523
449 109 0.0355648536
1428 109 0.0313807531
779 109 0.0271966527
566 109 0.0271966527
512 109 0.0271966527
167 109 0.0251046025
1431 109 0.0251046025
668 109 0.0251046025
422 109 0.0251046025
1270 109 0.0230125523
866 109 0.0230125523
931 109 0.0230125523
478 109 0.0230125523
7524 109 0.0230125523
217 109 0.0230125523
722 109 0.0230125523
669 109 0.0230125523
922 109 0.0230125523
328 109 0.0230125523
535 109 0.0230125523
999 109 0.0230125523
181 109 0.0230125523
1930 109 0.0230125523
990 109 0.0230125523
500 109 0.0230125523
1099 109 0.0230125523
223 109 0.0230125523
379 109 0.0230125523
148 109 0.0230125523
5342 109 0.0104602510
109 449 0.1440677966
109 512 0.1415094340
109 566 0.1382978723
109 670 0.1463414634
109 779 0.2400000000
109 422 0.0805369128
109 1270 0.3142857143
109 866 0.1392405063
109 931 0.1896551724
109 167 0.0387323944
109 407 0.1222222222
109 7524 0.5000000000
109 217 0.0336391437
109 1431 0.3235294118
109 722 0.3548387097
109 668 0.1195652174
109 669 0.1195652174
109 922 0.2291666667
109 1428 0.3235294118
109 328 0.0448979592
109 215 0.0588235294
109 535 0.0880000000
109 999 0.2340425532
109 181 0.0419847328
109 1930 0.5000000000
109 990 0.1641791045
109 500 0.1279069767
109 711 0.1549295775
109 1099 0.1964285714
109 223 0.0533980583
109 379 0.0643274854
109 148 0.0314285714
390 110 0.0476190476
369 110 0.0396825397
518 110 0.0396825397
440 110 0.0370370370
959 110 0.0343915344
1883 110 0.0343915344
305 110 0.0343915344
131 110 0.0317460317
135 110 0.0317460317
193 110 0.0317460317
188 110 0.0317460317
146 110 0.0317460317
526 110 0.0291005291
141 110 0.0291005291
417 110 0.0291005291
174 110 0.0291005291
362 110 0.0291005291
2309 110 0.0291005291
2274 110 0.0291005291
519 110 0.0291005291
110 390 0.1868131868
110 305 0.0855614973
110 518 0.1293103448
110 369 0.0985915493
110 523 0.1120689655
110 188 0.0301624130
110 141 0.0349854227
110 959 0.3157894737
110 131 0.0318302387
110 2309 1.0000000000
110 146 0.0299251870
110 487 0.0552995392
110 417 0.0785714286
110 2419 0.5000000000
110 1883 0.2075471698
110 174 0.0339506173
110 362 0.0452674897
110 2274 0.5000000000
110 519 0.0662650602
110 440 0.1410256410
3269 111 0.0611620795
463 111 0.0611620795
207 111 0.0489296636
245 111 0.0428134557
120 111 0.0397553517
1597 111 0.0366972477
417 111 0.0366972477
7560 111 0.0366972477
2380 111 0.0336391437
141 111 0.0336391437
553 111 0.0336391437
7418 111 0.0336391437
111 207 0.0698689956
111 245 0.0494699647
111 120 0.0403726708
111 417 0.0857142857
111 141 0.0349854227
111 433 0.0863309353
111 125 0.0157142857
111 7512 0.0545454545
111 7589 0.0744680851
111 7602 0.0000000000
111 7601 0.0000000000
111 7599 0.0000000000
111 7598 0.0000000000
111 7604 0.0000000000
111 7539 0.5000000000
427 112 0.0722021661
524 112 0.0722021661
177 112 0.0505415162
701 112 0.0469314079
116 112 0.0469314079
301 112 0.0433212996
7595 112 0.0433212996
124 112 0.0433212996
2276 112 0.0397111913
396 112 0.0397111913
3031 112 0.0397111913
1043 112 0.0397111913
697 112 0.0397111913
112 427 0.1834862385
112 524 0.4347826087
112 177 0.0074147306
112 701 0.0984848485
112 301 0.1025641026
112 748 0.0662983425
112 396 0.0745341615
112 124 0.0193548387
112 116 0.0224299065
112 2276 0.5000000000
112 7595 0.0270935961
112 7600 0.0497737557
112 3031 1.0000000000
112 1043 0.1134020619
112 697 0.1078431373
271 113 0.0364806867
152 113 0.0343347639
170 113 0.0321888412
358 113 0.0321888412
188 113 0.0278969957
502 113 0.0278969957
293 113 0.0278969957
801 113 0.0257510730
177 113 0.0257510730
660 113 0.0257510730
155 113 0.0257510730
353 113 0.0257510730
1127 113 0.0236051502
145 113 0.0236051502
553 113 0.0236051502
757 113 0.0236051502
154 113 0.0236051502
350 113 0.0236051502
1607 113 0.0236051502
824 113 0.0171673820
159 113 0.0107296137
1691 113 0.0000000000
113 134 0.0801687764
113 358 0.1258741259
113 188 0.0417633411
113 355 0.1118881119
113 170 0.0641025641
113 801 0.0652173913
113 353 0.0725388601
113 317 0.0890410959
113 502 0.1969696970
113 271 0.1625000000
113 769 0.1333333333
113 1127 0.1666666667
113 154 0.0224948875
113 177 0.0054374691
113 268 0.0607734807
113 350 0.0597826087
113 130 0.0220883534
113 660 0.0982142857
113 155 0.0262529833
113 1607 0.4782608696
113 7580 0.0000000000
113 7603 0.0000000000
279 114 0.0321100917
192 114 0.0298165138
126 114 0.0298165138
337 114 0.0298165138
3383 114 0.0298165138
281 114 0.0298165138
7335 114 0.0275229358
1202 114 0.0275229358
233 114 0.0275229358
269 114 0.0275229358
766 114 0.0275229358
1594 114 0.0275229358
832 114 0.0275229358
906 114 0.0252293578
7386 114 0.0252293578
1906 114 0.0252293578
1590 114 0.0252293578
2336 114 0.0252293578
246 114 0.0252293578
1597 114 0.0252293578
375 114 0.0252293578
2415 114 0.0252293578
7087 114 0.0252293578
3372 114 0.0252293578
1554 114 0.0252293578
376 114 0.0252293578
165 114 0.0206422018
114 192 0.0588235294
114 337 0.0742857143
114 1594 0.5416666667
114 126 0.0420711974
114 352 0.0895522388
114 1903 0.5217391304
114 7335 0.1739130435
114 558 0.0960000000
114 233 0.0618556701
114 281 0.0461538462
114 279 0.0600000000
114 164 0.0368098160
114 906 0.1111111111
114 3398 1.0000000000
114 1906 0.3333333333
114 7312 0.5500000000
114 3429 1.0000000000
114 3426 1.0000000000
114 3423 1.0000000000
114 362 0.0452674897
114 1597 0.3235294118
114 2336 0.0254629630
114 3383 0.3548387097
114 1202 0.1964285714
114 766 0.0990990991
114 2413 0.5000000000
114 1896 0.4782608696
114 3374 1.0000000000
114 3372 0.3548387097
114 897 0.1594202899
114 1385 0.3142857143
114 1879 0.4782608696
114 832 0.1375000000
114 7370 1.0000000000
114 7310 0.4500000000
114 3369 0.1764705882
114 145 0.0101010101
114 469 0.0318471338
114 7560 0.0135135135
163 115 0.0296442688
1569 115 0.0296442688
219 115 0.0276679842
335 115 0.0237154150
1343 115 0.0237154150
3220 115 0.0237154150
3213 115 0.0237154150
492 115 0.0237154150
123 115 0.0237154150
118 115 0.0217391304
241 115 0.0217391304
1875 115 0.0217391304
128 115 0.0217391304
1185 115 0.0217391304
3251 115 0.0217391304
155 115 0.0217391304
259 115 0.0217391304
372 115 0.0217391304
2369 115 0.0217391304
216 115 0.0217391304
435 115 0.0217391304
208 115 0.0217391304
2302 115 0.0217391304
5679 115 0.0217391304
2364 115 0.0217391304
1574 115 0.0217391304
7434 115 0.0217391304
7390 115 0.0217391304
1544 115 0.0217391304
197 115 0.0217391304
320 115 0.0217391304
280 115 0.0217391304
115 219 0.0487804878
115 1569 0.5416666667
115 335 0.1043478261
115 163 0.0337078652
115 492 0.1025641026
115 123 0.0306905371
115 118 0.0260047281
115 241 0.0402930403
115 1875 0.3333333333
115 128 0.0282776350
115 1185 0.2391304348
115 3251 1.0000000000
115 155 0.0262529833
115 259 0.0404411765
115 372 0.0833333333
115 2369 0.1195652174
115 216 0.0506912442
115 435 0.0852713178
115 208 0.0582010582
115 1343 0.2444444444
115 2302 0.5000000000
115 5679 0.1000000000
115 2364 0.5000000000
115 1574 0.2500000000
115 3220 1.0000000000
115 3213 1.0000000000
115 7434 0.5000000000
115 7390 0.1428571429
115 1544 0.2500000000
115 197 0.0297297297
115 320 0.0625000000
115 280 0.0458333333
7421 116 0.0242990654
706 116 0.0242990654
292 116 0.0224299065
2387 116 0.0224299065
822 116 0.0224299065
336 116 0.0224299065
585 116 0.0224299065
172 116 0.0224299065
310 116 0.0205607477
1191 116 0.0205607477
290 116 0.0205607477
2362 116 0.0205607477
123 116 0.0205607477
174 116 0.0205607477
1871 116 0.0205607477
3285 116 0.0205607477
2376 116 0.0205607477
1043 116 0.0205607477
1815 116 0.0205607477
1343 116 0.0205607477
247 116 0.0205607477
7525 116 0.0205607477
5679 116 0.0205607477
7595 116 0.0205607477
3137 116 0.0205607477
395 116 0.0205607477
177 116 0.0205607477
259 116 0.0205607477
491 116 0.0205607477
708 116 0.0168224299
116 7421 1.0000000000
116 706 0.1160714286
116 292 0.0502092050
116 822 0.1333333333
116 2376 1.0000000000
116 336 0.0774193548
116 585 0.0779220779
116 172 0.0348837209
116 310 0.0802919708
116 2387 0.5000000000
116 1191 0.1666666667
116 290 0.0424710425
116 2362 0.5000000000
116 123 0.0281329923
116 174 0.0339506173
116 1871 0.3333333333
116 3285 1.0000000000
116 1043 0.1134020619
116 1815 0.3333333333
116 1343 0.2444444444
116 247 0.0516431925
116 7525 0.0982142857
116 5679 0.1000000000
116 7595 0.0270935961
116 3137 1.0000000000
116 395 0.0575916230
116 957 0.2894736842
116 177 0.0054374691
116 259 0.0404411765
116 491 0.0291777188
116 810 0.1571428571
116 7604 0.0000000000
7588 117 0.0215231788
799 117 0.0215231788
258 117 0.0215231788
2933 117 0.0198675497
2931 117 0.0198675497
2199 117 0.0198675497
1318 117 0.0198675497
346 117 0.0198675497
1332 117 0.0182119205
7600 117 0.0182119205
260 117 0.0182119205
1148 117 0.0182119205
410 117 0.0182119205
285 117 0.0182119205
122 117 0.0182119205
1324 117 0.0182119205
506 117 0.0182119205
2210 117 0.0182119205
1147 117 0.0182119205
1758 117 0.0182119205
2911 117 0.0182119205
2908 117 0.0182119205
402 117 0.0182119205
1742 117 0.0182119205
2702 117 0.0182119205
1487 117 0.0182119205
2178 117 0.0182119205
1314 117 0.0182119205
2193 117 0.0182119205
1317 117 0.0182119205
370 117 0.0182119205
1488 117 0.0182119205
194 117 0.0182119205
1025 117 0.0182119205
796 117 0.0182119205
2148 117 0.0182119205
2805 117 0.0182119205
437 117 0.0182119205
798 117 0.0149006623
117 258 0.0477941176
117 410 0.1090909091
117 799 0.1500000000
117 1318 0.2666666667
117 346 0.0689655172
117 1332 0.2444444444
117 7600 0.0497737557
117 260 0.0376712329
117 1148 0.1666666667
117 306 0.0700636943
117 7588 0.0808823529
117 2933 1.0000000000
117 2931 1.0000000000
117 285 0.0650887574
117 122 0.0288713911
117 1324 0.2000000000
117 506 0.1145833333
117 2210 0.5000000000
117 1147 0.1666666667
117 1758 0.3333333333
117 2911 1.0000000000
117 2908 1.0000000000
117 402 0.0733333333
117 2702 1.0000000000
117 1742 0.3333333333
117 1487 0.2500000000
117 1314 0.2000000000
117 2199 0.5000000000
117 2178 0.5000000000
117 2193 0.5000000000
117 1317 0.2444444444
117 370 0.0639534884
117 1488 0.2500000000
117 194 0.0500000000
117 1025 0.1641791045
117 2148 0.5000000000
117 2805 1.0000000000
117 437 0.1122448980
117 798 0.0109756098
117 796 0.0900000000
117 7425 0.2272727273
292 118 0.0330969267
526 118 0.0283687943
141 118 0.0283687943
398 118 0.0283687943
125 118 0.0260047281
375 118 0.0260047281
238 118 0.0260047281
528 118 0.0260047281
222 118 0.0260047281
603 118 0.0260047281
158 118 0.0260047281
649 118 0.0260047281
163 118 0.0260047281
7597 118 0.0260047281
822 118 0.0260047281
214 118 0.0260047281
1580 118 0.0260047281
706 118 0.0260047281
118 765 0.6451612903
118 1592 0.5416666667
118 292 0.0543933054
118 526 0.0821917808
118 141 0.0349854227
118 125 0.0157142857
118 375 0.0454545455
118 238 0.0541871921
118 528 0.1279069767
118 222 0.0347003155
118 603 0.1170212766
118 158 0.0394265233
118 173 0.0302197802
118 649 0.0718954248
118 163 0.0308988764
118 822 0.1222222222
118 214 0.0410447761
118 1580 0.2500000000
118 706 0.0982142857
118 398 0.0497237569
118 7597 0.1111111111
662 119 0.0576923077
235 119 0.0576923077
271 119 0.0576923077
129 119 0.0480769231
353 119 0.0480769231
148 119 0.0480769231
293 119 0.0480769231
491 119 0.0384615385
384 119 0.0384615385
121 119 0.0384615385
283 119 0.0352564103
311 119 0.0352564103
2521 119 0.0352564103
1946 119 0.0352564103
7511 119 0.0352564103
322 119 0.0352564103
380 119 0.0352564103
769 119 0.0352564103
6369 119 0.0160256410
119 471 0.4042553191
119 662 0.5625000000
119 235 0.1176470588
119 271 0.2250000000
119 293 0.0949367089
119 491 0.0318302387
119 384 0.0662983425
119 148 0.0342857143
119 121 0.0314960630
119 311 0.0753424658
119 2521 1.0000000000
119 1946 0.5000000000
119 7511 0.4400000000
119 322 0.1047619048
119 769 0.1222222222
310 120 0.0465838509
464 120 0.0403726708
141 120 0.0372670807
1071 120 0.0372670807
163 120 0.0341614907
245 120 0.0341614907
351 120 0.0341614907
222 120 0.0341614907
603 120 0.0341614907
454 120 0.0341614907
1368 120 0.0341614907
762 120 0.0341614907
7512 120 0.0341614907
244 120 0.0341614907
120 310 0.1240875912
120 464 0.1911764706
120 141 0.0349854227
120 1201 0.3333333333
120 1071 0.3243243243
120 163 0.0308988764
120 245 0.0388692580
120 351 0.0670731707
120 222 0.0347003155
120 603 0.1170212766
120 454 0.0743243243
120 1368 0.2444444444
120 362 0.0452674897
120 762 0.0990990991
120 7512 0.0666666667
120 244 0.0287206266
633 121 0.0446194226
1058 121 0.0393700787
2170 121 0.0341207349
501 121 0.0341207349
800 121 0.0314960630
232 121 0.0314960630
2165 121 0.0314960630
256 121 0.0314960630
2066 121 0.0314960630
438 121 0.0314960630
512 121 0.0314960630
2684 121 0.0288713911
598 121 0.0288713911
402 121 0.0288713911
874 121 0.0288713911
2864 121 0.0288713911
2862 121 0.0288713911
472 121 0.0288713911
2855 121 0.0288713911
2838 121 0.0288713911
2118 121 0.0288713911
578 121 0.0288713911
343 121 0.0288713911
325 121 0.0288713911
505 121 0.0288713911
121 1058 0.5555555556
121 486 0.1940298507
121 633 0.3023255814
121 501 0.1710526316
121 800 0.2000000000
121 472 0.1121495327
121 2170 1.0000000000
121 256 0.0361445783
121 2165 1.0000000000
121 438 0.1224489796
121 512 0.1132075472
121 2684 1.0000000000
121 598 0.1309523810
121 2208 0.5000000000
121 2864 1.0000000000
121 2862 1.0000000000
121 2855 1.0000000000
121 232 0.0632183908
121 2838 1.0000000000
121 2066 0.5000000000
121 2118 0.5000000000
121 578 0.1309523810
121 343 0.1170212766
121 325 0.1466666667
121 505 0.0808823529
733 122 0.0367454068
591 122 0.0341207349
7565 122 0.0341207349
759 122 0.0288713911
228 122 0.0288713911
203 122 0.0288713911
177 122 0.0288713911
162 122 0.0288713911
960 122 0.0288713911
198 122 0.0288713911
159 122 0.0288713911
196 122 0.0288713911
143 122 0.0288713911
798 122 0.0288713911
1738 122 0.0288713911
467 122 0.0288713911
122 733 0.2459016393
122 1738 0.5217391304
122 759 0.0575916230
122 228 0.0468085106
122 203 0.0367892977
122 591 0.0964912281
122 964 0.1617647059
122 177 0.0054374691
122 162 0.0371621622
122 960 0.1250000000
122 159 0.0383275261
122 198 0.0500000000
122 196 0.0407407407
122 469 0.0700636943
122 143 0.0376712329
122 798 0.0134146341
122 467 0.0748299320
122 2774 1.0000000000
122 7565 0.0208816705
7595 123 0.0511508951
177 123 0.0332480818
663 123 0.0306905371
260 123 0.0281329923
391 123 0.0281329923
649 123 0.0281329923
128 123 0.0281329923
1376 123 0.0281329923
136 123 0.0281329923
334 123 0.0281329923
585 123 0.0281329923
1146 123 0.0281329923
287 123 0.0281329923
1811 123 0.0281329923
123 7595 0.0418719212
123 663 0.1176470588
123 1811 0.1643835616
123 177 0.0059317845
123 260 0.0376712329
123 391 0.0683229814
123 649 0.0718954248
123 128 0.0282776350
123 1376 0.2000000000
123 136 0.0284974093
123 334 0.1047619048
123 585 0.0714285714
123 1146 0.2391304348
123 1671 0.4782608696
123 1821 0.3333333333
123 7540 0.0000000000
123 7556 0.0000000000
177 124 0.0306451613
520 124 0.0241935484
748 124 0.0225806452
813 124 0.0225806452
162 124 0.0225806452
1169 124 0.0209677419
642 124 0.0209677419
227 124 0.0193548387
1033 124 0.0193548387
750 124 0.0193548387
319 124 0.0193548387
298 124 0.0193548387
815 124 0.0177419355
643 124 0.0177419355
1162 124 0.0177419355
684 124 0.0177419355
456 124 0.0177419355
885 124 0.0177419355
179 124 0.0177419355
2299 124 0.0177419355
1820 124 0.0177419355
1051 124 0.0177419355
396 124 0.0177419355
7334 124 0.0177419355
596 124 0.0177419355
172 124 0.0177419355
7538 124 0.0177419355
585 124 0.0177419355
188 124 0.0145161290
3079 124 0.0080645161
7595 124 0.0000000000
332 124 0.0000000000
228 124 0.0000000000
124 177 0.0098863075
124 228 0.0808510638
124 162 0.0574324324
124 520 0.2236842105
124 332 0.0769230769
124 1169 0.5384615385
124 813 0.1166666667
124 642 0.1780821918
124 227 0.0645161290
124 1033 0.2105263158
124 750 0.2352941176
124 298 0.0718562874
124 882 0.1212121212
124 815 0.1000000000
124 643 0.1067961165
124 684 0.1195652174
124 456 0.0932203390
124 179 0.0434782609
124 885 0.1009174312
124 2299 0.5000000000
124 1820 0.3333333333
124 1051 0.1641791045
124 319 0.0591397849
124 748 0.0607734807
124 7595 0.0270935961
124 396 0.0683229814
124 7334 0.0738255034
124 172 0.0319767442
124 596 0.0964912281
124 585 0.0714285714
124 2140 0.5000000000
429 125 0.0214285714
247 125 0.0214285714
292 125 0.0171428571
649 125 0.0171428571
131 125 0.0171428571
197 125 0.0171428571
249 125 0.0157142857
412 125 0.0157142857
497 125 0.0157142857
3408 125 0.0157142857
238 125 0.0157142857
484 125 0.0157142857
376 125 0.0157142857
526 125 0.0157142857
1009 125 0.0157142857
3396 125 0.0157142857
345 125 0.0157142857
321 125 0.0157142857
826 125 0.0157142857
173 125 0.0157142857
299 125 0.0157142857
704 125 0.0157142857
2395 125 0.0157142857
7445 125 0.0157142857
2394 125 0.0157142857
309 125 0.0157142857
191 125 0.0157142857
413 125 0.0157142857
289 125 0.0157142857
433 125 0.0157142857
253 125 0.0157142857
458 125 0.0157142857
262 125 0.0157142857
817 125 0.0157142857
1840 125 0.0157142857
564 125 0.0157142857
7431 125 0.0157142857
666 125 0.0157142857
1837 125 0.0157142857
7502 125 0.0000000000
7568 125 0.0000000000
125 429 0.2028985507
125 292 0.0502092050
125 131 0.0318302387
125 191 0.0459770115
125 197 0.0324324324
125 433 0.0863309353
125 249 0.0352564103
125 412 0.0578947368
125 497 0.1264367816
125 3408 1.0000000000
125 238 0.0541871921
125 484 0.0802919708
125 376 0.0572916667
125 526 0.0753424658
125 1009 0.1929824561
125 3396 1.0000000000
125 345 0.0714285714
125 321 0.0625000000
125 826 0.1222222222
125 173 0.0302197802
125 299 0.0588235294
125 704 0.1341463415
125 649 0.0718954248
125 2395 0.2619047619
125 496 0.1134020619
125 2394 0.5000000000
125 309 0.0428015564
125 247 0.0516431925
125 413 0.0785714286
125 289 0.0552763819
125 253 0.0495495495
125 458 0.1122448980
125 262 0.0604395604
125 817 0.1571428571
125 1840 0.3333333333
125 564 0.1170212766
125 666 0.0833333333
125 1837 0.3333333333
125 3362 0.2903225806
125 7367 1.0000000000
125 1032 0.1034482759
125 7502 0.0000000000
125 7568 0.0000000000
125 2225 0.0000000000
125 7431 0.0000000000
421 126 0.0517799353
605 126 0.0420711974
293 126 0.0420711974
233 126 0.0420711974
192 126 0.0420711974
269 126 0.0420711974
824 126 0.0420711974
2336 126 0.0388349515
389 126 0.0388349515
1593 126 0.0388349515
230 126 0.0355987055
2417 126 0.0355987055
3381 126 0.0355987055
1554 126 0.0355987055
126 293 0.0822784810
126 1593 0.5416666667
126 269 0.0616113744
126 192 0.0588235294
126 625 0.1397849462
126 171 0.0580357143
126 230 0.0685714286
126 605 0.1153846154
126 352 0.0895522388
126 558 0.0960000000
126 3381 1.0000000000
126 168 0.0539215686
126 155 0.0262529833
126 3371 1.0000000000
126 233 0.0567010309
126 1700 0.3333333333
126 512 0.1037735849
126 1554 0.3235294118
126 2673 1.0000000000
126 2331 0.5000000000
126 374 0.0000000000
126 7552 0.0000000000
126 690 0.0000000000
2421 127 0.0519031142
3206 127 0.0519031142
881 127 0.0519031142
979 127 0.0484429066
1821 127 0.0449826990
812 127 0.0415224913
435 127 0.0415224913
3133 127 0.0415224913
2398 127 0.0380622837
2261 127 0.0380622837
7531 127 0.0380622837
953 127 0.0380622837
1532 127 0.0380622837
1559 127 0.0380622837
599 127 0.0380622837
1808 127 0.0380622837
2278 127 0.0380622837
178 127 0.0380622837
1827 127 0.0380622837
456 127 0.0380622837
3102 127 0.0380622837
127 1591 1.0000000000
158 128 0.0514138817
895 128 0.0411311054
590 128 0.0308483290
545 128 0.0308483290
1876 128 0.0308483290
983 128 0.0308483290
1043 128 0.0308483290
1343 128 0.0308483290
292 128 0.0308483290
974 128 0.0282776350
3321 128 0.0282776350
1190 128 0.0282776350
617 128 0.0282776350
1065 128 0.0282776350
290 128 0.0282776350
3294 128 0.0282776350
155 128 0.0282776350
706 128 0.0282776350
7597 128 0.0282776350
2375 128 0.0282776350
3282 128 0.0282776350
2381 128 0.0282776350
128 895 0.4102564103
128 158 0.0573476703
128 545 0.0888888889
128 1876 0.5217391304
128 983 0.1764705882
128 1343 0.2666666667
128 292 0.0502092050
128 590 0.2037037037
128 193 0.0478260870
128 974 0.1896551724
128 580 0.0763888889
128 2397 0.2619047619
128 163 0.0308988764
128 3321 1.0000000000
128 1190 0.1964285714
128 617 0.0973451327
128 1065 0.1428571429
128 290 0.0424710425
128 3294 1.0000000000
128 155 0.0262529833
128 706 0.0982142857
128 1043 0.1134020619
128 2375 0.5000000000
128 3282 1.0000000000
128 2381 0.5000000000
128 7597 0.1111111111
1227 129 0.0657894737
1228 129 0.0657894737
717 129 0.0657894737
194 129 0.0614035088
322 129 0.0614035088
1216 129 0.0614035088
1220 129 0.0614035088
1085 129 0.0614035088
500 129 0.0614035088
443 129 0.0570175439
272 129 0.0526315789
1096 129 0.0482456140
252 129 0.0482456140
7595 129 0.0394736842
129 159 0.0557491289
129 1097 1.0000000000
129 1092 1.0000000000
129 717 0.2253521127
129 440 0.2051282051
129 502 0.2424242424
129 167 0.0563380282
129 989 0.5925925926
129 1231 1.0000000000
129 194 0.0681818182
129 1223 1.0000000000
129 1228 1.0000000000
129 1227 1.0000000000
129 998 0.4054054054
129 443 0.1171875000
129 1217 1.0000000000
129 1215 1.0000000000
129 1211 1.0000000000
129 149 0.0416666667
129 1213 1.0000000000
129 773 0.2500000000
129 1216 1.0000000000
129 1079 0.5769230769
129 565 0.2027027027
129 845 0.3061224490
129 401 0.0937500000
129 987 0.4054054054
129 1080 0.5769230769
129 843 0.5172413793
129 503 0.1415094340
129 209 0.0657894737
129 236 0.0738916256
129 470 0.2631578947
129 504 0.1562500000
129 846 0.2542372881
129 847 0.3846153846
129 298 0.0898203593
129 772 0.3000000000
129 771 0.3000000000
129 908 0.3947368421
129 607 0.2380952381
129 656 0.0925925926
129 1081 0.5769230769
129 500 0.1744186047
129 1422 1.0000000000
129 537 0.1473684211
129 1225 0.5600000000
129 1418 1.0000000000
129 422 0.0939597315
129 423 0.1573033708
129 1416 1.0000000000
129 1414 1.0000000000
129 1093 0.3888888889
129 1408 1.0000000000
129 1412 1.0000000000
129 1086 0.3888888889
129 1411 1.0000000000
129 1410 1.0000000000
129 997 0.5185185185
129 252 0.0578512397
129 991 0.3783783784
129 910 0.3684210526
129 7582 0.4117647059
129 1403 1.0000000000
129 201 0.0703517588
129 1406 1.0000000000
129 1220 0.5600000000
129 659 0.3333333333
129 534 0.1473684211
129 1085 0.5384615385
129 564 0.1489361702
129 169 0.0551181102
129 1921 0.1521739130
129 322 0.1333333333
129 713 0.1971830986
129 7550 0.0503597122
129 1082 0.5384615385
129 1219 0.5600000000
129 770 0.2800000000
129 1096 0.3611111111
129 1089 0.2826086957
129 1609 1.0000000000
129 1608 1.0000000000
129 1614 1.0000000000
129 272 0.0351351351
129 658 0.2096774194
129 215 0.0695187166
181 130 0.0261044177
7564 130 0.0261044177
568 130 0.0261044177
976 130 0.0240963855
934 130 0.0240963855
341 130 0.0240963855
358 130 0.0240963855
1437 130 0.0240963855
1363 130 0.0220883534
3182 130 0.0220883534
949 130 0.0220883534
255 130 0.0220883534
404 130 0.0220883534
785 130 0.0220883534
326 130 0.0220883534
299 130 0.0220883534
1439 130 0.0220883534
849 130 0.0220883534
1255 130 0.0220883534
725 130 0.0220883534
406 130 0.0220883534
2575 130 0.0220883534
857 130 0.0220883534
579 130 0.0220883534
1210 130 0.0220883534
778 130 0.0220883534
202 130 0.0220883534
777 130 0.0220883534
2572 130 0.0220883534
1659 130 0.0220883534
540 130 0.0220883534
2549 130 0.0220883534
383 130 0.0220883534
1635 130 0.0220883534
217 130 0.0220883534
130 976 0.2500000000
130 934 0.1764705882
130 7564 0.0134680135
130 358 0.0839160839
130 1691 0.0541871921
130 1363 0.2444444444
130 2266 0.5000000000
130 3182 1.0000000000
130 785 0.0916666667
130 404 0.0550000000
130 675 0.1341463415
130 326 0.0709677419
130 341 0.0632183908
130 299 0.0588235294
130 1439 0.4583333333
130 849 0.2244897959
130 1437 0.2500000000
130 1255 0.3142857143
130 406 0.0578947368
130 725 0.0990990991
130 2575 1.0000000000
130 579 0.1718750000
130 1210 0.1294117647
130 778 0.1571428571
130 777 0.0733333333
130 1646 0.2558139535
130 2572 1.0000000000
130 1659 0.3333333333
130 926 0.0932203390
130 540 0.0956521739
130 2551 1.0000000000
130 1430 0.2500000000
130 2549 1.0000000000
130 383 0.0643274854
130 1635 0.3333333333
130 217 0.0336391437
130 7604 0.0000000000
169 131 0.0344827586
148 131 0.0344827586
938 131 0.0318302387
863 131 0.0318302387
145 131 0.0318302387
561 131 0.0318302387
680 131 0.0291777188
290 131 0.0291777188
3212 131 0.0291777188
1404 131 0.0291777188
380 131 0.0291777188
721 131 0.0291777188
1453 131 0.0291777188
140 131 0.0291777188
654 131 0.0291777188
1241 131 0.0291777188
669 131 0.0291777188
154 131 0.0291777188
607 131 0.0291777188
531 131 0.0291777188
131 791 1.0000000000
131 669 0.1521739130
131 148 0.0371428571
131 680 0.0845070423
131 938 0.2068965517
131 863 0.0754716981
131 654 0.1176470588
131 154 0.0245398773
131 145 0.0134680135
131 561 0.1276595745
131 290 0.0424710425
131 3212 1.0000000000
131 1404 0.2500000000
131 380 0.0909090909
131 721 0.1803278689
131 140 0.0294906166
131 1453 0.2500000000
131 1241 0.2000000000
131 169 0.0433070866
131 353 0.0569948187
131 607 0.1746031746
131 531 0.0814814815
231 132 0.0593471810
201 132 0.0415430267
452 132 0.0356083086
251 132 0.0356083086
938 132 0.0356083086
504 132 0.0356083086
1111 132 0.0356083086
841 132 0.0326409496
2631 132 0.0326409496
315 132 0.0326409496
255 132 0.0326409496
1708 132 0.0326409496
1021 132 0.0326409496
1132 132 0.0326409496
1427 132 0.0326409496
2701 132 0.0326409496
1705 132 0.0326409496
1703 132 0.0326409496
1001 132 0.0326409496
132 231 0.1032608696
132 504 0.1354166667
132 938 0.2068965517
132 384 0.0662983425
132 201 0.0603015075
132 2653 1.0000000000
132 452 0.0654761905
132 841 0.1392405063
132 2631 1.0000000000
132 315 0.0533980583
132 255 0.0295698925
132 1708 0.3333333333
132 251 0.0572916667
132 1021 0.1929824561
132 1132 0.1964285714
132 1427 0.2500000000
132 2701 1.0000000000
132 1705 0.3333333333
132 1703 0.4782608696
132 1111 0.1964285714
132 1001 0.1428571429
257 133 0.0304449649
350 133 0.0281030445
318 133 0.0281030445
688 133 0.0281030445
798 133 0.0281030445
589 133 0.0281030445
203 133 0.0281030445
2216 133 0.0257611241
319 133 0.0257611241
7588 133 0.0257611241
272 133 0.0257611241
142 133 0.0257611241
266 133 0.0257611241
799 133 0.0257611241
613 133 0.0257611241
1272 133 0.0257611241
371 133 0.0257611241
135 133 0.0257611241
133 257 0.0813953488
133 318 0.0681818182
133 688 0.1935483871
133 142 0.0234375000
133 589 0.1428571429
133 203 0.0401337793
133 7442 0.3548387097
133 2216 0.5000000000
133 319 0.0591397849
133 391 0.0683229814
133 7588 0.0808823529
133 272 0.0297297297
133 266 0.0521327014
133 799 0.1375000000
133 613 0.0635838150
133 371 0.0572916667
133 1272 0.3142857143
133 7415 0.0769230769
133 135 0.0327380952
133 798 0.0109756098
1850 134 0.0843881857
1373 134 0.0632911392
1230 134 0.0590717300
598 134 0.0590717300
325 134 0.0548523207
673 134 0.0548523207
244 134 0.0548523207
2317 134 0.0506329114
176 134 0.0506329114
2993 134 0.0464135021
140 134 0.0464135021
743 134 0.0464135021
199 134 0.0464135021
134 1373 0.5200000000
134 1850 1.0000000000
134 325 0.1733333333
134 598 0.1547619048
134 244 0.0313315927
134 176 0.0371517028
134 2993 1.0000000000
134 743 0.1549295775
134 7603 0.0000000000
134 7604 0.0000000000
551 135 0.0505952381
7577 135 0.0446428571
1732 135 0.0446428571
586 135 0.0446428571
197 135 0.0357142857
3267 135 0.0327380952
136 135 0.0327380952
5342 135 0.0327380952
166 135 0.0327380952
545 135 0.0327380952
235 135 0.0327380952
177 135 0.0327380952
2895 135 0.0327380952
142 135 0.0327380952
277 135 0.0327380952
219 135 0.0327380952
2127 135 0.0327380952
135 551 0.2307692308
135 586 0.1595744681
135 197 0.0324324324
135 176 0.0371517028
135 5342 0.0307692308
135 235 0.0784313725
135 277 0.0461538462
135 136 0.0284974093
135 3267 1.0000000000
135 941 0.0743243243
135 166 0.0209523810
135 177 0.0054374691
135 2895 1.0000000000
135 142 0.0214843750
135 1732 0.3333333333
135 547 0.0758620690
135 545 0.0814814815
135 219 0.0383275261
135 2127 0.5000000000
135 7577 0.0927835052
528 136 0.0440414508
893 136 0.0362694301
228 136 0.0310880829
258 136 0.0310880829
876 136 0.0310880829
153 136 0.0310880829
2242 136 0.0310880829
2406 136 0.0284974093
158 136 0.0284974093
1459 136 0.0284974093
154 136 0.0284974093
203 136 0.0284974093
1794 136 0.0284974093
962 136 0.0284974093
136 528 0.1976744186
136 893 0.2857142857
136 258 0.0477941176
136 962 0.1764705882
136 876 0.0670391061
136 2242 1.0000000000
136 2406 0.5000000000
136 158 0.0394265233
136 891 0.1864406780
136 1459 0.2500000000
136 228 0.0468085106
136 154 0.0224948875
136 203 0.0367892977
136 1794 0.2075471698
136 153 0.0315186246
136 7604 0.0000000000
870 137 0.0597014925
2526 137 0.0597014925
185 137 0.0358208955
264 137 0.0358208955
2527 137 0.0358208955
852 137 0.0358208955
697 137 0.0328358209
329 137 0.0328358209
1781 137 0.0328358209
2245 137 0.0328358209
166 137 0.0328358209
1691 137 0.0328358209
2717 137 0.0328358209
253 137 0.0328358209
2094 137 0.0328358209
7394 137 0.0328358209
844 137 0.0328358209
137 844 0.2448979592
137 697 0.1078431373
137 7565 0.0255220418
137 329 0.0758620690
137 1781 0.3333333333
137 2245 0.5000000000
137 185 0.0273631841
137 264 0.0521327014
137 735 0.1089108911
137 1691 0.0541871921
137 870 0.1392405063
137 2717 1.0000000000
137 253 0.0495495495
137 2094 0.5000000000
137 7327 0.1235955056
137 7394 0.1964285714
137 2527 1.0000000000
137 2526 1.0000000000
1069 138 0.0620437956
7587 138 0.0547445255
1380 138 0.0474452555
198 138 0.0474452555
477 138 0.0474452555
1571 138 0.0437956204
408 138 0.0437956204
566 138 0.0437956204
2371 138 0.0401459854
306 138 0.0401459854
3229 138 0.0401459854
1560 138 0.0401459854
1830 138 0.0401459854
1546 138 0.0401459854
3112 138 0.0401459854
642 138 0.0401459854
138 477 0.1688311688
138 566 0.1276595745
138 436 0.1363636364
2509 139 0.0682593857
2510 139 0.0682593857
7560 139 0.0477815700
720 139 0.0443686007
1641 139 0.0409556314
328 139 0.0409556314
718 139 0.0409556314
2507 139 0.0409556314
188 139 0.0375426621
713 139 0.0375426621
2522 139 0.0375426621
2518 139 0.0375426621
327 139 0.0375426621
2514 139 0.0375426621
2515 139 0.0375426621
663 139 0.0375426621
341 139 0.0375426621
167 139 0.0375426621
1083 139 0.0375426621
148 139 0.0375426621
139 572 0.1276595745
139 663 0.1176470588
139 1641 0.4782608696
139 713 0.1549295775
139 720 0.0909090909
139 328 0.0448979592
139 718 0.1089108911
139 2522 1.0000000000
139 2518 1.0000000000
139 327 0.0709677419
139 2509 1.0000000000
139 2514 1.0000000000
139 2515 1.0000000000
139 2510 1.0000000000
139 2507 1.0000000000
139 341 0.0632183908
139 167 0.0387323944
139 1083 0.1666666667
139 148 0.0314285714
139 2257 0.1730769231
139 7603 0.0000000000
544 140 0.0375335121
680 140 0.0321715818
7565 140 0.0321715818
476 140 0.0321715818
406 140 0.0321715818
671 140 0.0321715818
2568 140 0.0321715818
1644 140 0.0321715818
216 140 0.0321715818
2318 140 0.0294906166
685 140 0.0294906166
155 140 0.0294906166
1649 140 0.0294906166
168 140 0.0294906166
2584 140 0.0294906166
660 140 0.0294906166
140 680 0.0915492958
140 544 0.1529411765
140 476 0.1025641026
140 155 0.0286396181
140 1644 0.5217391304
140 216 0.0552995392
140 2318 0.5000000000
140 685 0.2115384615
140 7565 0.0255220418
140 406 0.0578947368
140 1649 0.3333333333
140 168 0.0539215686
140 671 0.1341463415
140 2584 1.0000000000
140 2568 1.0000000000
140 660 0.0982142857
140 7498 0.0000000000
7481 141 0.0583090379
3392 141 0.0437317784
7591 141 0.0379008746
458 141 0.0349854227
3389 141 0.0349854227
614 141 0.0320699708
292 141 0.0320699708
2325 141 0.0320699708
1180 141 0.0320699708
751 141 0.0320699708
1370 141 0.0320699708
288 141 0.0320699708
321 141 0.0320699708
2406 141 0.0320699708
173 141 0.0320699708
1353 141 0.0320699708
141 458 0.1224489796
141 614 0.0569948187
141 292 0.0460251046
141 2325 0.5000000000
141 1180 0.1964285714
141 602 0.0964912281
141 751 0.1358024691
141 1370 0.2000000000
141 3389 1.0000000000
141 288 0.0282776350
141 321 0.0625000000
141 2406 0.5000000000
141 173 0.0302197802
141 1353 0.2444444444
141 7481 1.0000000000
141 7591 0.0000000000
172 142 0.0292968750
645 142 0.0253906250
517 142 0.0253906250
1039 142 0.0253906250
955 142 0.0234375000
259 142 0.0234375000
2236 142 0.0234375000
177 142 0.0234375000
1186 142 0.0214843750
280 142 0.0214843750
697 142 0.0214843750
951 142 0.0214843750
915 142 0.0214843750
329 142 0.0214843750
5342 142 0.0214843750
519 142 0.0214843750
2229 142 0.0214843750
1779 142 0.0214843750
1770 142 0.0214843750
1285 142 0.0214843750
550 142 0.0214843750
946 142 0.0214843750
255 142 0.0214843750
157 142 0.0214843750
272 142 0.0097656250
142 172 0.0377906977
142 955 0.1538461538
142 259 0.0441176471
142 2236 1.0000000000
142 1039 0.2105263158
142 177 0.0059317845
142 1770 0.5217391304
142 1186 0.1666666667
142 645 0.0601092896
142 280 0.0458333333
142 517 0.1037735849
142 697 0.1078431373
142 951 0.1250000000
142 915 0.1617647059
142 329 0.0758620690
142 5342 0.0282051282
142 519 0.0662650602
142 2229 0.5000000000
142 1779 0.3333333333
142 1285 0.2000000000
142 550 0.0956521739
142 946 0.0654761905
142 255 0.0295698925
142 272 0.0000000000
2905 143 0.0684931507
688 143 0.0616438356
696 143 0.0445205479
1026 143 0.0445205479
643 143 0.0410958904
3094 143 0.0410958904
1762 143 0.0410958904
1502 143 0.0410958904
452 143 0.0410958904
1144 143 0.0410958904
1357 143 0.0376712329
244 143 0.0376712329
199 143 0.0376712329
177 143 0.0376712329
1340 143 0.0376712329
2237 143 0.0376712329
550 143 0.0376712329
1500 143 0.0376712329
1285 143 0.0376712329
159 143 0.0376712329
143 688 0.2419354839
143 1026 0.3513513514
143 643 0.1165048544
143 696 0.1304347826
143 1502 0.2222222222
143 452 0.0714285714
143 1144 0.2142857143
143 1357 0.4400000000
143 244 0.0287206266
143 3094 1.0000000000
143 177 0.0054374691
143 1340 0.2444444444
143 2237 0.5000000000
143 1762 0.2075471698
143 550 0.0956521739
143 2905 1.0000000000
143 1500 0.2500000000
143 1285 0.2000000000
143 159 0.0383275261
143 7604 0.0000000000
1193 144 0.0720720721
495 144 0.0675675676
349 144 0.0675675676
1377 144 0.0675675676
758 144 0.0675675676
235 144 0.0630630631
372 144 0.0630630631
390 144 0.0585585586
386 144 0.0585585586
198 144 0.0585585586
1561 144 0.0540540541
462 144 0.0540540541
1691 144 0.0495495495
3262 144 0.0495495495
283 144 0.0495495495
412 144 0.0495495495
1189 144 0.0495495495
144 372 0.1212121212
144 1193 1.0000000000
144 495 0.2238805970
144 235 0.0980392157
144 7415 0.1048951049
144 758 0.2941176471
144 349 0.1250000000
144 386 0.0992366412
144 198 0.0590909091
144 462 0.0878378378
144 1377 0.5200000000
144 390 0.1318681319
144 3369 0.2352941176
144 1561 0.3529411765
144 1888 0.5217391304
144 1189 0.4615384615
144 1691 0.0541871921
144 3262 1.0000000000
144 283 0.0924369748
144 412 0.0578947368
191 145 0.0224466891
227 145 0.0224466891
941 145 0.0224466891
318 145 0.0224466891
7335 145 0.0213243547
7560 145 0.0179573513
165 145 0.0168350168
2348 145 0.0145903479
188 145 0.0145903479
396 145 0.0145903479
159 145 0.0145903479
3384 145 0.0134680135
1550 145 0.0134680135
153 145 0.0134680135
824 145 0.0123456790
1378 145 0.0123456790
7334 145 0.0123456790
807 145 0.0123456790
348 145 0.0123456790
7403 145 0.0123456790
1761 145 0.0123456790
2857 145 0.0123456790
487 145 0.0123456790
272 145 0.0123456790
951 145 0.0123456790
737 145 0.0123456790
255 145 0.0123456790
1248 145 0.0123456790
1998 145 0.0123456790
150 145 0.0123456790
2469 145 0.0123456790
1915 145 0.0123456790
2456 145 0.0123456790
223 145 0.0123456790
1099 145 0.0123456790
897 145 0.0101010101
2293 145 0.0101010101
332 145 0.0101010101
337 145 0.0078563412
2336 145 0.0044893378
201 145 0.0000000000
506 145 0.0000000000
381 145 0.0000000000
7594 145 0.0000000000
7565 145 0.0000000000
7536 145 0.0000000000
7517 145 0.0000000000
5533 145 0.0000000000
7440 145 0.0000000000
7328 145 0.0000000000
145 318 0.0795454545
145 2348 1.0000000000
145 165 0.0533333333
145 188 0.0278422274
145 1550 0.3235294118
145 3152 1.0000000000
145 483 0.0940170940
145 234 0.0718954248
145 469 0.0700636943
145 200 0.0691823899
145 396 0.0683229814
145 2251 0.5000000000
145 807 0.1222222222
145 1761 0.4782608696
145 487 0.0506912442
145 951 0.1250000000
145 737 0.2682926829
145 255 0.0295698925
145 1248 0.2000000000
145 1998 0.5000000000
145 150 0.0261904762
145 2469 1.0000000000
145 2456 1.0000000000
145 1611 0.1746031746
145 7327 0.1235955056
145 298 0.0658682635
145 153 0.0315186246
145 223 0.0533980583
145 1099 0.1964285714
145 7502 0.5000000000
145 201 0.0452261307
145 506 0.0937500000
145 941 0.0608108108
145 332 0.0461538462
145 381 0.0810810811
145 639 0.0731707317
145 7550 0.0287769784
145 7334 0.0335570470
145 7588 0.0367647059
145 7594 0.0000000000
145 7440 0.0000000000
145 7536 0.0000000000
145 7517 0.0000000000
145 5533 0.0000000000
145 7565 0.0000000000
145 7600 0.0000000000
145 7593 0.0000000000
145 7328 0.0000000000
1510 146 0.0374064838
1852 146 0.0324189526
634 146 0.0324189526
541 146 0.0299251870
763 146 0.0299251870
2226 146 0.0299251870
277 146 0.0299251870
199 146 0.0274314214
1149 146 0.0274314214
2197 146 0.0274314214
1501 146 0.0274314214
2219 146 0.0274314214
2939 146 0.0274314214
2934 146 0.0274314214
1507 146 0.0274314214
2894 146 0.0274314214
346 146 0.0274314214
519 146 0.0274314214
946 146 0.0274314214
2168 146 0.0274314214
7603 146 0.0274314214
146 1852 1.0000000000
146 1510 0.5416666667
146 541 0.0685714286
146 763 0.2926829268
146 2226 1.0000000000
146 277 0.0461538462
146 634 0.1445783133
146 7603 0.0167364017
146 199 0.0354838710
146 2197 0.5000000000
146 1149 0.1666666667
146 1501 0.3235294118
146 2219 0.5000000000
146 2939 1.0000000000
146 2934 1.0000000000
146 1507 0.4583333333
146 2894 1.0000000000
146 346 0.0632183908
146 519 0.0662650602
146 946 0.0654761905
146 2168 0.5000000000
7604 147 0.1242236025
421 147 0.1242236025
690 147 0.1118012422
1456 147 0.0931677019
963 147 0.0931677019
1539 147 0.0807453416
187 147 0.0807453416
3115 147 0.0745341615
358 147 0.0745341615
147 421 0.3389830508
147 690 0.2195121951
147 223 0.0873786408
147 963 1.0000000000
147 358 0.0909090909
147 1539 0.5000000000
147 3115 1.0000000000
540 148 0.0428571429
840 148 0.0400000000
512 148 0.0371428571
380 148 0.0342857143
1995 148 0.0342857143
1913 148 0.0342857143
1600 148 0.0342857143
209 148 0.0314285714
313 148 0.0314285714
842 148 0.0314285714
1099 148 0.0314285714
152 148 0.0314285714
1401 148 0.0314285714
466 148 0.0314285714
1409 148 0.0314285714
768 148 0.0314285714
270 148 0.0314285714
439 148 0.0314285714
148 540 0.1304347826
148 840 0.1772151899
148 380 0.1074380165
148 512 0.1226415094
148 1995 1.0000000000
148 1913 1.0000000000
148 1600 0.5217391304
148 313 0.0873015873
148 1099 0.1964285714
148 152 0.0355987055
148 7327 0.1235955056
148 1401 0.1486486486
148 466 0.0940170940
148 1409 0.3235294118
148 768 0.1222222222
148 270 0.0733333333
148 439 0.0859375000
148 7603 0.0000000000
1072 149 0.0500000000
169 149 0.0361111111
565 149 0.0333333333
155 149 0.0333333333
467 149 0.0333333333
974 149 0.0305555556
640 149 0.0305555556
1031 149 0.0305555556
485 149 0.0305555556
926 149 0.0305555556
1969 149 0.0305555556
226 149 0.0305555556
217 149 0.0305555556
182 149 0.0305555556
1951 149 0.0305555556
660 149 0.0305555556
536 149 0.0305555556
911 149 0.0305555556
293 149 0.0305555556
1094 149 0.0305555556
531 149 0.0305555556
2451 149 0.0305555556
237 149 0.0305555556
419 149 0.0305555556
2376 149 0.0250000000
149 1072 0.4054054054
149 2294 1.0000000000
149 565 0.1621621622
149 467 0.0816326531
149 531 0.0888888889
149 974 0.1896551724
149 640 0.1506849315
149 485 0.0940170940
149 1969 0.5000000000
149 226 0.0308988764
149 169 0.0433070866
149 217 0.0336391437
149 155 0.0262529833
149 182 0.0376712329
149 1951 0.5000000000
149 660 0.0982142857
149 536 0.0536585366
149 911 0.1250000000
149 293 0.0696202532
149 1094 0.2391304348
149 2451 1.0000000000
149 237 0.0452674897
149 711 0.1549295775
149 419 0.0691823899
581 150 0.0476190476
1463 150 0.0357142857
272 150 0.0285714286
863 150 0.0285714286
1685 150 0.0285714286
299 150 0.0285714286
680 150 0.0261904762
154 150 0.0261904762
265 150 0.0261904762
2822 150 0.0261904762
193 150 0.0261904762
1427 150 0.0261904762
226 150 0.0261904762
515 150 0.0261904762
2545 150 0.0261904762
478 150 0.0261904762
2564 150 0.0261904762
1999 150 0.0261904762
403 150 0.0261904762
1647 150 0.0261904762
511 150 0.0261904762
473 150 0.0261904762
507 150 0.0261904762
1098 150 0.0261904762
1081 150 0.0261904762
222 150 0.0190476190
7564 150 0.0000000000
150 581 0.4545454545
150 7552 0.0299785867
150 1463 0.5416666667
150 1040 0.2105263158
150 863 0.0754716981
150 235 0.0784313725
150 1685 0.5217391304
150 299 0.0641711230
150 680 0.0774647887
150 154 0.0224948875
150 265 0.0683229814
150 2822 1.0000000000
150 193 0.0478260870
150 212 0.0482456140
150 1427 0.2500000000
150 226 0.0308988764
150 515 0.1447368421
150 2545 1.0000000000
150 478 0.0621468927
150 2564 1.0000000000
150 1999 0.5000000000
150 403 0.0500000000
150 1647 0.3333333333
150 660 0.0982142857
150 666 0.0833333333
150 511 0.1447368421
150 473 0.0866141732
150 507 0.0591397849
150 1098 0.1964285714
150 1081 0.4230769231
150 7599 0.0000000000
150 7602 0.0000000000
150 7601 0.0000000000
150 7598 0.0000000000
150 7604 0.0000000000
150 7564 0.0000000000
213 151 0.0800000000
808 151 0.0800000000
261 151 0.0800000000
218 151 0.0720000000
3277 151 0.0480000000
1867 151 0.0480000000
3338 151 0.0440000000
839 151 0.0440000000
2399 151 0.0440000000
1884 151 0.0440000000
2393 151 0.0440000000
194 151 0.0440000000
2383 151 0.0440000000
700 151 0.0440000000
285 151 0.0440000000
2971 151 0.0440000000
7340 151 0.0200000000
151 213 0.2040816327
151 261 0.2777777778
151 808 1.0000000000
151 218 0.1273885350
151 3338 1.0000000000
151 839 0.1864406780
151 2399 0.5000000000
151 1884 0.3333333333
151 2393 0.5000000000
151 194 0.0500000000
151 2383 0.5000000000
151 700 0.1078431373
151 3277 1.0000000000
151 1867 0.3333333333
151 285 0.0650887574
151 2971 1.0000000000
151 7340 0.4210526316
251 152 0.0485436893
216 152 0.0388349515
168 152 0.0388349515
626 152 0.0355987055
1691 152 0.0355987055
272 152 0.0355987055
7603 152 0.0355987055
672 152 0.0355987055
253 152 0.0355987055
908 152 0.0355987055
236 152 0.0355987055
988 152 0.0355987055
7552 152 0.0355987055
769 152 0.0355987055
1628 152 0.0355987055
512 152 0.0355987055
152 234 0.0980392157
152 251 0.0781250000
152 1691 0.0591133005
152 216 0.0552995392
152 672 0.1176470588
152 253 0.0540540541
152 168 0.0588235294
152 626 0.1746031746
152 188 0.0255220418
152 908 0.2894736842
152 236 0.0541871921
152 988 0.1641791045
152 7552 0.0235546039
152 153 0.0315186246
152 769 0.1222222222
152 512 0.1037735849
152 1628 0.3333333333
931 153 0.0487106017
2609 153 0.0372492837
482 153 0.0343839542
869 153 0.0343839542
1718 153 0.0343839542
253 153 0.0343839542
864 153 0.0343839542
226 153 0.0343839542
2248 153 0.0315186246
295 153 0.0315186246
507 153 0.0315186246
1465 153 0.0315186246
792 153 0.0315186246
154 153 0.0315186246
1692 153 0.0315186246
2639 153 0.0315186246
515 153 0.0315186246
1662 153 0.0315186246
2574 153 0.0315186246
670 153 0.0315186246
1665 153 0.0315186246
1603 153 0.0315186246
842 153 0.0315186246
153 226 0.0365168539
153 482 0.0944881890
153 1465 0.3529411765
153 869 0.2033898305
153 253 0.0540540541
153 931 0.2068965517
153 858 0.2448979592
153 2248 0.5000000000
153 295 0.0395683453
153 507 0.0591397849
153 792 0.0785714286
153 154 0.0224948875
153 864 0.2244897959
153 1692 0.4782608696
153 2639 1.0000000000
153 515 0.1447368421
153 2609 1.0000000000
153 1662 0.3333333333
153 670 0.1341463415
153 2574 1.0000000000
153 1665 0.3333333333
153 842 0.1594202899
5342 154 0.0245398773
219 154 0.0224948875
222 154 0.0224948875
290 154 0.0224948875
374 154 0.0224948875
177 154 0.0224948875
162 154 0.0224948875
876 154 0.0224948875
593 154 0.0224948875
231 154 0.0224948875
403 154 0.0224948875
7498 154 0.0224948875
425 154 0.0224948875
340 154 0.0224948875
467 154 0.0224948875
154 5342 0.0307692308
154 219 0.0383275261
154 222 0.0347003155
154 896 0.1392405063
154 290 0.0424710425
154 177 0.0054374691
154 162 0.0371621622
154 876 0.0614525140
154 7411 0.2500000000
154 593 0.0887096774
154 231 0.0597826087
154 403 0.0500000000
154 7498 0.1896551724
154 425 0.2244897959
154 441 0.0932203390
154 467 0.0748299320
154 270 0.0733333333
154 340 0.0670731707
154 7604 0.0000000000
462 155 0.0310262530
544 155 0.0286396181
1683 155 0.0286396181
366 155 0.0286396181
367 155 0.0286396181
1468 155 0.0262529833
424 155 0.0262529833
203 155 0.0262529833
3169 155 0.0262529833
156 155 0.0262529833
645 155 0.0262529833
958 155 0.0262529833
545 155 0.0262529833
403 155 0.0262529833
2714 155 0.0262529833
853 155 0.0262529833
1453 155 0.0262529833
327 155 0.0262529833
155 366 0.0915492958
155 1468 0.3529411765
155 462 0.0810810811
155 544 0.1411764706
155 403 0.0545454545
155 622 0.0902255639
155 853 0.1518987342
155 424 0.0614525140
155 203 0.0367892977
155 958 0.1122448980
155 3169 1.0000000000
155 156 0.0250569476
155 645 0.0601092896
155 545 0.0814814815
155 2714 1.0000000000
155 1453 0.2500000000
155 217 0.0336391437
155 367 0.0982142857
155 327 0.0709677419
155 7415 0.0629370629
155 7547 0.0000000000
1842 156 0.0273348519
177 156 0.0273348519
591 156 0.0273348519
157 156 0.0273348519
320 156 0.0250569476
2377 156 0.0250569476
692 156 0.0250569476
289 156 0.0250569476
431 156 0.0250569476
198 156 0.0250569476
1027 156 0.0250569476
162 156 0.0250569476
455 156 0.0250569476
161 156 0.0250569476
1495 156 0.0250569476
256 156 0.0250569476
211 156 0.0250569476
2824 156 0.0250569476
2156 156 0.0250569476
4934 156 0.0250569476
156 7603 0.0278940028
156 1842 0.5217391304
156 7562 0.1666666667
156 1032 0.1379310345
156 639 0.0975609756
156 634 0.1445783133
156 1277 0.3428571429
156 256 0.0361445783
156 157 0.0430107527
156 1025 0.1791044776
156 2156 1.0000000000
156 2377 0.5000000000
156 692 0.2619047619
156 289 0.0552763819
156 431 0.0650887574
156 198 0.0500000000
156 177 0.0054374691
156 1027 0.2972972973
156 162 0.0371621622
156 591 0.0964912281
156 455 0.1122448980
156 1324 0.2000000000
156 161 0.0277078086
156 1495 0.3235294118
156 485 0.0940170940
156 211 0.0345911950
156 2824 1.0000000000
156 4934 0.1375000000
156 7604 0.0000000000
7604 157 0.0716845878
216 157 0.0609318996
302 157 0.0537634409
2336 157 0.0430107527
334 157 0.0430107527
684 157 0.0430107527
204 157 0.0430107527
1561 157 0.0394265233
435 157 0.0394265233
7600 157 0.0394265233
166 157 0.0394265233
190 157 0.0394265233
2815 157 0.0394265233
589 157 0.0394265233
188 157 0.0322580645
157 216 0.0783410138
157 2336 0.0277777778
157 334 0.1142857143
157 684 0.1304347826
157 204 0.0502092050
157 933 0.1764705882
157 7603 0.0167364017
157 1561 0.3235294118
157 435 0.0852713178
157 166 0.0209523810
157 190 0.0353697749
157 2815 1.0000000000
157 589 0.1309523810
157 7604 0.0000000000
157 7600 0.0000000000
248 158 0.0501792115
650 158 0.0430107527
904 158 0.0394265233
3386 158 0.0394265233
695 158 0.0394265233
397 158 0.0394265233
345 158 0.0394265233
158 248 0.1092896175
158 650 0.0784313725
158 904 0.1392405063
158 3386 1.0000000000
158 695 0.0982142857
158 397 0.0643274854
158 345 0.0714285714
7603 159 0.0662020906
444 159 0.0383275261
1234 159 0.0383275261
7402 159 0.0383275261
7565 159 0.0000000000
7536 159 0.0000000000
7517 159 0.0000000000
159 272 0.0540540541
159 1140 0.1666666667
159 1099 0.1964285714
159 444 0.0617977528
159 1234 0.3142857143
159 7402 0.2444444444
159 7565 0.0000000000
159 7589 0.0000000000
7579 160 0.1094890511
952 160 0.1021897810
1845 160 0.0948905109
817 160 0.0802919708
945 160 0.0802919708
160 294 0.2564102564
160 7579 0.2272727273
160 952 0.3684210526
160 1845 1.0000000000
160 817 0.1571428571
160 945 0.1410256410
550 161 0.0327455919
260 161 0.0302267003
1322 161 0.0302267003
635 161 0.0302267003
1022 161 0.0302267003
204 161 0.0302267003
7600 161 0.0277078086
695 161 0.0277078086
1324 161 0.0277078086
1039 161 0.0277078086
623 161 0.0277078086
454 161 0.0277078086
2213 161 0.0277078086
592 161 0.0277078086
2209 161 0.0277078086
1765 161 0.0277078086
1770 161 0.0277078086
1505 161 0.0277078086
520 161 0.0277078086
690 161 0.0277078086
1494 161 0.0277078086
1140 161 0.0277078086
798 161 0.0277078086
1313 161 0.0277078086
188 161 0.0226700252
161 550 0.1217391304
161 635 0.1566265060
161 260 0.0410958904
161 1322 0.1043478261
161 1022 0.2105263158
161 7600 0.0497737557
161 695 0.0982142857
161 1324 0.2000000000
161 1039 0.1929824561
161 623 0.0769230769
161 454 0.0743243243
161 2213 0.5000000000
161 592 0.0964912281
161 1765 0.4782608696
161 2209 0.5000000000
161 1770 0.4782608696
161 1505 0.3235294118
161 520 0.1447368421
161 690 0.1341463415
161 1494 0.3235294118
161 204 0.0460251046
161 1140 0.1666666667
161 1313 0.2444444444
161 798 0.0109756098
177 162 0.0506756757
1046 162 0.0472972973
1518 162 0.0439189189
964 162 0.0439189189
803 162 0.0405405405
1322 162 0.0405405405
208 162 0.0371621622
197 162 0.0371621622
287 162 0.0371621622
2990 162 0.0371621622
331 162 0.0371621622
295 162 0.0371621622
228 162 0.0371621622
3025 162 0.0371621622
1167 162 0.0371621622
2258 162 0.0371621622
1523 162 0.0371621622
162 177 0.0074147306
162 1046 0.2978723404
162 287 0.0603015075
162 208 0.0582010582
162 803 0.1571428571
162 2990 1.0000000000
162 1322 0.0956521739
162 295 0.0395683453
162 331 0.0594594595
162 228 0.0468085106
162 3025 1.0000000000
162 964 0.1617647059
162 1167 0.1964285714
162 2258 0.5000000000
162 1523 0.3235294118
398 163 0.0365168539
249 163 0.0308988764
375 163 0.0308988764
528 163 0.0308988764
1586 163 0.0308988764
416 163 0.0308988764
650 163 0.0308988764
462 163 0.0308988764
397 163 0.0308988764
1774 163 0.0308988764
219 163 0.0308988764
163 165 0.0888888889
163 398 0.0718232044
163 249 0.0352564103
163 375 0.0454545455
163 416 0.0733333333
163 650 0.0718954248
163 462 0.0743243243
163 397 0.0643274854
163 1774 0.3333333333
163 7560 0.0000000000
279 164 0.0398773006
824 164 0.0398773006
281 164 0.0368098160
900 164 0.0368098160
2336 164 0.0368098160
174 164 0.0368098160
376 164 0.0337423313
192 164 0.0337423313
1387 164 0.0337423313
1386 164 0.0337423313
375 164 0.0337423313
269 164 0.0337423313
761 164 0.0337423313
1393 164 0.0276073620
164 837 1.0000000000
164 835 1.0000000000
164 199 0.0387096774
164 174 0.0370370370
164 1904 0.3333333333
164 279 0.0550000000
164 375 0.0454545455
164 269 0.0521327014
164 761 0.1803278689
164 1393 0.2000000000
7560 165 0.0577777778
188 165 0.0577777778
7335 165 0.0533333333
647 165 0.0533333333
1691 165 0.0533333333
3372 165 0.0488888889
489 165 0.0488888889
223 165 0.0488888889
165 188 0.0371229698
165 407 0.1666666667
165 489 0.1494252874
165 647 0.1445783133
165 223 0.0533980583
165 7161 0.4500000000
7604 166 0.0380952381
412 166 0.0285714286
491 166 0.0285714286
177 166 0.0266666667
552 166 0.0247619048
2246 166 0.0228571429
2240 166 0.0228571429
1514 166 0.0228571429
5342 166 0.0228571429
390 166 0.0228571429
329 166 0.0228571429
347 166 0.0228571429
2244 166 0.0209523810
695 166 0.0209523810
1785 166 0.0209523810
2995 166 0.0209523810
1164 166 0.0209523810
278 166 0.0209523810
1154 166 0.0209523810
205 166 0.0209523810
2965 166 0.0209523810
1777 166 0.0209523810
553 166 0.0209523810
1020 166 0.0209523810
548 166 0.0209523810
7536 166 0.0000000000
7517 166 0.0000000000
5533 166 0.0000000000
7565 166 0.0000000000
166 177 0.0088976767
166 491 0.0397877984
166 995 0.3783783784
166 5342 0.0333333333
166 552 0.1529411765
166 2246 1.0000000000
166 2240 1.0000000000
166 1514 0.5000000000
166 1786 0.5217391304
166 390 0.1318681319
166 329 0.0827586207
166 347 0.0588235294
166 2244 0.5000000000
166 846 0.1864406780
166 1797 0.4782608696
166 695 0.0982142857
166 2995 1.0000000000
166 1164 0.1964285714
166 278 0.0550000000
166 1154 0.1964285714
166 205 0.0355987055
166 412 0.0578947368
166 2965 1.0000000000
166 7588 0.0808823529
166 1777 0.3333333333
166 553 0.0666666667
166 7415 0.0769230769
166 272 0.0297297297
166 1020 0.1929824561
166 548 0.1157894737
166 7603 0.0041841004
166 7517 0.0000000000
166 7536 0.0000000000
166 5533 0.0000000000
166 7565 0.0000000000
183 167 0.0528169014
540 167 0.0457746479
447 167 0.0457746479
7564 167 0.0457746479
1264 167 0.0422535211
369 167 0.0422535211
619 167 0.0422535211
419 167 0.0422535211
2659 167 0.0387323944
357 167 0.0387323944
328 167 0.0387323944
1638 167 0.0387323944
263 167 0.0387323944
382 167 0.0387323944
777 167 0.0387323944
986 167 0.0387323944
274 167 0.0387323944
237 167 0.0387323944
167 7564 0.0157126824
167 447 0.1015625000
167 1264 0.3428571429
167 1638 0.0784313725
167 619 0.1061946903
167 183 0.0458015267
167 419 0.0754716981
167 237 0.0493827160
167 2659 1.0000000000
167 357 0.0674846626
167 1655 0.3333333333
167 369 0.0774647887
167 541 0.0628571429
167 328 0.0448979592
167 540 0.0956521739
167 263 0.0839694656
167 382 0.0521327014
167 777 0.0733333333
167 986 0.1641791045
167 1964 0.5000000000
167 274 0.0647058824
323 168 0.0784313725
591 168 0.0588235294
193 168 0.0588235294
772 168 0.0588235294
168 323 0.0727272727
168 996 0.3243243243
168 591 0.0964912281
168 7328 0.1009174312
168 772 0.2200000000
168 439 0.0859375000
168 7602 0.0000000000
168 7601 0.0000000000
168 7599 0.0000000000
168 7598 0.0000000000
168 7604 0.0000000000
1245 169 0.0590551181
215 169 0.0590551181
447 169 0.0551181102
183 169 0.0511811024
7564 169 0.0511811024
1668 169 0.0472440945
175 169 0.0472440945
1003 169 0.0472440945
182 169 0.0472440945
209 169 0.0472440945
240 169 0.0433070866
202 169 0.0433070866
672 169 0.0433070866
1210 169 0.0433070866
668 169 0.0433070866
365 169 0.0433070866
169 1245 1.0000000000
169 858 0.3061224490
169 7564 0.0168350168
169 447 0.1171875000
169 215 0.0802139037
169 1682 1.0000000000
169 240 0.1056910569
169 202 0.0449826990
169 1439 0.5416666667
169 183 0.0496183206
169 672 0.1274509804
169 1668 1.0000000000
169 1210 0.1529411765
169 182 0.0445205479
169 175 0.0415335463
169 668 0.1413043478
169 1003 0.2765957447
169 365 0.0855263158
169 209 0.0526315789
286 170 0.0854700855
633 170 0.0769230769
686 170 0.0598290598
1527 170 0.0512820513
2264 170 0.0512820513
588 170 0.0512820513
185 170 0.0470085470
1805 170 0.0470085470
960 170 0.0470085470
2224 170 0.0470085470
2179 170 0.0470085470
482 170 0.0470085470
370 170 0.0470085470
1137 170 0.0470085470
272 170 0.0299145299
170 633 0.3488372093
170 286 0.0943396226
170 686 0.1250000000
170 1527 0.5416666667
170 1961 1.0000000000
170 2264 1.0000000000
170 370 0.0697674419
170 588 0.0895522388
170 185 0.0273631841
170 1805 0.4782608696
170 960 0.1250000000
170 2224 0.5000000000
170 2179 0.5000000000
170 482 0.0866141732
170 1137 0.1666666667
170 272 0.0189189189
170 7604 0.0000000000
3248 171 0.0803571429
491 171 0.0669642857
824 171 0.0580357143
192 171 0.0535714286
2309 171 0.0535714286
1738 171 0.0535714286
522 171 0.0535714286
1035 171 0.0491071429
171 522 0.0952380952
171 3248 1.0000000000
171 1738 0.4782608696
171 1035 0.1929824561
555 172 0.0377906977
214 172 0.0377906977
1190 172 0.0348837209
2342 172 0.0348837209
177 172 0.0348837209
262 172 0.0319767442
413 172 0.0319767442
326 172 0.0319767442
641 172 0.0319767442
493 172 0.0319767442
701 172 0.0319767442
1173 172 0.0319767442
491 172 0.0319767442
205 172 0.0319767442
5342 172 0.0319767442
1327 172 0.0319767442
172 555 0.2400000000
172 214 0.0485074627
172 177 0.0059317845
172 262 0.0604395604
172 413 0.0785714286
172 1190 0.1964285714
172 2342 0.5000000000
172 641 0.0601092896
172 493 0.0940170940
172 701 0.0833333333
172 1173 0.1666666667
172 491 0.0291777188
172 205 0.0355987055
172 5342 0.0282051282
172 1327 0.2000000000
172 7604 0.0000000000
3337 173 0.0549450549
245 173 0.0467032967
2392 173 0.0329670330
174 173 0.0329670330
222 173 0.0302197802
363 173 0.0302197802
376 173 0.0302197802
1370 173 0.0302197802
207 173 0.0302197802
398 173 0.0302197802
412 173 0.0302197802
666 173 0.0302197802
602 173 0.0302197802
496 173 0.0302197802
1032 173 0.0302197802
2373 173 0.0302197802
1837 173 0.0302197802
173 245 0.0600706714
173 2392 1.0000000000
173 174 0.0370370370
173 222 0.0347003155
173 191 0.0421455939
173 1841 0.4782608696
173 363 0.1746031746
173 7398 0.1447368421
173 376 0.0572916667
173 1370 0.2000000000
173 207 0.0480349345
173 398 0.0607734807
173 362 0.0452674897
173 3337 1.0000000000
173 602 0.0964912281
173 496 0.1134020619
173 1032 0.1264367816
173 2373 0.5000000000
173 1837 0.3333333333
173 7559 0.0000000000
173 7567 0.0000000000
266 174 0.0370370370
7595 174 0.0370370370
177 174 0.0370370370
822 174 0.0339506173
280 174 0.0339506173
391 174 0.0339506173
315 174 0.0339506173
174 1160 0.3333333333
174 266 0.0568720379
174 7591 0.0990990991
174 822 0.1222222222
174 262 0.0604395604
174 580 0.0763888889
174 280 0.0458333333
174 391 0.0683229814
174 315 0.0533980583
174 7343 1.0000000000
174 775 0.0900000000
174 7595 0.0221674877
174 185 0.0000000000
174 177 0.0000000000
3516 175 0.0415335463
1136 175 0.0383386581
1965 175 0.0383386581
300 175 0.0383386581
449 175 0.0383386581
182 175 0.0383386581
368 175 0.0383386581
326 175 0.0383386581
313 175 0.0383386581
236 175 0.0383386581
438 175 0.0351437700
256 175 0.0351437700
210 175 0.0351437700
217 175 0.0351437700
404 175 0.0351437700
7589 175 0.0351437700
293 175 0.0351437700
175 438 0.1530612245
175 3516 0.1444444444
175 449 0.1016949153
175 182 0.0410958904
175 368 0.0983606557
175 326 0.0774193548
175 313 0.0952380952
175 236 0.0591133005
175 256 0.0331325301
175 1136 0.1666666667
175 210 0.0696202532
175 1965 0.5000000000
175 300 0.0802919708
175 217 0.0336391437
175 404 0.0550000000
175 7589 0.1170212766
175 293 0.0696202532
7603 176 0.0526315789
1299 176 0.0495356037
1333 176 0.0464396285
740 176 0.0464396285
304 176 0.0464396285
209 176 0.0433436533
302 176 0.0402476780
390 176 0.0402476780
267 176 0.0371517028
518 176 0.0371517028
7518 176 0.0340557276
350 176 0.0340557276
553 176 0.0340557276
2857 176 0.0340557276
2634 176 0.0278637771
491 176 0.0278637771
1134 176 0.0000000000
196 176 0.0000000000
176 1299 1.0000000000
176 737 0.3658536585
176 267 0.0992907801
176 209 0.0614035088
176 740 0.2295081967
176 1333 0.3714285714
176 390 0.1318681319
176 518 0.1034482759
176 2634 1.0000000000
176 2231 0.5000000000
176 2191 0.5000000000
176 1771 0.4782608696
176 2857 1.0000000000
176 7603 0.0125523013
748 177 0.0098863075
642 177 0.0098863075
750 177 0.0098863075
265 177 0.0098863075
331 177 0.0084033613
1165 177 0.0084033613
1806 177 0.0079090460
1352 177 0.0074147306
7517 177 0.0074147306
1163 177 0.0074147306
523 177 0.0074147306
350 177 0.0074147306
621 177 0.0069204152
969 177 0.0069204152
333 177 0.0069204152
815 177 0.0064260999
227 177 0.0064260999
492 177 0.0064260999
395 177 0.0064260999
882 177 0.0064260999
287 177 0.0064260999
1171 177 0.0064260999
878 177 0.0064260999
799 177 0.0064260999
219 177 0.0064260999
487 177 0.0064260999
798 177 0.0064260999
592 177 0.0064260999
1548 177 0.0059317845
1179 177 0.0059317845
7554 177 0.0059317845
266 177 0.0059317845
1180 177 0.0059317845
3117 177 0.0059317845
1456 177 0.0059317845
522 177 0.0059317845
703 177 0.0059317845
1347 177 0.0059317845
228 177 0.0059317845
1809 177 0.0059317845
697 177 0.0059317845
879 177 0.0059317845
7590 177 0.0059317845
214 177 0.0059317845
193 177 0.0059317845
640 177 0.0059317845
521 177 0.0059317845
1033 177 0.0059317845
2963 177 0.0059317845
623 177 0.0059317845
639 177 0.0059317845
552 177 0.0059317845
1328 177 0.0059317845
393 177 0.0059317845
2924 177 0.0059317845
190 177 0.0059317845
1841 177 0.0054374691
7419 177 0.0054374691
1541 177 0.0054374691
1553 177 0.0054374691
2225 177 0.0054374691
3125 177 0.0054374691
1835 177 0.0054374691
2311 177 0.0054374691
7581 177 0.0054374691
2304 177 0.0054374691
2286 177 0.0054374691
1538 177 0.0054374691
1051 177 0.0054374691
1054 177 0.0054374691
951 177 0.0054374691
2299 177 0.0054374691
396 177 0.0054374691
404 177 0.0054374691
1053 177 0.0054374691
1811 177 0.0054374691
596 177 0.0054374691
1525 177 0.0054374691
877 177 0.0054374691
332 177 0.0054374691
813 177 0.0054374691
1524 177 0.0054374691
296 177 0.0054374691
2254 177 0.0054374691
259 177 0.0054374691
1324 177 0.0054374691
787 177 0.0054374691
1048 177 0.0054374691
937 177 0.0054374691
1293 177 0.0054374691
3022 177 0.0054374691
483 177 0.0054374691
203 177 0.0054374691
347 177 0.0054374691
3016 177 0.0054374691
1041 177 0.0054374691
306 177 0.0054374691
3003 177 0.0054374691
258 177 0.0054374691
785 177 0.0054374691
506 177 0.0054374691
2988 177 0.0054374691
198 177 0.0054374691
587 177 0.0054374691
7482 177 0.0054374691
1517 177 0.0054374691
1757 177 0.0054374691
197 177 0.0054374691
1162 177 0.0054374691
490 177 0.0054374691
489 177 0.0054374691
1039 177 0.0054374691
2958 177 0.0054374691
802 177 0.0054374691
411 177 0.0054374691
1714 177 0.0054374691
284 177 0.0054374691
1020 177 0.0054374691
272 177 0.0054374691
2935 177 0.0054374691
7389 177 0.0054374691
2213 177 0.0054374691
204 177 0.0054374691
1765 177 0.0054374691
279 177 0.0044488384
7595 177 0.0044488384
491 177 0.0024715769
278 177 0.0019772615
245 177 0.0000000000
179 177 0.0000000000
286 177 0.0000000000
7604 177 0.0000000000
7598 177 0.0000000000
7599 177 0.0000000000
7601 177 0.0000000000
7602 177 0.0000000000
1691 177 0.0000000000
244 177 0.0000000000
269 177 0.0000000000
7584 177 0.0000000000
188 177 0.0000000000
196 177 0.0000000000
371 177 0.0000000000
7565 177 0.0000000000
177 816 0.5000000000
177 244 0.0443864230
177 802 0.4250000000
177 296 0.0779816514
177 214 0.0634328358
177 265 0.1055900621
177 642 0.2054794521
177 750 0.2941176471
177 748 0.0828729282
177 810 0.2142857143
177 1163 0.5769230769
177 278 0.0750000000
177 333 0.0903225806
177 640 0.1917808219
177 521 0.1842105263
177 523 0.1206896552
177 1515 1.0000000000
177 350 0.0760869565
177 7595 0.0320197044
177 815 0.1181818182
177 1352 0.3714285714
177 227 0.0698924731
177 492 0.1111111111
177 395 0.0680628272
177 882 0.1313131313
177 228 0.0553191489
177 287 0.0653266332
177 1806 1.0000000000
177 1165 0.3611111111
177 878 0.2203389831
177 371 0.0677083333
177 219 0.0452961672
177 487 0.0599078341
177 592 0.1140350877
177 1548 0.5000000000
177 1179 0.1818181818
177 621 0.1643835616
177 7554 0.7058823529
177 1180 0.2142857143
177 969 0.1538461538
177 524 0.2608695652
177 522 0.0952380952
177 703 0.0983606557
177 396 0.0745341615
177 1809 0.5217391304
177 1171 0.2608695652
177 331 0.0648648649
177 697 0.1176470588
177 879 0.1739130435
177 1048 0.2553191489
177 193 0.0521739130
177 1033 0.2105263158
177 295 0.0431654676
177 552 0.1411764706
177 623 0.0839160839
177 1328 0.1411764706
177 393 0.0628272251
177 1765 0.5217391304
177 190 0.0385852090
177 1553 0.2500000000
177 269 0.0521327014
177 2225 0.2619047619
177 349 0.1057692308
177 266 0.0521327014
177 3125 1.0000000000
177 1835 0.3333333333
177 3117 1.0000000000
177 1456 0.2500000000
177 2311 0.5000000000
177 2304 0.5000000000
177 2286 0.5000000000
177 1538 0.3235294118
177 1051 0.1641791045
177 1054 0.2340425532
177 1753 0.3333333333
177 1159 0.2391304348
177 595 0.1718750000
177 404 0.0550000000
177 1053 0.1929824561
177 596 0.0964912281
177 1347 0.3142857143
177 951 0.1250000000
177 1525 0.2500000000
177 1024 0.2340425532
177 877 0.1594202899
177 332 0.0564102564
177 279 0.0550000000
177 1524 0.2500000000
177 2254 0.5000000000
177 259 0.0404411765
177 787 0.1375000000
177 1324 0.2000000000
177 1293 0.3142857143
177 3022 1.0000000000
177 203 0.0367892977
177 1310 0.3142857143
177 347 0.0539215686
177 3016 1.0000000000
177 1041 0.1641791045
177 306 0.0700636943
177 3003 1.0000000000
177 258 0.0404411765
177 196 0.0407407407
177 785 0.0916666667
177 506 0.1145833333
177 2988 1.0000000000
177 587 0.0763888889
177 7482 0.3793103448
177 1517 0.1718750000
177 197 0.0297297297
177 1162 0.1279069767
177 490 0.0866141732
177 489 0.1264367816
177 2946 1.0000000000
177 1304 0.3142857143
177 2963 1.0000000000
177 639 0.0894308943
177 1039 0.1929824561
177 2958 1.0000000000
177 411 0.0687500000
177 799 0.1375000000
177 1714 0.3333333333
177 284 0.0526315789
177 2935 1.0000000000
177 2679 1.0000000000
177 7389 0.1641791045
177 2213 0.5000000000
177 1696 0.3333333333
177 204 0.0460251046
177 2924 1.0000000000
177 7588 0.0661764706
177 357 0.0429447853
177 2280 0.0192307692
177 7598 0.0000000000
177 7601 0.0000000000
177 7599 0.0000000000
177 7604 0.0000000000
177 7530 0.0000000000
177 7581 0.0000000000
177 7584 0.0000000000
177 7590 0.0000000000
177 7517 0.0000000000
177 7565 0.0000000000
177 7536 0.0000000000
177 5533 0.0000000000
177 7583 0.0000000000
177 798 0.0000000000
5389 178 0.0379008746
1530 178 0.0379008746
330 178 0.0379008746
1557 178 0.0349854227
2323 178 0.0349854227
7521 178 0.0320699708
3333 178 0.0320699708
982 178 0.0320699708
1565 178 0.0320699708
2355 178 0.0320699708
774 178 0.0320699708
7514 178 0.0320699708
1812 178 0.0320699708
1354 178 0.0320699708
2301 178 0.0320699708
1814 178 0.0320699708
1821 178 0.0320699708
1813 178 0.0320699708
2152 178 0.0320699708
1274 178 0.0320699708
881 178 0.0320699708
178 5389 0.2600000000
178 330 0.0666666667
178 1557 0.3529411765
178 2323 1.0000000000
178 1814 0.5217391304
178 1530 0.3529411765
178 7521 0.2558139535
178 3333 1.0000000000
178 982 0.1896551724
178 2355 0.5000000000
178 774 0.1222222222
178 705 0.1078431373
178 434 0.1235955056
178 1812 0.3333333333
178 1354 0.4400000000
178 2301 0.5000000000
178 1821 0.3333333333
178 1813 0.3333333333
178 2152 0.5000000000
178 1274 0.2444444444
178 881 0.1864406780
3017 179 0.0790513834
322 179 0.0553359684
348 179 0.0513833992
1691 179 0.0474308300
752 179 0.0474308300
1111 179 0.0474308300
228 179 0.0474308300
337 179 0.0434782609
696 179 0.0434782609
748 179 0.0434782609
7334 179 0.0434782609
179 322 0.1333333333
179 348 0.0844155844
179 1604 1.0000000000
179 1691 0.0640394089
179 582 0.2954545455
179 5342 0.0307692308
179 7415 0.0839160839
179 752 0.1081081081
179 228 0.0510638298
179 595 0.1718750000
179 748 0.0607734807
179 1111 0.1964285714
179 3017 1.0000000000
179 7383 1.0000000000
179 7552 0.0042826552
179 7603 0.0000000000
179 7602 0.0000000000
179 7601 0.0000000000
179 7599 0.0000000000
179 7598 0.0000000000
179 7604 0.0000000000
179 7600 0.0000000000
179 7527 0.0000000000
179 7334 0.0000000000
400 180 0.1176470588
374 180 0.1176470588
364 180 0.0980392157
378 180 0.0980392157
186 180 0.0980392157
1073 180 0.0849673203
230 180 0.0849673203
7386 180 0.0784313725
281 180 0.0784313725
498 180 0.0718954248
824 180 0.0718954248
180 400 0.1648351648
180 374 0.1056338028
180 186 0.1136363636
180 230 0.0857142857
180 1073 0.4814814815
180 378 0.1805555556
180 281 0.0461538462
180 1207 0.4230769231
180 2336 0.0254629630
404 181 0.0763358779
2611 181 0.0572519084
237 181 0.0496183206
510 181 0.0458015267
863 181 0.0458015267
1966 181 0.0458015267
2618 181 0.0419847328
2012 181 0.0419847328
2000 181 0.0419847328
2566 181 0.0419847328
226 181 0.0419847328
182 181 0.0419847328
534 181 0.0419847328
999 181 0.0419847328
405 181 0.0419847328
401 181 0.0419847328
382 181 0.0419847328
181 510 0.4347826087
181 356 0.0980392157
181 237 0.0617283951
181 863 0.0754716981
181 182 0.0410958904
181 1966 1.0000000000
181 999 0.2553191489
181 2618 1.0000000000
181 2012 0.5000000000
181 2611 1.0000000000
181 2000 0.5000000000
181 2566 1.0000000000
181 226 0.0308988764
181 405 0.0916666667
181 404 0.0550000000
181 401 0.0687500000
181 382 0.0521327014
181 7589 0.0000000000
181 7582 0.0000000000
3774 182 0.0445205479
778 182 0.0410958904
367 182 0.0410958904
366 182 0.0410958904
473 182 0.0410958904
1437 182 0.0376712329
507 182 0.0376712329
382 182 0.0376712329
609 182 0.0376712329
323 182 0.0376712329
442 182 0.0376712329
920 182 0.0376712329
217 182 0.0376712329
713 182 0.0376712329
236 182 0.0376712329
660 182 0.0376712329
841 182 0.0376712329
568 182 0.0376712329
182 3774 0.1333333333
182 609 0.1061946903
182 367 0.1071428571
182 473 0.0944881890
182 1437 0.2500000000
182 507 0.0591397849
182 382 0.0521327014
182 323 0.0666666667
182 778 0.1571428571
182 442 0.0859375000
182 660 0.0982142857
182 920 0.1410256410
182 217 0.0336391437
182 713 0.1549295775
182 236 0.0541871921
182 366 0.0774647887
182 841 0.1392405063
182 568 0.0887096774
182 7604 0.0000000000
674 183 0.0534351145
7570 183 0.0534351145
313 183 0.0496183206
574 183 0.0496183206
7564 183 0.0458015267
7587 183 0.0458015267
299 183 0.0458015267
1982 183 0.0458015267
1116 183 0.0458015267
1014 183 0.0458015267
1106 183 0.0458015267
264 183 0.0458015267
675 183 0.0419847328
725 183 0.0419847328
449 183 0.0419847328
670 183 0.0419847328
424 183 0.0419847328
183 299 0.0748663102
183 1447 1.0000000000
183 674 0.3333333333
183 313 0.1031746032
183 1982 1.0000000000
183 574 0.1276595745
183 675 0.1463414634
183 1116 0.3333333333
183 1014 0.3243243243
183 1106 0.2142857143
183 670 0.1463414634
183 264 0.0568720379
183 2046 0.5000000000
183 725 0.0990990991
183 449 0.0932203390
183 424 0.0614525140
183 2550 1.0000000000
183 7587 0.2000000000
183 7570 0.0000000000
1299 184 0.0619834711
747 184 0.0619834711
2224 184 0.0537190083
325 184 0.0537190083
440 184 0.0537190083
693 184 0.0537190083
360 184 0.0537190083
392 184 0.0495867769
390 184 0.0495867769
2231 184 0.0495867769
673 184 0.0495867769
3239 184 0.0454545455
3034 184 0.0454545455
1046 184 0.0454545455
1333 184 0.0454545455
1158 184 0.0454545455
209 184 0.0454545455
388 184 0.0454545455
592 184 0.0454545455
184 360 0.0582959641
184 3239 1.0000000000
184 3034 1.0000000000
184 2224 0.5000000000
184 1333 0.3142857143
184 209 0.0482456140
184 592 0.0964912281
184 747 0.0990990991
184 693 0.1195652174
184 673 0.2115384615
184 7604 0.0000000000
7562 185 0.0497512438
1691 185 0.0497512438
288 185 0.0497512438
349 185 0.0323383085
188 185 0.0323383085
249 185 0.0323383085
198 185 0.0323383085
330 185 0.0273631841
1380 185 0.0273631841
813 185 0.0273631841
264 185 0.0273631841
687 185 0.0273631841
596 185 0.0124378109
245 185 0.0000000000
185 188 0.0348027842
185 349 0.1250000000
185 198 0.0590909091
185 249 0.0416666667
185 7562 0.1805555556
185 288 0.0308483290
185 1691 0.0591133005
185 687 0.1071428571
185 264 0.0521327014
185 813 0.0916666667
185 423 0.1235955056
185 582 0.2500000000
364 186 0.1363636364
374 186 0.1363636364
400 186 0.1287878788
1207 186 0.1136363636
378 186 0.1060606061
230 186 0.0984848485
2336 186 0.0833333333
186 1207 0.5769230769
186 400 0.1648351648
186 378 0.2083333333
186 364 0.2380952381
186 230 0.0857142857
186 374 0.1056338028
186 281 0.0461538462
186 498 0.0658682635
186 558 0.0880000000
7604 187 0.1047120419
302 187 0.0785340314
334 187 0.0785340314
423 187 0.0785340314
1349 187 0.0575916230
485 187 0.0575916230
850 187 0.0575916230
507 187 0.0575916230
187 334 0.1428571429
187 423 0.1685393258
187 485 0.1025641026
187 552 0.1294117647
187 850 0.1111111111
187 507 0.0591397849
7335 188 0.0464037123
334 188 0.0464037123
573 188 0.0417633411
196 188 0.0301624130
206 188 0.0278422274
354 188 0.0278422274
1494 188 0.0278422274
272 188 0.0278422274
647 188 0.0255220418
190 188 0.0255220418
484 188 0.0255220418
943 188 0.0255220418
1762 188 0.0208816705
2336 188 0.0116009281
7550 188 0.0023201856
7604 188 0.0000000000
7598 188 0.0000000000
7599 188 0.0000000000
7601 188 0.0000000000
7602 188 0.0000000000
7594 188 0.0000000000
188 200 0.1132075472
188 573 0.4090909091
188 196 0.0481481481
188 483 0.1111111111
188 469 0.0764331210
188 234 0.0784313725
188 489 0.1264367816
188 334 0.1047619048
188 241 0.0402930403
188 941 0.0743243243
188 484 0.0802919708
188 943 0.1617647059
188 251 0.0572916667
188 815 0.0818181818
188 1762 0.1698113208
188 7579 0.1212121212
188 7551 0.0357142857
188 7594 0.0526315789
188 7602 0.0000000000
188 7601 0.0000000000
188 7598 0.0000000000
188 7599 0.0000000000
188 7334 0.0000000000
188 7604 0.0000000000
188 7550 0.0000000000
188 7540 0.0000000000
188 7460 1.0000000000
188 7600 0.0000000000
1424 189 0.0845771144
306 189 0.0796019900
1330 189 0.0746268657
552 189 0.0646766169
1506 189 0.0646766169
660 189 0.0597014925
1298 189 0.0547263682
260 189 0.0547263682
190 189 0.0547263682
189 306 0.1019108280
189 1330 1.0000000000
189 552 0.1529411765
189 660 0.1071428571
189 1298 0.2000000000
189 260 0.0376712329
189 1424 0.3235294118
189 1506 0.4583333333
7604 190 0.0643086817
7600 190 0.0482315113
550 190 0.0482315113
599 190 0.0385852090
392 190 0.0385852090
197 190 0.0353697749
330 190 0.0353697749
801 190 0.0353697749
318 190 0.0353697749
7588 190 0.0353697749
1760 190 0.0353697749
258 190 0.0353697749
7562 190 0.0000000000
190 903 1.0000000000
190 889 1.0000000000
190 1391 1.0000000000
190 7600 0.0588235294
190 550 0.1130434783
190 2424 1.0000000000
190 196 0.0407407407
190 599 0.0820895522
190 197 0.0297297297
190 330 0.0564102564
190 392 0.0909090909
190 304 0.0588235294
190 267 0.0780141844
190 801 0.0478260870
190 318 0.0625000000
190 7588 0.0808823529
190 1760 0.0894308943
190 258 0.0404411765
190 798 0.0109756098
190 7580 0.0782608696
190 7400 0.0000000000
190 7562 0.0000000000
3384 191 0.0536398467
463 191 0.0498084291
599 191 0.0498084291
288 191 0.0459770115
1519 191 0.0459770115
3254 191 0.0421455939
596 191 0.0421455939
553 191 0.0421455939
191 288 0.0308483290
191 463 0.1764705882
191 435 0.0852713178
191 3384 1.0000000000
191 345 0.0714285714
191 1519 0.3235294118
191 3254 0.1089108911
191 596 0.0964912281
191 599 0.0820895522
191 553 0.0666666667
233 192 0.0588235294
269 192 0.0588235294
766 192 0.0542986425
906 192 0.0497737557
605 192 0.0497737557
281 192 0.0497737557
2417 192 0.0497737557
824 192 0.0497737557
192 1599 0.5416666667
192 233 0.0670103093
192 269 0.0616113744
192 499 0.1791044776
192 832 0.1500000000
192 2293 0.2115384615
192 498 0.0658682635
192 281 0.0423076923
192 558 0.0880000000
192 766 0.0990990991
192 2417 0.5000000000
192 2415 0.5000000000
192 352 0.0820895522
192 824 0.0846153846
192 7552 0.0171306210
722 193 0.0869565217
548 193 0.0652173913
7577 193 0.0521739130
350 193 0.0478260870
547 193 0.0478260870
249 193 0.0478260870
529 193 0.0478260870
1918 193 0.0478260870
193 722 0.6451612903
193 548 0.1578947368
193 7577 0.1237113402
193 517 0.1132075472
193 350 0.0597826087
193 249 0.0352564103
193 529 0.0814814815
193 4057 0.4500000000
193 7332 1.0000000000
193 7388 0.0877192982
736 194 0.0818181818
530 194 0.0590909091
995 194 0.0545454545
1154 194 0.0500000000
2978 194 0.0500000000
2265 194 0.0500000000
2983 194 0.0500000000
1715 194 0.0500000000
712 194 0.0500000000
1955 194 0.0500000000
798 194 0.0409090909
194 736 0.4390243902
194 712 0.2112676056
194 530 0.1043478261
194 1154 0.1964285714
194 2978 1.0000000000
194 2983 1.0000000000
194 1715 0.3333333333
194 1955 0.5000000000
194 798 0.0109756098
254 195 0.1333333333
675 195 0.1000000000
7498 195 0.0866666667
864 195 0.0866666667
275 195 0.0866666667
541 195 0.0800000000
2069 195 0.0733333333
408 195 0.0733333333
2606 195 0.0733333333
195 254 0.1315789474
195 864 0.2653061224
195 675 0.1585365854
195 275 0.0812500000
195 541 0.0685714286
195 408 0.0478260870
195 2606 1.0000000000
1570 196 0.0481481481
2287 196 0.0481481481
491 196 0.0481481481
3286 196 0.0444444444
3114 196 0.0444444444
703 196 0.0444444444
249 196 0.0407407407
824 196 0.0407407407
269 196 0.0407407407
208 196 0.0407407407
242 196 0.0407407407
747 196 0.0407407407
196 249 0.0352564103
196 2287 0.5000000000
196 3286 0.3548387097
196 208 0.0582010582
196 1277 0.3142857143
196 3114 1.0000000000
196 703 0.0901639344
196 747 0.0990990991
196 205 0.0355987055
196 7603 0.0125523013
196 7604 0.0000000000
198 197 0.0324324324
7577 197 0.0324324324
822 197 0.0297297297
759 197 0.0297297297
2369 197 0.0297297297
1068 197 0.0297297297
596 197 0.0297297297
459 197 0.0297297297
1794 197 0.0297297297
244 197 0.0297297297
798 197 0.0297297297
197 7603 0.0209205021
197 591 0.1052631579
197 198 0.0545454545
197 7577 0.1237113402
197 822 0.1222222222
197 759 0.0575916230
197 2369 0.1195652174
197 1068 0.1428571429
197 459 0.0859375000
197 1794 0.2075471698
197 244 0.0287206266
197 798 0.0134146341
390 198 0.0727272727
235 198 0.0681818182
865 198 0.0636363636
2187 198 0.0500000000
277 198 0.0500000000
198 390 0.1758241758
198 235 0.0980392157
198 865 0.2028985507
198 277 0.0461538462
198 2187 1.0000000000
198 7604 0.0000000000
198 7527 0.0000000000
369 199 0.0387096774
937 199 0.0387096774
315 199 0.0387096774
826 199 0.0354838710
6786 199 0.0354838710
6123 199 0.0354838710
2324 199 0.0354838710
451 199 0.0354838710
371 199 0.0354838710
752 199 0.0354838710
1820 199 0.0354838710
259 199 0.0354838710
879 199 0.0354838710
358 199 0.0354838710
1811 199 0.0354838710
199 1587 1.0000000000
199 937 0.0759493671
199 315 0.0582524272
199 1811 0.1643835616
199 2324 0.5000000000
199 451 0.0859375000
199 244 0.0287206266
199 752 0.0990990991
199 1820 0.3333333333
199 801 0.0478260870
199 440 0.1410256410
199 267 0.0780141844
199 369 0.0774647887
199 259 0.0404411765
199 879 0.1594202899
199 358 0.0769230769
199 517 0.1037735849
199 257 0.0000000000
7335 200 0.1257861635
234 200 0.1132075472
607 200 0.0754716981
2450 200 0.0691823899
503 200 0.0691823899
847 200 0.0691823899
200 607 0.1904761905
200 2450 1.0000000000
200 503 0.1037735849
200 847 0.2820512821
506 201 0.1005025126
298 201 0.0603015075
568 201 0.0603015075
614 201 0.0552763819
1509 201 0.0552763819
535 201 0.0552763819
201 506 0.2083333333
201 298 0.0718562874
201 568 0.0967741935
201 1509 0.2500000000
201 535 0.0880000000
406 202 0.0449826990
574 202 0.0449826990
303 202 0.0415224913
1968 202 0.0415224913
240 202 0.0415224913
1651 202 0.0415224913
357 202 0.0415224913
7603 202 0.0380622837
584 202 0.0380622837
785 202 0.0380622837
935 202 0.0380622837
620 202 0.0380622837
2598 202 0.0380622837
344 202 0.0380622837
1011 202 0.0380622837
986 202 0.0380622837
540 202 0.0380622837
1921 202 0.0380622837
1433 202 0.0380622837
2004 202 0.0380622837
202 574 0.1382978723
202 303 0.0764331210
202 1968 1.0000000000
202 240 0.0975609756
202 1651 0.5217391304
202 357 0.0736196319
202 986 0.1791044776
202 7603 0.0153417015
202 584 0.2037037037
202 2636 1.0000000000
202 785 0.0916666667
202 935 0.1896551724
202 620 0.1506849315
202 2598 1.0000000000
202 344 0.0964912281
202 1011 0.1929824561
202 540 0.0956521739
202 1921 0.1195652174
202 1433 0.2500000000
202 2004 0.5000000000
296 203 0.0434782609
491 203 0.0367892977
1853 203 0.0367892977
1339 203 0.0367892977
1292 203 0.0367892977
203 296 0.0596330275
203 1853 0.3333333333
203 1339 0.2444444444
203 1292 0.1466666667
428 204 0.0836820084
798 204 0.0836820084
1328 204 0.0502092050
804 204 0.0502092050
7565 204 0.0502092050
787 204 0.0460251046
1150 204 0.0460251046
7512 204 0.0460251046
7397 204 0.0460251046
949 204 0.0460251046
647 204 0.0376569038
204 428 0.2898550725
204 798 0.0243902439
204 804 0.1500000000
204 7565 0.0278422274
204 1150 0.1964285714
204 1328 0.1294117647
204 7512 0.0666666667
204 7397 0.1964285714
204 949 0.1250000000
362 205 0.0388349515
308 205 0.0355987055
643 205 0.0355987055
237 205 0.0355987055
401 205 0.0355987055
807 205 0.0355987055
876 205 0.0355987055
506 205 0.0355987055
857 205 0.0355987055
1041 205 0.0355987055
2976 205 0.0355987055
266 205 0.0355987055
205 362 0.0493827160
205 219 0.0383275261
205 308 0.0802919708
205 643 0.1067961165
205 237 0.0452674897
205 232 0.0632183908
205 401 0.0687500000
205 807 0.1222222222
205 319 0.0591397849
205 876 0.0614525140
205 1041 0.1641791045
205 857 0.1392405063
205 2976 1.0000000000
205 266 0.0521327014
823 206 0.0913242009
3133 206 0.0593607306
979 206 0.0547945205
457 206 0.0547945205
1062 206 0.0547945205
647 206 0.0502283105
2354 206 0.0502283105
7433 206 0.0502283105
2363 206 0.0502283105
1855 206 0.0502283105
1559 206 0.0502283105
3175 206 0.0502283105
1557 206 0.0502283105
206 823 1.0000000000
206 3133 0.1481481481
206 2354 0.2619047619
206 979 0.1896551724
206 7433 0.5000000000
206 2363 0.5000000000
206 1855 0.3333333333
206 2657 1.0000000000
206 1559 0.3235294118
206 3175 1.0000000000
206 1557 0.3235294118
206 457 0.0932203390
206 1062 0.2972972973
206 588 0.0671641791
206 284 0.0430622010
206 632 0.0731707317
206 7550 0.0287769784
206 7531 0.0000000000
206 7521 0.0000000000
206 7514 0.0000000000
398 207 0.0524017467
666 207 0.0524017467
7516 207 0.0480349345
7595 207 0.0480349345
207 398 0.0662983425
207 666 0.0833333333
207 7516 0.3142857143
207 7595 0.0000000000
666 208 0.0846560847
291 208 0.0740740741
287 208 0.0740740741
320 208 0.0582010582
336 208 0.0582010582
484 208 0.0582010582
208 287 0.0703517588
208 291 0.0817610063
208 320 0.0625000000
208 336 0.0709677419
208 484 0.0802919708
208 7578 0.3333333333
1935 209 0.0657894737
801 209 0.0570175439
267 209 0.0570175439
257 209 0.0526315789
565 209 0.0526315789
325 209 0.0482456140
2466 209 0.0482456140
1928 209 0.0482456140
7550 209 0.0482456140
656 209 0.0482456140
209 267 0.0992907801
209 801 0.0565217391
209 257 0.0697674419
209 565 0.1621621622
209 2466 1.0000000000
209 1087 0.1666666667
209 7550 0.0395683453
253 210 0.1265822785
7550 210 0.0886075949
251 210 0.0822784810
542 210 0.0822784810
870 210 0.0759493671
1440 210 0.0759493671
240 210 0.0759493671
2732 210 0.0696202532
210 7550 0.0503597122
210 251 0.0677083333
210 542 0.0962962963
210 870 0.1518987342
210 1440 0.3529411765
210 240 0.0975609756
210 2732 1.0000000000
210 253 0.0495495495
389 211 0.0377358491
272 211 0.0377358491
2908 211 0.0345911950
687 211 0.0345911950
1143 211 0.0345911950
1489 211 0.0345911950
232 211 0.0345911950
1139 211 0.0345911950
4934 211 0.0345911950
683 211 0.0345911950
7603 211 0.0345911950
211 7603 0.0181311018
211 389 0.0745341615
211 1489 0.3529411765
211 272 0.0324324324
211 687 0.0982142857
211 631 0.2558139535
211 1143 0.4230769231
211 232 0.0632183908
211 1139 0.1666666667
211 1286 0.3142857143
211 4934 0.1375000000
211 683 0.1341463415
211 1292 0.1200000000
211 7592 0.1666666667
1712 212 0.0877192982
1722 212 0.0570175439
251 212 0.0570175439
1617 212 0.0570175439
666 212 0.0570175439
284 212 0.0482456140
272 212 0.0482456140
401 212 0.0482456140
1603 212 0.0482456140
315 212 0.0482456140
1021 212 0.0482456140
226 212 0.0482456140
581 212 0.0482456140
1268 212 0.0482456140
212 1722 1.0000000000
212 401 0.0812500000
212 315 0.0631067961
212 251 0.0677083333
212 1021 0.2280701754
212 226 0.0365168539
212 1617 1.0000000000
212 581 0.2954545455
212 1268 0.5200000000
212 1712 1.0000000000
212 667 0.1935483871
261 213 0.2040816327
218 213 0.2040816327
763 213 0.1530612245
888 213 0.1224489796
1327 213 0.1122448980
213 261 0.2777777778
213 218 0.1273885350
213 763 0.3658536585
213 888 0.2448979592
213 1327 0.2000000000
1780 214 0.0522388060
517 214 0.0485074627
656 214 0.0485074627
7513 214 0.0485074627
296 214 0.0410447761
453 214 0.0410447761
1750 214 0.0410447761
595 214 0.0410447761
696 214 0.0410447761
1793 214 0.0410447761
1795 214 0.0410447761
7600 214 0.0410447761
530 214 0.0335820896
214 555 0.1733333333
214 517 0.1132075472
214 1780 0.5217391304
214 696 0.1304347826
214 296 0.0504587156
214 453 0.1122448980
214 595 0.1718750000
214 656 0.0679012346
214 1750 0.4782608696
214 1793 0.3333333333
214 1795 0.3333333333
214 7600 0.0497737557
214 7513 0.0000000000
322 215 0.1069518717
232 215 0.0748663102
912 215 0.0641711230
327 215 0.0588235294
323 215 0.0588235294
473 215 0.0588235294
1405 215 0.0588235294
569 215 0.0588235294
1094 215 0.0588235294
215 322 0.1904761905
215 232 0.0689655172
215 327 0.0774193548
215 323 0.0727272727
215 912 0.2068965517
215 473 0.0866141732
215 1405 0.2500000000
215 569 0.1718750000
215 1094 0.2391304348
756 216 0.0737327189
219 216 0.0599078341
2074 216 0.0552995392
1325 216 0.0552995392
1616 216 0.0552995392
272 216 0.0552995392
353 216 0.0552995392
441 216 0.0506912442
690 216 0.0414746544
216 756 0.4838709677
216 219 0.0452961672
216 2074 1.0000000000
216 1325 0.3428571429
216 1616 0.5217391304
216 272 0.0324324324
216 353 0.0621761658
216 441 0.0932203390
216 7604 0.0000000000
1921 217 0.0397553517
241 217 0.0366972477
272 217 0.0366972477
328 217 0.0366972477
516 217 0.0336391437
2041 217 0.0336391437
2561 217 0.0336391437
449 217 0.0336391437
1994 217 0.0336391437
476 217 0.0336391437
406 217 0.0336391437
1651 217 0.0336391437
663 217 0.0336391437
1235 217 0.0336391437
1973 217 0.0336391437
382 217 0.0336391437
911 217 0.0336391437
368 217 0.0336391437
401 217 0.0336391437
2525 217 0.0336391437
217 241 0.0439560440
217 272 0.0324324324
217 516 0.0873015873
217 2561 1.0000000000
217 449 0.0932203390
217 1994 0.5000000000
217 476 0.0940170940
217 1651 0.4782608696
217 406 0.0578947368
217 663 0.1078431373
217 1235 0.1157894737
217 1973 0.5000000000
217 382 0.0521327014
217 1921 0.1195652174
217 911 0.1250000000
217 368 0.0901639344
217 328 0.0448979592
217 401 0.0687500000
217 2525 1.0000000000
217 1292 0.1200000000
763 218 0.0891719745
1892 218 0.0828025478
803 218 0.0764331210
1443 218 0.0764331210
2336 218 0.0700636943
1365 218 0.0700636943
1339 218 0.0700636943
994 218 0.0700636943
1257 218 0.0700636943
252 218 0.0700636943
218 261 0.2777777778
218 763 0.3414634146
218 1892 1.0000000000
218 1365 0.3714285714
218 803 0.1714285714
218 1443 0.5000000000
218 1339 0.2444444444
218 994 0.1028037383
218 1257 0.2000000000
218 252 0.0454545455
218 7604 0.0000000000
1789 219 0.0418118467
1711 219 0.0418118467
238 219 0.0383275261
3331 219 0.0383275261
304 219 0.0383275261
370 219 0.0383275261
802 219 0.0383275261
1478 219 0.0383275261
219 1789 0.5217391304
219 238 0.0541871921
219 304 0.0588235294
219 370 0.0639534884
219 802 0.2750000000
219 1711 0.3333333333
219 1478 0.3235294118
219 2686 1.0000000000
249 220 0.1210191083
699 220 0.0955414013
954 220 0.0891719745
959 220 0.0891719745
304 220 0.0828025478
1733 220 0.0764331210
491 220 0.0700636943
824 220 0.0700636943
1177 220 0.0700636943
967 220 0.0700636943
960 220 0.0700636943
220 699 0.2884615385
220 959 0.3421052632
220 304 0.0695187166
220 967 0.1410256410
220 491 0.0291777188
220 1733 0.4782608696
220 960 0.1250000000
556 221 0.1709401709
276 221 0.1709401709
887 221 0.1452991453
1344 221 0.1282051282
3109 221 0.0940170940
249 221 0.0940170940
221 276 0.2000000000
221 556 0.5714285714
221 887 0.4358974359
221 1344 1.0000000000
221 3109 1.0000000000
221 249 0.0352564103
321 222 0.0473186120
7591 222 0.0378548896
238 222 0.0378548896
351 222 0.0378548896
1586 222 0.0347003155
391 222 0.0347003155
898 222 0.0347003155
2418 222 0.0347003155
1890 222 0.0347003155
3380 222 0.0347003155
2402 222 0.0347003155
896 222 0.0347003155
373 222 0.0347003155
2336 222 0.0220820189
222 7591 0.1081081081
222 238 0.0591133005
222 321 0.0681818182
222 351 0.0731707317
222 1586 0.2500000000
222 391 0.0683229814
222 898 0.2820512821
222 2418 0.5000000000
222 1890 0.3333333333
222 3380 1.0000000000
222 2402 0.5000000000
222 896 0.1392405063
222 373 0.0639534884
222 2336 0.0000000000
711 223 0.0582524272
466 223 0.0582524272
473 223 0.0533980583
910 223 0.0533980583
1413 223 0.0533980583
251 223 0.0533980583
379 223 0.0533980583
223 268 0.0828729282
223 466 0.1025641026
223 1997 0.5000000000
223 624 0.2075471698
223 473 0.0866141732
223 910 0.2894736842
223 1413 0.2500000000
223 711 0.1549295775
223 251 0.0572916667
223 379 0.0643274854
354 224 0.0847457627
2462 224 0.0635593220
735 224 0.0508474576
1653 224 0.0508474576
1996 224 0.0508474576
2570 224 0.0466101695
384 224 0.0466101695
1997 224 0.0466101695
1994 224 0.0466101695
225 224 0.0466101695
535 224 0.0466101695
2472 224 0.0466101695
7552 224 0.0466101695
2471 224 0.0466101695
2464 224 0.0466101695
234 224 0.0466101695
224 354 0.2465753425
224 225 0.0601851852
224 735 0.1188118812
224 1653 0.5217391304
224 1996 1.0000000000
224 2570 1.0000000000
224 384 0.0607734807
224 1997 0.5000000000
224 1994 0.5000000000
224 535 0.0880000000
224 2472 1.0000000000
224 7552 0.0235546039
224 2471 1.0000000000
224 2462 1.0000000000
224 2464 1.0000000000
224 234 0.0718954248
494 225 0.0694444444
1334 225 0.0694444444
530 225 0.0694444444
493 225 0.0601851852
260 225 0.0555555556
296 225 0.0509259259
2503 225 0.0509259259
442 225 0.0509259259
234 225 0.0509259259
403 225 0.0509259259
1101 225 0.0509259259
1619 225 0.0509259259
225 1334 1.0000000000
225 530 0.1304347826
225 494 0.1111111111
225 493 0.1111111111
225 260 0.0410958904
225 296 0.0504587156
225 2503 1.0000000000
225 442 0.0859375000
225 263 0.0839694656
225 234 0.0718954248
225 403 0.0500000000
225 1101 0.1964285714
225 1619 0.3333333333
225 7413 0.0000000000
730 226 0.0421348315
514 226 0.0337078652
933 226 0.0337078652
613 226 0.0337078652
581 226 0.0308988764
1252 226 0.0308988764
865 226 0.0308988764
1654 226 0.0308988764
1647 226 0.0308988764
1432 226 0.0308988764
7524 226 0.0308988764
615 226 0.0308988764
2553 226 0.0308988764
299 226 0.0308988764
1655 226 0.0308988764
1004 226 0.0308988764
7373 226 0.0308988764
323 226 0.0308988764
720 226 0.0308988764
920 226 0.0308988764
700 226 0.0196629213
5342 226 0.0196629213
226 1432 0.3529411765
226 730 0.1803278689
226 514 0.0948275862
226 581 0.2500000000
226 1273 0.2444444444
226 865 0.1594202899
226 933 0.1617647059
226 1252 0.2444444444
226 1654 0.3333333333
226 1989 0.5000000000
226 1647 0.3333333333
226 7524 0.5000000000
226 2553 1.0000000000
226 615 0.1325301205
226 299 0.0588235294
226 1655 0.3333333333
226 1004 0.1929824561
226 613 0.0635838150
226 7373 0.1250000000
226 323 0.0666666667
226 720 0.0909090909
226 920 0.1410256410
226 7519 0.0000000000
1883 227 0.0806451613
244 227 0.0645161290
6369 227 0.0591397849
7380 227 0.0591397849
278 227 0.0591397849
1833 227 0.0591397849
227 244 0.0313315927
227 330 0.0564102564
227 1883 0.2075471698
227 6369 0.1571428571
227 7380 0.1617647059
227 278 0.0550000000
227 1833 0.3333333333
227 7604 0.0000000000
509 228 0.0468085106
748 228 0.0468085106
7334 228 0.0468085106
318 228 0.0468085106
813 228 0.0468085106
228 816 0.5000000000
228 509 0.0873015873
228 318 0.0625000000
228 7334 0.0738255034
228 813 0.0916666667
228 7604 0.0000000000
247 229 0.1025641026
702 229 0.0769230769
825 229 0.0615384615
7525 229 0.0615384615
1061 229 0.0615384615
2253 229 0.0615384615
289 229 0.0615384615
599 229 0.0615384615
751 229 0.0564102564
229 247 0.0610328638
229 825 0.1333333333
229 7525 0.1071428571
229 1061 0.2553191489
229 289 0.0603015075
229 599 0.0895522388
229 2253 0.5000000000
229 702 0.0982142857
229 751 0.1358024691
229 333 0.0709677419
400 230 0.1028571429
1073 230 0.0800000000
7386 230 0.0685714286
605 230 0.0685714286
279 230 0.0685714286
378 230 0.0685714286
7335 230 0.0628571429
498 230 0.0628571429
824 230 0.0628571429
2336 230 0.0457142857
230 1073 0.5185185185
230 279 0.0600000000
230 281 0.0461538462
230 605 0.1057692308
230 498 0.0658682635
7328 231 0.0652173913
514 231 0.0652173913
854 231 0.0597826087
1133 231 0.0597826087
2102 231 0.0597826087
1695 231 0.0597826087
231 514 0.1034482759
231 854 0.1392405063
231 2102 0.5000000000
231 1695 0.3333333333
231 7328 0.1009174312
274 232 0.1034482759
485 232 0.0747126437
7565 232 0.0747126437
1727 232 0.0689655172
942 232 0.0689655172
277 232 0.0632183908
798 232 0.0632183908
232 274 0.1058823529
232 7565 0.0348027842
232 485 0.1196581197
232 1610 0.5217391304
232 798 0.0146341463
232 1727 0.5217391304
232 277 0.0423076923
2336 233 0.0670103093
269 233 0.0618556701
498 233 0.0567010309
3428 233 0.0567010309
3372 233 0.0567010309
900 233 0.0567010309
824 233 0.0567010309
233 558 0.0960000000
233 269 0.0426540284
233 3428 0.1951219512
402 234 0.0718954248
234 469 0.1146496815
234 402 0.0733333333
234 1910 0.5000000000
249 235 0.0784313725
389 235 0.0784313725
505 235 0.0784313725
897 235 0.0718954248
402 235 0.0718954248
235 1691 0.0689655172
235 7400 0.1529411765
235 7552 0.0278372591
235 249 0.0384615385
235 897 0.1594202899
2532 236 0.0837438424
273 236 0.0640394089
383 236 0.0591133005
1224 236 0.0591133005
350 236 0.0541871921
256 236 0.0541871921
934 236 0.0541871921
1973 236 0.0541871921
922 236 0.0541871921
365 236 0.0541871921
529 236 0.0541871921
236 273 0.1083333333
236 383 0.0701754386
236 1214 0.3428571429
236 293 0.0759493671
236 350 0.0597826087
236 256 0.0331325301
236 934 0.1617647059
236 1973 0.5000000000
236 922 0.2291666667
236 365 0.0723684211
236 529 0.0814814815
236 2532 1.0000000000
270 237 0.0617283951
437 237 0.0493827160
505 237 0.0493827160
296 237 0.0452674897
563 237 0.0452674897
913 237 0.0452674897
848 237 0.0452674897
1219 237 0.0452674897
656 237 0.0452674897
237 270 0.1000000000
237 505 0.0882352941
237 296 0.0504587156
237 563 0.0887096774
237 913 0.2291666667
237 848 0.1594202899
237 1219 0.4400000000
237 656 0.0679012346
237 7590 0.0000000000
714 238 0.0985221675
355 238 0.0738916256
249 238 0.0591133005
3261 238 0.0541871921
250 238 0.0541871921
570 238 0.0541871921
1624 238 0.0541871921
1095 238 0.0541871921
238 714 0.6451612903
238 355 0.1048951049
238 249 0.0384615385
238 570 0.1153846154
238 3261 1.0000000000
238 250 0.0604395604
238 1095 0.1964285714
238 1624 0.3333333333
1103 239 0.0938967136
1464 239 0.0704225352
665 239 0.0610328638
1645 239 0.0610328638
667 239 0.0610328638
1104 239 0.0610328638
7423 239 0.0610328638
2076 239 0.0563380282
1958 239 0.0563380282
1972 239 0.0563380282
2642 239 0.0516431925
728 239 0.0516431925
2562 239 0.0516431925
2535 239 0.0516431925
448 239 0.0516431925
571 239 0.0516431925
915 239 0.0516431925
7336 239 0.0000000000
239 1103 0.3030303030
239 665 0.1944444444
239 1464 0.5416666667
239 1645 1.0000000000
239 667 0.2096774194
239 1104 0.1969696970
239 7423 0.5909090909
239 2076 1.0000000000
239 1110 0.4615384615
239 1958 1.0000000000
239 1972 1.0000000000
239 2642 1.0000000000
239 728 0.1803278689
239 2562 1.0000000000
239 2535 1.0000000000
239 448 0.1410256410
239 571 0.1718750000
239 915 0.1617647059
239 7336 0.2068965517
7564 240 0.1626016260
408 240 0.0975609756
2524 240 0.0894308943
2005 240 0.0894308943
240 7564 0.0224466891
240 408 0.0521739130
240 2524 1.0000000000
240 2005 0.5000000000
2400 241 0.0476190476
602 241 0.0439560440
824 241 0.0402930403
1353 241 0.0402930403
7507 241 0.0402930403
1822 241 0.0402930403
751 241 0.0402930403
397 241 0.0402930403
707 241 0.0402930403
1880 241 0.0402930403
895 241 0.0402930403
290 241 0.0402930403
241 2400 1.0000000000
241 602 0.1052631579
241 1353 0.2444444444
241 7507 0.4074074074
241 1822 0.3333333333
241 751 0.1358024691
241 397 0.0643274854
241 707 0.0901639344
241 1880 0.3333333333
241 895 0.2820512821
241 290 0.0424710425
332 242 0.0516431925
249 242 0.0516431925
7514 242 0.0516431925
451 242 0.0516431925
242 5342 0.0384615385
242 7514 0.1466666667
242 451 0.0859375000
699 243 0.2168674699
1177 243 0.1686746988
872 243 0.1566265060
243 699 0.2884615385
243 1177 0.5384615385
243 872 0.3333333333
243 959 0.3421052632
243 890 0.1011235955
1181 244 0.0339425587
7595 244 0.0339425587
245 244 0.0313315927
280 244 0.0313315927
2329 244 0.0313315927
703 244 0.0313315927
1380 244 0.0287206266
599 244 0.0287206266
1059 244 0.0287206266
564 244 0.0287206266
1060 244 0.0287206266
373 244 0.0287206266
1830 244 0.0287206266
295 244 0.0287206266
333 244 0.0287206266
1041 244 0.0287206266
2318 244 0.0234986945
7584 244 0.0000000000
244 1181 0.5000000000
244 245 0.0424028269
244 280 0.0500000000
244 2329 1.0000000000
244 7595 0.0295566502
244 703 0.0983606557
244 641 0.0601092896
244 1060 0.1641791045
244 1356 0.3142857143
244 373 0.0639534884
244 295 0.0395683453
244 333 0.0709677419
244 1041 0.1641791045
244 7584 0.0000000000
3337 245 0.0459363958
526 245 0.0424028269
308 245 0.0424028269
708 245 0.0388692580
376 245 0.0388692580
2380 245 0.0388692580
1368 245 0.0388692580
1889 245 0.0388692580
397 245 0.0388692580
1186 245 0.0388692580
7562 245 0.0000000000
245 308 0.0875912409
245 526 0.0753424658
245 1890 0.3333333333
245 708 0.1341463415
245 2380 0.5000000000
245 1368 0.2444444444
245 1889 0.3333333333
245 7398 0.1447368421
245 397 0.0643274854
245 1186 0.1666666667
245 7560 0.0000000000
245 7600 0.0000000000
245 7604 0.0000000000
245 7497 0.0000000000
245 7562 0.0000000000
245 7559 0.0000000000
418 246 0.1398601399
307 246 0.1398601399
2336 246 0.0839160839
2434 246 0.0769230769
3428 246 0.0769230769
246 653 0.3773584906
246 418 0.5000000000
246 307 0.2061855670
246 3428 0.3170731707
246 1858 1.0000000000
246 2336 0.0300925926
246 337 0.0742857143
246 330 0.0564102564
1067 247 0.0938967136
1575 247 0.0610328638
459 247 0.0563380282
336 247 0.0563380282
1864 247 0.0516431925
3230 247 0.0516431925
413 247 0.0516431925
430 247 0.0422535211
247 1067 0.5925925926
247 413 0.1071428571
247 459 0.1015625000
247 1575 0.5416666667
247 336 0.0774193548
247 1864 0.3333333333
247 3230 1.0000000000
247 430 0.1139240506
980 248 0.0655737705
3280 248 0.0601092896
1191 248 0.0601092896
309 248 0.0601092896
3273 248 0.0601092896
494 248 0.0601092896
1192 248 0.0601092896
1336 248 0.0491803279
248 3280 1.0000000000
248 1191 0.1666666667
248 309 0.0428015564
248 3273 1.0000000000
248 494 0.0940170940
248 980 0.1617647059
248 1192 0.1964285714
523 249 0.0480769231
402 249 0.0416666667
904 249 0.0384615385
744 249 0.0352564103
3420 249 0.0352564103
1588 249 0.0352564103
1368 249 0.0352564103
288 249 0.0352564103
389 249 0.0352564103
7595 249 0.0000000000
249 402 0.0933333333
249 744 0.1830985915
249 904 0.1518987342
249 3420 1.0000000000
249 1588 0.2500000000
249 288 0.0282776350
249 1368 0.2444444444
249 523 0.0948275862
249 389 0.0683229814
249 7604 0.0000000000
249 7595 0.0000000000
249 656 0.0000000000
406 250 0.0659340659
2523 250 0.0604395604
715 250 0.0604395604
250 362 0.0452674897
250 406 0.0578947368
250 2523 1.0000000000
250 715 0.0909090909
381 251 0.0677083333
354 251 0.0677083333
1713 251 0.0625000000
544 251 0.0572916667
1917 251 0.0572916667
2482 251 0.0572916667
7550 251 0.0572916667
251 544 0.1529411765
251 381 0.1171171171
251 354 0.1780821918
251 1713 0.5217391304
251 1917 0.5000000000
251 2482 1.0000000000
251 7550 0.0395683453
1229 252 0.0619834711
1676 252 0.0495867769
727 252 0.0495867769
1715 252 0.0454545455
2733 252 0.0454545455
1642 252 0.0454545455
723 252 0.0454545455
7518 252 0.0454545455
578 252 0.0454545455
720 252 0.0454545455
343 252 0.0454545455
1084 252 0.0454545455
994 252 0.0454545455
1942 252 0.0454545455
382 252 0.0454545455
1930 252 0.0454545455
1088 252 0.0454545455
252 1229 1.0000000000
252 1676 0.5217391304
252 1715 0.3333333333
252 2733 1.0000000000
252 1642 0.3333333333
252 723 0.3548387097
252 7552 0.0235546039
252 727 0.1803278689
252 7518 0.2558139535
252 578 0.1309523810
252 720 0.0909090909
252 343 0.1170212766
252 1084 0.2391304348
252 994 0.1028037383
252 1942 0.5000000000
252 382 0.0521327014
252 1930 0.5000000000
252 1088 0.2391304348
252 7564 0.0078563412
252 7604 0.0000000000
543 253 0.0900900901
666 253 0.0495495495
289 253 0.0495495495
391 253 0.0495495495
2736 253 0.0495495495
2729 253 0.0495495495
253 543 0.3076923077
253 666 0.0833333333
253 289 0.0552763819
253 391 0.0683229814
253 2736 1.0000000000
253 2729 1.0000000000
253 7557 0.0000000000
1458 254 0.1315789474
654 254 0.0789473684
1122 254 0.0789473684
2009 254 0.0723684211
2069 254 0.0723684211
1690 254 0.0723684211
1117 254 0.0723684211
2064 254 0.0723684211
322 254 0.0723684211
339 254 0.0723684211
254 1690 0.5217391304
254 7394 0.2142857143
254 1122 0.3333333333
254 7498 0.1896551724
254 2009 0.5000000000
254 2069 0.5000000000
254 610 0.1067961165
254 1267 0.2444444444
254 1117 0.1964285714
254 654 0.1078431373
254 2064 0.5000000000
254 677 0.1527777778
254 322 0.1047619048
254 1120 0.1964285714
254 339 0.0763888889
254 1458 0.2500000000
254 2620 1.0000000000
409 255 0.0322580645
1282 255 0.0322580645
859 255 0.0322580645
386 255 0.0322580645
869 255 0.0322580645
1740 255 0.0295698925
798 255 0.0295698925
7375 255 0.0295698925
777 255 0.0295698925
7603 255 0.0295698925
1727 255 0.0295698925
264 255 0.0295698925
1285 255 0.0295698925
1477 255 0.0295698925
1685 255 0.0295698925
681 255 0.0295698925
255 1282 0.2666666667
255 859 0.1739130435
255 386 0.0916030534
255 869 0.2033898305
255 1740 0.3333333333
255 798 0.0134146341
255 7375 0.2291666667
255 777 0.0733333333
255 409 0.0687500000
255 7603 0.0153417015
255 1727 0.4782608696
255 264 0.0521327014
255 1285 0.2000000000
255 1477 0.2500000000
255 1685 0.4782608696
255 681 0.0901639344
1739 256 0.0391566265
329 256 0.0331325301
485 256 0.0331325301
632 256 0.0331325301
947 256 0.0331325301
479 256 0.0331325301
4934 256 0.0331325301
1970 256 0.0331325301
943 256 0.0331325301
2792 256 0.0331325301
2790 256 0.0331325301
346 256 0.0331325301
7603 256 0.0331325301
256 1739 1.0000000000
256 329 0.0758620690
256 672 0.1078431373
256 485 0.0940170940
256 632 0.0894308943
256 947 0.2894736842
256 479 0.1264367816
256 4934 0.1375000000
256 1970 0.5000000000
256 943 0.1617647059
256 2792 1.0000000000
256 2790 1.0000000000
256 346 0.0632183908
256 7592 0.1666666667
7388 257 0.1162790698
380 257 0.0872093023
1295 257 0.0697674419
2916 257 0.0639534884
389 257 0.0639534884
1077 257 0.0639534884
257 380 0.1239669421
257 1295 0.2666666667
257 2916 1.0000000000
257 1077 0.2391304348
593 258 0.0477941176
1498 258 0.0477941176
358 258 0.0441176471
1921 258 0.0441176471
1535 258 0.0404411765
2053 258 0.0404411765
7553 258 0.0404411765
623 258 0.0404411765
874 258 0.0404411765
1760 258 0.0404411765
635 258 0.0404411765
264 258 0.0404411765
7398 258 0.0330882353
258 593 0.1048387097
258 358 0.0839160839
258 1535 0.2500000000
258 697 0.1078431373
258 1787 0.4782608696
258 7553 0.1641791045
258 2053 0.5000000000
258 623 0.0769230769
258 874 0.1235955056
258 1760 0.0894308943
258 1498 0.3235294118
258 639 0.0894308943
258 635 0.1325301205
258 264 0.0521327014
258 1921 0.1195652174
896 259 0.0477941176
1802 259 0.0441176471
1860 259 0.0404411765
262 259 0.0404411765
333 259 0.0404411765
395 259 0.0404411765
614 259 0.0404411765
479 259 0.0404411765
1149 259 0.0404411765
874 259 0.0404411765
1317 259 0.0404411765
259 896 0.1645569620
259 1802 0.5217391304
259 1860 0.3333333333
259 262 0.0604395604
259 333 0.0709677419
259 395 0.0575916230
259 614 0.0569948187
259 479 0.1264367816
259 1149 0.1666666667
259 874 0.1235955056
259 1317 0.2444444444
259 7604 0.0000000000
1369 260 0.0410958904
7390 260 0.0376712329
623 260 0.0376712329
746 260 0.0376712329
2959 260 0.0376712329
7512 260 0.0376712329
530 260 0.0376712329
780 260 0.0376712329
1511 260 0.0376712329
636 260 0.0376712329
402 260 0.0376712329
285 260 0.0376712329
552 260 0.0376712329
260 1369 1.0000000000
260 940 0.1538461538
260 7565 0.0278422274
260 7390 0.1428571429
260 623 0.0769230769
260 746 0.3548387097
260 7512 0.0666666667
260 530 0.0956521739
260 2959 1.0000000000
260 1135 0.4230769231
260 780 0.1571428571
260 1511 0.3235294118
260 636 0.2075471698
260 402 0.0733333333
260 285 0.0650887574
260 7604 0.0000000000
888 261 0.1666666667
892 262 0.0659340659
431 262 0.0659340659
975 262 0.0659340659
1186 262 0.0604395604
262 892 0.3076923077
262 431 0.0710059172
262 1186 0.1666666667
262 975 0.1617647059
2580 263 0.1145038168
1236 263 0.1145038168
406 263 0.0839694656
2010 263 0.0839694656
1100 263 0.0839694656
355 263 0.0839694656
263 2580 1.0000000000
263 406 0.0578947368
263 2010 0.5000000000
263 1100 0.2391304348
263 1236 0.2444444444
263 355 0.0769230769
301 264 0.0853080569
1506 264 0.0568720379
798 264 0.0568720379
1457 264 0.0568720379
593 264 0.0521327014
2194 264 0.0521327014
639 264 0.0521327014
2126 264 0.0521327014
264 805 1.0000000000
264 301 0.1538461538
264 488 0.1948051948
264 593 0.0887096774
264 2194 0.5000000000
264 639 0.0894308943
264 2126 0.5000000000
264 1457 0.2500000000
264 798 0.0000000000
490 265 0.1055900621
393 265 0.0683229814
265 490 0.1181102362
265 393 0.0575916230
296 266 0.0616113744
451 266 0.0521327014
266 296 0.0596330275
266 451 0.0859375000
304 267 0.1276595745
443 267 0.0780141844
267 304 0.0695187166
267 839 0.2033898305
267 7580 0.1043478261
267 443 0.0859375000
1916 268 0.0939226519
491 268 0.0607734807
967 268 0.0607734807
2634 268 0.0607734807
1039 268 0.0607734807
900 269 0.0616113744
761 269 0.0616113744
279 269 0.0568720379
832 269 0.0568720379
824 269 0.0568720379
7087 269 0.0521327014
491 269 0.0521327014
269 900 0.1518987342
269 1070 0.2553191489
269 325 0.1466666667
269 369 0.0774647887
269 3129 0.3548387097
269 824 0.0846153846
269 7552 0.0000000000
269 801 0.0000000000
269 7415 0.0000000000
472 270 0.0733333333
1932 270 0.0733333333
436 270 0.0733333333
379 270 0.0733333333
270 472 0.1028037383
270 1932 0.5000000000
270 436 0.1250000000
270 379 0.0643274854
270 7455 1.0000000000
271 471 0.2340425532
7603 272 0.0405405405
348 272 0.0297297297
544 272 0.0297297297
1918 272 0.0297297297
1003 272 0.0297297297
7564 272 0.0297297297
614 272 0.0297297297
2476 272 0.0297297297
277 272 0.0243243243
1292 272 0.0000000000
272 426 0.1898734177
272 7603 0.0181311018
272 2647 1.0000000000
272 348 0.0714285714
272 1003 0.2340425532
272 2476 1.0000000000
272 277 0.0346153846
272 7571 0.0000000000
272 7576 0.0000000000
272 798 0.0000000000
272 7566 0.0000000000
272 7593 0.0000000000
272 7577 0.0000000000
272 7534 0.5000000000
272 7557 0.0000000000
272 7572 0.3333333333
272 7596 0.0000000000
272 7564 0.0000000000
282 273 0.1166666667
671 273 0.1083333333
1399 273 0.1083333333
575 273 0.1000000000
1612 273 0.1000000000
1669 273 0.1000000000
1931 273 0.0916666667
273 282 0.1176470588
273 1399 0.5416666667
273 671 0.1463414634
273 575 0.1428571429
273 1612 0.5217391304
273 1669 0.5217391304
273 1931 0.5000000000
7603 274 0.0705882353
865 274 0.0705882353
2928 274 0.0647058824
422 274 0.0647058824
274 2928 1.0000000000
274 7603 0.0153417015
274 422 0.0738255034
7564 275 0.0937500000
1683 275 0.0937500000
1119 275 0.0812500000
864 275 0.0812500000
423 275 0.0750000000
1688 275 0.0750000000
2669 275 0.0687500000
7520 275 0.0687500000
451 275 0.0687500000
679 275 0.0687500000
1121 275 0.0687500000
275 1119 0.3611111111
275 864 0.2653061224
275 1683 0.5217391304
275 2669 1.0000000000
275 7520 0.2558139535
275 1688 0.4782608696
275 1262 0.4400000000
275 679 0.2619047619
275 1121 0.4230769231
556 276 0.2000000000
887 276 0.1600000000
949 276 0.1100000000
2197 276 0.1100000000
276 556 0.4285714286
276 949 0.1250000000
276 2197 0.5000000000
348 277 0.0423076923
740 277 0.0423076923
741 277 0.0423076923
2194 277 0.0423076923
389 277 0.0423076923
7375 277 0.0423076923
277 348 0.0714285714
277 740 0.1803278689
277 741 0.1549295775
277 2194 0.5000000000
277 1142 0.4230769231
277 2181 0.5000000000
277 389 0.0683229814
277 7375 0.2291666667
277 7564 0.0000000000
523 278 0.0650000000
320 278 0.0650000000
360 278 0.0600000000
431 278 0.0550000000
380 278 0.0550000000
1162 278 0.0550000000
1792 278 0.0550000000
876 278 0.0550000000
278 320 0.0738636364
278 431 0.0650887574
278 380 0.0909090909
278 523 0.0948275862
278 1792 0.3333333333
278 876 0.0614525140
278 360 0.0493273543
278 1038 0.1641791045
278 1638 0.0457516340
278 7565 0.0000000000
278 7603 0.0000000000
278 7588 0.0000000000
906 279 0.0550000000
1074 279 0.0550000000
498 279 0.0550000000
2336 279 0.0550000000
279 1206 1.0000000000
279 1203 1.0000000000
279 1595 1.0000000000
279 498 0.0778443114
279 698 0.1805555556
279 375 0.0454545455
279 352 0.0820895522
279 824 0.0846153846
1032 280 0.0458333333
288 280 0.0458333333
704 280 0.0458333333
1173 280 0.0458333333
280 1032 0.1264367816
280 288 0.0282776350
280 704 0.1341463415
280 1173 0.1666666667
2336 281 0.0500000000
1074 281 0.0461538462
2436 281 0.0461538462
7386 281 0.0461538462
3410 281 0.0461538462
906 281 0.0423076923
1073 281 0.0423076923
498 281 0.0423076923
378 281 0.0423076923
1386 281 0.0423076923
900 281 0.0423076923
491 281 0.0192307692
281 1598 0.5416666667
281 2435 1.0000000000
281 337 0.0685714286
281 375 0.0495867769
281 2336 0.0277777778
281 3450 1.0000000000
281 906 0.1111111111
281 605 0.1057692308
281 498 0.0658682635
281 1386 0.3142857143
281 558 0.0880000000
281 900 0.1392405063
281 3443 0.2903225806
281 3445 0.2903225806
281 302 0.0656934307
281 766 0.0810810811
281 491 0.0132625995
387 282 0.1260504202
2583 282 0.1260504202
1266 282 0.1260504202
925 282 0.1260504202
786 282 0.1176470588
677 282 0.1092436975
475 282 0.1092436975
410 282 0.0420168067
282 724 0.6451612903
282 387 0.2459016393
282 786 0.3000000000
282 1266 1.0000000000
282 919 0.3947368421
282 925 0.2916666667
314 283 0.1260504202
1454 283 0.1092436975
322 283 0.1092436975
2052 283 0.1008403361
2025 283 0.1008403361
1236 283 0.1008403361
2589 283 0.0924369748
283 314 0.0728155340
283 1454 0.5416666667
283 322 0.1238095238
283 2052 1.0000000000
283 2025 1.0000000000
283 1236 0.2666666667
283 2589 1.0000000000
329 284 0.0526315789
2153 284 0.0526315789
392 284 0.0526315789
2768 284 0.0526315789
2128 284 0.0526315789
284 626 0.1904761905
284 329 0.0758620690
284 2153 0.5000000000
284 392 0.0909090909
284 2128 0.5000000000
284 2768 1.0000000000
284 481 0.1641791045
284 7372 0.0000000000
806 285 0.1183431953
7588 285 0.0887573964
954 285 0.0769230769
593 285 0.0769230769
3001 285 0.0650887574
2984 285 0.0650887574
960 285 0.0650887574
455 285 0.0650887574
301 285 0.0650887574
285 806 1.0000000000
285 954 0.1764705882
285 593 0.0967741935
285 3001 1.0000000000
285 2984 1.0000000000
285 960 0.1250000000
285 455 0.1122448980
285 301 0.0940170940
285 7588 0.0294117647
753 286 0.1257861635
7591 286 0.0754716981
706 286 0.0691823899
1519 286 0.0691823899
411 286 0.0691823899
286 706 0.0982142857
286 1519 0.3235294118
286 753 0.2156862745
286 411 0.0687500000
286 7399 0.5000000000
286 7603 0.0000000000
286 7591 0.0000000000
286 7579 0.0000000000
286 7556 0.0000000000
748 287 0.0703517588
1875 287 0.0552763819
937 287 0.0552763819
1691 287 0.0351758794
287 424 0.0670391061
287 1875 0.3333333333
287 937 0.0696202532
287 966 0.1410256410
287 748 0.0607734807
358 288 0.0308483290
290 288 0.0282776350
1278 288 0.0282776350
3350 288 0.0282776350
2369 288 0.0282776350
1588 288 0.0282776350
759 288 0.0282776350
318 288 0.0282776350
570 288 0.0282776350
969 288 0.0282776350
2347 288 0.0282776350
641 288 0.0282776350
7595 288 0.0282776350
2336 288 0.0000000000
288 2347 1.0000000000
288 358 0.0839160839
288 290 0.0424710425
288 1278 0.2444444444
288 3350 1.0000000000
288 2369 0.1195652174
288 1588 0.2500000000
288 759 0.0575916230
288 318 0.0625000000
288 570 0.1057692308
288 969 0.1410256410
288 641 0.0601092896
288 7595 0.0270935961
288 1691 0.0541871921
830 289 0.0753768844
391 289 0.0653266332
627 289 0.0603015075
1888 289 0.0552763819
413 289 0.0552763819
289 391 0.0807453416
289 627 0.1165048544
289 1888 0.4782608696
289 830 0.1571428571
289 413 0.0785714286
289 1425 0.2500000000
289 7467 1.0000000000
467 290 0.0463320463
904 290 0.0424710425
490 290 0.0424710425
397 290 0.0424710425
1065 290 0.0424710425
2388 290 0.0424710425
1191 290 0.0424710425
290 467 0.0816326531
290 904 0.1392405063
290 490 0.0866141732
290 397 0.0643274854
290 1065 0.1428571429
290 2388 0.5000000000
290 1191 0.1666666667
1900 291 0.0691823899
2344 291 0.0691823899
291 1900 0.3333333333
291 2344 0.5000000000
526 292 0.0460251046
2405 292 0.0460251046
894 292 0.0460251046
462 292 0.0460251046
432 292 0.0460251046
309 292 0.0460251046
1526 292 0.0460251046
2336 292 0.0376569038
292 526 0.0753424658
292 321 0.0625000000
292 894 0.1594202899
292 462 0.0743243243
292 432 0.0691823899
292 1526 0.3235294118
292 309 0.0428015564
7400 293 0.0886075949
561 293 0.0759493671
389 293 0.0696202532
505 293 0.0696202532
775 293 0.0696202532
473 293 0.0696202532
293 439 0.1015625000
293 7400 0.1529411765
293 389 0.0683229814
293 505 0.0808823529
293 775 0.1100000000
293 561 0.1170212766
293 473 0.0866141732
293 402 0.0733333333
2829 294 0.1410256410
5342 294 0.0897435897
294 2827 1.0000000000
294 2829 1.0000000000
497 295 0.0395683453
839 295 0.0395683453
937 295 0.0395683453
296 295 0.0395683453
1517 295 0.0395683453
1152 295 0.0395683453
295 5342 0.0384615385
295 497 0.1264367816
295 839 0.1864406780
295 937 0.0696202532
295 296 0.0504587156
295 1517 0.1718750000
295 1152 0.2391304348
331 296 0.0642201835
946 296 0.0504587156
296 331 0.0756756757
296 946 0.0654761905
1915 297 0.1709401709
721 297 0.1196581197
1938 297 0.0940170940
1221 297 0.0940170940
1603 297 0.0940170940
1212 297 0.0940170940
297 7552 0.0321199143
297 1212 0.3714285714
297 1938 0.5000000000
297 1221 0.2444444444
297 7437 1.0000000000
297 1915 0.5000000000
339 298 0.0898203593
568 298 0.0718562874
324 298 0.0718562874
887 298 0.0658682635
1123 298 0.0658682635
1935 298 0.0658682635
655 298 0.0658682635
1210 298 0.0658682635
298 339 0.1041666667
298 568 0.0967741935
298 324 0.0827586207
298 887 0.2820512821
298 1123 0.2391304348
298 1935 0.5000000000
298 655 0.1195652174
298 1210 0.1294117647
615 299 0.0695187166
7564 299 0.0695187166
614 299 0.0641711230
355 299 0.0641711230
785 299 0.0588235294
327 299 0.0588235294
1241 299 0.0588235294
713 299 0.0588235294
299 615 0.1566265060
299 614 0.0621761658
299 785 0.0916666667
299 327 0.0709677419
299 7564 0.0123456790
299 1241 0.2000000000
299 713 0.1549295775
299 355 0.0769230769
344 300 0.1459854015
7564 300 0.1240875912
2066 300 0.0875912409
542 300 0.0802919708
630 300 0.0802919708
341 300 0.0802919708
300 344 0.1315789474
300 2047 1.0000000000
300 481 0.1791044776
300 2033 1.0000000000
300 542 0.0814814815
300 2066 0.5000000000
300 341 0.0632183908
300 7564 0.0101010101
1365 301 0.0940170940
3106 301 0.0940170940
945 301 0.0940170940
301 1365 0.3142857143
301 3106 1.0000000000
301 945 0.1410256410
301 7604 0.0000000000
334 302 0.1459854015
689 302 0.0948905109
3223 302 0.0802919708
403 302 0.0802919708
498 302 0.0656934307
824 302 0.0583941606
302 334 0.1428571429
302 689 0.1413043478
302 3223 1.0000000000
302 403 0.0500000000
387 303 0.1273885350
1460 303 0.0828025478
678 303 0.0828025478
784 303 0.0764331210
1446 303 0.0764331210
2680 303 0.0700636943
403 303 0.0700636943
612 303 0.0700636943
622 303 0.0700636943
2045 303 0.0700636943
5342 303 0.0445859873
303 387 0.3278688525
303 678 0.2222222222
303 1460 0.5416666667
303 784 0.1714285714
303 1446 0.5000000000
303 2680 1.0000000000
303 403 0.0500000000
303 612 0.1067961165
303 622 0.0827067669
303 2045 0.5000000000
491 304 0.0695187166
360 304 0.0695187166
681 304 0.0695187166
392 304 0.0641711230
389 304 0.0588235294
945 304 0.0588235294
2799 304 0.0588235294
346 304 0.0588235294
304 360 0.0582959641
304 518 0.1034482759
304 392 0.0909090909
304 548 0.1157894737
304 681 0.0901639344
304 945 0.1410256410
304 2799 1.0000000000
304 7603 0.0153417015
304 346 0.0632183908
304 3516 0.1222222222
304 389 0.0683229814
1375 305 0.0641711230
7603 305 0.0641711230
346 305 0.0641711230
1367 305 0.0588235294
370 305 0.0588235294
2785 305 0.0588235294
1022 305 0.0588235294
587 305 0.0588235294
944 305 0.0588235294
305 1375 0.3428571429
305 7603 0.0167364017
305 346 0.0689655172
305 1367 0.2000000000
305 370 0.0639534884
305 1022 0.1929824561
305 2785 1.0000000000
305 587 0.0763888889
305 944 0.2291666667
411 306 0.0764331210
452 306 0.0700636943
306 411 0.0812500000
306 452 0.0654761905
418 307 0.2061855670
3190 307 0.1237113402
557 307 0.1134020619
348 307 0.1134020619
307 418 0.5000000000
307 3190 1.0000000000
307 348 0.0714285714
307 557 0.1047619048
376 308 0.0802919708
1357 308 0.0802919708
308 1357 0.5600000000
308 376 0.0572916667
416 309 0.0428015564
3334 309 0.0428015564
1885 309 0.0428015564
1353 309 0.0428015564
637 309 0.0428015564
702 309 0.0428015564
1180 309 0.0428015564
894 309 0.0428015564
759 309 0.0428015564
3274 309 0.0428015564
3172 309 0.0428015564
3254 309 0.0428015564
309 416 0.0733333333
309 3334 1.0000000000
309 1885 0.3333333333
309 1353 0.2444444444
309 637 0.1325301205
309 702 0.0982142857
309 1180 0.1964285714
309 894 0.1594202899
309 759 0.0575916230
309 3274 1.0000000000
309 3172 1.0000000000
309 3254 0.1089108911
309 1372 0.2444444444
707 310 0.0948905109
649 310 0.0802919708
7435 310 0.0802919708
7391 310 0.0802919708
759 310 0.0802919708
310 707 0.1065573770
310 649 0.0718954248
310 7435 0.5000000000
310 7391 0.4074074074
310 759 0.0575916230
1426 311 0.0958904110
610 311 0.0821917808
2202 311 0.0753424658
389 311 0.0753424658
1444 311 0.0753424658
1615 311 0.0753424658
1096 311 0.0753424658
1089 311 0.0753424658
311 1426 1.0000000000
311 610 0.1165048544
311 1444 0.4583333333
311 1096 0.3055555556
311 1089 0.2391304348
668 312 0.0952380952
967 312 0.0873015873
784 312 0.0873015873
574 312 0.0873015873
715 312 0.0873015873
312 967 0.1410256410
312 668 0.1195652174
312 784 0.1571428571
312 574 0.1170212766
312 715 0.0909090909
312 7604 0.0000000000
323 313 0.1507936508
929 313 0.1111111111
408 313 0.0952380952
1249 313 0.0952380952
563 313 0.0873015873
313 323 0.1151515152
313 929 0.5000000000
313 408 0.0521739130
313 1249 0.1142857143
313 563 0.0887096774
1125 314 0.0728155340
451 314 0.0631067961
866 314 0.0631067961
668 314 0.0582524272
1271 314 0.0582524272
481 314 0.0582524272
355 314 0.0533980583
516 314 0.0533980583
2664 314 0.0533980583
314 1125 0.5769230769
314 668 0.1413043478
314 451 0.0937500000
314 1271 0.3428571429
314 481 0.1791044776
314 355 0.0769230769
314 2664 1.0000000000
314 7564 0.0000000000
645 315 0.0631067961
2271 315 0.0631067961
883 315 0.0533980583
695 315 0.0533980583
453 315 0.0533980583
1298 315 0.0533980583
315 645 0.0601092896
315 883 0.1235955056
315 2271 0.5000000000
315 695 0.0982142857
315 453 0.1122448980
315 1298 0.2000000000
1303 316 0.1587301587
693 316 0.1269841270
2834 316 0.0873015873
316 693 0.1630434783
316 1303 1.0000000000
316 1296 1.0000000000
316 365 0.0986842105
316 2166 0.5000000000
316 2834 1.0000000000
316 7603 0.0153417015
316 7592 0.1666666667
1153 317 0.1232876712
1776 317 0.0890410959
360 317 0.0890410959
809 317 0.0821917808
951 317 0.0821917808
915 317 0.0753424658
1276 317 0.0753424658
2925 317 0.0753424658
317 951 0.1250000000
318 656 0.0679012346
318 937 0.0696202532
318 7604 0.0000000000
799 319 0.0698924731
741 319 0.0645161290
7411 319 0.0591397849
7410 319 0.0591397849
319 741 0.1830985915
319 799 0.1625000000
319 7410 0.2222222222
319 7411 0.2500000000
2833 320 0.0625000000
435 320 0.0625000000
5342 320 0.0625000000
320 2833 1.0000000000
320 435 0.0852713178
320 5342 0.0282051282
7560 321 0.0738636364
2380 321 0.0681818182
708 321 0.0681818182
7503 321 0.0625000000
528 321 0.0625000000
7398 321 0.0625000000
321 7398 0.1578947368
321 708 0.1463414634
321 2380 0.5000000000
321 528 0.1279069767
478 322 0.1047619048
657 322 0.1047619048
322 2013 0.5000000000
322 478 0.0621468927
322 657 0.1195652174
478 323 0.0727272727
1241 323 0.0727272727
1015 323 0.0666666667
720 323 0.0666666667
2581 323 0.0666666667
5342 323 0.0424242424
323 1015 0.5555555556
323 478 0.0677966102
323 720 0.0909090909
323 2581 1.0000000000
323 1241 0.2000000000
1953 324 0.0965517241
2583 324 0.0896551724
616 324 0.0827586207
1102 324 0.0827586207
1100 324 0.0827586207
1940 324 0.0827586207
658 324 0.0827586207
612 324 0.0758620690
1931 324 0.0758620690
324 2035 1.0000000000
324 616 0.1643835616
324 2023 1.0000000000
324 1934 1.0000000000
324 1102 0.3333333333
324 1953 1.0000000000
324 1100 0.2608695652
324 1940 1.0000000000
324 658 0.1935483871
324 2583 1.0000000000
324 612 0.1067961165
324 1931 0.5000000000
324 7569 0.0000000000
388 325 0.2666666667
828 325 0.2666666667
325 388 0.3921568627
325 828 1.0000000000
325 414 0.5000000000
341 326 0.0774193548
909 326 0.0774193548
342 326 0.0774193548
1002 326 0.0774193548
339 326 0.0709677419
326 1002 0.3513513514
326 341 0.0689655172
326 909 0.1764705882
326 342 0.1052631579
326 339 0.0833333333
344 327 0.1290322581
383 327 0.0903225806
7341 327 0.0709677419
1638 327 0.0709677419
1240 327 0.0709677419
7373 327 0.0709677419
327 7341 0.1111111111
327 344 0.0964912281
327 1638 0.0718954248
327 328 0.0448979592
327 1240 0.4400000000
327 383 0.0643274854
327 7373 0.1250000000
327 7604 0.0000000000
2661 328 0.0489795918
342 328 0.0489795918
447 328 0.0489795918
472 328 0.0489795918
1450 328 0.0448979592
408 328 0.0448979592
2601 328 0.0448979592
661 328 0.0448979592
1235 328 0.0448979592
911 328 0.0448979592
1964 328 0.0448979592
1101 328 0.0448979592
5342 328 0.0285714286
328 408 0.0521739130
328 472 0.1121495327
328 2661 1.0000000000
328 1450 0.3235294118
328 670 0.1341463415
328 2601 1.0000000000
328 342 0.0964912281
328 661 0.1341463415
328 447 0.0859375000
328 1235 0.1157894737
328 911 0.1250000000
328 1964 0.5000000000
328 1101 0.1964285714
743 329 0.1034482759
517 329 0.0965517241
689 329 0.0758620690
393 329 0.0758620690
329 743 0.2112676056
329 517 0.1320754717
329 689 0.1195652174
329 393 0.0575916230
329 7604 0.0000000000
695 330 0.0615384615
2410 330 0.0564102564
7555 330 0.0564102564
813 330 0.0564102564
1170 330 0.0564102564
1496 330 0.0564102564
330 1496 0.5000000000
330 695 0.1071428571
330 396 0.0683229814
330 813 0.0916666667
330 1170 0.4230769231
330 2054 0.5000000000
330 7509 0.1363636364
330 7604 0.0490196078
330 7600 0.0226244344
330 7555 0.0000000000
1526 331 0.0810810811
492 331 0.0594594595
1029 331 0.0594594595
396 331 0.0594594595
7334 331 0.0594594595
7529 331 0.0594594595
331 1526 0.3529411765
331 5679 0.1000000000
331 492 0.0940170940
331 1029 0.1641791045
331 396 0.0683229814
331 7334 0.0738255034
331 7529 1.0000000000
700 332 0.0666666667
3325 332 0.0615384615
7586 332 0.0615384615
7337 332 0.0564102564
2257 332 0.0564102564
951 332 0.0564102564
1524 332 0.0564102564
3040 332 0.0564102564
697 332 0.0564102564
332 700 0.1274509804
332 3325 1.0000000000
332 428 0.1594202899
332 3086 1.0000000000
332 7586 1.0000000000
332 2257 0.2115384615
332 951 0.1250000000
332 1524 0.2500000000
332 3040 1.0000000000
332 697 0.1078431373
332 7337 1.0000000000
643 333 0.0774193548
7595 333 0.0709677419
373 333 0.0709677419
333 643 0.1165048544
333 7595 0.0270935961
333 373 0.0639534884
333 7604 0.0000000000
821 334 0.1047619048
334 821 0.2200000000
1016 335 0.1217391304
335 1016 0.2978723404
335 7525 0.0000000000
980 336 0.0774193548
7525 336 0.0709677419
1577 336 0.0709677419
336 7525 0.0982142857
336 1577 0.3235294118
336 980 0.1617647059
7335 337 0.0742857143
2336 337 0.0685714286
766 337 0.0685714286
1074 337 0.0628571429
906 337 0.0628571429
1590 337 0.0628571429
2430 337 0.0628571429
7386 337 0.0514285714
337 2430 0.5000000000
337 1905 0.3333333333
337 653 0.2075471698
337 1202 0.1964285714
337 7386 0.2857142857
7523 338 0.2352941176
7522 338 0.2352941176
7532 338 0.2352941176
7510 338 0.2352941176
338 7523 0.5652173913
338 7522 0.5652173913
338 7532 0.5238095238
508 339 0.1041666667
535 339 0.0902777778
916 339 0.0833333333
671 339 0.0763888889
1626 339 0.0763888889
914 339 0.0763888889
2484 339 0.0763888889
339 508 0.1562500000
339 535 0.1040000000
339 671 0.1341463415
339 1626 0.4782608696
339 916 0.2894736842
339 914 0.1896551724
339 2484 1.0000000000
608 340 0.0792682927
537 340 0.0792682927
921 340 0.0731707317
500 340 0.0731707317
1944 340 0.0731707317
7402 340 0.0731707317
1937 340 0.0731707317
729 340 0.0670731707
1625 340 0.0670731707
2463 340 0.0670731707
664 340 0.0670731707
1001 340 0.0670731707
340 537 0.1368421053
340 921 0.3157894737
340 608 0.1904761905
340 1945 1.0000000000
340 1944 1.0000000000
340 7402 0.2666666667
340 1937 1.0000000000
340 729 0.1208791209
340 2463 1.0000000000
340 664 0.1078431373
340 1001 0.1428571429
340 1625 0.3333333333
7570 341 0.0862068966
1002 341 0.0747126437
1122 341 0.0689655172
447 341 0.0689655172
2461 341 0.0632183908
850 341 0.0632183908
568 341 0.0632183908
1938 341 0.0632183908
341 1002 0.3513513514
341 1122 0.3333333333
341 7570 0.2400000000
341 447 0.0937500000
341 568 0.0967741935
341 2461 1.0000000000
341 850 0.1111111111
341 1224 0.2444444444
341 1938 0.5000000000
1680 342 0.1754385965
2044 342 0.1052631579
447 342 0.1052631579
3205 342 0.0964912281
663 342 0.0964912281
920 342 0.0964912281
342 1680 0.5217391304
342 2044 1.0000000000
342 663 0.1176470588
342 920 0.1538461538
342 447 0.0937500000
342 3205 1.0000000000
855 343 0.2021276596
1251 343 0.1914893617
918 343 0.1276595745
1991 343 0.1276595745
720 343 0.1170212766
343 855 1.0000000000
343 918 0.1764705882
343 1251 0.2666666667
343 1991 1.0000000000
343 1012 0.1641791045
343 720 0.0909090909
788 344 0.1754385965
406 344 0.1052631579
677 344 0.0964912281
480 344 0.0964912281
1106 344 0.0964912281
344 788 1.0000000000
344 480 0.2298850575
344 677 0.1527777778
344 1106 0.1964285714
345 463 0.2941176471
345 1744 0.3333333333
7565 346 0.0689655172
942 346 0.0632183908
346 942 0.2708333333
346 7565 0.0278422274
346 2816 1.0000000000
7577 347 0.0588235294
1458 347 0.0588235294
485 347 0.0588235294
1749 347 0.0539215686
939 347 0.0539215686
409 347 0.0539215686
1488 347 0.0539215686
798 347 0.0539215686
347 7577 0.1237113402
347 485 0.1025641026
347 1749 0.3333333333
347 939 0.1250000000
347 409 0.0687500000
347 1458 0.2500000000
347 1488 0.2500000000
347 798 0.0134146341
694 348 0.0779220779
2407 348 0.0714285714
787 348 0.0714285714
557 348 0.0714285714
348 626 0.2063492063
348 1707 1.0000000000
348 694 0.1304347826
348 2407 0.5000000000
348 787 0.1375000000
348 557 0.1047619048
495 349 0.1442307692
1159 349 0.1057692308
349 495 0.2238805970
349 1159 0.2391304348
360 350 0.0652173913
1022 350 0.0652173913
7397 350 0.0652173913
3007 350 0.0597826087
696 350 0.0597826087
801 350 0.0597826087
1740 350 0.0597826087
635 350 0.0597826087
350 1022 0.2105263158
350 3007 1.0000000000
350 696 0.1195652174
350 1321 0.2444444444
350 360 0.0493273543
350 801 0.0478260870
350 1941 0.5000000000
350 1740 0.3333333333
350 635 0.1325301205
350 7397 0.1964285714
1893 351 0.0670731707
7560 351 0.0670731707
432 351 0.0670731707
1594 351 0.0670731707
759 351 0.0670731707
351 432 0.0754716981
351 1893 0.3333333333
351 1594 0.4583333333
351 1924 0.5000000000
351 759 0.0575916230
2336 352 0.0895522388
7386 352 0.0820895522
1895 352 0.0820895522
352 1895 0.3333333333
443 353 0.0621761658
505 353 0.0621761658
1101 353 0.0569948187
472 353 0.0569948187
1916 353 0.0569948187
438 353 0.0569948187
1078 353 0.0569948187
1212 353 0.0569948187
5342 353 0.0362694301
353 1102 0.3333333333
353 1101 0.2142857143
353 996 0.3243243243
353 505 0.0882352941
353 1916 0.5000000000
353 443 0.0859375000
353 438 0.1122448980
353 532 0.1466666667
353 379 0.0643274854
353 1212 0.3142857143
7564 354 0.2739726027
1402 354 0.1506849315
354 440 0.2051282051
354 1402 0.2500000000
354 7564 0.0067340067
473 355 0.0839160839
2512 355 0.0769230769
444 355 0.0769230769
355 473 0.0944881890
355 2512 1.0000000000
355 444 0.0617977528
466 356 0.0980392157
405 356 0.0784313725
743 356 0.0718954248
7372 356 0.0718954248
539 356 0.0718954248
1415 356 0.0718954248
468 356 0.0718954248
1101 356 0.0718954248
356 624 0.3773584906
356 405 0.1666666667
356 466 0.1282051282
356 743 0.1549295775
356 7564 0.0123456790
356 7372 0.1250000000
356 539 0.1692307692
356 1415 0.3235294118
356 468 0.1428571429
356 1101 0.1964285714
782 357 0.1226993865
7603 357 0.0797546012
474 357 0.0736196319
1472 357 0.0674846626
1133 357 0.0674846626
445 357 0.0674846626
661 357 0.0674846626
478 357 0.0674846626
5342 357 0.0429447853
357 782 1.0000000000
357 7603 0.0181311018
357 474 0.0944881890
357 445 0.1764705882
357 1472 0.1718750000
357 1133 0.2391304348
357 661 0.1341463415
357 478 0.0621468927
2336 358 0.0769230769
1438 358 0.0769230769
498 358 0.0629370629
358 2015 1.0000000000
358 1438 0.4583333333
358 7604 0.0000000000
358 7603 0.0000000000
2062 359 0.0977443609
2060 359 0.0977443609
2617 359 0.0902255639
2061 359 0.0902255639
2616 359 0.0902255639
2059 359 0.0902255639
2058 359 0.0902255639
2057 359 0.0902255639
2056 359 0.0902255639
2055 359 0.0902255639
7498 359 0.0827067669
359 2062 1.0000000000
359 2061 1.0000000000
359 2060 1.0000000000
359 2059 1.0000000000
359 2058 1.0000000000
359 2057 1.0000000000
359 2056 1.0000000000
359 2055 1.0000000000
359 7498 0.2068965517
359 2617 1.0000000000
359 2616 1.0000000000
954 360 0.0538116592
491 360 0.0493273543
876 360 0.0493273543
1038 360 0.0493273543
2189 360 0.0493273543
1139 360 0.0493273543
360 491 0.0318302387
360 876 0.0614525140
360 1038 0.1641791045
360 2189 0.5000000000
360 1139 0.1666666667
360 7388 0.1578947368
360 7603 0.0069735007
360 7604 0.0000000000
371 361 0.0975609756
3012 361 0.0894308943
361 3012 1.0000000000
361 1753 0.3333333333
361 371 0.0572916667
1181 362 0.0534979424
961 362 0.0493827160
708 362 0.0452674897
1830 362 0.0452674897
490 362 0.0452674897
2852 362 0.0452674897
2192 362 0.0288065844
362 961 0.1764705882
362 490 0.0866141732
362 2852 1.0000000000
377 363 0.3174603175
399 363 0.3174603175
432 363 0.1904761905
363 377 0.3225806452
363 399 0.3921568627
363 432 0.0754716981
374 364 0.2857142857
465 364 0.2380952381
559 364 0.2380952381
364 374 0.1267605634
364 465 0.3125000000
364 698 0.2083333333
364 559 0.3333333333
541 365 0.0789473684
2096 365 0.0723684211
408 365 0.0723684211
1969 365 0.0723684211
713 365 0.0723684211
717 365 0.0723684211
612 365 0.0723684211
365 541 0.0685714286
365 2096 0.5000000000
365 408 0.0478260870
365 1969 0.5000000000
365 713 0.1549295775
365 717 0.1549295775
365 612 0.1067961165
613 366 0.0845070423
1693 366 0.0774647887
1638 366 0.0774647887
403 366 0.0774647887
655 366 0.0774647887
366 613 0.0693641618
366 1693 0.3333333333
366 1638 0.0718954248
366 403 0.0500000000
366 655 0.1195652174
368 367 0.1785714286
7587 367 0.1071428571
1648 367 0.0982142857
383 367 0.0982142857
1638 367 0.0982142857
367 368 0.1639344262
367 1648 0.4782608696
367 383 0.0643274854
367 1638 0.0718954248
367 7587 0.2000000000
1243 368 0.0983606557
2668 368 0.0901639344
863 368 0.0901639344
1404 368 0.0901639344
1001 368 0.0901639344
382 368 0.0901639344
368 1243 0.3428571429
368 382 0.0568720379
368 2668 1.0000000000
368 1404 0.2500000000
368 1001 0.1428571429
949 369 0.1126760563
887 369 0.0915492958
2042 369 0.0845070423
2034 369 0.0845070423
675 369 0.0774647887
369 2034 1.0000000000
369 2042 1.0000000000
369 675 0.1341463415
369 7604 0.0000000000
798 370 0.0697674419
1488 370 0.0639534884
370 798 0.0146341463
370 1488 0.2500000000
523 371 0.0625000000
1536 371 0.0572916667
1173 371 0.0572916667
622 371 0.0572916667
798 371 0.0572916667
1272 371 0.0572916667
371 417 0.0785714286
371 523 0.0948275862
371 1173 0.1666666667
371 622 0.0827067669
371 798 0.0134146341
371 1272 0.3142857143
371 672 0.1078431373
892 372 0.1136363636
462 372 0.0833333333
1376 372 0.0833333333
3257 372 0.0833333333
2371 372 0.0833333333
372 892 0.3589743590
372 462 0.0743243243
372 1376 0.2000000000
372 3257 1.0000000000
372 2371 0.5000000000
3146 373 0.0639534884
1060 373 0.0639534884
1349 373 0.0639534884
752 373 0.0639534884
656 373 0.0639534884
2281 373 0.0639534884
395 373 0.0639534884
373 3146 1.0000000000
373 1060 0.1641791045
373 752 0.0990990991
373 656 0.0679012346
373 2281 0.5000000000
373 3069 1.0000000000
373 395 0.0575916230
373 7338 1.0000000000
465 374 0.1056338028
559 374 0.1056338028
378 374 0.1056338028
824 374 0.0774647887
7390 374 0.0774647887
2336 374 0.0492957746
374 400 0.1978021978
374 378 0.2500000000
374 560 0.3333333333
374 559 0.3333333333
374 7390 0.1428571429
604 375 0.0454545455
824 375 0.0454545455
603 375 0.0454545455
900 375 0.0454545455
1386 375 0.0454545455
375 605 0.1057692308
375 3424 1.0000000000
375 498 0.0658682635
375 3399 1.0000000000
375 651 0.1746031746
375 604 0.1718750000
375 1390 0.2444444444
375 2336 0.0254629630
375 603 0.1170212766
375 900 0.1392405063
375 7578 0.0000000000
375 7591 0.0000000000
2409 376 0.0677083333
7335 376 0.0625000000
464 376 0.0572916667
824 376 0.0572916667
1386 376 0.0572916667
398 376 0.0572916667
376 7335 0.1884057971
376 2409 1.0000000000
376 7560 0.1486486486
376 464 0.1617647059
376 3128 1.0000000000
376 824 0.0846153846
376 398 0.0607734807
399 377 0.3225806452
3413 377 0.1774193548
377 399 0.3921568627
377 3413 1.0000000000
400 378 0.2083333333
378 400 0.1648351648
1209 379 0.0760233918
389 379 0.0643274854
1230 379 0.0643274854
466 379 0.0643274854
379 1209 0.3428571429
379 1230 0.4400000000
379 466 0.0940170940
676 380 0.0991735537
668 380 0.0909090909
777 380 0.0909090909
380 676 0.1666666667
380 668 0.1195652174
380 777 0.0733333333
491 381 0.1081081081
392 381 0.1081081081
551 381 0.0990990991
1351 381 0.0990990991
381 551 0.2307692308
1002 382 0.0568720379
777 382 0.0521327014
1004 382 0.0521327014
918 382 0.0521327014
424 382 0.0521327014
654 382 0.0521327014
7589 382 0.0521327014
422 382 0.0521327014
382 777 0.0733333333
382 1004 0.1929824561
382 1002 0.2972972973
382 424 0.0614525140
382 422 0.0738255034
382 7589 0.0425531915
7564 383 0.0760233918
580 383 0.0643274854
617 383 0.0643274854
2547 383 0.0643274854
715 383 0.0643274854
1647 383 0.0643274854
5342 383 0.0409356725
383 7564 0.0145903479
383 580 0.0763888889
383 617 0.0973451327
383 2547 1.0000000000
383 715 0.0909090909
383 1647 0.3333333333
679 384 0.1104972376
866 384 0.0662983425
7375 384 0.0607734807
541 384 0.0607734807
1688 384 0.0607734807
2481 384 0.0607734807
384 679 0.4761904762
384 866 0.1392405063
384 541 0.0628571429
1691 385 0.1485148515
1114 385 0.1287128713
7564 385 0.1287128713
926 385 0.1287128713
613 385 0.1188118812
2008 385 0.1089108911
7570 385 0.1089108911
385 1114 0.5000000000
385 926 0.1101694915
385 7564 0.0145903479
385 613 0.0693641618
385 2008 0.5000000000
385 7570 0.0000000000
732 386 0.0916030534
495 386 0.0839694656
462 386 0.0839694656
7564 386 0.0839694656
386 732 0.1318681319
386 495 0.1641791045
386 462 0.0743243243
386 7564 0.0000000000
1121 387 0.2459016393
2599 387 0.1803278689
387 1121 0.5769230769
828 388 0.3921568627
491 388 0.2156862745
388 491 0.0291777188
1077 389 0.0683229814
491 389 0.0683229814
2998 389 0.0683229814
2219 389 0.0683229814
2123 389 0.0683229814
630 389 0.0683229814
389 439 0.0937500000
389 7400 0.1411764706
389 1077 0.2391304348
389 2998 1.0000000000
389 2219 0.5000000000
389 491 0.0291777188
389 2123 0.5000000000
389 469 0.0700636943
389 630 0.1746031746
452 391 0.0683229814
391 452 0.0654761905
491 392 0.1157024793
1161 392 0.1074380165
1508 392 0.0909090909
392 491 0.0344827586
392 1161 0.3611111111
392 1508 0.2500000000
7565 393 0.0785340314
7410 393 0.0628272251
7333 393 0.0575916230
2890 393 0.0575916230
2949 393 0.0575916230
1774 393 0.0575916230
7389 393 0.0575916230
2212 393 0.0575916230
2929 393 0.0575916230
452 393 0.0575916230
393 7565 0.0348027842
393 2890 1.0000000000
393 2949 1.0000000000
393 1774 0.3333333333
393 7389 0.1641791045
393 2212 0.5000000000
393 2929 1.0000000000
393 452 0.0654761905
393 7333 1.0000000000
393 7410 0.1666666667
5342 394 0.1830985915
7412 395 0.0575916230
2310 395 0.0575916230
1540 395 0.0575916230
962 395 0.0575916230
1166 395 0.0575916230
395 7412 0.2500000000
395 2310 0.5000000000
395 1540 0.3235294118
395 962 0.1617647059
395 1166 0.1964285714
702 397 0.0760233918
1060 397 0.0701754386
666 397 0.0643274854
1156 397 0.0643274854
707 397 0.0643274854
1877 397 0.0643274854
1196 397 0.0643274854
397 1196 0.5769230769
397 702 0.1160714286
397 666 0.0833333333
397 1156 0.1666666667
397 707 0.0901639344
397 1877 0.4782608696
397 1060 0.1641791045
416 398 0.0662983425
1379 398 0.0607734807
706 398 0.0607734807
3359 398 0.0607734807
720 398 0.0607734807
398 416 0.0800000000
398 899 0.3793103448
398 1379 0.2444444444
398 706 0.0982142857
398 3359 1.0000000000
398 720 0.0909090909
498 400 0.1208791209
2336 400 0.0879120879
2974 401 0.0687500000
715 401 0.0687500000
1666 401 0.0687500000
660 401 0.0687500000
401 2974 1.0000000000
401 715 0.0909090909
401 1666 0.4782608696
401 660 0.0982142857
401 1611 0.1746031746
610 402 0.0800000000
991 402 0.0800000000
438 402 0.0800000000
1115 402 0.0800000000
744 402 0.0733333333
402 438 0.1428571429
402 991 0.3243243243
402 1115 0.2608695652
402 744 0.1549295775
402 483 0.0940170940
402 610 0.1067961165
701 403 0.0545454545
939 403 0.0500000000
1695 403 0.0500000000
1001 403 0.0500000000
935 403 0.0500000000
1992 403 0.0500000000
1430 403 0.0500000000
511 403 0.0500000000
851 403 0.0500000000
714 403 0.0500000000
1159 403 0.0409090909
403 939 0.1250000000
403 2699 1.0000000000
403 1695 0.3333333333
403 1001 0.1428571429
403 935 0.1896551724
403 1992 0.5000000000
403 1430 0.2500000000
403 406 0.0578947368
403 511 0.1447368421
403 851 0.1235955056
403 714 0.3548387097
2648 404 0.0550000000
785 404 0.0550000000
620 404 0.0550000000
909 404 0.0550000000
424 404 0.0550000000
444 404 0.0550000000
1959 404 0.0550000000
2506 404 0.0550000000
473 404 0.0550000000
1956 404 0.0550000000
661 404 0.0550000000
1628 404 0.0550000000
404 661 0.1463414634
404 2648 1.0000000000
404 785 0.0916666667
404 620 0.1506849315
404 909 0.1617647059
404 444 0.0617977528
404 1959 0.5000000000
404 2506 1.0000000000
404 473 0.0866141732
404 1956 0.5000000000
404 424 0.0614525140
404 1628 0.3333333333
909 405 0.1000000000
468 405 0.0916666667
507 405 0.0916666667
569 405 0.0916666667
531 405 0.0916666667
444 405 0.0916666667
405 909 0.1764705882
405 468 0.1428571429
405 507 0.0591397849
405 569 0.1718750000
405 531 0.0814814815
405 444 0.0617977528
7564 406 0.0684210526
1111 406 0.0631578947
721 406 0.0578947368
2622 406 0.0578947368
536 406 0.0578947368
5342 406 0.0368421053
406 7564 0.0157126824
406 721 0.1967213115
406 2036 1.0000000000
406 1111 0.2142857143
406 2622 1.0000000000
406 536 0.0536585366
6014 407 0.2222222222
1450 407 0.1222222222
7564 408 0.0608695652
1453 408 0.0478260870
542 408 0.0478260870
986 408 0.0478260870
467 408 0.0478260870
622 408 0.0478260870
619 408 0.0478260870
408 7564 0.0157126824
408 1453 0.2500000000
408 542 0.0814814815
408 986 0.1641791045
408 467 0.0748299320
408 622 0.0827067669
408 619 0.0973451327
2832 409 0.0937500000
1481 409 0.0812500000
2164 409 0.0750000000
2130 409 0.0750000000
2169 409 0.0687500000
1287 409 0.0687500000
1128 409 0.0687500000
1970 409 0.0687500000
7603 409 0.0687500000
409 797 1.0000000000
409 2164 1.0000000000
409 1481 0.5000000000
409 2130 1.0000000000
409 2169 0.5000000000
409 2835 1.0000000000
409 1287 0.2444444444
409 2832 1.0000000000
409 1128 0.2391304348
409 1970 0.5000000000
409 7603 0.0153417015
409 2138 0.5000000000
633 410 0.1454545455
1027 410 0.1363636364
800 410 0.1090909091
2208 410 0.1000000000
742 410 0.1000000000
2938 410 0.1000000000
2157 410 0.1000000000
486 410 0.1000000000
410 742 0.3658536585
410 633 0.3488372093
410 1027 0.4054054054
410 486 0.2238805970
410 800 0.2000000000
410 2208 0.5000000000
410 2938 1.0000000000
410 2157 0.5000000000
2956 411 0.0687500000
7588 411 0.0687500000
411 2956 1.0000000000
411 7588 0.0808823529
5342 412 0.0631578947
417 412 0.0578947368
3337 412 0.0578947368
496 412 0.0578947368
1380 412 0.0578947368
759 412 0.0578947368
1853 412 0.0578947368
7550 412 0.0578947368
412 5342 0.0333333333
412 417 0.0785714286
412 496 0.1134020619
412 1380 0.2444444444
412 759 0.0575916230
412 975 0.1617647059
412 1853 0.3333333333
412 7550 0.0395683453
412 1307 0.2444444444
412 716 0.0000000000
1372 413 0.0857142857
1857 413 0.0857142857
890 413 0.0785714286
572 413 0.0785714286
413 1857 0.5217391304
413 1372 0.2444444444
413 1155 0.3055555556
413 890 0.1235955056
413 572 0.1170212766
828 414 0.5000000000
545 415 0.3333333333
829 415 0.3000000000
3324 415 0.1833333333
7558 415 0.1833333333
415 829 1.0000000000
415 545 0.0962962963
415 3324 1.0000000000
415 7558 0.3235294118
898 416 0.1133333333
1071 416 0.0933333333
432 416 0.0733333333
490 416 0.0733333333
416 898 0.4358974359
416 1071 0.3783783784
416 432 0.0754716981
416 490 0.0866141732
1199 417 0.0928571429
520 417 0.0857142857
1582 417 0.0785714286
417 901 1.0000000000
417 520 0.1710526316
417 1199 0.3611111111
417 1582 0.3235294118
417 7591 0.0450450450
417 754 0.0000000000
417 7512 0.0000000000
771 419 0.0754716981
774 419 0.0691823899
1927 419 0.0691823899
990 419 0.0691823899
655 419 0.0691823899
531 419 0.0691823899
987 419 0.0691823899
1214 419 0.0691823899
606 419 0.0691823899
419 774 0.1222222222
419 1927 0.5000000000
419 990 0.1641791045
419 655 0.1195652174
419 531 0.0814814815
419 771 0.2200000000
419 987 0.2972972973
419 1214 0.3142857143
419 606 0.2075471698
1611 420 0.1898734177
1926 420 0.1518987342
772 420 0.1518987342
1456 421 0.2542372881
529 421 0.1864406780
421 529 0.0814814815
536 422 0.0872483221
851 422 0.0738255034
507 422 0.0738255034
1419 422 0.0738255034
1920 422 0.0738255034
467 422 0.0738255034
535 422 0.0738255034
422 536 0.0585365854
422 1419 0.3529411765
422 535 0.0960000000
422 507 0.0591397849
422 1920 0.5000000000
422 467 0.0748299320
1718 423 0.1348314607
1659 423 0.1235955056
1108 423 0.1235955056
423 1277 0.3428571429
423 1718 0.5217391304
423 1108 0.3333333333
423 1659 0.3333333333
1379 424 0.0726256983
638 424 0.0614525140
2188 424 0.0614525140
1030 424 0.0614525140
1437 424 0.0614525140
537 424 0.0614525140
424 638 0.1506849315
424 2188 0.5000000000
424 1138 0.2391304348
424 1030 0.1929824561
424 1437 0.2500000000
424 537 0.1157894737
424 645 0.0000000000
468 425 0.4081632653
7570 425 0.3673469388
425 468 0.2597402597
425 7570 0.0000000000
515 426 0.2531645570
933 426 0.1392405063
2555 426 0.1392405063
7518 426 0.1392405063
7374 426 0.1392405063
426 515 0.2631578947
426 2555 1.0000000000
426 7518 0.2558139535
426 7374 0.2894736842
1189 427 0.1284403670
462 427 0.1009174312
1509 427 0.1009174312
1777 427 0.1009174312
427 1189 0.5384615385
427 1509 0.2500000000
427 1777 0.3333333333
7588 428 0.2173913043
428 7600 0.0000000000
831 430 0.2531645570
817 430 0.1898734177
1055 430 0.1898734177
7595 430 0.1392405063
430 831 1.0000000000
430 817 0.2142857143
430 1055 0.4054054054
430 7595 0.0295566502
430 7509 0.1212121212
861 431 0.0946745562
610 431 0.0710059172
1549 431 0.0710059172
2340 431 0.0650887574
3201 431 0.0650887574
1552 431 0.0650887574
7398 431 0.0295857988
431 861 1.0000000000
431 1552 0.5416666667
431 610 0.1165048544
431 1549 0.3529411765
431 2340 0.5000000000
431 3201 1.0000000000
431 493 0.0000000000
1887 432 0.0754716981
637 432 0.0754716981
604 432 0.0691823899
1772 432 0.0691823899
1195 432 0.0691823899
3301 432 0.0691823899
1822 432 0.0691823899
896 432 0.0691823899
3254 432 0.0691823899
432 1887 0.5217391304
432 637 0.1445783133
432 604 0.1718750000
432 1772 0.4782608696
432 1195 0.1447368421
432 1793 0.3333333333
432 3301 1.0000000000
432 1822 0.3333333333
432 896 0.1392405063
432 3254 0.1089108911
1063 433 0.0863309353
572 433 0.0791366906
2369 433 0.0791366906
3254 433 0.0791366906
2370 433 0.0791366906
890 433 0.0791366906
751 433 0.0791366906
7541 433 0.0791366906
433 1063 0.1791044776
433 572 0.1170212766
433 2369 0.1195652174
433 3254 0.1089108911
433 2370 0.5000000000
433 890 0.1235955056
433 751 0.1358024691
433 7595 0.0221674877
433 7541 0.5000000000
2421 434 0.2022471910
1821 434 0.1460674157
1278 434 0.1348314607
435 434 0.1348314607
460 434 0.1235955056
434 2421 1.0000000000
434 1278 0.2666666667
434 460 0.0743243243
2261 435 0.0852713178
1855 435 0.0852713178
627 435 0.0852713178
1190 435 0.0852713178
435 1855 0.3333333333
435 2368 0.5000000000
435 627 0.1067961165
435 1190 0.1964285714
435 1825 0.4782608696
501 436 0.2159090909
937 436 0.1477272727
1419 436 0.1250000000
768 436 0.1250000000
436 1419 0.3235294118
436 7437 0.0000000000
472 437 0.1428571429
2014 437 0.1122448980
720 437 0.1122448980
669 437 0.1122448980
437 472 0.1214953271
437 2014 0.5000000000
437 720 0.0909090909
437 1979 0.5000000000
437 669 0.1195652174
521 438 0.1326530612
505 438 0.1122448980
438 521 0.1447368421
438 505 0.0808823529
438 439 0.0859375000
438 5140 0.4500000000
625 439 0.1015625000
1044 439 0.0937500000
994 439 0.0859375000
1402 439 0.0859375000
439 625 0.1397849462
439 1044 0.4444444444
439 994 0.1028037383
439 1402 0.2500000000
514 440 0.1666666667
440 514 0.1206896552
1238 441 0.1271186441
775 441 0.1101694915
514 441 0.0932203390
721 441 0.0932203390
1237 441 0.0932203390
2501 441 0.0932203390
1613 441 0.0932203390
441 1238 1.0000000000
441 775 0.1300000000
441 721 0.1803278689
441 1237 0.3142857143
441 2501 1.0000000000
441 1613 0.4782608696
537 442 0.0937500000
1106 442 0.0859375000
2500 442 0.0859375000
1630 442 0.0859375000
1947 442 0.0859375000
851 442 0.0859375000
442 1637 1.0000000000
442 1218 0.2666666667
442 537 0.1263157895
442 1106 0.1964285714
442 2500 1.0000000000
442 1630 0.3333333333
442 1947 0.5000000000
442 851 0.1235955056
442 7402 0.0000000000
442 7511 0.0000000000
7564 443 0.1015625000
491 443 0.0859375000
2491 443 0.0859375000
824 443 0.0703125000
443 517 0.1132075472
443 2491 1.0000000000
443 2496 1.0000000000
443 7387 0.1914893617
443 7564 0.0000000000
927 444 0.0786516854
1014 444 0.0730337079
784 444 0.0730337079
1683 444 0.0674157303
2048 444 0.0617977528
851 444 0.0617977528
563 444 0.0617977528
1630 444 0.0617977528
508 444 0.0617977528
566 444 0.0617977528
3172 444 0.0280898876
444 1014 0.3513513514
444 927 0.3421052632
444 1928 0.5000000000
444 2048 0.5000000000
444 851 0.1235955056
444 563 0.0887096774
444 1630 0.3333333333
444 508 0.1145833333
444 566 0.1170212766
444 7589 0.1170212766
444 7524 0.0000000000
446 445 0.2941176471
1625 445 0.1617647059
445 446 0.2941176471
445 7564 0.0123456790
445 1625 0.3333333333
768 446 0.1617647059
446 768 0.1222222222
732 447 0.1015625000
999 447 0.1015625000
1120 447 0.0937500000
1971 447 0.0859375000
5342 447 0.0390625000
447 732 0.1428571429
447 999 0.2765957447
447 1120 0.2142857143
447 1971 0.5000000000
1265 448 0.1923076923
1007 448 0.1923076923
923 448 0.1666666667
1962 448 0.1538461538
1103 448 0.1538461538
448 1265 1.0000000000
448 1007 0.4054054054
448 923 0.3684210526
448 1103 0.1818181818
448 1962 0.5000000000
7587 449 0.1016949153
1004 449 0.0932203390
670 449 0.0932203390
449 1004 0.1929824561
449 670 0.1341463415
449 7587 0.2000000000
1246 450 0.3125000000
7564 450 0.2708333333
450 7564 0.0145903479
598 451 0.0937500000
695 451 0.0859375000
555 451 0.0859375000
5342 451 0.0859375000
451 598 0.1428571429
451 695 0.0982142857
451 555 0.1466666667
693 452 0.0773809524
7565 452 0.0714285714
689 452 0.0654761905
1328 452 0.0654761905
7603 452 0.0654761905
452 7565 0.0278422274
452 689 0.1195652174
452 693 0.1195652174
452 1328 0.1294117647
452 7603 0.0153417015
950 453 0.2040816327
876 453 0.1122448980
519 453 0.1122448980
453 950 1.0000000000
453 876 0.0614525140
453 519 0.0662650602
603 454 0.0810810811
1592 454 0.0743243243
1068 454 0.0743243243
754 454 0.0743243243
1149 454 0.0743243243
454 603 0.1595744681
454 1592 0.4583333333
454 1068 0.1428571429
454 754 0.0728476821
454 1149 0.1666666667
454 7552 0.0192719486
690 455 0.1530612245
954 455 0.1122448980
636 455 0.1122448980
455 690 0.1829268293
455 5342 0.0282051282
455 636 0.2075471698
3035 456 0.1525423729
1826 456 0.0932203390
1335 456 0.0932203390
1154 456 0.0932203390
2979 456 0.0932203390
456 1826 0.2075471698
456 1335 0.2000000000
456 1154 0.1964285714
456 2979 1.0000000000
1854 457 0.1016949153
3133 457 0.1016949153
2395 457 0.0932203390
2297 457 0.0932203390
457 3133 0.1481481481
457 1854 0.5217391304
457 2395 0.2619047619
457 2297 0.5000000000
525 458 0.2040816327
974 458 0.1122448980
7595 458 0.1122448980
458 525 0.1447368421
458 974 0.1896551724
1199 459 0.1171875000
617 459 0.0937500000
1886 459 0.0859375000
1884 459 0.0859375000
1066 459 0.0859375000
459 617 0.1061946903
459 1066 0.2105263158
459 1886 0.3333333333
459 1884 0.3333333333
1544 460 0.0810810811
705 460 0.0810810811
512 460 0.0743243243
769 460 0.0743243243
1855 460 0.0743243243
1129 460 0.0743243243
1366 460 0.0743243243
1559 460 0.0743243243
460 705 0.1176470588
460 769 0.1222222222
460 512 0.1037735849
460 1855 0.3333333333
460 1129 0.1666666667
460 1366 0.3142857143
460 1559 0.3235294118
7419 461 0.4736842105
601 462 0.0810810811
3326 462 0.0743243243
1379 462 0.0743243243
1878 462 0.0743243243
462 601 0.1875000000
462 3326 1.0000000000
462 1878 0.3333333333
666 463 0.1764705882
585 463 0.1764705882
463 585 0.0779220779
463 666 0.0833333333
463 580 0.0763888889
985 464 0.2647058824
497 464 0.2205882353
464 985 1.0000000000
464 497 0.1724137931
464 1898 1.0000000000
652 465 0.3750000000
559 465 0.3125000000
465 652 0.5454545455
465 560 0.3333333333
465 559 0.3333333333
658 466 0.0940170940
654 466 0.0940170940
466 658 0.1774193548
466 654 0.1078431373
2538 467 0.0816326531
2537 467 0.0748299320
467 2538 1.0000000000
467 2537 1.0000000000
467 701 0.0000000000
502 468 0.1558441558
468 502 0.1818181818
468 7552 0.0235546039
906 469 0.0573248408
2336 469 0.0063694268
1227 470 0.3157894737
2546 470 0.1929824561
470 2546 1.0000000000
1652 472 0.1121495327
1235 472 0.1121495327
2480 472 0.1028037383
472 1652 0.5217391304
472 1235 0.1263157895
472 2480 1.0000000000
986 473 0.0944881890
999 473 0.0866141732
998 473 0.0866141732
473 986 0.1641791045
473 999 0.2340425532
473 998 0.2972972973
745 474 0.0944881890
2901 474 0.0944881890
1912 474 0.0944881890
475 474 0.0944881890
7394 474 0.0866141732
2937 474 0.0866141732
669 474 0.0866141732
474 745 0.2926829268
474 1912 1.0000000000
474 475 0.1558441558
474 7394 0.1964285714
474 2937 1.0000000000
474 2901 1.0000000000
474 669 0.1195652174
474 7603 0.0000000000
7406 475 0.1558441558
1627 475 0.1428571429
1980 475 0.1428571429
475 7406 0.3714285714
475 1980 1.0000000000
475 724 0.3548387097
475 1627 0.4782608696
2082 476 0.1196581197
927 476 0.1025641026
2569 476 0.1025641026
2031 476 0.0940170940
2567 476 0.0940170940
1660 476 0.0940170940
1111 476 0.0940170940
476 927 0.3157894737
476 2082 0.5000000000
476 2031 0.3437500000
476 2567 1.0000000000
476 2569 1.0000000000
476 1660 0.3333333333
476 1111 0.1964285714
867 477 0.2337662338
577 477 0.1688311688
608 477 0.1428571429
1640 477 0.1428571429
1662 477 0.1428571429
477 867 0.6206896552
477 577 0.2954545455
477 608 0.2063492063
477 1640 0.4782608696
477 1662 0.3333333333
988 478 0.0734463277
7564 478 0.0677966102
1249 478 0.0621468927
2603 478 0.0621468927
1675 478 0.0621468927
858 478 0.0621468927
2560 478 0.0621468927
1431 478 0.0621468927
920 478 0.0621468927
5342 478 0.0395480226
478 7564 0.0134680135
478 988 0.1791044776
478 1249 0.1047619048
478 2603 1.0000000000
478 1675 0.4782608696
478 858 0.2244897959
478 2560 1.0000000000
478 920 0.1410256410
478 1431 0.3235294118
1699 479 0.1494252874
7564 479 0.1494252874
479 1699 1.0000000000
479 7564 0.0145903479
7564 480 0.1379310345
1117 480 0.1264367816
7533 480 0.1264367816
2065 480 0.1264367816
2038 480 0.1264367816
480 7564 0.0145903479
480 1117 0.1964285714
480 2065 0.5000000000
480 2038 0.5000000000
480 1107 0.2391304348
480 7533 0.5000000000
628 481 0.2985074627
1273 481 0.1791044776
481 628 0.2790697674
481 1273 0.2666666667
7389 482 0.0866141732
7603 482 0.0866141732
482 7603 0.0167364017
482 7389 0.1641791045
2994 483 0.0940170940
483 2994 1.0000000000
1568 484 0.0802919708
1059 484 0.0802919708
484 526 0.0753424658
484 1568 0.2500000000
484 1059 0.1428571429
484 1322 0.0695652174
485 7331 1.0000000000
635 486 0.2238805970
2223 486 0.1641791045
486 635 0.1807228916
486 2223 0.5000000000
798 487 0.0552995392
7512 487 0.0506912442
687 487 0.0506912442
487 798 0.0146341463
487 7512 0.0666666667
487 687 0.0982142857
1565 488 0.2337662338
597 488 0.1428571429
705 488 0.1428571429
491 488 0.1428571429
488 1565 1.0000000000
488 972 0.2291666667
488 597 0.0820895522
488 705 0.1078431373
488 1321 0.2444444444
488 491 0.0291777188
1507 490 0.1023622047
1541 490 0.0866141732
650 490 0.0866141732
490 1507 0.5416666667
490 1541 0.3235294118
490 650 0.0718954248
1221 491 0.0318302387
520 491 0.0318302387
1514 491 0.0318302387
2233 491 0.0318302387
1039 491 0.0318302387
839 491 0.0318302387
876 491 0.0291777188
801 491 0.0291777188
824 491 0.0212201592
7518 491 0.0212201592
2336 491 0.0185676393
1147 491 0.0185676393
491 7415 0.0909090909
491 520 0.1710526316
491 684 0.1304347826
491 1321 0.2666666667
491 1221 0.2666666667
491 1752 0.5217391304
491 1514 0.5000000000
491 2233 1.0000000000
491 839 0.2033898305
491 1622 0.3333333333
491 1351 0.2000000000
491 1388 0.1294117647
491 7580 0.0956521739
491 7552 0.0235546039
491 876 0.0614525140
491 1039 0.1929824561
491 801 0.0478260870
491 824 0.0692307692
491 2336 0.0185185185
491 7602 0.0000000000
491 7601 0.0000000000
491 7599 0.0000000000
491 7598 0.0000000000
491 7604 0.0000000000
491 7518 0.0000000000
491 7603 0.0000000000
525 493 0.1709401709
617 493 0.1025641026
1538 493 0.1025641026
752 493 0.0940170940
493 525 0.1447368421
493 1538 0.3235294118
493 752 0.0990990991
1421 494 0.1111111111
1860 494 0.1111111111
557 494 0.0940170940
666 494 0.0940170940
494 1421 0.3529411765
494 557 0.1047619048
494 1860 0.3333333333
758 495 0.2238805970
1377 495 0.1641791045
495 758 0.2941176471
495 1377 0.4800000000
7558 496 0.2061855670
3340 496 0.1134020619
3320 496 0.1134020619
496 3340 1.0000000000
496 3320 1.0000000000
496 7558 0.2647058824
1178 497 0.1954022989
2336 498 0.0778443114
1074 498 0.0658682635
2293 498 0.0658682635
651 498 0.0658682635
708 498 0.0000000000
498 2336 0.0277777778
498 1396 0.2444444444
498 7384 0.5000000000
498 708 0.1097560976
498 7560 0.1216216216
1907 499 0.2985074627
605 499 0.1940298507
906 499 0.1641791045
499 1907 1.0000000000
499 2433 0.5000000000
499 605 0.1057692308
1425 500 0.1279069767
500 1425 0.2500000000
1102 501 0.1578947368
7375 501 0.1447368421
501 794 1.0000000000
501 1102 0.3333333333
533 502 0.1969696970
716 502 0.1818181818
502 7552 0.0364025696
502 716 0.0773480663
502 533 0.3111111111
1109 504 0.1250000000
2593 504 0.1145833333
608 504 0.1145833333
995 504 0.1145833333
504 1109 0.4615384615
504 2593 1.0000000000
504 608 0.1746031746
504 995 0.2972972973
669 505 0.0955882353
7603 505 0.0808823529
1432 505 0.0808823529
993 505 0.0808823529
7424 505 0.0808823529
505 669 0.1304347826
505 7603 0.0153417015
505 1432 0.3235294118
505 993 0.2340425532
505 7424 0.5000000000
7375 506 0.1145833333
506 7375 0.3125000000
566 507 0.0698924731
535 507 0.0645161290
583 507 0.0591397849
2104 507 0.0591397849
1985 507 0.0591397849
7371 507 0.0591397849
609 507 0.0591397849
5342 507 0.0376344086
507 566 0.1382978723
507 535 0.0960000000
507 583 0.2037037037
507 2104 0.5000000000
507 1985 0.5000000000
507 7589 0.1170212766
507 7371 0.1617647059
507 609 0.0973451327
1957 508 0.1145833333
609 508 0.1145833333
508 1957 0.5000000000
508 609 0.0973451327
508 7589 0.0000000000
2345 509 0.0873015873
1157 509 0.0873015873
878 509 0.0873015873
1000 509 0.0873015873
2548 509 0.0873015873
509 1000 0.5555555556
509 2345 1.0000000000
509 1157 0.1964285714
509 878 0.1864406780
509 2548 1.0000000000
510 1679 0.5217391304
2037 511 0.2631578947
568 511 0.1447368421
612 511 0.1447368421
511 2037 0.5000000000
511 568 0.0887096774
511 612 0.1067961165
798 513 0.1447368421
945 513 0.1447368421
2539 513 0.1447368421
1978 513 0.1447368421
513 1751 0.5217391304
513 798 0.0134146341
513 945 0.1410256410
513 2539 1.0000000000
513 1978 0.5000000000
1432 514 0.1034482759
2030 514 0.1034482759
2658 514 0.0948275862
2045 514 0.0948275862
1224 514 0.0948275862
514 2030 1.0000000000
514 2658 1.0000000000
514 2045 0.5000000000
514 1224 0.2444444444
514 1432 0.3235294118
2077 515 0.1447368421
619 515 0.1447368421
515 2077 0.5000000000
1291 516 0.1587301587
1136 516 0.0873015873
729 516 0.0873015873
5342 516 0.0555555556
516 1291 1.0000000000
516 547 0.0827586207
516 729 0.1208791209
518 517 0.1320754717
517 7603 0.0000000000
2191 518 0.0948275862
737 518 0.0948275862
1859 518 0.0000000000
518 737 0.3658536585
518 2191 0.5000000000
745 519 0.0722891566
1164 519 0.0662650602
1288 519 0.0662650602
2899 519 0.0662650602
946 519 0.0662650602
519 745 0.2926829268
519 1164 0.1964285714
519 1288 0.2000000000
519 2899 1.0000000000
519 946 0.0654761905
2973 520 0.1447368421
520 2973 1.0000000000
754 522 0.1031746032
883 522 0.0873015873
1337 522 0.0873015873
5342 522 0.0873015873
1156 522 0.0873015873
522 883 0.1235955056
522 1337 0.2000000000
522 5342 0.0282051282
522 1156 0.1666666667
523 1341 0.5600000000
819 525 0.2631578947
644 525 0.1447368421
525 644 0.4651162791
525 819 1.0000000000
7591 526 0.0821917808
904 526 0.0753424658
526 7591 0.1081081081
526 3216 1.0000000000
526 904 0.1392405063
526 1826 0.1698113208
6792 527 0.4347826087
1584 527 0.3695652174
527 1584 0.6250000000
527 6792 0.5500000000
7591 528 0.1627906977
1586 528 0.1279069767
528 7591 0.1261261261
528 1586 0.2500000000
677 529 0.0962962963
1154 529 0.0888888889
2316 529 0.0814814815
747 529 0.0814814815
1221 529 0.0814814815
1210 529 0.0814814815
2529 529 0.0814814815
992 529 0.0814814815
529 677 0.1805555556
529 2316 1.0000000000
529 1154 0.2142857143
529 747 0.0990990991
529 1221 0.2444444444
529 1210 0.1294117647
529 2529 1.0000000000
529 992 0.1929824561
650 530 0.0956521739
1798 530 0.0956521739
530 650 0.0718954248
530 1798 0.4782608696
1633 531 0.0888888889
840 531 0.0888888889
1095 531 0.0814814815
774 531 0.0814814815
7327 531 0.0814814815
531 840 0.1518987342
531 1633 0.3333333333
531 1095 0.1964285714
531 774 0.1222222222
531 7327 0.1235955056
7400 532 0.2666666667
1119 532 0.1466666667
532 2665 1.0000000000
532 1119 0.3055555556
532 7400 0.1294117647
776 533 0.4444444444
533 776 1.0000000000
912 534 0.1263157895
2474 534 0.1157894737
2460 534 0.1157894737
534 912 0.2068965517
534 2859 1.0000000000
534 2474 1.0000000000
534 2460 1.0000000000
534 7582 0.0000000000
912 535 0.0880000000
536 535 0.0880000000
654 535 0.0880000000
3516 535 0.0880000000
535 912 0.1896551724
535 536 0.0536585366
535 654 0.1078431373
535 3516 0.1222222222
7596 536 0.0585365854
668 536 0.0585365854
612 536 0.0585365854
2643 536 0.0536585366
1237 536 0.0536585366
1965 536 0.0536585366
538 536 0.0536585366
1623 536 0.0536585366
992 536 0.0536585366
7371 536 0.0536585366
3516 536 0.0536585366
5342 536 0.0341463415
536 612 0.1165048544
536 2643 1.0000000000
536 2614 1.0000000000
536 668 0.1195652174
536 1237 0.3142857143
536 1965 0.5000000000
536 538 0.2000000000
536 1623 0.3333333333
536 992 0.1929824561
536 7371 0.1617647059
536 3516 0.1222222222
536 7596 0.0000000000
1088 537 0.1263157895
537 1088 0.2608695652
726 538 0.3636363636
1241 538 0.2181818182
852 539 0.3076923077
1639 539 0.1846153846
854 539 0.1692307692
539 852 0.5172413793
539 1639 1.0000000000
539 854 0.1392405063
863 540 0.0956521739
2591 540 0.0956521739
986 540 0.0956521739
1659 540 0.0956521739
540 863 0.0691823899
540 2591 1.0000000000
540 986 0.1641791045
540 1659 0.3333333333
1262 541 0.0800000000
1627 541 0.0685714286
1122 541 0.0685714286
1260 541 0.0685714286
2026 541 0.0685714286
732 541 0.0628571429
1638 541 0.0628571429
2071 541 0.0628571429
2068 541 0.0628571429
911 541 0.0628571429
7519 541 0.0000000000
541 1262 0.5600000000
541 1627 0.5217391304
541 1122 0.3333333333
541 1260 0.4800000000
541 2026 1.0000000000
541 732 0.1208791209
541 1638 0.0718954248
541 2071 0.5000000000
541 911 0.1250000000
541 7519 0.0000000000
629 542 0.0888888889
2755 542 0.0814814815
1638 542 0.0814814815
1276 542 0.0814814815
542 2755 1.0000000000
542 1638 0.0718954248
542 1276 0.2000000000
542 629 0.1182795699
542 7557 0.3571428571
792 543 0.1692307692
543 792 0.0785714286
7547 544 0.1411764706
563 544 0.1294117647
544 563 0.0887096774
544 7547 1.0000000000
544 926 0.0423728814
7603 546 0.1411764706
734 546 0.1411764706
7375 546 0.1294117647
546 7603 0.0209205021
546 734 0.1967213115
1294 547 0.0965517241
585 547 0.0758620690
1484 547 0.0758620690
777 547 0.0758620690
796 547 0.0758620690
1737 547 0.0758620690
2146 547 0.0758620690
547 1294 0.5200000000
547 585 0.0714285714
547 1484 0.2500000000
547 777 0.0733333333
547 796 0.1100000000
547 1737 0.3333333333
7603 548 0.1263157895
7595 548 0.1157894737
1157 548 0.1157894737
548 7603 0.0209205021
548 1349 0.2000000000
548 1157 0.1964285714
1379 549 0.0956521739
1579 549 0.0956521739
549 7603 0.0167364017
549 1579 0.2500000000
553 550 0.0956521739
2910 550 0.0956521739
550 553 0.0666666667
550 2910 1.0000000000
708 551 0.2000000000
1351 551 0.1692307692
551 708 0.1585365854
1513 552 0.1647058824
552 1311 0.5600000000
3252 553 0.0666666667
3249 553 0.0666666667
1561 553 0.0666666667
3243 553 0.0666666667
3153 553 0.0666666667
1543 553 0.0666666667
3090 553 0.0666666667
2231 553 0.0666666667
693 553 0.0666666667
553 3252 1.0000000000
553 3249 1.0000000000
553 1561 0.3235294118
553 3243 1.0000000000
553 3153 1.0000000000
553 1543 0.4583333333
553 3090 1.0000000000
553 2231 0.5000000000
553 1321 0.2444444444
553 693 0.1195652174
553 7603 0.0000000000
600 554 0.3636363636
1523 554 0.2000000000
554 600 0.5882352941
1058 555 0.1466666667
762 555 0.1200000000
555 1035 0.2280701754
559 652 0.4545454545
559 560 0.3333333333
2590 561 0.1170212766
561 1087 0.1666666667
561 2590 1.0000000000
1466 562 0.1486486486
562 780 0.1857142857
562 1466 0.4583333333
773 563 0.0967741935
7550 563 0.0967741935
1413 563 0.0887096774
563 773 0.2000000000
563 7550 0.0431654676
563 1413 0.2500000000
748 564 0.1170212766
1618 564 0.1170212766
7552 564 0.1170212766
564 1618 0.3333333333
564 7552 0.0235546039
564 655 0.1195652174
564 748 0.0000000000
1088 565 0.1486486486
565 1088 0.2391304348
716 566 0.1170212766
911 566 0.1170212766
566 716 0.0662983425
566 911 0.1250000000
939 568 0.0887096774
925 568 0.0887096774
1633 568 0.0887096774
568 939 0.1250000000
568 925 0.2291666667
568 657 0.1195652174
568 1633 0.3333333333
584 569 0.3125000000
569 584 0.3703703704
863 570 0.1057692308
1249 570 0.1057692308
1101 570 0.1057692308
570 1249 0.1142857143
570 863 0.0691823899
570 1101 0.1964285714
1281 571 0.2343750000
780 571 0.2343750000
1474 571 0.1875000000
1103 571 0.1718750000
571 1281 1.0000000000
571 780 0.2142857143
571 1474 0.5000000000
571 1103 0.1666666667
859 573 0.3409090909
1001 573 0.2500000000
573 859 0.1884057971
573 1001 0.1428571429
7564 574 0.1382978723
857 574 0.1276595745
1628 574 0.1170212766
725 574 0.1170212766
669 574 0.1170212766
574 7564 0.0168350168
574 857 0.1645569620
574 725 0.0990990991
574 669 0.1195652174
616 575 0.1547619048
2040 575 0.1428571429
2039 575 0.1428571429
1435 575 0.1428571429
856 575 0.1428571429
849 575 0.1309523810
575 856 0.3846153846
575 849 0.2653061224
575 616 0.1780821918
575 2040 1.0000000000
575 2039 1.0000000000
575 1435 0.5000000000
579 576 0.3518518519
7564 576 0.2407407407
7550 576 0.2037037037
576 579 0.3125000000
576 7564 0.0145903479
576 7550 0.0395683453
614 577 0.4545454545
1693 577 0.2500000000
577 614 0.1036269430
577 1693 0.3333333333
577 7576 0.1724137931
727 578 0.1904761905
860 578 0.1309523810
994 578 0.1309523810
578 727 0.2622950820
578 994 0.1121495327
578 860 0.3793103448
578 2027 0.5000000000
619 579 0.1718750000
671 579 0.1718750000
579 619 0.0973451327
579 671 0.1341463415
2705 580 0.0763888889
2681 580 0.0763888889
1001 580 0.0763888889
865 580 0.0763888889
580 2681 1.0000000000
580 2705 1.0000000000
580 1001 0.1428571429
580 865 0.1594202899
1691 582 0.4545454545
628 583 0.3703703704
583 628 0.2558139535
1268 584 0.2222222222
1716 584 0.2037037037
584 1268 0.4800000000
1859 585 0.0714285714
7410 585 0.0714285714
585 798 0.0146341463
585 1859 0.3333333333
585 7410 0.2037037037
585 7600 0.0226244344
585 7604 0.0000000000
592 586 0.1170212766
1283 586 0.1170212766
2753 586 0.1170212766
586 592 0.0964912281
586 1283 0.2444444444
586 2753 1.0000000000
1167 587 0.0833333333
3357 587 0.0763888889
614 587 0.0763888889
787 587 0.0763888889
7603 587 0.0763888889
587 3357 1.0000000000
587 1167 0.1964285714
587 614 0.0569948187
587 787 0.1375000000
587 7603 0.0125523013
798 588 0.0895522388
1161 588 0.0820895522
796 588 0.0820895522
1740 588 0.0820895522
7603 588 0.0820895522
588 798 0.0146341463
588 7603 0.0167364017
588 796 0.1100000000
588 1740 0.3333333333
2154 589 0.1785714286
1736 589 0.1309523810
589 2154 1.0000000000
589 1736 0.3333333333
6878 590 0.3703703704
614 590 0.2037037037
590 6878 1.0000000000
590 614 0.0621761658
7565 591 0.1052631579
1802 591 0.0964912281
591 7565 0.0278422274
591 1802 0.4782608696
591 7528 0.0000000000
1150 592 0.0964912281
592 1150 0.1964285714
1762 593 0.0887096774
635 593 0.0887096774
593 635 0.1325301205
593 7441 1.0000000000
593 7397 0.0000000000
1582 594 0.1718750000
1522 594 0.1718750000
594 1582 0.3235294118
594 1522 0.2500000000
880 595 0.2968750000
1032 595 0.1875000000
595 880 1.0000000000
595 1032 0.1264367816
645 596 0.0964912281
596 645 0.0601092896
812 597 0.0895522388
1862 597 0.0895522388
1848 597 0.0895522388
2354 597 0.0820895522
1533 597 0.0820895522
965 597 0.0820895522
1851 597 0.0820895522
597 812 0.1500000000
597 1862 0.5217391304
597 2354 0.2619047619
597 1533 0.4583333333
597 965 0.2894736842
597 1848 0.4782608696
597 1851 0.3333333333
673 598 0.1547619048
3258 598 0.1309523810
2318 598 0.1309523810
598 673 0.2500000000
598 3219 1.0000000000
598 3258 1.0000000000
598 2318 0.5000000000
598 5342 0.0282051282
1188 599 0.0970149254
1532 599 0.0820895522
2320 599 0.0820895522
1537 599 0.0820895522
599 1188 0.3611111111
599 2320 0.5000000000
599 1537 0.2500000000
7575 602 0.0964912281
702 602 0.0964912281
602 7575 0.3666666667
602 702 0.0982142857
1382 603 0.1276595745
1199 603 0.1276595745
7521 603 0.1170212766
1009 603 0.1170212766
603 1382 0.3428571429
603 7521 0.2790697674
603 1199 0.3333333333
603 1009 0.1929824561
603 7552 0.0000000000
834 604 0.3125000000
1202 604 0.1718750000
604 834 1.0000000000
604 1202 0.1964285714
1202 605 0.1153846154
2336 605 0.1153846154
3410 605 0.1057692308
605 1554 0.3529411765
605 2336 0.0277777778
605 2431 0.5000000000
7569 606 0.3773584906
1601 606 0.2075471698
606 1601 0.3333333333
607 769 0.1222222222
921 608 0.2380952381
995 608 0.1904761905
608 921 0.3947368421
608 995 0.3243243243
1243 609 0.1061946903
1093 609 0.0973451327
1089 609 0.0973451327
609 1243 0.3428571429
609 1093 0.3055555556
609 1089 0.2391304348
641 610 0.1165048544
2009 610 0.1067961165
610 641 0.0655737705
665 611 0.1612903226
1104 611 0.1290322581
667 611 0.1182795699
780 611 0.1182795699
1962 611 0.1182795699
2517 611 0.1182795699
2505 611 0.1182795699
915 611 0.1182795699
611 665 0.1666666667
611 667 0.1774193548
611 780 0.1571428571
611 1962 0.5000000000
611 2517 1.0000000000
611 2505 1.0000000000
611 1104 0.1666666667
611 915 0.1617647059
676 612 0.1262135922
616 612 0.1165048544
1669 612 0.1067961165
1638 612 0.1067961165
612 676 0.1805555556
612 616 0.1643835616
612 1669 0.4782608696
612 1638 0.0718954248
876 613 0.0635838150
738 613 0.0635838150
613 876 0.0614525140
613 1337 0.2000000000
613 738 0.1358024691
647 614 0.0673575130
1166 614 0.0673575130
1882 614 0.0621761658
707 614 0.0569948187
2068 614 0.0569948187
1108 614 0.0569948187
7576 614 0.0000000000
941 614 0.0000000000
614 647 0.1325301205
614 1882 0.3333333333
614 707 0.0901639344
614 1166 0.1964285714
614 1108 0.3055555556
614 7571 0.3000000000
614 7520 0.2093023256
614 7576 0.0000000000
614 941 0.0000000000
7564 615 0.1566265060
2554 615 0.1445783133
718 615 0.1325301205
1441 615 0.1325301205
615 718 0.1188118812
615 7564 0.0134680135
615 2554 1.0000000000
615 1441 0.4583333333
1446 616 0.1780821918
671 616 0.1643835616
1008 616 0.1506849315
616 1446 0.5000000000
616 1008 0.2105263158
616 671 0.1463414634
620 617 0.1327433628
3134 617 0.0973451327
1638 617 0.0973451327
617 620 0.2054794521
617 1638 0.0718954248
723 618 0.6060606061
618 723 0.6451612903
1688 619 0.1061946903
7561 619 0.1061946903
1660 619 0.0973451327
1120 619 0.0973451327
862 619 0.0973451327
619 1688 0.5217391304
619 1660 0.3333333333
619 1120 0.1964285714
619 862 0.1864406780
619 7561 0.0000000000
7596 620 0.1780821918
2009 620 0.1643835616
1117 620 0.1506849315
620 1117 0.1964285714
620 2009 0.5000000000
620 841 0.1392405063
620 7596 0.0000000000
621 2843 1.0000000000
1018 622 0.0827067669
1269 622 0.0827067669
2640 622 0.0827067669
2645 622 0.0827067669
939 622 0.0827067669
1417 622 0.0827067669
622 1018 0.1929824561
622 1269 0.2000000000
622 2640 1.0000000000
622 2645 1.0000000000
622 939 0.1250000000
622 1417 0.2500000000
798 623 0.0769230769
7564 623 0.0769230769
623 798 0.0134146341
623 7564 0.0123456790
2646 624 0.2075471698
624 2646 1.0000000000
1469 625 0.1182795699
7552 625 0.1182795699
625 1469 1.0000000000
625 7552 0.0235546039
5660 627 0.1165048544
4017 627 0.1165048544
715 627 0.1067961165
627 4017 0.5500000000
627 715 0.0909090909
627 7549 0.0000000000
789 628 0.4651162791
628 789 1.0000000000
940 629 0.1182795699
988 629 0.1182795699
657 629 0.1182795699
629 940 0.1410256410
629 2088 0.5000000000
629 657 0.1195652174
629 7564 0.0000000000
793 630 0.1904761905
1710 630 0.1746031746
630 793 0.2000000000
630 1710 0.3333333333
2908 631 0.4651162791
1769 631 0.2790697674
3151 632 0.0894308943
632 1485 0.3529411765
632 3151 1.0000000000
2207 634 0.1807228916
634 1747 1.0000000000
634 2207 0.5000000000
2882 635 0.1325301205
635 941 0.0743243243
635 2882 1.0000000000
2913 636 0.3773584906
636 2913 1.0000000000
759 637 0.1325301205
637 759 0.0575916230
798 639 0.0975609756
7512 639 0.0975609756
687 639 0.0894308943
639 7512 0.0727272727
639 798 0.0146341463
639 687 0.0982142857
639 7593 0.5000000000
2831 640 0.1506849315
640 2831 1.0000000000
3254 641 0.0655737705
2341 641 0.0655737705
973 641 0.0601092896
958 641 0.0601092896
2255 641 0.0601092896
762 641 0.0000000000
641 973 0.2500000000
641 2341 1.0000000000
641 958 0.1122448980
641 1224 0.2444444444
641 2255 0.5000000000
641 762 0.0810810811
2263 642 0.1506849315
1525 642 0.1506849315
642 2263 0.5000000000
642 1525 0.2500000000
5342 643 0.1262135922
3110 643 0.1067961165
643 5342 0.0307692308
643 3110 1.0000000000
3207 644 0.2790697674
7341 644 0.2558139535
644 7341 0.1111111111
644 3207 1.0000000000
3165 645 0.0819672131
754 645 0.0601092896
1838 645 0.0601092896
2343 645 0.0601092896
3160 645 0.0601092896
1060 645 0.0601092896
645 2343 1.0000000000
645 1060 0.1791044776
645 754 0.0728476821
645 1838 0.3333333333
645 3165 1.0000000000
645 3160 1.0000000000
7419 646 0.2452830189
1844 646 0.2075471698
646 1844 0.5217391304
647 2425 1.0000000000
647 7503 0.3214285714
647 7532 0.2380952381
647 7522 0.2173913043
647 7523 0.2173913043
647 7544 0.5000000000
647 7545 0.5000000000
3170 648 0.3773584906
821 648 0.2075471698
648 821 0.2200000000
648 3170 1.0000000000
1192 649 0.0718954248
1885 649 0.0718954248
650 649 0.0718954248
1197 649 0.0718954248
649 1192 0.1964285714
649 1885 0.3333333333
649 650 0.0718954248
649 1197 0.2391304348
7558 650 0.0718954248
7507 650 0.0718954248
1596 651 0.2063492063
651 2423 1.0000000000
651 1205 0.2391304348
651 1596 0.3235294118
651 984 0.1617647059
1074 653 0.2075471698
2041 654 0.1078431373
716 654 0.1078431373
718 654 0.1078431373
1918 654 0.1078431373
654 718 0.1188118812
654 2041 0.5000000000
654 716 0.0607734807
654 1918 0.5000000000
773 655 0.1195652174
655 773 0.1833333333
749 656 0.1234567901
1161 656 0.0740740741
812 656 0.0679012346
813 656 0.0679012346
7529 656 0.0000000000
656 749 0.4634146341
656 1161 0.3333333333
656 937 0.0696202532
656 812 0.1375000000
656 7529 0.0000000000
1694 657 0.1195652174
1924 657 0.1195652174
2452 657 0.1195652174
1644 657 0.1195652174
657 1694 0.3333333333
657 924 0.2894736842
657 1924 0.5000000000
657 2452 1.0000000000
657 1644 0.4782608696
7569 658 0.2096774194
658 7569 0.5500000000
2722 661 0.1585365854
1007 661 0.1341463415
1971 661 0.1341463415
661 1007 0.2972972973
661 1971 0.5000000000
661 2571 1.0000000000
1234 662 0.4375000000
662 1234 0.3714285714
2335 663 0.1078431373
1241 663 0.1078431373
2533 663 0.1078431373
663 820 1.0000000000
663 2335 0.5000000000
663 1241 0.2000000000
663 2533 1.0000000000
1279 664 0.1078431373
1276 664 0.1078431373
2704 664 0.1078431373
664 1279 0.2444444444
664 1276 0.2000000000
664 2704 1.0000000000
1474 665 0.1805555556
2100 665 0.1805555556
1103 665 0.1527777778
665 1474 0.5000000000
665 923 0.3157894737
665 2100 0.5000000000
665 1103 0.1666666667
704 666 0.0833333333
666 704 0.1341463415
2649 667 0.2419354839
780 667 0.1774193548
667 2649 1.0000000000
667 780 0.1571428571
926 668 0.1195652174
7373 668 0.1195652174
668 926 0.1016949153
668 7373 0.1250000000
2534 669 0.1195652174
669 2534 1.0000000000
7564 670 0.1585365854
670 7564 0.0123456790
1123 671 0.1585365854
862 671 0.1463414634
671 1123 0.2826086957
671 862 0.2033898305
3007 672 0.1078431373
3058 673 0.2884615385
673 1512 0.5416666667
673 875 0.2653061224
673 3058 1.0000000000
673 740 0.1803278689
1013 674 0.3571428571
7564 674 0.3095238095
674 1013 0.5555555556
674 7564 0.0145903479
7564 675 0.1585365854
1674 675 0.1341463415
675 7564 0.0145903479
1677 676 0.1805555556
1008 676 0.1666666667
925 676 0.1527777778
2592 676 0.1527777778
676 1677 1.0000000000
676 919 0.3157894737
676 1008 0.2105263158
676 925 0.2291666667
676 2592 1.0000000000
929 677 0.1944444444
914 677 0.1666666667
1008 677 0.1527777778
677 929 0.5000000000
677 914 0.2068965517
677 1008 0.1929824561
930 678 0.1666666667
1686 678 0.1527777778
2612 678 0.1527777778
2050 678 0.1527777778
678 930 0.4285714286
678 1686 0.3333333333
678 7327 0.1235955056
678 2612 1.0000000000
678 2050 0.5000000000
863 679 0.2619047619
679 863 0.0691823899
1018 680 0.0774647887
7564 680 0.0774647887
1472 680 0.0774647887
2112 680 0.0774647887
854 680 0.0774647887
5342 680 0.0492957746
680 1018 0.1929824561
680 7564 0.0123456790
680 1472 0.1718750000
680 2112 0.5000000000
680 2094 0.5000000000
680 854 0.1392405063
7603 681 0.1065573770
2776 681 0.0901639344
2719 681 0.0901639344
681 7603 0.0195258020
681 2776 1.0000000000
681 2719 1.0000000000
681 7564 0.0000000000
1720 682 0.0833333333
2722 682 0.0833333333
2721 682 0.0833333333
2109 682 0.0833333333
7499 682 0.0833333333
2108 682 0.0833333333
2715 682 0.0833333333
938 682 0.0833333333
732 682 0.0833333333
939 682 0.0833333333
1701 682 0.0833333333
682 1720 0.3333333333
682 2722 1.0000000000
682 2721 1.0000000000
682 2109 0.5000000000
682 7499 0.2894736842
682 2108 0.5000000000
682 2715 1.0000000000
682 938 0.1896551724
682 732 0.1208791209
682 939 0.1250000000
682 1701 0.3333333333
7565 683 0.1341463415
683 7565 0.0301624130
683 798 0.0134146341
7457 684 0.1304347826
948 685 0.3461538462
7603 685 0.2115384615
685 948 1.0000000000
685 7603 0.0153417015
798 686 0.0982142857
5342 686 0.0803571429
686 5342 0.0282051282
686 798 0.0109756098
7565 687 0.1071428571
7577 687 0.0982142857
687 7565 0.0255220418
687 7577 0.1134020619
687 7593 0.0000000000
1026 688 0.3225806452
7594 688 0.0000000000
7580 689 0.1630434783
1160 689 0.1413043478
801 689 0.1304347826
5342 689 0.0543478261
689 1160 0.3611111111
689 801 0.0521739130
689 7580 0.1043478261
967 690 0.1463414634
1380 690 0.1341463415
690 967 0.1538461538
1367 691 0.4761904762
798 691 0.2619047619
691 1367 0.2000000000
691 798 0.0134146341
2225 692 0.4761904762
692 2225 0.4761904762
694 693 0.1195652174
693 694 0.1195652174
812 694 0.1304347826
7588 694 0.1304347826
2173 694 0.1195652174
694 812 0.1500000000
694 2173 0.5000000000
694 7588 0.0000000000
803 695 0.1071428571
695 803 0.1571428571
2299 696 0.1304347826
696 2299 0.5000000000
800 700 0.1176470588
2265 700 0.1078431373
1527 700 0.1078431373
700 2265 1.0000000000
700 800 0.2000000000
700 1527 0.4583333333
7443 701 0.1136363636
890 701 0.0984848485
1556 701 0.0909090909
701 890 0.1235955056
701 1556 0.3235294118
701 7443 1.0000000000
707 702 0.0982142857
702 707 0.0901639344
7340 703 0.0983606557
7512 703 0.0901639344
703 7340 0.5789473684
703 7512 0.0666666667
1016 705 0.1176470588
1182 705 0.1176470588
1851 705 0.1078431373
3204 705 0.1078431373
812 705 0.1078431373
705 1182 0.2826086957
705 1559 0.3529411765
705 1851 0.3333333333
705 3204 1.0000000000
705 1016 0.2340425532
765 706 0.0982142857
706 765 0.3548387097
1045 707 0.0901639344
1195 707 0.0901639344
707 1045 0.1929824561
707 1195 0.1447368421
2325 708 0.1341463415
708 1890 0.3333333333
708 2325 0.5000000000
708 7382 0.5000000000
708 7604 0.0000000000
708 5679 0.0000000000
708 7496 0.0000000000
708 7489 0.0000000000
708 7487 0.0000000000
708 7495 0.0000000000
708 7494 0.0000000000
708 7493 0.0000000000
708 7492 0.0000000000
708 7491 0.0000000000
708 7490 0.0000000000
708 7486 0.0000000000
708 7488 0.0000000000
833 709 0.4761904762
709 833 1.0000000000
710 769 0.1222222222
1676 712 0.1690140845
744 712 0.1549295775
1923 712 0.1549295775
727 712 0.1549295775
3480 712 0.1549295775
712 744 0.1830985915
712 1923 0.5000000000
712 1676 0.4782608696
712 727 0.1803278689
1921 715 0.0909090909
922 715 0.0909090909
7438 715 0.0909090909
7552 715 0.0909090909
715 7552 0.0256959315
715 1921 0.1195652174
715 922 0.2291666667
715 7438 0.3548387097
1687 716 0.0607734807
2019 716 0.0607734807
1630 716 0.0607734807
913 716 0.0607734807
1089 716 0.0607734807
2495 716 0.0607734807
7371 716 0.0607734807
1220 716 0.0607734807
1606 716 0.0607734807
716 1687 1.0000000000
716 2019 0.5000000000
716 1630 0.3333333333
716 913 0.2291666667
716 1943 0.5000000000
716 1089 0.2391304348
716 2495 1.0000000000
716 7371 0.1617647059
716 1220 0.4400000000
716 1606 0.4782608696
1612 717 0.1549295775
2478 717 0.1549295775
1413 717 0.1549295775
717 1612 0.4782608696
717 2478 1.0000000000
717 1413 0.2500000000
720 718 0.1089108911
1974 718 0.1089108911
1931 718 0.1089108911
718 720 0.0909090909
718 1974 0.5000000000
1638 719 0.3529411765
719 1638 0.0784313725
7546 720 0.0909090909
720 1979 0.5000000000
720 7546 1.0000000000
2579 725 0.0990990991
2007 725 0.0990990991
1661 725 0.0990990991
1113 725 0.0990990991
725 1661 0.4782608696
725 2007 0.5000000000
725 2579 1.0000000000
725 1113 0.4230769231
790 726 0.6451612903
726 790 1.0000000000
726 7564 0.0224466891
994 727 0.1803278689
727 994 0.1028037383
2615 728 0.2459016393
728 2615 1.0000000000
1656 729 0.1208791209
1711 729 0.1208791209
1468 729 0.1208791209
2087 729 0.1208791209
729 1656 0.3333333333
729 2087 0.5000000000
729 1711 0.3333333333
729 1468 0.3235294118
729 4311 0.4500000000
1018 730 0.1967213115
866 730 0.1967213115
730 1018 0.2280701754
730 866 0.1518987342
7328 731 0.6451612903
1131 731 0.3548387097
731 7328 0.1834862385
731 1131 0.3055555556
2109 732 0.1208791209
1726 733 0.1803278689
733 1726 0.3333333333
1280 734 0.1803278689
734 1280 0.3142857143
7372 735 0.1188118812
2765 735 0.1089108911
2079 735 0.1089108911
735 7372 0.1363636364
735 2765 1.0000000000
735 2079 0.5000000000
1181 738 0.1604938272
2860 738 0.1358024691
946 738 0.1358024691
738 1181 0.5000000000
738 2860 1.0000000000
738 946 0.0654761905
1783 739 0.0780141844
1314 739 0.0780141844
1144 739 0.0780141844
2877 739 0.0780141844
1754 739 0.0780141844
739 1783 0.3333333333
739 1331 0.2000000000
739 1314 0.2000000000
739 1144 0.1964285714
739 2877 1.0000000000
739 1754 0.3333333333
3005 740 0.1803278689
740 3005 1.0000000000
740 7603 0.0000000000
876 741 0.1549295775
2912 741 0.1549295775
741 876 0.0614525140
741 2912 1.0000000000
7410 743 0.1549295775
743 7410 0.2037037037
7427 747 0.0990990991
846 747 0.0990990991
1164 747 0.0990990991
1517 747 0.0990990991
747 7427 0.5000000000
747 846 0.1864406780
747 1164 0.1964285714
747 1517 0.1718750000
885 748 0.0607734807
1811 748 0.0607734807
3067 748 0.0607734807
813 748 0.0497237569
748 885 0.1009174312
748 1811 0.1506849315
748 3067 1.0000000000
748 813 0.0500000000
813 749 0.2682926829
749 813 0.0916666667
937 752 0.0990990991
752 937 0.0696202532
755 754 0.1324503311
1823 754 0.0860927152
812 754 0.0728476821
2332 754 0.0728476821
5342 754 0.0728476821
754 755 0.6451612903
754 1823 1.0000000000
754 812 0.1375000000
754 2332 0.5000000000
754 5342 0.0282051282
1183 756 0.5161290323
756 1183 1.0000000000
756 1543 0.5416666667
1844 757 0.1481481481
757 1844 0.4782608696
757 1187 0.1666666667
757 7509 0.1666666667
1377 758 0.2352941176
1871 759 0.0785340314
801 759 0.0575916230
894 759 0.0575916230
7597 759 0.0575916230
1065 759 0.0575916230
1160 759 0.0575916230
759 801 0.0478260870
759 894 0.1594202899
759 1871 0.3333333333
759 1065 0.1428571429
759 1160 0.3055555556
759 7597 0.1111111111
978 760 0.6451612903
760 978 1.0000000000
1879 761 0.2459016393
1897 761 0.2131147541
824 761 0.1803278689
2405 761 0.1803278689
761 1897 1.0000000000
761 824 0.0846153846
761 2405 0.5000000000
1024 762 0.1171171171
7447 762 0.0990990991
3358 762 0.0990990991
3288 762 0.0990990991
1588 762 0.0990990991
2100 762 0.0990990991
762 1024 0.2978723404
762 7447 1.0000000000
762 3358 1.0000000000
762 3288 1.0000000000
762 1588 0.2500000000
762 2100 0.5000000000
906 766 0.0990990991
1202 766 0.0990990991
766 3276 1.0000000000
766 1202 0.1964285714
1606 767 0.2750000000
926 768 0.1222222222
768 1349 0.2000000000
768 926 0.0932203390
7328 770 0.2200000000
770 7328 0.1009174312
772 1000 0.4444444444
2475 774 0.1444444444
3133 774 0.1222222222
774 3133 0.1358024691
774 2475 1.0000000000
7589 775 0.1200000000
7449 775 0.1100000000
2494 775 0.1100000000
998 775 0.1100000000
775 998 0.2972972973
775 2494 1.0000000000
775 7449 1.0000000000
775 7589 0.0000000000
5342 777 0.0200000000
1253 778 0.2142857143
2012 778 0.1571428571
2011 778 0.1571428571
778 1253 1.0000000000
778 2012 0.5000000000
778 2011 0.5000000000
781 928 1.0000000000
863 783 0.2600000000
7564 783 0.2600000000
783 7564 0.0145903479
1011 784 0.1714285714
1451 784 0.1571428571
784 1011 0.2105263158
784 7564 0.0123456790
784 1451 0.2500000000
1249 785 0.1250000000
2072 785 0.1000000000
7564 785 0.1000000000
1159 785 0.0000000000
785 1249 0.1428571429
785 7564 0.0145903479
785 2072 1.0000000000
916 786 0.2600000000
2599 786 0.2200000000
1450 786 0.2200000000
786 916 0.3421052632
786 2599 1.0000000000
2407 787 0.1375000000
787 2407 0.5000000000
791 7564 0.0000000000
791 7414 0.0000000000
791 7396 0.0000000000
791 7409 0.0000000000
791 7395 0.0000000000
791 7571 0.0000000000
791 7520 0.0000000000
2724 792 0.1071428571
1638 792 0.0928571429
1713 792 0.0857142857
2728 792 0.0785714286
2641 792 0.0785714286
934 792 0.0785714286
1472 792 0.0785714286
2029 792 0.0785714286
1159 792 0.0000000000
792 1713 0.4782608696
792 2728 1.0000000000
792 2641 1.0000000000
792 934 0.1617647059
792 1638 0.0718954248
792 1472 0.1718750000
792 2724 1.0000000000
792 2029 0.5000000000
792 7453 1.0000000000
1315 793 0.2333333333
2836 793 0.1833333333
793 1315 0.5200000000
793 2836 1.0000000000
2529 795 1.0000000000
7603 796 0.1100000000
796 7603 0.0167364017
2207 798 0.0182926829
1312 798 0.0182926829
1503 798 0.0170731707
1498 798 0.0158536585
1146 798 0.0158536585
2174 798 0.0158536585
1505 798 0.0146341463
7397 798 0.0146341463
958 798 0.0146341463
957 798 0.0146341463
2186 798 0.0146341463
1486 798 0.0146341463
1741 798 0.0146341463
2844 798 0.0146341463
1304 798 0.0146341463
2917 798 0.0134146341
874 798 0.0134146341
1769 798 0.0134146341
1148 798 0.0134146341
1147 798 0.0134146341
1766 798 0.0134146341
955 798 0.0134146341
2198 798 0.0134146341
2884 798 0.0134146341
2185 798 0.0134146341
1491 798 0.0134146341
1754 798 0.0134146341
2183 798 0.0134146341
857 798 0.0134146341
2875 798 0.0134146341
1144 798 0.0134146341
2871 798 0.0134146341
1753 798 0.0134146341
1140 798 0.0134146341
7573 798 0.0134146341
2867 798 0.0134146341
1030 798 0.0134146341
951 798 0.0134146341
2849 798 0.0134146341
1029 798 0.0134146341
946 798 0.0134146341
949 798 0.0109756098
7550 798 0.0000000000
798 1312 1.0000000000
798 1503 1.0000000000
798 1146 0.2826086957
798 1505 0.3529411765
798 7397 0.2142857143
798 958 0.1224489796
798 1498 0.3529411765
798 957 0.3157894737
798 2186 1.0000000000
798 2917 1.0000000000
798 874 0.1235955056
798 2207 0.5000000000
798 1769 0.3333333333
798 1148 0.1666666667
798 1147 0.1666666667
798 1766 0.3333333333
798 955 0.1410256410
798 2198 0.5000000000
798 2884 1.0000000000
798 2185 0.5000000000
798 1491 0.2500000000
798 2183 0.5000000000
798 857 0.1392405063
798 2875 1.0000000000
798 1144 0.1964285714
798 2871 1.0000000000
798 1753 0.3333333333
798 1140 0.1666666667
798 2867 1.0000000000
798 1486 0.4583333333
798 1030 0.1929824561
798 951 0.1250000000
798 1297 0.3142857143
798 2849 1.0000000000
798 1029 0.1641791045
798 1741 0.3333333333
798 946 0.0654761905
798 2174 0.5000000000
798 7550 0.0395683453
798 949 0.1022727273
954 801 0.0521739130
2230 801 0.0521739130
824 801 0.0347826087
801 954 0.1617647059
801 2230 0.5000000000
801 7604 0.0000000000
1540 803 0.1714285714
1039 803 0.1714285714
803 1540 0.3529411765
803 1039 0.2105263158
7583 804 0.1625000000
1020 804 0.1375000000
804 7583 0.3421052632
804 1020 0.1929824561
7553 807 0.1222222222
807 7553 0.1641791045
5533 811 1.0000000000
811 5533 0.2500000000
1848 812 0.1500000000
812 1848 0.5217391304
5342 813 0.1000000000
7595 813 0.0916666667
813 5342 0.0307692308
813 7595 0.0270935961
813 7600 0.0000000000
3238 815 0.1000000000
1191 815 0.1000000000
5342 815 0.1000000000
815 3238 1.0000000000
815 1191 0.1666666667
815 5342 0.0282051282
815 885 0.1009174312
815 7581 0.0000000000
1186 817 0.1571428571
2339 817 0.1571428571
817 2339 1.0000000000
817 1186 0.1666666667
1580 822 0.1222222222
822 1580 0.2500000000
2417 824 0.0846153846
1590 824 0.0846153846
3323 824 0.0846153846
1570 824 0.0846153846
824 832 0.1375000000
824 3383 0.3548387097
824 3376 1.0000000000
824 7379 0.6111111111
824 3240 1.0000000000
824 3323 1.0000000000
824 1570 0.2500000000
824 2828 0.2903225806
824 7552 0.0192719486
824 7415 0.0629370629
824 958 0.0816326531
3188 825 0.1333333333
3268 825 0.1222222222
825 3188 1.0000000000
825 3268 1.0000000000
7525 826 0.1333333333
1577 826 0.1333333333
1893 826 0.1222222222
2374 826 0.1222222222
826 7525 0.1160714286
826 1893 0.3333333333
826 2374 0.5000000000
826 1577 0.3235294118
1518 830 0.1857142857
830 2336 0.0254629630
832 2420 1.0000000000
3179 836 1.0000000000
7335 838 1.0000000000
838 7335 0.0000000000
3021 839 0.2203389831
839 3021 1.0000000000
909 841 0.1392405063
841 909 0.1617647059
2711 844 0.2244897959
851 844 0.2244897959
844 2711 1.0000000000
844 1234 0.3142857143
844 851 0.1235955056
991 845 0.2244897959
845 991 0.2972972973
997 848 0.1884057971
7552 848 0.1594202899
848 997 0.4814814815
848 7552 0.0235546039
7564 849 0.2653061224
1667 849 0.2448979592
849 1667 0.5217391304
849 7564 0.0134680135
1960 850 0.1111111111
1405 850 0.1111111111
1633 850 0.1111111111
850 1960 0.5000000000
850 1405 0.2500000000
850 1633 0.3333333333
7603 851 0.1235955056
1221 851 0.1235955056
851 7603 0.0153417015
851 1221 0.2444444444
1639 852 0.4827586207
1673 853 0.1392405063
7564 853 0.1392405063
853 1673 0.3333333333
853 7564 0.0123456790
1652 854 0.1392405063
854 1652 0.4782608696
854 7603 0.0000000000
2543 856 0.3333333333
856 2543 1.0000000000
1210 857 0.1392405063
1008 858 0.2244897959
858 1008 0.1929824561
7419 859 0.1594202899
2703 859 0.1594202899
2099 859 0.1594202899
859 7419 1.0000000000
859 2703 1.0000000000
859 2099 0.5000000000
7564 862 0.2203389831
862 7564 0.0123456790
1249 863 0.0754716981
7415 863 0.0691823899
2068 863 0.0691823899
1124 863 0.0691823899
2629 863 0.0691823899
1159 863 0.0000000000
863 1249 0.1142857143
863 7415 0.0769230769
863 1124 0.3055555556
863 2068 0.5000000000
863 2629 1.0000000000
1118 864 0.2448979592
864 1118 0.3611111111
1252 865 0.1594202899
1124 865 0.1594202899
865 1124 0.3611111111
865 1252 0.2444444444
1256 866 0.1518987342
1467 866 0.1392405063
2092 866 0.1392405063
866 1256 0.3428571429
866 1656 0.3333333333
866 1467 0.4583333333
866 2092 0.5000000000
4311 867 0.3793103448
867 4311 0.5500000000
1585 868 0.4827586207
868 1585 1.0000000000
2123 869 0.2033898305
869 2123 0.5000000000
2111 870 0.1392405063
870 2111 0.5000000000
942 871 0.2203389831
7388 871 0.1864406780
871 7603 0.0167364017
871 942 0.2500000000
871 7388 0.1929824561
1256 873 1.0000000000
2204 874 0.1348314607
1148 874 0.1235955056
874 2204 0.5000000000
874 1148 0.1666666667
1340 876 0.0670391061
7553 876 0.0614525140
1776 876 0.0614525140
7476 876 0.0000000000
876 1340 0.2666666667
876 7553 0.1641791045
876 1776 0.3333333333
876 7476 1.0000000000
1036 877 0.1594202899
877 1036 0.2972972973
5392 878 0.1864406780
878 5392 0.5500000000
883 879 0.1594202899
879 883 0.1235955056
7230 881 0.1864406780
7595 882 0.1111111111
1348 882 0.1111111111
882 1348 0.2000000000
1354 884 0.2244897959
884 1354 0.5600000000
1825 885 0.1100917431
1826 885 0.1009174312
885 886 0.1739130435
885 1825 0.5217391304
885 1826 0.2075471698
7595 886 0.1739130435
886 7595 0.0295566502
3237 887 0.2820512821
887 3237 1.0000000000
1886 888 0.2244897959
888 1886 0.3333333333
1032 890 0.1235955056
890 1032 0.1264367816
893 891 0.1864406780
891 893 0.2244897959
892 7375 0.0000000000
1581 894 0.1884057971
894 1581 0.5416666667
980 895 0.3076923077
895 980 0.1764705882
1071 896 0.1392405063
896 1071 0.2972972973
1202 897 0.1739130435
2430 897 0.1594202899
2336 902 0.2542372881
1388 902 0.2203389831
7386 902 0.1525423729
902 2336 0.0300925926
902 1388 0.1411764706
3419 905 0.5128205128
2336 905 0.2051282051
905 3419 1.0000000000
905 2336 0.0254629630
7386 906 0.1111111111
3446 906 0.1111111111
2430 906 0.1111111111
2336 906 0.1111111111
906 7386 0.3928571429
906 3446 1.0000000000
906 2434 0.5000000000
906 2336 0.0254629630
906 7325 0.4500000000
2336 907 1.0000000000
1960 909 0.1617647059
909 1960 0.5000000000
1449 911 0.1250000000
1914 911 0.1250000000
911 1449 0.2500000000
911 1914 0.5000000000
1623 912 0.1896551724
912 1623 0.3333333333
1142 913 0.3125000000
1622 913 0.2291666667
913 1622 0.3333333333
3097 915 0.1911764706
1104 915 0.1617647059
915 3097 1.0000000000
915 1407 0.4583333333
915 1104 0.1666666667
1115 917 0.1896551724
917 1115 0.2391304348
1509 918 0.1617647059
920 918 0.1617647059
918 1509 0.2500000000
918 920 0.1410256410
2542 920 0.1410256410
920 2542 1.0000000000
1210 921 0.2894736842
921 1210 0.1294117647
7508 922 0.3125000000
922 7508 0.6875000000
2573 923 0.3157894737
923 2573 1.0000000000
2069 926 0.0932203390
1244 926 0.0932203390
926 2069 0.5000000000
926 1244 0.4400000000
7564 927 0.3421052632
927 2021 1.0000000000
927 7564 0.0134680135
1126 930 0.5714285714
930 1126 1.0000000000
3774 931 0.2241379310
931 3774 0.1444444444
932 2075 1.0000000000
934 933 0.1617647059
933 934 0.1617647059
933 7579 0.1212121212
2394 934 0.1617647059
934 2394 0.5000000000
1275 936 0.5357142857
1466 936 0.4642857143
936 1275 1.0000000000
936 1466 0.5416666667
1352 937 0.0759493671
1029 937 0.0759493671
1129 937 0.0696202532
1342 937 0.0696202532
7512 937 0.0696202532
7594 937 0.0000000000
937 1352 0.3142857143
937 1129 0.1666666667
937 1029 0.1641791045
937 1342 0.2000000000
937 7512 0.0666666667
937 7594 0.2631578947
937 7551 0.1785714286
7550 938 0.1896551724
938 7550 0.0395683453
7603 939 0.1250000000
939 7603 0.0153417015
1457 940 0.1410256410
2726 940 0.1410256410
1133 940 0.1410256410
940 1457 0.2500000000
940 2726 1.0000000000
940 1133 0.2391304348
7562 941 0.1216216216
2948 941 0.0743243243
941 2948 1.0000000000
1304 943 0.1764705882
2149 943 0.1617647059
943 1304 0.3428571429
943 2149 0.5000000000
7565 944 0.2708333333
944 7565 0.0301624130
945 1479 0.3235294118
1746 946 0.0714285714
1741 946 0.0654761905
946 1741 0.3333333333
946 1746 0.4782608696
2161 947 0.3157894737
947 2161 1.0000000000
1799 952 0.3421052632
952 1799 1.0000000000
2336 953 0.2500000000
953 1390 0.2666666667
953 2336 0.0254629630
1383 954 0.1617647059
954 1383 0.3142857143
2218 956 0.2894736842
956 2218 0.5000000000
1026 957 0.3947368421
957 1026 0.3513513514
3162 958 0.1122448980
7504 958 0.1122448980
958 3162 1.0000000000
958 7504 0.4074074074
7565 961 0.1617647059
961 7565 0.0255220418
966 962 0.1764705882
2292 962 0.1617647059
962 966 0.1410256410
3055 966 0.1410256410
966 3055 1.0000000000
967 7581 0.2000000000
7595 969 0.1538461538
969 2214 1.0000000000
969 7595 0.0270935961
1194 972 0.2291666667
3178 972 0.2291666667
972 1194 0.1666666667
1159 973 0.1875000000
1563 975 0.1911764706
975 1563 1.0000000000
2359 979 0.2413793103
979 2359 1.0000000000
979 1528 0.2500000000
979 1176 0.1447368421
979 1954 0.5000000000
979 7550 0.0251798561
980 7512 0.0000000000
2398 982 0.1896551724
3291 982 0.1896551724
982 2398 0.5000000000
982 3291 1.0000000000
1188 984 0.1764705882
2426 984 0.1617647059
984 2426 0.5000000000
984 1188 0.3055555556
7596 988 0.1641791045
988 7596 0.0000000000
7582 990 0.1641791045
2457 990 0.1641791045
2458 990 0.1641791045
990 2457 1.0000000000
990 2458 1.0000000000
1095 992 0.2105263158
1098 992 0.2105263158
992 1095 0.2142857143
992 1098 0.1964285714
1420 993 0.2340425532
993 1420 0.3235294118
1261 994 0.1028037383
1251 994 0.1028037383
5342 994 0.0654205607
994 1261 0.2444444444
994 1251 0.2444444444
995 1210 0.0705882353
1615 996 0.3513513514
996 1615 0.4782608696
2010 1004 0.2280701754
1004 2010 0.5000000000
7564 1006 0.3513513514
1011 1006 0.3243243243
1671 1006 0.3243243243
1006 7564 0.0145903479
1006 1011 0.2105263158
1006 1671 0.5217391304
1297 1008 0.1929824561
1008 7600 0.0497737557
1008 1297 0.3142857143
3405 1009 0.1929824561
1009 3405 1.0000000000
2115 1010 0.2553191489
2110 1010 0.2553191489
1010 2115 1.0000000000
1010 2110 1.0000000000
2098 1012 0.1791044776
2730 1012 0.1641791045
1689 1012 0.1641791045
2600 1012 0.1641791045
1257 1012 0.1641791045
1012 2098 0.5000000000
1012 2730 1.0000000000
1012 1689 0.4782608696
1012 1257 0.2000000000
1012 2600 1.0000000000
1013 1015 0.4444444444
1259 1014 0.3243243243
1014 1259 0.4800000000
2370 1016 0.2340425532
1366 1016 0.2340425532
1016 2370 0.5000000000
1016 1366 0.3142857143
1448 1017 0.4074074074
1017 1448 0.3235294118
7583 1020 0.2105263158
1769 1020 0.1929824561
1020 7583 0.2368421053
2027 1021 0.1929824561
1021 2027 0.5000000000
7603 1022 0.1929824561
1022 7603 0.0153417015
7565 1023 0.3513513514
1023 7565 0.0301624130
1024 7575 0.0000000000
2158 1026 0.2972972973
1026 7388 0.2105263158
1026 2158 1.0000000000
7577 1030 0.2105263158
1030 7577 0.1340206186
2201 1034 0.1428571429
7554 1035 0.1929824561
1487 1035 0.1929824561
1035 1487 0.2500000000
1036 7515 0.0000000000
1329 1037 0.5555555556
7416 1037 0.4444444444
1037 7416 0.5217391304
1511 1038 0.1791044776
1038 1511 0.3529411765
1038 5342 0.0282051282
1038 7458 1.0000000000
1039 7603 0.0223152022
2982 1040 0.1929824561
1164 1040 0.1929824561
1040 2982 1.0000000000
1040 1164 0.1964285714
3157 1041 0.1641791045
1041 3157 1.0000000000
7595 1045 0.2280701754
1045 7595 0.0320197044
7426 1046 0.2340425532
1046 7426 0.5000000000
1811 1048 0.2553191489
1048 1811 0.1643835616
7443 1049 0.2340425532
1052 1049 0.2340425532
1049 1052 0.2972972973
1868 1050 0.4444444444
1050 1868 0.3333333333
1173 1051 0.1641791045
1051 1173 0.1666666667
1052 1062 0.2972972973
1063 1053 0.1929824561
1815 1053 0.1929824561
2285 1053 0.1929824561
1053 1063 0.1641791045
1053 1815 0.3333333333
1053 2285 0.5000000000
2357 1059 0.1428571429
1153 1059 0.1428571429
1059 2357 0.5000000000
1059 1153 0.3055555556
7514 1062 0.4054054054
1062 7514 0.2666666667
1062 1176 0.1447368421
2225 1063 0.1641791045
1063 2225 0.2619047619
2393 1066 0.2105263158
1881 1066 0.1929824561
3263 1066 0.1929824561
1066 1881 0.4782608696
1066 2393 0.5000000000
1066 3263 1.0000000000
1071 1195 0.1447368421
1072 2336 0.0300925926
1073 2413 0.5000000000
1208 1074 0.2553191489
7386 1074 0.2553191489
1074 1075 0.5925925926
1074 1208 0.5769230769
1074 1396 0.2666666667
1074 3445 0.3548387097
1074 1904 0.3333333333
1521 1078 0.2826086957
1908 1078 0.2391304348
1078 1521 0.5416666667
1078 1908 0.5000000000
1405 1079 0.4230769231
1079 1405 0.2500000000
1095 1083 0.1666666667
1083 1095 0.1964285714
1083 1927 0.5000000000
1443 1084 0.2608695652
2489 1084 0.2391304348
1084 1443 0.5000000000
1084 2489 1.0000000000
2689 1086 0.3055555556
1086 2689 1.0000000000
2470 1090 0.2391304348
1090 2470 1.0000000000
7504 1094 0.2608695652
1696 1096 0.3333333333
1096 1696 0.3333333333
7371 1098 0.1964285714
1098 7589 0.1170212766
1098 7371 0.1617647059
2081 1103 0.1818181818
1103 2081 0.5000000000
2513 1104 0.1666666667
2516 1104 0.1666666667
1104 2513 1.0000000000
1104 2516 1.0000000000
7564 1105 0.2826086957
1635 1105 0.2391304348
2510 1105 0.2391304348
1105 7564 0.0123456790
1105 1635 0.3333333333
1106 1107 0.2391304348
1109 1110 0.5384615385
7498 1112 0.5000000000
7564 1112 0.5000000000
1112 7498 0.2241379310
1112 7564 0.0145903479
7564 1114 0.5000000000
1114 7564 0.0145903479
1692 1115 0.2608695652
2020 1115 0.2391304348
1115 1692 0.5217391304
1115 2020 1.0000000000
7564 1116 0.3611111111
1116 7564 0.0145903479
7564 1118 0.3333333333
1118 7564 0.0145903479
7564 1119 0.3333333333
1119 7564 0.0134680135
1267 1120 0.1964285714
1120 7439 1.0000000000
1120 1267 0.2444444444
2095 1123 0.2391304348
2063 1123 0.2391304348
1123 2095 1.0000000000
1123 2063 1.0000000000
7374 1124 0.3333333333
1124 7374 0.3157894737
1128 7603 0.0153417015
2351 1129 0.1666666667
1440 1129 0.1666666667
1129 2351 0.5000000000
1129 1440 0.3235294118
7550 1130 0.2391304348
1130 7550 0.0395683453
2202 1134 0.2142857143
3428 1134 0.1964285714
1134 2202 1.0000000000
1134 7580 0.0434782609
1134 7603 0.0000000000
1134 7400 0.0000000000
1134 7562 0.0000000000
1135 3184 1.0000000000
1308 1140 0.1666666667
7603 1140 0.1666666667
1140 1308 0.2444444444
1140 7603 0.0153417015
1142 1141 0.5769230769
1141 1142 0.5769230769
7562 1143 0.5769230769
3254 1147 0.1666666667
1147 3254 0.1089108911
1760 1148 0.1666666667
1148 1760 0.0894308943
1500 1149 0.1666666667
1149 1500 0.2500000000
7600 1153 0.3055555556
1153 7600 0.0497737557
1153 7411 0.0000000000
3008 1154 0.1964285714
1154 3008 1.0000000000
7595 1157 0.2142857143
7527 1157 0.1964285714
1157 7595 0.0270935961
1157 7527 1.0000000000
7603 1158 0.5769230769
1158 7603 0.0000000000
1159 7528 0.2380952381
1159 3774 0.0000000000
1159 7602 0.0000000000
1159 7601 0.0000000000
1159 7599 0.0000000000
1159 7598 0.0000000000
1159 7604 0.0000000000
1159 7586 0.0000000000
2230 1161 0.3055555556
1161 2230 0.5000000000
2251 1166 0.2142857143
1795 1166 0.1964285714
1166 1795 0.3333333333
1166 2251 0.5000000000
1347 1169 0.4615384615
1169 1347 0.3428571429
7595 1171 0.2391304348
1171 7595 0.0221674877
7337 1173 0.1666666667
3168 1175 0.2608695652
1175 3168 1.0000000000
3133 1176 0.1578947368
3178 1176 0.1447368421
6166 1176 0.1447368421
1614 1176 0.1447368421
1537 1182 0.2391304348
1182 1537 0.2500000000
7525 1186 0.1666666667
1186 7525 0.0982142857
7541 1187 0.1666666667
3199 1187 0.1666666667
1367 1187 0.1666666667
1187 3199 1.0000000000
1187 1367 0.2000000000
1187 7541 0.5000000000
1189 3255 1.0000000000
7512 1190 0.1964285714
1190 7512 0.0666666667
1878 1192 0.1964285714
1192 1878 0.3333333333
1192 1691 0.0541871921
3315 1194 0.1666666667
3311 1194 0.1666666667
7531 1194 0.1666666667
1869 1194 0.1666666667
1194 3311 1.0000000000
1194 7531 1.0000000000
1194 1869 0.3333333333
2391 1196 0.4230769231
1196 2391 0.5000000000
3384 1200 0.3888888889
1586 1201 0.3333333333
1201 1586 0.2500000000
1202 2336 0.0254629630
7163 1204 0.5769230769
2336 1205 0.2826086957
3369 1205 0.2391304348
1212 2444 1.0000000000
1615 1218 0.2444444444
1218 2608 1.0000000000
1221 7552 0.0364025696
1221 7603 0.0000000000
2000 1222 0.2000000000
7550 1222 0.2000000000
1222 2000 0.5000000000
1222 7550 0.0395683453
1224 3516 0.1333333333
2477 1226 0.2444444444
1618 1226 0.2444444444
1226 1618 0.3333333333
1226 2477 1.0000000000
1227 7552 0.0278372591
1227 7401 0.0000000000
2504 1232 0.2666666667
1936 1232 0.2444444444
1232 1643 1.0000000000
1232 2504 1.0000000000
1232 1936 0.5000000000
1701 1235 0.1157894737
2691 1235 0.1157894737
2588 1235 0.1157894737
2013 1235 0.1157894737
5342 1235 0.0526315789
1235 1701 0.3333333333
1235 2691 1.0000000000
1235 2588 1.0000000000
1235 2013 0.5000000000
7564 1237 0.3714285714
1237 7564 0.0134680135
1641 1240 0.5600000000
1240 1641 0.5217391304
1241 2563 1.0000000000
1243 7508 0.0000000000
7564 1246 1.0000000000
1246 7564 0.0168350168
3774 1247 0.4800000000
1247 3774 0.1444444444
1250 1248 0.2000000000
1248 1250 0.3142857143
7498 1249 0.1047619048
7564 1249 0.0000000000
1249 7498 0.1896551724
1249 7564 0.0101010101
1467 1250 0.3714285714
1665 1250 0.3142857143
1250 1467 0.5416666667
1250 1665 0.3333333333
1257 1251 0.2444444444
1251 1257 0.2000000000
1811 1252 0.2666666667
2074 1252 0.2444444444
1252 1811 0.2054794521
7564 1254 0.3714285714
1254 7564 0.0145903479
1638 1255 0.3142857143
2587 1257 0.2000000000
2032 1257 0.2000000000
1257 2587 1.0000000000
1257 2032 0.5000000000
7564 1260 0.5200000000
1260 7564 0.0145903479
1710 1261 0.2444444444
2712 1261 0.2444444444
1261 1710 0.3333333333
1261 2712 1.0000000000
7603 1264 0.3142857143
1264 7603 0.0153417015
2674 1269 0.2000000000
2085 1269 0.2000000000
1269 2085 1.0000000000
1269 2674 1.0000000000
1921 1270 0.3142857143
1270 1921 0.1195652174
1695 1273 0.2444444444
1273 1695 0.3333333333
1762 1276 0.2000000000
1276 1762 0.2075471698
2146 1289 0.2444444444
1289 2146 0.5000000000
2139 1292 0.1200000000
1745 1293 0.3714285714
1293 1745 1.0000000000
1501 1298 0.2000000000
1298 1501 0.3529411765
3225 1302 0.3142857143
1302 3225 1.0000000000
1326 1308 0.2444444444
1308 1326 0.2444444444
1492 1313 0.2666666667
1313 1492 0.3529411765
2888 1314 0.2000000000
1314 2888 1.0000000000
2177 1318 0.2444444444
1500 1320 0.2444444444
1760 1320 0.2444444444
1320 1500 0.2500000000
1320 1760 0.0894308943
1783 1322 0.0956521739
1322 1783 0.3333333333
7595 1323 0.5600000000
1323 7595 0.0295566502
1323 1485 0.3235294118
1328 1326 0.2444444444
1326 1328 0.1529411765
5342 1328 0.0588235294
7416 1329 1.0000000000
2248 1332 0.2666666667
2235 1332 0.2444444444
1332 2248 0.5000000000
1332 2235 0.5000000000
1530 1335 0.2000000000
1808 1335 0.2000000000
1335 1530 0.3235294118
1335 1808 0.3333333333
6014 1341 0.4400000000
3041 1345 1.0000000000
1349 1348 0.2000000000
1348 1349 0.2000000000
2292 1349 0.2000000000
1349 2292 0.5000000000
1544 1355 0.3428571429
1798 1355 0.3428571429
1355 1798 0.5217391304
7394 1358 0.3428571429
1557 1364 0.4800000000
1364 1557 0.3235294118
3133 1366 0.3714285714
1366 3133 0.1604938272
2349 1367 0.2000000000
1367 2349 1.0000000000
2390 1370 0.2000000000
1370 2390 0.5000000000
1575 1372 0.2444444444
1372 1575 0.4583333333
7435 1380 0.2444444444
1380 7435 0.5000000000
1380 7346 1.0000000000
1831 1383 0.3142857143
1383 1831 0.3333333333
1691 1384 1.0000000000
1387 1386 0.3428571429
1386 1387 0.3714285714
1386 7393 0.2972972973
1902 1388 0.1411764706
1393 1388 0.1411764706
7273 1388 0.1294117647
7198 1388 0.1294117647
2336 1388 0.0588235294
1388 2336 0.0324074074
1388 7385 0.7222222222
1388 1902 1.0000000000
1388 1393 0.2888888889
1388 7273 0.4500000000
3388 1389 1.0000000000
1389 3388 1.0000000000
2336 1390 0.2444444444
2336 1393 0.2666666667
1393 2336 0.0254629630
3428 1397 0.5600000000
7552 1400 0.4583333333
1400 7552 0.0235546039
7552 1401 0.1621621622
2527 1401 0.1486486486
7327 1401 0.1486486486
5342 1401 0.0675675676
1401 7552 0.0256959315
1402 2635 1.0000000000
1409 2597 1.0000000000
1624 1419 0.3235294118
1419 1624 0.3333333333
1981 1423 0.3235294118
1423 1981 0.5000000000
1596 1425 0.2500000000
1696 1427 0.2500000000
1427 1696 0.3333333333
2528 1428 0.3235294118
1428 2528 1.0000000000
1661 1431 0.3529411765
1431 1661 0.5217391304
1657 1433 0.2500000000
1921 1433 0.2500000000
7373 1433 0.2500000000
1433 1657 0.3333333333
1433 1921 0.1195652174
1433 7373 0.1250000000
1626 1435 0.5000000000
1435 1626 0.5217391304
7564 1436 0.5416666667
1436 7564 0.0145903479
7564 1437 0.2500000000
1437 1451 0.2500000000
1437 7564 0.0123456790
7564 1438 0.5416666667
1438 7564 0.0145903479
7564 1441 0.5416666667
1441 7564 0.0123456790
7564 1444 0.5416666667
1444 7564 0.0190796857
1605 1448 0.3235294118
1448 1605 0.4782608696
7603 1449 0.2500000000
1449 7603 0.0153417015
1450 2050 0.5000000000
2644 1451 0.2500000000
1963 1451 0.2500000000
1451 2644 1.0000000000
7570 1452 1.0000000000
1452 7570 0.2800000000
7564 1455 0.4583333333
1455 7564 0.0202020202
1456 7603 0.0125523013
1477 1457 0.2500000000
1457 1477 0.2500000000
1458 2141 0.5000000000
2073 1461 0.3529411765
1461 2073 1.0000000000
7374 1462 0.3529411765
2084 1462 0.3235294118
7550 1462 0.3235294118
1462 7374 0.3947368421
1462 2084 0.5000000000
1462 7550 0.0395683453
2083 1463 0.4583333333
1463 2083 0.5000000000
2676 1464 0.4583333333
1464 2676 1.0000000000
7603 1471 0.2500000000
1472 1471 0.2500000000
1471 7603 0.0153417015
1471 1472 0.1718750000
7603 1473 0.2500000000
1473 7603 0.0153417015
7603 1475 0.2500000000
1475 7603 0.0153417015
1721 1476 0.3235294118
1476 1721 0.4782608696
2757 1477 0.2500000000
1477 2757 1.0000000000
2131 1479 0.3529411765
7603 1479 0.3235294118
1479 2131 1.0000000000
1479 7603 0.0153417015
1483 1482 0.2500000000
1482 1483 0.2500000000
2821 1484 0.2500000000
1484 2821 0.3548387097
1631 1486 0.5416666667
1486 1631 1.0000000000
3278 1490 0.3235294118
1490 3278 1.0000000000
1544 1491 0.2500000000
1491 1544 0.2500000000
1760 1497 0.3235294118
1497 1760 0.0894308943
1760 1498 0.3235294118
1498 1760 0.1056910569
7416 1508 0.2500000000
1508 7416 0.4782608696
1779 1516 0.3235294118
1516 1779 0.3333333333
1518 7586 0.0000000000
1522 7537 0.5000000000
1522 7506 0.0000000000
7590 1524 0.2500000000
1524 7590 0.0000000000
3133 1528 0.2500000000
1528 3133 0.1358024691
1856 1536 0.3235294118
1536 1856 0.2075471698
7595 1541 0.3235294118
1541 7595 0.0270935961
1856 1544 0.2500000000
1544 1856 0.2075471698
3266 1549 0.3235294118
1556 1549 0.3235294118
1549 1556 0.3529411765
1549 3266 1.0000000000
7597 1568 0.2500000000
1568 7597 0.1111111111
1568 7595 0.0000000000
6369 1572 1.0000000000
1572 6369 0.2000000000
1581 7420 0.0000000000
7436 1588 0.2500000000
1588 7436 0.5000000000
1590 2429 0.5000000000
1592 2361 0.5000000000
2336 1598 0.4583333333
2054 1603 0.3333333333
1603 2054 0.5000000000
1916 1607 0.5217391304
1607 1916 0.5000000000
7552 1611 0.2063492063
7550 1611 0.1746031746
5342 1611 0.0793650794
1611 7552 0.0278372591
1611 7550 0.0395683453
1615 1918 0.5000000000
2487 1621 0.4782608696
1621 2487 1.0000000000
2540 1622 0.3333333333
1622 2540 1.0000000000
2193 1624 0.3333333333
1624 2193 0.5000000000
2067 1625 0.3333333333
1625 2067 0.5000000000
1625 7552 0.0235546039
1950 1629 0.3333333333
7413 1629 0.3333333333
1949 1629 0.3333333333
1629 1950 0.5000000000
1629 7413 0.3333333333
1629 1949 0.5000000000
1629 7371 0.1617647059
1633 7327 0.1235955056
1967 1636 0.3333333333
1636 1967 0.5000000000
2655 1638 0.0000000000
7592 1646 0.2093023256
2298 1649 0.3333333333
1649 2298 0.5000000000
1649 2964 1.0000000000
7564 1650 1.0000000000
1650 7564 0.0145903479
2627 1653 0.4782608696
1653 2627 1.0000000000
1658 1654 0.3333333333
7546 1654 0.3333333333
1654 1658 0.3333333333
1654 7546 0.0000000000
3774 1655 0.3333333333
2089 1656 0.3333333333
1656 2089 0.5000000000
2011 1657 0.3333333333
1657 2011 0.5000000000
1999 1658 0.3333333333
1658 1999 0.5000000000
1661 7564 0.0134680135
7564 1663 1.0000000000
1663 7564 0.0145903479
1665 7564 0.0123456790
2506 1666 0.5217391304
7564 1670 1.0000000000
1670 7564 0.0145903479
7564 1672 1.0000000000
1672 7564 0.0145903479
2032 1675 0.5217391304
1675 2032 0.5000000000
1978 1679 0.4782608696
2045 1680 0.4782608696
7564 1681 1.0000000000
1681 7564 0.0213243547
1683 7524 0.0000000000
3774 1684 0.5217391304
1684 3774 0.1222222222
2662 1686 0.3333333333
2621 1686 0.3333333333
1686 2662 1.0000000000
1686 2621 1.0000000000
7598 1691 0.0985221675
7599 1691 0.0000000000
7601 1691 0.0000000000
7602 1691 0.0000000000
7595 1691 0.0000000000
1691 5342 0.0307692308
1691 7509 0.0000000000
1691 7601 0.0000000000
1691 7599 0.0000000000
1691 7598 0.0000000000
1691 7604 0.0000000000
1691 7602 0.0000000000
1691 7595 0.0000000000
1691 7574 0.3333333333
1691 7600 0.0000000000
2101 1694 0.3333333333
1694 2101 0.5000000000
1694 7451 0.0000000000
2655 1697 0.3333333333
1697 7564 0.0123456790
1697 2655 1.0000000000
2666 1698 0.5217391304
2082 1698 0.4782608696
1698 2666 1.0000000000
1698 2082 0.5000000000
2671 1700 0.3333333333
1700 2671 1.0000000000
7373 1701 0.3333333333
1701 7373 0.1250000000
1703 2088 0.5000000000
2692 1704 0.5217391304
1704 2692 1.0000000000
2089 1705 0.3333333333
1705 2089 0.5000000000
7603 1709 0.3333333333
1709 7603 0.0153417015
2716 1710 0.3333333333
1710 2716 1.0000000000
2735 1716 0.3333333333
1716 2735 1.0000000000
7603 1723 1.0000000000
2769 1726 0.3333333333
1726 2769 1.0000000000
1740 7389 0.1791044776
1740 1778 0.3333333333
1786 1741 0.3333333333
1741 1786 0.4782608696
1760 7566 0.0000000000
2897 1761 0.5217391304
1761 2897 1.0000000000
2940 1764 0.3333333333
1764 2940 1.0000000000
7512 1766 0.3333333333
1766 7512 0.0666666667
7553 1769 0.3333333333
2908 1769 0.3333333333
1769 7553 0.1791044776
1769 2203 1.0000000000
7565 1775 0.5217391304
1775 7565 0.0255220418
7416 1778 0.3333333333
1778 7416 0.0000000000
2245 1781 0.3333333333
1781 2245 0.5000000000
5342 1789 0.4782608696
1789 5342 0.0282051282
5342 1790 0.4782608696
1790 5342 0.0282051282
7595 1792 0.3333333333
1792 7595 0.0270935961
2090 1804 0.3333333333
3030 1804 0.3333333333
1804 2090 0.5000000000
1804 3030 1.0000000000
7595 1811 0.1506849315
3079 1811 0.0000000000
1811 7595 0.0270935961
2336 1820 0.3333333333
3267 1826 0.2075471698
7554 1830 0.3333333333
1830 7554 0.0000000000
3140 1831 0.3333333333
1831 3140 1.0000000000
3209 1838 0.3333333333
1838 3209 1.0000000000
7595 1841 0.5217391304
1841 7595 0.0295566502
7525 1846 0.3333333333
1846 7525 0.0982142857
3242 1857 0.4782608696
1857 3242 1.0000000000
7341 1864 0.3333333333
3265 1864 0.3333333333
1864 7341 0.1111111111
1864 3265 1.0000000000
2360 1866 0.4782608696
1866 2360 0.5000000000
1869 1868 0.3333333333
1868 3195 1.0000000000
1868 3272 1.0000000000
1868 1869 0.3333333333
3315 1869 0.3333333333
1869 3315 1.0000000000
3271 1870 1.0000000000
1870 3271 1.0000000000
3214 1873 0.3333333333
1873 3214 1.0000000000
1880 1878 0.3333333333
1878 1880 0.3333333333
1879 3397 1.0000000000
7507 1883 0.2075471698
1883 7507 0.4074074074
2387 1889 0.3333333333
1889 2387 0.5000000000
1895 3401 1.0000000000
1895 3390 1.0000000000
2336 1905 0.3333333333
1914 7327 0.1235955056
1918 2751 1.0000000000
1918 7552 0.0235546039
1976 1929 0.5000000000
1929 1976 0.5000000000
1930 1935 0.5000000000
1930 7569 0.0000000000
1931 1987 0.5000000000
1935 7569 0.0000000000
7413 1949 0.5000000000
1949 7413 0.3333333333
7413 1950 0.5000000000
1950 7413 0.3333333333
3133 1954 0.5000000000
1954 3133 0.1358024691
1956 1955 0.5000000000
1955 1956 0.5000000000
2578 1976 0.5000000000
1976 2578 1.0000000000
1978 1977 0.5000000000
1977 1978 0.5000000000
1982 1993 0.5000000000
1985 1984 0.5000000000
1984 1985 0.5000000000
2194 1987 0.5000000000
7373 1988 0.5000000000
1988 7373 0.1250000000
2613 1989 0.5000000000
1989 2697 1.0000000000
1989 2613 1.0000000000
7373 2004 0.5000000000
2004 7373 0.1250000000
7570 2008 0.5000000000
2008 7570 0.2200000000
7372 2014 0.5000000000
2014 7372 0.1250000000
7564 2043 0.5000000000
2043 7564 0.0134680135
7561 2048 0.5000000000
2048 7561 0.0000000000
7564 2049 1.0000000000
2049 7564 0.0134680135
2065 2660 1.0000000000
2555 2067 0.5000000000
2067 7450 1.0000000000
6157 2078 0.5000000000
2090 2081 0.5000000000
2675 2084 0.5000000000
2090 3363 1.0000000000
2101 7452 1.0000000000
7603 2112 0.5000000000
2112 7603 0.0153417015
2737 2117 0.5000000000
2117 2737 1.0000000000
7550 2121 0.5000000000
2121 7550 0.0395683453
7565 2132 0.5000000000
2132 7565 0.0255220418
7603 2145 0.5000000000
2145 7603 0.0153417015
2577 2151 0.5000000000
2155 7344 1.0000000000
7603 2172 0.5000000000
2172 7603 0.0153417015
7577 2174 0.5000000000
2174 7577 0.1134020619
7397 2182 0.5000000000
2182 7397 0.1964285714
2885 2189 0.5000000000
2189 2885 1.0000000000
2202 2273 0.5000000000
7565 2205 1.0000000000
2205 7565 0.0255220418
7389 2212 0.5000000000
2212 7389 0.1641791045
7442 2216 0.5000000000
7600 2218 0.5000000000
7416 2221 1.0000000000
7588 2222 1.0000000000
2222 7588 0.0808823529
2231 7565 0.0000000000
2350 2234 0.5000000000
2234 2350 0.5000000000
7553 2238 0.5000000000
2238 7553 0.1641791045
2244 7539 0.5000000000
2244 7462 1.0000000000
2244 7600 0.0000000000
3035 2254 0.5000000000
2254 3035 1.0000000000
7590 2259 1.0000000000
2259 7590 0.5217391304
2274 2269 0.5000000000
2269 2274 0.5000000000
5342 2280 0.2115384615
3287 2286 0.5000000000
2286 3287 1.0000000000
2336 2293 0.1538461538
2293 3369 0.2352941176
2293 2336 0.0254629630
2336 2312 0.5000000000
7595 2319 1.0000000000
2319 7595 0.0295566502
7595 2322 1.0000000000
2322 7595 0.0295566502
7595 2327 1.0000000000
2331 7552 0.0192719486
7386 2336 0.0277777778
7087 2336 0.0277777778
3372 2336 0.0254629630
7479 2336 0.0254629630
3391 2336 0.0254629630
2380 2336 0.0115740741
7544 2336 0.0000000000
2336 3449 1.0000000000
2336 3377 1.0000000000
2336 3436 1.0000000000
2336 3435 1.0000000000
2336 3362 0.3548387097
2336 3432 1.0000000000
2336 3428 0.2682926829
2336 2428 0.5000000000
2336 2422 0.5000000000
2336 7273 0.5500000000
2336 3391 1.0000000000
2336 3372 0.3548387097
2336 6921 0.4500000000
2336 7398 0.1184210526
2336 3286 0.2903225806
2336 7364 1.0000000000
2336 7560 0.1081081081
2336 7393 0.2162162162
2336 7385 0.2777777778
2336 7604 0.0196078431
2358 2356 0.5000000000
2356 2358 0.5000000000
2361 2412 0.5000000000
7591 2369 0.1195652174
2369 7591 0.0990990991
2380 7549 0.0000000000
7380 2382 1.0000000000
2382 7380 0.1764705882
3299 2390 0.5000000000
2390 3299 1.0000000000
2391 7390 0.0000000000
6369 2396 0.5000000000
2396 7444 0.0000000000
2396 6369 0.0000000000
3327 2397 0.2619047619
2397 3327 1.0000000000
2398 3183 1.0000000000
7398 2408 0.3846153846
2427 2410 0.5000000000
2410 2427 0.5000000000
7087 2411 0.5000000000
3409 2415 0.5000000000
7552 2440 1.0000000000
2440 7552 0.0235546039
2487 7589 0.0957446809
7372 2493 1.0000000000
2493 7372 0.1250000000
7373 2536 1.0000000000
2536 7373 0.1250000000
7564 2607 1.0000000000
2607 7564 0.0123456790
7375 2652 1.0000000000
2652 7375 0.2291666667
2662 7564 0.0123456790
7603 2748 1.0000000000
2748 7603 0.0209205021
2787 7403 0.0000000000
2790 2788 1.0000000000
7603 2789 1.0000000000
2789 7603 0.0153417015
3088 2794 1.0000000000
4934 2811 1.0000000000
2811 4934 0.1375000000
7603 2828 0.3548387097
2828 7603 0.0153417015
2866 7442 0.1612903226
7411 2900 1.0000000000
2900 7411 0.2500000000
2971 2975 1.0000000000
3002 7594 0.0000000000
3019 7565 0.0255220418
7595 3074 1.0000000000
7595 3079 1.0000000000
3079 7595 0.0270935961
7551 3095 1.0000000000
3097 7389 0.0000000000
3120 7415 0.0769230769
7444 3129 0.3548387097
3133 7514 0.1466666667
7595 3136 1.0000000000
7595 3138 1.0000000000
3138 7595 0.0295566502
3180 7327 0.0000000000
3186 3217 1.0000000000
7390 3197 1.0000000000
3197 7390 0.1428571429
7444 3227 1.0000000000
6336 3228 1.0000000000
3270 7436 0.0000000000
3299 3296 1.0000000000
7412 3314 1.0000000000
3314 7412 0.2500000000
7591 3394 1.0000000000
3394 7591 0.0990990991
7561 3774 0.2000000000
3774 7561 1.0000000000
7455 4910 1.0000000000
5342 4934 0.0625000000
5029 7564 0.0000000000
7509 5342 0.0000000000
7595 5342 0.0000000000
7584 5342 0.0000000000
7586 5342 0.0000000000
7565 5342 0.0000000000
5342 7482 0.2413793103
5342 7500 0.3888888889
5342 7584 0.2142857143
5342 7392 0.2941176471
5342 7405 1.0000000000
5342 7407 1.0000000000
5342 7556 0.1428571429
5342 7509 0.0303030303
5342 7418 0.1538461538
5342 7595 0.0049261084
5342 7530 0.0000000000
5342 7581 0.0000000000
5342 7551 0.0000000000
5342 7594 0.0000000000
5342 7430 0.0000000000
5342 5389 0.0000000000
5342 7600 0.0000000000
5342 7427 0.0000000000
5342 7538 0.5000000000
5342 7373 0.0000000000
5342 7586 0.0000000000
5342 7590 0.0000000000
5342 7565 0.0000000000
5342 7588 0.0000000000
7429 5389 0.3000000000
5389 7429 1.0000000000
7517 5533 0.2500000000
7536 5533 0.2500000000
7565 5533 0.2500000000
5533 7565 0.0464037123
5533 7517 0.2777777778
7595 5679 0.1090909091
5679 7595 0.0270935961
5837 7465 1.0000000000
6369 7444 0.0980392157
7440 7328 0.1284403670
7398 7328 0.0000000000
7328 7440 1.0000000000
7328 7564 0.0000000000
7602 7334 0.1342281879
7601 7334 0.1342281879
7599 7334 0.1342281879
7598 7334 0.1342281879
7604 7334 0.1342281879
7334 7604 0.1960784314
7386 7335 0.1594202899
7335 7560 0.2702702703
7502 7363 1.0000000000
7363 7502 0.5000000000
7564 7372 0.0000000000
7372 7564 0.0101010101
7564 7374 0.0000000000
7374 7564 0.0000000000
7397 7376 1.0000000000
7513 7378 0.6111111111
7550 7387 0.2340425532
7387 7550 0.0395683453
7576 7394 0.0000000000
7394 7576 0.3103448276
7394 7571 0.3000000000
7394 7520 0.2093023256
7520 7395 0.5555555556
7571 7395 0.4444444444
7520 7396 1.0000000000
7397 7504 0.2962962963
7398 7552 0.0000000000
7511 7402 0.2444444444
7402 7511 0.2800000000
7571 7409 1.0000000000
7520 7414 1.0000000000
7513 7417 0.5757575758
7506 7417 0.4242424242
7417 7506 0.5135135135
7417 7484 0.3589743590
7595 7418 0.8461538462
7591 7422 0.3846153846
7422 7591 0.0990990991
7603 7424 0.0000000000
7529 7428 0.0000000000
7428 7529 0.0000000000
7530 7430 0.5000000000
7551 7430 0.5000000000
7430 7530 1.0000000000
7452 7451 0.5500000000
7595 7461 1.0000000000
7461 7595 0.0000000000
7558 7466 1.0000000000
7466 7558 0.0000000000
7500 7482 0.3793103448
7482 7500 0.6111111111
7535 7483 0.5128205128
7513 7483 0.3333333333
7483 7513 0.3090909091
7483 7535 0.7500000000
7483 7505 0.4814814815
7513 7484 0.3333333333
7506 7484 0.3076923077
7564 7498 0.0000000000
7498 7564 0.0123456790
7565 7504 0.2592592593
7504 7565 0.0255220418
7535 7505 0.5185185185
7513 7506 0.4864864865
7591 7510 0.6875000000
7510 7591 0.1081081081
7535 7513 0.3272727273
7514 7604 0.0000000000
7536 7517 0.3703703704
7565 7517 0.3518518519
7517 7565 0.0464037123
7517 7536 0.5000000000
7517 7553 0.0000000000
7518 7580 0.0434782609
7518 7603 0.0000000000
7564 7519 1.0000000000
7519 7564 0.0134680135
7571 7520 0.3255813953
7520 7571 0.4000000000
7531 7521 0.4651162791
7521 7552 0.0235546039
7530 7581 0.8000000000
7530 7584 0.3928571429
7565 7536 0.5000000000
7536 7565 0.0464037123
7536 7553 0.0000000000
7538 7556 0.3428571429
7540 7556 0.5142857143
7550 7552 0.0321199143
7551 7594 0.6842105263
7565 7553 0.0000000000
7553 7565 0.0000000000
7553 7603 0.0000000000
7595 7556 0.0000000000
7570 7564 0.0145903479
7564 7570 0.2600000000
7564 7596 0.0000000000
7571 7576 0.5172413793
7581 7584 0.3928571429
7595 7604 0.0000000000
7602 7598 0.2500000000
7601 7598 0.2500000000
7599 7598 0.2500000000
7604 7598 0.2500000000
7598 7599 0.2500000000
7598 7600 0.0904977376
7598 7604 0.1960784314
7598 7603 0.0000000000
7602 7599 0.2500000000
7601 7599 0.2500000000
7604 7599 0.2500000000
7599 7600 0.0904977376
7602 7600 0.0904977376
7601 7600 0.0904977376
7604 7600 0.0904977376
7602 7601 0.5000000000
7604 7601 0.5000000000
7601 7604 0.1960784314
7604 7602 1.0000000000
7602 7604 0.1960784314
7604 7603 0.0000000000
