edge_id,source,target,score
0,0,1,1.48625279e-10
1,0,32,1.48625279e-10
2,1,0,1.48625279e-10
3,1,2,6.81450683e-06
4,1,33,1.02262746e-07
5,2,1,6.81450683e-06
6,2,3,9.40161143e-11
7,2,34,8.86542679e-08
8,3,2,9.40161143e-11
9,3,4,1.58428211e-05
10,3,35,8.86542679e-08
11,4,3,1.58428211e-05
12,4,5,9.40161143e-11
13,4,36,8.86542679e-08
14,5,4,9.40161143e-11
15,5,6,0.0800327137
16,5,37,8.86542679e-08
17,6,5,0.0800327137
18,6,7,9.40161143e-11
19,6,38,8.86542679e-08
20,7,6,9.40161143e-11
21,7,8,9.40161143e-11
22,7,39,8.86542679e-08
23,8,7,9.40161143e-11
24,8,9,1.58428211e-05
25,8,40,8.86542679e-08
26,9,8,1.58428211e-05
27,9,10,9.40161143e-11
28,9,41,8.86542679e-08
29,10,9,9.40161143e-11
30,10,11,0.0800327137
31,10,42,8.86542679e-08
32,11,10,0.0800327137
33,11,12,9.40161143e-11
34,11,43,8.86542679e-08
35,12,11,9.40161143e-11
36,12,13,1.58428211e-05
37,12,44,8.86542679e-08
38,13,12,1.58428211e-05
39,13,14,9.40161143e-11
40,13,45,8.86542679e-08
41,14,13,9.40161143e-11
42,14,15,9.40161143e-11
43,14,46,8.86542679e-08
44,15,14,9.40161143e-11
45,15,16,0.0800327137
46,15,47,8.86542679e-08
47,16,15,0.0800327137
48,16,17,9.40161143e-11
49,16,48,8.86542679e-08
50,17,16,9.40161143e-11
51,17,18,9.40161143e-11
52,17,49,8.86542679e-08
53,18,17,9.40161143e-11
54,18,19,1.58428211e-05
55,18,50,8.86542679e-08
56,19,18,1.58428211e-05
57,19,20,9.40161143e-11
58,19,51,8.86542679e-08
59,20,19,9.40161143e-11
60,20,21,9.40161143e-11
61,20,52,8.86542679e-08
62,21,20,9.40161143e-11
63,21,22,9.40161143e-11
64,21,53,8.86542679e-08
65,22,21,9.40161143e-11
66,22,23,1.58428211e-05
67,22,54,8.86542679e-08
68,23,22,1.58428211e-05
69,23,24,9.40161143e-11
70,23,55,8.86542679e-08
71,24,23,9.40161143e-11
72,24,25,0.0800327137
73,24,56,8.86542679e-08
74,25,24,0.0800327137
75,25,26,9.40161143e-11
76,25,57,8.86542679e-08
77,26,25,9.40161143e-11
78,26,27,1.58428211e-05
79,26,58,8.86542679e-08
80,27,26,1.58428211e-05
81,27,28,9.40161143e-11
82,27,59,8.86542679e-08
83,28,27,9.40161143e-11
84,28,29,9.40161143e-11
85,28,60,8.86542679e-08
86,29,28,9.40161143e-11
87,29,30,1.79431081e-05
88,29,61,8.86542679e-08
89,30,29,1.79431081e-05
90,30,31,1.48625279e-10
91,30,62,1.02262746e-07
92,31,30,1.48625279e-10
93,31,63,1.48625279e-10
94,32,0,1.48625279e-10
95,32,33,1.02262746e-07
96,32,64,4.58081698e-11
97,33,1,1.02262746e-07
98,33,32,1.02262746e-07
99,33,34,0.000432215544
100,33,65,3.83147558e-08
101,34,2,8.86542679e-08
102,34,33,0.000432215544
103,34,35,3.63871777e-08
104,34,66,5.80368774e-11
105,35,3,8.86542679e-08
106,35,34,3.63871777e-08
107,35,36,0.000374907657
108,35,67,5.80368774e-11
109,36,4,8.86542679e-08
110,36,35,0.000374907657
111,36,37,3.63871777e-08
112,36,68,5.80368774e-11
113,37,5,8.86542679e-08
114,37,36,3.63871777e-08
115,37,38,0.202347666
116,37,69,5.80368774e-11
117,38,6,8.86542679e-08
118,38,37,0.202347666
119,38,39,3.63871777e-08
120,38,70,5.80368774e-11
121,39,7,8.86542679e-08
122,39,38,3.63871777e-08
123,39,40,3.63871777e-08
124,39,71,5.80368774e-11
125,40,8,8.86542679e-08
126,40,39,3.63871777e-08
127,40,41,0.000374907657
128,40,72,5.80368774e-11
129,41,9,8.86542679e-08
130,41,40,0.000374907657
131,41,42,3.63871777e-08
132,41,73,5.80368774e-11
133,42,10,8.86542679e-08
134,42,41,3.63871777e-08
135,42,43,0.202347666
136,42,74,5.80368774e-11
137,43,11,8.86542679e-08
138,43,42,0.202347666
139,43,44,3.63871777e-08
140,43,75,5.80368774e-11
141,44,12,8.86542679e-08
142,44,43,3.63871777e-08
143,44,45,0.000374907657
144,44,76,5.80368774e-11
145,45,13,8.86542679e-08
146,45,44,0.000374907657
147,45,46,3.63871777e-08
148,45,77,5.80368774e-11
149,46,14,8.86542679e-08
150,46,45,3.63871777e-08
151,46,47,3.63871777e-08
152,46,78,5.80368774e-11
153,47,15,8.86542679e-08
154,47,46,3.63871777e-08
155,47,48,0.202347666
156,47,79,5.80368774e-11
157,48,16,8.86542679e-08
158,48,47,0.202347666
159,48,49,3.63871777e-08
160,48,80,1.58295222e-06
161,49,17,8.86542679e-08
162,49,48,3.63871777e-08
163,49,50,3.63871777e-08
164,49,81,1.58295222e-06
165,50,18,8.86542679e-08
166,50,49,3.63871777e-08
167,50,51,0.000374907657
168,50,82,1.58295222e-06
169,51,19,8.86542679e-08
170,51,50,0.000374907657
171,51,52,3.63871777e-08
172,51,83,1.58295222e-06
173,52,20,8.86542679e-08
174,52,51,3.63871777e-08
175,52,53,3.63871777e-08
176,52,84,1.58295222e-06
177,53,21,8.86542679e-08
178,53,52,3.63871777e-08
179,53,54,3.63871777e-08
180,53,85,1.58295222e-06
181,54,22,8.86542679e-08
182,54,53,3.63871777e-08
183,54,55,0.000374907657
184,54,86,1.58295222e-06
185,55,23,8.86542679e-08
186,55,54,0.000374907657
187,55,56,3.63871777e-08
188,55,87,1.58295222e-06
189,56,24,8.86542679e-08
190,56,55,3.63871777e-08
191,56,57,0.202347666
192,56,88,1.58295222e-06
193,57,25,8.86542679e-08
194,57,56,0.202347666
195,57,58,3.63871777e-08
196,57,89,1.58295222e-06
197,58,26,8.86542679e-08
198,58,57,3.63871777e-08
199,58,59,0.000374907657
200,58,90,1.58295222e-06
201,59,27,8.86542679e-08
202,59,58,0.000374907657
203,59,60,3.63871777e-08
204,59,91,1.58295222e-06
205,60,28,8.86542679e-08
206,60,59,3.63871777e-08
207,60,61,3.63871777e-08
208,60,92,1.58295222e-06
209,61,29,8.86542679e-08
210,61,60,3.63871777e-08
211,61,62,0.000733765832
212,61,93,1.58295222e-06
213,62,30,1.02262746e-07
214,62,61,0.000733765832
215,62,63,1.02262746e-07
216,62,94,0.000432215544
217,63,31,1.48625279e-10
218,63,62,1.02262746e-07
219,63,95,4.58081698e-11
220,64,32,4.58081698e-11
221,64,65,8.86542679e-08
222,64,96,1.58428211e-05
223,65,33,3.83147558e-08
224,65,64,8.86542679e-08
225,65,66,1.58295222e-06
226,65,97,0.000374907657
227,66,34,5.80368774e-11
228,66,65,1.58295222e-06
229,66,67,6.16845602e-11
230,66,98,2.70445298e-07
231,67,35,5.80368774e-11
232,67,66,6.16845602e-11
233,67,68,2.70445298e-07
234,67,99,2.70445298e-07
235,68,36,5.80368774e-11
236,68,67,2.70445298e-07
237,68,69,6.16845602e-11
238,68,100,2.70445298e-07
239,69,37,5.80368774e-11
240,69,68,6.16845602e-11
241,69,70,0.000533929677
242,69,101,0.000533929677
243,70,38,5.80368774e-11
244,70,69,0.000533929677
245,70,71,6.16845602e-11
246,70,102,0.000533929677
247,71,39,5.80368774e-11
248,71,70,6.16845602e-11
249,71,72,6.16845602e-11
250,71,103,0.000533929677
251,72,40,5.80368774e-11
252,72,71,6.16845602e-11
253,72,73,2.70445298e-07
254,72,104,0.000533929677
255,73,41,5.80368774e-11
256,73,72,2.70445298e-07
257,73,74,6.16845602e-11
258,73,105,0.000533929677
259,74,42,5.80368774e-11
260,74,73,6.16845602e-11
261,74,75,0.000533929677
262,74,106,0.000533929677
263,75,43,5.80368774e-11
264,75,74,0.000533929677
265,75,76,6.16845602e-11
266,75,107,0.000533929677
267,76,44,5.80368774e-11
268,76,75,6.16845602e-11
269,76,77,2.70445298e-07
270,76,108,0.000533929677
271,77,45,5.80368774e-11
272,77,76,2.70445298e-07
273,77,78,6.16845602e-11
274,77,109,0.000533929677
275,78,46,5.80368774e-11
276,78,77,6.16845602e-11
277,78,79,6.16845602e-11
278,78,110,0.000533929677
279,79,47,5.80368774e-11
280,79,78,6.16845602e-11
281,79,80,0.000533929677
282,79,111,0.000533929677
283,80,48,1.58295222e-06
284,80,79,0.000533929677
285,80,81,6.16845602e-11
286,80,112,6.16845602e-11
287,81,49,1.58295222e-06
288,81,80,6.16845602e-11
289,81,82,2.70445298e-07
290,81,113,6.16845602e-11
291,82,50,1.58295222e-06
292,82,81,2.70445298e-07
293,82,83,6.16845602e-11
294,82,114,6.16845602e-11
295,83,51,1.58295222e-06
296,83,82,6.16845602e-11
297,83,84,2.70445298e-07
298,83,115,6.16845602e-11
299,84,52,1.58295222e-06
300,84,83,2.70445298e-07
301,84,85,6.16845602e-11
302,84,116,6.16845602e-11
303,85,53,1.58295222e-06
304,85,84,6.16845602e-11
305,85,86,6.16845602e-11
306,85,117,6.16845602e-11
307,86,54,1.58295222e-06
308,86,85,6.16845602e-11
309,86,87,2.70445298e-07
310,86,118,6.16845602e-11
311,87,55,1.58295222e-06
312,87,86,2.70445298e-07
313,87,88,6.16845602e-11
314,87,119,6.16845602e-11
315,88,56,1.58295222e-06
316,88,87,6.16845602e-11
317,88,89,0.000533929677
318,88,120,6.16845602e-11
319,89,57,1.58295222e-06
320,89,88,0.000533929677
321,89,90,6.16845602e-11
322,89,121,6.16845602e-11
323,90,58,1.58295222e-06
324,90,89,6.16845602e-11
325,90,91,6.16845602e-11
326,90,122,6.16845602e-11
327,91,59,1.58295222e-06
328,91,90,6.16845602e-11
329,91,92,6.16845602e-11
330,91,123,6.16845602e-11
331,92,60,1.58295222e-06
332,92,91,6.16845602e-11
333,92,93,2.70445298e-07
334,92,124,6.16845602e-11
335,93,61,1.58295222e-06
336,93,92,2.70445298e-07
337,93,94,4.18347597e-08
338,93,125,6.16845602e-11
339,94,62,0.000432215544
340,94,93,4.18347597e-08
341,94,95,0.0003203456
342,94,126,3.63871777e-08
343,95,63,4.58081698e-11
344,95,94,0.0003203456
345,95,127,1.58428211e-05
346,96,64,1.58428211e-05
347,96,97,8.86542679e-08
348,96,128,9.40161143e-11
349,97,65,0.000374907657
350,97,96,8.86542679e-08
351,97,98,5.80368774e-11
352,97,129,3.63871777e-08
353,98,66,2.70445298e-07
354,98,97,5.80368774e-11
355,98,99,2.70445298e-07
356,98,130,6.16845602e-11
357,99,67,2.70445298e-07
358,99,98,2.70445298e-07
359,99,100,6.16845602e-11
360,99,131,6.16845602e-11
361,100,68,2.70445298e-07
362,100,99,6.16845602e-11
363,100,101,0.000533929677
364,100,132,6.16845602e-11
365,101,69,0.000533929677
366,101,100,0.000533929677
367,101,102,6.16845602e-11
368,101,133,6.16845602e-11
369,102,70,0.000533929677
370,102,101,6.16845602e-11
371,102,103,2.70445298e-07
372,102,134,6.16845602e-11
373,103,71,0.000533929677
374,103,102,2.70445298e-07
375,103,104,6.16845602e-11
376,103,135,6.16845602e-11
377,104,72,0.000533929677
378,104,103,6.16845602e-11
379,104,105,6.16845602e-11
380,104,136,6.16845602e-11
381,105,73,0.000533929677
382,105,104,6.16845602e-11
383,105,106,0.000533929677
384,105,137,6.16845602e-11
385,106,74,0.000533929677
386,106,105,0.000533929677
387,106,107,6.16845602e-11
388,106,138,6.16845602e-11
389,107,75,0.000533929677
390,107,106,6.16845602e-11
391,107,108,2.70445298e-07
392,107,139,6.16845602e-11
393,108,76,0.000533929677
394,108,107,2.70445298e-07
395,108,109,6.16845602e-11
396,108,140,6.16845602e-11
397,109,77,0.000533929677
398,109,108,6.16845602e-11
399,109,110,0.000533929677
400,109,141,6.16845602e-11
401,110,78,0.000533929677
402,110,109,0.000533929677
403,110,111,6.16845602e-11
404,110,142,6.16845602e-11
405,111,79,0.000533929677
406,111,110,6.16845602e-11
407,111,112,0.000533929677
408,111,143,6.16845602e-11
409,112,80,6.16845602e-11
410,112,111,0.000533929677
411,112,113,6.16845602e-11
412,112,144,6.16845602e-11
413,113,81,6.16845602e-11
414,113,112,6.16845602e-11
415,113,114,2.70445298e-07
416,113,145,6.16845602e-11
417,114,82,6.16845602e-11
418,114,113,2.70445298e-07
419,114,115,6.16845602e-11
420,114,146,6.16845602e-11
421,115,83,6.16845602e-11
422,115,114,6.16845602e-11
423,115,116,2.70445298e-07
424,115,147,6.16845602e-11
425,116,84,6.16845602e-11
426,116,115,2.70445298e-07
427,116,117,6.16845602e-11
428,116,148,6.16845602e-11
429,117,85,6.16845602e-11
430,117,116,6.16845602e-11
431,117,118,6.16845602e-11
432,117,149,6.16845602e-11
433,118,86,6.16845602e-11
434,118,117,6.16845602e-11
435,118,119,2.70445298e-07
436,118,150,6.16845602e-11
437,119,87,6.16845602e-11
438,119,118,2.70445298e-07
439,119,120,6.16845602e-11
440,119,151,6.16845602e-11
441,120,88,6.16845602e-11
442,120,119,6.16845602e-11
443,120,121,0.000533929677
444,120,152,6.16845602e-11
445,121,89,6.16845602e-11
446,121,120,0.000533929677
447,121,122,6.16845602e-11
448,121,153,6.16845602e-11
449,122,90,6.16845602e-11
450,122,121,6.16845602e-11
451,122,123,6.16845602e-11
452,122,154,6.16845602e-11
453,123,91,6.16845602e-11
454,123,122,6.16845602e-11
455,123,124,6.16845602e-11
456,123,155,6.16845602e-11
457,124,92,6.16845602e-11
458,124,123,6.16845602e-11
459,124,125,2.70445298e-07
460,124,156,6.16845602e-11
461,125,93,6.16845602e-11
462,125,124,2.70445298e-07
463,125,126,4.18347597e-08
464,125,157,6.16845602e-11
465,126,94,3.63871777e-08
466,126,125,4.18347597e-08
467,126,127,8.86542679e-08
468,126,158,3.63871777e-08
469,127,95,1.58428211e-05
470,127,126,8.86542679e-08
471,127,159,9.40161143e-11
472,128,96,9.40161143e-11
473,128,129,8.86542679e-08
474,128,160,9.40161143e-11
475,129,97,3.63871777e-08
476,129,128,8.86542679e-08
477,129,130,5.80368774e-11
478,129,161,3.63871777e-08
479,130,98,6.16845602e-11
480,130,129,5.80368774e-11
481,130,131,2.70445298e-07
482,130,162,6.16845602e-11
483,131,99,6.16845602e-11
484,131,130,2.70445298e-07
485,131,132,6.16845602e-11
486,131,163,6.16845602e-11
487,132,100,6.16845602e-11
488,132,131,6.16845602e-11
489,132,133,0.000533929677
490,132,164,6.16845602e-11
491,133,101,6.16845602e-11
492,133,132,0.000533929677
493,133,134,6.16845602e-11
494,133,165,6.16845602e-11
495,134,102,6.16845602e-11
496,134,133,6.16845602e-11
497,134,135,2.70445298e-07
498,134,166,6.16845602e-11
499,135,103,6.16845602e-11
500,135,134,2.70445298e-07
501,135,136,6.16845602e-11
502,135,167,6.16845602e-11
503,136,104,6.16845602e-11
504,136,135,6.16845602e-11
505,136,137,6.16845602e-11
506,136,168,6.16845602e-11
507,137,105,6.16845602e-11
508,137,136,6.16845602e-11
509,137,138,0.000533929677
510,137,169,6.16845602e-11
511,138,106,6.16845602e-11
512,138,137,0.000533929677
513,138,139,6.16845602e-11
514,138,170,0.000533929677
515,139,107,6.16845602e-11
516,139,138,6.16845602e-11
517,139,140,2.70445298e-07
518,139,171,0.000533929677
519,140,108,6.16845602e-11
520,140,139,2.70445298e-07
521,140,141,6.16845602e-11
522,140,172,0.000533929677
523,141,109,6.16845602e-11
524,141,140,6.16845602e-11
525,141,142,0.000533929677
526,141,173,0.000533929677
527,142,110,6.16845602e-11
528,142,141,0.000533929677
529,142,143,6.16845602e-11
530,142,174,6.16845602e-11
531,143,111,6.16845602e-11
532,143,142,6.16845602e-11
533,143,144,0.000533929677
534,143,175,6.16845602e-11
535,144,112,6.16845602e-11
536,144,143,0.000533929677
537,144,145,6.16845602e-11
538,144,176,0.000533929677
539,145,113,6.16845602e-11
540,145,144,6.16845602e-11
541,145,146,2.70445298e-07
542,145,177,0.000533929677
543,146,114,6.16845602e-11
544,146,145,2.70445298e-07
545,146,147,6.16845602e-11
546,146,178,0.000533929677
547,147,115,6.16845602e-11
548,147,146,6.16845602e-11
549,147,148,2.70445298e-07
550,147,179,0.000533929677
551,148,116,6.16845602e-11
552,148,147,2.70445298e-07
553,148,149,6.16845602e-11
554,148,180,0.000533929677
555,149,117,6.16845602e-11
556,149,148,6.16845602e-11
557,149,150,6.16845602e-11
558,149,181,0.000533929677
559,150,118,6.16845602e-11
560,150,149,6.16845602e-11
561,150,151,2.70445298e-07
562,150,182,0.000533929677
563,151,119,6.16845602e-11
564,151,150,2.70445298e-07
565,151,152,6.16845602e-11
566,151,183,0.000533929677
567,152,120,6.16845602e-11
568,152,151,6.16845602e-11
569,152,153,0.000533929677
570,152,184,0.000533929677
571,153,121,6.16845602e-11
572,153,152,0.000533929677
573,153,154,6.16845602e-11
574,153,185,0.000533929677
575,154,122,6.16845602e-11
576,154,153,6.16845602e-11
577,154,155,6.16845602e-11
578,154,186,0.000533929677
579,155,123,6.16845602e-11
580,155,154,6.16845602e-11
581,155,156,6.16845602e-11
582,155,187,0.000533929677
583,156,124,6.16845602e-11
584,156,155,6.16845602e-11
585,156,157,2.70445298e-07
586,156,188,0.000533929677
587,157,125,6.16845602e-11
588,157,156,2.70445298e-07
589,157,158,4.18347597e-08
590,157,189,0.000533929677
591,158,126,3.63871777e-08
592,158,157,4.18347597e-08
593,158,159,8.86542679e-08
594,158,190,0.202347666
595,159,127,9.40161143e-11
596,159,158,8.86542679e-08
597,159,191,0.0800327137
598,160,128,9.40161143e-11
599,160,161,8.86542679e-08
600,160,192,0.0800327137
601,161,129,3.63871777e-08
602,161,160,8.86542679e-08
603,161,162,5.80368774e-11
604,161,193,0.202347666
605,162,130,6.16845602e-11
606,162,161,5.80368774e-11
607,162,163,2.70445298e-07
608,162,194,0.000533929677
609,163,131,6.16845602e-11
610,163,162,2.70445298e-07
611,163,164,6.16845602e-11
612,163,195,0.000533929677
613,164,132,6.16845602e-11
614,164,163,6.16845602e-11
615,164,165,0.000533929677
616,164,196,0.000533929677
617,165,133,6.16845602e-11
618,165,164,0.000533929677
619,165,166,6.16845602e-11
620,165,197,0.000533929677
621,166,134,6.16845602e-11
622,166,165,6.16845602e-11
623,166,167,2.70445298e-07
624,166,198,2.70445298e-07
625,167,135,6.16845602e-11
626,167,166,2.70445298e-07
627,167,168,6.16845602e-11
628,167,199,2.70445298e-07
629,168,136,6.16845602e-11
630,168,167,6.16845602e-11
631,168,169,6.16845602e-11
632,168,200,2.70445298e-07
633,169,137,6.16845602e-11
634,169,168,6.16845602e-11
635,169,170,0.000533929677
636,169,201,2.70445298e-07
637,170,138,0.000533929677
638,170,169,0.000533929677
639,170,171,6.16845602e-11
640,170,202,6.16845602e-11
641,171,139,0.000533929677
642,171,170,6.16845602e-11
643,171,172,2.70445298e-07
644,171,203,6.16845602e-11
645,172,140,0.000533929677
646,172,171,2.70445298e-07
647,172,173,6.16845602e-11
648,172,204,6.16845602e-11
649,173,141,0.000533929677
650,173,172,6.16845602e-11
651,173,174,0.000533929677
652,173,205,6.16845602e-11
653,174,142,6.16845602e-11
654,174,173,0.000533929677
655,174,175,6.16845602e-11
656,174,206,2.70445298e-07
657,175,143,6.16845602e-11
658,175,174,6.16845602e-11
659,175,176,2.70445298e-07
660,175,207,2.70445298e-07
661,176,144,0.000533929677
662,176,175,2.70445298e-07
663,176,177,6.16845602e-11
664,176,208,6.16845602e-11
665,177,145,0.000533929677
666,177,176,6.16845602e-11
667,177,178,0.000533929677
668,177,209,6.16845602e-11
669,178,146,0.000533929677
670,178,177,0.000533929677
671,178,179,6.16845602e-11
672,178,210,6.16845602e-11
673,179,147,0.000533929677
674,179,178,6.16845602e-11
675,179,180,6.16845602e-11
676,179,211,6.16845602e-11
677,180,148,0.000533929677
678,180,179,6.16845602e-11
679,180,181,2.70445298e-07
680,180,212,6.16845602e-11
681,181,149,0.000533929677
682,181,180,2.70445298e-07
683,181,182,6.16845602e-11
684,181,213,6.16845602e-11
685,182,150,0.000533929677
686,182,181,6.16845602e-11
687,182,183,2.70445298e-07
688,182,214,6.16845602e-11
689,183,151,0.000533929677
690,183,182,2.70445298e-07
691,183,184,6.16845602e-11
692,183,215,6.16845602e-11
693,184,152,0.000533929677
694,184,183,6.16845602e-11
695,184,185,6.16845602e-11
696,184,216,6.16845602e-11
697,185,153,0.000533929677
698,185,184,6.16845602e-11
699,185,186,0.000533929677
700,185,217,6.16845602e-11
701,186,154,0.000533929677
702,186,185,0.000533929677
703,186,187,6.16845602e-11
704,186,218,6.16845602e-11
705,187,155,0.000533929677
706,187,186,6.16845602e-11
707,187,188,0.000533929677
708,187,219,6.16845602e-11
709,188,156,0.000533929677
710,188,187,0.000533929677
711,188,189,6.16845602e-11
712,188,220,6.16845602e-11
713,189,157,0.000533929677
714,189,188,6.16845602e-11
715,189,190,7.72077037e-05
716,189,221,6.16845602e-11
717,190,158,0.202347666
718,190,189,7.72077037e-05
719,190,191,8.86542679e-08
720,190,222,3.63871777e-08
721,191,159,0.0800327137
722,191,190,8.86542679e-08
723,191,223,9.40161143e-11
724,192,160,0.0800327137
725,192,193,8.86542679e-08
726,192,224,9.40161143e-11
727,193,161,0.202347666
728,193,192,8.86542679e-08
729,193,194,1.58295222e-06
730,193,225,3.63871777e-08
731,194,162,0.000533929677
732,194,193,1.58295222e-06
733,194,195,6.16845602e-11
734,194,226,6.16845602e-11
735,195,163,0.000533929677
736,195,194,6.16845602e-11
737,195,196,2.70445298e-07
738,195,227,6.16845602e-11
739,196,164,0.000533929677
740,196,195,2.70445298e-07
741,196,197,6.16845602e-11
742,196,228,6.16845602e-11
743,197,165,0.000533929677
744,197,196,6.16845602e-11
745,197,198,0.000533929677
746,197,229,6.16845602e-11
747,198,166,2.70445298e-07
748,198,197,0.000533929677
749,198,199,6.16845602e-11
750,198,230,6.16845602e-11
751,199,167,2.70445298e-07
752,199,198,6.16845602e-11
753,199,200,2.70445298e-07
754,199,231,6.16845602e-11
755,200,168,2.70445298e-07
756,200,199,2.70445298e-07
757,200,201,6.16845602e-11
758,200,232,6.16845602e-11
759,201,169,2.70445298e-07
760,201,200,6.16845602e-11
761,201,202,0.000533929677
762,201,233,6.16845602e-11
763,202,170,6.16845602e-11
764,202,201,0.000533929677
765,202,203,6.16845602e-11
766,202,234,6.16845602e-11
767,203,171,6.16845602e-11
768,203,202,6.16845602e-11
769,203,204,2.70445298e-07
770,203,235,6.16845602e-11
771,204,172,6.16845602e-11
772,204,203,2.70445298e-07
773,204,205,6.16845602e-11
774,204,236,6.16845602e-11
775,205,173,6.16845602e-11
776,205,204,6.16845602e-11
777,205,206,0.000533929677
778,205,237,6.16845602e-11
779,206,174,2.70445298e-07
780,206,205,0.000533929677
781,206,207,6.16845602e-11
782,206,238,6.16845602e-11
783,207,175,2.70445298e-07
784,207,206,6.16845602e-11
785,207,208,2.70445298e-07
786,207,239,6.16845602e-11
787,208,176,6.16845602e-11
788,208,207,2.70445298e-07
789,208,209,6.16845602e-11
790,208,240,2.70445298e-07
791,209,177,6.16845602e-11
792,209,208,6.16845602e-11
793,209,210,0.000533929677
794,209,241,2.70445298e-07
795,210,178,6.16845602e-11
796,210,209,0.000533929677
797,210,211,6.16845602e-11
798,210,242,2.70445298e-07
799,211,179,6.16845602e-11
800,211,210,6.16845602e-11
801,211,212,6.16845602e-11
802,211,243,2.70445298e-07
803,212,180,6.16845602e-11
804,212,211,6.16845602e-11
805,212,213,2.70445298e-07
806,212,244,2.70445298e-07
807,213,181,6.16845602e-11
808,213,212,2.70445298e-07
809,213,214,6.16845602e-11
810,213,245,2.70445298e-07
811,214,182,6.16845602e-11
812,214,213,6.16845602e-11
813,214,215,2.70445298e-07
814,214,246,2.70445298e-07
815,215,183,6.16845602e-11
816,215,214,2.70445298e-07
817,215,216,6.16845602e-11
818,215,247,2.70445298e-07
819,216,184,6.16845602e-11
820,216,215,6.16845602e-11
821,216,217,6.16845602e-11
822,216,248,2.70445298e-07
823,217,185,6.16845602e-11
824,217,216,6.16845602e-11
825,217,218,0.000533929677
826,217,249,2.70445298e-07
827,218,186,6.16845602e-11
828,218,217,0.000533929677
829,218,219,6.16845602e-11
830,218,250,2.70445298e-07
831,219,187,6.16845602e-11
832,219,218,6.16845602e-11
833,219,220,0.000533929677
834,219,251,2.70445298e-07
835,220,188,6.16845602e-11
836,220,219,0.000533929677
837,220,221,6.16845602e-11
838,220,252,0.000533929677
839,221,189,6.16845602e-11
840,221,220,6.16845602e-11
841,221,222,7.72077037e-05
842,221,253,0.000533929677
843,222,190,3.63871777e-08
844,222,221,7.72077037e-05
845,222,223,8.86542679e-08
846,222,254,0.202347666
847,223,191,9.40161143e-11
848,223,222,8.86542679e-08
849,223,255,0.0800327137
850,224,192,9.40161143e-11
851,224,225,8.86542679e-08
852,224,256,1.58428211e-05
853,225,193,3.63871777e-08
854,225,224,8.86542679e-08
855,225,226,1.58295222e-06
856,225,257,0.000374907657
857,226,194,6.16845602e-11
858,226,225,1.58295222e-06
859,226,227,6.16845602e-11
860,226,258,2.70445298e-07
861,227,195,6.16845602e-11
862,227,226,6.16845602e-11
863,227,228,2.70445298e-07
864,227,259,2.70445298e-07
865,228,196,6.16845602e-11
866,228,227,2.70445298e-07
867,228,229,6.16845602e-11
868,228,260,2.70445298e-07
869,229,197,6.16845602e-11
870,229,228,6.16845602e-11
871,229,230,0.000533929677
872,229,261,2.70445298e-07
873,230,198,6.16845602e-11
874,230,229,0.000533929677
875,230,231,6.16845602e-11
876,230,262,0.000533929677
877,231,199,6.16845602e-11
878,231,230,6.16845602e-11
879,231,232,2.70445298e-07
880,231,263,2.70445298e-07
881,232,200,6.16845602e-11
882,232,231,2.70445298e-07
883,232,233,6.16845602e-11
884,232,264,2.70445298e-07
885,233,201,6.16845602e-11
886,233,232,6.16845602e-11
887,233,234,0.000533929677
888,233,265,0.000533929677
889,234,202,6.16845602e-11
890,234,233,0.000533929677
891,234,235,6.16845602e-11
892,234,266,0.000533929677
893,235,203,6.16845602e-11
894,235,234,6.16845602e-11
895,235,236,2.70445298e-07
896,235,267,0.000533929677
897,236,204,6.16845602e-11
898,236,235,2.70445298e-07
899,236,237,6.16845602e-11
900,236,268,0.000533929677
901,237,205,6.16845602e-11
902,237,236,6.16845602e-11
903,237,238,0.000533929677
904,237,269,0.000533929677
905,238,206,6.16845602e-11
906,238,237,0.000533929677
907,238,239,6.16845602e-11
908,238,270,0.000533929677
909,239,207,6.16845602e-11
910,239,238,6.16845602e-11
911,239,240,2.70445298e-07
912,239,271,0.000533929677
913,240,208,2.70445298e-07
914,240,239,2.70445298e-07
915,240,241,6.16845602e-11
916,240,272,6.16845602e-11
917,241,209,2.70445298e-07
918,241,240,6.16845602e-11
919,241,242,0.000533929677
920,241,273,6.16845602e-11
921,242,210,2.70445298e-07
922,242,241,0.000533929677
923,242,243,6.16845602e-11
924,242,274,6.16845602e-11
925,243,211,2.70445298e-07
926,243,242,6.16845602e-11
927,243,244,2.70445298e-07
928,243,275,6.16845602e-11
929,244,212,2.70445298e-07
930,244,243,2.70445298e-07
931,244,245,6.16845602e-11
932,244,276,6.16845602e-11
933,245,213,2.70445298e-07
934,245,244,6.16845602e-11
935,245,246,2.70445298e-07
936,245,277,6.16845602e-11
937,246,214,2.70445298e-07
938,246,245,2.70445298e-07
939,246,247,6.16845602e-11
940,246,278,6.16845602e-11
941,247,215,2.70445298e-07
942,247,246,6.16845602e-11
943,247,248,2.70445298e-07
944,247,279,6.16845602e-11
945,248,216,2.70445298e-07
946,248,247,2.70445298e-07
947,248,249,6.16845602e-11
948,248,280,6.16845602e-11
949,249,217,2.70445298e-07
950,249,248,6.16845602e-11
951,249,250,0.000533929677
952,249,281,6.16845602e-11
953,250,218,2.70445298e-07
954,250,249,0.000533929677
955,250,251,6.16845602e-11
956,250,282,6.16845602e-11
957,251,219,2.70445298e-07
958,251,250,6.16845602e-11
959,251,252,0.000533929677
960,251,283,6.16845602e-11
961,252,220,0.000533929677
962,252,251,0.000533929677
963,252,253,6.16845602e-11
964,252,284,6.16845602e-11
965,253,221,0.000533929677
966,253,252,6.16845602e-11
967,253,254,7.72077037e-05
968,253,285,6.16845602e-11
969,254,222,0.202347666
970,254,253,7.72077037e-05
971,254,255,8.86542679e-08
972,254,286,3.63871777e-08
973,255,223,0.0800327137
974,255,254,8.86542679e-08
975,255,287,9.40161143e-11
976,256,224,1.58428211e-05
977,256,257,8.86542679e-08
978,256,288,9.40161143e-11
979,257,225,0.000374907657
980,257,256,8.86542679e-08
981,257,258,5.80368774e-11
982,257,289,3.63871777e-08
983,258,226,2.70445298e-07
984,258,257,5.80368774e-11
985,258,259,6.16845602e-11
986,258,290,6.16845602e-11
987,259,227,2.70445298e-07
988,259,258,6.16845602e-11
989,259,260,6.16845602e-11
990,259,291,6.16845602e-11
991,260,228,2.70445298e-07
992,260,259,6.16845602e-11
993,260,261,2.70445298e-07
994,260,292,6.16845602e-11
995,261,229,2.70445298e-07
996,261,260,2.70445298e-07
997,261,262,6.16845602e-11
998,261,293,6.16845602e-11
999,262,230,0.000533929677
1000,262,261,6.16845602e-11
1001,262,263,0.000533929677
1002,262,294,6.16845602e-11
1003,263,231,2.70445298e-07
1004,263,262,0.000533929677
1005,263,264,6.16845602e-11
1006,263,295,6.16845602e-11
1007,264,232,2.70445298e-07
1008,264,263,6.16845602e-11
1009,264,265,0.000533929677
1010,264,296,6.16845602e-11
1011,265,233,0.000533929677
1012,265,264,0.000533929677
1013,265,266,6.16845602e-11
1014,265,297,6.16845602e-11
1015,266,234,0.000533929677
1016,266,265,6.16845602e-11
1017,266,267,6.16845602e-11
1018,266,298,6.16845602e-11
1019,267,235,0.000533929677
1020,267,266,6.16845602e-11
1021,267,268,6.16845602e-11
1022,267,299,6.16845602e-11
1023,268,236,0.000533929677
1024,268,267,6.16845602e-11
1025,268,269,2.70445298e-07
1026,268,300,6.16845602e-11
1027,269,237,0.000533929677
1028,269,268,2.70445298e-07
1029,269,270,6.16845602e-11
1030,269,301,6.16845602e-11
1031,270,238,0.000533929677
1032,270,269,6.16845602e-11
1033,270,271,6.16845602e-11
1034,270,302,6.16845602e-11
1035,271,239,0.000533929677
1036,271,270,6.16845602e-11
1037,271,272,0.000533929677
1038,271,303,6.16845602e-11
1039,272,240,6.16845602e-11
1040,272,271,0.000533929677
1041,272,273,6.16845602e-11
1042,272,304,6.16845602e-11
1043,273,241,6.16845602e-11
1044,273,272,6.16845602e-11
1045,273,274,0.000533929677
1046,273,305,6.16845602e-11
1047,274,242,6.16845602e-11
1048,274,273,0.000533929677
1049,274,275,6.16845602e-11
1050,274,306,6.16845602e-11
1051,275,243,6.16845602e-11
1052,275,274,6.16845602e-11
1053,275,276,2.70445298e-07
1054,275,307,6.16845602e-11
1055,276,244,6.16845602e-11
1056,276,275,2.70445298e-07
1057,276,277,6.16845602e-11
1058,276,308,6.16845602e-11
1059,277,245,6.16845602e-11
1060,277,276,6.16845602e-11
1061,277,278,2.70445298e-07
1062,277,309,6.16845602e-11
1063,278,246,6.16845602e-11
1064,278,277,2.70445298e-07
1065,278,279,6.16845602e-11
1066,278,310,6.16845602e-11
1067,279,247,6.16845602e-11
1068,279,278,6.16845602e-11
1069,279,280,2.70445298e-07
1070,279,311,6.16845602e-11
1071,280,248,6.16845602e-11
1072,280,279,2.70445298e-07
1073,280,281,6.16845602e-11
1074,280,312,6.16845602e-11
1075,281,249,6.16845602e-11
1076,281,280,6.16845602e-11
1077,281,282,0.000533929677
1078,281,313,6.16845602e-11
1079,282,250,6.16845602e-11
1080,282,281,0.000533929677
1081,282,283,6.16845602e-11
1082,282,314,6.16845602e-11
1083,283,251,6.16845602e-11
1084,283,282,6.16845602e-11
1085,283,284,0.000533929677
1086,283,315,6.16845602e-11
1087,284,252,6.16845602e-11
1088,284,283,0.000533929677
1089,284,285,6.16845602e-11
1090,284,316,6.16845602e-11
1091,285,253,6.16845602e-11
1092,285,284,6.16845602e-11
1093,285,286,7.72077037e-05
1094,285,317,6.16845602e-11
1095,286,254,3.63871777e-08
1096,286,285,7.72077037e-05
1097,286,287,8.86542679e-08
1098,286,318,3.63871777e-08
1099,287,255,9.40161143e-11
1100,287,286,8.86542679e-08
1101,287,319,9.40161143e-11
1102,288,256,9.40161143e-11
1103,288,289,8.86542679e-08
1104,288,320,9.40161143e-11
1105,289,257,3.63871777e-08
1106,289,288,8.86542679e-08
1107,289,290,5.80368774e-11
1108,289,321,3.63871777e-08
1109,290,258,6.16845602e-11
1110,290,289,5.80368774e-11
1111,290,291,6.16845602e-11
1112,290,322,6.16845602e-11
1113,291,259,6.16845602e-11
1114,291,290,6.16845602e-11
1115,291,292,6.16845602e-11
1116,291,323,6.16845602e-11
1117,292,260,6.16845602e-11
1118,292,291,6.16845602e-11
1119,292,293,2.70445298e-07
1120,292,324,6.16845602e-11
1121,293,261,6.16845602e-11
1122,293,292,2.70445298e-07
1123,293,294,6.16845602e-11
1124,293,325,0.000533929677
1125,294,262,6.16845602e-11
1126,294,293,6.16845602e-11
1127,294,295,0.000533929677
1128,294,326,0.000533929677
1129,295,263,6.16845602e-11
1130,295,294,0.000533929677
1131,295,296,6.16845602e-11
1132,295,327,0.000533929677
1133,296,264,6.16845602e-11
1134,296,295,6.16845602e-11
1135,296,297,0.000533929677
1136,296,328,0.000533929677
1137,297,265,6.16845602e-11
1138,297,296,0.000533929677
1139,297,298,6.16845602e-11
1140,297,329,6.16845602e-11
1141,298,266,6.16845602e-11
1142,298,297,6.16845602e-11
1143,298,299,6.16845602e-11
1144,298,330,6.16845602e-11
1145,299,267,6.16845602e-11
1146,299,298,6.16845602e-11
1147,299,300,6.16845602e-11
1148,299,331,6.16845602e-11
1149,300,268,6.16845602e-11
1150,300,299,6.16845602e-11
1151,300,301,2.70445298e-07
1152,300,332,6.16845602e-11
1153,301,269,6.16845602e-11
1154,301,300,2.70445298e-07
1155,301,302,6.16845602e-11
1156,301,333,6.16845602e-11
1157,302,270,6.16845602e-11
1158,302,301,6.16845602e-11
1159,302,303,6.16845602e-11
1160,302,334,6.16845602e-11
1161,303,271,6.16845602e-11
1162,303,302,6.16845602e-11
1163,303,304,0.000533929677
1164,303,335,6.16845602e-11
1165,304,272,6.16845602e-11
1166,304,303,0.000533929677
1167,304,305,6.16845602e-11
1168,304,336,0.000533929677
1169,305,273,6.16845602e-11
1170,305,304,6.16845602e-11
1171,305,306,0.000533929677
1172,305,337,0.000533929677
1173,306,274,6.16845602e-11
1174,306,305,0.000533929677
1175,306,307,6.16845602e-11
1176,306,338,0.000533929677
1177,307,275,6.16845602e-11
1178,307,306,6.16845602e-11
1179,307,308,2.70445298e-07
1180,307,339,2.70445298e-07
1181,308,276,6.16845602e-11
1182,308,307,2.70445298e-07
1183,308,309,6.16845602e-11
1184,308,340,2.70445298e-07
1185,309,277,6.16845602e-11
1186,309,308,6.16845602e-11
1187,309,310,2.70445298e-07
1188,309,341,2.70445298e-07
1189,310,278,6.16845602e-11
1190,310,309,2.70445298e-07
1191,310,311,6.16845602e-11
1192,310,342,2.70445298e-07
1193,311,279,6.16845602e-11
1194,311,310,6.16845602e-11
1195,311,312,2.70445298e-07
1196,311,343,2.70445298e-07
1197,312,280,6.16845602e-11
1198,312,311,2.70445298e-07
1199,312,313,6.16845602e-11
1200,312,344,2.70445298e-07
1201,313,281,6.16845602e-11
1202,313,312,6.16845602e-11
1203,313,314,0.000533929677
1204,313,345,2.70445298e-07
1205,314,282,6.16845602e-11
1206,314,313,0.000533929677
1207,314,315,6.16845602e-11
1208,314,346,0.000533929677
1209,315,283,6.16845602e-11
1210,315,314,6.16845602e-11
1211,315,316,0.000533929677
1212,315,347,0.000533929677
1213,316,284,6.16845602e-11
1214,316,315,0.000533929677
1215,316,317,6.16845602e-11
1216,316,348,0.000533929677
1217,317,285,6.16845602e-11
1218,317,316,6.16845602e-11
1219,317,318,7.72077037e-05
1220,317,349,0.000533929677
1221,318,286,3.63871777e-08
1222,318,317,7.72077037e-05
1223,318,319,8.86542679e-08
1224,318,350,0.202347666
1225,319,287,9.40161143e-11
1226,319,318,8.86542679e-08
1227,319,351,0.0800327137
1228,320,288,9.40161143e-11
1229,320,321,8.86542679e-08
1230,320,352,0.0800327137
1231,321,289,3.63871777e-08
1232,321,320,8.86542679e-08
1233,321,322,5.80368774e-11
1234,321,353,0.202347666
1235,322,290,6.16845602e-11
1236,322,321,5.80368774e-11
1237,322,323,6.16845602e-11
1238,322,354,0.000533929677
1239,323,291,6.16845602e-11
1240,323,322,6.16845602e-11
1241,323,324,6.16845602e-11
1242,323,355,0.000533929677
1243,324,292,6.16845602e-11
1244,324,323,6.16845602e-11
1245,324,325,0.000533929677
1246,324,356,0.000533929677
1247,325,293,0.000533929677
1248,325,324,0.000533929677
1249,325,326,6.16845602e-11
1250,325,357,6.16845602e-11
1251,326,294,0.000533929677
1252,326,325,6.16845602e-11
1253,326,327,2.70445298e-07
1254,326,358,6.16845602e-11
1255,327,295,0.000533929677
1256,327,326,2.70445298e-07
1257,327,328,6.16845602e-11
1258,327,359,6.16845602e-11
1259,328,296,0.000533929677
1260,328,327,6.16845602e-11
1261,328,329,0.000533929677
1262,328,360,6.16845602e-11
1263,329,297,6.16845602e-11
1264,329,328,0.000533929677
1265,329,330,6.16845602e-11
1266,329,361,2.70445298e-07
1267,330,298,6.16845602e-11
1268,330,329,6.16845602e-11
1269,330,331,6.16845602e-11
1270,330,362,2.70445298e-07
1271,331,299,6.16845602e-11
1272,331,330,6.16845602e-11
1273,331,332,6.16845602e-11
1274,331,363,2.70445298e-07
1275,332,300,6.16845602e-11
1276,332,331,6.16845602e-11
1277,332,333,2.70445298e-07
1278,332,364,2.70445298e-07
1279,333,301,6.16845602e-11
1280,333,332,2.70445298e-07
1281,333,334,6.16845602e-11
1282,333,365,2.70445298e-07
1283,334,302,6.16845602e-11
1284,334,333,6.16845602e-11
1285,334,335,6.16845602e-11
1286,334,366,2.70445298e-07
1287,335,303,6.16845602e-11
1288,335,334,6.16845602e-11
1289,335,336,0.000533929677
1290,335,367,2.70445298e-07
1291,336,304,0.000533929677
1292,336,335,0.000533929677
1293,336,337,6.16845602e-11
1294,336,368,6.16845602e-11
1295,337,305,0.000533929677
1296,337,336,6.16845602e-11
1297,337,338,6.16845602e-11
1298,337,369,6.16845602e-11
1299,338,306,0.000533929677
1300,338,337,6.16845602e-11
1301,338,339,0.000533929677
1302,338,370,6.16845602e-11
1303,339,307,2.70445298e-07
1304,339,338,0.000533929677
1305,339,340,6.16845602e-11
1306,339,371,6.16845602e-11
1307,340,308,2.70445298e-07
1308,340,339,6.16845602e-11
1309,340,341,2.70445298e-07
1310,340,372,6.16845602e-11
1311,341,309,2.70445298e-07
1312,341,340,2.70445298e-07
1313,341,342,6.16845602e-11
1314,341,373,6.16845602e-11
1315,342,310,2.70445298e-07
1316,342,341,6.16845602e-11
1317,342,343,6.16845602e-11
1318,342,374,6.16845602e-11
1319,343,311,2.70445298e-07
1320,343,342,6.16845602e-11
1321,343,344,2.70445298e-07
1322,343,375,6.16845602e-11
1323,344,312,2.70445298e-07
1324,344,343,2.70445298e-07
1325,344,345,6.16845602e-11
1326,344,376,6.16845602e-11
1327,345,313,2.70445298e-07
1328,345,344,6.16845602e-11
1329,345,346,0.000533929677
1330,345,377,6.16845602e-11
1331,346,314,0.000533929677
1332,346,345,0.000533929677
1333,346,347,6.16845602e-11
1334,346,378,6.16845602e-11
1335,347,315,0.000533929677
1336,347,346,6.16845602e-11
1337,347,348,0.000533929677
1338,347,379,6.16845602e-11
1339,348,316,0.000533929677
1340,348,347,0.000533929677
1341,348,349,6.16845602e-11
1342,348,380,6.16845602e-11
1343,349,317,0.000533929677
1344,349,348,6.16845602e-11
1345,349,350,7.72077037e-05
1346,349,381,6.16845602e-11
1347,350,318,0.202347666
1348,350,349,7.72077037e-05
1349,350,351,8.86542679e-08
1350,350,382,3.63871777e-08
1351,351,319,0.0800327137
1352,351,350,8.86542679e-08
1353,351,383,9.40161143e-11
1354,352,320,0.0800327137
1355,352,353,8.86542679e-08
1356,352,384,9.40161143e-11
1357,353,321,0.202347666
1358,353,352,8.86542679e-08
1359,353,354,5.80368774e-11
1360,353,385,3.63871777e-08
1361,354,322,0.000533929677
1362,354,353,5.80368774e-11
1363,354,355,0.000533929677
1364,354,386,6.16845602e-11
1365,355,323,0.000533929677
1366,355,354,0.000533929677
1367,355,356,6.16845602e-11
1368,355,387,6.16845602e-11
1369,356,324,0.000533929677
1370,356,355,6.16845602e-11
1371,356,357,2.70445298e-07
1372,356,388,6.16845602e-11
1373,357,325,6.16845602e-11
1374,357,356,2.70445298e-07
1375,357,358,6.16845602e-11
1376,357,389,6.16845602e-11
1377,358,326,6.16845602e-11
1378,358,357,6.16845602e-11
1379,358,359,2.70445298e-07
1380,358,390,6.16845602e-11
1381,359,327,6.16845602e-11
1382,359,358,2.70445298e-07
1383,359,360,6.16845602e-11
1384,359,391,6.16845602e-11
1385,360,328,6.16845602e-11
1386,360,359,6.16845602e-11
1387,360,361,0.000533929677
1388,360,392,6.16845602e-11
1389,361,329,2.70445298e-07
1390,361,360,0.000533929677
1391,361,362,6.16845602e-11
1392,361,393,6.16845602e-11
1393,362,330,2.70445298e-07
1394,362,361,6.16845602e-11
1395,362,363,2.70445298e-07
1396,362,394,6.16845602e-11
1397,363,331,2.70445298e-07
1398,363,362,2.70445298e-07
1399,363,364,6.16845602e-11
1400,363,395,6.16845602e-11
1401,364,332,2.70445298e-07
1402,364,363,6.16845602e-11
1403,364,365,6.16845602e-11
1404,364,396,6.16845602e-11
1405,365,333,2.70445298e-07
1406,365,364,6.16845602e-11
1407,365,366,2.70445298e-07
1408,365,397,6.16845602e-11
1409,366,334,2.70445298e-07
1410,366,365,2.70445298e-07
1411,366,367,6.16845602e-11
1412,366,398,6.16845602e-11
1413,367,335,2.70445298e-07
1414,367,366,6.16845602e-11
1415,367,368,0.000533929677
1416,367,399,6.16845602e-11
1417,368,336,6.16845602e-11
1418,368,367,0.000533929677
1419,368,369,6.16845602e-11
1420,368,400,2.70445298e-07
1421,369,337,6.16845602e-11
1422,369,368,6.16845602e-11
1423,369,370,6.16845602e-11
1424,369,401,2.70445298e-07
1425,370,338,6.16845602e-11
1426,370,369,6.16845602e-11
1427,370,371,0.000533929677
1428,370,402,2.70445298e-07
1429,371,339,6.16845602e-11
1430,371,370,0.000533929677
1431,371,372,6.16845602e-11
1432,371,403,0.000533929677
1433,372,340,6.16845602e-11
1434,372,371,6.16845602e-11
1435,372,373,2.70445298e-07
1436,372,404,0.000533929677
1437,373,341,6.16845602e-11
1438,373,372,2.70445298e-07
1439,373,374,6.16845602e-11
1440,373,405,0.000533929677
1441,374,342,6.16845602e-11
1442,374,373,6.16845602e-11
1443,374,375,6.16845602e-11
1444,374,406,0.000533929677
1445,375,343,6.16845602e-11
1446,375,374,6.16845602e-11
1447,375,376,2.70445298e-07
1448,375,407,0.000533929677
1449,376,344,6.16845602e-11
1450,376,375,2.70445298e-07
1451,376,377,6.16845602e-11
1452,376,408,0.000533929677
1453,377,345,6.16845602e-11
1454,377,376,6.16845602e-11
1455,377,378,0.000533929677
1456,377,409,0.000533929677
1457,378,346,6.16845602e-11
1458,378,377,0.000533929677
1459,378,379,6.16845602e-11
1460,378,410,0.000533929677
1461,379,347,6.16845602e-11
1462,379,378,6.16845602e-11
1463,379,380,0.000533929677
1464,379,411,0.000533929677
1465,380,348,6.16845602e-11
1466,380,379,0.000533929677
1467,380,381,6.16845602e-11
1468,380,412,0.000533929677
1469,381,349,6.16845602e-11
1470,381,380,6.16845602e-11
1471,381,382,7.72077037e-05
1472,381,413,0.000533929677
1473,382,350,3.63871777e-08
1474,382,381,7.72077037e-05
1475,382,383,8.86542679e-08
1476,382,414,0.202347666
1477,383,351,9.40161143e-11
1478,383,382,8.86542679e-08
1479,383,415,0.0800327137
1480,384,352,9.40161143e-11
1481,384,385,8.86542679e-08
1482,384,416,1.58428211e-05
1483,385,353,3.63871777e-08
1484,385,384,8.86542679e-08
1485,385,386,5.80368774e-11
1486,385,417,0.000374907657
1487,386,354,6.16845602e-11
1488,386,385,5.80368774e-11
1489,386,387,0.000533929677
1490,386,418,2.70445298e-07
1491,387,355,6.16845602e-11
1492,387,386,0.000533929677
1493,387,388,6.16845602e-11
1494,387,419,2.70445298e-07
1495,388,356,6.16845602e-11
1496,388,387,6.16845602e-11
1497,388,389,2.70445298e-07
1498,388,420,2.70445298e-07
1499,389,357,6.16845602e-11
1500,389,388,2.70445298e-07
1501,389,390,6.16845602e-11
1502,389,421,2.70445298e-07
1503,390,358,6.16845602e-11
1504,390,389,6.16845602e-11
1505,390,391,2.70445298e-07
1506,390,422,2.70445298e-07
1507,391,359,6.16845602e-11
1508,391,390,2.70445298e-07
1509,391,392,6.16845602e-11
1510,391,423,2.70445298e-07
1511,392,360,6.16845602e-11
1512,392,391,6.16845602e-11
1513,392,393,0.000533929677
1514,392,424,2.70445298e-07
1515,393,361,6.16845602e-11
1516,393,392,0.000533929677
1517,393,394,6.16845602e-11
1518,393,425,0.000533929677
1519,394,362,6.16845602e-11
1520,394,393,6.16845602e-11
1521,394,395,2.70445298e-07
1522,394,426,0.000533929677
1523,395,363,6.16845602e-11
1524,395,394,2.70445298e-07
1525,395,396,6.16845602e-11
1526,395,427,0.000533929677
1527,396,364,6.16845602e-11
1528,396,395,6.16845602e-11
1529,396,397,6.16845602e-11
1530,396,428,0.000533929677
1531,397,365,6.16845602e-11
1532,397,396,6.16845602e-11
1533,397,398,2.70445298e-07
1534,397,429,0.000533929677
1535,398,366,6.16845602e-11
1536,398,397,2.70445298e-07
1537,398,399,6.16845602e-11
1538,398,430,0.000533929677
1539,399,367,6.16845602e-11
1540,399,398,6.16845602e-11
1541,399,400,0.000533929677
1542,399,431,0.000533929677
1543,400,368,2.70445298e-07
1544,400,399,0.000533929677
1545,400,401,6.16845602e-11
1546,400,432,6.16845602e-11
1547,401,369,2.70445298e-07
1548,401,400,6.16845602e-11
1549,401,402,6.16845602e-11
1550,401,433,6.16845602e-11
1551,402,370,2.70445298e-07
1552,402,401,6.16845602e-11
1553,402,403,0.000533929677
1554,402,434,6.16845602e-11
1555,403,371,0.000533929677
1556,403,402,0.000533929677
1557,403,404,6.16845602e-11
1558,403,435,6.16845602e-11
1559,404,372,0.000533929677
1560,404,403,6.16845602e-11
1561,404,405,6.16845602e-11
1562,404,436,6.16845602e-11
1563,405,373,0.000533929677
1564,405,404,6.16845602e-11
1565,405,406,6.16845602e-11
1566,405,437,6.16845602e-11
1567,406,374,0.000533929677
1568,406,405,6.16845602e-11
1569,406,407,2.70445298e-07
1570,406,438,6.16845602e-11
1571,407,375,0.000533929677
1572,407,406,2.70445298e-07
1573,407,408,6.16845602e-11
1574,407,439,6.16845602e-11
1575,408,376,0.000533929677
1576,408,407,6.16845602e-11
1577,408,409,6.16845602e-11
1578,408,440,6.16845602e-11
1579,409,377,0.000533929677
1580,409,408,6.16845602e-11
1581,409,410,0.000533929677
1582,409,441,6.16845602e-11
1583,410,378,0.000533929677
1584,410,409,0.000533929677
1585,410,411,6.16845602e-11
1586,410,442,6.16845602e-11
1587,411,379,0.000533929677
1588,411,410,6.16845602e-11
1589,411,412,2.70445298e-07
1590,411,443,6.16845602e-11
1591,412,380,0.000533929677
1592,412,411,2.70445298e-07
1593,412,413,6.16845602e-11
1594,412,444,6.16845602e-11
1595,413,381,0.000533929677
1596,413,412,6.16845602e-11
1597,413,414,7.72077037e-05
1598,413,445,6.16845602e-11
1599,414,382,0.202347666
1600,414,413,7.72077037e-05
1601,414,415,8.86542679e-08
1602,414,446,3.63871777e-08
1603,415,383,0.0800327137
1604,415,414,8.86542679e-08
1605,415,447,9.40161143e-11
1606,416,384,1.58428211e-05
1607,416,417,8.86542679e-08
1608,416,448,9.40161143e-11
1609,417,385,0.000374907657
1610,417,416,8.86542679e-08
1611,417,418,5.80368774e-11
1612,417,449,3.63871777e-08
1613,418,386,2.70445298e-07
1614,418,417,5.80368774e-11
1615,418,419,0.000533929677
1616,418,450,6.16845602e-11
1617,419,387,2.70445298e-07
1618,419,418,0.000533929677
1619,419,420,6.16845602e-11
1620,419,451,6.16845602e-11
1621,420,388,2.70445298e-07
1622,420,419,6.16845602e-11
1623,420,421,2.70445298e-07
1624,420,452,6.16845602e-11
1625,421,389,2.70445298e-07
1626,421,420,2.70445298e-07
1627,421,422,6.16845602e-11
1628,421,453,6.16845602e-11
1629,422,390,2.70445298e-07
1630,422,421,6.16845602e-11
1631,422,423,2.70445298e-07
1632,422,454,6.16845602e-11
1633,423,391,2.70445298e-07
1634,423,422,2.70445298e-07
1635,423,424,6.16845602e-11
1636,423,455,6.16845602e-11
1637,424,392,2.70445298e-07
1638,424,423,6.16845602e-11
1639,424,425,6.16845602e-11
1640,424,456,6.16845602e-11
1641,425,393,0.000533929677
1642,425,424,6.16845602e-11
1643,425,426,0.000533929677
1644,425,457,6.16845602e-11
1645,426,394,0.000533929677
1646,426,425,0.000533929677
1647,426,427,6.16845602e-11
1648,426,458,6.16845602e-11
1649,427,395,0.000533929677
1650,427,426,6.16845602e-11
1651,427,428,6.16845602e-11
1652,427,459,6.16845602e-11
1653,428,396,0.000533929677
1654,428,427,6.16845602e-11
1655,428,429,0.000533929677
1656,428,460,6.16845602e-11
1657,429,397,0.000533929677
1658,429,428,0.000533929677
1659,429,430,6.16845602e-11
1660,429,461,6.16845602e-11
1661,430,398,0.000533929677
1662,430,429,6.16845602e-11
1663,430,431,6.16845602e-11
1664,430,462,6.16845602e-11
1665,431,399,0.000533929677
1666,431,430,6.16845602e-11
1667,431,432,0.000533929677
1668,431,463,6.16845602e-11
1669,432,400,6.16845602e-11
1670,432,431,0.000533929677
1671,432,433,6.16845602e-11
1672,432,464,6.16845602e-11
1673,433,401,6.16845602e-11
1674,433,432,6.16845602e-11
1675,433,434,6.16845602e-11
1676,433,465,6.16845602e-11
1677,434,402,6.16845602e-11
1678,434,433,6.16845602e-11
1679,434,435,0.000533929677
1680,434,466,6.16845602e-11
1681,435,403,6.16845602e-11
1682,435,434,0.000533929677
1683,435,436,6.16845602e-11
1684,435,467,2.70445298e-07
1685,436,404,6.16845602e-11
1686,436,435,6.16845602e-11
1687,436,437,6.16845602e-11
1688,436,468,2.70445298e-07
1689,437,405,6.16845602e-11
1690,437,436,6.16845602e-11
1691,437,438,6.16845602e-11
1692,437,469,2.70445298e-07
1693,438,406,6.16845602e-11
1694,438,437,6.16845602e-11
1695,438,439,2.70445298e-07
1696,438,470,2.70445298e-07
1697,439,407,6.16845602e-11
1698,439,438,2.70445298e-07
1699,439,440,6.16845602e-11
1700,439,471,6.16845602e-11
1701,440,408,6.16845602e-11
1702,440,439,6.16845602e-11
1703,440,441,6.16845602e-11
1704,440,472,6.16845602e-11
1705,441,409,6.16845602e-11
1706,441,440,6.16845602e-11
1707,441,442,0.000533929677
1708,441,473,6.16845602e-11
1709,442,410,6.16845602e-11
1710,442,441,0.000533929677
1711,442,443,6.16845602e-11
1712,442,474,6.16845602e-11
1713,443,411,6.16845602e-11
1714,443,442,6.16845602e-11
1715,443,444,2.70445298e-07
1716,443,475,6.16845602e-11
1717,444,412,6.16845602e-11
1718,444,443,2.70445298e-07
1719,444,445,6.16845602e-11
1720,444,476,6.16845602e-11
1721,445,413,6.16845602e-11
1722,445,444,6.16845602e-11
1723,445,446,7.72077037e-05
1724,445,477,6.16845602e-11
1725,446,414,3.63871777e-08
1726,446,445,7.72077037e-05
1727,446,447,8.86542679e-08
1728,446,478,3.63871777e-08
1729,447,415,9.40161143e-11
1730,447,446,8.86542679e-08
1731,447,479,9.40161143e-11
1732,448,416,9.40161143e-11
1733,448,449,8.86542679e-08
1734,448,480,0.0800327137
1735,449,417,3.63871777e-08
1736,449,448,8.86542679e-08
1737,449,450,5.80368774e-11
1738,449,481,0.202347666
1739,450,418,6.16845602e-11
1740,450,449,5.80368774e-11
1741,450,451,0.000533929677
1742,450,482,0.000533929677
1743,451,419,6.16845602e-11
1744,451,450,0.000533929677
1745,451,452,6.16845602e-11
1746,451,483,0.000533929677
1747,452,420,6.16845602e-11
1748,452,451,6.16845602e-11
1749,452,453,2.70445298e-07
1750,452,484,0.000533929677
1751,453,421,6.16845602e-11
1752,453,452,2.70445298e-07
1753,453,454,6.16845602e-11
1754,453,485,0.000533929677
1755,454,422,6.16845602e-11
1756,454,453,6.16845602e-11
1757,454,455,2.70445298e-07
1758,454,486,0.000533929677
1759,455,423,6.16845602e-11
1760,455,454,2.70445298e-07
1761,455,456,6.16845602e-11
1762,455,487,0.000533929677
1763,456,424,6.16845602e-11
1764,456,455,6.16845602e-11
1765,456,457,6.16845602e-11
1766,456,488,0.000533929677
1767,457,425,6.16845602e-11
1768,457,456,6.16845602e-11
1769,457,458,0.000533929677
1770,457,489,0.000533929677
1771,458,426,6.16845602e-11
1772,458,457,0.000533929677
1773,458,459,6.16845602e-11
1774,458,490,6.16845602e-11
1775,459,427,6.16845602e-11
1776,459,458,6.16845602e-11
1777,459,460,6.16845602e-11
1778,459,491,6.16845602e-11
1779,460,428,6.16845602e-11
1780,460,459,6.16845602e-11
1781,460,461,0.000533929677
1782,460,492,6.16845602e-11
1783,461,429,6.16845602e-11
1784,461,460,0.000533929677
1785,461,462,6.16845602e-11
1786,461,493,6.16845602e-11
1787,462,430,6.16845602e-11
1788,462,461,6.16845602e-11
1789,462,463,6.16845602e-11
1790,462,494,6.16845602e-11
1791,463,431,6.16845602e-11
1792,463,462,6.16845602e-11
1793,463,464,0.000533929677
1794,463,495,6.16845602e-11
1795,464,432,6.16845602e-11
1796,464,463,0.000533929677
1797,464,465,6.16845602e-11
1798,464,496,2.70445298e-07
1799,465,433,6.16845602e-11
1800,465,464,6.16845602e-11
1801,465,466,6.16845602e-11
1802,465,497,2.70445298e-07
1803,466,434,6.16845602e-11
1804,466,465,6.16845602e-11
1805,466,467,0.000533929677
1806,466,498,2.70445298e-07
1807,467,435,2.70445298e-07
1808,467,466,0.000533929677
1809,467,468,6.16845602e-11
1810,467,499,6.16845602e-11
1811,468,436,2.70445298e-07
1812,468,467,6.16845602e-11
1813,468,469,6.16845602e-11
1814,468,500,6.16845602e-11
1815,469,437,2.70445298e-07
1816,469,468,6.16845602e-11
1817,469,470,6.16845602e-11
1818,469,501,6.16845602e-11
1819,470,438,2.70445298e-07
1820,470,469,6.16845602e-11
1821,470,471,2.70445298e-07
1822,470,502,2.70445298e-07
1823,471,439,6.16845602e-11
1824,471,470,2.70445298e-07
1825,471,472,6.16845602e-11
1826,471,503,2.70445298e-07
1827,472,440,6.16845602e-11
1828,472,471,6.16845602e-11
1829,472,473,6.16845602e-11
1830,472,504,0.000533929677
1831,473,441,6.16845602e-11
1832,473,472,6.16845602e-11
1833,473,474,0.000533929677
1834,473,505,0.000533929677
1835,474,442,6.16845602e-11
1836,474,473,0.000533929677
1837,474,475,6.16845602e-11
1838,474,506,0.000533929677
1839,475,443,6.16845602e-11
1840,475,474,6.16845602e-11
1841,475,476,2.70445298e-07
1842,475,507,0.000533929677
1843,476,444,6.16845602e-11
1844,476,475,2.70445298e-07
1845,476,477,6.16845602e-11
1846,476,508,0.000533929677
1847,477,445,6.16845602e-11
1848,477,476,6.16845602e-11
1849,477,478,7.72077037e-05
1850,477,509,0.000533929677
1851,478,446,3.63871777e-08
1852,478,477,7.72077037e-05
1853,478,479,8.86542679e-08
1854,478,510,0.202347666
1855,479,447,9.40161143e-11
1856,479,478,8.86542679e-08
1857,479,511,0.0800327137
1858,480,448,0.0800327137
1859,480,481,8.86542679e-08
1860,480,512,9.40161143e-11
1861,481,449,0.202347666
1862,481,480,8.86542679e-08
1863,481,482,1.58295222e-06
1864,481,513,3.63871777e-08
1865,482,450,0.000533929677
1866,482,481,1.58295222e-06
1867,482,483,6.16845602e-11
1868,482,514,6.16845602e-11
1869,483,451,0.000533929677
1870,483,482,6.16845602e-11
1871,483,484,2.70445298e-07
1872,483,515,6.16845602e-11
1873,484,452,0.000533929677
1874,484,483,2.70445298e-07
1875,484,485,6.16845602e-11
1876,484,516,6.16845602e-11
1877,485,453,0.000533929677
1878,485,484,6.16845602e-11
1879,485,486,0.000533929677
1880,485,517,6.16845602e-11
1881,486,454,0.000533929677
1882,486,485,0.000533929677
1883,486,487,6.16845602e-11
1884,486,518,6.16845602e-11
1885,487,455,0.000533929677
1886,487,486,6.16845602e-11
1887,487,488,2.70445298e-07
1888,487,519,6.16845602e-11
1889,488,456,0.000533929677
1890,488,487,2.70445298e-07
1891,488,489,6.16845602e-11
1892,488,520,6.16845602e-11
1893,489,457,0.000533929677
1894,489,488,6.16845602e-11
1895,489,490,0.000533929677
1896,489,521,6.16845602e-11
1897,490,458,6.16845602e-11
1898,490,489,0.000533929677
1899,490,491,6.16845602e-11
1900,490,522,2.70445298e-07
1901,491,459,6.16845602e-11
1902,491,490,6.16845602e-11
1903,491,492,6.16845602e-11
1904,491,523,2.70445298e-07
1905,492,460,6.16845602e-11
1906,492,491,6.16845602e-11
1907,492,493,0.000533929677
1908,492,524,2.70445298e-07
1909,493,461,6.16845602e-11
1910,493,492,0.000533929677
1911,493,494,6.16845602e-11
1912,493,525,2.70445298e-07
1913,494,462,6.16845602e-11
1914,494,493,6.16845602e-11
1915,494,495,6.16845602e-11
1916,494,526,2.70445298e-07
1917,495,463,6.16845602e-11
1918,495,494,6.16845602e-11
1919,495,496,0.000533929677
1920,495,527,2.70445298e-07
1921,496,464,2.70445298e-07
1922,496,495,0.000533929677
1923,496,497,6.16845602e-11
1924,496,528,6.16845602e-11
1925,497,465,2.70445298e-07
1926,497,496,6.16845602e-11
1927,497,498,6.16845602e-11
1928,497,529,6.16845602e-11
1929,498,466,2.70445298e-07
1930,498,497,6.16845602e-11
1931,498,499,0.000533929677
1932,498,530,6.16845602e-11
1933,499,467,6.16845602e-11
1934,499,498,0.000533929677
1935,499,500,6.16845602e-11
1936,499,531,6.16845602e-11
1937,500,468,6.16845602e-11
1938,500,499,6.16845602e-11
1939,500,501,6.16845602e-11
1940,500,532,6.16845602e-11
1941,501,469,6.16845602e-11
1942,501,500,6.16845602e-11
1943,501,502,2.70445298e-07
1944,501,533,6.16845602e-11
1945,502,470,2.70445298e-07
1946,502,501,2.70445298e-07
1947,502,503,6.16845602e-11
1948,502,534,6.16845602e-11
1949,503,471,2.70445298e-07
1950,503,502,6.16845602e-11
1951,503,504,0.000533929677
1952,503,535,6.16845602e-11
1953,504,472,0.000533929677
1954,504,503,0.000533929677
1955,504,505,6.16845602e-11
1956,504,536,6.16845602e-11
1957,505,473,0.000533929677
1958,505,504,6.16845602e-11
1959,505,506,2.70445298e-07
1960,505,537,6.16845602e-11
1961,506,474,0.000533929677
1962,506,505,2.70445298e-07
1963,506,507,6.16845602e-11
1964,506,538,6.16845602e-11
1965,507,475,0.000533929677
1966,507,506,6.16845602e-11
1967,507,508,2.70445298e-07
1968,507,539,6.16845602e-11
1969,508,476,0.000533929677
1970,508,507,2.70445298e-07
1971,508,509,6.16845602e-11
1972,508,540,6.16845602e-11
1973,509,477,0.000533929677
1974,509,508,6.16845602e-11
1975,509,510,7.72077037e-05
1976,509,541,6.16845602e-11
1977,510,478,0.202347666
1978,510,509,7.72077037e-05
1979,510,511,8.86542679e-08
1980,510,542,3.63871777e-08
1981,511,479,0.0800327137
1982,511,510,8.86542679e-08
1983,511,543,9.40161143e-11
1984,512,480,9.40161143e-11
1985,512,513,8.86542679e-08
1986,512,544,9.40161143e-11
1987,513,481,3.63871777e-08
1988,513,512,8.86542679e-08
1989,513,514,1.58295222e-06
1990,513,545,3.63871777e-08
1991,514,482,6.16845602e-11
1992,514,513,1.58295222e-06
1993,514,515,6.16845602e-11
1994,514,546,6.16845602e-11
1995,515,483,6.16845602e-11
1996,515,514,6.16845602e-11
1997,515,516,2.70445298e-07
1998,515,547,6.16845602e-11
1999,516,484,6.16845602e-11
2000,516,515,2.70445298e-07
2001,516,517,6.16845602e-11
2002,516,548,6.16845602e-11
2003,517,485,6.16845602e-11
2004,517,516,6.16845602e-11
2005,517,518,0.000533929677
2006,517,549,6.16845602e-11
2007,518,486,6.16845602e-11
2008,518,517,0.000533929677
2009,518,519,6.16845602e-11
2010,518,550,6.16845602e-11
2011,519,487,6.16845602e-11
2012,519,518,6.16845602e-11
2013,519,520,2.70445298e-07
2014,519,551,6.16845602e-11
2015,520,488,6.16845602e-11
2016,520,519,2.70445298e-07
2017,520,521,6.16845602e-11
2018,520,552,6.16845602e-11
2019,521,489,6.16845602e-11
2020,521,520,6.16845602e-11
2021,521,522,0.000533929677
2022,521,553,6.16845602e-11
2023,522,490,2.70445298e-07
2024,522,521,0.000533929677
2025,522,523,6.16845602e-11
2026,522,554,6.16845602e-11
2027,523,491,2.70445298e-07
2028,523,522,6.16845602e-11
2029,523,524,6.16845602e-11
2030,523,555,6.16845602e-11
2031,524,492,2.70445298e-07
2032,524,523,6.16845602e-11
2033,524,525,0.000533929677
2034,524,556,6.16845602e-11
2035,525,493,2.70445298e-07
2036,525,524,0.000533929677
2037,525,526,6.16845602e-11
2038,525,557,6.16845602e-11
2039,526,494,2.70445298e-07
2040,526,525,6.16845602e-11
2041,526,527,6.16845602e-11
2042,526,558,6.16845602e-11
2043,527,495,2.70445298e-07
2044,527,526,6.16845602e-11
2045,527,528,0.000533929677
2046,527,559,6.16845602e-11
2047,528,496,6.16845602e-11
2048,528,527,0.000533929677
2049,528,529,6.16845602e-11
2050,528,560,0.000533929677
2051,529,497,6.16845602e-11
2052,529,528,6.16845602e-11
2053,529,530,6.16845602e-11
2054,529,561,0.000533929677
2055,530,498,6.16845602e-11
2056,530,529,6.16845602e-11
2057,530,531,0.000533929677
2058,530,562,0.000533929677
2059,531,499,6.16845602e-11
2060,531,530,0.000533929677
2061,531,532,6.16845602e-11
2062,531,563,0.000533929677
2063,532,500,6.16845602e-11
2064,532,531,6.16845602e-11
2065,532,533,6.16845602e-11
2066,532,564,0.000533929677
2067,533,501,6.16845602e-11
2068,533,532,6.16845602e-11
2069,533,534,2.70445298e-07
2070,533,565,0.000533929677
2071,534,502,6.16845602e-11
2072,534,533,2.70445298e-07
2073,534,535,6.16845602e-11
2074,534,566,6.16845602e-11
2075,535,503,6.16845602e-11
2076,535,534,6.16845602e-11
2077,535,536,0.000533929677
2078,535,567,6.16845602e-11
2079,536,504,6.16845602e-11
2080,536,535,0.000533929677
2081,536,537,6.16845602e-11
2082,536,568,6.16845602e-11
2083,537,505,6.16845602e-11
2084,537,536,6.16845602e-11
2085,537,538,2.70445298e-07
2086,537,569,6.16845602e-11
2087,538,506,6.16845602e-11
2088,538,537,2.70445298e-07
2089,538,539,6.16845602e-11
2090,538,570,6.16845602e-11
2091,539,507,6.16845602e-11
2092,539,538,6.16845602e-11
2093,539,540,2.70445298e-07
2094,539,571,6.16845602e-11
2095,540,508,6.16845602e-11
2096,540,539,2.70445298e-07
2097,540,541,6.16845602e-11
2098,540,572,2.70445298e-07
2099,541,509,6.16845602e-11
2100,541,540,6.16845602e-11
2101,541,542,7.72077037e-05
2102,541,573,2.70445298e-07
2103,542,510,3.63871777e-08
2104,542,541,7.72077037e-05
2105,542,543,8.86542679e-08
2106,542,574,3.63871777e-08
2107,543,511,9.40161143e-11
2108,543,542,8.86542679e-08
2109,543,575,9.40161143e-11
2110,544,512,9.40161143e-11
2111,544,545,8.86542679e-08
2112,544,576,1.58428211e-05
2113,545,513,3.63871777e-08
2114,545,544,8.86542679e-08
2115,545,546,1.58295222e-06
2116,545,577,0.000374907657
2117,546,514,6.16845602e-11
2118,546,545,1.58295222e-06
2119,546,547,6.16845602e-11
2120,546,578,2.70445298e-07
2121,547,515,6.16845602e-11
2122,547,546,6.16845602e-11
2123,547,548,2.70445298e-07
2124,547,579,2.70445298e-07
2125,548,516,6.16845602e-11
2126,548,547,2.70445298e-07
2127,548,549,6.16845602e-11
2128,548,580,2.70445298e-07
2129,549,517,6.16845602e-11
2130,549,548,6.16845602e-11
2131,549,550,0.000533929677
2132,549,581,0.000533929677
2133,550,518,6.16845602e-11
2134,550,549,0.000533929677
2135,550,551,6.16845602e-11
2136,550,582,0.000533929677
2137,551,519,6.16845602e-11
2138,551,550,6.16845602e-11
2139,551,552,2.70445298e-07
2140,551,583,0.000533929677
2141,552,520,6.16845602e-11
2142,552,551,2.70445298e-07
2143,552,553,6.16845602e-11
2144,552,584,0.000533929677
2145,553,521,6.16845602e-11
2146,553,552,6.16845602e-11
2147,553,554,0.000533929677
2148,553,585,0.000533929677
2149,554,522,6.16845602e-11
2150,554,553,0.000533929677
2151,554,555,6.16845602e-11
2152,554,586,0.000533929677
2153,555,523,6.16845602e-11
2154,555,554,6.16845602e-11
2155,555,556,6.16845602e-11
2156,555,587,0.000533929677
2157,556,524,6.16845602e-11
2158,556,555,6.16845602e-11
2159,556,557,0.000533929677
2160,556,588,0.000533929677
2161,557,525,6.16845602e-11
2162,557,556,0.000533929677
2163,557,558,6.16845602e-11
2164,557,589,0.000533929677
2165,558,526,6.16845602e-11
2166,558,557,6.16845602e-11
2167,558,559,6.16845602e-11
2168,558,590,0.000533929677
2169,559,527,6.16845602e-11
2170,559,558,6.16845602e-11
2171,559,560,0.000533929677
2172,559,591,0.000533929677
2173,560,528,0.000533929677
2174,560,559,0.000533929677
2175,560,561,6.16845602e-11
2176,560,592,6.16845602e-11
2177,561,529,0.000533929677
2178,561,560,6.16845602e-11
2179,561,562,6.16845602e-11
2180,561,593,6.16845602e-11
2181,562,530,0.000533929677
2182,562,561,6.16845602e-11
2183,562,563,2.70445298e-07
2184,562,594,6.16845602e-11
2185,563,531,0.000533929677
2186,563,562,2.70445298e-07
2187,563,564,6.16845602e-11
2188,563,595,6.16845602e-11
2189,564,532,0.000533929677
2190,564,563,6.16845602e-11
2191,564,565,6.16845602e-11
2192,564,596,6.16845602e-11
2193,565,533,0.000533929677
2194,565,564,6.16845602e-11
2195,565,566,0.000533929677
2196,565,597,6.16845602e-11
2197,566,534,6.16845602e-11
2198,566,565,0.000533929677
2199,566,567,6.16845602e-11
2200,566,598,0.000533929677
2201,567,535,6.16845602e-11
2202,567,566,6.16845602e-11
2203,567,568,0.000533929677
2204,567,599,0.000533929677
2205,568,536,6.16845602e-11
2206,568,567,0.000533929677
2207,568,569,6.16845602e-11
2208,568,600,0.000533929677
2209,569,537,6.16845602e-11
2210,569,568,6.16845602e-11
2211,569,570,2.70445298e-07
2212,569,601,2.70445298e-07
2213,570,538,6.16845602e-11
2214,570,569,2.70445298e-07
2215,570,571,6.16845602e-11
2216,570,602,2.70445298e-07
2217,571,539,6.16845602e-11
2218,571,570,6.16845602e-11
2219,571,572,2.70445298e-07
2220,571,603,2.70445298e-07
2221,572,540,2.70445298e-07
2222,572,571,2.70445298e-07
2223,572,573,6.16845602e-11
2224,572,604,6.16845602e-11
2225,573,541,2.70445298e-07
2226,573,572,6.16845602e-11
2227,573,574,7.72077037e-05
2228,573,605,6.16845602e-11
2229,574,542,3.63871777e-08
2230,574,573,7.72077037e-05
2231,574,575,8.86542679e-08
2232,574,606,3.63871777e-08
2233,575,543,9.40161143e-11
2234,575,574,8.86542679e-08
2235,575,607,9.40161143e-11
2236,576,544,1.58428211e-05
2237,576,577,8.86542679e-08
2238,576,608,9.40161143e-11
2239,577,545,0.000374907657
2240,577,576,8.86542679e-08
2241,577,578,5.80368774e-11
2242,577,609,3.63871777e-08
2243,578,546,2.70445298e-07
2244,578,577,5.80368774e-11
2245,578,579,2.70445298e-07
2246,578,610,6.16845602e-11
2247,579,547,2.70445298e-07
2248,579,578,2.70445298e-07
2249,579,580,6.16845602e-11
2250,579,611,6.16845602e-11
2251,580,548,2.70445298e-07
2252,580,579,6.16845602e-11
2253,580,581,0.000533929677
2254,580,612,6.16845602e-11
2255,581,549,0.000533929677
2256,581,580,0.000533929677
2257,581,582,6.16845602e-11
2258,581,613,6.16845602e-11
2259,582,550,0.000533929677
2260,582,581,6.16845602e-11
2261,582,583,2.70445298e-07
2262,582,614,6.16845602e-11
2263,583,551,0.000533929677
2264,583,582,2.70445298e-07
2265,583,584,6.16845602e-11
2266,583,615,6.16845602e-11
2267,584,552,0.000533929677
2268,584,583,6.16845602e-11
2269,584,585,0.000533929677
2270,584,616,6.16845602e-11
2271,585,553,0.000533929677
2272,585,584,0.000533929677
2273,585,586,6.16845602e-11
2274,585,617,6.16845602e-11
2275,586,554,0.000533929677
2276,586,585,6.16845602e-11
2277,586,587,6.16845602e-11
2278,586,618,6.16845602e-11
2279,587,555,0.000533929677
2280,587,586,6.16845602e-11
2281,587,588,2.70445298e-07
2282,587,619,6.16845602e-11
2283,588,556,0.000533929677
2284,588,587,2.70445298e-07
2285,588,589,6.16845602e-11
2286,588,620,6.16845602e-11
2287,589,557,0.000533929677
2288,589,588,6.16845602e-11
2289,589,590,0.000533929677
2290,589,621,6.16845602e-11
2291,590,558,0.000533929677
2292,590,589,0.000533929677
2293,590,591,6.16845602e-11
2294,590,622,6.16845602e-11
2295,591,559,0.000533929677
2296,591,590,6.16845602e-11
2297,591,592,2.70445298e-07
2298,591,623,6.16845602e-11
2299,592,560,6.16845602e-11
2300,592,591,2.70445298e-07
2301,592,593,6.16845602e-11
2302,592,624,2.70445298e-07
2303,593,561,6.16845602e-11
2304,593,592,6.16845602e-11
2305,593,594,6.16845602e-11
2306,593,625,2.70445298e-07
2307,594,562,6.16845602e-11
2308,594,593,6.16845602e-11
2309,594,595,2.70445298e-07
2310,594,626,2.70445298e-07
2311,595,563,6.16845602e-11
2312,595,594,2.70445298e-07
2313,595,596,6.16845602e-11
2314,595,627,2.70445298e-07
2315,596,564,6.16845602e-11
2316,596,595,6.16845602e-11
2317,596,597,6.16845602e-11
2318,596,628,6.16845602e-11
2319,597,565,6.16845602e-11
2320,597,596,6.16845602e-11
2321,597,598,0.000533929677
2322,597,629,6.16845602e-11
2323,598,566,0.000533929677
2324,598,597,0.000533929677
2325,598,599,6.16845602e-11
2326,598,630,6.16845602e-11
2327,599,567,0.000533929677
2328,599,598,6.16845602e-11
2329,599,600,6.16845602e-11
2330,599,631,6.16845602e-11
2331,600,568,0.000533929677
2332,600,599,6.16845602e-11
2333,600,601,0.000533929677
2334,600,632,6.16845602e-11
2335,601,569,2.70445298e-07
2336,601,600,0.000533929677
2337,601,602,6.16845602e-11
2338,601,633,6.16845602e-11
2339,602,570,2.70445298e-07
2340,602,601,6.16845602e-11
2341,602,603,6.16845602e-11
2342,602,634,6.16845602e-11
2343,603,571,2.70445298e-07
2344,603,602,6.16845602e-11
2345,603,604,2.70445298e-07
2346,603,635,6.16845602e-11
2347,604,572,6.16845602e-11
2348,604,603,2.70445298e-07
2349,604,605,6.16845602e-11
2350,604,636,6.16845602e-11
2351,605,573,6.16845602e-11
2352,605,604,6.16845602e-11
2353,605,606,7.72077037e-05
2354,605,637,6.16845602e-11
2355,606,574,3.63871777e-08
2356,606,605,7.72077037e-05
2357,606,607,8.86542679e-08
2358,606,638,0.000374907657
2359,607,575,9.40161143e-11
2360,607,606,8.86542679e-08
2361,607,639,1.58428211e-05
2362,608,576,9.40161143e-11
2363,608,609,8.86542679e-08
2364,608,640,0.0800327137
2365,609,577,3.63871777e-08
2366,609,608,8.86542679e-08
2367,609,610,5.80368774e-11
2368,609,641,0.202347666
2369,610,578,6.16845602e-11
2370,610,609,5.80368774e-11
2371,610,611,2.70445298e-07
2372,610,642,0.000533929677
2373,611,579,6.16845602e-11
2374,611,610,2.70445298e-07
2375,611,612,6.16845602e-11
2376,611,643,0.000533929677
2377,612,580,6.16845602e-11
2378,612,611,6.16845602e-11
2379,612,613,0.000533929677
2380,612,644,0.000533929677
2381,613,581,6.16845602e-11
2382,613,612,0.000533929677
2383,613,614,6.16845602e-11
2384,613,645,2.70445298e-07
2385,614,582,6.16845602e-11
2386,614,613,6.16845602e-11
2387,614,615,2.70445298e-07
2388,614,646,2.70445298e-07
2389,615,583,6.16845602e-11
2390,615,614,2.70445298e-07
2391,615,616,6.16845602e-11
2392,615,647,2.70445298e-07
2393,616,584,6.16845602e-11
2394,616,615,6.16845602e-11
2395,616,617,0.000533929677
2396,616,648,0.000533929677
2397,617,585,6.16845602e-11
2398,617,616,0.000533929677
2399,617,618,6.16845602e-11
2400,617,649,2.70445298e-07
2401,618,586,6.16845602e-11
2402,618,617,6.16845602e-11
2403,618,619,6.16845602e-11
2404,618,650,2.70445298e-07
2405,619,587,6.16845602e-11
2406,619,618,6.16845602e-11
2407,619,620,2.70445298e-07
2408,619,651,2.70445298e-07
2409,620,588,6.16845602e-11
2410,620,619,2.70445298e-07
2411,620,621,6.16845602e-11
2412,620,652,6.16845602e-11
2413,621,589,6.16845602e-11
2414,621,620,6.16845602e-11
2415,621,622,0.000533929677
2416,621,653,6.16845602e-11
2417,622,590,6.16845602e-11
2418,622,621,0.000533929677
2419,622,623,6.16845602e-11
2420,622,654,6.16845602e-11
2421,623,591,6.16845602e-11
2422,623,622,6.16845602e-11
2423,623,624,6.16845602e-11
2424,623,655,6.16845602e-11
2425,624,592,2.70445298e-07
2426,624,623,6.16845602e-11
2427,624,625,2.70445298e-07
2428,624,656,6.16845602e-11
2429,625,593,2.70445298e-07
2430,625,624,2.70445298e-07
2431,625,626,6.16845602e-11
2432,625,657,6.16845602e-11
2433,626,594,2.70445298e-07
2434,626,625,6.16845602e-11
2435,626,627,6.16845602e-11
2436,626,658,6.16845602e-11
2437,627,595,2.70445298e-07
2438,627,626,6.16845602e-11
2439,627,628,2.70445298e-07
2440,627,659,2.70445298e-07
2441,628,596,6.16845602e-11
2442,628,627,2.70445298e-07
2443,628,629,6.16845602e-11
2444,628,660,2.70445298e-07
2445,629,597,6.16845602e-11
2446,629,628,6.16845602e-11
2447,629,630,0.000533929677
2448,629,661,2.70445298e-07
2449,630,598,6.16845602e-11
2450,630,629,0.000533929677
2451,630,631,6.16845602e-11
2452,630,662,2.70445298e-07
2453,631,599,6.16845602e-11
2454,631,630,6.16845602e-11
2455,631,632,6.16845602e-11
2456,631,663,2.70445298e-07
2457,632,600,6.16845602e-11
2458,632,631,6.16845602e-11
2459,632,633,0.000533929677
2460,632,664,2.70445298e-07
2461,633,601,6.16845602e-11
2462,633,632,0.000533929677
2463,633,634,6.16845602e-11
2464,633,665,0.000533929677
2465,634,602,6.16845602e-11
2466,634,633,6.16845602e-11
2467,634,635,6.16845602e-11
2468,634,666,2.70445298e-07
2469,635,603,6.16845602e-11
2470,635,634,6.16845602e-11
2471,635,636,2.70445298e-07
2472,635,667,2.70445298e-07
2473,636,604,6.16845602e-11
2474,636,635,2.70445298e-07
2475,636,637,6.16845602e-11
2476,636,668,2.70445298e-07
2477,637,605,6.16845602e-11
2478,637,636,6.16845602e-11
2479,637,638,7.72077037e-05
2480,637,669,2.70445298e-07
2481,638,606,0.000374907657
2482,638,637,7.72077037e-05
2483,638,639,8.86542679e-08
2484,638,670,3.63871777e-08
2485,639,607,1.58428211e-05
2486,639,638,8.86542679e-08
2487,639,671,9.40161143e-11
2488,640,608,0.0800327137
2489,640,641,8.86542679e-08
2490,640,672,9.40161143e-11
2491,641,609,0.202347666
2492,641,640,8.86542679e-08
2493,641,642,1.58295222e-06
2494,641,673,3.63871777e-08
2495,642,610,0.000533929677
2496,642,641,1.58295222e-06
2497,642,643,6.16845602e-11
2498,642,674,6.16845602e-11
2499,643,611,0.000533929677
2500,643,642,6.16845602e-11
2501,643,644,0.000533929677
2502,643,675,6.16845602e-11
2503,644,612,0.000533929677
2504,644,643,0.000533929677
2505,644,645,6.16845602e-11
2506,644,676,6.16845602e-11
2507,645,613,2.70445298e-07
2508,645,644,6.16845602e-11
2509,645,646,6.16845602e-11
2510,645,677,6.16845602e-11
2511,646,614,2.70445298e-07
2512,646,645,6.16845602e-11
2513,646,647,6.16845602e-11
2514,646,678,6.16845602e-11
2515,647,615,2.70445298e-07
2516,647,646,6.16845602e-11
2517,647,648,0.000533929677
2518,647,679,6.16845602e-11
2519,648,616,0.000533929677
2520,648,647,0.000533929677
2521,648,649,6.16845602e-11
2522,648,680,6.16845602e-11
2523,649,617,2.70445298e-07
2524,649,648,6.16845602e-11
2525,649,650,6.16845602e-11
2526,649,681,6.16845602e-11
2527,650,618,2.70445298e-07
2528,650,649,6.16845602e-11
2529,650,651,6.16845602e-11
2530,650,682,6.16845602e-11
2531,651,619,2.70445298e-07
2532,651,650,6.16845602e-11
2533,651,652,2.70445298e-07
2534,651,683,2.70445298e-07
2535,652,620,6.16845602e-11
2536,652,651,2.70445298e-07
2537,652,653,6.16845602e-11
2538,652,684,2.70445298e-07
2539,653,621,6.16845602e-11
2540,653,652,6.16845602e-11
2541,653,654,0.000533929677
2542,653,685,2.70445298e-07
2543,654,622,6.16845602e-11
2544,654,653,0.000533929677
2545,654,655,6.16845602e-11
2546,654,686,0.000533929677
2547,655,623,6.16845602e-11
2548,655,654,6.16845602e-11
2549,655,656,6.16845602e-11
2550,655,687,0.000533929677
2551,656,624,6.16845602e-11
2552,656,655,6.16845602e-11
2553,656,657,2.70445298e-07
2554,656,688,0.000533929677
2555,657,625,6.16845602e-11
2556,657,656,2.70445298e-07
2557,657,658,6.16845602e-11
2558,657,689,6.16845602e-11
2559,658,626,6.16845602e-11
2560,658,657,6.16845602e-11
2561,658,659,2.70445298e-07
2562,658,690,6.16845602e-11
2563,659,627,2.70445298e-07
2564,659,658,2.70445298e-07
2565,659,660,6.16845602e-11
2566,659,691,6.16845602e-11
2567,660,628,2.70445298e-07
2568,660,659,6.16845602e-11
2569,660,661,6.16845602e-11
2570,660,692,6.16845602e-11
2571,661,629,2.70445298e-07
2572,661,660,6.16845602e-11
2573,661,662,0.000533929677
2574,661,693,6.16845602e-11
2575,662,630,2.70445298e-07
2576,662,661,0.000533929677
2577,662,663,6.16845602e-11
2578,662,694,6.16845602e-11
2579,663,631,2.70445298e-07
2580,663,662,6.16845602e-11
2581,663,664,2.70445298e-07
2582,663,695,6.16845602e-11
2583,664,632,2.70445298e-07
2584,664,663,2.70445298e-07
2585,664,665,6.16845602e-11
2586,664,696,6.16845602e-11
2587,665,633,0.000533929677
2588,665,664,6.16845602e-11
2589,665,666,0.000533929677
2590,665,697,6.16845602e-11
2591,666,634,2.70445298e-07
2592,666,665,0.000533929677
2593,666,667,6.16845602e-11
2594,666,698,6.16845602e-11
2595,667,635,2.70445298e-07
2596,667,666,6.16845602e-11
2597,667,668,2.70445298e-07
2598,667,699,6.16845602e-11
2599,668,636,2.70445298e-07
2600,668,667,2.70445298e-07
2601,668,669,6.16845602e-11
2602,668,700,6.16845602e-11
2603,669,637,2.70445298e-07
2604,669,668,6.16845602e-11
2605,669,670,7.72077037e-05
2606,669,701,6.16845602e-11
2607,670,638,3.63871777e-08
2608,670,669,7.72077037e-05
2609,670,671,8.86542679e-08
2610,670,702,3.63871777e-08
2611,671,639,9.40161143e-11
2612,671,670,8.86542679e-08
2613,671,703,9.40161143e-11
2614,672,640,9.40161143e-11
2615,672,673,8.86542679e-08
2616,672,704,1.58428211e-05
2617,673,641,3.63871777e-08
2618,673,672,8.86542679e-08
2619,673,674,1.58295222e-06
2620,673,705,0.000374907657
2621,674,642,6.16845602e-11
2622,674,673,1.58295222e-06
2623,674,675,6.16845602e-11
2624,674,706,2.70445298e-07
2625,675,643,6.16845602e-11
2626,675,674,6.16845602e-11
2627,675,676,0.000533929677
2628,675,707,2.70445298e-07
2629,676,644,6.16845602e-11
2630,676,675,0.000533929677
2631,676,677,6.16845602e-11
2632,676,708,0.000533929677
2633,677,645,6.16845602e-11
2634,677,676,6.16845602e-11
2635,677,678,6.16845602e-11
2636,677,709,0.000533929677
2637,678,646,6.16845602e-11
2638,678,677,6.16845602e-11
2639,678,679,6.16845602e-11
2640,678,710,0.000533929677
2641,679,647,6.16845602e-11
2642,679,678,6.16845602e-11
2643,679,680,0.000533929677
2644,679,711,0.000533929677
2645,680,648,6.16845602e-11
2646,680,679,0.000533929677
2647,680,681,6.16845602e-11
2648,680,712,2.70445298e-07
2649,681,649,6.16845602e-11
2650,681,680,6.16845602e-11
2651,681,682,6.16845602e-11
2652,681,713,2.70445298e-07
2653,682,650,6.16845602e-11
2654,682,681,6.16845602e-11
2655,682,683,2.70445298e-07
2656,682,714,2.70445298e-07
2657,683,651,2.70445298e-07
2658,683,682,2.70445298e-07
2659,683,684,6.16845602e-11
2660,683,715,6.16845602e-11
2661,684,652,2.70445298e-07
2662,684,683,6.16845602e-11
2663,684,685,6.16845602e-11
2664,684,716,6.16845602e-11
2665,685,653,2.70445298e-07
2666,685,684,6.16845602e-11
2667,685,686,6.16845602e-11
2668,685,717,6.16845602e-11
2669,686,654,0.000533929677
2670,686,685,6.16845602e-11
2671,686,687,0.000533929677
2672,686,718,6.16845602e-11
2673,687,655,0.000533929677
2674,687,686,0.000533929677
2675,687,688,6.16845602e-11
2676,687,719,6.16845602e-11
2677,688,656,0.000533929677
2678,688,687,6.16845602e-11
2679,688,689,0.000533929677
2680,688,720,6.16845602e-11
2681,689,657,6.16845602e-11
2682,689,688,0.000533929677
2683,689,690,6.16845602e-11
2684,689,721,0.000533929677
2685,690,658,6.16845602e-11
2686,690,689,6.16845602e-11
2687,690,691,2.70445298e-07
2688,690,722,0.000533929677
2689,691,659,6.16845602e-11
2690,691,690,2.70445298e-07
2691,691,692,6.16845602e-11
2692,691,723,0.000533929677
2693,692,660,6.16845602e-11
2694,692,691,6.16845602e-11
2695,692,693,6.16845602e-11
2696,692,724,0.000533929677
2697,693,661,6.16845602e-11
2698,693,692,6.16845602e-11
2699,693,694,0.000533929677
2700,693,725,0.000533929677
2701,694,662,6.16845602e-11
2702,694,693,0.000533929677
2703,694,695,6.16845602e-11
2704,694,726,0.000533929677
2705,695,663,6.16845602e-11
2706,695,694,6.16845602e-11
2707,695,696,2.70445298e-07
2708,695,727,0.000533929677
2709,696,664,6.16845602e-11
2710,696,695,2.70445298e-07
2711,696,697,6.16845602e-11
2712,696,728,0.000533929677
2713,697,665,6.16845602e-11
2714,697,696,6.16845602e-11
2715,697,698,0.000533929677
2716,697,729,0.000533929677
2717,698,666,6.16845602e-11
2718,698,697,0.000533929677
2719,698,699,6.16845602e-11
2720,698,730,0.000533929677
2721,699,667,6.16845602e-11
2722,699,698,6.16845602e-11
2723,699,700,2.70445298e-07
2724,699,731,0.000533929677
2725,700,668,6.16845602e-11
2726,700,699,2.70445298e-07
2727,700,701,6.16845602e-11
2728,700,732,0.000533929677
2729,701,669,6.16845602e-11
2730,701,700,6.16845602e-11
2731,701,702,7.72077037e-05
2732,701,733,0.000533929677
2733,702,670,3.63871777e-08
2734,702,701,7.72077037e-05
2735,702,703,8.86542679e-08
2736,702,734,0.202347666
2737,703,671,9.40161143e-11
2738,703,702,8.86542679e-08
2739,703,735,0.0800327137
2740,704,672,1.58428211e-05
2741,704,705,8.86542679e-08
2742,704,736,9.40161143e-11
2743,705,673,0.000374907657
2744,705,704,8.86542679e-08
2745,705,706,1.58295222e-06
2746,705,737,3.63871777e-08
2747,706,674,2.70445298e-07
2748,706,705,1.58295222e-06
2749,706,707,6.16845602e-11
2750,706,738,6.16845602e-11
2751,707,675,2.70445298e-07
2752,707,706,6.16845602e-11
2753,707,708,0.000533929677
2754,707,739,6.16845602e-11
2755,708,676,0.000533929677
2756,708,707,0.000533929677
2757,708,709,6.16845602e-11
2758,708,740,6.16845602e-11
2759,709,677,0.000533929677
2760,709,708,6.16845602e-11
2761,709,710,0.000533929677
2762,709,741,6.16845602e-11
2763,710,678,0.000533929677
2764,710,709,0.000533929677
2765,710,711,6.16845602e-11
2766,710,742,6.16845602e-11
2767,711,679,0.000533929677
2768,711,710,6.16845602e-11
2769,711,712,0.000533929677
2770,711,743,6.16845602e-11
2771,712,680,2.70445298e-07
2772,712,711,0.000533929677
2773,712,713,6.16845602e-11
2774,712,744,6.16845602e-11
2775,713,681,2.70445298e-07
2776,713,712,6.16845602e-11
2777,713,714,6.16845602e-11
2778,713,745,6.16845602e-11
2779,714,682,2.70445298e-07
2780,714,713,6.16845602e-11
2781,714,715,2.70445298e-07
2782,714,746,6.16845602e-11
2783,715,683,6.16845602e-11
2784,715,714,2.70445298e-07
2785,715,716,6.16845602e-11
2786,715,747,6.16845602e-11
2787,716,684,6.16845602e-11
2788,716,715,6.16845602e-11
2789,716,717,6.16845602e-11
2790,716,748,6.16845602e-11
2791,717,685,6.16845602e-11
2792,717,716,6.16845602e-11
2793,717,718,6.16845602e-11
2794,717,749,6.16845602e-11
2795,718,686,6.16845602e-11
2796,718,717,6.16845602e-11
2797,718,719,0.000533929677
2798,718,750,6.16845602e-11
2799,719,687,6.16845602e-11
2800,719,718,0.000533929677
2801,719,720,6.16845602e-11
2802,719,751,6.16845602e-11
2803,720,688,6.16845602e-11
2804,720,719,6.16845602e-11
2805,720,721,2.70445298e-07
2806,720,752,6.16845602e-11
2807,721,689,0.000533929677
2808,721,720,2.70445298e-07
2809,721,722,6.16845602e-11
2810,721,753,6.16845602e-11
2811,722,690,0.000533929677
2812,722,721,6.16845602e-11
2813,722,723,2.70445298e-07
2814,722,754,6.16845602e-11
2815,723,691,0.000533929677
2816,723,722,2.70445298e-07
2817,723,724,6.16845602e-11
2818,723,755,6.16845602e-11
2819,724,692,0.000533929677
2820,724,723,6.16845602e-11
2821,724,725,0.000533929677
2822,724,756,6.16845602e-11
2823,725,693,0.000533929677
2824,725,724,0.000533929677
2825,725,726,6.16845602e-11
2826,725,757,6.16845602e-11
2827,726,694,0.000533929677
2828,726,725,6.16845602e-11
2829,726,727,6.16845602e-11
2830,726,758,6.16845602e-11
2831,727,695,0.000533929677
2832,727,726,6.16845602e-11
2833,727,728,0.000533929677
2834,727,759,6.16845602e-11
2835,728,696,0.000533929677
2836,728,727,0.000533929677
2837,728,729,6.16845602e-11
2838,728,760,6.16845602e-11
2839,729,697,0.000533929677
2840,729,728,6.16845602e-11
2841,729,730,2.70445298e-07
2842,729,761,6.16845602e-11
2843,730,698,0.000533929677
2844,730,729,2.70445298e-07
2845,730,731,6.16845602e-11
2846,730,762,6.16845602e-11
2847,731,699,0.000533929677
2848,731,730,6.16845602e-11
2849,731,732,0.000533929677
2850,731,763,6.16845602e-11
2851,732,700,0.000533929677
2852,732,731,0.000533929677
2853,732,733,6.16845602e-11
2854,732,764,6.16845602e-11
2855,733,701,0.000533929677
2856,733,732,6.16845602e-11
2857,733,734,7.72077037e-05
2858,733,765,6.16845602e-11
2859,734,702,0.202347666
2860,734,733,7.72077037e-05
2861,734,735,8.86542679e-08
2862,734,766,3.63871777e-08
2863,735,703,0.0800327137
2864,735,734,8.86542679e-08
2865,735,767,9.40161143e-11
2866,736,704,9.40161143e-11
2867,736,737,8.86542679e-08
2868,736,768,0.0800327137
2869,737,705,3.63871777e-08
2870,737,736,8.86542679e-08
2871,737,738,1.58295222e-06
2872,737,769,0.202347666
2873,738,706,6.16845602e-11
2874,738,737,1.58295222e-06
2875,738,739,6.16845602e-11
2876,738,770,0.000533929677
2877,739,707,6.16845602e-11
2878,739,738,6.16845602e-11
2879,739,740,0.000533929677
2880,739,771,0.000533929677
2881,740,708,6.16845602e-11
2882,740,739,0.000533929677
2883,740,741,6.16845602e-11
2884,740,772,2.70445298e-07
2885,741,709,6.16845602e-11
2886,741,740,6.16845602e-11
2887,741,742,0.000533929677
2888,741,773,2.70445298e-07
2889,742,710,6.16845602e-11
2890,742,741,0.000533929677
2891,742,743,6.16845602e-11
2892,742,774,2.70445298e-07
2893,743,711,6.16845602e-11
2894,743,742,6.16845602e-11
2895,743,744,0.000533929677
2896,743,775,2.70445298e-07
2897,744,712,6.16845602e-11
2898,744,743,0.000533929677
2899,744,745,6.16845602e-11
2900,744,776,0.000533929677
2901,745,713,6.16845602e-11
2902,745,744,6.16845602e-11
2903,745,746,6.16845602e-11
2904,745,777,0.000533929677
2905,746,714,6.16845602e-11
2906,746,745,6.16845602e-11
2907,746,747,2.70445298e-07
2908,746,778,0.000533929677
2909,747,715,6.16845602e-11
2910,747,746,2.70445298e-07
2911,747,748,6.16845602e-11
2912,747,779,0.000533929677
2913,748,716,6.16845602e-11
2914,748,747,6.16845602e-11
2915,748,749,6.16845602e-11
2916,748,780,0.000533929677
2917,749,717,6.16845602e-11
2918,749,748,6.16845602e-11
2919,749,750,6.16845602e-11
2920,749,781,0.000533929677
2921,750,718,6.16845602e-11
2922,750,749,6.16845602e-11
2923,750,751,0.000533929677
2924,750,782,0.000533929677
2925,751,719,6.16845602e-11
2926,751,750,0.000533929677
2927,751,752,6.16845602e-11
2928,751,783,2.70445298e-07
2929,752,720,6.16845602e-11
2930,752,751,6.16845602e-11
2931,752,753,2.70445298e-07
2932,752,784,2.70445298e-07
2933,753,721,6.16845602e-11
2934,753,752,2.70445298e-07
2935,753,754,6.16845602e-11
2936,753,785,2.70445298e-07
2937,754,722,6.16845602e-11
2938,754,753,6.16845602e-11
2939,754,755,2.70445298e-07
2940,754,786,2.70445298e-07
2941,755,723,6.16845602e-11
2942,755,754,2.70445298e-07
2943,755,756,6.16845602e-11
2944,755,787,2.70445298e-07
2945,756,724,6.16845602e-11
2946,756,755,6.16845602e-11
2947,756,757,0.000533929677
2948,756,788,2.70445298e-07
2949,757,725,6.16845602e-11
2950,757,756,0.000533929677
2951,757,758,6.16845602e-11
2952,757,789,2.70445298e-07
2953,758,726,6.16845602e-11
2954,758,757,6.16845602e-11
2955,758,759,6.16845602e-11
2956,758,790,2.70445298e-07
2957,759,727,6.16845602e-11
2958,759,758,6.16845602e-11
2959,759,760,0.000533929677
2960,759,791,2.70445298e-07
2961,760,728,6.16845602e-11
2962,760,759,0.000533929677
2963,760,761,6.16845602e-11
2964,760,792,0.000533929677
2965,761,729,6.16845602e-11
2966,761,760,6.16845602e-11
2967,761,762,2.70445298e-07
2968,761,793,2.70445298e-07
2969,762,730,6.16845602e-11
2970,762,761,2.70445298e-07
2971,762,763,6.16845602e-11
2972,762,794,2.70445298e-07
2973,763,731,6.16845602e-11
2974,763,762,6.16845602e-11
2975,763,764,0.000533929677
2976,763,795,2.70445298e-07
2977,764,732,6.16845602e-11
2978,764,763,0.000533929677
2979,764,765,6.16845602e-11
2980,764,796,2.70445298e-07
2981,765,733,6.16845602e-11
2982,765,764,6.16845602e-11
2983,765,766,7.72077037e-05
2984,765,797,2.70445298e-07
2985,766,734,3.63871777e-08
2986,766,765,7.72077037e-05
2987,766,767,8.86542679e-08
2988,766,798,0.000374907657
2989,767,735,9.40161143e-11
2990,767,766,8.86542679e-08
2991,767,799,1.58428211e-05
2992,768,736,0.0800327137
2993,768,769,8.86542679e-08
2994,768,800,9.40161143e-11
2995,769,737,0.202347666
2996,769,768,8.86542679e-08
2997,769,770,1.58295222e-06
2998,769,801,3.63871777e-08
2999,770,738,0.000533929677
3000,770,769,1.58295222e-06
3001,770,771,6.16845602e-11
3002,770,802,6.16845602e-11
3003,771,739,0.000533929677
3004,771,770,6.16845602e-11
3005,771,772,0.000533929677
3006,771,803,6.16845602e-11
3007,772,740,2.70445298e-07
3008,772,771,0.000533929677
3009,772,773,6.16845602e-11
3010,772,804,6.16845602e-11
3011,773,741,2.70445298e-07
3012,773,772,6.16845602e-11
3013,773,774,0.000533929677
3014,773,805,6.16845602e-11
3015,774,742,2.70445298e-07
3016,774,773,0.000533929677
3017,774,775,6.16845602e-11
3018,774,806,6.16845602e-11
3019,775,743,2.70445298e-07
3020,775,774,6.16845602e-11
3021,775,776,0.000533929677
3022,775,807,6.16845602e-11
3023,776,744,0.000533929677
3024,776,775,0.000533929677
3025,776,777,6.16845602e-11
3026,776,808,6.16845602e-11
3027,777,745,0.000533929677
3028,777,776,6.16845602e-11
3029,777,778,0.000533929677
3030,777,809,6.16845602e-11
3031,778,746,0.000533929677
3032,778,777,0.000533929677
3033,778,779,6.16845602e-11
3034,778,810,6.16845602e-11
3035,779,747,0.000533929677
3036,779,778,6.16845602e-11
3037,779,780,2.70445298e-07
3038,779,811,6.16845602e-11
3039,780,748,0.000533929677
3040,780,779,2.70445298e-07
3041,780,781,6.16845602e-11
3042,780,812,6.16845602e-11
3043,781,749,0.000533929677
3044,781,780,6.16845602e-11
3045,781,782,0.000533929677
3046,781,813,6.16845602e-11
3047,782,750,0.000533929677
3048,782,781,0.000533929677
3049,782,783,6.16845602e-11
3050,782,814,6.16845602e-11
3051,783,751,2.70445298e-07
3052,783,782,6.16845602e-11
3053,783,784,2.70445298e-07
3054,783,815,6.16845602e-11
3055,784,752,2.70445298e-07
3056,784,783,2.70445298e-07
3057,784,785,6.16845602e-11
3058,784,816,6.16845602e-11
3059,785,753,2.70445298e-07
3060,785,784,6.16845602e-11
3061,785,786,2.70445298e-07
3062,785,817,6.16845602e-11
3063,786,754,2.70445298e-07
3064,786,785,2.70445298e-07
3065,786,787,6.16845602e-11
3066,786,818,6.16845602e-11
3067,787,755,2.70445298e-07
3068,787,786,6.16845602e-11
3069,787,788,6.16845602e-11
3070,787,819,6.16845602e-11
3071,788,756,2.70445298e-07
3072,788,787,6.16845602e-11
3073,788,789,0.000533929677
3074,788,820,6.16845602e-11
3075,789,757,2.70445298e-07
3076,789,788,0.000533929677
3077,789,790,6.16845602e-11
3078,789,821,6.16845602e-11
3079,790,758,2.70445298e-07
3080,790,789,6.16845602e-11
3081,790,791,6.16845602e-11
3082,790,822,6.16845602e-11
3083,791,759,2.70445298e-07
3084,791,790,6.16845602e-11
3085,791,792,6.16845602e-11
3086,791,823,6.16845602e-11
3087,792,760,0.000533929677
3088,792,791,6.16845602e-11
3089,792,793,0.000533929677
3090,792,824,6.16845602e-11
3091,793,761,2.70445298e-07
3092,793,792,0.000533929677
3093,793,794,6.16845602e-11
3094,793,825,6.16845602e-11
3095,794,762,2.70445298e-07
3096,794,793,6.16845602e-11
3097,794,795,6.16845602e-11
3098,794,826,6.16845602e-11
3099,795,763,2.70445298e-07
3100,795,794,6.16845602e-11
3101,795,796,0.000533929677
3102,795,827,6.16845602e-11
3103,796,764,2.70445298e-07
3104,796,795,0.000533929677
3105,796,797,6.16845602e-11
3106,796,828,6.16845602e-11
3107,797,765,2.70445298e-07
3108,797,796,6.16845602e-11
3109,797,798,7.72077037e-05
3110,797,829,6.16845602e-11
3111,798,766,0.000374907657
3112,798,797,7.72077037e-05
3113,798,799,8.86542679e-08
3114,798,830,3.63871777e-08
3115,799,767,1.58428211e-05
3116,799,798,8.86542679e-08
3117,799,831,9.40161143e-11
3118,800,768,9.40161143e-11
3119,800,801,8.86542679e-08
3120,800,832,1.58428211e-05
3121,801,769,3.63871777e-08
3122,801,800,8.86542679e-08
3123,801,802,1.58295222e-06
3124,801,833,0.000374907657
3125,802,770,6.16845602e-11
3126,802,801,1.58295222e-06
3127,802,803,6.16845602e-11
3128,802,834,2.70445298e-07
3129,803,771,6.16845602e-11
3130,803,802,6.16845602e-11
3131,803,804,0.000533929677
3132,803,835,2.70445298e-07
3133,804,772,6.16845602e-11
3134,804,803,0.000533929677
3135,804,805,6.16845602e-11
3136,804,836,0.000533929677
3137,805,773,6.16845602e-11
3138,805,804,6.16845602e-11
3139,805,806,0.000533929677
3140,805,837,0.000533929677
3141,806,774,6.16845602e-11
3142,806,805,0.000533929677
3143,806,807,6.16845602e-11
3144,806,838,0.000533929677
3145,807,775,6.16845602e-11
3146,807,806,6.16845602e-11
3147,807,808,0.000533929677
3148,807,839,0.000533929677
3149,808,776,6.16845602e-11
3150,808,807,0.000533929677
3151,808,809,6.16845602e-11
3152,808,840,2.70445298e-07
3153,809,777,6.16845602e-11
3154,809,808,6.16845602e-11
3155,809,810,0.000533929677
3156,809,841,2.70445298e-07
3157,810,778,6.16845602e-11
3158,810,809,0.000533929677
3159,810,811,6.16845602e-11
3160,810,842,0.000533929677
3161,811,779,6.16845602e-11
3162,811,810,6.16845602e-11
3163,811,812,2.70445298e-07
3164,811,843,0.000533929677
3165,812,780,6.16845602e-11
3166,812,811,2.70445298e-07
3167,812,813,6.16845602e-11
3168,812,844,0.000533929677
3169,813,781,6.16845602e-11
3170,813,812,6.16845602e-11
3171,813,814,0.000533929677
3172,813,845,0.000533929677
3173,814,782,6.16845602e-11
3174,814,813,0.000533929677
3175,814,815,6.16845602e-11
3176,814,846,0.000533929677
3177,815,783,6.16845602e-11
3178,815,814,6.16845602e-11
3179,815,816,2.70445298e-07
3180,815,847,0.000533929677
3181,816,784,6.16845602e-11
3182,816,815,2.70445298e-07
3183,816,817,6.16845602e-11
3184,816,848,0.000533929677
3185,817,785,6.16845602e-11
3186,817,816,6.16845602e-11
3187,817,818,2.70445298e-07
3188,817,849,0.000533929677
3189,818,786,6.16845602e-11
3190,818,817,2.70445298e-07
3191,818,819,6.16845602e-11
3192,818,850,0.000533929677
3193,819,787,6.16845602e-11
3194,819,818,6.16845602e-11
3195,819,820,6.16845602e-11
3196,819,851,0.000533929677
3197,820,788,6.16845602e-11
3198,820,819,6.16845602e-11
3199,820,821,0.000533929677
3200,820,852,0.000533929677
3201,821,789,6.16845602e-11
3202,821,820,0.000533929677
3203,821,822,6.16845602e-11
3204,821,853,6.16845602e-11
3205,822,790,6.16845602e-11
3206,822,821,6.16845602e-11
3207,822,823,6.16845602e-11
3208,822,854,6.16845602e-11
3209,823,791,6.16845602e-11
3210,823,822,6.16845602e-11
3211,823,824,6.16845602e-11
3212,823,855,6.16845602e-11
3213,824,792,6.16845602e-11
3214,824,823,6.16845602e-11
3215,824,825,0.000533929677
3216,824,856,6.16845602e-11
3217,825,793,6.16845602e-11
3218,825,824,0.000533929677
3219,825,826,6.16845602e-11
3220,825,857,0.000533929677
3221,826,794,6.16845602e-11
3222,826,825,6.16845602e-11
3223,826,827,6.16845602e-11
3224,826,858,0.000533929677
3225,827,795,6.16845602e-11
3226,827,826,6.16845602e-11
3227,827,828,0.000533929677
3228,827,859,0.000533929677
3229,828,796,6.16845602e-11
3230,828,827,0.000533929677
3231,828,829,6.16845602e-11
3232,828,860,0.000533929677
3233,829,797,6.16845602e-11
3234,829,828,6.16845602e-11
3235,829,830,7.72077037e-05
3236,829,861,0.000533929677
3237,830,798,3.63871777e-08
3238,830,829,7.72077037e-05
3239,830,831,8.86542679e-08
3240,830,862,0.202347666
3241,831,799,9.40161143e-11
3242,831,830,8.86542679e-08
3243,831,863,0.0800327137
3244,832,800,1.58428211e-05
3245,832,833,8.86542679e-08
3246,832,864,9.40161143e-11
3247,833,801,0.000374907657
3248,833,832,8.86542679e-08
3249,833,834,1.58295222e-06
3250,833,865,3.63871777e-08
3251,834,802,2.70445298e-07
3252,834,833,1.58295222e-06
3253,834,835,6.16845602e-11
3254,834,866,6.16845602e-11
3255,835,803,2.70445298e-07
3256,835,834,6.16845602e-11
3257,835,836,0.000533929677
3258,835,867,6.16845602e-11
3259,836,804,0.000533929677
3260,836,835,0.000533929677
3261,836,837,6.16845602e-11
3262,836,868,6.16845602e-11
3263,837,805,0.000533929677
3264,837,836,6.16845602e-11
3265,837,838,2.70445298e-07
3266,837,869,6.16845602e-11
3267,838,806,0.000533929677
3268,838,837,2.70445298e-07
3269,838,839,6.16845602e-11
3270,838,870,6.16845602e-11
3271,839,807,0.000533929677
3272,839,838,6.16845602e-11
3273,839,840,0.000533929677
3274,839,871,6.16845602e-11
3275,840,808,2.70445298e-07
3276,840,839,0.000533929677
3277,840,841,6.16845602e-11
3278,840,872,6.16845602e-11
3279,841,809,2.70445298e-07
3280,841,840,6.16845602e-11
3281,841,842,0.000533929677
3282,841,873,6.16845602e-11
3283,842,810,0.000533929677
3284,842,841,0.000533929677
3285,842,843,6.16845602e-11
3286,842,874,6.16845602e-11
3287,843,811,0.000533929677
3288,843,842,6.16845602e-11
3289,843,844,6.16845602e-11
3290,843,875,6.16845602e-11
3291,844,812,0.000533929677
3292,844,843,6.16845602e-11
3293,844,845,0.000533929677
3294,844,876,6.16845602e-11
3295,845,813,0.000533929677
3296,845,844,0.000533929677
3297,845,846,6.16845602e-11
3298,845,877,6.16845602e-11
3299,846,814,0.000533929677
3300,846,845,6.16845602e-11
3301,846,847,2.70445298e-07
3302,846,878,6.16845602e-11
3303,847,815,0.000533929677
3304,847,846,2.70445298e-07
3305,847,848,6.16845602e-11
3306,847,879,6.16845602e-11
3307,848,816,0.000533929677
3308,848,847,6.16845602e-11
3309,848,849,0.000533929677
3310,848,880,6.16845602e-11
3311,849,817,0.000533929677
3312,849,848,0.000533929677
3313,849,850,6.16845602e-11
3314,849,881,6.16845602e-11
3315,850,818,0.000533929677
3316,850,849,6.16845602e-11
3317,850,851,2.70445298e-07
3318,850,882,6.16845602e-11
3319,851,819,0.000533929677
3320,851,850,2.70445298e-07
3321,851,852,6.16845602e-11
3322,851,883,6.16845602e-11
3323,852,820,0.000533929677
3324,852,851,6.16845602e-11
3325,852,853,0.000533929677
3326,852,884,6.16845602e-11
3327,853,821,6.16845602e-11
3328,853,852,0.000533929677
3329,853,854,6.16845602e-11
3330,853,885,6.16845602e-11
3331,854,822,6.16845602e-11
3332,854,853,6.16845602e-11
3333,854,855,6.16845602e-11
3334,854,886,6.16845602e-11
3335,855,823,6.16845602e-11
3336,855,854,6.16845602e-11
3337,855,856,6.16845602e-11
3338,855,887,6.16845602e-11
3339,856,824,6.16845602e-11
3340,856,855,6.16845602e-11
3341,856,857,0.000533929677
3342,856,888,6.16845602e-11
3343,857,825,0.000533929677
3344,857,856,0.000533929677
3345,857,858,6.16845602e-11
3346,857,889,6.16845602e-11
3347,858,826,0.000533929677
3348,858,857,6.16845602e-11
3349,858,859,2.70445298e-07
3350,858,890,6.16845602e-11
3351,859,827,0.000533929677
3352,859,858,2.70445298e-07
3353,859,860,6.16845602e-11
3354,859,891,6.16845602e-11
3355,860,828,0.000533929677
3356,860,859,6.16845602e-11
3357,860,861,0.000533929677
3358,860,892,6.16845602e-11
3359,861,829,0.000533929677
3360,861,860,0.000533929677
3361,861,862,4.18347597e-08
3362,861,893,6.16845602e-11
3363,862,830,0.202347666
3364,862,861,4.18347597e-08
3365,862,863,8.86542679e-08
3366,862,894,3.63871777e-08
3367,863,831,0.0800327137
3368,863,862,8.86542679e-08
3369,863,895,9.40161143e-11
3370,864,832,9.40161143e-11
3371,864,865,8.86542679e-08
3372,864,896,0.0800327137
3373,865,833,3.63871777e-08
3374,865,864,8.86542679e-08
3375,865,866,1.58295222e-06
3376,865,897,0.202347666
3377,866,834,6.16845602e-11
3378,866,865,1.58295222e-06
3379,866,867,6.16845602e-11
3380,866,898,0.000533929677
3381,867,835,6.16845602e-11
3382,867,866,6.16845602e-11
3383,867,868,0.000533929677
3384,867,899,0.000533929677
3385,868,836,6.16845602e-11
3386,868,867,0.000533929677
3387,868,869,6.16845602e-11
3388,868,900,0.000533929677
3389,869,837,6.16845602e-11
3390,869,868,6.16845602e-11
3391,869,870,2.70445298e-07
3392,869,901,0.000533929677
3393,870,838,6.16845602e-11
3394,870,869,2.70445298e-07
3395,870,871,6.16845602e-11
3396,870,902,0.000533929677
3397,871,839,6.16845602e-11
3398,871,870,6.16845602e-11
3399,871,872,0.000533929677
3400,871,903,0.000533929677
3401,872,840,6.16845602e-11
3402,872,871,0.000533929677
3403,872,873,6.16845602e-11
3404,872,904,0.000533929677
3405,873,841,6.16845602e-11
3406,873,872,6.16845602e-11
3407,873,874,0.000533929677
3408,873,905,0.000533929677
3409,874,842,6.16845602e-11
3410,874,873,0.000533929677
3411,874,875,6.16845602e-11
3412,874,906,2.70445298e-07
3413,875,843,6.16845602e-11
3414,875,874,6.16845602e-11
3415,875,876,6.16845602e-11
3416,875,907,2.70445298e-07
3417,876,844,6.16845602e-11
3418,876,875,6.16845602e-11
3419,876,877,0.000533929677
3420,876,908,2.70445298e-07
3421,877,845,6.16845602e-11
3422,877,876,0.000533929677
3423,877,878,6.16845602e-11
3424,877,909,2.70445298e-07
3425,878,846,6.16845602e-11
3426,878,877,6.16845602e-11
3427,878,879,2.70445298e-07
3428,878,910,2.70445298e-07
3429,879,847,6.16845602e-11
3430,879,878,2.70445298e-07
3431,879,880,6.16845602e-11
3432,879,911,2.70445298e-07
3433,880,848,6.16845602e-11
3434,880,879,6.16845602e-11
3435,880,881,0.000533929677
3436,880,912,2.70445298e-07
3437,881,849,6.16845602e-11
3438,881,880,0.000533929677
3439,881,882,6.16845602e-11
3440,881,913,0.000533929677
3441,882,850,6.16845602e-11
3442,882,881,6.16845602e-11
3443,882,883,2.70445298e-07
3444,882,914,2.70445298e-07
3445,883,851,6.16845602e-11
3446,883,882,2.70445298e-07
3447,883,884,6.16845602e-11
3448,883,915,2.70445298e-07
3449,884,852,6.16845602e-11
3450,884,883,6.16845602e-11
3451,884,885,0.000533929677
3452,884,916,2.70445298e-07
3453,885,853,6.16845602e-11
3454,885,884,0.000533929677
3455,885,886,6.16845602e-11
3456,885,917,0.000533929677
3457,886,854,6.16845602e-11
3458,886,885,6.16845602e-11
3459,886,887,6.16845602e-11
3460,886,918,0.000533929677
3461,887,855,6.16845602e-11
3462,887,886,6.16845602e-11
3463,887,888,6.16845602e-11
3464,887,919,0.000533929677
3465,888,856,6.16845602e-11
3466,888,887,6.16845602e-11
3467,888,889,0.000533929677
3468,888,920,0.000533929677
3469,889,857,6.16845602e-11
3470,889,888,0.000533929677
3471,889,890,6.16845602e-11
3472,889,921,0.000533929677
3473,890,858,6.16845602e-11
3474,890,889,6.16845602e-11
3475,890,891,2.70445298e-07
3476,890,922,0.000533929677
3477,891,859,6.16845602e-11
3478,891,890,2.70445298e-07
3479,891,892,6.16845602e-11
3480,891,923,0.000533929677
3481,892,860,6.16845602e-11
3482,892,891,6.16845602e-11
3483,892,893,0.000533929677
3484,892,924,0.000533929677
3485,893,861,6.16845602e-11
3486,893,892,0.000533929677
3487,893,894,4.18347597e-08
3488,893,925,2.70445298e-07
3489,894,862,3.63871777e-08
3490,894,893,4.18347597e-08
3491,894,895,8.86542679e-08
3492,894,926,0.000374907657
3493,895,863,9.40161143e-11
3494,895,894,8.86542679e-08
3495,895,927,1.58428211e-05
3496,896,864,0.0800327137
3497,896,897,8.86542679e-08
3498,896,928,9.40161143e-11
3499,897,865,0.202347666
3500,897,896,8.86542679e-08
3501,897,898,5.80368774e-11
3502,897,929,3.63871777e-08
3503,898,866,0.000533929677
3504,898,897,5.80368774e-11
3505,898,899,6.16845602e-11
3506,898,930,6.16845602e-11
3507,899,867,0.000533929677
3508,899,898,6.16845602e-11
3509,899,900,2.70445298e-07
3510,899,931,6.16845602e-11
3511,900,868,0.000533929677
3512,900,899,2.70445298e-07
3513,900,901,6.16845602e-11
3514,900,932,6.16845602e-11
3515,901,869,0.000533929677
3516,901,900,6.16845602e-11
3517,901,902,0.000533929677
3518,901,933,6.16845602e-11
3519,902,870,0.000533929677
3520,902,901,0.000533929677
3521,902,903,6.16845602e-11
3522,902,934,6.16845602e-11
3523,903,871,0.000533929677
3524,903,902,6.16845602e-11
3525,903,904,2.70445298e-07
3526,903,935,6.16845602e-11
3527,904,872,0.000533929677
3528,904,903,2.70445298e-07
3529,904,905,6.16845602e-11
3530,904,936,6.16845602e-11
3531,905,873,0.000533929677
3532,905,904,6.16845602e-11
3533,905,906,0.000533929677
3534,905,937,6.16845602e-11
3535,906,874,2.70445298e-07
3536,906,905,0.000533929677
3537,906,907,6.16845602e-11
3538,906,938,6.16845602e-11
3539,907,875,2.70445298e-07
3540,907,906,6.16845602e-11
3541,907,908,6.16845602e-11
3542,907,939,6.16845602e-11
3543,908,876,2.70445298e-07
3544,908,907,6.16845602e-11
3545,908,909,0.000533929677
3546,908,940,6.16845602e-11
3547,909,877,2.70445298e-07
3548,909,908,0.000533929677
3549,909,910,6.16845602e-11
3550,909,941,6.16845602e-11
3551,910,878,2.70445298e-07
3552,910,909,6.16845602e-11
3553,910,911,6.16845602e-11
3554,910,942,6.16845602e-11
3555,911,879,2.70445298e-07
3556,911,910,6.16845602e-11
3557,911,912,2.70445298e-07
3558,911,943,6.16845602e-11
3559,912,880,2.70445298e-07
3560,912,911,2.70445298e-07
3561,912,913,6.16845602e-11
3562,912,944,6.16845602e-11
3563,913,881,0.000533929677
3564,913,912,6.16845602e-11
3565,913,914,0.000533929677
3566,913,945,6.16845602e-11
3567,914,882,2.70445298e-07
3568,914,913,0.000533929677
3569,914,915,6.16845602e-11
3570,914,946,6.16845602e-11
3571,915,883,2.70445298e-07
3572,915,914,6.16845602e-11
3573,915,916,2.70445298e-07
3574,915,947,6.16845602e-11
3575,916,884,2.70445298e-07
3576,916,915,2.70445298e-07
3577,916,917,6.16845602e-11
3578,916,948,6.16845602e-11
3579,917,885,0.000533929677
3580,917,916,6.16845602e-11
3581,917,918,0.000533929677
3582,917,949,6.16845602e-11
3583,918,886,0.000533929677
3584,918,917,0.000533929677
3585,918,919,6.16845602e-11
3586,918,950,6.16845602e-11
3587,919,887,0.000533929677
3588,919,918,6.16845602e-11
3589,919,920,6.16845602e-11
3590,919,951,6.16845602e-11
3591,920,888,0.000533929677
3592,920,919,6.16845602e-11
3593,920,921,2.70445298e-07
3594,920,952,6.16845602e-11
3595,921,889,0.000533929677
3596,921,920,2.70445298e-07
3597,921,922,6.16845602e-11
3598,921,953,6.16845602e-11
3599,922,890,0.000533929677
3600,922,921,6.16845602e-11
3601,922,923,0.000533929677
3602,922,954,6.16845602e-11
3603,923,891,0.000533929677
3604,923,922,0.000533929677
3605,923,924,6.16845602e-11
3606,923,955,6.16845602e-11
3607,924,892,0.000533929677
3608,924,923,6.16845602e-11
3609,924,925,2.70445298e-07
3610,924,956,6.16845602e-11
3611,925,893,2.70445298e-07
3612,925,924,2.70445298e-07
3613,925,926,4.18347597e-08
3614,925,957,6.16845602e-11
3615,926,894,0.000374907657
3616,926,925,4.18347597e-08
3617,926,927,8.86542679e-08
3618,926,958,3.63871777e-08
3619,927,895,1.58428211e-05
3620,927,926,8.86542679e-08
3621,927,959,9.40161143e-11
3622,928,896,9.40161143e-11
3623,928,929,8.86542679e-08
3624,928,960,1.79431081e-05
3625,929,897,3.63871777e-08
3626,929,928,8.86542679e-08
3627,929,930,5.80368774e-11
3628,929,961,0.000733765832
3629,930,898,6.16845602e-11
3630,930,929,5.80368774e-11
3631,930,931,6.16845602e-11
3632,930,962,7.72077037e-05
3633,931,899,6.16845602e-11
3634,931,930,6.16845602e-11
3635,931,932,2.70445298e-07
3636,931,963,7.72077037e-05
3637,932,900,6.16845602e-11
3638,932,931,2.70445298e-07
3639,932,933,6.16845602e-11
3640,932,964,4.18347597e-08
3641,933,901,6.16845602e-11
3642,933,932,6.16845602e-11
3643,933,934,0.000533929677
3644,933,965,4.18347597e-08
3645,934,902,6.16845602e-11
3646,934,933,0.000533929677
3647,934,935,6.16845602e-11
3648,934,966,7.72077037e-05
3649,935,903,6.16845602e-11
3650,935,934,6.16845602e-11
3651,935,936,2.70445298e-07
3652,935,967,7.72077037e-05
3653,936,904,6.16845602e-11
3654,936,935,2.70445298e-07
3655,936,937,6.16845602e-11
3656,936,968,7.72077037e-05
3657,937,905,6.16845602e-11
3658,937,936,6.16845602e-11
3659,937,938,0.000533929677
3660,937,969,7.72077037e-05
3661,938,906,6.16845602e-11
3662,938,937,0.000533929677
3663,938,939,6.16845602e-11
3664,938,970,0.0839869455
3665,939,907,6.16845602e-11
3666,939,938,6.16845602e-11
3667,939,940,6.16845602e-11
3668,939,971,7.72077037e-05
3669,940,908,6.16845602e-11
3670,940,939,6.16845602e-11
3671,940,941,0.000533929677
3672,940,972,7.72077037e-05
3673,941,909,6.16845602e-11
3674,941,940,0.000533929677
3675,941,942,6.16845602e-11
3676,941,973,7.72077037e-05
3677,942,910,6.16845602e-11
3678,942,941,6.16845602e-11
3679,942,943,6.16845602e-11
3680,942,974,7.72077037e-05
3681,943,911,6.16845602e-11
3682,943,942,6.16845602e-11
3683,943,944,2.70445298e-07
3684,943,975,7.72077037e-05
3685,944,912,6.16845602e-11
3686,944,943,2.70445298e-07
3687,944,945,6.16845602e-11
3688,944,976,7.72077037e-05
3689,945,913,6.16845602e-11
3690,945,944,6.16845602e-11
3691,945,946,0.000533929677
3692,945,977,7.72077037e-05
3693,946,914,6.16845602e-11
3694,946,945,0.000533929677
3695,946,947,6.16845602e-11
3696,946,978,7.72077037e-05
3697,947,915,6.16845602e-11
3698,947,946,6.16845602e-11
3699,947,948,2.70445298e-07
3700,947,979,7.72077037e-05
3701,948,916,6.16845602e-11
3702,948,947,2.70445298e-07
3703,948,949,6.16845602e-11
3704,948,980,7.72077037e-05
3705,949,917,6.16845602e-11
3706,949,948,6.16845602e-11
3707,949,950,0.000533929677
3708,949,981,7.72077037e-05
3709,950,918,6.16845602e-11
3710,950,949,0.000533929677
3711,950,951,6.16845602e-11
3712,950,982,7.72077037e-05
3713,951,919,6.16845602e-11
3714,951,950,6.16845602e-11
3715,951,952,6.16845602e-11
3716,951,983,7.72077037e-05
3717,952,920,6.16845602e-11
3718,952,951,6.16845602e-11
3719,952,953,2.70445298e-07
3720,952,984,7.72077037e-05
3721,953,921,6.16845602e-11
3722,953,952,2.70445298e-07
3723,953,954,6.16845602e-11
3724,953,985,7.72077037e-05
3725,954,922,6.16845602e-11
3726,954,953,6.16845602e-11
3727,954,955,0.000533929677
3728,954,986,7.72077037e-05
3729,955,923,6.16845602e-11
3730,955,954,0.000533929677
3731,955,956,6.16845602e-11
3732,955,987,0.0839869455
3733,956,924,6.16845602e-11
3734,956,955,6.16845602e-11
3735,956,957,2.70445298e-07
3736,956,988,7.72077037e-05
3737,957,925,6.16845602e-11
3738,957,956,2.70445298e-07
3739,957,958,4.18347597e-08
3740,957,989,7.72077037e-05
3741,958,926,3.63871777e-08
3742,958,957,4.18347597e-08
3743,958,959,8.86542679e-08
3744,958,990,0.000733765832
3745,959,927,9.40161143e-11
3746,959,958,8.86542679e-08
3747,959,991,1.79431081e-05
3748,960,928,1.79431081e-05
3749,960,961,1.02262746e-07
3750,960,992,1.48625279e-10
3751,961,929,0.000733765832
3752,961,960,1.02262746e-07
3753,961,962,3.83147558e-08
3754,961,993,1.02262746e-07
3755,962,930,7.72077037e-05
3756,962,961,3.83147558e-08
3757,962,963,3.63871777e-08
3758,962,994,8.86542679e-08
3759,963,931,7.72077037e-05
3760,963,962,3.63871777e-08
3761,963,964,0.000374907657
3762,963,995,8.86542679e-08
3763,964,932,4.18347597e-08
3764,964,963,0.000374907657
3765,964,965,3.63871777e-08
3766,964,996,8.86542679e-08
3767,965,933,4.18347597e-08
3768,965,964,3.63871777e-08
3769,965,966,0.202347666
3770,965,997,8.86542679e-08
3771,966,934,7.72077037e-05
3772,966,965,0.202347666
3773,966,967,3.63871777e-08
3774,966,998,8.86542679e-08
3775,967,935,7.72077037e-05
3776,967,966,3.63871777e-08
3777,967,968,3.63871777e-08
3778,967,999,8.86542679e-08
3779,968,936,7.72077037e-05
3780,968,967,3.63871777e-08
3781,968,969,0.000374907657
3782,968,1000,8.86542679e-08
3783,969,937,7.72077037e-05
3784,969,968,0.000374907657
3785,969,970,3.63871777e-08
3786,969,1001,8.86542679e-08
3787,970,938,0.0839869455
3788,970,969,3.63871777e-08
3789,970,971,0.202347666
3790,970,1002,8.86542679e-08
3791,971,939,7.72077037e-05
3792,971,970,0.202347666
3793,971,972,3.63871777e-08
3794,971,1003,8.86542679e-08
3795,972,940,7.72077037e-05
3796,972,971,3.63871777e-08
3797,972,973,0.202347666
3798,972,1004,8.86542679e-08
3799,973,941,7.72077037e-05
3800,973,972,0.202347666
3801,973,974,3.63871777e-08
3802,973,1005,8.86542679e-08
3803,974,942,7.72077037e-05
3804,974,973,3.63871777e-08
3805,974,975,0.000374907657
3806,974,1006,8.86542679e-08
3807,975,943,7.72077037e-05
3808,975,974,0.000374907657
3809,975,976,3.63871777e-08
3810,975,1007,8.86542679e-08
3811,976,944,7.72077037e-05
3812,976,975,3.63871777e-08
3813,976,977,3.63871777e-08
3814,976,1008,8.86542679e-08
3815,977,945,7.72077037e-05
3816,977,976,3.63871777e-08
3817,977,978,0.202347666
3818,977,1009,8.86542679e-08
3819,978,946,7.72077037e-05
3820,978,977,0.202347666
3821,978,979,3.63871777e-08
3822,978,1010,8.86542679e-08
3823,979,947,7.72077037e-05
3824,979,978,3.63871777e-08
3825,979,980,0.000374907657
3826,979,1011,8.86542679e-08
3827,980,948,7.72077037e-05
3828,980,979,0.000374907657
3829,980,981,3.63871777e-08
3830,980,1012,8.86542679e-08
3831,981,949,7.72077037e-05
3832,981,980,3.63871777e-08
3833,981,982,0.202347666
3834,981,1013,8.86542679e-08
3835,982,950,7.72077037e-05
3836,982,981,0.202347666
3837,982,983,3.63871777e-08
3838,982,1014,8.86542679e-08
3839,983,951,7.72077037e-05
3840,983,982,3.63871777e-08
3841,983,984,0.000374907657
3842,983,1015,8.86542679e-08
3843,984,952,7.72077037e-05
3844,984,983,0.000374907657
3845,984,985,3.63871777e-08
3846,984,1016,8.86542679e-08
3847,985,953,7.72077037e-05
3848,985,984,3.63871777e-08
3849,985,986,0.000374907657
3850,985,1017,8.86542679e-08
3851,986,954,7.72077037e-05
3852,986,985,0.000374907657
3853,986,987,3.63871777e-08
3854,986,1018,8.86542679e-08
3855,987,955,0.0839869455
3856,987,986,3.63871777e-08
3857,987,988,0.202347666
3858,987,1019,8.86542679e-08
3859,988,956,7.72077037e-05
3860,988,987,0.202347666
3861,988,989,3.63871777e-08
3862,988,1020,8.86542679e-08
3863,989,957,7.72077037e-05
3864,989,988,3.63871777e-08
3865,989,990,0.000733765832
3866,989,1021,8.86542679e-08
3867,990,958,0.000733765832
3868,990,989,0.000733765832
3869,990,991,1.02262746e-07
3870,990,1022,1.02262746e-07
3871,991,959,1.79431081e-05
3872,991,990,1.02262746e-07
3873,991,1023,1.48625279e-10
3874,992,960,1.48625279e-10
3875,992,993,1.48625279e-10
3876,993,961,1.02262746e-07
3877,993,992,1.48625279e-10
3878,993,994,4.58081698e-11
3879,994,962,8.86542679e-08
3880,994,993,4.58081698e-11
3881,994,995,9.40161143e-11
3882,995,963,8.86542679e-08
3883,995,994,9.40161143e-11
3884,995,996,1.58428211e-05
3885,996,964,8.86542679e-08
3886,996,995,1.58428211e-05
3887,996,997,9.40161143e-11
3888,997,965,8.86542679e-08
3889,997,996,9.40161143e-11
3890,997,998,0.0800327137
3891,998,966,8.86542679e-08
3892,998,997,0.0800327137
3893,998,999,9.40161143e-11
3894,999,967,8.86542679e-08
3895,999,998,9.40161143e-11
3896,999,1000,9.40161143e-11
3897,1000,968,8.86542679e-08
3898,1000,999,9.40161143e-11
3899,1000,1001,1.58428211e-05
3900,1001,969,8.86542679e-08
3901,1001,1000,1.58428211e-05
3902,1001,1002,9.40161143e-11
3903,1002,970,8.86542679e-08
3904,1002,1001,9.40161143e-11
3905,1002,1003,0.0800327137
3906,1003,971,8.86542679e-08
3907,1003,1002,0.0800327137
3908,1003,1004,9.40161143e-11
3909,1004,972,8.86542679e-08
3910,1004,1003,9.40161143e-11
3911,1004,1005,0.0800327137
3912,1005,973,8.86542679e-08
3913,1005,1004,0.0800327137
3914,1005,1006,9.40161143e-11
3915,1006,974,8.86542679e-08
3916,1006,1005,9.40161143e-11
3917,1006,1007,1.58428211e-05
3918,1007,975,8.86542679e-08
3919,1007,1006,1.58428211e-05
3920,1007,1008,9.40161143e-11
3921,1008,976,8.86542679e-08
3922,1008,1007,9.40161143e-11
3923,1008,1009,9.40161143e-11
3924,1009,977,8.86542679e-08
3925,1009,1008,9.40161143e-11
3926,1009,1010,0.0800327137
3927,1010,978,8.86542679e-08
3928,1010,1009,0.0800327137
3929,1010,1011,9.40161143e-11
3930,1011,979,8.86542679e-08
3931,1011,1010,9.40161143e-11
3932,1011,1012,1.58428211e-05
3933,1012,980,8.86542679e-08
3934,1012,1011,1.58428211e-05
3935,1012,1013,9.40161143e-11
3936,1013,981,8.86542679e-08
3937,1013,1012,9.40161143e-11
3938,1013,1014,0.0800327137
3939,1014,982,8.86542679e-08
3940,1014,1013,0.0800327137
3941,1014,1015,9.40161143e-11
3942,1015,983,8.86542679e-08
3943,1015,1014,9.40161143e-11
3944,1015,1016,1.58428211e-05
3945,1016,984,8.86542679e-08
3946,1016,1015,1.58428211e-05
3947,1016,1017,9.40161143e-11
3948,1017,985,8.86542679e-08
3949,1017,1016,9.40161143e-11
3950,1017,1018,1.58428211e-05
3951,1018,986,8.86542679e-08
3952,1018,1017,1.58428211e-05
3953,1018,1019,9.40161143e-11
3954,1019,987,8.86542679e-08
3955,1019,1018,9.40161143e-11
3956,1019,1020,0.0800327137
3957,1020,988,8.86542679e-08
3958,1020,1019,0.0800327137
3959,1020,1021,9.40161143e-11
3960,1021,989,8.86542679e-08
3961,1021,1020,9.40161143e-11
3962,1021,1022,1.79431081e-05
3963,1022,990,1.02262746e-07
3964,1022,1021,1.79431081e-05
3965,1022,1023,1.48625279e-10
3966,1023,991,1.48625279e-10
3967,1023,1022,1.48625279e-10
