method_id,step,retriever,ranker,M,repeat,restricted_oracle_node,restricted_oracle_gain,pool_best_node,pool_best_gain,selected_node,selected_gain,candidate_loss,ranking_loss,total_regret,decomposition_error,retrieval_runtime_seconds,reranking_runtime_seconds,gain_evaluation_runtime_seconds
method-001,1,Degree,OriginalOrder,10,,1265,85.1,1265,85.1,916,28.0,0.0,57.099999999999994,57.099999999999994,0.0,0.00010919999999714491,2.0000015865662135e-07,0.375639000000092
method-001,2,Degree,OriginalOrder,10,,1265,86.1,1265,86.1,410,47.1,0.0,38.99999999999999,38.99999999999999,0.0,8.849999994708924e-05,1.999999312829459e-07,0.4817390999999134
method-001,3,Degree,OriginalOrder,10,,1265,81.1,1265,81.1,1265,81.1,0.0,0.0,0.0,0.0,8.810000008452334e-05,3.000000106112566e-07,0.4108642000001055
method-001,4,Degree,OriginalOrder,10,,228,49.5,310,46.0,830,24.7,3.5,21.3,24.8,0.0,9.799999997994746e-05,2.0000015865662135e-07,0.4892733000001499
method-001,5,Degree,OriginalOrder,10,,228,59.6,310,44.3,1249,13.7,15.300000000000004,30.599999999999998,45.900000000000006,3.552713678800501e-15,9.76999999693362e-05,2.0000015865662135e-07,0.526324700000032
method-001,6,Degree,OriginalOrder,10,,3519,54.8,310,38.0,72,8.4,16.799999999999997,29.6,46.4,0.0,0.00010739999993347737,1.999999312829459e-07,0.45870560000003024
method-001,7,Degree,OriginalOrder,10,,3519,54.1,310,38.9,98,11.5,15.200000000000003,27.4,42.6,0.0,0.00015929999995023536,2.9999978323758114e-07,0.4829247000000123
method-001,8,Degree,OriginalOrder,10,,228,55.6,892,35.5,1423,12.6,20.1,22.9,43.0,0.0,8.410000009462237e-05,1.999999312829459e-07,0.46278060000008736
method-001,9,Degree,OriginalOrder,10,,3519,54.5,310,39.8,310,39.8,14.700000000000003,0.0,14.700000000000003,0.0,7.420000019919826e-05,1.999999312829459e-07,0.43891439999993054
method-001,10,Degree,OriginalOrder,10,,228,55.0,892,32.6,985,31.0,22.4,1.6000000000000014,24.0,0.0,7.859999982429144e-05,3.000000106112566e-07,0.4510370000000421
method-002,1,Degree,MarginalGainPredictor,10,,1265,85.1,1265,85.1,1265,85.1,0.0,0.0,0.0,0.0,0.00010919999999714491,0.0010322000000542175,0.375639000000092
method-002,2,Degree,MarginalGainPredictor,10,,3519,54.6,410,47.3,410,47.3,7.300000000000004,0.0,7.300000000000004,0.0,9.529999988444615e-05,0.0012593999999808148,0.4705397999998695
method-002,3,Degree,MarginalGainPredictor,10,,3519,58.3,310,40.5,310,40.5,17.799999999999997,0.0,17.799999999999997,0.0,9.169999998448475e-05,0.001268399999844405,0.4846136999999544
method-002,4,Degree,MarginalGainPredictor,10,,228,49.6,658,32.8,985,31.8,16.800000000000004,0.9999999999999964,17.8,0.0,0.00010789999987537158,0.0011205999999219785,0.3889983999999913
method-002,5,Degree,MarginalGainPredictor,10,,228,59.7,1807,34.7,1807,34.7,25.0,0.0,25.0,0.0,0.00010530000008657225,0.001165499999842723,0.39553539999997156
method-002,6,Degree,MarginalGainPredictor,10,,3519,52.6,658,28.9,916,14.6,23.700000000000003,14.299999999999999,38.0,-1.7763568394002505e-15,9.49999998738349e-05,0.0011420999999245396,0.5196493999999348
method-002,7,Degree,MarginalGainPredictor,10,,3519,52.3,658,24.4,820,18.6,27.9,5.799999999999997,33.699999999999996,0.0,0.00014269999996940896,0.0012756000000990753,0.6080230999998548
method-002,8,Degree,MarginalGainPredictor,10,,228,55.1,892,35.5,1249,16.8,19.6,18.7,38.3,-3.552713678800501e-15,8.92999998995947e-05,0.001248099999884289,0.3040289999999004
method-002,9,Degree,MarginalGainPredictor,10,,228,62.5,830,34.7,1423,14.3,27.799999999999997,20.400000000000002,48.2,3.552713678800501e-15,8.240000011028314e-05,0.0015696000000389176,0.41177970000012465
method-002,10,Degree,MarginalGainPredictor,10,,228,54.4,892,31.7,1352,11.7,22.7,20.0,42.7,3.552713678800501e-15,8.809999985714967e-05,0.0013510000001133449,0.30012970000007044
method-003,1,Degree,OriginalOrder,20,,1265,85.1,1265,85.1,916,28.0,0.0,57.099999999999994,57.099999999999994,0.0,0.00010919999999714491,1.999999312829459e-07,0.375639000000092
method-003,2,Degree,OriginalOrder,20,,1265,86.1,1265,86.1,410,47.1,0.0,38.99999999999999,38.99999999999999,0.0,8.849999994708924e-05,6.000000212225132e-07,0.4817390999999134
method-003,3,Degree,OriginalOrder,20,,1265,81.1,1265,81.1,1265,81.1,0.0,0.0,0.0,0.0,8.810000008452334e-05,2.9999978323758114e-07,0.4108642000001055
method-003,4,Degree,OriginalOrder,20,,228,49.5,310,46.0,830,24.7,3.5,21.3,24.8,0.0,9.799999997994746e-05,1.999999312829459e-07,0.4892733000001499
method-003,5,Degree,OriginalOrder,20,,228,59.6,310,44.3,1249,13.7,15.300000000000004,30.599999999999998,45.900000000000006,3.552713678800501e-15,9.76999999693362e-05,1.999999312829459e-07,0.526324700000032
method-003,6,Degree,OriginalOrder,20,,3519,54.8,310,38.0,72,8.4,16.799999999999997,29.6,46.4,0.0,0.00010739999993347737,1.999999312829459e-07,0.45870560000003024
method-003,7,Degree,OriginalOrder,20,,3519,54.1,310,38.9,98,11.5,15.200000000000003,27.4,42.6,0.0,0.00015929999995023536,3.000000106112566e-07,0.4829247000000123
method-003,8,Degree,OriginalOrder,20,,228,55.6,892,35.5,1423,12.6,20.1,22.9,43.0,0.0,8.410000009462237e-05,3.000000106112566e-07,0.46278060000008736
method-003,9,Degree,OriginalOrder,20,,3519,54.5,310,39.8,310,39.8,14.700000000000003,0.0,14.700000000000003,0.0,7.420000019919826e-05,4.0000008993956726e-07,0.43891439999993054
method-003,10,Degree,OriginalOrder,20,,228,55.0,892,32.6,985,31.0,22.4,1.6000000000000014,24.0,0.0,7.859999982429144e-05,3.999998625658918e-07,0.4510370000000421
method-004,1,Degree,MarginalGainPredictor,20,,1265,85.1,1265,85.1,1265,85.1,0.0,0.0,0.0,0.0,0.00010919999999714491,0.00043779999987236806,0.375639000000092
method-004,2,Degree,MarginalGainPredictor,20,,3519,54.6,410,47.3,410,47.3,7.300000000000004,0.0,7.300000000000004,0.0,9.529999988444615e-05,0.0007585000000744913,0.4705397999998695
method-004,3,Degree,MarginalGainPredictor,20,,3519,58.3,1807,44.0,310,40.5,14.299999999999997,3.5,17.799999999999997,0.0,9.169999998448475e-05,0.0005208000000038737,0.4846136999999544
method-004,4,Degree,MarginalGainPredictor,20,,228,49.6,658,32.8,1807,28.7,16.800000000000004,4.099999999999998,20.900000000000002,0.0,0.00010789999987537158,0.0004433999999946536,0.3889983999999913
method-004,5,Degree,MarginalGainPredictor,20,,228,59.6,892,38.6,985,30.4,21.0,8.200000000000003,29.200000000000003,0.0,9.999999997489795e-05,0.0011714999998275744,0.5667206000000533
method-004,6,Degree,MarginalGainPredictor,20,,3519,52.6,892,40.0,820,15.7,12.600000000000001,24.3,36.900000000000006,3.552713678800501e-15,0.00010270000007039926,0.0012355000001207372,0.4476618999999573
method-004,7,Degree,MarginalGainPredictor,20,,3519,52.4,892,32.7,1277,0.0,19.699999999999996,32.7,52.4,0.0,9.849999992184166e-05,0.0012592000000495318,0.5807896999999684
method-004,8,Degree,MarginalGainPredictor,20,,228,55.1,892,35.5,916,5.4,19.6,30.1,49.7,0.0,9.810000005927577e-05,0.0012122000000545086,0.4433186000001115
method-004,9,Degree,MarginalGainPredictor,20,,228,62.5,830,34.7,2216,32.0,27.799999999999997,2.700000000000003,30.5,0.0,8.030000003600435e-05,0.0012219000000186497,0.35946480000006886
method-004,10,Degree,MarginalGainPredictor,20,,228,54.5,892,31.7,1249,9.1,22.8,22.6,45.4,-3.552713678800501e-15,7.559999994555255e-05,0.0012372000001050765,0.4458630000001449
method-005,1,Degree,OriginalOrder,50,,1265,85.1,1265,85.1,916,28.0,0.0,57.099999999999994,57.099999999999994,0.0,0.00010919999999714491,1.999999312829459e-07,0.375639000000092
method-005,2,Degree,OriginalOrder,50,,1265,86.1,1265,86.1,410,47.1,0.0,38.99999999999999,38.99999999999999,0.0,8.849999994708924e-05,4.0000008993956726e-07,0.4817390999999134
method-005,3,Degree,OriginalOrder,50,,1265,81.1,1265,81.1,1265,81.1,0.0,0.0,0.0,0.0,8.810000008452334e-05,1.999999312829459e-07,0.4108642000001055
method-005,4,Degree,OriginalOrder,50,,228,49.5,228,49.5,830,24.7,0.0,24.8,24.8,0.0,9.799999997994746e-05,1.999999312829459e-07,0.4892733000001499
method-005,5,Degree,OriginalOrder,50,,228,59.6,228,59.6,1249,13.7,0.0,45.900000000000006,45.900000000000006,0.0,9.76999999693362e-05,3.000000106112566e-07,0.526324700000032
method-005,6,Degree,OriginalOrder,50,,3519,54.8,228,50.0,72,8.4,4.799999999999997,41.6,46.4,0.0,0.00010739999993347737,1.999999312829459e-07,0.45870560000003024
method-005,7,Degree,OriginalOrder,50,,3519,54.1,228,42.7,98,11.5,11.399999999999999,31.200000000000003,42.6,0.0,0.00015929999995023536,4.0000008993956726e-07,0.4829247000000123
method-005,8,Degree,OriginalOrder,50,,228,55.6,228,55.6,1423,12.6,0.0,43.0,43.0,0.0,8.410000009462237e-05,3.000000106112566e-07,0.46278060000008736
method-005,9,Degree,OriginalOrder,50,,3519,54.5,228,53.8,310,39.8,0.7000000000000028,14.0,14.700000000000003,0.0,7.420000019919826e-05,3.000000106112566e-07,0.43891439999993054
method-005,10,Degree,OriginalOrder,50,,228,55.0,228,55.0,985,31.0,0.0,24.0,24.0,0.0,7.859999982429144e-05,1.999999312829459e-07,0.4510370000000421
method-006,1,Degree,MarginalGainPredictor,50,,1265,85.1,1265,85.1,1265,85.1,0.0,0.0,0.0,0.0,0.00010919999999714491,0.00036030000001119333,0.375639000000092
method-006,2,Degree,MarginalGainPredictor,50,,3519,54.6,228,51.4,410,47.3,3.200000000000003,4.100000000000001,7.300000000000004,0.0,9.529999988444615e-05,0.00041239999995923426,0.4705397999998695
method-006,3,Degree,MarginalGainPredictor,50,,3519,58.3,228,52.6,310,40.5,5.699999999999996,12.100000000000001,17.799999999999997,0.0,9.169999998448475e-05,0.00047150000000328873,0.4846136999999544
method-006,4,Degree,MarginalGainPredictor,50,,228,49.6,228,49.6,1807,28.7,0.0,20.900000000000002,20.900000000000002,0.0,0.00010789999987537158,0.0004142000000229018,0.3889983999999913
method-006,5,Degree,MarginalGainPredictor,50,,228,59.6,228,59.6,985,30.4,0.0,29.200000000000003,29.200000000000003,0.0,9.999999997489795e-05,0.0005347999999685271,0.5667206000000533
method-006,6,Degree,MarginalGainPredictor,50,,3519,52.6,228,50.0,2216,30.5,2.6000000000000014,19.5,22.1,0.0,0.00010270000007039926,0.0005897999999433523,0.4476618999999573
method-006,7,Degree,MarginalGainPredictor,50,,3519,52.6,228,42.6,820,18.6,10.0,24.0,34.0,0.0,9.490000002188026e-05,0.0014151999998830433,0.4137865000000147
method-006,8,Degree,MarginalGainPredictor,50,,228,55.1,228,55.1,1277,0.0,0.0,55.1,55.1,0.0,8.709999997336126e-05,0.0011993999999049265,0.3753841000000193
method-006,9,Degree,MarginalGainPredictor,50,,228,62.5,228,62.5,7995,13.8,0.0,48.7,48.7,0.0,7.920000007288763e-05,0.0012569999998959247,0.46907850000002327
method-006,10,Degree,MarginalGainPredictor,50,,228,54.5,228,54.5,916,7.8,0.0,46.7,46.7,0.0,7.679999998799758e-05,0.0012318999999934022,0.4524661999998898
method-007,1,Degree,OriginalOrder,100,,1265,85.1,1265,85.1,916,28.0,0.0,57.099999999999994,57.099999999999994,0.0,0.00010919999999714491,1.999999312829459e-07,0.375639000000092
method-007,2,Degree,OriginalOrder,100,,1265,86.1,1265,86.1,410,47.1,0.0,38.99999999999999,38.99999999999999,0.0,8.849999994708924e-05,1.999999312829459e-07,0.4817390999999134
method-007,3,Degree,OriginalOrder,100,,1265,81.1,1265,81.1,1265,81.1,0.0,0.0,0.0,0.0,8.810000008452334e-05,4.0000008993956726e-07,0.4108642000001055
method-007,4,Degree,OriginalOrder,100,,228,49.5,228,49.5,830,24.7,0.0,24.8,24.8,0.0,9.799999997994746e-05,1.999999312829459e-07,0.4892733000001499
method-007,5,Degree,OriginalOrder,100,,228,59.6,228,59.6,1249,13.7,0.0,45.900000000000006,45.900000000000006,0.0,9.76999999693362e-05,1.999999312829459e-07,0.526324700000032
method-007,6,Degree,OriginalOrder,100,,3519,54.8,3519,54.8,72,8.4,0.0,46.4,46.4,0.0,0.00010739999993347737,2.0000015865662135e-07,0.45870560000003024
method-007,7,Degree,OriginalOrder,100,,3519,54.1,3519,54.1,98,11.5,0.0,42.6,42.6,0.0,0.00015929999995023536,3.000000106112566e-07,0.4829247000000123
method-007,8,Degree,OriginalOrder,100,,228,55.6,228,55.6,1423,12.6,0.0,43.0,43.0,0.0,8.410000009462237e-05,1.999999312829459e-07,0.46278060000008736
method-007,9,Degree,OriginalOrder,100,,3519,54.5,3519,54.5,310,39.8,0.0,14.700000000000003,14.700000000000003,0.0,7.420000019919826e-05,1.999999312829459e-07,0.43891439999993054
method-007,10,Degree,OriginalOrder,100,,228,55.0,228,55.0,985,31.0,0.0,24.0,24.0,0.0,7.859999982429144e-05,3.000000106112566e-07,0.4510370000000421
method-008,1,Degree,MarginalGainPredictor,100,,1265,85.1,1265,85.1,1265,85.1,0.0,0.0,0.0,0.0,0.00010919999999714491,0.00037350000002334127,0.375639000000092
method-008,2,Degree,MarginalGainPredictor,100,,3519,54.6,3519,54.6,410,47.3,0.0,7.300000000000004,7.300000000000004,0.0,9.529999988444615e-05,0.0004429000000527594,0.4705397999998695
method-008,3,Degree,MarginalGainPredictor,100,,3519,58.3,3519,58.3,310,40.5,0.0,17.799999999999997,17.799999999999997,0.0,9.169999998448475e-05,0.0007057999998778541,0.4846136999999544
method-008,4,Degree,MarginalGainPredictor,100,,228,49.6,228,49.6,1807,28.7,0.0,20.900000000000002,20.900000000000002,0.0,0.00010789999987537158,0.0004288000000087777,0.3889983999999913
method-008,5,Degree,MarginalGainPredictor,100,,228,59.6,228,59.6,985,30.4,0.0,29.200000000000003,29.200000000000003,0.0,9.999999997489795e-05,0.0006651000001056673,0.5667206000000533
method-008,6,Degree,MarginalGainPredictor,100,,3519,52.6,3519,52.6,2216,30.5,0.0,22.1,22.1,0.0,0.00010270000007039926,0.0006625000000894943,0.4476618999999573
method-008,7,Degree,MarginalGainPredictor,100,,3519,52.6,3519,52.6,820,18.6,0.0,34.0,34.0,0.0,9.490000002188026e-05,0.0008270000000720756,0.4137865000000147
method-008,8,Degree,MarginalGainPredictor,100,,228,55.1,228,55.1,1277,0.0,0.0,55.1,55.1,0.0,8.709999997336126e-05,0.0005923000001075707,0.3753841000000193
method-008,9,Degree,MarginalGainPredictor,100,,228,62.5,228,62.5,7995,13.8,0.0,48.7,48.7,0.0,7.920000007288763e-05,0.0006990000001678709,0.46907850000002327
method-008,10,Degree,MarginalGainPredictor,100,,228,54.5,228,54.5,916,7.8,0.0,46.7,46.7,0.0,7.679999998799758e-05,0.0006123000000570755,0.4524661999998898
method-009,1,DegreeDiscount,OriginalOrder,10,,1265,85.1,1277,85.1,12802,20.9,0.0,64.19999999999999,64.19999999999999,0.0,0.0018468000000666507,1.0000007932831068e-07,0.375639000000092
method-009,2,DegreeDiscount,OriginalOrder,10,,1265,87.5,1277,87.5,12803,0.0,0.0,87.5,87.5,0.0,0.0018061000000670901,1.999999312829459e-07,0.39331640000000334
method-009,3,DegreeDiscount,OriginalOrder,10,,1265,94.3,1277,94.3,1352,14.4,0.0,79.89999999999999,79.89999999999999,0.0,0.0020334999999249703,3.000000106112566e-07,0.36928999999986445
method-009,4,DegreeDiscount,OriginalOrder,10,,1265,83.3,1277,83.3,12804,0.4,0.0,82.89999999999999,82.89999999999999,0.0,0.0018583000000944594,2.0000015865662135e-07,0.48614480000014737
method-009,5,DegreeDiscount,OriginalOrder,10,,1265,97.5,1277,97.5,310,45.4,0.0,52.1,52.1,0.0,0.0017777999998997984,1.999999312829459e-07,0.4586906999998064
method-009,6,DegreeDiscount,OriginalOrder,10,,1265,81.6,1277,81.6,905,22.6,0.0,58.99999999999999,58.99999999999999,0.0,0.0020985000001019216,3.000000106112566e-07,0.5308006999998724
method-009,7,DegreeDiscount,OriginalOrder,10,,1265,81.6,1277,81.6,72,14.1,0.0,67.5,67.5,0.0,0.0018772999999328022,3.000000106112566e-07,0.5029435999999805
method-009,8,DegreeDiscount,OriginalOrder,10,,1265,85.0,1277,85.0,1277,85.0,0.0,0.0,0.0,0.0,0.0018403999999918597,3.000000106112566e-07,0.45645070000000487
method-009,9,DegreeDiscount,OriginalOrder,10,,228,62.5,1807,44.1,1249,23.7,18.4,20.400000000000002,38.8,-3.552713678800501e-15,0.0019909000000097876,3.000000106112566e-07,0.3325599999998303
method-009,10,DegreeDiscount,OriginalOrder,10,,228,55.1,1807,38.2,1439,20.7,16.9,17.500000000000004,34.400000000000006,3.552713678800501e-15,0.0018468999999186053,1.999999312829459e-07,0.3716835000000174
method-010,1,DegreeDiscount,MarginalGainPredictor,10,,1265,85.1,1277,85.1,310,47.7,0.0,37.39999999999999,37.39999999999999,0.0,0.0018468000000666507,0.00031630000012228265,0.375639000000092
method-010,2,DegreeDiscount,MarginalGainPredictor,10,,1265,86.9,1277,86.9,1277,86.9,0.0,0.0,0.0,0.0,0.001972799999975905,0.0010262999999213207,0.473624799999925
method-010,3,DegreeDiscount,MarginalGainPredictor,10,,3519,58.0,12802,25.0,1249,21.2,33.0,3.8000000000000007,36.8,-3.552713678800501e-15,0.0017722000000048865,0.0010518999999931111,0.47848399999998037
method-010,4,DegreeDiscount,MarginalGainPredictor,10,,228,49.6,12802,24.5,1816,14.1,25.1,10.4,35.5,-1.7763568394002505e-15,0.0018019000001459062,0.0010515999999824999,0.36926070000004074
method-010,5,DegreeDiscount,MarginalGainPredictor,10,,228,59.9,1439,29.0,1439,29.0,30.9,0.0,30.9,0.0,0.0018832999999176536,0.0012786999998297688,0.5447131000000809
method-010,6,DegreeDiscount,MarginalGainPredictor,10,,3519,52.6,905,21.4,1423,18.9,31.200000000000003,2.5,33.7,0.0,0.0017881999999644904,0.0012465999998312327,0.40071869999997034
method-010,7,DegreeDiscount,MarginalGainPredictor,10,,3519,48.8,181,33.8,1352,17.7,15.0,16.099999999999998,31.099999999999998,0.0,0.00190140000017891,0.0011620000000220898,0.30492549999985386
method-010,8,DegreeDiscount,MarginalGainPredictor,10,,228,55.7,181,26.7,72,9.0,29.000000000000004,17.7,46.7,0.0,0.0019092000000000553,0.0013366999999107065,0.297915299999886
method-010,9,DegreeDiscount,MarginalGainPredictor,10,,228,62.5,181,22.7,1807,12.2,39.8,10.5,50.3,0.0,0.0018315999998321786,0.0012136000000282365,0.4123285999999098
method-010,10,DegreeDiscount,MarginalGainPredictor,10,,228,54.4,1920,26.2,1920,26.2,28.2,0.0,28.2,0.0,0.001823699999931705,0.0012186000001292996,0.40847370000005867
method-011,1,DegreeDiscount,OriginalOrder,20,,1265,85.1,1277,85.1,12802,20.9,0.0,64.19999999999999,64.19999999999999,0.0,0.0018468000000666507,1.999999312829459e-07,0.375639000000092
method-011,2,DegreeDiscount,OriginalOrder,20,,1265,87.5,1277,87.5,12803,0.0,0.0,87.5,87.5,0.0,0.0018061000000670901,1.999999312829459e-07,0.39331640000000334
method-011,3,DegreeDiscount,OriginalOrder,20,,1265,94.3,1277,94.3,1352,14.4,0.0,79.89999999999999,79.89999999999999,0.0,0.0020334999999249703,1.999999312829459e-07,0.36928999999986445
method-011,4,DegreeDiscount,OriginalOrder,20,,1265,83.3,1277,83.3,12804,0.4,0.0,82.89999999999999,82.89999999999999,0.0,0.0018583000000944594,1.999999312829459e-07,0.48614480000014737
method-011,5,DegreeDiscount,OriginalOrder,20,,1265,97.5,1277,97.5,310,45.4,0.0,52.1,52.1,0.0,0.0017777999998997984,5.000001692678779e-07,0.4586906999998064
method-011,6,DegreeDiscount,OriginalOrder,20,,1265,81.6,1277,81.6,905,22.6,0.0,58.99999999999999,58.99999999999999,0.0,0.0020985000001019216,1.999999312829459e-07,0.5308006999998724
method-011,7,DegreeDiscount,OriginalOrder,20,,1265,81.6,1265,81.6,72,14.1,0.0,67.5,67.5,0.0,0.0018772999999328022,1.999999312829459e-07,0.5029435999999805
method-011,8,DegreeDiscount,OriginalOrder,20,,1265,85.0,1265,85.0,1277,85.0,0.0,0.0,0.0,0.0,0.0018403999999918597,1.999999312829459e-07,0.45645070000000487
method-011,9,DegreeDiscount,OriginalOrder,20,,228,62.5,1807,44.1,1249,23.7,18.4,20.400000000000002,38.8,-3.552713678800501e-15,0.0019909000000097876,3.000000106112566e-07,0.3325599999998303
method-011,10,DegreeDiscount,OriginalOrder,20,,228,55.1,1807,38.2,1439,20.7,16.9,17.500000000000004,34.400000000000006,3.552713678800501e-15,0.0018468999999186053,3.000000106112566e-07,0.3716835000000174
method-012,1,DegreeDiscount,MarginalGainPredictor,20,,1265,85.1,1277,85.1,310,47.7,0.0,37.39999999999999,37.39999999999999,0.0,0.0018468000000666507,0.00039409999999406864,0.375639000000092
method-012,2,DegreeDiscount,MarginalGainPredictor,20,,1265,86.9,1277,86.9,1807,35.7,0.0,51.2,51.2,0.0,0.001972799999975905,0.00042209999992337544,0.473624799999925
method-012,3,DegreeDiscount,MarginalGainPredictor,20,,1265,85.6,1277,85.6,1277,85.6,0.0,0.0,0.0,0.0,0.0018482000000403787,0.0010568000000148459,0.3788555000000997
method-012,4,DegreeDiscount,MarginalGainPredictor,20,,228,49.6,1920,32.2,1423,11.3,17.4,20.900000000000002,38.3,-3.552713678800501e-15,0.0019377999999505846,0.0010117000001628185,0.4981281000000308
method-012,5,DegreeDiscount,MarginalGainPredictor,20,,228,59.9,8264,30.6,1439,29.0,29.299999999999997,1.6000000000000014,30.9,0.0,0.001758900000140784,0.0011555000000953441,0.5344712000000982
method-012,6,DegreeDiscount,MarginalGainPredictor,20,,3519,52.0,2023,29.5,1265,0.0,22.5,29.5,52.0,0.0,0.00177439999993112,0.0014873000000079628,0.5739681000000019
method-012,7,DegreeDiscount,MarginalGainPredictor,20,,3519,48.0,181,34.0,1352,17.9,14.0,16.1,30.1,0.0,0.0018643000000793108,0.0012902000000849512,0.5313026000001173
method-012,8,DegreeDiscount,MarginalGainPredictor,20,,228,55.7,2023,27.8,1920,22.4,27.900000000000002,5.400000000000002,33.300000000000004,0.0,0.0018130000000837754,0.0012568000001920154,0.4420488999999179
method-012,9,DegreeDiscount,MarginalGainPredictor,20,,228,62.4,3916,24.3,72,10.4,38.099999999999994,13.9,52.0,5.329070518200751e-15,0.0034021999999822583,0.0012566000000333588,0.38293720000001485
method-012,10,DegreeDiscount,MarginalGainPredictor,20,,228,54.4,3916,24.4,3916,24.4,30.0,0.0,30.0,0.0,0.0018439000000398664,0.0012311000000408967,0.36733589999994365
method-013,1,DegreeDiscount,OriginalOrder,50,,1265,85.1,1265,85.1,12802,20.9,0.0,64.19999999999999,64.19999999999999,0.0,0.0018468000000666507,2.0000015865662135e-07,0.375639000000092
method-013,2,DegreeDiscount,OriginalOrder,50,,1265,87.5,1265,87.5,12803,0.0,0.0,87.5,87.5,0.0,0.0018061000000670901,2.0000015865662135e-07,0.39331640000000334
method-013,3,DegreeDiscount,OriginalOrder,50,,1265,94.3,1265,94.3,1352,14.4,0.0,79.89999999999999,79.89999999999999,0.0,0.0020334999999249703,2.0000015865662135e-07,0.36928999999986445
method-013,4,DegreeDiscount,OriginalOrder,50,,1265,83.3,1265,83.3,12804,0.4,0.0,82.89999999999999,82.89999999999999,0.0,0.0018583000000944594,1.999999312829459e-07,0.48614480000014737
method-013,5,DegreeDiscount,OriginalOrder,50,,1265,97.5,1265,97.5,310,45.4,0.0,52.1,52.1,0.0,0.0017777999998997984,2.0000015865662135e-07,0.4586906999998064
method-013,6,DegreeDiscount,OriginalOrder,50,,1265,81.6,1265,81.6,905,22.6,0.0,58.99999999999999,58.99999999999999,0.0,0.0020985000001019216,4.0000008993956726e-07,0.5308006999998724
method-013,7,DegreeDiscount,OriginalOrder,50,,1265,81.6,1265,81.6,72,14.1,0.0,67.5,67.5,0.0,0.0018772999999328022,3.000000106112566e-07,0.5029435999999805
method-013,8,DegreeDiscount,OriginalOrder,50,,1265,85.0,1265,85.0,1277,85.0,0.0,0.0,0.0,0.0,0.0018403999999918597,4.0000008993956726e-07,0.45645070000000487
method-013,9,DegreeDiscount,OriginalOrder,50,,228,62.5,3519,56.4,1249,23.7,6.100000000000001,32.7,38.8,-7.105427357601002e-15,0.0019909000000097876,2.9999978323758114e-07,0.3325599999998303
method-013,10,DegreeDiscount,OriginalOrder,50,,228,55.1,410,51.8,1439,20.7,3.3000000000000043,31.099999999999998,34.400000000000006,3.552713678800501e-15,0.0018468999999186053,5.000001692678779e-07,0.3716835000000174
method-014,1,DegreeDiscount,MarginalGainPredictor,50,,1265,85.1,1265,85.1,1265,85.1,0.0,0.0,0.0,0.0,0.0018468000000666507,0.00044699999989461503,0.375639000000092
method-014,2,DegreeDiscount,MarginalGainPredictor,50,,3519,54.6,410,47.3,410,47.3,7.300000000000004,0.0,7.300000000000004,0.0,0.001756500000055894,0.00043789999995169637,0.4705397999998695
method-014,3,DegreeDiscount,MarginalGainPredictor,50,,3519,58.3,9070,51.1,310,40.5,7.199999999999996,10.600000000000001,17.799999999999997,0.0,0.002124500000036278,0.0005220000000463187,0.4846136999999544
method-014,4,DegreeDiscount,MarginalGainPredictor,50,,228,49.6,5753,36.5,1807,28.7,13.100000000000001,7.800000000000001,20.900000000000002,0.0,0.0018724999999903957,0.0005050999998275074,0.3889983999999913
method-014,5,DegreeDiscount,MarginalGainPredictor,50,,228,59.6,5753,42.1,985,30.4,17.5,11.700000000000003,29.200000000000003,0.0,0.003211299999975381,0.0009752999999363965,0.5667206000000533
method-014,6,DegreeDiscount,MarginalGainPredictor,50,,3519,52.6,3519,52.6,1277,0.0,0.0,52.6,52.6,0.0,0.003288899999915884,0.0006832999999915046,0.4476618999999573
method-014,7,DegreeDiscount,MarginalGainPredictor,50,,3519,52.6,3519,52.6,7995,17.4,0.0,35.2,35.2,0.0,0.0028563999999278167,0.0013584000000719243,0.41163350000010723
method-014,8,DegreeDiscount,MarginalGainPredictor,50,,228,55.1,3519,47.8,1423,12.9,7.300000000000004,34.9,42.2,0.0,0.0018253000000640895,0.0012114999999539577,0.380157699999927
method-014,9,DegreeDiscount,MarginalGainPredictor,50,,228,62.5,3519,54.3,1816,0.0,8.200000000000003,54.3,62.5,0.0,0.0019185000001016306,0.0012702000001354463,0.466068899999982
method-014,10,DegreeDiscount,MarginalGainPredictor,50,,228,54.4,3519,42.3,1439,20.7,12.100000000000001,21.599999999999998,33.7,3.552713678800501e-15,0.001971200000070894,0.0012836000000788772,0.4967042999999194
method-015,1,DegreeDiscount,OriginalOrder,100,,1265,85.1,1265,85.1,12802,20.9,0.0,64.19999999999999,64.19999999999999,0.0,0.0018468000000666507,1.999999312829459e-07,0.375639000000092
method-015,2,DegreeDiscount,OriginalOrder,100,,1265,87.5,1265,87.5,12803,0.0,0.0,87.5,87.5,0.0,0.0018061000000670901,9.999985195463523e-08,0.39331640000000334
method-015,3,DegreeDiscount,OriginalOrder,100,,1265,94.3,1265,94.3,1352,14.4,0.0,79.89999999999999,79.89999999999999,0.0,0.0020334999999249703,2.0000015865662135e-07,0.36928999999986445
method-015,4,DegreeDiscount,OriginalOrder,100,,1265,83.3,1265,83.3,12804,0.4,0.0,82.89999999999999,82.89999999999999,0.0,0.0018583000000944594,1.999999312829459e-07,0.48614480000014737
method-015,5,DegreeDiscount,OriginalOrder,100,,1265,97.5,1265,97.5,310,45.4,0.0,52.1,52.1,0.0,0.0017777999998997984,2.0000015865662135e-07,0.4586906999998064
method-015,6,DegreeDiscount,OriginalOrder,100,,1265,81.6,1265,81.6,905,22.6,0.0,58.99999999999999,58.99999999999999,0.0,0.0020985000001019216,2.0000015865662135e-07,0.5308006999998724
method-015,7,DegreeDiscount,OriginalOrder,100,,1265,81.6,1265,81.6,72,14.1,0.0,67.5,67.5,0.0,0.0018772999999328022,3.000000106112566e-07,0.5029435999999805
method-015,8,DegreeDiscount,OriginalOrder,100,,1265,85.0,1265,85.0,1277,85.0,0.0,0.0,0.0,0.0,0.0018403999999918597,3.000000106112566e-07,0.45645070000000487
method-015,9,DegreeDiscount,OriginalOrder,100,,228,62.5,228,62.5,1249,23.7,0.0,38.8,38.8,0.0,0.0019909000000097876,1.999999312829459e-07,0.3325599999998303
method-015,10,DegreeDiscount,OriginalOrder,100,,228,55.1,228,55.1,1439,20.7,0.0,34.400000000000006,34.400000000000006,0.0,0.0018468999999186053,4.0000008993956726e-07,0.3716835000000174
method-016,1,DegreeDiscount,MarginalGainPredictor,100,,1265,85.1,1265,85.1,1265,85.1,0.0,0.0,0.0,0.0,0.0018468000000666507,0.0005305999998199695,0.375639000000092
method-016,2,DegreeDiscount,MarginalGainPredictor,100,,3519,54.6,3519,54.6,410,47.3,0.0,7.300000000000004,7.300000000000004,0.0,0.001756500000055894,0.00042949999988195486,0.4705397999998695
method-016,3,DegreeDiscount,MarginalGainPredictor,100,,3519,58.3,3519,58.3,310,40.5,0.0,17.799999999999997,17.799999999999997,0.0,0.002124500000036278,0.0005165999998553161,0.4846136999999544
method-016,4,DegreeDiscount,MarginalGainPredictor,100,,228,49.6,228,49.6,1807,28.7,0.0,20.900000000000002,20.900000000000002,0.0,0.0018724999999903957,0.0004783000001680193,0.3889983999999913
method-016,5,DegreeDiscount,MarginalGainPredictor,100,,228,59.6,228,59.6,985,30.4,0.0,29.200000000000003,29.200000000000003,0.0,0.003211299999975381,0.0007250000001022272,0.5667206000000533
method-016,6,DegreeDiscount,MarginalGainPredictor,100,,3519,52.6,3519,52.6,2216,30.5,0.0,22.1,22.1,0.0,0.003288899999915884,0.0005390000001170847,0.4476618999999573
method-016,7,DegreeDiscount,MarginalGainPredictor,100,,3519,52.6,3519,52.6,820,18.6,0.0,34.0,34.0,0.0,0.0030094999999619176,0.0008679000000029191,0.4137865000000147
method-016,8,DegreeDiscount,MarginalGainPredictor,100,,228,55.1,228,55.1,1277,0.0,0.0,55.1,55.1,0.0,0.0031187000001864362,0.0008612999999968451,0.3753841000000193
method-016,9,DegreeDiscount,MarginalGainPredictor,100,,228,62.5,228,62.5,7995,13.8,0.0,48.7,48.7,0.0,0.003003399999897738,0.0006615999998302868,0.46907850000002327
method-016,10,DegreeDiscount,MarginalGainPredictor,100,,228,54.5,228,54.5,1423,16.0,0.0,38.5,38.5,0.0,0.0030283999999483058,0.0008060999998633633,0.4524661999998898
method-017,1,FeatureDQN,OriginalOrder,10,,1265,85.1,905,20.3,2034,15.8,64.8,4.5,69.3,0.0,0.0008760000000620494,1.999999312829459e-07,0.375639000000092
method-017,2,FeatureDQN,OriginalOrder,10,,1265,86.6,905,13.5,1126,6.5,73.1,7.0,80.1,0.0,0.0011449999999513238,1.999999312829459e-07,0.3795517999999447
method-017,3,FeatureDQN,OriginalOrder,10,,1265,91.6,7963,20.3,1158,3.0,71.3,17.3,88.6,-3.552713678800501e-15,0.0012213999998493819,3.000000106112566e-07,0.49161819999994805
method-017,4,FeatureDQN,OriginalOrder,10,,1265,82.4,4826,20.8,4826,20.8,61.60000000000001,0.0,61.60000000000001,0.0,0.0011993999999049265,6.000000212225132e-07,0.5104787000000215
method-017,5,FeatureDQN,OriginalOrder,10,,1265,98.0,7963,26.1,1236,5.6,71.9,20.5,92.4,0.0,0.0011762999999973545,3.000000106112566e-07,0.45179860000007466
method-017,6,FeatureDQN,OriginalOrder,10,,1265,85.9,2105,22.2,723,2.6,63.7,19.599999999999998,83.30000000000001,1.0658141036401503e-14,0.00135220000015579,3.000000106112566e-07,0.44903210000006766
method-017,7,FeatureDQN,OriginalOrder,10,,1265,79.6,892,30.6,711,2.3,48.99999999999999,28.3,77.3,3.552713678800501e-15,0.0012269999999716674,3.999998625658918e-07,0.5820360000000164
method-017,8,FeatureDQN,OriginalOrder,10,,1265,92.5,228,56.0,461,10.8,36.5,45.2,81.7,0.0,0.0011717999998381856,3.000000106112566e-07,0.4326215000000957
method-017,9,FeatureDQN,OriginalOrder,10,,1265,67.8,228,62.2,905,13.1,5.599999999999994,49.1,54.699999999999996,0.0,0.0014363000000230386,6.000000212225132e-07,0.46764170000005834
method-017,10,FeatureDQN,OriginalOrder,10,,1265,85.5,228,55.6,2510,15.3,29.9,40.3,70.2,7.105427357601002e-15,0.001176900000018577,1.999999312829459e-07,0.47663039999997636
method-018,1,FeatureDQN,MarginalGainPredictor,10,,1265,85.1,905,20.3,905,20.3,64.8,0.0,64.8,0.0,0.0008760000000620494,0.0003741000000445638,0.375639000000092
method-018,2,FeatureDQN,MarginalGainPredictor,10,,1265,83.7,461,12.5,2510,11.9,71.2,0.5999999999999996,71.8,-5.329070518200751e-15,0.0012388000000100874,0.0008123000000068714,0.46213590000002114
method-018,3,FeatureDQN,MarginalGainPredictor,10,,1265,91.4,7963,20.3,7963,20.3,71.10000000000001,0.0,71.10000000000001,0.0,0.0012538000000859029,0.001043400000071415,0.36453879999999117
method-018,4,FeatureDQN,MarginalGainPredictor,10,,1265,82.0,4826,20.8,1158,3.6,61.2,17.2,78.4,3.552713678800501e-15,0.0013425999998162297,0.0010859999999865977,0.3720995999999559
method-018,5,FeatureDQN,MarginalGainPredictor,10,,1265,93.5,2105,20.0,2105,20.0,73.5,0.0,73.5,0.0,0.00116769999999633,0.0010448999998970976,0.5184062999999242
method-018,6,FeatureDQN,MarginalGainPredictor,10,,1265,80.7,4826,18.8,2854,14.3,61.900000000000006,4.5,66.4,0.0,0.0015789999999924476,0.001322200000004159,0.5262047000001076
method-018,7,FeatureDQN,MarginalGainPredictor,10,,1265,81.3,892,23.0,892,23.0,58.3,0.0,58.3,0.0,0.0011240000001180306,0.0010537999999087333,0.506152400000019
method-018,8,FeatureDQN,MarginalGainPredictor,10,,1265,90.3,228,56.0,228,56.0,34.3,0.0,34.3,0.0,0.001231400000051508,0.001018799999883413,0.3609424000001127
method-018,9,FeatureDQN,MarginalGainPredictor,10,,1265,69.1,4826,12.9,2032,9.2,56.199999999999996,3.700000000000001,59.89999999999999,-5.329070518200751e-15,0.0012099999999009015,0.001018400000020847,0.299711299999899
method-018,10,FeatureDQN,MarginalGainPredictor,10,,1265,85.8,1236,12.6,4826,7.0,73.2,5.6,78.8,-5.329070518200751e-15,0.0011896000000888307,0.0010073999999349326,0.3022770000000037
method-019,1,FeatureDQN,OriginalOrder,20,,1265,85.1,228,54.0,2034,15.8,31.099999999999994,38.2,69.3,0.0,0.0008760000000620494,1.999999312829459e-07,0.375639000000092
method-019,2,FeatureDQN,OriginalOrder,20,,1265,86.6,228,51.4,1126,6.5,35.199999999999996,44.9,80.1,0.0,0.0011449999999513238,3.000000106112566e-07,0.3795517999999447
method-019,3,FeatureDQN,OriginalOrder,20,,1265,91.6,228,52.6,1158,3.0,38.99999999999999,49.6,88.6,0.0,0.0012213999998493819,1.999999312829459e-07,0.49161819999994805
method-019,4,FeatureDQN,OriginalOrder,20,,1265,82.4,228,50.0,4826,20.8,32.400000000000006,29.2,61.60000000000001,3.552713678800501e-15,0.0011993999999049265,2.0000015865662135e-07,0.5104787000000215
method-019,5,FeatureDQN,OriginalOrder,20,,1265,98.0,228,59.8,1236,5.6,38.2,54.199999999999996,92.4,7.105427357601002e-15,0.0011762999999973545,1.999999312829459e-07,0.45179860000007466
method-019,6,FeatureDQN,OriginalOrder,20,,1265,85.9,228,50.3,723,2.6,35.60000000000001,47.699999999999996,83.30000000000001,7.105427357601002e-15,0.00135220000015579,2.0000015865662135e-07,0.44903210000006766
method-019,7,FeatureDQN,OriginalOrder,20,,1265,79.6,228,42.7,711,2.3,36.89999999999999,40.400000000000006,77.3,0.0,0.0012269999999716674,1.999999312829459e-07,0.5820360000000164
method-019,8,FeatureDQN,OriginalOrder,20,,1265,92.5,228,56.0,461,10.8,36.5,45.2,81.7,0.0,0.0011717999998381856,3.000000106112566e-07,0.4326215000000957
method-019,9,FeatureDQN,OriginalOrder,20,,1265,67.8,228,62.2,905,13.1,5.599999999999994,49.1,54.699999999999996,0.0,0.0014363000000230386,2.0000015865662135e-07,0.46764170000005834
method-019,10,FeatureDQN,OriginalOrder,20,,1265,85.5,228,55.6,2510,15.3,29.9,40.3,70.2,7.105427357601002e-15,0.001176900000018577,3.000000106112566e-07,0.47663039999997636
method-020,1,FeatureDQN,MarginalGainPredictor,20,,1265,85.1,228,54.0,892,32.5,31.099999999999994,21.5,52.599999999999994,0.0,0.0008760000000620494,0.00030020000008335046,0.375639000000092
method-020,2,FeatureDQN,MarginalGainPredictor,20,,1265,83.7,228,51.4,3916,27.4,32.300000000000004,24.0,56.300000000000004,0.0,0.0012067000000115513,0.0008426000001691136,0.36273770000002514
method-020,3,FeatureDQN,MarginalGainPredictor,20,,1265,90.8,228,48.3,2105,17.0,42.5,31.299999999999997,73.8,0.0,0.00117010000008122,0.001142200000003868,0.4821342000000186
method-020,4,FeatureDQN,MarginalGainPredictor,20,,1265,82.3,228,49.9,7963,19.2,32.4,30.7,63.099999999999994,-3.552713678800501e-15,0.0011720999998487969,0.0009067999999388121,0.545125999999982
method-020,5,FeatureDQN,MarginalGainPredictor,20,,1265,92.0,228,59.3,2122,19.4,32.7,39.9,72.6,-7.105427357601002e-15,0.0012271999999029504,0.0010258000002068002,0.44254210000008243
method-020,6,FeatureDQN,MarginalGainPredictor,20,,1265,85.3,228,48.6,905,10.1,36.699999999999996,38.5,75.2,7.105427357601002e-15,0.0013571000001775246,0.0009431000000859058,0.4447368999999526
method-020,7,FeatureDQN,MarginalGainPredictor,20,,1265,81.1,228,42.0,901,9.9,39.099999999999994,32.1,71.19999999999999,-7.105427357601002e-15,0.0011481999999887194,0.0010877000001983106,0.42300520000003416
method-020,8,FeatureDQN,MarginalGainPredictor,20,,1265,93.1,228,55.9,2510,17.4,37.199999999999996,38.5,75.69999999999999,-7.105427357601002e-15,0.001144800000020041,0.0010389999999915744,0.4428331999999955
method-020,9,FeatureDQN,MarginalGainPredictor,20,,1265,70.1,228,62.7,4331,15.0,7.3999999999999915,47.7,55.099999999999994,0.0,0.00122060000012425,0.0011108000001058826,0.49127130000010766
method-020,10,FeatureDQN,MarginalGainPredictor,20,,1265,86.1,228,51.5,228,51.5,34.599999999999994,0.0,34.599999999999994,0.0,0.0011790000000928558,0.0010494000000562664,0.46546090000015283
method-021,1,FeatureDQN,OriginalOrder,50,,1265,85.1,228,54.0,2034,15.8,31.099999999999994,38.2,69.3,0.0,0.0008760000000620494,2.0000015865662135e-07,0.375639000000092
method-021,2,FeatureDQN,OriginalOrder,50,,1265,86.6,228,51.4,1126,6.5,35.199999999999996,44.9,80.1,0.0,0.0011449999999513238,1.999999312829459e-07,0.3795517999999447
method-021,3,FeatureDQN,OriginalOrder,50,,1265,91.6,228,52.6,1158,3.0,38.99999999999999,49.6,88.6,0.0,0.0012213999998493819,3.000000106112566e-07,0.49161819999994805
method-021,4,FeatureDQN,OriginalOrder,50,,1265,82.4,228,50.0,4826,20.8,32.400000000000006,29.2,61.60000000000001,3.552713678800501e-15,0.0011993999999049265,1.999999312829459e-07,0.5104787000000215
method-021,5,FeatureDQN,OriginalOrder,50,,1265,98.0,228,59.8,1236,5.6,38.2,54.199999999999996,92.4,7.105427357601002e-15,0.0011762999999973545,3.000000106112566e-07,0.45179860000007466
method-021,6,FeatureDQN,OriginalOrder,50,,1265,85.9,228,50.3,723,2.6,35.60000000000001,47.699999999999996,83.30000000000001,7.105427357601002e-15,0.00135220000015579,3.000000106112566e-07,0.44903210000006766
method-021,7,FeatureDQN,OriginalOrder,50,,1265,79.6,228,42.7,711,2.3,36.89999999999999,40.400000000000006,77.3,0.0,0.0012269999999716674,3.000000106112566e-07,0.5820360000000164
method-021,8,FeatureDQN,OriginalOrder,50,,1265,92.5,228,56.0,461,10.8,36.5,45.2,81.7,0.0,0.0011717999998381856,1.999999312829459e-07,0.4326215000000957
method-021,9,FeatureDQN,OriginalOrder,50,,1265,67.8,228,62.2,905,13.1,5.599999999999994,49.1,54.699999999999996,0.0,0.0014363000000230386,1.999999312829459e-07,0.46764170000005834
method-021,10,FeatureDQN,OriginalOrder,50,,1265,85.5,228,55.6,2510,15.3,29.9,40.3,70.2,7.105427357601002e-15,0.001176900000018577,2.0000015865662135e-07,0.47663039999997636
method-022,1,FeatureDQN,MarginalGainPredictor,50,,1265,85.1,228,54.0,916,28.0,31.099999999999994,26.0,57.099999999999994,0.0,0.0008760000000620494,0.0003322000000025582,0.375639000000092
method-022,2,FeatureDQN,MarginalGainPredictor,50,,1265,86.1,228,51.4,1423,19.9,34.699999999999996,31.5,66.19999999999999,-7.105427357601002e-15,0.0007689999999911379,0.00042800000005627226,0.4817390999999134
method-022,3,FeatureDQN,MarginalGainPredictor,50,,1265,81.5,228,50.9,3916,41.8,30.6,9.100000000000001,39.7,0.0,0.0012601999999333202,0.0011556000001746725,0.39499480000017684
method-022,4,FeatureDQN,MarginalGainPredictor,50,,1265,70.1,228,49.9,892,29.4,20.199999999999996,20.5,40.699999999999996,0.0,0.0011767999999392487,0.0009645000000091386,0.40089979999993375
method-022,5,FeatureDQN,MarginalGainPredictor,50,,1265,86.5,228,59.4,592,13.8,27.1,45.599999999999994,72.7,7.105427357601002e-15,0.0013111000000662898,0.0015977999998995074,0.5212597000002006
method-022,6,FeatureDQN,MarginalGainPredictor,50,,1265,77.2,228,50.2,2105,22.3,27.0,27.900000000000002,54.900000000000006,3.552713678800501e-15,0.001179300000103467,0.00105729999995674,0.5272631000000274
method-022,7,FeatureDQN,MarginalGainPredictor,50,,1265,72.9,228,42.0,4331,16.9,30.900000000000006,25.1,56.00000000000001,0.0,0.001338499999974374,0.0012547999999696913,0.6474761000001763
method-022,8,FeatureDQN,MarginalGainPredictor,50,,1265,86.3,228,48.6,7963,25.7,37.699999999999996,22.900000000000002,60.599999999999994,-3.552713678800501e-15,0.0011648999998215004,0.0011221999998269894,0.3796468000000459
method-022,9,FeatureDQN,MarginalGainPredictor,50,,1265,62.2,228,60.7,2014,14.3,1.5,46.400000000000006,47.900000000000006,0.0,0.0012097999999696185,0.0010448999998970976,0.3763383000000431
method-022,10,FeatureDQN,MarginalGainPredictor,50,,1265,84.4,228,51.5,12804,6.3,32.900000000000006,45.2,78.10000000000001,0.0,0.0012174000000868546,0.0013455000000703876,0.3680025999999543
method-023,1,FeatureDQN,OriginalOrder,100,,1265,85.1,228,54.0,2034,15.8,31.099999999999994,38.2,69.3,0.0,0.0008760000000620494,1.999999312829459e-07,0.375639000000092
method-023,2,FeatureDQN,OriginalOrder,100,,1265,86.6,228,51.4,1126,6.5,35.199999999999996,44.9,80.1,0.0,0.0011449999999513238,1.999999312829459e-07,0.3795517999999447
method-023,3,FeatureDQN,OriginalOrder,100,,1265,91.6,228,52.6,1158,3.0,38.99999999999999,49.6,88.6,0.0,0.0012213999998493819,1.999999312829459e-07,0.49161819999994805
method-023,4,FeatureDQN,OriginalOrder,100,,1265,82.4,228,50.0,4826,20.8,32.400000000000006,29.2,61.60000000000001,3.552713678800501e-15,0.0011993999999049265,2.0000015865662135e-07,0.5104787000000215
method-023,5,FeatureDQN,OriginalOrder,100,,1265,98.0,228,59.8,1236,5.6,38.2,54.199999999999996,92.4,7.105427357601002e-15,0.0011762999999973545,3.000000106112566e-07,0.45179860000007466
method-023,6,FeatureDQN,OriginalOrder,100,,1265,85.9,228,50.3,723,2.6,35.60000000000001,47.699999999999996,83.30000000000001,7.105427357601002e-15,0.00135220000015579,2.0000015865662135e-07,0.44903210000006766
method-023,7,FeatureDQN,OriginalOrder,100,,1265,79.6,228,42.7,711,2.3,36.89999999999999,40.400000000000006,77.3,0.0,0.0012269999999716674,1.999999312829459e-07,0.5820360000000164
method-023,8,FeatureDQN,OriginalOrder,100,,1265,92.5,228,56.0,461,10.8,36.5,45.2,81.7,0.0,0.0011717999998381856,3.000000106112566e-07,0.4326215000000957
method-023,9,FeatureDQN,OriginalOrder,100,,1265,67.8,228,62.2,905,13.1,5.599999999999994,49.1,54.699999999999996,0.0,0.0014363000000230386,1.999999312829459e-07,0.46764170000005834
method-023,10,FeatureDQN,OriginalOrder,100,,1265,85.5,228,55.6,2510,15.3,29.9,40.3,70.2,7.105427357601002e-15,0.001176900000018577,1.999999312829459e-07,0.47663039999997636
method-024,1,FeatureDQN,MarginalGainPredictor,100,,1265,85.1,228,54.0,916,28.0,31.099999999999994,26.0,57.099999999999994,0.0,0.0008760000000620494,0.0003871999999773834,0.375639000000092
method-024,2,FeatureDQN,MarginalGainPredictor,100,,1265,86.1,228,51.4,1423,19.9,34.699999999999996,31.5,66.19999999999999,-7.105427357601002e-15,0.0007689999999911379,0.00048399999991488585,0.4817390999999134
method-024,3,FeatureDQN,MarginalGainPredictor,100,,1265,81.5,228,50.9,1352,14.1,30.6,36.8,67.4,7.105427357601002e-15,0.0012601999999333202,0.0006139999998140411,0.39499480000017684
method-024,4,FeatureDQN,MarginalGainPredictor,100,,1265,70.2,228,50.1,1255,9.3,20.1,40.8,60.900000000000006,7.105427357601002e-15,0.0011575999999422493,0.0009520000000975415,0.483741400000099
method-024,5,FeatureDQN,MarginalGainPredictor,100,,1265,81.5,228,60.2,658,19.1,21.299999999999997,41.1,62.4,0.0,0.0012630999999601045,0.0011179999999058055,0.43934749999993983
method-024,6,FeatureDQN,MarginalGainPredictor,100,,1265,77.8,228,49.1,1920,18.3,28.699999999999996,30.8,59.5,3.552713678800501e-15,0.0011385000000245782,0.0011561999999685213,0.5613811000000624
method-024,7,FeatureDQN,MarginalGainPredictor,100,,1265,72.1,228,42.7,3916,26.9,29.39999999999999,15.800000000000004,45.199999999999996,0.0,0.0015076999998200336,0.0012240000000929285,0.42730470000014975
method-024,8,FeatureDQN,MarginalGainPredictor,100,,1265,83.9,228,56.3,408,16.4,27.60000000000001,39.9,67.5,-7.105427357601002e-15,0.0011594999998578714,0.001121000000011918,0.44265539999992143
method-024,9,FeatureDQN,MarginalGainPredictor,100,,228,62.0,228,62.0,830,27.3,0.0,34.7,34.7,0.0,0.001206599999932223,0.0010379999998804124,0.4569399000001795
method-024,10,FeatureDQN,MarginalGainPredictor,100,,1265,72.7,228,55.0,820,29.6,17.700000000000003,25.4,43.1,0.0,0.001168700000107492,0.0011388000000351894,0.46401960000002873
method-025,1,Random,OriginalOrder,10,0,1265,85.1,1277,85.1,2368,10.4,0.0,74.69999999999999,74.69999999999999,0.0,3.979999996772676e-05,1.0000007932831068e-07,0.375639000000092
method-025,2,Random,OriginalOrder,10,0,1265,87.5,5753,43.5,892,41.0,44.0,2.5,46.5,0.0,4.1199999941454735e-05,1.999999312829459e-07,0.4932152999999744
method-025,3,Random,OriginalOrder,10,0,1265,93.7,5753,41.3,11244,6.7,52.400000000000006,34.599999999999994,87.0,0.0,5.800000008093775e-05,1.0000007932831068e-07,0.5059600999998111
method-025,4,Random,OriginalOrder,10,0,1265,82.4,5753,40.2,12385,1.5,42.2,38.7,80.9,0.0,7.630000004610338e-05,3.000000106112566e-07,0.3713089000000309
method-025,5,Random,OriginalOrder,10,0,1265,92.1,461,14.1,11250,1.1,78.0,13.0,91.0,0.0,4.1099999862126424e-05,1.999999312829459e-07,0.5460898999999699
method-025,6,Random,OriginalOrder,10,0,1265,86.8,2021,24.8,88,4.7,62.0,20.1,82.1,-7.105427357601002e-15,4.579999995257822e-05,1.999999312829459e-07,0.4714506000000256
method-025,7,Random,OriginalOrder,10,0,1265,83.1,3519,58.3,3700,18.5,24.799999999999997,39.8,64.6,0.0,6.08000000283937e-05,3.000000106112566e-07,0.5942892999999003
method-025,8,Random,OriginalOrder,10,0,1265,91.6,310,37.4,932,5.6,54.199999999999996,31.799999999999997,86.0,7.105427357601002e-15,3.9499999957115506e-05,1.999999312829459e-07,0.4538188000001355
method-025,9,Random,OriginalOrder,10,0,1265,71.6,228,61.0,12377,4.2,10.599999999999994,56.8,67.39999999999999,0.0,3.969999988839845e-05,2.0000015865662135e-07,0.36558659999991505
method-025,10,Random,OriginalOrder,10,0,1265,89.7,1277,89.7,1807,43.1,0.0,46.6,46.6,0.0,3.930000002583256e-05,1.0000007932831068e-07,0.36960739999994985
method-026,1,Random,MarginalGainPredictor,10,0,1265,85.1,1277,85.1,310,47.7,0.0,37.39999999999999,37.39999999999999,0.0,3.979999996772676e-05,0.0003014000001257955,0.375639000000092
method-026,2,Random,MarginalGainPredictor,10,0,1265,86.9,12802,22.0,1978,11.3,64.9,10.7,75.60000000000001,3.552713678800501e-15,3.0199999855540227e-05,0.0010075999998662155,0.473624799999925
method-026,3,Random,MarginalGainPredictor,10,0,1265,91.8,5753,41.0,1249,21.4,50.8,19.6,70.4,7.105427357601002e-15,4.0399999988949276e-05,0.0011655999999220512,0.4673738000001322
method-026,4,Random,MarginalGainPredictor,10,0,1265,81.7,9070,27.1,9070,27.1,54.6,0.0,54.6,0.0,4.170000011072261e-05,0.0012205000000449218,0.46838049999996656
method-026,5,Random,MarginalGainPredictor,10,0,1265,86.7,2216,29.7,2216,29.7,57.0,0.0,57.0,0.0,5.999999984851456e-05,0.0012580000000070868,0.5209706000000551
method-026,6,Random,MarginalGainPredictor,10,0,1265,82.5,2477,39.2,181,23.3,43.3,15.900000000000002,59.2,3.552713678800501e-15,5.520000013348181e-05,0.0012195000001611334,0.5092973000000711
method-026,7,Random,MarginalGainPredictor,10,0,1265,83.1,2477,25.5,1439,17.6,57.599999999999994,7.899999999999999,65.5,7.105427357601002e-15,5.51000000541535e-05,0.001299600000038481,0.43528429999992113
method-026,8,Random,MarginalGainPredictor,10,0,1265,87.8,5753,37.2,5753,37.2,50.599999999999994,0.0,50.599999999999994,0.0,4.42000000475673e-05,0.001262300000007599,0.30350499999985914
method-026,9,Random,MarginalGainPredictor,10,0,1265,68.8,658,33.7,658,33.7,35.099999999999994,0.0,35.099999999999994,0.0,3.990000004705507e-05,0.001224800000045434,0.39901450000002114
method-026,10,Random,MarginalGainPredictor,10,0,1265,75.3,1807,40.8,1807,40.8,34.5,0.0,34.5,0.0,3.839999999399879e-05,0.0012251999999079999,0.40841409999984535
method-027,1,Random,OriginalOrder,20,0,1265,85.1,1277,85.1,2368,10.4,0.0,74.69999999999999,74.69999999999999,0.0,3.979999996772676e-05,1.999999312829459e-07,0.375639000000092
method-027,2,Random,OriginalOrder,20,0,1265,87.5,5753,43.5,892,41.0,44.0,2.5,46.5,0.0,4.1199999941454735e-05,2.0000015865662135e-07,0.4932152999999744
method-027,3,Random,OriginalOrder,20,0,1265,93.7,1265,93.7,11244,6.7,0.0,87.0,87.0,0.0,5.800000008093775e-05,3.000000106112566e-07,0.5059600999998111
method-027,4,Random,OriginalOrder,20,0,1265,82.4,5753,40.2,12385,1.5,42.2,38.7,80.9,0.0,7.630000004610338e-05,1.999999312829459e-07,0.3713089000000309
method-027,5,Random,OriginalOrder,20,0,1265,92.1,1807,35.9,11250,1.1,56.199999999999996,34.8,91.0,7.105427357601002e-15,4.1099999862126424e-05,3.000000106112566e-07,0.5460898999999699
method-027,6,Random,OriginalOrder,20,0,1265,86.8,2021,24.8,88,4.7,62.0,20.1,82.1,-7.105427357601002e-15,4.579999995257822e-05,3.000000106112566e-07,0.4714506000000256
method-027,7,Random,OriginalOrder,20,0,1265,83.1,3519,58.3,3700,18.5,24.799999999999997,39.8,64.6,0.0,6.08000000283937e-05,1.999999312829459e-07,0.5942892999999003
method-027,8,Random,OriginalOrder,20,0,1265,91.6,310,37.4,932,5.6,54.199999999999996,31.799999999999997,86.0,7.105427357601002e-15,3.9499999957115506e-05,3.000000106112566e-07,0.4538188000001355
method-027,9,Random,OriginalOrder,20,0,1265,71.6,1265,71.6,12377,4.2,0.0,67.39999999999999,67.39999999999999,0.0,3.969999988839845e-05,3.000000106112566e-07,0.36558659999991505
method-027,10,Random,OriginalOrder,20,0,1265,89.7,1277,89.7,1807,43.1,0.0,46.6,46.6,0.0,3.930000002583256e-05,3.000000106112566e-07,0.36960739999994985
method-028,1,Random,MarginalGainPredictor,20,0,1265,85.1,1277,85.1,310,47.7,0.0,37.39999999999999,37.39999999999999,0.0,3.979999996772676e-05,0.0003157999999530148,0.375639000000092
method-028,2,Random,MarginalGainPredictor,20,0,1265,86.9,2054,25.7,1978,11.3,61.2,14.399999999999999,75.60000000000001,7.105427357601002e-15,3.0199999855540227e-05,0.0003840000001673616,0.473624799999925
method-028,3,Random,MarginalGainPredictor,20,0,1265,91.8,1265,91.8,1265,91.8,0.0,0.0,0.0,0.0,4.0399999988949276e-05,0.0005458000000544416,0.4673738000001322
method-028,4,Random,MarginalGainPredictor,20,0,228,49.6,9070,27.1,1249,20.2,22.5,6.900000000000002,29.400000000000002,0.0,4.2099999973288504e-05,0.001074499999958789,0.4850690000000668
method-028,5,Random,MarginalGainPredictor,20,0,228,59.7,892,38.6,618,18.1,21.1,20.5,41.6,0.0,4.219999982524314e-05,0.0012028000001009787,0.44026610000014443
method-028,6,Random,MarginalGainPredictor,20,0,3519,54.8,2477,38.8,1255,8.0,16.0,30.799999999999997,46.8,0.0,5.970000006527698e-05,0.0012934999999743013,0.4656411000000844
method-028,7,Random,MarginalGainPredictor,20,0,3519,51.2,2477,26.8,1423,16.5,24.400000000000002,10.3,34.7,0.0,5.889999988539785e-05,0.0013946000001396897,0.5920304999999644
method-028,8,Random,MarginalGainPredictor,20,0,228,55.9,1807,34.6,1807,34.6,21.299999999999997,0.0,21.299999999999997,0.0,5.690000011782104e-05,0.0013108999999076332,0.4536752000001343
method-028,9,Random,MarginalGainPredictor,20,0,228,58.9,830,35.5,1816,0.0,23.4,35.5,58.9,0.0,4.7200000153679866e-05,0.0012600000000020373,0.36554419999993115
method-028,10,Random,MarginalGainPredictor,20,0,228,54.4,9070,42.2,820,29.8,12.199999999999996,12.400000000000002,24.599999999999998,0.0,3.889999993589299e-05,0.0012616999999863765,0.35378339999988384
method-029,1,Random,OriginalOrder,50,0,1265,85.1,1277,85.1,2368,10.4,0.0,74.69999999999999,74.69999999999999,0.0,3.979999996772676e-05,1.0000007932831068e-07,0.375639000000092
method-029,2,Random,OriginalOrder,50,0,1265,87.5,228,51.1,892,41.0,36.4,10.100000000000001,46.5,0.0,4.1199999941454735e-05,1.999999312829459e-07,0.4932152999999744
method-029,3,Random,OriginalOrder,50,0,1265,93.7,1265,93.7,11244,6.7,0.0,87.0,87.0,0.0,5.800000008093775e-05,1.999999312829459e-07,0.5059600999998111
method-029,4,Random,OriginalOrder,50,0,1265,82.4,228,50.0,12385,1.5,32.400000000000006,48.5,80.9,0.0,7.630000004610338e-05,3.999998625658918e-07,0.3713089000000309
method-029,5,Random,OriginalOrder,50,0,1265,92.1,5753,41.5,11250,1.1,50.599999999999994,40.4,91.0,7.105427357601002e-15,4.1099999862126424e-05,4.0000008993956726e-07,0.5460898999999699
method-029,6,Random,OriginalOrder,50,0,1265,86.8,2023,34.6,88,4.7,52.199999999999996,29.900000000000002,82.1,-3.552713678800501e-15,4.579999995257822e-05,3.000000106112566e-07,0.4714506000000256
method-029,7,Random,OriginalOrder,50,0,1265,83.1,3519,58.3,3700,18.5,24.799999999999997,39.8,64.6,0.0,6.08000000283937e-05,3.000000106112566e-07,0.5942892999999003
method-029,8,Random,OriginalOrder,50,0,1265,91.6,5753,38.3,932,5.6,53.3,32.699999999999996,86.0,7.105427357601002e-15,3.9499999957115506e-05,6.000000212225132e-07,0.4538188000001355
method-029,9,Random,OriginalOrder,50,0,1265,71.6,1265,71.6,12377,4.2,0.0,67.39999999999999,67.39999999999999,0.0,3.969999988839845e-05,1.999999312829459e-07,0.36558659999991505
method-029,10,Random,OriginalOrder,50,0,1265,89.7,1277,89.7,1807,43.1,0.0,46.6,46.6,0.0,3.930000002583256e-05,3.000000106112566e-07,0.36960739999994985
method-030,1,Random,MarginalGainPredictor,50,0,1265,85.1,1277,85.1,310,47.7,0.0,37.39999999999999,37.39999999999999,0.0,3.979999996772676e-05,0.00031820000003790483,0.375639000000092
method-030,2,Random,MarginalGainPredictor,50,0,1265,86.9,892,41.0,7995,15.3,45.900000000000006,25.7,71.60000000000001,3.552713678800501e-15,3.0199999855540227e-05,0.0004275999999663327,0.473624799999925
method-030,3,Random,MarginalGainPredictor,50,0,1265,79.7,1265,79.7,1265,79.7,0.0,0.0,0.0,0.0,4.080000007888884e-05,0.0012540999998691404,0.41373730000009346
method-030,4,Random,MarginalGainPredictor,50,0,228,49.6,9070,27.1,1249,20.2,22.5,6.900000000000002,29.400000000000002,0.0,4.069999999956053e-05,0.00108090000003358,0.37252089999992677
method-030,5,Random,MarginalGainPredictor,50,0,228,60.0,892,38.6,3078,21.1,21.4,17.5,38.9,0.0,4.0500000068277586e-05,0.001220999999986816,0.5769835999999486
method-030,6,Random,MarginalGainPredictor,50,0,3519,52.0,2477,38.2,1807,37.4,13.799999999999997,0.8000000000000043,14.600000000000001,0.0,5.0999999984924216e-05,0.0012759000001096865,0.5494626999998218
method-030,7,Random,MarginalGainPredictor,50,0,3519,51.6,2216,36.5,2216,36.5,15.100000000000001,0.0,15.100000000000001,0.0,5.529999998543644e-05,0.0012868999999682273,0.46138780000001134
method-030,8,Random,MarginalGainPredictor,50,0,228,55.7,228,55.7,1439,15.4,0.0,40.300000000000004,40.300000000000004,0.0,3.990000004705507e-05,0.0013648000001467153,0.369711499999994
method-030,9,Random,MarginalGainPredictor,50,0,228,62.5,410,40.4,410,40.4,22.1,0.0,22.1,0.0,4.020000005766633e-05,0.001224600000114151,0.45102479999991374
method-030,10,Random,MarginalGainPredictor,50,0,228,54.5,5753,41.5,820,17.8,13.0,23.7,36.7,3.552713678800501e-15,3.770000012082164e-05,0.001277900000104637,0.4578143999999611
method-031,1,Random,OriginalOrder,100,0,1265,85.1,1277,85.1,2368,10.4,0.0,74.69999999999999,74.69999999999999,0.0,3.979999996772676e-05,9.999985195463523e-08,0.375639000000092
method-031,2,Random,OriginalOrder,100,0,1265,87.5,1265,87.5,892,41.0,0.0,46.5,46.5,0.0,4.1199999941454735e-05,1.999999312829459e-07,0.4932152999999744
method-031,3,Random,OriginalOrder,100,0,1265,93.7,1265,93.7,11244,6.7,0.0,87.0,87.0,0.0,5.800000008093775e-05,1.999999312829459e-07,0.5059600999998111
method-031,4,Random,OriginalOrder,100,0,1265,82.4,1277,82.4,12385,1.5,0.0,80.9,80.9,0.0,7.630000004610338e-05,1.999999312829459e-07,0.3713089000000309
method-031,5,Random,OriginalOrder,100,0,1265,92.1,1277,92.1,11250,1.1,0.0,91.0,91.0,0.0,4.1099999862126424e-05,3.000000106112566e-07,0.5460898999999699
method-031,6,Random,OriginalOrder,100,0,1265,86.8,1265,86.8,88,4.7,0.0,82.1,82.1,0.0,4.579999995257822e-05,1.999999312829459e-07,0.4714506000000256
method-031,7,Random,OriginalOrder,100,0,1265,83.1,1277,83.1,3700,18.5,0.0,64.6,64.6,0.0,6.08000000283937e-05,1.999999312829459e-07,0.5942892999999003
method-031,8,Random,OriginalOrder,100,0,1265,91.6,5753,38.3,932,5.6,53.3,32.699999999999996,86.0,7.105427357601002e-15,3.9499999957115506e-05,3.000000106112566e-07,0.4538188000001355
method-031,9,Random,OriginalOrder,100,0,1265,71.6,1265,71.6,12377,4.2,0.0,67.39999999999999,67.39999999999999,0.0,3.969999988839845e-05,3.000000106112566e-07,0.36558659999991505
method-031,10,Random,OriginalOrder,100,0,1265,89.7,1277,89.7,1807,43.1,0.0,46.6,46.6,0.0,3.930000002583256e-05,3.000000106112566e-07,0.36960739999994985
method-032,1,Random,MarginalGainPredictor,100,0,1265,85.1,1277,85.1,310,47.7,0.0,37.39999999999999,37.39999999999999,0.0,3.979999996772676e-05,0.00037640000005012553,0.375639000000092
method-032,2,Random,MarginalGainPredictor,100,0,1265,86.9,1265,86.9,1265,86.9,0.0,0.0,0.0,0.0,3.0199999855540227e-05,0.0006035999999767228,0.473624799999925
method-032,3,Random,MarginalGainPredictor,100,0,3519,58.0,410,44.7,410,44.7,13.299999999999997,0.0,13.299999999999997,0.0,4.0199999830292654e-05,0.0011474999998881685,0.4875363999999536
method-032,4,Random,MarginalGainPredictor,100,0,228,49.6,1920,31.8,1807,28.7,17.8,3.1000000000000014,20.900000000000002,0.0,4.089999993084348e-05,0.0010886000000027707,0.5003197999999429
method-032,5,Random,MarginalGainPredictor,100,0,228,59.6,228,59.6,985,30.4,0.0,29.200000000000003,29.200000000000003,0.0,4.0399999988949276e-05,0.001445099999955346,0.47188550000009855
method-032,6,Random,MarginalGainPredictor,100,0,3519,52.6,3519,52.6,2216,30.5,0.0,22.1,22.1,0.0,4.0100000205711694e-05,0.0014375999999174383,0.45350840000014614
method-032,7,Random,MarginalGainPredictor,100,0,3519,52.6,9070,43.2,1423,18.5,9.399999999999999,24.700000000000003,34.1,0.0,5.390000001170847e-05,0.0013278999999783991,0.5528801000000385
method-032,8,Random,MarginalGainPredictor,100,0,228,55.1,3519,49.4,820,17.6,5.700000000000003,31.799999999999997,37.5,0.0,3.839999999399879e-05,0.0013619999999718857,0.4759750000000622
method-032,9,Random,MarginalGainPredictor,100,0,228,62.5,228,62.5,1277,0.0,0.0,62.5,62.5,0.0,5.0099999953090446e-05,0.0013119000000187953,0.457570700000133
method-032,10,Random,MarginalGainPredictor,100,0,228,54.4,5753,43.5,1439,20.7,10.899999999999999,22.8,33.7,3.552713678800501e-15,3.8599999925281736e-05,0.0013510999999652995,0.38095079999993686
method-033,1,Random,OriginalOrder,10,1,1265,85.1,228,54.0,118,12.8,31.099999999999994,41.2,72.3,0.0,3.519999995660328e-05,1.0000007932831068e-07,0.375639000000092
method-033,2,Random,OriginalOrder,10,1,1265,87.5,1439,19.7,1249,16.4,67.8,3.3000000000000007,71.1,-3.552713678800501e-15,4.4399999978850246e-05,2.0000015865662135e-07,0.3906099999999242
method-033,3,Random,OriginalOrder,10,1,1265,91.5,5454,17.8,6314,10.3,73.7,7.5,81.2,0.0,4.069999999956053e-05,1.0000007932831068e-07,0.3847975999999562
method-033,4,Random,OriginalOrder,10,1,1265,81.1,1265,81.1,188,12.1,0.0,69.0,69.0,0.0,4.0900000158217154e-05,9.999985195463523e-08,0.3802368999999999
method-033,5,Random,OriginalOrder,10,1,1265,89.1,647,25.8,2414,15.4,63.3,10.4,73.69999999999999,-8.881784197001252e-15,5.390000001170847e-05,1.999999312829459e-07,0.5402245000000221
method-033,6,Random,OriginalOrder,10,1,1265,85.2,3519,56.8,905,22.4,28.400000000000006,34.4,62.800000000000004,0.0,4.100000001017179e-05,1.999999312829459e-07,0.5264256999998906
method-033,7,Random,OriginalOrder,10,1,1265,81.7,228,42.7,1392,4.3,39.0,38.400000000000006,77.4,0.0,5.7700000070326496e-05,3.000000106112566e-07,0.5627512000000934
method-033,8,Random,OriginalOrder,10,1,1265,93.5,3519,60.7,2368,9.5,32.8,51.2,84.0,0.0,3.779999997277628e-05,2.0000015865662135e-07,0.37289669999995567
method-033,9,Random,OriginalOrder,10,1,1265,69.1,1265,69.1,1580,7.8,0.0,61.3,61.3,0.0,3.8099999983387534e-05,4.0000008993956726e-07,0.37704999999982647
method-033,10,Random,OriginalOrder,10,1,1265,77.8,423,28.8,4934,21.4,49.0,7.400000000000002,56.4,-3.552713678800501e-15,3.8499999845953425e-05,4.0000008993956726e-07,0.45088160000000244
method-034,1,Random,MarginalGainPredictor,10,1,1265,85.1,228,54.0,6314,14.9,31.099999999999994,39.1,70.19999999999999,-7.105427357601002e-15,3.519999995660328e-05,0.0003418999999666994,0.375639000000092
method-034,2,Random,MarginalGainPredictor,10,1,1265,86.7,4679,29.3,1249,16.4,57.400000000000006,12.900000000000002,70.30000000000001,3.552713678800501e-15,4.0900000158217154e-05,0.0010282000000643166,0.46400199999993674
method-034,3,Random,MarginalGainPredictor,10,1,1265,93.2,5753,40.5,5753,40.5,52.7,0.0,52.7,0.0,4.020000005766633e-05,0.0011159000000589003,0.4588303000000451
method-034,4,Random,MarginalGainPredictor,10,1,1265,79.4,1265,79.4,1265,79.4,0.0,0.0,0.0,0.0,4.179999996267725e-05,0.0011110999998891202,0.4629242000000886
method-034,5,Random,MarginalGainPredictor,10,1,228,60.0,1785,21.0,5454,16.3,39.0,4.699999999999999,43.7,3.552713678800501e-15,5.809999993289239e-05,0.0014453000001140026,0.3822910999999749
method-034,6,Random,MarginalGainPredictor,10,1,3519,54.9,985,34.9,985,34.9,20.0,0.0,20.0,0.0,4.68000000637403e-05,0.0012934999999743013,0.43618769999989127
method-034,7,Random,MarginalGainPredictor,10,1,3519,54.9,2054,29.1,7995,20.8,25.799999999999997,8.3,34.099999999999994,-3.552713678800501e-15,5.4899999895496876e-05,0.001324800000020332,0.4391227000000981
method-034,8,Random,MarginalGainPredictor,10,1,228,55.8,3519,49.5,916,5.1,6.299999999999997,44.4,50.699999999999996,0.0,3.8099999983387534e-05,0.0011921000000256754,0.3990223999999216
method-034,9,Random,MarginalGainPredictor,10,1,228,62.7,404,16.4,72,11.8,46.300000000000004,4.599999999999998,50.900000000000006,3.552713678800501e-15,4.1300000020783045e-05,0.0013016999998853862,0.4063461999999163
method-034,10,Random,MarginalGainPredictor,10,1,228,55.6,310,40.5,310,40.5,15.100000000000001,0.0,15.100000000000001,0.0,3.879999985656468e-05,0.0011767999999392487,0.402263400000038
method-035,1,Random,OriginalOrder,20,1,1265,85.1,228,54.0,118,12.8,31.099999999999994,41.2,72.3,0.0,3.519999995660328e-05,1.999999312829459e-07,0.375639000000092
method-035,2,Random,OriginalOrder,20,1,1265,87.5,228,51.4,1249,16.4,36.1,35.0,71.1,-7.105427357601002e-15,4.4399999978850246e-05,1.999999312829459e-07,0.3906099999999242
method-035,3,Random,OriginalOrder,20,1,1265,91.5,7995,32.3,6314,10.3,59.2,21.999999999999996,81.2,3.552713678800501e-15,4.069999999956053e-05,1.999999312829459e-07,0.3847975999999562
method-035,4,Random,OriginalOrder,20,1,1265,81.1,1265,81.1,188,12.1,0.0,69.0,69.0,0.0,4.0900000158217154e-05,3.000000106112566e-07,0.3802368999999999
method-035,5,Random,OriginalOrder,20,1,1265,89.1,1807,35.9,2414,15.4,53.199999999999996,20.5,73.69999999999999,-7.105427357601002e-15,5.390000001170847e-05,3.000000106112566e-07,0.5402245000000221
method-035,6,Random,OriginalOrder,20,1,1265,85.2,3519,56.8,905,22.4,28.400000000000006,34.4,62.800000000000004,0.0,4.100000001017179e-05,3.000000106112566e-07,0.5264256999998906
method-035,7,Random,OriginalOrder,20,1,1265,81.7,228,42.7,1392,4.3,39.0,38.400000000000006,77.4,0.0,5.7700000070326496e-05,1.999999312829459e-07,0.5627512000000934
method-035,8,Random,OriginalOrder,20,1,1265,93.5,3519,60.7,2368,9.5,32.8,51.2,84.0,0.0,3.779999997277628e-05,6.000000212225132e-07,0.37289669999995567
method-035,9,Random,OriginalOrder,20,1,1265,69.1,1265,69.1,1580,7.8,0.0,61.3,61.3,0.0,3.8099999983387534e-05,1.999999312829459e-07,0.37704999999982647
method-035,10,Random,OriginalOrder,20,1,1265,77.8,820,29.0,4934,21.4,48.8,7.600000000000001,56.4,0.0,3.8499999845953425e-05,2.0000015865662135e-07,0.45088160000000244
method-036,1,Random,MarginalGainPredictor,20,1,1265,85.1,228,54.0,6314,14.9,31.099999999999994,39.1,70.19999999999999,-7.105427357601002e-15,3.519999995660328e-05,0.0002951000001303328,0.375639000000092
method-036,2,Random,MarginalGainPredictor,20,1,1265,86.7,4679,29.3,1249,16.4,57.400000000000006,12.900000000000002,70.30000000000001,3.552713678800501e-15,4.0900000158217154e-05,0.0006350000001020817,0.46400199999993674
method-036,3,Random,MarginalGainPredictor,20,1,1265,93.2,228,52.6,5753,40.5,40.6,12.100000000000001,52.7,0.0,4.020000005766633e-05,0.0005313999999998487,0.4588303000000451
method-036,4,Random,MarginalGainPredictor,20,1,1265,79.4,1265,79.4,1265,79.4,0.0,0.0,0.0,0.0,4.179999996267725e-05,0.0006344999999328138,0.4629242000000886
method-036,5,Random,MarginalGainPredictor,20,1,228,60.0,7123,29.3,7995,18.0,30.7,11.3,42.0,0.0,5.809999993289239e-05,0.0008006999998997344,0.3822910999999749
method-036,6,Random,MarginalGainPredictor,20,1,3519,52.1,985,35.0,985,35.0,17.1,0.0,17.1,0.0,4.1099999862126424e-05,0.0011627000001226406,0.5416993999999704
method-036,7,Random,MarginalGainPredictor,20,1,3519,54.0,3519,54.0,181,30.4,0.0,23.6,23.6,0.0,5.6300000096598524e-05,0.001301199999943492,0.47313180000014654
method-036,8,Random,MarginalGainPredictor,20,1,228,55.8,3519,49.2,916,9.9,6.599999999999994,39.300000000000004,45.9,0.0,3.7699999893447966e-05,0.0011918999998670188,0.48387819999993553
method-036,9,Random,MarginalGainPredictor,20,1,228,60.0,410,40.5,410,40.5,19.5,0.0,19.5,0.0,3.889999993589299e-05,0.0011986000001797947,0.3843285000000378
method-036,10,Random,MarginalGainPredictor,20,1,228,55.6,310,40.9,310,40.9,14.700000000000003,0.0,14.700000000000003,0.0,4.259999991518271e-05,0.001265099999955055,0.3777521000001798
method-037,1,Random,OriginalOrder,50,1,1265,85.1,1265,85.1,118,12.8,0.0,72.3,72.3,0.0,3.519999995660328e-05,2.0000015865662135e-07,0.375639000000092
method-037,2,Random,OriginalOrder,50,1,1265,87.5,1277,87.5,1249,16.4,0.0,71.1,71.1,0.0,4.4399999978850246e-05,3.000000106112566e-07,0.3906099999999242
method-037,3,Random,OriginalOrder,50,1,1265,91.5,985,34.7,6314,10.3,56.8,24.400000000000002,81.2,3.552713678800501e-15,4.069999999956053e-05,1.999999312829459e-07,0.3847975999999562
method-037,4,Random,OriginalOrder,50,1,1265,81.1,1265,81.1,188,12.1,0.0,69.0,69.0,0.0,4.0900000158217154e-05,2.0000015865662135e-07,0.3802368999999999
method-037,5,Random,OriginalOrder,50,1,1265,89.1,1807,35.9,2414,15.4,53.199999999999996,20.5,73.69999999999999,-7.105427357601002e-15,5.390000001170847e-05,3.000000106112566e-07,0.5402245000000221
method-037,6,Random,OriginalOrder,50,1,1265,85.2,1277,85.2,905,22.4,0.0,62.800000000000004,62.800000000000004,0.0,4.100000001017179e-05,1.999999312829459e-07,0.5264256999998906
method-037,7,Random,OriginalOrder,50,1,1265,81.7,228,42.7,1392,4.3,39.0,38.400000000000006,77.4,0.0,5.7700000070326496e-05,3.999998625658918e-07,0.5627512000000934
method-037,8,Random,OriginalOrder,50,1,1265,93.5,3519,60.7,2368,9.5,32.8,51.2,84.0,0.0,3.779999997277628e-05,3.000000106112566e-07,0.37289669999995567
method-037,9,Random,OriginalOrder,50,1,1265,69.1,1265,69.1,1580,7.8,0.0,61.3,61.3,0.0,3.8099999983387534e-05,2.0000015865662135e-07,0.37704999999982647
method-037,10,Random,OriginalOrder,50,1,1265,77.8,820,29.0,4934,21.4,48.8,7.600000000000001,56.4,0.0,3.8499999845953425e-05,1.999999312829459e-07,0.45088160000000244
method-038,1,Random,MarginalGainPredictor,50,1,1265,85.1,1265,85.1,1265,85.1,0.0,0.0,0.0,0.0,3.519999995660328e-05,0.00042469999993954843,0.375639000000092
method-038,2,Random,MarginalGainPredictor,50,1,3519,54.6,228,51.4,1807,35.6,3.200000000000003,15.799999999999997,19.0,0.0,3.5600000046542846e-05,0.0005212000000938133,0.4705397999998695
method-038,3,Random,MarginalGainPredictor,50,1,3519,57.0,985,34.6,985,34.6,22.4,0.0,22.4,0.0,4.2200000052616815e-05,0.001078300000017407,0.37691610000001674
method-038,4,Random,MarginalGainPredictor,50,1,228,49.5,228,49.5,2216,27.9,0.0,21.6,21.6,0.0,4.16000000313943e-05,0.0012193999998544314,0.48132799999984854
method-038,5,Random,MarginalGainPredictor,50,1,228,59.9,228,59.9,820,19.0,0.0,40.9,40.9,0.0,4.120000016882841e-05,0.0014082000000144035,0.5352387000000363
method-038,6,Random,MarginalGainPredictor,50,1,3519,52.6,892,39.6,410,36.4,13.0,3.200000000000003,16.200000000000003,0.0,4.6200000042517786e-05,0.0012279000000035012,0.5025223999998616
method-038,7,Random,MarginalGainPredictor,50,1,3519,53.9,9070,43.2,1277,0.0,10.699999999999996,43.2,53.9,0.0,3.919999994650425e-05,0.0012201000001823559,0.4590072000000873
method-038,8,Random,MarginalGainPredictor,50,1,228,55.4,3519,49.2,916,5.4,6.199999999999996,43.800000000000004,50.0,0.0,3.8099999983387534e-05,0.0015109999999367574,0.3771917999999914
method-038,9,Random,MarginalGainPredictor,50,1,228,62.7,830,36.7,1352,25.4,26.0,11.300000000000004,37.300000000000004,0.0,3.85000000733271e-05,0.0012612000000444823,0.4474276999999347
method-038,10,Random,MarginalGainPredictor,50,1,228,55.1,3519,43.7,1423,16.1,11.399999999999999,27.6,39.0,0.0,3.990000004705507e-05,0.0013003999999909865,0.45549400000004425
method-039,1,Random,OriginalOrder,100,1,1265,85.1,1265,85.1,118,12.8,0.0,72.3,72.3,0.0,3.519999995660328e-05,1.999999312829459e-07,0.375639000000092
method-039,2,Random,OriginalOrder,100,1,1265,87.5,1277,87.5,1249,16.4,0.0,71.1,71.1,0.0,4.4399999978850246e-05,2.0000015865662135e-07,0.3906099999999242
method-039,3,Random,OriginalOrder,100,1,1265,91.5,1920,43.2,6314,10.3,48.3,32.900000000000006,81.2,0.0,4.069999999956053e-05,3.000000106112566e-07,0.3847975999999562
method-039,4,Random,OriginalOrder,100,1,1265,81.1,1265,81.1,188,12.1,0.0,69.0,69.0,0.0,4.0900000158217154e-05,2.0000015865662135e-07,0.3802368999999999
method-039,5,Random,OriginalOrder,100,1,1265,89.1,228,60.2,2414,15.4,28.89999999999999,44.800000000000004,73.69999999999999,-7.105427357601002e-15,5.390000001170847e-05,3.000000106112566e-07,0.5402245000000221
method-039,6,Random,OriginalOrder,100,1,1265,85.2,1265,85.2,905,22.4,0.0,62.800000000000004,62.800000000000004,0.0,4.100000001017179e-05,3.000000106112566e-07,0.5264256999998906
method-039,7,Random,OriginalOrder,100,1,1265,81.7,1265,81.7,1392,4.3,0.0,77.4,77.4,0.0,5.7700000070326496e-05,1.999999312829459e-07,0.5627512000000934
method-039,8,Random,OriginalOrder,100,1,1265,93.5,1277,93.5,2368,9.5,0.0,84.0,84.0,0.0,3.779999997277628e-05,4.0000008993956726e-07,0.37289669999995567
method-039,9,Random,OriginalOrder,100,1,1265,69.1,1265,69.1,1580,7.8,0.0,61.3,61.3,0.0,3.8099999983387534e-05,3.000000106112566e-07,0.37704999999982647
method-039,10,Random,OriginalOrder,100,1,1265,77.8,1265,77.8,4934,21.4,0.0,56.4,56.4,0.0,3.8499999845953425e-05,3.000000106112566e-07,0.45088160000000244
method-040,1,Random,MarginalGainPredictor,100,1,1265,85.1,1265,85.1,1265,85.1,0.0,0.0,0.0,0.0,3.519999995660328e-05,0.0004688000001351611,0.375639000000092
method-040,2,Random,MarginalGainPredictor,100,1,3519,54.6,3519,54.6,410,47.3,0.0,7.300000000000004,7.300000000000004,0.0,3.5600000046542846e-05,0.00044499999989966454,0.4705397999998695
method-040,3,Random,MarginalGainPredictor,100,1,3519,58.3,1807,44.0,1807,44.0,14.299999999999997,0.0,14.299999999999997,0.0,3.349999997226405e-05,0.00047410000001946173,0.4846136999999544
method-040,4,Random,MarginalGainPredictor,100,1,228,49.6,228,49.6,985,31.9,0.0,17.700000000000003,17.700000000000003,0.0,4.549999994196696e-05,0.0011709999998856802,0.3837836000000152
method-040,5,Random,MarginalGainPredictor,100,1,228,59.6,228,59.6,310,44.1,0.0,15.5,15.5,0.0,4.6899999915694934e-05,0.0012796000000889762,0.5349860000001172
method-040,6,Random,MarginalGainPredictor,100,1,3519,52.6,3519,52.6,2216,30.5,0.0,22.1,22.1,0.0,4.179999996267725e-05,0.0012766999998348183,0.54412769999999
method-040,7,Random,MarginalGainPredictor,100,1,3519,52.6,3519,52.6,1277,0.0,0.0,52.6,52.6,0.0,6.170000006022747e-05,0.0013005000000703149,0.4691971999998259
method-040,8,Random,MarginalGainPredictor,100,1,228,55.1,3519,49.5,7995,12.5,5.600000000000001,37.0,42.6,0.0,3.8099999983387534e-05,0.0013321999999789114,0.45893649999993613
method-040,9,Random,MarginalGainPredictor,100,1,228,62.5,5753,39.5,916,9.9,23.0,29.6,52.6,0.0,3.839999999399879e-05,0.001249499999858017,0.4973795999999311
method-040,10,Random,MarginalGainPredictor,100,1,228,54.5,3519,42.6,820,16.6,11.899999999999999,26.0,37.9,0.0,3.85000000733271e-05,0.0012981999998373794,0.39048760000014227
method-041,1,Random,OriginalOrder,10,2,1265,85.1,2216,34.6,181,26.9,50.49999999999999,7.700000000000003,58.199999999999996,0.0,3.4300000152143184e-05,2.0000015865662135e-07,0.375639000000092
method-041,2,Random,OriginalOrder,10,2,1265,87.5,3078,21.4,12381,6.7,66.1,14.7,80.8,3.552713678800501e-15,0.00016780000009930518,1.999999312829459e-07,0.39597170000001825
method-041,3,Random,OriginalOrder,10,2,1265,94.1,7123,23.6,547,19.2,70.5,4.400000000000002,74.89999999999999,-1.0658141036401503e-14,4.180000019005092e-05,1.0000007932831068e-07,0.49641169999995327
method-041,4,Random,OriginalOrder,10,2,1265,82.9,1920,33.2,7995,10.8,49.7,22.400000000000002,72.10000000000001,3.552713678800501e-15,5.410000017036509e-05,1.999999312829459e-07,0.4819807999999739
method-041,5,Random,OriginalOrder,10,2,1265,94.4,1265,94.4,7993,7.9,0.0,86.5,86.5,0.0,4.179999996267725e-05,1.999999312829459e-07,0.4631431000000248
method-041,6,Random,OriginalOrder,10,2,1265,82.9,2021,28.8,12380,4.9,54.10000000000001,23.9,78.0,-7.105427357601002e-15,4.06000001476059e-05,3.000000106112566e-07,0.4067684999999983
method-041,7,Random,OriginalOrder,10,2,1265,82.8,228,42.7,657,7.2,40.099999999999994,35.5,75.6,0.0,3.909999986717594e-05,1.999999312829459e-07,0.36646929999983513
method-041,8,Random,OriginalOrder,10,2,1265,90.5,1277,90.5,2034,9.7,0.0,80.8,80.8,0.0,3.9200000173877925e-05,1.999999312829459e-07,0.35941750000006323
method-041,9,Random,OriginalOrder,10,2,1265,67.1,1920,23.7,4934,22.2,43.39999999999999,1.5,44.89999999999999,0.0,3.90000000152213e-05,3.000000106112566e-07,0.395815900000116
method-041,10,Random,OriginalOrder,10,2,1265,86.0,1277,86.0,1943,10.8,0.0,75.2,75.2,0.0,4.1099999862126424e-05,1.999999312829459e-07,0.447429800000009
method-042,1,Random,MarginalGainPredictor,10,2,1265,85.1,2216,34.6,2216,34.6,50.49999999999999,0.0,50.49999999999999,0.0,3.4300000152143184e-05,0.0003750999999283522,0.375639000000092
method-042,2,Random,MarginalGainPredictor,10,2,1265,87.5,6158,15.4,2014,11.7,72.1,3.700000000000001,75.8,1.7763568394002505e-15,4.68000000637403e-05,0.0010617999998885352,0.5019615000001068
method-042,3,Random,MarginalGainPredictor,10,2,1265,91.8,7123,23.6,6314,10.3,68.19999999999999,13.3,81.5,1.0658141036401503e-14,4.170000011072261e-05,0.0011004000000411907,0.3532654000000548
method-042,4,Random,MarginalGainPredictor,10,2,1265,82.2,228,50.2,1439,26.1,32.0,24.1,56.1,0.0,4.1300000020783045e-05,0.0011686000000281638,0.3714506999999685
method-042,5,Random,MarginalGainPredictor,10,2,1265,95.1,1265,95.1,1265,95.1,0.0,0.0,0.0,0.0,4.069999999956053e-05,0.0011898000000201137,0.5225828000000092
method-042,6,Random,MarginalGainPredictor,10,2,3519,53.1,181,22.1,1255,8.1,31.0,14.000000000000002,45.0,-1.7763568394002505e-15,4.179999996267725e-05,0.0012373999998089857,0.4287223000001177
method-042,7,Random,MarginalGainPredictor,10,2,3519,50.4,1140,27.1,1352,19.8,23.299999999999997,7.300000000000001,30.599999999999998,0.0,3.870000000461005e-05,0.0011733999999705702,0.4105407000001833
method-042,8,Random,MarginalGainPredictor,10,2,228,56.3,1140,31.3,4679,21.6,24.999999999999996,9.7,34.699999999999996,0.0,3.85000000733271e-05,0.0012140999999701307,0.39688860000001114
method-042,9,Random,MarginalGainPredictor,10,2,228,62.1,9070,36.2,9070,36.2,25.9,0.0,25.9,0.0,3.870000000461005e-05,0.001190799999903902,0.401212600000008
method-042,10,Random,MarginalGainPredictor,10,2,228,55.5,423,24.3,1978,21.0,31.2,3.3000000000000007,34.5,0.0,3.940000010516087e-05,0.001247200000079829,0.3118464000001495
method-043,1,Random,OriginalOrder,20,2,1265,85.1,2216,34.6,181,26.9,50.49999999999999,7.700000000000003,58.199999999999996,0.0,3.4300000152143184e-05,1.999999312829459e-07,0.375639000000092
method-043,2,Random,OriginalOrder,20,2,1265,87.5,1807,35.5,12381,6.7,52.0,28.8,80.8,-3.552713678800501e-15,0.00016780000009930518,3.000000106112566e-07,0.39597170000001825
method-043,3,Random,OriginalOrder,20,2,1265,94.1,228,52.6,547,19.2,41.49999999999999,33.400000000000006,74.89999999999999,-7.105427357601002e-15,4.180000019005092e-05,1.999999312829459e-07,0.49641169999995327
method-043,4,Random,OriginalOrder,20,2,1265,82.9,1920,33.2,7995,10.8,49.7,22.400000000000002,72.10000000000001,3.552713678800501e-15,5.410000017036509e-05,3.000000106112566e-07,0.4819807999999739
method-043,5,Random,OriginalOrder,20,2,1265,94.4,1265,94.4,7993,7.9,0.0,86.5,86.5,0.0,4.179999996267725e-05,3.000000106112566e-07,0.4631431000000248
method-043,6,Random,OriginalOrder,20,2,1265,82.9,2021,28.8,12380,4.9,54.10000000000001,23.9,78.0,-7.105427357601002e-15,4.06000001476059e-05,1.999999312829459e-07,0.4067684999999983
method-043,7,Random,OriginalOrder,20,2,1265,82.8,228,42.7,657,7.2,40.099999999999994,35.5,75.6,0.0,3.909999986717594e-05,3.000000106112566e-07,0.36646929999983513
method-043,8,Random,OriginalOrder,20,2,1265,90.5,1277,90.5,2034,9.7,0.0,80.8,80.8,0.0,3.9200000173877925e-05,3.000000106112566e-07,0.35941750000006323
method-043,9,Random,OriginalOrder,20,2,1265,67.1,228,54.2,4934,22.2,12.899999999999991,32.0,44.89999999999999,0.0,3.90000000152213e-05,2.0000015865662135e-07,0.395815900000116
method-043,10,Random,OriginalOrder,20,2,1265,86.0,1277,86.0,1943,10.8,0.0,75.2,75.2,0.0,4.1099999862126424e-05,3.000000106112566e-07,0.447429800000009
method-044,1,Random,MarginalGainPredictor,20,2,1265,85.1,2216,34.6,2216,34.6,50.49999999999999,0.0,50.49999999999999,0.0,3.4300000152143184e-05,0.0003048999999464286,0.375639000000092
method-044,2,Random,MarginalGainPredictor,20,2,1265,87.5,1807,36.1,1807,36.1,51.4,0.0,51.4,0.0,4.68000000637403e-05,0.0004314000000249507,0.5019615000001068
method-044,3,Random,MarginalGainPredictor,20,2,1265,88.1,7123,23.5,3078,20.4,64.6,3.1000000000000014,67.69999999999999,-7.105427357601002e-15,4.0399999988949276e-05,0.0010617000000365806,0.49786539999990964
method-044,4,Random,MarginalGainPredictor,20,2,1265,81.3,1277,81.3,1277,81.3,0.0,0.0,0.0,0.0,4.3100000084450585e-05,0.001147400000036214,0.47479679999992186
method-044,5,Random,MarginalGainPredictor,20,2,228,59.9,1439,29.0,1265,0.0,30.9,29.0,59.9,0.0,5.3499999921768904e-05,0.0016335000000253785,0.4464095000000725
method-044,6,Random,MarginalGainPredictor,20,2,3519,53.5,4285,22.9,3916,22.5,30.6,0.3999999999999986,31.0,0.0,0.00010219999990113138,0.0015652999998110317,0.4691978000000745
method-044,7,Random,MarginalGainPredictor,20,2,3519,53.8,8264,21.0,1352,17.8,32.8,3.1999999999999993,36.0,3.552713678800501e-15,3.90000000152213e-05,0.0012609999998858257,0.3724826000000121
method-044,8,Random,MarginalGainPredictor,20,2,228,56.0,2442,17.5,916,5.4,38.5,12.1,50.6,1.7763568394002505e-15,3.829999991467048e-05,0.0011850000000777072,0.4609568000000763
method-044,9,Random,MarginalGainPredictor,20,2,228,62.7,692,26.1,692,26.1,36.6,0.0,36.6,0.0,4.939999985253962e-05,0.001278799999909097,0.3619229000000814
method-044,10,Random,MarginalGainPredictor,20,2,228,54.5,985,31.8,985,31.8,22.7,0.0,22.7,0.0,3.930000002583256e-05,0.0012073000000327738,0.4449412999999822
method-045,1,Random,OriginalOrder,50,2,1265,85.1,2216,34.6,181,26.9,50.49999999999999,7.700000000000003,58.199999999999996,0.0,3.4300000152143184e-05,1.999999312829459e-07,0.375639000000092
method-045,2,Random,OriginalOrder,50,2,1265,87.5,647,46.7,12381,6.7,40.8,40.0,80.8,0.0,0.00016780000009930518,1.999999312829459e-07,0.39597170000001825
method-045,3,Random,OriginalOrder,50,2,1265,94.1,3519,61.2,547,19.2,32.89999999999999,42.0,74.89999999999999,0.0,4.180000019005092e-05,1.999999312829459e-07,0.49641169999995327
method-045,4,Random,OriginalOrder,50,2,1265,82.9,228,50.0,7995,10.8,32.900000000000006,39.2,72.10000000000001,0.0,5.410000017036509e-05,1.999999312829459e-07,0.4819807999999739
method-045,5,Random,OriginalOrder,50,2,1265,94.4,1265,94.4,7993,7.9,0.0,86.5,86.5,0.0,4.179999996267725e-05,4.0000008993956726e-07,0.4631431000000248
method-045,6,Random,OriginalOrder,50,2,1265,82.9,3519,48.3,12380,4.9,34.60000000000001,43.4,78.0,-7.105427357601002e-15,4.06000001476059e-05,3.000000106112566e-07,0.4067684999999983
method-045,7,Random,OriginalOrder,50,2,1265,82.8,1265,82.8,657,7.2,0.0,75.6,75.6,0.0,3.909999986717594e-05,1.999999312829459e-07,0.36646929999983513
method-045,8,Random,OriginalOrder,50,2,1265,90.5,1277,90.5,2034,9.7,0.0,80.8,80.8,0.0,3.9200000173877925e-05,3.000000106112566e-07,0.35941750000006323
method-045,9,Random,OriginalOrder,50,2,1265,67.1,1265,67.1,4934,22.2,0.0,44.89999999999999,44.89999999999999,0.0,3.90000000152213e-05,4.0000008993956726e-07,0.395815900000116
method-045,10,Random,OriginalOrder,50,2,1265,86.0,1277,86.0,1943,10.8,0.0,75.2,75.2,0.0,4.1099999862126424e-05,2.0000015865662135e-07,0.447429800000009
method-046,1,Random,MarginalGainPredictor,50,2,1265,85.1,2216,34.6,2216,34.6,50.49999999999999,0.0,50.49999999999999,0.0,3.4300000152143184e-05,0.00030689999994137906,0.375639000000092
method-046,2,Random,MarginalGainPredictor,50,2,1265,87.5,647,46.8,1807,36.1,40.7,10.699999999999996,51.4,0.0,4.68000000637403e-05,0.00043520000008356874,0.5019615000001068
method-046,3,Random,MarginalGainPredictor,50,2,1265,88.1,3519,59.2,410,49.0,28.89999999999999,10.200000000000003,39.099999999999994,0.0,4.0399999988949276e-05,0.00046279999992293597,0.49786539999990964
method-046,4,Random,MarginalGainPredictor,50,2,1265,81.3,1920,32.9,1249,20.9,48.4,12.0,60.4,0.0,5.710000004910398e-05,0.0011007999999037565,0.4883283000001484
method-046,5,Random,MarginalGainPredictor,50,2,1265,87.8,1265,87.8,1265,87.8,0.0,0.0,0.0,0.0,5.8500000022831955e-05,0.0013082999998914602,0.5381476000000021
method-046,6,Random,MarginalGainPredictor,50,2,3519,53.5,228,50.0,916,15.2,3.5,34.8,38.3,0.0,3.999999989900971e-05,0.0012618999999176594,0.4478922999999213
method-046,7,Random,MarginalGainPredictor,50,2,3519,53.6,228,42.7,820,20.1,10.899999999999999,22.6,33.5,0.0,4.73000000056345e-05,0.0012878000000000611,0.4597654000001512
method-046,8,Random,MarginalGainPredictor,50,2,228,55.4,7123,41.8,1816,0.0,13.600000000000001,41.8,55.4,0.0,5.29999999798747e-05,0.0013223000000834872,0.3446444999999585
method-046,9,Random,MarginalGainPredictor,50,2,228,62.7,3519,54.3,985,32.4,8.400000000000006,21.9,30.300000000000004,0.0,4.239999998389976e-05,0.0012901000000056229,0.4571725000000697
method-046,10,Random,MarginalGainPredictor,50,2,228,55.1,5753,43.8,1439,20.7,11.300000000000004,23.099999999999998,34.400000000000006,3.552713678800501e-15,3.930000002583256e-05,0.0012994999999591528,0.3859560999999303
method-047,1,Random,OriginalOrder,100,2,1265,85.1,2216,34.6,181,26.9,50.49999999999999,7.700000000000003,58.199999999999996,0.0,3.4300000152143184e-05,1.999999312829459e-07,0.375639000000092
method-047,2,Random,OriginalOrder,100,2,1265,87.5,1265,87.5,12381,6.7,0.0,80.8,80.8,0.0,0.00016780000009930518,1.999999312829459e-07,0.39597170000001825
method-047,3,Random,OriginalOrder,100,2,1265,94.1,1265,94.1,547,19.2,0.0,74.89999999999999,74.89999999999999,0.0,4.180000019005092e-05,1.999999312829459e-07,0.49641169999995327
method-047,4,Random,OriginalOrder,100,2,1265,82.9,1277,82.9,7995,10.8,0.0,72.10000000000001,72.10000000000001,0.0,5.410000017036509e-05,2.0000015865662135e-07,0.4819807999999739
method-047,5,Random,OriginalOrder,100,2,1265,94.4,1265,94.4,7993,7.9,0.0,86.5,86.5,0.0,4.179999996267725e-05,3.000000106112566e-07,0.4631431000000248
method-047,6,Random,OriginalOrder,100,2,1265,82.9,1277,82.9,12380,4.9,0.0,78.0,78.0,0.0,4.06000001476059e-05,3.000000106112566e-07,0.4067684999999983
method-047,7,Random,OriginalOrder,100,2,1265,82.8,1265,82.8,657,7.2,0.0,75.6,75.6,0.0,3.909999986717594e-05,2.0000015865662135e-07,0.36646929999983513
method-047,8,Random,OriginalOrder,100,2,1265,90.5,1277,90.5,2034,9.7,0.0,80.8,80.8,0.0,3.9200000173877925e-05,3.000000106112566e-07,0.35941750000006323
method-047,9,Random,OriginalOrder,100,2,1265,67.1,1265,67.1,4934,22.2,0.0,44.89999999999999,44.89999999999999,0.0,3.90000000152213e-05,3.000000106112566e-07,0.395815900000116
method-047,10,Random,OriginalOrder,100,2,1265,86.0,1277,86.0,1943,10.8,0.0,75.2,75.2,0.0,4.1099999862126424e-05,3.000000106112566e-07,0.447429800000009
method-048,1,Random,MarginalGainPredictor,100,2,1265,85.1,2216,34.6,2216,34.6,50.49999999999999,0.0,50.49999999999999,0.0,3.4300000152143184e-05,0.0003891999999723339,0.375639000000092
method-048,2,Random,MarginalGainPredictor,100,2,1265,87.5,1265,87.5,1265,87.5,0.0,0.0,0.0,0.0,4.68000000637403e-05,0.00044000000002597517,0.5019615000001068
method-048,3,Random,MarginalGainPredictor,100,2,3519,59.0,3519,59.0,410,45.2,0.0,13.799999999999997,13.799999999999997,0.0,4.1199999941454735e-05,0.0011306999999760592,0.38618099999985134
method-048,4,Random,MarginalGainPredictor,100,2,228,49.6,5753,37.4,1807,28.8,12.200000000000003,8.599999999999998,20.8,0.0,4.059999992023222e-05,0.0011736999999811815,0.3783660999999938
method-048,5,Random,MarginalGainPredictor,100,2,228,59.6,892,38.6,820,17.9,21.0,20.700000000000003,41.7,0.0,4.100000001017179e-05,0.0012927000000217959,0.44574139999986073
method-048,6,Random,MarginalGainPredictor,100,2,3519,53.3,228,50.0,310,38.9,3.299999999999997,11.100000000000001,14.399999999999999,0.0,4.089999993084348e-05,0.0013295999999627384,0.48962089999986347
method-048,7,Random,MarginalGainPredictor,100,2,3519,52.4,228,42.7,985,31.8,9.699999999999996,10.900000000000002,20.599999999999998,0.0,3.9399999877787195e-05,0.0013017999999647145,0.4725852000001396
method-048,8,Random,MarginalGainPredictor,100,2,228,55.1,228,55.1,916,5.4,0.0,49.7,49.7,0.0,4.94000000799133e-05,0.001551100000142469,0.45187689999988834
method-048,9,Random,MarginalGainPredictor,100,2,228,62.5,228,62.5,1249,15.5,0.0,47.0,47.0,0.0,4.9199999921256676e-05,0.0013366999999107065,0.45811559999992824
method-048,10,Random,MarginalGainPredictor,100,2,228,54.5,228,54.5,1277,0.0,0.0,54.5,54.5,0.0,3.890000016326667e-05,0.0013797999999951571,0.4949885000000904
method-049,1,Random,OriginalOrder,10,3,1265,85.1,5753,44.8,985,30.1,40.3,14.699999999999996,54.99999999999999,0.0,3.2899999951041536e-05,1.0000007932831068e-07,0.375639000000092
method-049,2,Random,OriginalOrder,10,3,1265,87.5,410,47.3,2442,20.2,40.2,27.099999999999998,67.3,-3.552713678800501e-15,4.7799999947528704e-05,1.0000007932831068e-07,0.359525099999928
method-049,3,Random,OriginalOrder,10,3,1265,93.9,1140,32.7,2717,22.9,61.2,9.800000000000004,71.0,-7.105427357601002e-15,4.269999999451102e-05,1.999999312829459e-07,0.49877489999994395
method-049,4,Random,OriginalOrder,10,3,1265,83.2,410,47.2,4758,11.9,36.0,35.300000000000004,71.3,-7.105427357601002e-15,4.7900000026857015e-05,4.999999418942025e-07,0.49922910000009324
method-049,5,Random,OriginalOrder,10,3,1265,91.5,1265,91.5,7993,8.1,0.0,83.4,83.4,0.0,4.16000000313943e-05,2.0000015865662135e-07,0.5370175999998992
method-049,6,Random,OriginalOrder,10,3,1265,87.1,7995,22.8,1785,21.8,64.3,1.0,65.3,0.0,4.539999986263865e-05,2.0000015865662135e-07,0.377700200000163
method-049,7,Random,OriginalOrder,10,3,1265,83.3,181,32.9,2122,20.5,50.4,12.399999999999999,62.8,0.0,5.119999991620716e-05,4.0000008993956726e-07,0.3825595999999223
method-049,8,Random,OriginalOrder,10,3,1265,92.8,1265,92.8,2368,9.5,0.0,83.3,83.3,0.0,4.42000000475673e-05,1.999999312829459e-07,0.3442179999999553
method-049,9,Random,OriginalOrder,10,3,1265,71.4,310,43.5,2146,13.7,27.900000000000006,29.8,57.7,-3.552713678800501e-15,3.970000011577213e-05,1.999999312829459e-07,0.36535810000009405
method-049,10,Random,OriginalOrder,10,3,1265,87.6,1140,26.3,58,5.7,61.3,20.6,81.89999999999999,-7.105427357601002e-15,3.870000000461005e-05,1.999999312829459e-07,0.3682411999998294
method-050,1,Random,MarginalGainPredictor,10,3,1265,85.1,5753,44.8,985,30.1,40.3,14.699999999999996,54.99999999999999,0.0,3.2899999951041536e-05,0.00029019999988122436,0.375639000000092
method-050,2,Random,MarginalGainPredictor,10,3,1265,87.5,410,47.3,410,47.3,40.2,0.0,40.2,0.0,4.7799999947528704e-05,0.0010507999998026207,0.359525099999928
method-050,3,Random,MarginalGainPredictor,10,3,1265,90.4,1140,32.7,1423,19.3,57.7,13.400000000000002,71.10000000000001,3.552713678800501e-15,4.0399999988949276e-05,0.0013056000000233325,0.47670720000019173
method-050,4,Random,MarginalGainPredictor,10,3,1265,80.2,1265,80.2,1265,80.2,0.0,0.0,0.0,0.0,4.170000011072261e-05,0.0010606999999254185,0.3787757000000056
method-050,5,Random,MarginalGainPredictor,10,3,228,59.7,12802,22.1,1277,0.0,37.6,22.1,59.7,0.0,5.090000013296958e-05,0.0014065000000300643,0.4877079999998841
method-050,6,Random,MarginalGainPredictor,10,3,3519,54.0,3810,13.4,4305,9.7,40.6,3.700000000000001,44.3,-5.329070518200751e-15,4.399999988891068e-05,0.00125209999987419,0.42830320000007305
method-050,7,Random,MarginalGainPredictor,10,3,3519,52.3,1807,36.0,1807,36.0,16.299999999999997,0.0,16.299999999999997,0.0,4.030000013699464e-05,0.0011977999999999156,0.4076860999998644
method-050,8,Random,MarginalGainPredictor,10,3,228,55.4,656,25.9,1249,16.8,29.5,9.099999999999998,38.599999999999994,-3.552713678800501e-15,5.430000010164804e-05,0.0012188000000605825,0.4013169999998354
method-050,9,Random,MarginalGainPredictor,10,3,228,62.7,656,25.2,1352,25.2,37.5,0.0,37.5,0.0,4.850000004807953e-05,0.0012373000001844048,0.4341836000000967
method-050,10,Random,MarginalGainPredictor,10,3,228,55.0,5753,43.7,5753,43.7,11.299999999999997,0.0,11.299999999999997,0.0,3.8099999983387534e-05,0.0011581000001115171,0.3994437999999718
method-051,1,Random,OriginalOrder,20,3,1265,85.1,5753,44.8,985,30.1,40.3,14.699999999999996,54.99999999999999,0.0,3.2899999951041536e-05,9.999985195463523e-08,0.375639000000092
method-051,2,Random,OriginalOrder,20,3,1265,87.5,410,47.3,2442,20.2,40.2,27.099999999999998,67.3,-3.552713678800501e-15,4.7799999947528704e-05,1.0000007932831068e-07,0.359525099999928
method-051,3,Random,OriginalOrder,20,3,1265,93.9,1140,32.7,2717,22.9,61.2,9.800000000000004,71.0,-7.105427357601002e-15,4.269999999451102e-05,2.0000015865662135e-07,0.49877489999994395
method-051,4,Random,OriginalOrder,20,3,1265,83.2,410,47.2,4758,11.9,36.0,35.300000000000004,71.3,-7.105427357601002e-15,4.7900000026857015e-05,2.0000015865662135e-07,0.49922910000009324
method-051,5,Random,OriginalOrder,20,3,1265,91.5,1265,91.5,7993,8.1,0.0,83.4,83.4,0.0,4.16000000313943e-05,4.999999418942025e-07,0.5370175999998992
method-051,6,Random,OriginalOrder,20,3,1265,87.1,4285,23.6,1785,21.8,63.49999999999999,1.8000000000000007,65.3,3.552713678800501e-15,4.539999986263865e-05,1.999999312829459e-07,0.377700200000163
method-051,7,Random,OriginalOrder,20,3,1265,83.3,310,37.5,2122,20.5,45.8,17.0,62.8,0.0,5.119999991620716e-05,1.999999312829459e-07,0.3825595999999223
method-051,8,Random,OriginalOrder,20,3,1265,92.8,1265,92.8,2368,9.5,0.0,83.3,83.3,0.0,4.42000000475673e-05,3.000000106112566e-07,0.3442179999999553
method-051,9,Random,OriginalOrder,20,3,1265,71.4,310,43.5,2146,13.7,27.900000000000006,29.8,57.7,-3.552713678800501e-15,3.970000011577213e-05,3.000000106112566e-07,0.36535810000009405
method-051,10,Random,OriginalOrder,20,3,1265,87.6,8264,28.6,58,5.7,58.99999999999999,22.900000000000002,81.89999999999999,-3.552713678800501e-15,3.870000000461005e-05,2.0000015865662135e-07,0.3682411999998294
method-052,1,Random,MarginalGainPredictor,20,3,1265,85.1,5753,44.8,985,30.1,40.3,14.699999999999996,54.99999999999999,0.0,3.2899999951041536e-05,0.00029109999991305813,0.375639000000092
method-052,2,Random,MarginalGainPredictor,20,3,1265,87.5,410,47.3,410,47.3,40.2,0.0,40.2,0.0,4.7799999947528704e-05,0.00038999999992483936,0.359525099999928
method-052,3,Random,MarginalGainPredictor,20,3,1265,90.4,1140,32.7,1423,19.3,57.7,13.400000000000002,71.10000000000001,3.552713678800501e-15,4.0399999988949276e-05,0.0010011000001668435,0.47670720000019173
method-052,4,Random,MarginalGainPredictor,20,3,1265,80.2,1265,80.2,1265,80.2,0.0,0.0,0.0,0.0,4.170000011072261e-05,0.00048709999987295305,0.3787757000000056
method-052,5,Random,MarginalGainPredictor,20,3,228,59.7,9070,33.6,1277,0.0,26.1,33.6,59.7,0.0,5.090000013296958e-05,0.0008065000001806766,0.4877079999998841
method-052,6,Random,MarginalGainPredictor,20,3,3519,54.0,4172,16.4,679,14.2,37.6,2.1999999999999993,39.8,-3.552713678800501e-15,4.399999988891068e-05,0.0006445000001349399,0.42830320000007305
method-052,7,Random,MarginalGainPredictor,20,3,3519,52.4,228,42.6,1807,36.0,9.799999999999997,6.600000000000001,16.4,0.0,3.940000010516087e-05,0.0012551999998322572,0.37352659999987736
method-052,8,Random,MarginalGainPredictor,20,3,228,55.4,2122,30.8,1249,16.8,24.599999999999998,14.0,38.599999999999994,-3.552713678800501e-15,3.909999986717594e-05,0.0012116999998852407,0.4679025000000365
method-052,9,Random,MarginalGainPredictor,20,3,228,62.7,2021,36.0,2216,32.0,26.700000000000003,4.0,30.700000000000003,0.0,3.980000019510044e-05,0.0012586000000283093,0.3840086000000156
method-052,10,Random,MarginalGainPredictor,20,3,228,55.0,5753,43.9,5753,43.9,11.100000000000001,0.0,11.100000000000001,0.0,3.779999997277628e-05,0.001260599999795886,0.525540699999965
method-053,1,Random,OriginalOrder,50,3,1265,85.1,1277,85.1,985,30.1,0.0,54.99999999999999,54.99999999999999,0.0,3.2899999951041536e-05,9.999985195463523e-08,0.375639000000092
method-053,2,Random,OriginalOrder,50,3,1265,87.5,410,47.3,2442,20.2,40.2,27.099999999999998,67.3,-3.552713678800501e-15,4.7799999947528704e-05,1.999999312829459e-07,0.359525099999928
method-053,3,Random,OriginalOrder,50,3,1265,93.9,3519,61.3,2717,22.9,32.60000000000001,38.4,71.0,-7.105427357601002e-15,4.269999999451102e-05,1.999999312829459e-07,0.49877489999994395
method-053,4,Random,OriginalOrder,50,3,1265,83.2,410,47.2,4758,11.9,36.0,35.300000000000004,71.3,-7.105427357601002e-15,4.7900000026857015e-05,1.999999312829459e-07,0.49922910000009324
method-053,5,Random,OriginalOrder,50,3,1265,91.5,1265,91.5,7993,8.1,0.0,83.4,83.4,0.0,4.16000000313943e-05,1.999999312829459e-07,0.5370175999998992
method-053,6,Random,OriginalOrder,50,3,1265,87.1,7123,29.1,1785,21.8,57.99999999999999,7.300000000000001,65.3,3.552713678800501e-15,4.539999986263865e-05,1.999999312829459e-07,0.377700200000163
method-053,7,Random,OriginalOrder,50,3,1265,83.3,228,42.6,2122,20.5,40.699999999999996,22.1,62.8,0.0,5.119999991620716e-05,3.000000106112566e-07,0.3825595999999223
method-053,8,Random,OriginalOrder,50,3,1265,92.8,1265,92.8,2368,9.5,0.0,83.3,83.3,0.0,4.42000000475673e-05,3.000000106112566e-07,0.3442179999999553
method-053,9,Random,OriginalOrder,50,3,1265,71.4,1265,71.4,2146,13.7,0.0,57.7,57.7,0.0,3.970000011577213e-05,3.000000106112566e-07,0.36535810000009405
method-053,10,Random,OriginalOrder,50,3,1265,87.6,2216,29.3,58,5.7,58.3,23.6,81.89999999999999,-7.105427357601002e-15,3.870000000461005e-05,3.000000106112566e-07,0.3682411999998294
method-054,1,Random,MarginalGainPredictor,50,3,1265,85.1,1277,85.1,410,51.7,0.0,33.39999999999999,33.39999999999999,0.0,3.2899999951041536e-05,0.0003295000001344306,0.375639000000092
method-054,2,Random,MarginalGainPredictor,50,3,1265,87.5,1265,87.5,1265,87.5,0.0,0.0,0.0,0.0,5.5400000064764754e-05,0.0011992999998255982,0.4960916999998517
method-054,3,Random,MarginalGainPredictor,50,3,3519,58.3,228,52.6,310,40.5,5.699999999999996,12.100000000000001,17.799999999999997,0.0,4.149999995206599e-05,0.0013652999998612358,0.39904939999996714
method-054,4,Random,MarginalGainPredictor,50,3,228,49.6,985,31.8,985,31.8,17.8,0.0,17.8,0.0,4.149999995206599e-05,0.0010811999998168176,0.5018121999999039
method-054,5,Random,MarginalGainPredictor,50,3,228,59.7,228,59.7,1277,0.0,0.0,59.7,59.7,0.0,4.349999994701648e-05,0.0012291000000459462,0.4505028000000948
method-054,6,Random,MarginalGainPredictor,50,3,3519,53.9,647,32.7,6314,12.8,21.199999999999996,19.900000000000002,41.099999999999994,-3.552713678800501e-15,3.979999996772676e-05,0.001245299999936833,0.3969942000001083
method-054,7,Random,MarginalGainPredictor,50,3,3519,53.6,3519,53.6,1807,35.8,0.0,17.800000000000004,17.800000000000004,0.0,3.969999988839845e-05,0.0012591999998221581,0.4759121999998115
method-054,8,Random,MarginalGainPredictor,50,3,228,55.1,228,55.1,1249,16.8,0.0,38.3,38.3,0.0,4.820000003746827e-05,0.00130019999983233,0.36970900000005713
method-054,9,Random,MarginalGainPredictor,50,3,228,62.5,2021,35.2,916,10.2,27.299999999999997,25.000000000000004,52.3,-3.552713678800501e-15,5.000000010113581e-05,0.001288500000100612,0.45250339999984135
method-054,10,Random,MarginalGainPredictor,50,3,228,54.5,5753,43.2,1352,11.8,11.299999999999997,31.400000000000002,42.7,3.552713678800501e-15,3.7699999893447966e-05,0.0012152000001606211,0.3785351999999875
method-055,1,Random,OriginalOrder,100,3,1265,85.1,1277,85.1,985,30.1,0.0,54.99999999999999,54.99999999999999,0.0,3.2899999951041536e-05,1.999999312829459e-07,0.375639000000092
method-055,2,Random,OriginalOrder,100,3,1265,87.5,1277,87.5,2442,20.2,0.0,67.3,67.3,0.0,4.7799999947528704e-05,1.999999312829459e-07,0.359525099999928
method-055,3,Random,OriginalOrder,100,3,1265,93.9,1265,93.9,2717,22.9,0.0,71.0,71.0,0.0,4.269999999451102e-05,4.0000008993956726e-07,0.49877489999994395
method-055,4,Random,OriginalOrder,100,3,1265,83.2,410,47.2,4758,11.9,36.0,35.300000000000004,71.3,-7.105427357601002e-15,4.7900000026857015e-05,2.0000015865662135e-07,0.49922910000009324
method-055,5,Random,OriginalOrder,100,3,1265,91.5,1265,91.5,7993,8.1,0.0,83.4,83.4,0.0,4.16000000313943e-05,2.0000015865662135e-07,0.5370175999998992
method-055,6,Random,OriginalOrder,100,3,1265,87.1,310,42.2,1785,21.8,44.89999999999999,20.400000000000002,65.3,3.552713678800501e-15,4.539999986263865e-05,3.000000106112566e-07,0.377700200000163
method-055,7,Random,OriginalOrder,100,3,1265,83.3,228,42.6,2122,20.5,40.699999999999996,22.1,62.8,0.0,5.119999991620716e-05,3.000000106112566e-07,0.3825595999999223
method-055,8,Random,OriginalOrder,100,3,1265,92.8,1265,92.8,2368,9.5,0.0,83.3,83.3,0.0,4.42000000475673e-05,3.000000106112566e-07,0.3442179999999553
method-055,9,Random,OriginalOrder,100,3,1265,71.4,1265,71.4,2146,13.7,0.0,57.7,57.7,0.0,3.970000011577213e-05,3.000000106112566e-07,0.36535810000009405
method-055,10,Random,OriginalOrder,100,3,1265,87.6,1265,87.6,58,5.7,0.0,81.89999999999999,81.89999999999999,0.0,3.870000000461005e-05,1.999999312829459e-07,0.3682411999998294
method-056,1,Random,MarginalGainPredictor,100,3,1265,85.1,1277,85.1,410,51.7,0.0,33.39999999999999,33.39999999999999,0.0,3.2899999951041536e-05,0.0003435999999510386,0.375639000000092
method-056,2,Random,MarginalGainPredictor,100,3,1265,87.5,1265,87.5,1265,87.5,0.0,0.0,0.0,0.0,5.5400000064764754e-05,0.000653000000056636,0.4960916999998517
method-056,3,Random,MarginalGainPredictor,100,3,3519,58.3,3519,58.3,310,40.5,0.0,17.799999999999997,17.799999999999997,0.0,4.149999995206599e-05,0.000654400000030364,0.39904939999996714
method-056,4,Random,MarginalGainPredictor,100,3,228,49.6,228,49.6,985,31.8,0.0,17.8,17.8,0.0,4.149999995206599e-05,0.0005415000000539294,0.5018121999999039
method-056,5,Random,MarginalGainPredictor,100,3,228,59.7,228,59.7,1277,0.0,0.0,59.7,59.7,0.0,4.349999994701648e-05,0.0005515999998806365,0.4505028000000948
method-056,6,Random,MarginalGainPredictor,100,3,3519,53.9,3519,53.9,916,19.8,0.0,34.099999999999994,34.099999999999994,0.0,3.979999996772676e-05,0.0006771000000753702,0.3969942000001083
method-056,7,Random,MarginalGainPredictor,100,3,3519,53.3,3519,53.3,1807,31.9,0.0,21.4,21.4,0.0,4.930000000058499e-05,0.001297199999953591,0.37372579999987465
method-056,8,Random,MarginalGainPredictor,100,3,228,55.1,7123,41.3,2216,29.1,13.800000000000004,12.199999999999996,26.0,0.0,3.85000000733271e-05,0.0012718000000404572,0.4403511000000435
method-056,9,Random,MarginalGainPredictor,100,3,228,62.5,228,62.5,1816,0.0,0.0,62.5,62.5,0.0,3.969999988839845e-05,0.001354100000071412,0.45834480000007716
method-056,10,Random,MarginalGainPredictor,100,3,228,54.5,5753,43.8,820,16.6,10.700000000000003,27.199999999999996,37.9,0.0,3.930000002583256e-05,0.0012755999998717016,0.4628290000000561
method-057,1,Random,OriginalOrder,10,4,1265,85.1,5454,22.6,5454,22.6,62.49999999999999,0.0,62.49999999999999,0.0,3.4700000014709076e-05,1.0000007932831068e-07,0.375639000000092
method-057,2,Random,OriginalOrder,10,4,1265,84.5,9070,28.3,597,12.4,56.2,15.9,72.1,-8.881784197001252e-15,4.450000005817856e-05,1.999999312829459e-07,0.501103300000068
method-057,3,Random,OriginalOrder,10,4,1265,94.0,228,52.4,802,5.3,41.6,47.1,88.7,0.0,4.1999999893960194e-05,1.999999312829459e-07,0.4989301999999043
method-057,4,Random,OriginalOrder,10,4,1265,79.8,1277,79.8,7123,26.0,0.0,53.8,53.8,0.0,4.040000021632295e-05,3.000000106112566e-07,0.5187750000000051
method-057,5,Random,OriginalOrder,10,4,1265,94.3,2216,29.7,2272,14.0,64.6,15.7,80.3,3.552713678800501e-15,5.2900000127920066e-05,2.0000015865662135e-07,0.5645617000000129
method-057,6,Random,OriginalOrder,10,4,1265,82.9,1807,45.6,12382,3.1,37.300000000000004,42.5,79.80000000000001,7.105427357601002e-15,6.0400000165827805e-05,3.000000106112566e-07,0.5011207000000013
method-057,7,Random,OriginalOrder,10,4,1265,81.9,1816,22.7,1816,22.7,59.2,0.0,59.2,0.0,5.229999987932388e-05,2.0000015865662135e-07,0.4543535000000247
method-057,8,Random,OriginalOrder,10,4,1265,87.0,547,18.5,3700,15.6,68.5,2.9000000000000004,71.4,5.329070518200751e-15,3.930000002583256e-05,1.999999312829459e-07,0.36715830000002825
method-057,9,Random,OriginalOrder,10,4,1265,67.2,228,62.7,228,62.7,4.5,0.0,4.5,0.0,4.319999993640522e-05,1.999999312829459e-07,0.3592359999997825
method-057,10,Random,OriginalOrder,10,4,1265,86.8,2477,23.5,2477,23.5,63.3,0.0,63.3,0.0,4.930000000058499e-05,2.0000015865662135e-07,0.3674528999999893
method-058,1,Random,MarginalGainPredictor,10,4,1265,85.1,5454,22.6,1255,10.1,62.49999999999999,12.500000000000002,75.0,5.329070518200751e-15,3.4700000014709076e-05,0.00033239999993384117,0.375639000000092
method-058,2,Random,MarginalGainPredictor,10,4,1265,84.0,9070,28.3,9070,28.3,55.7,0.0,55.7,0.0,4.2099999973288504e-05,0.0010293000000274333,0.35786910000001626
method-058,3,Random,MarginalGainPredictor,10,4,1265,90.5,7995,35.7,7995,35.7,54.8,0.0,54.8,0.0,4.1199999941454735e-05,0.0010575999999673513,0.3604267999999138
method-058,4,Random,MarginalGainPredictor,10,4,1265,80.2,830,27.2,3916,18.9,53.0,8.3,61.300000000000004,3.552713678800501e-15,5.6800000038492726e-05,0.000988500000175918,0.362530900000138
method-058,5,Random,MarginalGainPredictor,10,4,1265,90.5,12804,14.1,699,10.9,76.4,3.1999999999999993,79.6,-1.0658141036401503e-14,4.409999996823899e-05,0.0011440000000675354,0.3918244000001323
method-058,6,Random,MarginalGainPredictor,10,4,1265,83.2,1807,44.3,1807,44.3,38.900000000000006,0.0,38.900000000000006,0.0,3.870000000461005e-05,0.0012950000000273576,0.4229875000000902
method-058,7,Random,MarginalGainPredictor,10,4,1265,81.7,5753,27.3,3078,21.9,54.400000000000006,5.400000000000002,59.800000000000004,-3.552713678800501e-15,3.85000000733271e-05,0.0012581999999383697,0.4017421999999442
method-058,8,Random,MarginalGainPredictor,10,4,1265,88.6,647,38.3,1249,17.0,50.3,21.299999999999997,71.6,0.0,3.899999978784763e-05,0.0011991999999736436,0.46037939999996524
method-058,9,Random,MarginalGainPredictor,10,4,1265,65.8,1352,25.1,1352,25.1,40.699999999999996,0.0,40.699999999999996,0.0,3.930000002583256e-05,0.001238699999930759,0.39888780000001134
method-058,10,Random,MarginalGainPredictor,10,4,1265,74.3,647,33.1,181,23.0,41.199999999999996,10.100000000000001,51.3,0.0,3.8599999925281736e-05,0.0011552999999366875,0.3988448000000062
method-059,1,Random,OriginalOrder,20,4,1265,85.1,830,26.2,5454,22.6,58.89999999999999,3.599999999999998,62.49999999999999,3.552713678800501e-15,3.4700000014709076e-05,1.0000007932831068e-07,0.375639000000092
method-059,2,Random,OriginalOrder,20,4,1265,84.5,9070,28.3,597,12.4,56.2,15.9,72.1,-8.881784197001252e-15,4.450000005817856e-05,1.999999312829459e-07,0.501103300000068
method-059,3,Random,OriginalOrder,20,4,1265,94.0,228,52.4,802,5.3,41.6,47.1,88.7,0.0,4.1999999893960194e-05,1.999999312829459e-07,0.4989301999999043
method-059,4,Random,OriginalOrder,20,4,1265,79.8,1277,79.8,7123,26.0,0.0,53.8,53.8,0.0,4.040000021632295e-05,3.000000106112566e-07,0.5187750000000051
method-059,5,Random,OriginalOrder,20,4,1265,94.3,2216,29.7,2272,14.0,64.6,15.7,80.3,3.552713678800501e-15,5.2900000127920066e-05,1.999999312829459e-07,0.5645617000000129
method-059,6,Random,OriginalOrder,20,4,1265,82.9,1807,45.6,12382,3.1,37.300000000000004,42.5,79.80000000000001,7.105427357601002e-15,6.0400000165827805e-05,3.999998625658918e-07,0.5011207000000013
method-059,7,Random,OriginalOrder,20,4,1265,81.9,1807,36.2,1816,22.7,45.7,13.500000000000004,59.2,-3.552713678800501e-15,5.229999987932388e-05,1.999999312829459e-07,0.4543535000000247
method-059,8,Random,OriginalOrder,20,4,1265,87.0,1920,22.5,3700,15.6,64.5,6.9,71.4,5.329070518200751e-15,3.930000002583256e-05,3.000000106112566e-07,0.36715830000002825
method-059,9,Random,OriginalOrder,20,4,1265,67.2,228,62.7,228,62.7,4.5,0.0,4.5,0.0,4.319999993640522e-05,1.999999312829459e-07,0.3592359999997825
method-059,10,Random,OriginalOrder,20,4,1265,86.8,1265,86.8,2477,23.5,0.0,63.3,63.3,0.0,4.930000000058499e-05,3.000000106112566e-07,0.3674528999999893
method-060,1,Random,MarginalGainPredictor,20,4,1265,85.1,830,26.2,820,19.0,58.89999999999999,7.199999999999999,66.1,3.552713678800501e-15,3.4700000014709076e-05,0.00039270000002034067,0.375639000000092
method-060,2,Random,MarginalGainPredictor,20,4,1265,87.3,9070,28.3,1816,15.5,59.0,12.8,71.8,-3.552713678800501e-15,4.099999978279811e-05,0.000987699999996039,0.49602459999982784
method-060,3,Random,MarginalGainPredictor,20,4,1265,87.6,1277,87.6,1277,87.6,0.0,0.0,0.0,0.0,4.1999999893960194e-05,0.0010498999999981606,0.4787271000000146
method-060,4,Random,MarginalGainPredictor,20,4,228,49.6,9070,27.1,9070,27.1,22.5,0.0,22.5,0.0,5.4600000112259295e-05,0.0010918999998921208,0.5269134999998641
method-060,5,Random,MarginalGainPredictor,20,4,228,59.8,4938,14.7,1255,6.2,45.099999999999994,8.5,53.599999999999994,0.0,5.4500000032930984e-05,0.0015275999999175838,0.5400418000001537
method-060,6,Random,MarginalGainPredictor,20,4,3519,53.4,3519,53.4,1807,14.8,0.0,38.599999999999994,38.599999999999994,0.0,3.930000002583256e-05,0.0013266999999359541,0.3883112999999412
method-060,7,Random,MarginalGainPredictor,20,4,3519,51.7,3078,21.9,3078,21.9,29.800000000000004,0.0,29.800000000000004,0.0,3.909999986717594e-05,0.0011981000000105269,0.373696099999961
method-060,8,Random,MarginalGainPredictor,20,4,228,56.0,647,37.3,1249,16.8,18.700000000000003,20.499999999999996,39.2,3.552713678800501e-15,4.409999996823899e-05,0.0012528999998266954,0.45540840000012395
method-060,9,Random,MarginalGainPredictor,20,4,228,62.6,1352,25.4,7995,15.5,37.2,9.899999999999999,47.1,0.0,3.9499999957115506e-05,0.0012483999998949002,0.3374977000000854
method-060,10,Random,MarginalGainPredictor,20,4,228,55.0,647,30.0,1265,0.0,25.0,30.0,55.0,0.0,3.98999998196814e-05,0.0012483000000429456,0.3644300999999359
method-061,1,Random,OriginalOrder,50,4,1265,85.1,228,54.0,5454,22.6,31.099999999999994,31.4,62.49999999999999,0.0,3.4700000014709076e-05,2.9999978323758114e-07,0.375639000000092
method-061,2,Random,OriginalOrder,50,4,1265,84.5,410,47.2,597,12.4,37.3,34.800000000000004,72.1,-7.105427357601002e-15,4.450000005817856e-05,1.0000007932831068e-07,0.501103300000068
method-061,3,Random,OriginalOrder,50,4,1265,94.0,228,52.4,802,5.3,41.6,47.1,88.7,0.0,4.1999999893960194e-05,1.999999312829459e-07,0.4989301999999043
method-061,4,Random,OriginalOrder,50,4,1265,79.8,1277,79.8,7123,26.0,0.0,53.8,53.8,0.0,4.040000021632295e-05,1.999999312829459e-07,0.5187750000000051
method-061,5,Random,OriginalOrder,50,4,1265,94.3,228,60.0,2272,14.0,34.3,46.0,80.3,0.0,5.2900000127920066e-05,1.999999312829459e-07,0.5645617000000129
method-061,6,Random,OriginalOrder,50,4,1265,82.9,1807,45.6,12382,3.1,37.300000000000004,42.5,79.80000000000001,7.105427357601002e-15,6.0400000165827805e-05,1.999999312829459e-07,0.5011207000000013
method-061,7,Random,OriginalOrder,50,4,1265,81.9,9070,44.9,1816,22.7,37.00000000000001,22.2,59.2,-3.552713678800501e-15,5.229999987932388e-05,2.9999978323758114e-07,0.4543535000000247
method-061,8,Random,OriginalOrder,50,4,1265,87.0,228,55.9,3700,15.6,31.1,40.3,71.4,7.105427357601002e-15,3.930000002583256e-05,3.000000106112566e-07,0.36715830000002825
method-061,9,Random,OriginalOrder,50,4,1265,67.2,228,62.7,228,62.7,4.5,0.0,4.5,0.0,4.319999993640522e-05,3.999998625658918e-07,0.3592359999997825
method-061,10,Random,OriginalOrder,50,4,1265,86.8,1265,86.8,2477,23.5,0.0,63.3,63.3,0.0,4.930000000058499e-05,4.0000008993956726e-07,0.3674528999999893
method-062,1,Random,MarginalGainPredictor,50,4,1265,85.1,228,54.0,410,51.7,31.099999999999994,2.299999999999997,33.39999999999999,0.0,3.4700000014709076e-05,0.0005255000000943255,0.375639000000092
method-062,2,Random,MarginalGainPredictor,50,4,1265,87.5,1265,87.5,1265,87.5,0.0,0.0,0.0,0.0,5.1900000016757986e-05,0.00042750000011437805,0.4960916999998517
method-062,3,Random,MarginalGainPredictor,50,4,3519,58.3,228,52.6,310,40.5,5.699999999999996,12.100000000000001,17.799999999999997,0.0,4.260000014255638e-05,0.00044699999989461503,0.39904939999996714
method-062,4,Random,MarginalGainPredictor,50,4,228,49.6,5753,36.5,916,22.1,13.100000000000001,14.399999999999999,27.5,0.0,3.41999998454412e-05,0.0004310000001623848,0.5018121999999039
method-062,5,Random,MarginalGainPredictor,50,4,228,59.7,3519,36.8,820,17.8,22.900000000000006,18.999999999999996,41.900000000000006,3.552713678800501e-15,5.050000004303001e-05,0.0011630999999852065,0.44897609999998167
method-062,6,Random,MarginalGainPredictor,50,4,3519,54.4,985,33.3,985,33.3,21.1,0.0,21.1,0.0,4.009999997833802e-05,0.0015723999999863736,0.46482399999990776
method-062,7,Random,MarginalGainPredictor,50,4,3519,53.1,3225,30.5,1277,0.0,22.6,30.5,53.1,0.0,4.489999992074445e-05,0.0012761000000409695,0.4476249000001644
method-062,8,Random,MarginalGainPredictor,50,4,228,55.3,647,36.6,1807,29.7,18.699999999999996,6.900000000000002,25.599999999999998,0.0,6.009999992784287e-05,0.0013962000000447006,0.369122999999945
method-062,9,Random,MarginalGainPredictor,50,4,228,62.5,3519,54.4,1255,8.2,8.100000000000001,46.2,54.3,-7.105427357601002e-15,4.080000007888884e-05,0.0012929999998050334,0.48283949999995457
method-062,10,Random,MarginalGainPredictor,50,4,228,54.5,647,31.1,7995,14.9,23.4,16.200000000000003,39.6,0.0,3.9600000036443816e-05,0.0012733999999454682,0.4701810999999907
method-063,1,Random,OriginalOrder,100,4,1265,85.1,1277,85.1,5454,22.6,0.0,62.49999999999999,62.49999999999999,0.0,3.4700000014709076e-05,2.0000015865662135e-07,0.375639000000092
method-063,2,Random,OriginalOrder,100,4,1265,84.5,1277,84.5,597,12.4,0.0,72.1,72.1,0.0,4.450000005817856e-05,1.999999312829459e-07,0.501103300000068
method-063,3,Random,OriginalOrder,100,4,1265,94.0,228,52.4,802,5.3,41.6,47.1,88.7,0.0,4.1999999893960194e-05,1.999999312829459e-07,0.4989301999999043
method-063,4,Random,OriginalOrder,100,4,1265,79.8,1265,79.8,7123,26.0,0.0,53.8,53.8,0.0,4.040000021632295e-05,1.999999312829459e-07,0.5187750000000051
method-063,5,Random,OriginalOrder,100,4,1265,94.3,1277,94.3,2272,14.0,0.0,80.3,80.3,0.0,5.2900000127920066e-05,1.999999312829459e-07,0.5645617000000129
method-063,6,Random,OriginalOrder,100,4,1265,82.9,1277,82.9,12382,3.1,0.0,79.80000000000001,79.80000000000001,0.0,6.0400000165827805e-05,4.0000008993956726e-07,0.5011207000000013
method-063,7,Random,OriginalOrder,100,4,1265,81.9,1265,81.9,1816,22.7,0.0,59.2,59.2,0.0,5.229999987932388e-05,3.000000106112566e-07,0.4543535000000247
method-063,8,Random,OriginalOrder,100,4,1265,87.0,228,55.9,3700,15.6,31.1,40.3,71.4,7.105427357601002e-15,3.930000002583256e-05,3.999998625658918e-07,0.36715830000002825
method-063,9,Random,OriginalOrder,100,4,1265,67.2,228,62.7,228,62.7,4.5,0.0,4.5,0.0,4.319999993640522e-05,3.000000106112566e-07,0.3592359999997825
method-063,10,Random,OriginalOrder,100,4,1265,86.8,1265,86.8,2477,23.5,0.0,63.3,63.3,0.0,4.930000000058499e-05,1.999999312829459e-07,0.3674528999999893
method-064,1,Random,MarginalGainPredictor,100,4,1265,85.1,1277,85.1,410,51.7,0.0,33.39999999999999,33.39999999999999,0.0,3.4700000014709076e-05,0.0006126000000676868,0.375639000000092
method-064,2,Random,MarginalGainPredictor,100,4,1265,87.5,1265,87.5,1265,87.5,0.0,0.0,0.0,0.0,5.1900000016757986e-05,0.0004099000000223896,0.4960916999998517
method-064,3,Random,MarginalGainPredictor,100,4,3519,58.3,228,52.6,310,40.5,5.699999999999996,12.100000000000001,17.799999999999997,0.0,4.260000014255638e-05,0.0005498999998962972,0.39904939999996714
method-064,4,Random,MarginalGainPredictor,100,4,228,49.6,5753,36.5,2216,27.9,13.100000000000001,8.600000000000001,21.700000000000003,0.0,3.41999998454412e-05,0.0005103000000872271,0.5018121999999039
method-064,5,Random,MarginalGainPredictor,100,4,228,59.7,5753,42.2,1807,35.3,17.5,6.900000000000006,24.400000000000006,0.0,4.459999991013319e-05,0.0012759999999616412,0.56462590000001
method-064,6,Random,MarginalGainPredictor,100,4,3519,53.4,892,40.0,1277,0.0,13.399999999999999,40.0,53.4,0.0,7.259999983943999e-05,0.0014432999998916785,0.3630084999999781
method-064,7,Random,MarginalGainPredictor,100,4,3519,52.6,3519,52.6,985,33.3,0.0,19.300000000000004,19.300000000000004,0.0,4.2099999973288504e-05,0.0013475999999172927,0.38119480000000294
method-064,8,Random,MarginalGainPredictor,100,4,228,55.1,228,55.1,7995,12.5,0.0,42.6,42.6,0.0,5.229999987932388e-05,0.0013123999999606895,0.4567122000000836
method-064,9,Random,MarginalGainPredictor,100,4,228,62.5,3519,54.4,1816,0.0,8.100000000000001,54.4,62.5,0.0,3.90000000152213e-05,0.00130259999991722,0.46401300000002266
method-064,10,Random,MarginalGainPredictor,100,4,228,54.5,3519,42.7,820,16.6,11.799999999999997,26.1,37.9,0.0,3.8499999845953425e-05,0.0013526999998703104,0.3751781999999366
method-065,1,Random,OriginalOrder,10,5,1265,85.1,410,51.7,189,17.6,33.39999999999999,34.1,67.5,7.105427357601002e-15,4.6799999836366624e-05,1.0000007932831068e-07,0.375639000000092
method-065,2,Random,OriginalOrder,10,5,1265,87.5,3078,21.4,2854,8.6,66.1,12.799999999999999,78.9,1.2434497875801753e-14,4.2099999973288504e-05,9.999985195463523e-08,0.3825870999999097
method-065,3,Random,OriginalOrder,10,5,1265,94.2,2216,30.4,2216,30.4,63.800000000000004,0.0,63.800000000000004,0.0,4.489999992074445e-05,2.0000015865662135e-07,0.40461310000000594
method-065,4,Random,OriginalOrder,10,5,1265,81.8,2477,26.4,2455,13.1,55.4,13.299999999999999,68.7,5.329070518200751e-15,4.179999996267725e-05,1.999999312829459e-07,0.375231999999869
method-065,5,Random,OriginalOrder,10,5,1265,93.0,1265,93.0,595,7.8,0.0,85.2,85.2,0.0,5.03999999637017e-05,1.999999312829459e-07,0.43948439999985567
method-065,6,Random,OriginalOrder,10,5,1265,85.3,1140,25.9,12380,5.3,59.4,20.599999999999998,80.0,3.552713678800501e-15,6.110000003900495e-05,1.999999312829459e-07,0.46507980000001226
method-065,7,Random,OriginalOrder,10,5,1265,83.5,310,36.6,193,9.2,46.9,27.400000000000002,74.3,-3.552713678800501e-15,3.979999996772676e-05,2.9999978323758114e-07,0.454187900000079
method-065,8,Random,OriginalOrder,10,5,1265,93.3,647,39.2,3916,27.9,54.099999999999994,11.300000000000004,65.4,7.105427357601002e-15,4.839999996875122e-05,1.999999312829459e-07,0.37537939999992886
method-065,9,Random,OriginalOrder,10,5,1265,69.9,1807,44.3,2717,18.4,25.60000000000001,25.9,51.50000000000001,0.0,4.020000005766633e-05,9.999985195463523e-08,0.3670030000000679
method-065,10,Random,OriginalOrder,10,5,1265,88.8,1978,20.3,11247,3.2,68.5,17.1,85.6,-7.105427357601002e-15,3.760000004149333e-05,2.0000015865662135e-07,0.44989349999991646
method-066,1,Random,MarginalGainPredictor,10,5,1265,85.1,410,51.7,410,51.7,33.39999999999999,0.0,33.39999999999999,0.0,4.6799999836366624e-05,0.00039740000011079246,0.375639000000092
method-066,2,Random,MarginalGainPredictor,10,5,1265,87.5,1140,25.6,597,12.6,61.9,13.000000000000002,74.9,5.329070518200751e-15,3.0800000104136416e-05,0.0010568000000148459,0.4960916999998517
method-066,3,Random,MarginalGainPredictor,10,5,1265,90.5,181,25.1,1352,14.2,65.4,10.900000000000002,76.3,-1.0658141036401503e-14,5.29999999798747e-05,0.0010110999999142223,0.4640729000000192
method-066,4,Random,MarginalGainPredictor,10,5,1265,83.0,1920,31.5,1920,31.5,51.5,0.0,51.5,0.0,5.5900000006658956e-05,0.0011506000000736094,0.45973989999993137
method-066,5,Random,MarginalGainPredictor,10,5,1265,86.8,830,29.3,98,19.5,57.5,9.8,67.3,-3.552713678800501e-15,4.170000011072261e-05,0.001315200000135519,0.5186581000000388
method-066,6,Random,MarginalGainPredictor,10,5,1265,83.7,1816,30.5,1816,30.5,53.2,0.0,53.2,0.0,4.9600000011196244e-05,0.0011523999999099033,0.3302596999999423
method-066,7,Random,MarginalGainPredictor,10,5,1265,78.2,2216,36.5,2216,36.5,41.7,0.0,41.7,0.0,3.9399999877787195e-05,0.0012500000000272848,0.3064857000001666
method-066,8,Random,MarginalGainPredictor,10,5,1265,88.3,310,31.2,310,31.2,57.099999999999994,0.0,57.099999999999994,0.0,5.469999996421393e-05,0.001338499999974374,0.4257887999999639
method-066,9,Random,MarginalGainPredictor,10,5,1265,66.1,4934,22.2,4934,22.2,43.89999999999999,0.0,43.89999999999999,0.0,4.2200000052616815e-05,0.001219600000013088,0.40570549999983996
method-066,10,Random,MarginalGainPredictor,10,5,1265,83.0,2122,26.7,1439,21.1,56.3,5.599999999999998,61.9,3.552713678800501e-15,3.890000016326667e-05,0.001236600000083854,0.4007844999998724
method-067,1,Random,OriginalOrder,20,5,1265,85.1,410,51.7,189,17.6,33.39999999999999,34.1,67.5,7.105427357601002e-15,4.6799999836366624e-05,3.000000106112566e-07,0.375639000000092
method-067,2,Random,OriginalOrder,20,5,1265,87.5,1265,87.5,2854,8.6,0.0,78.9,78.9,0.0,4.2099999973288504e-05,1.999999312829459e-07,0.3825870999999097
method-067,3,Random,OriginalOrder,20,5,1265,94.2,2216,30.4,2216,30.4,63.800000000000004,0.0,63.800000000000004,0.0,4.489999992074445e-05,2.0000015865662135e-07,0.40461310000000594
method-067,4,Random,OriginalOrder,20,5,1265,81.8,228,50.2,2455,13.1,31.599999999999994,37.1,68.7,7.105427357601002e-15,4.179999996267725e-05,1.999999312829459e-07,0.375231999999869
method-067,5,Random,OriginalOrder,20,5,1265,93.0,1265,93.0,595,7.8,0.0,85.2,85.2,0.0,5.03999999637017e-05,2.0000015865662135e-07,0.43948439999985567
method-067,6,Random,OriginalOrder,20,5,1265,85.3,2023,34.5,12380,5.3,50.8,29.2,80.0,3.552713678800501e-15,6.110000003900495e-05,3.000000106112566e-07,0.46507980000001226
method-067,7,Random,OriginalOrder,20,5,1265,83.5,310,36.6,193,9.2,46.9,27.400000000000002,74.3,-3.552713678800501e-15,3.979999996772676e-05,3.000000106112566e-07,0.454187900000079
method-067,8,Random,OriginalOrder,20,5,1265,93.3,7123,45.4,3916,27.9,47.9,17.5,65.4,7.105427357601002e-15,4.839999996875122e-05,3.000000106112566e-07,0.37537939999992886
method-067,9,Random,OriginalOrder,20,5,1265,69.9,1807,44.3,2717,18.4,25.60000000000001,25.9,51.50000000000001,0.0,4.020000005766633e-05,1.999999312829459e-07,0.3670030000000679
method-067,10,Random,OriginalOrder,20,5,1265,88.8,1816,27.5,11247,3.2,61.3,24.3,85.6,-3.552713678800501e-15,3.760000004149333e-05,3.000000106112566e-07,0.44989349999991646
method-068,1,Random,MarginalGainPredictor,20,5,1265,85.1,410,51.7,410,51.7,33.39999999999999,0.0,33.39999999999999,0.0,4.6799999836366624e-05,0.0003788000001350156,0.375639000000092
method-068,2,Random,MarginalGainPredictor,20,5,1265,87.5,1140,25.6,916,23.1,61.9,2.5,64.4,7.105427357601002e-15,3.0800000104136416e-05,0.00038580000000365544,0.4960916999998517
method-068,3,Random,MarginalGainPredictor,20,5,1265,81.1,1807,40.1,1807,40.1,40.99999999999999,0.0,40.99999999999999,0.0,4.760000001624576e-05,0.0012686000000030617,0.3674986999999419
method-068,4,Random,MarginalGainPredictor,20,5,1265,72.1,647,27.8,98,20.9,44.3,6.900000000000002,51.199999999999996,-3.552713678800501e-15,5.310000005920301e-05,0.0010811000001922366,0.49639430000001994
method-068,5,Random,MarginalGainPredictor,20,5,1265,87.5,310,43.0,310,43.0,44.5,0.0,44.5,0.0,5.379999993238016e-05,0.001297399999884874,0.5690219000000525
method-068,6,Random,MarginalGainPredictor,20,5,1265,73.8,2122,31.4,3078,18.1,42.4,13.299999999999997,55.699999999999996,0.0,4.550000016934064e-05,0.0012687999999343447,0.469303200000013
method-068,7,Random,MarginalGainPredictor,20,5,1265,75.9,2122,27.5,1352,20.8,48.400000000000006,6.699999999999999,55.10000000000001,3.552713678800501e-15,3.889999993589299e-05,0.0011987000000317494,0.46257710000008956
method-068,8,Random,MarginalGainPredictor,20,5,1265,83.5,3519,56.8,820,18.4,26.700000000000003,38.4,65.1,-7.105427357601002e-15,5.0799999826267594e-05,0.0013278999999783991,0.45376390000001265
method-068,9,Random,MarginalGainPredictor,20,5,228,62.5,228,62.5,1265,58.4,0.0,4.100000000000001,4.100000000000001,0.0,4.0399999988949276e-05,0.0012252999999873282,0.3756671000001006
method-068,10,Random,MarginalGainPredictor,20,5,228,54.5,1439,20.7,7995,14.7,33.8,6.0,39.8,0.0,4.849999982070585e-05,0.0012605000001713051,0.38365609999982553
method-069,1,Random,OriginalOrder,50,5,1265,85.1,1265,85.1,189,17.6,0.0,67.5,67.5,0.0,4.6799999836366624e-05,1.0000007932831068e-07,0.375639000000092
method-069,2,Random,OriginalOrder,50,5,1265,87.5,1265,87.5,2854,8.6,0.0,78.9,78.9,0.0,4.2099999973288504e-05,1.999999312829459e-07,0.3825870999999097
method-069,3,Random,OriginalOrder,50,5,1265,94.2,1265,94.2,2216,30.4,0.0,63.800000000000004,63.800000000000004,0.0,4.489999992074445e-05,1.999999312829459e-07,0.40461310000000594
method-069,4,Random,OriginalOrder,50,5,1265,81.8,228,50.2,2455,13.1,31.599999999999994,37.1,68.7,7.105427357601002e-15,4.179999996267725e-05,2.0000015865662135e-07,0.375231999999869
method-069,5,Random,OriginalOrder,50,5,1265,93.0,1265,93.0,595,7.8,0.0,85.2,85.2,0.0,5.03999999637017e-05,2.0000015865662135e-07,0.43948439999985567
method-069,6,Random,OriginalOrder,50,5,1265,85.3,1265,85.3,12380,5.3,0.0,80.0,80.0,0.0,6.110000003900495e-05,3.000000106112566e-07,0.46507980000001226
method-069,7,Random,OriginalOrder,50,5,1265,83.5,310,36.6,193,9.2,46.9,27.400000000000002,74.3,-3.552713678800501e-15,3.979999996772676e-05,3.000000106112566e-07,0.454187900000079
method-069,8,Random,OriginalOrder,50,5,1265,93.3,410,51.3,3916,27.9,42.0,23.4,65.4,7.105427357601002e-15,4.839999996875122e-05,3.000000106112566e-07,0.37537939999992886
method-069,9,Random,OriginalOrder,50,5,1265,69.9,1807,44.3,2717,18.4,25.60000000000001,25.9,51.50000000000001,0.0,4.020000005766633e-05,4.0000008993956726e-07,0.3670030000000679
method-069,10,Random,OriginalOrder,50,5,1265,88.8,228,55.1,11247,3.2,33.699999999999996,51.9,85.6,0.0,3.760000004149333e-05,3.000000106112566e-07,0.44989349999991646
method-070,1,Random,MarginalGainPredictor,50,5,1265,85.1,1265,85.1,1265,85.1,0.0,0.0,0.0,0.0,4.6799999836366624e-05,0.0004305999998450716,0.375639000000092
method-070,2,Random,MarginalGainPredictor,50,5,3519,54.6,892,37.2,916,21.9,17.4,15.300000000000004,32.7,0.0,3.649999985100294e-05,0.00040869999997994455,0.4705397999998695
method-070,3,Random,MarginalGainPredictor,50,5,3519,57.6,1807,39.8,1807,39.8,17.800000000000004,0.0,17.800000000000004,0.0,4.239999998389976e-05,0.0011259000000336528,0.5001270000000204
method-070,4,Random,MarginalGainPredictor,50,5,228,49.5,1920,33.0,2216,27.9,16.5,5.100000000000001,21.6,0.0,4.080000007888884e-05,0.001349099999970349,0.39059470000006513
method-070,5,Random,MarginalGainPredictor,50,5,228,59.9,410,46.8,410,46.8,13.100000000000001,0.0,13.100000000000001,0.0,5.1799999937429675e-05,0.0012722000001303968,0.4444535000000087
method-070,6,Random,MarginalGainPredictor,50,5,3519,53.5,2122,30.2,1816,0.0,23.3,30.2,53.5,0.0,3.9600000036443816e-05,0.001332299999830866,0.38050310000016907
method-070,7,Random,MarginalGainPredictor,50,5,3519,53.7,181,30.2,1277,0.0,23.500000000000004,30.2,53.7,0.0,4.8699999979362474e-05,0.0012968000000910251,0.3417666000000281
method-070,8,Random,MarginalGainPredictor,50,5,228,55.4,3519,50.6,985,27.3,4.799999999999997,23.3,28.099999999999998,0.0,3.999999989900971e-05,0.001308600000129445,0.3714456000000155
method-070,9,Random,MarginalGainPredictor,50,5,228,62.7,228,62.7,7995,15.3,0.0,47.400000000000006,47.400000000000006,0.0,4.020000005766633e-05,0.0013343999999051448,0.4625694999999723
method-070,10,Random,MarginalGainPredictor,50,5,228,55.1,228,55.1,310,40.9,0.0,14.200000000000003,14.200000000000003,0.0,4.899999998997373e-05,0.001323599999977887,0.49914269999999306
method-071,1,Random,OriginalOrder,100,5,1265,85.1,1265,85.1,189,17.6,0.0,67.5,67.5,0.0,4.6799999836366624e-05,2.0000015865662135e-07,0.375639000000092
method-071,2,Random,OriginalOrder,100,5,1265,87.5,1265,87.5,2854,8.6,0.0,78.9,78.9,0.0,4.2099999973288504e-05,1.999999312829459e-07,0.3825870999999097
method-071,3,Random,OriginalOrder,100,5,1265,94.2,1265,94.2,2216,30.4,0.0,63.800000000000004,63.800000000000004,0.0,4.489999992074445e-05,1.999999312829459e-07,0.40461310000000594
method-071,4,Random,OriginalOrder,100,5,1265,81.8,228,50.2,2455,13.1,31.599999999999994,37.1,68.7,7.105427357601002e-15,4.179999996267725e-05,1.999999312829459e-07,0.375231999999869
method-071,5,Random,OriginalOrder,100,5,1265,93.0,1265,93.0,595,7.8,0.0,85.2,85.2,0.0,5.03999999637017e-05,1.999999312829459e-07,0.43948439999985567
method-071,6,Random,OriginalOrder,100,5,1265,85.3,1265,85.3,12380,5.3,0.0,80.0,80.0,0.0,6.110000003900495e-05,1.999999312829459e-07,0.46507980000001226
method-071,7,Random,OriginalOrder,100,5,1265,83.5,3519,56.6,193,9.2,26.9,47.400000000000006,74.3,-7.105427357601002e-15,3.979999996772676e-05,1.999999312829459e-07,0.454187900000079
method-071,8,Random,OriginalOrder,100,5,1265,93.3,3519,57.4,3916,27.9,35.9,29.5,65.4,7.105427357601002e-15,4.839999996875122e-05,3.000000106112566e-07,0.37537939999992886
method-071,9,Random,OriginalOrder,100,5,1265,69.9,1277,69.9,2717,18.4,0.0,51.50000000000001,51.50000000000001,0.0,4.020000005766633e-05,5.000001692678779e-07,0.3670030000000679
method-071,10,Random,OriginalOrder,100,5,1265,88.8,1277,88.8,11247,3.2,0.0,85.6,85.6,0.0,3.760000004149333e-05,3.000000106112566e-07,0.44989349999991646
method-072,1,Random,MarginalGainPredictor,100,5,1265,85.1,1265,85.1,1265,85.1,0.0,0.0,0.0,0.0,4.6799999836366624e-05,0.0004642000001240376,0.375639000000092
method-072,2,Random,MarginalGainPredictor,100,5,3519,54.6,228,51.4,410,47.3,3.200000000000003,4.100000000000001,7.300000000000004,0.0,3.649999985100294e-05,0.0004297999998925661,0.4705397999998695
method-072,3,Random,MarginalGainPredictor,100,5,3519,58.3,228,52.6,1807,44.0,5.699999999999996,8.600000000000001,14.299999999999997,0.0,3.760000004149333e-05,0.0004830999998830521,0.4846136999999544
method-072,4,Random,MarginalGainPredictor,100,5,228,49.6,228,49.6,985,31.9,0.0,17.700000000000003,17.700000000000003,0.0,3.659999993033125e-05,0.0004974000000856904,0.3837836000000152
method-072,5,Random,MarginalGainPredictor,100,5,228,59.6,310,44.1,310,44.1,15.5,0.0,15.5,0.0,5.209999994804093e-05,0.0007309000000077504,0.5349860000001172
method-072,6,Random,MarginalGainPredictor,100,5,3519,52.6,3519,52.6,916,14.6,0.0,38.0,38.0,0.0,5.160000000614673e-05,0.0007267000000865664,0.54412769999999
method-072,7,Random,MarginalGainPredictor,100,5,3519,52.3,3519,52.3,2216,36.5,0.0,15.799999999999997,15.799999999999997,0.0,4.239999998389976e-05,0.0013017000001127599,0.46013989999983096
method-072,8,Random,MarginalGainPredictor,100,5,228,55.1,228,55.1,820,17.6,0.0,37.5,37.5,0.0,3.879999985656468e-05,0.001344099999869286,0.44562790000009045
method-072,9,Random,MarginalGainPredictor,100,5,228,62.5,2021,35.4,1277,0.0,27.1,35.4,62.5,0.0,4.069999999956053e-05,0.0013153999998394283,0.47065299999985655
method-072,10,Random,MarginalGainPredictor,100,5,228,54.5,5753,43.6,1816,0.0,10.899999999999999,43.6,54.5,0.0,3.8099999983387534e-05,0.0014174000000366505,0.3793975999999475
method-073,1,Random,OriginalOrder,10,6,1265,85.1,985,30.1,1352,9.2,54.99999999999999,20.900000000000002,75.89999999999999,-3.552713678800501e-15,4.650000005312904e-05,1.999999312829459e-07,0.375639000000092
method-073,2,Random,OriginalOrder,10,6,1265,84.5,1277,84.5,12375,8.9,0.0,75.6,75.6,0.0,5.51000000541535e-05,9.999985195463523e-08,0.4914111000000503
method-073,3,Random,OriginalOrder,10,6,1265,93.8,1439,24.0,1580,5.0,69.8,19.0,88.8,0.0,4.139999987273768e-05,1.999999312829459e-07,0.4942335999999159
method-073,4,Random,OriginalOrder,10,6,1265,82.1,5753,40.4,1638,9.8,41.699999999999996,30.599999999999998,72.3,3.552713678800501e-15,5.4600000112259295e-05,2.0000015865662135e-07,0.501542900000004
method-073,5,Random,OriginalOrder,10,6,1265,96.7,5753,46.8,1140,24.4,49.900000000000006,22.4,72.30000000000001,7.105427357601002e-15,4.1999999893960194e-05,1.999999312829459e-07,0.5281433000000106
method-073,6,Random,OriginalOrder,10,6,1265,85.2,5753,36.9,5753,36.9,48.300000000000004,0.0,48.300000000000004,0.0,4.1099999862126424e-05,1.999999312829459e-07,0.4506974999999329
method-073,7,Random,OriginalOrder,10,6,1265,81.7,4331,16.9,2066,9.7,64.80000000000001,7.199999999999999,72.0,-1.0658141036401503e-14,4.399999988891068e-05,2.0000015865662135e-07,0.4604501999999684
method-073,8,Random,OriginalOrder,10,6,1265,88.1,692,34.0,9077,11.2,54.099999999999994,22.8,76.89999999999999,-3.552713678800501e-15,3.979999996772676e-05,2.0000015865662135e-07,0.3401627999999164
method-073,9,Random,OriginalOrder,10,6,1265,68.8,2477,35.0,3078,20.9,33.8,14.100000000000001,47.9,0.0,3.979999996772676e-05,1.999999312829459e-07,0.3628168000000187
method-073,10,Random,OriginalOrder,10,6,1265,81.8,1541,11.8,11248,3.7,70.0,8.100000000000001,78.1,-7.105427357601002e-15,4.040000021632295e-05,1.999999312829459e-07,0.46441090000007534
method-074,1,Random,MarginalGainPredictor,10,6,1265,85.1,985,30.1,985,30.1,54.99999999999999,0.0,54.99999999999999,0.0,4.650000005312904e-05,0.0003595999999106425,0.375639000000092
method-074,2,Random,MarginalGainPredictor,10,6,1265,87.5,1277,87.5,1277,87.5,0.0,0.0,0.0,0.0,2.989999984492897e-05,0.0010216000000582426,0.359525099999928
method-074,3,Random,MarginalGainPredictor,10,6,3519,59.0,1439,22.0,1439,22.0,37.0,0.0,37.0,0.0,5.830000009154901e-05,0.0012140999999701307,0.354857599999832
method-074,4,Random,MarginalGainPredictor,10,6,228,49.5,5753,36.6,5753,36.6,12.899999999999999,0.0,12.899999999999999,0.0,3.9600000036443816e-05,0.0010410000002138986,0.36919879999982186
method-074,5,Random,MarginalGainPredictor,10,6,228,60.0,3225,25.6,692,23.8,34.4,1.8000000000000007,36.2,3.552713678800501e-15,5.220000002736924e-05,0.0013730000000578002,0.3854995000001509
method-074,6,Random,MarginalGainPredictor,10,6,3519,52.3,5454,14.6,5454,14.6,37.699999999999996,0.0,37.699999999999996,0.0,5.1100000064252526e-05,0.0013834999999744468,0.424896500000159
method-074,7,Random,MarginalGainPredictor,10,6,3519,53.0,3810,12.5,597,8.9,40.5,3.5999999999999996,44.1,1.7763568394002505e-15,5.1799999937429675e-05,0.0012097999999696185,0.2990740000000187
method-074,8,Random,MarginalGainPredictor,10,6,410,50.5,592,20.6,820,17.6,29.9,3.0,32.9,0.0,4.360000002634479e-05,0.0012884999998732383,0.39710250000007363
method-074,9,Random,MarginalGainPredictor,10,6,228,62.7,2122,28.7,916,12.7,34.0,16.0,50.0,0.0,4.170000011072261e-05,0.0011578999999528605,0.44137290000003304
method-074,10,Random,MarginalGainPredictor,10,6,228,55.6,2023,23.4,9608,18.2,32.2,5.199999999999999,37.400000000000006,3.552713678800501e-15,3.940000010516087e-05,0.001246499999979278,0.3022412999998778
method-075,1,Random,OriginalOrder,20,6,1265,85.1,985,30.1,1352,9.2,54.99999999999999,20.900000000000002,75.89999999999999,-3.552713678800501e-15,4.650000005312904e-05,1.0000007932831068e-07,0.375639000000092
method-075,2,Random,OriginalOrder,20,6,1265,84.5,1277,84.5,12375,8.9,0.0,75.6,75.6,0.0,5.51000000541535e-05,1.999999312829459e-07,0.4914111000000503
method-075,3,Random,OriginalOrder,20,6,1265,93.8,1807,50.0,1580,5.0,43.8,45.0,88.8,0.0,4.139999987273768e-05,4.0000008993956726e-07,0.4942335999999159
method-075,4,Random,OriginalOrder,20,6,1265,82.1,3519,44.7,1638,9.8,37.39999999999999,34.900000000000006,72.3,0.0,5.4600000112259295e-05,2.9999978323758114e-07,0.501542900000004
method-075,5,Random,OriginalOrder,20,6,1265,96.7,5753,46.8,1140,24.4,49.900000000000006,22.4,72.30000000000001,7.105427357601002e-15,4.1999999893960194e-05,2.0000015865662135e-07,0.5281433000000106
method-075,6,Random,OriginalOrder,20,6,1265,85.2,410,40.2,5753,36.9,45.0,3.3000000000000043,48.300000000000004,0.0,4.1099999862126424e-05,4.0000008993956726e-07,0.4506974999999329
method-075,7,Random,OriginalOrder,20,6,1265,81.7,2717,25.2,2066,9.7,56.5,15.5,72.0,0.0,4.399999988891068e-05,4.0000008993956726e-07,0.4604501999999684
method-075,8,Random,OriginalOrder,20,6,1265,88.1,1807,36.5,9077,11.2,51.599999999999994,25.3,76.89999999999999,-3.552713678800501e-15,3.979999996772676e-05,4.0000008993956726e-07,0.3401627999999164
method-075,9,Random,OriginalOrder,20,6,1265,68.8,1807,47.0,3078,20.9,21.799999999999997,26.1,47.9,0.0,3.979999996772676e-05,1.999999312829459e-07,0.3628168000000187
method-075,10,Random,OriginalOrder,20,6,1265,81.8,181,23.7,11248,3.7,58.099999999999994,20.0,78.1,0.0,4.040000021632295e-05,3.999998625658918e-07,0.46441090000007534
method-076,1,Random,MarginalGainPredictor,20,6,1265,85.1,985,30.1,985,30.1,54.99999999999999,0.0,54.99999999999999,0.0,4.650000005312904e-05,0.0007522999999309832,0.375639000000092
method-076,2,Random,MarginalGainPredictor,20,6,1265,87.5,1277,87.5,1807,36.1,0.0,51.4,51.4,0.0,2.989999984492897e-05,0.0007884000001467939,0.359525099999928
method-076,3,Random,MarginalGainPredictor,20,6,1265,88.0,1439,23.8,1423,19.5,64.2,4.300000000000001,68.5,-3.552713678800501e-15,4.150000017943967e-05,0.0012030000000322616,0.5088892999999644
method-076,4,Random,MarginalGainPredictor,20,6,1265,79.1,1277,79.1,310,47.1,0.0,31.999999999999993,31.999999999999993,0.0,4.069999999956053e-05,0.0013160999999399792,0.4991766999999072
method-076,5,Random,MarginalGainPredictor,20,6,1265,93.4,3225,25.6,3078,22.5,67.80000000000001,3.1000000000000014,70.9,-7.105427357601002e-15,4.11000000895001e-05,0.0012177999999494205,0.5348619999999755
method-076,6,Random,MarginalGainPredictor,20,6,1265,74.4,3519,54.4,410,37.3,20.000000000000007,17.1,37.10000000000001,0.0,4.5999999883861165e-05,0.001213000000007014,0.39550149999990936
method-076,7,Random,MarginalGainPredictor,20,6,1265,74.5,3700,18.5,3700,18.5,56.0,0.0,56.0,0.0,5.529999998543644e-05,0.001231200000120225,0.48264979999999014
method-076,8,Random,MarginalGainPredictor,20,6,1265,87.9,1277,87.9,1277,87.9,0.0,0.0,0.0,0.0,3.880000008393836e-05,0.0011970999998993648,0.47500209999998333
method-076,9,Random,MarginalGainPredictor,20,6,228,62.5,2717,19.4,916,8.8,43.1,10.599999999999998,53.7,3.552713678800501e-15,3.829999991467048e-05,0.0013291999998727988,0.3595821999999771
method-076,10,Random,MarginalGainPredictor,20,6,228,54.4,2122,26.7,699,10.9,27.7,15.799999999999999,43.5,1.7763568394002505e-15,3.7199999951553764e-05,0.0012251999999079999,0.4515670000000682
method-077,1,Random,OriginalOrder,50,6,1265,85.1,985,30.1,1352,9.2,54.99999999999999,20.900000000000002,75.89999999999999,-3.552713678800501e-15,4.650000005312904e-05,3.000000106112566e-07,0.375639000000092
method-077,2,Random,OriginalOrder,50,6,1265,84.5,1277,84.5,12375,8.9,0.0,75.6,75.6,0.0,5.51000000541535e-05,1.999999312829459e-07,0.4914111000000503
method-077,3,Random,OriginalOrder,50,6,1265,93.8,1807,50.0,1580,5.0,43.8,45.0,88.8,0.0,4.139999987273768e-05,2.0000015865662135e-07,0.4942335999999159
method-077,4,Random,OriginalOrder,50,6,1265,82.1,3519,44.7,1638,9.8,37.39999999999999,34.900000000000006,72.3,0.0,5.4600000112259295e-05,1.999999312829459e-07,0.501542900000004
method-077,5,Random,OriginalOrder,50,6,1265,96.7,5753,46.8,1140,24.4,49.900000000000006,22.4,72.30000000000001,7.105427357601002e-15,4.1999999893960194e-05,3.999998625658918e-07,0.5281433000000106
method-077,6,Random,OriginalOrder,50,6,1265,85.2,1807,47.6,5753,36.9,37.6,10.700000000000003,48.300000000000004,0.0,4.1099999862126424e-05,3.000000106112566e-07,0.4506974999999329
method-077,7,Random,OriginalOrder,50,6,1265,81.7,181,35.3,2066,9.7,46.400000000000006,25.599999999999998,72.0,-3.552713678800501e-15,4.399999988891068e-05,1.999999312829459e-07,0.4604501999999684
method-077,8,Random,OriginalOrder,50,6,1265,88.1,1807,36.5,9077,11.2,51.599999999999994,25.3,76.89999999999999,-3.552713678800501e-15,3.979999996772676e-05,2.0000015865662135e-07,0.3401627999999164
method-077,9,Random,OriginalOrder,50,6,1265,68.8,1277,68.8,3078,20.9,0.0,47.9,47.9,0.0,3.979999996772676e-05,1.999999312829459e-07,0.3628168000000187
method-077,10,Random,OriginalOrder,50,6,1265,81.8,410,52.1,11248,3.7,29.699999999999996,48.4,78.1,0.0,4.040000021632295e-05,3.000000106112566e-07,0.46441090000007534
method-078,1,Random,MarginalGainPredictor,50,6,1265,85.1,985,30.1,985,30.1,54.99999999999999,0.0,54.99999999999999,0.0,4.650000005312904e-05,0.0007442000000992266,0.375639000000092
method-078,2,Random,MarginalGainPredictor,50,6,1265,87.5,1277,87.5,410,47.3,0.0,40.2,40.2,0.0,2.989999984492897e-05,0.0005785000000742002,0.359525099999928
method-078,3,Random,MarginalGainPredictor,50,6,1265,90.4,310,43.0,310,43.0,47.400000000000006,0.0,47.400000000000006,0.0,4.7699999868200393e-05,0.0005639999999402789,0.47670720000019173
method-078,4,Random,MarginalGainPredictor,50,6,1265,81.9,1277,81.9,1277,81.9,0.0,0.0,0.0,0.0,5.2699999969263445e-05,0.0011758000000554603,0.5459000999999262
method-078,5,Random,MarginalGainPredictor,50,6,228,59.7,2122,30.1,1920,20.5,29.6,9.600000000000001,39.2,0.0,4.170000011072261e-05,0.0013005999999222695,0.45821509999996124
method-078,6,Random,MarginalGainPredictor,50,6,3519,53.9,3519,53.9,1265,0.0,0.0,53.9,53.9,0.0,4.1999999893960194e-05,0.0013203999999404914,0.49922700000001896
method-078,7,Random,MarginalGainPredictor,50,6,3519,53.6,3519,53.6,820,18.6,0.0,35.0,35.0,0.0,4.42000000475673e-05,0.0012365999998564803,0.3619846999999936
method-078,8,Random,MarginalGainPredictor,50,6,228,55.4,228,55.4,1816,19.9,0.0,35.5,35.5,0.0,4.0399999988949276e-05,0.0013988999999128282,0.3747045000000071
method-078,9,Random,MarginalGainPredictor,50,6,228,62.4,228,62.4,916,10.2,0.0,52.2,52.2,0.0,3.9600000036443816e-05,0.0012718000000404572,0.4592471000000842
method-078,10,Random,MarginalGainPredictor,50,6,228,54.5,228,54.5,1249,7.9,0.0,46.6,46.6,0.0,5.4399999953602673e-05,0.0012467999999898893,0.46925880000003417
method-079,1,Random,OriginalOrder,100,6,1265,85.1,1277,85.1,1352,9.2,0.0,75.89999999999999,75.89999999999999,0.0,4.650000005312904e-05,1.999999312829459e-07,0.375639000000092
method-079,2,Random,OriginalOrder,100,6,1265,84.5,1265,84.5,12375,8.9,0.0,75.6,75.6,0.0,5.51000000541535e-05,1.999999312829459e-07,0.4914111000000503
method-079,3,Random,OriginalOrder,100,6,1265,93.8,3519,61.2,1580,5.0,32.599999999999994,56.2,88.8,0.0,4.139999987273768e-05,1.999999312829459e-07,0.4942335999999159
method-079,4,Random,OriginalOrder,100,6,1265,82.1,3519,44.7,1638,9.8,37.39999999999999,34.900000000000006,72.3,0.0,5.4600000112259295e-05,3.000000106112566e-07,0.501542900000004
method-079,5,Random,OriginalOrder,100,6,1265,96.7,5753,46.8,1140,24.4,49.900000000000006,22.4,72.30000000000001,7.105427357601002e-15,4.1999999893960194e-05,3.000000106112566e-07,0.5281433000000106
method-079,6,Random,OriginalOrder,100,6,1265,85.2,1265,85.2,5753,36.9,0.0,48.300000000000004,48.300000000000004,0.0,4.1099999862126424e-05,4.0000008993956726e-07,0.4506974999999329
method-079,7,Random,OriginalOrder,100,6,1265,81.7,1265,81.7,2066,9.7,0.0,72.0,72.0,0.0,4.399999988891068e-05,3.000000106112566e-07,0.4604501999999684
method-079,8,Random,OriginalOrder,100,6,1265,88.1,1265,88.1,9077,11.2,0.0,76.89999999999999,76.89999999999999,0.0,3.979999996772676e-05,3.000000106112566e-07,0.3401627999999164
method-079,9,Random,OriginalOrder,100,6,1265,68.8,1265,68.8,3078,20.9,0.0,47.9,47.9,0.0,3.979999996772676e-05,1.999999312829459e-07,0.3628168000000187
method-079,10,Random,OriginalOrder,100,6,1265,81.8,1265,81.8,11248,3.7,0.0,78.1,78.1,0.0,4.040000021632295e-05,3.000000106112566e-07,0.46441090000007534
method-080,1,Random,MarginalGainPredictor,100,6,1265,85.1,1277,85.1,410,51.7,0.0,33.39999999999999,33.39999999999999,0.0,4.650000005312904e-05,0.0006880000000819564,0.375639000000092
method-080,2,Random,MarginalGainPredictor,100,6,1265,87.5,1265,87.5,1265,87.5,0.0,0.0,0.0,0.0,5.55999999960477e-05,0.0007327999999233725,0.4960916999998517
method-080,3,Random,MarginalGainPredictor,100,6,3519,58.3,3519,58.3,985,34.6,0.0,23.699999999999996,23.699999999999996,0.0,4.619999981514411e-05,0.000594699999965087,0.39904939999996714
method-080,4,Random,MarginalGainPredictor,100,6,228,49.5,228,49.5,310,46.2,0.0,3.299999999999997,3.299999999999997,0.0,4.260000014255638e-05,0.001563999999916632,0.5185037000001103
method-080,5,Random,MarginalGainPredictor,100,6,228,59.7,228,59.7,1277,0.0,0.0,59.7,59.7,0.0,4.0900000158217154e-05,0.0014123999999355874,0.5340936000000056
method-080,6,Random,MarginalGainPredictor,100,6,3519,53.9,3519,53.9,1807,39.0,0.0,14.899999999999999,14.899999999999999,0.0,4.839999996875122e-05,0.0013782000000901462,0.38232459999994717
method-080,7,Random,MarginalGainPredictor,100,6,3519,52.6,3519,52.6,2216,36.5,0.0,16.1,16.1,0.0,4.969999986315088e-05,0.0012732000000141852,0.4941874999999527
method-080,8,Random,MarginalGainPredictor,100,6,228,55.1,228,55.1,916,5.4,0.0,49.7,49.7,0.0,3.9100000094549614e-05,0.0012993000000278698,0.44767769999998563
method-080,9,Random,MarginalGainPredictor,100,6,228,62.5,228,62.5,7995,13.5,0.0,49.0,49.0,0.0,3.9499999957115506e-05,0.0012987000000066473,0.4533206999999493
method-080,10,Random,MarginalGainPredictor,100,6,228,54.5,228,54.5,1249,9.0,0.0,45.5,45.5,0.0,4.809999995813996e-05,0.0013676000000941713,0.37887750000004417
method-081,1,Random,OriginalOrder,10,7,1265,85.1,647,28.4,475,17.4,56.699999999999996,11.0,67.69999999999999,-7.105427357601002e-15,5.51000000541535e-05,1.999999312829459e-07,0.375639000000092
method-081,2,Random,OriginalOrder,10,7,1265,86.8,287,20.8,618,15.3,66.0,5.5,71.5,0.0,4.16000000313943e-05,3.000000106112566e-07,0.38389649999999165
method-081,3,Random,OriginalOrder,10,7,1265,94.3,228,49.4,541,6.2,44.9,43.199999999999996,88.1,0.0,5.379999993238016e-05,1.999999312829459e-07,0.39402560000007725
method-081,4,Random,OriginalOrder,10,7,1265,82.7,410,47.8,6159,5.8,34.900000000000006,42.0,76.9,0.0,4.2499999835854396e-05,2.0000015865662135e-07,0.5919854999999643
method-081,5,Random,OriginalOrder,10,7,1265,98.3,2021,32.7,11248,5.2,65.6,27.500000000000004,93.1,-3.552713678800501e-15,4.549999994196696e-05,9.999985195463523e-08,0.44069370000011077
method-081,6,Random,OriginalOrder,10,7,1265,84.7,905,22.7,14031,3.9,62.0,18.8,80.8,-3.552713678800501e-15,5.230000010669755e-05,1.999999312829459e-07,0.4695260999999391
method-081,7,Random,OriginalOrder,10,7,1265,84.9,181,35.8,4679,13.9,49.10000000000001,21.9,71.0,-7.105427357601002e-15,3.9600000036443816e-05,9.999985195463523e-08,0.3798544999999649
method-081,8,Random,OriginalOrder,10,7,1265,92.7,98,18.1,11245,5.6,74.6,12.500000000000002,87.10000000000001,1.2434497875801753e-14,5.1900000016757986e-05,1.999999312829459e-07,0.3797955000000002
method-081,9,Random,OriginalOrder,10,7,1265,70.6,2021,33.8,656,25.5,36.8,8.299999999999997,45.099999999999994,0.0,3.9499999957115506e-05,3.999998625658918e-07,0.3788569999999254
method-081,10,Random,OriginalOrder,10,7,1265,89.7,228,55.6,776,3.7,34.1,51.9,86.0,0.0,5.970000006527698e-05,1.999999312829459e-07,0.45902789999991
method-082,1,Random,MarginalGainPredictor,10,7,1265,85.1,647,28.4,1352,9.2,56.699999999999996,19.2,75.89999999999999,-3.552713678800501e-15,5.51000000541535e-05,0.0006061999999928958,0.375639000000092
method-082,2,Random,MarginalGainPredictor,10,7,1265,84.5,1636,19.2,618,18.2,65.3,1.0,66.3,0.0,3.0599999945479794e-05,0.0010016000001087377,0.4914111000000503
method-082,3,Random,MarginalGainPredictor,10,7,1265,93.8,7995,35.6,7995,35.6,58.199999999999996,0.0,58.199999999999996,0.0,4.069999999956053e-05,0.001543500000025233,0.48549179999986336
method-082,4,Random,MarginalGainPredictor,10,7,1265,83.1,410,47.8,410,47.8,35.3,0.0,35.3,0.0,4.4100000195612665e-05,0.0011614000000008673,0.40934919999995145
method-082,5,Random,MarginalGainPredictor,10,7,1265,97.0,9070,33.6,1920,29.2,63.4,4.400000000000002,67.8,-3.552713678800501e-15,4.239999998389976e-05,0.0012639999999919382,0.5341276999999991
method-082,6,Random,MarginalGainPredictor,10,7,1265,82.3,4285,22.2,4285,22.2,60.099999999999994,0.0,60.099999999999994,0.0,4.069999999956053e-05,0.0011961000000155764,0.4247812999999496
method-082,7,Random,MarginalGainPredictor,10,7,1265,82.2,3225,30.5,916,19.3,51.7,11.2,62.900000000000006,3.552713678800501e-15,3.990000004705507e-05,0.0012363000000732427,0.3983541999998579
method-082,8,Random,MarginalGainPredictor,10,7,1265,87.3,228,55.7,310,35.9,31.599999999999994,19.800000000000004,51.4,0.0,3.9399999877787195e-05,0.0012593999999808148,0.39551430000005894
method-082,9,Random,MarginalGainPredictor,10,7,1265,61.0,1785,19.9,1638,10.6,41.1,9.299999999999999,50.4,-1.7763568394002505e-15,3.9499999957115506e-05,0.001226200000019162,0.39445150000005924
method-082,10,Random,MarginalGainPredictor,10,7,1265,82.1,5753,39.6,1816,21.6,42.49999999999999,18.0,60.49999999999999,0.0,4.9700000090524554e-05,0.001234699999940858,0.3080582999998569
method-083,1,Random,OriginalOrder,20,7,1265,85.1,5753,44.8,475,17.4,40.3,27.4,67.69999999999999,-7.105427357601002e-15,5.51000000541535e-05,2.0000015865662135e-07,0.375639000000092
method-083,2,Random,OriginalOrder,20,7,1265,86.8,410,47.3,618,15.3,39.5,31.999999999999996,71.5,3.552713678800501e-15,4.16000000313943e-05,2.0000015865662135e-07,0.38389649999999165
method-083,3,Random,OriginalOrder,20,7,1265,94.3,228,49.4,541,6.2,44.9,43.199999999999996,88.1,0.0,5.379999993238016e-05,1.999999312829459e-07,0.39402560000007725
method-083,4,Random,OriginalOrder,20,7,1265,82.7,410,47.8,6159,5.8,34.900000000000006,42.0,76.9,0.0,4.2499999835854396e-05,3.000000106112566e-07,0.5919854999999643
method-083,5,Random,OriginalOrder,20,7,1265,98.3,1807,34.0,11248,5.2,64.3,28.8,93.1,-3.552713678800501e-15,4.549999994196696e-05,1.999999312829459e-07,0.44069370000011077
method-083,6,Random,OriginalOrder,20,7,1265,84.7,1807,46.0,14031,3.9,38.7,42.1,80.8,-7.105427357601002e-15,5.230000010669755e-05,3.000000106112566e-07,0.4695260999999391
method-083,7,Random,OriginalOrder,20,7,1265,84.9,1277,84.9,4679,13.9,0.0,71.0,71.0,0.0,3.9600000036443816e-05,3.000000106112566e-07,0.3798544999999649
method-083,8,Random,OriginalOrder,20,7,1265,92.7,5454,20.0,11245,5.6,72.7,14.4,87.10000000000001,5.329070518200751e-15,5.1900000016757986e-05,3.000000106112566e-07,0.3797955000000002
method-083,9,Random,OriginalOrder,20,7,1265,70.6,1277,70.6,656,25.5,0.0,45.099999999999994,45.099999999999994,0.0,3.9499999957115506e-05,2.0000015865662135e-07,0.3788569999999254
method-083,10,Random,OriginalOrder,20,7,1265,89.7,228,55.6,776,3.7,34.1,51.9,86.0,0.0,5.970000006527698e-05,6.000000212225132e-07,0.45902789999991
method-084,1,Random,MarginalGainPredictor,20,7,1265,85.1,5753,44.8,1439,35.5,40.3,9.299999999999997,49.599999999999994,0.0,5.51000000541535e-05,0.0005591000001459179,0.375639000000092
method-084,2,Random,MarginalGainPredictor,20,7,1265,87.2,410,47.3,410,47.3,39.900000000000006,0.0,39.900000000000006,0.0,4.2099999973288504e-05,0.0012533000001440087,0.4905874999999469
method-084,3,Random,MarginalGainPredictor,20,7,1265,88.5,1265,88.5,1265,88.5,0.0,0.0,0.0,0.0,5.7599999990998185e-05,0.0010425000000395812,0.5118940999998358
method-084,4,Random,MarginalGainPredictor,20,7,228,49.6,658,33.2,658,33.2,16.4,0.0,16.4,0.0,5.0600000122358324e-05,0.0011928999999781809,0.5269620999999916
method-084,5,Random,MarginalGainPredictor,20,7,228,59.7,892,38.5,1920,20.4,21.200000000000003,18.1,39.300000000000004,0.0,5.8399999943503644e-05,0.0013873999998850195,0.5765151000000515
method-084,6,Random,MarginalGainPredictor,20,7,3519,52.6,892,34.8,916,19.6,17.800000000000004,15.199999999999996,33.0,0.0,4.1199999941454735e-05,0.001236800000015137,0.392620000000079
method-084,7,Random,MarginalGainPredictor,20,7,3519,52.4,3519,52.4,6314,14.9,0.0,37.5,37.5,0.0,3.889999993589299e-05,0.001195100000131788,0.37854749999996784
method-084,8,Random,MarginalGainPredictor,20,7,228,55.6,228,55.6,310,34.4,0.0,21.200000000000003,21.200000000000003,0.0,4.0399999988949276e-05,0.001160900000058973,0.46049249999987296
method-084,9,Random,MarginalGainPredictor,20,7,228,62.0,2021,35.6,3700,14.1,26.4,21.5,47.9,0.0,3.85000000733271e-05,0.0012420999998994375,0.35617899999988367
method-084,10,Random,MarginalGainPredictor,20,7,228,55.0,228,55.0,3078,17.4,0.0,37.6,37.6,0.0,4.7900000026857015e-05,0.0012915999998313055,0.45762550000017654
method-085,1,Random,OriginalOrder,50,7,1265,85.1,228,54.0,475,17.4,31.099999999999994,36.6,67.69999999999999,-7.105427357601002e-15,5.51000000541535e-05,3.000000106112566e-07,0.375639000000092
method-085,2,Random,OriginalOrder,50,7,1265,86.8,228,51.4,618,15.3,35.4,36.099999999999994,71.5,7.105427357601002e-15,4.16000000313943e-05,2.0000015865662135e-07,0.38389649999999165
method-085,3,Random,OriginalOrder,50,7,1265,94.3,228,49.4,541,6.2,44.9,43.199999999999996,88.1,0.0,5.379999993238016e-05,2.0000015865662135e-07,0.39402560000007725
method-085,4,Random,OriginalOrder,50,7,1265,82.7,228,47.9,6159,5.8,34.800000000000004,42.1,76.9,0.0,4.2499999835854396e-05,3.000000106112566e-07,0.5919854999999643
method-085,5,Random,OriginalOrder,50,7,1265,98.3,1277,98.3,11248,5.2,0.0,93.1,93.1,0.0,4.549999994196696e-05,1.999999312829459e-07,0.44069370000011077
method-085,6,Random,OriginalOrder,50,7,1265,84.7,1807,46.0,14031,3.9,38.7,42.1,80.8,-7.105427357601002e-15,5.230000010669755e-05,1.999999312829459e-07,0.4695260999999391
method-085,7,Random,OriginalOrder,50,7,1265,84.9,1265,84.9,4679,13.9,0.0,71.0,71.0,0.0,3.9600000036443816e-05,3.999998625658918e-07,0.3798544999999649
method-085,8,Random,OriginalOrder,50,7,1265,92.7,892,36.9,11245,5.6,55.800000000000004,31.299999999999997,87.10000000000001,7.105427357601002e-15,5.1900000016757986e-05,2.0000015865662135e-07,0.3797955000000002
method-085,9,Random,OriginalOrder,50,7,1265,70.6,1277,70.6,656,25.5,0.0,45.099999999999994,45.099999999999994,0.0,3.9499999957115506e-05,3.000000106112566e-07,0.3788569999999254
method-085,10,Random,OriginalOrder,50,7,1265,89.7,228,55.6,776,3.7,34.1,51.9,86.0,0.0,5.970000006527698e-05,3.000000106112566e-07,0.45902789999991
method-086,1,Random,MarginalGainPredictor,50,7,1265,85.1,228,54.0,820,19.0,31.099999999999994,35.0,66.1,0.0,5.51000000541535e-05,0.0004463000000214379,0.375639000000092
method-086,2,Random,MarginalGainPredictor,50,7,1265,87.3,410,46.8,410,46.8,40.5,0.0,40.5,0.0,5.000000010113581e-05,0.0006352000000333646,0.49602459999982784
method-086,3,Random,MarginalGainPredictor,50,7,1265,89.9,1265,89.9,1265,89.9,0.0,0.0,0.0,0.0,4.839999996875122e-05,0.0010597999998935848,0.3733492999999726
method-086,4,Random,MarginalGainPredictor,50,7,228,49.6,658,33.2,3078,20.0,16.4,13.200000000000003,29.6,0.0,5.420000002231973e-05,0.0012686000000030617,0.542204399999946
method-086,5,Random,MarginalGainPredictor,50,7,228,59.7,892,38.6,1807,35.1,21.1,3.5,24.6,0.0,8.679999996275001e-05,0.0011881000000357744,0.47173240000006444
method-086,6,Random,MarginalGainPredictor,50,7,3519,53.2,310,38.9,310,38.9,14.300000000000004,0.0,14.300000000000004,0.0,4.190000004200556e-05,0.0013298999999733496,0.4896990999998252
method-086,7,Random,MarginalGainPredictor,50,7,3519,52.3,3519,52.3,7995,17.3,0.0,35.0,35.0,0.0,4.11000000895001e-05,0.001297199999953591,0.45700460000011844
method-086,8,Random,MarginalGainPredictor,50,7,228,55.1,228,55.1,985,26.5,0.0,28.6,28.6,0.0,3.9600000036443816e-05,0.0013033000000177708,0.3656071000000338
method-086,9,Random,MarginalGainPredictor,50,7,228,62.5,2021,35.4,1277,0.0,27.1,35.4,62.5,0.0,3.8599999925281736e-05,0.0012595999999120977,0.46230609999997796
method-086,10,Random,MarginalGainPredictor,50,7,228,54.5,9070,36.2,1439,20.7,18.299999999999997,15.500000000000004,33.8,-3.552713678800501e-15,3.779999997277628e-05,0.0012654999998176208,0.3730757000000722
method-087,1,Random,OriginalOrder,100,7,1265,85.1,1265,85.1,475,17.4,0.0,67.69999999999999,67.69999999999999,0.0,5.51000000541535e-05,1.999999312829459e-07,0.375639000000092
method-087,2,Random,OriginalOrder,100,7,1265,86.8,1277,86.8,618,15.3,0.0,71.5,71.5,0.0,4.16000000313943e-05,3.000000106112566e-07,0.38389649999999165
method-087,3,Random,OriginalOrder,100,7,1265,94.3,228,49.4,541,6.2,44.9,43.199999999999996,88.1,0.0,5.379999993238016e-05,1.999999312829459e-07,0.39402560000007725
method-087,4,Random,OriginalOrder,100,7,1265,82.7,228,47.9,6159,5.8,34.800000000000004,42.1,76.9,0.0,4.2499999835854396e-05,1.999999312829459e-07,0.5919854999999643
method-087,5,Random,OriginalOrder,100,7,1265,98.3,1277,98.3,11248,5.2,0.0,93.1,93.1,0.0,4.549999994196696e-05,3.000000106112566e-07,0.44069370000011077
method-087,6,Random,OriginalOrder,100,7,1265,84.7,1807,46.0,14031,3.9,38.7,42.1,80.8,-7.105427357601002e-15,5.230000010669755e-05,3.000000106112566e-07,0.4695260999999391
method-087,7,Random,OriginalOrder,100,7,1265,84.9,1265,84.9,4679,13.9,0.0,71.0,71.0,0.0,3.9600000036443816e-05,1.999999312829459e-07,0.3798544999999649
method-087,8,Random,OriginalOrder,100,7,1265,92.7,7123,45.5,11245,5.6,47.2,39.9,87.10000000000001,7.105427357601002e-15,5.1900000016757986e-05,3.000000106112566e-07,0.3797955000000002
method-087,9,Random,OriginalOrder,100,7,1265,70.6,1265,70.6,656,25.5,0.0,45.099999999999994,45.099999999999994,0.0,3.9499999957115506e-05,3.000000106112566e-07,0.3788569999999254
method-087,10,Random,OriginalOrder,100,7,1265,89.7,228,55.6,776,3.7,34.1,51.9,86.0,0.0,5.970000006527698e-05,3.000000106112566e-07,0.45902789999991
method-088,1,Random,MarginalGainPredictor,100,7,1265,85.1,1265,85.1,1265,85.1,0.0,0.0,0.0,0.0,5.51000000541535e-05,0.0003762000001188426,0.375639000000092
method-088,2,Random,MarginalGainPredictor,100,7,3519,54.6,3519,54.6,410,47.3,0.0,7.300000000000004,7.300000000000004,0.0,5.82000000122207e-05,0.0006317999998373125,0.4705397999998695
method-088,3,Random,MarginalGainPredictor,100,7,3519,58.3,228,52.6,985,34.6,5.699999999999996,18.0,23.699999999999996,0.0,3.6799999861614197e-05,0.00045999999997548,0.4846136999999544
method-088,4,Random,MarginalGainPredictor,100,7,228,49.5,228,49.5,310,46.2,0.0,3.299999999999997,3.299999999999997,0.0,5.390000001170847e-05,0.0013408999998318905,0.46266389999982493
method-088,5,Random,MarginalGainPredictor,100,7,228,59.7,228,59.7,820,16.7,0.0,43.0,43.0,0.0,4.319999993640522e-05,0.0013044000002082612,0.5764710000000832
method-088,6,Random,MarginalGainPredictor,100,7,3519,53.6,2216,30.5,2216,30.5,23.1,0.0,23.1,0.0,4.149999995206599e-05,0.0013602999999875465,0.3841966999998476
method-088,7,Random,MarginalGainPredictor,100,7,3519,53.4,3519,53.4,7995,18.2,0.0,35.2,35.2,0.0,4.73000000056345e-05,0.0013035999998010084,0.44866910000018834
method-088,8,Random,MarginalGainPredictor,100,7,228,55.3,3519,47.9,1807,35.1,7.399999999999999,12.799999999999997,20.199999999999996,0.0,4.0299999909620965e-05,0.001354699999865261,0.47536459999992076
method-088,9,Random,MarginalGainPredictor,100,7,228,62.5,228,62.5,1277,0.0,0.0,62.5,62.5,0.0,3.9100000094549614e-05,0.0012639999999919382,0.4584855000000516
method-088,10,Random,MarginalGainPredictor,100,7,228,54.5,3519,42.4,916,7.8,12.100000000000001,34.6,46.7,0.0,3.890000016326667e-05,0.001296300000149131,0.44901819999995496
method-089,1,Random,OriginalOrder,10,8,1265,85.1,2216,34.6,4934,25.2,50.49999999999999,9.400000000000002,59.89999999999999,-3.552713678800501e-15,5.1799999937429675e-05,1.0000007932831068e-07,0.375639000000092
method-089,2,Random,OriginalOrder,10,8,1265,87.5,1140,25.6,692,22.9,61.9,2.700000000000003,64.6,-7.105427357601002e-15,5.2699999969263445e-05,4.0000008993956726e-07,0.3993713999998363
method-089,3,Random,OriginalOrder,10,8,1265,93.2,1439,24.0,1423,19.7,69.2,4.300000000000001,73.5,-3.552713678800501e-15,4.0500000068277586e-05,3.999998625658918e-07,0.5031707000000551
method-089,4,Random,OriginalOrder,10,8,1265,79.4,4103,17.3,4103,17.3,62.10000000000001,0.0,62.10000000000001,0.0,4.709999984697788e-05,3.000000106112566e-07,0.5419104999998581
method-089,5,Random,OriginalOrder,10,8,1265,96.6,1439,33.1,985,32.4,63.49999999999999,0.7000000000000028,64.19999999999999,-7.105427357601002e-15,5.959999998594867e-05,2.0000015865662135e-07,0.4447069000000283
method-089,6,Random,OriginalOrder,10,8,1265,85.7,1265,85.7,1126,5.8,0.0,79.9,79.9,0.0,4.2200000052616815e-05,1.0000007932831068e-07,0.562421699999959
method-089,7,Random,OriginalOrder,10,8,1265,71.9,1277,71.9,11796,15.7,0.0,56.2,56.2,0.0,4.910000006930204e-05,2.0000015865662135e-07,0.3899619999999686
method-089,8,Random,OriginalOrder,10,8,1265,91.4,228,49.3,679,9.0,42.10000000000001,40.3,82.4,0.0,4.979999994247919e-05,9.999985195463523e-08,0.36714919999985796
method-089,9,Random,OriginalOrder,10,8,1265,69.1,1265,69.1,1140,26.8,0.0,42.3,42.3,0.0,3.9600000036443816e-05,2.0000015865662135e-07,0.3686142000001382
method-089,10,Random,OriginalOrder,10,8,1265,88.6,2442,22.0,4824,11.4,66.6,10.6,77.19999999999999,-5.329070518200751e-15,3.8599999925281736e-05,3.000000106112566e-07,0.4657369000001381
method-090,1,Random,MarginalGainPredictor,10,8,1265,85.1,2216,34.6,2216,34.6,50.49999999999999,0.0,50.49999999999999,0.0,5.1799999937429675e-05,0.0003065999999307678,0.375639000000092
method-090,2,Random,MarginalGainPredictor,10,8,1265,87.5,228,51.4,1816,15.5,36.1,35.9,72.0,0.0,4.549999994196696e-05,0.0013426000000436034,0.5019615000001068
method-090,3,Random,MarginalGainPredictor,10,8,1265,88.3,181,24.6,1423,19.7,63.699999999999996,4.900000000000002,68.6,-3.552713678800501e-15,3.999999989900971e-05,0.0014228000000002794,0.3824818000000505
method-090,4,Random,MarginalGainPredictor,10,8,1265,79.4,1818,16.0,611,10.8,63.400000000000006,5.199999999999999,68.60000000000001,3.552713678800501e-15,4.969999986315088e-05,0.0012079000000539963,0.3877688999998554
method-090,5,Random,MarginalGainPredictor,10,8,1265,95.6,985,31.8,985,31.8,63.8,0.0,63.8,0.0,4.16000000313943e-05,0.0012245000000348227,0.498408100000006
method-090,6,Random,MarginalGainPredictor,10,8,1265,77.3,1265,77.3,1265,77.3,0.0,0.0,0.0,0.0,3.979999996772676e-05,0.0012962000000698026,0.5317078999999012
method-090,7,Random,MarginalGainPredictor,10,8,3519,52.4,3916,27.5,3916,27.5,24.9,0.0,24.9,0.0,4.879999983131711e-05,0.0013401999999587133,0.4137971000000107
method-090,8,Random,MarginalGainPredictor,10,8,228,55.9,1140,31.1,1277,0.0,24.799999999999997,31.1,55.9,0.0,6.419999999707215e-05,0.001258699999880264,0.4426060000000689
method-090,9,Random,MarginalGainPredictor,10,8,228,59.2,830,35.7,1807,16.9,23.5,18.800000000000004,42.300000000000004,0.0,4.180000019005092e-05,0.0013598000000456523,0.39753139999993437
method-090,10,Random,MarginalGainPredictor,10,8,228,54.5,4934,21.4,4934,21.4,33.1,0.0,33.1,0.0,3.909999986717594e-05,0.0012598000000707543,0.30646470000010595
method-091,1,Random,OriginalOrder,20,8,1265,85.1,1807,41.3,4934,25.2,43.8,16.099999999999998,59.89999999999999,-3.552713678800501e-15,5.1799999937429675e-05,1.0000007932831068e-07,0.375639000000092
method-091,2,Random,OriginalOrder,20,8,1265,87.5,410,47.3,692,22.9,40.2,24.4,64.6,-7.105427357601002e-15,5.2699999969263445e-05,3.999998625658918e-07,0.3993713999998363
method-091,3,Random,OriginalOrder,20,8,1265,93.2,830,26.5,1423,19.7,66.7,6.800000000000001,73.5,-3.552713678800501e-15,4.0500000068277586e-05,4.0000008993956726e-07,0.5031707000000551
method-091,4,Random,OriginalOrder,20,8,1265,79.4,5454,25.4,4103,17.3,54.00000000000001,8.099999999999998,62.10000000000001,3.552713678800501e-15,4.709999984697788e-05,4.0000008993956726e-07,0.5419104999998581
method-091,5,Random,OriginalOrder,20,8,1265,96.6,1439,33.1,985,32.4,63.49999999999999,0.7000000000000028,64.19999999999999,-7.105427357601002e-15,5.959999998594867e-05,4.0000008993956726e-07,0.4447069000000283
method-091,6,Random,OriginalOrder,20,8,1265,85.7,1265,85.7,1126,5.8,0.0,79.9,79.9,0.0,4.2200000052616815e-05,2.0000015865662135e-07,0.562421699999959
method-091,7,Random,OriginalOrder,20,8,1265,71.9,1277,71.9,11796,15.7,0.0,56.2,56.2,0.0,4.910000006930204e-05,2.0000015865662135e-07,0.3899619999999686
method-091,8,Random,OriginalOrder,20,8,1265,91.4,228,49.3,679,9.0,42.10000000000001,40.3,82.4,0.0,4.979999994247919e-05,4.0000008993956726e-07,0.36714919999985796
method-091,9,Random,OriginalOrder,20,8,1265,69.1,1265,69.1,1140,26.8,0.0,42.3,42.3,0.0,3.9600000036443816e-05,3.000000106112566e-07,0.3686142000001382
method-091,10,Random,OriginalOrder,20,8,1265,88.6,5753,42.8,4824,11.4,45.8,31.4,77.19999999999999,-7.105427357601002e-15,3.8599999925281736e-05,3.000000106112566e-07,0.4657369000001381
method-092,1,Random,MarginalGainPredictor,20,8,1265,85.1,1807,41.3,1807,41.3,43.8,0.0,43.8,0.0,5.1799999937429675e-05,0.0005152999999609165,0.375639000000092
method-092,2,Random,MarginalGainPredictor,20,8,1265,87.0,228,51.4,410,47.3,35.6,4.100000000000001,39.7,0.0,4.080000007888884e-05,0.001122599999916929,0.5060434000001806
method-092,3,Random,MarginalGainPredictor,20,8,1265,84.3,310,42.6,310,42.6,41.699999999999996,0.0,41.699999999999996,0.0,4.190000004200556e-05,0.001060099999904196,0.49217010000006667
method-092,4,Random,MarginalGainPredictor,20,8,1265,80.2,5753,38.7,9070,26.2,41.5,12.500000000000004,54.0,-3.552713678800501e-15,4.2200000052616815e-05,0.0011693999999806692,0.5411787999998978
method-092,5,Random,MarginalGainPredictor,20,8,1265,94.8,3519,43.6,916,24.7,51.199999999999996,18.900000000000002,70.1,-3.552713678800501e-15,4.100000001017179e-05,0.0012214000000767555,0.45405589999995755
method-092,6,Random,MarginalGainPredictor,20,8,1265,74.1,2146,19.4,1249,11.0,54.699999999999996,8.399999999999999,63.099999999999994,0.0,7.340000001931912e-05,0.0014945000000352593,0.5851307000000361
method-092,7,Random,MarginalGainPredictor,20,8,1265,80.5,2216,36.5,2216,36.5,44.0,0.0,44.0,0.0,4.7799999947528704e-05,0.0012881000000106724,0.40731399999981477
method-092,8,Random,MarginalGainPredictor,20,8,1265,88.0,3225,30.6,618,14.4,57.4,16.200000000000003,73.6,-7.105427357601002e-15,4.930000000058499e-05,0.001243899999963105,0.4737003000000186
method-092,9,Random,MarginalGainPredictor,20,8,1265,62.3,3916,23.2,820,17.5,39.099999999999994,5.699999999999999,44.8,3.552713678800501e-15,4.009999997833802e-05,0.0012349999999514694,0.369027099999812
method-092,10,Random,MarginalGainPredictor,20,8,1265,74.4,892,31.6,985,31.3,42.800000000000004,0.3000000000000007,43.10000000000001,3.552713678800501e-15,4.8199999810094596e-05,0.0012712000000192347,0.4593815999999151
method-093,1,Random,OriginalOrder,50,8,1265,85.1,228,54.0,4934,25.2,31.099999999999994,28.8,59.89999999999999,-3.552713678800501e-15,5.1799999937429675e-05,1.999999312829459e-07,0.375639000000092
method-093,2,Random,OriginalOrder,50,8,1265,87.5,1265,87.5,692,22.9,0.0,64.6,64.6,0.0,5.2699999969263445e-05,2.0000015865662135e-07,0.3993713999998363
method-093,3,Random,OriginalOrder,50,8,1265,93.2,1265,93.2,1423,19.7,0.0,73.5,73.5,0.0,4.0500000068277586e-05,1.999999312829459e-07,0.5031707000000551
method-093,4,Random,OriginalOrder,50,8,1265,79.4,228,44.1,4103,17.3,35.300000000000004,26.8,62.10000000000001,3.552713678800501e-15,4.709999984697788e-05,3.999998625658918e-07,0.5419104999998581
method-093,5,Random,OriginalOrder,50,8,1265,96.6,1277,96.6,985,32.4,0.0,64.19999999999999,64.19999999999999,0.0,5.959999998594867e-05,2.0000015865662135e-07,0.4447069000000283
method-093,6,Random,OriginalOrder,50,8,1265,85.7,1265,85.7,1126,5.8,0.0,79.9,79.9,0.0,4.2200000052616815e-05,4.0000008993956726e-07,0.562421699999959
method-093,7,Random,OriginalOrder,50,8,1265,71.9,1277,71.9,11796,15.7,0.0,56.2,56.2,0.0,4.910000006930204e-05,1.999999312829459e-07,0.3899619999999686
method-093,8,Random,OriginalOrder,50,8,1265,91.4,1277,91.4,679,9.0,0.0,82.4,82.4,0.0,4.979999994247919e-05,2.0000015865662135e-07,0.36714919999985796
method-093,9,Random,OriginalOrder,50,8,1265,69.1,1265,69.1,1140,26.8,0.0,42.3,42.3,0.0,3.9600000036443816e-05,4.0000008993956726e-07,0.3686142000001382
method-093,10,Random,OriginalOrder,50,8,1265,88.6,228,50.2,4824,11.4,38.39999999999999,38.800000000000004,77.19999999999999,-7.105427357601002e-15,3.8599999925281736e-05,7.000001005508238e-07,0.4657369000001381
method-094,1,Random,MarginalGainPredictor,50,8,1265,85.1,228,54.0,1807,41.3,31.099999999999994,12.700000000000003,43.8,0.0,5.1799999937429675e-05,0.00033529999996062543,0.375639000000092
method-094,2,Random,MarginalGainPredictor,50,8,1265,87.0,1265,87.0,1265,87.0,0.0,0.0,0.0,0.0,4.080000007888884e-05,0.0005736000000524655,0.5060434000001806
method-094,3,Random,MarginalGainPredictor,50,8,3519,57.0,410,45.2,410,45.2,11.799999999999997,0.0,11.799999999999997,0.0,4.1300000020783045e-05,0.0010863999998491636,0.49653049999983523
method-094,4,Random,MarginalGainPredictor,50,8,228,49.6,5753,37.3,2216,27.9,12.300000000000004,9.399999999999999,21.700000000000003,0.0,5.1100000064252526e-05,0.0012733000000935135,0.5479363999997986
method-094,5,Random,MarginalGainPredictor,50,8,228,59.6,5753,42.7,1277,0.0,16.9,42.7,59.6,0.0,4.269999999451102e-05,0.0012453999997887877,0.5311008999999558
method-094,6,Random,MarginalGainPredictor,50,8,3519,53.5,2477,39.9,985,34.7,13.600000000000001,5.199999999999996,18.799999999999997,0.0,6.789999997636187e-05,0.00141299999995681,0.868835099999842
method-094,7,Random,MarginalGainPredictor,50,8,3519,54.1,3519,54.1,9070,43.2,0.0,10.899999999999999,10.899999999999999,0.0,3.940000010516087e-05,0.0012805999999727646,0.46504630000004
method-094,8,Random,MarginalGainPredictor,50,8,228,55.4,5753,36.1,820,17.6,19.299999999999997,18.5,37.8,0.0,3.8599999925281736e-05,0.0013093000000026223,0.3744844000000285
method-094,9,Random,MarginalGainPredictor,50,8,228,62.6,830,36.6,1249,15.5,26.0,21.1,47.1,0.0,3.990000004705507e-05,0.0012547000001177366,0.4568011999999726
method-094,10,Random,MarginalGainPredictor,50,8,228,55.0,3519,43.4,310,42.0,11.600000000000001,1.3999999999999986,13.0,0.0,3.829999991467048e-05,0.0012676000001192733,0.38576560000001336
method-095,1,Random,OriginalOrder,100,8,1265,85.1,1265,85.1,4934,25.2,0.0,59.89999999999999,59.89999999999999,0.0,5.1799999937429675e-05,2.0000015865662135e-07,0.375639000000092
method-095,2,Random,OriginalOrder,100,8,1265,87.5,1265,87.5,692,22.9,0.0,64.6,64.6,0.0,5.2699999969263445e-05,2.0000015865662135e-07,0.3993713999998363
method-095,3,Random,OriginalOrder,100,8,1265,93.2,1265,93.2,1423,19.7,0.0,73.5,73.5,0.0,4.0500000068277586e-05,1.999999312829459e-07,0.5031707000000551
method-095,4,Random,OriginalOrder,100,8,1265,79.4,1277,79.4,4103,17.3,0.0,62.10000000000001,62.10000000000001,0.0,4.709999984697788e-05,3.000000106112566e-07,0.5419104999998581
method-095,5,Random,OriginalOrder,100,8,1265,96.6,1277,96.6,985,32.4,0.0,64.19999999999999,64.19999999999999,0.0,5.959999998594867e-05,2.0000015865662135e-07,0.4447069000000283
method-095,6,Random,OriginalOrder,100,8,1265,85.7,1265,85.7,1126,5.8,0.0,79.9,79.9,0.0,4.2200000052616815e-05,3.000000106112566e-07,0.562421699999959
method-095,7,Random,OriginalOrder,100,8,1265,71.9,1265,71.9,11796,15.7,0.0,56.2,56.2,0.0,4.910000006930204e-05,1.999999312829459e-07,0.3899619999999686
method-095,8,Random,OriginalOrder,100,8,1265,91.4,1277,91.4,679,9.0,0.0,82.4,82.4,0.0,4.979999994247919e-05,2.0000015865662135e-07,0.36714919999985796
method-095,9,Random,OriginalOrder,100,8,1265,69.1,1265,69.1,1140,26.8,0.0,42.3,42.3,0.0,3.9600000036443816e-05,2.0000015865662135e-07,0.3686142000001382
method-095,10,Random,OriginalOrder,100,8,1265,88.6,1265,88.6,4824,11.4,0.0,77.19999999999999,77.19999999999999,0.0,3.8599999925281736e-05,4.0000008993956726e-07,0.4657369000001381
method-096,1,Random,MarginalGainPredictor,100,8,1265,85.1,1265,85.1,1265,85.1,0.0,0.0,0.0,0.0,5.1799999937429675e-05,0.00035460000003695313,0.375639000000092
method-096,2,Random,MarginalGainPredictor,100,8,3519,54.6,228,51.4,410,47.3,3.200000000000003,4.100000000000001,7.300000000000004,0.0,3.889999993589299e-05,0.0004963000001225737,0.4705397999998695
method-096,3,Random,MarginalGainPredictor,100,8,3519,58.3,1807,44.0,1807,44.0,14.299999999999997,0.0,14.299999999999997,0.0,3.399999991415825e-05,0.000518499999998312,0.4846136999999544
method-096,4,Random,MarginalGainPredictor,100,8,228,49.6,5753,37.3,985,31.9,12.300000000000004,5.399999999999999,17.700000000000003,0.0,4.639999997380073e-05,0.0007487000000310218,0.3837836000000152
method-096,5,Random,MarginalGainPredictor,100,8,228,59.6,228,59.6,310,44.1,0.0,15.5,15.5,0.0,4.450000005817856e-05,0.0005937000000812986,0.5349860000001172
method-096,6,Random,MarginalGainPredictor,100,8,3519,52.6,892,40.0,820,15.7,12.600000000000001,24.3,36.900000000000006,3.552713678800501e-15,4.319999993640522e-05,0.0007447000000411208,0.54412769999999
method-096,7,Random,MarginalGainPredictor,100,8,3519,52.4,3519,52.4,1277,0.0,0.0,52.4,52.4,0.0,3.990000004705507e-05,0.0012408000000050379,0.352505100000144
method-096,8,Random,MarginalGainPredictor,100,8,228,55.1,3519,48.4,2216,29.1,6.700000000000003,19.299999999999997,26.0,0.0,3.8499999845953425e-05,0.0012902000000849512,0.4493204999998852
method-096,9,Random,MarginalGainPredictor,100,8,228,62.5,3519,54.7,7995,13.8,7.799999999999997,40.900000000000006,48.7,0.0,4.009999997833802e-05,0.0013684999998986314,0.45722619999992276
method-096,10,Random,MarginalGainPredictor,100,8,228,54.5,892,31.7,1249,9.0,22.8,22.7,45.5,0.0,3.969999988839845e-05,0.001366999999845575,0.4592594000000645
method-097,1,Random,OriginalOrder,10,9,1265,85.1,1443,25.2,6159,8.3,59.89999999999999,16.9,76.8,7.105427357601002e-15,3.509999987727497e-05,1.0000007932831068e-07,0.375639000000092
method-097,2,Random,OriginalOrder,10,9,1265,87.5,5753,44.0,12380,3.5,43.5,40.5,84.0,0.0,4.430000012689561e-05,1.999999312829459e-07,0.39709659999994074
method-097,3,Random,OriginalOrder,10,9,1265,94.3,3916,45.0,14013,3.5,49.3,41.5,90.8,0.0,4.259999991518271e-05,3.999998625658918e-07,0.3933927999999014
method-097,4,Random,OriginalOrder,10,9,1265,83.4,5753,40.5,5753,40.5,42.900000000000006,0.0,42.900000000000006,0.0,5.889999988539785e-05,4.0000008993956726e-07,0.4392414000001281
method-097,5,Random,OriginalOrder,10,9,1265,94.6,310,46.2,647,29.4,48.39999999999999,16.800000000000004,65.19999999999999,-7.105427357601002e-15,4.049999984090391e-05,3.000000106112566e-07,0.45137339999996584
method-097,6,Random,OriginalOrder,10,9,1265,86.0,3519,21.6,2455,10.7,64.4,10.900000000000002,75.3,-1.0658141036401503e-14,5.449999980555731e-05,1.999999312829459e-07,0.4502955000000384
method-097,7,Random,OriginalOrder,10,9,1265,81.8,985,33.8,541,6.6,48.0,27.199999999999996,75.2,7.105427357601002e-15,3.9100000094549614e-05,2.0000015865662135e-07,0.45408210000005056
method-097,8,Random,OriginalOrder,10,9,1265,87.2,1244,21.7,916,13.7,65.5,8.0,73.5,0.0,4.8800000058690784e-05,1.999999312829459e-07,0.4187027999998918
method-097,9,Random,OriginalOrder,10,9,1265,61.8,1978,15.2,547,14.6,46.599999999999994,0.5999999999999996,47.199999999999996,1.7763568394002505e-15,3.9299999798458884e-05,2.0000015865662135e-07,0.36646330000007765
method-097,10,Random,OriginalOrder,10,9,1265,76.6,2021,27.1,2034,10.4,49.49999999999999,16.700000000000003,66.19999999999999,-7.105427357601002e-15,3.889999993589299e-05,2.0000015865662135e-07,0.37696120000009614
method-098,1,Random,MarginalGainPredictor,10,9,1265,85.1,1443,25.2,7377,14.7,59.89999999999999,10.5,70.39999999999999,0.0,3.509999987727497e-05,0.00030779999997321283,0.375639000000092
method-098,2,Random,MarginalGainPredictor,10,9,1265,85.2,5753,43.8,5753,43.8,41.400000000000006,0.0,41.400000000000006,0.0,4.219999982524314e-05,0.0012022000000797561,0.4855962000001455
method-098,3,Random,MarginalGainPredictor,10,9,1265,91.5,3916,44.9,7995,28.2,46.6,16.7,63.3,-3.552713678800501e-15,4.3200000163778896e-05,0.0011530999997830804,0.46139709999988554
method-098,4,Random,MarginalGainPredictor,10,9,1265,79.5,892,30.7,892,30.7,48.8,0.0,48.8,0.0,4.250000006322807e-05,0.0011987000000317494,0.516689499999984
method-098,5,Random,MarginalGainPredictor,10,9,1265,89.8,310,44.8,310,44.8,45.0,0.0,45.0,0.0,5.289999990054639e-05,0.0012841000000207714,0.5173641999999745
method-098,6,Random,MarginalGainPredictor,10,9,1265,79.6,9070,31.1,1423,20.6,48.49999999999999,10.5,58.99999999999999,0.0,4.5300000010684016e-05,0.0015204999999696156,0.5096355999999105
method-098,7,Random,MarginalGainPredictor,10,9,1265,74.5,658,28.4,658,28.4,46.1,0.0,46.1,0.0,3.9499999957115506e-05,0.0012174999999388092,0.29947660000016185
method-098,8,Random,MarginalGainPredictor,10,9,1265,85.3,9070,29.3,916,11.7,56.0,17.6,73.6,-7.105427357601002e-15,6.280000002334418e-05,0.0013514999998278654,0.4071398000000954
method-098,9,Random,MarginalGainPredictor,10,9,228,62.1,1818,14.2,1818,14.2,47.900000000000006,0.0,47.900000000000006,0.0,3.879999985656468e-05,0.0012179999998807034,0.40242379999995137
method-098,10,Random,MarginalGainPredictor,10,9,1265,82.3,820,29.7,820,29.7,52.599999999999994,0.0,52.599999999999994,0.0,3.90000000152213e-05,0.001301000000012209,0.4177723000000242
method-099,1,Random,OriginalOrder,20,9,1265,85.1,1443,25.2,6159,8.3,59.89999999999999,16.9,76.8,7.105427357601002e-15,3.509999987727497e-05,9.999985195463523e-08,0.375639000000092
method-099,2,Random,OriginalOrder,20,9,1265,87.5,5753,44.0,12380,3.5,43.5,40.5,84.0,0.0,4.430000012689561e-05,3.000000106112566e-07,0.39709659999994074
method-099,3,Random,OriginalOrder,20,9,1265,94.3,1277,94.3,14013,3.5,0.0,90.8,90.8,0.0,4.259999991518271e-05,1.999999312829459e-07,0.3933927999999014
method-099,4,Random,OriginalOrder,20,9,1265,83.4,3519,44.9,5753,40.5,38.50000000000001,4.399999999999999,42.900000000000006,0.0,5.889999988539785e-05,3.000000106112566e-07,0.4392414000001281
method-099,5,Random,OriginalOrder,20,9,1265,94.6,310,46.2,647,29.4,48.39999999999999,16.800000000000004,65.19999999999999,-7.105427357601002e-15,4.049999984090391e-05,1.999999312829459e-07,0.45137339999996584
method-099,6,Random,OriginalOrder,20,9,1265,86.0,3519,21.6,2455,10.7,64.4,10.900000000000002,75.3,-1.0658141036401503e-14,5.449999980555731e-05,4.999999418942025e-07,0.4502955000000384
method-099,7,Random,OriginalOrder,20,9,1265,81.8,985,33.8,541,6.6,48.0,27.199999999999996,75.2,7.105427357601002e-15,3.9100000094549614e-05,1.999999312829459e-07,0.45408210000005056
method-099,8,Random,OriginalOrder,20,9,1265,87.2,985,26.9,916,13.7,60.300000000000004,13.2,73.5,-3.552713678800501e-15,4.8800000058690784e-05,3.000000106112566e-07,0.4187027999998918
method-099,9,Random,OriginalOrder,20,9,1265,61.8,1249,22.7,547,14.6,39.099999999999994,8.1,47.199999999999996,1.7763568394002505e-15,3.9299999798458884e-05,1.999999312829459e-07,0.36646330000007765
method-099,10,Random,OriginalOrder,20,9,1265,76.6,410,51.7,2034,10.4,24.89999999999999,41.300000000000004,66.19999999999999,-7.105427357601002e-15,3.889999993589299e-05,4.0000008993956726e-07,0.37696120000009614
method-100,1,Random,MarginalGainPredictor,20,9,1265,85.1,1443,25.2,1423,19.7,59.89999999999999,5.5,65.39999999999999,0.0,3.509999987727497e-05,0.00028150000002824527,0.375639000000092
method-100,2,Random,MarginalGainPredictor,20,9,1265,83.5,1807,36.0,1807,36.0,47.5,0.0,47.5,0.0,4.089999993084348e-05,0.0011101999998572865,0.5220739999999751
method-100,3,Random,MarginalGainPredictor,20,9,1265,84.8,1140,32.7,1352,14.2,52.099999999999994,18.500000000000004,70.6,-3.552713678800501e-15,4.1300000020783045e-05,0.0012205000000449218,0.3752458999999817
method-100,4,Random,MarginalGainPredictor,20,9,1265,79.2,1277,79.2,1277,79.2,0.0,0.0,0.0,0.0,4.179999996267725e-05,0.0012772000000040862,0.44759529999987535
method-100,5,Random,MarginalGainPredictor,20,9,228,59.9,985,31.8,985,31.8,28.099999999999998,0.0,28.099999999999998,0.0,4.5999999883861165e-05,0.0012374000000363594,0.4530362000000423
method-100,6,Random,MarginalGainPredictor,20,9,3519,52.8,310,37.6,310,37.6,15.199999999999996,0.0,15.199999999999996,0.0,6.029999985912582e-05,0.0013555999998970947,0.6782752999999957
method-100,7,Random,MarginalGainPredictor,20,9,3519,49.9,181,34.2,3078,22.1,15.699999999999996,12.100000000000001,27.799999999999997,0.0,4.059999992023222e-05,0.0011993999999049265,0.4748715999999149
method-100,8,Random,MarginalGainPredictor,20,9,228,55.7,892,35.5,2216,29.1,20.200000000000003,6.399999999999999,26.6,0.0,3.9499999957115506e-05,0.0012080000001333246,0.36887290000004214
method-100,9,Random,MarginalGainPredictor,20,9,228,62.5,2122,28.8,1255,8.2,33.7,20.6,54.3,-7.105427357601002e-15,3.990000004705507e-05,0.0012756000000990753,0.3776316000000861
method-100,10,Random,MarginalGainPredictor,20,9,228,54.4,892,31.7,916,9.2,22.7,22.5,45.2,3.552713678800501e-15,3.940000010516087e-05,0.0012239000000136002,0.36507349999988037
method-101,1,Random,OriginalOrder,50,9,1265,85.1,1439,35.5,6159,8.3,49.599999999999994,27.2,76.8,3.552713678800501e-15,3.509999987727497e-05,1.0000007932831068e-07,0.375639000000092
method-101,2,Random,OriginalOrder,50,9,1265,87.5,5753,44.0,12380,3.5,43.5,40.5,84.0,0.0,4.430000012689561e-05,1.999999312829459e-07,0.39709659999994074
method-101,3,Random,OriginalOrder,50,9,1265,94.3,1277,94.3,14013,3.5,0.0,90.8,90.8,0.0,4.259999991518271e-05,1.999999312829459e-07,0.3933927999999014
method-101,4,Random,OriginalOrder,50,9,1265,83.4,3519,44.9,5753,40.5,38.50000000000001,4.399999999999999,42.900000000000006,0.0,5.889999988539785e-05,1.999999312829459e-07,0.4392414000001281
method-101,5,Random,OriginalOrder,50,9,1265,94.6,310,46.2,647,29.4,48.39999999999999,16.800000000000004,65.19999999999999,-7.105427357601002e-15,4.049999984090391e-05,2.9999978323758114e-07,0.45137339999996584
method-101,6,Random,OriginalOrder,50,9,1265,86.0,1807,47.3,2455,10.7,38.7,36.599999999999994,75.3,0.0,5.449999980555731e-05,1.999999312829459e-07,0.4502955000000384
method-101,7,Random,OriginalOrder,50,9,1265,81.8,1807,36.3,541,6.6,45.5,29.699999999999996,75.2,7.105427357601002e-15,3.9100000094549614e-05,2.0000015865662135e-07,0.45408210000005056
method-101,8,Random,OriginalOrder,50,9,1265,87.2,410,50.4,916,13.7,36.800000000000004,36.7,73.5,-7.105427357601002e-15,4.8800000058690784e-05,3.000000106112566e-07,0.4187027999998918
method-101,9,Random,OriginalOrder,50,9,1265,61.8,1265,61.8,547,14.6,0.0,47.199999999999996,47.199999999999996,0.0,3.9299999798458884e-05,3.000000106112566e-07,0.36646330000007765
method-101,10,Random,OriginalOrder,50,9,1265,76.6,410,51.7,2034,10.4,24.89999999999999,41.300000000000004,66.19999999999999,-7.105427357601002e-15,3.889999993589299e-05,3.000000106112566e-07,0.37696120000009614
method-102,1,Random,MarginalGainPredictor,50,9,1265,85.1,1439,35.5,820,19.0,49.599999999999994,16.5,66.1,0.0,3.509999987727497e-05,0.0003056000000469794,0.375639000000092
method-102,2,Random,MarginalGainPredictor,50,9,1265,87.3,2122,29.5,916,23.3,57.8,6.199999999999999,64.0,3.552713678800501e-15,3.720000017892744e-05,0.0004988000000594184,0.49602459999982784
method-102,3,Random,MarginalGainPredictor,50,9,1265,84.1,1265,84.1,1265,84.1,0.0,0.0,0.0,0.0,4.069999999956053e-05,0.0011134999999740103,0.5146869000000152
method-102,4,Random,MarginalGainPredictor,50,9,228,49.5,310,46.0,310,46.0,3.5,0.0,3.5,0.0,5.29999999798747e-05,0.001279300000078365,0.5874806000001627
method-102,5,Random,MarginalGainPredictor,50,9,228,60.0,5753,41.7,985,30.8,18.299999999999997,10.900000000000002,29.2,0.0,5.170000008547504e-05,0.001186999999845284,0.5369897000000492
method-102,6,Random,MarginalGainPredictor,50,9,3519,53.7,410,36.7,410,36.7,17.0,0.0,17.0,0.0,5.490000012287055e-05,0.001339899999948102,0.5783280999999079
method-102,7,Random,MarginalGainPredictor,50,9,3519,53.1,228,42.6,1277,0.0,10.5,42.6,53.1,0.0,3.90000000152213e-05,0.0012858000000051106,0.352084399999967
method-102,8,Random,MarginalGainPredictor,50,9,228,55.3,7123,41.4,2216,29.1,13.899999999999999,12.299999999999997,26.199999999999996,0.0,4.080000007888884e-05,0.001239899999973204,0.45017460000008214
method-102,9,Random,MarginalGainPredictor,50,9,228,62.5,228,62.5,1249,24.0,0.0,38.5,38.5,0.0,4.260000014255638e-05,0.0012471000000005006,0.46256030000017745
method-102,10,Random,MarginalGainPredictor,50,9,228,55.1,5753,43.8,1423,16.1,11.300000000000004,27.699999999999996,39.0,0.0,3.760000004149333e-05,0.001271500000029846,0.46366439999997056
method-103,1,Random,OriginalOrder,100,9,1265,85.1,1277,85.1,6159,8.3,0.0,76.8,76.8,0.0,3.509999987727497e-05,1.999999312829459e-07,0.375639000000092
method-103,2,Random,OriginalOrder,100,9,1265,87.5,1265,87.5,12380,3.5,0.0,84.0,84.0,0.0,4.430000012689561e-05,1.999999312829459e-07,0.39709659999994074
method-103,3,Random,OriginalOrder,100,9,1265,94.3,1277,94.3,14013,3.5,0.0,90.8,90.8,0.0,4.259999991518271e-05,1.999999312829459e-07,0.3933927999999014
method-103,4,Random,OriginalOrder,100,9,1265,83.4,1265,83.4,5753,40.5,0.0,42.900000000000006,42.900000000000006,0.0,5.889999988539785e-05,3.000000106112566e-07,0.4392414000001281
method-103,5,Random,OriginalOrder,100,9,1265,94.6,310,46.2,647,29.4,48.39999999999999,16.800000000000004,65.19999999999999,-7.105427357601002e-15,4.049999984090391e-05,3.000000106112566e-07,0.45137339999996584
method-103,6,Random,OriginalOrder,100,9,1265,86.0,1277,86.0,2455,10.7,0.0,75.3,75.3,0.0,5.449999980555731e-05,3.000000106112566e-07,0.4502955000000384
method-103,7,Random,OriginalOrder,100,9,1265,81.8,9070,44.4,541,6.6,37.4,37.8,75.2,7.105427357601002e-15,3.9100000094549614e-05,3.000000106112566e-07,0.45408210000005056
method-103,8,Random,OriginalOrder,100,9,1265,87.2,1265,87.2,916,13.7,0.0,73.5,73.5,0.0,4.8800000058690784e-05,3.000000106112566e-07,0.4187027999998918
method-103,9,Random,OriginalOrder,100,9,1265,61.8,1265,61.8,547,14.6,0.0,47.199999999999996,47.199999999999996,0.0,3.9299999798458884e-05,3.000000106112566e-07,0.36646330000007765
method-103,10,Random,OriginalOrder,100,9,1265,76.6,1265,76.6,2034,10.4,0.0,66.19999999999999,66.19999999999999,0.0,3.889999993589299e-05,2.9999978323758114e-07,0.37696120000009614
method-104,1,Random,MarginalGainPredictor,100,9,1265,85.1,1277,85.1,1807,41.3,0.0,43.8,43.8,0.0,3.509999987727497e-05,0.0003533999999945081,0.375639000000092
method-104,2,Random,MarginalGainPredictor,100,9,1265,87.0,1265,87.0,1265,87.0,0.0,0.0,0.0,0.0,3.440000000409782e-05,0.0004789999998138228,0.5060434000001806
method-104,3,Random,MarginalGainPredictor,100,9,3519,57.0,410,45.2,410,45.2,11.799999999999997,0.0,11.799999999999997,0.0,3.5399999887886224e-05,0.00047620000009374053,0.49653049999983523
method-104,4,Random,MarginalGainPredictor,100,9,228,49.6,228,49.6,310,46.2,0.0,3.3999999999999986,3.3999999999999986,0.0,4.910000006930204e-05,0.0006220000000212167,0.5479363999997986
method-104,5,Random,MarginalGainPredictor,100,9,228,59.6,228,59.6,985,30.4,0.0,29.200000000000003,29.200000000000003,0.0,4.1300000020783045e-05,0.0012977999999748135,0.5467968999998902
method-104,6,Random,MarginalGainPredictor,100,9,3519,52.6,228,50.0,1277,0.0,2.6000000000000014,50.0,52.6,0.0,4.360000002634479e-05,0.0014072999999825697,0.5648648000001231
method-104,7,Random,MarginalGainPredictor,100,9,3519,52.6,3519,52.6,820,18.6,0.0,34.0,34.0,0.0,3.930000002583256e-05,0.0013060999999652267,0.453098799999907
method-104,8,Random,MarginalGainPredictor,100,9,228,55.1,228,55.1,2216,29.1,0.0,26.0,26.0,0.0,3.990000004705507e-05,0.0013532000000395783,0.3633634999998776
method-104,9,Random,MarginalGainPredictor,100,9,228,62.5,228,62.5,916,10.2,0.0,52.3,52.3,0.0,3.9100000094549614e-05,0.001500800000030722,0.38015569999993204
method-104,10,Random,MarginalGainPredictor,100,9,228,54.5,228,54.5,1249,9.1,0.0,45.4,45.4,0.0,3.870000000461005e-05,0.0012939999999161955,0.37942120000002433
