step,retriever,ranker,M,repeat,restricted_oracle_node,restricted_oracle_gain,pool_best_node,pool_best_gain,selected_node,selected_gain,candidate_loss,ranking_loss,total_regret,decomposition_error,retrieval_runtime_seconds,reranking_runtime_seconds,gain_evaluation_runtime_seconds
1,Degree,OriginalOrder,10,,1265,85.1,1265,85.1,916,28.0,0.0,57.099999999999994,57.099999999999994,0.0,0.00010530000008657225,4.999999418942025e-07,0.47474560000000565
1,Degree,MarginalGainPredictor,10,,1265,85.1,1265,85.1,1265,85.1,0.0,0.0,0.0,0.0,0.00010530000008657225,0.0024614999999812426,0.47474560000000565
1,Degree,OriginalOrder,20,,1265,85.1,1265,85.1,916,28.0,0.0,57.099999999999994,57.099999999999994,0.0,0.00010530000008657225,8.000001798791345e-07,0.47474560000000565
1,Degree,MarginalGainPredictor,20,,1265,85.1,1265,85.1,1265,85.1,0.0,0.0,0.0,0.0,0.00010530000008657225,0.0008095999999113701,0.47474560000000565
1,Degree,OriginalOrder,50,,1265,85.1,1265,85.1,916,28.0,0.0,57.099999999999994,57.099999999999994,0.0,0.00010530000008657225,3.000000106112566e-07,0.47474560000000565
1,Degree,MarginalGainPredictor,50,,1265,85.1,1265,85.1,1265,85.1,0.0,0.0,0.0,0.0,0.00010530000008657225,0.0010582999998405285,0.47474560000000565
1,Degree,OriginalOrder,100,,1265,85.1,1265,85.1,916,28.0,0.0,57.099999999999994,57.099999999999994,0.0,0.00010530000008657225,1.999999312829459e-07,0.47474560000000565
1,Degree,MarginalGainPredictor,100,,1265,85.1,1265,85.1,1265,85.1,0.0,0.0,0.0,0.0,0.00010530000008657225,0.0007129999999051506,0.47474560000000565
1,DegreeDiscount,OriginalOrder,10,,1265,85.1,1277,85.1,12802,20.9,0.0,64.19999999999999,64.19999999999999,0.0,0.003514700000096127,3.000000106112566e-07,0.47474560000000565
1,DegreeDiscount,MarginalGainPredictor,10,,1265,85.1,1277,85.1,310,47.7,0.0,37.39999999999999,37.39999999999999,0.0,0.003514700000096127,0.000540399999863439,0.47474560000000565
1,DegreeDiscount,OriginalOrder,20,,1265,85.1,1277,85.1,12802,20.9,0.0,64.19999999999999,64.19999999999999,0.0,0.003514700000096127,1.999999312829459e-07,0.47474560000000565
1,DegreeDiscount,MarginalGainPredictor,20,,1265,85.1,1277,85.1,310,47.7,0.0,37.39999999999999,37.39999999999999,0.0,0.003514700000096127,0.0004155999999966298,0.47474560000000565
1,DegreeDiscount,OriginalOrder,50,,1265,85.1,1265,85.1,12802,20.9,0.0,64.19999999999999,64.19999999999999,0.0,0.003514700000096127,2.0000015865662135e-07,0.47474560000000565
1,DegreeDiscount,MarginalGainPredictor,50,,1265,85.1,1265,85.1,1265,85.1,0.0,0.0,0.0,0.0,0.003514700000096127,0.0004453999999896041,0.47474560000000565
1,DegreeDiscount,OriginalOrder,100,,1265,85.1,1265,85.1,12802,20.9,0.0,64.19999999999999,64.19999999999999,0.0,0.003514700000096127,1.999999312829459e-07,0.47474560000000565
1,DegreeDiscount,MarginalGainPredictor,100,,1265,85.1,1265,85.1,1265,85.1,0.0,0.0,0.0,0.0,0.003514700000096127,0.000527500000089276,0.47474560000000565
1,FeatureDQN,OriginalOrder,10,,1265,85.1,905,20.3,2034,15.8,64.8,4.5,69.3,0.0,0.001780800000005911,1.999999312829459e-07,0.47474560000000565
1,FeatureDQN,MarginalGainPredictor,10,,1265,85.1,905,20.3,905,20.3,64.8,0.0,64.8,0.0,0.001780800000005911,0.0004702999999608437,0.47474560000000565
1,FeatureDQN,OriginalOrder,20,,1265,85.1,228,54.0,2034,15.8,31.099999999999994,38.2,69.3,0.0,0.001780800000005911,1.999999312829459e-07,0.47474560000000565
1,FeatureDQN,MarginalGainPredictor,20,,1265,85.1,228,54.0,892,32.5,31.099999999999994,21.5,52.599999999999994,0.0,0.001780800000005911,0.0007419999999456195,0.47474560000000565
1,FeatureDQN,OriginalOrder,50,,1265,85.1,228,54.0,2034,15.8,31.099999999999994,38.2,69.3,0.0,0.001780800000005911,2.0000015865662135e-07,0.47474560000000565
1,FeatureDQN,MarginalGainPredictor,50,,1265,85.1,228,54.0,916,28.0,31.099999999999994,26.0,57.099999999999994,0.0,0.001780800000005911,0.0004546000000118511,0.47474560000000565
1,FeatureDQN,OriginalOrder,100,,1265,85.1,228,54.0,2034,15.8,31.099999999999994,38.2,69.3,0.0,0.001780800000005911,2.0000015865662135e-07,0.47474560000000565
1,FeatureDQN,MarginalGainPredictor,100,,1265,85.1,228,54.0,916,28.0,31.099999999999994,26.0,57.099999999999994,0.0,0.001780800000005911,0.0004432999999153253,0.47474560000000565
1,Random,OriginalOrder,10,0,1265,85.1,1277,85.1,2368,10.4,0.0,74.69999999999999,74.69999999999999,0.0,5.8500000022831955e-05,2.0000015865662135e-07,0.47474560000000565
1,Random,MarginalGainPredictor,10,0,1265,85.1,1277,85.1,310,47.7,0.0,37.39999999999999,37.39999999999999,0.0,5.8500000022831955e-05,0.00038889999996172264,0.47474560000000565
1,Random,OriginalOrder,20,0,1265,85.1,1277,85.1,2368,10.4,0.0,74.69999999999999,74.69999999999999,0.0,5.8500000022831955e-05,1.999999312829459e-07,0.47474560000000565
1,Random,MarginalGainPredictor,20,0,1265,85.1,1277,85.1,310,47.7,0.0,37.39999999999999,37.39999999999999,0.0,5.8500000022831955e-05,0.00037380000003395253,0.47474560000000565
1,Random,OriginalOrder,50,0,1265,85.1,1277,85.1,2368,10.4,0.0,74.69999999999999,74.69999999999999,0.0,5.8500000022831955e-05,1.999999312829459e-07,0.47474560000000565
1,Random,MarginalGainPredictor,50,0,1265,85.1,1277,85.1,310,47.7,0.0,37.39999999999999,37.39999999999999,0.0,5.8500000022831955e-05,0.00042540000004009926,0.47474560000000565
1,Random,OriginalOrder,100,0,1265,85.1,1277,85.1,2368,10.4,0.0,74.69999999999999,74.69999999999999,0.0,5.8500000022831955e-05,1.999999312829459e-07,0.47474560000000565
1,Random,MarginalGainPredictor,100,0,1265,85.1,1277,85.1,310,47.7,0.0,37.39999999999999,37.39999999999999,0.0,5.8500000022831955e-05,0.00043170000003556197,0.47474560000000565
1,Random,OriginalOrder,10,1,1265,85.1,228,54.0,118,12.8,31.099999999999994,41.2,72.3,0.0,4.939999985253962e-05,1.999999312829459e-07,0.47474560000000565
1,Random,MarginalGainPredictor,10,1,1265,85.1,228,54.0,6314,14.9,31.099999999999994,39.1,70.19999999999999,-7.105427357601002e-15,4.939999985253962e-05,0.0003767999999126914,0.47474560000000565
1,Random,OriginalOrder,20,1,1265,85.1,228,54.0,118,12.8,31.099999999999994,41.2,72.3,0.0,4.939999985253962e-05,1.999999312829459e-07,0.47474560000000565
1,Random,MarginalGainPredictor,20,1,1265,85.1,228,54.0,6314,14.9,31.099999999999994,39.1,70.19999999999999,-7.105427357601002e-15,4.939999985253962e-05,0.00036299999987932097,0.47474560000000565
1,Random,OriginalOrder,50,1,1265,85.1,1265,85.1,118,12.8,0.0,72.3,72.3,0.0,4.939999985253962e-05,2.0000015865662135e-07,0.47474560000000565
1,Random,MarginalGainPredictor,50,1,1265,85.1,1265,85.1,1265,85.1,0.0,0.0,0.0,0.0,4.939999985253962e-05,0.00042480000001887674,0.47474560000000565
1,Random,OriginalOrder,100,1,1265,85.1,1265,85.1,118,12.8,0.0,72.3,72.3,0.0,4.939999985253962e-05,1.0000007932831068e-07,0.47474560000000565
1,Random,MarginalGainPredictor,100,1,1265,85.1,1265,85.1,1265,85.1,0.0,0.0,0.0,0.0,4.939999985253962e-05,0.0007126000000425847,0.47474560000000565
1,Random,OriginalOrder,10,2,1265,85.1,2216,34.6,181,26.9,50.49999999999999,7.700000000000003,58.199999999999996,0.0,4.73000000056345e-05,1.0000007932831068e-07,0.47474560000000565
1,Random,MarginalGainPredictor,10,2,1265,85.1,2216,34.6,2216,34.6,50.49999999999999,0.0,50.49999999999999,0.0,4.73000000056345e-05,0.0005661000000145577,0.47474560000000565
1,Random,OriginalOrder,20,2,1265,85.1,2216,34.6,181,26.9,50.49999999999999,7.700000000000003,58.199999999999996,0.0,4.73000000056345e-05,1.999999312829459e-07,0.47474560000000565
1,Random,MarginalGainPredictor,20,2,1265,85.1,2216,34.6,2216,34.6,50.49999999999999,0.0,50.49999999999999,0.0,4.73000000056345e-05,0.00036720000002787856,0.47474560000000565
1,Random,OriginalOrder,50,2,1265,85.1,2216,34.6,181,26.9,50.49999999999999,7.700000000000003,58.199999999999996,0.0,4.73000000056345e-05,1.999999312829459e-07,0.47474560000000565
1,Random,MarginalGainPredictor,50,2,1265,85.1,2216,34.6,2216,34.6,50.49999999999999,0.0,50.49999999999999,0.0,4.73000000056345e-05,0.0004037999999582098,0.47474560000000565
1,Random,OriginalOrder,100,2,1265,85.1,2216,34.6,181,26.9,50.49999999999999,7.700000000000003,58.199999999999996,0.0,4.73000000056345e-05,1.999999312829459e-07,0.47474560000000565
1,Random,MarginalGainPredictor,100,2,1265,85.1,2216,34.6,2216,34.6,50.49999999999999,0.0,50.49999999999999,0.0,4.73000000056345e-05,0.000425100000029488,0.47474560000000565
1,Random,OriginalOrder,10,3,1265,85.1,5753,44.8,985,30.1,40.3,14.699999999999996,54.99999999999999,0.0,4.5999999883861165e-05,1.999999312829459e-07,0.47474560000000565
1,Random,MarginalGainPredictor,10,3,1265,85.1,5753,44.8,985,30.1,40.3,14.699999999999996,54.99999999999999,0.0,4.5999999883861165e-05,0.0003767000000607368,0.47474560000000565
1,Random,OriginalOrder,20,3,1265,85.1,5753,44.8,985,30.1,40.3,14.699999999999996,54.99999999999999,0.0,4.5999999883861165e-05,2.0000015865662135e-07,0.47474560000000565
1,Random,MarginalGainPredictor,20,3,1265,85.1,5753,44.8,985,30.1,40.3,14.699999999999996,54.99999999999999,0.0,4.5999999883861165e-05,0.0003623000000061438,0.47474560000000565
1,Random,OriginalOrder,50,3,1265,85.1,1277,85.1,985,30.1,0.0,54.99999999999999,54.99999999999999,0.0,4.5999999883861165e-05,1.999999312829459e-07,0.47474560000000565
1,Random,MarginalGainPredictor,50,3,1265,85.1,1277,85.1,410,51.7,0.0,33.39999999999999,33.39999999999999,0.0,4.5999999883861165e-05,0.0004063999999743828,0.47474560000000565
1,Random,OriginalOrder,100,3,1265,85.1,1277,85.1,985,30.1,0.0,54.99999999999999,54.99999999999999,0.0,4.5999999883861165e-05,2.0000015865662135e-07,0.47474560000000565
1,Random,MarginalGainPredictor,100,3,1265,85.1,1277,85.1,410,51.7,0.0,33.39999999999999,33.39999999999999,0.0,4.5999999883861165e-05,0.00043039999991378863,0.47474560000000565
1,Random,OriginalOrder,10,4,1265,85.1,5454,22.6,5454,22.6,62.49999999999999,0.0,62.49999999999999,0.0,4.590000003190653e-05,9.999985195463523e-08,0.47474560000000565
1,Random,MarginalGainPredictor,10,4,1265,85.1,5454,22.6,1255,10.1,62.49999999999999,12.500000000000002,75.0,5.329070518200751e-15,4.590000003190653e-05,0.00035509999997884734,0.47474560000000565
1,Random,OriginalOrder,20,4,1265,85.1,830,26.2,5454,22.6,58.89999999999999,3.599999999999998,62.49999999999999,3.552713678800501e-15,4.590000003190653e-05,2.0000015865662135e-07,0.47474560000000565
1,Random,MarginalGainPredictor,20,4,1265,85.1,830,26.2,820,19.0,58.89999999999999,7.199999999999999,66.1,3.552713678800501e-15,4.590000003190653e-05,0.00043110000001433946,0.47474560000000565
1,Random,OriginalOrder,50,4,1265,85.1,228,54.0,5454,22.6,31.099999999999994,31.4,62.49999999999999,0.0,4.590000003190653e-05,1.999999312829459e-07,0.47474560000000565
1,Random,MarginalGainPredictor,50,4,1265,85.1,228,54.0,410,51.7,31.099999999999994,2.299999999999997,33.39999999999999,0.0,4.590000003190653e-05,0.0003871000001254288,0.47474560000000565
1,Random,OriginalOrder,100,4,1265,85.1,1277,85.1,5454,22.6,0.0,62.49999999999999,62.49999999999999,0.0,4.590000003190653e-05,2.0000015865662135e-07,0.47474560000000565
1,Random,MarginalGainPredictor,100,4,1265,85.1,1277,85.1,410,51.7,0.0,33.39999999999999,33.39999999999999,0.0,4.590000003190653e-05,0.0004480000000057771,0.47474560000000565
1,Random,OriginalOrder,10,5,1265,85.1,410,51.7,189,17.6,33.39999999999999,34.1,67.5,7.105427357601002e-15,4.659999990508368e-05,9.999985195463523e-08,0.47474560000000565
1,Random,MarginalGainPredictor,10,5,1265,85.1,410,51.7,410,51.7,33.39999999999999,0.0,33.39999999999999,0.0,4.659999990508368e-05,0.0005846999999903346,0.47474560000000565
1,Random,OriginalOrder,20,5,1265,85.1,410,51.7,189,17.6,33.39999999999999,34.1,67.5,7.105427357601002e-15,4.659999990508368e-05,1.0000007932831068e-07,0.47474560000000565
1,Random,MarginalGainPredictor,20,5,1265,85.1,410,51.7,410,51.7,33.39999999999999,0.0,33.39999999999999,0.0,4.659999990508368e-05,0.000627300000132891,0.47474560000000565
1,Random,OriginalOrder,50,5,1265,85.1,1265,85.1,189,17.6,0.0,67.5,67.5,0.0,4.659999990508368e-05,1.999999312829459e-07,0.47474560000000565
1,Random,MarginalGainPredictor,50,5,1265,85.1,1265,85.1,1265,85.1,0.0,0.0,0.0,0.0,4.659999990508368e-05,0.0004179000000021915,0.47474560000000565
1,Random,OriginalOrder,100,5,1265,85.1,1265,85.1,189,17.6,0.0,67.5,67.5,0.0,4.659999990508368e-05,1.999999312829459e-07,0.47474560000000565
1,Random,MarginalGainPredictor,100,5,1265,85.1,1265,85.1,1265,85.1,0.0,0.0,0.0,0.0,4.659999990508368e-05,0.0005459999999857246,0.47474560000000565
1,Random,OriginalOrder,10,6,1265,85.1,985,30.1,1352,9.2,54.99999999999999,20.900000000000002,75.89999999999999,-3.552713678800501e-15,4.650000005312904e-05,1.999999312829459e-07,0.47474560000000565
1,Random,MarginalGainPredictor,10,6,1265,85.1,985,30.1,985,30.1,54.99999999999999,0.0,54.99999999999999,0.0,4.650000005312904e-05,0.0003573999999844091,0.47474560000000565
1,Random,OriginalOrder,20,6,1265,85.1,985,30.1,1352,9.2,54.99999999999999,20.900000000000002,75.89999999999999,-3.552713678800501e-15,4.650000005312904e-05,1.999999312829459e-07,0.47474560000000565
1,Random,MarginalGainPredictor,20,6,1265,85.1,985,30.1,985,30.1,54.99999999999999,0.0,54.99999999999999,0.0,4.650000005312904e-05,0.0003492000000733242,0.47474560000000565
1,Random,OriginalOrder,50,6,1265,85.1,985,30.1,1352,9.2,54.99999999999999,20.900000000000002,75.89999999999999,-3.552713678800501e-15,4.650000005312904e-05,1.999999312829459e-07,0.47474560000000565
1,Random,MarginalGainPredictor,50,6,1265,85.1,985,30.1,985,30.1,54.99999999999999,0.0,54.99999999999999,0.0,4.650000005312904e-05,0.00039630000014767575,0.47474560000000565
1,Random,OriginalOrder,100,6,1265,85.1,1277,85.1,1352,9.2,0.0,75.89999999999999,75.89999999999999,0.0,4.650000005312904e-05,1.0000007932831068e-07,0.47474560000000565
1,Random,MarginalGainPredictor,100,6,1265,85.1,1277,85.1,410,51.7,0.0,33.39999999999999,33.39999999999999,0.0,4.650000005312904e-05,0.0004136000000016793,0.47474560000000565
1,Random,OriginalOrder,10,7,1265,85.1,647,28.4,475,17.4,56.699999999999996,11.0,67.69999999999999,-7.105427357601002e-15,4.590000003190653e-05,1.0000007932831068e-07,0.47474560000000565
1,Random,MarginalGainPredictor,10,7,1265,85.1,647,28.4,1352,9.2,56.699999999999996,19.2,75.89999999999999,-3.552713678800501e-15,4.590000003190653e-05,0.0005527000000711269,0.47474560000000565
1,Random,OriginalOrder,20,7,1265,85.1,5753,44.8,475,17.4,40.3,27.4,67.69999999999999,-7.105427357601002e-15,4.590000003190653e-05,1.999999312829459e-07,0.47474560000000565
1,Random,MarginalGainPredictor,20,7,1265,85.1,5753,44.8,1439,35.5,40.3,9.299999999999997,49.599999999999994,0.0,4.590000003190653e-05,0.0004624000000603701,0.47474560000000565
1,Random,OriginalOrder,50,7,1265,85.1,228,54.0,475,17.4,31.099999999999994,36.6,67.69999999999999,-7.105427357601002e-15,4.590000003190653e-05,2.0000015865662135e-07,0.47474560000000565
1,Random,MarginalGainPredictor,50,7,1265,85.1,228,54.0,820,19.0,31.099999999999994,35.0,66.1,0.0,4.590000003190653e-05,0.0004890999998679035,0.47474560000000565
1,Random,OriginalOrder,100,7,1265,85.1,1265,85.1,475,17.4,0.0,67.69999999999999,67.69999999999999,0.0,4.590000003190653e-05,9.999985195463523e-08,0.47474560000000565
1,Random,MarginalGainPredictor,100,7,1265,85.1,1265,85.1,1265,85.1,0.0,0.0,0.0,0.0,4.590000003190653e-05,0.0004266999999344989,0.47474560000000565
1,Random,OriginalOrder,10,8,1265,85.1,2216,34.6,4934,25.2,50.49999999999999,9.400000000000002,59.89999999999999,-3.552713678800501e-15,4.180000019005092e-05,1.0000007932831068e-07,0.47474560000000565
1,Random,MarginalGainPredictor,10,8,1265,85.1,2216,34.6,2216,34.6,50.49999999999999,0.0,50.49999999999999,0.0,4.180000019005092e-05,0.0006252000000586122,0.47474560000000565
1,Random,OriginalOrder,20,8,1265,85.1,1807,41.3,4934,25.2,43.8,16.099999999999998,59.89999999999999,-3.552713678800501e-15,4.180000019005092e-05,1.999999312829459e-07,0.47474560000000565
1,Random,MarginalGainPredictor,20,8,1265,85.1,1807,41.3,1807,41.3,43.8,0.0,43.8,0.0,4.180000019005092e-05,0.00047410000001946173,0.47474560000000565
1,Random,OriginalOrder,50,8,1265,85.1,228,54.0,4934,25.2,31.099999999999994,28.8,59.89999999999999,-3.552713678800501e-15,4.180000019005092e-05,3.000000106112566e-07,0.47474560000000565
1,Random,MarginalGainPredictor,50,8,1265,85.1,228,54.0,1807,41.3,31.099999999999994,12.700000000000003,43.8,0.0,4.180000019005092e-05,0.00041200000009666837,0.47474560000000565
1,Random,OriginalOrder,100,8,1265,85.1,1265,85.1,4934,25.2,0.0,59.89999999999999,59.89999999999999,0.0,4.180000019005092e-05,1.999999312829459e-07,0.47474560000000565
1,Random,MarginalGainPredictor,100,8,1265,85.1,1265,85.1,1265,85.1,0.0,0.0,0.0,0.0,4.180000019005092e-05,0.000623199999836288,0.47474560000000565
1,Random,OriginalOrder,10,9,1265,85.1,1443,25.2,6159,8.3,59.89999999999999,16.9,76.8,7.105427357601002e-15,4.73000000056345e-05,1.999999312829459e-07,0.47474560000000565
1,Random,MarginalGainPredictor,10,9,1265,85.1,1443,25.2,7377,14.7,59.89999999999999,10.5,70.39999999999999,0.0,4.73000000056345e-05,0.0003649000000223168,0.47474560000000565
1,Random,OriginalOrder,20,9,1265,85.1,1443,25.2,6159,8.3,59.89999999999999,16.9,76.8,7.105427357601002e-15,4.73000000056345e-05,3.000000106112566e-07,0.47474560000000565
1,Random,MarginalGainPredictor,20,9,1265,85.1,1443,25.2,1423,19.7,59.89999999999999,5.5,65.39999999999999,0.0,4.73000000056345e-05,0.00036240000008547213,0.47474560000000565
1,Random,OriginalOrder,50,9,1265,85.1,1439,35.5,6159,8.3,49.599999999999994,27.2,76.8,3.552713678800501e-15,4.73000000056345e-05,1.999999312829459e-07,0.47474560000000565
1,Random,MarginalGainPredictor,50,9,1265,85.1,1439,35.5,820,19.0,49.599999999999994,16.5,66.1,0.0,4.73000000056345e-05,0.00043519999985619506,0.47474560000000565
1,Random,OriginalOrder,100,9,1265,85.1,1277,85.1,6159,8.3,0.0,76.8,76.8,0.0,4.73000000056345e-05,2.0000015865662135e-07,0.47474560000000565
1,Random,MarginalGainPredictor,100,9,1265,85.1,1277,85.1,1807,41.3,0.0,43.8,43.8,0.0,4.73000000056345e-05,0.00044309999998404237,0.47474560000000565
2,Degree,OriginalOrder,10,,3519,54.6,410,47.3,916,21.9,7.300000000000004,25.4,32.7,0.0,8.860000002641755e-05,2.0000015865662135e-07,0.41114809999999125
2,Degree,MarginalGainPredictor,10,,3519,54.6,410,47.3,410,47.3,7.300000000000004,0.0,7.300000000000004,0.0,8.860000002641755e-05,0.001210399999990841,0.41114809999999125
2,Degree,OriginalOrder,20,,3519,54.6,410,47.3,916,21.9,7.300000000000004,25.4,32.7,0.0,8.860000002641755e-05,1.999999312829459e-07,0.41114809999999125
2,Degree,MarginalGainPredictor,20,,3519,54.6,410,47.3,410,47.3,7.300000000000004,0.0,7.300000000000004,0.0,8.860000002641755e-05,0.0004801999998562678,0.41114809999999125
2,Degree,OriginalOrder,50,,3519,54.6,228,51.4,916,21.9,3.200000000000003,29.5,32.7,0.0,8.860000002641755e-05,1.999999312829459e-07,0.41114809999999125
2,Degree,MarginalGainPredictor,50,,3519,54.6,228,51.4,410,47.3,3.200000000000003,4.100000000000001,7.300000000000004,0.0,8.860000002641755e-05,0.0005069999999705033,0.41114809999999125
2,Degree,OriginalOrder,100,,3519,54.6,3519,54.6,916,21.9,0.0,32.7,32.7,0.0,8.860000002641755e-05,1.999999312829459e-07,0.41114809999999125
2,Degree,MarginalGainPredictor,100,,3519,54.6,3519,54.6,410,47.3,0.0,7.300000000000004,7.300000000000004,0.0,8.860000002641755e-05,0.0005009999999856518,0.41114809999999125
2,DegreeDiscount,OriginalOrder,10,,3519,54.6,310,39.5,12802,22.0,15.100000000000001,17.5,32.6,0.0,0.0026467000000138796,4.0000008993956726e-07,0.41114809999999125
2,DegreeDiscount,MarginalGainPredictor,10,,3519,54.6,310,39.5,310,39.5,15.100000000000001,0.0,15.100000000000001,0.0,0.0026467000000138796,0.0007033999997929641,0.41114809999999125
2,DegreeDiscount,OriginalOrder,20,,3519,54.6,310,39.5,12802,22.0,15.100000000000001,17.5,32.6,0.0,0.0026467000000138796,2.0000015865662135e-07,0.41114809999999125
2,DegreeDiscount,MarginalGainPredictor,20,,3519,54.6,310,39.5,310,39.5,15.100000000000001,0.0,15.100000000000001,0.0,0.0026467000000138796,0.00038989999984551105,0.41114809999999125
2,DegreeDiscount,OriginalOrder,50,,3519,54.6,410,47.3,12802,22.0,7.300000000000004,25.299999999999997,32.6,0.0,0.0026467000000138796,2.0000015865662135e-07,0.41114809999999125
2,DegreeDiscount,MarginalGainPredictor,50,,3519,54.6,410,47.3,410,47.3,7.300000000000004,0.0,7.300000000000004,0.0,0.0026467000000138796,0.0004089999999905558,0.41114809999999125
2,DegreeDiscount,OriginalOrder,100,,3519,54.6,3519,54.6,12802,22.0,0.0,32.6,32.6,0.0,0.0026467000000138796,1.999999312829459e-07,0.41114809999999125
2,DegreeDiscount,MarginalGainPredictor,100,,3519,54.6,3519,54.6,410,47.3,0.0,7.300000000000004,7.300000000000004,0.0,0.0026467000000138796,0.00043819999996230763,0.41114809999999125
2,FeatureDQN,OriginalOrder,10,,3519,54.6,461,12.5,2034,5.3,42.1,7.2,49.300000000000004,2.6645352591003757e-15,0.0008559999998851708,2.0000015865662135e-07,0.41114809999999125
2,FeatureDQN,MarginalGainPredictor,10,,3519,54.6,461,12.5,905,10.8,42.1,1.6999999999999993,43.8,-3.552713678800501e-15,0.0008559999998851708,0.0003658999999061052,0.41114809999999125
2,FeatureDQN,OriginalOrder,20,,3519,54.6,228,51.4,2034,5.3,3.200000000000003,46.1,49.300000000000004,0.0,0.0008559999998851708,1.999999312829459e-07,0.41114809999999125
2,FeatureDQN,MarginalGainPredictor,20,,3519,54.6,228,51.4,892,37.2,3.200000000000003,14.199999999999996,17.4,0.0,0.0008559999998851708,0.0003684999999222782,0.41114809999999125
2,FeatureDQN,OriginalOrder,50,,3519,54.6,228,51.4,2034,5.3,3.200000000000003,46.1,49.300000000000004,0.0,0.0008559999998851708,1.0000007932831068e-07,0.41114809999999125
2,FeatureDQN,MarginalGainPredictor,50,,3519,54.6,228,51.4,916,21.9,3.200000000000003,29.5,32.7,0.0,0.0008559999998851708,0.0005589999998392159,0.41114809999999125
2,FeatureDQN,OriginalOrder,100,,3519,54.6,228,51.4,2034,5.3,3.200000000000003,46.1,49.300000000000004,0.0,0.0008559999998851708,2.0000015865662135e-07,0.41114809999999125
2,FeatureDQN,MarginalGainPredictor,100,,3519,54.6,228,51.4,916,21.9,3.200000000000003,29.5,32.7,0.0,0.0008559999998851708,0.000537799999847266,0.41114809999999125
2,Random,OriginalOrder,10,0,3519,54.6,12802,22.0,12802,22.0,32.6,0.0,32.6,0.0,4.3200000163778896e-05,1.0000007932831068e-07,0.41114809999999125
2,Random,MarginalGainPredictor,10,0,3519,54.6,12802,22.0,1978,11.3,32.6,10.7,43.3,-3.552713678800501e-15,4.3200000163778896e-05,0.00035669999988385825,0.41114809999999125
2,Random,OriginalOrder,20,0,3519,54.6,2054,25.9,12802,22.0,28.700000000000003,3.8999999999999986,32.6,0.0,4.3200000163778896e-05,1.0000007932831068e-07,0.41114809999999125
2,Random,MarginalGainPredictor,20,0,3519,54.6,2054,25.9,1978,11.3,28.700000000000003,14.599999999999998,43.3,-3.552713678800501e-15,4.3200000163778896e-05,0.00035879999995813705,0.41114809999999125
2,Random,OriginalOrder,50,0,3519,54.6,892,37.2,12802,22.0,17.4,15.200000000000003,32.6,0.0,4.3200000163778896e-05,1.999999312829459e-07,0.41114809999999125
2,Random,MarginalGainPredictor,50,0,3519,54.6,892,37.2,7995,16.8,17.4,20.400000000000002,37.8,-3.552713678800501e-15,4.3200000163778896e-05,0.00040460000013808894,0.41114809999999125
2,Random,OriginalOrder,100,0,3519,54.6,228,51.4,12802,22.0,3.200000000000003,29.4,32.6,0.0,4.3200000163778896e-05,2.0000015865662135e-07,0.41114809999999125
2,Random,MarginalGainPredictor,100,0,3519,54.6,228,51.4,310,39.5,3.200000000000003,11.899999999999999,15.100000000000001,0.0,4.3200000163778896e-05,0.0004213999998228246,0.41114809999999125
2,Random,OriginalOrder,10,1,3519,54.6,1439,19.6,72,14.9,35.0,4.700000000000001,39.7,1.7763568394002505e-15,3.429999992476951e-05,9.999985195463523e-08,0.41114809999999125
2,Random,MarginalGainPredictor,10,1,3519,54.6,1439,19.6,1439,19.6,35.0,0.0,35.0,0.0,3.429999992476951e-05,0.0003533999999945081,0.41114809999999125
2,Random,OriginalOrder,20,1,3519,54.6,228,51.4,72,14.9,3.200000000000003,36.5,39.7,0.0,3.429999992476951e-05,1.0000007932831068e-07,0.41114809999999125
2,Random,MarginalGainPredictor,20,1,3519,54.6,228,51.4,1439,19.6,3.200000000000003,31.799999999999997,35.0,0.0,3.429999992476951e-05,0.0004178000001502369,0.41114809999999125
2,Random,OriginalOrder,50,1,3519,54.6,228,51.4,72,14.9,3.200000000000003,36.5,39.7,0.0,3.429999992476951e-05,1.999999312829459e-07,0.41114809999999125
2,Random,MarginalGainPredictor,50,1,3519,54.6,228,51.4,1807,35.6,3.200000000000003,15.799999999999997,19.0,0.0,3.429999992476951e-05,0.00037909999991825316,0.41114809999999125
2,Random,OriginalOrder,100,1,3519,54.6,3519,54.6,72,14.9,0.0,39.7,39.7,0.0,3.429999992476951e-05,1.999999312829459e-07,0.41114809999999125
2,Random,MarginalGainPredictor,100,1,3519,54.6,3519,54.6,410,47.3,0.0,7.300000000000004,7.300000000000004,0.0,3.429999992476951e-05,0.0004227000001719716,0.41114809999999125
2,Random,OriginalOrder,10,2,3519,54.6,6158,15.4,12381,6.7,39.2,8.7,47.9,-3.552713678800501e-15,3.5399999887886224e-05,1.0000007932831068e-07,0.41114809999999125
2,Random,MarginalGainPredictor,10,2,3519,54.6,6158,15.4,2014,11.5,39.2,3.9000000000000004,43.1,-1.7763568394002505e-15,3.5399999887886224e-05,0.0003549000000475644,0.41114809999999125
2,Random,OriginalOrder,20,2,3519,54.6,916,21.9,12381,6.7,32.7,15.2,47.9,-3.552713678800501e-15,3.5399999887886224e-05,2.0000015865662135e-07,0.41114809999999125
2,Random,MarginalGainPredictor,20,2,3519,54.6,916,21.9,916,21.9,32.7,0.0,32.7,0.0,3.5399999887886224e-05,0.00035349999984646274,0.41114809999999125
2,Random,OriginalOrder,50,2,3519,54.6,647,40.8,12381,6.7,13.800000000000004,34.099999999999994,47.9,0.0,3.5399999887886224e-05,1.0000007932831068e-07,0.41114809999999125
2,Random,MarginalGainPredictor,50,2,3519,54.6,647,40.8,916,21.9,13.800000000000004,18.9,32.7,0.0,3.5399999887886224e-05,0.00038130000007186027,0.41114809999999125
2,Random,OriginalOrder,100,2,3519,54.6,647,40.8,12381,6.7,13.800000000000004,34.099999999999994,47.9,0.0,3.5399999887886224e-05,2.0000015865662135e-07,0.41114809999999125
2,Random,MarginalGainPredictor,100,2,3519,54.6,647,40.8,985,35.5,13.800000000000004,5.299999999999997,19.1,0.0,3.5399999887886224e-05,0.00041329999999106803,0.41114809999999125
2,Random,OriginalOrder,10,3,3519,54.6,410,47.3,2442,19.9,7.300000000000004,27.4,34.7,0.0,3.349999997226405e-05,1.999999312829459e-07,0.41114809999999125
2,Random,MarginalGainPredictor,10,3,3519,54.6,410,47.3,410,47.3,7.300000000000004,0.0,7.300000000000004,0.0,3.349999997226405e-05,0.0005385999997997715,0.41114809999999125
2,Random,OriginalOrder,20,3,3519,54.6,410,47.3,2442,19.9,7.300000000000004,27.4,34.7,0.0,3.349999997226405e-05,1.0000007932831068e-07,0.41114809999999125
2,Random,MarginalGainPredictor,20,3,3519,54.6,410,47.3,410,47.3,7.300000000000004,0.0,7.300000000000004,0.0,3.349999997226405e-05,0.0005088999998861254,0.41114809999999125
2,Random,OriginalOrder,50,3,3519,54.6,410,47.3,2442,19.9,7.300000000000004,27.4,34.7,0.0,3.349999997226405e-05,1.0000007932831068e-07,0.41114809999999125
2,Random,MarginalGainPredictor,50,3,3519,54.6,410,47.3,410,47.3,7.300000000000004,0.0,7.300000000000004,0.0,3.349999997226405e-05,0.0003733000000920583,0.41114809999999125
2,Random,OriginalOrder,100,3,3519,54.6,410,47.3,2442,19.9,7.300000000000004,27.4,34.7,0.0,3.349999997226405e-05,9.999985195463523e-08,0.41114809999999125
2,Random,MarginalGainPredictor,100,3,3519,54.6,410,47.3,410,47.3,7.300000000000004,0.0,7.300000000000004,0.0,3.349999997226405e-05,0.00040949999993245,0.41114809999999125
2,Random,OriginalOrder,10,4,3519,54.6,9070,28.3,597,12.5,26.3,15.8,42.1,0.0,3.409999999348656e-05,9.999985195463523e-08,0.41114809999999125
2,Random,MarginalGainPredictor,10,4,3519,54.6,9070,28.3,9070,28.3,26.3,0.0,26.3,0.0,3.409999999348656e-05,0.0003576000001430657,0.41114809999999125
2,Random,OriginalOrder,20,4,3519,54.6,1807,35.6,597,12.5,19.0,23.1,42.1,0.0,3.409999999348656e-05,2.0000015865662135e-07,0.41114809999999125
2,Random,MarginalGainPredictor,20,4,3519,54.6,1807,35.6,1807,35.6,19.0,0.0,19.0,0.0,3.409999999348656e-05,0.00035609999986263574,0.41114809999999125
2,Random,OriginalOrder,50,4,3519,54.6,228,51.4,597,12.5,3.200000000000003,38.9,42.1,0.0,3.409999999348656e-05,1.999999312829459e-07,0.41114809999999125
2,Random,MarginalGainPredictor,50,4,3519,54.6,228,51.4,410,47.3,3.200000000000003,4.100000000000001,7.300000000000004,0.0,3.409999999348656e-05,0.0003778000000238535,0.41114809999999125
2,Random,OriginalOrder,100,4,3519,54.6,228,51.4,597,12.5,3.200000000000003,38.9,42.1,0.0,3.409999999348656e-05,9.999985195463523e-08,0.41114809999999125
2,Random,MarginalGainPredictor,100,4,3519,54.6,228,51.4,410,47.3,3.200000000000003,4.100000000000001,7.300000000000004,0.0,3.409999999348656e-05,0.0007940000000417058,0.41114809999999125
2,Random,OriginalOrder,10,5,3519,54.6,1140,25.1,2854,4.8,29.5,20.3,49.800000000000004,3.552713678800501e-15,5.029999988437339e-05,1.0000007932831068e-07,0.41114809999999125
2,Random,MarginalGainPredictor,10,5,3519,54.6,1140,25.1,597,12.5,29.5,12.600000000000001,42.1,0.0,5.029999988437339e-05,0.0005057000000761036,0.41114809999999125
2,Random,OriginalOrder,20,5,3519,54.6,1140,25.1,2854,4.8,29.5,20.3,49.800000000000004,3.552713678800501e-15,5.029999988437339e-05,2.0000015865662135e-07,0.41114809999999125
2,Random,MarginalGainPredictor,20,5,3519,54.6,1140,25.1,916,21.9,29.5,3.200000000000003,32.7,0.0,5.029999988437339e-05,0.0005569999998442654,0.41114809999999125
2,Random,OriginalOrder,50,5,3519,54.6,892,37.2,2854,4.8,17.4,32.400000000000006,49.800000000000004,0.0,5.029999988437339e-05,1.999999312829459e-07,0.41114809999999125
2,Random,MarginalGainPredictor,50,5,3519,54.6,892,37.2,916,21.9,17.4,15.300000000000004,32.7,0.0,5.029999988437339e-05,0.00046109999993859674,0.41114809999999125
2,Random,OriginalOrder,100,5,3519,54.6,228,51.4,2854,4.8,3.200000000000003,46.6,49.800000000000004,0.0,5.029999988437339e-05,1.999999312829459e-07,0.41114809999999125
2,Random,MarginalGainPredictor,100,5,3519,54.6,228,51.4,410,47.3,3.200000000000003,4.100000000000001,7.300000000000004,0.0,5.029999988437339e-05,0.0004472999999052263,0.41114809999999125
2,Random,OriginalOrder,10,6,3519,54.6,4285,21.1,12375,8.9,33.5,12.200000000000001,45.7,1.7763568394002505e-15,3.489999994599202e-05,1.0000007932831068e-07,0.41114809999999125
2,Random,MarginalGainPredictor,10,6,3519,54.6,4285,21.1,1277,0.0,33.5,21.1,54.6,0.0,3.489999994599202e-05,0.0006156000001737993,0.41114809999999125
2,Random,OriginalOrder,20,6,3519,54.6,1807,35.6,12375,8.9,19.0,26.700000000000003,45.7,0.0,3.489999994599202e-05,1.999999312829459e-07,0.41114809999999125
2,Random,MarginalGainPredictor,20,6,3519,54.6,1807,35.6,1807,35.6,19.0,0.0,19.0,0.0,3.489999994599202e-05,0.00038490000019919535,0.41114809999999125
2,Random,OriginalOrder,50,6,3519,54.6,410,47.3,12375,8.9,7.300000000000004,38.4,45.7,0.0,3.489999994599202e-05,2.0000015865662135e-07,0.41114809999999125
2,Random,MarginalGainPredictor,50,6,3519,54.6,410,47.3,410,47.3,7.300000000000004,0.0,7.300000000000004,0.0,3.489999994599202e-05,0.00039940000010574295,0.41114809999999125
2,Random,OriginalOrder,100,6,3519,54.6,410,47.3,12375,8.9,7.300000000000004,38.4,45.7,0.0,3.489999994599202e-05,2.0000015865662135e-07,0.41114809999999125
2,Random,MarginalGainPredictor,100,6,3519,54.6,410,47.3,410,47.3,7.300000000000004,0.0,7.300000000000004,0.0,3.489999994599202e-05,0.0004495000000588334,0.41114809999999125
2,Random,OriginalOrder,10,7,3519,54.6,1636,19.1,679,10.7,35.5,8.400000000000002,43.900000000000006,3.552713678800501e-15,3.519999995660328e-05,1.999999312829459e-07,0.41114809999999125
2,Random,MarginalGainPredictor,10,7,3519,54.6,1636,19.1,618,18.2,35.5,0.9000000000000021,36.400000000000006,3.552713678800501e-15,3.519999995660328e-05,0.00037290000000211876,0.41114809999999125
2,Random,OriginalOrder,20,7,3519,54.6,410,47.3,679,10.7,7.300000000000004,36.599999999999994,43.900000000000006,7.105427357601002e-15,3.519999995660328e-05,2.0000015865662135e-07,0.41114809999999125
2,Random,MarginalGainPredictor,20,7,3519,54.6,410,47.3,410,47.3,7.300000000000004,0.0,7.300000000000004,0.0,3.519999995660328e-05,0.0003799000000981323,0.41114809999999125
2,Random,OriginalOrder,50,7,3519,54.6,410,47.3,679,10.7,7.300000000000004,36.599999999999994,43.900000000000006,7.105427357601002e-15,3.519999995660328e-05,1.999999312829459e-07,0.41114809999999125
2,Random,MarginalGainPredictor,50,7,3519,54.6,410,47.3,410,47.3,7.300000000000004,0.0,7.300000000000004,0.0,3.519999995660328e-05,0.00043479999999362917,0.41114809999999125
2,Random,OriginalOrder,100,7,3519,54.6,3519,54.6,679,10.7,0.0,43.900000000000006,43.900000000000006,0.0,3.519999995660328e-05,1.999999312829459e-07,0.41114809999999125
2,Random,MarginalGainPredictor,100,7,3519,54.6,3519,54.6,410,47.3,0.0,7.300000000000004,7.300000000000004,0.0,3.519999995660328e-05,0.0004318000001148903,0.41114809999999125
2,Random,OriginalOrder,10,8,3519,54.6,228,51.4,776,7.2,3.200000000000003,44.199999999999996,47.4,0.0,3.399999991415825e-05,1.0000007932831068e-07,0.41114809999999125
2,Random,MarginalGainPredictor,10,8,3519,54.6,228,51.4,1816,15.4,3.200000000000003,36.0,39.2,0.0,3.399999991415825e-05,0.0003756999999495747,0.41114809999999125
2,Random,OriginalOrder,20,8,3519,54.6,228,51.4,776,7.2,3.200000000000003,44.199999999999996,47.4,0.0,3.399999991415825e-05,9.999985195463523e-08,0.41114809999999125
2,Random,MarginalGainPredictor,20,8,3519,54.6,228,51.4,410,47.3,3.200000000000003,4.100000000000001,7.300000000000004,0.0,3.399999991415825e-05,0.00037500000007639755,0.41114809999999125
2,Random,OriginalOrder,50,8,3519,54.6,228,51.4,776,7.2,3.200000000000003,44.199999999999996,47.4,0.0,3.399999991415825e-05,9.999985195463523e-08,0.41114809999999125
2,Random,MarginalGainPredictor,50,8,3519,54.6,228,51.4,410,47.3,3.200000000000003,4.100000000000001,7.300000000000004,0.0,3.399999991415825e-05,0.00039319999996223487,0.41114809999999125
2,Random,OriginalOrder,100,8,3519,54.6,228,51.4,776,7.2,3.200000000000003,44.199999999999996,47.4,0.0,3.399999991415825e-05,9.999985195463523e-08,0.41114809999999125
2,Random,MarginalGainPredictor,100,8,3519,54.6,228,51.4,410,47.3,3.200000000000003,4.100000000000001,7.300000000000004,0.0,3.399999991415825e-05,0.0004604999999173742,0.41114809999999125
2,Random,OriginalOrder,10,9,3519,54.6,9070,28.3,163,5.4,26.3,22.9,49.2,3.552713678800501e-15,3.500000002532033e-05,9.999985195463523e-08,0.41114809999999125
2,Random,MarginalGainPredictor,10,9,3519,54.6,9070,28.3,1816,15.4,26.3,12.9,39.2,1.7763568394002505e-15,3.500000002532033e-05,0.0003834999999980937,0.41114809999999125
2,Random,OriginalOrder,20,9,3519,54.6,1807,35.6,163,5.4,19.0,30.200000000000003,49.2,0.0,3.500000002532033e-05,1.999999312829459e-07,0.41114809999999125
2,Random,MarginalGainPredictor,20,9,3519,54.6,1807,35.6,1807,35.6,19.0,0.0,19.0,0.0,3.500000002532033e-05,0.0003948999999465741,0.41114809999999125
2,Random,OriginalOrder,50,9,3519,54.6,1807,35.6,163,5.4,19.0,30.200000000000003,49.2,0.0,3.500000002532033e-05,1.0000007932831068e-07,0.41114809999999125
2,Random,MarginalGainPredictor,50,9,3519,54.6,1807,35.6,1807,35.6,19.0,0.0,19.0,0.0,3.500000002532033e-05,0.0005112999999710155,0.41114809999999125
2,Random,OriginalOrder,100,9,3519,54.6,228,51.4,163,5.4,3.200000000000003,46.0,49.2,0.0,3.500000002532033e-05,1.0000007932831068e-07,0.41114809999999125
2,Random,MarginalGainPredictor,100,9,3519,54.6,228,51.4,1807,35.6,3.200000000000003,15.799999999999997,19.0,0.0,3.500000002532033e-05,0.00044809999985773175,0.41114809999999125
3,Degree,OriginalOrder,10,,9070,53.2,410,44.5,916,22.9,8.700000000000003,21.6,30.300000000000004,0.0,0.00014260000011745433,1.999999312829459e-07,0.4938068999999814
3,Degree,MarginalGainPredictor,10,,9070,53.2,410,44.5,410,44.5,8.700000000000003,0.0,8.700000000000003,0.0,0.00014260000011745433,0.001022400000010748,0.4938068999999814
3,Degree,OriginalOrder,20,,9070,53.2,410,44.5,916,22.9,8.700000000000003,21.6,30.300000000000004,0.0,0.00014260000011745433,2.0000015865662135e-07,0.4938068999999814
3,Degree,MarginalGainPredictor,20,,9070,53.2,410,44.5,410,44.5,8.700000000000003,0.0,8.700000000000003,0.0,0.00014260000011745433,0.00038059999997130944,0.4938068999999814
3,Degree,OriginalOrder,50,,9070,53.2,228,52.5,916,22.9,0.7000000000000028,29.6,30.300000000000004,0.0,0.00014260000011745433,1.999999312829459e-07,0.4938068999999814
3,Degree,MarginalGainPredictor,50,,9070,53.2,228,52.5,410,44.5,0.7000000000000028,8.0,8.700000000000003,0.0,0.00014260000011745433,0.00038220000010369404,0.4938068999999814
3,Degree,OriginalOrder,100,,9070,53.2,9070,53.2,916,22.9,0.0,30.300000000000004,30.300000000000004,0.0,0.00014260000011745433,2.0000015865662135e-07,0.4938068999999814
3,Degree,MarginalGainPredictor,100,,9070,53.2,9070,53.2,410,44.5,0.0,8.700000000000003,8.700000000000003,0.0,0.00014260000011745433,0.0008793000001787732,0.4938068999999814
3,DegreeDiscount,OriginalOrder,10,,9070,53.2,310,40.0,12802,25.0,13.200000000000003,15.0,28.200000000000003,0.0,0.0019244000000071537,2.0000015865662135e-07,0.4938068999999814
3,DegreeDiscount,MarginalGainPredictor,10,,9070,53.2,310,40.0,310,40.0,13.200000000000003,0.0,13.200000000000003,0.0,0.0019244000000071537,0.0004598000000441971,0.4938068999999814
3,DegreeDiscount,OriginalOrder,20,,9070,53.2,1920,44.8,12802,25.0,8.400000000000006,19.799999999999997,28.200000000000003,0.0,0.0019244000000071537,1.999999312829459e-07,0.4938068999999814
3,DegreeDiscount,MarginalGainPredictor,20,,9070,53.2,1920,44.8,310,40.0,8.400000000000006,4.799999999999997,13.200000000000003,0.0,0.0019244000000071537,0.00038119999999253196,0.4938068999999814
3,DegreeDiscount,OriginalOrder,50,,9070,53.2,9070,53.2,12802,25.0,0.0,28.200000000000003,28.200000000000003,0.0,0.0019244000000071537,9.999985195463523e-08,0.4938068999999814
3,DegreeDiscount,MarginalGainPredictor,50,,9070,53.2,9070,53.2,410,44.5,0.0,8.700000000000003,8.700000000000003,0.0,0.0019244000000071537,0.0003821000000243657,0.4938068999999814
3,DegreeDiscount,OriginalOrder,100,,9070,53.2,9070,53.2,12802,25.0,0.0,28.200000000000003,28.200000000000003,0.0,0.0019244000000071537,2.0000015865662135e-07,0.4938068999999814
3,DegreeDiscount,MarginalGainPredictor,100,,9070,53.2,9070,53.2,410,44.5,0.0,8.700000000000003,8.700000000000003,0.0,0.0019244000000071537,0.0004536999999800173,0.4938068999999814
3,FeatureDQN,OriginalOrder,10,,9070,53.2,4826,15.2,2034,11.6,38.0,3.5999999999999996,41.6,1.7763568394002505e-15,0.0008443000001534529,1.0000007932831068e-07,0.4938068999999814
3,FeatureDQN,MarginalGainPredictor,10,,9070,53.2,4826,15.2,905,13.8,38.0,1.3999999999999986,39.400000000000006,7.105427357601002e-15,0.0008443000001534529,0.0003575000000637374,0.4938068999999814
3,FeatureDQN,OriginalOrder,20,,9070,53.2,228,52.5,2034,11.6,0.7000000000000028,40.9,41.6,0.0,0.0008443000001534529,2.0000015865662135e-07,0.4938068999999814
3,FeatureDQN,MarginalGainPredictor,20,,9070,53.2,228,52.5,892,36.6,0.7000000000000028,15.899999999999999,16.6,0.0,0.0008443000001534529,0.00038440000002992747,0.4938068999999814
3,FeatureDQN,OriginalOrder,50,,9070,53.2,228,52.5,2034,11.6,0.7000000000000028,40.9,41.6,0.0,0.0008443000001534529,1.0000007932831068e-07,0.4938068999999814
3,FeatureDQN,MarginalGainPredictor,50,,9070,53.2,228,52.5,916,22.9,0.7000000000000028,29.6,30.300000000000004,0.0,0.0008443000001534529,0.0008030999999846244,0.4938068999999814
3,FeatureDQN,OriginalOrder,100,,9070,53.2,228,52.5,2034,11.6,0.7000000000000028,40.9,41.6,0.0,0.0008443000001534529,2.0000015865662135e-07,0.4938068999999814
3,FeatureDQN,MarginalGainPredictor,100,,9070,53.2,228,52.5,916,22.9,0.7000000000000028,29.6,30.300000000000004,0.0,0.0008443000001534529,0.000465200000007826,0.4938068999999814
3,Random,OriginalOrder,10,0,9070,53.2,5753,39.9,11244,6.7,13.300000000000004,33.199999999999996,46.5,0.0,3.979999996772676e-05,1.0000007932831068e-07,0.4938068999999814
3,Random,MarginalGainPredictor,10,0,9070,53.2,5753,39.9,5753,39.9,13.300000000000004,0.0,13.300000000000004,0.0,3.979999996772676e-05,0.000596099999938815,0.4938068999999814
3,Random,OriginalOrder,20,0,9070,53.2,5753,39.9,11244,6.7,13.300000000000004,33.199999999999996,46.5,0.0,3.979999996772676e-05,1.999999312829459e-07,0.4938068999999814
3,Random,MarginalGainPredictor,20,0,9070,53.2,5753,39.9,1277,0.0,13.300000000000004,39.9,53.2,0.0,3.979999996772676e-05,0.00037539999993896345,0.4938068999999814
3,Random,OriginalOrder,50,0,9070,53.2,5753,39.9,11244,6.7,13.300000000000004,33.199999999999996,46.5,0.0,3.979999996772676e-05,2.0000015865662135e-07,0.4938068999999814
3,Random,MarginalGainPredictor,50,0,9070,53.2,5753,39.9,985,34.6,13.300000000000004,5.299999999999997,18.6,0.0,3.979999996772676e-05,0.00043580000010479125,0.4938068999999814
3,Random,OriginalOrder,100,0,9070,53.2,1920,44.8,11244,6.7,8.400000000000006,38.099999999999994,46.5,0.0,3.979999996772676e-05,9.999985195463523e-08,0.4938068999999814
3,Random,MarginalGainPredictor,100,0,9070,53.2,1920,44.8,410,44.5,8.400000000000006,0.29999999999999716,8.700000000000003,0.0,3.979999996772676e-05,0.0008342000000993721,0.4938068999999814
3,Random,OriginalOrder,10,1,9070,53.2,5753,39.9,6314,9.4,13.300000000000004,30.5,43.800000000000004,0.0,4.549999994196696e-05,1.999999312829459e-07,0.4938068999999814
3,Random,MarginalGainPredictor,10,1,9070,53.2,5753,39.9,6314,9.4,13.300000000000004,30.5,43.800000000000004,0.0,4.549999994196696e-05,0.0005206999999245454,0.4938068999999814
3,Random,OriginalOrder,20,1,9070,53.2,228,52.5,6314,9.4,0.7000000000000028,43.1,43.800000000000004,0.0,4.549999994196696e-05,9.999985195463523e-08,0.4938068999999814
3,Random,MarginalGainPredictor,20,1,9070,53.2,228,52.5,6314,9.4,0.7000000000000028,43.1,43.800000000000004,0.0,4.549999994196696e-05,0.00045500000010179065,0.4938068999999814
3,Random,OriginalOrder,50,1,9070,53.2,228,52.5,6314,9.4,0.7000000000000028,43.1,43.800000000000004,0.0,4.549999994196696e-05,1.999999312829459e-07,0.4938068999999814
3,Random,MarginalGainPredictor,50,1,9070,53.2,228,52.5,985,34.6,0.7000000000000028,17.9,18.6,0.0,4.549999994196696e-05,0.00041899999996530823,0.4938068999999814
3,Random,OriginalOrder,100,1,9070,53.2,228,52.5,6314,9.4,0.7000000000000028,43.1,43.800000000000004,0.0,4.549999994196696e-05,1.999999312829459e-07,0.4938068999999814
3,Random,MarginalGainPredictor,100,1,9070,53.2,228,52.5,985,34.6,0.7000000000000028,17.9,18.6,0.0,4.549999994196696e-05,0.0005106000000978383,0.4938068999999814
3,Random,OriginalOrder,10,2,9070,53.2,7123,23.4,547,16.5,29.800000000000004,6.899999999999999,36.7,0.0,3.299999980299617e-05,1.0000007932831068e-07,0.4938068999999814
3,Random,MarginalGainPredictor,10,2,9070,53.2,7123,23.4,6314,9.4,29.800000000000004,13.999999999999998,43.800000000000004,1.7763568394002505e-15,3.299999980299617e-05,0.0003529000000526139,0.4938068999999814
3,Random,OriginalOrder,20,2,9070,53.2,7123,23.4,547,16.5,29.800000000000004,6.899999999999999,36.7,0.0,3.299999980299617e-05,1.999999312829459e-07,0.4938068999999814
3,Random,MarginalGainPredictor,20,2,9070,53.2,7123,23.4,7995,20.7,29.800000000000004,2.6999999999999993,32.5,-3.552713678800501e-15,3.299999980299617e-05,0.0006376000001182547,0.4938068999999814
3,Random,OriginalOrder,50,2,9070,53.2,9070,53.2,547,16.5,0.0,36.7,36.7,0.0,3.299999980299617e-05,1.999999312829459e-07,0.4938068999999814
3,Random,MarginalGainPredictor,50,2,9070,53.2,9070,53.2,410,44.5,0.0,8.700000000000003,8.700000000000003,0.0,3.299999980299617e-05,0.000553399999944304,0.4938068999999814
3,Random,OriginalOrder,100,2,9070,53.2,9070,53.2,547,16.5,0.0,36.7,36.7,0.0,3.299999980299617e-05,1.999999312829459e-07,0.4938068999999814
3,Random,MarginalGainPredictor,100,2,9070,53.2,9070,53.2,410,44.5,0.0,8.700000000000003,8.700000000000003,0.0,3.299999980299617e-05,0.0007094000000051892,0.4938068999999814
3,Random,OriginalOrder,10,3,9070,53.2,1140,32.3,4859,14.5,20.900000000000006,17.799999999999997,38.7,0.0,3.519999995660328e-05,9.999985195463523e-08,0.4938068999999814
3,Random,MarginalGainPredictor,10,3,9070,53.2,1140,32.3,1423,16.4,20.900000000000006,15.899999999999999,36.800000000000004,0.0,3.519999995660328e-05,0.0004119999998692947,0.4938068999999814
3,Random,OriginalOrder,20,3,9070,53.2,1140,32.3,4859,14.5,20.900000000000006,17.799999999999997,38.7,0.0,3.519999995660328e-05,1.999999312829459e-07,0.4938068999999814
3,Random,MarginalGainPredictor,20,3,9070,53.2,1140,32.3,1423,16.4,20.900000000000006,15.899999999999999,36.800000000000004,0.0,3.519999995660328e-05,0.0003454999998666608,0.4938068999999814
3,Random,OriginalOrder,50,3,9070,53.2,410,44.5,4859,14.5,8.700000000000003,30.0,38.7,0.0,3.519999995660328e-05,9.999985195463523e-08,0.4938068999999814
3,Random,MarginalGainPredictor,50,3,9070,53.2,410,44.5,410,44.5,8.700000000000003,0.0,8.700000000000003,0.0,3.519999995660328e-05,0.00035530000013750396,0.4938068999999814
3,Random,OriginalOrder,100,3,9070,53.2,9070,53.2,4859,14.5,0.0,38.7,38.7,0.0,3.519999995660328e-05,1.999999312829459e-07,0.4938068999999814
3,Random,MarginalGainPredictor,100,3,9070,53.2,9070,53.2,410,44.5,0.0,8.700000000000003,8.700000000000003,0.0,3.519999995660328e-05,0.0003959999999096908,0.4938068999999814
3,Random,OriginalOrder,10,4,9070,53.2,9561,22.2,802,4.9,31.000000000000004,17.299999999999997,48.300000000000004,3.552713678800501e-15,3.2699999792384915e-05,9.999985195463523e-08,0.4938068999999814
3,Random,MarginalGainPredictor,10,4,9070,53.2,9561,22.2,7995,20.7,31.000000000000004,1.5,32.5,-3.552713678800501e-15,3.2699999792384915e-05,0.0003737000001819979,0.4938068999999814
3,Random,OriginalOrder,20,4,9070,53.2,9561,22.2,802,4.9,31.000000000000004,17.299999999999997,48.300000000000004,3.552713678800501e-15,3.2699999792384915e-05,9.999985195463523e-08,0.4938068999999814
3,Random,MarginalGainPredictor,20,4,9070,53.2,9561,22.2,1277,0.0,31.000000000000004,22.2,53.2,0.0,3.2699999792384915e-05,0.00037169999995967373,0.4938068999999814
3,Random,OriginalOrder,50,4,9070,53.2,2122,39.5,802,4.9,13.700000000000003,34.6,48.300000000000004,0.0,3.2699999792384915e-05,1.999999312829459e-07,0.4938068999999814
3,Random,MarginalGainPredictor,50,4,9070,53.2,2122,39.5,2216,30.4,13.700000000000003,9.100000000000001,22.800000000000004,0.0,3.2699999792384915e-05,0.000422500000013315,0.4938068999999814
3,Random,OriginalOrder,100,4,9070,53.2,1920,44.8,802,4.9,8.400000000000006,39.9,48.300000000000004,0.0,3.2699999792384915e-05,1.999999312829459e-07,0.4938068999999814
3,Random,MarginalGainPredictor,100,4,9070,53.2,1920,44.8,310,40.0,8.400000000000006,4.799999999999997,13.200000000000003,0.0,3.2699999792384915e-05,0.0003954999999677966,0.4938068999999814
3,Random,OriginalOrder,10,5,9070,53.2,4285,29.1,12375,11.2,24.1,17.900000000000002,42.0,-3.552713678800501e-15,3.509999987727497e-05,1.0000007932831068e-07,0.4938068999999814
3,Random,MarginalGainPredictor,10,5,9070,53.2,4285,29.1,1352,13.8,24.1,15.3,39.400000000000006,3.552713678800501e-15,3.509999987727497e-05,0.0003404999999929714,0.4938068999999814
3,Random,OriginalOrder,20,5,9070,53.2,4285,29.1,12375,11.2,24.1,17.900000000000002,42.0,-3.552713678800501e-15,3.509999987727497e-05,9.999985195463523e-08,0.4938068999999814
3,Random,MarginalGainPredictor,20,5,9070,53.2,4285,29.1,1352,13.8,24.1,15.3,39.400000000000006,3.552713678800501e-15,3.509999987727497e-05,0.0007226000000173372,0.4938068999999814
3,Random,OriginalOrder,50,5,9070,53.2,4285,29.1,12375,11.2,24.1,17.900000000000002,42.0,-3.552713678800501e-15,3.509999987727497e-05,1.999999312829459e-07,0.4938068999999814
3,Random,MarginalGainPredictor,50,5,9070,53.2,4285,29.1,1439,21.0,24.1,8.100000000000001,32.2,0.0,3.509999987727497e-05,0.0006166000000575877,0.4938068999999814
3,Random,OriginalOrder,100,5,9070,53.2,410,44.5,12375,11.2,8.700000000000003,33.3,42.0,0.0,3.509999987727497e-05,1.999999312829459e-07,0.4938068999999814
3,Random,MarginalGainPredictor,100,5,9070,53.2,410,44.5,410,44.5,8.700000000000003,0.0,8.700000000000003,0.0,3.509999987727497e-05,0.00039319999996223487,0.4938068999999814
3,Random,OriginalOrder,10,6,9070,53.2,932,8.6,1580,4.4,44.6,4.199999999999999,48.800000000000004,3.552713678800501e-15,3.2899999951041536e-05,1.0000007932831068e-07,0.4938068999999814
3,Random,MarginalGainPredictor,10,6,9070,53.2,932,8.6,699,5.9,44.6,2.6999999999999993,47.300000000000004,3.552713678800501e-15,3.2899999951041536e-05,0.00039149999997789564,0.4938068999999814
3,Random,OriginalOrder,20,6,9070,53.2,1807,42.0,1580,4.4,11.200000000000003,37.6,48.800000000000004,0.0,3.2899999951041536e-05,2.0000015865662135e-07,0.4938068999999814
3,Random,MarginalGainPredictor,20,6,9070,53.2,1807,42.0,310,40.0,11.200000000000003,2.0,13.200000000000003,0.0,3.2899999951041536e-05,0.00034690000006776245,0.4938068999999814
3,Random,OriginalOrder,50,6,9070,53.2,1807,42.0,1580,4.4,11.200000000000003,37.6,48.800000000000004,0.0,3.2899999951041536e-05,1.999999312829459e-07,0.4938068999999814
3,Random,MarginalGainPredictor,50,6,9070,53.2,1807,42.0,310,40.0,11.200000000000003,2.0,13.200000000000003,0.0,3.2899999951041536e-05,0.00035899999988942,0.4938068999999814
3,Random,OriginalOrder,100,6,9070,53.2,410,44.5,1580,4.4,8.700000000000003,40.1,48.800000000000004,0.0,3.2899999951041536e-05,1.0000007932831068e-07,0.4938068999999814
3,Random,MarginalGainPredictor,100,6,9070,53.2,410,44.5,410,44.5,8.700000000000003,0.0,8.700000000000003,0.0,3.2899999951041536e-05,0.00046669999983350863,0.4938068999999814
3,Random,OriginalOrder,10,7,9070,53.2,228,52.5,541,5.4,0.7000000000000028,47.1,47.800000000000004,0.0,3.2400000009147334e-05,1.999999312829459e-07,0.4938068999999814
3,Random,MarginalGainPredictor,10,7,9070,53.2,228,52.5,611,16.7,0.7000000000000028,35.8,36.5,0.0,3.2400000009147334e-05,0.0003352000001086708,0.4938068999999814
3,Random,OriginalOrder,20,7,9070,53.2,228,52.5,541,5.4,0.7000000000000028,47.1,47.800000000000004,0.0,3.2400000009147334e-05,1.999999312829459e-07,0.4938068999999814
3,Random,MarginalGainPredictor,20,7,9070,53.2,228,52.5,410,44.5,0.7000000000000028,8.0,8.700000000000003,0.0,3.2400000009147334e-05,0.0003621999999268155,0.4938068999999814
3,Random,OriginalOrder,50,7,9070,53.2,228,52.5,541,5.4,0.7000000000000028,47.1,47.800000000000004,0.0,3.2400000009147334e-05,1.999999312829459e-07,0.4938068999999814
3,Random,MarginalGainPredictor,50,7,9070,53.2,228,52.5,410,44.5,0.7000000000000028,8.0,8.700000000000003,0.0,3.2400000009147334e-05,0.0003507999999783351,0.4938068999999814
3,Random,OriginalOrder,100,7,9070,53.2,228,52.5,541,5.4,0.7000000000000028,47.1,47.800000000000004,0.0,3.2400000009147334e-05,1.0000007932831068e-07,0.4938068999999814
3,Random,MarginalGainPredictor,100,7,9070,53.2,228,52.5,410,44.5,0.7000000000000028,8.0,8.700000000000003,0.0,3.2400000009147334e-05,0.0003724999999121792,0.4938068999999814
3,Random,OriginalOrder,10,8,9070,53.2,310,40.0,310,40.0,13.200000000000003,0.0,13.200000000000003,0.0,3.300000003036985e-05,1.0000007932831068e-07,0.4938068999999814
3,Random,MarginalGainPredictor,10,8,9070,53.2,310,40.0,310,40.0,13.200000000000003,0.0,13.200000000000003,0.0,3.300000003036985e-05,0.0005871999999271793,0.4938068999999814
3,Random,OriginalOrder,20,8,9070,53.2,310,40.0,310,40.0,13.200000000000003,0.0,13.200000000000003,0.0,3.300000003036985e-05,1.999999312829459e-07,0.4938068999999814
3,Random,MarginalGainPredictor,20,8,9070,53.2,310,40.0,310,40.0,13.200000000000003,0.0,13.200000000000003,0.0,3.300000003036985e-05,0.0003533999999945081,0.4938068999999814
3,Random,OriginalOrder,50,8,9070,53.2,410,44.5,310,40.0,8.700000000000003,4.5,13.200000000000003,0.0,3.300000003036985e-05,1.999999312829459e-07,0.4938068999999814
3,Random,MarginalGainPredictor,50,8,9070,53.2,410,44.5,410,44.5,8.700000000000003,0.0,8.700000000000003,0.0,3.300000003036985e-05,0.0006695999998100888,0.4938068999999814
3,Random,OriginalOrder,100,8,9070,53.2,410,44.5,310,40.0,8.700000000000003,4.5,13.200000000000003,0.0,3.300000003036985e-05,2.0000015865662135e-07,0.4938068999999814
3,Random,MarginalGainPredictor,100,8,9070,53.2,410,44.5,410,44.5,8.700000000000003,0.0,8.700000000000003,0.0,3.300000003036985e-05,0.0008258000000296306,0.4938068999999814
3,Random,OriginalOrder,10,9,9070,53.2,1920,44.8,14013,3.5,8.400000000000006,41.3,49.7,0.0,4.719999992630619e-05,1.999999312829459e-07,0.4938068999999814
3,Random,MarginalGainPredictor,10,9,9070,53.2,1920,44.8,1807,42.0,8.400000000000006,2.799999999999997,11.200000000000003,0.0,4.719999992630619e-05,0.0004594000001816312,0.4938068999999814
3,Random,OriginalOrder,20,9,9070,53.2,1920,44.8,14013,3.5,8.400000000000006,41.3,49.7,0.0,4.719999992630619e-05,1.999999312829459e-07,0.4938068999999814
3,Random,MarginalGainPredictor,20,9,9070,53.2,1920,44.8,1807,42.0,8.400000000000006,2.799999999999997,11.200000000000003,0.0,4.719999992630619e-05,0.000432900000078007,0.4938068999999814
3,Random,OriginalOrder,50,9,9070,53.2,1920,44.8,14013,3.5,8.400000000000006,41.3,49.7,0.0,4.719999992630619e-05,2.0000015865662135e-07,0.4938068999999814
3,Random,MarginalGainPredictor,50,9,9070,53.2,1920,44.8,410,44.5,8.400000000000006,0.29999999999999716,8.700000000000003,0.0,4.719999992630619e-05,0.00047109999991334917,0.4938068999999814
3,Random,OriginalOrder,100,9,9070,53.2,1920,44.8,14013,3.5,8.400000000000006,41.3,49.7,0.0,4.719999992630619e-05,1.999999312829459e-07,0.4938068999999814
3,Random,MarginalGainPredictor,100,9,9070,53.2,1920,44.8,410,44.5,8.400000000000006,0.29999999999999716,8.700000000000003,0.0,4.719999992630619e-05,0.0004895000001852168,0.4938068999999814
4,Degree,OriginalOrder,10,,228,49.6,410,46.8,916,21.9,2.8000000000000043,24.9,27.700000000000003,0.0,0.00012250000008862116,3.000000106112566e-07,0.4221359999999095
4,Degree,MarginalGainPredictor,10,,228,49.6,410,46.8,410,46.8,2.8000000000000043,0.0,2.8000000000000043,0.0,0.00012250000008862116,0.0011004000000411907,0.4221359999999095
4,Degree,OriginalOrder,20,,228,49.6,410,46.8,916,21.9,2.8000000000000043,24.9,27.700000000000003,0.0,0.00012250000008862116,2.0000015865662135e-07,0.4221359999999095
4,Degree,MarginalGainPredictor,20,,228,49.6,410,46.8,410,46.8,2.8000000000000043,0.0,2.8000000000000043,0.0,0.00012250000008862116,0.0004603999998380459,0.4221359999999095
4,Degree,OriginalOrder,50,,228,49.6,228,49.6,916,21.9,0.0,27.700000000000003,27.700000000000003,0.0,0.00012250000008862116,2.0000015865662135e-07,0.4221359999999095
4,Degree,MarginalGainPredictor,50,,228,49.6,228,49.6,410,46.8,0.0,2.8000000000000043,2.8000000000000043,0.0,0.00012250000008862116,0.0003995999998096522,0.4221359999999095
4,Degree,OriginalOrder,100,,228,49.6,228,49.6,916,21.9,0.0,27.700000000000003,27.700000000000003,0.0,0.00012250000008862116,1.999999312829459e-07,0.4221359999999095
4,Degree,MarginalGainPredictor,100,,228,49.6,228,49.6,410,46.8,0.0,2.8000000000000043,2.8000000000000043,0.0,0.00012250000008862116,0.00047220000010383956,0.4221359999999095
4,DegreeDiscount,OriginalOrder,10,,228,49.6,310,44.5,12802,24.5,5.100000000000001,20.0,25.1,0.0,0.0019518999999945663,1.999999312829459e-07,0.4221359999999095
4,DegreeDiscount,MarginalGainPredictor,10,,228,49.6,310,44.5,310,44.5,5.100000000000001,0.0,5.100000000000001,0.0,0.0019518999999945663,0.00043049999999311694,0.4221359999999095
4,DegreeDiscount,OriginalOrder,20,,228,49.6,310,44.5,12802,24.5,5.100000000000001,20.0,25.1,0.0,0.0019518999999945663,1.999999312829459e-07,0.4221359999999095
4,DegreeDiscount,MarginalGainPredictor,20,,228,49.6,310,44.5,310,44.5,5.100000000000001,0.0,5.100000000000001,0.0,0.0019518999999945663,0.0005361999999422551,0.4221359999999095
4,DegreeDiscount,OriginalOrder,50,,228,49.6,410,46.8,12802,24.5,2.8000000000000043,22.299999999999997,25.1,0.0,0.0019518999999945663,3.000000106112566e-07,0.4221359999999095
4,DegreeDiscount,MarginalGainPredictor,50,,228,49.6,410,46.8,410,46.8,2.8000000000000043,0.0,2.8000000000000043,0.0,0.0019518999999945663,0.0005294000000048982,0.4221359999999095
4,DegreeDiscount,OriginalOrder,100,,228,49.6,228,49.6,12802,24.5,0.0,25.1,25.1,0.0,0.0019518999999945663,2.0000015865662135e-07,0.4221359999999095
4,DegreeDiscount,MarginalGainPredictor,100,,228,49.6,228,49.6,410,46.8,0.0,2.8000000000000043,2.8000000000000043,0.0,0.0019518999999945663,0.0005662999999458407,0.4221359999999095
4,FeatureDQN,OriginalOrder,10,,228,49.6,4826,20.8,2034,10.2,28.8,10.600000000000001,39.400000000000006,3.552713678800501e-15,0.0012449999999262218,2.9999978323758114e-07,0.4221359999999095
4,FeatureDQN,MarginalGainPredictor,10,,228,49.6,4826,20.8,905,12.8,28.8,8.0,36.8,-3.552713678800501e-15,0.0012449999999262218,0.0004675999998653424,0.4221359999999095
4,FeatureDQN,OriginalOrder,20,,228,49.6,228,49.6,2034,10.2,0.0,39.400000000000006,39.400000000000006,0.0,0.0012449999999262218,1.999999312829459e-07,0.4221359999999095
4,FeatureDQN,MarginalGainPredictor,20,,228,49.6,228,49.6,892,30.1,0.0,19.5,19.5,0.0,0.0012449999999262218,0.00047249999988707714,0.4221359999999095
4,FeatureDQN,OriginalOrder,50,,228,49.6,228,49.6,2034,10.2,0.0,39.400000000000006,39.400000000000006,0.0,0.0012449999999262218,9.999985195463523e-08,0.4221359999999095
4,FeatureDQN,MarginalGainPredictor,50,,228,49.6,228,49.6,916,21.9,0.0,27.700000000000003,27.700000000000003,0.0,0.0012449999999262218,0.0004942000000482949,0.4221359999999095
4,FeatureDQN,OriginalOrder,100,,228,49.6,228,49.6,2034,10.2,0.0,39.400000000000006,39.400000000000006,0.0,0.0012449999999262218,2.0000015865662135e-07,0.4221359999999095
4,FeatureDQN,MarginalGainPredictor,100,,228,49.6,228,49.6,916,21.9,0.0,27.700000000000003,27.700000000000003,0.0,0.0012449999999262218,0.0005389000000377564,0.4221359999999095
4,Random,OriginalOrder,10,0,228,49.6,5753,38.1,12385,1.5,11.5,36.6,48.1,0.0,5.5900000006658956e-05,2.0000015865662135e-07,0.4221359999999095
4,Random,MarginalGainPredictor,10,0,228,49.6,5753,38.1,1249,20.7,11.5,17.400000000000002,28.900000000000002,0.0,5.5900000006658956e-05,0.0004406000000471977,0.4221359999999095
4,Random,OriginalOrder,20,0,228,49.6,5753,38.1,12385,1.5,11.5,36.6,48.1,0.0,5.5900000006658956e-05,1.999999312829459e-07,0.4221359999999095
4,Random,MarginalGainPredictor,20,0,228,49.6,5753,38.1,1249,20.7,11.5,17.400000000000002,28.900000000000002,0.0,5.5900000006658956e-05,0.0004437000000052649,0.4221359999999095
4,Random,OriginalOrder,50,0,228,49.6,228,49.6,12385,1.5,0.0,48.1,48.1,0.0,5.5900000006658956e-05,1.999999312829459e-07,0.4221359999999095
4,Random,MarginalGainPredictor,50,0,228,49.6,228,49.6,1807,28.5,0.0,21.1,21.1,0.0,5.5900000006658956e-05,0.0004895000001852168,0.4221359999999095
4,Random,OriginalOrder,100,0,228,49.6,228,49.6,12385,1.5,0.0,48.1,48.1,0.0,5.5900000006658956e-05,1.999999312829459e-07,0.4221359999999095
4,Random,MarginalGainPredictor,100,0,228,49.6,228,49.6,410,46.8,0.0,2.8000000000000043,2.8000000000000043,0.0,5.5900000006658956e-05,0.0005386000000271451,0.4221359999999095
4,Random,OriginalOrder,10,1,228,49.6,830,25.9,188,12.0,23.700000000000003,13.899999999999999,37.6,0.0,5.289999990054639e-05,1.0000007932831068e-07,0.4221359999999095
4,Random,MarginalGainPredictor,10,1,228,49.6,830,25.9,830,25.9,23.700000000000003,0.0,23.700000000000003,0.0,5.289999990054639e-05,0.000443300000142699,0.4221359999999095
4,Random,OriginalOrder,20,1,228,49.6,1920,32.5,188,12.0,17.1,20.5,37.6,0.0,5.289999990054639e-05,1.999999312829459e-07,0.4221359999999095
4,Random,MarginalGainPredictor,20,1,228,49.6,1920,32.5,985,32.0,17.1,0.5,17.6,0.0,5.289999990054639e-05,0.0005719000000681262,0.4221359999999095
4,Random,OriginalOrder,50,1,228,49.6,1920,32.5,188,12.0,17.1,20.5,37.6,0.0,5.289999990054639e-05,1.999999312829459e-07,0.4221359999999095
4,Random,MarginalGainPredictor,50,1,228,49.6,1920,32.5,1807,28.5,17.1,4.0,21.1,0.0,5.289999990054639e-05,0.000602500000013606,0.4221359999999095
4,Random,OriginalOrder,100,1,228,49.6,228,49.6,188,12.0,0.0,37.6,37.6,0.0,5.289999990054639e-05,2.0000015865662135e-07,0.4221359999999095
4,Random,MarginalGainPredictor,100,1,228,49.6,228,49.6,310,44.5,0.0,5.100000000000001,5.100000000000001,0.0,5.289999990054639e-05,0.0005642000000989356,0.4221359999999095
4,Random,OriginalOrder,10,2,228,49.6,228,49.6,282,12.5,0.0,37.1,37.1,0.0,4.7699999868200393e-05,1.999999312829459e-07,0.4221359999999095
4,Random,MarginalGainPredictor,10,2,228,49.6,228,49.6,1277,0.0,0.0,49.6,49.6,0.0,4.7699999868200393e-05,0.0004913999998734653,0.4221359999999095
4,Random,OriginalOrder,20,2,228,49.6,228,49.6,282,12.5,0.0,37.1,37.1,0.0,4.7699999868200393e-05,2.0000015865662135e-07,0.4221359999999095
4,Random,MarginalGainPredictor,20,2,228,49.6,228,49.6,1277,0.0,0.0,49.6,49.6,0.0,4.7699999868200393e-05,0.0004609000000073138,0.4221359999999095
4,Random,OriginalOrder,50,2,228,49.6,228,49.6,282,12.5,0.0,37.1,37.1,0.0,4.7699999868200393e-05,3.000000106112566e-07,0.4221359999999095
4,Random,MarginalGainPredictor,50,2,228,49.6,228,49.6,1807,28.5,0.0,21.1,21.1,0.0,4.7699999868200393e-05,0.0004875000001902663,0.4221359999999095
4,Random,OriginalOrder,100,2,228,49.6,228,49.6,282,12.5,0.0,37.1,37.1,0.0,4.7699999868200393e-05,2.0000015865662135e-07,0.4221359999999095
4,Random,MarginalGainPredictor,100,2,228,49.6,228,49.6,1807,28.5,0.0,21.1,21.1,0.0,4.7699999868200393e-05,0.0005352000000584667,0.4221359999999095
4,Random,OriginalOrder,10,3,228,49.6,410,46.8,12383,2.3,2.8000000000000043,44.5,47.300000000000004,0.0,4.6099999963189475e-05,1.999999312829459e-07,0.4221359999999095
4,Random,MarginalGainPredictor,10,3,228,49.6,410,46.8,410,46.8,2.8000000000000043,0.0,2.8000000000000043,0.0,4.6099999963189475e-05,0.0004672000000027765,0.4221359999999095
4,Random,OriginalOrder,20,3,228,49.6,410,46.8,12383,2.3,2.8000000000000043,44.5,47.300000000000004,0.0,4.6099999963189475e-05,1.999999312829459e-07,0.4221359999999095
4,Random,MarginalGainPredictor,20,3,228,49.6,410,46.8,410,46.8,2.8000000000000043,0.0,2.8000000000000043,0.0,4.6099999963189475e-05,0.00046320000001287553,0.4221359999999095
4,Random,OriginalOrder,50,3,228,49.6,410,46.8,12383,2.3,2.8000000000000043,44.5,47.300000000000004,0.0,4.6099999963189475e-05,9.999985195463523e-08,0.4221359999999095
4,Random,MarginalGainPredictor,50,3,228,49.6,410,46.8,410,46.8,2.8000000000000043,0.0,2.8000000000000043,0.0,4.6099999963189475e-05,0.0005031999999118852,0.4221359999999095
4,Random,OriginalOrder,100,3,228,49.6,410,46.8,12383,2.3,2.8000000000000043,44.5,47.300000000000004,0.0,4.6099999963189475e-05,1.0000007932831068e-07,0.4221359999999095
4,Random,MarginalGainPredictor,100,3,228,49.6,410,46.8,410,46.8,2.8000000000000043,0.0,2.8000000000000043,0.0,4.6099999963189475e-05,0.0005463999998482905,0.4221359999999095
4,Random,OriginalOrder,10,4,228,49.6,7123,23.4,7123,23.4,26.200000000000003,0.0,26.200000000000003,0.0,4.7900000026857015e-05,1.0000007932831068e-07,0.4221359999999095
4,Random,MarginalGainPredictor,10,4,228,49.6,7123,23.4,1249,20.7,26.200000000000003,2.6999999999999993,28.900000000000002,0.0,4.7900000026857015e-05,0.0004480000000057771,0.4221359999999095
4,Random,OriginalOrder,20,4,228,49.6,7123,23.4,7123,23.4,26.200000000000003,0.0,26.200000000000003,0.0,4.7900000026857015e-05,2.0000015865662135e-07,0.4221359999999095
4,Random,MarginalGainPredictor,20,4,228,49.6,7123,23.4,820,12.8,26.200000000000003,10.599999999999998,36.8,-3.552713678800501e-15,4.7900000026857015e-05,0.0004356000001735083,0.4221359999999095
4,Random,OriginalOrder,50,4,228,49.6,4285,25.3,7123,23.4,24.3,1.9000000000000021,26.200000000000003,0.0,4.7900000026857015e-05,1.999999312829459e-07,0.4221359999999095
4,Random,MarginalGainPredictor,50,4,228,49.6,4285,25.3,820,12.8,24.3,12.5,36.8,-3.552713678800501e-15,4.7900000026857015e-05,0.0004584000000704691,0.4221359999999095
4,Random,OriginalOrder,100,4,228,49.6,228,49.6,7123,23.4,0.0,26.200000000000003,26.200000000000003,0.0,4.7900000026857015e-05,1.999999312829459e-07,0.4221359999999095
4,Random,MarginalGainPredictor,100,4,228,49.6,228,49.6,410,46.8,0.0,2.8000000000000043,2.8000000000000043,0.0,4.7900000026857015e-05,0.000502899999901274,0.4221359999999095
4,Random,OriginalOrder,10,5,228,49.6,2477,25.4,2510,10.6,24.200000000000003,14.799999999999999,39.0,-1.7763568394002505e-15,4.6099999963189475e-05,1.0000007932831068e-07,0.4221359999999095
4,Random,MarginalGainPredictor,10,5,228,49.6,2477,25.4,1277,0.0,24.200000000000003,25.4,49.6,0.0,4.6099999963189475e-05,0.0004354000000148517,0.4221359999999095
4,Random,OriginalOrder,20,5,228,49.6,228,49.6,2510,10.6,0.0,39.0,39.0,0.0,4.6099999963189475e-05,9.999985195463523e-08,0.4221359999999095
4,Random,MarginalGainPredictor,20,5,228,49.6,228,49.6,1277,0.0,0.0,49.6,49.6,0.0,4.6099999963189475e-05,0.00042639999992388766,0.4221359999999095
4,Random,OriginalOrder,50,5,228,49.6,228,49.6,2510,10.6,0.0,39.0,39.0,0.0,4.6099999963189475e-05,1.999999312829459e-07,0.4221359999999095
4,Random,MarginalGainPredictor,50,5,228,49.6,228,49.6,1277,0.0,0.0,49.6,49.6,0.0,4.6099999963189475e-05,0.000450999999884516,0.4221359999999095
4,Random,OriginalOrder,100,5,228,49.6,228,49.6,2510,10.6,0.0,39.0,39.0,0.0,4.6099999963189475e-05,1.999999312829459e-07,0.4221359999999095
4,Random,MarginalGainPredictor,100,5,228,49.6,228,49.6,310,44.5,0.0,5.100000000000001,5.100000000000001,0.0,4.6099999963189475e-05,0.0004863999999997759,0.4221359999999095
4,Random,OriginalOrder,10,6,228,49.6,12802,24.5,1638,9.8,25.1,14.7,39.8,-3.552713678800501e-15,4.5300000010684016e-05,1.0000007932831068e-07,0.4221359999999095
4,Random,MarginalGainPredictor,10,6,228,49.6,12802,24.5,5454,24.3,25.1,0.1999999999999993,25.3,0.0,4.5300000010684016e-05,0.000428900000088106,0.4221359999999095
4,Random,OriginalOrder,20,6,228,49.6,310,44.5,1638,9.8,5.100000000000001,34.7,39.8,-7.105427357601002e-15,4.5300000010684016e-05,2.0000015865662135e-07,0.4221359999999095
4,Random,MarginalGainPredictor,20,6,228,49.6,310,44.5,310,44.5,5.100000000000001,0.0,5.100000000000001,0.0,4.5300000010684016e-05,0.0005719000000681262,0.4221359999999095
4,Random,OriginalOrder,50,6,228,49.6,310,44.5,1638,9.8,5.100000000000001,34.7,39.8,-7.105427357601002e-15,4.5300000010684016e-05,2.0000015865662135e-07,0.4221359999999095
4,Random,MarginalGainPredictor,50,6,228,49.6,310,44.5,310,44.5,5.100000000000001,0.0,5.100000000000001,0.0,4.5300000010684016e-05,0.0006432999998651212,0.4221359999999095
4,Random,OriginalOrder,100,6,228,49.6,228,49.6,1638,9.8,0.0,39.8,39.8,0.0,4.5300000010684016e-05,1.0000007932831068e-07,0.4221359999999095
4,Random,MarginalGainPredictor,100,6,228,49.6,228,49.6,310,44.5,0.0,5.100000000000001,5.100000000000001,0.0,4.5300000010684016e-05,0.0005008000000543689,0.4221359999999095
4,Random,OriginalOrder,10,7,228,49.6,410,46.8,9077,9.4,2.8000000000000043,37.4,40.2,0.0,4.5700000100623583e-05,2.0000015865662135e-07,0.4221359999999095
4,Random,MarginalGainPredictor,10,7,228,49.6,410,46.8,410,46.8,2.8000000000000043,0.0,2.8000000000000043,0.0,4.5700000100623583e-05,0.0004261999999926047,0.4221359999999095
4,Random,OriginalOrder,20,7,228,49.6,410,46.8,9077,9.4,2.8000000000000043,37.4,40.2,0.0,4.5700000100623583e-05,2.0000015865662135e-07,0.4221359999999095
4,Random,MarginalGainPredictor,20,7,228,49.6,410,46.8,410,46.8,2.8000000000000043,0.0,2.8000000000000043,0.0,4.5700000100623583e-05,0.0004231000000345375,0.4221359999999095
4,Random,OriginalOrder,50,7,228,49.6,228,49.6,9077,9.4,0.0,40.2,40.2,0.0,4.5700000100623583e-05,1.999999312829459e-07,0.4221359999999095
4,Random,MarginalGainPredictor,50,7,228,49.6,228,49.6,410,46.8,0.0,2.8000000000000043,2.8000000000000043,0.0,4.5700000100623583e-05,0.0004512000000431726,0.4221359999999095
4,Random,OriginalOrder,100,7,228,49.6,228,49.6,9077,9.4,0.0,40.2,40.2,0.0,4.5700000100623583e-05,1.0000007932831068e-07,0.4221359999999095
4,Random,MarginalGainPredictor,100,7,228,49.6,228,49.6,410,46.8,0.0,2.8000000000000043,2.8000000000000043,0.0,4.5700000100623583e-05,0.0004926999999952386,0.4221359999999095
4,Random,OriginalOrder,10,8,228,49.6,124,13.4,4824,10.7,36.2,2.700000000000001,38.900000000000006,1.7763568394002505e-15,4.549999994196696e-05,2.0000015865662135e-07,0.4221359999999095
4,Random,MarginalGainPredictor,10,8,228,49.6,124,13.4,611,10.8,36.2,2.5999999999999996,38.8,-5.329070518200751e-15,4.549999994196696e-05,0.0004334000000199012,0.4221359999999095
4,Random,OriginalOrder,20,8,228,49.6,5454,24.3,4824,10.7,25.3,13.600000000000001,38.900000000000006,3.552713678800501e-15,4.549999994196696e-05,1.999999312829459e-07,0.4221359999999095
4,Random,MarginalGainPredictor,20,8,228,49.6,5454,24.3,3078,20.0,25.3,4.300000000000001,29.6,0.0,4.549999994196696e-05,0.00042589999998199346,0.4221359999999095
4,Random,OriginalOrder,50,8,228,49.6,228,49.6,4824,10.7,0.0,38.900000000000006,38.900000000000006,0.0,4.549999994196696e-05,1.999999312829459e-07,0.4221359999999095
4,Random,MarginalGainPredictor,50,8,228,49.6,228,49.6,916,21.9,0.0,27.700000000000003,27.700000000000003,0.0,4.549999994196696e-05,0.0004519999999956781,0.4221359999999095
4,Random,OriginalOrder,100,8,228,49.6,228,49.6,4824,10.7,0.0,38.900000000000006,38.900000000000006,0.0,4.549999994196696e-05,1.999999312829459e-07,0.4221359999999095
4,Random,MarginalGainPredictor,100,8,228,49.6,228,49.6,310,44.5,0.0,5.100000000000001,5.100000000000001,0.0,4.549999994196696e-05,0.0005036000000018248,0.4221359999999095
4,Random,OriginalOrder,10,9,228,49.6,2216,27.9,12377,7.6,21.700000000000003,20.299999999999997,42.0,0.0,4.820000003746827e-05,1.8000000636675395e-06,0.4221359999999095
4,Random,MarginalGainPredictor,10,9,228,49.6,2216,27.9,2216,27.9,21.700000000000003,0.0,21.700000000000003,0.0,4.820000003746827e-05,0.0007914999998774874,0.4221359999999095
4,Random,OriginalOrder,20,9,228,49.6,8264,33.6,12377,7.6,16.0,26.0,42.0,0.0,4.820000003746827e-05,9.999985195463523e-08,0.4221359999999095
4,Random,MarginalGainPredictor,20,9,228,49.6,8264,33.6,2216,27.9,16.0,5.700000000000003,21.700000000000003,0.0,4.820000003746827e-05,0.000495200000159457,0.4221359999999095
4,Random,OriginalOrder,50,9,228,49.6,8264,33.6,12377,7.6,16.0,26.0,42.0,0.0,4.820000003746827e-05,9.999985195463523e-08,0.4221359999999095
4,Random,MarginalGainPredictor,50,9,228,49.6,8264,33.6,2216,27.9,16.0,5.700000000000003,21.700000000000003,0.0,4.820000003746827e-05,0.00046539999993910897,0.4221359999999095
4,Random,OriginalOrder,100,9,228,49.6,5753,38.1,12377,7.6,11.5,30.5,42.0,0.0,4.820000003746827e-05,2.0000015865662135e-07,0.4221359999999095
4,Random,MarginalGainPredictor,100,9,228,49.6,5753,38.1,2216,27.9,11.5,10.200000000000003,21.700000000000003,0.0,4.820000003746827e-05,0.0004939999998896383,0.4221359999999095
5,Degree,OriginalOrder,10,,410,44.6,410,44.6,916,20.5,0.0,24.1,24.1,0.0,8.700000012140663e-05,1.999999312829459e-07,0.49138170000014725
5,Degree,MarginalGainPredictor,10,,410,44.6,410,44.6,410,44.6,0.0,0.0,0.0,0.0,8.700000012140663e-05,0.0009914999998272833,0.49138170000014725
5,Degree,OriginalOrder,20,,410,44.6,410,44.6,916,20.5,0.0,24.1,24.1,0.0,8.700000012140663e-05,2.0000015865662135e-07,0.49138170000014725
5,Degree,MarginalGainPredictor,20,,410,44.6,410,44.6,410,44.6,0.0,0.0,0.0,0.0,8.700000012140663e-05,0.0004905999999209598,0.49138170000014725
5,Degree,OriginalOrder,50,,410,44.6,410,44.6,916,20.5,0.0,24.1,24.1,0.0,8.700000012140663e-05,1.999999312829459e-07,0.49138170000014725
5,Degree,MarginalGainPredictor,50,,410,44.6,410,44.6,410,44.6,0.0,0.0,0.0,0.0,8.700000012140663e-05,0.0006134000000201922,0.49138170000014725
5,Degree,OriginalOrder,100,,410,44.6,410,44.6,916,20.5,0.0,24.1,24.1,0.0,8.700000012140663e-05,3.000000106112566e-07,0.49138170000014725
5,Degree,MarginalGainPredictor,100,,410,44.6,410,44.6,410,44.6,0.0,0.0,0.0,0.0,8.700000012140663e-05,0.00044720000005327165,0.49138170000014725
5,DegreeDiscount,OriginalOrder,10,,410,44.6,310,44.4,12802,22.1,0.20000000000000284,22.299999999999997,22.5,0.0,0.0023799000000508386,1.999999312829459e-07,0.49138170000014725
5,DegreeDiscount,MarginalGainPredictor,10,,410,44.6,310,44.4,310,44.4,0.20000000000000284,0.0,0.20000000000000284,0.0,0.0023799000000508386,0.0006316999999853579,0.49138170000014725
5,DegreeDiscount,OriginalOrder,20,,410,44.6,310,44.4,12802,22.1,0.20000000000000284,22.299999999999997,22.5,0.0,0.0023799000000508386,1.999999312829459e-07,0.49138170000014725
5,DegreeDiscount,MarginalGainPredictor,20,,410,44.6,310,44.4,310,44.4,0.20000000000000284,0.0,0.20000000000000284,0.0,0.0023799000000508386,0.00046380000003409805,0.49138170000014725
5,DegreeDiscount,OriginalOrder,50,,410,44.6,410,44.6,12802,22.1,0.0,22.5,22.5,0.0,0.0023799000000508386,1.999999312829459e-07,0.49138170000014725
5,DegreeDiscount,MarginalGainPredictor,50,,410,44.6,410,44.6,410,44.6,0.0,0.0,0.0,0.0,0.0023799000000508386,0.00048079999987749034,0.49138170000014725
5,DegreeDiscount,OriginalOrder,100,,410,44.6,410,44.6,12802,22.1,0.0,22.5,22.5,0.0,0.0023799000000508386,1.999999312829459e-07,0.49138170000014725
5,DegreeDiscount,MarginalGainPredictor,100,,410,44.6,410,44.6,410,44.6,0.0,0.0,0.0,0.0,0.0023799000000508386,0.0005395999999109335,0.49138170000014725
5,FeatureDQN,OriginalOrder,10,,410,44.6,905,18.3,2034,8.5,26.3,9.8,36.1,0.0,0.0011852000000089902,1.999999312829459e-07,0.49138170000014725
5,FeatureDQN,MarginalGainPredictor,10,,410,44.6,905,18.3,905,18.3,26.3,0.0,26.3,0.0,0.0011852000000089902,0.00043940000000475266,0.49138170000014725
5,FeatureDQN,OriginalOrder,20,,410,44.6,892,38.0,2034,8.5,6.600000000000001,29.5,36.1,0.0,0.0011852000000089902,1.999999312829459e-07,0.49138170000014725
5,FeatureDQN,MarginalGainPredictor,20,,410,44.6,892,38.0,3916,29.0,6.600000000000001,9.0,15.600000000000001,0.0,0.0011852000000089902,0.0004409999999097636,0.49138170000014725
5,FeatureDQN,OriginalOrder,50,,410,44.6,892,38.0,2034,8.5,6.600000000000001,29.5,36.1,0.0,0.0011852000000089902,1.999999312829459e-07,0.49138170000014725
5,FeatureDQN,MarginalGainPredictor,50,,410,44.6,892,38.0,916,20.5,6.600000000000001,17.5,24.1,0.0,0.0011852000000089902,0.0006149999999252032,0.49138170000014725
5,FeatureDQN,OriginalOrder,100,,410,44.6,892,38.0,2034,8.5,6.600000000000001,29.5,36.1,0.0,0.0011852000000089902,1.999999312829459e-07,0.49138170000014725
5,FeatureDQN,MarginalGainPredictor,100,,410,44.6,892,38.0,916,20.5,6.600000000000001,17.5,24.1,0.0,0.0011852000000089902,0.0006095000001096196,0.49138170000014725
5,Random,OriginalOrder,10,0,410,44.6,287,24.1,11250,3.1,20.5,21.0,41.5,0.0,5.55999999960477e-05,1.0000007932831068e-07,0.49138170000014725
5,Random,MarginalGainPredictor,10,0,410,44.6,287,24.1,699,9.3,20.5,14.8,35.3,-3.552713678800501e-15,5.55999999960477e-05,0.00045390000013867393,0.49138170000014725
5,Random,OriginalOrder,20,0,410,44.6,287,24.1,11250,3.1,20.5,21.0,41.5,0.0,5.55999999960477e-05,1.0000007932831068e-07,0.49138170000014725
5,Random,MarginalGainPredictor,20,0,410,44.6,287,24.1,1816,20.5,20.5,3.6000000000000014,24.1,0.0,5.55999999960477e-05,0.00044620000016948325,0.49138170000014725
5,Random,OriginalOrder,50,0,410,44.6,5753,43.0,11250,3.1,1.6000000000000014,39.9,41.5,0.0,5.55999999960477e-05,2.0000015865662135e-07,0.49138170000014725
5,Random,MarginalGainPredictor,50,0,410,44.6,5753,43.0,820,19.8,1.6000000000000014,23.2,24.8,0.0,5.55999999960477e-05,0.00046229999998104176,0.49138170000014725
5,Random,OriginalOrder,100,0,410,44.6,5753,43.0,11250,3.1,1.6000000000000014,39.9,41.5,0.0,5.55999999960477e-05,1.999999312829459e-07,0.49138170000014725
5,Random,MarginalGainPredictor,100,0,410,44.6,5753,43.0,985,32.3,1.6000000000000014,10.700000000000003,12.300000000000004,0.0,5.55999999960477e-05,0.0005164000001514069,0.49138170000014725
5,Random,OriginalOrder,10,1,410,44.6,2216,29.7,2414,15.3,14.900000000000002,14.399999999999999,29.3,0.0,4.889999991064542e-05,1.999999312829459e-07,0.49138170000014725
5,Random,MarginalGainPredictor,10,1,410,44.6,2216,29.7,2216,29.7,14.900000000000002,0.0,14.900000000000002,0.0,4.889999991064542e-05,0.00043940000000475266,0.49138170000014725
5,Random,OriginalOrder,20,1,410,44.6,1807,34.7,2414,15.3,9.899999999999999,19.400000000000002,29.3,0.0,4.889999991064542e-05,9.999985195463523e-08,0.49138170000014725
5,Random,MarginalGainPredictor,20,1,410,44.6,1807,34.7,1807,34.7,9.899999999999999,0.0,9.899999999999999,0.0,4.889999991064542e-05,0.0004403000000365864,0.49138170000014725
5,Random,OriginalOrder,50,1,410,44.6,1807,34.7,2414,15.3,9.899999999999999,19.400000000000002,29.3,0.0,4.889999991064542e-05,1.999999312829459e-07,0.49138170000014725
5,Random,MarginalGainPredictor,50,1,410,44.6,1807,34.7,1807,34.7,9.899999999999999,0.0,9.899999999999999,0.0,4.889999991064542e-05,0.00047230000018316787,0.49138170000014725
5,Random,OriginalOrder,100,1,410,44.6,310,44.4,2414,15.3,0.20000000000000284,29.099999999999998,29.3,0.0,4.889999991064542e-05,2.0000015865662135e-07,0.49138170000014725
5,Random,MarginalGainPredictor,100,1,410,44.6,310,44.4,310,44.4,0.20000000000000284,0.0,0.20000000000000284,0.0,4.889999991064542e-05,0.0005077999999230087,0.49138170000014725
5,Random,OriginalOrder,10,2,410,44.6,830,27.0,7993,4.2,17.6,22.8,40.4,-3.552713678800501e-15,4.590000003190653e-05,1.0000007932831068e-07,0.49138170000014725
5,Random,MarginalGainPredictor,10,2,410,44.6,830,27.0,1352,9.6,17.6,17.4,35.0,0.0,4.590000003190653e-05,0.0004292000000987173,0.49138170000014725
5,Random,OriginalOrder,20,2,410,44.6,1807,34.7,7993,4.2,9.899999999999999,30.500000000000004,40.4,-3.552713678800501e-15,4.590000003190653e-05,1.999999312829459e-07,0.49138170000014725
5,Random,MarginalGainPredictor,20,2,410,44.6,1807,34.7,1807,34.7,9.899999999999999,0.0,9.899999999999999,0.0,4.590000003190653e-05,0.0004422000001795823,0.49138170000014725
5,Random,OriginalOrder,50,2,410,44.6,410,44.6,7993,4.2,0.0,40.4,40.4,0.0,4.590000003190653e-05,2.0000015865662135e-07,0.49138170000014725
5,Random,MarginalGainPredictor,50,2,410,44.6,410,44.6,410,44.6,0.0,0.0,0.0,0.0,4.590000003190653e-05,0.0006457999998019659,0.49138170000014725
5,Random,OriginalOrder,100,2,410,44.6,410,44.6,7993,4.2,0.0,40.4,40.4,0.0,4.590000003190653e-05,1.0000007932831068e-07,0.49138170000014725
5,Random,MarginalGainPredictor,100,2,410,44.6,410,44.6,410,44.6,0.0,0.0,0.0,0.0,4.590000003190653e-05,0.000592099999948914,0.49138170000014725
5,Random,OriginalOrder,10,3,410,44.6,892,38.0,7993,4.2,6.600000000000001,33.8,40.4,0.0,4.500000000007276e-05,1.999999312829459e-07,0.49138170000014725
5,Random,MarginalGainPredictor,10,3,410,44.6,892,38.0,830,27.0,6.600000000000001,11.0,17.6,0.0,4.500000000007276e-05,0.00043430000005173497,0.49138170000014725
5,Random,OriginalOrder,20,3,410,44.6,5753,43.0,7993,4.2,1.6000000000000014,38.8,40.4,0.0,4.500000000007276e-05,1.999999312829459e-07,0.49138170000014725
5,Random,MarginalGainPredictor,20,3,410,44.6,5753,43.0,985,32.3,1.6000000000000014,10.700000000000003,12.300000000000004,0.0,4.500000000007276e-05,0.0004397000000153639,0.49138170000014725
5,Random,OriginalOrder,50,3,410,44.6,5753,43.0,7993,4.2,1.6000000000000014,38.8,40.4,0.0,4.500000000007276e-05,1.999999312829459e-07,0.49138170000014725
5,Random,MarginalGainPredictor,50,3,410,44.6,5753,43.0,985,32.3,1.6000000000000014,10.700000000000003,12.300000000000004,0.0,4.500000000007276e-05,0.0004804999998668791,0.49138170000014725
5,Random,OriginalOrder,100,3,410,44.6,5753,43.0,7993,4.2,1.6000000000000014,38.8,40.4,0.0,4.500000000007276e-05,1.999999312829459e-07,0.49138170000014725
5,Random,MarginalGainPredictor,100,3,410,44.6,5753,43.0,985,32.3,1.6000000000000014,10.700000000000003,12.300000000000004,0.0,4.500000000007276e-05,0.0005333999999947991,0.49138170000014725
5,Random,OriginalOrder,10,4,410,44.6,1816,20.5,2455,10.6,24.1,9.9,34.0,-1.7763568394002505e-15,4.749999993691745e-05,1.0000007932831068e-07,0.49138170000014725
5,Random,MarginalGainPredictor,10,4,410,44.6,1816,20.5,1816,20.5,24.1,0.0,24.1,0.0,4.749999993691745e-05,0.0004440999998678308,0.49138170000014725
5,Random,OriginalOrder,20,4,410,44.6,1816,20.5,2455,10.6,24.1,9.9,34.0,-1.7763568394002505e-15,4.749999993691745e-05,2.0000015865662135e-07,0.49138170000014725
5,Random,MarginalGainPredictor,20,4,410,44.6,1816,20.5,1816,20.5,24.1,0.0,24.1,0.0,4.749999993691745e-05,0.0006105999998453626,0.49138170000014725
5,Random,OriginalOrder,50,4,410,44.6,7963,26.0,2455,10.6,18.6,15.4,34.0,-1.7763568394002505e-15,4.749999993691745e-05,9.999985195463523e-08,0.49138170000014725
5,Random,MarginalGainPredictor,50,4,410,44.6,7963,26.0,7995,16.9,18.6,9.100000000000001,27.700000000000003,0.0,4.749999993691745e-05,0.0005412999998952728,0.49138170000014725
5,Random,OriginalOrder,100,4,410,44.6,5753,43.0,2455,10.6,1.6000000000000014,32.4,34.0,0.0,4.749999993691745e-05,9.999985195463523e-08,0.49138170000014725
5,Random,MarginalGainPredictor,100,4,410,44.6,5753,43.0,7995,16.9,1.6000000000000014,26.1,27.700000000000003,0.0,4.749999993691745e-05,0.0005331999998361425,0.49138170000014725
5,Random,OriginalOrder,10,5,410,44.6,830,27.0,595,7.5,17.6,19.5,37.1,0.0,4.4800000068789814e-05,9.999985195463523e-08,0.49138170000014725
5,Random,MarginalGainPredictor,10,5,410,44.6,830,27.0,98,16.7,17.6,10.3,27.900000000000002,0.0,4.4800000068789814e-05,0.000445900000158872,0.49138170000014725
5,Random,OriginalOrder,20,5,410,44.6,830,27.0,595,7.5,17.6,19.5,37.1,0.0,4.4800000068789814e-05,1.999999312829459e-07,0.49138170000014725
5,Random,MarginalGainPredictor,20,5,410,44.6,830,27.0,820,19.8,17.6,7.199999999999999,24.8,0.0,4.4800000068789814e-05,0.0004716999999345717,0.49138170000014725
5,Random,OriginalOrder,50,5,410,44.6,892,38.0,595,7.5,6.600000000000001,30.5,37.1,0.0,4.4800000068789814e-05,2.0000015865662135e-07,0.49138170000014725
5,Random,MarginalGainPredictor,50,5,410,44.6,892,38.0,985,32.3,6.600000000000001,5.700000000000003,12.300000000000004,0.0,4.4800000068789814e-05,0.0004916000000321219,0.49138170000014725
5,Random,OriginalOrder,100,5,410,44.6,310,44.4,595,7.5,0.20000000000000284,36.9,37.1,0.0,4.4800000068789814e-05,1.999999312829459e-07,0.49138170000014725
5,Random,MarginalGainPredictor,100,5,410,44.6,310,44.4,310,44.4,0.20000000000000284,0.0,0.20000000000000284,0.0,4.4800000068789814e-05,0.0005409000000327069,0.49138170000014725
5,Random,OriginalOrder,10,6,410,44.6,5753,43.0,1140,12.0,1.6000000000000014,31.0,32.6,0.0,4.42000000475673e-05,9.999985195463523e-08,0.49138170000014725
5,Random,MarginalGainPredictor,10,6,410,44.6,5753,43.0,5753,43.0,1.6000000000000014,0.0,1.6000000000000014,0.0,4.42000000475673e-05,0.000438100000110353,0.49138170000014725
5,Random,OriginalOrder,20,6,410,44.6,5753,43.0,1140,12.0,1.6000000000000014,31.0,32.6,0.0,4.42000000475673e-05,1.999999312829459e-07,0.49138170000014725
5,Random,MarginalGainPredictor,20,6,410,44.6,5753,43.0,5753,43.0,1.6000000000000014,0.0,1.6000000000000014,0.0,4.42000000475673e-05,0.000432900000078007,0.49138170000014725
5,Random,OriginalOrder,50,6,410,44.6,5753,43.0,1140,12.0,1.6000000000000014,31.0,32.6,0.0,4.42000000475673e-05,2.0000015865662135e-07,0.49138170000014725
5,Random,MarginalGainPredictor,50,6,410,44.6,5753,43.0,985,32.3,1.6000000000000014,10.700000000000003,12.300000000000004,0.0,4.42000000475673e-05,0.0004681999998865649,0.49138170000014725
5,Random,OriginalOrder,100,6,410,44.6,5753,43.0,1140,12.0,1.6000000000000014,31.0,32.6,0.0,4.42000000475673e-05,2.0000015865662135e-07,0.49138170000014725
5,Random,MarginalGainPredictor,100,6,410,44.6,5753,43.0,985,32.3,1.6000000000000014,10.700000000000003,12.300000000000004,0.0,4.42000000475673e-05,0.0005231000000094355,0.49138170000014725
5,Random,OriginalOrder,10,7,410,44.6,692,21.3,88,5.2,23.3,16.1,39.4,-3.552713678800501e-15,4.5099999852027395e-05,1.999999312829459e-07,0.49138170000014725
5,Random,MarginalGainPredictor,10,7,410,44.6,692,21.3,692,21.3,23.3,0.0,23.3,0.0,4.5099999852027395e-05,0.00043320000008861825,0.49138170000014725
5,Random,OriginalOrder,20,7,410,44.6,2477,28.4,88,5.2,16.200000000000003,23.2,39.4,-3.552713678800501e-15,4.5099999852027395e-05,1.999999312829459e-07,0.49138170000014725
5,Random,MarginalGainPredictor,20,7,410,44.6,2477,28.4,1249,13.6,16.200000000000003,14.799999999999999,31.0,-1.7763568394002505e-15,4.5099999852027395e-05,0.000441999999793552,0.49138170000014725
5,Random,OriginalOrder,50,7,410,44.6,2216,29.7,88,5.2,14.900000000000002,24.5,39.4,-3.552713678800501e-15,4.5099999852027395e-05,1.999999312829459e-07,0.49138170000014725
5,Random,MarginalGainPredictor,50,7,410,44.6,2216,29.7,2216,29.7,14.900000000000002,0.0,14.900000000000002,0.0,4.5099999852027395e-05,0.0004589000000123633,0.49138170000014725
5,Random,OriginalOrder,100,7,410,44.6,310,44.4,88,5.2,0.20000000000000284,39.199999999999996,39.4,0.0,4.5099999852027395e-05,2.0000015865662135e-07,0.49138170000014725
5,Random,MarginalGainPredictor,100,7,410,44.6,310,44.4,310,44.4,0.20000000000000284,0.0,0.20000000000000284,0.0,4.5099999852027395e-05,0.0005101000001559441,0.49138170000014725
5,Random,OriginalOrder,10,8,410,44.6,985,32.3,985,32.3,12.300000000000004,0.0,12.300000000000004,0.0,4.399999988891068e-05,9.999985195463523e-08,0.49138170000014725
5,Random,MarginalGainPredictor,10,8,410,44.6,985,32.3,985,32.3,12.300000000000004,0.0,12.300000000000004,0.0,4.399999988891068e-05,0.0008606999999756226,0.49138170000014725
5,Random,OriginalOrder,20,8,410,44.6,985,32.3,985,32.3,12.300000000000004,0.0,12.300000000000004,0.0,4.399999988891068e-05,4.0000008993956726e-07,0.49138170000014725
5,Random,MarginalGainPredictor,20,8,410,44.6,985,32.3,985,32.3,12.300000000000004,0.0,12.300000000000004,0.0,4.399999988891068e-05,0.0006350999999540363,0.49138170000014725
5,Random,OriginalOrder,50,8,410,44.6,985,32.3,985,32.3,12.300000000000004,0.0,12.300000000000004,0.0,4.399999988891068e-05,1.999999312829459e-07,0.49138170000014725
5,Random,MarginalGainPredictor,50,8,410,44.6,985,32.3,985,32.3,12.300000000000004,0.0,12.300000000000004,0.0,4.399999988891068e-05,0.0004364999999779684,0.49138170000014725
5,Random,OriginalOrder,100,8,410,44.6,985,32.3,985,32.3,12.300000000000004,0.0,12.300000000000004,0.0,4.399999988891068e-05,1.999999312829459e-07,0.49138170000014725
5,Random,MarginalGainPredictor,100,8,410,44.6,985,32.3,985,32.3,12.300000000000004,0.0,12.300000000000004,0.0,4.399999988891068e-05,0.0004654999997910636,0.49138170000014725
5,Random,OriginalOrder,10,9,410,44.6,985,32.3,1978,17.1,12.300000000000004,15.199999999999996,27.5,0.0,4.500000000007276e-05,9.999985195463523e-08,0.49138170000014725
5,Random,MarginalGainPredictor,10,9,410,44.6,985,32.3,985,32.3,12.300000000000004,0.0,12.300000000000004,0.0,4.500000000007276e-05,0.00037640000005012553,0.49138170000014725
5,Random,OriginalOrder,20,9,410,44.6,5753,43.0,1978,17.1,1.6000000000000014,25.9,27.5,0.0,4.500000000007276e-05,1.0000007932831068e-07,0.49138170000014725
5,Random,MarginalGainPredictor,20,9,410,44.6,5753,43.0,985,32.3,1.6000000000000014,10.700000000000003,12.300000000000004,0.0,4.500000000007276e-05,0.00045139999997445557,0.49138170000014725
5,Random,OriginalOrder,50,9,410,44.6,5753,43.0,1978,17.1,1.6000000000000014,25.9,27.5,0.0,4.500000000007276e-05,1.999999312829459e-07,0.49138170000014725
5,Random,MarginalGainPredictor,50,9,410,44.6,5753,43.0,985,32.3,1.6000000000000014,10.700000000000003,12.300000000000004,0.0,4.500000000007276e-05,0.0004063999999743828,0.49138170000014725
5,Random,OriginalOrder,100,9,410,44.6,5753,43.0,1978,17.1,1.6000000000000014,25.9,27.5,0.0,4.500000000007276e-05,1.999999312829459e-07,0.49138170000014725
5,Random,MarginalGainPredictor,100,9,410,44.6,5753,43.0,1807,34.7,1.6000000000000014,8.299999999999997,9.899999999999999,0.0,4.500000000007276e-05,0.0004692999998496816,0.49138170000014725
6,Degree,OriginalOrder,10,,2477,40.4,310,39.3,916,20.5,1.1000000000000014,18.799999999999997,19.9,0.0,9.529999988444615e-05,3.000000106112566e-07,0.36972049999985757
6,Degree,MarginalGainPredictor,10,,2477,40.4,310,39.3,310,39.3,1.1000000000000014,0.0,1.1000000000000014,0.0,9.529999988444615e-05,0.0010866000000078202,0.36972049999985757
6,Degree,OriginalOrder,20,,2477,40.4,892,39.5,916,20.5,0.8999999999999986,19.0,19.9,0.0,9.529999988444615e-05,1.999999312829459e-07,0.36972049999985757
6,Degree,MarginalGainPredictor,20,,2477,40.4,892,39.5,310,39.3,0.8999999999999986,0.20000000000000284,1.1000000000000014,0.0,9.529999988444615e-05,0.00041329999999106803,0.36972049999985757
6,Degree,OriginalOrder,50,,2477,40.4,892,39.5,916,20.5,0.8999999999999986,19.0,19.9,0.0,9.529999988444615e-05,1.999999312829459e-07,0.36972049999985757
6,Degree,MarginalGainPredictor,50,,2477,40.4,892,39.5,310,39.3,0.8999999999999986,0.20000000000000284,1.1000000000000014,0.0,9.529999988444615e-05,0.0004047999998419982,0.36972049999985757
6,Degree,OriginalOrder,100,,2477,40.4,892,39.5,916,20.5,0.8999999999999986,19.0,19.9,0.0,9.529999988444615e-05,2.0000015865662135e-07,0.36972049999985757
6,Degree,MarginalGainPredictor,100,,2477,40.4,892,39.5,310,39.3,0.8999999999999986,0.20000000000000284,1.1000000000000014,0.0,9.529999988444615e-05,0.0005810000000110449,0.36972049999985757
6,DegreeDiscount,OriginalOrder,10,,2477,40.4,310,39.3,12802,19.6,1.1000000000000014,19.699999999999996,20.799999999999997,0.0,0.002001099999915823,2.0000015865662135e-07,0.36972049999985757
6,DegreeDiscount,MarginalGainPredictor,10,,2477,40.4,310,39.3,310,39.3,1.1000000000000014,0.0,1.1000000000000014,0.0,0.002001099999915823,0.0004377000000204134,0.36972049999985757
6,DegreeDiscount,OriginalOrder,20,,2477,40.4,310,39.3,12802,19.6,1.1000000000000014,19.699999999999996,20.799999999999997,0.0,0.002001099999915823,1.999999312829459e-07,0.36972049999985757
6,DegreeDiscount,MarginalGainPredictor,20,,2477,40.4,310,39.3,310,39.3,1.1000000000000014,0.0,1.1000000000000014,0.0,0.002001099999915823,0.00034719999985100003,0.36972049999985757
6,DegreeDiscount,OriginalOrder,50,,2477,40.4,310,39.3,12802,19.6,1.1000000000000014,19.699999999999996,20.799999999999997,0.0,0.002001099999915823,1.999999312829459e-07,0.36972049999985757
6,DegreeDiscount,MarginalGainPredictor,50,,2477,40.4,310,39.3,310,39.3,1.1000000000000014,0.0,1.1000000000000014,0.0,0.002001099999915823,0.000406899999916277,0.36972049999985757
6,DegreeDiscount,OriginalOrder,100,,2477,40.4,2477,40.4,12802,19.6,0.0,20.799999999999997,20.799999999999997,0.0,0.002001099999915823,9.999985195463523e-08,0.36972049999985757
6,DegreeDiscount,MarginalGainPredictor,100,,2477,40.4,2477,40.4,310,39.3,0.0,1.1000000000000014,1.1000000000000014,0.0,0.002001099999915823,0.0004069000001436507,0.36972049999985757
6,FeatureDQN,OriginalOrder,10,,2477,40.4,905,21.1,2034,8.0,19.299999999999997,13.100000000000001,32.4,0.0,0.0008709999999609863,1.999999312829459e-07,0.36972049999985757
6,FeatureDQN,MarginalGainPredictor,10,,2477,40.4,905,21.1,905,21.1,19.299999999999997,0.0,19.299999999999997,0.0,0.0008709999999609863,0.00035530000013750396,0.36972049999985757
6,FeatureDQN,OriginalOrder,20,,2477,40.4,892,39.5,2034,8.0,0.8999999999999986,31.5,32.4,0.0,0.0008709999999609863,1.999999312829459e-07,0.36972049999985757
6,FeatureDQN,MarginalGainPredictor,20,,2477,40.4,892,39.5,3916,20.5,0.8999999999999986,19.0,19.9,0.0,0.0008709999999609863,0.00037589999988085765,0.36972049999985757
6,FeatureDQN,OriginalOrder,50,,2477,40.4,892,39.5,2034,8.0,0.8999999999999986,31.5,32.4,0.0,0.0008709999999609863,1.999999312829459e-07,0.36972049999985757
6,FeatureDQN,MarginalGainPredictor,50,,2477,40.4,892,39.5,916,20.5,0.8999999999999986,19.0,19.9,0.0,0.0008709999999609863,0.00043479999999362917,0.36972049999985757
6,FeatureDQN,OriginalOrder,100,,2477,40.4,892,39.5,2034,8.0,0.8999999999999986,31.5,32.4,0.0,0.0008709999999609863,2.0000015865662135e-07,0.36972049999985757
6,FeatureDQN,MarginalGainPredictor,100,,2477,40.4,892,39.5,916,20.5,0.8999999999999986,19.0,19.9,0.0,0.0008709999999609863,0.0006293999999797961,0.36972049999985757
6,Random,OriginalOrder,10,0,2477,40.4,2477,40.4,334,9.4,0.0,31.0,31.0,0.0,5.329999999048596e-05,2.0000015865662135e-07,0.36972049999985757
6,Random,MarginalGainPredictor,10,0,2477,40.4,2477,40.4,181,21.0,0.0,19.4,19.4,0.0,5.329999999048596e-05,0.0005959000000075321,0.36972049999985757
6,Random,OriginalOrder,20,0,2477,40.4,2477,40.4,334,9.4,0.0,31.0,31.0,0.0,5.329999999048596e-05,1.999999312829459e-07,0.36972049999985757
6,Random,MarginalGainPredictor,20,0,2477,40.4,2477,40.4,98,16.6,0.0,23.799999999999997,23.799999999999997,0.0,5.329999999048596e-05,0.00042860000007749477,0.36972049999985757
6,Random,OriginalOrder,50,0,2477,40.4,2477,40.4,334,9.4,0.0,31.0,31.0,0.0,5.329999999048596e-05,1.999999312829459e-07,0.36972049999985757
6,Random,MarginalGainPredictor,50,0,2477,40.4,2477,40.4,916,20.5,0.0,19.9,19.9,0.0,5.329999999048596e-05,0.00039530000003651367,0.36972049999985757
6,Random,OriginalOrder,100,0,2477,40.4,2477,40.4,334,9.4,0.0,31.0,31.0,0.0,5.329999999048596e-05,1.0000007932831068e-07,0.36972049999985757
6,Random,MarginalGainPredictor,100,0,2477,40.4,2477,40.4,310,39.3,0.0,1.1000000000000014,1.1000000000000014,0.0,5.329999999048596e-05,0.00039399999991474033,0.36972049999985757
6,Random,OriginalOrder,10,1,2477,40.4,985,33.9,928,10.3,6.5,23.599999999999998,30.099999999999998,0.0,3.400000014153193e-05,1.0000007932831068e-07,0.36972049999985757
6,Random,MarginalGainPredictor,10,1,2477,40.4,985,33.9,985,33.9,6.5,0.0,6.5,0.0,3.400000014153193e-05,0.0003779000001031818,0.36972049999985757
6,Random,OriginalOrder,20,1,2477,40.4,985,33.9,928,10.3,6.5,23.599999999999998,30.099999999999998,0.0,3.400000014153193e-05,1.999999312829459e-07,0.36972049999985757
6,Random,MarginalGainPredictor,20,1,2477,40.4,985,33.9,985,33.9,6.5,0.0,6.5,0.0,3.400000014153193e-05,0.0003438999999616499,0.36972049999985757
6,Random,OriginalOrder,50,1,2477,40.4,985,33.9,928,10.3,6.5,23.599999999999998,30.099999999999998,0.0,3.400000014153193e-05,1.999999312829459e-07,0.36972049999985757
6,Random,MarginalGainPredictor,50,1,2477,40.4,985,33.9,985,33.9,6.5,0.0,6.5,0.0,3.400000014153193e-05,0.0003663999998479994,0.36972049999985757
6,Random,OriginalOrder,100,1,2477,40.4,985,33.9,928,10.3,6.5,23.599999999999998,30.099999999999998,0.0,3.400000014153193e-05,1.999999312829459e-07,0.36972049999985757
6,Random,MarginalGainPredictor,100,1,2477,40.4,985,33.9,985,33.9,6.5,0.0,6.5,0.0,3.400000014153193e-05,0.00044870000010632793,0.36972049999985757
6,Random,OriginalOrder,10,2,2477,40.4,181,21.0,181,21.0,19.4,0.0,19.4,0.0,3.3300000040981104e-05,1.0000007932831068e-07,0.36972049999985757
6,Random,MarginalGainPredictor,10,2,2477,40.4,181,21.0,1277,0.0,19.4,21.0,40.4,0.0,3.3300000040981104e-05,0.00047930000005180773,0.36972049999985757
6,Random,OriginalOrder,20,2,2477,40.4,1439,22.5,181,21.0,17.9,1.5,19.4,0.0,3.3300000040981104e-05,2.0000015865662135e-07,0.36972049999985757
6,Random,MarginalGainPredictor,20,2,2477,40.4,1439,22.5,1277,0.0,17.9,22.5,40.4,0.0,3.3300000040981104e-05,0.0004907999998522428,0.36972049999985757
6,Random,OriginalOrder,50,2,2477,40.4,892,39.5,181,21.0,0.8999999999999986,18.5,19.4,0.0,3.3300000040981104e-05,2.0000015865662135e-07,0.36972049999985757
6,Random,MarginalGainPredictor,50,2,2477,40.4,892,39.5,2216,30.5,0.8999999999999986,9.0,9.899999999999999,0.0,3.3300000040981104e-05,0.0005213000001731416,0.36972049999985757
6,Random,OriginalOrder,100,2,2477,40.4,2477,40.4,181,21.0,0.0,19.4,19.4,0.0,3.3300000040981104e-05,2.0000015865662135e-07,0.36972049999985757
6,Random,MarginalGainPredictor,100,2,2477,40.4,2477,40.4,310,39.3,0.0,1.1000000000000014,1.1000000000000014,0.0,3.3300000040981104e-05,0.0006292999999004678,0.36972049999985757
6,Random,OriginalOrder,10,3,2477,40.4,1140,23.3,2368,8.0,17.099999999999998,15.3,32.4,0.0,4.459999991013319e-05,2.0000015865662135e-07,0.36972049999985757
6,Random,MarginalGainPredictor,10,3,2477,40.4,1140,23.3,1140,23.3,17.099999999999998,0.0,17.099999999999998,0.0,4.459999991013319e-05,0.00048240000000987493,0.36972049999985757
6,Random,OriginalOrder,20,3,2477,40.4,1140,23.3,2368,8.0,17.099999999999998,15.3,32.4,0.0,4.459999991013319e-05,1.0000007932831068e-07,0.36972049999985757
6,Random,MarginalGainPredictor,20,3,2477,40.4,1140,23.3,3078,17.9,17.099999999999998,5.400000000000002,22.5,0.0,4.459999991013319e-05,0.0003616999999849213,0.36972049999985757
6,Random,OriginalOrder,50,3,2477,40.4,892,39.5,2368,8.0,0.8999999999999986,31.5,32.4,0.0,4.459999991013319e-05,1.0000007932831068e-07,0.36972049999985757
6,Random,MarginalGainPredictor,50,3,2477,40.4,892,39.5,310,39.3,0.8999999999999986,0.20000000000000284,1.1000000000000014,0.0,4.459999991013319e-05,0.0004179000000021915,0.36972049999985757
6,Random,OriginalOrder,100,3,2477,40.4,892,39.5,2368,8.0,0.8999999999999986,31.5,32.4,0.0,4.459999991013319e-05,1.999999312829459e-07,0.36972049999985757
6,Random,MarginalGainPredictor,100,3,2477,40.4,892,39.5,310,39.3,0.8999999999999986,0.20000000000000284,1.1000000000000014,0.0,4.459999991013319e-05,0.0004059000000324886,0.36972049999985757
6,Random,OriginalOrder,10,4,2477,40.4,2122,26.9,1244,9.9,13.5,17.0,30.5,0.0,3.349999997226405e-05,0.0,0.36972049999985757
6,Random,MarginalGainPredictor,10,4,2477,40.4,2122,26.9,820,17.0,13.5,9.899999999999999,23.4,0.0,3.349999997226405e-05,0.0003725999999915075,0.36972049999985757
6,Random,OriginalOrder,20,4,2477,40.4,3225,27.8,1244,9.9,12.599999999999998,17.9,30.5,3.552713678800501e-15,3.349999997226405e-05,2.0000015865662135e-07,0.36972049999985757
6,Random,MarginalGainPredictor,20,4,2477,40.4,3225,27.8,820,17.0,12.599999999999998,10.8,23.4,0.0,3.349999997226405e-05,0.0003518999999414518,0.36972049999985757
6,Random,OriginalOrder,50,4,2477,40.4,3225,27.8,1244,9.9,12.599999999999998,17.9,30.5,3.552713678800501e-15,3.349999997226405e-05,9.999985195463523e-08,0.36972049999985757
6,Random,MarginalGainPredictor,50,4,2477,40.4,3225,27.8,820,17.0,12.599999999999998,10.8,23.4,0.0,3.349999997226405e-05,0.00038900000004105095,0.36972049999985757
6,Random,OriginalOrder,100,4,2477,40.4,2023,30.9,1244,9.9,9.5,21.0,30.5,0.0,3.349999997226405e-05,1.999999312829459e-07,0.36972049999985757
6,Random,MarginalGainPredictor,100,4,2477,40.4,2023,30.9,820,17.0,9.5,13.899999999999999,23.4,0.0,3.349999997226405e-05,0.0004998000001705805,0.36972049999985757
6,Random,OriginalOrder,10,5,2477,40.4,3225,27.8,181,21.0,12.599999999999998,6.800000000000001,19.4,0.0,4.5300000010684016e-05,1.0000007932831068e-07,0.36972049999985757
6,Random,MarginalGainPredictor,10,5,2477,40.4,3225,27.8,1816,23.4,12.599999999999998,4.400000000000002,17.0,0.0,4.5300000010684016e-05,0.0004804999998668791,0.36972049999985757
6,Random,OriginalOrder,20,5,2477,40.4,3225,27.8,181,21.0,12.599999999999998,6.800000000000001,19.4,0.0,4.5300000010684016e-05,1.999999312829459e-07,0.36972049999985757
6,Random,MarginalGainPredictor,20,5,2477,40.4,3225,27.8,1816,23.4,12.599999999999998,4.400000000000002,17.0,0.0,4.5300000010684016e-05,0.0004645999999866035,0.36972049999985757
6,Random,OriginalOrder,50,5,2477,40.4,658,29.8,181,21.0,10.599999999999998,8.8,19.4,0.0,4.5300000010684016e-05,1.999999312829459e-07,0.36972049999985757
6,Random,MarginalGainPredictor,50,5,2477,40.4,658,29.8,1249,12.8,10.599999999999998,17.0,27.599999999999998,0.0,4.5300000010684016e-05,0.00047530000006190676,0.36972049999985757
6,Random,OriginalOrder,100,5,2477,40.4,658,29.8,181,21.0,10.599999999999998,8.8,19.4,0.0,4.5300000010684016e-05,1.999999312829459e-07,0.36972049999985757
6,Random,MarginalGainPredictor,100,5,2477,40.4,658,29.8,1277,0.0,10.599999999999998,29.8,40.4,0.0,4.5300000010684016e-05,0.0006612999998196756,0.36972049999985757
6,Random,OriginalOrder,10,6,2477,40.4,5753,38.1,5753,38.1,2.299999999999997,0.0,2.299999999999997,0.0,5.409999994299142e-05,1.0000007932831068e-07,0.36972049999985757
6,Random,MarginalGainPredictor,10,6,2477,40.4,5753,38.1,5753,38.1,2.299999999999997,0.0,2.299999999999997,0.0,5.409999994299142e-05,0.000477000000046246,0.36972049999985757
6,Random,OriginalOrder,20,6,2477,40.4,5753,38.1,5753,38.1,2.299999999999997,0.0,2.299999999999997,0.0,5.409999994299142e-05,1.999999312829459e-07,0.36972049999985757
6,Random,MarginalGainPredictor,20,6,2477,40.4,5753,38.1,1352,17.5,2.299999999999997,20.6,22.9,0.0,5.409999994299142e-05,0.00044260000004214817,0.36972049999985757
6,Random,OriginalOrder,50,6,2477,40.4,5753,38.1,5753,38.1,2.299999999999997,0.0,2.299999999999997,0.0,5.409999994299142e-05,2.0000015865662135e-07,0.36972049999985757
6,Random,MarginalGainPredictor,50,6,2477,40.4,5753,38.1,1807,37.6,2.299999999999997,0.5,2.799999999999997,0.0,5.409999994299142e-05,0.00046180000003914756,0.36972049999985757
6,Random,OriginalOrder,100,6,2477,40.4,2477,40.4,5753,38.1,0.0,2.299999999999997,2.299999999999997,0.0,5.409999994299142e-05,2.0000015865662135e-07,0.36972049999985757
6,Random,MarginalGainPredictor,100,6,2477,40.4,2477,40.4,1807,37.6,0.0,2.799999999999997,2.799999999999997,0.0,5.409999994299142e-05,0.0006375000000389264,0.36972049999985757
6,Random,OriginalOrder,10,7,2477,40.4,181,21.0,461,12.8,19.4,8.2,27.599999999999998,0.0,4.600000011123484e-05,9.999985195463523e-08,0.36972049999985757
6,Random,MarginalGainPredictor,10,7,2477,40.4,181,21.0,1040,8.3,19.4,12.7,32.099999999999994,-3.552713678800501e-15,4.600000011123484e-05,0.0004417000000103144,0.36972049999985757
6,Random,OriginalOrder,20,7,2477,40.4,1140,23.3,461,12.8,17.099999999999998,10.5,27.599999999999998,0.0,4.600000011123484e-05,1.999999312829459e-07,0.36972049999985757
6,Random,MarginalGainPredictor,20,7,2477,40.4,1140,23.3,820,17.0,17.099999999999998,6.300000000000001,23.4,0.0,4.600000011123484e-05,0.00046440000005532056,0.36972049999985757
6,Random,OriginalOrder,50,7,2477,40.4,310,39.3,461,12.8,1.1000000000000014,26.499999999999996,27.599999999999998,0.0,4.600000011123484e-05,1.999999312829459e-07,0.36972049999985757
6,Random,MarginalGainPredictor,50,7,2477,40.4,310,39.3,310,39.3,1.1000000000000014,0.0,1.1000000000000014,0.0,4.600000011123484e-05,0.00046799999995528196,0.36972049999985757
6,Random,OriginalOrder,100,7,2477,40.4,310,39.3,461,12.8,1.1000000000000014,26.499999999999996,27.599999999999998,0.0,4.600000011123484e-05,1.999999312829459e-07,0.36972049999985757
6,Random,MarginalGainPredictor,100,7,2477,40.4,310,39.3,310,39.3,1.1000000000000014,0.0,1.1000000000000014,0.0,4.600000011123484e-05,0.0006957999999031017,0.36972049999985757
6,Random,OriginalOrder,10,8,2477,40.4,1140,23.3,1126,6.2,17.099999999999998,17.1,34.199999999999996,-3.552713678800501e-15,4.4399999978850246e-05,1.0000007932831068e-07,0.36972049999985757
6,Random,MarginalGainPredictor,10,8,2477,40.4,1140,23.3,1249,12.8,17.099999999999998,10.5,27.599999999999998,0.0,4.4399999978850246e-05,0.0004438000000845932,0.36972049999985757
6,Random,OriginalOrder,20,8,2477,40.4,1140,23.3,1126,6.2,17.099999999999998,17.1,34.199999999999996,-3.552713678800501e-15,4.4399999978850246e-05,1.999999312829459e-07,0.36972049999985757
6,Random,MarginalGainPredictor,20,8,2477,40.4,1140,23.3,1249,12.8,17.099999999999998,10.5,27.599999999999998,0.0,4.4399999978850246e-05,0.0004562999999961903,0.36972049999985757
6,Random,OriginalOrder,50,8,2477,40.4,2477,40.4,1126,6.2,0.0,34.199999999999996,34.199999999999996,0.0,4.4399999978850246e-05,1.999999312829459e-07,0.36972049999985757
6,Random,MarginalGainPredictor,50,8,2477,40.4,2477,40.4,985,33.9,0.0,6.5,6.5,0.0,4.4399999978850246e-05,0.00046629999997094274,0.36972049999985757
6,Random,OriginalOrder,100,8,2477,40.4,2477,40.4,1126,6.2,0.0,34.199999999999996,34.199999999999996,0.0,4.4399999978850246e-05,1.999999312829459e-07,0.36972049999985757
6,Random,MarginalGainPredictor,100,8,2477,40.4,2477,40.4,1807,37.6,0.0,2.799999999999997,2.799999999999997,0.0,4.4399999978850246e-05,0.0006198000000949833,0.36972049999985757
6,Random,OriginalOrder,10,9,2477,40.4,985,33.9,2854,16.4,6.5,17.5,24.0,0.0,4.4000000116284355e-05,1.0000007932831068e-07,0.36972049999985757
6,Random,MarginalGainPredictor,10,9,2477,40.4,985,33.9,985,33.9,6.5,0.0,6.5,0.0,4.4000000116284355e-05,0.0006035999999767228,0.36972049999985757
6,Random,OriginalOrder,20,9,2477,40.4,892,39.5,2854,16.4,0.8999999999999986,23.1,24.0,0.0,4.4000000116284355e-05,1.999999312829459e-07,0.36972049999985757
6,Random,MarginalGainPredictor,20,9,2477,40.4,892,39.5,985,33.9,0.8999999999999986,5.600000000000001,6.5,0.0,4.4000000116284355e-05,0.00045399999999062857,0.36972049999985757
6,Random,OriginalOrder,50,9,2477,40.4,892,39.5,2854,16.4,0.8999999999999986,23.1,24.0,0.0,4.4000000116284355e-05,1.999999312829459e-07,0.36972049999985757
6,Random,MarginalGainPredictor,50,9,2477,40.4,892,39.5,985,33.9,0.8999999999999986,5.600000000000001,6.5,0.0,4.4000000116284355e-05,0.00046479999991788645,0.36972049999985757
6,Random,OriginalOrder,100,9,2477,40.4,892,39.5,2854,16.4,0.8999999999999986,23.1,24.0,0.0,4.4000000116284355e-05,1.999999312829459e-07,0.36972049999985757
6,Random,MarginalGainPredictor,100,9,2477,40.4,892,39.5,310,39.3,0.8999999999999986,0.20000000000000284,1.1000000000000014,0.0,4.4000000116284355e-05,0.00051050000001851,0.36972049999985757
7,Degree,OriginalOrder,10,,310,38.5,310,38.5,916,20.6,0.0,17.9,17.9,0.0,9.829999999055872e-05,1.999999312829459e-07,0.5067282999998497
7,Degree,MarginalGainPredictor,10,,310,38.5,310,38.5,310,38.5,0.0,0.0,0.0,0.0,9.829999999055872e-05,0.0010270000000218715,0.5067282999998497
7,Degree,OriginalOrder,20,,310,38.5,310,38.5,916,20.6,0.0,17.9,17.9,0.0,9.829999999055872e-05,3.000000106112566e-07,0.5067282999998497
7,Degree,MarginalGainPredictor,20,,310,38.5,310,38.5,310,38.5,0.0,0.0,0.0,0.0,9.829999999055872e-05,0.00042340000004514877,0.5067282999998497
7,Degree,OriginalOrder,50,,310,38.5,310,38.5,916,20.6,0.0,17.9,17.9,0.0,9.829999999055872e-05,2.0000015865662135e-07,0.5067282999998497
7,Degree,MarginalGainPredictor,50,,310,38.5,310,38.5,310,38.5,0.0,0.0,0.0,0.0,9.829999999055872e-05,0.000423899999987043,0.5067282999998497
7,Degree,OriginalOrder,100,,310,38.5,310,38.5,916,20.6,0.0,17.9,17.9,0.0,9.829999999055872e-05,2.0000015865662135e-07,0.5067282999998497
7,Degree,MarginalGainPredictor,100,,310,38.5,310,38.5,310,38.5,0.0,0.0,0.0,0.0,9.829999999055872e-05,0.00043989999994664686,0.5067282999998497
7,DegreeDiscount,OriginalOrder,10,,310,38.5,310,38.5,12802,22.1,0.0,16.4,16.4,0.0,0.0019228999999540974,2.0000015865662135e-07,0.5067282999998497
7,DegreeDiscount,MarginalGainPredictor,10,,310,38.5,310,38.5,310,38.5,0.0,0.0,0.0,0.0,0.0019228999999540974,0.00058309999985795,0.5067282999998497
7,DegreeDiscount,OriginalOrder,20,,310,38.5,310,38.5,12802,22.1,0.0,16.4,16.4,0.0,0.0019228999999540974,1.0000007932831068e-07,0.5067282999998497
7,DegreeDiscount,MarginalGainPredictor,20,,310,38.5,310,38.5,310,38.5,0.0,0.0,0.0,0.0,0.0019228999999540974,0.0003861000000142667,0.5067282999998497
7,DegreeDiscount,OriginalOrder,50,,310,38.5,310,38.5,12802,22.1,0.0,16.4,16.4,0.0,0.0019228999999540974,1.0000007932831068e-07,0.5067282999998497
7,DegreeDiscount,MarginalGainPredictor,50,,310,38.5,310,38.5,310,38.5,0.0,0.0,0.0,0.0,0.0019228999999540974,0.0005143000000771281,0.5067282999998497
7,DegreeDiscount,OriginalOrder,100,,310,38.5,310,38.5,12802,22.1,0.0,16.4,16.4,0.0,0.0019228999999540974,1.999999312829459e-07,0.5067282999998497
7,DegreeDiscount,MarginalGainPredictor,100,,310,38.5,310,38.5,310,38.5,0.0,0.0,0.0,0.0,0.0019228999999540974,0.0006393000001025939,0.5067282999998497
7,FeatureDQN,OriginalOrder,10,,310,38.5,905,19.0,2034,10.7,19.5,8.3,27.8,0.0,0.0011256000000230415,1.999999312829459e-07,0.5067282999998497
7,FeatureDQN,MarginalGainPredictor,10,,310,38.5,905,19.0,905,19.0,19.5,0.0,19.5,0.0,0.0011256000000230415,0.00045230000000628934,0.5067282999998497
7,FeatureDQN,OriginalOrder,20,,310,38.5,892,31.6,2034,10.7,6.899999999999999,20.900000000000002,27.8,0.0,0.0011256000000230415,1.999999312829459e-07,0.5067282999998497
7,FeatureDQN,MarginalGainPredictor,20,,310,38.5,892,31.6,3916,30.2,6.899999999999999,1.4000000000000021,8.3,0.0,0.0011256000000230415,0.00038569999992432713,0.5067282999998497
7,FeatureDQN,OriginalOrder,50,,310,38.5,892,31.6,2034,10.7,6.899999999999999,20.900000000000002,27.8,0.0,0.0011256000000230415,1.0000007932831068e-07,0.5067282999998497
7,FeatureDQN,MarginalGainPredictor,50,,310,38.5,892,31.6,916,20.6,6.899999999999999,11.0,17.9,0.0,0.0011256000000230415,0.0004214999999021529,0.5067282999998497
7,FeatureDQN,OriginalOrder,100,,310,38.5,892,31.6,2034,10.7,6.899999999999999,20.900000000000002,27.8,0.0,0.0011256000000230415,9.999985195463523e-08,0.5067282999998497
7,FeatureDQN,MarginalGainPredictor,100,,310,38.5,892,31.6,916,20.6,6.899999999999999,11.0,17.9,0.0,0.0011256000000230415,0.00040400000011686643,0.5067282999998497
7,Random,OriginalOrder,10,0,310,38.5,7377,21.8,4172,15.5,16.7,6.300000000000001,23.0,0.0,4.069999999956053e-05,9.999985195463523e-08,0.5067282999998497
7,Random,MarginalGainPredictor,10,0,310,38.5,7377,21.8,1439,15.7,16.7,6.100000000000001,22.8,0.0,4.069999999956053e-05,0.00037069999984851165,0.5067282999998497
7,Random,OriginalOrder,20,0,310,38.5,1807,34.5,4172,15.5,4.0,19.0,23.0,0.0,4.069999999956053e-05,9.999985195463523e-08,0.5067282999998497
7,Random,MarginalGainPredictor,20,0,310,38.5,1807,34.5,1807,34.5,4.0,0.0,4.0,0.0,4.069999999956053e-05,0.00035630000002129236,0.5067282999998497
7,Random,OriginalOrder,50,0,310,38.5,1807,34.5,4172,15.5,4.0,19.0,23.0,0.0,4.069999999956053e-05,1.0000007932831068e-07,0.5067282999998497
7,Random,MarginalGainPredictor,50,0,310,38.5,1807,34.5,1807,34.5,4.0,0.0,4.0,0.0,4.069999999956053e-05,0.0003590999999687483,0.5067282999998497
7,Random,OriginalOrder,100,0,310,38.5,1807,34.5,4172,15.5,4.0,19.0,23.0,0.0,4.069999999956053e-05,2.0000015865662135e-07,0.5067282999998497
7,Random,MarginalGainPredictor,100,0,310,38.5,1807,34.5,1807,34.5,4.0,0.0,4.0,0.0,4.069999999956053e-05,0.00043299999992996163,0.5067282999998497
7,Random,OriginalOrder,10,1,310,38.5,2122,19.4,2122,19.4,19.1,0.0,19.1,0.0,3.5700000125871156e-05,1.999999312829459e-07,0.5067282999998497
7,Random,MarginalGainPredictor,10,1,310,38.5,2122,19.4,7995,19.4,19.1,0.0,19.1,0.0,3.5700000125871156e-05,0.000340900000082911,0.5067282999998497
7,Random,OriginalOrder,20,1,310,38.5,2122,19.4,2122,19.4,19.1,0.0,19.1,0.0,3.5700000125871156e-05,1.0000007932831068e-07,0.5067282999998497
7,Random,MarginalGainPredictor,20,1,310,38.5,2122,19.4,7995,19.4,19.1,0.0,19.1,0.0,3.5700000125871156e-05,0.0005027000001973647,0.5067282999998497
7,Random,OriginalOrder,50,1,310,38.5,892,31.6,2122,19.4,6.899999999999999,12.200000000000003,19.1,0.0,3.5700000125871156e-05,1.999999312829459e-07,0.5067282999998497
7,Random,MarginalGainPredictor,50,1,310,38.5,892,31.6,7995,19.4,6.899999999999999,12.200000000000003,19.1,0.0,3.5700000125871156e-05,0.0005891000000701752,0.5067282999998497
7,Random,OriginalOrder,100,1,310,38.5,892,31.6,2122,19.4,6.899999999999999,12.200000000000003,19.1,0.0,3.5700000125871156e-05,1.0000007932831068e-07,0.5067282999998497
7,Random,MarginalGainPredictor,100,1,310,38.5,892,31.6,7995,19.4,6.899999999999999,12.200000000000003,19.1,0.0,3.5700000125871156e-05,0.0004396000001634093,0.5067282999998497
7,Random,OriginalOrder,10,2,310,38.5,1807,34.5,657,7.0,4.0,27.5,31.5,0.0,3.339999989293574e-05,1.999999312829459e-07,0.5067282999998497
7,Random,MarginalGainPredictor,10,2,310,38.5,1807,34.5,1807,34.5,4.0,0.0,4.0,0.0,3.339999989293574e-05,0.0003451000000040949,0.5067282999998497
7,Random,OriginalOrder,20,2,310,38.5,1807,34.5,657,7.0,4.0,27.5,31.5,0.0,3.339999989293574e-05,1.999999312829459e-07,0.5067282999998497
7,Random,MarginalGainPredictor,20,2,310,38.5,1807,34.5,1807,34.5,4.0,0.0,4.0,0.0,3.339999989293574e-05,0.0003440000000409782,0.5067282999998497
7,Random,OriginalOrder,50,2,310,38.5,310,38.5,657,7.0,0.0,31.5,31.5,0.0,3.339999989293574e-05,1.999999312829459e-07,0.5067282999998497
7,Random,MarginalGainPredictor,50,2,310,38.5,310,38.5,310,38.5,0.0,0.0,0.0,0.0,3.339999989293574e-05,0.00037539999993896345,0.5067282999998497
7,Random,OriginalOrder,100,2,310,38.5,310,38.5,657,7.0,0.0,31.5,31.5,0.0,3.339999989293574e-05,1.999999312829459e-07,0.5067282999998497
7,Random,MarginalGainPredictor,100,2,310,38.5,310,38.5,310,38.5,0.0,0.0,0.0,0.0,3.339999989293574e-05,0.0003891999999723339,0.5067282999998497
7,Random,OriginalOrder,10,3,310,38.5,310,38.5,11246,4.6,0.0,33.9,33.9,0.0,3.2500000088475645e-05,1.0000007932831068e-07,0.5067282999998497
7,Random,MarginalGainPredictor,10,3,310,38.5,310,38.5,310,38.5,0.0,0.0,0.0,0.0,3.2500000088475645e-05,0.00037610000003951427,0.5067282999998497
7,Random,OriginalOrder,20,3,310,38.5,310,38.5,11246,4.6,0.0,33.9,33.9,0.0,3.2500000088475645e-05,2.0000015865662135e-07,0.5067282999998497
7,Random,MarginalGainPredictor,20,3,310,38.5,310,38.5,310,38.5,0.0,0.0,0.0,0.0,3.2500000088475645e-05,0.0003354999998919084,0.5067282999998497
7,Random,OriginalOrder,50,3,310,38.5,310,38.5,11246,4.6,0.0,33.9,33.9,0.0,3.2500000088475645e-05,1.999999312829459e-07,0.5067282999998497
7,Random,MarginalGainPredictor,50,3,310,38.5,310,38.5,310,38.5,0.0,0.0,0.0,0.0,3.2500000088475645e-05,0.0003543999998782965,0.5067282999998497
7,Random,OriginalOrder,100,3,310,38.5,310,38.5,11246,4.6,0.0,33.9,33.9,0.0,3.2500000088475645e-05,9.999985195463523e-08,0.5067282999998497
7,Random,MarginalGainPredictor,100,3,310,38.5,310,38.5,310,38.5,0.0,0.0,0.0,0.0,3.2500000088475645e-05,0.0003946000001633365,0.5067282999998497
7,Random,OriginalOrder,10,4,310,38.5,2023,20.8,5454,15.0,17.7,5.800000000000001,23.5,0.0,3.1700000135970186e-05,9.999985195463523e-08,0.5067282999998497
7,Random,MarginalGainPredictor,10,4,310,38.5,2023,20.8,5454,15.0,17.7,5.800000000000001,23.5,0.0,3.1700000135970186e-05,0.00045079999995323305,0.5067282999998497
7,Random,OriginalOrder,20,4,310,38.5,2023,20.8,5454,15.0,17.7,5.800000000000001,23.5,0.0,3.1700000135970186e-05,2.0000015865662135e-07,0.5067282999998497
7,Random,MarginalGainPredictor,20,4,310,38.5,2023,20.8,820,19.9,17.7,0.9000000000000021,18.6,0.0,3.1700000135970186e-05,0.0004572000000280241,0.5067282999998497
7,Random,OriginalOrder,50,4,310,38.5,310,38.5,5454,15.0,0.0,23.5,23.5,0.0,3.1700000135970186e-05,1.999999312829459e-07,0.5067282999998497
7,Random,MarginalGainPredictor,50,4,310,38.5,310,38.5,310,38.5,0.0,0.0,0.0,0.0,3.1700000135970186e-05,0.00043099999993501115,0.5067282999998497
7,Random,OriginalOrder,100,4,310,38.5,310,38.5,5454,15.0,0.0,23.5,23.5,0.0,3.1700000135970186e-05,1.0000007932831068e-07,0.5067282999998497
7,Random,MarginalGainPredictor,100,4,310,38.5,310,38.5,310,38.5,0.0,0.0,0.0,0.0,3.1700000135970186e-05,0.0007000999999036139,0.5067282999998497
7,Random,OriginalOrder,10,5,310,38.5,1920,20.6,193,7.9,17.9,12.700000000000001,30.6,1.7763568394002505e-15,4.330000001573353e-05,1.0000007932831068e-07,0.5067282999998497
7,Random,MarginalGainPredictor,10,5,310,38.5,1920,20.6,1920,20.6,17.9,0.0,17.9,0.0,4.330000001573353e-05,0.0006407000000763219,0.5067282999998497
7,Random,OriginalOrder,20,5,310,38.5,2023,20.8,193,7.9,17.7,12.9,30.6,1.7763568394002505e-15,4.330000001573353e-05,1.999999312829459e-07,0.5067282999998497
7,Random,MarginalGainPredictor,20,5,310,38.5,2023,20.8,7995,19.4,17.7,1.4000000000000021,19.1,0.0,4.330000001573353e-05,0.0005484999999225693,0.5067282999998497
7,Random,OriginalOrder,50,5,310,38.5,12802,22.1,193,7.9,16.4,14.200000000000001,30.6,1.7763568394002505e-15,4.330000001573353e-05,1.999999312829459e-07,0.5067282999998497
7,Random,MarginalGainPredictor,50,5,310,38.5,12802,22.1,7995,19.4,16.4,2.700000000000003,19.1,0.0,4.330000001573353e-05,0.00045920000002297456,0.5067282999998497
7,Random,OriginalOrder,100,5,310,38.5,985,33.2,193,7.9,5.299999999999997,25.300000000000004,30.6,0.0,4.330000001573353e-05,1.999999312829459e-07,0.5067282999998497
7,Random,MarginalGainPredictor,100,5,310,38.5,985,33.2,985,33.2,5.299999999999997,0.0,5.299999999999997,0.0,4.330000001573353e-05,0.00045700000009674113,0.5067282999998497
7,Random,OriginalOrder,10,6,310,38.5,4758,10.8,2066,7.3,27.7,3.500000000000001,31.2,-8.881784197001252e-16,4.349999994701648e-05,1.999999312829459e-07,0.5067282999998497
7,Random,MarginalGainPredictor,10,6,310,38.5,4758,10.8,4758,10.8,27.7,0.0,27.7,0.0,4.349999994701648e-05,0.0004584000000704691,0.5067282999998497
7,Random,OriginalOrder,20,6,310,38.5,3700,18.0,2066,7.3,20.5,10.7,31.2,0.0,4.349999994701648e-05,1.999999312829459e-07,0.5067282999998497
7,Random,MarginalGainPredictor,20,6,310,38.5,3700,18.0,699,9.0,20.5,9.0,29.5,0.0,4.349999994701648e-05,0.00041490000012345263,0.5067282999998497
7,Random,OriginalOrder,50,6,310,38.5,2216,36.5,2066,7.3,2.0,29.2,31.2,0.0,4.349999994701648e-05,1.999999312829459e-07,0.5067282999998497
7,Random,MarginalGainPredictor,50,6,310,38.5,2216,36.5,1807,34.5,2.0,2.0,4.0,0.0,4.349999994701648e-05,0.0003703999998379004,0.5067282999998497
7,Random,OriginalOrder,100,6,310,38.5,2216,36.5,2066,7.3,2.0,29.2,31.2,0.0,4.349999994701648e-05,1.0000007932831068e-07,0.5067282999998497
7,Random,MarginalGainPredictor,100,6,310,38.5,2216,36.5,1807,34.5,2.0,2.0,4.0,0.0,4.349999994701648e-05,0.0004257000000507105,0.5067282999998497
7,Random,OriginalOrder,10,7,310,38.5,4285,27.0,12381,4.1,11.5,22.9,34.4,0.0,3.5600000046542846e-05,1.0000007932831068e-07,0.5067282999998497
7,Random,MarginalGainPredictor,10,7,310,38.5,4285,27.0,916,20.6,11.5,6.399999999999999,17.9,0.0,3.5600000046542846e-05,0.00037739999993391393,0.5067282999998497
7,Random,OriginalOrder,20,7,310,38.5,181,30.1,12381,4.1,8.399999999999999,26.0,34.4,0.0,3.5600000046542846e-05,1.0000007932831068e-07,0.5067282999998497
7,Random,MarginalGainPredictor,20,7,310,38.5,181,30.1,7995,19.4,8.399999999999999,10.700000000000003,19.1,0.0,3.5600000046542846e-05,0.0004016000000319764,0.5067282999998497
7,Random,OriginalOrder,50,7,310,38.5,985,33.2,12381,4.1,5.299999999999997,29.1,34.4,0.0,3.5600000046542846e-05,1.0000007932831068e-07,0.5067282999998497
7,Random,MarginalGainPredictor,50,7,310,38.5,985,33.2,985,33.2,5.299999999999997,0.0,5.299999999999997,0.0,3.5600000046542846e-05,0.00037639999982275185,0.5067282999998497
7,Random,OriginalOrder,100,7,310,38.5,310,38.5,12381,4.1,0.0,34.4,34.4,0.0,3.5600000046542846e-05,1.999999312829459e-07,0.5067282999998497
7,Random,MarginalGainPredictor,100,7,310,38.5,310,38.5,310,38.5,0.0,0.0,0.0,0.0,3.5600000046542846e-05,0.0006488999999874068,0.5067282999998497
7,Random,OriginalOrder,10,8,310,38.5,3225,30.5,12379,6.0,8.0,24.5,32.5,0.0,4.549999994196696e-05,1.0000007932831068e-07,0.5067282999998497
7,Random,MarginalGainPredictor,10,8,310,38.5,3225,30.5,1277,0.0,8.0,30.5,38.5,0.0,4.549999994196696e-05,0.00042069999994964746,0.5067282999998497
7,Random,OriginalOrder,20,8,310,38.5,3225,30.5,12379,6.0,8.0,24.5,32.5,0.0,4.549999994196696e-05,9.999985195463523e-08,0.5067282999998497
7,Random,MarginalGainPredictor,20,8,310,38.5,3225,30.5,1277,0.0,8.0,30.5,38.5,0.0,4.549999994196696e-05,0.00041020000003300083,0.5067282999998497
7,Random,OriginalOrder,50,8,310,38.5,3225,30.5,12379,6.0,8.0,24.5,32.5,0.0,4.549999994196696e-05,1.999999312829459e-07,0.5067282999998497
7,Random,MarginalGainPredictor,50,8,310,38.5,3225,30.5,1277,0.0,8.0,30.5,38.5,0.0,4.549999994196696e-05,0.00037290000000211876,0.5067282999998497
7,Random,OriginalOrder,100,8,310,38.5,3225,30.5,12379,6.0,8.0,24.5,32.5,0.0,4.549999994196696e-05,1.999999312829459e-07,0.5067282999998497
7,Random,MarginalGainPredictor,100,8,310,38.5,3225,30.5,820,19.9,8.0,10.600000000000001,18.6,0.0,4.549999994196696e-05,0.0004152999999860185,0.5067282999998497
7,Random,OriginalOrder,10,9,310,38.5,658,28.8,932,9.6,9.7,19.200000000000003,28.9,-3.552713678800501e-15,3.2899999951041536e-05,9.999985195463523e-08,0.5067282999998497
7,Random,MarginalGainPredictor,10,9,310,38.5,658,28.8,1439,15.7,9.7,13.100000000000001,22.8,0.0,3.2899999951041536e-05,0.0003403999999136431,0.5067282999998497
7,Random,OriginalOrder,20,9,310,38.5,658,28.8,932,9.6,9.7,19.200000000000003,28.9,-3.552713678800501e-15,3.2899999951041536e-05,9.999985195463523e-08,0.5067282999998497
7,Random,MarginalGainPredictor,20,9,310,38.5,658,28.8,1439,15.7,9.7,13.100000000000001,22.8,0.0,3.2899999951041536e-05,0.00034979999986717303,0.5067282999998497
7,Random,OriginalOrder,50,9,310,38.5,658,28.8,932,9.6,9.7,19.200000000000003,28.9,-3.552713678800501e-15,3.2899999951041536e-05,1.0000007932831068e-07,0.5067282999998497
7,Random,MarginalGainPredictor,50,9,310,38.5,658,28.8,820,19.9,9.7,8.900000000000002,18.6,0.0,3.2899999951041536e-05,0.00038519999998243293,0.5067282999998497
7,Random,OriginalOrder,100,9,310,38.5,2216,36.5,932,9.6,2.0,26.9,28.9,0.0,3.2899999951041536e-05,1.0000007932831068e-07,0.5067282999998497
7,Random,MarginalGainPredictor,100,9,310,38.5,2216,36.5,2216,36.5,2.0,0.0,2.0,0.0,3.2899999951041536e-05,0.0004413000001477485,0.5067282999998497
8,Degree,OriginalOrder,10,,7123,41.3,985,27.0,916,10.7,14.299999999999997,16.3,30.599999999999998,0.0,8.739999998397252e-05,2.0000015865662135e-07,0.3826136999998653
8,Degree,MarginalGainPredictor,10,,7123,41.3,985,27.0,985,27.0,14.299999999999997,0.0,14.299999999999997,0.0,8.739999998397252e-05,0.0010416000000077474,0.3826136999998653
8,Degree,OriginalOrder,20,,7123,41.3,892,36.6,916,10.7,4.699999999999996,25.900000000000002,30.599999999999998,0.0,8.739999998397252e-05,1.999999312829459e-07,0.3826136999998653
8,Degree,MarginalGainPredictor,20,,7123,41.3,892,36.6,1807,33.8,4.699999999999996,2.8000000000000043,7.5,0.0,8.739999998397252e-05,0.000565000000051441,0.3826136999998653
8,Degree,OriginalOrder,50,,7123,41.3,892,36.6,916,10.7,4.699999999999996,25.900000000000002,30.599999999999998,0.0,8.739999998397252e-05,3.000000106112566e-07,0.3826136999998653
8,Degree,MarginalGainPredictor,50,,7123,41.3,892,36.6,1807,33.8,4.699999999999996,2.8000000000000043,7.5,0.0,8.739999998397252e-05,0.0004999999998744897,0.3826136999998653
8,Degree,OriginalOrder,100,,7123,41.3,892,36.6,916,10.7,4.699999999999996,25.900000000000002,30.599999999999998,0.0,8.739999998397252e-05,1.999999312829459e-07,0.3826136999998653
8,Degree,MarginalGainPredictor,100,,7123,41.3,892,36.6,1807,33.8,4.699999999999996,2.8000000000000043,7.5,0.0,8.739999998397252e-05,0.0005360999998629268,0.3826136999998653
8,DegreeDiscount,OriginalOrder,10,,7123,41.3,12802,21.2,12802,21.2,20.099999999999998,0.0,20.099999999999998,0.0,0.0017831000000114727,9.999985195463523e-08,0.3826136999998653
8,DegreeDiscount,MarginalGainPredictor,10,,7123,41.3,12802,21.2,1249,16.9,20.099999999999998,4.300000000000001,24.4,0.0,0.0017831000000114727,0.0003722000001289416,0.3826136999998653
8,DegreeDiscount,OriginalOrder,20,,7123,41.3,1807,33.8,12802,21.2,7.5,12.599999999999998,20.099999999999998,0.0,0.0017831000000114727,1.999999312829459e-07,0.3826136999998653
8,DegreeDiscount,MarginalGainPredictor,20,,7123,41.3,1807,33.8,1807,33.8,7.5,0.0,7.5,0.0,0.0017831000000114727,0.0003492000000733242,0.3826136999998653
8,DegreeDiscount,OriginalOrder,50,,7123,41.3,5753,35.2,12802,21.2,6.099999999999994,14.000000000000004,20.099999999999998,0.0,0.0017831000000114727,1.999999312829459e-07,0.3826136999998653
8,DegreeDiscount,MarginalGainPredictor,50,,7123,41.3,5753,35.2,1807,33.8,6.099999999999994,1.4000000000000057,7.5,0.0,0.0017831000000114727,0.0003861000000142667,0.3826136999998653
8,DegreeDiscount,OriginalOrder,100,,7123,41.3,7123,41.3,12802,21.2,0.0,20.099999999999998,20.099999999999998,0.0,0.0017831000000114727,9.999985195463523e-08,0.3826136999998653
8,DegreeDiscount,MarginalGainPredictor,100,,7123,41.3,7123,41.3,1807,33.8,0.0,7.5,7.5,0.0,0.0017831000000114727,0.0004997000000912522,0.3826136999998653
8,FeatureDQN,OriginalOrder,10,,7123,41.3,905,13.7,2034,9.2,27.599999999999998,4.5,32.099999999999994,-3.552713678800501e-15,0.0010245999999369815,1.999999312829459e-07,0.3826136999998653
8,FeatureDQN,MarginalGainPredictor,10,,7123,41.3,905,13.7,905,13.7,27.599999999999998,0.0,27.599999999999998,0.0,0.0010245999999369815,0.0006171999998514366,0.3826136999998653
8,FeatureDQN,OriginalOrder,20,,7123,41.3,892,36.6,2034,9.2,4.699999999999996,27.400000000000002,32.099999999999994,-3.552713678800501e-15,0.0010245999999369815,1.0000007932831068e-07,0.3826136999998653
8,FeatureDQN,MarginalGainPredictor,20,,7123,41.3,892,36.6,3916,26.5,4.699999999999996,10.100000000000001,14.799999999999997,0.0,0.0010245999999369815,0.0004406999998991523,0.3826136999998653
8,FeatureDQN,OriginalOrder,50,,7123,41.3,892,36.6,2034,9.2,4.699999999999996,27.400000000000002,32.099999999999994,-3.552713678800501e-15,0.0010245999999369815,1.999999312829459e-07,0.3826136999998653
8,FeatureDQN,MarginalGainPredictor,50,,7123,41.3,892,36.6,916,10.7,4.699999999999996,25.900000000000002,30.599999999999998,0.0,0.0010245999999369815,0.00039050000009410724,0.3826136999998653
8,FeatureDQN,OriginalOrder,100,,7123,41.3,892,36.6,2034,9.2,4.699999999999996,27.400000000000002,32.099999999999994,-3.552713678800501e-15,0.0010245999999369815,1.999999312829459e-07,0.3826136999998653
8,FeatureDQN,MarginalGainPredictor,100,,7123,41.3,892,36.6,916,10.7,4.699999999999996,25.900000000000002,30.599999999999998,0.0,0.0010245999999369815,0.0005274999998619023,0.3826136999998653
8,Random,OriginalOrder,10,0,7123,41.3,658,24.0,1028,4.0,17.299999999999997,20.0,37.3,0.0,3.9499999957115506e-05,1.0000007932831068e-07,0.3826136999998653
8,Random,MarginalGainPredictor,10,0,7123,41.3,658,24.0,1439,12.3,17.299999999999997,11.7,28.999999999999996,0.0,3.9499999957115506e-05,0.0003481999999621621,0.3826136999998653
8,Random,OriginalOrder,20,0,7123,41.3,658,24.0,1028,4.0,17.299999999999997,20.0,37.3,0.0,3.9499999957115506e-05,1.999999312829459e-07,0.3826136999998653
8,Random,MarginalGainPredictor,20,0,7123,41.3,658,24.0,1439,12.3,17.299999999999997,11.7,28.999999999999996,0.0,3.9499999957115506e-05,0.0005153000001882901,0.3826136999998653
8,Random,OriginalOrder,50,0,7123,41.3,892,36.6,1028,4.0,4.699999999999996,32.6,37.3,0.0,3.9499999957115506e-05,1.999999312829459e-07,0.3826136999998653
8,Random,MarginalGainPredictor,50,0,7123,41.3,892,36.6,2216,29.1,4.699999999999996,7.5,12.199999999999996,0.0,3.9499999957115506e-05,0.0005251999998563406,0.3826136999998653
8,Random,OriginalOrder,100,0,7123,41.3,892,36.6,1028,4.0,4.699999999999996,32.6,37.3,0.0,3.9499999957115506e-05,1.999999312829459e-07,0.3826136999998653
8,Random,MarginalGainPredictor,100,0,7123,41.3,892,36.6,2216,29.1,4.699999999999996,7.5,12.199999999999996,0.0,3.9499999957115506e-05,0.0005209999999351567,0.3826136999998653
8,Random,OriginalOrder,10,1,7123,41.3,2510,13.7,2510,13.7,27.599999999999998,0.0,27.599999999999998,0.0,4.9700000090524554e-05,1.999999312829459e-07,0.3826136999998653
8,Random,MarginalGainPredictor,10,1,7123,41.3,2510,13.7,916,10.7,27.599999999999998,3.0,30.599999999999998,0.0,4.9700000090524554e-05,0.000452399999858244,0.3826136999998653
8,Random,OriginalOrder,20,1,7123,41.3,5753,35.2,2510,13.7,6.099999999999994,21.500000000000004,27.599999999999998,0.0,4.9700000090524554e-05,1.999999312829459e-07,0.3826136999998653
8,Random,MarginalGainPredictor,20,1,7123,41.3,5753,35.2,916,10.7,6.099999999999994,24.500000000000004,30.599999999999998,0.0,4.9700000090524554e-05,0.0004333999997925275,0.3826136999998653
8,Random,OriginalOrder,50,1,7123,41.3,5753,35.2,2510,13.7,6.099999999999994,21.500000000000004,27.599999999999998,0.0,4.9700000090524554e-05,1.0000007932831068e-07,0.3826136999998653
8,Random,MarginalGainPredictor,50,1,7123,41.3,5753,35.2,916,10.7,6.099999999999994,24.500000000000004,30.599999999999998,0.0,4.9700000090524554e-05,0.00046849999989717617,0.3826136999998653
8,Random,OriginalOrder,100,1,7123,41.3,7123,41.3,2510,13.7,0.0,27.599999999999998,27.599999999999998,0.0,4.9700000090524554e-05,1.0000007932831068e-07,0.3826136999998653
8,Random,MarginalGainPredictor,100,1,7123,41.3,7123,41.3,2216,29.1,0.0,12.199999999999996,12.199999999999996,0.0,4.9700000090524554e-05,0.0005140000000665168,0.3826136999998653
8,Random,OriginalOrder,10,2,7123,41.3,692,25.8,12380,3.8,15.499999999999996,22.0,37.5,3.552713678800501e-15,4.510000007940107e-05,1.0000007932831068e-07,0.3826136999998653
8,Random,MarginalGainPredictor,10,2,7123,41.3,692,25.8,692,25.8,15.499999999999996,0.0,15.499999999999996,0.0,4.510000007940107e-05,0.0006115999999565247,0.3826136999998653
8,Random,OriginalOrder,20,2,7123,41.3,692,25.8,12380,3.8,15.499999999999996,22.0,37.5,3.552713678800501e-15,4.510000007940107e-05,1.0000007932831068e-07,0.3826136999998653
8,Random,MarginalGainPredictor,20,2,7123,41.3,692,25.8,916,10.7,15.499999999999996,15.100000000000001,30.599999999999998,0.0,4.510000007940107e-05,0.00044649999995272083,0.3826136999998653
8,Random,OriginalOrder,50,2,7123,41.3,7123,41.3,12380,3.8,0.0,37.5,37.5,0.0,4.510000007940107e-05,2.0000015865662135e-07,0.3826136999998653
8,Random,MarginalGainPredictor,50,2,7123,41.3,7123,41.3,916,10.7,0.0,30.599999999999998,30.599999999999998,0.0,4.510000007940107e-05,0.0005047000001923152,0.3826136999998653
8,Random,OriginalOrder,100,2,7123,41.3,7123,41.3,12380,3.8,0.0,37.5,37.5,0.0,4.510000007940107e-05,2.0000015865662135e-07,0.3826136999998653
8,Random,MarginalGainPredictor,100,2,7123,41.3,7123,41.3,1807,33.8,0.0,7.5,7.5,0.0,4.510000007940107e-05,0.000505299999986164,0.3826136999998653
8,Random,OriginalOrder,10,3,7123,41.3,1249,16.9,2510,13.7,24.4,3.1999999999999993,27.599999999999998,0.0,5.3800000159753836e-05,2.0000015865662135e-07,0.3826136999998653
8,Random,MarginalGainPredictor,10,3,7123,41.3,1249,16.9,1249,16.9,24.4,0.0,24.4,0.0,5.3800000159753836e-05,0.0004554999998163112,0.3826136999998653
8,Random,OriginalOrder,20,3,7123,41.3,9608,18.8,2510,13.7,22.499999999999996,5.100000000000001,27.599999999999998,0.0,5.3800000159753836e-05,1.999999312829459e-07,0.3826136999998653
8,Random,MarginalGainPredictor,20,3,7123,41.3,9608,18.8,1249,16.9,22.499999999999996,1.9000000000000021,24.4,0.0,5.3800000159753836e-05,0.00045439999985319446,0.3826136999998653
8,Random,OriginalOrder,50,3,7123,41.3,7123,41.3,2510,13.7,0.0,27.599999999999998,27.599999999999998,0.0,5.3800000159753836e-05,1.999999312829459e-07,0.3826136999998653
8,Random,MarginalGainPredictor,50,3,7123,41.3,7123,41.3,2216,29.1,0.0,12.199999999999996,12.199999999999996,0.0,5.3800000159753836e-05,0.00047630000017306884,0.3826136999998653
8,Random,OriginalOrder,100,3,7123,41.3,7123,41.3,2510,13.7,0.0,27.599999999999998,27.599999999999998,0.0,5.3800000159753836e-05,1.0000007932831068e-07,0.3826136999998653
8,Random,MarginalGainPredictor,100,3,7123,41.3,7123,41.3,2216,29.1,0.0,12.199999999999996,12.199999999999996,0.0,5.3800000159753836e-05,0.0005228999998507788,0.3826136999998653
8,Random,OriginalOrder,10,4,7123,41.3,181,27.8,4172,12.3,13.499999999999996,15.5,28.999999999999996,0.0,4.460000013750687e-05,9.999985195463523e-08,0.3826136999998653
8,Random,MarginalGainPredictor,10,4,7123,41.3,181,27.8,98,11.5,13.499999999999996,16.3,29.799999999999997,0.0,4.460000013750687e-05,0.00044000000002597517,0.3826136999998653
8,Random,OriginalOrder,20,4,7123,41.3,181,27.8,4172,12.3,13.499999999999996,15.5,28.999999999999996,0.0,4.460000013750687e-05,2.0000015865662135e-07,0.3826136999998653
8,Random,MarginalGainPredictor,20,4,7123,41.3,181,27.8,1423,12.6,13.499999999999996,15.200000000000001,28.699999999999996,-1.7763568394002505e-15,4.460000013750687e-05,0.00044920000004822214,0.3826136999998653
8,Random,OriginalOrder,50,4,7123,41.3,2216,29.1,4172,12.3,12.199999999999996,16.8,28.999999999999996,0.0,4.460000013750687e-05,1.999999312829459e-07,0.3826136999998653
8,Random,MarginalGainPredictor,50,4,7123,41.3,2216,29.1,2216,29.1,12.199999999999996,0.0,12.199999999999996,0.0,4.460000013750687e-05,0.0004681000000346103,0.3826136999998653
8,Random,OriginalOrder,100,4,7123,41.3,7123,41.3,4172,12.3,0.0,28.999999999999996,28.999999999999996,0.0,4.460000013750687e-05,1.999999312829459e-07,0.3826136999998653
8,Random,MarginalGainPredictor,100,4,7123,41.3,7123,41.3,2216,29.1,0.0,12.199999999999996,12.199999999999996,0.0,4.460000013750687e-05,0.0006476999999449617,0.3826136999998653
8,Random,OriginalOrder,10,5,7123,41.3,985,27.0,618,14.3,14.299999999999997,12.7,26.999999999999996,0.0,4.5700000100623583e-05,1.0000007932831068e-07,0.3826136999998653
8,Random,MarginalGainPredictor,10,5,7123,41.3,985,27.0,985,27.0,14.299999999999997,0.0,14.299999999999997,0.0,4.5700000100623583e-05,0.00045969999996486877,0.3826136999998653
8,Random,OriginalOrder,20,5,7123,41.3,985,27.0,618,14.3,14.299999999999997,12.7,26.999999999999996,0.0,4.5700000100623583e-05,2.0000015865662135e-07,0.3826136999998653
8,Random,MarginalGainPredictor,20,5,7123,41.3,985,27.0,985,27.0,14.299999999999997,0.0,14.299999999999997,0.0,4.5700000100623583e-05,0.0005742999999256426,0.3826136999998653
8,Random,OriginalOrder,50,5,7123,41.3,181,27.8,618,14.3,13.499999999999996,13.5,26.999999999999996,0.0,4.5700000100623583e-05,1.999999312829459e-07,0.3826136999998653
8,Random,MarginalGainPredictor,50,5,7123,41.3,181,27.8,985,27.0,13.499999999999996,0.8000000000000007,14.299999999999997,0.0,4.5700000100623583e-05,0.00047309999990829965,0.3826136999998653
8,Random,OriginalOrder,100,5,7123,41.3,181,27.8,618,14.3,13.499999999999996,13.5,26.999999999999996,0.0,4.5700000100623583e-05,1.999999312829459e-07,0.3826136999998653
8,Random,MarginalGainPredictor,100,5,7123,41.3,181,27.8,985,27.0,13.499999999999996,0.8000000000000007,14.299999999999997,0.0,4.5700000100623583e-05,0.0005105999998704647,0.3826136999998653
8,Random,OriginalOrder,10,6,7123,41.3,892,36.6,11249,2.6,4.699999999999996,34.0,38.699999999999996,0.0,4.42000000475673e-05,1.0000007932831068e-07,0.3826136999998653
8,Random,MarginalGainPredictor,10,6,7123,41.3,892,36.6,1439,12.3,4.699999999999996,24.3,28.999999999999996,0.0,4.42000000475673e-05,0.0004318999999668449,0.3826136999998653
8,Random,OriginalOrder,20,6,7123,41.3,892,36.6,11249,2.6,4.699999999999996,34.0,38.699999999999996,0.0,4.42000000475673e-05,1.0000007932831068e-07,0.3826136999998653
8,Random,MarginalGainPredictor,20,6,7123,41.3,892,36.6,820,17.3,4.699999999999996,19.3,23.999999999999996,0.0,4.42000000475673e-05,0.0004467999999633321,0.3826136999998653
8,Random,OriginalOrder,50,6,7123,41.3,892,36.6,11249,2.6,4.699999999999996,34.0,38.699999999999996,0.0,4.42000000475673e-05,2.0000015865662135e-07,0.3826136999998653
8,Random,MarginalGainPredictor,50,6,7123,41.3,892,36.6,820,17.3,4.699999999999996,19.3,23.999999999999996,0.0,4.42000000475673e-05,0.00046839999981784786,0.3826136999998653
8,Random,OriginalOrder,100,6,7123,41.3,7123,41.3,11249,2.6,0.0,38.699999999999996,38.699999999999996,0.0,4.42000000475673e-05,2.0000015865662135e-07,0.3826136999998653
8,Random,MarginalGainPredictor,100,6,7123,41.3,7123,41.3,820,17.3,0.0,23.999999999999996,23.999999999999996,0.0,4.42000000475673e-05,0.0005178999999770895,0.3826136999998653
8,Random,OriginalOrder,10,7,7123,41.3,985,27.0,1244,20.0,14.299999999999997,7.0,21.299999999999997,0.0,4.510000007940107e-05,1.999999312829459e-07,0.3826136999998653
8,Random,MarginalGainPredictor,10,7,7123,41.3,985,27.0,985,27.0,14.299999999999997,0.0,14.299999999999997,0.0,4.510000007940107e-05,0.00047010000002956076,0.3826136999998653
8,Random,OriginalOrder,20,7,7123,41.3,985,27.0,1244,20.0,14.299999999999997,7.0,21.299999999999997,0.0,4.510000007940107e-05,1.999999312829459e-07,0.3826136999998653
8,Random,MarginalGainPredictor,20,7,7123,41.3,985,27.0,985,27.0,14.299999999999997,0.0,14.299999999999997,0.0,4.510000007940107e-05,0.0004510999999638443,0.3826136999998653
8,Random,OriginalOrder,50,7,7123,41.3,892,36.6,1244,20.0,4.699999999999996,16.6,21.299999999999997,0.0,4.510000007940107e-05,2.0000015865662135e-07,0.3826136999998653
8,Random,MarginalGainPredictor,50,7,7123,41.3,892,36.6,985,27.0,4.699999999999996,9.600000000000001,14.299999999999997,0.0,4.510000007940107e-05,0.000505299999986164,0.3826136999998653
8,Random,OriginalOrder,100,7,7123,41.3,7123,41.3,1244,20.0,0.0,21.299999999999997,21.299999999999997,0.0,4.510000007940107e-05,1.0000007932831068e-07,0.3826136999998653
8,Random,MarginalGainPredictor,100,7,7123,41.3,7123,41.3,1807,33.8,0.0,7.5,7.5,0.0,4.510000007940107e-05,0.0008735000001252047,0.3826136999998653
8,Random,OriginalOrder,10,8,7123,41.3,1920,22.5,1920,22.5,18.799999999999997,0.0,18.799999999999997,0.0,4.500000000007276e-05,1.0000007932831068e-07,0.3826136999998653
8,Random,MarginalGainPredictor,10,8,7123,41.3,1920,22.5,1277,0.0,18.799999999999997,22.5,41.3,0.0,4.500000000007276e-05,0.00045340000019677973,0.3826136999998653
8,Random,OriginalOrder,20,8,7123,41.3,1920,22.5,1920,22.5,18.799999999999997,0.0,18.799999999999997,0.0,4.500000000007276e-05,1.999999312829459e-07,0.3826136999998653
8,Random,MarginalGainPredictor,20,8,7123,41.3,1920,22.5,1277,0.0,18.799999999999997,22.5,41.3,0.0,4.500000000007276e-05,0.0005894000000807864,0.3826136999998653
8,Random,OriginalOrder,50,8,7123,41.3,3225,30.6,1920,22.5,10.699999999999996,8.100000000000001,18.799999999999997,0.0,4.500000000007276e-05,1.0000007932831068e-07,0.3826136999998653
8,Random,MarginalGainPredictor,50,8,7123,41.3,3225,30.6,1277,0.0,10.699999999999996,30.6,41.3,0.0,4.500000000007276e-05,0.0004779999999300344,0.3826136999998653
8,Random,OriginalOrder,100,8,7123,41.3,7123,41.3,1920,22.5,0.0,18.799999999999997,18.799999999999997,0.0,4.500000000007276e-05,2.0000015865662135e-07,0.3826136999998653
8,Random,MarginalGainPredictor,100,8,7123,41.3,7123,41.3,820,17.3,0.0,23.999999999999996,23.999999999999996,0.0,4.500000000007276e-05,0.0005117999999129097,0.3826136999998653
8,Random,OriginalOrder,10,9,7123,41.3,2146,16.1,916,10.7,25.199999999999996,5.400000000000002,30.599999999999998,0.0,5.2699999969263445e-05,9.999985195463523e-08,0.3826136999998653
8,Random,MarginalGainPredictor,10,9,7123,41.3,2146,16.1,916,10.7,25.199999999999996,5.400000000000002,30.599999999999998,0.0,5.2699999969263445e-05,0.0004322999998294108,0.3826136999998653
8,Random,OriginalOrder,20,9,7123,41.3,5753,35.2,916,10.7,6.099999999999994,24.500000000000004,30.599999999999998,0.0,5.2699999969263445e-05,9.999985195463523e-08,0.3826136999998653
8,Random,MarginalGainPredictor,20,9,7123,41.3,5753,35.2,916,10.7,6.099999999999994,24.500000000000004,30.599999999999998,0.0,5.2699999969263445e-05,0.0004334000000199012,0.3826136999998653
8,Random,OriginalOrder,50,9,7123,41.3,7123,41.3,916,10.7,0.0,30.599999999999998,30.599999999999998,0.0,5.2699999969263445e-05,1.999999312829459e-07,0.3826136999998653
8,Random,MarginalGainPredictor,50,9,7123,41.3,7123,41.3,1807,33.8,0.0,7.5,7.5,0.0,5.2699999969263445e-05,0.00046429999997599225,0.3826136999998653
8,Random,OriginalOrder,100,9,7123,41.3,7123,41.3,916,10.7,0.0,30.599999999999998,30.599999999999998,0.0,5.2699999969263445e-05,1.999999312829459e-07,0.3826136999998653
8,Random,MarginalGainPredictor,100,9,7123,41.3,7123,41.3,1807,33.8,0.0,7.5,7.5,0.0,5.2699999969263445e-05,0.0005114000000503438,0.3826136999998653
9,Degree,OriginalOrder,10,,1807,41.0,985,32.4,916,13.4,8.600000000000001,19.0,27.6,0.0,9.4600000011269e-05,3.000000106112566e-07,0.4907071000000087
9,Degree,MarginalGainPredictor,10,,1807,41.0,985,32.4,985,32.4,8.600000000000001,0.0,8.600000000000001,0.0,9.4600000011269e-05,0.001179699999966033,0.4907071000000087
9,Degree,OriginalOrder,20,,1807,41.0,1807,41.0,916,13.4,0.0,27.6,27.6,0.0,9.4600000011269e-05,3.000000106112566e-07,0.4907071000000087
9,Degree,MarginalGainPredictor,20,,1807,41.0,1807,41.0,1807,41.0,0.0,0.0,0.0,0.0,9.4600000011269e-05,0.0005107000001771667,0.4907071000000087
9,Degree,OriginalOrder,50,,1807,41.0,1807,41.0,916,13.4,0.0,27.6,27.6,0.0,9.4600000011269e-05,3.000000106112566e-07,0.4907071000000087
9,Degree,MarginalGainPredictor,50,,1807,41.0,1807,41.0,1807,41.0,0.0,0.0,0.0,0.0,9.4600000011269e-05,0.0005397999998422165,0.4907071000000087
9,Degree,OriginalOrder,100,,1807,41.0,1807,41.0,916,13.4,0.0,27.6,27.6,0.0,9.4600000011269e-05,9.999985195463523e-08,0.4907071000000087
9,Degree,MarginalGainPredictor,100,,1807,41.0,1807,41.0,1807,41.0,0.0,0.0,0.0,0.0,9.4600000011269e-05,0.000554599999986749,0.4907071000000087
9,DegreeDiscount,OriginalOrder,10,,1807,41.0,1352,25.2,12802,16.0,15.8,9.2,25.0,0.0,0.0029602000001887063,2.0000015865662135e-07,0.4907071000000087
9,DegreeDiscount,MarginalGainPredictor,10,,1807,41.0,1352,25.2,1249,22.2,15.8,3.0,18.8,0.0,0.0029602000001887063,0.0005196999998133833,0.4907071000000087
9,DegreeDiscount,OriginalOrder,20,,1807,41.0,1807,41.0,12802,16.0,0.0,25.0,25.0,0.0,0.0029602000001887063,1.999999312829459e-07,0.4907071000000087
9,DegreeDiscount,MarginalGainPredictor,20,,1807,41.0,1807,41.0,1807,41.0,0.0,0.0,0.0,0.0,0.0029602000001887063,0.0005005999998957122,0.4907071000000087
9,DegreeDiscount,OriginalOrder,50,,1807,41.0,1807,41.0,12802,16.0,0.0,25.0,25.0,0.0,0.0029602000001887063,1.999999312829459e-07,0.4907071000000087
9,DegreeDiscount,MarginalGainPredictor,50,,1807,41.0,1807,41.0,1807,41.0,0.0,0.0,0.0,0.0,0.0029602000001887063,0.0005052000001342094,0.4907071000000087
9,DegreeDiscount,OriginalOrder,100,,1807,41.0,1807,41.0,12802,16.0,0.0,25.0,25.0,0.0,0.0029602000001887063,1.999999312829459e-07,0.4907071000000087
9,DegreeDiscount,MarginalGainPredictor,100,,1807,41.0,1807,41.0,1807,41.0,0.0,0.0,0.0,0.0,0.0029602000001887063,0.0005548999999973603,0.4907071000000087
9,FeatureDQN,OriginalOrder,10,,1807,41.0,905,14.5,2034,8.4,26.5,6.1,32.6,1.7763568394002505e-15,0.0012387000001581328,1.0000007932831068e-07,0.4907071000000087
9,FeatureDQN,MarginalGainPredictor,10,,1807,41.0,905,14.5,905,14.5,26.5,0.0,26.5,0.0,0.0012387000001581328,0.00047459999996135593,0.4907071000000087
9,FeatureDQN,OriginalOrder,20,,1807,41.0,892,33.2,2034,8.4,7.799999999999997,24.800000000000004,32.6,0.0,0.0012387000001581328,1.0000007932831068e-07,0.4907071000000087
9,FeatureDQN,MarginalGainPredictor,20,,1807,41.0,892,33.2,3916,23.3,7.799999999999997,9.900000000000002,17.7,0.0,0.0012387000001581328,0.0004609000000073138,0.4907071000000087
9,FeatureDQN,OriginalOrder,50,,1807,41.0,892,33.2,2034,8.4,7.799999999999997,24.800000000000004,32.6,0.0,0.0012387000001581328,1.0000007932831068e-07,0.4907071000000087
9,FeatureDQN,MarginalGainPredictor,50,,1807,41.0,892,33.2,916,13.4,7.799999999999997,19.800000000000004,27.6,0.0,0.0012387000001581328,0.0004986999999800901,0.4907071000000087
9,FeatureDQN,OriginalOrder,100,,1807,41.0,892,33.2,2034,8.4,7.799999999999997,24.800000000000004,32.6,0.0,0.0012387000001581328,2.0000015865662135e-07,0.4907071000000087
9,FeatureDQN,MarginalGainPredictor,100,,1807,41.0,892,33.2,916,13.4,7.799999999999997,19.800000000000004,27.6,0.0,0.0012387000001581328,0.0005475000000387809,0.4907071000000087
9,Random,OriginalOrder,10,0,1807,41.0,1352,25.2,1262,6.0,15.8,19.2,35.0,0.0,5.5900000006658956e-05,1.999999312829459e-07,0.4907071000000087
9,Random,MarginalGainPredictor,10,0,1807,41.0,1352,25.2,1352,25.2,15.8,0.0,15.8,0.0,5.5900000006658956e-05,0.00045079999995323305,0.4907071000000087
9,Random,OriginalOrder,20,0,1807,41.0,1352,25.2,1262,6.0,15.8,19.2,35.0,0.0,5.5900000006658956e-05,1.0000007932831068e-07,0.4907071000000087
9,Random,MarginalGainPredictor,20,0,1807,41.0,1352,25.2,820,15.1,15.8,10.1,25.9,-1.7763568394002505e-15,5.5900000006658956e-05,0.00045139999997445557,0.4907071000000087
9,Random,OriginalOrder,50,0,1807,41.0,8264,37.7,1262,6.0,3.299999999999997,31.700000000000003,35.0,0.0,5.5900000006658956e-05,2.0000015865662135e-07,0.4907071000000087
9,Random,MarginalGainPredictor,50,0,1807,41.0,8264,37.7,820,15.1,3.299999999999997,22.6,25.9,0.0,5.5900000006658956e-05,0.0004953000000114116,0.4907071000000087
9,Random,OriginalOrder,100,0,1807,41.0,5753,39.0,1262,6.0,2.0,33.0,35.0,0.0,5.5900000006658956e-05,1.999999312829459e-07,0.4907071000000087
9,Random,MarginalGainPredictor,100,0,1807,41.0,5753,39.0,820,15.1,2.0,23.9,25.9,0.0,5.5900000006658956e-05,0.0005215999999563792,0.4907071000000087
9,Random,OriginalOrder,10,1,1807,41.0,4285,25.3,1443,6.7,15.7,18.6,34.3,-3.552713678800501e-15,4.6200000042517786e-05,1.0000007932831068e-07,0.4907071000000087
9,Random,MarginalGainPredictor,10,1,1807,41.0,4285,25.3,1249,22.2,15.7,3.1000000000000014,18.8,0.0,4.6200000042517786e-05,0.00044660000003204914,0.4907071000000087
9,Random,OriginalOrder,20,1,1807,41.0,692,25.6,1443,6.7,15.399999999999999,18.900000000000002,34.3,-3.552713678800501e-15,4.6200000042517786e-05,1.999999312829459e-07,0.4907071000000087
9,Random,MarginalGainPredictor,20,1,1807,41.0,692,25.6,916,13.4,15.399999999999999,12.200000000000001,27.6,1.7763568394002505e-15,4.6200000042517786e-05,0.000443199999835997,0.4907071000000087
9,Random,OriginalOrder,50,1,1807,41.0,658,31.7,1443,6.7,9.3,25.0,34.3,-3.552713678800501e-15,4.6200000042517786e-05,1.999999312829459e-07,0.4907071000000087
9,Random,MarginalGainPredictor,50,1,1807,41.0,658,31.7,916,13.4,9.3,18.299999999999997,27.6,3.552713678800501e-15,4.6200000042517786e-05,0.0006751999999323743,0.4907071000000087
9,Random,OriginalOrder,100,1,1807,41.0,658,31.7,1443,6.7,9.3,25.0,34.3,-3.552713678800501e-15,4.6200000042517786e-05,3.000000106112566e-07,0.4907071000000087
9,Random,MarginalGainPredictor,100,1,1807,41.0,658,31.7,820,15.1,9.3,16.6,25.9,-3.552713678800501e-15,4.6200000042517786e-05,0.0005116999998335814,0.4907071000000087
9,Random,OriginalOrder,10,2,1807,41.0,4934,22.2,4934,22.2,18.8,0.0,18.8,0.0,4.250000006322807e-05,9.999985195463523e-08,0.4907071000000087
9,Random,MarginalGainPredictor,10,2,1807,41.0,4934,22.2,3078,19.2,18.8,3.0,21.8,0.0,4.250000006322807e-05,0.00039449999985663453,0.4907071000000087
9,Random,OriginalOrder,20,2,1807,41.0,4934,22.2,4934,22.2,18.8,0.0,18.8,0.0,4.250000006322807e-05,2.0000015865662135e-07,0.4907071000000087
9,Random,MarginalGainPredictor,20,2,1807,41.0,4934,22.2,3078,19.2,18.8,3.0,21.8,0.0,4.250000006322807e-05,0.0003939000000627857,0.4907071000000087
9,Random,OriginalOrder,50,2,1807,41.0,1807,41.0,4934,22.2,0.0,18.8,18.8,0.0,4.250000006322807e-05,1.0000007932831068e-07,0.4907071000000087
9,Random,MarginalGainPredictor,50,2,1807,41.0,1807,41.0,1807,41.0,0.0,0.0,0.0,0.0,4.250000006322807e-05,0.0004248999998708314,0.4907071000000087
9,Random,OriginalOrder,100,2,1807,41.0,1807,41.0,4934,22.2,0.0,18.8,18.8,0.0,4.250000006322807e-05,1.999999312829459e-07,0.4907071000000087
9,Random,MarginalGainPredictor,100,2,1807,41.0,1807,41.0,1807,41.0,0.0,0.0,0.0,0.0,4.250000006322807e-05,0.0004515999999057385,0.4907071000000087
9,Random,OriginalOrder,10,3,1807,41.0,658,31.7,12383,2.6,9.3,29.099999999999998,38.4,0.0,3.6299999919719994e-05,9.999985195463523e-08,0.4907071000000087
9,Random,MarginalGainPredictor,10,3,1807,41.0,658,31.7,658,31.7,9.3,0.0,9.3,0.0,3.6299999919719994e-05,0.00037750000001324224,0.4907071000000087
9,Random,OriginalOrder,20,3,1807,41.0,658,31.7,12383,2.6,9.3,29.099999999999998,38.4,0.0,3.6299999919719994e-05,1.0000007932831068e-07,0.4907071000000087
9,Random,MarginalGainPredictor,20,3,1807,41.0,658,31.7,72,10.4,9.3,21.299999999999997,30.6,3.552713678800501e-15,3.6299999919719994e-05,0.00041329999999106803,0.4907071000000087
9,Random,OriginalOrder,50,3,1807,41.0,5753,39.0,12383,2.6,2.0,36.4,38.4,0.0,3.6299999919719994e-05,1.999999312829459e-07,0.4907071000000087
9,Random,MarginalGainPredictor,50,3,1807,41.0,5753,39.0,916,13.4,2.0,25.6,27.6,0.0,3.6299999919719994e-05,0.00048300000003109744,0.4907071000000087
9,Random,OriginalOrder,100,3,1807,41.0,1807,41.0,12383,2.6,0.0,38.4,38.4,0.0,3.6299999919719994e-05,1.999999312829459e-07,0.4907071000000087
9,Random,MarginalGainPredictor,100,3,1807,41.0,1807,41.0,1807,41.0,0.0,0.0,0.0,0.0,3.6299999919719994e-05,0.0004475000000638829,0.4907071000000087
9,Random,OriginalOrder,10,4,1807,41.0,8264,37.7,12376,4.6,3.299999999999997,33.1,36.4,0.0,4.349999994701648e-05,1.0000007932831068e-07,0.4907071000000087
9,Random,MarginalGainPredictor,10,4,1807,41.0,8264,37.7,692,25.6,3.299999999999997,12.100000000000001,15.399999999999999,0.0,4.349999994701648e-05,0.0003996000000370259,0.4907071000000087
9,Random,OriginalOrder,20,4,1807,41.0,8264,37.7,12376,4.6,3.299999999999997,33.1,36.4,0.0,4.349999994701648e-05,1.999999312829459e-07,0.4907071000000087
9,Random,MarginalGainPredictor,20,4,1807,41.0,8264,37.7,692,25.6,3.299999999999997,12.100000000000001,15.399999999999999,0.0,4.349999994701648e-05,0.00039430000015272526,0.4907071000000087
9,Random,OriginalOrder,50,4,1807,41.0,8264,37.7,12376,4.6,3.299999999999997,33.1,36.4,0.0,4.349999994701648e-05,1.0000007932831068e-07,0.4907071000000087
9,Random,MarginalGainPredictor,50,4,1807,41.0,8264,37.7,1816,23.5,3.299999999999997,14.200000000000003,17.5,0.0,4.349999994701648e-05,0.0004038000001855835,0.4907071000000087
9,Random,OriginalOrder,100,4,1807,41.0,8264,37.7,12376,4.6,3.299999999999997,33.1,36.4,0.0,4.349999994701648e-05,1.0000007932831068e-07,0.4907071000000087
9,Random,MarginalGainPredictor,100,4,1807,41.0,8264,37.7,820,15.1,3.299999999999997,22.6,25.9,0.0,4.349999994701648e-05,0.0004231000000345375,0.4907071000000087
9,Random,OriginalOrder,10,5,1807,41.0,892,33.2,2717,0.0,7.799999999999997,33.2,41.0,0.0,3.339999989293574e-05,9.999985195463523e-08,0.4907071000000087
9,Random,MarginalGainPredictor,10,5,1807,41.0,892,33.2,1439,18.1,7.799999999999997,15.100000000000001,22.9,0.0,3.339999989293574e-05,0.00038059999997130944,0.4907071000000087
9,Random,OriginalOrder,20,5,1807,41.0,892,33.2,2717,0.0,7.799999999999997,33.2,41.0,0.0,3.339999989293574e-05,1.0000007932831068e-07,0.4907071000000087
9,Random,MarginalGainPredictor,20,5,1807,41.0,892,33.2,916,13.4,7.799999999999997,19.800000000000004,27.6,0.0,3.339999989293574e-05,0.00036820000013904064,0.4907071000000087
9,Random,OriginalOrder,50,5,1807,41.0,892,33.2,2717,0.0,7.799999999999997,33.2,41.0,0.0,3.339999989293574e-05,2.0000015865662135e-07,0.4907071000000087
9,Random,MarginalGainPredictor,50,5,1807,41.0,892,33.2,2216,32.0,7.799999999999997,1.2000000000000028,9.0,0.0,3.339999989293574e-05,0.00040880000005927286,0.4907071000000087
9,Random,OriginalOrder,100,5,1807,41.0,892,33.2,2717,0.0,7.799999999999997,33.2,41.0,0.0,3.339999989293574e-05,1.0000007932831068e-07,0.4907071000000087
9,Random,MarginalGainPredictor,100,5,1807,41.0,892,33.2,2216,32.0,7.799999999999997,1.2000000000000028,9.0,0.0,3.339999989293574e-05,0.0004257000000507105,0.4907071000000087
9,Random,OriginalOrder,10,6,1807,41.0,1920,23.5,3078,19.2,17.5,4.300000000000001,21.8,0.0,3.450000008342613e-05,1.0000007932831068e-07,0.4907071000000087
9,Random,MarginalGainPredictor,10,6,1807,41.0,1920,23.5,916,13.4,17.5,10.1,27.6,1.7763568394002505e-15,3.450000008342613e-05,0.00036759999989044445,0.4907071000000087
9,Random,OriginalOrder,20,6,1807,41.0,985,32.4,3078,19.2,8.600000000000001,13.2,21.8,0.0,3.450000008342613e-05,9.999985195463523e-08,0.4907071000000087
9,Random,MarginalGainPredictor,20,6,1807,41.0,985,32.4,985,32.4,8.600000000000001,0.0,8.600000000000001,0.0,3.450000008342613e-05,0.00037440000005517504,0.4907071000000087
9,Random,OriginalOrder,50,6,1807,41.0,5753,39.0,3078,19.2,2.0,19.8,21.8,0.0,3.450000008342613e-05,1.999999312829459e-07,0.4907071000000087
9,Random,MarginalGainPredictor,50,6,1807,41.0,5753,39.0,985,32.4,2.0,6.600000000000001,8.600000000000001,0.0,3.450000008342613e-05,0.00039360000005217444,0.4907071000000087
9,Random,OriginalOrder,100,6,1807,41.0,5753,39.0,3078,19.2,2.0,19.8,21.8,0.0,3.450000008342613e-05,1.999999312829459e-07,0.4907071000000087
9,Random,MarginalGainPredictor,100,6,1807,41.0,5753,39.0,985,32.4,2.0,6.600000000000001,8.600000000000001,0.0,3.450000008342613e-05,0.00042319999988649215,0.4907071000000087
9,Random,OriginalOrder,10,7,1807,41.0,2614,13.7,990,7.9,27.3,5.799999999999999,33.1,1.7763568394002505e-15,3.220000007786439e-05,1.0000007932831068e-07,0.4907071000000087
9,Random,MarginalGainPredictor,10,7,1807,41.0,2614,13.7,2717,0.0,27.3,13.7,41.0,0.0,3.220000007786439e-05,0.00037069999984851165,0.4907071000000087
9,Random,OriginalOrder,20,7,1807,41.0,2021,26.4,990,7.9,14.600000000000001,18.5,33.1,0.0,3.220000007786439e-05,1.0000007932831068e-07,0.4907071000000087
9,Random,MarginalGainPredictor,20,7,1807,41.0,2021,26.4,1816,23.5,14.600000000000001,2.8999999999999986,17.5,0.0,3.220000007786439e-05,0.0003664000000753731,0.4907071000000087
9,Random,OriginalOrder,50,7,1807,41.0,892,33.2,990,7.9,7.799999999999997,25.300000000000004,33.1,0.0,3.220000007786439e-05,9.999985195463523e-08,0.4907071000000087
9,Random,MarginalGainPredictor,50,7,1807,41.0,892,33.2,1423,14.9,7.799999999999997,18.300000000000004,26.1,0.0,3.220000007786439e-05,0.0004033000000163156,0.4907071000000087
9,Random,OriginalOrder,100,7,1807,41.0,5753,39.0,990,7.9,2.0,31.1,33.1,0.0,3.220000007786439e-05,1.0000007932831068e-07,0.4907071000000087
9,Random,MarginalGainPredictor,100,7,1807,41.0,5753,39.0,7995,13.0,2.0,26.0,28.0,0.0,3.220000007786439e-05,0.00043000000005122274,0.4907071000000087
9,Random,OriginalOrder,10,8,1807,41.0,1807,41.0,12376,4.6,0.0,36.4,36.4,0.0,3.300000003036985e-05,1.0000007932831068e-07,0.4907071000000087
9,Random,MarginalGainPredictor,10,8,1807,41.0,1807,41.0,1807,41.0,0.0,0.0,0.0,0.0,3.300000003036985e-05,0.0003750999999283522,0.4907071000000087
9,Random,OriginalOrder,20,8,1807,41.0,1807,41.0,12376,4.6,0.0,36.4,36.4,0.0,3.300000003036985e-05,2.0000015865662135e-07,0.4907071000000087
9,Random,MarginalGainPredictor,20,8,1807,41.0,1807,41.0,1807,41.0,0.0,0.0,0.0,0.0,3.300000003036985e-05,0.0003762999999707972,0.4907071000000087
9,Random,OriginalOrder,50,8,1807,41.0,1807,41.0,12376,4.6,0.0,36.4,36.4,0.0,3.300000003036985e-05,1.0000007932831068e-07,0.4907071000000087
9,Random,MarginalGainPredictor,50,8,1807,41.0,1807,41.0,1807,41.0,0.0,0.0,0.0,0.0,3.300000003036985e-05,0.0003851000001304783,0.4907071000000087
9,Random,OriginalOrder,100,8,1807,41.0,1807,41.0,12376,4.6,0.0,36.4,36.4,0.0,3.300000003036985e-05,1.0000007932831068e-07,0.4907071000000087
9,Random,MarginalGainPredictor,100,8,1807,41.0,1807,41.0,1807,41.0,0.0,0.0,0.0,0.0,3.300000003036985e-05,0.00043359999995118415,0.4907071000000087
9,Random,OriginalOrder,10,9,1807,41.0,4172,13.1,1392,4.1,27.9,9.0,36.9,0.0,3.179999998792482e-05,9.999985195463523e-08,0.4907071000000087
9,Random,MarginalGainPredictor,10,9,1807,41.0,4172,13.1,2368,10.3,27.9,2.799999999999999,30.7,1.7763568394002505e-15,3.179999998792482e-05,0.0003608000001804612,0.4907071000000087
9,Random,OriginalOrder,20,9,1807,41.0,892,33.2,1392,4.1,7.799999999999997,29.1,36.9,0.0,3.179999998792482e-05,1.999999312829459e-07,0.4907071000000087
9,Random,MarginalGainPredictor,20,9,1807,41.0,892,33.2,72,10.4,7.799999999999997,22.800000000000004,30.6,0.0,3.179999998792482e-05,0.00036500000010164513,0.4907071000000087
9,Random,OriginalOrder,50,9,1807,41.0,1807,41.0,1392,4.1,0.0,36.9,36.9,0.0,3.179999998792482e-05,9.999985195463523e-08,0.4907071000000087
9,Random,MarginalGainPredictor,50,9,1807,41.0,1807,41.0,1807,41.0,0.0,0.0,0.0,0.0,3.179999998792482e-05,0.00038790000007793424,0.4907071000000087
9,Random,OriginalOrder,100,9,1807,41.0,1807,41.0,1392,4.1,0.0,36.9,36.9,0.0,3.179999998792482e-05,1.999999312829459e-07,0.4907071000000087
9,Random,MarginalGainPredictor,100,9,1807,41.0,1807,41.0,1807,41.0,0.0,0.0,0.0,0.0,3.179999998792482e-05,0.00042220000000270375,0.4907071000000087
10,Degree,OriginalOrder,10,,5753,43.6,985,31.5,916,9.1,12.100000000000001,22.4,34.5,0.0,9.290000002692977e-05,3.000000106112566e-07,0.5013344999999845
10,Degree,MarginalGainPredictor,10,,5753,43.6,985,31.5,985,31.5,12.100000000000001,0.0,12.100000000000001,0.0,9.290000002692977e-05,0.0012914000001273962,0.5013344999999845
10,Degree,OriginalOrder,20,,5753,43.6,892,31.7,916,9.1,11.900000000000002,22.6,34.5,-3.552713678800501e-15,9.290000002692977e-05,1.999999312829459e-07,0.5013344999999845
10,Degree,MarginalGainPredictor,20,,5753,43.6,892,31.7,985,31.5,11.900000000000002,0.1999999999999993,12.100000000000001,0.0,9.290000002692977e-05,0.000567600000067614,0.5013344999999845
10,Degree,OriginalOrder,50,,5753,43.6,5753,43.6,916,9.1,0.0,34.5,34.5,0.0,9.290000002692977e-05,2.0000015865662135e-07,0.5013344999999845
10,Degree,MarginalGainPredictor,50,,5753,43.6,5753,43.6,985,31.5,0.0,12.100000000000001,12.100000000000001,0.0,9.290000002692977e-05,0.0005236999998032843,0.5013344999999845
10,Degree,OriginalOrder,100,,5753,43.6,5753,43.6,916,9.1,0.0,34.5,34.5,0.0,9.290000002692977e-05,2.0000015865662135e-07,0.5013344999999845
10,Degree,MarginalGainPredictor,100,,5753,43.6,5753,43.6,985,31.5,0.0,12.100000000000001,12.100000000000001,0.0,9.290000002692977e-05,0.000416099999938524,0.5013344999999845
10,DegreeDiscount,OriginalOrder,10,,5753,43.6,12802,19.8,12802,19.8,23.8,0.0,23.8,0.0,0.002437600000121165,1.999999312829459e-07,0.5013344999999845
10,DegreeDiscount,MarginalGainPredictor,10,,5753,43.6,12802,19.8,1423,15.6,23.8,4.200000000000001,28.0,-1.7763568394002505e-15,0.002437600000121165,0.0006865999998808547,0.5013344999999845
10,DegreeDiscount,OriginalOrder,20,,5753,43.6,3916,29.4,12802,19.8,14.200000000000003,9.599999999999998,23.8,0.0,0.002437600000121165,1.999999312829459e-07,0.5013344999999845
10,DegreeDiscount,MarginalGainPredictor,20,,5753,43.6,3916,29.4,1277,0.0,14.200000000000003,29.4,43.6,0.0,0.002437600000121165,0.00037640000005012553,0.5013344999999845
10,DegreeDiscount,OriginalOrder,50,,5753,43.6,5753,43.6,12802,19.8,0.0,23.8,23.8,0.0,0.002437600000121165,1.999999312829459e-07,0.5013344999999845
10,DegreeDiscount,MarginalGainPredictor,50,,5753,43.6,5753,43.6,985,31.5,0.0,12.100000000000001,12.100000000000001,0.0,0.002437600000121165,0.00037639999982275185,0.5013344999999845
10,DegreeDiscount,OriginalOrder,100,,5753,43.6,5753,43.6,12802,19.8,0.0,23.8,23.8,0.0,0.002437600000121165,1.0000007932831068e-07,0.5013344999999845
10,DegreeDiscount,MarginalGainPredictor,100,,5753,43.6,5753,43.6,985,31.5,0.0,12.100000000000001,12.100000000000001,0.0,0.002437600000121165,0.0004240000000663713,0.5013344999999845
10,FeatureDQN,OriginalOrder,10,,5753,43.6,1236,14.3,2034,9.8,29.3,4.5,33.8,-3.552713678800501e-15,0.0008641000001716748,2.0000015865662135e-07,0.5013344999999845
10,FeatureDQN,MarginalGainPredictor,10,,5753,43.6,1236,14.3,905,11.9,29.3,2.4000000000000004,31.700000000000003,1.7763568394002505e-15,0.0008641000001716748,0.00037079999992783996,0.5013344999999845
10,FeatureDQN,OriginalOrder,20,,5753,43.6,892,31.7,2034,9.8,11.900000000000002,21.9,33.8,-3.552713678800501e-15,0.0008641000001716748,1.0000007932831068e-07,0.5013344999999845
10,FeatureDQN,MarginalGainPredictor,20,,5753,43.6,892,31.7,3916,29.4,11.900000000000002,2.3000000000000007,14.200000000000003,0.0,0.0008641000001716748,0.00035900000011679367,0.5013344999999845
10,FeatureDQN,OriginalOrder,50,,5753,43.6,892,31.7,2034,9.8,11.900000000000002,21.9,33.8,-3.552713678800501e-15,0.0008641000001716748,9.999985195463523e-08,0.5013344999999845
10,FeatureDQN,MarginalGainPredictor,50,,5753,43.6,892,31.7,916,9.1,11.900000000000002,22.6,34.5,-3.552713678800501e-15,0.0008641000001716748,0.0003601000000799104,0.5013344999999845
10,FeatureDQN,OriginalOrder,100,,5753,43.6,892,31.7,2034,9.8,11.900000000000002,21.9,33.8,-3.552713678800501e-15,0.0008641000001716748,2.0000015865662135e-07,0.5013344999999845
10,FeatureDQN,MarginalGainPredictor,100,,5753,43.6,892,31.7,916,9.1,11.900000000000002,22.6,34.5,-3.552713678800501e-15,0.0008641000001716748,0.00037919999999758147,0.5013344999999845
10,Random,OriginalOrder,10,0,5753,43.6,5753,43.6,12802,19.8,0.0,23.8,23.8,0.0,3.970000011577213e-05,9.999985195463523e-08,0.5013344999999845
10,Random,MarginalGainPredictor,10,0,5753,43.6,5753,43.6,985,31.5,0.0,12.100000000000001,12.100000000000001,0.0,3.970000011577213e-05,0.0007226000000173372,0.5013344999999845
10,Random,OriginalOrder,20,0,5753,43.6,5753,43.6,12802,19.8,0.0,23.8,23.8,0.0,3.970000011577213e-05,1.999999312829459e-07,0.5013344999999845
10,Random,MarginalGainPredictor,20,0,5753,43.6,5753,43.6,985,31.5,0.0,12.100000000000001,12.100000000000001,0.0,3.970000011577213e-05,0.0006160999998883199,0.5013344999999845
10,Random,OriginalOrder,50,0,5753,43.6,5753,43.6,12802,19.8,0.0,23.8,23.8,0.0,3.970000011577213e-05,2.0000015865662135e-07,0.5013344999999845
10,Random,MarginalGainPredictor,50,0,5753,43.6,5753,43.6,985,31.5,0.0,12.100000000000001,12.100000000000001,0.0,3.970000011577213e-05,0.00037650000012945384,0.5013344999999845
10,Random,OriginalOrder,100,0,5753,43.6,5753,43.6,12802,19.8,0.0,23.8,23.8,0.0,3.970000011577213e-05,9.999985195463523e-08,0.5013344999999845
10,Random,MarginalGainPredictor,100,0,5753,43.6,5753,43.6,985,31.5,0.0,12.100000000000001,12.100000000000001,0.0,3.970000011577213e-05,0.0004226000000926433,0.5013344999999845
10,Random,OriginalOrder,10,1,5753,43.6,985,31.5,7963,16.7,12.100000000000001,14.8,26.900000000000002,0.0,3.310000010969816e-05,1.0000007932831068e-07,0.5013344999999845
10,Random,MarginalGainPredictor,10,1,5753,43.6,985,31.5,985,31.5,12.100000000000001,0.0,12.100000000000001,0.0,3.310000010969816e-05,0.0003403000000616885,0.5013344999999845
10,Random,OriginalOrder,20,1,5753,43.6,985,31.5,7963,16.7,12.100000000000001,14.8,26.900000000000002,0.0,3.310000010969816e-05,1.0000007932831068e-07,0.5013344999999845
10,Random,MarginalGainPredictor,20,1,5753,43.6,985,31.5,985,31.5,12.100000000000001,0.0,12.100000000000001,0.0,3.310000010969816e-05,0.00034679999998843414,0.5013344999999845
10,Random,OriginalOrder,50,1,5753,43.6,985,31.5,7963,16.7,12.100000000000001,14.8,26.900000000000002,0.0,3.310000010969816e-05,1.999999312829459e-07,0.5013344999999845
10,Random,MarginalGainPredictor,50,1,5753,43.6,985,31.5,985,31.5,12.100000000000001,0.0,12.100000000000001,0.0,3.310000010969816e-05,0.00036249999993742676,0.5013344999999845
10,Random,OriginalOrder,100,1,5753,43.6,5753,43.6,7963,16.7,0.0,26.900000000000002,26.900000000000002,0.0,3.310000010969816e-05,2.0000015865662135e-07,0.5013344999999845
10,Random,MarginalGainPredictor,100,1,5753,43.6,5753,43.6,985,31.5,0.0,12.100000000000001,12.100000000000001,0.0,3.310000010969816e-05,0.0003800000001774606,0.5013344999999845
10,Random,OriginalOrder,10,2,5753,43.6,618,21.8,1943,10.6,21.8,11.200000000000001,33.0,-1.7763568394002505e-15,3.270000001975859e-05,1.0000007932831068e-07,0.5013344999999845
10,Random,MarginalGainPredictor,10,2,5753,43.6,618,21.8,618,21.8,21.8,0.0,21.8,0.0,3.270000001975859e-05,0.0003237000000808621,0.5013344999999845
10,Random,OriginalOrder,20,2,5753,43.6,8264,24.1,1943,10.6,19.5,13.500000000000002,33.0,-1.7763568394002505e-15,3.270000001975859e-05,1.999999312829459e-07,0.5013344999999845
10,Random,MarginalGainPredictor,20,2,5753,43.6,8264,24.1,692,16.1,19.5,8.0,27.5,0.0,3.270000001975859e-05,0.00036460000001170556,0.5013344999999845
10,Random,OriginalOrder,50,2,5753,43.6,1920,27.0,1943,10.6,16.6,16.4,33.0,0.0,3.270000001975859e-05,1.999999312829459e-07,0.5013344999999845
10,Random,MarginalGainPredictor,50,2,5753,43.6,1920,27.0,1816,0.0,16.6,27.0,43.6,0.0,3.270000001975859e-05,0.00036210000007486087,0.5013344999999845
10,Random,OriginalOrder,100,2,5753,43.6,3916,29.4,1943,10.6,14.200000000000003,18.799999999999997,33.0,0.0,3.270000001975859e-05,1.999999312829459e-07,0.5013344999999845
10,Random,MarginalGainPredictor,100,2,5753,43.6,3916,29.4,820,17.5,14.200000000000003,11.899999999999999,26.1,0.0,3.270000001975859e-05,0.000492600000143284,0.5013344999999845
10,Random,OriginalOrder,10,3,5753,43.6,985,31.5,58,4.8,12.100000000000001,26.7,38.800000000000004,3.552713678800501e-15,3.110000011474767e-05,1.0000007932831068e-07,0.5013344999999845
10,Random,MarginalGainPredictor,10,3,5753,43.6,985,31.5,985,31.5,12.100000000000001,0.0,12.100000000000001,0.0,3.110000011474767e-05,0.0003411999998661486,0.5013344999999845
10,Random,OriginalOrder,20,3,5753,43.6,985,31.5,58,4.8,12.100000000000001,26.7,38.800000000000004,3.552713678800501e-15,3.110000011474767e-05,9.999985195463523e-08,0.5013344999999845
10,Random,MarginalGainPredictor,20,3,5753,43.6,985,31.5,985,31.5,12.100000000000001,0.0,12.100000000000001,0.0,3.110000011474767e-05,0.0003434999998717103,0.5013344999999845
10,Random,OriginalOrder,50,3,5753,43.6,985,31.5,58,4.8,12.100000000000001,26.7,38.800000000000004,3.552713678800501e-15,3.110000011474767e-05,9.999985195463523e-08,0.5013344999999845
10,Random,MarginalGainPredictor,50,3,5753,43.6,985,31.5,985,31.5,12.100000000000001,0.0,12.100000000000001,0.0,3.110000011474767e-05,0.0007133999999950902,0.5013344999999845
10,Random,OriginalOrder,100,3,5753,43.6,892,31.7,58,4.8,11.900000000000002,26.9,38.800000000000004,3.552713678800501e-15,3.110000011474767e-05,1.999999312829459e-07,0.5013344999999845
10,Random,MarginalGainPredictor,100,3,5753,43.6,892,31.7,985,31.5,11.900000000000002,0.1999999999999993,12.100000000000001,0.0,3.110000011474767e-05,0.0006826000001183274,0.5013344999999845
10,Random,OriginalOrder,10,4,5753,43.6,4285,26.0,2481,6.1,17.6,19.9,37.5,0.0,3.209999999853608e-05,1.0000007932831068e-07,0.5013344999999845
10,Random,MarginalGainPredictor,10,4,5753,43.6,4285,26.0,699,10.1,17.6,15.9,33.5,-1.7763568394002505e-15,3.209999999853608e-05,0.000340900000082911,0.5013344999999845
10,Random,OriginalOrder,20,4,5753,43.6,4285,26.0,2481,6.1,17.6,19.9,37.5,0.0,3.209999999853608e-05,1.0000007932831068e-07,0.5013344999999845
10,Random,MarginalGainPredictor,20,4,5753,43.6,4285,26.0,1249,8.4,17.6,17.6,35.2,0.0,3.209999999853608e-05,0.00037120000001777953,0.5013344999999845
10,Random,OriginalOrder,50,4,5753,43.6,5753,43.6,2481,6.1,0.0,37.5,37.5,0.0,3.209999999853608e-05,1.999999312829459e-07,0.5013344999999845
10,Random,MarginalGainPredictor,50,4,5753,43.6,5753,43.6,7995,14.7,0.0,28.900000000000002,28.900000000000002,0.0,3.209999999853608e-05,0.00035570000000006985,0.5013344999999845
10,Random,OriginalOrder,100,4,5753,43.6,5753,43.6,2481,6.1,0.0,37.5,37.5,0.0,3.209999999853608e-05,1.999999312829459e-07,0.5013344999999845
10,Random,MarginalGainPredictor,100,4,5753,43.6,5753,43.6,985,31.5,0.0,12.100000000000001,12.100000000000001,0.0,3.209999999853608e-05,0.0003871000001254288,0.5013344999999845
10,Random,OriginalOrder,10,5,5753,43.6,2216,29.3,12384,2.4,14.3,26.900000000000002,41.2,0.0,3.1899999839879456e-05,1.999999312829459e-07,0.5013344999999845
10,Random,MarginalGainPredictor,10,5,5753,43.6,2216,29.3,2216,29.3,14.3,0.0,14.3,0.0,3.1899999839879456e-05,0.000592299999880197,0.5013344999999845
10,Random,OriginalOrder,20,5,5753,43.6,2216,29.3,12384,2.4,14.3,26.900000000000002,41.2,0.0,3.1899999839879456e-05,1.0000007932831068e-07,0.5013344999999845
10,Random,MarginalGainPredictor,20,5,5753,43.6,2216,29.3,2216,29.3,14.3,0.0,14.3,0.0,3.1899999839879456e-05,0.0003455999999459891,0.5013344999999845
10,Random,OriginalOrder,50,5,5753,43.6,985,31.5,12384,2.4,12.100000000000001,29.1,41.2,0.0,3.1899999839879456e-05,1.0000007932831068e-07,0.5013344999999845
10,Random,MarginalGainPredictor,50,5,5753,43.6,985,31.5,985,31.5,12.100000000000001,0.0,12.100000000000001,0.0,3.1899999839879456e-05,0.000426500000003216,0.5013344999999845
10,Random,OriginalOrder,100,5,5753,43.6,985,31.5,12384,2.4,12.100000000000001,29.1,41.2,0.0,3.1899999839879456e-05,2.0000015865662135e-07,0.5013344999999845
10,Random,MarginalGainPredictor,100,5,5753,43.6,985,31.5,985,31.5,12.100000000000001,0.0,12.100000000000001,0.0,3.1899999839879456e-05,0.0004604999999173742,0.5013344999999845
10,Random,OriginalOrder,10,6,5753,43.6,4679,23.1,14031,6.4,20.5,16.700000000000003,37.2,0.0,3.3599999824218685e-05,1.0000007932831068e-07,0.5013344999999845
10,Random,MarginalGainPredictor,10,6,5753,43.6,4679,23.1,3700,20.4,20.5,2.700000000000003,23.200000000000003,0.0,3.3599999824218685e-05,0.00036769999996977276,0.5013344999999845
10,Random,OriginalOrder,20,6,5753,43.6,4679,23.1,14031,6.4,20.5,16.700000000000003,37.2,0.0,3.3599999824218685e-05,1.0000007932831068e-07,0.5013344999999845
10,Random,MarginalGainPredictor,20,6,5753,43.6,4679,23.1,5454,15.6,20.5,7.500000000000002,28.0,-1.7763568394002505e-15,3.3599999824218685e-05,0.0003954999999677966,0.5013344999999845
10,Random,OriginalOrder,50,6,5753,43.6,4679,23.1,14031,6.4,20.5,16.700000000000003,37.2,0.0,3.3599999824218685e-05,9.999985195463523e-08,0.5013344999999845
10,Random,MarginalGainPredictor,50,6,5753,43.6,4679,23.1,820,17.5,20.5,5.600000000000001,26.1,0.0,3.3599999824218685e-05,0.00043120000009366777,0.5013344999999845
10,Random,OriginalOrder,100,6,5753,43.6,3916,29.4,14031,6.4,14.200000000000003,23.0,37.2,0.0,3.3599999824218685e-05,1.999999312829459e-07,0.5013344999999845
10,Random,MarginalGainPredictor,100,6,5753,43.6,3916,29.4,820,17.5,14.200000000000003,11.899999999999999,26.1,0.0,3.3599999824218685e-05,0.0006121999999777472,0.5013344999999845
10,Random,OriginalOrder,10,7,5753,43.6,4331,16.8,2034,9.8,26.8,7.0,33.8,-3.552713678800501e-15,5.139999984749011e-05,1.0000007932831068e-07,0.5013344999999845
10,Random,MarginalGainPredictor,10,7,5753,43.6,4331,16.8,699,10.1,26.8,6.700000000000001,33.5,-1.7763568394002505e-15,5.139999984749011e-05,0.0005002000000331464,0.5013344999999845
10,Random,OriginalOrder,20,7,5753,43.6,4934,21.4,2034,9.8,22.200000000000003,11.599999999999998,33.8,-3.552713678800501e-15,5.139999984749011e-05,2.0000015865662135e-07,0.5013344999999845
10,Random,MarginalGainPredictor,20,7,5753,43.6,4934,21.4,1439,16.6,22.200000000000003,4.799999999999997,27.0,0.0,5.139999984749011e-05,0.0005240000000412692,0.5013344999999845
10,Random,OriginalOrder,50,7,5753,43.6,5753,43.6,2034,9.8,0.0,33.8,33.8,0.0,5.139999984749011e-05,1.999999312829459e-07,0.5013344999999845
10,Random,MarginalGainPredictor,50,7,5753,43.6,5753,43.6,985,31.5,0.0,12.100000000000001,12.100000000000001,0.0,5.139999984749011e-05,0.0004713000000720058,0.5013344999999845
10,Random,OriginalOrder,100,7,5753,43.6,5753,43.6,2034,9.8,0.0,33.8,33.8,0.0,5.139999984749011e-05,2.0000015865662135e-07,0.5013344999999845
10,Random,MarginalGainPredictor,100,7,5753,43.6,5753,43.6,985,31.5,0.0,12.100000000000001,12.100000000000001,0.0,5.139999984749011e-05,0.0003974999999627471,0.5013344999999845
10,Random,OriginalOrder,10,8,5753,43.6,2368,19.0,4824,11.0,24.6,8.0,32.6,0.0,3.3300000040981104e-05,1.0000007932831068e-07,0.5013344999999845
10,Random,MarginalGainPredictor,10,8,5753,43.6,2368,19.0,6314,12.6,24.6,6.4,31.0,-1.7763568394002505e-15,3.3300000040981104e-05,0.00038080000012996607,0.5013344999999845
10,Random,OriginalOrder,20,8,5753,43.6,3229,21.7,4824,11.0,21.900000000000002,10.7,32.6,0.0,3.3300000040981104e-05,1.999999312829459e-07,0.5013344999999845
10,Random,MarginalGainPredictor,20,8,5753,43.6,3229,21.7,1423,15.6,21.900000000000002,6.1,28.0,-1.7763568394002505e-15,3.3300000040981104e-05,0.0003404999999929714,0.5013344999999845
10,Random,OriginalOrder,50,8,5753,43.6,1140,23.0,4824,11.0,20.6,12.0,32.6,0.0,3.3300000040981104e-05,1.999999312829459e-07,0.5013344999999845
10,Random,MarginalGainPredictor,50,8,5753,43.6,1140,23.0,1423,15.6,20.6,7.4,28.0,-1.7763568394002505e-15,3.3300000040981104e-05,0.00036660000000665605,0.5013344999999845
10,Random,OriginalOrder,100,8,5753,43.6,985,31.5,4824,11.0,12.100000000000001,20.5,32.6,0.0,3.3300000040981104e-05,2.0000015865662135e-07,0.5013344999999845
10,Random,MarginalGainPredictor,100,8,5753,43.6,985,31.5,985,31.5,12.100000000000001,0.0,12.100000000000001,0.0,3.3300000040981104e-05,0.0004515000000537839,0.5013344999999845
10,Random,OriginalOrder,10,9,5753,43.6,3916,29.4,12380,3.0,14.200000000000003,26.4,40.6,0.0,3.28000000990869e-05,1.999999312829459e-07,0.5013344999999845
10,Random,MarginalGainPredictor,10,9,5753,43.6,3916,29.4,820,17.5,14.200000000000003,11.899999999999999,26.1,0.0,3.28000000990869e-05,0.00036210000007486087,0.5013344999999845
10,Random,OriginalOrder,20,9,5753,43.6,5753,43.6,12380,3.0,0.0,40.6,40.6,0.0,3.28000000990869e-05,1.999999312829459e-07,0.5013344999999845
10,Random,MarginalGainPredictor,20,9,5753,43.6,5753,43.6,820,17.5,0.0,26.1,26.1,0.0,3.28000000990869e-05,0.000366799999937939,0.5013344999999845
10,Random,OriginalOrder,50,9,5753,43.6,5753,43.6,12380,3.0,0.0,40.6,40.6,0.0,3.28000000990869e-05,2.0000015865662135e-07,0.5013344999999845
10,Random,MarginalGainPredictor,50,9,5753,43.6,5753,43.6,820,17.5,0.0,26.1,26.1,0.0,3.28000000990869e-05,0.00036759999989044445,0.5013344999999845
10,Random,OriginalOrder,100,9,5753,43.6,5753,43.6,12380,3.0,0.0,40.6,40.6,0.0,3.28000000990869e-05,1.0000007932831068e-07,0.5013344999999845
10,Random,MarginalGainPredictor,100,9,5753,43.6,5753,43.6,820,17.5,0.0,26.1,26.1,0.0,3.28000000990869e-05,0.00038850000009915675,0.5013344999999845
