path,source,source_relative,bytes,sha256,in_git,object
BC/BC01/Baleen-FAST24/README.md,prepared_20261001,BC/BC01/Baleen-FAST24/README.md,8214,0ed8b1e4551ed608dfd103b0914fb733f94f0ee05132076bea2fe9dade1e42fd,1,objects/0ed8b1e4551ed608dfd103b0914fb733f94f0ee05132076bea2fe9dade1e42fd
BC/BC01/Baleen-FAST24/data/clean.sh,prepared_20261001,BC/BC01/Baleen-FAST24/data/clean.sh,187,fa849b198b93153eed3758bbae99955530c9f68b8276444e186d48e643f0fdf5,1,objects/fa849b198b93153eed3758bbae99955530c9f68b8276444e186d48e643f0fdf5
BC/BC01/Baleen-FAST24/data/get-tectonic.sh,prepared_20261001,BC/BC01/Baleen-FAST24/data/get-tectonic.sh,517,113249a7454a1d99667dc121f040ada8fc23fe8073af3f4e18505f1179c41126,1,objects/113249a7454a1d99667dc121f040ada8fc23fe8073af3f4e18505f1179c41126
BC/BC01/Baleen-FAST24/getting-started.sh,prepared_20261001,BC/BC01/Baleen-FAST24/getting-started.sh,1725,e926eda65c3057927b7fca6855f1f66a539930cb95df1de03037f5ef0688bf67,1,objects/e926eda65c3057927b7fca6855f1f66a539930cb95df1de03037f5ef0688bf67
BC/BC01/Baleen-FAST24/runs/example/baleen/example/201910_Region1_0_0.1/offline_analysis_ea_5892.86.csv,prepared_20261001,BC/BC01/Baleen-FAST24/runs/example/baleen/example/201910_Region1_0_0.1/offline_analysis_ea_5892.86.csv,5852,3cd600750bac7b298bf63efa69829b4ab9d5b4c58344172f3dfca19125e0279b,1,objects/3cd600750bac7b298bf63efa69829b4ab9d5b4c58344172f3dfca19125e0279b
BC/BC01/Baleen-FAST24/runs/example/baleen/prefetch_ml-on-partial-hit/config.json,prepared_20261001,BC/BC01/Baleen-FAST24/runs/example/baleen/prefetch_ml-on-partial-hit/config.json,1474,a03b82db9bbeeda2b8c93f61ba064ad81ad5cf647baa4b0eea71aa0715492796,1,objects/a03b82db9bbeeda2b8c93f61ba064ad81ad5cf647baa4b0eea71aa0715492796
BC/BC01/Baleen-FAST24/runs/example/baleen/prefetch_ml-on-partial-hit/ml-ap-0.798545_6_lru_366.475GB/full_0_0.1.err,prepared_20261001,BC/BC01/Baleen-FAST24/runs/example/baleen/prefetch_ml-on-partial-hit/ml-ap-0.798545_6_lru_366.475GB/full_0_0.1.err,16947,8b7f33697966f92a7c146838038edb548316fe3db3e2a29df51b3bedaa9d5852,0,objects/8b7f33697966f92a7c146838038edb548316fe3db3e2a29df51b3bedaa9d5852
BC/BC01/Baleen-FAST24/runs/example/baleen/prefetch_ml-on-partial-hit/ml-ap-0.798545_6_lru_366.475GB/full_0_0.1.out,prepared_20261001,BC/BC01/Baleen-FAST24/runs/example/baleen/prefetch_ml-on-partial-hit/ml-ap-0.798545_6_lru_366.475GB/full_0_0.1.out,1847,6da537d0c339a65b988f272004538983c39a0ff45f9708c98a19993739e7fee4,0,objects/6da537d0c339a65b988f272004538983c39a0ff45f9708c98a19993739e7fee4
BC/BC01/Baleen-FAST24/runs/example/baleen/prefetch_ml-on-partial-hit/ml-ap-0.798545_6_lru_366.475GB/full_0_0.1_cache_perf.txt.lzma,prepared_20261001,BC/BC01/Baleen-FAST24/runs/example/baleen/prefetch_ml-on-partial-hit/ml-ap-0.798545_6_lru_366.475GB/full_0_0.1_cache_perf.txt.lzma,15028,d9cd9a12bf43eb532d11171a76e1aaddc7bc65261b2b3c1e6a2a688e405c6d77,0,objects/d9cd9a12bf43eb532d11171a76e1aaddc7bc65261b2b3c1e6a2a688e405c6d77
BC/BC01/Baleen-FAST24/runs/example/baleen/prefetch_ml-on-partial-hit/ml-ap-0.798545_6_lru_366.475GB/full_0_0.1_cache_perf.txt.stats.lzma,prepared_20261001,BC/BC01/Baleen-FAST24/runs/example/baleen/prefetch_ml-on-partial-hit/ml-ap-0.798545_6_lru_366.475GB/full_0_0.1_cache_perf.txt.stats.lzma,493068,c58d866626b772b1d4d6e9b7b4e26dce3e8425500f44753cae8be08481dba591,0,objects/c58d866626b772b1d4d6e9b7b4e26dce3e8425500f44753cae8be08481dba591
BC/BC01/Baleen-FAST24/runs/example/rejectx/config.json,prepared_20261001,BC/BC01/Baleen-FAST24/runs/example/rejectx/config.json,1059,2c2b6646f6932539c194c3727d8ce5877aad90d78dd6752fb10039fd0ae88f5c,1,objects/2c2b6646f6932539c194c3727d8ce5877aad90d78dd6752fb10039fd0ae88f5c
BC/BC01/Baleen-FAST24/runs/example/rejectx/rejectx-ap-1_0.508154_lru_366.475GB/full_0_0.1.err,prepared_20261001,BC/BC01/Baleen-FAST24/runs/example/rejectx/rejectx-ap-1_0.508154_lru_366.475GB/full_0_0.1.err,14249,5996bbfea70fdb0cef50e9df23eaa8a2294abe923be316cd090ada096246e514,0,objects/5996bbfea70fdb0cef50e9df23eaa8a2294abe923be316cd090ada096246e514
BC/BC01/Baleen-FAST24/runs/example/rejectx/rejectx-ap-1_0.508154_lru_366.475GB/full_0_0.1.out,prepared_20261001,BC/BC01/Baleen-FAST24/runs/example/rejectx/rejectx-ap-1_0.508154_lru_366.475GB/full_0_0.1.out,1351,55f3d167ccd6ab3a294069443ed318499d6cf91442cc4f53be1823171c10b7d6,0,objects/55f3d167ccd6ab3a294069443ed318499d6cf91442cc4f53be1823171c10b7d6
BC/BC01/Baleen-FAST24/runs/example/rejectx/rejectx-ap-1_0.508154_lru_366.475GB/full_0_0.1_cache_perf.txt.lzma,prepared_20261001,BC/BC01/Baleen-FAST24/runs/example/rejectx/rejectx-ap-1_0.508154_lru_366.475GB/full_0_0.1_cache_perf.txt.lzma,13696,355f04a4471ab8c1c8970f8ab1e804330028e0229d243881116f6c607183ff88,0,objects/355f04a4471ab8c1c8970f8ab1e804330028e0229d243881116f6c607183ff88
BC/BC01/Baleen-FAST24/runs/example/rejectx/rejectx-ap-1_0.508154_lru_366.475GB/full_0_0.1_cache_perf.txt.stats.lzma,prepared_20261001,BC/BC01/Baleen-FAST24/runs/example/rejectx/rejectx-ap-1_0.508154_lru_366.475GB/full_0_0.1_cache_perf.txt.stats.lzma,451840,da5b7a80ced4fa410548b1248d0544b3a7ba9e4e50e9caece08b7cd08bb118fb,0,objects/da5b7a80ced4fa410548b1248d0544b3a7ba9e4e50e9caece08b7cd08bb118fb
BC/BC01/Baleen-FAST24/tmp/example/201910_Region1_0_0.1/decisions_utility_service_time_size_fixed_ea_5892.86.pkl.bz,prepared_20261001,BC/BC01/Baleen-FAST24/tmp/example/201910_Region1_0_0.1/decisions_utility_service_time_size_fixed_ea_5892.86.pkl.bz,653798,edbd72c48111c3f7d544b5d09e9f03dbb54cef7a2d8a939ed19a89a00c79a5e7,0,objects/edbd72c48111c3f7d544b5d09e9f03dbb54cef7a2d8a939ed19a89a00c79a5e7
BC/BC01/Baleen-FAST24/tmp/example/201910_Region1_0_0.1/ea_5892.86_wr_35.599.err,prepared_20261001,BC/BC01/Baleen-FAST24/tmp/example/201910_Region1_0_0.1/ea_5892.86_wr_35.599.err,3566,2516de2dfab3670465de00da50e10604d2dc9b0f4c6408a4491ed6fd5ff4d998,0,objects/2516de2dfab3670465de00da50e10604d2dc9b0f4c6408a4491ed6fd5ff4d998
BC/BC01/Baleen-FAST24/tmp/example/201910_Region1_0_0.1/ea_5892.86_wr_35.599.out,prepared_20261001,BC/BC01/Baleen-FAST24/tmp/example/201910_Region1_0_0.1/ea_5892.86_wr_35.599.out,12227,ad2e1969081626b89b5de3602fd5cf14b6de5529d56552846aa6e3d4a2845095,0,objects/ad2e1969081626b89b5de3602fd5cf14b6de5529d56552846aa6e3d4a2845095
BC/BC01/Baleen-FAST24/tmp/example/201910_Region1_0_0.1/ea_5892.86_wr_35.599_admit_threshold_binary.model,prepared_20261001,BC/BC01/Baleen-FAST24/tmp/example/201910_Region1_0_0.1/ea_5892.86_wr_35.599_admit_threshold_binary.model,8205087,fb390089b9dd2af2de7235f98c22995ec2f841257e536e6a121558e97e84f64e,0,objects/fb390089b9dd2af2de7235f98c22995ec2f841257e536e6a121558e97e84f64e
BC/BC01/Baleen-FAST24/tmp/example/201910_Region1_0_0.1/ea_5892.86_wr_35.599_prefetch_offset_end.model,prepared_20261001,BC/BC01/Baleen-FAST24/tmp/example/201910_Region1_0_0.1/ea_5892.86_wr_35.599_prefetch_offset_end.model,643507,364ae73b736d4d75f3787743fdef1849182df206f0024652fc958891b8e78013,0,objects/364ae73b736d4d75f3787743fdef1849182df206f0024652fc958891b8e78013
BC/BC01/Baleen-FAST24/tmp/example/201910_Region1_0_0.1/ea_5892.86_wr_35.599_prefetch_offset_start.model,prepared_20261001,BC/BC01/Baleen-FAST24/tmp/example/201910_Region1_0_0.1/ea_5892.86_wr_35.599_prefetch_offset_start.model,675792,2d240d8e79b1abb674e96712ab0e96a04a4c3837dd1cca8b49b498d5979ce9f7,0,objects/2d240d8e79b1abb674e96712ab0e96a04a4c3837dd1cca8b49b498d5979ce9f7
BC/BC01/Baleen-FAST24/tmp/example/201910_Region1_0_0.1/ea_5892.86_wr_35.599_prefetch_pred_net_pf_st_binary.model,prepared_20261001,BC/BC01/Baleen-FAST24/tmp/example/201910_Region1_0_0.1/ea_5892.86_wr_35.599_prefetch_pred_net_pf_st_binary.model,2907,a7f073e64bfd57d7bb32e82d17d6445e50efd33a52f27bfc557fdfcdc726b6d6,0,objects/a7f073e64bfd57d7bb32e82d17d6445e50efd33a52f27bfc557fdfcdc726b6d6
BC/BC01/Baleen-FAST24/tmp/example/201910_Region1_0_0.1/ea_5892.86_wr_35.599_prefetch_size.model,prepared_20261001,BC/BC01/Baleen-FAST24/tmp/example/201910_Region1_0_0.1/ea_5892.86_wr_35.599_prefetch_size.model,642159,f745bacf02cb79ab1efeead2fe066d1da72b7a4d38762eccf67e31778923d5d9,0,objects/f745bacf02cb79ab1efeead2fe066d1da72b7a4d38762eccf67e31778923d5d9
BC/BC01/build_bc01_deliverables.py,prepared_20261001,BC/BC01/build_bc01_deliverables.py,18091,4c4e00e1f04fcacad272f4b5ad793c829284e18ce2c1de891c766cd86cfcfa8e,1,objects/4c4e00e1f04fcacad272f4b5ad793c829284e18ce2c1de891c766cd86cfcfa8e
BC/BC01/inspect_stats.py,prepared_20261001,BC/BC01/inspect_stats.py,606,67bfe146adb8581e19cb1fdc0b9b0e45c97e6c6a452e8eccddfd32c7bec8aa61,1,objects/67bfe146adb8581e19cb1fdc0b9b0e45c97e6c6a452e8eccddfd32c7bec8aa61
BC/BC01/inspect_stats_selected.py,prepared_20261001,BC/BC01/inspect_stats_selected.py,1257,639a2ee085b4c981d3375efd5d1bac11c7bfdaba050b6feccf88fba9d25f5acd,1,objects/639a2ee085b4c981d3375efd5d1bac11c7bfdaba050b6feccf88fba9d25f5acd
BC/BC01/logs/baleen_sim_console.log,prepared_20261001,BC/BC01/logs/baleen_sim_console.log,18440,47aec7f294fded4989edcfa0e26313c9469f137305c98abeda2fd2d1f2c2ece2,0,objects/47aec7f294fded4989edcfa0e26313c9469f137305c98abeda2fd2d1f2c2ece2
BC/BC01/logs/baleen_train_console.log,prepared_20261001,BC/BC01/logs/baleen_train_console.log,13970,94f078273836e1830bd474d699731bddb631ff9d59950eab2e28d973e510f08c,0,objects/94f078273836e1830bd474d699731bddb631ff9d59950eab2e28d973e510f08c
BC/BC01/logs/rejectx_console.log,prepared_20261001,BC/BC01/logs/rejectx_console.log,971,23b9308a1543019e24041f7447c794951ec6ce0bdd9bd07544663a91b8e724e3,0,objects/23b9308a1543019e24041f7447c794951ec6ce0bdd9bd07544663a91b8e724e3
BC/BC01/logs/rejectx_console_direct.log,prepared_20261001,BC/BC01/logs/rejectx_console_direct.log,15370,73f659a71e7475134965567a81d57f65b0cc16e0aaa929020d796e6b3d04ad5b,0,objects/73f659a71e7475134965567a81d57f65b0cc16e0aaa929020d796e6b3d04ad5b
BC/BC02/audit.json,prepared_20261001,BC/BC02/audit.json,1793,3177dedeb8ccefa1e7db938b146eb5cd7f19580b90a2ff53f196ff474716dd96,1,objects/3177dedeb8ccefa1e7db938b146eb5cd7f19580b90a2ff53f196ff474716dd96
BC/BC02/manual_boundary.trace,prepared_20261001,BC/BC02/manual_boundary.trace,70,cd3033393b0496937b5a033050c3181238642d82ca91995d1fed5ac61a9a9bac,0,objects/cd3033393b0496937b5a033050c3181238642d82ca91995d1fed5ac61a9a9bac
BC/BC02/manual_first_get_is_charged.trace,prepared_20261001,BC/BC02/manual_first_get_is_charged.trace,22,205d08c0ba570295b221909ca420b0ebb49e6fedb8b552198094d6c7ad7d705b,0,objects/205d08c0ba570295b221909ca420b0ebb49e6fedb8b552198094d6c7ad7d705b
BC/BC02/manual_hostname_repeat.trace,prepared_20261001,BC/BC02/manual_hostname_repeat.trace,50,ba279345942d81ad8d6ea93a636e1e0519889a407a4a50f4b23baed8c0ed0129,0,objects/ba279345942d81ad8d6ea93a636e1e0519889a407a4a50f4b23baed8c0ed0129
BC/BC02/manual_later_get_same_block_is_free.trace,prepared_20261001,BC/BC02/manual_later_get_same_block_is_free.trace,80,3f9a3e3ca5aaf64b881b69525952d3bc2976ab156891b3211fa2560e574db8a3,0,objects/3f9a3e3ca5aaf64b881b69525952d3bc2976ab156891b3211fa2560e574db8a3
BC/BC02/manual_put_then_first_get_both_charged.trace,prepared_20261001,BC/BC02/manual_put_then_first_get_both_charged.trace,44,1d5d4d130b3b114254ab1006ccf11b4fd5e7d71c2e0d89fea9695f8778d2a5f7,0,objects/1d5d4d130b3b114254ab1006ccf11b4fd5e7d71c2e0d89fea9695f8778d2a5f7
BC/BC02/scan_bc02.py,prepared_20261001,BC/BC02/scan_bc02.py,22300,8921322f88a4e0b45d439c482e47d50ba12562650d9dddfbaf3c0cb3e3f3e1d7,1,objects/8921322f88a4e0b45d439c482e47d50ba12562650d9dddfbaf3c0cb3e3f3e1d7
BC/BC02/verify_exports.py,prepared_20261001,BC/BC02/verify_exports.py,3911,f4a809bf8f511d2e41e2013c253cd0d415003542f054eede8cb16f5cd4706005,1,objects/f4a809bf8f511d2e41e2013c253cd0d415003542f054eede8cb16f5cd4706005
BC/BC03/DURING/audit.json,prepared_20261001,BC/BC03/DURING/audit.json,2071,c585bbc21fb118e2e7cd19fc3910fd9401c713cc2a3a7206d5cbd19a9d5225ab,1,objects/c585bbc21fb118e2e7cd19fc3910fd9401c713cc2a3a7206d5cbd19a9d5225ab
BC/BC03/DURING/config.json,prepared_20261001,BC/BC03/DURING/config.json,1518,742855029c2f23a83454cb5ed0230304c868e2f2029d5490577f238ed88e22d9,1,objects/742855029c2f23a83454cb5ed0230304c868e2f2029d5490577f238ed88e22d9
BC/BC03/DURING/console.log,prepared_20261001,BC/BC03/DURING/console.log,18677,29108a70bb46dc5666917d04e2ff0c8ad0027e006b056cf720e9932badb8ae51,0,objects/29108a70bb46dc5666917d04e2ff0c8ad0027e006b056cf720e9932badb8ae51
BC/BC03/DURING/progress.json,prepared_20261001,BC/BC03/DURING/progress.json,107,54d3d65f23b62fe17082c715595eacb7544654e41c7b6d82c5995d653279e1e9,1,objects/54d3d65f23b62fe17082c715595eacb7544654e41c7b6d82c5995d653279e1e9
BC/BC03/DURING/raw/ml-ap-0.798545_6_lru_366.475GB/full_0_0.1.err,prepared_20261001,BC/BC03/DURING/raw/ml-ap-0.798545_6_lru_366.475GB/full_0_0.1.err,17048,c75a4ae54213ebaf261c1ce20c15b479224b08672014da784e5cf43c71ac9b38,0,objects/c75a4ae54213ebaf261c1ce20c15b479224b08672014da784e5cf43c71ac9b38
BC/BC03/DURING/raw/ml-ap-0.798545_6_lru_366.475GB/full_0_0.1.out,prepared_20261001,BC/BC03/DURING/raw/ml-ap-0.798545_6_lru_366.475GB/full_0_0.1.out,1912,85c7ad9fb0c6f0a6a3ec0baeeee656dab3d6c8fed4d55baca0a1778efe04cf3e,0,objects/85c7ad9fb0c6f0a6a3ec0baeeee656dab3d6c8fed4d55baca0a1778efe04cf3e
BC/BC03/DURING/raw/ml-ap-0.798545_6_lru_366.475GB/full_0_0.1_cache_perf.txt.lzma,prepared_20261001,BC/BC03/DURING/raw/ml-ap-0.798545_6_lru_366.475GB/full_0_0.1_cache_perf.txt.lzma,14952,d81aedb37348577728726f6028f6eb25e2c6de7ea109946d8c45a1ab7b207c3c,0,objects/d81aedb37348577728726f6028f6eb25e2c6de7ea109946d8c45a1ab7b207c3c
BC/BC03/DURING/raw/ml-ap-0.798545_6_lru_366.475GB/full_0_0.1_cache_perf.txt.stats.lzma,prepared_20261001,BC/BC03/DURING/raw/ml-ap-0.798545_6_lru_366.475GB/full_0_0.1_cache_perf.txt.stats.lzma,492304,e9754fc1004f9d2948a1d55db5d896452cf516d7c70c2ebf2bd425b40d645ef2,0,objects/e9754fc1004f9d2948a1d55db5d896452cf516d7c70c2ebf2bd425b40d645ef2
BC/BC03/DURING/warmup_state.json.gz,prepared_20261001,BC/BC03/DURING/warmup_state.json.gz,867173,9c0c484d2368d433315a82a7040bc8baecf3bf0fc9aa677b75533ee52a0fb2a3,0,objects/9c0c484d2368d433315a82a7040bc8baecf3bf0fc9aa677b75533ee52a0fb2a3
BC/BC03/LEAD/audit.json,prepared_20261001,BC/BC03/LEAD/audit.json,2068,1dfbef2a9b7cbaab067fbfb15379713542b8efca768cba3a1a85147afd883868,1,objects/1dfbef2a9b7cbaab067fbfb15379713542b8efca768cba3a1a85147afd883868
BC/BC03/LEAD/config.json,prepared_20261001,BC/BC03/LEAD/config.json,1516,83cf698e0c7a5392a3ec05ce8bfd78ef5252451e1489ed4ac13f0be450280021,1,objects/83cf698e0c7a5392a3ec05ce8bfd78ef5252451e1489ed4ac13f0be450280021
BC/BC03/LEAD/console.log,prepared_20261001,BC/BC03/LEAD/console.log,18656,0c378239a555ad299c0a5a184b4d0352f549907074aae099a7638916f67c4769,0,objects/0c378239a555ad299c0a5a184b4d0352f549907074aae099a7638916f67c4769
BC/BC03/LEAD/progress.json,prepared_20261001,BC/BC03/LEAD/progress.json,105,6d99bf47f2d598e80a53f2f4a6056f23510ecd535a53de55b6b32bf26ea20fdc,1,objects/6d99bf47f2d598e80a53f2f4a6056f23510ecd535a53de55b6b32bf26ea20fdc
BC/BC03/LEAD/raw/ml-ap-0.798545_6_lru_366.475GB/full_0_0.1.err,prepared_20261001,BC/BC03/LEAD/raw/ml-ap-0.798545_6_lru_366.475GB/full_0_0.1.err,17043,5029bd9369d2d8c3345ee81d06ab3fde073f105a2c0c1ef1d47a0075dfd7d24a,0,objects/5029bd9369d2d8c3345ee81d06ab3fde073f105a2c0c1ef1d47a0075dfd7d24a
BC/BC03/LEAD/raw/ml-ap-0.798545_6_lru_366.475GB/full_0_0.1.out,prepared_20261001,BC/BC03/LEAD/raw/ml-ap-0.798545_6_lru_366.475GB/full_0_0.1.out,1904,89c37ca41b50848d6882a46b7f58f610a2ea78fa9d941ec5c4eb3b946db39613,0,objects/89c37ca41b50848d6882a46b7f58f610a2ea78fa9d941ec5c4eb3b946db39613
BC/BC03/LEAD/raw/ml-ap-0.798545_6_lru_366.475GB/full_0_0.1_cache_perf.txt.lzma,prepared_20261001,BC/BC03/LEAD/raw/ml-ap-0.798545_6_lru_366.475GB/full_0_0.1_cache_perf.txt.lzma,14900,7dd895b18134e76ea8bb4333fe5d38993663b7a20600b5ab275626d1c2d178a4,0,objects/7dd895b18134e76ea8bb4333fe5d38993663b7a20600b5ab275626d1c2d178a4
BC/BC03/LEAD/raw/ml-ap-0.798545_6_lru_366.475GB/full_0_0.1_cache_perf.txt.stats.lzma,prepared_20261001,BC/BC03/LEAD/raw/ml-ap-0.798545_6_lru_366.475GB/full_0_0.1_cache_perf.txt.stats.lzma,492500,50b548cf8009b7db4564aa156958c1c2c2610727ce43043d4ac7baa908d0000b,0,objects/50b548cf8009b7db4564aa156958c1c2c2610727ce43043d4ac7baa908d0000b
BC/BC03/LEAD/warmup_state.json.gz,prepared_20261001,BC/BC03/LEAD/warmup_state.json.gz,867173,e1f7e6df40be25c8bb6a12f514f156f6f8d485ff9413d18114df4e862cdd51a0,0,objects/e1f7e6df40be25c8bb6a12f514f156f6f8d485ff9413d18114df4e862cdd51a0
BC/BC03/NEXT-DAY/audit.json,prepared_20261001,BC/BC03/NEXT-DAY/audit.json,2073,e819277b7319e1d8756ca008a77a810321920a28b6ac393b1c3a95fbc80c69a5,1,objects/e819277b7319e1d8756ca008a77a810321920a28b6ac393b1c3a95fbc80c69a5
BC/BC03/NEXT-DAY/config.json,prepared_20261001,BC/BC03/NEXT-DAY/config.json,1520,3397570a01b292ba3bc150c87602673465950b1e3b797a158068f1e99d9cb2f4,1,objects/3397570a01b292ba3bc150c87602673465950b1e3b797a158068f1e99d9cb2f4
BC/BC03/NEXT-DAY/console.log,prepared_20261001,BC/BC03/NEXT-DAY/console.log,18697,fa5b4607c0efba8406cc2e0dd09eeb7d9f7dceecc98df8b06bcab79a817fd43f,0,objects/fa5b4607c0efba8406cc2e0dd09eeb7d9f7dceecc98df8b06bcab79a817fd43f
BC/BC03/NEXT-DAY/progress.json,prepared_20261001,BC/BC03/NEXT-DAY/progress.json,109,5a3445284b916cea79cba51e41706f8118c3067896350ebc61a7a8c27db389eb,1,objects/5a3445284b916cea79cba51e41706f8118c3067896350ebc61a7a8c27db389eb
BC/BC03/NEXT-DAY/raw/ml-ap-0.798545_6_lru_366.475GB/full_0_0.1.err,prepared_20261001,BC/BC03/NEXT-DAY/raw/ml-ap-0.798545_6_lru_366.475GB/full_0_0.1.err,17052,49fd5e91705e92f2363c8221188031e15cc2cced4ffcce7c2f6c0e497ac3c612,0,objects/49fd5e91705e92f2363c8221188031e15cc2cced4ffcce7c2f6c0e497ac3c612
BC/BC03/NEXT-DAY/raw/ml-ap-0.798545_6_lru_366.475GB/full_0_0.1.out,prepared_20261001,BC/BC03/NEXT-DAY/raw/ml-ap-0.798545_6_lru_366.475GB/full_0_0.1.out,1920,5c73721bf3b9e511b447ab8635bc5d6c9f7e340fdea3ac5a484c53db153a376d,0,objects/5c73721bf3b9e511b447ab8635bc5d6c9f7e340fdea3ac5a484c53db153a376d
BC/BC03/NEXT-DAY/raw/ml-ap-0.798545_6_lru_366.475GB/full_0_0.1_cache_perf.txt.lzma,prepared_20261001,BC/BC03/NEXT-DAY/raw/ml-ap-0.798545_6_lru_366.475GB/full_0_0.1_cache_perf.txt.lzma,14892,38368dee5f7808585a333118e01c99c12a236aff9b715954a94b07e5da987a40,0,objects/38368dee5f7808585a333118e01c99c12a236aff9b715954a94b07e5da987a40
BC/BC03/NEXT-DAY/raw/ml-ap-0.798545_6_lru_366.475GB/full_0_0.1_cache_perf.txt.stats.lzma,prepared_20261001,BC/BC03/NEXT-DAY/raw/ml-ap-0.798545_6_lru_366.475GB/full_0_0.1_cache_perf.txt.stats.lzma,492184,1ea1d28eb7a31d4260248d72a0261c8124b3c7b2d047d4fb9e2d5f63db5475a6,0,objects/1ea1d28eb7a31d4260248d72a0261c8124b3c7b2d047d4fb9e2d5f63db5475a6
BC/BC03/NEXT-DAY/warmup_state.json.gz,prepared_20261001,BC/BC03/NEXT-DAY/warmup_state.json.gz,867173,ce0f18826321b2a0874c8384bd6ff9292a974da50f924dbbea8f8de0d917508c,0,objects/ce0f18826321b2a0874c8384bd6ff9292a974da50f924dbbea8f8de0d917508c
BC/BC03/PREV-DAY/audit.json,prepared_20261001,BC/BC03/PREV-DAY/audit.json,2075,d2551d3233c68599f20889ef90d9c5948dcfdb7d5f4e3a34d956b3e191b489a4,1,objects/d2551d3233c68599f20889ef90d9c5948dcfdb7d5f4e3a34d956b3e191b489a4
BC/BC03/PREV-DAY/config.json,prepared_20261001,BC/BC03/PREV-DAY/config.json,1520,08a355b12d62b96851c206480e5ed924ed473e5093f985b20de6b358cbef21dd,1,objects/08a355b12d62b96851c206480e5ed924ed473e5093f985b20de6b358cbef21dd
BC/BC03/PREV-DAY/console.log,prepared_20261001,BC/BC03/PREV-DAY/console.log,18698,508c96d78e4ceaa58d9734d108e85408b9bd170fdd0f730b0f3fef448257e973,0,objects/508c96d78e4ceaa58d9734d108e85408b9bd170fdd0f730b0f3fef448257e973
BC/BC03/PREV-DAY/progress.json,prepared_20261001,BC/BC03/PREV-DAY/progress.json,109,dedb944bafecac562218080799b24bf95e68efcbccf291cd302ca69335f16501,1,objects/dedb944bafecac562218080799b24bf95e68efcbccf291cd302ca69335f16501
BC/BC03/PREV-DAY/raw/ml-ap-0.798545_6_lru_366.475GB/full_0_0.1.err,prepared_20261001,BC/BC03/PREV-DAY/raw/ml-ap-0.798545_6_lru_366.475GB/full_0_0.1.err,17053,19da29807674415cfdd37ed14215794ea90a2782bf8ebc3a2a5f1ac8b98989c3,0,objects/19da29807674415cfdd37ed14215794ea90a2782bf8ebc3a2a5f1ac8b98989c3
BC/BC03/PREV-DAY/raw/ml-ap-0.798545_6_lru_366.475GB/full_0_0.1.out,prepared_20261001,BC/BC03/PREV-DAY/raw/ml-ap-0.798545_6_lru_366.475GB/full_0_0.1.out,1920,3392f429fda956a5a1e39731182c5c649b4246352b2e50770bb570fd2207293a,0,objects/3392f429fda956a5a1e39731182c5c649b4246352b2e50770bb570fd2207293a
BC/BC03/PREV-DAY/raw/ml-ap-0.798545_6_lru_366.475GB/full_0_0.1_cache_perf.txt.lzma,prepared_20261001,BC/BC03/PREV-DAY/raw/ml-ap-0.798545_6_lru_366.475GB/full_0_0.1_cache_perf.txt.lzma,14872,ba3083e648b36bb2ab6a205ea83079c3a99ea776cb70ae2bfe0d5e4f1c1c78aa,0,objects/ba3083e648b36bb2ab6a205ea83079c3a99ea776cb70ae2bfe0d5e4f1c1c78aa
BC/BC03/PREV-DAY/raw/ml-ap-0.798545_6_lru_366.475GB/full_0_0.1_cache_perf.txt.stats.lzma,prepared_20261001,BC/BC03/PREV-DAY/raw/ml-ap-0.798545_6_lru_366.475GB/full_0_0.1_cache_perf.txt.stats.lzma,492024,3c1c3342f8cf19af5967e5e0ee704ad0413101cf498b01d0e6f8c8a5ee855e8a,0,objects/3c1c3342f8cf19af5967e5e0ee704ad0413101cf498b01d0e6f8c8a5ee855e8a
BC/BC03/PREV-DAY/warmup_state.json.gz,prepared_20261001,BC/BC03/PREV-DAY/warmup_state.json.gz,867173,dc802422ea547e3314a6351df7d8c4c5ee4caa94f2480bdeba3b675879648396,0,objects/dc802422ea547e3314a6351df7d8c4c5ee4caa94f2480bdeba3b675879648396
BC/BC03/STATIC-BASE/audit.json,prepared_20261001,BC/BC03/STATIC-BASE/audit.json,1699,75457fafadb42580030b25b7eeead0d88669b7a41700c2a56ebe1d89119351c5,1,objects/75457fafadb42580030b25b7eeead0d88669b7a41700c2a56ebe1d89119351c5
BC/BC03/STATIC-BASE/config.json,prepared_20261001,BC/BC03/STATIC-BASE/config.json,1523,e87f0a84e487efe3be775dc1b819b0361cddda10ea89bb736d290c785e3d449d,1,objects/e87f0a84e487efe3be775dc1b819b0361cddda10ea89bb736d290c785e3d449d
BC/BC03/STATIC-BASE/console.log,prepared_20261001,BC/BC03/STATIC-BASE/console.log,18716,589bc7c95e88748e75f2fa155ea6522eb7eeccc3294aca7d068670ae5b5ea617,0,objects/589bc7c95e88748e75f2fa155ea6522eb7eeccc3294aca7d068670ae5b5ea617
BC/BC03/STATIC-BASE/progress.json,prepared_20261001,BC/BC03/STATIC-BASE/progress.json,106,443184c337efb4c0058e5040e23b6e60a3b0b82385804aca2feef245c3b571c1,1,objects/443184c337efb4c0058e5040e23b6e60a3b0b82385804aca2feef245c3b571c1
BC/BC03/STATIC-BASE/raw/ml-ap-0.798545_6_lru_366.475GB/full_0_0.1.err,prepared_20261001,BC/BC03/STATIC-BASE/raw/ml-ap-0.798545_6_lru_366.475GB/full_0_0.1.err,17047,4880c1b63a97a92294ab76637cd4156d3b3ab486de98fb268a06b15afd072b14,0,objects/4880c1b63a97a92294ab76637cd4156d3b3ab486de98fb268a06b15afd072b14
BC/BC03/STATIC-BASE/raw/ml-ap-0.798545_6_lru_366.475GB/full_0_0.1.out,prepared_20261001,BC/BC03/STATIC-BASE/raw/ml-ap-0.798545_6_lru_366.475GB/full_0_0.1.out,1932,5bdadff4f7ab663df4854ec10fe5850138e05cd45ba1252357ad3cf8f38c1211,0,objects/5bdadff4f7ab663df4854ec10fe5850138e05cd45ba1252357ad3cf8f38c1211
BC/BC03/STATIC-BASE/raw/ml-ap-0.798545_6_lru_366.475GB/full_0_0.1_cache_perf.txt.lzma,prepared_20261001,BC/BC03/STATIC-BASE/raw/ml-ap-0.798545_6_lru_366.475GB/full_0_0.1_cache_perf.txt.lzma,15028,be6443b96431cc0bd0c26ae9bc2aa5689adb583cb41f0321e19e679a73b1f326,0,objects/be6443b96431cc0bd0c26ae9bc2aa5689adb583cb41f0321e19e679a73b1f326
BC/BC03/STATIC-BASE/raw/ml-ap-0.798545_6_lru_366.475GB/full_0_0.1_cache_perf.txt.stats.lzma,prepared_20261001,BC/BC03/STATIC-BASE/raw/ml-ap-0.798545_6_lru_366.475GB/full_0_0.1_cache_perf.txt.stats.lzma,494568,56024508a5ebdf57763df19c68a473ac29067775aff7d33dc9c299bbc88b7687,0,objects/56024508a5ebdf57763df19c68a473ac29067775aff7d33dc9c299bbc88b7687
BC/BC03/STATIC-BASE/warmup_state.json.gz,prepared_20261001,BC/BC03/STATIC-BASE/warmup_state.json.gz,867173,648502971d45c183afa2a60085b0d96e228470e19d1579d35f1c608527cbd6ac,0,objects/648502971d45c183afa2a60085b0d96e228470e19d1579d35f1c608527cbd6ac
BC/BC03/STATIC-HIGH/audit.json,prepared_20261001,BC/BC03/STATIC-HIGH/audit.json,1699,77be52aabb34be3e1e3ecd1f9bb56308f9de1e99e762e04861f85830c9ca0def,1,objects/77be52aabb34be3e1e3ecd1f9bb56308f9de1e99e762e04861f85830c9ca0def
BC/BC03/STATIC-HIGH/config.json,prepared_20261001,BC/BC03/STATIC-HIGH/config.json,1523,1995423e439cce2fb9858c5ef66031745c16ca42799616cf48fb1f850047805b,1,objects/1995423e439cce2fb9858c5ef66031745c16ca42799616cf48fb1f850047805b
BC/BC03/STATIC-HIGH/console.log,prepared_20261001,BC/BC03/STATIC-HIGH/console.log,18726,226b589ff0302cee20762b6e2b907a7be230c6733df8cd1a16e740ccf0e4304e,0,objects/226b589ff0302cee20762b6e2b907a7be230c6733df8cd1a16e740ccf0e4304e
BC/BC03/STATIC-HIGH/progress.json,prepared_20261001,BC/BC03/STATIC-HIGH/progress.json,112,f32b4e4f20ce7172d7441a3610105efb79ef254308c9979c60f9d0b9d3aff30b,1,objects/f32b4e4f20ce7172d7441a3610105efb79ef254308c9979c60f9d0b9d3aff30b
BC/BC03/STATIC-HIGH/raw/ml-ap-0.798545_6_lru_366.475GB/full_0_0.1.err,prepared_20261001,BC/BC03/STATIC-HIGH/raw/ml-ap-0.798545_6_lru_366.475GB/full_0_0.1.err,17057,efbbe8bb3f3a0f699603662b856355dfe2e473f42a92be07748ed3bd1d673fce,0,objects/efbbe8bb3f3a0f699603662b856355dfe2e473f42a92be07748ed3bd1d673fce
BC/BC03/STATIC-HIGH/raw/ml-ap-0.798545_6_lru_366.475GB/full_0_0.1.out,prepared_20261001,BC/BC03/STATIC-HIGH/raw/ml-ap-0.798545_6_lru_366.475GB/full_0_0.1.out,1932,763abc3c2a932ff014992426e68336c5b2a1626b30468787b48ed15f6ca39731,0,objects/763abc3c2a932ff014992426e68336c5b2a1626b30468787b48ed15f6ca39731
BC/BC03/STATIC-HIGH/raw/ml-ap-0.798545_6_lru_366.475GB/full_0_0.1_cache_perf.txt.lzma,prepared_20261001,BC/BC03/STATIC-HIGH/raw/ml-ap-0.798545_6_lru_366.475GB/full_0_0.1_cache_perf.txt.lzma,14880,291d6c886b7416448cecc4173cd17fe76d737eb22bba4b6128a48dc08c58bb9b,0,objects/291d6c886b7416448cecc4173cd17fe76d737eb22bba4b6128a48dc08c58bb9b
BC/BC03/STATIC-HIGH/raw/ml-ap-0.798545_6_lru_366.475GB/full_0_0.1_cache_perf.txt.stats.lzma,prepared_20261001,BC/BC03/STATIC-HIGH/raw/ml-ap-0.798545_6_lru_366.475GB/full_0_0.1_cache_perf.txt.stats.lzma,491964,a613cbc71ce5b2ca839d956cfe2037d5ba08fca11a313ab47f559d33e89f45c8,0,objects/a613cbc71ce5b2ca839d956cfe2037d5ba08fca11a313ab47f559d33e89f45c8
BC/BC03/STATIC-HIGH/warmup_state.json.gz,prepared_20261001,BC/BC03/STATIC-HIGH/warmup_state.json.gz,867173,94d7fdac22c6e83de56d5de72a2e949bf6ac380fa7ad055057963366ad92b756,0,objects/94d7fdac22c6e83de56d5de72a2e949bf6ac380fa7ad055057963366ad92b756
BC/BC03/STATIC-LOW/audit.json,prepared_20261001,BC/BC03/STATIC-LOW/audit.json,1698,9de2d639eb5dfe0a9bd60160e84536677020aa0e3da51e6604dd6c696e8ca25a,1,objects/9de2d639eb5dfe0a9bd60160e84536677020aa0e3da51e6604dd6c696e8ca25a
BC/BC03/STATIC-LOW/config.json,prepared_20261001,BC/BC03/STATIC-LOW/config.json,1522,06102d158e29c95b3603ea6373c73cac9941206d3529ae1474d53ae821009aa2,1,objects/06102d158e29c95b3603ea6373c73cac9941206d3529ae1474d53ae821009aa2
BC/BC03/STATIC-LOW/console.log,prepared_20261001,BC/BC03/STATIC-LOW/console.log,18722,0f2ddfcc3f69354615da5cdca1bb60d8eea8313c0a39c6fce50667a91cbfaeba,0,objects/0f2ddfcc3f69354615da5cdca1bb60d8eea8313c0a39c6fce50667a91cbfaeba
BC/BC03/STATIC-LOW/progress.json,prepared_20261001,BC/BC03/STATIC-LOW/progress.json,105,571ca1223be2a7d64a14f806f938e30d5d413168328510405c3263ad1971311f,1,objects/571ca1223be2a7d64a14f806f938e30d5d413168328510405c3263ad1971311f
BC/BC03/STATIC-LOW/raw/ml-ap-0.798545_6_lru_366.475GB/full_0_0.1.err,prepared_20261001,BC/BC03/STATIC-LOW/raw/ml-ap-0.798545_6_lru_366.475GB/full_0_0.1.err,17061,7b81244054cac8fb6f96ea1d659a7731f4e0e3ea7980fa095b7d0b5eab9faa92,0,objects/7b81244054cac8fb6f96ea1d659a7731f4e0e3ea7980fa095b7d0b5eab9faa92
BC/BC03/STATIC-LOW/raw/ml-ap-0.798545_6_lru_366.475GB/full_0_0.1.out,prepared_20261001,BC/BC03/STATIC-LOW/raw/ml-ap-0.798545_6_lru_366.475GB/full_0_0.1.out,1928,f4be11f0809f3ad569ab03834dbe1830f87adf3e6e414847a40041e241d260f0,0,objects/f4be11f0809f3ad569ab03834dbe1830f87adf3e6e414847a40041e241d260f0
BC/BC03/STATIC-LOW/raw/ml-ap-0.798545_6_lru_366.475GB/full_0_0.1_cache_perf.txt.lzma,prepared_20261001,BC/BC03/STATIC-LOW/raw/ml-ap-0.798545_6_lru_366.475GB/full_0_0.1_cache_perf.txt.lzma,15100,693bd4517f321fdffe3e15a7d6151c5c1c7412a5930d7e6d1673cbd60a1311de,0,objects/693bd4517f321fdffe3e15a7d6151c5c1c7412a5930d7e6d1673cbd60a1311de
BC/BC03/STATIC-LOW/raw/ml-ap-0.798545_6_lru_366.475GB/full_0_0.1_cache_perf.txt.stats.lzma,prepared_20261001,BC/BC03/STATIC-LOW/raw/ml-ap-0.798545_6_lru_366.475GB/full_0_0.1_cache_perf.txt.stats.lzma,496032,3cae16a421e207119268257a968e7ab3431d6cb4d4fbc3a3bdb6b9d367718189,0,objects/3cae16a421e207119268257a968e7ab3431d6cb4d4fbc3a3bdb6b9d367718189
BC/BC03/STATIC-LOW/warmup_state.json.gz,prepared_20261001,BC/BC03/STATIC-LOW/warmup_state.json.gz,867173,14a0f1bec5a3967f83a205c5cfd49876c345bdd5dc2b761c7a99acd73011fe07,0,objects/14a0f1bec5a3967f83a205c5cfd49876c345bdd5dc2b761c7a99acd73011fe07
BC/BC03/audit.json,prepared_20261001,BC/BC03/audit.json,49863,395662056a2111b516943d3e2c14930c42e9a068805c20e1d399121df179a9af,1,objects/395662056a2111b516943d3e2c14930c42e9a068805c20e1d399121df179a9af
BC/BC03/build_deliverables.py,prepared_20261001,BC/BC03/build_deliverables.py,21925,02a23ff6ce74d8ea94365bf14039b57d0c6e0a7515a801d6000ae88db876eac0,1,objects/02a23ff6ce74d8ea94365bf14039b57d0c6e0a7515a801d6000ae88db876eac0
BC/BC03/export_verification.json,prepared_20261001,BC/BC03/export_verification.json,2707,9e187382ec4c8b73770340629c031bb98bd2345132a6e877740eb44b7fbea61c,1,objects/9e187382ec4c8b73770340629c031bb98bd2345132a6e877740eb44b7fbea61c
BC/BC03/preflight.json,prepared_20261001,BC/BC03/preflight.json,4795,2b411a36c044548eff96edb69799d33bcb3a026d99d41d9ca7dad2f6a53b10b9,1,objects/2b411a36c044548eff96edb69799d33bcb3a026d99d41d9ca7dad2f6a53b10b9
BC/BC03/preflight.py,prepared_20261001,BC/BC03/preflight.py,4649,5befa72cd2cffcb7519f820c4e8d6dbc942b7b458f70110b8f2c0ce88615268c,1,objects/5befa72cd2cffcb7519f820c4e8d6dbc942b7b458f70110b8f2c0ce88615268c
BC/BC03/protocol.py,prepared_20261001,BC/BC03/protocol.py,1303,e4ee53f926ba0f4af7bcbdfeb4f2e6fa14b9fefb9ee3a9615d7a2fd0fa742742,1,objects/e4ee53f926ba0f4af7bcbdfeb4f2e6fa14b9fefb9ee3a9615d7a2fd0fa742742
BC/BC03/replay.py,prepared_20261001,BC/BC03/replay.py,7186,973f827def2a86ad935eb4d0f3b13bfb0b591cce8af2f0c74b15895dbc8fce55,1,objects/973f827def2a86ad935eb4d0f3b13bfb0b591cce8af2f0c74b15895dbc8fce55
BC/BC03/run_all.py,prepared_20261001,BC/BC03/run_all.py,4306,549f12488308e881023b401534cbf14c0c9d8f819368098f76658fc5d346c536,1,objects/549f12488308e881023b401534cbf14c0c9d8f819368098f76658fc5d346c536
BC/BC03/run_status.json,prepared_20261001,BC/BC03/run_status.json,1885,8ef2761cf66c33f37f0d0f21fb89b73a07051536c01cda83d5d6550ffd706ff3,1,objects/8ef2761cf66c33f37f0d0f21fb89b73a07051536c01cda83d5d6550ffd706ff3
BC/BC03/static_base_gate.json,prepared_20261001,BC/BC03/static_base_gate.json,448,6cd4e2b46bc554b4406e76e94fadfaff7e4281e2843ee5edaed7461a62e5672b,1,objects/6cd4e2b46bc554b4406e76e94fadfaff7e4281e2843ee5edaed7461a62e5672b
BC/BC03/status_metrics.py,prepared_20261001,BC/BC03/status_metrics.py,1397,9ae64bb9bc263ac6320ec15ecb045a2baa79b68353cd645d01fb8ab1e3afdf86,1,objects/9ae64bb9bc263ac6320ec15ecb045a2baa79b68353cd645d01fb8ab1e3afdf86
BC/BC03/verify_exports.py,prepared_20261001,BC/BC03/verify_exports.py,3090,96d2e6f6d1f2e4d2082b61703b78ced41674c10fb5ad596b066b18f434aad716,1,objects/96d2e6f6d1f2e4d2082b61703b78ced41674c10fb5ad596b066b18f434aad716
BC/BC04/all_get_requests.jsonl.gz,prepared_20261001,BC/BC04/all_get_requests.jsonl.gz,57643862,0da871e66c3ede6f2cfa13cc45458b3d577adda8c637576ec47306b606bb31a1,0,objects/0da871e66c3ede6f2cfa13cc45458b3d577adda8c637576ec47306b606bb31a1
BC/BC04/audit.json,prepared_20261001,BC/BC04/audit.json,18688,83c91264b96f16d7cd6af1ee501885c290975edf7ff64d4d6fd3d78d589e37fb,1,objects/83c91264b96f16d7cd6af1ee501885c290975edf7ff64d4d6fd3d78d589e37fb
BC/BC04/build_deliverables.py,prepared_20261001,BC/BC04/build_deliverables.py,23490,07cbfcc969e77a6c8dac820677ebc037825eb1b4c450c5ef20b2d753e3e59ae0,1,objects/07cbfcc969e77a6c8dac820677ebc037825eb1b4c450c5ef20b2d753e3e59ae0
BC/BC04/common.py,prepared_20261001,BC/BC04/common.py,3545,49fda639b8007b402409e7c93a7902bf41607771a7ac892940ac9b0529fa7d5a,1,objects/49fda639b8007b402409e7c93a7902bf41607771a7ac892940ac9b0529fa7d5a
BC/BC04/config.json,prepared_20261001,BC/BC04/config.json,1511,ee00e6bee8cc5694df7591a3f39482313a910c5e951ec730749c92a707495248,1,objects/ee00e6bee8cc5694df7591a3f39482313a910c5e951ec730749c92a707495248
BC/BC04/console.log,prepared_20261001,BC/BC04/console.log,18595,2a91cfc55262e5d2b780c91aa35f9aea8a8907663a0ea0de1d1b98d01cebfd54,0,objects/2a91cfc55262e5d2b780c91aa35f9aea8a8907663a0ea0de1d1b98d01cebfd54
BC/BC04/describe_opportunities.py,prepared_20261001,BC/BC04/describe_opportunities.py,5622,9e81601450e2d31a370c38c31a8dbc69e999f44c4e223b37c2052e9b2d13628a,1,objects/9e81601450e2d31a370c38c31a8dbc69e999f44c4e223b37c2052e9b2d13628a
BC/BC04/descriptive_examples.json,prepared_20261001,BC/BC04/descriptive_examples.json,3305,4652b75035cd12d89ae6de5dcc6df5761151a82648303bf943ca33533887d8be,1,objects/4652b75035cd12d89ae6de5dcc6df5761151a82648303bf943ca33533887d8be
BC/BC04/export_manifest.json,prepared_20261001,BC/BC04/export_manifest.json,1361,b819a934a21e2f158a1f83f9c9f35a10c7d8a8c7f140c180d50528c7f1b1e6d9,1,objects/b819a934a21e2f158a1f83f9c9f35a10c7d8a8c7f140c180d50528c7f1b1e6d9
BC/BC04/prefetch_qualification_checks.jsonl.gz,prepared_20261001,BC/BC04/prefetch_qualification_checks.jsonl.gz,277948,06f5aa6b601b4590d77d884e6aae6f3a9fec51c99fc86e6cf32cda40b02bf657,0,objects/06f5aa6b601b4590d77d884e6aae6f3a9fec51c99fc86e6cf32cda40b02bf657
BC/BC04/preflight.json,prepared_20261001,BC/BC04/preflight.json,4207,0172fbec2ffd2087fcbd6a7b192d88a29f5f462631b576e301776bbb26907000,1,objects/0172fbec2ffd2087fcbd6a7b192d88a29f5f462631b576e301776bbb26907000
BC/BC04/preflight.py,prepared_20261001,BC/BC04/preflight.py,3431,a38e24b799d329884741f4484712730485a81245c6a41596f9f48871fb453e71,1,objects/a38e24b799d329884741f4484712730485a81245c6a41596f9f48871fb453e71
BC/BC04/progress.json,prepared_20261001,BC/BC04/progress.json,89,bcd8da6372937b9bd45ce1b9c90f34ee8fbd3dade82f2472b312ca6da71c21dd,1,objects/bcd8da6372937b9bd45ce1b9c90f34ee8fbd3dade82f2472b312ca6da71c21dd
BC/BC04/raw/ml-ap-0.798545_6_lru_366.475GB/full_0_0.1.err,prepared_20261001,BC/BC04/raw/ml-ap-0.798545_6_lru_366.475GB/full_0_0.1.err,17023,2f9a769846d58aa27ea18cfed2f1a06aadf81f0c7e15f5f486232d3a6fb2b432,0,objects/2f9a769846d58aa27ea18cfed2f1a06aadf81f0c7e15f5f486232d3a6fb2b432
BC/BC04/raw/ml-ap-0.798545_6_lru_366.475GB/full_0_0.1.out,prepared_20261001,BC/BC04/raw/ml-ap-0.798545_6_lru_366.475GB/full_0_0.1.out,1884,d3d7d066d97a7c1fc34ffb89bb1653e5fda92c4fe68862560b31904b1235e8a4,0,objects/d3d7d066d97a7c1fc34ffb89bb1653e5fda92c4fe68862560b31904b1235e8a4
BC/BC04/raw/ml-ap-0.798545_6_lru_366.475GB/full_0_0.1_cache_perf.txt.lzma,prepared_20261001,BC/BC04/raw/ml-ap-0.798545_6_lru_366.475GB/full_0_0.1_cache_perf.txt.lzma,14972,f21624589b1d76421ad376777c01476b072fa6776ad1838d0709b47b17258331,0,objects/f21624589b1d76421ad376777c01476b072fa6776ad1838d0709b47b17258331
BC/BC04/raw/ml-ap-0.798545_6_lru_366.475GB/full_0_0.1_cache_perf.txt.stats.lzma,prepared_20261001,BC/BC04/raw/ml-ap-0.798545_6_lru_366.475GB/full_0_0.1_cache_perf.txt.stats.lzma,494504,b36aa99b4dc15c58ce634031dde61fe7087c85850521672facf75ae9df6970a6,0,objects/b36aa99b4dc15c58ce634031dde61fe7087c85850521672facf75ae9df6970a6
BC/BC04/replay.py,prepared_20261001,BC/BC04/replay.py,11192,185d2fb612f54b244687e7d82814e53015ea2082a3accaad6dc5e1d8e5fd8a1d,1,objects/185d2fb612f54b244687e7d82814e53015ea2082a3accaad6dc5e1d8e5fd8a1d
BC/BC04/replay_audit.json,prepared_20261001,BC/BC04/replay_audit.json,832,582d6df0aae03cec391a8ee788a6daefcdcc05fa0ff44b1dda9a9a84c572a966,1,objects/582d6df0aae03cec391a8ee788a6daefcdcc05fa0ff44b1dda9a9a84c572a966
BC/BC04/run_once.py,prepared_20261001,BC/BC04/run_once.py,1416,8388c514a16c1ff525cbc709ddd0ed2f29fb590357926d0075d2797ba88ce360,1,objects/8388c514a16c1ff525cbc709ddd0ed2f29fb590357926d0075d2797ba88ce360
BC/BC04/run_status.json,prepared_20261001,BC/BC04/run_status.json,160,77b6aded94ac7fed05a06ec16314da642595a15ae33228a6ab37b9eed84518ed,1,objects/77b6aded94ac7fed05a06ec16314da642595a15ae33228a6ab37b9eed84518ed
BC/BC04/verify_exports.py,prepared_20261001,BC/BC04/verify_exports.py,3619,c23bb30704b2d95ba621575d69c47c0743cccc0fd971dcc9f20ce65c1c99cfb9,1,objects/c23bb30704b2d95ba621575d69c47c0743cccc0fd971dcc9f20ce65c1c99cfb9
BC/BC05/BASE-CF/config.json,prepared_20261001,BC/BC05/BASE-CF/config.json,1519,bd63a2efd3a28f92c86bd23a1394ca41bec78a0c1e714e2e82a147417e6d5f33,1,objects/bd63a2efd3a28f92c86bd23a1394ca41bec78a0c1e714e2e82a147417e6d5f33
BC/BC05/BASE-CF/console.log,prepared_20261001,BC/BC05/BASE-CF/console.log,18677,a17ce287a0a59a2e0466430daa630449724d60d483463db38d7e371d4e23987e,0,objects/a17ce287a0a59a2e0466430daa630449724d60d483463db38d7e371d4e23987e
BC/BC05/BASE-CF/intervention_audit.json,prepared_20261001,BC/BC05/BASE-CF/intervention_audit.json,1428658,646e7732e6432a719a452f54e5b974e82d7030c21424e7f38b595a1ca2513cab,0,objects/646e7732e6432a719a452f54e5b974e82d7030c21424e7f38b595a1ca2513cab
BC/BC05/BASE-CF/progress.json,prepared_20261001,BC/BC05/BASE-CF/progress.json,108,2262446ce14436ba9fc98733d0debbcdcccfa6d5a144bfced05c38ba2157f134,1,objects/2262446ce14436ba9fc98733d0debbcdcccfa6d5a144bfced05c38ba2157f134
BC/BC05/BASE-CF/raw/ml-ap-0.798545_6_lru_366.475GB/full_0_0.1.err,prepared_20261001,BC/BC05/BASE-CF/raw/ml-ap-0.798545_6_lru_366.475GB/full_0_0.1.err,17040,9a4b26e5cef9b8f3aed63b04ba4a244b6de8fe6c54aeb356478a15fafb0e1a2f,0,objects/9a4b26e5cef9b8f3aed63b04ba4a244b6de8fe6c54aeb356478a15fafb0e1a2f
BC/BC05/BASE-CF/raw/ml-ap-0.798545_6_lru_366.475GB/full_0_0.1.out,prepared_20261001,BC/BC05/BASE-CF/raw/ml-ap-0.798545_6_lru_366.475GB/full_0_0.1.out,1916,f400d9b5a2961ac2c9411d807e0f217b2bd220c9a302e2c792508cc022086fa5,0,objects/f400d9b5a2961ac2c9411d807e0f217b2bd220c9a302e2c792508cc022086fa5
BC/BC05/BASE-CF/raw/ml-ap-0.798545_6_lru_366.475GB/full_0_0.1_cache_perf.txt.lzma,prepared_20261001,BC/BC05/BASE-CF/raw/ml-ap-0.798545_6_lru_366.475GB/full_0_0.1_cache_perf.txt.lzma,14996,71390150264094753d7c744d119e509b21206b0d3d05cfd7baadd431d95c4962,0,objects/71390150264094753d7c744d119e509b21206b0d3d05cfd7baadd431d95c4962
BC/BC05/BASE-CF/raw/ml-ap-0.798545_6_lru_366.475GB/full_0_0.1_cache_perf.txt.stats.lzma,prepared_20261001,BC/BC05/BASE-CF/raw/ml-ap-0.798545_6_lru_366.475GB/full_0_0.1_cache_perf.txt.stats.lzma,493760,50efb88e676da3ac3f5d41ee5a306605bfb03a2073730433f76023a4f27efba3,0,objects/50efb88e676da3ac3f5d41ee5a306605bfb03a2073730433f76023a4f27efba3
BC/BC05/BASE-CF/run_audit.json,prepared_20261001,BC/BC05/BASE-CF/run_audit.json,592,202def0c10a11e416112300ca628e68f5329df913ac30cda520c8e0e2ad333ec,1,objects/202def0c10a11e416112300ca628e68f5329df913ac30cda520c8e0e2ad333ec
BC/BC05/BASE-CF_preintervention_gate.json,prepared_20261001,BC/BC05/BASE-CF_preintervention_gate.json,881,fc15f823d1dbbc465dd8e1ec20e34175fb400b7b95133a8416b76e22661c99eb,1,objects/fc15f823d1dbbc465dd8e1ec20e34175fb400b7b95133a8416b76e22661c99eb
BC/BC05/BASE-CONTROL/config.json,prepared_20261001,BC/BC05/BASE-CONTROL/config.json,1524,6e29f42302c81bf382c13499d77b97d702f9216fafc77e2f9d3dde2c3ae0711e,1,objects/6e29f42302c81bf382c13499d77b97d702f9216fafc77e2f9d3dde2c3ae0711e
BC/BC05/BASE-CONTROL/console.log,prepared_20261001,BC/BC05/BASE-CONTROL/console.log,18728,4eb5817084e6f94531f4c6f806ec96204eb70ac68f70ed46010e2167c98c8027,0,objects/4eb5817084e6f94531f4c6f806ec96204eb70ac68f70ed46010e2167c98c8027
BC/BC05/BASE-CONTROL/control_reproduction_gate.json,prepared_20261001,BC/BC05/BASE-CONTROL/control_reproduction_gate.json,785,a5ba45ce86aeb67e60bde7586d791a1ecd4f33cc954e5834f30298309e3eb74c,1,objects/a5ba45ce86aeb67e60bde7586d791a1ecd4f33cc954e5834f30298309e3eb74c
BC/BC05/BASE-CONTROL/intervention_audit.json,prepared_20261001,BC/BC05/BASE-CONTROL/intervention_audit.json,1336084,444e34678728bfce4cad5bd0ec27ea16f0cf53175d3e13ece94e8a97695c024b,0,objects/444e34678728bfce4cad5bd0ec27ea16f0cf53175d3e13ece94e8a97695c024b
BC/BC05/BASE-CONTROL/progress.json,prepared_20261001,BC/BC05/BASE-CONTROL/progress.json,113,ae4342c656e0cc843cda215ca7e6c87cc3c4aa56de5af43472dbe065122f2ac0,1,objects/ae4342c656e0cc843cda215ca7e6c87cc3c4aa56de5af43472dbe065122f2ac0
BC/BC05/BASE-CONTROL/raw/ml-ap-0.798545_6_lru_366.475GB/full_0_0.1.err,prepared_20261001,BC/BC05/BASE-CONTROL/raw/ml-ap-0.798545_6_lru_366.475GB/full_0_0.1.err,17051,ca27a5448afbfe399fe024ff1c8f266db07524f62050b1114510b727d9618198,0,objects/ca27a5448afbfe399fe024ff1c8f266db07524f62050b1114510b727d9618198
BC/BC05/BASE-CONTROL/raw/ml-ap-0.798545_6_lru_366.475GB/full_0_0.1.out,prepared_20261001,BC/BC05/BASE-CONTROL/raw/ml-ap-0.798545_6_lru_366.475GB/full_0_0.1.out,1936,4837c451195f19046f927011d1a112c0999eb551a5fff5791a30e1bd1f66c57c,0,objects/4837c451195f19046f927011d1a112c0999eb551a5fff5791a30e1bd1f66c57c
BC/BC05/BASE-CONTROL/raw/ml-ap-0.798545_6_lru_366.475GB/full_0_0.1_cache_perf.txt.lzma,prepared_20261001,BC/BC05/BASE-CONTROL/raw/ml-ap-0.798545_6_lru_366.475GB/full_0_0.1_cache_perf.txt.lzma,15052,f207b8b17de08112bd601d8cd1edb061447058dbb01935634210da8bac82ae25,0,objects/f207b8b17de08112bd601d8cd1edb061447058dbb01935634210da8bac82ae25
BC/BC05/BASE-CONTROL/raw/ml-ap-0.798545_6_lru_366.475GB/full_0_0.1_cache_perf.txt.stats.lzma,prepared_20261001,BC/BC05/BASE-CONTROL/raw/ml-ap-0.798545_6_lru_366.475GB/full_0_0.1_cache_perf.txt.stats.lzma,494812,4fba335b1f040f343f3031e55f9c6ef63e303aa8c6fff0898a7845a1df14a0e6,0,objects/4fba335b1f040f343f3031e55f9c6ef63e303aa8c6fff0898a7845a1df14a0e6
BC/BC05/BASE-CONTROL/run_audit.json,prepared_20261001,BC/BC05/BASE-CONTROL/run_audit.json,601,844e144066fe59e8ffebc3df0d24511cf761141db3d1a48f76dfc742b8b49d0d,1,objects/844e144066fe59e8ffebc3df0d24511cf761141db3d1a48f76dfc742b8b49d0d
BC/BC05/HIGH-CF/config.json,prepared_20261001,BC/BC05/HIGH-CF/config.json,1519,c6b923b7a2b488b4ddf01924bc7191962bf42451a6c8d5c53a5b1209881cf24c,1,objects/c6b923b7a2b488b4ddf01924bc7191962bf42451a6c8d5c53a5b1209881cf24c
BC/BC05/HIGH-CF/console.log,prepared_20261001,BC/BC05/HIGH-CF/console.log,18689,8516a052b08667e8d34ea95a95bca031844ad6bb6ec2cf8631abfc606dbe0f2d,0,objects/8516a052b08667e8d34ea95a95bca031844ad6bb6ec2cf8631abfc606dbe0f2d
BC/BC05/HIGH-CF/intervention_audit.json,prepared_20261001,BC/BC05/HIGH-CF/intervention_audit.json,1428523,de5bceb35a9109de6623e799eb19e1a43f58ac8e6cd3b388c9a992bc8180439d,0,objects/de5bceb35a9109de6623e799eb19e1a43f58ac8e6cd3b388c9a992bc8180439d
BC/BC05/HIGH-CF/progress.json,prepared_20261001,BC/BC05/HIGH-CF/progress.json,108,301b0a8243a997a6d7bc9905e88e6655ec84b37ac1e21b2812622294c5b35594,1,objects/301b0a8243a997a6d7bc9905e88e6655ec84b37ac1e21b2812622294c5b35594
BC/BC05/HIGH-CF/raw/ml-ap-0.798545_6_lru_366.475GB/full_0_0.1.err,prepared_20261001,BC/BC05/HIGH-CF/raw/ml-ap-0.798545_6_lru_366.475GB/full_0_0.1.err,17052,7911382bc156dd20c86ebc8a96941b474611b9356e7829f1e918f56f119d3651,0,objects/7911382bc156dd20c86ebc8a96941b474611b9356e7829f1e918f56f119d3651
BC/BC05/HIGH-CF/raw/ml-ap-0.798545_6_lru_366.475GB/full_0_0.1.out,prepared_20261001,BC/BC05/HIGH-CF/raw/ml-ap-0.798545_6_lru_366.475GB/full_0_0.1.out,1916,86d8591f02cd7ce9b6036c54e2bedff412bf252582f7be319417cd17fda2c03f,0,objects/86d8591f02cd7ce9b6036c54e2bedff412bf252582f7be319417cd17fda2c03f
BC/BC05/HIGH-CF/raw/ml-ap-0.798545_6_lru_366.475GB/full_0_0.1_cache_perf.txt.lzma,prepared_20261001,BC/BC05/HIGH-CF/raw/ml-ap-0.798545_6_lru_366.475GB/full_0_0.1_cache_perf.txt.lzma,14896,5d5644882797de2f4f812d588f486d49d4f5eff6de0b482b407a54110c91f639,0,objects/5d5644882797de2f4f812d588f486d49d4f5eff6de0b482b407a54110c91f639
BC/BC05/HIGH-CF/raw/ml-ap-0.798545_6_lru_366.475GB/full_0_0.1_cache_perf.txt.stats.lzma,prepared_20261001,BC/BC05/HIGH-CF/raw/ml-ap-0.798545_6_lru_366.475GB/full_0_0.1_cache_perf.txt.stats.lzma,491852,324b2cf0877cd950b9a157c2ec7f98b31e3407e32cbc381d46cbdc2129508aba,0,objects/324b2cf0877cd950b9a157c2ec7f98b31e3407e32cbc381d46cbdc2129508aba
BC/BC05/HIGH-CF/run_audit.json,prepared_20261001,BC/BC05/HIGH-CF/run_audit.json,592,f5ef3de171b2f9a710fffbf6cdb46d02a908a65e756f6e32343a413f3faf6054,1,objects/f5ef3de171b2f9a710fffbf6cdb46d02a908a65e756f6e32343a413f3faf6054
BC/BC05/HIGH-CF_preintervention_gate.json,prepared_20261001,BC/BC05/HIGH-CF_preintervention_gate.json,881,ca7feaf6d22e0eb08326c281c19b50c73fdc8db0adb3772f0f6985f83a1c736d,1,objects/ca7feaf6d22e0eb08326c281c19b50c73fdc8db0adb3772f0f6985f83a1c736d
BC/BC05/HIGH-CONTROL/config.json,prepared_20261001,BC/BC05/HIGH-CONTROL/config.json,1524,d7d4c2a5d90aa4886534e3d024878e3a6e87a069441beb9dfb1f72d33a1d2360,1,objects/d7d4c2a5d90aa4886534e3d024878e3a6e87a069441beb9dfb1f72d33a1d2360
BC/BC05/HIGH-CONTROL/console.log,prepared_20261001,BC/BC05/HIGH-CONTROL/console.log,18737,6e9927cd40ff99a742919fcedf0b7f5b751291c0be5857b99162f3bac2eedd1e,0,objects/6e9927cd40ff99a742919fcedf0b7f5b751291c0be5857b99162f3bac2eedd1e
BC/BC05/HIGH-CONTROL/control_reproduction_gate.json,prepared_20261001,BC/BC05/HIGH-CONTROL/control_reproduction_gate.json,729,d507590f542c6b8ba2054c531bea51e0fd1d0ee638500f862c836698f18b876b,1,objects/d507590f542c6b8ba2054c531bea51e0fd1d0ee638500f862c836698f18b876b
BC/BC05/HIGH-CONTROL/intervention_audit.json,prepared_20261001,BC/BC05/HIGH-CONTROL/intervention_audit.json,1335906,4674dff8eaf3d018c8b01f3bee9e3a32751ec0eedbd2c98d8c426c6dba08fbcf,0,objects/4674dff8eaf3d018c8b01f3bee9e3a32751ec0eedbd2c98d8c426c6dba08fbcf
BC/BC05/HIGH-CONTROL/progress.json,prepared_20261001,BC/BC05/HIGH-CONTROL/progress.json,113,605f6d2b39999057613c5b96b1b6f14d1c12ae5c6a31e78b867f5b1a2d52f782,1,objects/605f6d2b39999057613c5b96b1b6f14d1c12ae5c6a31e78b867f5b1a2d52f782
BC/BC05/HIGH-CONTROL/raw/ml-ap-0.798545_6_lru_366.475GB/full_0_0.1.err,prepared_20261001,BC/BC05/HIGH-CONTROL/raw/ml-ap-0.798545_6_lru_366.475GB/full_0_0.1.err,17060,ff31dd019d5fa9a44fd5914eca926df7244a19d3aab2179653c67f95e80349e8,0,objects/ff31dd019d5fa9a44fd5914eca926df7244a19d3aab2179653c67f95e80349e8
BC/BC05/HIGH-CONTROL/raw/ml-ap-0.798545_6_lru_366.475GB/full_0_0.1.out,prepared_20261001,BC/BC05/HIGH-CONTROL/raw/ml-ap-0.798545_6_lru_366.475GB/full_0_0.1.out,1936,f8bf860014d20b841ae6d9d3343aeb8716836a9934123bfe8ce3eec8fa19d0e0,0,objects/f8bf860014d20b841ae6d9d3343aeb8716836a9934123bfe8ce3eec8fa19d0e0
BC/BC05/HIGH-CONTROL/raw/ml-ap-0.798545_6_lru_366.475GB/full_0_0.1_cache_perf.txt.lzma,prepared_20261001,BC/BC05/HIGH-CONTROL/raw/ml-ap-0.798545_6_lru_366.475GB/full_0_0.1_cache_perf.txt.lzma,14884,71c59d74b2861065281ce9b9a9fbde4eeef3bdd8bf7d96e654396eafff22b543,0,objects/71c59d74b2861065281ce9b9a9fbde4eeef3bdd8bf7d96e654396eafff22b543
BC/BC05/HIGH-CONTROL/raw/ml-ap-0.798545_6_lru_366.475GB/full_0_0.1_cache_perf.txt.stats.lzma,prepared_20261001,BC/BC05/HIGH-CONTROL/raw/ml-ap-0.798545_6_lru_366.475GB/full_0_0.1_cache_perf.txt.stats.lzma,491564,936bf76a75727d7558e07bfe658a7458f9c867f6726706248cb06708345f3c9c,0,objects/936bf76a75727d7558e07bfe658a7458f9c867f6726706248cb06708345f3c9c
BC/BC05/HIGH-CONTROL/run_audit.json,prepared_20261001,BC/BC05/HIGH-CONTROL/run_audit.json,602,f358ce57010b771da9241b8f5e916cc4945738cf0f8871d8f3765ef0bf39990d,1,objects/f358ce57010b771da9241b8f5e916cc4945738cf0f8871d8f3765ef0bf39990d
BC/BC05/build_deliverables.py,prepared_20261001,BC/BC05/build_deliverables.py,24580,ce24fc6021c458f1172f30b4a3dfa6dfbcef24420df7856dda42cf280f852f98,1,objects/ce24fc6021c458f1172f30b4a3dfa6dfbcef24420df7856dda42cf280f852f98
BC/BC05/deliverable_verification.json,prepared_20261001,BC/BC05/deliverable_verification.json,490,1d86561b4a5a7eb4b468b50241377adb06a330b75462d0e27cb68184d30c7989,1,objects/1d86561b4a5a7eb4b468b50241377adb06a330b75462d0e27cb68184d30c7989
BC/BC05/finalize_completed_runs.py,prepared_20261001,BC/BC05/finalize_completed_runs.py,2716,fb1557ea292cd6aca89a77554d319d9b8f1eea4f654d8002c11575910320a158,1,objects/fb1557ea292cd6aca89a77554d319d9b8f1eea4f654d8002c11575910320a158
BC/BC05/frozen_manifest.json,prepared_20261001,BC/BC05/frozen_manifest.json,3774,61d23eca87217815903234c641820f45663462484ce0cb13f5daa0e356be880f,1,objects/61d23eca87217815903234c641820f45663462484ce0cb13f5daa0e356be880f
BC/BC05/frozen_targets.json,prepared_20261001,BC/BC05/frozen_targets.json,606235,245c175cf4a0bed32327cd14e45d8d664d73cad6cf145931884ee2ab43c023eb,0,objects/245c175cf4a0bed32327cd14e45d8d664d73cad6cf145931884ee2ab43c023eb
BC/BC05/preflight.json,prepared_20261001,BC/BC05/preflight.json,638,4756ac5de3b87930af2f010a1892c9adda62d9d99e00ed74826e6c8b02c214d5,1,objects/4756ac5de3b87930af2f010a1892c9adda62d9d99e00ed74826e6c8b02c214d5
BC/BC05/preflight.py,prepared_20261001,BC/BC05/preflight.py,4855,9a4d6875b90fbc94f7fa0c3e028d236261d676374c9faf8d1adfc087e2bb1e6e,1,objects/9a4d6875b90fbc94f7fa0c3e028d236261d676374c9faf8d1adfc087e2bb1e6e
BC/BC05/prepare_manifest.py,prepared_20261001,BC/BC05/prepare_manifest.py,7460,2964c6e1ffcb5ed92a26604c8577321a294442e5eaebe080c02323f6c246724a,1,objects/2964c6e1ffcb5ed92a26604c8577321a294442e5eaebe080c02323f6c246724a
BC/BC05/replay.py,prepared_20261001,BC/BC05/replay.py,19865,adab59bb544d9342c5830fdd68d6c11dff15ab623f60696dd7673b1700b5a205,1,objects/adab59bb544d9342c5830fdd68d6c11dff15ab623f60696dd7673b1700b5a205
BC/BC05/run_all.py,prepared_20261001,BC/BC05/run_all.py,9291,7813dfbd7155dd0c62a33fd3a19e884f7735ae91094f96fcefa1739c2f0ba749,1,objects/7813dfbd7155dd0c62a33fd3a19e884f7735ae91094f96fcefa1739c2f0ba749
BC/BC05/run_status.json,prepared_20261001,BC/BC05/run_status.json,9414,cdeba2677071b1fafc0aa0a36347088881c4673d8f466a1f6bb0458b11e6f9f3,1,objects/cdeba2677071b1fafc0aa0a36347088881c4673d8f466a1f6bb0458b11e6f9f3
BC/BC05/verify_deliverables.py,prepared_20261001,BC/BC05/verify_deliverables.py,5163,1a4f3fa9e651bf22cb38dfbbd4ebed699cda152c8e074b2c626225074288d87a,1,objects/1a4f3fa9e651bf22cb38dfbbd4ebed699cda152c8e074b2c626225074288d87a
BC/BC06/HIGH-CONTROL/attempt_01_pretrace_failure/candidate_decisions.jsonl.gz,prepared_20261001,BC/BC06/HIGH-CONTROL/attempt_01_pretrace_failure/candidate_decisions.jsonl.gz,51,5686df772714173066e2e99e0f1be9933f7a11a72d9f1b7df73398fef6b4348c,0,objects/5686df772714173066e2e99e0f1be9933f7a11a72d9f1b7df73398fef6b4348c
BC/BC06/HIGH-CONTROL/attempt_01_pretrace_failure/check_only_calls.jsonl.gz,prepared_20261001,BC/BC06/HIGH-CONTROL/attempt_01_pretrace_failure/check_only_calls.jsonl.gz,48,6585060de0866532fc6a58959fee17d9d9b84273e117bacadc8033a24f87b247,0,objects/6585060de0866532fc6a58959fee17d9d9b84273e117bacadc8033a24f87b247
BC/BC06/HIGH-CONTROL/attempt_01_pretrace_failure/get_request_contexts.jsonl.gz,prepared_20261001,BC/BC06/HIGH-CONTROL/attempt_01_pretrace_failure/get_request_contexts.jsonl.gz,52,08d6c923238bb3c00d5382faaf38e3f0c2a16cd7e0ac1e9c4e9d14774125b5b0,0,objects/08d6c923238bb3c00d5382faaf38e3f0c2a16cd7e0ac1e9c4e9d14774125b5b0
BC/BC06/HIGH-CONTROL/attempt_01_pretrace_failure/raw/ml-ap-0.798545_6_lru_366.475GB/full_0_0.1.err,prepared_20261001,BC/BC06/HIGH-CONTROL/attempt_01_pretrace_failure/raw/ml-ap-0.798545_6_lru_366.475GB/full_0_0.1.err,1587,2a7c7421d6cd9ff2e2b8d215d1b60ce5b79d0b99bd7c87fd8b232600d43a793b,0,objects/2a7c7421d6cd9ff2e2b8d215d1b60ce5b79d0b99bd7c87fd8b232600d43a793b
BC/BC06/HIGH-CONTROL/attempt_01_pretrace_failure/raw/ml-ap-0.798545_6_lru_366.475GB/full_0_0.1.out,prepared_20261001,BC/BC06/HIGH-CONTROL/attempt_01_pretrace_failure/raw/ml-ap-0.798545_6_lru_366.475GB/full_0_0.1.out,525,0d5d47a2ac954eb6dc39c6752586eeeab42e4b849b17aa5de02b0f6775607eeb,0,objects/0d5d47a2ac954eb6dc39c6752586eeeab42e4b849b17aa5de02b0f6775607eeb
BC/BC06/HIGH-CONTROL/attempt_01_pretrace_failure/run_audit.json,prepared_20261001,BC/BC06/HIGH-CONTROL/attempt_01_pretrace_failure/run_audit.json,874,0e27e6f0888c503cf12352f7c1823310be8f4822563e0cc054d8ed15c53f9f7b,1,objects/0e27e6f0888c503cf12352f7c1823310be8f4822563e0cc054d8ed15c53f9f7b
BC/BC06/HIGH-CONTROL/attempt_01_pretrace_failure/startup_failure.json,prepared_20261001,BC/BC06/HIGH-CONTROL/attempt_01_pretrace_failure/startup_failure.json,262,453adbf5a4231e6353ca2cd19e2e213faddb6e187f0a4b3177f31574dacb6bbc,1,objects/453adbf5a4231e6353ca2cd19e2e213faddb6e187f0a4b3177f31574dacb6bbc
BC/BC06/HIGH-CONTROL/attempt_02_first_record_logger_failure/candidate_decisions.jsonl.gz,prepared_20261001,BC/BC06/HIGH-CONTROL/attempt_02_first_record_logger_failure/candidate_decisions.jsonl.gz,51,29fa65377b737e91ac78df114c9035959d28ead8d0e544098e730a31bee335de,0,objects/29fa65377b737e91ac78df114c9035959d28ead8d0e544098e730a31bee335de
BC/BC06/HIGH-CONTROL/attempt_02_first_record_logger_failure/check_only_calls.jsonl.gz,prepared_20261001,BC/BC06/HIGH-CONTROL/attempt_02_first_record_logger_failure/check_only_calls.jsonl.gz,48,d18a20bbaf394ab03103a155635ae2d99651a56cd384a1e22547eb8704341a31,0,objects/d18a20bbaf394ab03103a155635ae2d99651a56cd384a1e22547eb8704341a31
BC/BC06/HIGH-CONTROL/attempt_02_first_record_logger_failure/get_request_contexts.jsonl.gz,prepared_20261001,BC/BC06/HIGH-CONTROL/attempt_02_first_record_logger_failure/get_request_contexts.jsonl.gz,52,354d53c3ec8a0f5d75869d5612ff7dc39b93c9f31f5ab7e0233675546606a4a3,0,objects/354d53c3ec8a0f5d75869d5612ff7dc39b93c9f31f5ab7e0233675546606a4a3
BC/BC06/HIGH-CONTROL/attempt_02_first_record_logger_failure/raw/ml-ap-0.798545_6_lru_366.475GB/full_0_0.1.err,prepared_20261001,BC/BC06/HIGH-CONTROL/attempt_02_first_record_logger_failure/raw/ml-ap-0.798545_6_lru_366.475GB/full_0_0.1.err,3097,b94e39d7c2fe79101752b072e5865bc0b4202e1f55d7300bc0f6bad9e5aeec42,0,objects/b94e39d7c2fe79101752b072e5865bc0b4202e1f55d7300bc0f6bad9e5aeec42
BC/BC06/HIGH-CONTROL/attempt_02_first_record_logger_failure/raw/ml-ap-0.798545_6_lru_366.475GB/full_0_0.1.out,prepared_20261001,BC/BC06/HIGH-CONTROL/attempt_02_first_record_logger_failure/raw/ml-ap-0.798545_6_lru_366.475GB/full_0_0.1.out,1320,aaf0248faf9024b6f8c469ec32c884455a02296da00c136ddbee8dbdef242132,0,objects/aaf0248faf9024b6f8c469ec32c884455a02296da00c136ddbee8dbdef242132
BC/BC06/HIGH-CONTROL/attempt_02_first_record_logger_failure/run_audit.json,prepared_20261001,BC/BC06/HIGH-CONTROL/attempt_02_first_record_logger_failure/run_audit.json,870,9bb1eb1f40771cb125e13985a4cb9731515c11205cf9f74c28e1f3cd5bca0c0f,1,objects/9bb1eb1f40771cb125e13985a4cb9731515c11205cf9f74c28e1f3cd5bca0c0f
BC/BC06/HIGH-CONTROL/attempt_02_first_record_logger_failure/startup_failure.json,prepared_20261001,BC/BC06/HIGH-CONTROL/attempt_02_first_record_logger_failure/startup_failure.json,300,930085a8c09d051952d9958349a48e2b3e0a638bff96957f7e3604eb71a3dc77,1,objects/930085a8c09d051952d9958349a48e2b3e0a638bff96957f7e3604eb71a3dc77
BC/BC06/HIGH-CONTROL/attempt_03_first_score_hook_failure/candidate_decisions.jsonl.gz,prepared_20261001,BC/BC06/HIGH-CONTROL/attempt_03_first_score_hook_failure/candidate_decisions.jsonl.gz,911,12cecb9215f5b5994fedd381303ae79c6f8427bc6e428f3e223f703c6d74f549,0,objects/12cecb9215f5b5994fedd381303ae79c6f8427bc6e428f3e223f703c6d74f549
BC/BC06/HIGH-CONTROL/attempt_03_first_score_hook_failure/check_only_calls.jsonl.gz,prepared_20261001,BC/BC06/HIGH-CONTROL/attempt_03_first_score_hook_failure/check_only_calls.jsonl.gz,48,ae7b2890ca365e97380ed7a56e0d8573335b395cb8667bb916aadd5f2f2f778c,0,objects/ae7b2890ca365e97380ed7a56e0d8573335b395cb8667bb916aadd5f2f2f778c
BC/BC06/HIGH-CONTROL/attempt_03_first_score_hook_failure/console.log,prepared_20261001,BC/BC06/HIGH-CONTROL/attempt_03_first_score_hook_failure/console.log,9159,8c2c454c4a2a519165f34e9b06fca0621b0b36ad99790896850cdf3a2fde2a01,0,objects/8c2c454c4a2a519165f34e9b06fca0621b0b36ad99790896850cdf3a2fde2a01
BC/BC06/HIGH-CONTROL/attempt_03_first_score_hook_failure/get_request_contexts.jsonl.gz,prepared_20261001,BC/BC06/HIGH-CONTROL/attempt_03_first_score_hook_failure/get_request_contexts.jsonl.gz,52,cc91e382ee54d4b63b5dd7008a856d528420931d1dcf2ed4427c1552a7d30bb0,0,objects/cc91e382ee54d4b63b5dd7008a856d528420931d1dcf2ed4427c1552a7d30bb0
BC/BC06/HIGH-CONTROL/attempt_03_first_score_hook_failure/raw/ml-ap-0.798545_6_lru_366.475GB/full_0_0.1.err,prepared_20261001,BC/BC06/HIGH-CONTROL/attempt_03_first_score_hook_failure/raw/ml-ap-0.798545_6_lru_366.475GB/full_0_0.1.err,6481,fa2323a92c279c4ab75c38cc7a9352c88d0d8344b144002b3d0f2719b818462b,0,objects/fa2323a92c279c4ab75c38cc7a9352c88d0d8344b144002b3d0f2719b818462b
BC/BC06/HIGH-CONTROL/attempt_03_first_score_hook_failure/raw/ml-ap-0.798545_6_lru_366.475GB/full_0_0.1.out,prepared_20261001,BC/BC06/HIGH-CONTROL/attempt_03_first_score_hook_failure/raw/ml-ap-0.798545_6_lru_366.475GB/full_0_0.1.out,1320,55ad67488a2929da097b854e3b5ca25a7d3894022703956498038f24100069bd,0,objects/55ad67488a2929da097b854e3b5ca25a7d3894022703956498038f24100069bd
BC/BC06/HIGH-CONTROL/attempt_03_first_score_hook_failure/run_audit.json,prepared_20261001,BC/BC06/HIGH-CONTROL/attempt_03_first_score_hook_failure/run_audit.json,961,9c9b1e04a8e18c064393cde9173ce0f50013ee8ff19eda7934f6b9bad88a4a0c,1,objects/9c9b1e04a8e18c064393cde9173ce0f50013ee8ff19eda7934f6b9bad88a4a0c
BC/BC06/HIGH-CONTROL/attempt_03_first_score_hook_failure/startup_failure.json,prepared_20261001,BC/BC06/HIGH-CONTROL/attempt_03_first_score_hook_failure/startup_failure.json,297,d13fe50155a947ab9de7e43d93ab717e6877918120a66c29a9ec7d3fab41512e,1,objects/d13fe50155a947ab9de7e43d93ab717e6877918120a66c29a9ec7d3fab41512e
BC/BC06/HIGH-CONTROL/attempt_04_first_completed_window_feature_failure/candidate_decisions.jsonl.gz,prepared_20261001,BC/BC06/HIGH-CONTROL/attempt_04_first_completed_window_feature_failure/candidate_decisions.jsonl.gz,195287,612c938c51b2af1f6a2cd0c9a9ef02fb82b8992d80246c26cca8c7ea0eb84271,0,objects/612c938c51b2af1f6a2cd0c9a9ef02fb82b8992d80246c26cca8c7ea0eb84271
BC/BC06/HIGH-CONTROL/attempt_04_first_completed_window_feature_failure/check_only_calls.jsonl.gz,prepared_20261001,BC/BC06/HIGH-CONTROL/attempt_04_first_completed_window_feature_failure/check_only_calls.jsonl.gz,2257,c068cee684092ec96b13144cee43812a707b50f9b3163457e729e7ed356d86df,0,objects/c068cee684092ec96b13144cee43812a707b50f9b3163457e729e7ed356d86df
BC/BC06/HIGH-CONTROL/attempt_04_first_completed_window_feature_failure/console.log,prepared_20261001,BC/BC06/HIGH-CONTROL/attempt_04_first_completed_window_feature_failure/console.log,7868,1f479ccd24ad4fca2bdec5d76049e97d45891453b1484dab041e4050cad6a072,0,objects/1f479ccd24ad4fca2bdec5d76049e97d45891453b1484dab041e4050cad6a072
BC/BC06/HIGH-CONTROL/attempt_04_first_completed_window_feature_failure/coordinator_status.json,prepared_20261001,BC/BC06/HIGH-CONTROL/attempt_04_first_completed_window_feature_failure/coordinator_status.json,8935,65541ccc3cc04143adc4b0628ca88a8118095f590e0e9def5a22c60ed7739ef3,1,objects/65541ccc3cc04143adc4b0628ca88a8118095f590e0e9def5a22c60ed7739ef3
BC/BC06/HIGH-CONTROL/attempt_04_first_completed_window_feature_failure/feature_schema.json,prepared_20261001,BC/BC06/HIGH-CONTROL/attempt_04_first_completed_window_feature_failure/feature_schema.json,883,06f286307b0bbf32f411ac90d1b9c4de5a364fa0aeb915b6bc745487910eedd9,1,objects/06f286307b0bbf32f411ac90d1b9c4de5a364fa0aeb915b6bc745487910eedd9
BC/BC06/HIGH-CONTROL/attempt_04_first_completed_window_feature_failure/get_request_contexts.jsonl.gz,prepared_20261001,BC/BC06/HIGH-CONTROL/attempt_04_first_completed_window_feature_failure/get_request_contexts.jsonl.gz,16502,1e0340fb3f9e07aacdd22742acf04df984d67d12034e8732b26cf029e6079941,0,objects/1e0340fb3f9e07aacdd22742acf04df984d67d12034e8732b26cf029e6079941
BC/BC06/HIGH-CONTROL/attempt_04_first_completed_window_feature_failure/progress.json,prepared_20261001,BC/BC06/HIGH-CONTROL/attempt_04_first_completed_window_feature_failure/progress.json,179,650844e492b8828b7ac42cd46e093f3e0a90aa11f380871c946d4af097ef579e,1,objects/650844e492b8828b7ac42cd46e093f3e0a90aa11f380871c946d4af097ef579e
BC/BC06/HIGH-CONTROL/attempt_04_first_completed_window_feature_failure/raw/ml-ap-0.798545_6_lru_366.475GB/full_0_0.1.err,prepared_20261001,BC/BC06/HIGH-CONTROL/attempt_04_first_completed_window_feature_failure/raw/ml-ap-0.798545_6_lru_366.475GB/full_0_0.1.err,4895,95240956049a740dd7544f286feb641f2ee0bc42f43aa7bf84b19a3c0ff6ccf1,0,objects/95240956049a740dd7544f286feb641f2ee0bc42f43aa7bf84b19a3c0ff6ccf1
BC/BC06/HIGH-CONTROL/attempt_04_first_completed_window_feature_failure/raw/ml-ap-0.798545_6_lru_366.475GB/full_0_0.1.out,prepared_20261001,BC/BC06/HIGH-CONTROL/attempt_04_first_completed_window_feature_failure/raw/ml-ap-0.798545_6_lru_366.475GB/full_0_0.1.out,1321,dad0c535be5ffecbbd84cf06c997354d917d1f6997c88eb2779b8f281f230f98,0,objects/dad0c535be5ffecbbd84cf06c997354d917d1f6997c88eb2779b8f281f230f98
BC/BC06/HIGH-CONTROL/attempt_04_first_completed_window_feature_failure/raw/ml-ap-0.798545_6_lru_366.475GB/full_0_0.1_cache_perf.txt.part.lzma,prepared_20261001,BC/BC06/HIGH-CONTROL/attempt_04_first_completed_window_feature_failure/raw/ml-ap-0.798545_6_lru_366.475GB/full_0_0.1_cache_perf.txt.part.lzma,5756,e43c6371156e52257460061d3cc4796f99f332c22caa5653ea3ce003c469e809,0,objects/e43c6371156e52257460061d3cc4796f99f332c22caa5653ea3ce003c469e809
BC/BC06/HIGH-CONTROL/attempt_04_first_completed_window_feature_failure/raw/ml-ap-0.798545_6_lru_366.475GB/full_0_0.1_cache_perf.txt.stats.part.lzma,prepared_20261001,BC/BC06/HIGH-CONTROL/attempt_04_first_completed_window_feature_failure/raw/ml-ap-0.798545_6_lru_366.475GB/full_0_0.1_cache_perf.txt.stats.part.lzma,1368,62db92fb1a2b8d477325a86507026bde1cd9b492ce9a8cb6ee7fb9915f16124d,0,objects/62db92fb1a2b8d477325a86507026bde1cd9b492ce9a8cb6ee7fb9915f16124d
BC/BC06/HIGH-CONTROL/attempt_04_first_completed_window_feature_failure/run_audit.json,prepared_20261001,BC/BC06/HIGH-CONTROL/attempt_04_first_completed_window_feature_failure/run_audit.json,2013,426ab66878ec72c6740b2fded5b19a095fc80a610cb19464c07c63f5aa1fae1e,1,objects/426ab66878ec72c6740b2fded5b19a095fc80a610cb19464c07c63f5aa1fae1e
BC/BC06/HIGH-CONTROL/attempt_04_first_completed_window_feature_failure/startup_failure.json,prepared_20261001,BC/BC06/HIGH-CONTROL/attempt_04_first_completed_window_feature_failure/startup_failure.json,408,b8a048c876b4cfeab7bf16cdbf7dee5863bdddfd65628dfe5ca0b4315cb73183,1,objects/b8a048c876b4cfeab7bf16cdbf7dee5863bdddfd65628dfe5ca0b4315cb73183
BC/BC06/HIGH-CONTROL/attempt_05_final_endpoint_assignment_guard/candidate_decisions.jsonl.gz,prepared_20261001,BC/BC06/HIGH-CONTROL/attempt_05_final_endpoint_assignment_guard/candidate_decisions.jsonl.gz,134138617,dd6cdf4382c26cdb748c55467ffd738bb12b0f840164fa6ea1a6c8b4e84a61f1,0,objects/dd6cdf4382c26cdb748c55467ffd738bb12b0f840164fa6ea1a6c8b4e84a61f1
BC/BC06/HIGH-CONTROL/attempt_05_final_endpoint_assignment_guard/check_only_calls.jsonl.gz,prepared_20261001,BC/BC06/HIGH-CONTROL/attempt_05_final_endpoint_assignment_guard/check_only_calls.jsonl.gz,1054134,d9e0d4c5e1ea12cbcfcb957da9cb507174f459d7f77bc9e216bc24cbbae98bc2,0,objects/d9e0d4c5e1ea12cbcfcb957da9cb507174f459d7f77bc9e216bc24cbbae98bc2
BC/BC06/HIGH-CONTROL/attempt_05_final_endpoint_assignment_guard/console.log,prepared_20261001,BC/BC06/HIGH-CONTROL/attempt_05_final_endpoint_assignment_guard/console.log,12467,e3e255fc8bcd846c367c25822241212aa5dea8f910a0004e9cce12434a7c0b18,0,objects/e3e255fc8bcd846c367c25822241212aa5dea8f910a0004e9cce12434a7c0b18
BC/BC06/HIGH-CONTROL/attempt_05_final_endpoint_assignment_guard/coordinator_status.json,prepared_20261001,BC/BC06/HIGH-CONTROL/attempt_05_final_endpoint_assignment_guard/coordinator_status.json,8987,34d5ea991bdcc5802fccf7e79a927a73507d371f574cbe6b6c5cb3265528023e,1,objects/34d5ea991bdcc5802fccf7e79a927a73507d371f574cbe6b6c5cb3265528023e
BC/BC06/HIGH-CONTROL/attempt_05_final_endpoint_assignment_guard/feature_schema.json,prepared_20261001,BC/BC06/HIGH-CONTROL/attempt_05_final_endpoint_assignment_guard/feature_schema.json,883,06f286307b0bbf32f411ac90d1b9c4de5a364fa0aeb915b6bc745487910eedd9,1,objects/06f286307b0bbf32f411ac90d1b9c4de5a364fa0aeb915b6bc745487910eedd9
BC/BC06/HIGH-CONTROL/attempt_05_final_endpoint_assignment_guard/get_request_contexts.jsonl.gz,prepared_20261001,BC/BC06/HIGH-CONTROL/attempt_05_final_endpoint_assignment_guard/get_request_contexts.jsonl.gz,20703183,527e4e66191c1cd421a27df6c0ee122e983a8209e25723f0235a6529629bee9a,0,objects/527e4e66191c1cd421a27df6c0ee122e983a8209e25723f0235a6529629bee9a
BC/BC06/HIGH-CONTROL/attempt_05_final_endpoint_assignment_guard/progress.json,prepared_20261001,BC/BC06/HIGH-CONTROL/attempt_05_final_endpoint_assignment_guard/progress.json,186,a9d29b24c274a0000e56de8feb28ee81c4e76af9b62ac4be2673f832b44d461e,1,objects/a9d29b24c274a0000e56de8feb28ee81c4e76af9b62ac4be2673f832b44d461e
BC/BC06/HIGH-CONTROL/attempt_05_final_endpoint_assignment_guard/raw/ml-ap-0.798545_6_lru_366.475GB/full_0_0.1.err,prepared_20261001,BC/BC06/HIGH-CONTROL/attempt_05_final_endpoint_assignment_guard/raw/ml-ap-0.798545_6_lru_366.475GB/full_0_0.1.err,9466,c7debb42c8fa33f2524f64a53207513bad948d2dd93f4cd51c18d025ce771123,0,objects/c7debb42c8fa33f2524f64a53207513bad948d2dd93f4cd51c18d025ce771123
BC/BC06/HIGH-CONTROL/attempt_05_final_endpoint_assignment_guard/raw/ml-ap-0.798545_6_lru_366.475GB/full_0_0.1.out,prepared_20261001,BC/BC06/HIGH-CONTROL/attempt_05_final_endpoint_assignment_guard/raw/ml-ap-0.798545_6_lru_366.475GB/full_0_0.1.out,1391,44ff9df4d716ca4f3cdda7945f7f31deedf9dddbc94b03aa8352a49a9c970a24,0,objects/44ff9df4d716ca4f3cdda7945f7f31deedf9dddbc94b03aa8352a49a9c970a24
BC/BC06/HIGH-CONTROL/attempt_05_final_endpoint_assignment_guard/raw/ml-ap-0.798545_6_lru_366.475GB/full_0_0.1_cache_perf.txt.part.lzma,prepared_20261001,BC/BC06/HIGH-CONTROL/attempt_05_final_endpoint_assignment_guard/raw/ml-ap-0.798545_6_lru_366.475GB/full_0_0.1_cache_perf.txt.part.lzma,14724,2e38cf4c906d833188816765f43a74c7a888158d7cbafe1f592745143833260b,0,objects/2e38cf4c906d833188816765f43a74c7a888158d7cbafe1f592745143833260b
BC/BC06/HIGH-CONTROL/attempt_05_final_endpoint_assignment_guard/raw/ml-ap-0.798545_6_lru_366.475GB/full_0_0.1_cache_perf.txt.stats.part.lzma,prepared_20261001,BC/BC06/HIGH-CONTROL/attempt_05_final_endpoint_assignment_guard/raw/ml-ap-0.798545_6_lru_366.475GB/full_0_0.1_cache_perf.txt.stats.part.lzma,1368,dbd44cf3a2558bfeb76846fee149971582af957e878c88f5172f8db9f164c68f,0,objects/dbd44cf3a2558bfeb76846fee149971582af957e878c88f5172f8db9f164c68f
BC/BC06/HIGH-CONTROL/attempt_05_final_endpoint_assignment_guard/run_audit.json,prepared_20261001,BC/BC06/HIGH-CONTROL/attempt_05_final_endpoint_assignment_guard/run_audit.json,2148,81d097f69e78102e2f6dc9db978f84363f5a33adf8d3cb7d4ccc420ee3fbaeb0,1,objects/81d097f69e78102e2f6dc9db978f84363f5a33adf8d3cb7d4ccc420ee3fbaeb0
BC/BC06/HIGH-CONTROL/attempt_05_final_endpoint_assignment_guard/startup_failure.json,prepared_20261001,BC/BC06/HIGH-CONTROL/attempt_05_final_endpoint_assignment_guard/startup_failure.json,418,d782e5bf0057a32b7174502079121c3a8ae469159d4a4c44b22493abb8fa9eaf,1,objects/d782e5bf0057a32b7174502079121c3a8ae469159d4a4c44b22493abb8fa9eaf
BC/BC06/HIGH-CONTROL/candidate_decisions.jsonl.gz,prepared_20261001,BC/BC06/HIGH-CONTROL/candidate_decisions.jsonl.gz,134138617,5794441b856c02e7c1e7583332059be2576e29e9cca1d9379ecc515d84c70665,0,objects/5794441b856c02e7c1e7583332059be2576e29e9cca1d9379ecc515d84c70665
BC/BC06/HIGH-CONTROL/check_only_calls.jsonl.gz,prepared_20261001,BC/BC06/HIGH-CONTROL/check_only_calls.jsonl.gz,1054134,57e94f76b8972854f1be994bde8464ba6fe572c86f154eed25f3892da30506d2,0,objects/57e94f76b8972854f1be994bde8464ba6fe572c86f154eed25f3892da30506d2
BC/BC06/HIGH-CONTROL/config.json,prepared_20261001,BC/BC06/HIGH-CONTROL/config.json,1524,a1d4051dec5d741fa57fa35aa47aa5e7257fc451ca6b61b9657055712dd32000,1,objects/a1d4051dec5d741fa57fa35aa47aa5e7257fc451ca6b61b9657055712dd32000
BC/BC06/HIGH-CONTROL/console.log,prepared_20261001,BC/BC06/HIGH-CONTROL/console.log,19723,cb9a9b4c91ad5cf822dddb5a45f1d54f4426fdd7e0dc36da5c6bf8907c0a0c66,0,objects/cb9a9b4c91ad5cf822dddb5a45f1d54f4426fdd7e0dc36da5c6bf8907c0a0c66
BC/BC06/HIGH-CONTROL/feature_schema.json,prepared_20261001,BC/BC06/HIGH-CONTROL/feature_schema.json,883,06f286307b0bbf32f411ac90d1b9c4de5a364fa0aeb915b6bc745487910eedd9,1,objects/06f286307b0bbf32f411ac90d1b9c4de5a364fa0aeb915b6bc745487910eedd9
BC/BC06/HIGH-CONTROL/get_request_contexts.jsonl.gz,prepared_20261001,BC/BC06/HIGH-CONTROL/get_request_contexts.jsonl.gz,20703413,de8cd6e2e5c652d98e28e7493924aba29752f1c96a659f6ce109c46c50f37c89,0,objects/de8cd6e2e5c652d98e28e7493924aba29752f1c96a659f6ce109c46c50f37c89
BC/BC06/HIGH-CONTROL/progress.json,prepared_20261001,BC/BC06/HIGH-CONTROL/progress.json,187,b666ac5a439b0e52d424f143a464b317215fd54693a3b39f82795782926fb308,1,objects/b666ac5a439b0e52d424f143a464b317215fd54693a3b39f82795782926fb308
BC/BC06/HIGH-CONTROL/raw/ml-ap-0.798545_6_lru_366.475GB/full_0_0.1.err,prepared_20261001,BC/BC06/HIGH-CONTROL/raw/ml-ap-0.798545_6_lru_366.475GB/full_0_0.1.err,18193,668d3be1c9999483bfe5e7b55183a83e22aa7d3bced0cb324188755a3e445952,0,objects/668d3be1c9999483bfe5e7b55183a83e22aa7d3bced0cb324188755a3e445952
BC/BC06/HIGH-CONTROL/raw/ml-ap-0.798545_6_lru_366.475GB/full_0_0.1.out,prepared_20261001,BC/BC06/HIGH-CONTROL/raw/ml-ap-0.798545_6_lru_366.475GB/full_0_0.1.out,1936,4b9b5edf5e89d02b643e1862179bc41448fb8d417b397318707ea4821a4f4d46,0,objects/4b9b5edf5e89d02b643e1862179bc41448fb8d417b397318707ea4821a4f4d46
BC/BC06/HIGH-CONTROL/raw/ml-ap-0.798545_6_lru_366.475GB/full_0_0.1_cache_perf.txt.lzma,prepared_20261001,BC/BC06/HIGH-CONTROL/raw/ml-ap-0.798545_6_lru_366.475GB/full_0_0.1_cache_perf.txt.lzma,14872,ac32a8968cfe5eeea0ce9442fe971fd332e9f73ec2c7c22cbba1336d43aaf901,0,objects/ac32a8968cfe5eeea0ce9442fe971fd332e9f73ec2c7c22cbba1336d43aaf901
BC/BC06/HIGH-CONTROL/raw/ml-ap-0.798545_6_lru_366.475GB/full_0_0.1_cache_perf.txt.stats.lzma,prepared_20261001,BC/BC06/HIGH-CONTROL/raw/ml-ap-0.798545_6_lru_366.475GB/full_0_0.1_cache_perf.txt.stats.lzma,491880,9bb0aaf2a1024b9d67f8eccde503c62c1c6508730435b0232d10d0c67d4f871f,0,objects/9bb0aaf2a1024b9d67f8eccde503c62c1c6508730435b0232d10d0c67d4f871f
BC/BC06/HIGH-CONTROL/run_audit.json,prepared_20261001,BC/BC06/HIGH-CONTROL/run_audit.json,2147,0ffbae4768f196fbc50a2ad50e9fed80c592ea4eaf4fb2847b17b8ab64fe7bff,1,objects/0ffbae4768f196fbc50a2ad50e9fed80c592ea4eaf4fb2847b17b8ab64fe7bff
BC/BC06/build_deliverables.py,prepared_20261001,BC/BC06/build_deliverables.py,39478,f7a76488f3f80da31c64dbfdbffdc915e6294ace6d02d6cc6326c01463dca981,1,objects/f7a76488f3f80da31c64dbfdbffdc915e6294ace6d02d6cc6326c01463dca981
BC/BC06/freeze_snapshot.py,prepared_20261001,BC/BC06/freeze_snapshot.py,3407,14b9211ef0abd8f80d6785c1c22956b191be64d2899a0707269775f8583c58bc,1,objects/14b9211ef0abd8f80d6785c1c22956b191be64d2899a0707269775f8583c58bc
BC/BC06/label_firewall_prefix.json,prepared_20261001,BC/BC06/label_firewall_prefix.json,5926,b4a72076a002ae624cc90a0d373bd5d5f128d93f5a0e4ebb74aa299428f38e22,1,objects/b4a72076a002ae624cc90a0d373bd5d5f128d93f5a0e4ebb74aa299428f38e22
BC/BC06/postfreeze_reconciliation.py,prepared_20261001,BC/BC06/postfreeze_reconciliation.py,9747,45c64f0b3e61b9aacec24beb6b8132a7484430e2b5b11328023b7d799eb0c029,1,objects/45c64f0b3e61b9aacec24beb6b8132a7484430e2b5b11328023b7d799eb0c029
BC/BC06/preflight.json,prepared_20261001,BC/BC06/preflight.json,4229,bcb115d8c62e5f717de89069b6abfbde7930ab63e77626240af6168693918234,1,objects/bcb115d8c62e5f717de89069b6abfbde7930ab63e77626240af6168693918234
BC/BC06/preflight.py,prepared_20261001,BC/BC06/preflight.py,6493,ef5cf14cc46a91f9c5c490b76eb81fb3161c3d7424b741ad23d4545a49c848fc,1,objects/ef5cf14cc46a91f9c5c490b76eb81fb3161c3d7424b741ad23d4545a49c848fc
BC/BC06/replay.py,prepared_20261001,BC/BC06/replay.py,35386,7a6ef0dc3a87805d993f91b5d2445e3486f97d249d60eb738c7079560447e459,1,objects/7a6ef0dc3a87805d993f91b5d2445e3486f97d249d60eb738c7079560447e459
BC/BC06/run_once.py,prepared_20261001,BC/BC06/run_once.py,3659,fbc97cb72bc0c42b077a41ccabf32f03d96b99e1b3707b711e74221955c62bf9,1,objects/fbc97cb72bc0c42b077a41ccabf32f03d96b99e1b3707b711e74221955c62bf9
BC/BC06/run_status.json,prepared_20261001,BC/BC06/run_status.json,8953,9146f8a94308324e8a8faf9f292d017a3bb21af91aecf9fd876635371f3d7c0c,1,objects/9146f8a94308324e8a8faf9f292d017a3bb21af91aecf9fd876635371f3d7c0c
BC/BC06/snapshot_manifest.json,prepared_20261001,BC/BC06/snapshot_manifest.json,1704,3aa12ef277732b45e69b8d10b241dd36cba569d4bc2b656b710b98d3838be057,1,objects/3aa12ef277732b45e69b8d10b241dd36cba569d4bc2b656b710b98d3838be057
BC/BC06/snapshot_validation.json,prepared_20261001,BC/BC06/snapshot_validation.json,7537,d190fc208491386bedb8c81c9ea2280fbd2e87c6ec910df9450907f517467e1e,1,objects/d190fc208491386bedb8c81c9ea2280fbd2e87c6ec910df9450907f517467e1e
BC/BC06/target_link_audit.json,prepared_20261001,BC/BC06/target_link_audit.json,1488,16eeb1ebae2f76e7dd71d61dddca0d9f39d838945b4cf7d5a7c8a7d12b0a786e,1,objects/16eeb1ebae2f76e7dd71d61dddca0d9f39d838945b4cf7d5a7c8a7d12b0a786e
BC/BC06/verify_snapshot.py,prepared_20261001,BC/BC06/verify_snapshot.py,16564,429b3c6d82dae9a4a6845123ca88643b765e2e0dc8d827c7cf2cbacbab28d5db,1,objects/429b3c6d82dae9a4a6845123ca88643b765e2e0dc8d827c7cf2cbacbab28d5db
BC/BC07/arms/HIGH-CONTROL/config.json,prepared_20261001,BC/BC07/arms/HIGH-CONTROL/config.json,1529,296448224b81a7af19a8e90391bebcdba325cc51d0fc110424a0919fb889244a,1,objects/296448224b81a7af19a8e90391bebcdba325cc51d0fc110424a0919fb889244a
BC/BC07/arms/HIGH-CONTROL/console.log,prepared_20261001,BC/BC07/arms/HIGH-CONTROL/console.log,18788,29bb2c52caa20f577c35675c9675ac6822caefa0af5d31ed71ad9c6283b80407,0,objects/29bb2c52caa20f577c35675c9675ac6822caefa0af5d31ed71ad9c6283b80407
BC/BC07/arms/HIGH-CONTROL/decision_audit.json,prepared_20261001,BC/BC07/arms/HIGH-CONTROL/decision_audit.json,2612,63aea01dfa90ed49d733064e457441283db112e3a766f76b5d484e2533bbd9be,1,objects/63aea01dfa90ed49d733064e457441283db112e3a766f76b5d484e2533bbd9be
BC/BC07/arms/HIGH-CONTROL/progress.json,prepared_20261001,BC/BC07/arms/HIGH-CONTROL/progress.json,218,af9839ce56a86d402d36af709f8c4101c024a1e3990fcd3335c4fb90e021fcfc,1,objects/af9839ce56a86d402d36af709f8c4101c024a1e3990fcd3335c4fb90e021fcfc
BC/BC07/arms/HIGH-CONTROL/raw/ml-ap-0.798545_6_lru_366.475GB/full_0_0.1.err,prepared_20261001,BC/BC07/arms/HIGH-CONTROL/raw/ml-ap-0.798545_6_lru_366.475GB/full_0_0.1.err,17070,a102ee94d39737daa35160978e9d37833d469f05af97197c47976636f6bb2deb,0,objects/a102ee94d39737daa35160978e9d37833d469f05af97197c47976636f6bb2deb
BC/BC07/arms/HIGH-CONTROL/raw/ml-ap-0.798545_6_lru_366.475GB/full_0_0.1.out,prepared_20261001,BC/BC07/arms/HIGH-CONTROL/raw/ml-ap-0.798545_6_lru_366.475GB/full_0_0.1.out,1956,116be66711a6b809e6f237210f5f1793215d1ca42452de14bb24e925ffc3f4e6,0,objects/116be66711a6b809e6f237210f5f1793215d1ca42452de14bb24e925ffc3f4e6
BC/BC07/arms/HIGH-CONTROL/raw/ml-ap-0.798545_6_lru_366.475GB/full_0_0.1_cache_perf.txt.lzma,prepared_20261001,BC/BC07/arms/HIGH-CONTROL/raw/ml-ap-0.798545_6_lru_366.475GB/full_0_0.1_cache_perf.txt.lzma,14916,1d4bea36893cec15798205ee75cc27b971961539fc23ff51dddda048118f49c7,0,objects/1d4bea36893cec15798205ee75cc27b971961539fc23ff51dddda048118f49c7
BC/BC07/arms/HIGH-CONTROL/raw/ml-ap-0.798545_6_lru_366.475GB/full_0_0.1_cache_perf.txt.stats.lzma,prepared_20261001,BC/BC07/arms/HIGH-CONTROL/raw/ml-ap-0.798545_6_lru_366.475GB/full_0_0.1_cache_perf.txt.stats.lzma,491664,0fbc9b85e39bd790c0ff48129823c409dfb47354f4258fd50d116601b1b4d87e,0,objects/0fbc9b85e39bd790c0ff48129823c409dfb47354f4258fd50d116601b1b4d87e
BC/BC07/arms/HIGH-CONTROL/supplement_events.jsonl,prepared_20261001,BC/BC07/arms/HIGH-CONTROL/supplement_events.jsonl,0,e3b0c44298fc1c149afbf4c8996fb92427ae41e4649b934ca495991b7852b855,0,objects/e3b0c44298fc1c149afbf4c8996fb92427ae41e4649b934ca495991b7852b855
BC/BC07/arms/HIGH-RANDOM/config.json,prepared_20261001,BC/BC07/arms/HIGH-RANDOM/config.json,1528,60d780f4ee16be88afb1204f8e3db69f57ddf7987dd46d32a3d9348c6bbe71c8,1,objects/60d780f4ee16be88afb1204f8e3db69f57ddf7987dd46d32a3d9348c6bbe71c8
BC/BC07/arms/HIGH-RANDOM/console.log,prepared_20261001,BC/BC07/arms/HIGH-RANDOM/console.log,18779,d58e79ebe3fdc2c2d088f83104c3539cd6a4ff14d99d8cfd9b1395ebfad31059,0,objects/d58e79ebe3fdc2c2d088f83104c3539cd6a4ff14d99d8cfd9b1395ebfad31059
BC/BC07/arms/HIGH-RANDOM/decision_audit.json,prepared_20261001,BC/BC07/arms/HIGH-RANDOM/decision_audit.json,2703,e0573c30a9111e98ab11b2550661e4fbe1853605fce986ed8a9f658c76eb752d,1,objects/e0573c30a9111e98ab11b2550661e4fbe1853605fce986ed8a9f658c76eb752d
BC/BC07/arms/HIGH-RANDOM/progress.json,prepared_20261001,BC/BC07/arms/HIGH-RANDOM/progress.json,221,83aad3d9dcbcf260a40d0d556dd416ff16be10f75f6163b0ff349332e2b9b9c1,1,objects/83aad3d9dcbcf260a40d0d556dd416ff16be10f75f6163b0ff349332e2b9b9c1
BC/BC07/arms/HIGH-RANDOM/raw/ml-ap-0.798545_6_lru_366.475GB/full_0_0.1.err,prepared_20261001,BC/BC07/arms/HIGH-RANDOM/raw/ml-ap-0.798545_6_lru_366.475GB/full_0_0.1.err,17069,59e7c85c946248f43b37b70f1c2908fe32094092640d3d4663efec19707c9b81,0,objects/59e7c85c946248f43b37b70f1c2908fe32094092640d3d4663efec19707c9b81
BC/BC07/arms/HIGH-RANDOM/raw/ml-ap-0.798545_6_lru_366.475GB/full_0_0.1.out,prepared_20261001,BC/BC07/arms/HIGH-RANDOM/raw/ml-ap-0.798545_6_lru_366.475GB/full_0_0.1.out,1952,62dc4fbda56dee6a074988219c5fbcc055fd00fb421c0d3c08df0796601b43c8,0,objects/62dc4fbda56dee6a074988219c5fbcc055fd00fb421c0d3c08df0796601b43c8
BC/BC07/arms/HIGH-RANDOM/raw/ml-ap-0.798545_6_lru_366.475GB/full_0_0.1_cache_perf.txt.lzma,prepared_20261001,BC/BC07/arms/HIGH-RANDOM/raw/ml-ap-0.798545_6_lru_366.475GB/full_0_0.1_cache_perf.txt.lzma,14868,9c1d6332451ac009e1964abb86e550c94c084b88f927ef8bfd0cabd72c564295,0,objects/9c1d6332451ac009e1964abb86e550c94c084b88f927ef8bfd0cabd72c564295
BC/BC07/arms/HIGH-RANDOM/raw/ml-ap-0.798545_6_lru_366.475GB/full_0_0.1_cache_perf.txt.stats.lzma,prepared_20261001,BC/BC07/arms/HIGH-RANDOM/raw/ml-ap-0.798545_6_lru_366.475GB/full_0_0.1_cache_perf.txt.stats.lzma,493352,10830fceccecf8054d43793f70b4c71079d45a6f14a5203e96d1d4ab77b42a47,0,objects/10830fceccecf8054d43793f70b4c71079d45a6f14a5203e96d1d4ab77b42a47
BC/BC07/arms/HIGH-RANDOM/supplement_events.jsonl,prepared_20261001,BC/BC07/arms/HIGH-RANDOM/supplement_events.jsonl,11060839,c0f6fd201563c00ad4831516696313d21c745c1e4c01d64bb640b6ad474cadcb,0,objects/c0f6fd201563c00ad4831516696313d21c745c1e4c01d64bb640b6ad474cadcb
BC/BC07/arms/HIGH-RECENCY/config.json,prepared_20261001,BC/BC07/arms/HIGH-RECENCY/config.json,1529,626e66a72ace507a555330659b06c10656f7bf66abce9afc71ced80982e04ec2,1,objects/626e66a72ace507a555330659b06c10656f7bf66abce9afc71ced80982e04ec2
BC/BC07/arms/HIGH-RECENCY/console.log,prepared_20261001,BC/BC07/arms/HIGH-RECENCY/console.log,18788,edc389051869cbc4e8b9ee3ca55c38a42b837d705dcc278a62b569dbc91fab41,0,objects/edc389051869cbc4e8b9ee3ca55c38a42b837d705dcc278a62b569dbc91fab41
BC/BC07/arms/HIGH-RECENCY/decision_audit.json,prepared_20261001,BC/BC07/arms/HIGH-RECENCY/decision_audit.json,2741,1933c895d58787ba89558834a1d79739cd7fac784a8c1a21d69be04d8f3bf01c,1,objects/1933c895d58787ba89558834a1d79739cd7fac784a8c1a21d69be04d8f3bf01c
BC/BC07/arms/HIGH-RECENCY/progress.json,prepared_20261001,BC/BC07/arms/HIGH-RECENCY/progress.json,222,e32d5656500b52c6a53429bbc82e43146284a248a45bf0484241f8e2a8e6bbc6,1,objects/e32d5656500b52c6a53429bbc82e43146284a248a45bf0484241f8e2a8e6bbc6
BC/BC07/arms/HIGH-RECENCY/raw/ml-ap-0.798545_6_lru_366.475GB/full_0_0.1.err,prepared_20261001,BC/BC07/arms/HIGH-RECENCY/raw/ml-ap-0.798545_6_lru_366.475GB/full_0_0.1.err,17070,7b25255d6075f69ea7e9a535ac217de6a825986484b5c7e29b9123140a9d964d,0,objects/7b25255d6075f69ea7e9a535ac217de6a825986484b5c7e29b9123140a9d964d
BC/BC07/arms/HIGH-RECENCY/raw/ml-ap-0.798545_6_lru_366.475GB/full_0_0.1.out,prepared_20261001,BC/BC07/arms/HIGH-RECENCY/raw/ml-ap-0.798545_6_lru_366.475GB/full_0_0.1.out,1956,104eacd4b17e29628d7c06d4783e35bf92d3f759ff492abd665e7caa8065da98,0,objects/104eacd4b17e29628d7c06d4783e35bf92d3f759ff492abd665e7caa8065da98
BC/BC07/arms/HIGH-RECENCY/raw/ml-ap-0.798545_6_lru_366.475GB/full_0_0.1_cache_perf.txt.lzma,prepared_20261001,BC/BC07/arms/HIGH-RECENCY/raw/ml-ap-0.798545_6_lru_366.475GB/full_0_0.1_cache_perf.txt.lzma,14924,fd6bec7a9627f294cded05f5577333c314076f53cac26497cd551d8fc1fe5e7f,0,objects/fd6bec7a9627f294cded05f5577333c314076f53cac26497cd551d8fc1fe5e7f
BC/BC07/arms/HIGH-RECENCY/raw/ml-ap-0.798545_6_lru_366.475GB/full_0_0.1_cache_perf.txt.stats.lzma,prepared_20261001,BC/BC07/arms/HIGH-RECENCY/raw/ml-ap-0.798545_6_lru_366.475GB/full_0_0.1_cache_perf.txt.stats.lzma,492868,55aa542bcc66aad552b8fe0875421f41f7c4b6af01fa85fefb66abac09725037,0,objects/55aa542bcc66aad552b8fe0875421f41f7c4b6af01fa85fefb66abac09725037
BC/BC07/arms/HIGH-RECENCY/supplement_events.jsonl,prepared_20261001,BC/BC07/arms/HIGH-RECENCY/supplement_events.jsonl,10810633,28738234107710ae36a583edd2bc9adfe995e51ca1fb0e85e008ee8d38ce67ad,0,objects/28738234107710ae36a583edd2bc9adfe995e51ca1fb0e85e008ee8d38ce67ad
BC/BC07/arms/HIGH-SCORE/attempts/01_failed_empty_event_queue/console.log,prepared_20261001,BC/BC07/arms/HIGH-SCORE/attempts/01_failed_empty_event_queue/console.log,9609,43636f343c052b79c766bbd0f6c39eae00660191c01bbfd7d0ed72d2939a0f4a,0,objects/43636f343c052b79c766bbd0f6c39eae00660191c01bbfd7d0ed72d2939a0f4a
BC/BC07/arms/HIGH-SCORE/attempts/01_failed_empty_event_queue/decision_audit.json,prepared_20261001,BC/BC07/arms/HIGH-SCORE/attempts/01_failed_empty_event_queue/decision_audit.json,2321,7d9a01827f95b2d95ed5817db909bda4185db72adaf387d3260f2ab52405f961,1,objects/7d9a01827f95b2d95ed5817db909bda4185db72adaf387d3260f2ab52405f961
BC/BC07/arms/HIGH-SCORE/attempts/01_failed_empty_event_queue/progress.json,prepared_20261001,BC/BC07/arms/HIGH-SCORE/attempts/01_failed_empty_event_queue/progress.json,216,eb54ed2690515970dd0642f5bd38a2fe3ed1435275221e1397aee44c511fff69,1,objects/eb54ed2690515970dd0642f5bd38a2fe3ed1435275221e1397aee44c511fff69
BC/BC07/arms/HIGH-SCORE/attempts/01_failed_empty_event_queue/raw/ml-ap-0.798545_6_lru_366.475GB/full_0_0.1.err,prepared_20261001,BC/BC07/arms/HIGH-SCORE/attempts/01_failed_empty_event_queue/raw/ml-ap-0.798545_6_lru_366.475GB/full_0_0.1.err,6655,be2b169beaf467e6c5f4bb9248981d83973eda259aba51cf8357bff8f1d1cf20,0,objects/be2b169beaf467e6c5f4bb9248981d83973eda259aba51cf8357bff8f1d1cf20
BC/BC07/arms/HIGH-SCORE/attempts/01_failed_empty_event_queue/raw/ml-ap-0.798545_6_lru_366.475GB/full_0_0.1.out,prepared_20261001,BC/BC07/arms/HIGH-SCORE/attempts/01_failed_empty_event_queue/raw/ml-ap-0.798545_6_lru_366.475GB/full_0_0.1.out,1331,e316c5f442fa1b63a74e379802345ceb0d712181bb5f939814234a711d0896c9,0,objects/e316c5f442fa1b63a74e379802345ceb0d712181bb5f939814234a711d0896c9
BC/BC07/arms/HIGH-SCORE/attempts/01_failed_empty_event_queue/raw/ml-ap-0.798545_6_lru_366.475GB/full_0_0.1_cache_perf.txt.part.lzma,prepared_20261001,BC/BC07/arms/HIGH-SCORE/attempts/01_failed_empty_event_queue/raw/ml-ap-0.798545_6_lru_366.475GB/full_0_0.1_cache_perf.txt.part.lzma,10916,dc1999f7a102b1a2e4d42f3e9bf04b4c1c82e3fd220e7b25bcce8b7494110fc1,0,objects/dc1999f7a102b1a2e4d42f3e9bf04b4c1c82e3fd220e7b25bcce8b7494110fc1
BC/BC07/arms/HIGH-SCORE/attempts/01_failed_empty_event_queue/raw/ml-ap-0.798545_6_lru_366.475GB/full_0_0.1_cache_perf.txt.stats.part.lzma,prepared_20261001,BC/BC07/arms/HIGH-SCORE/attempts/01_failed_empty_event_queue/raw/ml-ap-0.798545_6_lru_366.475GB/full_0_0.1_cache_perf.txt.stats.part.lzma,1368,580ec4695b335c83349e40d4b6f08ac4663f0523510f20a6e07ce82d6aff73fb,0,objects/580ec4695b335c83349e40d4b6f08ac4663f0523510f20a6e07ce82d6aff73fb
BC/BC07/arms/HIGH-SCORE/attempts/01_failed_empty_event_queue/run_status_at_failure.json,prepared_20261001,BC/BC07/arms/HIGH-SCORE/attempts/01_failed_empty_event_queue/run_status_at_failure.json,8931,0c4f53dafa3d70fbb8d6f020e51bd458dffc575f920d369386080455061e9c19,1,objects/0c4f53dafa3d70fbb8d6f020e51bd458dffc575f920d369386080455061e9c19
BC/BC07/arms/HIGH-SCORE/attempts/01_failed_empty_event_queue/supplement_events.jsonl,prepared_20261001,BC/BC07/arms/HIGH-SCORE/attempts/01_failed_empty_event_queue/supplement_events.jsonl,150433,539d1425a7a18f55e0681221c9a6573c78d448aabef0aaebbb4b918040fb33a5,0,objects/539d1425a7a18f55e0681221c9a6573c78d448aabef0aaebbb4b918040fb33a5
BC/BC07/arms/HIGH-SCORE/config.json,prepared_20261001,BC/BC07/arms/HIGH-SCORE/config.json,1527,0b2987bc3b1211dc973221976f3b3eaaac13c82dcfbf45719c2c1c13a7aee91e,1,objects/0b2987bc3b1211dc973221976f3b3eaaac13c82dcfbf45719c2c1c13a7aee91e
BC/BC07/arms/HIGH-SCORE/console.log,prepared_20261001,BC/BC07/arms/HIGH-SCORE/console.log,18767,6f5be86b6a67933b96a4f9efa3c416db54ff4556418f8c09a8c53680fc042845,0,objects/6f5be86b6a67933b96a4f9efa3c416db54ff4556418f8c09a8c53680fc042845
BC/BC07/arms/HIGH-SCORE/decision_audit.json,prepared_20261001,BC/BC07/arms/HIGH-SCORE/decision_audit.json,2697,3b503e6e4392e590f935e41e4ee0ea3d5cbf71b05e9e34564a209cb7f4f57ed8,1,objects/3b503e6e4392e590f935e41e4ee0ea3d5cbf71b05e9e34564a209cb7f4f57ed8
BC/BC07/arms/HIGH-SCORE/progress.json,prepared_20261001,BC/BC07/arms/HIGH-SCORE/progress.json,219,d1c83c57c3eb0273740d04f97ad78c5672869017d05ebf95c613fe6e887a59dc,1,objects/d1c83c57c3eb0273740d04f97ad78c5672869017d05ebf95c613fe6e887a59dc
BC/BC07/arms/HIGH-SCORE/raw/ml-ap-0.798545_6_lru_366.475GB/full_0_0.1.err,prepared_20261001,BC/BC07/arms/HIGH-SCORE/raw/ml-ap-0.798545_6_lru_366.475GB/full_0_0.1.err,17065,9ccefb601e1cd372f00265373325a171dfa31a518f6487b667ba72fa61127819,0,objects/9ccefb601e1cd372f00265373325a171dfa31a518f6487b667ba72fa61127819
BC/BC07/arms/HIGH-SCORE/raw/ml-ap-0.798545_6_lru_366.475GB/full_0_0.1.out,prepared_20261001,BC/BC07/arms/HIGH-SCORE/raw/ml-ap-0.798545_6_lru_366.475GB/full_0_0.1.out,1948,c9d97f62a71a84e321c613bca389810684655102f48ac29c7e2ab94299b3b372,0,objects/c9d97f62a71a84e321c613bca389810684655102f48ac29c7e2ab94299b3b372
BC/BC07/arms/HIGH-SCORE/raw/ml-ap-0.798545_6_lru_366.475GB/full_0_0.1_cache_perf.txt.lzma,prepared_20261001,BC/BC07/arms/HIGH-SCORE/raw/ml-ap-0.798545_6_lru_366.475GB/full_0_0.1_cache_perf.txt.lzma,14940,5d59ed14f0970559ae905ea3d5cab251d9da4a902e1ab03a1855239d57413228,0,objects/5d59ed14f0970559ae905ea3d5cab251d9da4a902e1ab03a1855239d57413228
BC/BC07/arms/HIGH-SCORE/raw/ml-ap-0.798545_6_lru_366.475GB/full_0_0.1_cache_perf.txt.stats.lzma,prepared_20261001,BC/BC07/arms/HIGH-SCORE/raw/ml-ap-0.798545_6_lru_366.475GB/full_0_0.1_cache_perf.txt.stats.lzma,492668,847cdcb07846340d15e412e2b1a1d4bfd3fbff87fc86fc59e7af159f1f24213d,0,objects/847cdcb07846340d15e412e2b1a1d4bfd3fbff87fc86fc59e7af159f1f24213d
BC/BC07/arms/HIGH-SCORE/supplement_events.jsonl,prepared_20261001,BC/BC07/arms/HIGH-SCORE/supplement_events.jsonl,7433532,c8fc7a3a9b1f286f3ab4307a6e8837142836f0b181f1c32367be8ee9b386296c,0,objects/c8fc7a3a9b1f286f3ab4307a6e8837142836f0b181f1c32367be8ee9b386296c
BC/BC07/audit.json,prepared_20261001,BC/BC07/audit.json,11531,a1380a16b85061fd1836519fffe6754db8435c129d3d551dd5544c9cf1c6f2cb,1,objects/a1380a16b85061fd1836519fffe6754db8435c129d3d551dd5544c9cf1c6f2cb
BC/BC07/calibrate.py,prepared_20261001,BC/BC07/calibrate.py,10635,128aa5fc46f18aed78815c91d4ee726a9983d71e571c943901a06ac846460469,1,objects/128aa5fc46f18aed78815c91d4ee726a9983d71e571c943901a06ac846460469
BC/BC07/calibration.json,prepared_20261001,BC/BC07/calibration.json,3728,6d294e4a4982ef3532197f0213a13a1a7cca5d39b6c3b4d74eae60614863caf6,1,objects/6d294e4a4982ef3532197f0213a13a1a7cca5d39b6c3b4d74eae60614863caf6
BC/BC07/policy.py,prepared_20261001,BC/BC07/policy.py,2793,c624c45811a9b5b3ff1def8ed66f9c7d3848e6bd86ed4c581663dcb94b8511d5,1,objects/c624c45811a9b5b3ff1def8ed66f9c7d3848e6bd86ed4c581663dcb94b8511d5
BC/BC07/preflight.json,prepared_20261001,BC/BC07/preflight.json,1871,49f68be743d61c167967f17a3792936d5c281e203134e0def1057a64be3d8ca6,1,objects/49f68be743d61c167967f17a3792936d5c281e203134e0def1057a64be3d8ca6
BC/BC07/preflight.py,prepared_20261001,BC/BC07/preflight.py,10299,4db4c99cb8b0887220557870ebe29f9113d3f9d020c9d9dcb2d6f0268717aaa0,1,objects/4db4c99cb8b0887220557870ebe29f9113d3f9d020c9d9dcb2d6f0268717aaa0
BC/BC07/preflight_future_side_table.json,prepared_20261001,BC/BC07/preflight_future_side_table.json,45,7605be46c430f5e17ce8fd2082250775224c2966264d79c885c583b19de901b7,1,objects/7605be46c430f5e17ce8fd2082250775224c2966264d79c885c583b19de901b7
BC/BC07/replay.py,prepared_20261001,BC/BC07/replay.py,20718,82b9f1b2c13cea27608be7f4ae5f51c134f481e49d3cbfab99c7ae6db191c067,1,objects/82b9f1b2c13cea27608be7f4ae5f51c134f481e49d3cbfab99c7ae6db191c067
BC/BC07/resume_after_hook_fix.py,prepared_20261001,BC/BC07/resume_after_hook_fix.py,7434,d59c76cbb335dcbe63f0db70d7e1825833a0441dc9341939d8039bc9cf0d20a9,1,objects/d59c76cbb335dcbe63f0db70d7e1825833a0441dc9341939d8039bc9cf0d20a9
BC/BC07/run_all.py,prepared_20261001,BC/BC07/run_all.py,8570,0f92a174de3b44bc90e22cc9a1d67ca62d50b3c2fcec3b4140569b2c3fd032b9,1,objects/0f92a174de3b44bc90e22cc9a1d67ca62d50b3c2fcec3b4140569b2c3fd032b9
BC/BC07/run_status.json,prepared_20261001,BC/BC07/run_status.json,8285,7e7394c4dbc10b94ea79e037235fe5cdeea8165dd023e9c4d814e4b556257ad2,1,objects/7e7394c4dbc10b94ea79e037235fe5cdeea8165dd023e9c4d814e4b556257ad2
BC/BC07/summarize.py,prepared_20261001,BC/BC07/summarize.py,21983,175c66881b48c991ce3618807674e519de2f9adefc220304f0fd672de54be71f,1,objects/175c66881b48c991ce3618807674e519de2f9adefc220304f0fd672de54be71f
BC/BC08/correct_recency.py,prepared_20261001,BC/BC08/correct_recency.py,14964,dce031f61ddc0d0215b4fd4f1094b1efe48a244b3d0512fcfafe2b2f6209ca45,1,objects/dce031f61ddc0d0215b4fd4f1094b1efe48a244b3d0512fcfafe2b2f6209ca45
BC/BC08/models/BC08_NEW_lightgbm.txt,prepared_20261001,BC/BC08/models/BC08_NEW_lightgbm.txt,153442,a075f91e82979bd82741de92293d371a70620fcb88509f9d990ab6798cb809a6,1,objects/a075f91e82979bd82741de92293d371a70620fcb88509f9d990ab6798cb809a6
BC/BC08/models/BC08_OLD_lightgbm.txt,prepared_20261001,BC/BC08/models/BC08_OLD_lightgbm.txt,151674,2e3ef9456d75d4ccd04ef87cb49c49ef197b8d23e1c385cf7b05e79682d82999,1,objects/2e3ef9456d75d4ccd04ef87cb49c49ef197b8d23e1c385cf7b05e79682d82999
BC/BC08/run.py,prepared_20261001,BC/BC08/run.py,47589,79c2b01634d31dcef53c07d7fb8dd3ec606cb50d77a5fdb704c3db1ac199e27c,1,objects/79c2b01634d31dcef53c07d7fb8dd3ec606cb50d77a5fdb704c3db1ac199e27c
BC/deliverables/BC01_10min_trajectory.csv,prepared_20261001,BC/deliverables/BC01_10min_trajectory.csv,405135,4362c25803f01e0defc7eb1e7d9596587412b4296f6c56ef8f152ba2990182ae,0,objects/4362c25803f01e0defc7eb1e7d9596587412b4296f6c56ef8f152ba2990182ae
BC/deliverables/BC01_report.md,prepared_20261001,BC/deliverables/BC01_report.md,7044,f2ef081bca350ff3aa497d7bc8682a964670cf19fe062c29532c4d32b0d25a40,1,objects/f2ef081bca350ff3aa497d7bc8682a964670cf19fe062c29532c4d32b0d25a40
BC/deliverables/BC02_all_windows.csv,prepared_20261001,BC/deliverables/BC02_all_windows.csv,290151,bd4226dd2fb3202e6d4eb31bde01fe4eebae9ecc15e9d8e84d3d42dd0e21f25c,0,objects/bd4226dd2fb3202e6d4eb31bde01fe4eebae9ecc15e9d8e84d3d42dd0e21f25c
BC/deliverables/BC02_report.md,prepared_20261001,BC/deliverables/BC02_report.md,4718,719b3e2c042a9bd13763066a3530a8a7a0c46b2a9402f816d391c5e78b83f25a,1,objects/719b3e2c042a9bd13763066a3530a8a7a0c46b2a9402f816d391c5e78b83f25a
BC/deliverables/BC03_DURING_10min.csv,prepared_20261001,BC/deliverables/BC03_DURING_10min.csv,352947,4e5f686e6d6ed7a985f07214a172d1ecd2aac87b48de72e12c14dd53889dd6c4,0,objects/4e5f686e6d6ed7a985f07214a172d1ecd2aac87b48de72e12c14dd53889dd6c4
BC/deliverables/BC03_LEAD_10min.csv,prepared_20261001,BC/deliverables/BC03_LEAD_10min.csv,351022,d38322ca44683529103816f4f41a2247874a0ce7ce3aa526275019d8a2b79b1b,0,objects/d38322ca44683529103816f4f41a2247874a0ce7ce3aa526275019d8a2b79b1b
BC/deliverables/BC03_NEXT-DAY_10min.csv,prepared_20261001,BC/deliverables/BC03_NEXT-DAY_10min.csv,355099,21de9c581eb6c5374f02a1480575aa30a460eb5228d57786dfadf93431c9a622,0,objects/21de9c581eb6c5374f02a1480575aa30a460eb5228d57786dfadf93431c9a622
BC/deliverables/BC03_PREV-DAY_10min.csv,prepared_20261001,BC/deliverables/BC03_PREV-DAY_10min.csv,355149,56fbbccad40e3d0672cc7648b22e4b9e24be801ee3ebe2ce4466849b27fbf213,0,objects/56fbbccad40e3d0672cc7648b22e4b9e24be801ee3ebe2ce4466849b27fbf213
BC/deliverables/BC03_STATIC-BASE_10min.csv,prepared_20261001,BC/deliverables/BC03_STATIC-BASE_10min.csv,351648,1e5d6646d0594e3f97be90b6ebc6b27774bb30b51b6c43475ff85b37891834c2,0,objects/1e5d6646d0594e3f97be90b6ebc6b27774bb30b51b6c43475ff85b37891834c2
BC/deliverables/BC03_STATIC-HIGH_10min.csv,prepared_20261001,BC/deliverables/BC03_STATIC-HIGH_10min.csv,357881,17c50b9aa8c354e9e213f7df51cd1d9d09e83c3a77e21f6f47b45b9e11c644a3,0,objects/17c50b9aa8c354e9e213f7df51cd1d9d09e83c3a77e21f6f47b45b9e11c644a3
BC/deliverables/BC03_STATIC-LOW_10min.csv,prepared_20261001,BC/deliverables/BC03_STATIC-LOW_10min.csv,359984,7354323283e699893cb24bf8d21ee15d020baec821e23f4f5164c1424e7c7d97,0,objects/7354323283e699893cb24bf8d21ee15d020baec821e23f4f5164c1424e7c7d97
BC/deliverables/BC03_all_windows.csv,prepared_20261001,BC/deliverables/BC03_all_windows.csv,2480664,4251b7d9773bdfb6b2bbde1cd3bf8b757193f7502d40b3a0156671fd6a8389e4,0,objects/4251b7d9773bdfb6b2bbde1cd3bf8b757193f7502d40b3a0156671fd6a8389e4
BC/deliverables/BC03_audit.json,prepared_20261001,BC/deliverables/BC03_audit.json,49863,395662056a2111b516943d3e2c14930c42e9a068805c20e1d399121df179a9af,1,objects/395662056a2111b516943d3e2c14930c42e9a068805c20e1d399121df179a9af
BC/deliverables/BC03_report.md,prepared_20261001,BC/deliverables/BC03_report.md,9057,52cd6fcabcaff9422ab7a188f7726e70d80ed55bc9fed60a25b1b9fa6a37b493,1,objects/52cd6fcabcaff9422ab7a188f7726e70d80ed55bc9fed60a25b1b9fa6a37b493
BC/deliverables/BC03_summary.csv,prepared_20261001,BC/deliverables/BC03_summary.csv,1360,dab0f115670ee910ee598471fa580fab70fc47fb59a3c5e4ac80150332b3e545,1,objects/dab0f115670ee910ee598471fa580fab70fc47fb59a3c5e4ac80150332b3e545
BC/deliverables/BC04_all_get_requests.jsonl.gz,prepared_20261001,BC/deliverables/BC04_all_get_requests.jsonl.gz,57643862,0da871e66c3ede6f2cfa13cc45458b3d577adda8c637576ec47306b606bb31a1,0,objects/0da871e66c3ede6f2cfa13cc45458b3d577adda8c637576ec47306b606bb31a1
BC/deliverables/BC04_audit.json,prepared_20261001,BC/deliverables/BC04_audit.json,18688,83c91264b96f16d7cd6af1ee501885c290975edf7ff64d4d6fd3d78d589e37fb,1,objects/83c91264b96f16d7cd6af1ee501885c290975edf7ff64d4d6fd3d78d589e37fb
BC/deliverables/BC04_descriptive_examples.csv,prepared_20261001,BC/deliverables/BC04_descriptive_examples.csv,1108,32b537ca6bdd866f7fbeae2cde1d529d1e65eb33f4acd5bf484072f37c02cbb9,1,objects/32b537ca6bdd866f7fbeae2cde1d529d1e65eb33f4acd5bf484072f37c02cbb9
BC/deliverables/BC04_mixed_combinations.csv,prepared_20261001,BC/deliverables/BC04_mixed_combinations.csv,435,a0dfc96691e2aaefaede0d2a859687b74653158c4a48ff6e625032888bd9c1cd,1,objects/a0dfc96691e2aaefaede0d2a859687b74653158c4a48ff6e625032888bd9c1cd
BC/deliverables/BC04_peak_578_chunks.csv,prepared_20261001,BC/deliverables/BC04_peak_578_chunks.csv,518552,fbae24e5ecc67f6a0f1c1670b07fc9773da5ed8ed19719a2085050857ed24a70,0,objects/fbae24e5ecc67f6a0f1c1670b07fc9773da5ed8ed19719a2085050857ed24a70
BC/deliverables/BC04_peak_578_requests.csv,prepared_20261001,BC/deliverables/BC04_peak_578_requests.csv,1922371,34c495f1c6c402269a9a6d33687b038ec197c2033c3bc14097fc964fb0d69586,0,objects/34c495f1c6c402269a9a6d33687b038ec197c2033c3bc14097fc964fb0d69586
BC/deliverables/BC04_peak_578_requests.jsonl.gz,prepared_20261001,BC/deliverables/BC04_peak_578_requests.jsonl.gz,113781,7f76a4198398b15ba136259dae94383b9b77211e4e166a4b86764c994cb44eba,0,objects/7f76a4198398b15ba136259dae94383b9b77211e4e166a4b86764c994cb44eba
BC/deliverables/BC04_prefetch_qualification_checks.jsonl.gz,prepared_20261001,BC/deliverables/BC04_prefetch_qualification_checks.jsonl.gz,277948,06f5aa6b601b4590d77d884e6aae6f3a9fec51c99fc86e6cf32cda40b02bf657,0,objects/06f5aa6b601b4590d77d884e6aae6f3a9fec51c99fc86e6cf32cda40b02bf657
BC/deliverables/BC04_report.md,prepared_20261001,BC/deliverables/BC04_report.md,10089,8ddc2469c584043adac7de41d5ddf71b96a681764ab79803910b470f84cdb4bd,1,objects/8ddc2469c584043adac7de41d5ddf71b96a681764ab79803910b470f84cdb4bd
BC/deliverables/BC04_summary.csv,prepared_20261001,BC/deliverables/BC04_summary.csv,1622,5e5361bdabc78de7f8af6ca319358cd87b8faf2dd9286ed32e1f8b4b93071e42,1,objects/5e5361bdabc78de7f8af6ca319358cd87b8faf2dd9286ed32e1f8b4b93071e42
BC/deliverables/BC04_window_reconciliation.csv,prepared_20261001,BC/deliverables/BC04_window_reconciliation.csv,195034,6fb748cf2356958422cb37ef0bc091ea9e2d7c9f12dc76a348e3ac3560f71e1e,1,objects/6fb748cf2356958422cb37ef0bc091ea9e2d7c9f12dc76a348e3ac3560f71e1e
BC/deliverables/BC05_all_windows.csv,prepared_20261001,BC/deliverables/BC05_all_windows.csv,667565,3d2ab5125fe19bdb9795c0f080028ccd9f6f9a6f8b0d0d1d6ed459b87c9d44e4,0,objects/3d2ab5125fe19bdb9795c0f080028ccd9f6f9a6f8b0d0d1d6ed459b87c9d44e4
BC/deliverables/BC05_audit.json,prepared_20261001,BC/deliverables/BC05_audit.json,29080,400bf136cfe791652c9505f5c297d58fa0f3ff47e37e2094d158189080fd1b65,1,objects/400bf136cfe791652c9505f5c297d58fa0f3ff47e37e2094d158189080fd1b65
BC/deliverables/BC05_four_arm_summary.csv,prepared_20261001,BC/deliverables/BC05_four_arm_summary.csv,2152,efafd1ea3dbb837b24113c9ce52c3497d9a52eccbfc6030af6d888e36bda9708,1,objects/efafd1ea3dbb837b24113c9ce52c3497d9a52eccbfc6030af6d888e36bda9708
BC/deliverables/BC05_frozen_manifest.json,prepared_20261001,BC/deliverables/BC05_frozen_manifest.json,3774,61d23eca87217815903234c641820f45663462484ce0cb13f5daa0e356be880f,1,objects/61d23eca87217815903234c641820f45663462484ce0cb13f5daa0e356be880f
BC/deliverables/BC05_frozen_targets.json,prepared_20261001,BC/deliverables/BC05_frozen_targets.json,606235,245c175cf4a0bed32327cd14e45d8d664d73cad6cf145931884ee2ab43c023eb,0,objects/245c175cf4a0bed32327cd14e45d8d664d73cad6cf145931884ee2ab43c023eb
BC/deliverables/BC05_intervention_request_costs.csv,prepared_20261001,BC/deliverables/BC05_intervention_request_costs.csv,16339,8d6a4f6bafa649cc456bf3242ea657ce120cea471be4ff773709f71d0cd77613,1,objects/8d6a4f6bafa649cc456bf3242ea657ce120cea471be4ff773709f71d0cd77613
BC/deliverables/BC05_peak_request_costs.csv,prepared_20261001,BC/deliverables/BC05_peak_request_costs.csv,18542,c882f73e86f6e243320f0043859acb1b2e8d698e14c818910c37b33345f16ad3,1,objects/c882f73e86f6e243320f0043859acb1b2e8d698e14c818910c37b33345f16ad3
BC/deliverables/BC05_report.md,prepared_20261001,BC/deliverables/BC05_report.md,4814,7dc182cb42075bddcdf08b556d4ee45fd71d160854760838dc6bce7bb43c6c5b,1,objects/7dc182cb42075bddcdf08b556d4ee45fd71d160854760838dc6bce7bb43c6c5b
BC/deliverables/BC05_target_events.csv,prepared_20261001,BC/deliverables/BC05_target_events.csv,1280766,e0c62649e8d66c6177be656587f6d5a04095cc8378dfda40a84c4cf31b2b72d6,0,objects/e0c62649e8d66c6177be656587f6d5a04095cc8378dfda40a84c4cf31b2b72d6
BC/deliverables/BC06_BC05_label_link_audit.json,prepared_20261001,BC/deliverables/BC06_BC05_label_link_audit.json,1488,16eeb1ebae2f76e7dd71d61dddca0d9f39d838945b4cf7d5a7c8a7d12b0a786e,1,objects/16eeb1ebae2f76e7dd71d61dddca0d9f39d838945b4cf7d5a7c8a7d12b0a786e
BC/deliverables/BC06_BC05_label_links.csv,prepared_20261001,BC/deliverables/BC06_BC05_label_links.csv,316376,f55a48345253dcd86465835206ff4ecc747503d810e9a41bd979f7e2a51c24e4,0,objects/f55a48345253dcd86465835206ff4ecc747503d810e9a41bd979f7e2a51c24e4
BC/deliverables/BC06_candidate_decisions.jsonl.gz,prepared_20261001,BC/deliverables/BC06_candidate_decisions.jsonl.gz,134138617,5794441b856c02e7c1e7583332059be2576e29e9cca1d9379ecc515d84c70665,0,objects/5794441b856c02e7c1e7583332059be2576e29e9cca1d9379ecc515d84c70665
BC/deliverables/BC06_check_only_calls.jsonl.gz,prepared_20261001,BC/deliverables/BC06_check_only_calls.jsonl.gz,1054134,57e94f76b8972854f1be994bde8464ba6fe572c86f154eed25f3892da30506d2,0,objects/57e94f76b8972854f1be994bde8464ba6fe572c86f154eed25f3892da30506d2
BC/deliverables/BC06_coverage.csv,prepared_20261001,BC/deliverables/BC06_coverage.csv,1263,a9379b264bbab1ea2183444364483338b08cbba29558291cf569e78898d460bf,1,objects/a9379b264bbab1ea2183444364483338b08cbba29558291cf569e78898d460bf
BC/deliverables/BC06_descriptive.csv,prepared_20261001,BC/deliverables/BC06_descriptive.csv,59532,59b8106a61b3306eb725f3026fb61b70a29ccedb9d95678a4b3addcc7e8513b5,1,objects/59b8106a61b3306eb725f3026fb61b70a29ccedb9d95678a4b3addcc7e8513b5
BC/deliverables/BC06_feature_overlap.csv,prepared_20261001,BC/deliverables/BC06_feature_overlap.csv,2213,56d591023afb983be15e68ab0835720f9d00c90c4e170c23294b37b5dbd097d2,1,objects/56d591023afb983be15e68ab0835720f9d00c90c4e170c23294b37b5dbd097d2
BC/deliverables/BC06_feature_schema.json,prepared_20261001,BC/deliverables/BC06_feature_schema.json,883,06f286307b0bbf32f411ac90d1b9c4de5a364fa0aeb915b6bc745487910eedd9,1,objects/06f286307b0bbf32f411ac90d1b9c4de5a364fa0aeb915b6bc745487910eedd9
BC/deliverables/BC06_field_dictionary.csv,prepared_20261001,BC/deliverables/BC06_field_dictionary.csv,12576,73efb7343a7d97ff0544d2f08ab67ddfda5b072b15fad4b81edfe62265974d93,1,objects/73efb7343a7d97ff0544d2f08ab67ddfda5b072b15fad4b81edfe62265974d93
BC/deliverables/BC06_get_request_contexts.jsonl.gz,prepared_20261001,BC/deliverables/BC06_get_request_contexts.jsonl.gz,20703413,de8cd6e2e5c652d98e28e7493924aba29752f1c96a659f6ce109c46c50f37c89,0,objects/de8cd6e2e5c652d98e28e7493924aba29752f1c96a659f6ce109c46c50f37c89
BC/deliverables/BC06_label_firewall_prefix.json,prepared_20261001,BC/deliverables/BC06_label_firewall_prefix.json,5926,b4a72076a002ae624cc90a0d373bd5d5f128d93f5a0e4ebb74aa299428f38e22,1,objects/b4a72076a002ae624cc90a0d373bd5d5f128d93f5a0e4ebb74aa299428f38e22
BC/deliverables/BC06_postfreeze_reconciliation.json,prepared_20261001,BC/deliverables/BC06_postfreeze_reconciliation.json,1549,9b12a8badfa0f2d2ba4b1716ed13ebf4d7ddb2ca6f158c3cae618523ea22125b,1,objects/9b12a8badfa0f2d2ba4b1716ed13ebf4d7ddb2ca6f158c3cae618523ea22125b
BC/deliverables/BC06_report.md,prepared_20261001,BC/deliverables/BC06_report.md,5532,ba3c2f610caf059ccf8ccb31db7ca84e1a172d989fb72085cf19c894a94f8f09,1,objects/ba3c2f610caf059ccf8ccb31db7ca84e1a172d989fb72085cf19c894a94f8f09
BC/deliverables/BC06_snapshot_manifest.json,prepared_20261001,BC/deliverables/BC06_snapshot_manifest.json,1704,3aa12ef277732b45e69b8d10b241dd36cba569d4bc2b656b710b98d3838be057,1,objects/3aa12ef277732b45e69b8d10b241dd36cba569d4bc2b656b710b98d3838be057
BC/deliverables/BC06_snapshot_validation.json,prepared_20261001,BC/deliverables/BC06_snapshot_validation.json,7537,d190fc208491386bedb8c81c9ea2280fbd2e87c6ec910df9450907f517467e1e,1,objects/d190fc208491386bedb8c81c9ea2280fbd2e87c6ec910df9450907f517467e1e
BC/deliverables/BC07_HIGH-CONTROL_10min.csv,prepared_20261001,BC/deliverables/BC07_HIGH-CONTROL_10min.csv,201151,3ed4be0d037947bc3a35362a01195b512ff625668ef79c7b60a693d5b04e1b6b,1,objects/3ed4be0d037947bc3a35362a01195b512ff625668ef79c7b60a693d5b04e1b6b
BC/deliverables/BC07_HIGH-RANDOM_10min.csv,prepared_20261001,BC/deliverables/BC07_HIGH-RANDOM_10min.csv,200862,54e5a212963c2befb88e9006d2fc0d19db3d538155e2f6f0422c58f6661bb229,1,objects/54e5a212963c2befb88e9006d2fc0d19db3d538155e2f6f0422c58f6661bb229
BC/deliverables/BC07_HIGH-RECENCY_10min.csv,prepared_20261001,BC/deliverables/BC07_HIGH-RECENCY_10min.csv,201971,e40d557ba0793e8a48a2f19592afb23de034533d2fc8f51d25d125ec3439b98c,1,objects/e40d557ba0793e8a48a2f19592afb23de034533d2fc8f51d25d125ec3439b98c
BC/deliverables/BC07_HIGH-SCORE_10min.csv,prepared_20261001,BC/deliverables/BC07_HIGH-SCORE_10min.csv,199423,7039b7e286a87dc9c1de9d66b028e118defc23256961709469e22d15b66151f9,1,objects/7039b7e286a87dc9c1de9d66b028e118defc23256961709469e22d15b66151f9
BC/deliverables/BC07_all_windows.csv,prepared_20261001,BC/deliverables/BC07_all_windows.csv,802480,9ecbaeb6ac0796c1f4b0c994c8519be0b68371adced0911a595ebcf90ce1b956,0,objects/9ecbaeb6ac0796c1f4b0c994c8519be0b68371adced0911a595ebcf90ce1b956
BC/deliverables/BC07_audit.json,prepared_20261001,BC/deliverables/BC07_audit.json,11531,a1380a16b85061fd1836519fffe6754db8435c129d3d551dd5544c9cf1c6f2cb,1,objects/a1380a16b85061fd1836519fffe6754db8435c129d3d551dd5544c9cf1c6f2cb
BC/deliverables/BC07_calibration.json,prepared_20261001,BC/deliverables/BC07_calibration.json,3728,6d294e4a4982ef3532197f0213a13a1a7cca5d39b6c3b4d74eae60614863caf6,1,objects/6d294e4a4982ef3532197f0213a13a1a7cca5d39b6c3b4d74eae60614863caf6
BC/deliverables/BC07_preflight.json,prepared_20261001,BC/deliverables/BC07_preflight.json,1871,49f68be743d61c167967f17a3792936d5c281e203134e0def1057a64be3d8ca6,1,objects/49f68be743d61c167967f17a3792936d5c281e203134e0def1057a64be3d8ca6
BC/deliverables/BC07_report.md,prepared_20261001,BC/deliverables/BC07_report.md,5053,508f4323f8b498e60309fc6d315244ac0801c43e377f2ab42121b5a6cfd313b8,1,objects/508f4323f8b498e60309fc6d315244ac0801c43e377f2ab42121b5a6cfd313b8
BC/deliverables/BC07_run_status.json,prepared_20261001,BC/deliverables/BC07_run_status.json,8285,7e7394c4dbc10b94ea79e037235fe5cdeea8165dd023e9c4d814e4b556257ad2,1,objects/7e7394c4dbc10b94ea79e037235fe5cdeea8165dd023e9c4d814e4b556257ad2
BC/deliverables/BC07_summary.csv,prepared_20261001,BC/deliverables/BC07_summary.csv,3667,bbbd8148b0b9d10f8340e78798718d728a517c6eab18d6253ce6edd48cc6d966,1,objects/bbbd8148b0b9d10f8340e78798718d728a517c6eab18d6253ce6edd48cc6d966
BC/deliverables/BC08_audit.json,prepared_20261001,BC/deliverables/BC08_audit.json,171111,06ad6921c703a18d4e8ef7a59c4b46041364e0b4cd08a3f9efc2c475e4e95f37,1,objects/06ad6921c703a18d4e8ef7a59c4b46041364e0b4cd08a3f9efc2c475e4e95f37
BC/deliverables/BC08_eval_request_predictions.csv.gz,prepared_20261001,BC/deliverables/BC08_eval_request_predictions.csv.gz,2654848,52d3c2e07dbe95b520c395a15ff96bdd8a0ba926d369dc91973159544416baee,0,objects/52d3c2e07dbe95b520c395a15ff96bdd8a0ba926d369dc91973159544416baee
BC/deliverables/BC08_feature_dictionary.csv,prepared_20261001,BC/deliverables/BC08_feature_dictionary.csv,7143,3df771a0a1020e88c85bc225d25744fdc23a1115c9b4aa865e0c646280782c37,1,objects/3df771a0a1020e88c85bc225d25744fdc23a1115c9b4aa865e0c646280782c37
BC/deliverables/BC08_protocol.json,prepared_20261001,BC/deliverables/BC08_protocol.json,4613,29043d0f2d7213e4b2b7e398e8864b61ab9764fab70432f5db027284f0fb48ba,1,objects/29043d0f2d7213e4b2b7e398e8864b61ab9764fab70432f5db027284f0fb48ba
BC/deliverables/BC08_report.md,prepared_20261001,BC/deliverables/BC08_report.md,6984,d85674a0dbc49a1223a4aeb548c9c611b2dc0e6e1bc34f10a2debdba568acab6,1,objects/d85674a0dbc49a1223a4aeb548c9c611b2dc0e6e1bc34f10a2debdba568acab6
BC/deliverables/BC08_top1pct_metrics.csv,prepared_20261001,BC/deliverables/BC08_top1pct_metrics.csv,2633,cd5d157681a008b1e4ccd29225b3b5724d8fdd1fad38f23af78f19d7189de9b1,1,objects/cd5d157681a008b1e4ccd29225b3b5724d8fdd1fad38f23af78f19d7189de9b1
