path,source,source_relative,bytes,sha256,in_git,object
CCIM/CCIM_ATTRIBUTE_VOI_MINPROBE.md,ccim,CCIM_ATTRIBUTE_VOI_MINPROBE.md,8276,c484bd9c770f88842343622baf834620aba53e25f148cbc45c29dbe0d03792ea,1,objects/c484bd9c770f88842343622baf834620aba53e25f148cbc45c29dbe0d03792ea
CCIM/CCIM_CANDIDATE_GENERATION_OPT.md,ccim,CCIM_CANDIDATE_GENERATION_OPT.md,9818,e0a3e0ab782b25e5f6623ab07c57138b51b7734dae746c476515090b4c818a4b,1,objects/e0a3e0ab782b25e5f6623ab07c57138b51b7734dae746c476515090b4c818a4b
CCIM/CCIM_CANDIDATE_INSTANCES.md,ccim,CCIM_CANDIDATE_INSTANCES.md,13183,8d4fd1ff7e8d2991c9ab0f8d88e557f6088dd8f5a692d186717847c506e90a4c,1,objects/8d4fd1ff7e8d2991c9ab0f8d88e557f6088dd8f5a692d186717847c506e90a4c
CCIM/CCIM_CA_GRQC_PROBE.md,ccim,CCIM_CA_GRQC_PROBE.md,7664,933f5018b3c4403204d8c95d326f5c39f0eaa9cfac90d87503a4661a0daf9519,1,objects/933f5018b3c4403204d8c95d326f5c39f0eaa9cfac90d87503a4661a0daf9519
CCIM/CCIM_CA_GRQC_SEARCH_PROBE.md,ccim,CCIM_CA_GRQC_SEARCH_PROBE.md,8355,5d5a3fa1d39921a2129ffb084cdeb4d3bc0fea536157a78c95c1433c67344f7a,1,objects/5d5a3fa1d39921a2129ffb084cdeb4d3bc0fea536157a78c95c1433c67344f7a
CCIM/CCIM_GATE1_多步决策价值.md,ccim,CCIM_GATE1_多步决策价值.md,12857,57603a0b51b1c67ba11b7815a417dc1816709824ef6c24fc9b886cedb0f322f5,1,objects/57603a0b51b1c67ba11b7815a417dc1816709824ef6c24fc9b886cedb0f322f5
CCIM/CCIM_GATE2_奖励重分配.md,ccim,CCIM_GATE2_奖励重分配.md,13923,a65dec99274fed93a58306e39785ca103fe808d925a09e7ad9b3584535b1b614,1,objects/a65dec99274fed93a58306e39785ca103fe808d925a09e7ad9b3584535b1b614
CCIM/CCIM_LEARNED_RANKING_PILOT.md,ccim,CCIM_LEARNED_RANKING_PILOT.md,13604,ca86e09003fe4506d6688f71dc9b52cd9b414a4431d6a8e4293bf715b195766b,1,objects/ca86e09003fe4506d6688f71dc9b52cd9b414a4431d6a8e4293bf715b195766b
CCIM/CCIM_SCAN_ORDER_PILOT.md,ccim,CCIM_SCAN_ORDER_PILOT.md,11128,a8b40efacf6d36f4fc591375db0ca1f5ee81825a9062d6643c617bde137914f8,1,objects/a8b40efacf6d36f4fc591375db0ca1f5ee81825a9062d6643c617bde137914f8
CCIM/CCIM_SEARCH_LOG_AUDIT.md,ccim,CCIM_SEARCH_LOG_AUDIT.md,6748,0c74f6d8140519a49cfa5fcc3afb0c7432369b2e277fde3bb37a7fe80c02b19a,1,objects/0c74f6d8140519a49cfa5fcc3afb0c7432369b2e277fde3bb37a7fe80c02b19a
CCIM/CCIM_SEARCH_TRACE.md,ccim,CCIM_SEARCH_TRACE.md,8099,68920bf07dea921615172a95042dce27b8207b9016da076ae1a1b796e0fa2fc8,1,objects/68920bf07dea921615172a95042dce27b8207b9016da076ae1a1b796e0fa2fc8
CCIM/CCIM_WALLCLOCK_COMPARISON.md,ccim,CCIM_WALLCLOCK_COMPARISON.md,8764,b177e62479f1aa6f51526fca1c382eb15849ae7559eb39a70ecb0064087fdcc9,1,objects/b177e62479f1aa6f51526fca1c382eb15849ae7559eb39a70ecb0064087fdcc9
CCIM/CCIM_XPLORE_GEODQN.md,ccim,CCIM_XPLORE_GEODQN.md,10596,0506ecd9144415ed58451cba06bce701148f4d5e64740792ae4c6e07473cb147,1,objects/0506ecd9144415ed58451cba06bce701148f4d5e64740792ae4c6e07473cb147
CCIM/CCIM_XPLORE_fast500结果.md,ccim,CCIM_XPLORE_fast500结果.md,7655,367804c602aa53a25598cdc8dc5ae7c007323b1bb42a887d51568a03a112b368,1,objects/367804c602aa53a25598cdc8dc5ae7c007323b1bb42a887d51568a03a112b368
CCIM/CCIM_XPLORE_fast500试验.md,ccim,CCIM_XPLORE_fast500试验.md,3667,16a11da81477afbdcb9e101a1399eea8daec3084ca6dd5faec2d94e4e738435a,1,objects/16a11da81477afbdcb9e101a1399eea8daec3084ca6dd5faec2d94e4e738435a
CCIM/CCIM_XPLORE_冻结验证.md,ccim,CCIM_XPLORE_冻结验证.md,4992,a8405d3be7cc1f63d57108282b35535ede5e3a3b7fe7abae0643addd7613534f,1,objects/a8405d3be7cc1f63d57108282b35535ede5e3a3b7fe7abae0643addd7613534f
CCIM/CCIM_XPLORE_协议侦察.md,ccim,CCIM_XPLORE_协议侦察.md,10284,cd4388e3411f6065decd9475a397568b0991aa409e769037b65d9b5b2229610d,1,objects/cd4388e3411f6065decd9475a397568b0991aa409e769037b65d9b5b2229610d
CCIM/CCIM_XPLORE_合法信息排序器.md,ccim,CCIM_XPLORE_合法信息排序器.md,4823,23cef49bb9498e3fd4558fc823837e6999c5f36904a5f6abe5ae91650cfc29ef,1,objects/23cef49bb9498e3fd4558fc823837e6999c5f36904a5f6abe5ae91650cfc29ef
CCIM/CCIM_XPLORE_合法信息排序器结果.md,ccim,CCIM_XPLORE_合法信息排序器结果.md,5825,f68e616e4fc5c66980ee8b7370dd22bf204adada4793c2e129f4ce040416e9b2,1,objects/f68e616e4fc5c66980ee8b7370dd22bf204adada4793c2e129f4ce040416e9b2
CCIM/CCIM_XPLORE_基线曲线.md,ccim,CCIM_XPLORE_基线曲线.md,14910,7d6cf271e7fc5dc25e89606cf56a785526e8b248904c5cee750ee311839d16cc,1,objects/7d6cf271e7fc5dc25e89606cf56a785526e8b248904c5cee750ee311839d16cc
CCIM/CCIM_XPLORE_官方版就绪与预算阻塞.md,ccim,CCIM_XPLORE_官方版就绪与预算阻塞.md,4255,76d49f4440173d8cc1efd0ac42c331c6844cb682b1ff5aaa16d5447726fe5835,1,objects/76d49f4440173d8cc1efd0ac42c331c6844cb682b1ff5aaa16d5447726fe5835
CCIM/CCIM_XPLORE_官方版状态.md,ccim,CCIM_XPLORE_官方版状态.md,6037,69ecc17aed7343acc86aa3f1f7902356fb88db522137ef2644a04ed036936b55,1,objects/69ecc17aed7343acc86aa3f1f7902356fb88db522137ef2644a04ed036936b55
CCIM/CCIM_XPLORE_批量化前提.md,ccim,CCIM_XPLORE_批量化前提.md,4820,5fc348bdd77b99e0c7701e9d1085dfd4d3a5d22510660ca6fc9c9707aa6e85f4,1,objects/5fc348bdd77b99e0c7701e9d1085dfd4d3a5d22510660ca6fc9c9707aa6e85f4
CCIM/CCIM_XPLORE_批量化结果.md,ccim,CCIM_XPLORE_批量化结果.md,4769,bb3223d5cfb1f7f44dc93b23b1e1a92e119cf01a35999be68c0d74ed8176a234,1,objects/bb3223d5cfb1f7f44dc93b23b1e1a92e119cf01a35999be68c0d74ed8176a234
CCIM/CCIM_XPLORE_断点续跑.md,ccim,CCIM_XPLORE_断点续跑.md,4515,127bdfdbc437708777573ef72dd2675c8c4cc2457902e1d65dadf49599a469f1,1,objects/127bdfdbc437708777573ef72dd2675c8c4cc2457902e1d65dadf49599a469f1
CCIM/CCIM_XPLORE_梯度更新耗时定位.md,ccim,CCIM_XPLORE_梯度更新耗时定位.md,4891,7482cc5a359c527f0e1f4cbb5e09678a7dbec9cd7a1537d34e726195e8d5e9d9,1,objects/7482cc5a359c527f0e1f4cbb5e09678a7dbec9cd7a1537d34e726195e8d5e9d9
CCIM/CCIM_XPLORE_消除重复计算.md,ccim,CCIM_XPLORE_消除重复计算.md,4762,91a34c8ada263a98c2efe3edfc4eb5335f69137dde43226f74a00d686c9bdeb0,1,objects/91a34c8ada263a98c2efe3edfc4eb5335f69137dde43226f74a00d686c9bdeb0
CCIM/CCIM_XPLORE_短程结果.md,ccim,CCIM_XPLORE_短程结果.md,4787,80cd7bc122b61d3ae94ba7331de25733947c96e4b9fd9a544864021f08ef99e3,1,objects/80cd7bc122b61d3ae94ba7331de25733947c96e4b9fd9a544864021f08ef99e3
CCIM/CCIM_XPLORE_短程进度.md,ccim,CCIM_XPLORE_短程进度.md,3568,c3eae5a918cbde4f3cb2040543410030719f6898d655086c4bf3eff71b64dc6b,1,objects/c3eae5a918cbde4f3cb2040543410030719f6898d655086c4bf3eff71b64dc6b
CCIM/CCIM_XPLORE_第一步定位与短程.md,ccim,CCIM_XPLORE_第一步定位与短程.md,3912,cb2719a0c64d3cc905bf436e76e9c46691592fa522f976bd7b3ebb82299d8cb6,1,objects/cb2719a0c64d3cc905bf436e76e9c46691592fa522f976bd7b3ebb82299d8cb6
CCIM/CCIM_XPLORE_结果审计.md,ccim,CCIM_XPLORE_结果审计.md,5613,eb1c42aab985b3bb484b791753d0672b687476b16a6735c8a1eb89b98c4362a9,1,objects/eb1c42aab985b3bb484b791753d0672b687476b16a6735c8a1eb89b98c4362a9
CCIM/CCIM_XPLORE_训练贡献诊断.md,ccim,CCIM_XPLORE_训练贡献诊断.md,8544,1f22c57231852d94c7f866c0e2a9bba8cf241873eaa25ec819c603a07a701807,1,objects/1f22c57231852d94c7f866c0e2a9bba8cf241873eaa25ec819c603a07a701807
CCIM/CCIM_XPLORE_调查价值诊断.md,ccim,CCIM_XPLORE_调查价值诊断.md,5456,bac3fe65a543db5255f300efb24947e9982d7d0f8f067006e219986fb5f9dda5,1,objects/bac3fe65a543db5255f300efb24947e9982d7d0f8f067006e219986fb5f9dda5
CCIM/CCIM_交接记录_关机.md,ccim,CCIM_交接记录_关机.md,8269,25df2b62b30d2fc55994c6c8a97e5f17fc5b17b6e37587d5a32662eb7988f3a9,1,objects/25df2b62b30d2fc55994c6c8a97e5f17fc5b17b6e37587d5a32662eb7988f3a9
CCIM/CCIM_仓库目录说明.md,ccim,CCIM_仓库目录说明.md,9355,32e23bd18e93e25237680fe038ab28a1117be256d82c2ff2aeac673a87f5e91a,1,objects/32e23bd18e93e25237680fe038ab28a1117be256d82c2ff2aeac673a87f5e91a
CCIM/CCIM_报告索引.md,ccim,CCIM_报告索引.md,13436,270f551bf6aab9453624ea1bf66d42555a376ef862697698ed5e09b04b442cd3,1,objects/270f551bf6aab9453624ea1bf66d42555a376ef862697698ed5e09b04b442cd3
CCIM/CCIM_最新实验报告.md,ccim,CCIM_最新实验报告.md,14306,d6049d28f53bd9168d35e81928662403ad6b377a583bbad9a0af1d863bae9173,1,objects/d6049d28f53bd9168d35e81928662403ad6b377a583bbad9a0af1d863bae9173
CCIM/CCIM_论文信息.md,ccim,CCIM_论文信息.md,1253,5609ea1f3e5b6e5f29e602e2546e8a9e8832fe2df18b0e90a6da425e06d5be0d,1,objects/5609ea1f3e5b6e5f29e602e2546e8a9e8832fe2df18b0e90a6da425e06d5be0d
CCIM/CCIM_阅读笔记_预读框架.md,ccim,CCIM_阅读笔记_预读框架.md,10060,ad03b2f695901813db3e02b8a83c155603fff81544cb766c72c0cd7949d0badc,1,objects/ad03b2f695901813db3e02b8a83c155603fff81544cb766c72c0cd7949d0badc
CCIM/_env_probe.py,ccim,_env_probe.py,493,bbe118e895fbb57bc305ac32eaedd30bfcb55d1543fbcdd5fdaef157f517707b,1,objects/bbe118e895fbb57bc305ac32eaedd30bfcb55d1543fbcdd5fdaef157f517707b
CCIM/ccim/__init__.py,ccim,ccim/__init__.py,534,abd4c8737b48cce5a75e61dfe820ecf7bdaa93c3cb3e5ed5f2b57f79c5b0303e,1,objects/abd4c8737b48cce5a75e61dfe820ecf7bdaa93c3cb3e5ed5f2b57f79c5b0303e
CCIM/ccim/baselines.py,ccim,ccim/baselines.py,7678,443e27045a022c08df74aede0987210bca8e0d5ad0c2d60740e4149f7a4055d1,1,objects/443e27045a022c08df74aede0987210bca8e0d5ad0c2d60740e4149f7a4055d1
CCIM/ccim/batched_search.py,ccim,ccim/batched_search.py,15364,7b9443011862a2b9b2da3fd24bf77af0d8fd904be05276cf08e79ba92d289159,1,objects/7b9443011862a2b9b2da3fd24bf77af0d8fd904be05276cf08e79ba92d289159
CCIM/ccim/dqn.py,ccim,ccim/dqn.py,12529,2d0313b39c9baea4192a874dadc67ae554e00b52b9652ed2019bbb61edf49e77,1,objects/2d0313b39c9baea4192a874dadc67ae554e00b52b9652ed2019bbb61edf49e77
CCIM/ccim/eim/__init__.py,ccim,ccim/eim/__init__.py,1527,6a239804d8d517c3cad7e9db0f1eeefea45635f6540289f72e6ad3e754a0e2b0,1,objects/6a239804d8d517c3cad7e9db0f1eeefea45635f6540289f72e6ad3e754a0e2b0
CCIM/ccim/eim/gm.py,ccim,ccim/eim/gm.py,8202,628ef9beca432f45a5fc17ef4f59cd4a17487cfaef343f19e2036bc5fa07b56c,1,objects/628ef9beca432f45a5fc17ef4f59cd4a17487cfaef343f19e2036bc5fa07b56c
CCIM/ccim/eim/graphdata.py,ccim,ccim/eim/graphdata.py,5759,7fdbbb85da68d912e82f12e7eaf31a2c7d3add0948de8a3c5b8569cc0bb38803,1,objects/7fdbbb85da68d912e82f12e7eaf31a2c7d3add0948de8a3c5b8569cc0bb38803
CCIM/ccim/eim/ic.py,ccim,ccim/eim/ic.py,7771,5b44b65d6516671c43da02432e978be51ecfe62187873024bb5c621a7a1dcc96,1,objects/5b44b65d6516671c43da02432e978be51ecfe62187873024bb5c621a7a1dcc96
CCIM/ccim/eim/lookahead.py,ccim,ccim/eim/lookahead.py,5084,fb87863d31c768b30585d0bf10726589575a37d0efa89bdb8d74343ed8eef4f0,1,objects/fb87863d31c768b30585d0bf10726589575a37d0efa89bdb8d74343ed8eef4f0
CCIM/ccim/eim/rules.py,ccim,ccim/eim/rules.py,4986,576e346a4d316146a8f76b9b06c8af677efc51dc7a0e92bc0e64d37f39b48557,1,objects/576e346a4d316146a8f76b9b06c8af677efc51dc7a0e92bc0e64d37f39b48557
CCIM/ccim/eim/states.py,ccim,ccim/eim/states.py,9195,aedaa5631425bd739ffbd691506bca3bc8c20ad22aeb251337f48bc5845a29d2,1,objects/aedaa5631425bd739ffbd691506bca3bc8c20ad22aeb251337f48bc5845a29d2
CCIM/ccim/lazy_candidates.py,ccim,ccim/lazy_candidates.py,3671,52a5a7e477b8406aa38420bfa4534c093ffe576890a3e2a20541aeb378b1669a,1,objects/52a5a7e477b8406aa38420bfa4534c093ffe576890a3e2a20541aeb378b1669a
CCIM/ccim/learned_rank.py,ccim,ccim/learned_rank.py,16380,d49b838df0c5844aa6facaee8c0255c914147bdc1b46c4ef92a32dfe70cfbe65,1,objects/d49b838df0c5844aa6facaee8c0255c914147bdc1b46c4ef92a32dfe70cfbe65
CCIM/ccim/model.py,ccim,ccim/model.py,7061,9388d788ac0319dc70e7ffa4de145d8be36ce7c742504f4c66ddcd1547b56eb0,1,objects/9388d788ac0319dc70e7ffa4de145d8be36ce7c742504f4c66ddcd1547b56eb0
CCIM/ccim/scan_order.py,ccim,ccim/scan_order.py,16654,4bd0c5fe17cef5cdbe2ba90c4052f3f5cce6251ab9f9cbaf3984fc5e2c2abf74,1,objects/4bd0c5fe17cef5cdbe2ba90c4052f3f5cce6251ab9f9cbaf3984fc5e2c2abf74
CCIM/ccim/search.py,ccim,ccim/search.py,6980,50f9fb79813aa6804e98480eb0a1fdf709ec9ca1a5caf43dc54ab643bb51d9f4,1,objects/50f9fb79813aa6804e98480eb0a1fdf709ec9ca1a5caf43dc54ab643bb51d9f4
CCIM/ccim/shaping.py,ccim,ccim/shaping.py,13920,6a1b16a6b13b91f8b96bca9bc785329de95f4e1063f5d3aca624827ea4547903,1,objects/6a1b16a6b13b91f8b96bca9bc785329de95f4e1063f5d3aca624827ea4547903
CCIM/ccim/swap_features.py,ccim,ccim/swap_features.py,3754,8f640e89b1c5fdfb52c30a9871bd2f81ce550b5687a6e13a3ff7d9e97b787718,1,objects/8f640e89b1c5fdfb52c30a9871bd2f81ce550b5687a6e13a3ff7d9e97b787718
CCIM/ccim/xplore/__init__.py,ccim,ccim/xplore/__init__.py,1665,8178bc24e0802a98af7fbe7e81cffd7bae2310024cc534c05c6203c961b8e431,1,objects/8178bc24e0802a98af7fbe7e81cffd7bae2310024cc534c05c6203c961b8e431
CCIM/ccim/xplore/deepwalk_torch.py,ccim,ccim/xplore/deepwalk_torch.py,5965,dcb62ebb32e53cc70447c5f5cdff30cdb05ccde4e65b98f27311eed5e48d5584,1,objects/dcb62ebb32e53cc70447c5f5cdff30cdb05ccde4e65b98f27311eed5e48d5584
CCIM/ccim/xplore/dqn_batched.py,ccim,ccim/xplore/dqn_batched.py,9458,638d3c090c73572abb5813d9cc444841561f3127297fc79a11e4d36ee79df04f,1,objects/638d3c090c73572abb5813d9cc444841561f3127297fc79a11e4d36ee79df04f
CCIM/ccim/xplore/dqn_opt.py,ccim,ccim/xplore/dqn_opt.py,8036,b8f1c268754b6d6327c067af441405d5df319909c50ee1e0622f7d783b279b19,1,objects/b8f1c268754b6d6327c067af441405d5df319909c50ee1e0622f7d783b279b19
CCIM/ccim/xplore/env.py,ccim,ccim/xplore/env.py,9936,4b0f651246931944cdc7e05d069452d3bad492ae10780e6021d3f947e6505cd2,1,objects/4b0f651246931944cdc7e05d069452d3bad492ae10780e6021d3f947e6505cd2
CCIM/ccim/xplore/icm.py,ccim,ccim/xplore/icm.py,8175,8ae16f261b66d3f808f9cd331ed6a193f4dd8707cec4eb866f09769c6917a438,1,objects/8ae16f261b66d3f808f9cd331ed6a193f4dd8707cec4eb866f09769c6917a438
CCIM/ccim/xplore/learner.py,ccim,ccim/xplore/learner.py,10137,02d80d4656de8833b06ad425a77a2928a4a196379f1fac5c1d06e5845013b36b,1,objects/02d80d4656de8833b06ad425a77a2928a4a196379f1fac5c1d06e5845013b36b
CCIM/ccim/xplore/progress.py,ccim,ccim/xplore/progress.py,4837,7d9bd41b7aafc9e7311484658451071190fde0823a844a87033f81a1f97cd068,1,objects/7d9bd41b7aafc9e7311484658451071190fde0823a844a87033f81a1f97cd068
CCIM/results/attribute_voi/confirmation/state_000.json,ccim,results/attribute_voi/confirmation/state_000.json,2736,a61a4d0571499ce43053d74de13f37690816177db8d0b7e81221df526dc11a30,1,objects/a61a4d0571499ce43053d74de13f37690816177db8d0b7e81221df526dc11a30
CCIM/results/attribute_voi/confirmation/state_001.json,ccim,results/attribute_voi/confirmation/state_001.json,2699,f9257425dce8c80c833b558cef72d050b8e82aa8e29725ea4c0a2e7224bc848c,1,objects/f9257425dce8c80c833b558cef72d050b8e82aa8e29725ea4c0a2e7224bc848c
CCIM/results/attribute_voi/confirmation/state_002.json,ccim,results/attribute_voi/confirmation/state_002.json,2715,c4bd78f104d21c185b96b850a9f669634c99833f39dc5d842f7bd2f64834f2b6,1,objects/c4bd78f104d21c185b96b850a9f669634c99833f39dc5d842f7bd2f64834f2b6
CCIM/results/attribute_voi/confirmation/state_003.json,ccim,results/attribute_voi/confirmation/state_003.json,2690,69181cddf7b2c644f877e170080ca6fa6843c30ddba2db95ec0f8b06bf7cc95b,1,objects/69181cddf7b2c644f877e170080ca6fa6843c30ddba2db95ec0f8b06bf7cc95b
CCIM/results/attribute_voi/confirmation/state_004.json,ccim,results/attribute_voi/confirmation/state_004.json,2733,da9da2335952d22074c867f27ec6d1ee31222579fafc19d31b6c94810ca1780a,1,objects/da9da2335952d22074c867f27ec6d1ee31222579fafc19d31b6c94810ca1780a
CCIM/results/attribute_voi/confirmation/state_005.json,ccim,results/attribute_voi/confirmation/state_005.json,2745,8bc6b5f6398d1e8b117ec85f120442614f6e692f0c1785a42e7a4d48057a061c,1,objects/8bc6b5f6398d1e8b117ec85f120442614f6e692f0c1785a42e7a4d48057a061c
CCIM/results/attribute_voi/confirmation/state_006.json,ccim,results/attribute_voi/confirmation/state_006.json,2716,966d6244f5f120c521bc05a2e3e5171450b22f676f5f82e9950ed03f54025488,1,objects/966d6244f5f120c521bc05a2e3e5171450b22f676f5f82e9950ed03f54025488
CCIM/results/attribute_voi/confirmation/state_007.json,ccim,results/attribute_voi/confirmation/state_007.json,2744,860416331dd7f0e37150a4557646f1890ff77882ac5481e68b15a67ddb6fb3e9,1,objects/860416331dd7f0e37150a4557646f1890ff77882ac5481e68b15a67ddb6fb3e9
CCIM/results/attribute_voi/confirmation/state_008.json,ccim,results/attribute_voi/confirmation/state_008.json,2747,bf7d1fcd6b629049248ba9f334f6cc794f28d7e58d970e4a618047a73ce7b466,1,objects/bf7d1fcd6b629049248ba9f334f6cc794f28d7e58d970e4a618047a73ce7b466
CCIM/results/attribute_voi/confirmation/state_009.json,ccim,results/attribute_voi/confirmation/state_009.json,2734,0d8173cb70cfca8e40574c62be908cd509f1b09cd0725dfc10e1dd9bf83484f5,1,objects/0d8173cb70cfca8e40574c62be908cd509f1b09cd0725dfc10e1dd9bf83484f5
CCIM/results/attribute_voi/confirmation/state_010.json,ccim,results/attribute_voi/confirmation/state_010.json,2700,aef6780e1ea490f7e038f5ec6eeb942b82f0a466431f98e29cc29c50607d7b8a,1,objects/aef6780e1ea490f7e038f5ec6eeb942b82f0a466431f98e29cc29c50607d7b8a
CCIM/results/attribute_voi/confirmation/state_011.json,ccim,results/attribute_voi/confirmation/state_011.json,2717,5204c473920590c2578cb1607168d31f86ed5fa67393caa9e39f8970de98b903,1,objects/5204c473920590c2578cb1607168d31f86ed5fa67393caa9e39f8970de98b903
CCIM/results/attribute_voi/confirmation/state_012.json,ccim,results/attribute_voi/confirmation/state_012.json,2734,a2f546571d0e5a74b23a60addbfa4356af19abd84a190d461471b8a51dda962e,1,objects/a2f546571d0e5a74b23a60addbfa4356af19abd84a190d461471b8a51dda962e
CCIM/results/attribute_voi/confirmation/state_013.json,ccim,results/attribute_voi/confirmation/state_013.json,2744,0011321b5fb9d77a9e79d0dd67020711edf3669609525ebcc6e322e9a991e677,1,objects/0011321b5fb9d77a9e79d0dd67020711edf3669609525ebcc6e322e9a991e677
CCIM/results/attribute_voi/confirmation/state_014.json,ccim,results/attribute_voi/confirmation/state_014.json,2743,b0a9329818eb0658353ab1d4cd566eb38c9782aac3e73fefa4cb1b57b6c48b6e,1,objects/b0a9329818eb0658353ab1d4cd566eb38c9782aac3e73fefa4cb1b57b6c48b6e
CCIM/results/attribute_voi/confirmation/state_015.json,ccim,results/attribute_voi/confirmation/state_015.json,2745,38069decdab1272ac7ef7b1779ebf16796f5252df2a1b2c8e535a2efa16d43c5,1,objects/38069decdab1272ac7ef7b1779ebf16796f5252df2a1b2c8e535a2efa16d43c5
CCIM/results/attribute_voi/confirmation/state_016.json,ccim,results/attribute_voi/confirmation/state_016.json,2736,2ef03c16f339566cfa1a99d62a432297e335388385ca0d0a0837a773b2c95896,1,objects/2ef03c16f339566cfa1a99d62a432297e335388385ca0d0a0837a773b2c95896
CCIM/results/attribute_voi/confirmation/state_017.json,ccim,results/attribute_voi/confirmation/state_017.json,2758,537347db2bbba6cd318254dd29726a085f8212af3b337634f02e5fab040c7b67,1,objects/537347db2bbba6cd318254dd29726a085f8212af3b337634f02e5fab040c7b67
CCIM/results/attribute_voi/confirmation/state_018.json,ccim,results/attribute_voi/confirmation/state_018.json,2736,03c219d9d71115bbadd248a29d0450564f7b52a68abaaa910661153c9132eed1,1,objects/03c219d9d71115bbadd248a29d0450564f7b52a68abaaa910661153c9132eed1
CCIM/results/attribute_voi/confirmation/state_019.json,ccim,results/attribute_voi/confirmation/state_019.json,2725,c9e2d315629877e708d1fa346aac5070063e47fd0fe264061dd36e342e2e3b44,1,objects/c9e2d315629877e708d1fa346aac5070063e47fd0fe264061dd36e342e2e3b44
CCIM/results/attribute_voi/confirmation/state_020.json,ccim,results/attribute_voi/confirmation/state_020.json,2741,de3fd2b5249717f6f246fda0c9d2ce5663cb066403b88c08252e933d0d887f8a,1,objects/de3fd2b5249717f6f246fda0c9d2ce5663cb066403b88c08252e933d0d887f8a
CCIM/results/attribute_voi/confirmation/state_021.json,ccim,results/attribute_voi/confirmation/state_021.json,2728,dc8953088c409d641a38869a187e0396961e425e2cd022da18b0d5ef11717a03,1,objects/dc8953088c409d641a38869a187e0396961e425e2cd022da18b0d5ef11717a03
CCIM/results/attribute_voi/confirmation/state_022.json,ccim,results/attribute_voi/confirmation/state_022.json,2745,427c0f0237fbc91c76dfdff2e48afb5f51fa04de3fa1708d1d718053246165c2,1,objects/427c0f0237fbc91c76dfdff2e48afb5f51fa04de3fa1708d1d718053246165c2
CCIM/results/attribute_voi/confirmation/state_023.json,ccim,results/attribute_voi/confirmation/state_023.json,2729,8419abab30123f1b638e11784484391815380379764e7b13e034d53c225c2829,1,objects/8419abab30123f1b638e11784484391815380379764e7b13e034d53c225c2829
CCIM/results/attribute_voi/confirmation/state_024.json,ccim,results/attribute_voi/confirmation/state_024.json,2742,e766032ea0f8d056bd3c56f9a15a34c130dd1723462dda107c5a9143de1ecb42,1,objects/e766032ea0f8d056bd3c56f9a15a34c130dd1723462dda107c5a9143de1ecb42
CCIM/results/attribute_voi/confirmation/state_025.json,ccim,results/attribute_voi/confirmation/state_025.json,2717,6270c778de3456cafd111c5265134082516201a347cffbf9ae54f0cbaaa66ebf,1,objects/6270c778de3456cafd111c5265134082516201a347cffbf9ae54f0cbaaa66ebf
CCIM/results/attribute_voi/confirmation/state_026.json,ccim,results/attribute_voi/confirmation/state_026.json,2728,8d73dfc3876c3638af2decbfd0d2daeef2aebe2a3cf60e08ea39c823b37f9077,1,objects/8d73dfc3876c3638af2decbfd0d2daeef2aebe2a3cf60e08ea39c823b37f9077
CCIM/results/attribute_voi/confirmation/state_027.json,ccim,results/attribute_voi/confirmation/state_027.json,2738,64d4bd7986ced6777bd6804ba9ae4e22cd0047f324721d2d1b0bfe657ff4339d,1,objects/64d4bd7986ced6777bd6804ba9ae4e22cd0047f324721d2d1b0bfe657ff4339d
CCIM/results/attribute_voi/confirmation/state_028.json,ccim,results/attribute_voi/confirmation/state_028.json,2717,9e222a4ac4910f4f9cb9d3feffad1a0d3b7d7d112bef9f92d07e15f65cc50e04,1,objects/9e222a4ac4910f4f9cb9d3feffad1a0d3b7d7d112bef9f92d07e15f65cc50e04
CCIM/results/attribute_voi/confirmation/state_029.json,ccim,results/attribute_voi/confirmation/state_029.json,2742,7cddc1baabdb0f84bd3ad458f45a16a3c34c4d87b1f559db0328ba425f1ed546,1,objects/7cddc1baabdb0f84bd3ad458f45a16a3c34c4d87b1f559db0328ba425f1ed546
CCIM/results/attribute_voi/confirmation/state_030.json,ccim,results/attribute_voi/confirmation/state_030.json,2696,3ec1272e2d784389e3304b1e879df6572e6f8fdef3e6ffd2498726cfa3202ecc,1,objects/3ec1272e2d784389e3304b1e879df6572e6f8fdef3e6ffd2498726cfa3202ecc
CCIM/results/attribute_voi/confirmation/state_031.json,ccim,results/attribute_voi/confirmation/state_031.json,2712,badef20f0447401a4f14f03c240e2ed17a70ab8d3c6620d84421934b5e8328b1,1,objects/badef20f0447401a4f14f03c240e2ed17a70ab8d3c6620d84421934b5e8328b1
CCIM/results/attribute_voi/confirmation/state_032.json,ccim,results/attribute_voi/confirmation/state_032.json,2727,54e6a775b91bb7b1a6426b1be4305d7d31659ec1e9596c3e8c5ed5ebc2f2775d,1,objects/54e6a775b91bb7b1a6426b1be4305d7d31659ec1e9596c3e8c5ed5ebc2f2775d
CCIM/results/attribute_voi/confirmation/state_033.json,ccim,results/attribute_voi/confirmation/state_033.json,2723,06394b742c306b71e5b8556e7cf3f9087dec520862bf8669e307717d11e5221e,1,objects/06394b742c306b71e5b8556e7cf3f9087dec520862bf8669e307717d11e5221e
CCIM/results/attribute_voi/confirmation/state_034.json,ccim,results/attribute_voi/confirmation/state_034.json,2715,2b88ab781f23c80021e3b556941b6b8854132c652493a70bdd7133271d92c9e5,1,objects/2b88ab781f23c80021e3b556941b6b8854132c652493a70bdd7133271d92c9e5
CCIM/results/attribute_voi/confirmation/state_035.json,ccim,results/attribute_voi/confirmation/state_035.json,2736,1a86ec967bf9187cb5f274652ae1a817707a7de224a27a5556d9afa22e5182fb,1,objects/1a86ec967bf9187cb5f274652ae1a817707a7de224a27a5556d9afa22e5182fb
CCIM/results/attribute_voi/confirmation/state_036.json,ccim,results/attribute_voi/confirmation/state_036.json,2695,b2a0e7385be2f4ffc763f9e568e2630c341b26f005c6bb884e7e0a097cda83e7,1,objects/b2a0e7385be2f4ffc763f9e568e2630c341b26f005c6bb884e7e0a097cda83e7
CCIM/results/attribute_voi/confirmation/state_037.json,ccim,results/attribute_voi/confirmation/state_037.json,2713,956daa24ea9448cbce38590dab7bfa88f3a1b188c78e34edaa7aec40e6b6a387,1,objects/956daa24ea9448cbce38590dab7bfa88f3a1b188c78e34edaa7aec40e6b6a387
CCIM/results/attribute_voi/confirmation/state_038.json,ccim,results/attribute_voi/confirmation/state_038.json,2754,63beea9ae4a409f662ef9c293e110731ca7c73161445fcfc501da093c6ae2052,1,objects/63beea9ae4a409f662ef9c293e110731ca7c73161445fcfc501da093c6ae2052
CCIM/results/attribute_voi/confirmation/state_039.json,ccim,results/attribute_voi/confirmation/state_039.json,2738,7dcebb49b5235a078389f76c2d5e7853631f250b593bc7f17851720e786576d4,1,objects/7dcebb49b5235a078389f76c2d5e7853631f250b593bc7f17851720e786576d4
CCIM/results/attribute_voi/confirmation/state_040.json,ccim,results/attribute_voi/confirmation/state_040.json,2743,e0ceffc31ebfcc6388ad69b220cdae5225a46b42d53e22149694d9183a6efe89,1,objects/e0ceffc31ebfcc6388ad69b220cdae5225a46b42d53e22149694d9183a6efe89
CCIM/results/attribute_voi/confirmation/state_041.json,ccim,results/attribute_voi/confirmation/state_041.json,2724,5a2ff285d625315ae2540041eda0c32a34e5572f8b3b5878656a5e818915f154,1,objects/5a2ff285d625315ae2540041eda0c32a34e5572f8b3b5878656a5e818915f154
CCIM/results/attribute_voi/confirmation/state_042.json,ccim,results/attribute_voi/confirmation/state_042.json,2746,e00dbb4194945275aca87a57a926a76c77025ec5c05c50236d087d6f565cd567,1,objects/e00dbb4194945275aca87a57a926a76c77025ec5c05c50236d087d6f565cd567
CCIM/results/attribute_voi/confirmation/state_043.json,ccim,results/attribute_voi/confirmation/state_043.json,2736,1b76ce763da71facab32566bcdbd5fa10a0eb134e57629c3dfe0664036331a4d,1,objects/1b76ce763da71facab32566bcdbd5fa10a0eb134e57629c3dfe0664036331a4d
CCIM/results/attribute_voi/confirmation/state_044.json,ccim,results/attribute_voi/confirmation/state_044.json,2703,848764f2d85f4d1ef025d44459dd51d151c9c91fe15670b538b37c18af65d785,1,objects/848764f2d85f4d1ef025d44459dd51d151c9c91fe15670b538b37c18af65d785
CCIM/results/attribute_voi/confirmation/state_045.json,ccim,results/attribute_voi/confirmation/state_045.json,2763,32bcec2c61726d3bcecf7fb017a811a76b3561a779727b1e6345032362a7fe01,1,objects/32bcec2c61726d3bcecf7fb017a811a76b3561a779727b1e6345032362a7fe01
CCIM/results/attribute_voi/confirmation/state_046.json,ccim,results/attribute_voi/confirmation/state_046.json,2722,d4ebc1d191688811ad144ec1e25889454b3ad3608cd854fa233c43da8d0908de,1,objects/d4ebc1d191688811ad144ec1e25889454b3ad3608cd854fa233c43da8d0908de
CCIM/results/attribute_voi/confirmation/state_047.json,ccim,results/attribute_voi/confirmation/state_047.json,2756,6b76bc3d7d1b82741556096e047f55168b2ca92f5274bd2fe7744c17bc5e1d03,1,objects/6b76bc3d7d1b82741556096e047f55168b2ca92f5274bd2fe7744c17bc5e1d03
CCIM/results/attribute_voi/confirmation/state_048.json,ccim,results/attribute_voi/confirmation/state_048.json,2730,539c77fddb6aa269f089a31ce052fb47027c7c3f138cc8ba4641f5301139540e,1,objects/539c77fddb6aa269f089a31ce052fb47027c7c3f138cc8ba4641f5301139540e
CCIM/results/attribute_voi/confirmation/state_049.json,ccim,results/attribute_voi/confirmation/state_049.json,2707,e429ad9c486bf6a6c5bd8dc622081752828e30e2affa93f9cd0561931918d3d6,1,objects/e429ad9c486bf6a6c5bd8dc622081752828e30e2affa93f9cd0561931918d3d6
CCIM/results/attribute_voi/confirmation/state_050.json,ccim,results/attribute_voi/confirmation/state_050.json,2698,d6ecfc9d7e42e4872e6ebd30969cc19b1163dbadafafb6629bace09652c8dad4,1,objects/d6ecfc9d7e42e4872e6ebd30969cc19b1163dbadafafb6629bace09652c8dad4
CCIM/results/attribute_voi/confirmation/state_051.json,ccim,results/attribute_voi/confirmation/state_051.json,2729,bf5797b23e3e2aa322514334f3ebf1e3ef21797837008eb7004955d7e4933a24,1,objects/bf5797b23e3e2aa322514334f3ebf1e3ef21797837008eb7004955d7e4933a24
CCIM/results/attribute_voi/confirmation/state_052.json,ccim,results/attribute_voi/confirmation/state_052.json,2701,5ddc4fc8eb85a6aca0c8a3e755c6a2b106a1f8e2584445834753efca8b2e6316,1,objects/5ddc4fc8eb85a6aca0c8a3e755c6a2b106a1f8e2584445834753efca8b2e6316
CCIM/results/attribute_voi/confirmation/state_053.json,ccim,results/attribute_voi/confirmation/state_053.json,2724,feaf29e77038b02b7bbdb6562341f760b91433550eff6c053cdf0689353f297e,1,objects/feaf29e77038b02b7bbdb6562341f760b91433550eff6c053cdf0689353f297e
CCIM/results/attribute_voi/confirmation/state_054.json,ccim,results/attribute_voi/confirmation/state_054.json,2736,6ce617d2dec58888657800153c90489f245720eda04067b2c0f92bcc58882f3c,1,objects/6ce617d2dec58888657800153c90489f245720eda04067b2c0f92bcc58882f3c
CCIM/results/attribute_voi/confirmation/state_055.json,ccim,results/attribute_voi/confirmation/state_055.json,2732,e5f415b8f02130feb9bd2f2754bd7bf6df24c396d775dbd112d086633c6eba65,1,objects/e5f415b8f02130feb9bd2f2754bd7bf6df24c396d775dbd112d086633c6eba65
CCIM/results/attribute_voi/confirmation/state_056.json,ccim,results/attribute_voi/confirmation/state_056.json,2735,104adcdf7076b2f744dbb44bead1c08a76ed90d76e7925f04c551fcce2f0d6cd,1,objects/104adcdf7076b2f744dbb44bead1c08a76ed90d76e7925f04c551fcce2f0d6cd
CCIM/results/attribute_voi/confirmation/state_057.json,ccim,results/attribute_voi/confirmation/state_057.json,2725,70edb3dc938cbfdd248b5393ba2fe5bcf17b545d12a57be372271c2246c1e0b5,1,objects/70edb3dc938cbfdd248b5393ba2fe5bcf17b545d12a57be372271c2246c1e0b5
CCIM/results/attribute_voi/confirmation/state_058.json,ccim,results/attribute_voi/confirmation/state_058.json,2736,3ce1212aa8ef010110088c133278e683ae6cc02b1f7c56fb5e3ce1c080fe4c9d,1,objects/3ce1212aa8ef010110088c133278e683ae6cc02b1f7c56fb5e3ce1c080fe4c9d
CCIM/results/attribute_voi/confirmation/state_059.json,ccim,results/attribute_voi/confirmation/state_059.json,2723,03c0f983925b318adbec952d0b837230584b03c0521f168b180ccd4112465dc8,1,objects/03c0f983925b318adbec952d0b837230584b03c0521f168b180ccd4112465dc8
CCIM/results/attribute_voi/confirmation/state_060.json,ccim,results/attribute_voi/confirmation/state_060.json,2728,f6658d61601f4200d94da51966dd0a279b10881bd5e6cd31487a1241710dd3c7,1,objects/f6658d61601f4200d94da51966dd0a279b10881bd5e6cd31487a1241710dd3c7
CCIM/results/attribute_voi/confirmation/state_061.json,ccim,results/attribute_voi/confirmation/state_061.json,2741,87e343dcca0965a64a8ade18bff5fcf8f7b2c96f61300ace55b46e65a23fb486,1,objects/87e343dcca0965a64a8ade18bff5fcf8f7b2c96f61300ace55b46e65a23fb486
CCIM/results/attribute_voi/confirmation/state_062.json,ccim,results/attribute_voi/confirmation/state_062.json,2721,b4ef351f51dc7f39483511003b50188d0b5be58f5f9a8ff611d5d50d372d975d,1,objects/b4ef351f51dc7f39483511003b50188d0b5be58f5f9a8ff611d5d50d372d975d
CCIM/results/attribute_voi/confirmation/state_063.json,ccim,results/attribute_voi/confirmation/state_063.json,2703,bd86af7f0ad6f601a863b5557f2b184dbebb0ebcbcf360f845f55a359b670034,1,objects/bd86af7f0ad6f601a863b5557f2b184dbebb0ebcbcf360f845f55a359b670034
CCIM/results/attribute_voi/confirmation/state_064.json,ccim,results/attribute_voi/confirmation/state_064.json,2734,e251dd5144b4586f7ecca9506498ff2514b4a6fdd5034fba48a7d69e114bc744,1,objects/e251dd5144b4586f7ecca9506498ff2514b4a6fdd5034fba48a7d69e114bc744
CCIM/results/attribute_voi/confirmation/state_065.json,ccim,results/attribute_voi/confirmation/state_065.json,2731,19131bc79871e0953de699bc00ea9212b445ce742c4a96ede3a197d9568969d8,1,objects/19131bc79871e0953de699bc00ea9212b445ce742c4a96ede3a197d9568969d8
CCIM/results/attribute_voi/confirmation/state_066.json,ccim,results/attribute_voi/confirmation/state_066.json,2718,b246b560b310c294593bbdc11fc70c96b7979906957d90fab3c4649f1ad2ef96,1,objects/b246b560b310c294593bbdc11fc70c96b7979906957d90fab3c4649f1ad2ef96
CCIM/results/attribute_voi/confirmation/state_067.json,ccim,results/attribute_voi/confirmation/state_067.json,2727,0b8907b1d72a26b6d8fee6019fe8e8120bc9a7235fbba8c26ae356a5c4b29100,1,objects/0b8907b1d72a26b6d8fee6019fe8e8120bc9a7235fbba8c26ae356a5c4b29100
CCIM/results/attribute_voi/confirmation/state_068.json,ccim,results/attribute_voi/confirmation/state_068.json,2726,a4ad21fe8ec86d455d0ce72a6db77e71afd520cedfeeaf569761fd3b55d250b4,1,objects/a4ad21fe8ec86d455d0ce72a6db77e71afd520cedfeeaf569761fd3b55d250b4
CCIM/results/attribute_voi/confirmation/state_069.json,ccim,results/attribute_voi/confirmation/state_069.json,2739,6f53d193c64235be4c6843438ebde0739e9ff6ccf942cb11e36f5316eb89d5b8,1,objects/6f53d193c64235be4c6843438ebde0739e9ff6ccf942cb11e36f5316eb89d5b8
CCIM/results/attribute_voi/confirmation/state_070.json,ccim,results/attribute_voi/confirmation/state_070.json,2705,897e1ebbe843e48212ba76204f30b39044efb5131b8d1ae2f44e1748c63ad1e3,1,objects/897e1ebbe843e48212ba76204f30b39044efb5131b8d1ae2f44e1748c63ad1e3
CCIM/results/attribute_voi/confirmation/state_071.json,ccim,results/attribute_voi/confirmation/state_071.json,2739,3b5534a5b7903b4495e8b6e7e850ee61516b9358c6a8015fea8e5f711fe1eb78,1,objects/3b5534a5b7903b4495e8b6e7e850ee61516b9358c6a8015fea8e5f711fe1eb78
CCIM/results/attribute_voi/confirmation/state_072.json,ccim,results/attribute_voi/confirmation/state_072.json,2714,37fbdd1eaaa5dd3a000d6dcff02e5ea8a61ab6cae1b0f03ce57d736a19cc1198,1,objects/37fbdd1eaaa5dd3a000d6dcff02e5ea8a61ab6cae1b0f03ce57d736a19cc1198
CCIM/results/attribute_voi/confirmation/state_073.json,ccim,results/attribute_voi/confirmation/state_073.json,2732,1551f1d09884ec5a8335c233cc7ce77dc5e1912111b42ecae27b77385e05512f,1,objects/1551f1d09884ec5a8335c233cc7ce77dc5e1912111b42ecae27b77385e05512f
CCIM/results/attribute_voi/confirmation/state_074.json,ccim,results/attribute_voi/confirmation/state_074.json,2716,010f7629204c5ed1120119be9b90a974c1812fc33a18bb1421fcb0d4c2a17aeb,1,objects/010f7629204c5ed1120119be9b90a974c1812fc33a18bb1421fcb0d4c2a17aeb
CCIM/results/attribute_voi/confirmation/state_075.json,ccim,results/attribute_voi/confirmation/state_075.json,2751,41e77098fd809ac0677d24b5a691b20b6cb37c5e0a1b826f679c92c418e2b1ee,1,objects/41e77098fd809ac0677d24b5a691b20b6cb37c5e0a1b826f679c92c418e2b1ee
CCIM/results/attribute_voi/confirmation/state_076.json,ccim,results/attribute_voi/confirmation/state_076.json,2743,da30b800f7e7aced409443ec1f5fa3c891bff429059ad8bf1a384024145c9d8a,1,objects/da30b800f7e7aced409443ec1f5fa3c891bff429059ad8bf1a384024145c9d8a
CCIM/results/attribute_voi/confirmation/state_077.json,ccim,results/attribute_voi/confirmation/state_077.json,2703,47ff944a406cef65a3cc53c26111e3873f097ef07afd7c870d33cddc2c62266b,1,objects/47ff944a406cef65a3cc53c26111e3873f097ef07afd7c870d33cddc2c62266b
CCIM/results/attribute_voi/confirmation/state_078.json,ccim,results/attribute_voi/confirmation/state_078.json,2736,59b2e4af40f7875d8a1a1bc4e5de4e81eb4629209efc8ddb4499265bb9cc14e5,1,objects/59b2e4af40f7875d8a1a1bc4e5de4e81eb4629209efc8ddb4499265bb9cc14e5
CCIM/results/attribute_voi/confirmation/state_079.json,ccim,results/attribute_voi/confirmation/state_079.json,2757,83a4d921ef8bf47bcd590f6c2c9160ec05f4660cf898819f63e07dc6eecdbbfe,1,objects/83a4d921ef8bf47bcd590f6c2c9160ec05f4660cf898819f63e07dc6eecdbbfe
CCIM/results/attribute_voi/development/state_000.json,ccim,results/attribute_voi/development/state_000.json,2695,4197eda840845b3e9187e8ef79ae3dc3bfb087bc55d1e860479d68bfa489fc09,1,objects/4197eda840845b3e9187e8ef79ae3dc3bfb087bc55d1e860479d68bfa489fc09
CCIM/results/attribute_voi/development/state_001.json,ccim,results/attribute_voi/development/state_001.json,2739,ab3b8388bd3c8a318768f87ab30973a21e2ec652a6e57e84f29e19624495051e,1,objects/ab3b8388bd3c8a318768f87ab30973a21e2ec652a6e57e84f29e19624495051e
CCIM/results/attribute_voi/development/state_002.json,ccim,results/attribute_voi/development/state_002.json,2717,c2534aeef7596556668eb88a7886e86499acf1f1f68027c9ee26799e7c58765b,1,objects/c2534aeef7596556668eb88a7886e86499acf1f1f68027c9ee26799e7c58765b
CCIM/results/attribute_voi/development/state_003.json,ccim,results/attribute_voi/development/state_003.json,2726,fa66dff7a40114a7fc57cd9bc198849bcba4acac0b4588cc060fd26d2294a820,1,objects/fa66dff7a40114a7fc57cd9bc198849bcba4acac0b4588cc060fd26d2294a820
CCIM/results/attribute_voi/development/state_004.json,ccim,results/attribute_voi/development/state_004.json,2735,8b36fc88524723565070b5460305dda55f5ab31bfb23dd2674d630e184743171,1,objects/8b36fc88524723565070b5460305dda55f5ab31bfb23dd2674d630e184743171
CCIM/results/attribute_voi/development/state_005.json,ccim,results/attribute_voi/development/state_005.json,2739,0ececc25df90a4af45571cfeb4c426c45d717dbc9de4a9e8bfe8f6454c2a205f,1,objects/0ececc25df90a4af45571cfeb4c426c45d717dbc9de4a9e8bfe8f6454c2a205f
CCIM/results/attribute_voi/development/state_006.json,ccim,results/attribute_voi/development/state_006.json,2697,f777e8f4e7442d29afa3171474336747bdd95def5275502cbdf6c936a01c1be0,1,objects/f777e8f4e7442d29afa3171474336747bdd95def5275502cbdf6c936a01c1be0
CCIM/results/attribute_voi/development/state_007.json,ccim,results/attribute_voi/development/state_007.json,2688,24085c39d3e43df0fe11848c4f327877ecc110f1f5ad220ea09349821135fde6,1,objects/24085c39d3e43df0fe11848c4f327877ecc110f1f5ad220ea09349821135fde6
CCIM/results/attribute_voi/development/state_008.json,ccim,results/attribute_voi/development/state_008.json,2667,e7576eff086e4bfab60bde209c5ce94be8c4ae7f2e6f109c0b87aeb30ad4705e,1,objects/e7576eff086e4bfab60bde209c5ce94be8c4ae7f2e6f109c0b87aeb30ad4705e
CCIM/results/attribute_voi/development/state_009.json,ccim,results/attribute_voi/development/state_009.json,2730,6032453629a5d87062b8a8e49b9ae54087d627b3ecc2ceaa90eb04888408dbbf,1,objects/6032453629a5d87062b8a8e49b9ae54087d627b3ecc2ceaa90eb04888408dbbf
CCIM/results/attribute_voi/development/state_010.json,ccim,results/attribute_voi/development/state_010.json,2724,b27e8e63ad80a7469f9ebb268b3ed5342a0f343f6361038ffbb1c62d5034c5ca,1,objects/b27e8e63ad80a7469f9ebb268b3ed5342a0f343f6361038ffbb1c62d5034c5ca
CCIM/results/attribute_voi/development/state_011.json,ccim,results/attribute_voi/development/state_011.json,2689,f080edefe2b640c23784b06a3c0832d1bc03be04ce9e92fb9168250fb9cd03d1,1,objects/f080edefe2b640c23784b06a3c0832d1bc03be04ce9e92fb9168250fb9cd03d1
CCIM/results/attribute_voi/development/state_012.json,ccim,results/attribute_voi/development/state_012.json,2736,63b8410deee4a002aa469e8b45ec3cffa255721b69579301be4f725b6e417f9b,1,objects/63b8410deee4a002aa469e8b45ec3cffa255721b69579301be4f725b6e417f9b
CCIM/results/attribute_voi/development/state_013.json,ccim,results/attribute_voi/development/state_013.json,2716,1b9daa88ac71e19186f1a89ea666659453896546162e6aec0c36b04d44ddc7e0,1,objects/1b9daa88ac71e19186f1a89ea666659453896546162e6aec0c36b04d44ddc7e0
CCIM/results/attribute_voi/development/state_014.json,ccim,results/attribute_voi/development/state_014.json,2716,55a3a8d9727de4698bea9c30274137f81d235879901e8313fc0f2f3f3d7e241b,1,objects/55a3a8d9727de4698bea9c30274137f81d235879901e8313fc0f2f3f3d7e241b
CCIM/results/attribute_voi/development/state_015.json,ccim,results/attribute_voi/development/state_015.json,2722,8685c80ea596da45a21922dd4268e4c526f7d9bf0912873f5e26f04e659a0c56,1,objects/8685c80ea596da45a21922dd4268e4c526f7d9bf0912873f5e26f04e659a0c56
CCIM/results/attribute_voi/development/state_016.json,ccim,results/attribute_voi/development/state_016.json,2711,bd76ab9fc427dfa8a3552d47634d1dcbdced59d12921c301910977f284f66356,1,objects/bd76ab9fc427dfa8a3552d47634d1dcbdced59d12921c301910977f284f66356
CCIM/results/attribute_voi/development/state_017.json,ccim,results/attribute_voi/development/state_017.json,2759,f65edef0dd1270320a6bab69ab31a3280933960072f9d0f06721f51934ce0b9d,1,objects/f65edef0dd1270320a6bab69ab31a3280933960072f9d0f06721f51934ce0b9d
CCIM/results/attribute_voi/development/state_018.json,ccim,results/attribute_voi/development/state_018.json,2706,3798822f8799e4f6322805c11fad842125446ba0a87a707a05ce5e7ffb425527,1,objects/3798822f8799e4f6322805c11fad842125446ba0a87a707a05ce5e7ffb425527
CCIM/results/attribute_voi/development/state_019.json,ccim,results/attribute_voi/development/state_019.json,2715,7d1903030b0ea2754e3393ee1ebbc81422e98dcd0f1772f0e3fa1ac433ebbf73,1,objects/7d1903030b0ea2754e3393ee1ebbc81422e98dcd0f1772f0e3fa1ac433ebbf73
CCIM/results/attribute_voi/development_choice.json,ccim,results/attribute_voi/development_choice.json,447,9ea20e919d290dfd3a88b5872dc8eef3b18235dd4c8e48cc77bcc22bdd7d03b0,1,objects/9ea20e919d290dfd3a88b5872dc8eef3b18235dd4c8e48cc77bcc22bdd7d03b0
CCIM/results/attribute_voi/no_class/state_000.json,ccim,results/attribute_voi/no_class/state_000.json,485,3af074707b430e178ea11717bba60edb3e0cd981cf3a5210f341c58de4aa106a,1,objects/3af074707b430e178ea11717bba60edb3e0cd981cf3a5210f341c58de4aa106a
CCIM/results/attribute_voi/no_class/state_001.json,ccim,results/attribute_voi/no_class/state_001.json,477,e435c2324102534c25371af2b2b43351e1df9c188088d00867b37a92fb0e85f2,1,objects/e435c2324102534c25371af2b2b43351e1df9c188088d00867b37a92fb0e85f2
CCIM/results/attribute_voi/no_class/state_002.json,ccim,results/attribute_voi/no_class/state_002.json,473,a625e9d7fd32dd9b9dfa91268831a3a660f7d64055d9544d7994d7ff0e34927b,1,objects/a625e9d7fd32dd9b9dfa91268831a3a660f7d64055d9544d7994d7ff0e34927b
CCIM/results/attribute_voi/no_class/state_003.json,ccim,results/attribute_voi/no_class/state_003.json,470,3ec345c049e425f8a469e9662301755af09c35061617bd14333374d775935f2e,1,objects/3ec345c049e425f8a469e9662301755af09c35061617bd14333374d775935f2e
CCIM/results/attribute_voi/no_class/state_004.json,ccim,results/attribute_voi/no_class/state_004.json,489,d402b0c604ab7bae3c6beb786aa0aec1d937561fd1f068975bc9c53166fed8d4,1,objects/d402b0c604ab7bae3c6beb786aa0aec1d937561fd1f068975bc9c53166fed8d4
CCIM/results/attribute_voi/no_class/state_005.json,ccim,results/attribute_voi/no_class/state_005.json,479,3e99511ce9ec3bc9dbb397ef6b8d33a02ab940d257ee25f4276aa25f758bedaa,1,objects/3e99511ce9ec3bc9dbb397ef6b8d33a02ab940d257ee25f4276aa25f758bedaa
CCIM/results/attribute_voi/no_class/state_006.json,ccim,results/attribute_voi/no_class/state_006.json,469,b7948e4de18111ab501acf9eac79c3fdbdc9720ab9d7d12b26338fa56082ed6b,1,objects/b7948e4de18111ab501acf9eac79c3fdbdc9720ab9d7d12b26338fa56082ed6b
CCIM/results/attribute_voi/no_class/state_007.json,ccim,results/attribute_voi/no_class/state_007.json,492,b0bb0474a33b84a51d27ffb966e5c8b8d65557fcfbe9750a9a9baf0102e5fb7a,1,objects/b0bb0474a33b84a51d27ffb966e5c8b8d65557fcfbe9750a9a9baf0102e5fb7a
CCIM/results/attribute_voi/no_class/state_008.json,ccim,results/attribute_voi/no_class/state_008.json,486,f300fb85febc8ae8c9c9b408e730849bf206d88ba22efa34fb9afeb057f4405a,1,objects/f300fb85febc8ae8c9c9b408e730849bf206d88ba22efa34fb9afeb057f4405a
CCIM/results/attribute_voi/no_class/state_009.json,ccim,results/attribute_voi/no_class/state_009.json,476,102741db7e9f39038f094382e3b060af9a725bb9bbfea9778f1294d46e141107,1,objects/102741db7e9f39038f094382e3b060af9a725bb9bbfea9778f1294d46e141107
CCIM/results/attribute_voi/no_class/state_010.json,ccim,results/attribute_voi/no_class/state_010.json,477,7f1525b261952c1440aa8bdb7437855abadcc229fa3ef6db4311c1fe56d22e6b,1,objects/7f1525b261952c1440aa8bdb7437855abadcc229fa3ef6db4311c1fe56d22e6b
CCIM/results/attribute_voi/no_class/state_011.json,ccim,results/attribute_voi/no_class/state_011.json,462,07b28fb6513e6e5d94d44781ab817931a6fcd4eed6fddfa91ae11cf4a6c4418e,1,objects/07b28fb6513e6e5d94d44781ab817931a6fcd4eed6fddfa91ae11cf4a6c4418e
CCIM/results/attribute_voi/no_class/state_012.json,ccim,results/attribute_voi/no_class/state_012.json,483,83f0618832b4bf40a97fc0f077a5043a5edbe95e937527d40c450d62387bb952,1,objects/83f0618832b4bf40a97fc0f077a5043a5edbe95e937527d40c450d62387bb952
CCIM/results/attribute_voi/no_class/state_013.json,ccim,results/attribute_voi/no_class/state_013.json,486,6804c124da9870c1d89825563214aea43c1f96416d786c3297e471dc909edb66,1,objects/6804c124da9870c1d89825563214aea43c1f96416d786c3297e471dc909edb66
CCIM/results/attribute_voi/no_class/state_014.json,ccim,results/attribute_voi/no_class/state_014.json,489,6abce402ea12b6584916eadd72d88429ea15716eeb4bd8e06dec6b1e17b07efe,1,objects/6abce402ea12b6584916eadd72d88429ea15716eeb4bd8e06dec6b1e17b07efe
CCIM/results/attribute_voi/no_class/state_015.json,ccim,results/attribute_voi/no_class/state_015.json,475,a0ec1e6fb1f2415e78b23d3a91dab39abcc88fc0594c489fad0ce017e5bed489,1,objects/a0ec1e6fb1f2415e78b23d3a91dab39abcc88fc0594c489fad0ce017e5bed489
CCIM/results/attribute_voi/no_class/state_016.json,ccim,results/attribute_voi/no_class/state_016.json,477,8ba6c657f053d52dfb02f9809397af2244c7972de8eeaa6a75c0e4ad7f86025a,1,objects/8ba6c657f053d52dfb02f9809397af2244c7972de8eeaa6a75c0e4ad7f86025a
CCIM/results/attribute_voi/no_class/state_017.json,ccim,results/attribute_voi/no_class/state_017.json,469,b947c0bf0c30191556c8ae8f7bf5724992d0a67da3a847cb6f6c1dd69baf09ab,1,objects/b947c0bf0c30191556c8ae8f7bf5724992d0a67da3a847cb6f6c1dd69baf09ab
CCIM/results/attribute_voi/no_class/state_018.json,ccim,results/attribute_voi/no_class/state_018.json,477,7ed17ce9b81132997f77a6eb3b77f452a5fd02e13fea5dc8ed3b7e95f6341ce2,1,objects/7ed17ce9b81132997f77a6eb3b77f452a5fd02e13fea5dc8ed3b7e95f6341ce2
CCIM/results/attribute_voi/no_class/state_019.json,ccim,results/attribute_voi/no_class/state_019.json,468,61bc9361c220602280c1bae45920aebcaaa62af55482b235070c5cee904456ca,1,objects/61bc9361c220602280c1bae45920aebcaaa62af55482b235070c5cee904456ca
CCIM/results/attribute_voi/no_class/state_020.json,ccim,results/attribute_voi/no_class/state_020.json,487,df0e064bf14e5ce96750c1dbb11b1b0aa9aff3f8a30637bd39f51bf28c853dba,1,objects/df0e064bf14e5ce96750c1dbb11b1b0aa9aff3f8a30637bd39f51bf28c853dba
CCIM/results/attribute_voi/no_class/state_021.json,ccim,results/attribute_voi/no_class/state_021.json,482,44815ccb221fd41e4be7f9f938f70db85ff9233e4e459cf15810879891ae1954,1,objects/44815ccb221fd41e4be7f9f938f70db85ff9233e4e459cf15810879891ae1954
CCIM/results/attribute_voi/no_class/state_022.json,ccim,results/attribute_voi/no_class/state_022.json,487,63786f2fa8d99bbf2aff5e56eff351c56bca8d6b43006772a5f46b15b42f62ce,1,objects/63786f2fa8d99bbf2aff5e56eff351c56bca8d6b43006772a5f46b15b42f62ce
CCIM/results/attribute_voi/no_class/state_023.json,ccim,results/attribute_voi/no_class/state_023.json,488,94688f730c2119fa7caf5eb72f3685f6f3f5fc762948075d262bdf266b623a80,1,objects/94688f730c2119fa7caf5eb72f3685f6f3f5fc762948075d262bdf266b623a80
CCIM/results/attribute_voi/no_class/state_024.json,ccim,results/attribute_voi/no_class/state_024.json,479,eb2e0a2382665cc07f130e14949d68ff7ca9056cfd4fe950361cc84167bdcd14,1,objects/eb2e0a2382665cc07f130e14949d68ff7ca9056cfd4fe950361cc84167bdcd14
CCIM/results/attribute_voi/no_class/state_025.json,ccim,results/attribute_voi/no_class/state_025.json,481,718993b3c91ba4bbda154161f1392029b38641b654689e0d3b32df492ae33983,1,objects/718993b3c91ba4bbda154161f1392029b38641b654689e0d3b32df492ae33983
CCIM/results/attribute_voi/no_class/state_026.json,ccim,results/attribute_voi/no_class/state_026.json,474,ef560af4f647418eb71fc29118974c9508108c7e423ead3bb9551766caf29403,1,objects/ef560af4f647418eb71fc29118974c9508108c7e423ead3bb9551766caf29403
CCIM/results/attribute_voi/no_class/state_027.json,ccim,results/attribute_voi/no_class/state_027.json,484,212990fbbfb562b0f6771f42751c7dd32bc696e527e882c514faa21b61e3926b,1,objects/212990fbbfb562b0f6771f42751c7dd32bc696e527e882c514faa21b61e3926b
CCIM/results/attribute_voi/no_class/state_028.json,ccim,results/attribute_voi/no_class/state_028.json,474,5e0643e08b6e0aba2ed01dfc2b1ac6aed240a7733a9aabd0930f15b00b50033a,1,objects/5e0643e08b6e0aba2ed01dfc2b1ac6aed240a7733a9aabd0930f15b00b50033a
CCIM/results/attribute_voi/no_class/state_029.json,ccim,results/attribute_voi/no_class/state_029.json,475,6a5b8c684043bf61ce4a7d29ef9fed64473153dab6976085e4851339fbf8e902,1,objects/6a5b8c684043bf61ce4a7d29ef9fed64473153dab6976085e4851339fbf8e902
CCIM/results/attribute_voi/no_class/state_030.json,ccim,results/attribute_voi/no_class/state_030.json,466,ef3e74c66a277003d749ab1dea292a0bdd622da4ca54203602de62fcd57c7373,1,objects/ef3e74c66a277003d749ab1dea292a0bdd622da4ca54203602de62fcd57c7373
CCIM/results/attribute_voi/no_class/state_031.json,ccim,results/attribute_voi/no_class/state_031.json,483,edd78fcdce2fd109e9e4fd692f610186757b4a1b12fd74b24ebaba58e352ec0c,1,objects/edd78fcdce2fd109e9e4fd692f610186757b4a1b12fd74b24ebaba58e352ec0c
CCIM/results/attribute_voi/no_class/state_032.json,ccim,results/attribute_voi/no_class/state_032.json,486,487a3207079ac9dc2eadf946b4c89101cdc031b2f7fdf2a6f706c37f3364505f,1,objects/487a3207079ac9dc2eadf946b4c89101cdc031b2f7fdf2a6f706c37f3364505f
CCIM/results/attribute_voi/no_class/state_033.json,ccim,results/attribute_voi/no_class/state_033.json,483,b6bd62a2de88e9586d0833b110ed5051eed401ebfcc582bc923ffbe33c47895c,1,objects/b6bd62a2de88e9586d0833b110ed5051eed401ebfcc582bc923ffbe33c47895c
CCIM/results/attribute_voi/no_class/state_034.json,ccim,results/attribute_voi/no_class/state_034.json,472,70be06dc1d0d810f8d771c0de343f3e2e8a9d859a2617c0dc8df74b463decd12,1,objects/70be06dc1d0d810f8d771c0de343f3e2e8a9d859a2617c0dc8df74b463decd12
CCIM/results/attribute_voi/no_class/state_035.json,ccim,results/attribute_voi/no_class/state_035.json,475,dc5206046ca102b74d7b24a26af8720ec5bbc90d9d927b55c3782e3c6091f2d7,1,objects/dc5206046ca102b74d7b24a26af8720ec5bbc90d9d927b55c3782e3c6091f2d7
CCIM/results/attribute_voi/no_class/state_036.json,ccim,results/attribute_voi/no_class/state_036.json,461,39ca8563e33075f7c6e17470ef2ad9a47d4a1ff37caa90d6aa9ff4c1c9887f6e,1,objects/39ca8563e33075f7c6e17470ef2ad9a47d4a1ff37caa90d6aa9ff4c1c9887f6e
CCIM/results/attribute_voi/no_class/state_037.json,ccim,results/attribute_voi/no_class/state_037.json,489,673dad9d883fa4279b3c4244b36932788d3f69154e72e14d06d75a1f1a81cf11,1,objects/673dad9d883fa4279b3c4244b36932788d3f69154e72e14d06d75a1f1a81cf11
CCIM/results/attribute_voi/no_class/state_038.json,ccim,results/attribute_voi/no_class/state_038.json,482,7df95a0f73c9c405c8b1ad721806b97cc96e4a401cbc3a4108b3fab67e266099,1,objects/7df95a0f73c9c405c8b1ad721806b97cc96e4a401cbc3a4108b3fab67e266099
CCIM/results/attribute_voi/no_class/state_039.json,ccim,results/attribute_voi/no_class/state_039.json,488,82cc833875c77a6e3cda821e825adb945eba561c63f81f5b567e1dde9551ebcb,1,objects/82cc833875c77a6e3cda821e825adb945eba561c63f81f5b567e1dde9551ebcb
CCIM/results/attribute_voi/no_class/state_040.json,ccim,results/attribute_voi/no_class/state_040.json,477,fe2efadc1f08be83791540111d465993bec3c503c4d56d268e0913dd2746595c,1,objects/fe2efadc1f08be83791540111d465993bec3c503c4d56d268e0913dd2746595c
CCIM/results/attribute_voi/no_class/state_041.json,ccim,results/attribute_voi/no_class/state_041.json,490,15ac05aab6e78303e1eee61293e9a856738082a3a9c3fff6ea28154135a7ae21,1,objects/15ac05aab6e78303e1eee61293e9a856738082a3a9c3fff6ea28154135a7ae21
CCIM/results/attribute_voi/no_class/state_042.json,ccim,results/attribute_voi/no_class/state_042.json,488,6b75a272116162ae2af724a7c5da3f0235a50edfa22137ef6797a0609dbba93a,1,objects/6b75a272116162ae2af724a7c5da3f0235a50edfa22137ef6797a0609dbba93a
CCIM/results/attribute_voi/no_class/state_043.json,ccim,results/attribute_voi/no_class/state_043.json,486,c4077fd167a740bbe9b12a9e589a9345b2c07d35fefa76ca557fac186d7a70f0,1,objects/c4077fd167a740bbe9b12a9e589a9345b2c07d35fefa76ca557fac186d7a70f0
CCIM/results/attribute_voi/no_class/state_044.json,ccim,results/attribute_voi/no_class/state_044.json,465,1c653b8f0dc3c677adb72db0cd47c4b11f5602fd2f2080d3cc27f0de185ed527,1,objects/1c653b8f0dc3c677adb72db0cd47c4b11f5602fd2f2080d3cc27f0de185ed527
CCIM/results/attribute_voi/no_class/state_045.json,ccim,results/attribute_voi/no_class/state_045.json,479,ec699e1c6d1069d3d27b3f1b86029470eb4589fd0e53bed274d32b1ea3fc7c42,1,objects/ec699e1c6d1069d3d27b3f1b86029470eb4589fd0e53bed274d32b1ea3fc7c42
CCIM/results/attribute_voi/no_class/state_046.json,ccim,results/attribute_voi/no_class/state_046.json,473,c7ea84826b5a5f9c86ab912891585fdb2b2d7e753f44eeb1d190eaa3a377656c,1,objects/c7ea84826b5a5f9c86ab912891585fdb2b2d7e753f44eeb1d190eaa3a377656c
CCIM/results/attribute_voi/no_class/state_047.json,ccim,results/attribute_voi/no_class/state_047.json,490,f54574d13a3ab6adfa8b2d233e993fd279995e49136b9c09a90669c3c8cfd6c6,1,objects/f54574d13a3ab6adfa8b2d233e993fd279995e49136b9c09a90669c3c8cfd6c6
CCIM/results/attribute_voi/no_class/state_048.json,ccim,results/attribute_voi/no_class/state_048.json,473,6d802376efeb561c71a351906361179c0cc7aaecc80418b151146d92f2b264aa,1,objects/6d802376efeb561c71a351906361179c0cc7aaecc80418b151146d92f2b264aa
CCIM/results/attribute_voi/no_class/state_049.json,ccim,results/attribute_voi/no_class/state_049.json,479,59415d34d0739cda669f5a93d12bb1e6911ba99558f32f8ca54049e0dd89b8fc,1,objects/59415d34d0739cda669f5a93d12bb1e6911ba99558f32f8ca54049e0dd89b8fc
CCIM/results/attribute_voi/no_class/state_050.json,ccim,results/attribute_voi/no_class/state_050.json,484,1360978e305d2673a2ead9ad37a4ad61a48bd6b5d2a45c19dee22d1fa8a72e5e,1,objects/1360978e305d2673a2ead9ad37a4ad61a48bd6b5d2a45c19dee22d1fa8a72e5e
CCIM/results/attribute_voi/no_class/state_051.json,ccim,results/attribute_voi/no_class/state_051.json,487,70d613459d57f273f30b03d811a3204496bd7c9e8e8b1d55c7918908d2eae4f7,1,objects/70d613459d57f273f30b03d811a3204496bd7c9e8e8b1d55c7918908d2eae4f7
CCIM/results/attribute_voi/no_class/state_052.json,ccim,results/attribute_voi/no_class/state_052.json,458,23faf1ffa8622de5b3da0e97525b87ff0590e33eaf4d5fb14080b6a2eb8b4a6f,1,objects/23faf1ffa8622de5b3da0e97525b87ff0590e33eaf4d5fb14080b6a2eb8b4a6f
CCIM/results/attribute_voi/no_class/state_053.json,ccim,results/attribute_voi/no_class/state_053.json,477,14202f3b3bdb0345cdad1966cda435ae22c8a9e9b3da760afac54c4dec34bed5,1,objects/14202f3b3bdb0345cdad1966cda435ae22c8a9e9b3da760afac54c4dec34bed5
CCIM/results/attribute_voi/no_class/state_054.json,ccim,results/attribute_voi/no_class/state_054.json,467,972918f901ff60c1ca7824e6b98c0751c88fa3ad18e77c747f9dafbc3d4cb8b7,1,objects/972918f901ff60c1ca7824e6b98c0751c88fa3ad18e77c747f9dafbc3d4cb8b7
CCIM/results/attribute_voi/no_class/state_055.json,ccim,results/attribute_voi/no_class/state_055.json,482,0e730ca30cbb277544df67e2e08fb100544497cb5e24f3970fe755d3fa8a620e,1,objects/0e730ca30cbb277544df67e2e08fb100544497cb5e24f3970fe755d3fa8a620e
CCIM/results/attribute_voi/no_class/state_056.json,ccim,results/attribute_voi/no_class/state_056.json,480,7fd5a857c80c32f8f2e8d661722ff770419d96d4e30e174b537fb973e23db967,1,objects/7fd5a857c80c32f8f2e8d661722ff770419d96d4e30e174b537fb973e23db967
CCIM/results/attribute_voi/no_class/state_057.json,ccim,results/attribute_voi/no_class/state_057.json,486,95b8b065625d587f3f458e7698827e83461a46e14dd4b6b22bdc0db59b51787b,1,objects/95b8b065625d587f3f458e7698827e83461a46e14dd4b6b22bdc0db59b51787b
CCIM/results/attribute_voi/no_class/state_058.json,ccim,results/attribute_voi/no_class/state_058.json,464,f7d50a745a8957f989fa7c748d487941bdde01bbe3b3faa608e57387868c363a,1,objects/f7d50a745a8957f989fa7c748d487941bdde01bbe3b3faa608e57387868c363a
CCIM/results/attribute_voi/no_class/state_059.json,ccim,results/attribute_voi/no_class/state_059.json,453,40074577a15589f50b36e2d2f2f5d84251742e1a6a2db5f1347a7bae81dd57ee,1,objects/40074577a15589f50b36e2d2f2f5d84251742e1a6a2db5f1347a7bae81dd57ee
CCIM/results/attribute_voi/no_class/state_060.json,ccim,results/attribute_voi/no_class/state_060.json,485,2c5c0592c78fca791cf9ddeb8d58d1f8f7025ecdaf3ea012c73d83cf4c9e9d60,1,objects/2c5c0592c78fca791cf9ddeb8d58d1f8f7025ecdaf3ea012c73d83cf4c9e9d60
CCIM/results/attribute_voi/no_class/state_061.json,ccim,results/attribute_voi/no_class/state_061.json,489,31cde82860b3c1981ac42e3d06de3af8f67f072d96594fb86de4a718ed170eb1,1,objects/31cde82860b3c1981ac42e3d06de3af8f67f072d96594fb86de4a718ed170eb1
CCIM/results/attribute_voi/no_class/state_062.json,ccim,results/attribute_voi/no_class/state_062.json,475,be9341de76abb71e8708b84396aec97f0ef44cfcb7daf15047446364cc744046,1,objects/be9341de76abb71e8708b84396aec97f0ef44cfcb7daf15047446364cc744046
CCIM/results/attribute_voi/no_class/state_063.json,ccim,results/attribute_voi/no_class/state_063.json,459,f056f99d9cbf52532708e8ceea7b555103d4faa3997347209f01348f523842dd,1,objects/f056f99d9cbf52532708e8ceea7b555103d4faa3997347209f01348f523842dd
CCIM/results/attribute_voi/no_class/state_064.json,ccim,results/attribute_voi/no_class/state_064.json,475,9c2d1d25675383b8cd1bd6c75056b96c86b615d623a7856ba7ec09220c5fdb76,1,objects/9c2d1d25675383b8cd1bd6c75056b96c86b615d623a7856ba7ec09220c5fdb76
CCIM/results/attribute_voi/no_class/state_065.json,ccim,results/attribute_voi/no_class/state_065.json,481,72ed2a9273ae48e7fe095b6a98b88005cb22d84b761895eaddee85960b3f0252,1,objects/72ed2a9273ae48e7fe095b6a98b88005cb22d84b761895eaddee85960b3f0252
CCIM/results/attribute_voi/no_class/state_066.json,ccim,results/attribute_voi/no_class/state_066.json,474,6a49e0eac63da16c6d3e22eeb4d48e349a158eaf83afc6db9f528977461257d1,1,objects/6a49e0eac63da16c6d3e22eeb4d48e349a158eaf83afc6db9f528977461257d1
CCIM/results/attribute_voi/no_class/state_067.json,ccim,results/attribute_voi/no_class/state_067.json,474,7e446a200b4f118a03c27ea4a7755abeb5a60681a4f323bee21391472142082a,1,objects/7e446a200b4f118a03c27ea4a7755abeb5a60681a4f323bee21391472142082a
CCIM/results/attribute_voi/no_class/state_068.json,ccim,results/attribute_voi/no_class/state_068.json,483,a6c2d2b6371f546e9dbad2d3c546e0247e38451064bbabd7d1c1ed9e8559c48c,1,objects/a6c2d2b6371f546e9dbad2d3c546e0247e38451064bbabd7d1c1ed9e8559c48c
CCIM/results/attribute_voi/no_class/state_069.json,ccim,results/attribute_voi/no_class/state_069.json,483,12165ae37a53fe6b5faa8ecde6c07657c8c601dcc34ec6615ee47e630b8cd74b,1,objects/12165ae37a53fe6b5faa8ecde6c07657c8c601dcc34ec6615ee47e630b8cd74b
CCIM/results/attribute_voi/no_class/state_070.json,ccim,results/attribute_voi/no_class/state_070.json,462,f72c287a82b1f4a90029c074086da30f0b63de63d2268c711bf08aa124acfef7,1,objects/f72c287a82b1f4a90029c074086da30f0b63de63d2268c711bf08aa124acfef7
CCIM/results/attribute_voi/no_class/state_071.json,ccim,results/attribute_voi/no_class/state_071.json,472,2ffe372c2cbfd941823591ef6ec429d8254d42c5c1df758f21ac6b9f6fd48e2d,1,objects/2ffe372c2cbfd941823591ef6ec429d8254d42c5c1df758f21ac6b9f6fd48e2d
CCIM/results/attribute_voi/no_class/state_072.json,ccim,results/attribute_voi/no_class/state_072.json,486,dc3d313e1172a62ee2e5316c1c2f902d309541f2a9ed4c6ddba17b9172a1c805,1,objects/dc3d313e1172a62ee2e5316c1c2f902d309541f2a9ed4c6ddba17b9172a1c805
CCIM/results/attribute_voi/no_class/state_073.json,ccim,results/attribute_voi/no_class/state_073.json,490,575bfeea6a4e1149a835e72453dfb654cb53d27f20aa48f9e2a0acd1b6040b3b,1,objects/575bfeea6a4e1149a835e72453dfb654cb53d27f20aa48f9e2a0acd1b6040b3b
CCIM/results/attribute_voi/no_class/state_074.json,ccim,results/attribute_voi/no_class/state_074.json,474,d1ab6f9b2f3ce48b5fbfac5184567119a586ba6aa194542852fe0ab5299f5e99,1,objects/d1ab6f9b2f3ce48b5fbfac5184567119a586ba6aa194542852fe0ab5299f5e99
CCIM/results/attribute_voi/no_class/state_075.json,ccim,results/attribute_voi/no_class/state_075.json,473,306a00538152be0d951846fa273fa052ef7f7568ee41c93a68d9f39bba734780,1,objects/306a00538152be0d951846fa273fa052ef7f7568ee41c93a68d9f39bba734780
CCIM/results/attribute_voi/no_class/state_076.json,ccim,results/attribute_voi/no_class/state_076.json,474,b7b23c4b35a0502ee3eaad1b4f40ad870692f7114ae30aaf4ec023b68a901635,1,objects/b7b23c4b35a0502ee3eaad1b4f40ad870692f7114ae30aaf4ec023b68a901635
CCIM/results/attribute_voi/no_class/state_077.json,ccim,results/attribute_voi/no_class/state_077.json,484,c257c7e8ae08a35a1b7db66d40fd855a8a3ddfc4f8a377966b5aa4ff109a34a4,1,objects/c257c7e8ae08a35a1b7db66d40fd855a8a3ddfc4f8a377966b5aa4ff109a34a4
CCIM/results/attribute_voi/no_class/state_078.json,ccim,results/attribute_voi/no_class/state_078.json,485,8dbe10fe3f891c3bbbc5792e3e6e49802ad1c7f6daa590e23911930fe2a3b93e,1,objects/8dbe10fe3f891c3bbbc5792e3e6e49802ad1c7f6daa590e23911930fe2a3b93e
CCIM/results/attribute_voi/no_class/state_079.json,ccim,results/attribute_voi/no_class/state_079.json,480,57423ca2578a9a461f8c36473a83b3372f8e787839bed4f9f701240df436a763,1,objects/57423ca2578a9a461f8c36473a83b3372f8e787839bed4f9f701240df436a763
CCIM/results/attribute_voi/no_class_summary.json,ccim,results/attribute_voi/no_class_summary.json,596,6e66622c74ed606dcadf941a12f8214f3872b2e4a6f728db3f064c55a545c9b0,1,objects/6e66622c74ed606dcadf941a12f8214f3872b2e4a6f728db3f064c55a545c9b0
CCIM/results/attribute_voi/no_survey_summary.json,ccim,results/attribute_voi/no_survey_summary.json,657,2338dbfc8dcb6d9fe89fea4eaa7c3500df86ae58f7c7c4999aa5186fbfa57524,1,objects/2338dbfc8dcb6d9fe89fea4eaa7c3500df86ae58f7c7c4999aa5186fbfa57524
CCIM/results/attribute_voi/preflight_timing.json,ccim,results/attribute_voi/preflight_timing.json,242,00039661893d23c1c8851fbb6dfb879987c7944d6fe08049540166e6b732b217,1,objects/00039661893d23c1c8851fbb6dfb879987c7944d6fe08049540166e6b732b217
CCIM/results/attribute_voi/privileged/state_000.json,ccim,results/attribute_voi/privileged/state_000.json,261,adedab653c33923480d3f4d0c4fdfd27dbf9ca45a48d4bbec3a21dbc38bde14b,1,objects/adedab653c33923480d3f4d0c4fdfd27dbf9ca45a48d4bbec3a21dbc38bde14b
CCIM/results/attribute_voi/privileged/state_001.json,ccim,results/attribute_voi/privileged/state_001.json,227,f4a0f761ebb2b1ff7bd2e1dbff1b9b68c3965692c6450d6a4e4cb443408159ff,1,objects/f4a0f761ebb2b1ff7bd2e1dbff1b9b68c3965692c6450d6a4e4cb443408159ff
CCIM/results/attribute_voi/privileged/state_002.json,ccim,results/attribute_voi/privileged/state_002.json,263,e96a64e6f7eb3c303ec39321c58dd98ff99daee932079b6a0e45abde8acff70f,1,objects/e96a64e6f7eb3c303ec39321c58dd98ff99daee932079b6a0e45abde8acff70f
CCIM/results/attribute_voi/privileged/state_003.json,ccim,results/attribute_voi/privileged/state_003.json,229,5a00a724ab37ff83a042d04030edb5bf86305cada38065eca2e7c4372e8eb94d,1,objects/5a00a724ab37ff83a042d04030edb5bf86305cada38065eca2e7c4372e8eb94d
CCIM/results/attribute_voi/privileged/state_004.json,ccim,results/attribute_voi/privileged/state_004.json,263,c11e0cf15eb417466a9626e20dff32c1454b477f61c267d763d91d92c635b776,1,objects/c11e0cf15eb417466a9626e20dff32c1454b477f61c267d763d91d92c635b776
CCIM/results/attribute_voi/privileged/state_005.json,ccim,results/attribute_voi/privileged/state_005.json,259,e07fac30e3bef01ade6871fbf5cbbfd0295f1540f1b186bd99ece1f44ed5f698,1,objects/e07fac30e3bef01ade6871fbf5cbbfd0295f1540f1b186bd99ece1f44ed5f698
CCIM/results/attribute_voi/privileged/state_006.json,ccim,results/attribute_voi/privileged/state_006.json,239,6538e55fa1db7582dab6939f0dfc000acbce6ec84c1828635d820f79a056d6e6,1,objects/6538e55fa1db7582dab6939f0dfc000acbce6ec84c1828635d820f79a056d6e6
CCIM/results/attribute_voi/privileged/state_007.json,ccim,results/attribute_voi/privileged/state_007.json,262,6fdf28f45caf7c5f0991bb8a01a3730b3724ea076599e99e1c20512a63e9c104,1,objects/6fdf28f45caf7c5f0991bb8a01a3730b3724ea076599e99e1c20512a63e9c104
CCIM/results/attribute_voi/privileged/state_008.json,ccim,results/attribute_voi/privileged/state_008.json,252,a507f080ceb26e6ef28a6dc7d9157875e6966311ccaa23df364ca5121bf454e7,1,objects/a507f080ceb26e6ef28a6dc7d9157875e6966311ccaa23df364ca5121bf454e7
CCIM/results/attribute_voi/privileged/state_009.json,ccim,results/attribute_voi/privileged/state_009.json,247,a2ef167f8fa5b07793d758f227a5212e690ab55a83d7a2d35d1b94e152b188a2,1,objects/a2ef167f8fa5b07793d758f227a5212e690ab55a83d7a2d35d1b94e152b188a2
CCIM/results/attribute_voi/privileged/state_010.json,ccim,results/attribute_voi/privileged/state_010.json,238,cd21c374452e30be89c8f95598dc51ae7b821523dc99d03fda31985990c23b4a,1,objects/cd21c374452e30be89c8f95598dc51ae7b821523dc99d03fda31985990c23b4a
CCIM/results/attribute_voi/privileged/state_011.json,ccim,results/attribute_voi/privileged/state_011.json,227,c5c0d905090d10afe87110f40c730a99e857266eb5fbfe42b68cc9ff2e76f643,1,objects/c5c0d905090d10afe87110f40c730a99e857266eb5fbfe42b68cc9ff2e76f643
CCIM/results/attribute_voi/privileged/state_012.json,ccim,results/attribute_voi/privileged/state_012.json,241,bbd44cbec1785b5acee2b0ea5081e7643366e65e4f578097c669fb9ec5e28f84,1,objects/bbd44cbec1785b5acee2b0ea5081e7643366e65e4f578097c669fb9ec5e28f84
CCIM/results/attribute_voi/privileged/state_013.json,ccim,results/attribute_voi/privileged/state_013.json,250,429c2ac32fb426db5ecff3e5f8d58ede0e4be0546751b4a419d0ac10f60d432f,1,objects/429c2ac32fb426db5ecff3e5f8d58ede0e4be0546751b4a419d0ac10f60d432f
CCIM/results/attribute_voi/privileged/state_014.json,ccim,results/attribute_voi/privileged/state_014.json,262,7b423d3b5f46b0975dcb308bd925c5730dbf18f19991311e66a8ab9a9bbecebe,1,objects/7b423d3b5f46b0975dcb308bd925c5730dbf18f19991311e66a8ab9a9bbecebe
CCIM/results/attribute_voi/privileged/state_015.json,ccim,results/attribute_voi/privileged/state_015.json,241,af9b89e7b2309f1f6547755e98b3fa788ec032adff010056c5614a9780a91d16,1,objects/af9b89e7b2309f1f6547755e98b3fa788ec032adff010056c5614a9780a91d16
CCIM/results/attribute_voi/privileged/state_016.json,ccim,results/attribute_voi/privileged/state_016.json,237,d805be0c60ef1e4b934b57327daf1f2aed86f5bd70bcfe177fa3dc232e4bd81d,1,objects/d805be0c60ef1e4b934b57327daf1f2aed86f5bd70bcfe177fa3dc232e4bd81d
CCIM/results/attribute_voi/privileged/state_017.json,ccim,results/attribute_voi/privileged/state_017.json,261,f499b174774000f5b69347478a8826852b01192f868f3c5666e6986782726b84,1,objects/f499b174774000f5b69347478a8826852b01192f868f3c5666e6986782726b84
CCIM/results/attribute_voi/privileged/state_018.json,ccim,results/attribute_voi/privileged/state_018.json,252,c8cf5330344f2d9425bcd1323eab703455b3953ba6190ad8ab8119cda26f9e99,1,objects/c8cf5330344f2d9425bcd1323eab703455b3953ba6190ad8ab8119cda26f9e99
CCIM/results/attribute_voi/privileged/state_019.json,ccim,results/attribute_voi/privileged/state_019.json,250,92a11efedb8d7fb7942a2a81872e00b0dd948657030a34ced527b37ed3fc6b57,1,objects/92a11efedb8d7fb7942a2a81872e00b0dd948657030a34ced527b37ed3fc6b57
CCIM/results/attribute_voi/privileged/state_020.json,ccim,results/attribute_voi/privileged/state_020.json,248,8120b74b9305954c565e745a3a43a5897dbae096c3e4e46663590373519d4639,1,objects/8120b74b9305954c565e745a3a43a5897dbae096c3e4e46663590373519d4639
CCIM/results/attribute_voi/privileged/state_021.json,ccim,results/attribute_voi/privileged/state_021.json,261,1573d18dace1677d953aceec8d190719248f81247b9f6cd2d5ea0a5507d021b5,1,objects/1573d18dace1677d953aceec8d190719248f81247b9f6cd2d5ea0a5507d021b5
CCIM/results/attribute_voi/privileged/state_022.json,ccim,results/attribute_voi/privileged/state_022.json,262,4eb3de0f7f0c534fb390c8922aa3700012c3eb8a21c989c0dd7e8607a3be8a82,1,objects/4eb3de0f7f0c534fb390c8922aa3700012c3eb8a21c989c0dd7e8607a3be8a82
CCIM/results/attribute_voi/privileged/state_023.json,ccim,results/attribute_voi/privileged/state_023.json,250,a3958e1a4b184cfb8eece019dae698369ae3f9b30fcdf0fb19f23af3ab1cb684,1,objects/a3958e1a4b184cfb8eece019dae698369ae3f9b30fcdf0fb19f23af3ab1cb684
CCIM/results/attribute_voi/privileged/state_024.json,ccim,results/attribute_voi/privileged/state_024.json,251,389efcf046e4e7a480b0d9d39ef1d40ff4e5753748696d966cff4e48dd4533a9,1,objects/389efcf046e4e7a480b0d9d39ef1d40ff4e5753748696d966cff4e48dd4533a9
CCIM/results/attribute_voi/privileged/state_025.json,ccim,results/attribute_voi/privileged/state_025.json,263,e61e57fe149a041a22896edee8babd281f94118f5789b60563ec9403e3623bdd,1,objects/e61e57fe149a041a22896edee8babd281f94118f5789b60563ec9403e3623bdd
CCIM/results/attribute_voi/privileged/state_026.json,ccim,results/attribute_voi/privileged/state_026.json,240,a2e6c8b83a097eccb34e4b797da65a5e151129b692b7b2e76810bbeb7932951e,1,objects/a2e6c8b83a097eccb34e4b797da65a5e151129b692b7b2e76810bbeb7932951e
CCIM/results/attribute_voi/privileged/state_027.json,ccim,results/attribute_voi/privileged/state_027.json,262,efc7ad90190309931547a70989c4b1ea3c93ad1fa7f008313e9198e40239df42,1,objects/efc7ad90190309931547a70989c4b1ea3c93ad1fa7f008313e9198e40239df42
CCIM/results/attribute_voi/privileged/state_028.json,ccim,results/attribute_voi/privileged/state_028.json,240,6ca10b626f3aa6d6ead3fec3988c71ccad2d8f52522d53788144e9e0dc6bfcd7,1,objects/6ca10b626f3aa6d6ead3fec3988c71ccad2d8f52522d53788144e9e0dc6bfcd7
CCIM/results/attribute_voi/privileged/state_029.json,ccim,results/attribute_voi/privileged/state_029.json,252,91b127455c1d03b8b5ee7d4d1651d453f77d3b6771afe587a87c4f971eac3baf,1,objects/91b127455c1d03b8b5ee7d4d1651d453f77d3b6771afe587a87c4f971eac3baf
CCIM/results/attribute_voi/privileged/state_030.json,ccim,results/attribute_voi/privileged/state_030.json,228,2bc6d5a385cbd2aefad47861b6f08640729ee8bae40d50453fff2e809f10728a,1,objects/2bc6d5a385cbd2aefad47861b6f08640729ee8bae40d50453fff2e809f10728a
CCIM/results/attribute_voi/privileged/state_031.json,ccim,results/attribute_voi/privileged/state_031.json,238,310853f67e10d11f856d54c52cb7828fd15912d16536cdfe11de149b79817b45,1,objects/310853f67e10d11f856d54c52cb7828fd15912d16536cdfe11de149b79817b45
CCIM/results/attribute_voi/privileged/state_032.json,ccim,results/attribute_voi/privileged/state_032.json,259,c834e3ad780afd8808525ff4c1b85335baf8799ae8171cf289f3b9a8fe33857e,1,objects/c834e3ad780afd8808525ff4c1b85335baf8799ae8171cf289f3b9a8fe33857e
CCIM/results/attribute_voi/privileged/state_033.json,ccim,results/attribute_voi/privileged/state_033.json,262,3fbd94e9a1dd1cb58ae621173a7197af0145cb8cf787230d0887095c6dea01a2,1,objects/3fbd94e9a1dd1cb58ae621173a7197af0145cb8cf787230d0887095c6dea01a2
CCIM/results/attribute_voi/privileged/state_034.json,ccim,results/attribute_voi/privileged/state_034.json,241,ded3d2dee3e60dcd9eb22044f618ec31dd907f5d6438e937a66cb4cc08ee1401,1,objects/ded3d2dee3e60dcd9eb22044f618ec31dd907f5d6438e937a66cb4cc08ee1401
CCIM/results/attribute_voi/privileged/state_035.json,ccim,results/attribute_voi/privileged/state_035.json,252,b40d9ea65f5c7a4d6d83d5ca64d9ffc040c59169477ba15155030a9e64f48d4e,1,objects/b40d9ea65f5c7a4d6d83d5ca64d9ffc040c59169477ba15155030a9e64f48d4e
CCIM/results/attribute_voi/privileged/state_036.json,ccim,results/attribute_voi/privileged/state_036.json,225,5ce45910e3108070b3546aacf1b490321afbfd7b5b1a555c80bf3f42ee516891,1,objects/5ce45910e3108070b3546aacf1b490321afbfd7b5b1a555c80bf3f42ee516891
CCIM/results/attribute_voi/privileged/state_037.json,ccim,results/attribute_voi/privileged/state_037.json,252,61a8e348c09b2192eaf21d5007a2aa9efd7042fd4f79f92a00f4e1db04c4a7a4,1,objects/61a8e348c09b2192eaf21d5007a2aa9efd7042fd4f79f92a00f4e1db04c4a7a4
CCIM/results/attribute_voi/privileged/state_038.json,ccim,results/attribute_voi/privileged/state_038.json,262,15091c58c674b5a84145c8950aff33adaa970d8ed0bce2eea2671c94bb6c1b20,1,objects/15091c58c674b5a84145c8950aff33adaa970d8ed0bce2eea2671c94bb6c1b20
CCIM/results/attribute_voi/privileged/state_039.json,ccim,results/attribute_voi/privileged/state_039.json,250,88297851cdc8ebc151ae195fa1860a716bb110a2f2953d5e69060d43626d10fb,1,objects/88297851cdc8ebc151ae195fa1860a716bb110a2f2953d5e69060d43626d10fb
CCIM/results/attribute_voi/privileged/state_040.json,ccim,results/attribute_voi/privileged/state_040.json,259,771415ca721b6036f348fb7e136935e6141502216611c197cc76652b6e9e6843,1,objects/771415ca721b6036f348fb7e136935e6141502216611c197cc76652b6e9e6843
CCIM/results/attribute_voi/privileged/state_041.json,ccim,results/attribute_voi/privileged/state_041.json,263,60c53752b86f3d3d973e8d7164a10c6ff08a9f743e59bab6fb3e31537ea28e0a,1,objects/60c53752b86f3d3d973e8d7164a10c6ff08a9f743e59bab6fb3e31537ea28e0a
CCIM/results/attribute_voi/privileged/state_042.json,ccim,results/attribute_voi/privileged/state_042.json,251,ccdba165997c033298af7ab37a89b84bd10d464c0cb5b4689f44115400e6f8a0,1,objects/ccdba165997c033298af7ab37a89b84bd10d464c0cb5b4689f44115400e6f8a0
CCIM/results/attribute_voi/privileged/state_043.json,ccim,results/attribute_voi/privileged/state_043.json,262,33edeb251c9a7fb2e84dbf2049ce15421c6182ac15678c7992d60246d57c4721,1,objects/33edeb251c9a7fb2e84dbf2049ce15421c6182ac15678c7992d60246d57c4721
CCIM/results/attribute_voi/privileged/state_044.json,ccim,results/attribute_voi/privileged/state_044.json,228,d5c9498dbf2f193e3818e5e40614f57e8819cdc2f4a818daf318c8e576eb087f,1,objects/d5c9498dbf2f193e3818e5e40614f57e8819cdc2f4a818daf318c8e576eb087f
CCIM/results/attribute_voi/privileged/state_045.json,ccim,results/attribute_voi/privileged/state_045.json,251,33dfe3e2932bbd71a19133b7de633356b3ef148baf9b676c14f14946946c3bcf,1,objects/33dfe3e2932bbd71a19133b7de633356b3ef148baf9b676c14f14946946c3bcf
CCIM/results/attribute_voi/privileged/state_046.json,ccim,results/attribute_voi/privileged/state_046.json,251,b8e6e7feaae424c153a53da14a8b3327ea1d47620b33d0bc45bb5b5452ad0017,1,objects/b8e6e7feaae424c153a53da14a8b3327ea1d47620b33d0bc45bb5b5452ad0017
CCIM/results/attribute_voi/privileged/state_047.json,ccim,results/attribute_voi/privileged/state_047.json,263,2b039060791dd573b961fed78d3859f9902d60a2073dfd57ad63dc5270a9a44b,1,objects/2b039060791dd573b961fed78d3859f9902d60a2073dfd57ad63dc5270a9a44b
CCIM/results/attribute_voi/privileged/state_048.json,ccim,results/attribute_voi/privileged/state_048.json,240,bb5f09e1302fb370f5616d75305929ee4aa3d8051b5c2c5dc9f0b2e50e5368ac,1,objects/bb5f09e1302fb370f5616d75305929ee4aa3d8051b5c2c5dc9f0b2e50e5368ac
CCIM/results/attribute_voi/privileged/state_049.json,ccim,results/attribute_voi/privileged/state_049.json,250,648409434dfdc9f2cc847d347192cd7d1e67a1b2ae08957930f62a0cd89c7e10,1,objects/648409434dfdc9f2cc847d347192cd7d1e67a1b2ae08957930f62a0cd89c7e10
CCIM/results/attribute_voi/privileged/state_050.json,ccim,results/attribute_voi/privileged/state_050.json,262,d4842fafbed9ca3d573f88d6650f21b24c5d3b4bd7fba01230929a722b67951c,1,objects/d4842fafbed9ca3d573f88d6650f21b24c5d3b4bd7fba01230929a722b67951c
CCIM/results/attribute_voi/privileged/state_051.json,ccim,results/attribute_voi/privileged/state_051.json,252,b0da235b19f1b188321aac21042f9ccd57ee5270ab2e60a56ceef26c334571a2,1,objects/b0da235b19f1b188321aac21042f9ccd57ee5270ab2e60a56ceef26c334571a2
CCIM/results/attribute_voi/privileged/state_052.json,ccim,results/attribute_voi/privileged/state_052.json,249,7fd852c589ffab990fd7b14805c012c91f59fdeba13afc7572279e471fd83780,1,objects/7fd852c589ffab990fd7b14805c012c91f59fdeba13afc7572279e471fd83780
CCIM/results/attribute_voi/privileged/state_053.json,ccim,results/attribute_voi/privileged/state_053.json,252,b7e976fc49c646678dc168ab57bde7034996f6cd94982844bb37aebae65f18f8,1,objects/b7e976fc49c646678dc168ab57bde7034996f6cd94982844bb37aebae65f18f8
CCIM/results/attribute_voi/privileged/state_054.json,ccim,results/attribute_voi/privileged/state_054.json,260,a447d7210d19afae99b2c8c29e64d524f3b974b3a204901ad8f25a0c504704a3,1,objects/a447d7210d19afae99b2c8c29e64d524f3b974b3a204901ad8f25a0c504704a3
CCIM/results/attribute_voi/privileged/state_055.json,ccim,results/attribute_voi/privileged/state_055.json,261,2f2ed33302d3f006466136d75aad3e62f0158240c2c30dccf179cd346fba61db,1,objects/2f2ed33302d3f006466136d75aad3e62f0158240c2c30dccf179cd346fba61db
CCIM/results/attribute_voi/privileged/state_056.json,ccim,results/attribute_voi/privileged/state_056.json,262,a0ea80bf2b2bd63757ab482036140bcb9159d865c5ebb0aeccf745352fadb714,1,objects/a0ea80bf2b2bd63757ab482036140bcb9159d865c5ebb0aeccf745352fadb714
CCIM/results/attribute_voi/privileged/state_057.json,ccim,results/attribute_voi/privileged/state_057.json,252,52e9c19d8e64bb04e5dd7a6c4ee3b7bc0acb8a2a94219e415dac6a12306d08c7,1,objects/52e9c19d8e64bb04e5dd7a6c4ee3b7bc0acb8a2a94219e415dac6a12306d08c7
CCIM/results/attribute_voi/privileged/state_058.json,ccim,results/attribute_voi/privileged/state_058.json,238,02c2b4729a2f31973a68e986a0e6855fc606df597e323dd8248658e782ce8b1c,1,objects/02c2b4729a2f31973a68e986a0e6855fc606df597e323dd8248658e782ce8b1c
CCIM/results/attribute_voi/privileged/state_059.json,ccim,results/attribute_voi/privileged/state_059.json,251,0fed55c73c84e9eb6bf36d40d45d17c3141badb908dbd03884aa71f455bdf397,1,objects/0fed55c73c84e9eb6bf36d40d45d17c3141badb908dbd03884aa71f455bdf397
CCIM/results/attribute_voi/privileged/state_060.json,ccim,results/attribute_voi/privileged/state_060.json,261,f4325cbbec18a86e40482f5edd06cc4b50ad6ac2d2327bbb98578de6ef087845,1,objects/f4325cbbec18a86e40482f5edd06cc4b50ad6ac2d2327bbb98578de6ef087845
CCIM/results/attribute_voi/privileged/state_061.json,ccim,results/attribute_voi/privileged/state_061.json,241,4a94eebf050e9508b1231ae7daef58126b882cbca576464520a2547f0d1ff741,1,objects/4a94eebf050e9508b1231ae7daef58126b882cbca576464520a2547f0d1ff741
CCIM/results/attribute_voi/privileged/state_062.json,ccim,results/attribute_voi/privileged/state_062.json,251,59cd354edf93ada669fb3151e9a50ef5df935640ce73bf50bdb4378e411ab41f,1,objects/59cd354edf93ada669fb3151e9a50ef5df935640ce73bf50bdb4378e411ab41f
CCIM/results/attribute_voi/privileged/state_063.json,ccim,results/attribute_voi/privileged/state_063.json,241,40175cced12211be7b5db4ed6b13053693ac4fd330ac9beb55ebbe28153d3039,1,objects/40175cced12211be7b5db4ed6b13053693ac4fd330ac9beb55ebbe28153d3039
CCIM/results/attribute_voi/privileged/state_064.json,ccim,results/attribute_voi/privileged/state_064.json,262,720e820d0e15855d0662f655b5252979f6f2308c601d81237a93ef3007d29138,1,objects/720e820d0e15855d0662f655b5252979f6f2308c601d81237a93ef3007d29138
CCIM/results/attribute_voi/privileged/state_065.json,ccim,results/attribute_voi/privileged/state_065.json,251,3161bb8d266f0730839d96f957e2ee9c4605ea93243cf8902515fcf9b7fb31b0,1,objects/3161bb8d266f0730839d96f957e2ee9c4605ea93243cf8902515fcf9b7fb31b0
CCIM/results/attribute_voi/privileged/state_066.json,ccim,results/attribute_voi/privileged/state_066.json,240,5ad1fd3c71e04609c4249b5cd78502125af9fdaf59a0e08975409d893ecf18c5,1,objects/5ad1fd3c71e04609c4249b5cd78502125af9fdaf59a0e08975409d893ecf18c5
CCIM/results/attribute_voi/privileged/state_067.json,ccim,results/attribute_voi/privileged/state_067.json,237,ca2f43ce910fc63d9efe94569674ce7cf1281e426307f667731f6fe961a08969,1,objects/ca2f43ce910fc63d9efe94569674ce7cf1281e426307f667731f6fe961a08969
CCIM/results/attribute_voi/privileged/state_068.json,ccim,results/attribute_voi/privileged/state_068.json,257,0053e162c540b606c5c6f14a19b45dfb2a28de8dac82d020869d629f9e42de54,1,objects/0053e162c540b606c5c6f14a19b45dfb2a28de8dac82d020869d629f9e42de54
CCIM/results/attribute_voi/privileged/state_069.json,ccim,results/attribute_voi/privileged/state_069.json,261,9154d9d08d7016f775f0fabcaec4273082b1c3e368b38fcf83c850a2d87835f8,1,objects/9154d9d08d7016f775f0fabcaec4273082b1c3e368b38fcf83c850a2d87835f8
CCIM/results/attribute_voi/privileged/state_070.json,ccim,results/attribute_voi/privileged/state_070.json,248,355c6e34e76b4be5edda53e9449eeba6ae6d75c43a6390eefcba966335578284,1,objects/355c6e34e76b4be5edda53e9449eeba6ae6d75c43a6390eefcba966335578284
CCIM/results/attribute_voi/privileged/state_071.json,ccim,results/attribute_voi/privileged/state_071.json,249,a14281b00ccb30aa7e7b22bbd823aab5df7cf29ccc94a82518013448cb2e062f,1,objects/a14281b00ccb30aa7e7b22bbd823aab5df7cf29ccc94a82518013448cb2e062f
CCIM/results/attribute_voi/privileged/state_072.json,ccim,results/attribute_voi/privileged/state_072.json,263,b2e0eb1f7a9d88713f767486ef5e2b9d062ddc719be5d93f4ecb07240efa8061,1,objects/b2e0eb1f7a9d88713f767486ef5e2b9d062ddc719be5d93f4ecb07240efa8061
CCIM/results/attribute_voi/privileged/state_073.json,ccim,results/attribute_voi/privileged/state_073.json,240,37bbc39cd9995d2789abcb904e9f9073671dd5df37bcc8deeafaf381fde1605d,1,objects/37bbc39cd9995d2789abcb904e9f9073671dd5df37bcc8deeafaf381fde1605d
CCIM/results/attribute_voi/privileged/state_074.json,ccim,results/attribute_voi/privileged/state_074.json,251,574ca46d8014659e9471f74d63b72fd822ffdef1d103aa34d4ab43fad4f82b09,1,objects/574ca46d8014659e9471f74d63b72fd822ffdef1d103aa34d4ab43fad4f82b09
CCIM/results/attribute_voi/privileged/state_075.json,ccim,results/attribute_voi/privileged/state_075.json,251,4cdf7b5b255a5a7ba2573dffc545f8fd7c00bc42032eaadfee517c10c78212b5,1,objects/4cdf7b5b255a5a7ba2573dffc545f8fd7c00bc42032eaadfee517c10c78212b5
CCIM/results/attribute_voi/privileged/state_076.json,ccim,results/attribute_voi/privileged/state_076.json,251,6b02eda1b56ebccc550691f240c9e0ecf5dcea18e103e096f721c04f0f327a3d,1,objects/6b02eda1b56ebccc550691f240c9e0ecf5dcea18e103e096f721c04f0f327a3d
CCIM/results/attribute_voi/privileged/state_077.json,ccim,results/attribute_voi/privileged/state_077.json,250,658434f3dfde5bae31a235455c5999fcda9a9fd67e6db13fed28c0cbf6baf71a,1,objects/658434f3dfde5bae31a235455c5999fcda9a9fd67e6db13fed28c0cbf6baf71a
CCIM/results/attribute_voi/privileged/state_078.json,ccim,results/attribute_voi/privileged/state_078.json,262,a34c296ab61f8df7a4a866893f21e97ea551c220f59ba5fa415bab5d41863f34,1,objects/a34c296ab61f8df7a4a866893f21e97ea551c220f59ba5fa415bab5d41863f34
CCIM/results/attribute_voi/privileged/state_079.json,ccim,results/attribute_voi/privileged/state_079.json,249,edc938f72a750323cc2242bec20d07d92b57a54907526f9823dfa573c2792376,1,objects/edc938f72a750323cc2242bec20d07d92b57a54907526f9823dfa573c2792376
CCIM/results/attribute_voi/privileged_summary.json,ccim,results/attribute_voi/privileged_summary.json,778,5c75870a4024c71a6a70e14dfcd0a20c63153e013668e158f1c550e5ed9c6834,1,objects/5c75870a4024c71a6a70e14dfcd0a20c63153e013668e158f1c550e5ed9c6834
CCIM/results/attribute_voi/summary.json,ccim,results/attribute_voi/summary.json,2929,64e8332b244f02681d1c48187472a15d172a34f69bc644dd81fc40ca233f1f76,1,objects/64e8332b244f02681d1c48187472a15d172a34f69bc644dd81fc40ca233f1f76
CCIM/results/attribute_voi_plan.json,ccim,results/attribute_voi_plan.json,4012,c085050576132f30cb9cab7ac7b24778c88cef9b9010af9af38d82ea34e9708f,1,objects/c085050576132f30cb9cab7ac7b24778c88cef9b9010af9af38d82ea34e9708f
CCIM/results/batched_check.json,ccim,results/batched_check.json,817,03ba8cd34e2e0fef7862e24fcb3a07e3a0ec2034809ecc238ade6e8fde0eb7c4,1,objects/03ba8cd34e2e0fef7862e24fcb3a07e3a0ec2034809ecc238ade6e8fde0eb7c4
CCIM/results/bench_batched.json,ccim,results/bench_batched.json,1008,d84b45f402424fd940365a34ae83f41afe4b732aacc417fed8880deb3b9e54b6,1,objects/d84b45f402424fd940365a34ae83f41afe4b732aacc417fed8880deb3b9e54b6
CCIM/results/bench_batched_log.txt,ccim,results/bench_batched_log.txt,2402,41e6b314e0b5d3ff5aefa11ce705d7d62451f3656e0bb85bb6b15b4c97f11306,1,objects/41e6b314e0b5d3ff5aefa11ce705d7d62451f3656e0bb85bb6b15b4c97f11306
CCIM/results/bench_profiler.json,ccim,results/bench_profiler.json,4194,1c3ddeba50c86e6285bcf21505a09636e955fb70887f4fefda96677c77db6ede,1,objects/1c3ddeba50c86e6285bcf21505a09636e955fb70887f4fefda96677c77db6ede
CCIM/results/bench_threads_1.json,ccim,results/bench_threads_1.json,459,23b43908058917706715366ffdfe1c30372c93bef939fa0fab008cae41c9b36d,1,objects/23b43908058917706715366ffdfe1c30372c93bef939fa0fab008cae41c9b36d
CCIM/results/bench_threads_16.json,ccim,results/bench_threads_16.json,461,56a42757c6abe990a2d293353313b3a6374ae740bdc4d03d5d74d1b744a0c941,1,objects/56a42757c6abe990a2d293353313b3a6374ae740bdc4d03d5d74d1b744a0c941
CCIM/results/bench_threads_2.json,ccim,results/bench_threads_2.json,459,1f5dde42c534ec829d50e709c6d76e951da09e1f703e3f7424d0ef8c6bb4213b,1,objects/1f5dde42c534ec829d50e709c6d76e951da09e1f703e3f7424d0ef8c6bb4213b
CCIM/results/bench_threads_4.json,ccim,results/bench_threads_4.json,459,e94307816fa665d336968b2c86409f87d0ab1dd79ca4a7d23d146be9db313472,1,objects/e94307816fa665d336968b2c86409f87d0ab1dd79ca4a7d23d146be9db313472
CCIM/results/bench_variants.json,ccim,results/bench_variants.json,1210,effca3ed9645e2851ffdc0f687ce0c53ef9af75b13b3cd398d3502b3e09d2000,1,objects/effca3ed9645e2851ffdc0f687ce0c53ef9af75b13b3cd398d3502b3e09d2000
CCIM/results/ca_grqc_probe.json,ccim,results/ca_grqc_probe.json,36209,a2d2aaf354b954788e9d6ca838e364a43cdea17c1856d67176bc530eb37b0014,1,objects/a2d2aaf354b954788e9d6ca838e364a43cdea17c1856d67176bc530eb37b0014
CCIM/results/ca_grqc_probe.log,ccim,results/ca_grqc_probe.log,8678,50b72424383eaad35e60c980256da34cbfe78f86308dad51b6debf92507f4906,0,objects/50b72424383eaad35e60c980256da34cbfe78f86308dad51b6debf92507f4906
CCIM/results/ca_grqc_search_probe.json,ccim,results/ca_grqc_search_probe.json,13396,f038c1dbf09b2606e5f2313a9031d64f040d2be92a624524f4a0417ba46b0f21,1,objects/f038c1dbf09b2606e5f2313a9031d64f040d2be92a624524f4a0417ba46b0f21
CCIM/results/ca_grqc_search_probe.log,ccim,results/ca_grqc_search_probe.log,7074,9510c5f15d2378df8783ce89d6bb83562796669f7c03d29f13756271687d14e7,0,objects/9510c5f15d2378df8783ce89d6bb83562796669f7c03d29f13756271687d14e7
CCIM/results/candidate_generation_opt.json,ccim,results/candidate_generation_opt.json,67904,338f18188644135a03572549ce5763e017461faec70d365fb74b8851cd4a8804,1,objects/338f18188644135a03572549ce5763e017461faec70d365fb74b8851cd4a8804
CCIM/results/candidate_generation_opt.log,ccim,results/candidate_generation_opt.log,4852,ccacf9687b12097f10aba40888721b37e60fdc804fba7b048b1091358b790f6d,0,objects/ccacf9687b12097f10aba40888721b37e60fdc804fba7b048b1091358b790f6d
CCIM/results/candidate_instances.json,ccim,results/candidate_instances.json,21819,51578fa14e320c22542181249995c9f841f26bcb67b9ccbc058ecf9b8803fbc3,1,objects/51578fa14e320c22542181249995c9f841f26bcb67b9ccbc058ecf9b8803fbc3
CCIM/results/candidate_instances.log,ccim,results/candidate_instances.log,13324,72e449e6b53135fefb7a96256a5a7b9807c1e85e6178a3ef37708746d68251c1,0,objects/72e449e6b53135fefb7a96256a5a7b9807c1e85e6178a3ef37708746d68251c1
CCIM/results/checkpoint_selection_audit.json,ccim,results/checkpoint_selection_audit.json,3922,c6d9929445becbbb0ca356a43bff64bfdb2733b95dfea49a52c90b4e611adb2a,1,objects/c6d9929445becbbb0ca356a43bff64bfdb2733b95dfea49a52c90b4e611adb2a
CCIM/results/diffusion_cost_attribution.json,ccim,results/diffusion_cost_attribution.json,18431,5708b352a5b296ef0d8247e066e776478886d215ba0c3500587a7d883b48cfc5,1,objects/5708b352a5b296ef0d8247e066e776478886d215ba0c3500587a7d883b48cfc5
CCIM/results/equiv_check.json,ccim,results/equiv_check.json,1778,f8a275d6d0338722038a936d041406c080c1fc17b60d1e0bc5dc4339c96489c0,1,objects/f8a275d6d0338722038a936d041406c080c1fc17b60d1e0bc5dc4339c96489c0
CCIM/results/first_step_localisation.json,ccim,results/first_step_localisation.json,15702,97e2585f5ef0d3464880506b1e8f3f956c3fc8d46d7a1762233202123b3e8375,1,objects/97e2585f5ef0d3464880506b1e8f3f956c3fc8d46d7a1762233202123b3e8375
CCIM/results/frozen_ranker.json,ccim,results/frozen_ranker.json,1547,cb6ff84c7413ef4be0e1d94b9207a4d4d52b054b12019d4c2a2983ce890de496,1,objects/cb6ff84c7413ef4be0e1d94b9207a4d4d52b054b12019d4c2a2983ce890de496
CCIM/results/frozen_validation.json,ccim,results/frozen_validation.json,9910,7bafe796303cabe3e59b37a3cccf7209b2c5221656cf884c064b34b7d921a6e7,1,objects/7bafe796303cabe3e59b37a3cccf7209b2c5221656cf884c064b34b7d921a6e7
CCIM/results/frozen_validation_log.txt,ccim,results/frozen_validation_log.txt,4570,c512dacf11da6df68c1b73fc53bc54ea1e5f6f5f1b095c0f4732349861f1de3e,1,objects/c512dacf11da6df68c1b73fc53bc54ea1e5f6f5f1b095c0f4732349861f1de3e
CCIM/results/gate1_multistep_value.json,ccim,results/gate1_multistep_value.json,161785,b1b17acb27fe1790d795efcdc905e8692676efe3e9ba5427b225d3788346e346,1,objects/b1b17acb27fe1790d795efcdc905e8692676efe3e9ba5427b225d3788346e346
CCIM/results/gate1_run.log,ccim,results/gate1_run.log,6130,8261fb14ba99ee6c53342f3f900c528bbbf856ec48ea65be4026287a6c32b1bf,0,objects/8261fb14ba99ee6c53342f3f900c528bbbf856ec48ea65be4026287a6c32b1bf
CCIM/results/gate2_run.log,ccim,results/gate2_run.log,12484,0f70ac856cac74fd512fdc35276fbb46d0f1dd8fa52bfa19bf565fc906c6bb82,0,objects/0f70ac856cac74fd512fdc35276fbb46d0f1dd8fa52bfa19bf565fc906c6bb82
CCIM/results/gate2_shaping.json,ccim,results/gate2_shaping.json,60070,c4660871c36ac2d57025ecd2397823454e10101c9e5564fa7989bb1aabbccdab,1,objects/c4660871c36ac2d57025ecd2397823454e10101c9e5564fa7989bb1aabbccdab
CCIM/results/learned_ranking_pilot.json,ccim,results/learned_ranking_pilot.json,2091265,86a4fad4ff3a13f6199c4f05f7bfef4e5bc6aeb555b5393286c7b143152bf647,0,objects/86a4fad4ff3a13f6199c4f05f7bfef4e5bc6aeb555b5393286c7b143152bf647
CCIM/results/legal_ranker.json,ccim,results/legal_ranker.json,6812,7fff531c743601fb12536133d37c6001fa57c5e6195ffdf9c703cedeac56660c,1,objects/7fff531c743601fb12536133d37c6001fa57c5e6195ffdf9c703cedeac56660c
CCIM/results/legal_ranker_audit.json,ccim,results/legal_ranker_audit.json,51278,af5476a5aa65c92af3a683025afed6145189ecdfe1637c54c4ae04c39f408d6f,1,objects/af5476a5aa65c92af3a683025afed6145189ecdfe1637c54c4ae04c39f408d6f
CCIM/results/legal_ranker_audit_log.txt,ccim,results/legal_ranker_audit_log.txt,4164,421fc2454ebf14a93b8ef713849472bf30c9aa54efece9c6e5727e61c4a23bcc,1,objects/421fc2454ebf14a93b8ef713849472bf30c9aa54efece9c6e5727e61c4a23bcc
CCIM/results/legal_ranker_log.txt,ccim,results/legal_ranker_log.txt,15510,0fd6dd1744aa93913c8a1123cba172db771c6f1add976c26ca828c4ef90bb39b,1,objects/0fd6dd1744aa93913c8a1123cba172db771c6f1add976c26ca828c4ef90bb39b
CCIM/results/official_assembly.json,ccim,results/official_assembly.json,4770,980a445f0cc247568c6dd95e3473e3ea281eca9b0876772703ba86b0489955dd,1,objects/980a445f0cc247568c6dd95e3473e3ea281eca9b0876772703ba86b0489955dd
CCIM/results/official_eval_log.txt,ccim,results/official_eval_log.txt,7988,a7725d3925d0d419116598eb2fd4b7d749a7fa9dc006af77b718d51b11d36ddd,1,objects/a7725d3925d0d419116598eb2fd4b7d749a7fa9dc006af77b718d51b11d36ddd
CCIM/results/official_eval_log2.txt,ccim,results/official_eval_log2.txt,4784,5f7e42424d3e92c66c33b6221a7c6a81846b5860b2374294152636be50ca7bf5,1,objects/5f7e42424d3e92c66c33b6221a7c6a81846b5860b2374294152636be50ca7bf5
CCIM/results/official_fast500_log.txt,ccim,results/official_fast500_log.txt,2886,d93f31c9c2d988aba144cc9c3b75022a08a656f1885a260769f93f50ea640860,1,objects/d93f31c9c2d988aba144cc9c3b75022a08a656f1885a260769f93f50ea640860
CCIM/results/official_fast500_log2.txt,ccim,results/official_fast500_log2.txt,3100,3066a67d05b69586446f1eaa3a12c20993957c0ba5d9f3d1cc59ec5e063537ea,1,objects/3066a67d05b69586446f1eaa3a12c20993957c0ba5d9f3d1cc59ec5e063537ea
CCIM/results/resume_check.json,ccim,results/resume_check.json,1022,69264e46196679e0ccdf8088156a22dc24cd687969d3628aee351ee28c73beac,1,objects/69264e46196679e0ccdf8088156a22dc24cd687969d3628aee351ee28c73beac
CCIM/results/resume_check_log.txt,ccim,results/resume_check_log.txt,2442,36380e46486ff4b6eea0b7269a977a3a9171c073ac547824996195babaf99172,1,objects/36380e46486ff4b6eea0b7269a977a3a9171c073ac547824996195babaf99172
CCIM/results/scan_order_diagnosis.log,ccim,results/scan_order_diagnosis.log,9762,f8221e58bd4723c86341c6fba4cb5ab2ef04247d41f943a2332acb22d2a8c2f4,0,objects/f8221e58bd4723c86341c6fba4cb5ab2ef04247d41f943a2332acb22d2a8c2f4
CCIM/results/scan_order_pilot.json,ccim,results/scan_order_pilot.json,493386,f02674d1860054bad13a5a068f4af7856bfe1e916c5f9e4f00be62eaaec67ff9,0,objects/f02674d1860054bad13a5a068f4af7856bfe1e916c5f9e4f00be62eaaec67ff9
CCIM/results/scan_order_pilot.log,ccim,results/scan_order_pilot.log,21300,d18b8815b1671d5bc086cfeee364eb9a9cd6e97a716fb4cd353cf491c3feacfc,0,objects/d18b8815b1671d5bc086cfeee364eb9a9cd6e97a716fb4cd353cf491c3feacfc
CCIM/results/search_trace.json,ccim,results/search_trace.json,25812,5a62b00172e1ccc1507744824c32e69b1f4472db5b4003c5384c3ab294a61f5d,1,objects/5a62b00172e1ccc1507744824c32e69b1f4472db5b4003c5384c3ab294a61f5d
CCIM/results/search_trace.log,ccim,results/search_trace.log,9836,24c6b21506776e437b2becff11984d4b3341376e649814c846139e926c063fb7,0,objects/24c6b21506776e437b2becff11984d4b3341376e649814c846139e926c063fb7
CCIM/results/search_trace_rows.json,ccim,results/search_trace_rows.json,13312398,507e39adbdb2a9495afb14a389f3156579e63fa7f5c559b4c788e61a880c1019,0,objects/507e39adbdb2a9495afb14a389f3156579e63fa7f5c559b4c788e61a880c1019
CCIM/results/shorthorizon_ckpt/batched_seed0_curve.json,ccim,results/shorthorizon_ckpt/batched_seed0_curve.json,315,275d97233ca4f19c6facfa67d31c062d990e7c491582374ba610ce80f8547aaf,1,objects/275d97233ca4f19c6facfa67d31c062d990e7c491582374ba610ce80f8547aaf
CCIM/results/shorthorizon_ckpt/batched_seed0_result.json,ccim,results/shorthorizon_ckpt/batched_seed0_result.json,5783,c5fc087e7dc92061ed221be5f2f9601ec096d9fefceaaae9c7f0a0f560332ae1,1,objects/c5fc087e7dc92061ed221be5f2f9601ec096d9fefceaaae9c7f0a0f560332ae1
CCIM/results/shorthorizon_ckpt/batched_seed1_curve.json,ccim,results/shorthorizon_ckpt/batched_seed1_curve.json,304,d6a44b677e39136772fc024a9c12774ec7a5cd15e5e751866d87bf43931409df,1,objects/d6a44b677e39136772fc024a9c12774ec7a5cd15e5e751866d87bf43931409df
CCIM/results/shorthorizon_ckpt/batched_seed1_result.json,ccim,results/shorthorizon_ckpt/batched_seed1_result.json,5785,39a8aff652ac997875aecbc3116e153048697be79841f9c0b803027ebbad4c27,1,objects/39a8aff652ac997875aecbc3116e153048697be79841f9c0b803027ebbad4c27
CCIM/results/shorthorizon_ckpt/batched_seed2_curve.json,ccim,results/shorthorizon_ckpt/batched_seed2_curve.json,304,e1a71be28a9764b107c8d14ab2c30e0c3c9700af9156f73effc16ce5a80583be,1,objects/e1a71be28a9764b107c8d14ab2c30e0c3c9700af9156f73effc16ce5a80583be
CCIM/results/shorthorizon_ckpt/batched_seed2_result.json,ccim,results/shorthorizon_ckpt/batched_seed2_result.json,5773,35b66ba335cfb62b42dac8470aaced482f4b843712b7e58b6cd3fa919872659d,1,objects/35b66ba335cfb62b42dac8470aaced482f4b843712b7e58b6cd3fa919872659d
CCIM/results/shorthorizon_ckpt/fast_seed0_curve.json,ccim,results/shorthorizon_ckpt/fast_seed0_curve.json,301,a96cca3aa420b60557ccd35d160cae4c4fffde3288fa9661ed0317203fceb9a7,1,objects/a96cca3aa420b60557ccd35d160cae4c4fffde3288fa9661ed0317203fceb9a7
CCIM/results/shorthorizon_ckpt/fast_seed0_result.json,ccim,results/shorthorizon_ckpt/fast_seed0_result.json,5791,9af17331e1a6997ac920bdcd19731872a369d4db8c348d1e89b987ae82a05534,1,objects/9af17331e1a6997ac920bdcd19731872a369d4db8c348d1e89b987ae82a05534
CCIM/results/shorthorizon_ckpt/fast_seed1_curve.json,ccim,results/shorthorizon_ckpt/fast_seed1_curve.json,301,b372cf9fbf3d6fe87fcd16d9c4cb7a92daec32ac6d1dc98a8c0cdc3175d05ef7,1,objects/b372cf9fbf3d6fe87fcd16d9c4cb7a92daec32ac6d1dc98a8c0cdc3175d05ef7
CCIM/results/shorthorizon_ckpt/fast_seed1_result.json,ccim,results/shorthorizon_ckpt/fast_seed1_result.json,5768,05fd96c3fcfd50b19ef226083832935e9f6665d6d57654ff856ed53f927eaec9,1,objects/05fd96c3fcfd50b19ef226083832935e9f6665d6d57654ff856ed53f927eaec9
CCIM/results/shorthorizon_ckpt/fast_seed2_curve.json,ccim,results/shorthorizon_ckpt/fast_seed2_curve.json,299,6b649a4e389c233951360d9428c4311550de977f97d02aa7650ee982ad4c22c9,1,objects/6b649a4e389c233951360d9428c4311550de977f97d02aa7650ee982ad4c22c9
CCIM/results/shorthorizon_ckpt/fast_seed2_result.json,ccim,results/shorthorizon_ckpt/fast_seed2_result.json,5783,097766642b3575b56f8397b8d3e76f7656313157aead17f325cc31bf0d241fe8,1,objects/097766642b3575b56f8397b8d3e76f7656313157aead17f325cc31bf0d241fe8
CCIM/results/shorthorizon_log.txt,ccim,results/shorthorizon_log.txt,4232,dc5665353c7170aa7db700b371693b58727ddb25c650b9a3c76e9d1a432b4bea,1,objects/dc5665353c7170aa7db700b371693b58727ddb25c650b9a3c76e9d1a432b4bea
CCIM/results/shorthorizon_log2.txt,ccim,results/shorthorizon_log2.txt,2996,f639685b7a2720b0d0245bcf7d8d6d8f468cb6a3821c9f8a601478e15ae93719,1,objects/f639685b7a2720b0d0245bcf7d8d6d8f468cb6a3821c9f8a601478e15ae93719
CCIM/results/shorthorizon_log3.txt,ccim,results/shorthorizon_log3.txt,5060,dec8662d1bcaf297efaf7525af202cf5738d4abc070c150a9f389b32af4db071,1,objects/dec8662d1bcaf297efaf7525af202cf5738d4abc070c150a9f389b32af4db071
CCIM/results/shorthorizon_table.json,ccim,results/shorthorizon_table.json,42958,79f673267ce3b8bab8a19ce76c68ee07d0898a69dbed1ef4db6c8ed439c8a2e9,1,objects/79f673267ce3b8bab8a19ce76c68ee07d0898a69dbed1ef4db6c8ed439c8a2e9
CCIM/results/survey_value_log.txt,ccim,results/survey_value_log.txt,3092,c1ac8d34174b206822b16b7d1afe7901d1866312e4f0c27fe2ba5f31a690c468,1,objects/c1ac8d34174b206822b16b7d1afe7901d1866312e4f0c27fe2ba5f31a690c468
CCIM/results/survey_value_probe.json,ccim,results/survey_value_probe.json,15382,4ff5cf86be2321d22087322626dc7736cb2928351b391414d434da9e9c18f2b1,1,objects/4ff5cf86be2321d22087322626dc7736cb2928351b391414d434da9e9c18f2b1
CCIM/results/swap_ranker_training.json,ccim,results/swap_ranker_training.json,11269,00d3aef63bf6fe3182e5777092b33fb0508e18542349e9de31d4f08d3de66fa2,1,objects/00d3aef63bf6fe3182e5777092b33fb0508e18542349e9de31d4f08d3de66fa2
CCIM/results/swap_records.json,ccim,results/swap_records.json,1274477,f84fcc0a2ca7c3c69bef564b8640800db89fc7f721faf94e77799e13249f06b3,0,objects/f84fcc0a2ca7c3c69bef564b8640800db89fc7f721faf94e77799e13249f06b3
CCIM/results/swap_records_inspection.json,ccim,results/swap_records_inspection.json,5176,cc38de4649198b633ada575a863c365bf95f1a5656283d34672b2b50344d4a12,1,objects/cc38de4649198b633ada575a863c365bf95f1a5656283d34672b2b50344d4a12
CCIM/results/wallclock_comparison.json,ccim,results/wallclock_comparison.json,155847,a5a3673f53865d6335b15147210260df7e40dce67d6bb3c6a861f21961fc4fee,1,objects/a5a3673f53865d6335b15147210260df7e40dce67d6bb3c6a861f21961fc4fee
CCIM/results/wallclock_run_plan.json,ccim,results/wallclock_run_plan.json,1719,d5610ce0917a28a86ae878cb797d85ce3b75fc50a26ae7ed0c772c0121b4d39c,1,objects/d5610ce0917a28a86ae878cb797d85ce3b75fc50a26ae7ed0c772c0121b4d39c
CCIM/results/xcheck_official_icm.json,ccim,results/xcheck_official_icm.json,1702,54af2933dc93366160ff40665a886672b2cf0a49e0a3c8592b8dad04ac531410,1,objects/54af2933dc93366160ff40665a886672b2cf0a49e0a3c8592b8dad04ac531410
CCIM/results/xplore_baseline_log.txt,ccim,results/xplore_baseline_log.txt,14724,92cec5664396d32cdbe04778f30394905fe03451aab70ea0b7e0e524aa7267e5,1,objects/92cec5664396d32cdbe04778f30394905fe03451aab70ea0b7e0e524aa7267e5
CCIM/results/xplore_curve.json,ccim,results/xplore_curve.json,1067660,58241ab6cf6b271f296a9c315b6403eda6e2a378ab7f6776912e118552bbaa5c,0,objects/58241ab6cf6b271f296a9c315b6403eda6e2a378ab7f6776912e118552bbaa5c
CCIM/results/xplore_dev_plan.json,ccim,results/xplore_dev_plan.json,14538,3e9f2cd45e5877dd6bfd0b7d4f44a0ea52ab964f1afde201a98b66cdfc9ea04b,1,objects/3e9f2cd45e5877dd6bfd0b7d4f44a0ea52ab964f1afde201a98b66cdfc9ea04b
CCIM/results/xplore_diag_err.txt,ccim,results/xplore_diag_err.txt,470,16269e3165f77e96feed41536f4311f497ec64913c6dde03dcc42a158757980c,1,objects/16269e3165f77e96feed41536f4311f497ec64913c6dde03dcc42a158757980c
CCIM/results/xplore_diag_err2.txt,ccim,results/xplore_diag_err2.txt,0,e3b0c44298fc1c149afbf4c8996fb92427ae41e4649b934ca495991b7852b855,1,objects/e3b0c44298fc1c149afbf4c8996fb92427ae41e4649b934ca495991b7852b855
CCIM/results/xplore_diag_log.txt,ccim,results/xplore_diag_log.txt,5187,1b3196b16787dd881179ebd154e09c3102ba84fddbcd0786b4bb7f67b6ba1a70,1,objects/1b3196b16787dd881179ebd154e09c3102ba84fddbcd0786b4bb7f67b6ba1a70
CCIM/results/xplore_diag_log2.txt,ccim,results/xplore_diag_log2.txt,6524,d0692d58a843cb2632ea7030e4f69cfcc2071897dc023a6ef961f39db3c6c4b8,1,objects/d0692d58a843cb2632ea7030e4f69cfcc2071897dc023a6ef961f39db3c6c4b8
CCIM/results/xplore_geodqn.json,ccim,results/xplore_geodqn.json,42958,65bd2143d4ae6a2afdbbf52bc7e423ea65911876b7ac527465cb3199b2cf30ae,1,objects/65bd2143d4ae6a2afdbbf52bc7e423ea65911876b7ac527465cb3199b2cf30ae
CCIM/results/xplore_geodqn_diagnostic.json,ccim,results/xplore_geodqn_diagnostic.json,95324,b7c039bf59984b860f2236eba1c49cbdcbaa000c2e772b51f522be25ef044f49,1,objects/b7c039bf59984b860f2236eba1c49cbdcbaa000c2e772b51f522be25ef044f49
CCIM/results/xplore_geodqn_plan.json,ccim,results/xplore_geodqn_plan.json,7194,58af3fdc821fcab5c72e323b8557f9a211a8cfcb92431125de1090a6929737fe,1,objects/58af3fdc821fcab5c72e323b8557f9a211a8cfcb92431125de1090a6929737fe
CCIM/results/xplore_learn_err.txt,ccim,results/xplore_learn_err.txt,0,e3b0c44298fc1c149afbf4c8996fb92427ae41e4649b934ca495991b7852b855,1,objects/e3b0c44298fc1c149afbf4c8996fb92427ae41e4649b934ca495991b7852b855
CCIM/results/xplore_learn_log.txt,ccim,results/xplore_learn_log.txt,4169,8d76534d98f355e5e8ac674178bba82db2900750a18804b43f77a408731274ff,1,objects/8d76534d98f355e5e8ac674178bba82db2900750a18804b43f77a408731274ff
CCIM/results/xplore_official.json,ccim,results/xplore_official.json,5847,7a0e1baaf3b5055232dd41013c006dbbc140e710e3107387973931bcdd2df8bd,1,objects/7a0e1baaf3b5055232dd41013c006dbbc140e710e3107387973931bcdd2df8bd
CCIM/results/xplore_official_err.txt,ccim,results/xplore_official_err.txt,0,e3b0c44298fc1c149afbf4c8996fb92427ae41e4649b934ca495991b7852b855,1,objects/e3b0c44298fc1c149afbf4c8996fb92427ae41e4649b934ca495991b7852b855
CCIM/results/xplore_official_log.txt,ccim,results/xplore_official_log.txt,1228,4709a5546fe1746bb46c5ae71026b2ffa01f5af1f8d9fb87f8ca4376ae90173b,1,objects/4709a5546fe1746bb46c5ae71026b2ffa01f5af1f8d9fb87f8ca4376ae90173b
CCIM/results/xplore_official_plan.json,ccim,results/xplore_official_plan.json,6725,769087a8debfe80a97a5d5d6b804241d8c5ef381264132bbfa781c86c21e3cee,1,objects/769087a8debfe80a97a5d5d6b804241d8c5ef381264132bbfa781c86c21e3cee
CCIM/results/xplore_official_tables.json,ccim,results/xplore_official_tables.json,6981,ed15fcfdaafe04a08838f5c629fe0f1b741d4fb5d0a50400a41df958959ce114,1,objects/ed15fcfdaafe04a08838f5c629fe0f1b741d4fb5d0a50400a41df958959ce114
CCIM/scripts/attribute_diffusion_cost.py,ccim,scripts/attribute_diffusion_cost.py,16539,5101d6842a7d885d99f5151dfa548273bf0c268f1c7b8bef0d96c4aea7f53cc5,1,objects/5101d6842a7d885d99f5151dfa548273bf0c268f1c7b8bef0d96c4aea7f53cc5
CCIM/scripts/attribute_voi_ablation.py,ccim,scripts/attribute_voi_ablation.py,3559,fa33d096ae24f89b3d7389540d7c3d7caa2dc605caf02c93cd135796b75a4a11,1,objects/fa33d096ae24f89b3d7389540d7c3d7caa2dc605caf02c93cd135796b75a4a11
CCIM/scripts/attribute_voi_audit.py,ccim,scripts/attribute_voi_audit.py,3272,bf2ede89a289ab04f5cfd9542ce770d79eb0ac34d59d6a8bcec3792f21827b75,1,objects/bf2ede89a289ab04f5cfd9542ce770d79eb0ac34d59d6a8bcec3792f21827b75
CCIM/scripts/attribute_voi_no_survey.py,ccim,scripts/attribute_voi_no_survey.py,1873,239c4ebdb5ccad730945fb6134814cec6c985c1e142f0ce12aa6f7c906c3783e,1,objects/239c4ebdb5ccad730945fb6134814cec6c985c1e142f0ce12aa6f7c906c3783e
CCIM/scripts/attribute_voi_privileged.py,ccim,scripts/attribute_voi_privileged.py,3792,98d7b9ed43032868e71c4a1f487b2a1ff05480c29393b3093de4a29e144e38dd,1,objects/98d7b9ed43032868e71c4a1f487b2a1ff05480c29393b3093de4a29e144e38dd
CCIM/scripts/attribute_voi_probe.py,ccim,scripts/attribute_voi_probe.py,18141,2ea94940243a4a029ee746c8af9725554e878f3c88109056e452f183ff23b89b,1,objects/2ea94940243a4a029ee746c8af9725554e878f3c88109056e452f183ff23b89b
CCIM/scripts/audit_checkpoint_selection.py,ccim,scripts/audit_checkpoint_selection.py,14245,8ba1ce2010e256b21dfc813226ea39a2de6a7c4aac17d0193d9eefe1d5424dd4,1,objects/8ba1ce2010e256b21dfc813226ea39a2de6a7c4aac17d0193d9eefe1d5424dd4
CCIM/scripts/audit_query_accounting.py,ccim,scripts/audit_query_accounting.py,4336,86d316a4aca01eafd52626d5b380ec291097d9ab8e42b35bd08a98d517fafb1b,1,objects/86d316a4aca01eafd52626d5b380ec291097d9ab8e42b35bd08a98d517fafb1b
CCIM/scripts/audit_search_logs.py,ccim,scripts/audit_search_logs.py,6284,ad0048338a10952b1dcf5daceb28de298d6105052c4165a483348c1992fdfdf6,1,objects/ad0048338a10952b1dcf5daceb28de298d6105052c4165a483348c1992fdfdf6
CCIM/scripts/audit_search_trace.py,ccim,scripts/audit_search_trace.py,12363,e012caeb275d123d1425b28fecc96294f930b884decf7a0b5ff642f4ece4bd9d,1,objects/e012caeb275d123d1425b28fecc96294f930b884decf7a0b5ff642f4ece4bd9d
CCIM/scripts/batched_check.py,ccim,scripts/batched_check.py,6861,0b12b29cf98175acf5cb8e69e0b20801bfa0673dc9b6c690e3773203e04c49b8,1,objects/0b12b29cf98175acf5cb8e69e0b20801bfa0673dc9b6c690e3773203e04c49b8
CCIM/scripts/bench_batched.py,ccim,scripts/bench_batched.py,6499,73b33bfe6d5fdd6826f70c44cd0002dd464dfbcfe82cc064857b46cc7258eb71,1,objects/73b33bfe6d5fdd6826f70c44cd0002dd464dfbcfe82cc064857b46cc7258eb71
CCIM/scripts/bench_profiler.py,ccim,scripts/bench_profiler.py,4259,05dc8a72af88c27998c5e20296a591d01f74ea6b5ce809c648f492195f259c99,1,objects/05dc8a72af88c27998c5e20296a591d01f74ea6b5ce809c648f492195f259c99
CCIM/scripts/bench_update.py,ccim,scripts/bench_update.py,7417,6197d45992c6063a77699fc71c60eb9ca0656686913875e1e420255118d57f17,1,objects/6197d45992c6063a77699fc71c60eb9ca0656686913875e1e420255118d57f17
CCIM/scripts/bench_variants.py,ccim,scripts/bench_variants.py,7060,20140e414d18eef7dc071d3d01eaea48516e6c92d7ba1e916017f69397761fba,1,objects/20140e414d18eef7dc071d3d01eaea48516e6c92d7ba1e916017f69397761fba
CCIM/scripts/bound_ceiling.py,ccim,scripts/bound_ceiling.py,3816,8933e276d196382a111aa65074a50d0ab2f909b6da722466cd91eb34fc541fb8,1,objects/8933e276d196382a111aa65074a50d0ab2f909b6da722466cd91eb34fc541fb8
CCIM/scripts/check_cascade_correctness.py,ccim,scripts/check_cascade_correctness.py,2921,5878ce519f18df72ae77fbee0b961879ccba2a715edf20e5c94de39b63b764bc,1,objects/5878ce519f18df72ae77fbee0b961879ccba2a715edf20e5c94de39b63b764bc
CCIM/scripts/check_greedy_vs_paper.py,ccim,scripts/check_greedy_vs_paper.py,3506,cf977ea9ae5380f21f6da5775c61623adaeb09be725cb60d0d6ae8318c48233c,1,objects/cf977ea9ae5380f21f6da5775c61623adaeb09be725cb60d0d6ae8318c48233c
CCIM/scripts/check_percolation_ceiling.py,ccim,scripts/check_percolation_ceiling.py,2369,e14e8b854bc2ab0d71b7d38c05e921a1106880e0056b68aa61c605b8d890f802,1,objects/e14e8b854bc2ab0d71b7d38c05e921a1106880e0056b68aa61c605b8d890f802
CCIM/scripts/collect_swap_records.py,ccim,scripts/collect_swap_records.py,8719,4120442d198cf92ba2f0d56a727e29c02c4d2bebdbf7e829fc525d88dbd380cc,1,objects/4120442d198cf92ba2f0d56a727e29c02c4d2bebdbf7e829fc525d88dbd380cc
CCIM/scripts/diagnose_model_mismatch.py,ccim,scripts/diagnose_model_mismatch.py,3466,50e778d03bf071ffcf926dad0db935e1bce619cd18b9c546a2208b291be9486a,1,objects/50e778d03bf071ffcf926dad0db935e1bce619cd18b9c546a2208b291be9486a
CCIM/scripts/diagnose_scan_order.py,ccim,scripts/diagnose_scan_order.py,4947,fe0a4734665dd794e917ea319c108e7bae04c58716c55c32d4ae660e120900ee,1,objects/fe0a4734665dd794e917ea319c108e7bae04c58716c55c32d4ae660e120900ee
CCIM/scripts/eim_time.py,ccim,scripts/eim_time.py,5770,5aba9284c7f9ba025d516458f39fe675fdc5cca818847b72b2181e3b8d35fb4d,1,objects/5aba9284c7f9ba025d516458f39fe675fdc5cca818847b72b2181e3b8d35fb4d
CCIM/scripts/equiv_check.py,ccim,scripts/equiv_check.py,11755,e8511df21eeed265935d301cd732d1f801f2d1ca0b322749e6f881163a47995f,1,objects/e8511df21eeed265935d301cd732d1f801f2d1ca0b322749e6f881163a47995f
CCIM/scripts/first_step.py,ccim,scripts/first_step.py,7345,c55a8197ac4c7f389963ea72be42f3b1aa172d10dc918b6afcf12649c304a96b,1,objects/c55a8197ac4c7f389963ea72be42f3b1aa172d10dc918b6afcf12649c304a96b
CCIM/scripts/frozen_validation.py,ccim,scripts/frozen_validation.py,11483,d604a11f387a9934bd659002c5acc6bb0abdd1ec0eb974ce6dc169e72d8fd5ca,1,objects/d604a11f387a9934bd659002c5acc6bb0abdd1ec0eb974ce6dc169e72d8fd5ca
CCIM/scripts/inspect_swap_records.py,ccim,scripts/inspect_swap_records.py,5265,54075cd492b01912d7db215e67f7f78ab448988f35ffb2ee5d1bf5320da68568,1,objects/54075cd492b01912d7db215e67f7f78ab448988f35ffb2ee5d1bf5320da68568
CCIM/scripts/learned_ranking_pilot.py,ccim,scripts/learned_ranking_pilot.py,19334,e3d4792b43fbb5353985e57127fe9289744e837f9b387084fe153d5925e569ed,1,objects/e3d4792b43fbb5353985e57127fe9289744e837f9b387084fe153d5925e569ed
CCIM/scripts/legal_ranker.py,ccim,scripts/legal_ranker.py,14099,e8687c74258d3ada320f8a88bdbf4626e4256f234a8ea59a59a6e932ad41a93f,1,objects/e8687c74258d3ada320f8a88bdbf4626e4256f234a8ea59a59a6e932ad41a93f
CCIM/scripts/legal_ranker_audit.py,ccim,scripts/legal_ranker_audit.py,9273,c2215a2aae50f90a33db767e787e1a2f958742a3499003608a6a7e69e9622650,1,objects/c2215a2aae50f90a33db767e787e1a2f958742a3499003608a6a7e69e9622650
CCIM/scripts/list_candidate_instances.py,ccim,scripts/list_candidate_instances.py,12891,1d04e256d5bbdd8fccd8dff2a888c170f7e651e554bede7951760163154d2b29,1,objects/1d04e256d5bbdd8fccd8dff2a888c170f7e651e554bede7951760163154d2b29
CCIM/scripts/measure_ca_grqc.py,ccim,scripts/measure_ca_grqc.py,13243,4e7206c880bcca292f2363b3008c173d1eb6541e30f7ab0c4cc079f0e00fcd14,1,objects/4e7206c880bcca292f2363b3008c173d1eb6541e30f7ab0c4cc079f0e00fcd14
CCIM/scripts/official_assembly.py,ccim,scripts/official_assembly.py,8447,92d8d296c19e0e5fd52a98a48fc7114352fe3eed97212c81e0d9300989b0ccd6,1,objects/92d8d296c19e0e5fd52a98a48fc7114352fe3eed97212c81e0d9300989b0ccd6
CCIM/scripts/optimise_candidate_generation.py,ccim,scripts/optimise_candidate_generation.py,9807,4833a893f8f3d5654ae9234b1c9ae365de21776361518423c56e59529e44bc28,1,objects/4833a893f8f3d5654ae9234b1c9ae365de21776361518423c56e59529e44bc28
CCIM/scripts/probe_hyperparameters.py,ccim,scripts/probe_hyperparameters.py,2916,9c7e88082209180a7274c81ec6df884270a10cc8e4ed38e51c687e4ba72c48a1,1,objects/9c7e88082209180a7274c81ec6df884270a10cc8e4ed38e51c687e4ba72c48a1
CCIM/scripts/probe_training_budget.py,ccim,scripts/probe_training_budget.py,2023,49fa85465b0fa4b280600309d0fc658a1da55ed9f5b3917c5710321d5fde15fb,1,objects/49fa85465b0fa4b280600309d0fc658a1da55ed9f5b3917c5710321d5fde15fb
CCIM/scripts/resume_check.py,ccim,scripts/resume_check.py,10223,83588c4e0ed5dfb72be8a93a15af733e55c433a092eb49c944b971ee9a266145,1,objects/83588c4e0ed5dfb72be8a93a15af733e55c433a092eb49c944b971ee9a266145
CCIM/scripts/run_gate1.py,ccim,scripts/run_gate1.py,12365,d3b5786e567176f51beb9f3b4287b2588142dea128ef02f2d7c094be749c285a,1,objects/d3b5786e567176f51beb9f3b4287b2588142dea128ef02f2d7c094be749c285a
CCIM/scripts/run_gate2_shaping.py,ccim,scripts/run_gate2_shaping.py,12760,6f09144086cb9261dba4e888f8c07d3184e432a8ebe54924330fd1b635506b60,1,objects/6f09144086cb9261dba4e888f8c07d3184e432a8ebe54924330fd1b635506b60
CCIM/scripts/run_scan_order_pilot.py,ccim,scripts/run_scan_order_pilot.py,11588,57b273815396927ed96a5200288d1b962be3383438e0118038e39b0c2e81eed7,1,objects/57b273815396927ed96a5200288d1b962be3383438e0118038e39b0c2e81eed7
CCIM/scripts/sanity_check_setting.py,ccim,scripts/sanity_check_setting.py,3742,728aafa9665320b76cabb6a04f63e3c0e6f23aeaeb560f750bfd0ab40ba8d1d6,1,objects/728aafa9665320b76cabb6a04f63e3c0e6f23aeaeb560f750bfd0ab40ba8d1d6
CCIM/scripts/search_probe_ca_grqc.py,ccim,scripts/search_probe_ca_grqc.py,11033,bc1f465403c9275f614215158b9d0a80945db828f02987b6e2485a0287b674be,1,objects/bc1f465403c9275f614215158b9d0a80945db828f02987b6e2485a0287b674be
CCIM/scripts/shorthorizon.py,ccim,scripts/shorthorizon.py,12473,af026c322219cf314eec490ea274d6ff5b9c5e9d946db493869ff4176efedc1f,1,objects/af026c322219cf314eec490ea274d6ff5b9c5e9d946db493869ff4176efedc1f
CCIM/scripts/shorthorizon_table.py,ccim,scripts/shorthorizon_table.py,6221,12492a12f74efd4947adb40d90e619b8145340625d825bb4e956c4678f69c206,1,objects/12492a12f74efd4947adb40d90e619b8145340625d825bb4e956c4678f69c206
CCIM/scripts/survey_value_probe.py,ccim,scripts/survey_value_probe.py,10512,0c59f65dee9e934270c5358d285a9b82108d5b5fa03f8af5b8dd71d22abc60d2,1,objects/0c59f65dee9e934270c5358d285a9b82108d5b5fa03f8af5b8dd71d22abc60d2
CCIM/scripts/train_swap_ranker.py,ccim,scripts/train_swap_ranker.py,10697,485e47ba7eb64669dfbce3673b6b593f37e04ea3e77c8e9424b64e7a44bd113e,1,objects/485e47ba7eb64669dfbce3673b6b593f37e04ea3e77c8e9424b64e7a44bd113e
CCIM/scripts/wallclock_comparison.py,ccim,scripts/wallclock_comparison.py,22205,0ca40d70ee3a7d59f003000bed26501886c7ca73bea6eddaca7d7c7a9a13c679,1,objects/0ca40d70ee3a7d59f003000bed26501886c7ca73bea6eddaca7d7c7a9a13c679
CCIM/scripts/xcheck_official_icm.py,ccim,scripts/xcheck_official_icm.py,5815,133ee7b9f70367534ae1c494e63233bd7a0b9a295364b868f9917e9bd71f34c1,1,objects/133ee7b9f70367534ae1c494e63233bd7a0b9a295364b868f9917e9bd71f34c1
CCIM/scripts/xplore_baseline.py,ccim,scripts/xplore_baseline.py,19399,5c4dffece2792613f75ae8bff7a817550607c5ee15dbf58796d289ce40ded867,1,objects/5c4dffece2792613f75ae8bff7a817550607c5ee15dbf58796d289ce40ded867
CCIM/scripts/xplore_diag.py,ccim,scripts/xplore_diag.py,13198,3c1aaae0bae6b9852f8105143110a88aa3509f3879e92536df53eaf192edb5b1,1,objects/3c1aaae0bae6b9852f8105143110a88aa3509f3879e92536df53eaf192edb5b1
CCIM/scripts/xplore_learn.py,ccim,scripts/xplore_learn.py,21440,b85be9c6096496f8a652625f3a2d9aed018961d948378fdc54e08f946888a4cd,1,objects/b85be9c6096496f8a652625f3a2d9aed018961d948378fdc54e08f946888a4cd
CCIM/scripts/xplore_official.py,ccim,scripts/xplore_official.py,28073,6af1c219c99fff559c552f370f55c9c59f95920d2c47618f96cd9de31c4065b9,1,objects/6af1c219c99fff559c552f370f55c9c59f95920d2c47618f96cd9de31c4065b9
CCIM/scripts/xplore_official_eval.py,ccim,scripts/xplore_official_eval.py,13133,995629574c023edc84a23521a872f5a8ff63f92b5c57784466282b0d0f31ba0f,1,objects/995629574c023edc84a23521a872f5a8ff63f92b5c57784466282b0d0f31ba0f
CCIM/tests/test_attribute_voi_probe.py,ccim,tests/test_attribute_voi_probe.py,4079,fbfc544cfa6d85ff49f015ef5d71e4947717a135cc152d65cf328fce08ff2a35,1,objects/fbfc544cfa6d85ff49f015ef5d71e4947717a135cc152d65cf328fce08ff2a35
CCIM/tests/test_batched_search.py,ccim,tests/test_batched_search.py,7828,69630641962f28708213f51f28f9ec2c571c2488c46022238752d2e663c6685e,1,objects/69630641962f28708213f51f28f9ec2c571c2488c46022238752d2e663c6685e
CCIM/tests/test_ccim_diffuser.py,ccim,tests/test_ccim_diffuser.py,7756,591d6c412f75f49e38a1ef11cea12e1eb89cc31704f2e4ed655d36efd02a3daa,1,objects/591d6c412f75f49e38a1ef11cea12e1eb89cc31704f2e4ed655d36efd02a3daa
CCIM/tests/test_lazy_shuffle.py,ccim,tests/test_lazy_shuffle.py,4085,90f25577d57d541d237a9df6710d3d41c53ba2bd2a04bf39eb0f3cd13a27aa70,1,objects/90f25577d57d541d237a9df6710d3d41c53ba2bd2a04bf39eb0f3cd13a27aa70
CCIM/tests/test_learned_rank.py,ccim,tests/test_learned_rank.py,8509,1f839894d11b7fd6bc849e669b3713b14e68e85b99717e98f9ff466543d4bd73,1,objects/1f839894d11b7fd6bc849e669b3713b14e68e85b99717e98f9ff466543d4bd73
CCIM/tests/test_ranker_legality.py,ccim,tests/test_ranker_legality.py,4460,233a445fa7ba373772660d84801b590741a8946586d91937227be967f354846c,1,objects/233a445fa7ba373772660d84801b590741a8946586d91937227be967f354846c
CCIM/tests/test_xplore.py,ccim,tests/test_xplore.py,9652,7190e280671f63433b3e631fd0e102c520f01cc436a7612525f811fa291f723d,1,objects/7190e280671f63433b3e631fd0e102c520f01cc436a7612525f811fa291f723d
CCIM/tests/test_xplore_learner.py,ccim,tests/test_xplore_learner.py,5539,3d76eea95b4169035b6ea19fb2c8ce02ebdc994337ad49385b07de9c35fb2c2b,1,objects/3d76eea95b4169035b6ea19fb2c8ce02ebdc994337ad49385b07de9c35fb2c2b
