path,source,source_relative,bytes,sha256,in_git,object
EARLY_IM/final_v2/comparison_metrics.csv,old_final,comparison_metrics.csv,3226,42f87886b6b4bae39470ddb15f1eac71d68f2df95f48e81b66bbeb7a71f53253,1,objects/42f87886b6b4bae39470ddb15f1eac71d68f2df95f48e81b66bbeb7a71f53253
EARLY_IM/final_v2/comparison_results.json,old_final,comparison_results.json,10736,636603710cfcfa9dcd3bfc969c026ffd1ad5a6c10eb747f0037faae1af6bb190,1,objects/636603710cfcfa9dcd3bfc969c026ffd1ad5a6c10eb747f0037faae1af6bb190
EARLY_IM/final_v2/config.yaml,old_final,config.yaml,785,464c3d0ce8debcc31b89988e4de83e4f7f2dba258893069963010af4e2acea5e,1,objects/464c3d0ce8debcc31b89988e4de83e4f7f2dba258893069963010af4e2acea5e
EARLY_IM/final_v2/marginal_dataset.json,old_final,marginal_dataset.json,1301160,70ff9f53f98f425da22a425235367f390fbbc0dfc67792bb781f096f55f3f026,0,objects/70ff9f53f98f425da22a425235367f390fbbc0dfc67792bb781f096f55f3f026
EARLY_IM/merged/docs/ADAPTIVE_EARLY_STOP.md,merged,docs/ADAPTIVE_EARLY_STOP.md,10995,d228d5c7a1d57e73f911e44dd756e43f4e096c96f818bfe8e76bb29cc56d1b12,1,objects/d228d5c7a1d57e73f911e44dd756e43f4e096c96f818bfe8e76bb29cc56d1b12
EARLY_IM/merged/docs/AUDIT_AND_PLAN.md,merged,docs/AUDIT_AND_PLAN.md,21045,b94857a7ee6f871349e1afa8d60787fc51aeea6b06b0b54593bfe598a2936027,1,objects/b94857a7ee6f871349e1afa8d60787fc51aeea6b06b0b54593bfe598a2936027
EARLY_IM/merged/docs/AUDIT_STATUS.md,merged,docs/AUDIT_STATUS.md,11041,fe3c819f702115f7de831009cc6b0ae2490d6e935e746170f9937be46f7f0a87,1,objects/fe3c819f702115f7de831009cc6b0ae2490d6e935e746170f9937be46f7f0a87
EARLY_IM/merged/docs/CODEBASE_GUIDE.md,merged,docs/CODEBASE_GUIDE.md,7035,cc92c3a42dea498aa7fed20606890b90c7a3307bc8ae92f34f3a7156f73c81ac,1,objects/cc92c3a42dea498aa7fed20606890b90c7a3307bc8ae92f34f3a7156f73c81ac
EARLY_IM/merged/docs/COLLABORATOR_HANDOFF.md,merged,docs/COLLABORATOR_HANDOFF.md,4484,7e056e33f2d5c67b89f38e9db14e8513d250fe4367f067065e1f5832be1b20f9,1,objects/7e056e33f2d5c67b89f38e9db14e8513d250fe4367f067065e1f5832be1b20f9
EARLY_IM/merged/docs/DECISIONS.md,merged,docs/DECISIONS.md,5822,cd74707e51878e7e4ca158c0a05c55d2bd0a2c7c928dc7a59bf56a8118f145a0,1,objects/cd74707e51878e7e4ca158c0a05c55d2bd0a2c7c928dc7a59bf56a8118f145a0
EARLY_IM/merged/docs/DEVELOPMENT_PLAN.md,merged,docs/DEVELOPMENT_PLAN.md,1304,24d76dacf18a9a9b13b63c546d30b7376ee5c8f80ca7146bb4c5a51ebcf5e869,1,objects/24d76dacf18a9a9b13b63c546d30b7376ee5c8f80ca7146bb4c5a51ebcf5e869
EARLY_IM/merged/docs/EXPERIMENTS_20260916.md,merged,docs/EXPERIMENTS_20260916.md,13543,dba99f346f38c1914f893c6f25a1f659d4960a3281c5cf9e6fba9b61b42bb9b3,1,objects/dba99f346f38c1914f893c6f25a1f659d4960a3281c5cf9e6fba9b61b42bb9b3
EARLY_IM/merged/docs/EXPERIMENT_LOG.md,merged,docs/EXPERIMENT_LOG.md,23301,33d8b47aeb2e1d82e44de9174cb001436f4bf5f04fbc79cbea2ef7abf0c44d45,1,objects/33d8b47aeb2e1d82e44de9174cb001436f4bf5f04fbc79cbea2ef7abf0c44d45
EARLY_IM/merged/docs/EXPERIMENT_PROTOCOL.md,merged,docs/EXPERIMENT_PROTOCOL.md,1551,15231e0cdf6aaa17ee10a87735e5392bc1b6c5c8541215329d131c03f92e1e05,1,objects/15231e0cdf6aaa17ee10a87735e5392bc1b6c5c8541215329d131c03f92e1e05
EARLY_IM/merged/docs/GATE1B_FINDINGS.md,merged,docs/GATE1B_FINDINGS.md,7404,17d78042a85817e43ff6e7c817bfb8073144d2975feef123a3170fcdde7fe6ec,1,objects/17d78042a85817e43ff6e7c817bfb8073144d2975feef123a3170fcdde7fe6ec
EARLY_IM/merged/docs/GATE1_REPORT.md,merged,docs/GATE1_REPORT.md,29094,20cdda6e45ce8138a2142fd9dba81582ede0f01e581172c06af8846f089c9a65,1,objects/20cdda6e45ce8138a2142fd9dba81582ede0f01e581172c06af8846f089c9a65
EARLY_IM/merged/docs/GATE2_REPORT.md,merged,docs/GATE2_REPORT.md,7635,d0f661e2e5f7ca3e9e79254ffc199d2f85f63d09f8292516dd327150887a61f7,1,objects/d0f661e2e5f7ca3e9e79254ffc199d2f85f63d09f8292516dd327150887a61f7
EARLY_IM/merged/docs/GATE3A_REPORT.md,merged,docs/GATE3A_REPORT.md,5362,e8cf4f791fca3ae3dc70574ae3f0d01b0f6d44034bcbf406e4e4c189744a488d,1,objects/e8cf4f791fca3ae3dc70574ae3f0d01b0f6d44034bcbf406e4e4c189744a488d
EARLY_IM/merged/docs/GO_NO_GO_REPORT.md,merged,docs/GO_NO_GO_REPORT.md,15039,48f79b1d378503e7a0846a765c4d475443550cf0b918d89c58e2a662d476270c,1,objects/48f79b1d378503e7a0846a765c4d475443550cf0b918d89c58e2a662d476270c
EARLY_IM/merged/docs/GRQC_NEW_STATES.md,merged,docs/GRQC_NEW_STATES.md,15980,77d09ed0d752ffda1fba3f2b290831078a9d8c6071ca94486860deb37625a55c,1,objects/77d09ed0d752ffda1fba3f2b290831078a9d8c6071ca94486860deb37625a55c
EARLY_IM/merged/docs/GRQC_RANK_REVERSAL.md,merged,docs/GRQC_RANK_REVERSAL.md,17621,575c9b7eac23f4901649dde25518a430a26a50ed4b327e26c6680f01325d8b0b,1,objects/575c9b7eac23f4901649dde25518a430a26a50ed4b327e26c6680f01325d8b0b
EARLY_IM/merged/docs/HANDOFF_20260917.md,merged,docs/HANDOFF_20260917.md,17933,614d3bf5b08c11d797658bdba15273ebcaba11ff321d8d468a2756ba142ae45a,1,objects/614d3bf5b08c11d797658bdba15273ebcaba11ff321d8d468a2756ba142ae45a
EARLY_IM/merged/docs/NEXT_STEPS.md,merged,docs/NEXT_STEPS.md,2348,d6495518420aa8f804cf95d044af4570c22347988345b8b41cc22d79e03ce159,1,objects/d6495518420aa8f804cf95d044af4570c22347988345b8b41cc22d79e03ce159
EARLY_IM/merged/docs/OVERLAP_GENERALIZATION.md,merged,docs/OVERLAP_GENERALIZATION.md,2677,ceb8e6408e8bc61b5380c8bac19c5ae867bec269d63058911ef668bb88e50ee4,1,objects/ceb8e6408e8bc61b5380c8bac19c5ae867bec269d63058911ef668bb88e50ee4
EARLY_IM/merged/docs/P0_COMPLETION_REPORT.md,merged,docs/P0_COMPLETION_REPORT.md,15801,46bc7ad48ddd6440e75cad29a91310ea320324beb2b10ca041446c76ec5d9800,1,objects/46bc7ad48ddd6440e75cad29a91310ea320324beb2b10ca041446c76ec5d9800
EARLY_IM/merged/docs/P0_MODEL_FIX_REPORT.md,merged,docs/P0_MODEL_FIX_REPORT.md,8364,9a539590ef5c4f074aedc82b02e153074f2c8f941bc0b13620da2ab689464f89,1,objects/9a539590ef5c4f074aedc82b02e153074f2c8f941bc0b13620da2ab689464f89
EARLY_IM/merged/docs/PAPER_CODE_MAPPING.md,merged,docs/PAPER_CODE_MAPPING.md,2918,87c381bb01a6f4e608cdb12960bfc23bf55e2a85ed3288289be1a92205266eb8,1,objects/87c381bb01a6f4e608cdb12960bfc23bf55e2a85ed3288289be1a92205266eb8
EARLY_IM/merged/docs/PAPER_DATASETS_AND_BENCHMARK_PLAN.md,merged,docs/PAPER_DATASETS_AND_BENCHMARK_PLAN.md,6558,4ce9dd36920d08ebf0f8b913d3fc265d70f0f8f8926aa1898e9975e9316cfdf7,1,objects/4ce9dd36920d08ebf0f8b913d3fc265d70f0f8f8926aa1898e9975e9316cfdf7
EARLY_IM/merged/docs/RESEARCH_STATE.md,merged,docs/RESEARCH_STATE.md,4100,7a6579d013e9b9935bbb5ac746579db8eea9e9edecb72dbd26e6586cffe0b95a,1,objects/7a6579d013e9b9935bbb5ac746579db8eea9e9edecb72dbd26e6586cffe0b95a
EARLY_IM/merged/docs/RETRIEVAL_RERANKING.md,merged,docs/RETRIEVAL_RERANKING.md,2185,e30a08a66c83eb50183b8cbedfc27a8b5afa2ed8d6f35c822419a1529d307bf2,1,objects/e30a08a66c83eb50183b8cbedfc27a8b5afa2ed8d6f35c822419a1529d307bf2
EARLY_IM/merged/docs/SELECTION_BUDGET_CURVE.md,merged,docs/SELECTION_BUDGET_CURVE.md,18319,18723a4fdb2184d79399108a92863b08cc51eda2609d831f09f6469b480db2c3,1,objects/18723a4fdb2184d79399108a92863b08cc51eda2609d831f09f6469b480db2c3
EARLY_IM/merged/docs/SHORTLIST_HEADROOM.md,merged,docs/SHORTLIST_HEADROOM.md,20149,4f61abb2e5760a41c1037a152fadb70383599ecca608e715578e9e04a473a9c6,1,objects/4f61abb2e5760a41c1037a152fadb70383599ecca608e715578e9e04a473a9c6
EARLY_IM/merged/docs/STAGE4_REPORT.md,merged,docs/STAGE4_REPORT.md,7650,c3e9af838100093bf2646a2e907eb5a2d49cc6adf35bb14a42c29450676cac5b,1,objects/c3e9af838100093bf2646a2e907eb5a2d49cc6adf35bb14a42c29450676cac5b
EARLY_IM/merged/docs/STAGE5_REPORT.md,merged,docs/STAGE5_REPORT.md,6980,23a297898765465e98399bca6e67fd8527cfafb55d5f8cce3b5b6d84edcd9269,1,objects/23a297898765465e98399bca6e67fd8527cfafb55d5f8cce3b5b6d84edcd9269
EARLY_IM/merged/docs/SUCCESSIVE_HALVING.md,merged,docs/SUCCESSIVE_HALVING.md,10691,272504b9802f61066d77b5c7f7c83342f7b870f1cf3ed4fe18f37a42b3f5d1c5,1,objects/272504b9802f61066d77b5c7f7c83342f7b870f1cf3ed4fe18f37a42b3f5d1c5
EARLY_IM/merged/docs/SURROGATE_GAP_FINDING.md,merged,docs/SURROGATE_GAP_FINDING.md,6817,9fe77135087c1aefdf3b9fc01051f96a616b9b2a3707dd094add3c7440640f4f,1,objects/9fe77135087c1aefdf3b9fc01051f96a616b9b2a3707dd094add3c7440640f4f
EARLY_IM/merged/docs/VALIDATION_TARGETED.md,merged,docs/VALIDATION_TARGETED.md,7543,0fcf0d618e66416f20d946957221793807e703bbd48b8a1f880e33ad2baf9c26,1,objects/0fcf0d618e66416f20d946957221793807e703bbd48b8a1f880e33ad2baf9c26
EARLY_IM/merged/docs/VALIDITY_FIXES.md,merged,docs/VALIDITY_FIXES.md,6473,06982dd92578b3e1e475c801032562116427d1d4f30b43b63108f7efe5b6a5a0,1,objects/06982dd92578b3e1e475c801032562116427d1d4f30b43b63108f7efe5b6a5a0
EARLY_IM/merged/docs/WITHDRAWN_RESULTS.md,merged,docs/WITHDRAWN_RESULTS.md,20776,06f32042f73064daf941f5502beaa8adc487edf6f009110a87e1ff0f0e88121e,1,objects/06f32042f73064daf941f5502beaa8adc487edf6f009110a87e1ff0f0e88121e
EARLY_IM/merged/docs/experiments/2026-09-02_marginal_gain_validation.md,merged,docs/experiments/2026-09-02_marginal_gain_validation.md,4515,3cce0a41cba661bb38ccc39e1fa6d46a4174849b79b9184767bd7a3c487824f0,1,objects/3cce0a41cba661bb38ccc39e1fa6d46a4174849b79b9184767bd7a3c487824f0
EARLY_IM/merged/docs/results/OPIM_C_NETHEPT_K10_20260905.md,merged,docs/results/OPIM_C_NETHEPT_K10_20260905.md,1949,d24751b5c08dbb4b9e25bc58c76e4ff11c0f60eafa1b9111e6ef1434e614ac1f,1,objects/d24751b5c08dbb4b9e25bc58c76e4ff11c0f60eafa1b9111e6ef1434e614ac1f
EARLY_IM/merged/docs/results/_smoke_arms.json,merged,docs/results/_smoke_arms.json,29995,058b28d6ca244e71093fc290c8aabfd7a192d696169940aca0d39bab351f0023,1,objects/058b28d6ca244e71093fc290c8aabfd7a192d696169940aca0d39bab351f0023
EARLY_IM/merged/docs/results/_valid_check.json,merged,docs/results/_valid_check.json,22990,1c4b0cb08739232920528bd1bf47919529ce7ce91710631d42cb99b7e621bf5b,1,objects/1c4b0cb08739232920528bd1bf47919529ce7ce91710631d42cb99b7e621bf5b
EARLY_IM/merged/docs/results/adaptive_early_stop.json,merged,docs/results/adaptive_early_stop.json,44621,a5044fe5c99b71001097a8ee960e5de2db9a1522303cf5ef828b08bfb53fea9d,1,objects/a5044fe5c99b71001097a8ee960e5de2db9a1522303cf5ef828b08bfb53fea9d
EARLY_IM/merged/docs/results/adaptive_early_stop.log,merged,docs/results/adaptive_early_stop.log,18214,e587535427ca800b305a8b316516d58715980105cb9e077c9d4fcddc400b5ad4,0,objects/e587535427ca800b305a8b316516d58715980105cb9e077c9d4fcddc400b5ad4
EARLY_IM/merged/docs/results/coverage_argument_20260918.json,merged,docs/results/coverage_argument_20260918.json,522,2558a9b693bfb752b17eeda3f85a07dc99bc8220307ac07225ecfc3d88255137,1,objects/2558a9b693bfb752b17eeda3f85a07dc99bc8220307ac07225ecfc3d88255137
EARLY_IM/merged/docs/results/density_degree_signflip_20260917.json,merged,docs/results/density_degree_signflip_20260917.json,15009,477eded7c6fab58eff455d1bd1f00ae2e16c19c9ec923ef6113790334b13a4a1,1,objects/477eded7c6fab58eff455d1bd1f00ae2e16c19c9ec923ef6113790334b13a4a1
EARLY_IM/merged/docs/results/density_degree_signflip_bitcoin_20260917.json,merged,docs/results/density_degree_signflip_bitcoin_20260917.json,2142,2a9e436124e34baad13d8801bcd53ee65ed05161c54e22f86aace14676bbc325,1,objects/2a9e436124e34baad13d8801bcd53ee65ed05161c54e22f86aace14676bbc325
EARLY_IM/merged/docs/results/gate1b.log,merged,docs/results/gate1b.log,12502,0ccff8d232eb33e8a686abe368d54402b9e1123cfab11b3cee66cc9bb3d40402,0,objects/0ccff8d232eb33e8a686abe368d54402b9e1123cfab11b3cee66cc9bb3d40402
EARLY_IM/merged/docs/results/gate1b_ca_grqc.log,merged,docs/results/gate1b_ca_grqc.log,766,ea358950fe9eb659d9a646493b3f907e2a36122e5a420c5698aab6df0be2f61a,0,objects/ea358950fe9eb659d9a646493b3f907e2a36122e5a420c5698aab6df0be2f61a
EARLY_IM/merged/docs/results/gate1b_sequential_vs_static.json,merged,docs/results/gate1b_sequential_vs_static.json,1141875,e2948efe27412fbbc1a192ab20f4ff15649cb394dab6ff1e8ac68e45c0cc11ba,0,objects/e2948efe27412fbbc1a192ab20f4ff15649cb394dab6ff1e8ac68e45c0cc11ba
EARLY_IM/merged/docs/results/gate_calibration.json,merged,docs/results/gate_calibration.json,4156,6139c262cfc2c6734aa0828489a120fe697d902e9ad133e307a9e3444374ca4a,1,objects/6139c262cfc2c6734aa0828489a120fe697d902e9ad133e307a9e3444374ca4a
EARLY_IM/merged/docs/results/grqc_new_states.json,merged,docs/results/grqc_new_states.json,14112144,2589e54363776013b13955369ed62fe9b3ed33bff042e453b74730e4dfb3da97,0,objects/2589e54363776013b13955369ed62fe9b3ed33bff042e453b74730e4dfb3da97
EARLY_IM/merged/docs/results/grqc_new_states.log,merged,docs/results/grqc_new_states.log,5050,3dcb5a41530a6f8e75202f1141d469b66da591d70cce7b3f61cdd9a06fffcd29,0,objects/3dcb5a41530a6f8e75202f1141d469b66da591d70cce7b3f61cdd9a06fffcd29
EARLY_IM/merged/docs/results/grqc_new_states_cfg0.json,merged,docs/results/grqc_new_states_cfg0.json,2723144,927ec9a9d9a2b314d1781f202703c6b08aca15ee17c986d4d138324a5b7029bc,0,objects/927ec9a9d9a2b314d1781f202703c6b08aca15ee17c986d4d138324a5b7029bc
EARLY_IM/merged/docs/results/grqc_new_states_cfg0.log,merged,docs/results/grqc_new_states_cfg0.log,270,8b960cb3032f904f5558631362f23521b56131f561dd85be596ec77508ef969f,0,objects/8b960cb3032f904f5558631362f23521b56131f561dd85be596ec77508ef969f
EARLY_IM/merged/docs/results/grqc_new_states_cfg1.json,merged,docs/results/grqc_new_states_cfg1.json,2721785,79fb7e65be0c9125c2f96d816bbaa3533365a62a3d64a6fcf5403ef3742cf852,0,objects/79fb7e65be0c9125c2f96d816bbaa3533365a62a3d64a6fcf5403ef3742cf852
EARLY_IM/merged/docs/results/grqc_new_states_cfg1.log,merged,docs/results/grqc_new_states_cfg1.log,270,67eb864fa003aeca45db742a8dfb0e66ec20da6542ab1eb73f4ca638322613e8,0,objects/67eb864fa003aeca45db742a8dfb0e66ec20da6542ab1eb73f4ca638322613e8
EARLY_IM/merged/docs/results/grqc_new_states_cfg2.json,merged,docs/results/grqc_new_states_cfg2.json,2721679,c28b30a9071affca4c63b7d4f8344d71a8f239805e002eab1f988c9486919489,0,objects/c28b30a9071affca4c63b7d4f8344d71a8f239805e002eab1f988c9486919489
EARLY_IM/merged/docs/results/grqc_new_states_cfg2.log,merged,docs/results/grqc_new_states_cfg2.log,258,4f7966e09781c1d039b5114c89125f27ed51ebf1abf30d26ca08820eaece2777,0,objects/4f7966e09781c1d039b5114c89125f27ed51ebf1abf30d26ca08820eaece2777
EARLY_IM/merged/docs/results/grqc_new_states_cfg3.json,merged,docs/results/grqc_new_states_cfg3.json,2723082,7ceccf5dd85d5ae86a825f624b78ec3f3a1053dfb5473bc00a3286ea2c4a4719,0,objects/7ceccf5dd85d5ae86a825f624b78ec3f3a1053dfb5473bc00a3286ea2c4a4719
EARLY_IM/merged/docs/results/grqc_new_states_cfg3.log,merged,docs/results/grqc_new_states_cfg3.log,266,1bb375765d83b26e6588aed724e70a067c2cc52e527bbcc223cfdcb099b2d312,0,objects/1bb375765d83b26e6588aed724e70a067c2cc52e527bbcc223cfdcb099b2d312
EARLY_IM/merged/docs/results/grqc_new_states_choices_cfg0.json,merged,docs/results/grqc_new_states_choices_cfg0.json,21762,a383b21898e195b6cb85e39ba3c0b267aaa28065f8c510d0f1aeddc7b0969834,1,objects/a383b21898e195b6cb85e39ba3c0b267aaa28065f8c510d0f1aeddc7b0969834
EARLY_IM/merged/docs/results/grqc_new_states_choices_cfg1.json,merged,docs/results/grqc_new_states_choices_cfg1.json,21800,9819aecf94a56e62bb81928e4a5f14be685ca1102264f188d0f1b3aa66e1be1a,1,objects/9819aecf94a56e62bb81928e4a5f14be685ca1102264f188d0f1b3aa66e1be1a
EARLY_IM/merged/docs/results/grqc_new_states_choices_cfg2.json,merged,docs/results/grqc_new_states_choices_cfg2.json,21725,fb2e9ef2381c7de3de3d7348f513f9f0c02d1bc856ce0f5b6d3a5e97ac7b3f79,1,objects/fb2e9ef2381c7de3de3d7348f513f9f0c02d1bc856ce0f5b6d3a5e97ac7b3f79
EARLY_IM/merged/docs/results/grqc_new_states_choices_cfg3.json,merged,docs/results/grqc_new_states_choices_cfg3.json,21843,1b679f15fd6f364d33dfe8211820df4a7a4c00a9bea462738b512412c1acd084,1,objects/1b679f15fd6f364d33dfe8211820df4a7a4c00a9bea462738b512412c1acd084
EARLY_IM/merged/docs/results/grqc_rank_reversal.json,merged,docs/results/grqc_rank_reversal.json,885114,1a14b6285d1a82f0c2451f534e4ea29a99ca196e9d5d8c6031a6d8da8d23f4e4,0,objects/1a14b6285d1a82f0c2451f534e4ea29a99ca196e9d5d8c6031a6d8da8d23f4e4
EARLY_IM/merged/docs/results/grqc_rank_reversal.log,merged,docs/results/grqc_rank_reversal.log,6682,01ba3cd440f5f765f1e1d91c56236d10089003994810e556f8e7c6d1903ea877,0,objects/01ba3cd440f5f765f1e1d91c56236d10089003994810e556f8e7c6d1903ea877
EARLY_IM/merged/docs/results/grqc_rank_reversal_candidates.json,merged,docs/results/grqc_rank_reversal_candidates.json,1948,1f1b2e951c5ee24a7f2c841e510aad84a3cba10caa8129341f01943af1aba071,1,objects/1f1b2e951c5ee24a7f2c841e510aad84a3cba10caa8129341f01943af1aba071
EARLY_IM/merged/docs/results/nethept_adaptive_certification_20260903.json,merged,docs/results/nethept_adaptive_certification_20260903.json,4696,48f3cc91cac60dec698e82fb1db851d3b4afd2cde8e389136d83c4ae9fc2b88d,1,objects/48f3cc91cac60dec698e82fb1db851d3b4afd2cde8e389136d83c4ae9fc2b88d
EARLY_IM/merged/docs/results/nethept_audited_residual_multiseed_20260904.json,merged,docs/results/nethept_audited_residual_multiseed_20260904.json,1594923,43cdd85c04f9f8844cf1cc360c90771022be91819815c9045efb83c6988a824b,0,objects/43cdd85c04f9f8844cf1cc360c90771022be91819815c9045efb83c6988a824b
EARLY_IM/merged/docs/results/nethept_audited_residual_pool256_r2_20260904.json,merged,docs/results/nethept_audited_residual_pool256_r2_20260904.json,612687,2627d861272d1c1bc6810c01cb2507b976e7eee7c282811a8486a2963a43f0eb,0,objects/2627d861272d1c1bc6810c01cb2507b976e7eee7c282811a8486a2963a43f0eb
EARLY_IM/merged/docs/results/nethept_audited_residual_pool512_r1_20260904.json,merged,docs/results/nethept_audited_residual_pool512_r1_20260904.json,627557,c15a62007130b69eee01673202d49777f5dc9f13a34e87eaea430a589423d60b,0,objects/c15a62007130b69eee01673202d49777f5dc9f13a34e87eaea430a589423d60b
EARLY_IM/merged/docs/results/nethept_end_to_end_20260903.json,merged,docs/results/nethept_end_to_end_20260903.json,1383,29f6d9c8146eb51ca2d02c78cb02236db803f9265c162b2ea60864f53b3fbf21,1,objects/29f6d9c8146eb51ca2d02c78cb02236db803f9265c162b2ea60864f53b3fbf21
EARLY_IM/merged/docs/results/nethept_fullgraph_rr_screening_multiseed_20260905.json,merged,docs/results/nethept_fullgraph_rr_screening_multiseed_20260905.json,12905,d71d922eeb38d8b5a97f1af1937e6a2cbbc0c01c9c0f891b611698b0752247b8,1,objects/d71d922eeb38d8b5a97f1af1937e6a2cbbc0c01c9c0f891b611698b0752247b8
EARLY_IM/merged/docs/results/nethept_progressive_mc_20260903.json,merged,docs/results/nethept_progressive_mc_20260903.json,5260,30ad0f3d28d7d1507246f1a004d0494ded98ba1506a4c06231b9d30d73995273,1,objects/30ad0f3d28d7d1507246f1a004d0494ded98ba1506a4c06231b9d30d73995273
EARLY_IM/merged/docs/results/nethept_scaleaware_pool256_top32_sent8_20260904.json,merged,docs/results/nethept_scaleaware_pool256_top32_sent8_20260904.json,300708,49bd0172d7d82b38a26cf201976b180eb18df5ace327bced58fee0e9e8fdf4e4,0,objects/49bd0172d7d82b38a26cf201976b180eb18df5ace327bced58fee0e9e8fdf4e4
EARLY_IM/merged/docs/results/nethept_scaleaware_pool512_top32_sent16_20260904.json,merged,docs/results/nethept_scaleaware_pool512_top32_sent16_20260904.json,508061,766a006544cbdf0f63eb33da02764fde49b1a8c17de417e5408251e010a1cf0c,0,objects/766a006544cbdf0f63eb33da02764fde49b1a8c17de417e5408251e010a1cf0c
EARLY_IM/merged/docs/results/nethept_scaleaware_pool512_top64_sent16_20260904.json,merged,docs/results/nethept_scaleaware_pool512_top64_sent16_20260904.json,562475,eadd24d7065d82d3b0c7ee41b155f8388de27ab46217a97f4f4be6c2a0dde8ee,0,objects/eadd24d7065d82d3b0c7ee41b155f8388de27ab46217a97f4f4be6c2a0dde8ee
EARLY_IM/merged/docs/results/nethept_trust_calibration_multiseed_20260904.json,merged,docs/results/nethept_trust_calibration_multiseed_20260904.json,5765,f324958483f5a196efe3de650be939e52628f8377b8c723ac8d6247c396c9cd7,1,objects/f324958483f5a196efe3de650be939e52628f8377b8c723ac8d6247c396c9cd7
EARLY_IM/merged/docs/results/nethept_trust_gate_20260904.json,merged,docs/results/nethept_trust_gate_20260904.json,21905,1a23fce144cc2e34559bb18ed680998826de6d2111d6f7f442a6556836a1bf14,1,objects/1a23fce144cc2e34559bb18ed680998826de6d2111d6f7f442a6556836a1bf14
EARLY_IM/merged/docs/results/nethept_winner_rank_scaling_20260904.json,merged,docs/results/nethept_winner_rank_scaling_20260904.json,753,d97c045ae4b27161b94c2e27d35ec8a98ff41496de0ae18424306be7c3cf5b3b,1,objects/d97c045ae4b27161b94c2e27d35ec8a98ff41496de0ae18424306be7c3cf5b3b
EARLY_IM/merged/docs/results/overexposure_conditional_ranking_20260916.json,merged,docs/results/overexposure_conditional_ranking_20260916.json,9906,f678566be5407436de0e825617f85843f52991061706923c649fc6921a533e27,1,objects/f678566be5407436de0e825617f85843f52991061706923c649fc6921a533e27
EARLY_IM/merged/docs/results/overexposure_degree_signal_20260916.json,merged,docs/results/overexposure_degree_signal_20260916.json,7213,4ca37c14ee5f438e7e9733688f5a47e529a10d9607f0e519aaabe58c6f1caf7e,1,objects/4ca37c14ee5f438e7e9733688f5a47e529a10d9607f0e519aaabe58c6f1caf7e
EARLY_IM/merged/docs/results/overexposure_feature_ablation_20260917.json,merged,docs/results/overexposure_feature_ablation_20260917.json,1121,60ac874e824e60c7fe739c2c9c3d970f67d611d8c7bea3a441b5334216853684,1,objects/60ac874e824e60c7fe739c2c9c3d970f67d611d8c7bea3a441b5334216853684
EARLY_IM/merged/docs/results/overexposure_feature_ablation_r1_20260917.json,merged,docs/results/overexposure_feature_ablation_r1_20260917.json,1478,850a4217405e651f31db2d9a6c7f0ca46f5e8e6e75ef56788f7e1f5023593324,1,objects/850a4217405e651f31db2d9a6c7f0ca46f5e8e6e75ef56788f7e1f5023593324
EARLY_IM/merged/docs/results/overexposure_feature_ablation_r2_20260917.json,merged,docs/results/overexposure_feature_ablation_r2_20260917.json,1484,78590a1a2b251fdeda0f4dc4d6c7b8cc71e75c5461dcca035f9ab39b129c4a7b,1,objects/78590a1a2b251fdeda0f4dc4d6c7b8cc71e75c5461dcca035f9ab39b129c4a7b
EARLY_IM/merged/docs/results/overexposure_feature_ablation_rep2_20260917.json,merged,docs/results/overexposure_feature_ablation_rep2_20260917.json,1127,7829f6974237602308ed05dde8ea5a7f17265826db997ee7f320ff2c5d032130,1,objects/7829f6974237602308ed05dde8ea5a7f17265826db997ee7f320ff2c5d032130
EARLY_IM/merged/docs/results/overexposure_gate2_congress_20260916.json,merged,docs/results/overexposure_gate2_congress_20260916.json,2421,d1df6ab5719a5856f400878661754ababcd8eeec3c60e66a7782694b7aa9349a,1,objects/d1df6ab5719a5856f400878661754ababcd8eeec3c60e66a7782694b7aa9349a
EARLY_IM/merged/docs/results/overexposure_gate2_congress_paired_20260916.json,merged,docs/results/overexposure_gate2_congress_paired_20260916.json,1516,e031acbca8918c99a2d859eb3acaf44ef847a1569ae6bd2d23f706883f7d8f92,1,objects/e031acbca8918c99a2d859eb3acaf44ef847a1569ae6bd2d23f706883f7d8f92
EARLY_IM/merged/docs/results/overexposure_monotonicity_rr_20260916.json,merged,docs/results/overexposure_monotonicity_rr_20260916.json,6572,d6c3f1f49fa205ec8833a06a496a413dd7f204c163d21f621647f99b12c07aa8,1,objects/d6c3f1f49fa205ec8833a06a496a413dd7f204c163d21f621647f99b12c07aa8
EARLY_IM/merged/docs/results/overexposure_paper_graphs_20260916.json,merged,docs/results/overexposure_paper_graphs_20260916.json,10250,b6b1cdbc08c1c1bd15428587da556e7a8c1695837e744859bcfd25377131c1e5,1,objects/b6b1cdbc08c1c1bd15428587da556e7a8c1695837e744859bcfd25377131c1e5
EARLY_IM/merged/docs/results/overexposure_plateau_stop_20260916.json,merged,docs/results/overexposure_plateau_stop_20260916.json,5000,26b4c0fccce258fe38ba4d3bcc6ac17ce70406913af3db97b28e1fd677a457ba,1,objects/26b4c0fccce258fe38ba4d3bcc6ac17ce70406913af3db97b28e1fd677a457ba
EARLY_IM/merged/docs/results/overexposure_plateau_stop_nethept_20260916.json,merged,docs/results/overexposure_plateau_stop_nethept_20260916.json,3030,637f0e4f738061f0614be11aaf247bff81ee3b3e76271f45a2f0c49559f8f149,1,objects/637f0e4f738061f0614be11aaf247bff81ee3b3e76271f45a2f0c49559f8f149
EARLY_IM/merged/docs/results/overexposure_pool_ranking_20260916.json,merged,docs/results/overexposure_pool_ranking_20260916.json,28983,9f69ab42f507e3edc3807439f4baeda6974243d66c4672699883c4c719458ccd,1,objects/9f69ab42f507e3edc3807439f4baeda6974243d66c4672699883c4c719458ccd
EARLY_IM/merged/docs/results/overexposure_ranker_congress_20260917.json,merged,docs/results/overexposure_ranker_congress_20260917.json,6215,7416de6a4ecb7cbf128da3b770c3b10e9de934060ac476574a75c2c43864e83f,1,objects/7416de6a4ecb7cbf128da3b770c3b10e9de934060ac476574a75c2c43864e83f
EARLY_IM/merged/docs/results/overexposure_ranking_dataset_congress_20260917.json,merged,docs/results/overexposure_ranking_dataset_congress_20260917.json,266873,115ea58aaf5a062b320a5c667779565f15ac1f8f9f2e7558d163461d397c5efb,0,objects/115ea58aaf5a062b320a5c667779565f15ac1f8f9f2e7558d163461d397c5efb
EARLY_IM/merged/docs/results/overexposure_ranking_dataset_congress_rep2_20260917.json,merged,docs/results/overexposure_ranking_dataset_congress_rep2_20260917.json,265829,d6b57b2e7a16172ad3e029733b185421b0754b29d7da8c5934beae1ac8a318f5,0,objects/d6b57b2e7a16172ad3e029733b185421b0754b29d7da8c5934beae1ac8a318f5
EARLY_IM/merged/docs/results/overexposure_selection_robustness_20260916.json,merged,docs/results/overexposure_selection_robustness_20260916.json,14187,0a5fa89a2fc1ce1330c5df00669c5eb619f1fb7a2b683149a41c26b2ad704980,1,objects/0a5fa89a2fc1ce1330c5df00669c5eb619f1fb7a2b683149a41c26b2ad704980
EARLY_IM/merged/docs/results/overexposure_sequential_value_det_20260916.json,merged,docs/results/overexposure_sequential_value_det_20260916.json,7314,626fffba342356d1cacda87f7525ea065ed9e80656a9cd4c3c3a24ba314ae801,1,objects/626fffba342356d1cacda87f7525ea065ed9e80656a9cd4c3c3a24ba314ae801
EARLY_IM/merged/docs/results/overexposure_sequential_value_stoch_20260916.json,merged,docs/results/overexposure_sequential_value_stoch_20260916.json,7363,c9d725f7c05db8a11aff666a0ae1e357da63e2b4d09c45dff37ff016be93ae61,1,objects/c9d725f7c05db8a11aff666a0ae1e357da63e2b4d09c45dff37ff016be93ae61
EARLY_IM/merged/docs/results/overexposure_weight_sweep_20260916.json,merged,docs/results/overexposure_weight_sweep_20260916.json,4379,9335fe545ea907ea51f76f8c7b5178026b58645c47468f1cd7860c3f767c05fb,1,objects/9335fe545ea907ea51f76f8c7b5178026b58645c47468f1cd7860c3f767c05fb
EARLY_IM/merged/docs/results/quality_cost.json,merged,docs/results/quality_cost.json,720607,7fcc906520898b09801a2ebaf98af2e19d6b474c8ff542e598d39a78c65ffe44,0,objects/7fcc906520898b09801a2ebaf98af2e19d6b474c8ff542e598d39a78c65ffe44
EARLY_IM/merged/docs/results/quality_cost.log,merged,docs/results/quality_cost.log,13052,5afd89fa406313468a20e8a7a8937cd233c6706d40129e67ce7369f958dde4b4,0,objects/5afd89fa406313468a20e8a7a8937cd233c6706d40129e67ce7369f958dde4b4
EARLY_IM/merged/docs/results/quality_cost_saturated.log,merged,docs/results/quality_cost_saturated.log,680,b002ad83ee802789343aae8f543ae08da449c35b970f77830e194e3b99bee124,0,objects/b002ad83ee802789343aae8f543ae08da449c35b970f77830e194e3b99bee124
EARLY_IM/merged/docs/results/quality_cost_table.json,merged,docs/results/quality_cost_table.json,71221,d4571c0107c2b8dcd002f6764a3e09c7496885a7401d07dcd6901b50a52fb66b,1,objects/d4571c0107c2b8dcd002f6764a3e09c7496885a7401d07dcd6901b50a52fb66b
EARLY_IM/merged/docs/results/raw_weight_profiles.json,merged,docs/results/raw_weight_profiles.json,1829,6905bcd7fd59b34788122b917bc8bc4e17b11f2c6de99eef61e5bfb7d109e0ca,1,objects/6905bcd7fd59b34788122b917bc8bc4e17b11f2c6de99eef61e5bfb7d109e0ca
EARLY_IM/merged/docs/results/regime_table_summary.json,merged,docs/results/regime_table_summary.json,3965,92cc20134641ced8fc90a6fb025dc0341feb22fe9c8bf44d06cf29b994a5cf82,1,objects/92cc20134641ced8fc90a6fb025dc0341feb22fe9c8bf44d06cf29b994a5cf82
EARLY_IM/merged/docs/results/run_validation.log,merged,docs/results/run_validation.log,22476,3632c6085ce6a43689406452cec4461c162f222f357d8cc1a6718a6ad5201bd5,0,objects/3632c6085ce6a43689406452cec4461c162f222f357d8cc1a6718a6ad5201bd5
EARLY_IM/merged/docs/results/sbc_choices_cfg0.json,merged,docs/results/sbc_choices_cfg0.json,5540,9b7d4ee36e2da3b555206a0736a16da4ca9c5dddfa89298f6b9c556fe5eb79b0,1,objects/9b7d4ee36e2da3b555206a0736a16da4ca9c5dddfa89298f6b9c556fe5eb79b0
EARLY_IM/merged/docs/results/sbc_choices_cfg1.json,merged,docs/results/sbc_choices_cfg1.json,5516,ceb28825b119d4ad35aa58c71c6e2a494e0ee462ed0f628116e9ac2012ee65a9,1,objects/ceb28825b119d4ad35aa58c71c6e2a494e0ee462ed0f628116e9ac2012ee65a9
EARLY_IM/merged/docs/results/sbc_choices_cfg2.json,merged,docs/results/sbc_choices_cfg2.json,5461,d32b68e16880139ff529656d9143c4c024eb61b805cba7973f065dfbebce4f7d,1,objects/d32b68e16880139ff529656d9143c4c024eb61b805cba7973f065dfbebce4f7d
EARLY_IM/merged/docs/results/sbc_choices_cfg3.json,merged,docs/results/sbc_choices_cfg3.json,5517,8f017479de61618a387cd1c922946efb9c653ae46af5771510542bc2f11fa6fd,1,objects/8f017479de61618a387cd1c922946efb9c653ae46af5771510542bc2f11fa6fd
EARLY_IM/merged/docs/results/sbc_confirm_cfg0.json,merged,docs/results/sbc_confirm_cfg0.json,410055,5e43566cc3f52ad36ef71e934ed8558a4a8fbef8b543a192e2b28cb3dbe5dda1,0,objects/5e43566cc3f52ad36ef71e934ed8558a4a8fbef8b543a192e2b28cb3dbe5dda1
EARLY_IM/merged/docs/results/sbc_confirm_cfg0.log,merged,docs/results/sbc_confirm_cfg0.log,381,d8932795d782acaf77e8b92f4f3e86e60ffaaa188b3b558a0ba5d17378b1ad5c,0,objects/d8932795d782acaf77e8b92f4f3e86e60ffaaa188b3b558a0ba5d17378b1ad5c
EARLY_IM/merged/docs/results/sbc_confirm_cfg1.json,merged,docs/results/sbc_confirm_cfg1.json,224793,e729afb93ffee38c9f460226d21f04f3bf07c739724d646ca9201e932aa19ea3,1,objects/e729afb93ffee38c9f460226d21f04f3bf07c739724d646ca9201e932aa19ea3
EARLY_IM/merged/docs/results/sbc_confirm_cfg1.log,merged,docs/results/sbc_confirm_cfg1.log,380,4e1be04b846208a2dd88f526711edfc720cdff9340d12354ceeda0699ccf1bd0,0,objects/4e1be04b846208a2dd88f526711edfc720cdff9340d12354ceeda0699ccf1bd0
EARLY_IM/merged/docs/results/sbc_confirm_cfg2.json,merged,docs/results/sbc_confirm_cfg2.json,225534,3be0f0928423cd5a5737d124229d7c30bbff6d7f715e892e857c96b136a7c4ec,1,objects/3be0f0928423cd5a5737d124229d7c30bbff6d7f715e892e857c96b136a7c4ec
EARLY_IM/merged/docs/results/sbc_confirm_cfg2.log,merged,docs/results/sbc_confirm_cfg2.log,380,d7ccbe6cb76c17fc708b08b6796fc114de3762e00c2402c6ac3abdcae130eeb3,0,objects/d7ccbe6cb76c17fc708b08b6796fc114de3762e00c2402c6ac3abdcae130eeb3
EARLY_IM/merged/docs/results/sbc_confirm_cfg3.json,merged,docs/results/sbc_confirm_cfg3.json,134454,b3ec78d2f282a3829a57fbb893dd135a2ccdc7585c608972f833b55f56a3ef0c,1,objects/b3ec78d2f282a3829a57fbb893dd135a2ccdc7585c608972f833b55f56a3ef0c
EARLY_IM/merged/docs/results/sbc_confirm_cfg3.log,merged,docs/results/sbc_confirm_cfg3.log,380,997ba7c731dcc5817582f36b496cc6104940f94b848a60f2225a8f5d45de10e6,0,objects/997ba7c731dcc5817582f36b496cc6104940f94b848a60f2225a8f5d45de10e6
EARLY_IM/merged/docs/results/sbc_driver.log,merged,docs/results/sbc_driver.log,2150,b82034af97b85c01cc10a6f76fc5ed21daf315388e3f83e66a03319f2719a99f,0,objects/b82034af97b85c01cc10a6f76fc5ed21daf315388e3f83e66a03319f2719a99f
EARLY_IM/merged/docs/results/sbc_sel_cfg0_00000_03334.json,merged,docs/results/sbc_sel_cfg0_00000_03334.json,868339,292d678d2d860dce16b3e75842721856604c877c9b24a0ec18703a004cd1234b,0,objects/292d678d2d860dce16b3e75842721856604c877c9b24a0ec18703a004cd1234b
EARLY_IM/merged/docs/results/sbc_sel_cfg0_03334_06668.json,merged,docs/results/sbc_sel_cfg0_03334_06668.json,868413,2494c65c8553cda1650b879184285cac483bb593e52e2a33d619c6e4b448dc3e,0,objects/2494c65c8553cda1650b879184285cac483bb593e52e2a33d619c6e4b448dc3e
EARLY_IM/merged/docs/results/sbc_sel_cfg0_06668_10000.json,merged,docs/results/sbc_sel_cfg0_06668_10000.json,867998,9c9c40a7add2fe5f0d8d9d6ad76d639a8668d5eb4c3012830145ad2be8a6ba1d,0,objects/9c9c40a7add2fe5f0d8d9d6ad76d639a8668d5eb4c3012830145ad2be8a6ba1d
EARLY_IM/merged/docs/results/sbc_sel_cfg0_a.log,merged,docs/results/sbc_sel_cfg0_a.log,991,c4c0967f078b7f0b51f781b0749d13ede3cda6b937048b2631ea071003e51e6b,0,objects/c4c0967f078b7f0b51f781b0749d13ede3cda6b937048b2631ea071003e51e6b
EARLY_IM/merged/docs/results/sbc_sel_cfg0_b.log,merged,docs/results/sbc_sel_cfg0_b.log,1042,2531c98e27f3f71aca2f8acaaefe7e1621cf9654bf985bfcc44f0350cb8c05ac,0,objects/2531c98e27f3f71aca2f8acaaefe7e1621cf9654bf985bfcc44f0350cb8c05ac
EARLY_IM/merged/docs/results/sbc_sel_cfg0_c.log,merged,docs/results/sbc_sel_cfg0_c.log,1059,1c75fe0d065f68cb9c47e373740487109436558c438dc5a9fdcee171419cc84c,0,objects/1c75fe0d065f68cb9c47e373740487109436558c438dc5a9fdcee171419cc84c
EARLY_IM/merged/docs/results/sbc_sel_cfg1_00000_03334.json,merged,docs/results/sbc_sel_cfg1_00000_03334.json,866467,323393ee88459d428ff008de85648ef17f9d71efd0a02713efbb58411519d63f,0,objects/323393ee88459d428ff008de85648ef17f9d71efd0a02713efbb58411519d63f
EARLY_IM/merged/docs/results/sbc_sel_cfg1_03334_06668.json,merged,docs/results/sbc_sel_cfg1_03334_06668.json,866938,43f4740bf3cc8721227823a8745257c606cb00844eb40afc292eaf1e7152b23c,0,objects/43f4740bf3cc8721227823a8745257c606cb00844eb40afc292eaf1e7152b23c
EARLY_IM/merged/docs/results/sbc_sel_cfg1_06668_10000.json,merged,docs/results/sbc_sel_cfg1_06668_10000.json,866169,82c5fca1548e049b10e969bf7ef510c3f1fb413bf56e5f8d11330fab73840327,0,objects/82c5fca1548e049b10e969bf7ef510c3f1fb413bf56e5f8d11330fab73840327
EARLY_IM/merged/docs/results/sbc_sel_cfg1_a.log,merged,docs/results/sbc_sel_cfg1_a.log,991,1b2d22a9f1c10080e44b1d3224e1fdd412a516bf77b28cb6d679f47d82ee1a27,0,objects/1b2d22a9f1c10080e44b1d3224e1fdd412a516bf77b28cb6d679f47d82ee1a27
EARLY_IM/merged/docs/results/sbc_sel_cfg1_b.log,merged,docs/results/sbc_sel_cfg1_b.log,1042,0b80c7246affab2464a0178719255739bd8aff003087340ce21a51cfbb8cd163,0,objects/0b80c7246affab2464a0178719255739bd8aff003087340ce21a51cfbb8cd163
EARLY_IM/merged/docs/results/sbc_sel_cfg1_c.log,merged,docs/results/sbc_sel_cfg1_c.log,1059,c98144dd3be47b8072bf34a8e13030f0297b6ea150a203b24bd9e1490e49a76b,0,objects/c98144dd3be47b8072bf34a8e13030f0297b6ea150a203b24bd9e1490e49a76b
EARLY_IM/merged/docs/results/sbc_sel_cfg2_00000_03334.json,merged,docs/results/sbc_sel_cfg2_00000_03334.json,866772,bb78ef1ab264e1744b36d5ebce58353b791d921b4d2fe418b7984dea777101eb,0,objects/bb78ef1ab264e1744b36d5ebce58353b791d921b4d2fe418b7984dea777101eb
EARLY_IM/merged/docs/results/sbc_sel_cfg2_03334_06668.json,merged,docs/results/sbc_sel_cfg2_03334_06668.json,866831,58a572ab5602e760f0e9c6087a6d1398ee318fac7d6dd6f0227c5f4d4a113833,0,objects/58a572ab5602e760f0e9c6087a6d1398ee318fac7d6dd6f0227c5f4d4a113833
EARLY_IM/merged/docs/results/sbc_sel_cfg2_06668_10000.json,merged,docs/results/sbc_sel_cfg2_06668_10000.json,866161,a9166de4ac27c33f185d6de120766dcc3c8da47aada981c2653c9651624016b0,0,objects/a9166de4ac27c33f185d6de120766dcc3c8da47aada981c2653c9651624016b0
EARLY_IM/merged/docs/results/sbc_sel_cfg2_a.log,merged,docs/results/sbc_sel_cfg2_a.log,991,654e7e3fc1c9b097076a667e7bb1e6048e2bacfbbd6df6b9c4447c5cdd627139,0,objects/654e7e3fc1c9b097076a667e7bb1e6048e2bacfbbd6df6b9c4447c5cdd627139
EARLY_IM/merged/docs/results/sbc_sel_cfg2_b.log,merged,docs/results/sbc_sel_cfg2_b.log,1042,34ba56700893b7bf7a57590a2f48fb9415714595abfd9e7175559e852b7283b0,0,objects/34ba56700893b7bf7a57590a2f48fb9415714595abfd9e7175559e852b7283b0
EARLY_IM/merged/docs/results/sbc_sel_cfg2_c.log,merged,docs/results/sbc_sel_cfg2_c.log,1059,45e4fda41d8ab5b58cb5f5dcd4d57e88ee7a6ed05924d1c914c63563e43b0fcb,0,objects/45e4fda41d8ab5b58cb5f5dcd4d57e88ee7a6ed05924d1c914c63563e43b0fcb
EARLY_IM/merged/docs/results/sbc_sel_cfg3_00000_03334.json,merged,docs/results/sbc_sel_cfg3_00000_03334.json,868836,3493918b6302f0f96a8049dbd3530b9d5cfac074737760efe94bfb9afb942525,0,objects/3493918b6302f0f96a8049dbd3530b9d5cfac074737760efe94bfb9afb942525
EARLY_IM/merged/docs/results/sbc_sel_cfg3_03334_06668.json,merged,docs/results/sbc_sel_cfg3_03334_06668.json,868549,a5ac59680b62dd51ce9791e35ae119f58808f2f51b60ec577ee5589d8602305c,0,objects/a5ac59680b62dd51ce9791e35ae119f58808f2f51b60ec577ee5589d8602305c
EARLY_IM/merged/docs/results/sbc_sel_cfg3_06668_10000.json,merged,docs/results/sbc_sel_cfg3_06668_10000.json,868000,fc17fc29de61860c060cf90f6df98472a7a59fcb6fcafea95fa06a517fe60ef1,0,objects/fc17fc29de61860c060cf90f6df98472a7a59fcb6fcafea95fa06a517fe60ef1
EARLY_IM/merged/docs/results/sbc_sel_cfg3_a.log,merged,docs/results/sbc_sel_cfg3_a.log,991,dea91986303098973239223129e5f0796f82dc54d21ed2ae99080b161c22bf9d,0,objects/dea91986303098973239223129e5f0796f82dc54d21ed2ae99080b161c22bf9d
EARLY_IM/merged/docs/results/sbc_sel_cfg3_b.log,merged,docs/results/sbc_sel_cfg3_b.log,1041,e7eff350d52e1227197df9d5137938520a06384c7e15e00666397b3974d40ec8,0,objects/e7eff350d52e1227197df9d5137938520a06384c7e15e00666397b3974d40ec8
EARLY_IM/merged/docs/results/sbc_sel_cfg3_c.log,merged,docs/results/sbc_sel_cfg3_c.log,1059,a644ed842abdd8d5771523984849d7f9ea9015ae4d125d6f4ffbe5aa5bb1c0f3,0,objects/a644ed842abdd8d5771523984849d7f9ea9015ae4d125d6f4ffbe5aa5bb1c0f3
EARLY_IM/merged/docs/results/scorer_diagnosis.json,merged,docs/results/scorer_diagnosis.json,4451,db4751da5878b58a3b69be1f7e5524f001cf0f9c7509411b8c939723453c94d4,1,objects/db4751da5878b58a3b69be1f7e5524f001cf0f9c7509411b8c939723453c94d4
EARLY_IM/merged/docs/results/scorer_diagnosis.log,merged,docs/results/scorer_diagnosis.log,1504,1f74c111390829b6c03ac989c017eb78529db5e755d33fff0aa420eac4911d71,0,objects/1f74c111390829b6c03ac989c017eb78529db5e755d33fff0aa420eac4911d71
EARLY_IM/merged/docs/results/selection_budget_curve.json,merged,docs/results/selection_budget_curve.json,48226,0f76805d1e740cdd948ef4f9fb249ccc120e2943a7a32ea1b6ff6eaeaac512fe,1,objects/0f76805d1e740cdd948ef4f9fb249ccc120e2943a7a32ea1b6ff6eaeaac512fe
EARLY_IM/merged/docs/results/selection_budget_curve.log,merged,docs/results/selection_budget_curve.log,9276,803cbc8ade84d5b7517958fa031bce04df326deee59df0ecc559aba02c3b56c6,0,objects/803cbc8ade84d5b7517958fa031bce04df326deee59df0ecc559aba02c3b56c6
EARLY_IM/merged/docs/results/shortlist_headroom.json,merged,docs/results/shortlist_headroom.json,5907496,8a791767e2e8fc33771a12009af8ca515c8545fad8f413b9f7da01ca360bd91c,0,objects/8a791767e2e8fc33771a12009af8ca515c8545fad8f413b9f7da01ca360bd91c
EARLY_IM/merged/docs/results/shortlist_headroom.log,merged,docs/results/shortlist_headroom.log,3582,471a802a1219830453c5c3f022aa0682080496785829e0af7377096c73749b9a,0,objects/471a802a1219830453c5c3f022aa0682080496785829e0af7377096c73749b9a
EARLY_IM/merged/docs/results/shortlist_headroom_derived.json,merged,docs/results/shortlist_headroom_derived.json,32271,d17596dba4e04e23c779c8696f75943d0178314b0b8110c6f224eafbed8cb028,1,objects/d17596dba4e04e23c779c8696f75943d0178314b0b8110c6f224eafbed8cb028
EARLY_IM/merged/docs/results/shortlist_headroom_derived.txt,merged,docs/results/shortlist_headroom_derived.txt,13956,5a2f6af1b7566662e39bb2ff2e823fe097ecb4c552d9a10ab630d015d2369b6a,1,objects/5a2f6af1b7566662e39bb2ff2e823fe097ecb4c552d9a10ab630d015d2369b6a
EARLY_IM/merged/docs/results/shortlist_headroom_render.txt,merged,docs/results/shortlist_headroom_render.txt,11194,d5a55216e44dd77f55074b0d23206fd19c56c0aa94c933d05db0dd13ca71d1f7,1,objects/d5a55216e44dd77f55074b0d23206fd19c56c0aa94c933d05db0dd13ca71d1f7
EARLY_IM/merged/docs/results/signflip_fixedmodel_mc300.json,merged,docs/results/signflip_fixedmodel_mc300.json,15921,5c67248aec97ba3123b0086b54727969ce549dddcdde216ab60166ef0caa20b8,1,objects/5c67248aec97ba3123b0086b54727969ce549dddcdde216ab60166ef0caa20b8
EARLY_IM/merged/docs/results/signflip_fixedmodel_mc300.log,merged,docs/results/signflip_fixedmodel_mc300.log,13426,646b4fe868fb2442e1a1de04a0331581823accbc80b2d507cb45f9e12904b790,0,objects/646b4fe868fb2442e1a1de04a0331581823accbc80b2d507cb45f9e12904b790
EARLY_IM/merged/docs/results/source_model_baselines_20260917.json,merged,docs/results/source_model_baselines_20260917.json,20814,52059314fb262aa4b83de9ad462948726e455a6cb48debcf4202818c030c5f42,1,objects/52059314fb262aa4b83de9ad462948726e455a6cb48debcf4202818c030c5f42
EARLY_IM/merged/docs/results/stage4_question_validity_20260917.json,merged,docs/results/stage4_question_validity_20260917.json,12756,a84e3bd0aa525107067f9b0ef2f6c45b61a3cff8769f781f09a9a3579213ee9b,1,objects/a84e3bd0aa525107067f9b0ef2f6c45b61a3cff8769f781f09a9a3579213ee9b
EARLY_IM/merged/docs/results/stage4b_confounds_removed.json,merged,docs/results/stage4b_confounds_removed.json,53802,3e45a482feb1d4539f192550be1c71fdd8d352e5a5fc2c32070e5844b887b4b6,1,objects/3e45a482feb1d4539f192550be1c71fdd8d352e5a5fc2c32070e5844b887b4b6
EARLY_IM/merged/docs/results/stage4b_confounds_removed.log,merged,docs/results/stage4b_confounds_removed.log,21906,32a2d83d78e2cff27ab15901ab3cf11907e3cf7dcab5085998b27bb49dafb256,0,objects/32a2d83d78e2cff27ab15901ab3cf11907e3cf7dcab5085998b27bb49dafb256
EARLY_IM/merged/docs/results/stage4b_usable_regime_20260917.json,merged,docs/results/stage4b_usable_regime_20260917.json,6592,8a6527d828e58566b917f15ec25014414e2128069e0657d6d13d2ddbf9bec99f,1,objects/8a6527d828e58566b917f15ec25014414e2128069e0657d6d13d2ddbf9bec99f
EARLY_IM/merged/docs/results/stage5_predictor_diagnostics_20260917.json,merged,docs/results/stage5_predictor_diagnostics_20260917.json,103255,0382f3f4cdd100a6785b41840a345372179205d4e4083113638fdcf62e59fc89,1,objects/0382f3f4cdd100a6785b41840a345372179205d4e4083113638fdcf62e59fc89
EARLY_IM/merged/docs/results/successive_halving.json,merged,docs/results/successive_halving.json,26903,17cb4b2401970748df680a54d46bd057333cbb542352c7f6735f1b8631099a67,1,objects/17cb4b2401970748df680a54d46bd057333cbb542352c7f6735f1b8631099a67
EARLY_IM/merged/docs/results/successive_halving.log,merged,docs/results/successive_halving.log,8548,ef319999f55fcc250c69358f8a4972aaa4a8787d539c21092337a3215b485f30,0,objects/ef319999f55fcc250c69358f8a4972aaa4a8787d539c21092337a3215b485f30
EARLY_IM/merged/docs/results/surrogate_bound_verification_20260917.json,merged,docs/results/surrogate_bound_verification_20260917.json,51059,c869abad4d927e699050e128ae547c7237192bae10274d29768227bfb3a1221b,1,objects/c869abad4d927e699050e128ae547c7237192bae10274d29768227bfb3a1221b
EARLY_IM/merged/docs/results/surrogate_gap_20260917.json,merged,docs/results/surrogate_gap_20260917.json,5355,eb1d37ddc465e94a9f34f32d8b3b26f488478296e703a737b166569a6c70019c,1,objects/eb1d37ddc465e94a9f34f32d8b3b26f488478296e703a737b166569a6c70019c
EARLY_IM/merged/docs/results/validation_large.json,merged,docs/results/validation_large.json,383085,f8a7fc1e025a2524e9acb3e9bcc157d3df4f7fb585336c661bbc920cd0e83733,0,objects/f8a7fc1e025a2524e9acb3e9bcc157d3df4f7fb585336c661bbc920cd0e83733
EARLY_IM/merged/docs/results/validation_small.json,merged,docs/results/validation_small.json,349191,a399cb233cf6f2610188119e4778f66175d3e88b5d32c68cc2521816f748b0ee,0,objects/a399cb233cf6f2610188119e4778f66175d3e88b5d32c68cc2521816f748b0ee
EARLY_IM/merged/docs/results/validation_targeted.json,merged,docs/results/validation_targeted.json,323862,51c252eb7bd7051b7ac75721ca5913ecbfe77ee8c8a6490f5125f4241480074e,0,objects/51c252eb7bd7051b7ac75721ca5913ecbfe77ee8c8a6490f5125f4241480074e
EARLY_IM/merged/docs/results/validation_targeted.log,merged,docs/results/validation_targeted.log,3290,51589709ade4cc27af06628c446b9b33f5b0c7c31c253fecfca7ebf9f285e03d,0,objects/51589709ade4cc27af06628c446b9b33f5b0c7c31c253fecfca7ebf9f285e03d
EARLY_IM/old_repo/outputs/candidate_benchmark/20260831_143439/candidate_benchmark/candidate_benchmark.csv,old_repo,outputs/candidate_benchmark/20260831_143439/candidate_benchmark/candidate_benchmark.csv,970,aee8099560b56c334d5497b78cef64d8b3313a6b1a229125598cf6abe59de0bb,1,objects/aee8099560b56c334d5497b78cef64d8b3313a6b1a229125598cf6abe59de0bb
EARLY_IM/old_repo/outputs/candidate_benchmark/20260831_143439/candidate_benchmark/candidate_benchmark.json,old_repo,outputs/candidate_benchmark/20260831_143439/candidate_benchmark/candidate_benchmark.json,183566,e40811f3a71e04956dcae27f84641e6e882b4e45f665cda32794e64befdd053a,1,objects/e40811f3a71e04956dcae27f84641e6e882b4e45f665cda32794e64befdd053a
EARLY_IM/old_repo/outputs/candidate_benchmark/20260831_143439/candidate_benchmark/config.yaml,old_repo,outputs/candidate_benchmark/20260831_143439/candidate_benchmark/config.yaml,576,fe078d404b92963366baa8be6c3f1e617530de3b94a839affd057f4b7f64b755,1,objects/fe078d404b92963366baa8be6c3f1e617530de3b94a839affd057f4b7f64b755
EARLY_IM/old_repo/outputs/candidate_benchmark/20260831_143439/candidate_benchmark/console.log,old_repo,outputs/candidate_benchmark/20260831_143439/candidate_benchmark/console.log,1481,e856e8acb96ea826d32823302eb78a4f7ac90f2379680045e359d1a6c3771589,0,objects/e856e8acb96ea826d32823302eb78a4f7ac90f2379680045e359d1a6c3771589
EARLY_IM/old_repo/outputs/candidate_benchmark/20260831_143506/candidate_benchmark/candidate_benchmark.csv,old_repo,outputs/candidate_benchmark/20260831_143506/candidate_benchmark/candidate_benchmark.csv,978,2e806dfe405e7037f19d1befe197a68b6202820f4575fa8b0be099f30a161910,1,objects/2e806dfe405e7037f19d1befe197a68b6202820f4575fa8b0be099f30a161910
EARLY_IM/old_repo/outputs/candidate_benchmark/20260831_143506/candidate_benchmark/candidate_benchmark.json,old_repo,outputs/candidate_benchmark/20260831_143506/candidate_benchmark/candidate_benchmark.json,183543,7ed1e984adcbf432a4180b52a5e625b43702810838cea6570cd6d07a879d6e2a,1,objects/7ed1e984adcbf432a4180b52a5e625b43702810838cea6570cd6d07a879d6e2a
EARLY_IM/old_repo/outputs/candidate_benchmark/20260831_143506/candidate_benchmark/config.yaml,old_repo,outputs/candidate_benchmark/20260831_143506/candidate_benchmark/config.yaml,576,c0c9f4c3a97145fa9a21e3ed52d6dd0f5fff31b7a4160bc499f40fcbe0d550f7,1,objects/c0c9f4c3a97145fa9a21e3ed52d6dd0f5fff31b7a4160bc499f40fcbe0d550f7
EARLY_IM/old_repo/outputs/candidate_benchmark/20260831_143506/candidate_benchmark/console.log,old_repo,outputs/candidate_benchmark/20260831_143506/candidate_benchmark/console.log,1481,1deeab8be0a551f526b0f185dd25eff9883ddb59cfd670c9716256b19d7deb1a,0,objects/1deeab8be0a551f526b0f185dd25eff9883ddb59cfd670c9716256b19d7deb1a
EARLY_IM/old_repo/outputs/candidate_benchmark/20260831_143529/candidate_benchmark/candidate_benchmark.csv,old_repo,outputs/candidate_benchmark/20260831_143529/candidate_benchmark/candidate_benchmark.csv,930,865105fcbc792a6035badf06184cdb1068c5a09826a1ccbcef4e2cc9d09970ed,1,objects/865105fcbc792a6035badf06184cdb1068c5a09826a1ccbcef4e2cc9d09970ed
EARLY_IM/old_repo/outputs/candidate_benchmark/20260831_143529/candidate_benchmark/candidate_benchmark.json,old_repo,outputs/candidate_benchmark/20260831_143529/candidate_benchmark/candidate_benchmark.json,183290,839f045edfaf53660759c044128d82e27dec9978c13c89ca9636ea98dde6903c,1,objects/839f045edfaf53660759c044128d82e27dec9978c13c89ca9636ea98dde6903c
EARLY_IM/old_repo/outputs/candidate_benchmark/20260831_143529/candidate_benchmark/config.yaml,old_repo,outputs/candidate_benchmark/20260831_143529/candidate_benchmark/config.yaml,576,fe91f1b1e03ad43e4829710c4d2e536be3ae164d119a56b3c40b5d0402c3f9e0,1,objects/fe91f1b1e03ad43e4829710c4d2e536be3ae164d119a56b3c40b5d0402c3f9e0
EARLY_IM/old_repo/outputs/candidate_benchmark/20260831_143529/candidate_benchmark/console.log,old_repo,outputs/candidate_benchmark/20260831_143529/candidate_benchmark/console.log,1481,5733c093d805a67e71504cbd278a18905055862ca114b56bbf914a5f01237794,0,objects/5733c093d805a67e71504cbd278a18905055862ca114b56bbf914a5f01237794
EARLY_IM/old_repo/outputs/candidate_benchmark/20260831_143553/candidate_benchmark/candidate_benchmark.csv,old_repo,outputs/candidate_benchmark/20260831_143553/candidate_benchmark/candidate_benchmark.csv,933,ca1010b15f5f13ff5204827d4f0e556bb5dc9d73ad4c8e83291573c5b281a458,1,objects/ca1010b15f5f13ff5204827d4f0e556bb5dc9d73ad4c8e83291573c5b281a458
EARLY_IM/old_repo/outputs/candidate_benchmark/20260831_143553/candidate_benchmark/candidate_benchmark.json,old_repo,outputs/candidate_benchmark/20260831_143553/candidate_benchmark/candidate_benchmark.json,183450,dd3b4fb077d94051801ba5111abf554e82de315e6f3b33df93c0163bca1b41e8,1,objects/dd3b4fb077d94051801ba5111abf554e82de315e6f3b33df93c0163bca1b41e8
EARLY_IM/old_repo/outputs/candidate_benchmark/20260831_143553/candidate_benchmark/config.yaml,old_repo,outputs/candidate_benchmark/20260831_143553/candidate_benchmark/config.yaml,576,2ffa46bf5d87d31fce8dd7716681eb92ba3d264cbdab6b0f8197386c6c242f75,1,objects/2ffa46bf5d87d31fce8dd7716681eb92ba3d264cbdab6b0f8197386c6c242f75
EARLY_IM/old_repo/outputs/candidate_benchmark/20260831_143553/candidate_benchmark/console.log,old_repo,outputs/candidate_benchmark/20260831_143553/candidate_benchmark/console.log,1481,4eea66e7fe8f89243161f7f8392263d767252d6008a10d589829bd81a2970a43,0,objects/4eea66e7fe8f89243161f7f8392263d767252d6008a10d589829bd81a2970a43
EARLY_IM/old_repo/outputs/candidate_benchmark/20260831_143617/candidate_benchmark/candidate_benchmark.csv,old_repo,outputs/candidate_benchmark/20260831_143617/candidate_benchmark/candidate_benchmark.csv,992,03f6afffed3c617e8e4b43e16d301d93140522891a92b236b396a33d3067986d,1,objects/03f6afffed3c617e8e4b43e16d301d93140522891a92b236b396a33d3067986d
EARLY_IM/old_repo/outputs/candidate_benchmark/20260831_143617/candidate_benchmark/candidate_benchmark.json,old_repo,outputs/candidate_benchmark/20260831_143617/candidate_benchmark/candidate_benchmark.json,183170,7f214b7e0c219e9b75349022c35f0dd3f0b8700b6d2a7da946357a543b0443b6,1,objects/7f214b7e0c219e9b75349022c35f0dd3f0b8700b6d2a7da946357a543b0443b6
EARLY_IM/old_repo/outputs/candidate_benchmark/20260831_143617/candidate_benchmark/config.yaml,old_repo,outputs/candidate_benchmark/20260831_143617/candidate_benchmark/config.yaml,576,658999485083339fe09891d9ef822c15d4e4c23350542b1f04183bd507fceea5,1,objects/658999485083339fe09891d9ef822c15d4e4c23350542b1f04183bd507fceea5
EARLY_IM/old_repo/outputs/candidate_benchmark/20260831_143617/candidate_benchmark/console.log,old_repo,outputs/candidate_benchmark/20260831_143617/candidate_benchmark/console.log,1481,daa09a228ce26117ef12abe859ad9666ee8c1ed54e45b551f217bb849e13935b,0,objects/daa09a228ce26117ef12abe859ad9666ee8c1ed54e45b551f217bb849e13935b
EARLY_IM/old_repo/outputs/candidate_benchmark/run_configs/nethept_seed_20260715.yaml,old_repo,outputs/candidate_benchmark/run_configs/nethept_seed_20260715.yaml,546,e4b25f08296cef11da436dd586e790e96e14fbb40bc773357aa87fc32ab48911,1,objects/e4b25f08296cef11da436dd586e790e96e14fbb40bc773357aa87fc32ab48911
EARLY_IM/old_repo/outputs/candidate_benchmark/run_configs/nethept_seed_20260716.yaml,old_repo,outputs/candidate_benchmark/run_configs/nethept_seed_20260716.yaml,546,523610c4c3b87753a3c0ff63952cf6d16aa13f908e768f0113d522ec8ee0a519,1,objects/523610c4c3b87753a3c0ff63952cf6d16aa13f908e768f0113d522ec8ee0a519
EARLY_IM/old_repo/outputs/candidate_benchmark/run_configs/nethept_seed_20260717.yaml,old_repo,outputs/candidate_benchmark/run_configs/nethept_seed_20260717.yaml,543,20c8b53f850a5b3e79ba2a0bf1a930b1a8181a8403681530b4e34c439b87b512,1,objects/20c8b53f850a5b3e79ba2a0bf1a930b1a8181a8403681530b4e34c439b87b512
EARLY_IM/old_repo/outputs/candidate_benchmark/run_configs/nethept_seed_20260718.yaml,old_repo,outputs/candidate_benchmark/run_configs/nethept_seed_20260718.yaml,542,4c53936fda0ff7b0f8aabd28f654a03be455f36678d63f4014252ba56682210a,1,objects/4c53936fda0ff7b0f8aabd28f654a03be455f36678d63f4014252ba56682210a
EARLY_IM/old_repo/outputs/candidate_benchmark/run_configs/nethept_seed_20260719.yaml,old_repo,outputs/candidate_benchmark/run_configs/nethept_seed_20260719.yaml,542,5314386b8016013cb57220a6c3f579f380bd9ea4222a519b3998af7d9c99975b,1,objects/5314386b8016013cb57220a6c3f579f380bd9ea4222a519b3998af7d9c99975b
EARLY_IM/old_repo/outputs/first_smoke/network_science/first_round_results.json,old_repo,outputs/first_smoke/network_science/first_round_results.json,14103,910179b30c5272665db1b760b46ef3fb81f4a749ed5de4527279258e3cb0c144,1,objects/910179b30c5272665db1b760b46ef3fb81f4a749ed5de4527279258e3cb0c144
EARLY_IM/old_repo/outputs/overlap_experiment/nethept/20260831_180717/aggregate_metrics.csv,old_repo,outputs/overlap_experiment/nethept/20260831_180717/aggregate_metrics.csv,2637,79ccf47245444db724d8aeb21a3a2e5c8d1e177f8841fbeb771680de5c117da2,1,objects/79ccf47245444db724d8aeb21a3a2e5c8d1e177f8841fbeb771680de5c117da2
EARLY_IM/old_repo/outputs/overlap_experiment/nethept/20260831_180717/config.yaml,old_repo,outputs/overlap_experiment/nethept/20260831_180717/config.yaml,848,74c6214d0bf58a581a50e9ad6b5d4f2b41252bc1852e7a2a235317fb4cd93e24,1,objects/74c6214d0bf58a581a50e9ad6b5d4f2b41252bc1852e7a2a235317fb4cd93e24
EARLY_IM/old_repo/outputs/overlap_experiment/nethept/20260831_180717/results.json,old_repo,outputs/overlap_experiment/nethept/20260831_180717/results.json,44905,0d9b32692c36e59d79e55ed656e13425288c2a2063c29773791d3bf69db955e5,1,objects/0d9b32692c36e59d79e55ed656e13425288c2a2063c29773791d3bf69db955e5
EARLY_IM/old_repo/outputs/overlap_experiment/nethept/20260831_180717/seed_20260821/Direct-MLP_plus_Overlap_sequential.json,old_repo,outputs/overlap_experiment/nethept/20260831_180717/seed_20260821/Direct-MLP_plus_Overlap_sequential.json,1226,69142fb3661f83c4e1c88b6ac7e79d1e3c740a4ada1ac23765ff0a86539c6469,1,objects/69142fb3661f83c4e1c88b6ac7e79d1e3c740a4ada1ac23765ff0a86539c6469
EARLY_IM/old_repo/outputs/overlap_experiment/nethept/20260831_180717/seed_20260821/Direct-MLP_sequential.json,old_repo,outputs/overlap_experiment/nethept/20260831_180717/seed_20260821/Direct-MLP_sequential.json,1194,8181c2fd585da85ffc053b67ab81ca32e69dd4d9feceee876469b07c95293c4e,1,objects/8181c2fd585da85ffc053b67ab81ca32e69dd4d9feceee876469b07c95293c4e
EARLY_IM/old_repo/outputs/overlap_experiment/nethept/20260831_180717/seed_20260821/metrics_by_seed_size.csv,old_repo,outputs/overlap_experiment/nethept/20260831_180717/seed_20260821/metrics_by_seed_size.csv,1753,381a93056895e5fe1a92d9f4e68dcb43f2debadf9186f27154ac178cc3efcb68,1,objects/381a93056895e5fe1a92d9f4e68dcb43f2debadf9186f27154ac178cc3efcb68
EARLY_IM/old_repo/outputs/overlap_experiment/nethept/20260831_180717/seed_20260822/Direct-MLP_plus_Overlap_sequential.json,old_repo,outputs/overlap_experiment/nethept/20260831_180717/seed_20260822/Direct-MLP_plus_Overlap_sequential.json,1227,99b14af5adcb4b06196b239cfaad3e7be391fcd8bd3ba13291626800af079591,1,objects/99b14af5adcb4b06196b239cfaad3e7be391fcd8bd3ba13291626800af079591
EARLY_IM/old_repo/outputs/overlap_experiment/nethept/20260831_180717/seed_20260822/Direct-MLP_sequential.json,old_repo,outputs/overlap_experiment/nethept/20260831_180717/seed_20260822/Direct-MLP_sequential.json,1191,ad3e1252a7f4974fd7f76b817baa463661044d2deb28991902365ab4b7cf1c15,1,objects/ad3e1252a7f4974fd7f76b817baa463661044d2deb28991902365ab4b7cf1c15
EARLY_IM/old_repo/outputs/overlap_experiment/nethept/20260831_180717/seed_20260822/metrics_by_seed_size.csv,old_repo,outputs/overlap_experiment/nethept/20260831_180717/seed_20260822/metrics_by_seed_size.csv,1759,26fea7f594cbdd236dd6a3bc3aab821eac7c774d83d7fd7a6243792ea1c58502,1,objects/26fea7f594cbdd236dd6a3bc3aab821eac7c774d83d7fd7a6243792ea1c58502
EARLY_IM/old_repo/outputs/overlap_experiment/nethept/20260831_180717/seed_20260823/Direct-MLP_plus_Overlap_sequential.json,old_repo,outputs/overlap_experiment/nethept/20260831_180717/seed_20260823/Direct-MLP_plus_Overlap_sequential.json,1229,b7d6e10a0253e23b00e08ddba5758136ece996e8efe1d4969859f17ee08a139e,1,objects/b7d6e10a0253e23b00e08ddba5758136ece996e8efe1d4969859f17ee08a139e
EARLY_IM/old_repo/outputs/overlap_experiment/nethept/20260831_180717/seed_20260823/Direct-MLP_sequential.json,old_repo,outputs/overlap_experiment/nethept/20260831_180717/seed_20260823/Direct-MLP_sequential.json,1196,24f1b9cbe763f9c918739d673b3454d41ab2a66c2b66bc32e59c4d04552d789f,1,objects/24f1b9cbe763f9c918739d673b3454d41ab2a66c2b66bc32e59c4d04552d789f
EARLY_IM/old_repo/outputs/overlap_experiment/nethept/20260831_180717/seed_20260823/metrics_by_seed_size.csv,old_repo,outputs/overlap_experiment/nethept/20260831_180717/seed_20260823/metrics_by_seed_size.csv,1754,fd6c4c0b564bf461dd978ac52283a21e21581ec183f1aebacf4bf1d5cc7295ae,1,objects/fd6c4c0b564bf461dd978ac52283a21e21581ec183f1aebacf4bf1d5cc7295ae
EARLY_IM/old_repo/outputs/overlap_experiment/nethept/20260831_180717/seed_20260824/Direct-MLP_plus_Overlap_sequential.json,old_repo,outputs/overlap_experiment/nethept/20260831_180717/seed_20260824/Direct-MLP_plus_Overlap_sequential.json,1229,ea49c162d122b559ef6fcb2b0817a575189cd9f030c5bf721d0e855043174933,1,objects/ea49c162d122b559ef6fcb2b0817a575189cd9f030c5bf721d0e855043174933
EARLY_IM/old_repo/outputs/overlap_experiment/nethept/20260831_180717/seed_20260824/Direct-MLP_sequential.json,old_repo,outputs/overlap_experiment/nethept/20260831_180717/seed_20260824/Direct-MLP_sequential.json,1196,1f28480282a0c6ca406a3f9632aaa6c281d1f7fe8ccb4682e8774459a9fcec63,1,objects/1f28480282a0c6ca406a3f9632aaa6c281d1f7fe8ccb4682e8774459a9fcec63
EARLY_IM/old_repo/outputs/overlap_experiment/nethept/20260831_180717/seed_20260824/metrics_by_seed_size.csv,old_repo,outputs/overlap_experiment/nethept/20260831_180717/seed_20260824/metrics_by_seed_size.csv,1755,ed23d7cf81d4b13becf6fe864763d733dd7fae2b9f98df1324988158eff909a4,1,objects/ed23d7cf81d4b13becf6fe864763d733dd7fae2b9f98df1324988158eff909a4
EARLY_IM/old_repo/outputs/overlap_experiment/nethept/20260831_180717/seed_20260825/Direct-MLP_plus_Overlap_sequential.json,old_repo,outputs/overlap_experiment/nethept/20260831_180717/seed_20260825/Direct-MLP_plus_Overlap_sequential.json,1229,041155e54729047ffa1225e85595a480379603bcf6c6dc6ec9aa5267f5bb34c5,1,objects/041155e54729047ffa1225e85595a480379603bcf6c6dc6ec9aa5267f5bb34c5
EARLY_IM/old_repo/outputs/overlap_experiment/nethept/20260831_180717/seed_20260825/Direct-MLP_sequential.json,old_repo,outputs/overlap_experiment/nethept/20260831_180717/seed_20260825/Direct-MLP_sequential.json,1196,36a75d26d6366a4ab09d061f65a75c7008f026d9ec2baefe8bf4061c668aca61,1,objects/36a75d26d6366a4ab09d061f65a75c7008f026d9ec2baefe8bf4061c668aca61
EARLY_IM/old_repo/outputs/overlap_experiment/nethept/20260831_180717/seed_20260825/metrics_by_seed_size.csv,old_repo,outputs/overlap_experiment/nethept/20260831_180717/seed_20260825/metrics_by_seed_size.csv,1754,258295a41c0f1a29d7930b7b3d2e68085e5b7b9ede8bd3f55d90c64002457100,1,objects/258295a41c0f1a29d7930b7b3d2e68085e5b7b9ede8bd3f55d90c64002457100
EARLY_IM/old_repo/outputs/overlap_experiment/nethept/20260831_180717/sequential_aggregate.csv,old_repo,outputs/overlap_experiment/nethept/20260831_180717/sequential_aggregate.csv,484,ee9d07457e77749f7eef566ee2dc537899be184fff6644964c3f456f5951aec6,1,objects/ee9d07457e77749f7eef566ee2dc537899be184fff6644964c3f456f5951aec6
EARLY_IM/old_repo/outputs/overlap_experiment/nethept/20260831_181338/aggregate_metrics.csv,old_repo,outputs/overlap_experiment/nethept/20260831_181338/aggregate_metrics.csv,2984,86ffe169db0468c7f60d0f5575f3ffc8773ea25f0dc8cb3d8a5386a94f7ea92c,1,objects/86ffe169db0468c7f60d0f5575f3ffc8773ea25f0dc8cb3d8a5386a94f7ea92c
EARLY_IM/old_repo/outputs/overlap_experiment/nethept/20260831_181338/config.yaml,old_repo,outputs/overlap_experiment/nethept/20260831_181338/config.yaml,848,74c6214d0bf58a581a50e9ad6b5d4f2b41252bc1852e7a2a235317fb4cd93e24,1,objects/74c6214d0bf58a581a50e9ad6b5d4f2b41252bc1852e7a2a235317fb4cd93e24
EARLY_IM/old_repo/outputs/overlap_experiment/nethept/20260831_181338/results.json,old_repo,outputs/overlap_experiment/nethept/20260831_181338/results.json,53831,667d418a05e0d758ec9bcb6af9aeb20d40c2b197353b315f6b0ad810ea8034b2,1,objects/667d418a05e0d758ec9bcb6af9aeb20d40c2b197353b315f6b0ad810ea8034b2
EARLY_IM/old_repo/outputs/overlap_experiment/nethept/20260831_181338/seed_20260821/Direct-MLP_plus_Overlap_sequential.json,old_repo,outputs/overlap_experiment/nethept/20260831_181338/seed_20260821/Direct-MLP_plus_Overlap_sequential.json,1227,230d179b5449e9c59da227d1ed938d18e973a97c5673b54f5529710bfa1a5fc3,1,objects/230d179b5449e9c59da227d1ed938d18e973a97c5673b54f5529710bfa1a5fc3
EARLY_IM/old_repo/outputs/overlap_experiment/nethept/20260831_181338/seed_20260821/Direct-MLP_sequential.json,old_repo,outputs/overlap_experiment/nethept/20260831_181338/seed_20260821/Direct-MLP_sequential.json,1194,960a30dabc9943dc447d9926362590d57c69c1d03288c74d1866f416d192529b,1,objects/960a30dabc9943dc447d9926362590d57c69c1d03288c74d1866f416d192529b
EARLY_IM/old_repo/outputs/overlap_experiment/nethept/20260831_181338/seed_20260821/metrics_by_seed_size.csv,old_repo,outputs/overlap_experiment/nethept/20260831_181338/seed_20260821/metrics_by_seed_size.csv,1920,e5d3df12aeb946af6328ec3a50bb1320707d616a18a1932a96fcb1b5233b921b,1,objects/e5d3df12aeb946af6328ec3a50bb1320707d616a18a1932a96fcb1b5233b921b
EARLY_IM/old_repo/outputs/overlap_experiment/nethept/20260831_181338/seed_20260822/Direct-MLP_plus_Overlap_sequential.json,old_repo,outputs/overlap_experiment/nethept/20260831_181338/seed_20260822/Direct-MLP_plus_Overlap_sequential.json,1229,898e97d679505f028135cb1e2cc4f4599a9f919e8bf1313e6de8ba04d228f388,1,objects/898e97d679505f028135cb1e2cc4f4599a9f919e8bf1313e6de8ba04d228f388
EARLY_IM/old_repo/outputs/overlap_experiment/nethept/20260831_181338/seed_20260822/Direct-MLP_sequential.json,old_repo,outputs/overlap_experiment/nethept/20260831_181338/seed_20260822/Direct-MLP_sequential.json,1195,3388d6ee0a152f3add13e3efdddae0b6aee5b3a4a9e0931e6fca1a8f93c0f6bd,1,objects/3388d6ee0a152f3add13e3efdddae0b6aee5b3a4a9e0931e6fca1a8f93c0f6bd
EARLY_IM/old_repo/outputs/overlap_experiment/nethept/20260831_181338/seed_20260822/metrics_by_seed_size.csv,old_repo,outputs/overlap_experiment/nethept/20260831_181338/seed_20260822/metrics_by_seed_size.csv,1933,04a307a7c9809ffcc1d7e28be74b1ea2015dec366ca656daaede74f307a18638,1,objects/04a307a7c9809ffcc1d7e28be74b1ea2015dec366ca656daaede74f307a18638
EARLY_IM/old_repo/outputs/overlap_experiment/nethept/20260831_181338/seed_20260823/Direct-MLP_plus_Overlap_sequential.json,old_repo,outputs/overlap_experiment/nethept/20260831_181338/seed_20260823/Direct-MLP_plus_Overlap_sequential.json,1228,f80ce0ae4c91e956ce73abbe9d221e0728615ae2aa0e085e6e9864147403cef4,1,objects/f80ce0ae4c91e956ce73abbe9d221e0728615ae2aa0e085e6e9864147403cef4
EARLY_IM/old_repo/outputs/overlap_experiment/nethept/20260831_181338/seed_20260823/Direct-MLP_sequential.json,old_repo,outputs/overlap_experiment/nethept/20260831_181338/seed_20260823/Direct-MLP_sequential.json,1196,5dfcd00b2657987127f9abe594742c1a0f4e7c6961ee0cb4e277b736d579d752,1,objects/5dfcd00b2657987127f9abe594742c1a0f4e7c6961ee0cb4e277b736d579d752
EARLY_IM/old_repo/outputs/overlap_experiment/nethept/20260831_181338/seed_20260823/metrics_by_seed_size.csv,old_repo,outputs/overlap_experiment/nethept/20260831_181338/seed_20260823/metrics_by_seed_size.csv,1932,668730c0fc3c7939a41b3bd58dc2b6dc8466388ce59b08e0d2139b06a9f25a56,1,objects/668730c0fc3c7939a41b3bd58dc2b6dc8466388ce59b08e0d2139b06a9f25a56
EARLY_IM/old_repo/outputs/overlap_experiment/nethept/20260831_181338/seed_20260824/Direct-MLP_plus_Overlap_sequential.json,old_repo,outputs/overlap_experiment/nethept/20260831_181338/seed_20260824/Direct-MLP_plus_Overlap_sequential.json,1226,8c5ad7a5d748873c25349af7a32af0a36e569c3004e41c316706a52078198a32,1,objects/8c5ad7a5d748873c25349af7a32af0a36e569c3004e41c316706a52078198a32
EARLY_IM/old_repo/outputs/overlap_experiment/nethept/20260831_181338/seed_20260824/Direct-MLP_sequential.json,old_repo,outputs/overlap_experiment/nethept/20260831_181338/seed_20260824/Direct-MLP_sequential.json,1197,94a9fb73c8dab464a2ce738c0682385868f582240c63b86bdb06064f0da08950,1,objects/94a9fb73c8dab464a2ce738c0682385868f582240c63b86bdb06064f0da08950
EARLY_IM/old_repo/outputs/overlap_experiment/nethept/20260831_181338/seed_20260824/metrics_by_seed_size.csv,old_repo,outputs/overlap_experiment/nethept/20260831_181338/seed_20260824/metrics_by_seed_size.csv,1932,ec251a06abfde51cba88081b1c732e7a9f519ec884cfacf7a15f467acb70e2a9,1,objects/ec251a06abfde51cba88081b1c732e7a9f519ec884cfacf7a15f467acb70e2a9
EARLY_IM/old_repo/outputs/overlap_experiment/nethept/20260831_181338/seed_20260825/Direct-MLP_plus_Overlap_sequential.json,old_repo,outputs/overlap_experiment/nethept/20260831_181338/seed_20260825/Direct-MLP_plus_Overlap_sequential.json,1227,cffc3616214a3c3aa6d1909c9abef51f63954d32e914c3811b87994775430d6b,1,objects/cffc3616214a3c3aa6d1909c9abef51f63954d32e914c3811b87994775430d6b
EARLY_IM/old_repo/outputs/overlap_experiment/nethept/20260831_181338/seed_20260825/Direct-MLP_sequential.json,old_repo,outputs/overlap_experiment/nethept/20260831_181338/seed_20260825/Direct-MLP_sequential.json,1193,1b34dcfe265a01e804a8e4f53af25e0a2af4f3f425ec7ff0740029082b487385,1,objects/1b34dcfe265a01e804a8e4f53af25e0a2af4f3f425ec7ff0740029082b487385
EARLY_IM/old_repo/outputs/overlap_experiment/nethept/20260831_181338/seed_20260825/metrics_by_seed_size.csv,old_repo,outputs/overlap_experiment/nethept/20260831_181338/seed_20260825/metrics_by_seed_size.csv,1956,91f744fe70bc1647a9e26086d3d1fea93a68a9ccc7567433e64a1bcb422cc392,1,objects/91f744fe70bc1647a9e26086d3d1fea93a68a9ccc7567433e64a1bcb422cc392
EARLY_IM/old_repo/outputs/overlap_experiment/nethept/20260831_181338/sequential_aggregate.csv,old_repo,outputs/overlap_experiment/nethept/20260831_181338/sequential_aggregate.csv,485,5be69bdd7eab9c702cbedc1bdd934436d65d4c79275903ec7a04bccdf745b931,1,objects/5be69bdd7eab9c702cbedc1bdd934436d65d4c79275903ec7a04bccdf745b931
EARLY_IM/old_repo/outputs/overlap_experiment/nethept/20260831_190534/aggregate_metrics.csv,old_repo,outputs/overlap_experiment/nethept/20260831_190534/aggregate_metrics.csv,2984,86ffe169db0468c7f60d0f5575f3ffc8773ea25f0dc8cb3d8a5386a94f7ea92c,1,objects/86ffe169db0468c7f60d0f5575f3ffc8773ea25f0dc8cb3d8a5386a94f7ea92c
EARLY_IM/old_repo/outputs/overlap_experiment/nethept/20260831_190534/config.yaml,old_repo,outputs/overlap_experiment/nethept/20260831_190534/config.yaml,876,fde1d1e46119c3dadce97f113f0b46c65c227a9c0990943ce6e8a71b9df4ba96,1,objects/fde1d1e46119c3dadce97f113f0b46c65c227a9c0990943ce6e8a71b9df4ba96
EARLY_IM/old_repo/outputs/overlap_experiment/nethept/20260831_190534/results.json,old_repo,outputs/overlap_experiment/nethept/20260831_190534/results.json,55010,5201a9d1e001668ee742c7c8bed8b7026f351236b58221beb38391839c24bbdd,1,objects/5201a9d1e001668ee742c7c8bed8b7026f351236b58221beb38391839c24bbdd
EARLY_IM/old_repo/outputs/overlap_experiment/nethept/20260831_190534/seed_20260821/Direct-MLP_plus_Overlap_sequential.json,old_repo,outputs/overlap_experiment/nethept/20260831_190534/seed_20260821/Direct-MLP_plus_Overlap_sequential.json,1776,573b8c405d73c0e801b20c5d1546857af6aeae1d75c20583f3d49930b3e92f6c,1,objects/573b8c405d73c0e801b20c5d1546857af6aeae1d75c20583f3d49930b3e92f6c
EARLY_IM/old_repo/outputs/overlap_experiment/nethept/20260831_190534/seed_20260821/Direct-MLP_sequential.json,old_repo,outputs/overlap_experiment/nethept/20260831_190534/seed_20260821/Direct-MLP_sequential.json,1714,d96d50079a851f93a06d33c8f61654d33a8f15f738286029e6618ec0fc519218,1,objects/d96d50079a851f93a06d33c8f61654d33a8f15f738286029e6618ec0fc519218
EARLY_IM/old_repo/outputs/overlap_experiment/nethept/20260831_190534/seed_20260821/metrics_by_seed_size.csv,old_repo,outputs/overlap_experiment/nethept/20260831_190534/seed_20260821/metrics_by_seed_size.csv,1920,e5d3df12aeb946af6328ec3a50bb1320707d616a18a1932a96fcb1b5233b921b,1,objects/e5d3df12aeb946af6328ec3a50bb1320707d616a18a1932a96fcb1b5233b921b
EARLY_IM/old_repo/outputs/overlap_experiment/nethept/20260831_190534/seed_20260822/Direct-MLP_plus_Overlap_sequential.json,old_repo,outputs/overlap_experiment/nethept/20260831_190534/seed_20260822/Direct-MLP_plus_Overlap_sequential.json,1791,d260e48bf48631f8d5a06e07788bf4ec548d638ea95f3011334f1cf59a6e57c5,1,objects/d260e48bf48631f8d5a06e07788bf4ec548d638ea95f3011334f1cf59a6e57c5
EARLY_IM/old_repo/outputs/overlap_experiment/nethept/20260831_190534/seed_20260822/Direct-MLP_sequential.json,old_repo,outputs/overlap_experiment/nethept/20260831_190534/seed_20260822/Direct-MLP_sequential.json,1714,784a90facdb093c7c5181713123fd1509f40ef02123fe7575cd7c71cee86bdd0,1,objects/784a90facdb093c7c5181713123fd1509f40ef02123fe7575cd7c71cee86bdd0
EARLY_IM/old_repo/outputs/overlap_experiment/nethept/20260831_190534/seed_20260822/metrics_by_seed_size.csv,old_repo,outputs/overlap_experiment/nethept/20260831_190534/seed_20260822/metrics_by_seed_size.csv,1933,04a307a7c9809ffcc1d7e28be74b1ea2015dec366ca656daaede74f307a18638,1,objects/04a307a7c9809ffcc1d7e28be74b1ea2015dec366ca656daaede74f307a18638
EARLY_IM/old_repo/outputs/overlap_experiment/nethept/20260831_190534/seed_20260823/Direct-MLP_plus_Overlap_sequential.json,old_repo,outputs/overlap_experiment/nethept/20260831_190534/seed_20260823/Direct-MLP_plus_Overlap_sequential.json,1778,2c491901429b198caa4bd5061a54a431d821a68761fe89d38a64cba6a0b6fe50,1,objects/2c491901429b198caa4bd5061a54a431d821a68761fe89d38a64cba6a0b6fe50
EARLY_IM/old_repo/outputs/overlap_experiment/nethept/20260831_190534/seed_20260823/Direct-MLP_sequential.json,old_repo,outputs/overlap_experiment/nethept/20260831_190534/seed_20260823/Direct-MLP_sequential.json,1747,3c45bb1cc3fc4ffb03299828ea6d28a5d4ba929e712d3212d2cc71c76b43b705,1,objects/3c45bb1cc3fc4ffb03299828ea6d28a5d4ba929e712d3212d2cc71c76b43b705
EARLY_IM/old_repo/outputs/overlap_experiment/nethept/20260831_190534/seed_20260823/metrics_by_seed_size.csv,old_repo,outputs/overlap_experiment/nethept/20260831_190534/seed_20260823/metrics_by_seed_size.csv,1932,668730c0fc3c7939a41b3bd58dc2b6dc8466388ce59b08e0d2139b06a9f25a56,1,objects/668730c0fc3c7939a41b3bd58dc2b6dc8466388ce59b08e0d2139b06a9f25a56
EARLY_IM/old_repo/outputs/overlap_experiment/nethept/20260831_190534/seed_20260824/Direct-MLP_plus_Overlap_sequential.json,old_repo,outputs/overlap_experiment/nethept/20260831_190534/seed_20260824/Direct-MLP_plus_Overlap_sequential.json,1791,0faf5df0ff15cf512cdfde9375b558fda94add34811dda79db153048f31de477,1,objects/0faf5df0ff15cf512cdfde9375b558fda94add34811dda79db153048f31de477
EARLY_IM/old_repo/outputs/overlap_experiment/nethept/20260831_190534/seed_20260824/Direct-MLP_sequential.json,old_repo,outputs/overlap_experiment/nethept/20260831_190534/seed_20260824/Direct-MLP_sequential.json,1757,9ca5302fd2e723d3ec7a763404b70c2c425633f269b9f73438fcf9fb622a89ce,1,objects/9ca5302fd2e723d3ec7a763404b70c2c425633f269b9f73438fcf9fb622a89ce
EARLY_IM/old_repo/outputs/overlap_experiment/nethept/20260831_190534/seed_20260824/metrics_by_seed_size.csv,old_repo,outputs/overlap_experiment/nethept/20260831_190534/seed_20260824/metrics_by_seed_size.csv,1932,ec251a06abfde51cba88081b1c732e7a9f519ec884cfacf7a15f467acb70e2a9,1,objects/ec251a06abfde51cba88081b1c732e7a9f519ec884cfacf7a15f467acb70e2a9
EARLY_IM/old_repo/outputs/overlap_experiment/nethept/20260831_190534/seed_20260825/Direct-MLP_plus_Overlap_sequential.json,old_repo,outputs/overlap_experiment/nethept/20260831_190534/seed_20260825/Direct-MLP_plus_Overlap_sequential.json,1777,bebcd5bef7d0b09c4d80cd9df124a1e55be5e082476f60c3a37515d700615319,1,objects/bebcd5bef7d0b09c4d80cd9df124a1e55be5e082476f60c3a37515d700615319
EARLY_IM/old_repo/outputs/overlap_experiment/nethept/20260831_190534/seed_20260825/Direct-MLP_sequential.json,old_repo,outputs/overlap_experiment/nethept/20260831_190534/seed_20260825/Direct-MLP_sequential.json,1745,284cbb13cc2b40787b4feec35b59a52f451fc1f304c6abf9031d1819adccf261,1,objects/284cbb13cc2b40787b4feec35b59a52f451fc1f304c6abf9031d1819adccf261
EARLY_IM/old_repo/outputs/overlap_experiment/nethept/20260831_190534/seed_20260825/metrics_by_seed_size.csv,old_repo,outputs/overlap_experiment/nethept/20260831_190534/seed_20260825/metrics_by_seed_size.csv,1956,91f744fe70bc1647a9e26086d3d1fea93a68a9ccc7567433e64a1bcb422cc392,1,objects/91f744fe70bc1647a9e26086d3d1fea93a68a9ccc7567433e64a1bcb422cc392
EARLY_IM/old_repo/outputs/overlap_experiment/nethept/20260831_190534/sequential_aggregate.csv,old_repo,outputs/overlap_experiment/nethept/20260831_190534/sequential_aggregate.csv,918,a65d2ea69fcf4b4d408d1ee58900c99869303a9cc4f5a7c8ddf1071bd54bc994,1,objects/a65d2ea69fcf4b4d408d1ee58900c99869303a9cc4f5a7c8ddf1071bd54bc994
EARLY_IM/old_repo/outputs/overlap_experiment/smoke_nethept/20260831_180558/aggregate_metrics.csv,old_repo,outputs/overlap_experiment/smoke_nethept/20260831_180558/aggregate_metrics.csv,1873,29ee042f404e5b276241935117904f3a1e947d24c34e22bd6b52d531c9088631,1,objects/29ee042f404e5b276241935117904f3a1e947d24c34e22bd6b52d531c9088631
EARLY_IM/old_repo/outputs/overlap_experiment/smoke_nethept/20260831_180558/config.yaml,old_repo,outputs/overlap_experiment/smoke_nethept/20260831_180558/config.yaml,804,653b586f9333870f08ee82db89e4ca711c813310ee33094bf6ed681366fe7e18,1,objects/653b586f9333870f08ee82db89e4ca711c813310ee33094bf6ed681366fe7e18
EARLY_IM/old_repo/outputs/overlap_experiment/smoke_nethept/20260831_180558/results.json,old_repo,outputs/overlap_experiment/smoke_nethept/20260831_180558/results.json,15495,26515e3e69fe7664075002612351d2d7cdf9de03823cead9876d21f2a7b79136,1,objects/26515e3e69fe7664075002612351d2d7cdf9de03823cead9876d21f2a7b79136
EARLY_IM/old_repo/outputs/overlap_experiment/smoke_nethept/20260831_180558/seed_20260821/Direct-MLP_plus_Overlap_sequential.json,old_repo,outputs/overlap_experiment/smoke_nethept/20260831_180558/seed_20260821/Direct-MLP_plus_Overlap_sequential.json,535,ef05fda8fdb2a6f5fafc1a0e394b3fa7088e7312a5a9e232b54f5b2ff3bdb62f,1,objects/ef05fda8fdb2a6f5fafc1a0e394b3fa7088e7312a5a9e232b54f5b2ff3bdb62f
EARLY_IM/old_repo/outputs/overlap_experiment/smoke_nethept/20260831_180558/seed_20260821/Direct-MLP_sequential.json,old_repo,outputs/overlap_experiment/smoke_nethept/20260831_180558/seed_20260821/Direct-MLP_sequential.json,521,0356c8dd3ac501cecf5e443e6aa380449ee6fd2e51f0490a6817bae6820da957,1,objects/0356c8dd3ac501cecf5e443e6aa380449ee6fd2e51f0490a6817bae6820da957
EARLY_IM/old_repo/outputs/overlap_experiment/smoke_nethept/20260831_180558/seed_20260821/metrics_by_seed_size.csv,old_repo,outputs/overlap_experiment/smoke_nethept/20260831_180558/seed_20260821/metrics_by_seed_size.csv,1741,24d3f667023848eed45dd9baa5620299ca6a3b73eddd25eaf43571f8b0f28d6c,1,objects/24d3f667023848eed45dd9baa5620299ca6a3b73eddd25eaf43571f8b0f28d6c
EARLY_IM/old_repo/outputs/overlap_experiment/smoke_nethept/20260831_181314/aggregate_metrics.csv,old_repo,outputs/overlap_experiment/smoke_nethept/20260831_181314/aggregate_metrics.csv,2083,adcb34ff103db4d3da5ba03abfed7aa7f666653d1896c0b3922b444c9172c9d2,1,objects/adcb34ff103db4d3da5ba03abfed7aa7f666653d1896c0b3922b444c9172c9d2
EARLY_IM/old_repo/outputs/overlap_experiment/smoke_nethept/20260831_181314/config.yaml,old_repo,outputs/overlap_experiment/smoke_nethept/20260831_181314/config.yaml,804,653b586f9333870f08ee82db89e4ca711c813310ee33094bf6ed681366fe7e18,1,objects/653b586f9333870f08ee82db89e4ca711c813310ee33094bf6ed681366fe7e18
EARLY_IM/old_repo/outputs/overlap_experiment/smoke_nethept/20260831_181314/results.json,old_repo,outputs/overlap_experiment/smoke_nethept/20260831_181314/results.json,18287,66f22dc5860f767a9c8abe77bc8151f20a7494cd78d0409d1239bd1aec8b5506,1,objects/66f22dc5860f767a9c8abe77bc8151f20a7494cd78d0409d1239bd1aec8b5506
EARLY_IM/old_repo/outputs/overlap_experiment/smoke_nethept/20260831_181314/seed_20260821/Direct-MLP_plus_Overlap_sequential.json,old_repo,outputs/overlap_experiment/smoke_nethept/20260831_181314/seed_20260821/Direct-MLP_plus_Overlap_sequential.json,536,d489dcd2c809dbaf9c8000f57fc58ac1e409d4a95df2ff58037019ef48c25d07,1,objects/d489dcd2c809dbaf9c8000f57fc58ac1e409d4a95df2ff58037019ef48c25d07
EARLY_IM/old_repo/outputs/overlap_experiment/smoke_nethept/20260831_181314/seed_20260821/Direct-MLP_sequential.json,old_repo,outputs/overlap_experiment/smoke_nethept/20260831_181314/seed_20260821/Direct-MLP_sequential.json,521,69660ed91635fe61c409cea67f722f4813eeb92624ec9d3f90af9f5d2f7c2386,1,objects/69660ed91635fe61c409cea67f722f4813eeb92624ec9d3f90af9f5d2f7c2386
EARLY_IM/old_repo/outputs/overlap_experiment/smoke_nethept/20260831_181314/seed_20260821/metrics_by_seed_size.csv,old_repo,outputs/overlap_experiment/smoke_nethept/20260831_181314/seed_20260821/metrics_by_seed_size.csv,1947,fab99d0eb6ae51a26b5356eb9bf5344f326efbced834fb3df620fa7947f60736,1,objects/fab99d0eb6ae51a26b5356eb9bf5344f326efbced834fb3df620fa7947f60736
EARLY_IM/old_repo/outputs/overlap_experiment/smoke_nethept/20260831_181314/sequential_aggregate.csv,old_repo,outputs/overlap_experiment/smoke_nethept/20260831_181314/sequential_aggregate.csv,182,9cacd8f4336b7b6b01efed1790d0de2ca10712f86f72125a12873a3c17cd97bb,1,objects/9cacd8f4336b7b6b01efed1790d0de2ca10712f86f72125a12873a3c17cd97bb
EARLY_IM/old_repo/outputs/overlap_experiment/smoke_nethept/20260831_190510/aggregate_metrics.csv,old_repo,outputs/overlap_experiment/smoke_nethept/20260831_190510/aggregate_metrics.csv,2083,adcb34ff103db4d3da5ba03abfed7aa7f666653d1896c0b3922b444c9172c9d2,1,objects/adcb34ff103db4d3da5ba03abfed7aa7f666653d1896c0b3922b444c9172c9d2
EARLY_IM/old_repo/outputs/overlap_experiment/smoke_nethept/20260831_190510/config.yaml,old_repo,outputs/overlap_experiment/smoke_nethept/20260831_190510/config.yaml,832,3171a4bc50f106e1a8acb1b642564df39ffa26ccc970f6665e14e42d3db749b2,1,objects/3171a4bc50f106e1a8acb1b642564df39ffa26ccc970f6665e14e42d3db749b2
EARLY_IM/old_repo/outputs/overlap_experiment/smoke_nethept/20260831_190510/results.json,old_repo,outputs/overlap_experiment/smoke_nethept/20260831_190510/results.json,18755,dfd8938ae52eab64cea60086a16a814b3e943997ade2cd20510344a2872d5610,1,objects/dfd8938ae52eab64cea60086a16a814b3e943997ade2cd20510344a2872d5610
EARLY_IM/old_repo/outputs/overlap_experiment/smoke_nethept/20260831_190510/seed_20260821/Direct-MLP_plus_Overlap_sequential.json,old_repo,outputs/overlap_experiment/smoke_nethept/20260831_190510/seed_20260821/Direct-MLP_plus_Overlap_sequential.json,786,b61db9158db9f96477fbf83f65d9a84654e936c21fcd9ea1cf988648d8dce5bc,1,objects/b61db9158db9f96477fbf83f65d9a84654e936c21fcd9ea1cf988648d8dce5bc
EARLY_IM/old_repo/outputs/overlap_experiment/smoke_nethept/20260831_190510/seed_20260821/Direct-MLP_sequential.json,old_repo,outputs/overlap_experiment/smoke_nethept/20260831_190510/seed_20260821/Direct-MLP_sequential.json,766,04023bfb1f7c931392c0108b2adb6cce99159359c1a75466df221f817c956b79,1,objects/04023bfb1f7c931392c0108b2adb6cce99159359c1a75466df221f817c956b79
EARLY_IM/old_repo/outputs/overlap_experiment/smoke_nethept/20260831_190510/seed_20260821/metrics_by_seed_size.csv,old_repo,outputs/overlap_experiment/smoke_nethept/20260831_190510/seed_20260821/metrics_by_seed_size.csv,1947,fab99d0eb6ae51a26b5356eb9bf5344f326efbced834fb3df620fa7947f60736,1,objects/fab99d0eb6ae51a26b5356eb9bf5344f326efbced834fb3df620fa7947f60736
EARLY_IM/old_repo/outputs/overlap_experiment/smoke_nethept/20260831_190510/sequential_aggregate.csv,old_repo,outputs/overlap_experiment/smoke_nethept/20260831_190510/sequential_aggregate.csv,306,77523c2f1fb499badea4ec0d2f702cb8313c6ab79eff5c4ab34792856d602ad6,1,objects/77523c2f1fb499badea4ec0d2f702cb8313c6ab79eff5c4ab34792856d602ad6
EARLY_IM/old_repo/outputs/retrieval_reranking/nethept/20260831_151855/retrieval_reranking/config.yaml,old_repo,outputs/retrieval_reranking/nethept/20260831_151855/retrieval_reranking/config.yaml,845,b940e84979044581f15f9ad6c329825004e9e64f3e8d0ada89c40e4bde54aba2,1,objects/b940e84979044581f15f9ad6c329825004e9e64f3e8d0ada89c40e4bde54aba2
EARLY_IM/old_repo/outputs/retrieval_reranking/nethept/20260831_151855/retrieval_reranking/console.log,old_repo,outputs/retrieval_reranking/nethept/20260831_151855/retrieval_reranking/console.log,9582,e2ed9af3d297a5ca9d45147ecb2943d1fd18ba08d43c221f5ff3f3afab387c7d,0,objects/e2ed9af3d297a5ca9d45147ecb2943d1fd18ba08d43c221f5ff3f3afab387c7d
EARLY_IM/old_repo/outputs/retrieval_reranking/nethept/20260831_151855/retrieval_reranking/end_to_end_sequential.csv,old_repo,outputs/retrieval_reranking/nethept/20260831_151855/retrieval_reranking/end_to_end_sequential.csv,19710,caa4d9c13cbc4b3541b99a0e982c26e192b50e88b01595c831e72c06b1a83b52,1,objects/caa4d9c13cbc4b3541b99a0e982c26e192b50e88b01595c831e72c06b1a83b52
EARLY_IM/old_repo/outputs/retrieval_reranking/nethept/20260831_151855/retrieval_reranking/end_to_end_sequential.json,old_repo,outputs/retrieval_reranking/nethept/20260831_151855/retrieval_reranking/end_to_end_sequential.json,1604300,58f68c9eadd58aea1afa6d85f372d8855b391e88612d5702e203d351a5c55113,0,objects/58f68c9eadd58aea1afa6d85f372d8855b391e88612d5702e203d351a5c55113
EARLY_IM/old_repo/outputs/retrieval_reranking/nethept/20260831_151855/retrieval_reranking/oracle_trajectory_diagnostic.csv,old_repo,outputs/retrieval_reranking/nethept/20260831_151855/retrieval_reranking/oracle_trajectory_diagnostic.csv,172251,1b94fa00f3e6ef5c5711628c7cb96a295c37ac958a15ddcea25f02ff4d191871,1,objects/1b94fa00f3e6ef5c5711628c7cb96a295c37ac958a15ddcea25f02ff4d191871
EARLY_IM/old_repo/outputs/retrieval_reranking/nethept/20260831_151855/retrieval_reranking/oracle_trajectory_diagnostic.json,old_repo,outputs/retrieval_reranking/nethept/20260831_151855/retrieval_reranking/oracle_trajectory_diagnostic.json,1416725,44549758ebad30289e92746713e3bda30a9f4762e117ef790064e264fa53621f,0,objects/44549758ebad30289e92746713e3bda30a9f4762e117ef790064e264fa53621f
EARLY_IM/old_repo/outputs/retrieval_reranking/nethept/20260831_151855/retrieval_reranking/validation.json,old_repo,outputs/retrieval_reranking/nethept/20260831_151855/retrieval_reranking/validation.json,140,97c8ebf132af8db0f1c3c365f200317b0178d429876fab93dae899bb589e44fd,1,objects/97c8ebf132af8db0f1c3c365f200317b0178d429876fab93dae899bb589e44fd
EARLY_IM/old_repo/outputs/retrieval_reranking/nethept/20260831_152922/retrieval_reranking/config.yaml,old_repo,outputs/retrieval_reranking/nethept/20260831_152922/retrieval_reranking/config.yaml,845,b940e84979044581f15f9ad6c329825004e9e64f3e8d0ada89c40e4bde54aba2,1,objects/b940e84979044581f15f9ad6c329825004e9e64f3e8d0ada89c40e4bde54aba2
EARLY_IM/old_repo/outputs/retrieval_reranking/nethept/20260831_152922/retrieval_reranking/console.log,old_repo,outputs/retrieval_reranking/nethept/20260831_152922/retrieval_reranking/console.log,9582,f382baf6553d155aec0230b2b45e4f579d6b0d6c86f87a582f273f559891ec00,0,objects/f382baf6553d155aec0230b2b45e4f579d6b0d6c86f87a582f273f559891ec00
EARLY_IM/old_repo/outputs/retrieval_reranking/nethept/20260831_152922/retrieval_reranking/end_to_end_sequential.csv,old_repo,outputs/retrieval_reranking/nethept/20260831_152922/retrieval_reranking/end_to_end_sequential.csv,181934,47378631319023c76f89873461ee1b919a4c693565e14e42e6b6ea406b0710a6,1,objects/47378631319023c76f89873461ee1b919a4c693565e14e42e6b6ea406b0710a6
EARLY_IM/old_repo/outputs/retrieval_reranking/nethept/20260831_152922/retrieval_reranking/end_to_end_sequential.json,old_repo,outputs/retrieval_reranking/nethept/20260831_152922/retrieval_reranking/end_to_end_sequential.json,1604374,5ceb55254c019f4a986ed5287103e1c05ed81da9ca81206df88e40d5940827e8,0,objects/5ceb55254c019f4a986ed5287103e1c05ed81da9ca81206df88e40d5940827e8
EARLY_IM/old_repo/outputs/retrieval_reranking/nethept/20260831_152922/retrieval_reranking/end_to_end_summary.csv,old_repo,outputs/retrieval_reranking/nethept/20260831_152922/retrieval_reranking/end_to_end_summary.csv,19725,f62c0134b84d6b14e63da91ef2bb64516133ac207db40cfcc012b2954867aac5,1,objects/f62c0134b84d6b14e63da91ef2bb64516133ac207db40cfcc012b2954867aac5
EARLY_IM/old_repo/outputs/retrieval_reranking/nethept/20260831_152922/retrieval_reranking/oracle_trajectory_diagnostic.csv,old_repo,outputs/retrieval_reranking/nethept/20260831_152922/retrieval_reranking/oracle_trajectory_diagnostic.csv,172491,5d1f5dff0a8efe8bcb571431180cbbb22c79784bf359992d9e75b89c156d5b8a,1,objects/5d1f5dff0a8efe8bcb571431180cbbb22c79784bf359992d9e75b89c156d5b8a
EARLY_IM/old_repo/outputs/retrieval_reranking/nethept/20260831_152922/retrieval_reranking/oracle_trajectory_diagnostic.json,old_repo,outputs/retrieval_reranking/nethept/20260831_152922/retrieval_reranking/oracle_trajectory_diagnostic.json,1416971,b62540f2d2ffc4a3af1f8987d78e612452bed0199a055b20ba2a7e0558113ccf,0,objects/b62540f2d2ffc4a3af1f8987d78e612452bed0199a055b20ba2a7e0558113ccf
EARLY_IM/old_repo/outputs/retrieval_reranking/nethept/20260831_152922/retrieval_reranking/validation.json,old_repo,outputs/retrieval_reranking/nethept/20260831_152922/retrieval_reranking/validation.json,140,74d6bfc6435ad8f754d8fde02ff8d1ed1f11c9fe3a0be8c9122e7de1d7304c7d,1,objects/74d6bfc6435ad8f754d8fde02ff8d1ed1f11c9fe3a0be8c9122e7de1d7304c7d
EARLY_IM/old_repo/outputs/retrieval_reranking/nethept/20260831_170241/retrieval_reranking/config.yaml,old_repo,outputs/retrieval_reranking/nethept/20260831_170241/retrieval_reranking/config.yaml,845,2d916c3743171084bd9e069b5e30ec9a0e99a1e4e9280b2d380bdbfa1cee1eab,1,objects/2d916c3743171084bd9e069b5e30ec9a0e99a1e4e9280b2d380bdbfa1cee1eab
EARLY_IM/old_repo/outputs/retrieval_reranking/nethept/20260831_170241/retrieval_reranking/console.log,old_repo,outputs/retrieval_reranking/nethept/20260831_170241/retrieval_reranking/console.log,9582,c14fc3983a762e555c391c2c4787d84a2acfb0a0691e264dd8d36af07c358c6a,0,objects/c14fc3983a762e555c391c2c4787d84a2acfb0a0691e264dd8d36af07c358c6a
EARLY_IM/old_repo/outputs/retrieval_reranking/nethept/20260831_170241/retrieval_reranking/end_to_end_sequential.csv,old_repo,outputs/retrieval_reranking/nethept/20260831_170241/retrieval_reranking/end_to_end_sequential.csv,181264,47125df00a298c09439d9c554e66189e684ed12375497195c870e28b921b4ee6,1,objects/47125df00a298c09439d9c554e66189e684ed12375497195c870e28b921b4ee6
EARLY_IM/old_repo/outputs/retrieval_reranking/nethept/20260831_170241/retrieval_reranking/end_to_end_sequential.json,old_repo,outputs/retrieval_reranking/nethept/20260831_170241/retrieval_reranking/end_to_end_sequential.json,1603682,b961cc47cdb0025845acacf376c29ac084d42885e10029e44185d1c239b72046,0,objects/b961cc47cdb0025845acacf376c29ac084d42885e10029e44185d1c239b72046
EARLY_IM/old_repo/outputs/retrieval_reranking/nethept/20260831_170241/retrieval_reranking/end_to_end_summary.csv,old_repo,outputs/retrieval_reranking/nethept/20260831_170241/retrieval_reranking/end_to_end_summary.csv,19690,650977b15d5930902382bb2cb65b5d4ea61d10f4f2f4e67119a4478e631a5ddf,1,objects/650977b15d5930902382bb2cb65b5d4ea61d10f4f2f4e67119a4478e631a5ddf
EARLY_IM/old_repo/outputs/retrieval_reranking/nethept/20260831_170241/retrieval_reranking/oracle_trajectory_diagnostic.csv,old_repo,outputs/retrieval_reranking/nethept/20260831_170241/retrieval_reranking/oracle_trajectory_diagnostic.csv,173121,004581ac81c3ada4df89b1d6f621b6b5e4518c8e1dc35e768fbc3b9c4caa3a91,1,objects/004581ac81c3ada4df89b1d6f621b6b5e4518c8e1dc35e768fbc3b9c4caa3a91
EARLY_IM/old_repo/outputs/retrieval_reranking/nethept/20260831_170241/retrieval_reranking/oracle_trajectory_diagnostic.json,old_repo,outputs/retrieval_reranking/nethept/20260831_170241/retrieval_reranking/oracle_trajectory_diagnostic.json,1417243,5b833646355b8eca66db402076f7e5cbb81fbaace65140a9744b93d7228ebf73,0,objects/5b833646355b8eca66db402076f7e5cbb81fbaace65140a9744b93d7228ebf73
EARLY_IM/old_repo/outputs/retrieval_reranking/nethept/20260831_170241/retrieval_reranking/validation.json,old_repo,outputs/retrieval_reranking/nethept/20260831_170241/retrieval_reranking/validation.json,139,90f89cb274b7a4b7430cf71cabda80cfa42f54641527be9e487184ffdd858836,1,objects/90f89cb274b7a4b7430cf71cabda80cfa42f54641527be9e487184ffdd858836
EARLY_IM/old_repo/outputs/retrieval_reranking/nethept/20260831_170653/retrieval_reranking/config.yaml,old_repo,outputs/retrieval_reranking/nethept/20260831_170653/retrieval_reranking/config.yaml,845,73081e9824f746fd55c7c5f3c83f284609e58991d7f7dff6d1cb12dba966b401,1,objects/73081e9824f746fd55c7c5f3c83f284609e58991d7f7dff6d1cb12dba966b401
EARLY_IM/old_repo/outputs/retrieval_reranking/nethept/20260831_170653/retrieval_reranking/console.log,old_repo,outputs/retrieval_reranking/nethept/20260831_170653/retrieval_reranking/console.log,9582,2f6b5d02113440b94e6aa9f900a6ced4c48f3f66229943319da90d6c13e009ee,0,objects/2f6b5d02113440b94e6aa9f900a6ced4c48f3f66229943319da90d6c13e009ee
EARLY_IM/old_repo/outputs/retrieval_reranking/nethept/20260831_170653/retrieval_reranking/end_to_end_sequential.csv,old_repo,outputs/retrieval_reranking/nethept/20260831_170653/retrieval_reranking/end_to_end_sequential.csv,182063,440715e1098b0864ffc3b53a438ec65ffce116bd3bd446d12307c128fe82b6a5,1,objects/440715e1098b0864ffc3b53a438ec65ffce116bd3bd446d12307c128fe82b6a5
EARLY_IM/old_repo/outputs/retrieval_reranking/nethept/20260831_170653/retrieval_reranking/end_to_end_sequential.json,old_repo,outputs/retrieval_reranking/nethept/20260831_170653/retrieval_reranking/end_to_end_sequential.json,1604517,b73264217838a407d2325a846a7aa82a2f6ed4ce1a8524028118e137d74facf7,0,objects/b73264217838a407d2325a846a7aa82a2f6ed4ce1a8524028118e137d74facf7
EARLY_IM/old_repo/outputs/retrieval_reranking/nethept/20260831_170653/retrieval_reranking/end_to_end_summary.csv,old_repo,outputs/retrieval_reranking/nethept/20260831_170653/retrieval_reranking/end_to_end_summary.csv,19721,e37336b9f9b81e1e46614f496b35aa8a2b530e295d0615e7cdabb053c552c0e4,1,objects/e37336b9f9b81e1e46614f496b35aa8a2b530e295d0615e7cdabb053c552c0e4
EARLY_IM/old_repo/outputs/retrieval_reranking/nethept/20260831_170653/retrieval_reranking/oracle_trajectory_diagnostic.csv,old_repo,outputs/retrieval_reranking/nethept/20260831_170653/retrieval_reranking/oracle_trajectory_diagnostic.csv,171853,7ce40b0ccc7807f7986ab8e7f7d75c2ae06c6664a0ea8eeafd24b95871f34a10,1,objects/7ce40b0ccc7807f7986ab8e7f7d75c2ae06c6664a0ea8eeafd24b95871f34a10
EARLY_IM/old_repo/outputs/retrieval_reranking/nethept/20260831_170653/retrieval_reranking/oracle_trajectory_diagnostic.json,old_repo,outputs/retrieval_reranking/nethept/20260831_170653/retrieval_reranking/oracle_trajectory_diagnostic.json,1416033,796b43ad3f3789f4826b74b59ff47d18102a69cf44012139800a776a472e0ecf,0,objects/796b43ad3f3789f4826b74b59ff47d18102a69cf44012139800a776a472e0ecf
EARLY_IM/old_repo/outputs/retrieval_reranking/nethept/20260831_170653/retrieval_reranking/validation.json,old_repo,outputs/retrieval_reranking/nethept/20260831_170653/retrieval_reranking/validation.json,140,dd79d227fced276e5073825e94070c8c84cbcad12c00eeb1b002a2ae76cdac8b,1,objects/dd79d227fced276e5073825e94070c8c84cbcad12c00eeb1b002a2ae76cdac8b
EARLY_IM/old_repo/outputs/retrieval_reranking/nethept/20260831_171937/retrieval_reranking/config.yaml,old_repo,outputs/retrieval_reranking/nethept/20260831_171937/retrieval_reranking/config.yaml,845,606b958632721f58d863ba1c6483fd0bc8468e05d1158cf9af752c856133749a,1,objects/606b958632721f58d863ba1c6483fd0bc8468e05d1158cf9af752c856133749a
EARLY_IM/old_repo/outputs/retrieval_reranking/nethept/20260831_171937/retrieval_reranking/console.log,old_repo,outputs/retrieval_reranking/nethept/20260831_171937/retrieval_reranking/console.log,9582,7f3b70effe3661c8aea18f98e9d206c33be394eda5e8b1a9fe9074a59acde228,0,objects/7f3b70effe3661c8aea18f98e9d206c33be394eda5e8b1a9fe9074a59acde228
EARLY_IM/old_repo/outputs/retrieval_reranking/nethept/20260831_171937/retrieval_reranking/end_to_end_sequential.csv,old_repo,outputs/retrieval_reranking/nethept/20260831_171937/retrieval_reranking/end_to_end_sequential.csv,182992,566921f4c20ddb2957ce9212b66f9ece3e5bf8a5facb804e309b5b3878cdc4cb,1,objects/566921f4c20ddb2957ce9212b66f9ece3e5bf8a5facb804e309b5b3878cdc4cb
EARLY_IM/old_repo/outputs/retrieval_reranking/nethept/20260831_171937/retrieval_reranking/end_to_end_sequential.json,old_repo,outputs/retrieval_reranking/nethept/20260831_171937/retrieval_reranking/end_to_end_sequential.json,1605235,fb9aab285bd13d6ee5a93be2a2548dc3b99e426d84f5b74520264e9cf45c5a44,0,objects/fb9aab285bd13d6ee5a93be2a2548dc3b99e426d84f5b74520264e9cf45c5a44
EARLY_IM/old_repo/outputs/retrieval_reranking/nethept/20260831_171937/retrieval_reranking/end_to_end_summary.csv,old_repo,outputs/retrieval_reranking/nethept/20260831_171937/retrieval_reranking/end_to_end_summary.csv,19709,3fe1cd96a661da04c283b99476ed3893c8ea317986395c0ab0d3eb170d038be8,1,objects/3fe1cd96a661da04c283b99476ed3893c8ea317986395c0ab0d3eb170d038be8
EARLY_IM/old_repo/outputs/retrieval_reranking/nethept/20260831_171937/retrieval_reranking/oracle_trajectory_diagnostic.csv,old_repo,outputs/retrieval_reranking/nethept/20260831_171937/retrieval_reranking/oracle_trajectory_diagnostic.csv,173659,860b395a6f09866886284d7f7cdb671114e38fef06b4ee64f9c8682730679fc4,1,objects/860b395a6f09866886284d7f7cdb671114e38fef06b4ee64f9c8682730679fc4
EARLY_IM/old_repo/outputs/retrieval_reranking/nethept/20260831_171937/retrieval_reranking/oracle_trajectory_diagnostic.json,old_repo,outputs/retrieval_reranking/nethept/20260831_171937/retrieval_reranking/oracle_trajectory_diagnostic.json,1417576,70c612d54f13554878d3aada0a3b9cc232353202776ff7356195c65e5d102655,0,objects/70c612d54f13554878d3aada0a3b9cc232353202776ff7356195c65e5d102655
EARLY_IM/old_repo/outputs/retrieval_reranking/nethept/20260831_171937/retrieval_reranking/validation.json,old_repo,outputs/retrieval_reranking/nethept/20260831_171937/retrieval_reranking/validation.json,140,e237c5065d84cea218f56da6ea5fc6d358f1cb42dd315447d2b32db0381705b9,1,objects/e237c5065d84cea218f56da6ea5fc6d358f1cb42dd315447d2b32db0381705b9
EARLY_IM/old_repo/outputs/retrieval_reranking/nethept/20260831_172420/retrieval_reranking/config.yaml,old_repo,outputs/retrieval_reranking/nethept/20260831_172420/retrieval_reranking/config.yaml,845,2b51447e3c0da68bef84eb0ce7c892804644487cb0a5ff1dbf74276a569462ac,1,objects/2b51447e3c0da68bef84eb0ce7c892804644487cb0a5ff1dbf74276a569462ac
EARLY_IM/old_repo/outputs/retrieval_reranking/nethept/20260831_172420/retrieval_reranking/console.log,old_repo,outputs/retrieval_reranking/nethept/20260831_172420/retrieval_reranking/console.log,9582,6943733cc4bba3ae7e2b43de3834af1a3b5068ef159378f62198a567ce22a2fe,0,objects/6943733cc4bba3ae7e2b43de3834af1a3b5068ef159378f62198a567ce22a2fe
EARLY_IM/old_repo/outputs/retrieval_reranking/nethept/20260831_172420/retrieval_reranking/end_to_end_sequential.csv,old_repo,outputs/retrieval_reranking/nethept/20260831_172420/retrieval_reranking/end_to_end_sequential.csv,183425,4ff78854bbefc8f5a97b29ec6ed5942806c4a962de02f4666c4622ca8e98bd68,1,objects/4ff78854bbefc8f5a97b29ec6ed5942806c4a962de02f4666c4622ca8e98bd68
EARLY_IM/old_repo/outputs/retrieval_reranking/nethept/20260831_172420/retrieval_reranking/end_to_end_sequential.json,old_repo,outputs/retrieval_reranking/nethept/20260831_172420/retrieval_reranking/end_to_end_sequential.json,1605733,7d080402d4c7d0ecdde2a16ebf4bde23526c275ac093e4c32b0ffa83f1d04a44,0,objects/7d080402d4c7d0ecdde2a16ebf4bde23526c275ac093e4c32b0ffa83f1d04a44
EARLY_IM/old_repo/outputs/retrieval_reranking/nethept/20260831_172420/retrieval_reranking/end_to_end_summary.csv,old_repo,outputs/retrieval_reranking/nethept/20260831_172420/retrieval_reranking/end_to_end_summary.csv,19706,86d38e6dae8bafe128cbb22a387e54f73764cdfbb22d87dc3f0be10a0c1dc5c8,1,objects/86d38e6dae8bafe128cbb22a387e54f73764cdfbb22d87dc3f0be10a0c1dc5c8
EARLY_IM/old_repo/outputs/retrieval_reranking/nethept/20260831_172420/retrieval_reranking/oracle_trajectory_diagnostic.csv,old_repo,outputs/retrieval_reranking/nethept/20260831_172420/retrieval_reranking/oracle_trajectory_diagnostic.csv,172301,65d66a86233558623ac14227ee9efeb51fb29fedb6afd19b0733a9e75039aeb0,1,objects/65d66a86233558623ac14227ee9efeb51fb29fedb6afd19b0733a9e75039aeb0
EARLY_IM/old_repo/outputs/retrieval_reranking/nethept/20260831_172420/retrieval_reranking/oracle_trajectory_diagnostic.json,old_repo,outputs/retrieval_reranking/nethept/20260831_172420/retrieval_reranking/oracle_trajectory_diagnostic.json,1416085,9a2560933826e6e802a82130a66afa645c4ac2fec076062f7230c1fc15ee5cf5,0,objects/9a2560933826e6e802a82130a66afa645c4ac2fec076062f7230c1fc15ee5cf5
EARLY_IM/old_repo/outputs/retrieval_reranking/nethept/20260831_172420/retrieval_reranking/validation.json,old_repo,outputs/retrieval_reranking/nethept/20260831_172420/retrieval_reranking/validation.json,140,b2aaba8a758a54ec20cd8f7916f237fdfb9b9791a00082b7856c2ee16bc25269,1,objects/b2aaba8a758a54ec20cd8f7916f237fdfb9b9791a00082b7856c2ee16bc25269
EARLY_IM/old_repo/outputs/retrieval_reranking/run_configs/nethept_seed_20260822.yaml,old_repo,outputs/retrieval_reranking/run_configs/nethept_seed_20260822.yaml,806,57efc88ae53ec8d69485a72a8608d28a9cdb38ac83a06ab82247dbfd3c5798d4,1,objects/57efc88ae53ec8d69485a72a8608d28a9cdb38ac83a06ab82247dbfd3c5798d4
EARLY_IM/old_repo/outputs/retrieval_reranking/run_configs/nethept_seed_20260823.yaml,old_repo,outputs/retrieval_reranking/run_configs/nethept_seed_20260823.yaml,806,1e7eaa405293addea97fbf56b255cece5c70a7a0e76c937ca42e68cd354a8353,1,objects/1e7eaa405293addea97fbf56b255cece5c70a7a0e76c937ca42e68cd354a8353
EARLY_IM/old_repo/outputs/retrieval_reranking/run_configs/nethept_seed_20260824.yaml,old_repo,outputs/retrieval_reranking/run_configs/nethept_seed_20260824.yaml,806,a0ad6f65f8a657e402cb2d6aae46a7c061ff84b03024a1f6581740aa2bb965b7,1,objects/a0ad6f65f8a657e402cb2d6aae46a7c061ff84b03024a1f6581740aa2bb965b7
EARLY_IM/old_repo/outputs/retrieval_reranking/run_configs/nethept_seed_20260825.yaml,old_repo,outputs/retrieval_reranking/run_configs/nethept_seed_20260825.yaml,806,78618f881630b8464d62b9e2bce9076d220dfa1f5a17ab8c4263bf64a24b6200,1,objects/78618f881630b8464d62b9e2bce9076d220dfa1f5a17ab8c4263bf64a24b6200
EARLY_IM/old_repo/outputs/smoke_candidate_benchmark/20260831_141132/candidate_benchmark/candidate_benchmark.csv,old_repo,outputs/smoke_candidate_benchmark/20260831_141132/candidate_benchmark/candidate_benchmark.csv,457,f4a09b5b1d807631d0de33ad7d0a7abf13829a237d4a9fe9b6cabdd27ed2f9a3,1,objects/f4a09b5b1d807631d0de33ad7d0a7abf13829a237d4a9fe9b6cabdd27ed2f9a3
EARLY_IM/old_repo/outputs/smoke_candidate_benchmark/20260831_141132/candidate_benchmark/candidate_benchmark.json,old_repo,outputs/smoke_candidate_benchmark/20260831_141132/candidate_benchmark/candidate_benchmark.json,9533,01439e3fd6c31af7185ee88fa04b0cabd68da86b501a0a21285007b0b60c18d7,1,objects/01439e3fd6c31af7185ee88fa04b0cabd68da86b501a0a21285007b0b60c18d7
EARLY_IM/old_repo/outputs/smoke_candidate_benchmark/20260831_141132/candidate_benchmark/config.yaml,old_repo,outputs/smoke_candidate_benchmark/20260831_141132/candidate_benchmark/config.yaml,559,565cbc9a30d249c8691bfc3d91c29cdd68bb71b684cc82d7ce6acf75c7435932,1,objects/565cbc9a30d249c8691bfc3d91c29cdd68bb71b684cc82d7ce6acf75c7435932
EARLY_IM/old_repo/outputs/smoke_candidate_benchmark/20260831_141750/candidate_benchmark/candidate_benchmark.csv,old_repo,outputs/smoke_candidate_benchmark/20260831_141750/candidate_benchmark/candidate_benchmark.csv,463,e30b3174eff6f872ca41e65d624f5e5316efcea4900215afa2b0ee0169c39878,1,objects/e30b3174eff6f872ca41e65d624f5e5316efcea4900215afa2b0ee0169c39878
EARLY_IM/old_repo/outputs/smoke_candidate_benchmark/20260831_141750/candidate_benchmark/candidate_benchmark.json,old_repo,outputs/smoke_candidate_benchmark/20260831_141750/candidate_benchmark/candidate_benchmark.json,9524,e8477d75e51de0455af5aea4243e6d9c9a56ac6fa350f3a22b85de7c62551666,1,objects/e8477d75e51de0455af5aea4243e6d9c9a56ac6fa350f3a22b85de7c62551666
EARLY_IM/old_repo/outputs/smoke_candidate_benchmark/20260831_141750/candidate_benchmark/config.yaml,old_repo,outputs/smoke_candidate_benchmark/20260831_141750/candidate_benchmark/config.yaml,559,565cbc9a30d249c8691bfc3d91c29cdd68bb71b684cc82d7ce6acf75c7435932,1,objects/565cbc9a30d249c8691bfc3d91c29cdd68bb71b684cc82d7ce6acf75c7435932
EARLY_IM/old_repo/outputs/smoke_retrieval_reranking/20260831_151346/retrieval_reranking/config.yaml,old_repo,outputs/smoke_retrieval_reranking/20260831_151346/retrieval_reranking/config.yaml,819,f2a2d3e5e10434a5da2ae8d60cb109359a124057e157497466e7e3788e3601ad,1,objects/f2a2d3e5e10434a5da2ae8d60cb109359a124057e157497466e7e3788e3601ad
EARLY_IM/old_repo/outputs/smoke_retrieval_reranking/20260831_151346/retrieval_reranking/console.log,old_repo,outputs/smoke_retrieval_reranking/20260831_151346/retrieval_reranking/console.log,2467,bbdf9af82e51d471c545d526860c582c6320affcdb10a3e46494c86db63d477b,0,objects/bbdf9af82e51d471c545d526860c582c6320affcdb10a3e46494c86db63d477b
EARLY_IM/old_repo/outputs/smoke_retrieval_reranking/20260831_151346/retrieval_reranking/end_to_end_sequential.csv,old_repo,outputs/smoke_retrieval_reranking/20260831_151346/retrieval_reranking/end_to_end_sequential.csv,3077,f1aceb6974ae71c177739f0715c048b705a39ba22e64d48f1ba910f14c7db65f,1,objects/f1aceb6974ae71c177739f0715c048b705a39ba22e64d48f1ba910f14c7db65f
EARLY_IM/old_repo/outputs/smoke_retrieval_reranking/20260831_151346/retrieval_reranking/end_to_end_sequential.json,old_repo,outputs/smoke_retrieval_reranking/20260831_151346/retrieval_reranking/end_to_end_sequential.json,49272,e2b662897eb317ec4014ef2c6e628b823a953c435be9cbb6789d5e13cff492e6,1,objects/e2b662897eb317ec4014ef2c6e628b823a953c435be9cbb6789d5e13cff492e6
EARLY_IM/old_repo/outputs/smoke_retrieval_reranking/20260831_151346/retrieval_reranking/oracle_trajectory_diagnostic.csv,old_repo,outputs/smoke_retrieval_reranking/20260831_151346/retrieval_reranking/oracle_trajectory_diagnostic.csv,6099,2e3ada1ee8fb6069478feb54bb313b308392f6373e06901b688a8b2269ae742c,1,objects/2e3ada1ee8fb6069478feb54bb313b308392f6373e06901b688a8b2269ae742c
EARLY_IM/old_repo/outputs/smoke_retrieval_reranking/20260831_151346/retrieval_reranking/oracle_trajectory_diagnostic.json,old_repo,outputs/smoke_retrieval_reranking/20260831_151346/retrieval_reranking/oracle_trajectory_diagnostic.json,42544,dfc43cd53bc563e20eab74424dcfb7dcbd98122f5ee9fa5d1e70667bc44cd2fb,1,objects/dfc43cd53bc563e20eab74424dcfb7dcbd98122f5ee9fa5d1e70667bc44cd2fb
EARLY_IM/old_repo/outputs/smoke_retrieval_reranking/20260831_151346/retrieval_reranking/validation.json,old_repo,outputs/smoke_retrieval_reranking/20260831_151346/retrieval_reranking/validation.json,121,fb0cc662c4dfe9508ec1a0415f21e47a5b28fd7e99f956fbaf540f88f414aa26,1,objects/fb0cc662c4dfe9508ec1a0415f21e47a5b28fd7e99f956fbaf540f88f414aa26
EARLY_IM/old_repo/outputs/smoke_retrieval_reranking/20260831_152511/retrieval_reranking/config.yaml,old_repo,outputs/smoke_retrieval_reranking/20260831_152511/retrieval_reranking/config.yaml,819,f2a2d3e5e10434a5da2ae8d60cb109359a124057e157497466e7e3788e3601ad,1,objects/f2a2d3e5e10434a5da2ae8d60cb109359a124057e157497466e7e3788e3601ad
EARLY_IM/old_repo/outputs/smoke_retrieval_reranking/20260831_152511/retrieval_reranking/console.log,old_repo,outputs/smoke_retrieval_reranking/20260831_152511/retrieval_reranking/console.log,2467,9abd298d0e803cb7591cbb90c7324a7782eb3caa4eb48f30e84cd5fcb20e8f0d,0,objects/9abd298d0e803cb7591cbb90c7324a7782eb3caa4eb48f30e84cd5fcb20e8f0d
EARLY_IM/old_repo/outputs/smoke_retrieval_reranking/20260831_152511/retrieval_reranking/end_to_end_sequential.csv,old_repo,outputs/smoke_retrieval_reranking/20260831_152511/retrieval_reranking/end_to_end_sequential.csv,6592,b841be04bbdebedb31f816d270d4d57e72bd5d00ecaf39ad74a16cc0997155c8,1,objects/b841be04bbdebedb31f816d270d4d57e72bd5d00ecaf39ad74a16cc0997155c8
EARLY_IM/old_repo/outputs/smoke_retrieval_reranking/20260831_152511/retrieval_reranking/end_to_end_sequential.json,old_repo,outputs/smoke_retrieval_reranking/20260831_152511/retrieval_reranking/end_to_end_sequential.json,49275,a07e04fdf6b79659a5e9147ad25e3307b9e496eb4d900b509f51e29301cb4961,1,objects/a07e04fdf6b79659a5e9147ad25e3307b9e496eb4d900b509f51e29301cb4961
EARLY_IM/old_repo/outputs/smoke_retrieval_reranking/20260831_152511/retrieval_reranking/end_to_end_summary.csv,old_repo,outputs/smoke_retrieval_reranking/20260831_152511/retrieval_reranking/end_to_end_summary.csv,3080,f596184cf5fe5332dc07ad1beccc22c2004fbd87ed1470604ab96ec4afa81e1d,1,objects/f596184cf5fe5332dc07ad1beccc22c2004fbd87ed1470604ab96ec4afa81e1d
EARLY_IM/old_repo/outputs/smoke_retrieval_reranking/20260831_152511/retrieval_reranking/oracle_trajectory_diagnostic.csv,old_repo,outputs/smoke_retrieval_reranking/20260831_152511/retrieval_reranking/oracle_trajectory_diagnostic.csv,6118,989671580113fab58e794ae66af297b72ce352e0af1b039eb44464b9141f2e3d,1,objects/989671580113fab58e794ae66af297b72ce352e0af1b039eb44464b9141f2e3d
EARLY_IM/old_repo/outputs/smoke_retrieval_reranking/20260831_152511/retrieval_reranking/oracle_trajectory_diagnostic.json,old_repo,outputs/smoke_retrieval_reranking/20260831_152511/retrieval_reranking/oracle_trajectory_diagnostic.json,42563,b90916c5f0e793def65ae3e524810f8ef4b59c1fb8aafb64fcb71121aba92839,1,objects/b90916c5f0e793def65ae3e524810f8ef4b59c1fb8aafb64fcb71121aba92839
EARLY_IM/old_repo/outputs/smoke_retrieval_reranking/20260831_152511/retrieval_reranking/validation.json,old_repo,outputs/smoke_retrieval_reranking/20260831_152511/retrieval_reranking/validation.json,120,3eb4061016e524bfb4db71046d3678844bb5105845f809036a649453e543e321,1,objects/3eb4061016e524bfb4db71046d3678844bb5105845f809036a649453e543e321
EARLY_IM/weekly/GRL_第二周汇报逐页讲解文本_2026-09-01.md,early_weekly,GRL_第二周汇报逐页讲解文本_2026-09-01.md,2847,b36008576f441607548b3d3eb3c5548fff90f74171e593ae50b376003055deb7,1,objects/b36008576f441607548b3d3eb3c5548fff90f74171e593ae50b376003055deb7
EARLY_IM/weekly/GRL_第二周阶段汇报_S1-L3_S4_2026-08-31.md,early_weekly,GRL_第二周阶段汇报_S1-L3_S4_2026-08-31.md,7389,b4fd4dbedcd77db7bcbf5fa6f303e7feb21c049c27cfd7db64aef2d4c0ed2b86,1,objects/b4fd4dbedcd77db7bcbf5fa6f303e7feb21c049c27cfd7db64aef2d4c0ed2b86
EARLY_IM/weekly/第二周_L1回归核对.md,early_weekly,第二周_L1回归核对.md,1514,1bade8da1ac57bd3d9f28e7513b3f8d1bd46256c9c76ab394f25bdabe39fc3da,1,objects/1bade8da1ac57bd3d9f28e7513b3f8d1bd46256c9c76ab394f25bdabe39fc3da
EARLY_IM/weekly/第二周_L2_retrieval结果汇总.md,early_weekly,第二周_L2_retrieval结果汇总.md,4332,afc7adfddd7eb5cb421a5c36f27d0dfab07d3a67e961db7523dd706398a7e071,1,objects/afc7adfddd7eb5cb421a5c36f27d0dfab07d3a67e961db7523dd706398a7e071
EARLY_IM/weekly/第二周_L3_A_B联合结果汇总.md,early_weekly,第二周_L3_A_B联合结果汇总.md,13590,3aea06bbfe95b157d344352f9bd5cc6d8a5b06ca7b49e7be3dde14f4ba2a00bc,1,objects/3aea06bbfe95b157d344352f9bd5cc6d8a5b06ca7b49e7be3dde14f4ba2a00bc
EARLY_IM/weekly/第二周_S4_overlap特征实验汇总.md,early_weekly,第二周_S4_overlap特征实验汇总.md,6528,caaf3426a6e1e05d7781c85c3cbe562836a0a5d17c528d6a2da79c03b6b5a729,1,objects/caaf3426a6e1e05d7781c85c3cbe562836a0a5d17c528d6a2da79c03b6b5a729
