path,source,source_relative,bytes,sha256,in_git,object
GP01/data/as-22july06/as-22july06_nodename.txt,prepared_20261001,GP01/data/as-22july06/as-22july06_nodename.txt,133615,6b07672df2a1a4316e045c937242b418f4460a10eef4697bd1588b8c63e7cded,1,objects/6b07672df2a1a4316e045c937242b418f4460a10eef4697bd1588b8c63e7cded
GP01/graphs/PGPgiantcompo.graph,prepared_20261001,GP01/graphs/PGPgiantcompo.graph,238724,f3e133583086ee4f5fab5efd6adca285a4a23084aab82570f470f0e1ff57ae7e,0,objects/f3e133583086ee4f5fab5efd6adca285a4a23084aab82570f470f0e1ff57ae7e
GP01/graphs/as-22july06.graph,prepared_20261001,GP01/graphs/as-22july06.graph,449924,c4bdbe4eef70d06944121e34717d4a83c5b1879feaf025ed9b643e54298efe6b,0,objects/c4bdbe4eef70d06944121e34717d4a83c5b1879feaf025ed9b643e54298efe6b
GP01/graphs/barth5.graph,prepared_20261001,GP01/graphs/barth5.graph,485230,507c0146ed64d87800522939f56bf848939aa0f1c70e2d1aa6e82b7e174a5329,0,objects/507c0146ed64d87800522939f56bf848939aa0f1c70e2d1aa6e82b7e174a5329
GP01/graphs/wing_nodal.graph,prepared_20261001,GP01/graphs/wing_nodal.graph,757013,b7f60e0f96640232559a528f46251c7b810bfafcfc6b41657deb7af7e54a5ed8,0,objects/b7f60e0f96640232559a528f46251c7b810bfafcfc6b41657deb7af7e54a5ed8
GP01/outputs/GP01_report.md,prepared_20261001,GP01/outputs/GP01_report.md,9561,88e849cb0762e726408db504b3bfb108950320e8512606c7245d88d34e91b5a7,1,objects/88e849cb0762e726408db504b3bfb108950320e8512606c7245d88d34e91b5a7
GP01/outputs/comparison_summary.csv,prepared_20261001,GP01/outputs/comparison_summary.csv,467,6fc89894239e550a3e4a51557b021d90aa3e9f3f2d4371ca3600501fd1fbf510,1,objects/6fc89894239e550a3e4a51557b021d90aa3e9f3f2d4371ca3600501fd1fbf510
GP01/outputs/evaluation_cell_summary.csv,prepared_20261001,GP01/outputs/evaluation_cell_summary.csv,2432,d45037c8d63caac965ec35a0df9663233b00b266f45f6ece21c0ef341a4650a5,1,objects/d45037c8d63caac965ec35a0df9663233b00b266f45f6ece21c0ef341a4650a5
GP01/outputs/evaluation_results.json,prepared_20261001,GP01/outputs/evaluation_results.json,1382409,e6574cd3e9c3867fd204bb26f2519f3748e6d6655cdcca632a9c1b1d79aae482,0,objects/e6574cd3e9c3867fd204bb26f2519f3748e6d6655cdcca632a9c1b1d79aae482
GP01/outputs/evaluation_status.json,prepared_20261001,GP01/outputs/evaluation_status.json,177,0b5ceddf7e3ade1977dbf640fc240c913933b39854f366f75d442d6dc0735a6d,1,objects/0b5ceddf7e3ade1977dbf640fc240c913933b39854f366f75d442d6dc0735a6d
GP01/outputs/evaluation_time_summary.csv,prepared_20261001,GP01/outputs/evaluation_time_summary.csv,366,060378afde3b6c614e358c3fbe92b719a6e648175791793dab01aadff2df3d20,1,objects/060378afde3b6c614e358c3fbe92b719a6e648175791793dab01aadff2df3d20
GP01/outputs/gp01_experiment_clock.json,prepared_20261001,GP01/outputs/gp01_experiment_clock.json,329,e307e40593d385fb18fbb30c933e3ef3740ad120b7cd90109fcbbfbdf689a783,1,objects/e307e40593d385fb18fbb30c933e3ef3740ad120b7cd90109fcbbfbdf689a783
GP01/outputs/gp01_summary.json,prepared_20261001,GP01/outputs/gp01_summary.json,6747,c8687bcc521349aa4311721bfc2e140e9d895bd97156d52808509785778fbd67,1,objects/c8687bcc521349aa4311721bfc2e140e9d895bd97156d52808509785778fbd67
GP01/outputs/graph_manifest.json,prepared_20261001,GP01/outputs/graph_manifest.json,3863,067dbfba95c1aa85f6d5e0fb4a3e7e94cc2102ea7bcee4d9a72ad8e32be03f4f,1,objects/067dbfba95c1aa85f6d5e0fb4a3e7e94cc2102ea7bcee4d9a72ad8e32be03f4f
GP01/outputs/interface_audit_summary.csv,prepared_20261001,GP01/outputs/interface_audit_summary.csv,282,555f91c4ddfd38b5ed532f39e84e01d978d47b67a090772a1c58e285f7ae434d,1,objects/555f91c4ddfd38b5ed532f39e84e01d978d47b67a090772a1c58e285f7ae434d
GP01/outputs/rating_manifest.json,prepared_20261001,GP01/outputs/rating_manifest.json,15079,19570bacd3cb9a0c924cad1b3cd40ca2412a3c83a57a91094dc89a01cc1c0dc8,1,objects/19570bacd3cb9a0c924cad1b3cd40ca2412a3c83a57a91094dc89a01cc1c0dc8
GP01/outputs/ratings/PGPgiantcompo_k32_AVG.csv,prepared_20261001,GP01/outputs/ratings/PGPgiantcompo_k32_AVG.csv,298534,20d2bd325e63d24b9106e4735198fb0cc5b47831021bb50c3f5580849ec5439d,0,objects/20d2bd325e63d24b9106e4735198fb0cc5b47831021bb50c3f5580849ec5439d
GP01/outputs/ratings/PGPgiantcompo_k32_CAL-EXACT.csv,prepared_20261001,GP01/outputs/ratings/PGPgiantcompo_k32_CAL-EXACT.csv,294886,93dd306a2881011dd5fcd3f632bef1d44e2f3a07137f04f3f1b153a1a2c3a8f6,0,objects/93dd306a2881011dd5fcd3f632bef1d44e2f3a07137f04f3f1b153a1a2c3a8f6
GP01/outputs/ratings/PGPgiantcompo_k32_CAL-TIE.csv,prepared_20261001,GP01/outputs/ratings/PGPgiantcompo_k32_CAL-TIE.csv,324866,35ea6f8f2af491697c66a52c4f6120eaa8e02160f1102b616542f92ce7819f29,0,objects/35ea6f8f2af491697c66a52c4f6120eaa8e02160f1102b616542f92ce7819f29
GP01/outputs/ratings/PGPgiantcompo_k32_K.csv,prepared_20261001,GP01/outputs/ratings/PGPgiantcompo_k32_K.csv,294886,a8c0793d1cbb6ec049ef30f8360b0eb39deff51797c91b3536a5c11fc1037471,0,objects/a8c0793d1cbb6ec049ef30f8360b0eb39deff51797c91b3536a5c11fc1037471
GP01/outputs/ratings/PGPgiantcompo_k4_AVG.csv,prepared_20261001,GP01/outputs/ratings/PGPgiantcompo_k4_AVG.csv,298534,20d2bd325e63d24b9106e4735198fb0cc5b47831021bb50c3f5580849ec5439d,0,objects/20d2bd325e63d24b9106e4735198fb0cc5b47831021bb50c3f5580849ec5439d
GP01/outputs/ratings/PGPgiantcompo_k4_CAL-EXACT.csv,prepared_20261001,GP01/outputs/ratings/PGPgiantcompo_k4_CAL-EXACT.csv,290546,54dbf26129df0b92c557dad9ca2c432757c950e4df1dd823801b4dfcebfd8b06,0,objects/54dbf26129df0b92c557dad9ca2c432757c950e4df1dd823801b4dfcebfd8b06
GP01/outputs/ratings/PGPgiantcompo_k4_CAL-TIE.csv,prepared_20261001,GP01/outputs/ratings/PGPgiantcompo_k4_CAL-TIE.csv,300571,48cf79f426c1fc9153f4f9ee0fa8956233f3d81dc2f5a396997715601a236e11,0,objects/48cf79f426c1fc9153f4f9ee0fa8956233f3d81dc2f5a396997715601a236e11
GP01/outputs/ratings/PGPgiantcompo_k4_K.csv,prepared_20261001,GP01/outputs/ratings/PGPgiantcompo_k4_K.csv,290546,09a2647e8e3952b04b48a6f3e9a0ea5397440862783178b1fa218b6b1863901b,0,objects/09a2647e8e3952b04b48a6f3e9a0ea5397440862783178b1fa218b6b1863901b
GP01/outputs/ratings/as-22july06_k32_AVG.csv,prepared_20261001,GP01/outputs/ratings/as-22july06_k32_AVG.csv,611974,03e2ea74105c7cdc76dd821dc3be2ff9ef72df32bd1d9ab0e56f5609727ce86e,0,objects/03e2ea74105c7cdc76dd821dc3be2ff9ef72df32bd1d9ab0e56f5609727ce86e
GP01/outputs/ratings/as-22july06_k32_CAL-EXACT.csv,prepared_20261001,GP01/outputs/ratings/as-22july06_k32_CAL-EXACT.csv,586373,ca938dcc0da5903665d42b5d5d14c1a05f182e2aafc1cb00b6fad9dbfc0ec701,0,objects/ca938dcc0da5903665d42b5d5d14c1a05f182e2aafc1cb00b6fad9dbfc0ec701
GP01/outputs/ratings/as-22july06_k32_CAL-TIE.csv,prepared_20261001,GP01/outputs/ratings/as-22july06_k32_CAL-TIE.csv,736915,08c4b301acb215272f775710796ada193e50af622bbf270594f972a8b4869434,0,objects/08c4b301acb215272f775710796ada193e50af622bbf270594f972a8b4869434
GP01/outputs/ratings/as-22july06_k32_K.csv,prepared_20261001,GP01/outputs/ratings/as-22july06_k32_K.csv,586373,d980247653f052a4da32fd2f948f60b7edeeefea50afb694e22b51126ed03696,0,objects/d980247653f052a4da32fd2f948f60b7edeeefea50afb694e22b51126ed03696
GP01/outputs/ratings/as-22july06_k4_AVG.csv,prepared_20261001,GP01/outputs/ratings/as-22july06_k4_AVG.csv,611974,03e2ea74105c7cdc76dd821dc3be2ff9ef72df32bd1d9ab0e56f5609727ce86e,0,objects/03e2ea74105c7cdc76dd821dc3be2ff9ef72df32bd1d9ab0e56f5609727ce86e
GP01/outputs/ratings/as-22july06_k4_CAL-EXACT.csv,prepared_20261001,GP01/outputs/ratings/as-22july06_k4_CAL-EXACT.csv,570263,3388170f7d4fda5e7664d3ba96106ab65710ae4e56c7e96417c1ad10441df591,0,objects/3388170f7d4fda5e7664d3ba96106ab65710ae4e56c7e96417c1ad10441df591
GP01/outputs/ratings/as-22july06_k4_CAL-TIE.csv,prepared_20261001,GP01/outputs/ratings/as-22july06_k4_CAL-TIE.csv,646920,7e4bb054de7e198495c2a30bb8cafa7be30003732924fdfb548a8e612b8329cc,0,objects/7e4bb054de7e198495c2a30bb8cafa7be30003732924fdfb548a8e612b8329cc
GP01/outputs/ratings/as-22july06_k4_K.csv,prepared_20261001,GP01/outputs/ratings/as-22july06_k4_K.csv,570263,569a0f8f186c60644e963277ae09ccf86472262ea64f66d3b4c793f95d30c4d3,0,objects/569a0f8f186c60644e963277ae09ccf86472262ea64f66d3b4c793f95d30c4d3
GP01/outputs/ratings/barth5_k32_AVG.csv,prepared_20261001,GP01/outputs/ratings/barth5_k32_AVG.csv,612317,4dded984095c812c91261e35205d260d6c1aaec92f9319b423d7711b793b7b4a,0,objects/4dded984095c812c91261e35205d260d6c1aaec92f9319b423d7711b793b7b4a
GP01/outputs/ratings/barth5_k32_CAL-EXACT.csv,prepared_20261001,GP01/outputs/ratings/barth5_k32_CAL-EXACT.csv,600234,9c91441c1266e6d4598ae6cae35ff75772028899a6fb2664dba1b0ea0ae62c50,0,objects/9c91441c1266e6d4598ae6cae35ff75772028899a6fb2664dba1b0ea0ae62c50
GP01/outputs/ratings/barth5_k32_CAL-TIE.csv,prepared_20261001,GP01/outputs/ratings/barth5_k32_CAL-TIE.csv,712185,d2f39f3a4e69cdd5127d6aa4ac625ea8024a572c516d61b11c9205575773ffb5,0,objects/d2f39f3a4e69cdd5127d6aa4ac625ea8024a572c516d61b11c9205575773ffb5
GP01/outputs/ratings/barth5_k32_K.csv,prepared_20261001,GP01/outputs/ratings/barth5_k32_K.csv,600234,626d0d073de7067d55f6173d1ca00401c19de28b132030ec1e0b8297bf3bd515,0,objects/626d0d073de7067d55f6173d1ca00401c19de28b132030ec1e0b8297bf3bd515
GP01/outputs/ratings/barth5_k4_AVG.csv,prepared_20261001,GP01/outputs/ratings/barth5_k4_AVG.csv,612317,4dded984095c812c91261e35205d260d6c1aaec92f9319b423d7711b793b7b4a,0,objects/4dded984095c812c91261e35205d260d6c1aaec92f9319b423d7711b793b7b4a
GP01/outputs/ratings/barth5_k4_CAL-EXACT.csv,prepared_20261001,GP01/outputs/ratings/barth5_k4_CAL-EXACT.csv,582368,ead45dcc7d9846294b43115afe97abc977b3ed1a2d2b11c3ffb56d29550a099d,0,objects/ead45dcc7d9846294b43115afe97abc977b3ed1a2d2b11c3ffb56d29550a099d
GP01/outputs/ratings/barth5_k4_CAL-TIE.csv,prepared_20261001,GP01/outputs/ratings/barth5_k4_CAL-TIE.csv,613863,2a920167bc207169a94573e2a244a019b327bd5bf0d4b57e33d1a7e2bc724a20,0,objects/2a920167bc207169a94573e2a244a019b327bd5bf0d4b57e33d1a7e2bc724a20
GP01/outputs/ratings/barth5_k4_K.csv,prepared_20261001,GP01/outputs/ratings/barth5_k4_K.csv,582368,30be46e18fa850bb81a7c49c0af38cf28ac8b2ae0e94cbba99351cda2b40b3ed,0,objects/30be46e18fa850bb81a7c49c0af38cf28ac8b2ae0e94cbba99351cda2b40b3ed
GP01/outputs/ratings/wing_nodal_k32_AVG.csv,prepared_20261001,GP01/outputs/ratings/wing_nodal_k32_AVG.csv,1056078,e90ed0572a3d1a0a4d1968488f9c09a8a7f9c376bfd8dbd697e31039b5aac10a,0,objects/e90ed0572a3d1a0a4d1968488f9c09a8a7f9c376bfd8dbd697e31039b5aac10a
GP01/outputs/ratings/wing_nodal_k32_CAL-EXACT.csv,prepared_20261001,GP01/outputs/ratings/wing_nodal_k32_CAL-EXACT.csv,1016526,0c1ea6d225228501d8a8cacfe58936480091a180a7a9ed35a6704c7f8a62f902,0,objects/0c1ea6d225228501d8a8cacfe58936480091a180a7a9ed35a6704c7f8a62f902
GP01/outputs/ratings/wing_nodal_k32_CAL-TIE.csv,prepared_20261001,GP01/outputs/ratings/wing_nodal_k32_CAL-TIE.csv,1452369,bb727b872b4361daf0c3c3bb6deca52b5f183ceb91b45052955a959a0ad09ed1,0,objects/bb727b872b4361daf0c3c3bb6deca52b5f183ceb91b45052955a959a0ad09ed1
GP01/outputs/ratings/wing_nodal_k32_K.csv,prepared_20261001,GP01/outputs/ratings/wing_nodal_k32_K.csv,1016526,e376937bfca1db7157d053db7e74d2e9773aa66f8e2faba2ec08ac3b9cff2cee,0,objects/e376937bfca1db7157d053db7e74d2e9773aa66f8e2faba2ec08ac3b9cff2cee
GP01/outputs/ratings/wing_nodal_k4_AVG.csv,prepared_20261001,GP01/outputs/ratings/wing_nodal_k4_AVG.csv,1056078,e90ed0572a3d1a0a4d1968488f9c09a8a7f9c376bfd8dbd697e31039b5aac10a,0,objects/e90ed0572a3d1a0a4d1968488f9c09a8a7f9c376bfd8dbd697e31039b5aac10a
GP01/outputs/ratings/wing_nodal_k4_CAL-EXACT.csv,prepared_20261001,GP01/outputs/ratings/wing_nodal_k4_CAL-EXACT.csv,950610,1c919b2ed4603261ca4f2158957370f5552ec15f334c9992e69fb7755b715152,0,objects/1c919b2ed4603261ca4f2158957370f5552ec15f334c9992e69fb7755b715152
GP01/outputs/ratings/wing_nodal_k4_CAL-TIE.csv,prepared_20261001,GP01/outputs/ratings/wing_nodal_k4_CAL-TIE.csv,1111610,38d59419877083b9e8aa920a3f917eb42183424d2a5679ea09cc2aa2ae769c5f,0,objects/38d59419877083b9e8aa920a3f917eb42183424d2a5679ea09cc2aa2ae769c5f
GP01/outputs/ratings/wing_nodal_k4_K.csv,prepared_20261001,GP01/outputs/ratings/wing_nodal_k4_K.csv,950610,1d71bf79b3a643e50c9150bae76946e7c7a1763ab2179dbbaf7b729b37436e61,0,objects/1d71bf79b3a643e50c9150bae76946e7c7a1763ab2179dbbaf7b729b37436e61
GP01/outputs/scoring_coarsening_audit.csv,prepared_20261001,GP01/outputs/scoring_coarsening_audit.csv,2320,bd228e3891a74cafcaeb0108d4771db4b418205f68a8c28031333be52f9c189d,1,objects/bd228e3891a74cafcaeb0108d4771db4b418205f68a8c28031333be52f9c189d
GP01/outputs/teacher_results.json,prepared_20261001,GP01/outputs/teacher_results.json,752329,202449a43a3868337e8e802556ad2ee268c46e8f470d68fd93343f58bd787935,0,objects/202449a43a3868337e8e802556ad2ee268c46e8f470d68fd93343f58bd787935
GP01/outputs/teacher_status.json,prepared_20261001,GP01/outputs/teacher_status.json,174,efa581964f9372da36fb1535fa946c08cd88da3a339c03956d435a57789e035f,1,objects/efa581964f9372da36fb1535fa946c08cd88da3a339c03956d435a57789e035f
GP01/runs/formal/PGPgiantcompo/k32/AUTHOR/s100/command.json,prepared_20261001,GP01/runs/formal/PGPgiantcompo/k32/AUTHOR/s100/command.json,786,7c0c89cc721965de640179eda74f197951fd467366d3b6f79067d334c373f9fd,1,objects/7c0c89cc721965de640179eda74f197951fd467366d3b6f79067d334c373f9fd
GP01/runs/formal/PGPgiantcompo/k32/AUTHOR/s100/gp01_audit.csv,prepared_20261001,GP01/runs/formal/PGPgiantcompo/k32/AUTHOR/s100/gp01_audit.csv,1726,90859c65186ce712febc2b8921d5a7d5ec7848ec14d56563856fc33c21f230c8,1,objects/90859c65186ce712febc2b8921d5a7d5ec7848ec14d56563856fc33c21f230c8
GP01/runs/formal/PGPgiantcompo/k32/AUTHOR/s100/input.graph,prepared_20261001,GP01/runs/formal/PGPgiantcompo/k32/AUTHOR/s100/input.graph,238724,f3e133583086ee4f5fab5efd6adca285a4a23084aab82570f470f0e1ff57ae7e,0,objects/f3e133583086ee4f5fab5efd6adca285a4a23084aab82570f470f0e1ff57ae7e
GP01/runs/formal/PGPgiantcompo/k32/AUTHOR/s100/input.graph.part32.epsilon0.03.seed100.KaHyPar,prepared_20261001,GP01/runs/formal/PGPgiantcompo/k32/AUTHOR/s100/input.graph.part32.epsilon0.03.seed100.KaHyPar,39344,6a35e9506d3ae5621a69598c0e28290c8e09bf5b248cc75072890ac69a5f1997,0,objects/6a35e9506d3ae5621a69598c0e28290c8e09bf5b248cc75072890ac69a5f1997
GP01/runs/formal/PGPgiantcompo/k32/AUTHOR/s100/stdout.log,prepared_20261001,GP01/runs/formal/PGPgiantcompo/k32/AUTHOR/s100/stdout.log,18036,ff219a2e831ef59623e85136b9242901fc24f8d090f1ddf80eedb2f49a936e1e,0,objects/ff219a2e831ef59623e85136b9242901fc24f8d090f1ddf80eedb2f49a936e1e
GP01/runs/formal/PGPgiantcompo/k32/AUTHOR/s101/command.json,prepared_20261001,GP01/runs/formal/PGPgiantcompo/k32/AUTHOR/s101/command.json,786,83f8d1a15372827e0d322a09f69f8b976f77c3caa3cb553057ce689e58345a44,1,objects/83f8d1a15372827e0d322a09f69f8b976f77c3caa3cb553057ce689e58345a44
GP01/runs/formal/PGPgiantcompo/k32/AUTHOR/s101/gp01_audit.csv,prepared_20261001,GP01/runs/formal/PGPgiantcompo/k32/AUTHOR/s101/gp01_audit.csv,1725,ce548707c70b76e7d78f5a2b80e62252440f9dee135d64aea18cd16a04a6f7f7,1,objects/ce548707c70b76e7d78f5a2b80e62252440f9dee135d64aea18cd16a04a6f7f7
GP01/runs/formal/PGPgiantcompo/k32/AUTHOR/s101/input.graph,prepared_20261001,GP01/runs/formal/PGPgiantcompo/k32/AUTHOR/s101/input.graph,238724,f3e133583086ee4f5fab5efd6adca285a4a23084aab82570f470f0e1ff57ae7e,0,objects/f3e133583086ee4f5fab5efd6adca285a4a23084aab82570f470f0e1ff57ae7e
GP01/runs/formal/PGPgiantcompo/k32/AUTHOR/s101/input.graph.part32.epsilon0.03.seed101.KaHyPar,prepared_20261001,GP01/runs/formal/PGPgiantcompo/k32/AUTHOR/s101/input.graph.part32.epsilon0.03.seed101.KaHyPar,39339,3221edf49454fdb282dd47263f51f0de0790a35f20c123cf741a95099f8a9890,0,objects/3221edf49454fdb282dd47263f51f0de0790a35f20c123cf741a95099f8a9890
GP01/runs/formal/PGPgiantcompo/k32/AUTHOR/s101/stdout.log,prepared_20261001,GP01/runs/formal/PGPgiantcompo/k32/AUTHOR/s101/stdout.log,18037,2d8091b092cb7198c485d004f1651211edd318537ad18613162d2651cddcd2a3,0,objects/2d8091b092cb7198c485d004f1651211edd318537ad18613162d2651cddcd2a3
GP01/runs/formal/PGPgiantcompo/k32/AUTHOR/s102/command.json,prepared_20261001,GP01/runs/formal/PGPgiantcompo/k32/AUTHOR/s102/command.json,786,6a709cb8780dfd19765d75e515224031a562591413ac01b5d8b482fcc095c10f,1,objects/6a709cb8780dfd19765d75e515224031a562591413ac01b5d8b482fcc095c10f
GP01/runs/formal/PGPgiantcompo/k32/AUTHOR/s102/gp01_audit.csv,prepared_20261001,GP01/runs/formal/PGPgiantcompo/k32/AUTHOR/s102/gp01_audit.csv,1750,e85f177d78e8c0fdafd2d82e7532db6b5cb1ceaa27c3f014db2cbef175b14c55,1,objects/e85f177d78e8c0fdafd2d82e7532db6b5cb1ceaa27c3f014db2cbef175b14c55
GP01/runs/formal/PGPgiantcompo/k32/AUTHOR/s102/input.graph,prepared_20261001,GP01/runs/formal/PGPgiantcompo/k32/AUTHOR/s102/input.graph,238724,f3e133583086ee4f5fab5efd6adca285a4a23084aab82570f470f0e1ff57ae7e,0,objects/f3e133583086ee4f5fab5efd6adca285a4a23084aab82570f470f0e1ff57ae7e
GP01/runs/formal/PGPgiantcompo/k32/AUTHOR/s102/input.graph.part32.epsilon0.03.seed102.KaHyPar,prepared_20261001,GP01/runs/formal/PGPgiantcompo/k32/AUTHOR/s102/input.graph.part32.epsilon0.03.seed102.KaHyPar,39356,fc81226dc279c544aa8a2bbaa7f6a8a7e69f5cde3472c9fc47e18f6b4e478173,0,objects/fc81226dc279c544aa8a2bbaa7f6a8a7e69f5cde3472c9fc47e18f6b4e478173
GP01/runs/formal/PGPgiantcompo/k32/AUTHOR/s102/stdout.log,prepared_20261001,GP01/runs/formal/PGPgiantcompo/k32/AUTHOR/s102/stdout.log,18036,ec155bbe1c612d9c6def7bfcbb4eb3266e489ffefbef802d14a711dde48d264e,0,objects/ec155bbe1c612d9c6def7bfcbb4eb3266e489ffefbef802d14a711dde48d264e
GP01/runs/formal/PGPgiantcompo/k32/AVG/s100/command.json,prepared_20261001,GP01/runs/formal/PGPgiantcompo/k32/AVG/s100/command.json,915,274d0a6455fb66bf7324d8a673fbcef4fb72d72e731e189a2bef0576a4098040,1,objects/274d0a6455fb66bf7324d8a673fbcef4fb72d72e731e189a2bef0576a4098040
GP01/runs/formal/PGPgiantcompo/k32/AVG/s100/gp01_audit.csv,prepared_20261001,GP01/runs/formal/PGPgiantcompo/k32/AVG/s100/gp01_audit.csv,1753,3c935b50693cdb034b754ea8a391771fe2c7e884bbfdb0e363889f7ef70d53f7,1,objects/3c935b50693cdb034b754ea8a391771fe2c7e884bbfdb0e363889f7ef70d53f7
GP01/runs/formal/PGPgiantcompo/k32/AVG/s100/input.graph,prepared_20261001,GP01/runs/formal/PGPgiantcompo/k32/AVG/s100/input.graph,238724,f3e133583086ee4f5fab5efd6adca285a4a23084aab82570f470f0e1ff57ae7e,0,objects/f3e133583086ee4f5fab5efd6adca285a4a23084aab82570f470f0e1ff57ae7e
GP01/runs/formal/PGPgiantcompo/k32/AVG/s100/input.graph.part32.epsilon0.03.seed100.KaHyPar,prepared_20261001,GP01/runs/formal/PGPgiantcompo/k32/AVG/s100/input.graph.part32.epsilon0.03.seed100.KaHyPar,39377,7cc48d1e82be128d9d9b6c8a80f2f33cf494114ab899d9e1a2635f1ddcca45fe,0,objects/7cc48d1e82be128d9d9b6c8a80f2f33cf494114ab899d9e1a2635f1ddcca45fe
GP01/runs/formal/PGPgiantcompo/k32/AVG/s100/stdout.log,prepared_20261001,GP01/runs/formal/PGPgiantcompo/k32/AVG/s100/stdout.log,18036,5ed1698153dcdd4634852d2802b651fe67bc7eae2a73be2c83dc10704e963c9d,0,objects/5ed1698153dcdd4634852d2802b651fe67bc7eae2a73be2c83dc10704e963c9d
GP01/runs/formal/PGPgiantcompo/k32/AVG/s101/command.json,prepared_20261001,GP01/runs/formal/PGPgiantcompo/k32/AVG/s101/command.json,915,69dca0e2b2e62b2b875b543d041eaea70f57dc3ea366eb69a960dc2a68b50d2b,1,objects/69dca0e2b2e62b2b875b543d041eaea70f57dc3ea366eb69a960dc2a68b50d2b
GP01/runs/formal/PGPgiantcompo/k32/AVG/s101/gp01_audit.csv,prepared_20261001,GP01/runs/formal/PGPgiantcompo/k32/AVG/s101/gp01_audit.csv,1752,3a50d33b98370973c9bfcf64f164749e27700ef06f5d215b71e6e15962ee5ddf,1,objects/3a50d33b98370973c9bfcf64f164749e27700ef06f5d215b71e6e15962ee5ddf
GP01/runs/formal/PGPgiantcompo/k32/AVG/s101/input.graph,prepared_20261001,GP01/runs/formal/PGPgiantcompo/k32/AVG/s101/input.graph,238724,f3e133583086ee4f5fab5efd6adca285a4a23084aab82570f470f0e1ff57ae7e,0,objects/f3e133583086ee4f5fab5efd6adca285a4a23084aab82570f470f0e1ff57ae7e
GP01/runs/formal/PGPgiantcompo/k32/AVG/s101/input.graph.part32.epsilon0.03.seed101.KaHyPar,prepared_20261001,GP01/runs/formal/PGPgiantcompo/k32/AVG/s101/input.graph.part32.epsilon0.03.seed101.KaHyPar,39371,804410c7d37ef77efdad2f0cd16c14661741bb69866843eff32f7ba71b18569e,0,objects/804410c7d37ef77efdad2f0cd16c14661741bb69866843eff32f7ba71b18569e
GP01/runs/formal/PGPgiantcompo/k32/AVG/s101/stdout.log,prepared_20261001,GP01/runs/formal/PGPgiantcompo/k32/AVG/s101/stdout.log,18038,a99c688e7a97841f7b1a8f4bda815134bda1f236063ed905e96882885c181dff,0,objects/a99c688e7a97841f7b1a8f4bda815134bda1f236063ed905e96882885c181dff
GP01/runs/formal/PGPgiantcompo/k32/AVG/s102/command.json,prepared_20261001,GP01/runs/formal/PGPgiantcompo/k32/AVG/s102/command.json,915,e50de4a3b732ebf16e1aec56bdcd0c100c1b78c4ebb4825cef3578020105372c,1,objects/e50de4a3b732ebf16e1aec56bdcd0c100c1b78c4ebb4825cef3578020105372c
GP01/runs/formal/PGPgiantcompo/k32/AVG/s102/gp01_audit.csv,prepared_20261001,GP01/runs/formal/PGPgiantcompo/k32/AVG/s102/gp01_audit.csv,1704,3f789b1d45e0347b008be14863df0f9a30675750e1e8ba2c84e6e2e03a38a61f,1,objects/3f789b1d45e0347b008be14863df0f9a30675750e1e8ba2c84e6e2e03a38a61f
GP01/runs/formal/PGPgiantcompo/k32/AVG/s102/input.graph,prepared_20261001,GP01/runs/formal/PGPgiantcompo/k32/AVG/s102/input.graph,238724,f3e133583086ee4f5fab5efd6adca285a4a23084aab82570f470f0e1ff57ae7e,0,objects/f3e133583086ee4f5fab5efd6adca285a4a23084aab82570f470f0e1ff57ae7e
GP01/runs/formal/PGPgiantcompo/k32/AVG/s102/input.graph.part32.epsilon0.03.seed102.KaHyPar,prepared_20261001,GP01/runs/formal/PGPgiantcompo/k32/AVG/s102/input.graph.part32.epsilon0.03.seed102.KaHyPar,39361,6b69a8cafe7dba8282c3f1c3f7ca925ac99056259f355d8cc0e139def3043ee8,0,objects/6b69a8cafe7dba8282c3f1c3f7ca925ac99056259f355d8cc0e139def3043ee8
GP01/runs/formal/PGPgiantcompo/k32/AVG/s102/stdout.log,prepared_20261001,GP01/runs/formal/PGPgiantcompo/k32/AVG/s102/stdout.log,18036,51b132d54846199c0296714ff5c53cc718042ce0e453827d25cfe9ff60d5c9e5,0,objects/51b132d54846199c0296714ff5c53cc718042ce0e453827d25cfe9ff60d5c9e5
GP01/runs/formal/PGPgiantcompo/k32/BASE/s0/command.json,prepared_20261001,GP01/runs/formal/PGPgiantcompo/k32/BASE/s0/command.json,884,0e7d07e8de1aaa02161e328f2725f3dce0e2233b3b4e0f240b68aedd5395cdcb,1,objects/0e7d07e8de1aaa02161e328f2725f3dce0e2233b3b4e0f240b68aedd5395cdcb
GP01/runs/formal/PGPgiantcompo/k32/BASE/s0/gp01_audit.csv,prepared_20261001,GP01/runs/formal/PGPgiantcompo/k32/BASE/s0/gp01_audit.csv,1687,91aec24516dc0973fcee021209b34304a76dedd6d200cb15d468312b3890c9c5,1,objects/91aec24516dc0973fcee021209b34304a76dedd6d200cb15d468312b3890c9c5
GP01/runs/formal/PGPgiantcompo/k32/BASE/s0/input.graph,prepared_20261001,GP01/runs/formal/PGPgiantcompo/k32/BASE/s0/input.graph,238724,f3e133583086ee4f5fab5efd6adca285a4a23084aab82570f470f0e1ff57ae7e,0,objects/f3e133583086ee4f5fab5efd6adca285a4a23084aab82570f470f0e1ff57ae7e
GP01/runs/formal/PGPgiantcompo/k32/BASE/s0/input.graph.part32.epsilon0.03.seed0.KaHyPar,prepared_20261001,GP01/runs/formal/PGPgiantcompo/k32/BASE/s0/input.graph.part32.epsilon0.03.seed0.KaHyPar,39366,94ee10f55bc36ff7f9f8d202cfced5287e13e15f392194c1cbe4ed213373bcab,0,objects/94ee10f55bc36ff7f9f8d202cfced5287e13e15f392194c1cbe4ed213373bcab
GP01/runs/formal/PGPgiantcompo/k32/BASE/s0/stdout.log,prepared_20261001,GP01/runs/formal/PGPgiantcompo/k32/BASE/s0/stdout.log,18034,3006ff2afff9317c6aa75850ef8f5e8f4c7a47b7af90611080ba1f255c502eea,0,objects/3006ff2afff9317c6aa75850ef8f5e8f4c7a47b7af90611080ba1f255c502eea
GP01/runs/formal/PGPgiantcompo/k32/BASE/s1/command.json,prepared_20261001,GP01/runs/formal/PGPgiantcompo/k32/BASE/s1/command.json,884,e0b00e524ba8375ab90ad4c3a102cc52ace54fb2a0863fd787844a6b3ff74ae3,1,objects/e0b00e524ba8375ab90ad4c3a102cc52ace54fb2a0863fd787844a6b3ff74ae3
GP01/runs/formal/PGPgiantcompo/k32/BASE/s1/gp01_audit.csv,prepared_20261001,GP01/runs/formal/PGPgiantcompo/k32/BASE/s1/gp01_audit.csv,1764,90849aa4dece8103d4c13faf81f84279f342db82ad7a848096f440dff214e748,1,objects/90849aa4dece8103d4c13faf81f84279f342db82ad7a848096f440dff214e748
GP01/runs/formal/PGPgiantcompo/k32/BASE/s1/input.graph,prepared_20261001,GP01/runs/formal/PGPgiantcompo/k32/BASE/s1/input.graph,238724,f3e133583086ee4f5fab5efd6adca285a4a23084aab82570f470f0e1ff57ae7e,0,objects/f3e133583086ee4f5fab5efd6adca285a4a23084aab82570f470f0e1ff57ae7e
GP01/runs/formal/PGPgiantcompo/k32/BASE/s1/input.graph.part32.epsilon0.03.seed1.KaHyPar,prepared_20261001,GP01/runs/formal/PGPgiantcompo/k32/BASE/s1/input.graph.part32.epsilon0.03.seed1.KaHyPar,39352,21398c7728e3256c8bfeb386b8ed09b18e82eab0148339c8620d631934086871,0,objects/21398c7728e3256c8bfeb386b8ed09b18e82eab0148339c8620d631934086871
GP01/runs/formal/PGPgiantcompo/k32/BASE/s1/stdout.log,prepared_20261001,GP01/runs/formal/PGPgiantcompo/k32/BASE/s1/stdout.log,18032,5c4e585215be8d16231c9b4bd504f4936cc3fd138530265b51e321de8ac550b3,0,objects/5c4e585215be8d16231c9b4bd504f4936cc3fd138530265b51e321de8ac550b3
GP01/runs/formal/PGPgiantcompo/k32/BASE/s100/command.json,prepared_20261001,GP01/runs/formal/PGPgiantcompo/k32/BASE/s100/command.json,888,76603c23278fed589d22becee9e30826a21c9ff1c8a1856c94a9b38ae5fe1c07,1,objects/76603c23278fed589d22becee9e30826a21c9ff1c8a1856c94a9b38ae5fe1c07
GP01/runs/formal/PGPgiantcompo/k32/BASE/s100/gp01_audit.csv,prepared_20261001,GP01/runs/formal/PGPgiantcompo/k32/BASE/s100/gp01_audit.csv,1661,64b49ea2df4eae0b338ed59f4a7ee971b491716b91f0cf8ae500b4c5df1921bf,1,objects/64b49ea2df4eae0b338ed59f4a7ee971b491716b91f0cf8ae500b4c5df1921bf
GP01/runs/formal/PGPgiantcompo/k32/BASE/s100/input.graph,prepared_20261001,GP01/runs/formal/PGPgiantcompo/k32/BASE/s100/input.graph,238724,f3e133583086ee4f5fab5efd6adca285a4a23084aab82570f470f0e1ff57ae7e,0,objects/f3e133583086ee4f5fab5efd6adca285a4a23084aab82570f470f0e1ff57ae7e
GP01/runs/formal/PGPgiantcompo/k32/BASE/s100/input.graph.part32.epsilon0.03.seed100.KaHyPar,prepared_20261001,GP01/runs/formal/PGPgiantcompo/k32/BASE/s100/input.graph.part32.epsilon0.03.seed100.KaHyPar,39375,e86147e706b5f8004e765a2a4d7e5efa19c9e19abd24d9f68a88cfbce84a1488,0,objects/e86147e706b5f8004e765a2a4d7e5efa19c9e19abd24d9f68a88cfbce84a1488
GP01/runs/formal/PGPgiantcompo/k32/BASE/s100/stdout.log,prepared_20261001,GP01/runs/formal/PGPgiantcompo/k32/BASE/s100/stdout.log,18035,4bc9f7f6fe952c9fc15ea243b403ba92da0dd06f5e6df92b0367603f72d52aca,0,objects/4bc9f7f6fe952c9fc15ea243b403ba92da0dd06f5e6df92b0367603f72d52aca
GP01/runs/formal/PGPgiantcompo/k32/BASE/s101/command.json,prepared_20261001,GP01/runs/formal/PGPgiantcompo/k32/BASE/s101/command.json,888,691824dd8cb81bcafc768efb587e0c4f83bb315408921c5742cb2ceb0ebc0ccb,1,objects/691824dd8cb81bcafc768efb587e0c4f83bb315408921c5742cb2ceb0ebc0ccb
GP01/runs/formal/PGPgiantcompo/k32/BASE/s101/gp01_audit.csv,prepared_20261001,GP01/runs/formal/PGPgiantcompo/k32/BASE/s101/gp01_audit.csv,1689,b3206e1c768c4c2f1dcb9694cb2a12df22d14eed81340976510dbcb87e1611f6,1,objects/b3206e1c768c4c2f1dcb9694cb2a12df22d14eed81340976510dbcb87e1611f6
GP01/runs/formal/PGPgiantcompo/k32/BASE/s101/input.graph,prepared_20261001,GP01/runs/formal/PGPgiantcompo/k32/BASE/s101/input.graph,238724,f3e133583086ee4f5fab5efd6adca285a4a23084aab82570f470f0e1ff57ae7e,0,objects/f3e133583086ee4f5fab5efd6adca285a4a23084aab82570f470f0e1ff57ae7e
GP01/runs/formal/PGPgiantcompo/k32/BASE/s101/input.graph.part32.epsilon0.03.seed101.KaHyPar,prepared_20261001,GP01/runs/formal/PGPgiantcompo/k32/BASE/s101/input.graph.part32.epsilon0.03.seed101.KaHyPar,39361,8929b12ad480e312c531c6e183396930647ee447513e1efc740a83f97733ffac,0,objects/8929b12ad480e312c531c6e183396930647ee447513e1efc740a83f97733ffac
GP01/runs/formal/PGPgiantcompo/k32/BASE/s101/stdout.log,prepared_20261001,GP01/runs/formal/PGPgiantcompo/k32/BASE/s101/stdout.log,18038,f2ef655ff2ee9b2b6cb765187dbb89404b5b1d66ef652ec3b77e8b50d340adac,0,objects/f2ef655ff2ee9b2b6cb765187dbb89404b5b1d66ef652ec3b77e8b50d340adac
GP01/runs/formal/PGPgiantcompo/k32/BASE/s102/command.json,prepared_20261001,GP01/runs/formal/PGPgiantcompo/k32/BASE/s102/command.json,888,d4bc284b349ecea848d53c887c5e7c91a0de52df3e7bfd9131f2832cdefe8941,1,objects/d4bc284b349ecea848d53c887c5e7c91a0de52df3e7bfd9131f2832cdefe8941
GP01/runs/formal/PGPgiantcompo/k32/BASE/s102/gp01_audit.csv,prepared_20261001,GP01/runs/formal/PGPgiantcompo/k32/BASE/s102/gp01_audit.csv,1713,ae566b3f99b36d1aed9ba86d6c8524c847bceae432d41e1586baa5a5fcfc025b,1,objects/ae566b3f99b36d1aed9ba86d6c8524c847bceae432d41e1586baa5a5fcfc025b
GP01/runs/formal/PGPgiantcompo/k32/BASE/s102/input.graph,prepared_20261001,GP01/runs/formal/PGPgiantcompo/k32/BASE/s102/input.graph,238724,f3e133583086ee4f5fab5efd6adca285a4a23084aab82570f470f0e1ff57ae7e,0,objects/f3e133583086ee4f5fab5efd6adca285a4a23084aab82570f470f0e1ff57ae7e
GP01/runs/formal/PGPgiantcompo/k32/BASE/s102/input.graph.part32.epsilon0.03.seed102.KaHyPar,prepared_20261001,GP01/runs/formal/PGPgiantcompo/k32/BASE/s102/input.graph.part32.epsilon0.03.seed102.KaHyPar,39374,90ac81531bdcf825b19b119478fe4398f07c41452650752d2ae0e93260e5a88b,0,objects/90ac81531bdcf825b19b119478fe4398f07c41452650752d2ae0e93260e5a88b
GP01/runs/formal/PGPgiantcompo/k32/BASE/s102/stdout.log,prepared_20261001,GP01/runs/formal/PGPgiantcompo/k32/BASE/s102/stdout.log,18034,a1d13558979063fbfa632eff24c82329315f294e325f444336a126b778bc4561,0,objects/a1d13558979063fbfa632eff24c82329315f294e325f444336a126b778bc4561
GP01/runs/formal/PGPgiantcompo/k32/BASE/s2/command.json,prepared_20261001,GP01/runs/formal/PGPgiantcompo/k32/BASE/s2/command.json,884,8ede6d3bace8c2b13b1ba05f797e3bcc391593feda2a65d05b4a5ac8b1bd6e00,1,objects/8ede6d3bace8c2b13b1ba05f797e3bcc391593feda2a65d05b4a5ac8b1bd6e00
GP01/runs/formal/PGPgiantcompo/k32/BASE/s2/gp01_audit.csv,prepared_20261001,GP01/runs/formal/PGPgiantcompo/k32/BASE/s2/gp01_audit.csv,1713,1a96ab2cf9d374db18b1cc0478b1222d226c75ddf8b984af2a3d30e7e3d7fa1a,1,objects/1a96ab2cf9d374db18b1cc0478b1222d226c75ddf8b984af2a3d30e7e3d7fa1a
GP01/runs/formal/PGPgiantcompo/k32/BASE/s2/input.graph,prepared_20261001,GP01/runs/formal/PGPgiantcompo/k32/BASE/s2/input.graph,238724,f3e133583086ee4f5fab5efd6adca285a4a23084aab82570f470f0e1ff57ae7e,0,objects/f3e133583086ee4f5fab5efd6adca285a4a23084aab82570f470f0e1ff57ae7e
GP01/runs/formal/PGPgiantcompo/k32/BASE/s2/input.graph.part32.epsilon0.03.seed2.KaHyPar,prepared_20261001,GP01/runs/formal/PGPgiantcompo/k32/BASE/s2/input.graph.part32.epsilon0.03.seed2.KaHyPar,39397,45155650055f1f5c25f475a9e383c48b1ed2684097a140a1993a6e357e791afb,0,objects/45155650055f1f5c25f475a9e383c48b1ed2684097a140a1993a6e357e791afb
GP01/runs/formal/PGPgiantcompo/k32/BASE/s2/stdout.log,prepared_20261001,GP01/runs/formal/PGPgiantcompo/k32/BASE/s2/stdout.log,18033,db5bc04b7328b4a58420546adf11b3c69b55afd97a632038faaa039734b8bd84,0,objects/db5bc04b7328b4a58420546adf11b3c69b55afd97a632038faaa039734b8bd84
GP01/runs/formal/PGPgiantcompo/k32/BASE/s3/command.json,prepared_20261001,GP01/runs/formal/PGPgiantcompo/k32/BASE/s3/command.json,884,3e8709b7456b9d037ea9d1a92747c015b28d415e9997b06a686cbf9c73af2c36,1,objects/3e8709b7456b9d037ea9d1a92747c015b28d415e9997b06a686cbf9c73af2c36
GP01/runs/formal/PGPgiantcompo/k32/BASE/s3/gp01_audit.csv,prepared_20261001,GP01/runs/formal/PGPgiantcompo/k32/BASE/s3/gp01_audit.csv,1691,49b2af28254935fe1351a1fc7502837e00965472291389650af12af81fd395e9,1,objects/49b2af28254935fe1351a1fc7502837e00965472291389650af12af81fd395e9
GP01/runs/formal/PGPgiantcompo/k32/BASE/s3/input.graph,prepared_20261001,GP01/runs/formal/PGPgiantcompo/k32/BASE/s3/input.graph,238724,f3e133583086ee4f5fab5efd6adca285a4a23084aab82570f470f0e1ff57ae7e,0,objects/f3e133583086ee4f5fab5efd6adca285a4a23084aab82570f470f0e1ff57ae7e
GP01/runs/formal/PGPgiantcompo/k32/BASE/s3/input.graph.part32.epsilon0.03.seed3.KaHyPar,prepared_20261001,GP01/runs/formal/PGPgiantcompo/k32/BASE/s3/input.graph.part32.epsilon0.03.seed3.KaHyPar,39389,c7727acd2209c1d76d8afab4ae07ef5cee94396fe1dc8a64950bed2725430398,0,objects/c7727acd2209c1d76d8afab4ae07ef5cee94396fe1dc8a64950bed2725430398
GP01/runs/formal/PGPgiantcompo/k32/BASE/s3/stdout.log,prepared_20261001,GP01/runs/formal/PGPgiantcompo/k32/BASE/s3/stdout.log,18033,95f82a4fbab82ebb11990088a9c5e6b3bde1d1e555aedf6e60683db48a62cbb0,0,objects/95f82a4fbab82ebb11990088a9c5e6b3bde1d1e555aedf6e60683db48a62cbb0
GP01/runs/formal/PGPgiantcompo/k32/BASE/s4/command.json,prepared_20261001,GP01/runs/formal/PGPgiantcompo/k32/BASE/s4/command.json,884,3718aa86b34560dd60710e386ec925f5847cddeef36748f6ad22b6d4279c431b,1,objects/3718aa86b34560dd60710e386ec925f5847cddeef36748f6ad22b6d4279c431b
GP01/runs/formal/PGPgiantcompo/k32/BASE/s4/gp01_audit.csv,prepared_20261001,GP01/runs/formal/PGPgiantcompo/k32/BASE/s4/gp01_audit.csv,1738,4b65e82cd573ba2ff89c36b1894875e48ab6fae1a98b4c656dd37ff035e83e3e,1,objects/4b65e82cd573ba2ff89c36b1894875e48ab6fae1a98b4c656dd37ff035e83e3e
GP01/runs/formal/PGPgiantcompo/k32/BASE/s4/input.graph,prepared_20261001,GP01/runs/formal/PGPgiantcompo/k32/BASE/s4/input.graph,238724,f3e133583086ee4f5fab5efd6adca285a4a23084aab82570f470f0e1ff57ae7e,0,objects/f3e133583086ee4f5fab5efd6adca285a4a23084aab82570f470f0e1ff57ae7e
GP01/runs/formal/PGPgiantcompo/k32/BASE/s4/input.graph.part32.epsilon0.03.seed4.KaHyPar,prepared_20261001,GP01/runs/formal/PGPgiantcompo/k32/BASE/s4/input.graph.part32.epsilon0.03.seed4.KaHyPar,39366,3cf74d3d7b4c6fdd2bcb065099a00c52a2de27fb6ebe91ef5148424c9b9a65bc,0,objects/3cf74d3d7b4c6fdd2bcb065099a00c52a2de27fb6ebe91ef5148424c9b9a65bc
GP01/runs/formal/PGPgiantcompo/k32/BASE/s4/stdout.log,prepared_20261001,GP01/runs/formal/PGPgiantcompo/k32/BASE/s4/stdout.log,18034,ab51aba3f3a38b9b78fd94448dc2fb483422408bd66b548a15701d0c31615ce5,0,objects/ab51aba3f3a38b9b78fd94448dc2fb483422408bd66b548a15701d0c31615ce5
GP01/runs/formal/PGPgiantcompo/k32/BASE/s5/command.json,prepared_20261001,GP01/runs/formal/PGPgiantcompo/k32/BASE/s5/command.json,884,564419aa9e8f9047c1298fc04b9903cccead1cee49d4889b5c65f09ea13192d9,1,objects/564419aa9e8f9047c1298fc04b9903cccead1cee49d4889b5c65f09ea13192d9
GP01/runs/formal/PGPgiantcompo/k32/BASE/s5/gp01_audit.csv,prepared_20261001,GP01/runs/formal/PGPgiantcompo/k32/BASE/s5/gp01_audit.csv,1710,d1d19ffbfb9d3100b4292fbb458a7eb9b95f4fb4a07dcc5d5a7dbdf8f451f663,1,objects/d1d19ffbfb9d3100b4292fbb458a7eb9b95f4fb4a07dcc5d5a7dbdf8f451f663
GP01/runs/formal/PGPgiantcompo/k32/BASE/s5/input.graph,prepared_20261001,GP01/runs/formal/PGPgiantcompo/k32/BASE/s5/input.graph,238724,f3e133583086ee4f5fab5efd6adca285a4a23084aab82570f470f0e1ff57ae7e,0,objects/f3e133583086ee4f5fab5efd6adca285a4a23084aab82570f470f0e1ff57ae7e
GP01/runs/formal/PGPgiantcompo/k32/BASE/s5/input.graph.part32.epsilon0.03.seed5.KaHyPar,prepared_20261001,GP01/runs/formal/PGPgiantcompo/k32/BASE/s5/input.graph.part32.epsilon0.03.seed5.KaHyPar,39380,8d13e45fd8f5c7283f9fa3193ddb0495e4b6585d5471dabfd544bd2d269a8fce,0,objects/8d13e45fd8f5c7283f9fa3193ddb0495e4b6585d5471dabfd544bd2d269a8fce
GP01/runs/formal/PGPgiantcompo/k32/BASE/s5/stdout.log,prepared_20261001,GP01/runs/formal/PGPgiantcompo/k32/BASE/s5/stdout.log,18033,c4ed0c99991240a087d0bed0f683234fc344a9dddec8c6c45b901ba599a14960,0,objects/c4ed0c99991240a087d0bed0f683234fc344a9dddec8c6c45b901ba599a14960
GP01/runs/formal/PGPgiantcompo/k32/BASE/s6/command.json,prepared_20261001,GP01/runs/formal/PGPgiantcompo/k32/BASE/s6/command.json,884,694edbc730003a4d11caf3eb9d00f954959960945cb47d5fa59c55b311d9c440,1,objects/694edbc730003a4d11caf3eb9d00f954959960945cb47d5fa59c55b311d9c440
GP01/runs/formal/PGPgiantcompo/k32/BASE/s6/gp01_audit.csv,prepared_20261001,GP01/runs/formal/PGPgiantcompo/k32/BASE/s6/gp01_audit.csv,1663,cdf1d3040ecd4d7d98d6c48e3bde6fa3752011f5370384444d071fe355d89460,1,objects/cdf1d3040ecd4d7d98d6c48e3bde6fa3752011f5370384444d071fe355d89460
GP01/runs/formal/PGPgiantcompo/k32/BASE/s6/input.graph,prepared_20261001,GP01/runs/formal/PGPgiantcompo/k32/BASE/s6/input.graph,238724,f3e133583086ee4f5fab5efd6adca285a4a23084aab82570f470f0e1ff57ae7e,0,objects/f3e133583086ee4f5fab5efd6adca285a4a23084aab82570f470f0e1ff57ae7e
GP01/runs/formal/PGPgiantcompo/k32/BASE/s6/input.graph.part32.epsilon0.03.seed6.KaHyPar,prepared_20261001,GP01/runs/formal/PGPgiantcompo/k32/BASE/s6/input.graph.part32.epsilon0.03.seed6.KaHyPar,39373,f837ea243029e98a728fd25e6647a53b9640d4a071cb21d2dd1daa4ea211cece,0,objects/f837ea243029e98a728fd25e6647a53b9640d4a071cb21d2dd1daa4ea211cece
GP01/runs/formal/PGPgiantcompo/k32/BASE/s6/stdout.log,prepared_20261001,GP01/runs/formal/PGPgiantcompo/k32/BASE/s6/stdout.log,18030,04957b9324c0082a7219fd2885d76b04a53dbffd7756ab2550bfdb335e7b4ce5,0,objects/04957b9324c0082a7219fd2885d76b04a53dbffd7756ab2550bfdb335e7b4ce5
GP01/runs/formal/PGPgiantcompo/k32/BASE/s7/command.json,prepared_20261001,GP01/runs/formal/PGPgiantcompo/k32/BASE/s7/command.json,884,ec47e8a7c65055e0e48e48b925f3deaa15f9a3318f7afb2cca71372caa1ba4fe,1,objects/ec47e8a7c65055e0e48e48b925f3deaa15f9a3318f7afb2cca71372caa1ba4fe
GP01/runs/formal/PGPgiantcompo/k32/BASE/s7/gp01_audit.csv,prepared_20261001,GP01/runs/formal/PGPgiantcompo/k32/BASE/s7/gp01_audit.csv,1711,24d6e008cd0b6fc264d80e788bb360ffde3a28b8fa374de1fcfcd33d3a8fa268,1,objects/24d6e008cd0b6fc264d80e788bb360ffde3a28b8fa374de1fcfcd33d3a8fa268
GP01/runs/formal/PGPgiantcompo/k32/BASE/s7/input.graph,prepared_20261001,GP01/runs/formal/PGPgiantcompo/k32/BASE/s7/input.graph,238724,f3e133583086ee4f5fab5efd6adca285a4a23084aab82570f470f0e1ff57ae7e,0,objects/f3e133583086ee4f5fab5efd6adca285a4a23084aab82570f470f0e1ff57ae7e
GP01/runs/formal/PGPgiantcompo/k32/BASE/s7/input.graph.part32.epsilon0.03.seed7.KaHyPar,prepared_20261001,GP01/runs/formal/PGPgiantcompo/k32/BASE/s7/input.graph.part32.epsilon0.03.seed7.KaHyPar,39342,a314f8cbc6c225c79d530d268e74d6fd32aad6c3fc0079548ccaed340fb34611,0,objects/a314f8cbc6c225c79d530d268e74d6fd32aad6c3fc0079548ccaed340fb34611
GP01/runs/formal/PGPgiantcompo/k32/BASE/s7/stdout.log,prepared_20261001,GP01/runs/formal/PGPgiantcompo/k32/BASE/s7/stdout.log,18032,7f0b8792c6b5dca2b32cbcd2dac7d54faf8948f500cb125c799d462cb97dc5fc,0,objects/7f0b8792c6b5dca2b32cbcd2dac7d54faf8948f500cb125c799d462cb97dc5fc
GP01/runs/formal/PGPgiantcompo/k32/BASE/s8/command.json,prepared_20261001,GP01/runs/formal/PGPgiantcompo/k32/BASE/s8/command.json,884,a497a245eac7d43f594226fccedcbdbff97538ba59e764e157e54c2eb89f2193,1,objects/a497a245eac7d43f594226fccedcbdbff97538ba59e764e157e54c2eb89f2193
GP01/runs/formal/PGPgiantcompo/k32/BASE/s8/gp01_audit.csv,prepared_20261001,GP01/runs/formal/PGPgiantcompo/k32/BASE/s8/gp01_audit.csv,1662,d9c7a6c7ca06dcf33075ac8593f519380375179c46c63284254a3a5661c3f8e6,1,objects/d9c7a6c7ca06dcf33075ac8593f519380375179c46c63284254a3a5661c3f8e6
GP01/runs/formal/PGPgiantcompo/k32/BASE/s8/input.graph,prepared_20261001,GP01/runs/formal/PGPgiantcompo/k32/BASE/s8/input.graph,238724,f3e133583086ee4f5fab5efd6adca285a4a23084aab82570f470f0e1ff57ae7e,0,objects/f3e133583086ee4f5fab5efd6adca285a4a23084aab82570f470f0e1ff57ae7e
GP01/runs/formal/PGPgiantcompo/k32/BASE/s8/input.graph.part32.epsilon0.03.seed8.KaHyPar,prepared_20261001,GP01/runs/formal/PGPgiantcompo/k32/BASE/s8/input.graph.part32.epsilon0.03.seed8.KaHyPar,39373,ffbd2386c99a476c2ee8d4881adac358621d8af4786acf59923c438305022ec8,0,objects/ffbd2386c99a476c2ee8d4881adac358621d8af4786acf59923c438305022ec8
GP01/runs/formal/PGPgiantcompo/k32/BASE/s8/stdout.log,prepared_20261001,GP01/runs/formal/PGPgiantcompo/k32/BASE/s8/stdout.log,18032,c875b6033cb5c36f0df203befac0e36e7219c1026299988e7af8720b06e34f4f,0,objects/c875b6033cb5c36f0df203befac0e36e7219c1026299988e7af8720b06e34f4f
GP01/runs/formal/PGPgiantcompo/k32/BASE/s9/command.json,prepared_20261001,GP01/runs/formal/PGPgiantcompo/k32/BASE/s9/command.json,884,6e8d6dae4ed69e39f79906559daa403e3d2bd5fef55b539ead5ba332a207ee84,1,objects/6e8d6dae4ed69e39f79906559daa403e3d2bd5fef55b539ead5ba332a207ee84
GP01/runs/formal/PGPgiantcompo/k32/BASE/s9/gp01_audit.csv,prepared_20261001,GP01/runs/formal/PGPgiantcompo/k32/BASE/s9/gp01_audit.csv,1687,6fa2e85a67817c3ecb1e2b401d00fc1de04c35ca94dd18721922715e12a34b9e,1,objects/6fa2e85a67817c3ecb1e2b401d00fc1de04c35ca94dd18721922715e12a34b9e
GP01/runs/formal/PGPgiantcompo/k32/BASE/s9/input.graph,prepared_20261001,GP01/runs/formal/PGPgiantcompo/k32/BASE/s9/input.graph,238724,f3e133583086ee4f5fab5efd6adca285a4a23084aab82570f470f0e1ff57ae7e,0,objects/f3e133583086ee4f5fab5efd6adca285a4a23084aab82570f470f0e1ff57ae7e
GP01/runs/formal/PGPgiantcompo/k32/BASE/s9/input.graph.part32.epsilon0.03.seed9.KaHyPar,prepared_20261001,GP01/runs/formal/PGPgiantcompo/k32/BASE/s9/input.graph.part32.epsilon0.03.seed9.KaHyPar,39367,1e56715b77cfbf2254c0f2d0c0b8ed5adb36108b76f85e79ddddc26fa1d8c26d,0,objects/1e56715b77cfbf2254c0f2d0c0b8ed5adb36108b76f85e79ddddc26fa1d8c26d
GP01/runs/formal/PGPgiantcompo/k32/BASE/s9/stdout.log,prepared_20261001,GP01/runs/formal/PGPgiantcompo/k32/BASE/s9/stdout.log,18034,f1cfa1664e4d756de0d1e42923b3cfbc1d0f1d7eda8b512cd47af04277cb1785,0,objects/f1cfa1664e4d756de0d1e42923b3cfbc1d0f1d7eda8b512cd47af04277cb1785
GP01/runs/formal/PGPgiantcompo/k32/CAL-EXACT/s100/command.json,prepared_20261001,GP01/runs/formal/PGPgiantcompo/k32/CAL-EXACT/s100/command.json,927,a40ae17ca65d26c88dca98c757a5fcf5a194c9447dc006daacf233bb4931e319,1,objects/a40ae17ca65d26c88dca98c757a5fcf5a194c9447dc006daacf233bb4931e319
GP01/runs/formal/PGPgiantcompo/k32/CAL-EXACT/s100/gp01_audit.csv,prepared_20261001,GP01/runs/formal/PGPgiantcompo/k32/CAL-EXACT/s100/gp01_audit.csv,1673,3870913f1a45419462efa8f4d113339ae9ccd5f08dc613cd6b74093a361660d4,1,objects/3870913f1a45419462efa8f4d113339ae9ccd5f08dc613cd6b74093a361660d4
GP01/runs/formal/PGPgiantcompo/k32/CAL-EXACT/s100/input.graph,prepared_20261001,GP01/runs/formal/PGPgiantcompo/k32/CAL-EXACT/s100/input.graph,238724,f3e133583086ee4f5fab5efd6adca285a4a23084aab82570f470f0e1ff57ae7e,0,objects/f3e133583086ee4f5fab5efd6adca285a4a23084aab82570f470f0e1ff57ae7e
GP01/runs/formal/PGPgiantcompo/k32/CAL-EXACT/s100/input.graph.part32.epsilon0.03.seed100.KaHyPar,prepared_20261001,GP01/runs/formal/PGPgiantcompo/k32/CAL-EXACT/s100/input.graph.part32.epsilon0.03.seed100.KaHyPar,39329,12cc709287ab32401435bcd4d404f8e34863beb722c9fec8ff3e9c57a211a7fb,0,objects/12cc709287ab32401435bcd4d404f8e34863beb722c9fec8ff3e9c57a211a7fb
GP01/runs/formal/PGPgiantcompo/k32/CAL-EXACT/s100/stdout.log,prepared_20261001,GP01/runs/formal/PGPgiantcompo/k32/CAL-EXACT/s100/stdout.log,18037,a06495ddac2dcfc9848ed1c1b65898a54f1c68f67121933dd7dfb21347e73dc3,0,objects/a06495ddac2dcfc9848ed1c1b65898a54f1c68f67121933dd7dfb21347e73dc3
GP01/runs/formal/PGPgiantcompo/k32/CAL-EXACT/s101/command.json,prepared_20261001,GP01/runs/formal/PGPgiantcompo/k32/CAL-EXACT/s101/command.json,927,cc60fa3dbadb61e3bbfdfa62628cb2360cd0247c14cbfd84666fd8cee648409a,1,objects/cc60fa3dbadb61e3bbfdfa62628cb2360cd0247c14cbfd84666fd8cee648409a
GP01/runs/formal/PGPgiantcompo/k32/CAL-EXACT/s101/gp01_audit.csv,prepared_20261001,GP01/runs/formal/PGPgiantcompo/k32/CAL-EXACT/s101/gp01_audit.csv,1649,4958154b04f247dca218cfb31c7168a927df7e109ed2dc5f4e29bfe00cd8c4cd,1,objects/4958154b04f247dca218cfb31c7168a927df7e109ed2dc5f4e29bfe00cd8c4cd
GP01/runs/formal/PGPgiantcompo/k32/CAL-EXACT/s101/input.graph,prepared_20261001,GP01/runs/formal/PGPgiantcompo/k32/CAL-EXACT/s101/input.graph,238724,f3e133583086ee4f5fab5efd6adca285a4a23084aab82570f470f0e1ff57ae7e,0,objects/f3e133583086ee4f5fab5efd6adca285a4a23084aab82570f470f0e1ff57ae7e
GP01/runs/formal/PGPgiantcompo/k32/CAL-EXACT/s101/input.graph.part32.epsilon0.03.seed101.KaHyPar,prepared_20261001,GP01/runs/formal/PGPgiantcompo/k32/CAL-EXACT/s101/input.graph.part32.epsilon0.03.seed101.KaHyPar,39362,dcc52538f91035b97e187cc704b6323df91be98c9d13f66c58bbf51239f3efc8,0,objects/dcc52538f91035b97e187cc704b6323df91be98c9d13f66c58bbf51239f3efc8
GP01/runs/formal/PGPgiantcompo/k32/CAL-EXACT/s101/stdout.log,prepared_20261001,GP01/runs/formal/PGPgiantcompo/k32/CAL-EXACT/s101/stdout.log,18038,1ec071f1f8844298f841f40b52a758f7bec6e8ef9bbec8b765cb6466cc0aeeea,0,objects/1ec071f1f8844298f841f40b52a758f7bec6e8ef9bbec8b765cb6466cc0aeeea
GP01/runs/formal/PGPgiantcompo/k32/CAL-EXACT/s102/command.json,prepared_20261001,GP01/runs/formal/PGPgiantcompo/k32/CAL-EXACT/s102/command.json,927,f6e28037f2690a41df591371071126eb56e4549d61008eb44b6ad0ec88889c36,1,objects/f6e28037f2690a41df591371071126eb56e4549d61008eb44b6ad0ec88889c36
GP01/runs/formal/PGPgiantcompo/k32/CAL-EXACT/s102/gp01_audit.csv,prepared_20261001,GP01/runs/formal/PGPgiantcompo/k32/CAL-EXACT/s102/gp01_audit.csv,1750,d27094cb146cf0b77fe79a8d8b3a6793fa392bc3ac94d5c2d225c82471856976,1,objects/d27094cb146cf0b77fe79a8d8b3a6793fa392bc3ac94d5c2d225c82471856976
GP01/runs/formal/PGPgiantcompo/k32/CAL-EXACT/s102/input.graph,prepared_20261001,GP01/runs/formal/PGPgiantcompo/k32/CAL-EXACT/s102/input.graph,238724,f3e133583086ee4f5fab5efd6adca285a4a23084aab82570f470f0e1ff57ae7e,0,objects/f3e133583086ee4f5fab5efd6adca285a4a23084aab82570f470f0e1ff57ae7e
GP01/runs/formal/PGPgiantcompo/k32/CAL-EXACT/s102/input.graph.part32.epsilon0.03.seed102.KaHyPar,prepared_20261001,GP01/runs/formal/PGPgiantcompo/k32/CAL-EXACT/s102/input.graph.part32.epsilon0.03.seed102.KaHyPar,39350,7c4fcca65da665ae57f6b25602fb965a4825ab79722e2cfc4f2e82f4c322ca5b,0,objects/7c4fcca65da665ae57f6b25602fb965a4825ab79722e2cfc4f2e82f4c322ca5b
GP01/runs/formal/PGPgiantcompo/k32/CAL-EXACT/s102/stdout.log,prepared_20261001,GP01/runs/formal/PGPgiantcompo/k32/CAL-EXACT/s102/stdout.log,18037,baaa052c70ca3c829cc119270d77148d8123530fc1d10b2e7f73b044228dfb72,0,objects/baaa052c70ca3c829cc119270d77148d8123530fc1d10b2e7f73b044228dfb72
GP01/runs/formal/PGPgiantcompo/k32/CAL-TIE/s100/command.json,prepared_20261001,GP01/runs/formal/PGPgiantcompo/k32/CAL-TIE/s100/command.json,923,c236e2b57922461c70c22698d92271402a3c27981b2443fb427771e674b7d142,1,objects/c236e2b57922461c70c22698d92271402a3c27981b2443fb427771e674b7d142
GP01/runs/formal/PGPgiantcompo/k32/CAL-TIE/s100/gp01_audit.csv,prepared_20261001,GP01/runs/formal/PGPgiantcompo/k32/CAL-TIE/s100/gp01_audit.csv,1727,cfec82d683ab63163cb6ca88f89d9bb66cafdb1886dfb4e191f4f98a47a72b9f,1,objects/cfec82d683ab63163cb6ca88f89d9bb66cafdb1886dfb4e191f4f98a47a72b9f
GP01/runs/formal/PGPgiantcompo/k32/CAL-TIE/s100/input.graph,prepared_20261001,GP01/runs/formal/PGPgiantcompo/k32/CAL-TIE/s100/input.graph,238724,f3e133583086ee4f5fab5efd6adca285a4a23084aab82570f470f0e1ff57ae7e,0,objects/f3e133583086ee4f5fab5efd6adca285a4a23084aab82570f470f0e1ff57ae7e
GP01/runs/formal/PGPgiantcompo/k32/CAL-TIE/s100/input.graph.part32.epsilon0.03.seed100.KaHyPar,prepared_20261001,GP01/runs/formal/PGPgiantcompo/k32/CAL-TIE/s100/input.graph.part32.epsilon0.03.seed100.KaHyPar,39357,546e4f215f23b1a04466e42c7bfc4fc66738a85311cbdeb25dca0966cfc15577,0,objects/546e4f215f23b1a04466e42c7bfc4fc66738a85311cbdeb25dca0966cfc15577
GP01/runs/formal/PGPgiantcompo/k32/CAL-TIE/s100/stdout.log,prepared_20261001,GP01/runs/formal/PGPgiantcompo/k32/CAL-TIE/s100/stdout.log,18033,2e8047d496361eaec24e652872414ba12b8b68f76beab8699cd4d64c8293a054,0,objects/2e8047d496361eaec24e652872414ba12b8b68f76beab8699cd4d64c8293a054
GP01/runs/formal/PGPgiantcompo/k32/CAL-TIE/s101/command.json,prepared_20261001,GP01/runs/formal/PGPgiantcompo/k32/CAL-TIE/s101/command.json,923,41fd5a8ffc5a5b6d8b1dc81bc9810ec652133642e8a882bee7913e58e298346b,1,objects/41fd5a8ffc5a5b6d8b1dc81bc9810ec652133642e8a882bee7913e58e298346b
GP01/runs/formal/PGPgiantcompo/k32/CAL-TIE/s101/gp01_audit.csv,prepared_20261001,GP01/runs/formal/PGPgiantcompo/k32/CAL-TIE/s101/gp01_audit.csv,1676,f8676577b08cdfd0ebfe92cefd76e9b9b8c0bc0020cff3d224ce88301f518400,1,objects/f8676577b08cdfd0ebfe92cefd76e9b9b8c0bc0020cff3d224ce88301f518400
GP01/runs/formal/PGPgiantcompo/k32/CAL-TIE/s101/input.graph,prepared_20261001,GP01/runs/formal/PGPgiantcompo/k32/CAL-TIE/s101/input.graph,238724,f3e133583086ee4f5fab5efd6adca285a4a23084aab82570f470f0e1ff57ae7e,0,objects/f3e133583086ee4f5fab5efd6adca285a4a23084aab82570f470f0e1ff57ae7e
GP01/runs/formal/PGPgiantcompo/k32/CAL-TIE/s101/input.graph.part32.epsilon0.03.seed101.KaHyPar,prepared_20261001,GP01/runs/formal/PGPgiantcompo/k32/CAL-TIE/s101/input.graph.part32.epsilon0.03.seed101.KaHyPar,39403,e4d7a246a8ccdb3576a2df25577cda929a982f6f784a5d48401f0395dc0588a0,0,objects/e4d7a246a8ccdb3576a2df25577cda929a982f6f784a5d48401f0395dc0588a0
GP01/runs/formal/PGPgiantcompo/k32/CAL-TIE/s101/stdout.log,prepared_20261001,GP01/runs/formal/PGPgiantcompo/k32/CAL-TIE/s101/stdout.log,18038,7c7859c2a2bef1f02d714d30b2b0246303bda1f4cade1802b238db0202aca9fa,0,objects/7c7859c2a2bef1f02d714d30b2b0246303bda1f4cade1802b238db0202aca9fa
GP01/runs/formal/PGPgiantcompo/k32/CAL-TIE/s102/command.json,prepared_20261001,GP01/runs/formal/PGPgiantcompo/k32/CAL-TIE/s102/command.json,923,0cbff5a84fd8a4ce0c1acf59bc7b3d18993b41c393d636ab2b92834f586e5715,1,objects/0cbff5a84fd8a4ce0c1acf59bc7b3d18993b41c393d636ab2b92834f586e5715
GP01/runs/formal/PGPgiantcompo/k32/CAL-TIE/s102/gp01_audit.csv,prepared_20261001,GP01/runs/formal/PGPgiantcompo/k32/CAL-TIE/s102/gp01_audit.csv,1775,5f9017316b160ac57e39da37fb11e3e18bf75028d008a1b67ae6ecd873134f5c,1,objects/5f9017316b160ac57e39da37fb11e3e18bf75028d008a1b67ae6ecd873134f5c
GP01/runs/formal/PGPgiantcompo/k32/CAL-TIE/s102/input.graph,prepared_20261001,GP01/runs/formal/PGPgiantcompo/k32/CAL-TIE/s102/input.graph,238724,f3e133583086ee4f5fab5efd6adca285a4a23084aab82570f470f0e1ff57ae7e,0,objects/f3e133583086ee4f5fab5efd6adca285a4a23084aab82570f470f0e1ff57ae7e
GP01/runs/formal/PGPgiantcompo/k32/CAL-TIE/s102/input.graph.part32.epsilon0.03.seed102.KaHyPar,prepared_20261001,GP01/runs/formal/PGPgiantcompo/k32/CAL-TIE/s102/input.graph.part32.epsilon0.03.seed102.KaHyPar,39399,c907d21301af35a4efe64cf869278850932fab3df8b581b4a9fefce04b495f46,0,objects/c907d21301af35a4efe64cf869278850932fab3df8b581b4a9fefce04b495f46
GP01/runs/formal/PGPgiantcompo/k32/CAL-TIE/s102/stdout.log,prepared_20261001,GP01/runs/formal/PGPgiantcompo/k32/CAL-TIE/s102/stdout.log,18037,636117cbd159e13249d58918a322953d5155e38130c72d7322e656f067daed0f,0,objects/636117cbd159e13249d58918a322953d5155e38130c72d7322e656f067daed0f
GP01/runs/formal/PGPgiantcompo/k32/K/s100/command.json,prepared_20261001,GP01/runs/formal/PGPgiantcompo/k32/K/s100/command.json,911,31ae6af7154bb17f31b223ebbc0d829f971800514ca96379a843317c81a860d8,1,objects/31ae6af7154bb17f31b223ebbc0d829f971800514ca96379a843317c81a860d8
GP01/runs/formal/PGPgiantcompo/k32/K/s100/gp01_audit.csv,prepared_20261001,GP01/runs/formal/PGPgiantcompo/k32/K/s100/gp01_audit.csv,1676,e8b13ef43f6e62aad63ae5f5bcbd4999f3b35d335f593d1797a4682eb57d64ee,1,objects/e8b13ef43f6e62aad63ae5f5bcbd4999f3b35d335f593d1797a4682eb57d64ee
GP01/runs/formal/PGPgiantcompo/k32/K/s100/input.graph,prepared_20261001,GP01/runs/formal/PGPgiantcompo/k32/K/s100/input.graph,238724,f3e133583086ee4f5fab5efd6adca285a4a23084aab82570f470f0e1ff57ae7e,0,objects/f3e133583086ee4f5fab5efd6adca285a4a23084aab82570f470f0e1ff57ae7e
GP01/runs/formal/PGPgiantcompo/k32/K/s100/input.graph.part32.epsilon0.03.seed100.KaHyPar,prepared_20261001,GP01/runs/formal/PGPgiantcompo/k32/K/s100/input.graph.part32.epsilon0.03.seed100.KaHyPar,39381,c9ba28323f32aa8437d66213506825441e31554040a5c99c051f3cd328777c03,0,objects/c9ba28323f32aa8437d66213506825441e31554040a5c99c051f3cd328777c03
GP01/runs/formal/PGPgiantcompo/k32/K/s100/stdout.log,prepared_20261001,GP01/runs/formal/PGPgiantcompo/k32/K/s100/stdout.log,18036,15777420a9800553e7137112d0463ac0c4434904c5384975764d929635f24176,0,objects/15777420a9800553e7137112d0463ac0c4434904c5384975764d929635f24176
GP01/runs/formal/PGPgiantcompo/k32/K/s101/command.json,prepared_20261001,GP01/runs/formal/PGPgiantcompo/k32/K/s101/command.json,911,f1fbe920e91afdf4bc148d85c1b3c27e701843c5eda4c812d05faf6baca5021d,1,objects/f1fbe920e91afdf4bc148d85c1b3c27e701843c5eda4c812d05faf6baca5021d
GP01/runs/formal/PGPgiantcompo/k32/K/s101/gp01_audit.csv,prepared_20261001,GP01/runs/formal/PGPgiantcompo/k32/K/s101/gp01_audit.csv,1776,19b9228d06f0cc186e191a0a895c629696f14f95eb49db831e9d1a28c28d2909,1,objects/19b9228d06f0cc186e191a0a895c629696f14f95eb49db831e9d1a28c28d2909
GP01/runs/formal/PGPgiantcompo/k32/K/s101/input.graph,prepared_20261001,GP01/runs/formal/PGPgiantcompo/k32/K/s101/input.graph,238724,f3e133583086ee4f5fab5efd6adca285a4a23084aab82570f470f0e1ff57ae7e,0,objects/f3e133583086ee4f5fab5efd6adca285a4a23084aab82570f470f0e1ff57ae7e
GP01/runs/formal/PGPgiantcompo/k32/K/s101/input.graph.part32.epsilon0.03.seed101.KaHyPar,prepared_20261001,GP01/runs/formal/PGPgiantcompo/k32/K/s101/input.graph.part32.epsilon0.03.seed101.KaHyPar,39397,717ce2d4da61073d52f40270e98dade9ad140dd6acedc635e4067ca88e78739f,0,objects/717ce2d4da61073d52f40270e98dade9ad140dd6acedc635e4067ca88e78739f
GP01/runs/formal/PGPgiantcompo/k32/K/s101/stdout.log,prepared_20261001,GP01/runs/formal/PGPgiantcompo/k32/K/s101/stdout.log,18037,859d0e982a8549fed747d2373b84406a16f1b6727b539a9d6dccc8552eccb1b2,0,objects/859d0e982a8549fed747d2373b84406a16f1b6727b539a9d6dccc8552eccb1b2
GP01/runs/formal/PGPgiantcompo/k32/K/s102/command.json,prepared_20261001,GP01/runs/formal/PGPgiantcompo/k32/K/s102/command.json,911,4c594fdc48fd96c6bd4aca56271e6615cc58dc521661fc3fc2c6f66ce8622552,1,objects/4c594fdc48fd96c6bd4aca56271e6615cc58dc521661fc3fc2c6f66ce8622552
GP01/runs/formal/PGPgiantcompo/k32/K/s102/gp01_audit.csv,prepared_20261001,GP01/runs/formal/PGPgiantcompo/k32/K/s102/gp01_audit.csv,1698,6ddc9bc07a99caa3296d58734494849e066c93275b6e3eea9592abc4431f8e19,1,objects/6ddc9bc07a99caa3296d58734494849e066c93275b6e3eea9592abc4431f8e19
GP01/runs/formal/PGPgiantcompo/k32/K/s102/input.graph,prepared_20261001,GP01/runs/formal/PGPgiantcompo/k32/K/s102/input.graph,238724,f3e133583086ee4f5fab5efd6adca285a4a23084aab82570f470f0e1ff57ae7e,0,objects/f3e133583086ee4f5fab5efd6adca285a4a23084aab82570f470f0e1ff57ae7e
GP01/runs/formal/PGPgiantcompo/k32/K/s102/input.graph.part32.epsilon0.03.seed102.KaHyPar,prepared_20261001,GP01/runs/formal/PGPgiantcompo/k32/K/s102/input.graph.part32.epsilon0.03.seed102.KaHyPar,39353,8ed76e61c84aa159a9a23f6f3b90f4e1bac6138b9e687388914cf3d3f9e20a1e,0,objects/8ed76e61c84aa159a9a23f6f3b90f4e1bac6138b9e687388914cf3d3f9e20a1e
GP01/runs/formal/PGPgiantcompo/k32/K/s102/stdout.log,prepared_20261001,GP01/runs/formal/PGPgiantcompo/k32/K/s102/stdout.log,18036,243e5ae4a78c940140f1d1368510fcceca99d77b3c8b91d11c73513def61098d,0,objects/243e5ae4a78c940140f1d1368510fcceca99d77b3c8b91d11c73513def61098d
GP01/runs/formal/PGPgiantcompo/k4/AUTHOR/s100/command.json,prepared_20261001,GP01/runs/formal/PGPgiantcompo/k4/AUTHOR/s100/command.json,784,76ebf9d973fbaed140d1e2cd99c7f371c2abac0a2de1709a123659f13b8a3477,1,objects/76ebf9d973fbaed140d1e2cd99c7f371c2abac0a2de1709a123659f13b8a3477
GP01/runs/formal/PGPgiantcompo/k4/AUTHOR/s100/gp01_audit.csv,prepared_20261001,GP01/runs/formal/PGPgiantcompo/k4/AUTHOR/s100/gp01_audit.csv,401,ae6eb585bb2073f36937b29229b0036665bc7b848b6dae2e487cec11f57158dd,1,objects/ae6eb585bb2073f36937b29229b0036665bc7b848b6dae2e487cec11f57158dd
GP01/runs/formal/PGPgiantcompo/k4/AUTHOR/s100/input.graph,prepared_20261001,GP01/runs/formal/PGPgiantcompo/k4/AUTHOR/s100/input.graph,238724,f3e133583086ee4f5fab5efd6adca285a4a23084aab82570f470f0e1ff57ae7e,0,objects/f3e133583086ee4f5fab5efd6adca285a4a23084aab82570f470f0e1ff57ae7e
GP01/runs/formal/PGPgiantcompo/k4/AUTHOR/s100/input.graph.part4.epsilon0.03.seed100.KaHyPar,prepared_20261001,GP01/runs/formal/PGPgiantcompo/k4/AUTHOR/s100/input.graph.part4.epsilon0.03.seed100.KaHyPar,32040,8ac7679cd5e20f6c550f58f675cc5875e604dd16fc0adc3429855e6bdb1e1349,0,objects/8ac7679cd5e20f6c550f58f675cc5875e604dd16fc0adc3429855e6bdb1e1349
GP01/runs/formal/PGPgiantcompo/k4/AUTHOR/s100/stdout.log,prepared_20261001,GP01/runs/formal/PGPgiantcompo/k4/AUTHOR/s100/stdout.log,13742,a4c3ed16f8fc337f34aab03270e5783c70e1eeb4a3aa2b7b53eb286b0a99712d,0,objects/a4c3ed16f8fc337f34aab03270e5783c70e1eeb4a3aa2b7b53eb286b0a99712d
GP01/runs/formal/PGPgiantcompo/k4/AUTHOR/s101/command.json,prepared_20261001,GP01/runs/formal/PGPgiantcompo/k4/AUTHOR/s101/command.json,784,b32bdbf60b0c213445afc2de20074c9dc1c84eadbacde609947fe20aa5615cb4,1,objects/b32bdbf60b0c213445afc2de20074c9dc1c84eadbacde609947fe20aa5615cb4
GP01/runs/formal/PGPgiantcompo/k4/AUTHOR/s101/gp01_audit.csv,prepared_20261001,GP01/runs/formal/PGPgiantcompo/k4/AUTHOR/s101/gp01_audit.csv,376,0713a6f87dd9653a925da5a353571a32e2f9ff61b264a3c6222a5921eef1b0fd,1,objects/0713a6f87dd9653a925da5a353571a32e2f9ff61b264a3c6222a5921eef1b0fd
GP01/runs/formal/PGPgiantcompo/k4/AUTHOR/s101/input.graph,prepared_20261001,GP01/runs/formal/PGPgiantcompo/k4/AUTHOR/s101/input.graph,238724,f3e133583086ee4f5fab5efd6adca285a4a23084aab82570f470f0e1ff57ae7e,0,objects/f3e133583086ee4f5fab5efd6adca285a4a23084aab82570f470f0e1ff57ae7e
GP01/runs/formal/PGPgiantcompo/k4/AUTHOR/s101/input.graph.part4.epsilon0.03.seed101.KaHyPar,prepared_20261001,GP01/runs/formal/PGPgiantcompo/k4/AUTHOR/s101/input.graph.part4.epsilon0.03.seed101.KaHyPar,32040,001b54fece5442ce53e92d2b677ffad39eabb0b1948ba22c634c00511f494521,0,objects/001b54fece5442ce53e92d2b677ffad39eabb0b1948ba22c634c00511f494521
GP01/runs/formal/PGPgiantcompo/k4/AUTHOR/s101/stdout.log,prepared_20261001,GP01/runs/formal/PGPgiantcompo/k4/AUTHOR/s101/stdout.log,13740,111387885c4f17363761aa5a16f314d98049d6ed64c5395c6de5a54b9788d8b0,0,objects/111387885c4f17363761aa5a16f314d98049d6ed64c5395c6de5a54b9788d8b0
GP01/runs/formal/PGPgiantcompo/k4/AUTHOR/s102/command.json,prepared_20261001,GP01/runs/formal/PGPgiantcompo/k4/AUTHOR/s102/command.json,784,6b484b0e8fac00b09088c5c1d37f59a03e9751d4d39ef8d230685d9a22c8373f,1,objects/6b484b0e8fac00b09088c5c1d37f59a03e9751d4d39ef8d230685d9a22c8373f
GP01/runs/formal/PGPgiantcompo/k4/AUTHOR/s102/gp01_audit.csv,prepared_20261001,GP01/runs/formal/PGPgiantcompo/k4/AUTHOR/s102/gp01_audit.csv,376,90ab86d6aae1ccaafaab83b9d9b99cd6de2a375bef3d07689748517bddbbf51a,1,objects/90ab86d6aae1ccaafaab83b9d9b99cd6de2a375bef3d07689748517bddbbf51a
GP01/runs/formal/PGPgiantcompo/k4/AUTHOR/s102/input.graph,prepared_20261001,GP01/runs/formal/PGPgiantcompo/k4/AUTHOR/s102/input.graph,238724,f3e133583086ee4f5fab5efd6adca285a4a23084aab82570f470f0e1ff57ae7e,0,objects/f3e133583086ee4f5fab5efd6adca285a4a23084aab82570f470f0e1ff57ae7e
GP01/runs/formal/PGPgiantcompo/k4/AUTHOR/s102/input.graph.part4.epsilon0.03.seed102.KaHyPar,prepared_20261001,GP01/runs/formal/PGPgiantcompo/k4/AUTHOR/s102/input.graph.part4.epsilon0.03.seed102.KaHyPar,32040,018d9e11a357b058e1eaf59927dee9f9108dc2fec434f2d4f6cc143a7f089c19,0,objects/018d9e11a357b058e1eaf59927dee9f9108dc2fec434f2d4f6cc143a7f089c19
GP01/runs/formal/PGPgiantcompo/k4/AUTHOR/s102/stdout.log,prepared_20261001,GP01/runs/formal/PGPgiantcompo/k4/AUTHOR/s102/stdout.log,13738,ad006590a9f663501a73972c847f952d3292226d5b336715defefebb6976e992,0,objects/ad006590a9f663501a73972c847f952d3292226d5b336715defefebb6976e992
GP01/runs/formal/PGPgiantcompo/k4/AVG/s100/command.json,prepared_20261001,GP01/runs/formal/PGPgiantcompo/k4/AVG/s100/command.json,912,8331d0e4c4731fca29042d531b12d507a62852ec00f8dacd373e8f3670d3327d,1,objects/8331d0e4c4731fca29042d531b12d507a62852ec00f8dacd373e8f3670d3327d
GP01/runs/formal/PGPgiantcompo/k4/AVG/s100/gp01_audit.csv,prepared_20261001,GP01/runs/formal/PGPgiantcompo/k4/AVG/s100/gp01_audit.csv,352,5e99df809ee2330ba15b6915f44c6b28415ec210a21c181b69f365ebb0a8c578,1,objects/5e99df809ee2330ba15b6915f44c6b28415ec210a21c181b69f365ebb0a8c578
GP01/runs/formal/PGPgiantcompo/k4/AVG/s100/input.graph,prepared_20261001,GP01/runs/formal/PGPgiantcompo/k4/AVG/s100/input.graph,238724,f3e133583086ee4f5fab5efd6adca285a4a23084aab82570f470f0e1ff57ae7e,0,objects/f3e133583086ee4f5fab5efd6adca285a4a23084aab82570f470f0e1ff57ae7e
GP01/runs/formal/PGPgiantcompo/k4/AVG/s100/input.graph.part4.epsilon0.03.seed100.KaHyPar,prepared_20261001,GP01/runs/formal/PGPgiantcompo/k4/AVG/s100/input.graph.part4.epsilon0.03.seed100.KaHyPar,32040,b05a8c74bd65740fe8f925449c794cf58d7af8ad841fbfca51354bb097045f87,0,objects/b05a8c74bd65740fe8f925449c794cf58d7af8ad841fbfca51354bb097045f87
GP01/runs/formal/PGPgiantcompo/k4/AVG/s100/stdout.log,prepared_20261001,GP01/runs/formal/PGPgiantcompo/k4/AVG/s100/stdout.log,13742,256656c74bfb1177dad05253b5b7b27a1428ebdfed4272fe6b29e8c0e9c455d8,0,objects/256656c74bfb1177dad05253b5b7b27a1428ebdfed4272fe6b29e8c0e9c455d8
GP01/runs/formal/PGPgiantcompo/k4/AVG/s101/command.json,prepared_20261001,GP01/runs/formal/PGPgiantcompo/k4/AVG/s101/command.json,912,62b7df4d8d5b72bcd87ed204be8f5ff730a3e808bb634c5482c10d15d5fa85cb,1,objects/62b7df4d8d5b72bcd87ed204be8f5ff730a3e808bb634c5482c10d15d5fa85cb
GP01/runs/formal/PGPgiantcompo/k4/AVG/s101/gp01_audit.csv,prepared_20261001,GP01/runs/formal/PGPgiantcompo/k4/AVG/s101/gp01_audit.csv,402,6b56875f83f65ecd0ff0fa7dd8bdb6bc2744ed3901eff0d1fb3140453f728bf9,1,objects/6b56875f83f65ecd0ff0fa7dd8bdb6bc2744ed3901eff0d1fb3140453f728bf9
GP01/runs/formal/PGPgiantcompo/k4/AVG/s101/input.graph,prepared_20261001,GP01/runs/formal/PGPgiantcompo/k4/AVG/s101/input.graph,238724,f3e133583086ee4f5fab5efd6adca285a4a23084aab82570f470f0e1ff57ae7e,0,objects/f3e133583086ee4f5fab5efd6adca285a4a23084aab82570f470f0e1ff57ae7e
GP01/runs/formal/PGPgiantcompo/k4/AVG/s101/input.graph.part4.epsilon0.03.seed101.KaHyPar,prepared_20261001,GP01/runs/formal/PGPgiantcompo/k4/AVG/s101/input.graph.part4.epsilon0.03.seed101.KaHyPar,32040,3f8b2d525f7127e5b64351dfc0a2c589a44d929a6a274eacf036856e464fce37,0,objects/3f8b2d525f7127e5b64351dfc0a2c589a44d929a6a274eacf036856e464fce37
GP01/runs/formal/PGPgiantcompo/k4/AVG/s101/stdout.log,prepared_20261001,GP01/runs/formal/PGPgiantcompo/k4/AVG/s101/stdout.log,13743,82f52e1e9126c0fbff93dcb92d322768c7b1fec9f6461fd0e240ae31a0de4d42,0,objects/82f52e1e9126c0fbff93dcb92d322768c7b1fec9f6461fd0e240ae31a0de4d42
GP01/runs/formal/PGPgiantcompo/k4/AVG/s102/command.json,prepared_20261001,GP01/runs/formal/PGPgiantcompo/k4/AVG/s102/command.json,912,0a97e780bc5fce5645a8e7ef5daeea7302085a230bad0f2f38778d36e182e903,1,objects/0a97e780bc5fce5645a8e7ef5daeea7302085a230bad0f2f38778d36e182e903
GP01/runs/formal/PGPgiantcompo/k4/AVG/s102/gp01_audit.csv,prepared_20261001,GP01/runs/formal/PGPgiantcompo/k4/AVG/s102/gp01_audit.csv,377,bbefe339278c838a88e2cf0aac4747b6da170350dda65222104d7c7ae36b3388,1,objects/bbefe339278c838a88e2cf0aac4747b6da170350dda65222104d7c7ae36b3388
GP01/runs/formal/PGPgiantcompo/k4/AVG/s102/input.graph,prepared_20261001,GP01/runs/formal/PGPgiantcompo/k4/AVG/s102/input.graph,238724,f3e133583086ee4f5fab5efd6adca285a4a23084aab82570f470f0e1ff57ae7e,0,objects/f3e133583086ee4f5fab5efd6adca285a4a23084aab82570f470f0e1ff57ae7e
GP01/runs/formal/PGPgiantcompo/k4/AVG/s102/input.graph.part4.epsilon0.03.seed102.KaHyPar,prepared_20261001,GP01/runs/formal/PGPgiantcompo/k4/AVG/s102/input.graph.part4.epsilon0.03.seed102.KaHyPar,32040,3ff51ef62cb56ba5b70de8ea4852af0c1a534e17d7649e74fa68487482c7809d,0,objects/3ff51ef62cb56ba5b70de8ea4852af0c1a534e17d7649e74fa68487482c7809d
GP01/runs/formal/PGPgiantcompo/k4/AVG/s102/stdout.log,prepared_20261001,GP01/runs/formal/PGPgiantcompo/k4/AVG/s102/stdout.log,13741,62a71851a8f98b7c44687cc756420b960e70ca755ca7a87fa28c10d8c3ce39c4,0,objects/62a71851a8f98b7c44687cc756420b960e70ca755ca7a87fa28c10d8c3ce39c4
GP01/runs/formal/PGPgiantcompo/k4/BASE/s0/command.json,prepared_20261001,GP01/runs/formal/PGPgiantcompo/k4/BASE/s0/command.json,882,4ff1a3f6eb83acbf764f1d469acfa38dc4011c502c53a64a49b10461dd14e110,1,objects/4ff1a3f6eb83acbf764f1d469acfa38dc4011c502c53a64a49b10461dd14e110
GP01/runs/formal/PGPgiantcompo/k4/BASE/s0/gp01_audit.csv,prepared_20261001,GP01/runs/formal/PGPgiantcompo/k4/BASE/s0/gp01_audit.csv,365,6813cfa7502d32421d99128c16f4cdcf66cd061780723132831152ab27ef2467,1,objects/6813cfa7502d32421d99128c16f4cdcf66cd061780723132831152ab27ef2467
GP01/runs/formal/PGPgiantcompo/k4/BASE/s0/input.graph,prepared_20261001,GP01/runs/formal/PGPgiantcompo/k4/BASE/s0/input.graph,238724,f3e133583086ee4f5fab5efd6adca285a4a23084aab82570f470f0e1ff57ae7e,0,objects/f3e133583086ee4f5fab5efd6adca285a4a23084aab82570f470f0e1ff57ae7e
GP01/runs/formal/PGPgiantcompo/k4/BASE/s0/input.graph.part4.epsilon0.03.seed0.KaHyPar,prepared_20261001,GP01/runs/formal/PGPgiantcompo/k4/BASE/s0/input.graph.part4.epsilon0.03.seed0.KaHyPar,32040,6b9d3ddf5b5afe3e8ae6dc44c34dd2cd632daa8b6e1a38ce3375bed2e9496f85,0,objects/6b9d3ddf5b5afe3e8ae6dc44c34dd2cd632daa8b6e1a38ce3375bed2e9496f85
GP01/runs/formal/PGPgiantcompo/k4/BASE/s0/stdout.log,prepared_20261001,GP01/runs/formal/PGPgiantcompo/k4/BASE/s0/stdout.log,13738,e19e5fc7ac244e177d52d4e3a57302d2e7861cfcfcc7852e9c606ed28603ea98,0,objects/e19e5fc7ac244e177d52d4e3a57302d2e7861cfcfcc7852e9c606ed28603ea98
GP01/runs/formal/PGPgiantcompo/k4/BASE/s1/command.json,prepared_20261001,GP01/runs/formal/PGPgiantcompo/k4/BASE/s1/command.json,882,4d35151e71cc5f5da377ab43b985658bbff9c03cd9d727b28a0018442a7f8d64,1,objects/4d35151e71cc5f5da377ab43b985658bbff9c03cd9d727b28a0018442a7f8d64
GP01/runs/formal/PGPgiantcompo/k4/BASE/s1/gp01_audit.csv,prepared_20261001,GP01/runs/formal/PGPgiantcompo/k4/BASE/s1/gp01_audit.csv,340,8e2d62d01394c6c7f268056476f93820b0511a1576a8d185ed8c9d0332d9ac4b,1,objects/8e2d62d01394c6c7f268056476f93820b0511a1576a8d185ed8c9d0332d9ac4b
GP01/runs/formal/PGPgiantcompo/k4/BASE/s1/input.graph,prepared_20261001,GP01/runs/formal/PGPgiantcompo/k4/BASE/s1/input.graph,238724,f3e133583086ee4f5fab5efd6adca285a4a23084aab82570f470f0e1ff57ae7e,0,objects/f3e133583086ee4f5fab5efd6adca285a4a23084aab82570f470f0e1ff57ae7e
GP01/runs/formal/PGPgiantcompo/k4/BASE/s1/input.graph.part4.epsilon0.03.seed1.KaHyPar,prepared_20261001,GP01/runs/formal/PGPgiantcompo/k4/BASE/s1/input.graph.part4.epsilon0.03.seed1.KaHyPar,32040,e315d838d820790bab22cec0f11e259675f06008495b39cba3777b28fc6e1fc1,0,objects/e315d838d820790bab22cec0f11e259675f06008495b39cba3777b28fc6e1fc1
GP01/runs/formal/PGPgiantcompo/k4/BASE/s1/stdout.log,prepared_20261001,GP01/runs/formal/PGPgiantcompo/k4/BASE/s1/stdout.log,13739,4df1210ed5c7558ca231f04e0ad65c06057d7076c6c04752f3c306e9383df9a5,0,objects/4df1210ed5c7558ca231f04e0ad65c06057d7076c6c04752f3c306e9383df9a5
GP01/runs/formal/PGPgiantcompo/k4/BASE/s100/command.json,prepared_20261001,GP01/runs/formal/PGPgiantcompo/k4/BASE/s100/command.json,886,740a4a958e0e2f4fd1924d853dac0bc2be0b7df4badfc80bea33b327f436980b,1,objects/740a4a958e0e2f4fd1924d853dac0bc2be0b7df4badfc80bea33b327f436980b
GP01/runs/formal/PGPgiantcompo/k4/BASE/s100/gp01_audit.csv,prepared_20261001,GP01/runs/formal/PGPgiantcompo/k4/BASE/s100/gp01_audit.csv,365,8d2507fc47210d9ee6ad7ec2ad1439dd2146fd5e99b55326c9a6f0aee0813903,1,objects/8d2507fc47210d9ee6ad7ec2ad1439dd2146fd5e99b55326c9a6f0aee0813903
GP01/runs/formal/PGPgiantcompo/k4/BASE/s100/input.graph,prepared_20261001,GP01/runs/formal/PGPgiantcompo/k4/BASE/s100/input.graph,238724,f3e133583086ee4f5fab5efd6adca285a4a23084aab82570f470f0e1ff57ae7e,0,objects/f3e133583086ee4f5fab5efd6adca285a4a23084aab82570f470f0e1ff57ae7e
GP01/runs/formal/PGPgiantcompo/k4/BASE/s100/input.graph.part4.epsilon0.03.seed100.KaHyPar,prepared_20261001,GP01/runs/formal/PGPgiantcompo/k4/BASE/s100/input.graph.part4.epsilon0.03.seed100.KaHyPar,32040,c4249126c6c05f60cfe7f3b7b9d3683553031385a174f76a54bc8ccb9a00188f,0,objects/c4249126c6c05f60cfe7f3b7b9d3683553031385a174f76a54bc8ccb9a00188f
GP01/runs/formal/PGPgiantcompo/k4/BASE/s100/stdout.log,prepared_20261001,GP01/runs/formal/PGPgiantcompo/k4/BASE/s100/stdout.log,13744,03cc2495411fa65dab22093e69bf919d4fb2cbbdf6b10a0d38ef74cb021d04d8,0,objects/03cc2495411fa65dab22093e69bf919d4fb2cbbdf6b10a0d38ef74cb021d04d8
GP01/runs/formal/PGPgiantcompo/k4/BASE/s101/command.json,prepared_20261001,GP01/runs/formal/PGPgiantcompo/k4/BASE/s101/command.json,886,b15eb4b0948ffea08271f04b78915741e33a5d5fdcdfec2010cf639d0281a890,1,objects/b15eb4b0948ffea08271f04b78915741e33a5d5fdcdfec2010cf639d0281a890
GP01/runs/formal/PGPgiantcompo/k4/BASE/s101/gp01_audit.csv,prepared_20261001,GP01/runs/formal/PGPgiantcompo/k4/BASE/s101/gp01_audit.csv,340,baee88ea9047e0c7307849f403108ca9d91c7623ff44bdc52b5e9425b6611146,1,objects/baee88ea9047e0c7307849f403108ca9d91c7623ff44bdc52b5e9425b6611146
GP01/runs/formal/PGPgiantcompo/k4/BASE/s101/input.graph,prepared_20261001,GP01/runs/formal/PGPgiantcompo/k4/BASE/s101/input.graph,238724,f3e133583086ee4f5fab5efd6adca285a4a23084aab82570f470f0e1ff57ae7e,0,objects/f3e133583086ee4f5fab5efd6adca285a4a23084aab82570f470f0e1ff57ae7e
GP01/runs/formal/PGPgiantcompo/k4/BASE/s101/input.graph.part4.epsilon0.03.seed101.KaHyPar,prepared_20261001,GP01/runs/formal/PGPgiantcompo/k4/BASE/s101/input.graph.part4.epsilon0.03.seed101.KaHyPar,32040,a0b49d2d546a2cd2dee4f5bc028d227a69a0403416dafcc35bbf98b50ed15721,0,objects/a0b49d2d546a2cd2dee4f5bc028d227a69a0403416dafcc35bbf98b50ed15721
GP01/runs/formal/PGPgiantcompo/k4/BASE/s101/stdout.log,prepared_20261001,GP01/runs/formal/PGPgiantcompo/k4/BASE/s101/stdout.log,13743,0b5b90d09ff6dbc3f543761ae03d16e2186e13a25e773cea9ddbc7cf14c64324,0,objects/0b5b90d09ff6dbc3f543761ae03d16e2186e13a25e773cea9ddbc7cf14c64324
GP01/runs/formal/PGPgiantcompo/k4/BASE/s102/command.json,prepared_20261001,GP01/runs/formal/PGPgiantcompo/k4/BASE/s102/command.json,886,1e2655bd01447570ec82192406d6eae27bd1dce1c74eefbf524e24774318d3c1,1,objects/1e2655bd01447570ec82192406d6eae27bd1dce1c74eefbf524e24774318d3c1
GP01/runs/formal/PGPgiantcompo/k4/BASE/s102/gp01_audit.csv,prepared_20261001,GP01/runs/formal/PGPgiantcompo/k4/BASE/s102/gp01_audit.csv,340,47c54d5be589256db2cd8d4d7e3b5f8689c33f57c9e3563ab794ecb7e9ad2f7e,1,objects/47c54d5be589256db2cd8d4d7e3b5f8689c33f57c9e3563ab794ecb7e9ad2f7e
GP01/runs/formal/PGPgiantcompo/k4/BASE/s102/input.graph,prepared_20261001,GP01/runs/formal/PGPgiantcompo/k4/BASE/s102/input.graph,238724,f3e133583086ee4f5fab5efd6adca285a4a23084aab82570f470f0e1ff57ae7e,0,objects/f3e133583086ee4f5fab5efd6adca285a4a23084aab82570f470f0e1ff57ae7e
GP01/runs/formal/PGPgiantcompo/k4/BASE/s102/input.graph.part4.epsilon0.03.seed102.KaHyPar,prepared_20261001,GP01/runs/formal/PGPgiantcompo/k4/BASE/s102/input.graph.part4.epsilon0.03.seed102.KaHyPar,32040,b52791a824c7ea8308c236f1487132aa1de2e53400825c5d693d9b23981531f3,0,objects/b52791a824c7ea8308c236f1487132aa1de2e53400825c5d693d9b23981531f3
GP01/runs/formal/PGPgiantcompo/k4/BASE/s102/stdout.log,prepared_20261001,GP01/runs/formal/PGPgiantcompo/k4/BASE/s102/stdout.log,13742,5a79d442be7cb3e9cb86e0d7bd33aa660cde79a26ca2142c193d173eeea9be0f,0,objects/5a79d442be7cb3e9cb86e0d7bd33aa660cde79a26ca2142c193d173eeea9be0f
GP01/runs/formal/PGPgiantcompo/k4/BASE/s2/command.json,prepared_20261001,GP01/runs/formal/PGPgiantcompo/k4/BASE/s2/command.json,882,99220ebc7bded4a47333a3a28ba98708b305361d37d1054694699bb920328599,1,objects/99220ebc7bded4a47333a3a28ba98708b305361d37d1054694699bb920328599
GP01/runs/formal/PGPgiantcompo/k4/BASE/s2/gp01_audit.csv,prepared_20261001,GP01/runs/formal/PGPgiantcompo/k4/BASE/s2/gp01_audit.csv,315,170e0e4da5114059c570b1a657e0d6d00a4b790f5510ba12c0ebf4a0cc5cb988,1,objects/170e0e4da5114059c570b1a657e0d6d00a4b790f5510ba12c0ebf4a0cc5cb988
GP01/runs/formal/PGPgiantcompo/k4/BASE/s2/input.graph,prepared_20261001,GP01/runs/formal/PGPgiantcompo/k4/BASE/s2/input.graph,238724,f3e133583086ee4f5fab5efd6adca285a4a23084aab82570f470f0e1ff57ae7e,0,objects/f3e133583086ee4f5fab5efd6adca285a4a23084aab82570f470f0e1ff57ae7e
GP01/runs/formal/PGPgiantcompo/k4/BASE/s2/input.graph.part4.epsilon0.03.seed2.KaHyPar,prepared_20261001,GP01/runs/formal/PGPgiantcompo/k4/BASE/s2/input.graph.part4.epsilon0.03.seed2.KaHyPar,32040,4b0995296b7122f1d65dea4f70efc2bc416d67d88e2b6f707c309732efc0ac1a,0,objects/4b0995296b7122f1d65dea4f70efc2bc416d67d88e2b6f707c309732efc0ac1a
GP01/runs/formal/PGPgiantcompo/k4/BASE/s2/stdout.log,prepared_20261001,GP01/runs/formal/PGPgiantcompo/k4/BASE/s2/stdout.log,13739,43faf20774fb84493c485b405a97e4d9450a34ce86018714ec1a1294fe54740c,0,objects/43faf20774fb84493c485b405a97e4d9450a34ce86018714ec1a1294fe54740c
GP01/runs/formal/PGPgiantcompo/k4/BASE/s3/command.json,prepared_20261001,GP01/runs/formal/PGPgiantcompo/k4/BASE/s3/command.json,882,885f1a7657c3d6c43e9b1aa92e4444a3b50fc6480988f5b8b0d28bffb1b65d96,1,objects/885f1a7657c3d6c43e9b1aa92e4444a3b50fc6480988f5b8b0d28bffb1b65d96
GP01/runs/formal/PGPgiantcompo/k4/BASE/s3/gp01_audit.csv,prepared_20261001,GP01/runs/formal/PGPgiantcompo/k4/BASE/s3/gp01_audit.csv,340,55486e5ae4531ec9219e6f9a48c63017577fc786f14c28abe8bb3da4b78b1b48,1,objects/55486e5ae4531ec9219e6f9a48c63017577fc786f14c28abe8bb3da4b78b1b48
GP01/runs/formal/PGPgiantcompo/k4/BASE/s3/input.graph,prepared_20261001,GP01/runs/formal/PGPgiantcompo/k4/BASE/s3/input.graph,238724,f3e133583086ee4f5fab5efd6adca285a4a23084aab82570f470f0e1ff57ae7e,0,objects/f3e133583086ee4f5fab5efd6adca285a4a23084aab82570f470f0e1ff57ae7e
GP01/runs/formal/PGPgiantcompo/k4/BASE/s3/input.graph.part4.epsilon0.03.seed3.KaHyPar,prepared_20261001,GP01/runs/formal/PGPgiantcompo/k4/BASE/s3/input.graph.part4.epsilon0.03.seed3.KaHyPar,32040,f13451e365698421b55edfc3eacb492d3ff882829963dbbf4e0e35d1f44d9bf4,0,objects/f13451e365698421b55edfc3eacb492d3ff882829963dbbf4e0e35d1f44d9bf4
GP01/runs/formal/PGPgiantcompo/k4/BASE/s3/stdout.log,prepared_20261001,GP01/runs/formal/PGPgiantcompo/k4/BASE/s3/stdout.log,13735,0163ba0d97c4e3da2ec4a66921c18064c727f58dc8238a40679e7ab4ceee1700,0,objects/0163ba0d97c4e3da2ec4a66921c18064c727f58dc8238a40679e7ab4ceee1700
GP01/runs/formal/PGPgiantcompo/k4/BASE/s4/command.json,prepared_20261001,GP01/runs/formal/PGPgiantcompo/k4/BASE/s4/command.json,882,46eec9b1a230c941ecf9b118d13715c8afbdfcd6150612a8a917d40527e3a8e5,1,objects/46eec9b1a230c941ecf9b118d13715c8afbdfcd6150612a8a917d40527e3a8e5
GP01/runs/formal/PGPgiantcompo/k4/BASE/s4/gp01_audit.csv,prepared_20261001,GP01/runs/formal/PGPgiantcompo/k4/BASE/s4/gp01_audit.csv,340,f43c023d09f9fc2cc503a5c3a8c961433d0f0db8ffb0e1314dcc5275a31e9088,1,objects/f43c023d09f9fc2cc503a5c3a8c961433d0f0db8ffb0e1314dcc5275a31e9088
GP01/runs/formal/PGPgiantcompo/k4/BASE/s4/input.graph,prepared_20261001,GP01/runs/formal/PGPgiantcompo/k4/BASE/s4/input.graph,238724,f3e133583086ee4f5fab5efd6adca285a4a23084aab82570f470f0e1ff57ae7e,0,objects/f3e133583086ee4f5fab5efd6adca285a4a23084aab82570f470f0e1ff57ae7e
GP01/runs/formal/PGPgiantcompo/k4/BASE/s4/input.graph.part4.epsilon0.03.seed4.KaHyPar,prepared_20261001,GP01/runs/formal/PGPgiantcompo/k4/BASE/s4/input.graph.part4.epsilon0.03.seed4.KaHyPar,32040,c95575103bd0d93b49d37f6c1e1f4d1f722836530af9ea4264231e6418b10b41,0,objects/c95575103bd0d93b49d37f6c1e1f4d1f722836530af9ea4264231e6418b10b41
GP01/runs/formal/PGPgiantcompo/k4/BASE/s4/stdout.log,prepared_20261001,GP01/runs/formal/PGPgiantcompo/k4/BASE/s4/stdout.log,13741,a52940d024f73a303b8e19ce8a85b68467a6871b39cbdde6a6e3d4e374aca9fd,0,objects/a52940d024f73a303b8e19ce8a85b68467a6871b39cbdde6a6e3d4e374aca9fd
GP01/runs/formal/PGPgiantcompo/k4/BASE/s5/command.json,prepared_20261001,GP01/runs/formal/PGPgiantcompo/k4/BASE/s5/command.json,882,ca776a3577fa213e65a5af90598d65ee2af44bac39de4648c15af1582f954f08,1,objects/ca776a3577fa213e65a5af90598d65ee2af44bac39de4648c15af1582f954f08
GP01/runs/formal/PGPgiantcompo/k4/BASE/s5/gp01_audit.csv,prepared_20261001,GP01/runs/formal/PGPgiantcompo/k4/BASE/s5/gp01_audit.csv,340,b7e55dec0861cc74bb4c1ccc408befe85ffbd9c3ed7ea84227c70c790156cabe,1,objects/b7e55dec0861cc74bb4c1ccc408befe85ffbd9c3ed7ea84227c70c790156cabe
GP01/runs/formal/PGPgiantcompo/k4/BASE/s5/input.graph,prepared_20261001,GP01/runs/formal/PGPgiantcompo/k4/BASE/s5/input.graph,238724,f3e133583086ee4f5fab5efd6adca285a4a23084aab82570f470f0e1ff57ae7e,0,objects/f3e133583086ee4f5fab5efd6adca285a4a23084aab82570f470f0e1ff57ae7e
GP01/runs/formal/PGPgiantcompo/k4/BASE/s5/input.graph.part4.epsilon0.03.seed5.KaHyPar,prepared_20261001,GP01/runs/formal/PGPgiantcompo/k4/BASE/s5/input.graph.part4.epsilon0.03.seed5.KaHyPar,32040,67e77b8397fe4b9ec761ff6a6f3acd3a77cd45031ad99d26dd381e4d4df409ee,0,objects/67e77b8397fe4b9ec761ff6a6f3acd3a77cd45031ad99d26dd381e4d4df409ee
GP01/runs/formal/PGPgiantcompo/k4/BASE/s5/stdout.log,prepared_20261001,GP01/runs/formal/PGPgiantcompo/k4/BASE/s5/stdout.log,13738,172c5915d16420e4694b1f79bf7dba984e38868730b28929ffd17e76267142f0,0,objects/172c5915d16420e4694b1f79bf7dba984e38868730b28929ffd17e76267142f0
GP01/runs/formal/PGPgiantcompo/k4/BASE/s6/command.json,prepared_20261001,GP01/runs/formal/PGPgiantcompo/k4/BASE/s6/command.json,882,eecbc12f5e55fb908390b0ea45cd5501284d3d17c14decfae66df6eae8e27247,1,objects/eecbc12f5e55fb908390b0ea45cd5501284d3d17c14decfae66df6eae8e27247
GP01/runs/formal/PGPgiantcompo/k4/BASE/s6/gp01_audit.csv,prepared_20261001,GP01/runs/formal/PGPgiantcompo/k4/BASE/s6/gp01_audit.csv,340,bcd70120c571981fe109841bd3f220f689985bc5102291241bff1f26b800716f,1,objects/bcd70120c571981fe109841bd3f220f689985bc5102291241bff1f26b800716f
GP01/runs/formal/PGPgiantcompo/k4/BASE/s6/input.graph,prepared_20261001,GP01/runs/formal/PGPgiantcompo/k4/BASE/s6/input.graph,238724,f3e133583086ee4f5fab5efd6adca285a4a23084aab82570f470f0e1ff57ae7e,0,objects/f3e133583086ee4f5fab5efd6adca285a4a23084aab82570f470f0e1ff57ae7e
GP01/runs/formal/PGPgiantcompo/k4/BASE/s6/input.graph.part4.epsilon0.03.seed6.KaHyPar,prepared_20261001,GP01/runs/formal/PGPgiantcompo/k4/BASE/s6/input.graph.part4.epsilon0.03.seed6.KaHyPar,32040,33c18cf9ea370fe508c72161778ae6020ae88cf9fbb65db98a3874f3e1cf0975,0,objects/33c18cf9ea370fe508c72161778ae6020ae88cf9fbb65db98a3874f3e1cf0975
GP01/runs/formal/PGPgiantcompo/k4/BASE/s6/stdout.log,prepared_20261001,GP01/runs/formal/PGPgiantcompo/k4/BASE/s6/stdout.log,13740,f1c9aa00e32c31ea25435d8a65c02e59968fffd249cab1c34a5fb79128368b1d,0,objects/f1c9aa00e32c31ea25435d8a65c02e59968fffd249cab1c34a5fb79128368b1d
GP01/runs/formal/PGPgiantcompo/k4/BASE/s7/command.json,prepared_20261001,GP01/runs/formal/PGPgiantcompo/k4/BASE/s7/command.json,882,66152a5181672dc3efc541247131504f5446d87c4094b175b33402b9575ac697,1,objects/66152a5181672dc3efc541247131504f5446d87c4094b175b33402b9575ac697
GP01/runs/formal/PGPgiantcompo/k4/BASE/s7/gp01_audit.csv,prepared_20261001,GP01/runs/formal/PGPgiantcompo/k4/BASE/s7/gp01_audit.csv,340,0d8b20197dc9c9a5cd0b7916de18faf25e50a6d67a08118030c50af03fc7144c,1,objects/0d8b20197dc9c9a5cd0b7916de18faf25e50a6d67a08118030c50af03fc7144c
GP01/runs/formal/PGPgiantcompo/k4/BASE/s7/input.graph,prepared_20261001,GP01/runs/formal/PGPgiantcompo/k4/BASE/s7/input.graph,238724,f3e133583086ee4f5fab5efd6adca285a4a23084aab82570f470f0e1ff57ae7e,0,objects/f3e133583086ee4f5fab5efd6adca285a4a23084aab82570f470f0e1ff57ae7e
GP01/runs/formal/PGPgiantcompo/k4/BASE/s7/input.graph.part4.epsilon0.03.seed7.KaHyPar,prepared_20261001,GP01/runs/formal/PGPgiantcompo/k4/BASE/s7/input.graph.part4.epsilon0.03.seed7.KaHyPar,32040,b47988f00bf5ce50705d916793f70778d09d40d4847e83557a9824a11bd1bfaf,0,objects/b47988f00bf5ce50705d916793f70778d09d40d4847e83557a9824a11bd1bfaf
GP01/runs/formal/PGPgiantcompo/k4/BASE/s7/stdout.log,prepared_20261001,GP01/runs/formal/PGPgiantcompo/k4/BASE/s7/stdout.log,13733,6a7fbc0d073ed4c8840e49328aa61689ecb105c467df8016ab98f239df8e69e9,0,objects/6a7fbc0d073ed4c8840e49328aa61689ecb105c467df8016ab98f239df8e69e9
GP01/runs/formal/PGPgiantcompo/k4/BASE/s8/command.json,prepared_20261001,GP01/runs/formal/PGPgiantcompo/k4/BASE/s8/command.json,882,3c7cfb9183e60cdbb4a684f46fb0fd853a56baf406e1ab7317c5e955a6b1a229,1,objects/3c7cfb9183e60cdbb4a684f46fb0fd853a56baf406e1ab7317c5e955a6b1a229
GP01/runs/formal/PGPgiantcompo/k4/BASE/s8/gp01_audit.csv,prepared_20261001,GP01/runs/formal/PGPgiantcompo/k4/BASE/s8/gp01_audit.csv,340,13f2e16bddf81079cc4ff77db84c3e59fb849ef5cc3774ac087fb92de054b68a,1,objects/13f2e16bddf81079cc4ff77db84c3e59fb849ef5cc3774ac087fb92de054b68a
GP01/runs/formal/PGPgiantcompo/k4/BASE/s8/input.graph,prepared_20261001,GP01/runs/formal/PGPgiantcompo/k4/BASE/s8/input.graph,238724,f3e133583086ee4f5fab5efd6adca285a4a23084aab82570f470f0e1ff57ae7e,0,objects/f3e133583086ee4f5fab5efd6adca285a4a23084aab82570f470f0e1ff57ae7e
GP01/runs/formal/PGPgiantcompo/k4/BASE/s8/input.graph.part4.epsilon0.03.seed8.KaHyPar,prepared_20261001,GP01/runs/formal/PGPgiantcompo/k4/BASE/s8/input.graph.part4.epsilon0.03.seed8.KaHyPar,32040,d0c84f1ba4d3d9c178446dd235f712d7c879ab6144a290216dc35525794ab0c2,0,objects/d0c84f1ba4d3d9c178446dd235f712d7c879ab6144a290216dc35525794ab0c2
GP01/runs/formal/PGPgiantcompo/k4/BASE/s8/stdout.log,prepared_20261001,GP01/runs/formal/PGPgiantcompo/k4/BASE/s8/stdout.log,13740,b3755b49d9e131c0c7adf6c9499d55810d0bb768a3888f936d47b0a981aa68db,0,objects/b3755b49d9e131c0c7adf6c9499d55810d0bb768a3888f936d47b0a981aa68db
GP01/runs/formal/PGPgiantcompo/k4/BASE/s9/command.json,prepared_20261001,GP01/runs/formal/PGPgiantcompo/k4/BASE/s9/command.json,882,122e1da4864a9001efd2fef12411d385cc5c06583970368c188df6d21f8683c4,1,objects/122e1da4864a9001efd2fef12411d385cc5c06583970368c188df6d21f8683c4
GP01/runs/formal/PGPgiantcompo/k4/BASE/s9/gp01_audit.csv,prepared_20261001,GP01/runs/formal/PGPgiantcompo/k4/BASE/s9/gp01_audit.csv,365,27f65e072a8da0f31f0e6749808927520556a3912ee73c5fc7ef11e5660c398c,1,objects/27f65e072a8da0f31f0e6749808927520556a3912ee73c5fc7ef11e5660c398c
GP01/runs/formal/PGPgiantcompo/k4/BASE/s9/input.graph,prepared_20261001,GP01/runs/formal/PGPgiantcompo/k4/BASE/s9/input.graph,238724,f3e133583086ee4f5fab5efd6adca285a4a23084aab82570f470f0e1ff57ae7e,0,objects/f3e133583086ee4f5fab5efd6adca285a4a23084aab82570f470f0e1ff57ae7e
GP01/runs/formal/PGPgiantcompo/k4/BASE/s9/input.graph.part4.epsilon0.03.seed9.KaHyPar,prepared_20261001,GP01/runs/formal/PGPgiantcompo/k4/BASE/s9/input.graph.part4.epsilon0.03.seed9.KaHyPar,32040,8905912011c325bec98855b1fc5e1014c2a112459a38e10ff2e6065aefbe8e3b,0,objects/8905912011c325bec98855b1fc5e1014c2a112459a38e10ff2e6065aefbe8e3b
GP01/runs/formal/PGPgiantcompo/k4/BASE/s9/stdout.log,prepared_20261001,GP01/runs/formal/PGPgiantcompo/k4/BASE/s9/stdout.log,13740,984de128e1e5048065bf872d180088f9d229df63f501d85a5b12a7fa5a15d997,0,objects/984de128e1e5048065bf872d180088f9d229df63f501d85a5b12a7fa5a15d997
GP01/runs/formal/PGPgiantcompo/k4/CAL-EXACT/s100/command.json,prepared_20261001,GP01/runs/formal/PGPgiantcompo/k4/CAL-EXACT/s100/command.json,924,655747c981a3b989700b667885f2e81dd14de9b26dae53be82f4504393667e35,1,objects/655747c981a3b989700b667885f2e81dd14de9b26dae53be82f4504393667e35
GP01/runs/formal/PGPgiantcompo/k4/CAL-EXACT/s100/gp01_audit.csv,prepared_20261001,GP01/runs/formal/PGPgiantcompo/k4/CAL-EXACT/s100/gp01_audit.csv,402,e633cf6e9ed50dab88ef4ea44a2b8a3eaae8aca1be1180994dcaacca3953ec67,1,objects/e633cf6e9ed50dab88ef4ea44a2b8a3eaae8aca1be1180994dcaacca3953ec67
GP01/runs/formal/PGPgiantcompo/k4/CAL-EXACT/s100/input.graph,prepared_20261001,GP01/runs/formal/PGPgiantcompo/k4/CAL-EXACT/s100/input.graph,238724,f3e133583086ee4f5fab5efd6adca285a4a23084aab82570f470f0e1ff57ae7e,0,objects/f3e133583086ee4f5fab5efd6adca285a4a23084aab82570f470f0e1ff57ae7e
GP01/runs/formal/PGPgiantcompo/k4/CAL-EXACT/s100/input.graph.part4.epsilon0.03.seed100.KaHyPar,prepared_20261001,GP01/runs/formal/PGPgiantcompo/k4/CAL-EXACT/s100/input.graph.part4.epsilon0.03.seed100.KaHyPar,32040,399b9cd86a6459568d124afb3ba121a7eb6e2d9bb2057cc8d5a4cdecd937d5ea,0,objects/399b9cd86a6459568d124afb3ba121a7eb6e2d9bb2057cc8d5a4cdecd937d5ea
GP01/runs/formal/PGPgiantcompo/k4/CAL-EXACT/s100/stdout.log,prepared_20261001,GP01/runs/formal/PGPgiantcompo/k4/CAL-EXACT/s100/stdout.log,13744,ebb4709aa3e6fc9f07e7f1d2ed26dec82652a4a22e99f772a0cddb433a2c61b2,0,objects/ebb4709aa3e6fc9f07e7f1d2ed26dec82652a4a22e99f772a0cddb433a2c61b2
GP01/runs/formal/PGPgiantcompo/k4/CAL-EXACT/s101/command.json,prepared_20261001,GP01/runs/formal/PGPgiantcompo/k4/CAL-EXACT/s101/command.json,924,c977eab6e69e3494b55c1f27db600d2a1637728ff519d19e4097eb827bedf0eb,1,objects/c977eab6e69e3494b55c1f27db600d2a1637728ff519d19e4097eb827bedf0eb
GP01/runs/formal/PGPgiantcompo/k4/CAL-EXACT/s101/gp01_audit.csv,prepared_20261001,GP01/runs/formal/PGPgiantcompo/k4/CAL-EXACT/s101/gp01_audit.csv,402,23cd036b3efee3aa918fcf2595d2130506f4384d3f32b73bfd7287726492f4e4,1,objects/23cd036b3efee3aa918fcf2595d2130506f4384d3f32b73bfd7287726492f4e4
GP01/runs/formal/PGPgiantcompo/k4/CAL-EXACT/s101/input.graph,prepared_20261001,GP01/runs/formal/PGPgiantcompo/k4/CAL-EXACT/s101/input.graph,238724,f3e133583086ee4f5fab5efd6adca285a4a23084aab82570f470f0e1ff57ae7e,0,objects/f3e133583086ee4f5fab5efd6adca285a4a23084aab82570f470f0e1ff57ae7e
GP01/runs/formal/PGPgiantcompo/k4/CAL-EXACT/s101/input.graph.part4.epsilon0.03.seed101.KaHyPar,prepared_20261001,GP01/runs/formal/PGPgiantcompo/k4/CAL-EXACT/s101/input.graph.part4.epsilon0.03.seed101.KaHyPar,32040,a958b84e9775abd55db87b499f35536f841b9f7b31f0f1242346670349166bbb,0,objects/a958b84e9775abd55db87b499f35536f841b9f7b31f0f1242346670349166bbb
GP01/runs/formal/PGPgiantcompo/k4/CAL-EXACT/s101/stdout.log,prepared_20261001,GP01/runs/formal/PGPgiantcompo/k4/CAL-EXACT/s101/stdout.log,13748,a7b4a06620e72269cac75189cc2aed2d0f32cab28efb14fb18ea686b000bac64,0,objects/a7b4a06620e72269cac75189cc2aed2d0f32cab28efb14fb18ea686b000bac64
GP01/runs/formal/PGPgiantcompo/k4/CAL-EXACT/s102/command.json,prepared_20261001,GP01/runs/formal/PGPgiantcompo/k4/CAL-EXACT/s102/command.json,924,728956da8775e01b96381c00318a7f78e7dba596fc884f9b646f80a56ae32d35,1,objects/728956da8775e01b96381c00318a7f78e7dba596fc884f9b646f80a56ae32d35
GP01/runs/formal/PGPgiantcompo/k4/CAL-EXACT/s102/gp01_audit.csv,prepared_20261001,GP01/runs/formal/PGPgiantcompo/k4/CAL-EXACT/s102/gp01_audit.csv,402,62cdeca3c6998b085b8f307a9468a3874062ea2ca7862fee0b47182ebad0a708,1,objects/62cdeca3c6998b085b8f307a9468a3874062ea2ca7862fee0b47182ebad0a708
GP01/runs/formal/PGPgiantcompo/k4/CAL-EXACT/s102/input.graph,prepared_20261001,GP01/runs/formal/PGPgiantcompo/k4/CAL-EXACT/s102/input.graph,238724,f3e133583086ee4f5fab5efd6adca285a4a23084aab82570f470f0e1ff57ae7e,0,objects/f3e133583086ee4f5fab5efd6adca285a4a23084aab82570f470f0e1ff57ae7e
GP01/runs/formal/PGPgiantcompo/k4/CAL-EXACT/s102/input.graph.part4.epsilon0.03.seed102.KaHyPar,prepared_20261001,GP01/runs/formal/PGPgiantcompo/k4/CAL-EXACT/s102/input.graph.part4.epsilon0.03.seed102.KaHyPar,32040,b17d4f7d71b4d786e9e4425e7f5dda06c4aadae15f70f84bdb946b8f2517f5f6,0,objects/b17d4f7d71b4d786e9e4425e7f5dda06c4aadae15f70f84bdb946b8f2517f5f6
GP01/runs/formal/PGPgiantcompo/k4/CAL-EXACT/s102/stdout.log,prepared_20261001,GP01/runs/formal/PGPgiantcompo/k4/CAL-EXACT/s102/stdout.log,13744,d8fab8522c96eae998ce8e8796b415d54b0d7314366a2819d9c76ed19ed57efa,0,objects/d8fab8522c96eae998ce8e8796b415d54b0d7314366a2819d9c76ed19ed57efa
GP01/runs/formal/PGPgiantcompo/k4/CAL-TIE/s100/command.json,prepared_20261001,GP01/runs/formal/PGPgiantcompo/k4/CAL-TIE/s100/command.json,920,7896b383ab7688522611784484dbf911f190b822a0249cb5d63e96302c76a7e7,1,objects/7896b383ab7688522611784484dbf911f190b822a0249cb5d63e96302c76a7e7
GP01/runs/formal/PGPgiantcompo/k4/CAL-TIE/s100/gp01_audit.csv,prepared_20261001,GP01/runs/formal/PGPgiantcompo/k4/CAL-TIE/s100/gp01_audit.csv,377,a027d080baf3c342056aae5999c8cd070aa1ffaad839283c2bcf870ccef5ea86,1,objects/a027d080baf3c342056aae5999c8cd070aa1ffaad839283c2bcf870ccef5ea86
GP01/runs/formal/PGPgiantcompo/k4/CAL-TIE/s100/input.graph,prepared_20261001,GP01/runs/formal/PGPgiantcompo/k4/CAL-TIE/s100/input.graph,238724,f3e133583086ee4f5fab5efd6adca285a4a23084aab82570f470f0e1ff57ae7e,0,objects/f3e133583086ee4f5fab5efd6adca285a4a23084aab82570f470f0e1ff57ae7e
GP01/runs/formal/PGPgiantcompo/k4/CAL-TIE/s100/input.graph.part4.epsilon0.03.seed100.KaHyPar,prepared_20261001,GP01/runs/formal/PGPgiantcompo/k4/CAL-TIE/s100/input.graph.part4.epsilon0.03.seed100.KaHyPar,32040,7c4001badf0b4cc67d3e264a4a77484985f6b188bf09830574b6b474a2d85cd3,0,objects/7c4001badf0b4cc67d3e264a4a77484985f6b188bf09830574b6b474a2d85cd3
GP01/runs/formal/PGPgiantcompo/k4/CAL-TIE/s100/stdout.log,prepared_20261001,GP01/runs/formal/PGPgiantcompo/k4/CAL-TIE/s100/stdout.log,13740,2f35990ec628539637053cf838fed7e270e3a163abee05d42678c246b153b211,0,objects/2f35990ec628539637053cf838fed7e270e3a163abee05d42678c246b153b211
GP01/runs/formal/PGPgiantcompo/k4/CAL-TIE/s101/command.json,prepared_20261001,GP01/runs/formal/PGPgiantcompo/k4/CAL-TIE/s101/command.json,920,ef99b689f50044ed247248b145f0f37aecbf30c26d4036bb2d7e4496ba2933d5,1,objects/ef99b689f50044ed247248b145f0f37aecbf30c26d4036bb2d7e4496ba2933d5
GP01/runs/formal/PGPgiantcompo/k4/CAL-TIE/s101/gp01_audit.csv,prepared_20261001,GP01/runs/formal/PGPgiantcompo/k4/CAL-TIE/s101/gp01_audit.csv,377,1e7ca957c08dc53d728ec7c2192e27feee9715fa54e95c09a9f0cd2c26eb5881,1,objects/1e7ca957c08dc53d728ec7c2192e27feee9715fa54e95c09a9f0cd2c26eb5881
GP01/runs/formal/PGPgiantcompo/k4/CAL-TIE/s101/input.graph,prepared_20261001,GP01/runs/formal/PGPgiantcompo/k4/CAL-TIE/s101/input.graph,238724,f3e133583086ee4f5fab5efd6adca285a4a23084aab82570f470f0e1ff57ae7e,0,objects/f3e133583086ee4f5fab5efd6adca285a4a23084aab82570f470f0e1ff57ae7e
GP01/runs/formal/PGPgiantcompo/k4/CAL-TIE/s101/input.graph.part4.epsilon0.03.seed101.KaHyPar,prepared_20261001,GP01/runs/formal/PGPgiantcompo/k4/CAL-TIE/s101/input.graph.part4.epsilon0.03.seed101.KaHyPar,32040,ff0d6197ba1b82fbc628bf400336379ba90de02d8a5baea04f2d90b67e362120,0,objects/ff0d6197ba1b82fbc628bf400336379ba90de02d8a5baea04f2d90b67e362120
GP01/runs/formal/PGPgiantcompo/k4/CAL-TIE/s101/stdout.log,prepared_20261001,GP01/runs/formal/PGPgiantcompo/k4/CAL-TIE/s101/stdout.log,13741,78ff4bb683197db9f88b94ab4335bb073224e7ebaf7d0efa9515e7211a28f0b7,0,objects/78ff4bb683197db9f88b94ab4335bb073224e7ebaf7d0efa9515e7211a28f0b7
GP01/runs/formal/PGPgiantcompo/k4/CAL-TIE/s102/command.json,prepared_20261001,GP01/runs/formal/PGPgiantcompo/k4/CAL-TIE/s102/command.json,920,1a217cf411cd27f7b3585e6a10708e85dfb579e31766fa62a31f76a4681d8705,1,objects/1a217cf411cd27f7b3585e6a10708e85dfb579e31766fa62a31f76a4681d8705
GP01/runs/formal/PGPgiantcompo/k4/CAL-TIE/s102/gp01_audit.csv,prepared_20261001,GP01/runs/formal/PGPgiantcompo/k4/CAL-TIE/s102/gp01_audit.csv,402,6406508e6e9ee1e0c71bb6740ced33aa2eda6a524931733e43dcfd9f665813e2,1,objects/6406508e6e9ee1e0c71bb6740ced33aa2eda6a524931733e43dcfd9f665813e2
GP01/runs/formal/PGPgiantcompo/k4/CAL-TIE/s102/input.graph,prepared_20261001,GP01/runs/formal/PGPgiantcompo/k4/CAL-TIE/s102/input.graph,238724,f3e133583086ee4f5fab5efd6adca285a4a23084aab82570f470f0e1ff57ae7e,0,objects/f3e133583086ee4f5fab5efd6adca285a4a23084aab82570f470f0e1ff57ae7e
GP01/runs/formal/PGPgiantcompo/k4/CAL-TIE/s102/input.graph.part4.epsilon0.03.seed102.KaHyPar,prepared_20261001,GP01/runs/formal/PGPgiantcompo/k4/CAL-TIE/s102/input.graph.part4.epsilon0.03.seed102.KaHyPar,32040,ef81be973d9cf22427cf19b688c00642ad07b009088e0797829fe0f419b49408,0,objects/ef81be973d9cf22427cf19b688c00642ad07b009088e0797829fe0f419b49408
GP01/runs/formal/PGPgiantcompo/k4/CAL-TIE/s102/stdout.log,prepared_20261001,GP01/runs/formal/PGPgiantcompo/k4/CAL-TIE/s102/stdout.log,13742,2f585c69708376657559706300564f127cf14924d4d1a82c7f4168d9c9f94067,0,objects/2f585c69708376657559706300564f127cf14924d4d1a82c7f4168d9c9f94067
GP01/runs/formal/PGPgiantcompo/k4/K/s100/command.json,prepared_20261001,GP01/runs/formal/PGPgiantcompo/k4/K/s100/command.json,908,d070ebde91e5e3a5503db22cd76b3e2872847f33e517f9ce93b400f79e6734d6,1,objects/d070ebde91e5e3a5503db22cd76b3e2872847f33e517f9ce93b400f79e6734d6
GP01/runs/formal/PGPgiantcompo/k4/K/s100/gp01_audit.csv,prepared_20261001,GP01/runs/formal/PGPgiantcompo/k4/K/s100/gp01_audit.csv,377,5b8fcb8aadc64bb236fa1c8e3f1c0b1557a2b8b74e20d1cf022379bf9b9c6b85,1,objects/5b8fcb8aadc64bb236fa1c8e3f1c0b1557a2b8b74e20d1cf022379bf9b9c6b85
GP01/runs/formal/PGPgiantcompo/k4/K/s100/input.graph,prepared_20261001,GP01/runs/formal/PGPgiantcompo/k4/K/s100/input.graph,238724,f3e133583086ee4f5fab5efd6adca285a4a23084aab82570f470f0e1ff57ae7e,0,objects/f3e133583086ee4f5fab5efd6adca285a4a23084aab82570f470f0e1ff57ae7e
GP01/runs/formal/PGPgiantcompo/k4/K/s100/input.graph.part4.epsilon0.03.seed100.KaHyPar,prepared_20261001,GP01/runs/formal/PGPgiantcompo/k4/K/s100/input.graph.part4.epsilon0.03.seed100.KaHyPar,32040,f197d0cfa87fd3ec145e2e398c6feb0bf8f6a0f7cc7f1275c70752dfd5102876,0,objects/f197d0cfa87fd3ec145e2e398c6feb0bf8f6a0f7cc7f1275c70752dfd5102876
GP01/runs/formal/PGPgiantcompo/k4/K/s100/stdout.log,prepared_20261001,GP01/runs/formal/PGPgiantcompo/k4/K/s100/stdout.log,13743,cc81775e783705eac73df85808b2d08cae287f74921716471de96aa0a147286d,0,objects/cc81775e783705eac73df85808b2d08cae287f74921716471de96aa0a147286d
GP01/runs/formal/PGPgiantcompo/k4/K/s101/command.json,prepared_20261001,GP01/runs/formal/PGPgiantcompo/k4/K/s101/command.json,908,e578d6f188f0747e2b7bc757c7de08892329dca0bb14cf914be997d37da35ba7,1,objects/e578d6f188f0747e2b7bc757c7de08892329dca0bb14cf914be997d37da35ba7
GP01/runs/formal/PGPgiantcompo/k4/K/s101/gp01_audit.csv,prepared_20261001,GP01/runs/formal/PGPgiantcompo/k4/K/s101/gp01_audit.csv,377,32a61940fe4b767a27bdbeb118f3b1d6c9fe43fd8444aaba72b9f3aabacbb198,1,objects/32a61940fe4b767a27bdbeb118f3b1d6c9fe43fd8444aaba72b9f3aabacbb198
GP01/runs/formal/PGPgiantcompo/k4/K/s101/input.graph,prepared_20261001,GP01/runs/formal/PGPgiantcompo/k4/K/s101/input.graph,238724,f3e133583086ee4f5fab5efd6adca285a4a23084aab82570f470f0e1ff57ae7e,0,objects/f3e133583086ee4f5fab5efd6adca285a4a23084aab82570f470f0e1ff57ae7e
GP01/runs/formal/PGPgiantcompo/k4/K/s101/input.graph.part4.epsilon0.03.seed101.KaHyPar,prepared_20261001,GP01/runs/formal/PGPgiantcompo/k4/K/s101/input.graph.part4.epsilon0.03.seed101.KaHyPar,32040,c9fdccc605c157430c4568f6fce94b136fbd29aa10c6364eb42f1232b7901093,0,objects/c9fdccc605c157430c4568f6fce94b136fbd29aa10c6364eb42f1232b7901093
GP01/runs/formal/PGPgiantcompo/k4/K/s101/stdout.log,prepared_20261001,GP01/runs/formal/PGPgiantcompo/k4/K/s101/stdout.log,13744,a55dfba2171a20ced8b0750db0efb7601f6b95951b5b1a17b24eeec84f339adb,0,objects/a55dfba2171a20ced8b0750db0efb7601f6b95951b5b1a17b24eeec84f339adb
GP01/runs/formal/PGPgiantcompo/k4/K/s102/command.json,prepared_20261001,GP01/runs/formal/PGPgiantcompo/k4/K/s102/command.json,908,4a17f1ba65a4772554368a0d2552104ea5d2dd79b1da34664b1817eb338e7d9a,1,objects/4a17f1ba65a4772554368a0d2552104ea5d2dd79b1da34664b1817eb338e7d9a
GP01/runs/formal/PGPgiantcompo/k4/K/s102/gp01_audit.csv,prepared_20261001,GP01/runs/formal/PGPgiantcompo/k4/K/s102/gp01_audit.csv,402,89df4fab63fdeba0f39c3dff2198438f696149e0855c82536b8ccb95d89f48e5,1,objects/89df4fab63fdeba0f39c3dff2198438f696149e0855c82536b8ccb95d89f48e5
GP01/runs/formal/PGPgiantcompo/k4/K/s102/input.graph,prepared_20261001,GP01/runs/formal/PGPgiantcompo/k4/K/s102/input.graph,238724,f3e133583086ee4f5fab5efd6adca285a4a23084aab82570f470f0e1ff57ae7e,0,objects/f3e133583086ee4f5fab5efd6adca285a4a23084aab82570f470f0e1ff57ae7e
GP01/runs/formal/PGPgiantcompo/k4/K/s102/input.graph.part4.epsilon0.03.seed102.KaHyPar,prepared_20261001,GP01/runs/formal/PGPgiantcompo/k4/K/s102/input.graph.part4.epsilon0.03.seed102.KaHyPar,32040,b425807513d58189cd41456eab841c9fcac50656f29346f5a3be534a52872005,0,objects/b425807513d58189cd41456eab841c9fcac50656f29346f5a3be534a52872005
GP01/runs/formal/PGPgiantcompo/k4/K/s102/stdout.log,prepared_20261001,GP01/runs/formal/PGPgiantcompo/k4/K/s102/stdout.log,13741,50afce1e675c425253d42a0effe7dc28cc01c9823492c6452f59357d6a8cbe3e,0,objects/50afce1e675c425253d42a0effe7dc28cc01c9823492c6452f59357d6a8cbe3e
GP01/runs/formal/as-22july06/k32/AUTHOR/s100/command.json,prepared_20261001,GP01/runs/formal/as-22july06/k32/AUTHOR/s100/command.json,784,085b966eb251848568f99b719021f636e7abeb00674551f68ec7cb52479bb0ca,1,objects/085b966eb251848568f99b719021f636e7abeb00674551f68ec7cb52479bb0ca
GP01/runs/formal/as-22july06/k32/AUTHOR/s100/gp01_audit.csv,prepared_20261001,GP01/runs/formal/as-22july06/k32/AUTHOR/s100/gp01_audit.csv,2241,977b9665263f086392052b4ee325c10caf68d9a8e23ba9fb09a4ef7d15fb70c7,1,objects/977b9665263f086392052b4ee325c10caf68d9a8e23ba9fb09a4ef7d15fb70c7
GP01/runs/formal/as-22july06/k32/AUTHOR/s100/input.graph,prepared_20261001,GP01/runs/formal/as-22july06/k32/AUTHOR/s100/input.graph,449924,c4bdbe4eef70d06944121e34717d4a83c5b1879feaf025ed9b643e54298efe6b,0,objects/c4bdbe4eef70d06944121e34717d4a83c5b1879feaf025ed9b643e54298efe6b
GP01/runs/formal/as-22july06/k32/AUTHOR/s100/input.graph.part32.epsilon0.03.seed100.KaHyPar,prepared_20261001,GP01/runs/formal/as-22july06/k32/AUTHOR/s100/input.graph.part32.epsilon0.03.seed100.KaHyPar,84542,1397250bf975e153d89d2762e57d40c5e0e2e0cbc16965d71983415ac441108b,0,objects/1397250bf975e153d89d2762e57d40c5e0e2e0cbc16965d71983415ac441108b
GP01/runs/formal/as-22july06/k32/AUTHOR/s100/stdout.log,prepared_20261001,GP01/runs/formal/as-22july06/k32/AUTHOR/s100/stdout.log,18039,931a08ae8a5b019674dad22632bef1d048f4669124ffbf549c184f9c9459d201,0,objects/931a08ae8a5b019674dad22632bef1d048f4669124ffbf549c184f9c9459d201
GP01/runs/formal/as-22july06/k32/AUTHOR/s101/command.json,prepared_20261001,GP01/runs/formal/as-22july06/k32/AUTHOR/s101/command.json,784,b6b9075518384e7537cac8b83582fdb45f07fe56c69c2ea7f417f58519e4d1f9,1,objects/b6b9075518384e7537cac8b83582fdb45f07fe56c69c2ea7f417f58519e4d1f9
GP01/runs/formal/as-22july06/k32/AUTHOR/s101/gp01_audit.csv,prepared_20261001,GP01/runs/formal/as-22july06/k32/AUTHOR/s101/gp01_audit.csv,2295,24c5f1bdd5aa473e9bed43c666e726b04aee99ce29eae58b7038e2864adfcf0e,1,objects/24c5f1bdd5aa473e9bed43c666e726b04aee99ce29eae58b7038e2864adfcf0e
GP01/runs/formal/as-22july06/k32/AUTHOR/s101/input.graph,prepared_20261001,GP01/runs/formal/as-22july06/k32/AUTHOR/s101/input.graph,449924,c4bdbe4eef70d06944121e34717d4a83c5b1879feaf025ed9b643e54298efe6b,0,objects/c4bdbe4eef70d06944121e34717d4a83c5b1879feaf025ed9b643e54298efe6b
GP01/runs/formal/as-22july06/k32/AUTHOR/s101/input.graph.part32.epsilon0.03.seed101.KaHyPar,prepared_20261001,GP01/runs/formal/as-22july06/k32/AUTHOR/s101/input.graph.part32.epsilon0.03.seed101.KaHyPar,84791,3570d6498ef633dd3e3b75b285905a207fda7b795ac1e2bfe8acc1dd72e76975,0,objects/3570d6498ef633dd3e3b75b285905a207fda7b795ac1e2bfe8acc1dd72e76975
GP01/runs/formal/as-22july06/k32/AUTHOR/s101/stdout.log,prepared_20261001,GP01/runs/formal/as-22july06/k32/AUTHOR/s101/stdout.log,18037,8eadd7a78870c4ce086dbfda82b059c7f4fc7f4c9a646d7821c55323fd23d0a0,0,objects/8eadd7a78870c4ce086dbfda82b059c7f4fc7f4c9a646d7821c55323fd23d0a0
GP01/runs/formal/as-22july06/k32/AUTHOR/s102/command.json,prepared_20261001,GP01/runs/formal/as-22july06/k32/AUTHOR/s102/command.json,784,12b65a253a792ce3ee4e7a2b1dfc12513d032e6fc0cb7f8fe7e8f491fa8b6699,1,objects/12b65a253a792ce3ee4e7a2b1dfc12513d032e6fc0cb7f8fe7e8f491fa8b6699
GP01/runs/formal/as-22july06/k32/AUTHOR/s102/gp01_audit.csv,prepared_20261001,GP01/runs/formal/as-22july06/k32/AUTHOR/s102/gp01_audit.csv,2314,601fa5eccbf5b14f453a96a9a047f5f805a77f8ee227ff603f8b18a2ef33d4da,1,objects/601fa5eccbf5b14f453a96a9a047f5f805a77f8ee227ff603f8b18a2ef33d4da
GP01/runs/formal/as-22july06/k32/AUTHOR/s102/input.graph,prepared_20261001,GP01/runs/formal/as-22july06/k32/AUTHOR/s102/input.graph,449924,c4bdbe4eef70d06944121e34717d4a83c5b1879feaf025ed9b643e54298efe6b,0,objects/c4bdbe4eef70d06944121e34717d4a83c5b1879feaf025ed9b643e54298efe6b
GP01/runs/formal/as-22july06/k32/AUTHOR/s102/input.graph.part32.epsilon0.03.seed102.KaHyPar,prepared_20261001,GP01/runs/formal/as-22july06/k32/AUTHOR/s102/input.graph.part32.epsilon0.03.seed102.KaHyPar,84587,f2898f33d84a2b7f507b3f626640948e4d6d3ca1f2f605af551ba3bd9e870d33,0,objects/f2898f33d84a2b7f507b3f626640948e4d6d3ca1f2f605af551ba3bd9e870d33
GP01/runs/formal/as-22july06/k32/AUTHOR/s102/stdout.log,prepared_20261001,GP01/runs/formal/as-22july06/k32/AUTHOR/s102/stdout.log,18039,347cf8208e4b1dea1aca74500121c10e4d9ad33be7fc407105a0fd5ffe7912c6,0,objects/347cf8208e4b1dea1aca74500121c10e4d9ad33be7fc407105a0fd5ffe7912c6
GP01/runs/formal/as-22july06/k32/AVG/s100/command.json,prepared_20261001,GP01/runs/formal/as-22july06/k32/AVG/s100/command.json,911,a750857ae1789dd894625301eb543fdeb854b0ed8cb462feb506cacbf091aca6,1,objects/a750857ae1789dd894625301eb543fdeb854b0ed8cb462feb506cacbf091aca6
GP01/runs/formal/as-22july06/k32/AVG/s100/gp01_audit.csv,prepared_20261001,GP01/runs/formal/as-22july06/k32/AVG/s100/gp01_audit.csv,2219,9c5d21964340ffcd33a4708c60ff0172ca6bf03f959e2af9a517e50bf0f08825,1,objects/9c5d21964340ffcd33a4708c60ff0172ca6bf03f959e2af9a517e50bf0f08825
GP01/runs/formal/as-22july06/k32/AVG/s100/input.graph,prepared_20261001,GP01/runs/formal/as-22july06/k32/AVG/s100/input.graph,449924,c4bdbe4eef70d06944121e34717d4a83c5b1879feaf025ed9b643e54298efe6b,0,objects/c4bdbe4eef70d06944121e34717d4a83c5b1879feaf025ed9b643e54298efe6b
GP01/runs/formal/as-22july06/k32/AVG/s100/input.graph.part32.epsilon0.03.seed100.KaHyPar,prepared_20261001,GP01/runs/formal/as-22july06/k32/AVG/s100/input.graph.part32.epsilon0.03.seed100.KaHyPar,84577,da30fce86ca1c88b351a2b7e6939ea6043c10fdd9aaed177c7ff689bd22a780b,0,objects/da30fce86ca1c88b351a2b7e6939ea6043c10fdd9aaed177c7ff689bd22a780b
GP01/runs/formal/as-22july06/k32/AVG/s100/stdout.log,prepared_20261001,GP01/runs/formal/as-22july06/k32/AVG/s100/stdout.log,18039,62e5a151535d8d43e25ad40fb1b4403656d2601c22d444cd83fac82986b44710,0,objects/62e5a151535d8d43e25ad40fb1b4403656d2601c22d444cd83fac82986b44710
GP01/runs/formal/as-22july06/k32/AVG/s101/command.json,prepared_20261001,GP01/runs/formal/as-22july06/k32/AVG/s101/command.json,911,8be3a7b72035580403b952542109384112f452c5afe93bf7a253374c40bf79cb,1,objects/8be3a7b72035580403b952542109384112f452c5afe93bf7a253374c40bf79cb
GP01/runs/formal/as-22july06/k32/AVG/s101/gp01_audit.csv,prepared_20261001,GP01/runs/formal/as-22july06/k32/AVG/s101/gp01_audit.csv,2295,ddcecf089b89aeb7b5913d082ef2172f59aa95b24da5ce669eb68eef2cd7138e,1,objects/ddcecf089b89aeb7b5913d082ef2172f59aa95b24da5ce669eb68eef2cd7138e
GP01/runs/formal/as-22july06/k32/AVG/s101/input.graph,prepared_20261001,GP01/runs/formal/as-22july06/k32/AVG/s101/input.graph,449924,c4bdbe4eef70d06944121e34717d4a83c5b1879feaf025ed9b643e54298efe6b,0,objects/c4bdbe4eef70d06944121e34717d4a83c5b1879feaf025ed9b643e54298efe6b
GP01/runs/formal/as-22july06/k32/AVG/s101/input.graph.part32.epsilon0.03.seed101.KaHyPar,prepared_20261001,GP01/runs/formal/as-22july06/k32/AVG/s101/input.graph.part32.epsilon0.03.seed101.KaHyPar,84594,3ffd6659da861c205c8757a34f2a720651f965fa4f9a1a8aec87ea4f603f7a85,0,objects/3ffd6659da861c205c8757a34f2a720651f965fa4f9a1a8aec87ea4f603f7a85
GP01/runs/formal/as-22july06/k32/AVG/s101/stdout.log,prepared_20261001,GP01/runs/formal/as-22july06/k32/AVG/s101/stdout.log,18038,094fcdebf5753915582b0930bca4047c3a089de396f4871161a60da728c68a81,0,objects/094fcdebf5753915582b0930bca4047c3a089de396f4871161a60da728c68a81
GP01/runs/formal/as-22july06/k32/AVG/s102/command.json,prepared_20261001,GP01/runs/formal/as-22july06/k32/AVG/s102/command.json,911,4e8654e33b9cc7412aa5634dfa8e2723b1af214cb967cc12387a3a5a211f364c,1,objects/4e8654e33b9cc7412aa5634dfa8e2723b1af214cb967cc12387a3a5a211f364c
GP01/runs/formal/as-22july06/k32/AVG/s102/gp01_audit.csv,prepared_20261001,GP01/runs/formal/as-22july06/k32/AVG/s102/gp01_audit.csv,2345,6c6a6e3244dafe478640ba3fa23a4191bbc9b677df936cd4f0c674ea7accc594,1,objects/6c6a6e3244dafe478640ba3fa23a4191bbc9b677df936cd4f0c674ea7accc594
GP01/runs/formal/as-22july06/k32/AVG/s102/input.graph,prepared_20261001,GP01/runs/formal/as-22july06/k32/AVG/s102/input.graph,449924,c4bdbe4eef70d06944121e34717d4a83c5b1879feaf025ed9b643e54298efe6b,0,objects/c4bdbe4eef70d06944121e34717d4a83c5b1879feaf025ed9b643e54298efe6b
GP01/runs/formal/as-22july06/k32/AVG/s102/input.graph.part32.epsilon0.03.seed102.KaHyPar,prepared_20261001,GP01/runs/formal/as-22july06/k32/AVG/s102/input.graph.part32.epsilon0.03.seed102.KaHyPar,84593,8e311122ab4ec9c988b81a2231b06c91b4a45b030562e29b858cf912d6321f77,0,objects/8e311122ab4ec9c988b81a2231b06c91b4a45b030562e29b858cf912d6321f77
GP01/runs/formal/as-22july06/k32/AVG/s102/stdout.log,prepared_20261001,GP01/runs/formal/as-22july06/k32/AVG/s102/stdout.log,18040,054893f236ac728ac03aacd3723247c7db82bdcb7304f22335ff554d32e6fcbf,0,objects/054893f236ac728ac03aacd3723247c7db82bdcb7304f22335ff554d32e6fcbf
GP01/runs/formal/as-22july06/k32/BASE/s0/command.json,prepared_20261001,GP01/runs/formal/as-22july06/k32/BASE/s0/command.json,882,c60ae75bbbe58030e500100654b1a70e8ea719dc065e27acdc468d000da176b1,1,objects/c60ae75bbbe58030e500100654b1a70e8ea719dc065e27acdc468d000da176b1
GP01/runs/formal/as-22july06/k32/BASE/s0/gp01_audit.csv,prepared_20261001,GP01/runs/formal/as-22july06/k32/BASE/s0/gp01_audit.csv,2207,d759a63b63f028a866fd24f658e01afce228e093a0d7d2b39e080e0a64bd4afb,1,objects/d759a63b63f028a866fd24f658e01afce228e093a0d7d2b39e080e0a64bd4afb
GP01/runs/formal/as-22july06/k32/BASE/s0/input.graph,prepared_20261001,GP01/runs/formal/as-22july06/k32/BASE/s0/input.graph,449924,c4bdbe4eef70d06944121e34717d4a83c5b1879feaf025ed9b643e54298efe6b,0,objects/c4bdbe4eef70d06944121e34717d4a83c5b1879feaf025ed9b643e54298efe6b
GP01/runs/formal/as-22july06/k32/BASE/s0/input.graph.part32.epsilon0.03.seed0.KaHyPar,prepared_20261001,GP01/runs/formal/as-22july06/k32/BASE/s0/input.graph.part32.epsilon0.03.seed0.KaHyPar,84701,7927bede79a4346002b0fe57ffdf4752c5820a52ea98a6234b011169ff32bc23,0,objects/7927bede79a4346002b0fe57ffdf4752c5820a52ea98a6234b011169ff32bc23
GP01/runs/formal/as-22july06/k32/BASE/s0/stdout.log,prepared_20261001,GP01/runs/formal/as-22july06/k32/BASE/s0/stdout.log,18035,475de4d084ed70a806734a148c0eac80b1cf13c04281ae9412ad1edf8cd5344e,0,objects/475de4d084ed70a806734a148c0eac80b1cf13c04281ae9412ad1edf8cd5344e
GP01/runs/formal/as-22july06/k32/BASE/s1/command.json,prepared_20261001,GP01/runs/formal/as-22july06/k32/BASE/s1/command.json,882,32a9f163c794f700f7d087cda8de696a1688aa3e686923fcfffff9598197913c,1,objects/32a9f163c794f700f7d087cda8de696a1688aa3e686923fcfffff9598197913c
GP01/runs/formal/as-22july06/k32/BASE/s1/gp01_audit.csv,prepared_20261001,GP01/runs/formal/as-22july06/k32/BASE/s1/gp01_audit.csv,2356,ca022ac37699150479a24b197034980bc8a42d260d4d0f8877060e774e36a994,1,objects/ca022ac37699150479a24b197034980bc8a42d260d4d0f8877060e774e36a994
GP01/runs/formal/as-22july06/k32/BASE/s1/input.graph,prepared_20261001,GP01/runs/formal/as-22july06/k32/BASE/s1/input.graph,449924,c4bdbe4eef70d06944121e34717d4a83c5b1879feaf025ed9b643e54298efe6b,0,objects/c4bdbe4eef70d06944121e34717d4a83c5b1879feaf025ed9b643e54298efe6b
GP01/runs/formal/as-22july06/k32/BASE/s1/input.graph.part32.epsilon0.03.seed1.KaHyPar,prepared_20261001,GP01/runs/formal/as-22july06/k32/BASE/s1/input.graph.part32.epsilon0.03.seed1.KaHyPar,84541,408f568bf5dc4638097e8cdaf602aa9dd2be6026003012044ea6134786f6ed9c,0,objects/408f568bf5dc4638097e8cdaf602aa9dd2be6026003012044ea6134786f6ed9c
GP01/runs/formal/as-22july06/k32/BASE/s1/stdout.log,prepared_20261001,GP01/runs/formal/as-22july06/k32/BASE/s1/stdout.log,18035,ce2539e74c9ac2215ba165e0b5272a9e46b115a1fbe146c987fe5afd207d6315,0,objects/ce2539e74c9ac2215ba165e0b5272a9e46b115a1fbe146c987fe5afd207d6315
GP01/runs/formal/as-22july06/k32/BASE/s100/command.json,prepared_20261001,GP01/runs/formal/as-22july06/k32/BASE/s100/command.json,886,e45b6a3b79638337008062bc1eedf585d57fd4bfc9e55be936f133b0495e5ae6,1,objects/e45b6a3b79638337008062bc1eedf585d57fd4bfc9e55be936f133b0495e5ae6
GP01/runs/formal/as-22july06/k32/BASE/s100/gp01_audit.csv,prepared_20261001,GP01/runs/formal/as-22july06/k32/BASE/s100/gp01_audit.csv,2128,7da2c884ecad94b1237ab647a796937f0bae04cdc06185497337ed5649ec049a,1,objects/7da2c884ecad94b1237ab647a796937f0bae04cdc06185497337ed5649ec049a
GP01/runs/formal/as-22july06/k32/BASE/s100/input.graph,prepared_20261001,GP01/runs/formal/as-22july06/k32/BASE/s100/input.graph,449924,c4bdbe4eef70d06944121e34717d4a83c5b1879feaf025ed9b643e54298efe6b,0,objects/c4bdbe4eef70d06944121e34717d4a83c5b1879feaf025ed9b643e54298efe6b
GP01/runs/formal/as-22july06/k32/BASE/s100/input.graph.part32.epsilon0.03.seed100.KaHyPar,prepared_20261001,GP01/runs/formal/as-22july06/k32/BASE/s100/input.graph.part32.epsilon0.03.seed100.KaHyPar,84564,ffb19e980180d5dbfdba8f5bd2ca4ad791c923facc99a2fba6135729dd44c94b,0,objects/ffb19e980180d5dbfdba8f5bd2ca4ad791c923facc99a2fba6135729dd44c94b
GP01/runs/formal/as-22july06/k32/BASE/s100/stdout.log,prepared_20261001,GP01/runs/formal/as-22july06/k32/BASE/s100/stdout.log,18039,28e4b095c93bd6a7add9ef6726c27d0c99065c6eed62c82421416a0b26ea059f,0,objects/28e4b095c93bd6a7add9ef6726c27d0c99065c6eed62c82421416a0b26ea059f
GP01/runs/formal/as-22july06/k32/BASE/s101/command.json,prepared_20261001,GP01/runs/formal/as-22july06/k32/BASE/s101/command.json,886,fe4bb2e6c97cb3cadf79cb12f0bd7013daed93a128694af0a879020a5fc2f297,1,objects/fe4bb2e6c97cb3cadf79cb12f0bd7013daed93a128694af0a879020a5fc2f297
GP01/runs/formal/as-22july06/k32/BASE/s101/gp01_audit.csv,prepared_20261001,GP01/runs/formal/as-22july06/k32/BASE/s101/gp01_audit.csv,2228,974ccf2dfcf343b554c46895829a993412aa785de83ab7ac79c06e1718e7c797,1,objects/974ccf2dfcf343b554c46895829a993412aa785de83ab7ac79c06e1718e7c797
GP01/runs/formal/as-22july06/k32/BASE/s101/input.graph,prepared_20261001,GP01/runs/formal/as-22july06/k32/BASE/s101/input.graph,449924,c4bdbe4eef70d06944121e34717d4a83c5b1879feaf025ed9b643e54298efe6b,0,objects/c4bdbe4eef70d06944121e34717d4a83c5b1879feaf025ed9b643e54298efe6b
GP01/runs/formal/as-22july06/k32/BASE/s101/input.graph.part32.epsilon0.03.seed101.KaHyPar,prepared_20261001,GP01/runs/formal/as-22july06/k32/BASE/s101/input.graph.part32.epsilon0.03.seed101.KaHyPar,84578,b6dc9c96544e4cc3796679a05759e8e21a0698b2974f792fae0424467487c498,0,objects/b6dc9c96544e4cc3796679a05759e8e21a0698b2974f792fae0424467487c498
GP01/runs/formal/as-22july06/k32/BASE/s101/stdout.log,prepared_20261001,GP01/runs/formal/as-22july06/k32/BASE/s101/stdout.log,18038,06407bd016efbe60042ecdf21ba15f56839e6a931a5ebbf56af81c4df58848a6,0,objects/06407bd016efbe60042ecdf21ba15f56839e6a931a5ebbf56af81c4df58848a6
GP01/runs/formal/as-22july06/k32/BASE/s102/command.json,prepared_20261001,GP01/runs/formal/as-22july06/k32/BASE/s102/command.json,886,aaa690537dfeda0d597fdaf0e96fd771a0eca0b5ac425b522624aefd68fcb5aa,1,objects/aaa690537dfeda0d597fdaf0e96fd771a0eca0b5ac425b522624aefd68fcb5aa
GP01/runs/formal/as-22july06/k32/BASE/s102/gp01_audit.csv,prepared_20261001,GP01/runs/formal/as-22july06/k32/BASE/s102/gp01_audit.csv,2310,78cf35d982848b98789e46fff61d16ca0f4ec766ec4ea68555754ce00f7f1deb,1,objects/78cf35d982848b98789e46fff61d16ca0f4ec766ec4ea68555754ce00f7f1deb
GP01/runs/formal/as-22july06/k32/BASE/s102/input.graph,prepared_20261001,GP01/runs/formal/as-22july06/k32/BASE/s102/input.graph,449924,c4bdbe4eef70d06944121e34717d4a83c5b1879feaf025ed9b643e54298efe6b,0,objects/c4bdbe4eef70d06944121e34717d4a83c5b1879feaf025ed9b643e54298efe6b
GP01/runs/formal/as-22july06/k32/BASE/s102/input.graph.part32.epsilon0.03.seed102.KaHyPar,prepared_20261001,GP01/runs/formal/as-22july06/k32/BASE/s102/input.graph.part32.epsilon0.03.seed102.KaHyPar,84695,f29ad4f12b5be453ff564767838e869d9828bbd5bf87704b9b04c79f5e864d94,0,objects/f29ad4f12b5be453ff564767838e869d9828bbd5bf87704b9b04c79f5e864d94
GP01/runs/formal/as-22july06/k32/BASE/s102/stdout.log,prepared_20261001,GP01/runs/formal/as-22july06/k32/BASE/s102/stdout.log,18039,3cb738e55b1a07fbddd2b4f40741440c13cc493894428d8efc496097d74c85b1,0,objects/3cb738e55b1a07fbddd2b4f40741440c13cc493894428d8efc496097d74c85b1
GP01/runs/formal/as-22july06/k32/BASE/s2/command.json,prepared_20261001,GP01/runs/formal/as-22july06/k32/BASE/s2/command.json,882,c779a4c38bfff79f3aec06c1401eb56beb44749195cfd0ad152851a135efa5fc,1,objects/c779a4c38bfff79f3aec06c1401eb56beb44749195cfd0ad152851a135efa5fc
GP01/runs/formal/as-22july06/k32/BASE/s2/gp01_audit.csv,prepared_20261001,GP01/runs/formal/as-22july06/k32/BASE/s2/gp01_audit.csv,2229,0eef431d3c1a3b9821d073cbae059cde1c0f4b267d78d95a62b075fbe5b10bb3,1,objects/0eef431d3c1a3b9821d073cbae059cde1c0f4b267d78d95a62b075fbe5b10bb3
GP01/runs/formal/as-22july06/k32/BASE/s2/input.graph,prepared_20261001,GP01/runs/formal/as-22july06/k32/BASE/s2/input.graph,449924,c4bdbe4eef70d06944121e34717d4a83c5b1879feaf025ed9b643e54298efe6b,0,objects/c4bdbe4eef70d06944121e34717d4a83c5b1879feaf025ed9b643e54298efe6b
GP01/runs/formal/as-22july06/k32/BASE/s2/input.graph.part32.epsilon0.03.seed2.KaHyPar,prepared_20261001,GP01/runs/formal/as-22july06/k32/BASE/s2/input.graph.part32.epsilon0.03.seed2.KaHyPar,84583,a2bfaf3ced131eae6982b402b04d2d3c7b402e1bdfd9aa4a1507432af67d9d45,0,objects/a2bfaf3ced131eae6982b402b04d2d3c7b402e1bdfd9aa4a1507432af67d9d45
GP01/runs/formal/as-22july06/k32/BASE/s2/stdout.log,prepared_20261001,GP01/runs/formal/as-22july06/k32/BASE/s2/stdout.log,18034,13276d00f6302e3572c7c0d3c375cf2c829ce03f9a467a10dc3764296630f20c,0,objects/13276d00f6302e3572c7c0d3c375cf2c829ce03f9a467a10dc3764296630f20c
GP01/runs/formal/as-22july06/k32/BASE/s3/command.json,prepared_20261001,GP01/runs/formal/as-22july06/k32/BASE/s3/command.json,882,56bd34b7e931446dd6e1c1310958a6a3126099caf5e7983f9dedd6d45a52db8c,1,objects/56bd34b7e931446dd6e1c1310958a6a3126099caf5e7983f9dedd6d45a52db8c
GP01/runs/formal/as-22july06/k32/BASE/s3/gp01_audit.csv,prepared_20261001,GP01/runs/formal/as-22july06/k32/BASE/s3/gp01_audit.csv,2179,94e2c8ce9a7c5985b74e7d5b90284eac39c3aaba72e65b92d73b395fabbbf125,1,objects/94e2c8ce9a7c5985b74e7d5b90284eac39c3aaba72e65b92d73b395fabbbf125
GP01/runs/formal/as-22july06/k32/BASE/s3/input.graph,prepared_20261001,GP01/runs/formal/as-22july06/k32/BASE/s3/input.graph,449924,c4bdbe4eef70d06944121e34717d4a83c5b1879feaf025ed9b643e54298efe6b,0,objects/c4bdbe4eef70d06944121e34717d4a83c5b1879feaf025ed9b643e54298efe6b
GP01/runs/formal/as-22july06/k32/BASE/s3/input.graph.part32.epsilon0.03.seed3.KaHyPar,prepared_20261001,GP01/runs/formal/as-22july06/k32/BASE/s3/input.graph.part32.epsilon0.03.seed3.KaHyPar,84650,9f7b777b750a53557728995223f8562ecff3fb868e910ed213c935182a11883b,0,objects/9f7b777b750a53557728995223f8562ecff3fb868e910ed213c935182a11883b
GP01/runs/formal/as-22july06/k32/BASE/s3/stdout.log,prepared_20261001,GP01/runs/formal/as-22july06/k32/BASE/s3/stdout.log,18035,89d11a4ee3401ff6fa9902f2e98c24b9ac5d82553d457edaaee20f474ed3edbe,0,objects/89d11a4ee3401ff6fa9902f2e98c24b9ac5d82553d457edaaee20f474ed3edbe
GP01/runs/formal/as-22july06/k32/BASE/s4/command.json,prepared_20261001,GP01/runs/formal/as-22july06/k32/BASE/s4/command.json,882,8fc9f31f984e7ce1e67a236a80b613ee4513110e5d8f70e0b13a179193e63f78,1,objects/8fc9f31f984e7ce1e67a236a80b613ee4513110e5d8f70e0b13a179193e63f78
GP01/runs/formal/as-22july06/k32/BASE/s4/gp01_audit.csv,prepared_20261001,GP01/runs/formal/as-22july06/k32/BASE/s4/gp01_audit.csv,2179,a7e66f4d79c2092a9cede275dfb65e8ec90e8af9ad29fc7c58508049d46723a9,1,objects/a7e66f4d79c2092a9cede275dfb65e8ec90e8af9ad29fc7c58508049d46723a9
GP01/runs/formal/as-22july06/k32/BASE/s4/input.graph,prepared_20261001,GP01/runs/formal/as-22july06/k32/BASE/s4/input.graph,449924,c4bdbe4eef70d06944121e34717d4a83c5b1879feaf025ed9b643e54298efe6b,0,objects/c4bdbe4eef70d06944121e34717d4a83c5b1879feaf025ed9b643e54298efe6b
GP01/runs/formal/as-22july06/k32/BASE/s4/input.graph.part32.epsilon0.03.seed4.KaHyPar,prepared_20261001,GP01/runs/formal/as-22july06/k32/BASE/s4/input.graph.part32.epsilon0.03.seed4.KaHyPar,84552,1484cc65f3d1d556657f5916090dd11182d77492db8294b7701c675d3be4ca62,0,objects/1484cc65f3d1d556657f5916090dd11182d77492db8294b7701c675d3be4ca62
GP01/runs/formal/as-22july06/k32/BASE/s4/stdout.log,prepared_20261001,GP01/runs/formal/as-22july06/k32/BASE/s4/stdout.log,18035,4a842af2f47c8fa69d4ba37dfde2919d6dbd28bb860047d0574711d4bd88ebda,0,objects/4a842af2f47c8fa69d4ba37dfde2919d6dbd28bb860047d0574711d4bd88ebda
GP01/runs/formal/as-22july06/k32/BASE/s5/command.json,prepared_20261001,GP01/runs/formal/as-22july06/k32/BASE/s5/command.json,882,8cc01cf3f62f1bd0fa6a21e190188fe440b8fc5918558d168007896c2422e7ba,1,objects/8cc01cf3f62f1bd0fa6a21e190188fe440b8fc5918558d168007896c2422e7ba
GP01/runs/formal/as-22july06/k32/BASE/s5/gp01_audit.csv,prepared_20261001,GP01/runs/formal/as-22july06/k32/BASE/s5/gp01_audit.csv,2204,89559dc238be4a6e06ca84c95bda96a6cd4b53b17836f1d84deae1e0ebe0b885,1,objects/89559dc238be4a6e06ca84c95bda96a6cd4b53b17836f1d84deae1e0ebe0b885
GP01/runs/formal/as-22july06/k32/BASE/s5/input.graph,prepared_20261001,GP01/runs/formal/as-22july06/k32/BASE/s5/input.graph,449924,c4bdbe4eef70d06944121e34717d4a83c5b1879feaf025ed9b643e54298efe6b,0,objects/c4bdbe4eef70d06944121e34717d4a83c5b1879feaf025ed9b643e54298efe6b
GP01/runs/formal/as-22july06/k32/BASE/s5/input.graph.part32.epsilon0.03.seed5.KaHyPar,prepared_20261001,GP01/runs/formal/as-22july06/k32/BASE/s5/input.graph.part32.epsilon0.03.seed5.KaHyPar,84829,1a5ce45c7b008234fbe0c37033d993244ee661d819bfbe3557a8a46651ccba7f,0,objects/1a5ce45c7b008234fbe0c37033d993244ee661d819bfbe3557a8a46651ccba7f
GP01/runs/formal/as-22july06/k32/BASE/s5/stdout.log,prepared_20261001,GP01/runs/formal/as-22july06/k32/BASE/s5/stdout.log,18036,658dfe3e9086e30da6deb1a59d642a0cb9fca2b69c6bc415fd4d54007ca23cdd,0,objects/658dfe3e9086e30da6deb1a59d642a0cb9fca2b69c6bc415fd4d54007ca23cdd
GP01/runs/formal/as-22july06/k32/BASE/s6/command.json,prepared_20261001,GP01/runs/formal/as-22july06/k32/BASE/s6/command.json,882,b4a6fdf19cdca2b1f5c1e912fbc1588b148b3f59343107cb67210da513b7fc51,1,objects/b4a6fdf19cdca2b1f5c1e912fbc1588b148b3f59343107cb67210da513b7fc51
GP01/runs/formal/as-22july06/k32/BASE/s6/gp01_audit.csv,prepared_20261001,GP01/runs/formal/as-22july06/k32/BASE/s6/gp01_audit.csv,2281,00f75430806fae8d977871b82c9107a41d9b0ca0e76b4eeb47f1a5c83d6c67dc,1,objects/00f75430806fae8d977871b82c9107a41d9b0ca0e76b4eeb47f1a5c83d6c67dc
GP01/runs/formal/as-22july06/k32/BASE/s6/input.graph,prepared_20261001,GP01/runs/formal/as-22july06/k32/BASE/s6/input.graph,449924,c4bdbe4eef70d06944121e34717d4a83c5b1879feaf025ed9b643e54298efe6b,0,objects/c4bdbe4eef70d06944121e34717d4a83c5b1879feaf025ed9b643e54298efe6b
GP01/runs/formal/as-22july06/k32/BASE/s6/input.graph.part32.epsilon0.03.seed6.KaHyPar,prepared_20261001,GP01/runs/formal/as-22july06/k32/BASE/s6/input.graph.part32.epsilon0.03.seed6.KaHyPar,84688,254f44395903ddf55dab0dab3b796f367e99c1688adaee3d134274fc66bc0706,0,objects/254f44395903ddf55dab0dab3b796f367e99c1688adaee3d134274fc66bc0706
GP01/runs/formal/as-22july06/k32/BASE/s6/stdout.log,prepared_20261001,GP01/runs/formal/as-22july06/k32/BASE/s6/stdout.log,18034,cf101886104da97a33394fc55cc57a08f3978ecfde15c9768b45394ad6b4bc56,0,objects/cf101886104da97a33394fc55cc57a08f3978ecfde15c9768b45394ad6b4bc56
GP01/runs/formal/as-22july06/k32/BASE/s7/command.json,prepared_20261001,GP01/runs/formal/as-22july06/k32/BASE/s7/command.json,882,74639bf9d48d140f10a261a639a4b5d1138afb69571c4c72305ca84ff9c1adda,1,objects/74639bf9d48d140f10a261a639a4b5d1138afb69571c4c72305ca84ff9c1adda
GP01/runs/formal/as-22july06/k32/BASE/s7/gp01_audit.csv,prepared_20261001,GP01/runs/formal/as-22july06/k32/BASE/s7/gp01_audit.csv,2332,75345eb0fa15293187957e7bf93bd07051206eed276cec3005a1f35066cf2051,1,objects/75345eb0fa15293187957e7bf93bd07051206eed276cec3005a1f35066cf2051
GP01/runs/formal/as-22july06/k32/BASE/s7/input.graph,prepared_20261001,GP01/runs/formal/as-22july06/k32/BASE/s7/input.graph,449924,c4bdbe4eef70d06944121e34717d4a83c5b1879feaf025ed9b643e54298efe6b,0,objects/c4bdbe4eef70d06944121e34717d4a83c5b1879feaf025ed9b643e54298efe6b
GP01/runs/formal/as-22july06/k32/BASE/s7/input.graph.part32.epsilon0.03.seed7.KaHyPar,prepared_20261001,GP01/runs/formal/as-22july06/k32/BASE/s7/input.graph.part32.epsilon0.03.seed7.KaHyPar,84543,f9f937264a6a0703c107b986565f84e349d04e1cc03729b5d9996d292889d0ed,0,objects/f9f937264a6a0703c107b986565f84e349d04e1cc03729b5d9996d292889d0ed
GP01/runs/formal/as-22july06/k32/BASE/s7/stdout.log,prepared_20261001,GP01/runs/formal/as-22july06/k32/BASE/s7/stdout.log,18034,b03f077bd41f8b2f84b5c7cb16a79068cd0ea742877e26628a361e83a9e3e904,0,objects/b03f077bd41f8b2f84b5c7cb16a79068cd0ea742877e26628a361e83a9e3e904
GP01/runs/formal/as-22july06/k32/BASE/s8/command.json,prepared_20261001,GP01/runs/formal/as-22july06/k32/BASE/s8/command.json,882,a154914b2b26ce23484d31add6443bdd556c48239f41fd4a014cbd0e65791daf,1,objects/a154914b2b26ce23484d31add6443bdd556c48239f41fd4a014cbd0e65791daf
GP01/runs/formal/as-22july06/k32/BASE/s8/gp01_audit.csv,prepared_20261001,GP01/runs/formal/as-22july06/k32/BASE/s8/gp01_audit.csv,2233,150263a683abba412529ba37caf3e32258f95f3cdd2a11c7ee18baa6bda9a306,1,objects/150263a683abba412529ba37caf3e32258f95f3cdd2a11c7ee18baa6bda9a306
GP01/runs/formal/as-22july06/k32/BASE/s8/input.graph,prepared_20261001,GP01/runs/formal/as-22july06/k32/BASE/s8/input.graph,449924,c4bdbe4eef70d06944121e34717d4a83c5b1879feaf025ed9b643e54298efe6b,0,objects/c4bdbe4eef70d06944121e34717d4a83c5b1879feaf025ed9b643e54298efe6b
GP01/runs/formal/as-22july06/k32/BASE/s8/input.graph.part32.epsilon0.03.seed8.KaHyPar,prepared_20261001,GP01/runs/formal/as-22july06/k32/BASE/s8/input.graph.part32.epsilon0.03.seed8.KaHyPar,84568,690c9e22b44026e90156bc6d9010fa58fcd1ebd932f3786ff185c6e6b78b8d3b,0,objects/690c9e22b44026e90156bc6d9010fa58fcd1ebd932f3786ff185c6e6b78b8d3b
GP01/runs/formal/as-22july06/k32/BASE/s8/stdout.log,prepared_20261001,GP01/runs/formal/as-22july06/k32/BASE/s8/stdout.log,18035,9b0aef72c35341698b7d228182b5d24de78c1c079f8183c949372161161907e4,0,objects/9b0aef72c35341698b7d228182b5d24de78c1c079f8183c949372161161907e4
GP01/runs/formal/as-22july06/k32/BASE/s9/command.json,prepared_20261001,GP01/runs/formal/as-22july06/k32/BASE/s9/command.json,882,9d4b691a6b4c449cbfe374c4ea50b2b9de9ea89d411cb6493bb7674853ecdc7e,1,objects/9d4b691a6b4c449cbfe374c4ea50b2b9de9ea89d411cb6493bb7674853ecdc7e
GP01/runs/formal/as-22july06/k32/BASE/s9/gp01_audit.csv,prepared_20261001,GP01/runs/formal/as-22july06/k32/BASE/s9/gp01_audit.csv,2178,0c7508957deea6728b96a81ced684bc6beee7afba67123460bb45ab3ed392332,1,objects/0c7508957deea6728b96a81ced684bc6beee7afba67123460bb45ab3ed392332
GP01/runs/formal/as-22july06/k32/BASE/s9/input.graph,prepared_20261001,GP01/runs/formal/as-22july06/k32/BASE/s9/input.graph,449924,c4bdbe4eef70d06944121e34717d4a83c5b1879feaf025ed9b643e54298efe6b,0,objects/c4bdbe4eef70d06944121e34717d4a83c5b1879feaf025ed9b643e54298efe6b
GP01/runs/formal/as-22july06/k32/BASE/s9/input.graph.part32.epsilon0.03.seed9.KaHyPar,prepared_20261001,GP01/runs/formal/as-22july06/k32/BASE/s9/input.graph.part32.epsilon0.03.seed9.KaHyPar,84745,d56408b5107fbb7c6b78754c71e2adc3e4b2402cc325c1718a1107899b43ec3c,0,objects/d56408b5107fbb7c6b78754c71e2adc3e4b2402cc325c1718a1107899b43ec3c
GP01/runs/formal/as-22july06/k32/BASE/s9/stdout.log,prepared_20261001,GP01/runs/formal/as-22july06/k32/BASE/s9/stdout.log,18035,9f778482b3b9cb78ba8a2a4e9a9879fc833ae8a0b66a707e27eef50fbdf3da52,0,objects/9f778482b3b9cb78ba8a2a4e9a9879fc833ae8a0b66a707e27eef50fbdf3da52
GP01/runs/formal/as-22july06/k32/CAL-EXACT/s100/command.json,prepared_20261001,GP01/runs/formal/as-22july06/k32/CAL-EXACT/s100/command.json,923,b79e3bd2a8e16160565b613a5087e1d19197c21be4ea34ba089142dbb03a6731,1,objects/b79e3bd2a8e16160565b613a5087e1d19197c21be4ea34ba089142dbb03a6731
GP01/runs/formal/as-22july06/k32/CAL-EXACT/s100/gp01_audit.csv,prepared_20261001,GP01/runs/formal/as-22july06/k32/CAL-EXACT/s100/gp01_audit.csv,2345,9f480a1ea1d3f08c156647310bbb5abf53d0aa7aca3118a1e804f1ca335b2d65,1,objects/9f480a1ea1d3f08c156647310bbb5abf53d0aa7aca3118a1e804f1ca335b2d65
GP01/runs/formal/as-22july06/k32/CAL-EXACT/s100/input.graph,prepared_20261001,GP01/runs/formal/as-22july06/k32/CAL-EXACT/s100/input.graph,449924,c4bdbe4eef70d06944121e34717d4a83c5b1879feaf025ed9b643e54298efe6b,0,objects/c4bdbe4eef70d06944121e34717d4a83c5b1879feaf025ed9b643e54298efe6b
GP01/runs/formal/as-22july06/k32/CAL-EXACT/s100/input.graph.part32.epsilon0.03.seed100.KaHyPar,prepared_20261001,GP01/runs/formal/as-22july06/k32/CAL-EXACT/s100/input.graph.part32.epsilon0.03.seed100.KaHyPar,84550,7bde248bd77ecba32fa95eb82006cfb30534575593fa087888a58205527a614e,0,objects/7bde248bd77ecba32fa95eb82006cfb30534575593fa087888a58205527a614e
GP01/runs/formal/as-22july06/k32/CAL-EXACT/s100/stdout.log,prepared_20261001,GP01/runs/formal/as-22july06/k32/CAL-EXACT/s100/stdout.log,18035,5d5cd1d19b73ce46eb269e37df761e22d6718815fed2b9d435db5e4d05a93117,0,objects/5d5cd1d19b73ce46eb269e37df761e22d6718815fed2b9d435db5e4d05a93117
GP01/runs/formal/as-22july06/k32/CAL-EXACT/s101/command.json,prepared_20261001,GP01/runs/formal/as-22july06/k32/CAL-EXACT/s101/command.json,923,8ff7d9f1e4334dce2d6fdec9c1afd359c40c10311f895ea8424faf53a626eb10,1,objects/8ff7d9f1e4334dce2d6fdec9c1afd359c40c10311f895ea8424faf53a626eb10
GP01/runs/formal/as-22july06/k32/CAL-EXACT/s101/gp01_audit.csv,prepared_20261001,GP01/runs/formal/as-22july06/k32/CAL-EXACT/s101/gp01_audit.csv,2244,493b3311fdd56fd4b54b661fa4f951ade245d75bc79d96da19e1b22ff7b45014,1,objects/493b3311fdd56fd4b54b661fa4f951ade245d75bc79d96da19e1b22ff7b45014
GP01/runs/formal/as-22july06/k32/CAL-EXACT/s101/input.graph,prepared_20261001,GP01/runs/formal/as-22july06/k32/CAL-EXACT/s101/input.graph,449924,c4bdbe4eef70d06944121e34717d4a83c5b1879feaf025ed9b643e54298efe6b,0,objects/c4bdbe4eef70d06944121e34717d4a83c5b1879feaf025ed9b643e54298efe6b
GP01/runs/formal/as-22july06/k32/CAL-EXACT/s101/input.graph.part32.epsilon0.03.seed101.KaHyPar,prepared_20261001,GP01/runs/formal/as-22july06/k32/CAL-EXACT/s101/input.graph.part32.epsilon0.03.seed101.KaHyPar,84581,71bc0878491bba3f78bc372dea041b633b4ab53c03ac5baefffaa37afdb0d3b6,0,objects/71bc0878491bba3f78bc372dea041b633b4ab53c03ac5baefffaa37afdb0d3b6
GP01/runs/formal/as-22july06/k32/CAL-EXACT/s101/stdout.log,prepared_20261001,GP01/runs/formal/as-22july06/k32/CAL-EXACT/s101/stdout.log,18036,4bfe14e18c82da6a86c9c8fff0fc4d6571824bd04ce2155140c09acf735c58f2,0,objects/4bfe14e18c82da6a86c9c8fff0fc4d6571824bd04ce2155140c09acf735c58f2
GP01/runs/formal/as-22july06/k32/CAL-EXACT/s102/command.json,prepared_20261001,GP01/runs/formal/as-22july06/k32/CAL-EXACT/s102/command.json,923,b376dcf20183bfe42cca00e677ba2a2dd16a6c1623a68f912d03f85e02468b2c,1,objects/b376dcf20183bfe42cca00e677ba2a2dd16a6c1623a68f912d03f85e02468b2c
GP01/runs/formal/as-22july06/k32/CAL-EXACT/s102/gp01_audit.csv,prepared_20261001,GP01/runs/formal/as-22july06/k32/CAL-EXACT/s102/gp01_audit.csv,2269,a0381d07b3a24664d70bafc2b6e1d78bac16a09c589dc80182dfdb24758393f9,1,objects/a0381d07b3a24664d70bafc2b6e1d78bac16a09c589dc80182dfdb24758393f9
GP01/runs/formal/as-22july06/k32/CAL-EXACT/s102/input.graph,prepared_20261001,GP01/runs/formal/as-22july06/k32/CAL-EXACT/s102/input.graph,449924,c4bdbe4eef70d06944121e34717d4a83c5b1879feaf025ed9b643e54298efe6b,0,objects/c4bdbe4eef70d06944121e34717d4a83c5b1879feaf025ed9b643e54298efe6b
GP01/runs/formal/as-22july06/k32/CAL-EXACT/s102/input.graph.part32.epsilon0.03.seed102.KaHyPar,prepared_20261001,GP01/runs/formal/as-22july06/k32/CAL-EXACT/s102/input.graph.part32.epsilon0.03.seed102.KaHyPar,84538,6c4b48b4adf8aaf1060adce2695705cda7620f5180cdd22a04259b6bd617e208,0,objects/6c4b48b4adf8aaf1060adce2695705cda7620f5180cdd22a04259b6bd617e208
GP01/runs/formal/as-22july06/k32/CAL-EXACT/s102/stdout.log,prepared_20261001,GP01/runs/formal/as-22july06/k32/CAL-EXACT/s102/stdout.log,18037,88af1bd9ae6249ed12cab1b0dfe2fb5f481aa7f59a0e08be99bd605caaee67c8,0,objects/88af1bd9ae6249ed12cab1b0dfe2fb5f481aa7f59a0e08be99bd605caaee67c8
GP01/runs/formal/as-22july06/k32/CAL-TIE/s100/command.json,prepared_20261001,GP01/runs/formal/as-22july06/k32/CAL-TIE/s100/command.json,919,6dfbf722647dd73a0a6173d24e8317ddd8f11cc9575bc71506c4e0f69eb6d284,1,objects/6dfbf722647dd73a0a6173d24e8317ddd8f11cc9575bc71506c4e0f69eb6d284
GP01/runs/formal/as-22july06/k32/CAL-TIE/s100/gp01_audit.csv,prepared_20261001,GP01/runs/formal/as-22july06/k32/CAL-TIE/s100/gp01_audit.csv,2292,06185c959e33b23aad0d6e54b66c082f3987d9227fc9a2e021352a365462ef7a,1,objects/06185c959e33b23aad0d6e54b66c082f3987d9227fc9a2e021352a365462ef7a
GP01/runs/formal/as-22july06/k32/CAL-TIE/s100/input.graph,prepared_20261001,GP01/runs/formal/as-22july06/k32/CAL-TIE/s100/input.graph,449924,c4bdbe4eef70d06944121e34717d4a83c5b1879feaf025ed9b643e54298efe6b,0,objects/c4bdbe4eef70d06944121e34717d4a83c5b1879feaf025ed9b643e54298efe6b
GP01/runs/formal/as-22july06/k32/CAL-TIE/s100/input.graph.part32.epsilon0.03.seed100.KaHyPar,prepared_20261001,GP01/runs/formal/as-22july06/k32/CAL-TIE/s100/input.graph.part32.epsilon0.03.seed100.KaHyPar,84613,fe625ab7a56bfca0b7b6619ad176a88d173bb7745e7f68abfc41c2df0057e674,0,objects/fe625ab7a56bfca0b7b6619ad176a88d173bb7745e7f68abfc41c2df0057e674
GP01/runs/formal/as-22july06/k32/CAL-TIE/s100/stdout.log,prepared_20261001,GP01/runs/formal/as-22july06/k32/CAL-TIE/s100/stdout.log,18038,365be3191b91adb0602ef720cc27ef07e2f7ce48572d28960f3c58c2b84c567e,0,objects/365be3191b91adb0602ef720cc27ef07e2f7ce48572d28960f3c58c2b84c567e
GP01/runs/formal/as-22july06/k32/CAL-TIE/s101/command.json,prepared_20261001,GP01/runs/formal/as-22july06/k32/CAL-TIE/s101/command.json,919,9adc2534cc6edcfe1ca8bd43e688a86673430e5c43f7cf14c59a650c7ed9be36,1,objects/9adc2534cc6edcfe1ca8bd43e688a86673430e5c43f7cf14c59a650c7ed9be36
GP01/runs/formal/as-22july06/k32/CAL-TIE/s101/gp01_audit.csv,prepared_20261001,GP01/runs/formal/as-22july06/k32/CAL-TIE/s101/gp01_audit.csv,2215,a530ee26acfac7178e6926b8e3d5db25966a09a69d7325e54b8302b21711e4a4,1,objects/a530ee26acfac7178e6926b8e3d5db25966a09a69d7325e54b8302b21711e4a4
GP01/runs/formal/as-22july06/k32/CAL-TIE/s101/input.graph,prepared_20261001,GP01/runs/formal/as-22july06/k32/CAL-TIE/s101/input.graph,449924,c4bdbe4eef70d06944121e34717d4a83c5b1879feaf025ed9b643e54298efe6b,0,objects/c4bdbe4eef70d06944121e34717d4a83c5b1879feaf025ed9b643e54298efe6b
GP01/runs/formal/as-22july06/k32/CAL-TIE/s101/input.graph.part32.epsilon0.03.seed101.KaHyPar,prepared_20261001,GP01/runs/formal/as-22july06/k32/CAL-TIE/s101/input.graph.part32.epsilon0.03.seed101.KaHyPar,84799,8d7d55840e60e672de407ad8b8fa83e20afc7ebba7a309a5d43821d221b44e58,0,objects/8d7d55840e60e672de407ad8b8fa83e20afc7ebba7a309a5d43821d221b44e58
GP01/runs/formal/as-22july06/k32/CAL-TIE/s101/stdout.log,prepared_20261001,GP01/runs/formal/as-22july06/k32/CAL-TIE/s101/stdout.log,18036,bb800e7d8f6c7a85aeb397c365e20d15a137bac60499cdc88f72f40a354ee76c,0,objects/bb800e7d8f6c7a85aeb397c365e20d15a137bac60499cdc88f72f40a354ee76c
GP01/runs/formal/as-22july06/k32/CAL-TIE/s102/command.json,prepared_20261001,GP01/runs/formal/as-22july06/k32/CAL-TIE/s102/command.json,919,ca7d8ba599d8dabb1fe46bf05beecc2e5d859df6e6cd22aa7eb1354fcd041094,1,objects/ca7d8ba599d8dabb1fe46bf05beecc2e5d859df6e6cd22aa7eb1354fcd041094
GP01/runs/formal/as-22july06/k32/CAL-TIE/s102/gp01_audit.csv,prepared_20261001,GP01/runs/formal/as-22july06/k32/CAL-TIE/s102/gp01_audit.csv,2320,c5f7807d46a57427be6ff4d1227cfc86e0154eaf9c0e1cdc59d358c5024c3c8e,1,objects/c5f7807d46a57427be6ff4d1227cfc86e0154eaf9c0e1cdc59d358c5024c3c8e
GP01/runs/formal/as-22july06/k32/CAL-TIE/s102/input.graph,prepared_20261001,GP01/runs/formal/as-22july06/k32/CAL-TIE/s102/input.graph,449924,c4bdbe4eef70d06944121e34717d4a83c5b1879feaf025ed9b643e54298efe6b,0,objects/c4bdbe4eef70d06944121e34717d4a83c5b1879feaf025ed9b643e54298efe6b
GP01/runs/formal/as-22july06/k32/CAL-TIE/s102/input.graph.part32.epsilon0.03.seed102.KaHyPar,prepared_20261001,GP01/runs/formal/as-22july06/k32/CAL-TIE/s102/input.graph.part32.epsilon0.03.seed102.KaHyPar,84584,0217e040ef0549b784b1d986dab76e3a5213798762d0440722e4a103aac9367d,0,objects/0217e040ef0549b784b1d986dab76e3a5213798762d0440722e4a103aac9367d
GP01/runs/formal/as-22july06/k32/CAL-TIE/s102/stdout.log,prepared_20261001,GP01/runs/formal/as-22july06/k32/CAL-TIE/s102/stdout.log,18038,2e47ca8204c4125668417ccefb29abe0e149bcbacf7872f59ec93222302ab217,0,objects/2e47ca8204c4125668417ccefb29abe0e149bcbacf7872f59ec93222302ab217
GP01/runs/formal/as-22july06/k32/K/s100/command.json,prepared_20261001,GP01/runs/formal/as-22july06/k32/K/s100/command.json,907,f6151a0b0eb35262ef844e7c575f415ecd0918cada2fbe77cba4b2b21d9c26cd,1,objects/f6151a0b0eb35262ef844e7c575f415ecd0918cada2fbe77cba4b2b21d9c26cd
GP01/runs/formal/as-22july06/k32/K/s100/gp01_audit.csv,prepared_20261001,GP01/runs/formal/as-22july06/k32/K/s100/gp01_audit.csv,2316,499693078f39fd28bb33a720fee6a899a08d64a77ced21478117f70f6e2c8910,1,objects/499693078f39fd28bb33a720fee6a899a08d64a77ced21478117f70f6e2c8910
GP01/runs/formal/as-22july06/k32/K/s100/input.graph,prepared_20261001,GP01/runs/formal/as-22july06/k32/K/s100/input.graph,449924,c4bdbe4eef70d06944121e34717d4a83c5b1879feaf025ed9b643e54298efe6b,0,objects/c4bdbe4eef70d06944121e34717d4a83c5b1879feaf025ed9b643e54298efe6b
GP01/runs/formal/as-22july06/k32/K/s100/input.graph.part32.epsilon0.03.seed100.KaHyPar,prepared_20261001,GP01/runs/formal/as-22july06/k32/K/s100/input.graph.part32.epsilon0.03.seed100.KaHyPar,84580,6edaae1c29ce7e0aacaeb357f3e00a4ba2be13462c2748688221a71fc1f8eaa1,0,objects/6edaae1c29ce7e0aacaeb357f3e00a4ba2be13462c2748688221a71fc1f8eaa1
GP01/runs/formal/as-22july06/k32/K/s100/stdout.log,prepared_20261001,GP01/runs/formal/as-22july06/k32/K/s100/stdout.log,18039,697a4501e05102e5314ebb7adb7353ad3c16249dad04e804311101d97f2078f4,0,objects/697a4501e05102e5314ebb7adb7353ad3c16249dad04e804311101d97f2078f4
GP01/runs/formal/as-22july06/k32/K/s101/command.json,prepared_20261001,GP01/runs/formal/as-22july06/k32/K/s101/command.json,907,cc454a26605ef5ddcc0e868e26bd23fd6f805f93ce7cdc7c966bafcfffd92ae6,1,objects/cc454a26605ef5ddcc0e868e26bd23fd6f805f93ce7cdc7c966bafcfffd92ae6
GP01/runs/formal/as-22july06/k32/K/s101/gp01_audit.csv,prepared_20261001,GP01/runs/formal/as-22july06/k32/K/s101/gp01_audit.csv,2217,8905d3c31a0b00db3eb0f70b368f9fb03b9ca4b945eb47dc01dc491b3321ed89,1,objects/8905d3c31a0b00db3eb0f70b368f9fb03b9ca4b945eb47dc01dc491b3321ed89
GP01/runs/formal/as-22july06/k32/K/s101/input.graph,prepared_20261001,GP01/runs/formal/as-22july06/k32/K/s101/input.graph,449924,c4bdbe4eef70d06944121e34717d4a83c5b1879feaf025ed9b643e54298efe6b,0,objects/c4bdbe4eef70d06944121e34717d4a83c5b1879feaf025ed9b643e54298efe6b
GP01/runs/formal/as-22july06/k32/K/s101/input.graph.part32.epsilon0.03.seed101.KaHyPar,prepared_20261001,GP01/runs/formal/as-22july06/k32/K/s101/input.graph.part32.epsilon0.03.seed101.KaHyPar,84609,e41217cbcdef9a81d727c128d796e53363b9fbadbd2bbd034520573cc040b4e5,0,objects/e41217cbcdef9a81d727c128d796e53363b9fbadbd2bbd034520573cc040b4e5
GP01/runs/formal/as-22july06/k32/K/s101/stdout.log,prepared_20261001,GP01/runs/formal/as-22july06/k32/K/s101/stdout.log,18039,ccadef66ee74e2f2c7a5e4aa10f2ce212d004fbb8a4870bc7dc01d9017de0872,0,objects/ccadef66ee74e2f2c7a5e4aa10f2ce212d004fbb8a4870bc7dc01d9017de0872
GP01/runs/formal/as-22july06/k32/K/s102/command.json,prepared_20261001,GP01/runs/formal/as-22july06/k32/K/s102/command.json,907,5484c2fd3a8d25affab17dbdaa69a99798a1b117d3c05a1c1cf6a436b4186024,1,objects/5484c2fd3a8d25affab17dbdaa69a99798a1b117d3c05a1c1cf6a436b4186024
GP01/runs/formal/as-22july06/k32/K/s102/gp01_audit.csv,prepared_20261001,GP01/runs/formal/as-22july06/k32/K/s102/gp01_audit.csv,2240,0a2dbdd5ea35b7b80fbc42253e771ae72dd0c08414fe1f2779395ae5a64abd9e,1,objects/0a2dbdd5ea35b7b80fbc42253e771ae72dd0c08414fe1f2779395ae5a64abd9e
GP01/runs/formal/as-22july06/k32/K/s102/input.graph,prepared_20261001,GP01/runs/formal/as-22july06/k32/K/s102/input.graph,449924,c4bdbe4eef70d06944121e34717d4a83c5b1879feaf025ed9b643e54298efe6b,0,objects/c4bdbe4eef70d06944121e34717d4a83c5b1879feaf025ed9b643e54298efe6b
GP01/runs/formal/as-22july06/k32/K/s102/input.graph.part32.epsilon0.03.seed102.KaHyPar,prepared_20261001,GP01/runs/formal/as-22july06/k32/K/s102/input.graph.part32.epsilon0.03.seed102.KaHyPar,84524,87d719b0598053ef2578a174d3a9c933dd62a9b9f1706223d489c039a48a4e1b,0,objects/87d719b0598053ef2578a174d3a9c933dd62a9b9f1706223d489c039a48a4e1b
GP01/runs/formal/as-22july06/k32/K/s102/stdout.log,prepared_20261001,GP01/runs/formal/as-22july06/k32/K/s102/stdout.log,18039,746f5e1168c5a31ef1ca56e8ff885cf4181e4a31373ee39b8283a8a261dddf00,0,objects/746f5e1168c5a31ef1ca56e8ff885cf4181e4a31373ee39b8283a8a261dddf00
GP01/runs/formal/as-22july06/k4/AUTHOR/s100/command.json,prepared_20261001,GP01/runs/formal/as-22july06/k4/AUTHOR/s100/command.json,782,f43300f5d1b6a030725e784558c957f7b759d0b173892ca805ab550cbba64674,1,objects/f43300f5d1b6a030725e784558c957f7b759d0b173892ca805ab550cbba64674
GP01/runs/formal/as-22july06/k4/AUTHOR/s100/gp01_audit.csv,prepared_20261001,GP01/runs/formal/as-22july06/k4/AUTHOR/s100/gp01_audit.csv,443,c4387549fc5bbcb49683af85c940c8a7350156110ed541954c2e0dd5b3c6e32e,1,objects/c4387549fc5bbcb49683af85c940c8a7350156110ed541954c2e0dd5b3c6e32e
GP01/runs/formal/as-22july06/k4/AUTHOR/s100/input.graph,prepared_20261001,GP01/runs/formal/as-22july06/k4/AUTHOR/s100/input.graph,449924,c4bdbe4eef70d06944121e34717d4a83c5b1879feaf025ed9b643e54298efe6b,0,objects/c4bdbe4eef70d06944121e34717d4a83c5b1879feaf025ed9b643e54298efe6b
GP01/runs/formal/as-22july06/k4/AUTHOR/s100/input.graph.part4.epsilon0.03.seed100.KaHyPar,prepared_20261001,GP01/runs/formal/as-22july06/k4/AUTHOR/s100/input.graph.part4.epsilon0.03.seed100.KaHyPar,68889,2e3fe822cee2b14269392ff0570aa3115051cd8f60487705f2fddf4ae538dc1d,0,objects/2e3fe822cee2b14269392ff0570aa3115051cd8f60487705f2fddf4ae538dc1d
GP01/runs/formal/as-22july06/k4/AUTHOR/s100/stdout.log,prepared_20261001,GP01/runs/formal/as-22july06/k4/AUTHOR/s100/stdout.log,13751,0984dfd97cfa866d0c684a364722fb62504211d498b98b49df5bc7f7e1b2f858,0,objects/0984dfd97cfa866d0c684a364722fb62504211d498b98b49df5bc7f7e1b2f858
GP01/runs/formal/as-22july06/k4/AUTHOR/s101/command.json,prepared_20261001,GP01/runs/formal/as-22july06/k4/AUTHOR/s101/command.json,782,780384abee882da7c166eaa0bcf7c179f751fe7e60098fb2cd8a514460e2bf40,1,objects/780384abee882da7c166eaa0bcf7c179f751fe7e60098fb2cd8a514460e2bf40
GP01/runs/formal/as-22july06/k4/AUTHOR/s101/gp01_audit.csv,prepared_20261001,GP01/runs/formal/as-22july06/k4/AUTHOR/s101/gp01_audit.csv,468,f0bded5bbc20d2631a4857e51416fc50de68cd4f7b969cd70c41e3b096790b33,1,objects/f0bded5bbc20d2631a4857e51416fc50de68cd4f7b969cd70c41e3b096790b33
GP01/runs/formal/as-22july06/k4/AUTHOR/s101/input.graph,prepared_20261001,GP01/runs/formal/as-22july06/k4/AUTHOR/s101/input.graph,449924,c4bdbe4eef70d06944121e34717d4a83c5b1879feaf025ed9b643e54298efe6b,0,objects/c4bdbe4eef70d06944121e34717d4a83c5b1879feaf025ed9b643e54298efe6b
GP01/runs/formal/as-22july06/k4/AUTHOR/s101/input.graph.part4.epsilon0.03.seed101.KaHyPar,prepared_20261001,GP01/runs/formal/as-22july06/k4/AUTHOR/s101/input.graph.part4.epsilon0.03.seed101.KaHyPar,68889,1968514cbe0f0cb7c7adcb91ce1de0187dcebeb9941e86017c15994154f0a106,0,objects/1968514cbe0f0cb7c7adcb91ce1de0187dcebeb9941e86017c15994154f0a106
GP01/runs/formal/as-22july06/k4/AUTHOR/s101/stdout.log,prepared_20261001,GP01/runs/formal/as-22july06/k4/AUTHOR/s101/stdout.log,13751,d8a59f106eaca1160b6fa9ce4337fd0076a88b14a80727ed157f8c8bb8311855,0,objects/d8a59f106eaca1160b6fa9ce4337fd0076a88b14a80727ed157f8c8bb8311855
GP01/runs/formal/as-22july06/k4/AUTHOR/s102/command.json,prepared_20261001,GP01/runs/formal/as-22july06/k4/AUTHOR/s102/command.json,782,e3d5f6a4782e985238a1aae0589d408e80f85c819bf6031b70f90906eff99632,1,objects/e3d5f6a4782e985238a1aae0589d408e80f85c819bf6031b70f90906eff99632
GP01/runs/formal/as-22july06/k4/AUTHOR/s102/gp01_audit.csv,prepared_20261001,GP01/runs/formal/as-22july06/k4/AUTHOR/s102/gp01_audit.csv,494,72a108249773f851e91e35c59d99a4bb96225b886e7d80b686d813a7d53c7a7f,1,objects/72a108249773f851e91e35c59d99a4bb96225b886e7d80b686d813a7d53c7a7f
GP01/runs/formal/as-22july06/k4/AUTHOR/s102/input.graph,prepared_20261001,GP01/runs/formal/as-22july06/k4/AUTHOR/s102/input.graph,449924,c4bdbe4eef70d06944121e34717d4a83c5b1879feaf025ed9b643e54298efe6b,0,objects/c4bdbe4eef70d06944121e34717d4a83c5b1879feaf025ed9b643e54298efe6b
GP01/runs/formal/as-22july06/k4/AUTHOR/s102/input.graph.part4.epsilon0.03.seed102.KaHyPar,prepared_20261001,GP01/runs/formal/as-22july06/k4/AUTHOR/s102/input.graph.part4.epsilon0.03.seed102.KaHyPar,68889,8a6cbc5cb53f7bf7d49e2c8b5035122fce7e600885064412dca439f33e7ce98d,0,objects/8a6cbc5cb53f7bf7d49e2c8b5035122fce7e600885064412dca439f33e7ce98d
GP01/runs/formal/as-22july06/k4/AUTHOR/s102/stdout.log,prepared_20261001,GP01/runs/formal/as-22july06/k4/AUTHOR/s102/stdout.log,13750,955ead1e89dcd5d327f25ba271f94be0db38f6969fff2918652be47e3e4a1f41,0,objects/955ead1e89dcd5d327f25ba271f94be0db38f6969fff2918652be47e3e4a1f41
GP01/runs/formal/as-22july06/k4/AVG/s100/command.json,prepared_20261001,GP01/runs/formal/as-22july06/k4/AVG/s100/command.json,908,f2c21f6df3a871ab167c2759c36d07931e3da3a84e0a72aa6694cc71d1a1eb70,1,objects/f2c21f6df3a871ab167c2759c36d07931e3da3a84e0a72aa6694cc71d1a1eb70
GP01/runs/formal/as-22july06/k4/AVG/s100/gp01_audit.csv,prepared_20261001,GP01/runs/formal/as-22july06/k4/AVG/s100/gp01_audit.csv,468,e62c98ddaef9a4295a7c55d2b24906c1181728c56a197314ee2b71228f9835db,1,objects/e62c98ddaef9a4295a7c55d2b24906c1181728c56a197314ee2b71228f9835db
GP01/runs/formal/as-22july06/k4/AVG/s100/input.graph,prepared_20261001,GP01/runs/formal/as-22july06/k4/AVG/s100/input.graph,449924,c4bdbe4eef70d06944121e34717d4a83c5b1879feaf025ed9b643e54298efe6b,0,objects/c4bdbe4eef70d06944121e34717d4a83c5b1879feaf025ed9b643e54298efe6b
GP01/runs/formal/as-22july06/k4/AVG/s100/input.graph.part4.epsilon0.03.seed100.KaHyPar,prepared_20261001,GP01/runs/formal/as-22july06/k4/AVG/s100/input.graph.part4.epsilon0.03.seed100.KaHyPar,68889,cbba7a91a523518651fe288d3e3e1cfedc156f531ba7414b44e5b8434356e833,0,objects/cbba7a91a523518651fe288d3e3e1cfedc156f531ba7414b44e5b8434356e833
GP01/runs/formal/as-22july06/k4/AVG/s100/stdout.log,prepared_20261001,GP01/runs/formal/as-22july06/k4/AVG/s100/stdout.log,13750,3023d7e3e0546c57e18bd425f5533d4e0f44e6b75e441b32a81f0224cbb3e11f,0,objects/3023d7e3e0546c57e18bd425f5533d4e0f44e6b75e441b32a81f0224cbb3e11f
GP01/runs/formal/as-22july06/k4/AVG/s101/command.json,prepared_20261001,GP01/runs/formal/as-22july06/k4/AVG/s101/command.json,908,52fc9a5efdd90ecaa04cbea488855f0a247c34db780793f51f4edb4eb6ae19c5,1,objects/52fc9a5efdd90ecaa04cbea488855f0a247c34db780793f51f4edb4eb6ae19c5
GP01/runs/formal/as-22july06/k4/AVG/s101/gp01_audit.csv,prepared_20261001,GP01/runs/formal/as-22july06/k4/AVG/s101/gp01_audit.csv,469,f85c56705edf6a03e3b90c7fe2e3259eff79120822f81c3f8c534a00a37354af,1,objects/f85c56705edf6a03e3b90c7fe2e3259eff79120822f81c3f8c534a00a37354af
GP01/runs/formal/as-22july06/k4/AVG/s101/input.graph,prepared_20261001,GP01/runs/formal/as-22july06/k4/AVG/s101/input.graph,449924,c4bdbe4eef70d06944121e34717d4a83c5b1879feaf025ed9b643e54298efe6b,0,objects/c4bdbe4eef70d06944121e34717d4a83c5b1879feaf025ed9b643e54298efe6b
GP01/runs/formal/as-22july06/k4/AVG/s101/input.graph.part4.epsilon0.03.seed101.KaHyPar,prepared_20261001,GP01/runs/formal/as-22july06/k4/AVG/s101/input.graph.part4.epsilon0.03.seed101.KaHyPar,68889,a21bbc8cf89994c65bf2ff51bf8c6ccd0ac80ad3f2618647a17b31e6ac955878,0,objects/a21bbc8cf89994c65bf2ff51bf8c6ccd0ac80ad3f2618647a17b31e6ac955878
GP01/runs/formal/as-22july06/k4/AVG/s101/stdout.log,prepared_20261001,GP01/runs/formal/as-22july06/k4/AVG/s101/stdout.log,13751,c1392e3983b99e537b282375dae0f9905992bf6aed1efdf14320d419ad395ec5,0,objects/c1392e3983b99e537b282375dae0f9905992bf6aed1efdf14320d419ad395ec5
GP01/runs/formal/as-22july06/k4/AVG/s102/command.json,prepared_20261001,GP01/runs/formal/as-22july06/k4/AVG/s102/command.json,908,8afaa89684f23fc0feb67798b09a03f64c82854a8c835a7f19832dca5ff16e58,1,objects/8afaa89684f23fc0feb67798b09a03f64c82854a8c835a7f19832dca5ff16e58
GP01/runs/formal/as-22july06/k4/AVG/s102/gp01_audit.csv,prepared_20261001,GP01/runs/formal/as-22july06/k4/AVG/s102/gp01_audit.csv,469,03c22b3cff53ec75f3e1c19f3928aaa2ce911e92275ebfcf0d6c122e977b10bd,1,objects/03c22b3cff53ec75f3e1c19f3928aaa2ce911e92275ebfcf0d6c122e977b10bd
GP01/runs/formal/as-22july06/k4/AVG/s102/input.graph,prepared_20261001,GP01/runs/formal/as-22july06/k4/AVG/s102/input.graph,449924,c4bdbe4eef70d06944121e34717d4a83c5b1879feaf025ed9b643e54298efe6b,0,objects/c4bdbe4eef70d06944121e34717d4a83c5b1879feaf025ed9b643e54298efe6b
GP01/runs/formal/as-22july06/k4/AVG/s102/input.graph.part4.epsilon0.03.seed102.KaHyPar,prepared_20261001,GP01/runs/formal/as-22july06/k4/AVG/s102/input.graph.part4.epsilon0.03.seed102.KaHyPar,68889,8530afac1640741d4480414b032a545ba5ddd82cf89e897eadf8d30348c3d56a,0,objects/8530afac1640741d4480414b032a545ba5ddd82cf89e897eadf8d30348c3d56a
GP01/runs/formal/as-22july06/k4/AVG/s102/stdout.log,prepared_20261001,GP01/runs/formal/as-22july06/k4/AVG/s102/stdout.log,13748,be79a3c6af748bd9eddfb465b2dba6e2f3688015c58cc5e76495edb8325d840d,0,objects/be79a3c6af748bd9eddfb465b2dba6e2f3688015c58cc5e76495edb8325d840d
GP01/runs/formal/as-22july06/k4/BASE/s0/command.json,prepared_20261001,GP01/runs/formal/as-22july06/k4/BASE/s0/command.json,880,5d02d2d6792956ba4d160cbe324dbe97470be286b9a22c9497f57899b1991541,1,objects/5d02d2d6792956ba4d160cbe324dbe97470be286b9a22c9497f57899b1991541
GP01/runs/formal/as-22july06/k4/BASE/s0/gp01_audit.csv,prepared_20261001,GP01/runs/formal/as-22july06/k4/BASE/s0/gp01_audit.csv,432,344106a039b7a555fcab4f643e8fbc1d39efc442dac36ee86548bff0acffcb47,1,objects/344106a039b7a555fcab4f643e8fbc1d39efc442dac36ee86548bff0acffcb47
GP01/runs/formal/as-22july06/k4/BASE/s0/input.graph,prepared_20261001,GP01/runs/formal/as-22july06/k4/BASE/s0/input.graph,449924,c4bdbe4eef70d06944121e34717d4a83c5b1879feaf025ed9b643e54298efe6b,0,objects/c4bdbe4eef70d06944121e34717d4a83c5b1879feaf025ed9b643e54298efe6b
GP01/runs/formal/as-22july06/k4/BASE/s0/input.graph.part4.epsilon0.03.seed0.KaHyPar,prepared_20261001,GP01/runs/formal/as-22july06/k4/BASE/s0/input.graph.part4.epsilon0.03.seed0.KaHyPar,68889,ae7a9fbec04a0bdd661ed2a385580e103aaa8dc3a618080ceb79947a90be70dc,0,objects/ae7a9fbec04a0bdd661ed2a385580e103aaa8dc3a618080ceb79947a90be70dc
GP01/runs/formal/as-22july06/k4/BASE/s0/stdout.log,prepared_20261001,GP01/runs/formal/as-22july06/k4/BASE/s0/stdout.log,13747,2335d455d223864aacc0e86a903935328fe2353ce9b015638e8167f79f9da9d0,0,objects/2335d455d223864aacc0e86a903935328fe2353ce9b015638e8167f79f9da9d0
GP01/runs/formal/as-22july06/k4/BASE/s1/command.json,prepared_20261001,GP01/runs/formal/as-22july06/k4/BASE/s1/command.json,880,e6c4fd1a682bef20b8daaec5adc98707353c73824938e7d628e0aff5398e251d,1,objects/e6c4fd1a682bef20b8daaec5adc98707353c73824938e7d628e0aff5398e251d
GP01/runs/formal/as-22july06/k4/BASE/s1/gp01_audit.csv,prepared_20261001,GP01/runs/formal/as-22july06/k4/BASE/s1/gp01_audit.csv,430,8fca249ad72d466f66aa05a59b05d0cc3e2afb47cce7e92f50bdd388a0c53dce,1,objects/8fca249ad72d466f66aa05a59b05d0cc3e2afb47cce7e92f50bdd388a0c53dce
GP01/runs/formal/as-22july06/k4/BASE/s1/input.graph,prepared_20261001,GP01/runs/formal/as-22july06/k4/BASE/s1/input.graph,449924,c4bdbe4eef70d06944121e34717d4a83c5b1879feaf025ed9b643e54298efe6b,0,objects/c4bdbe4eef70d06944121e34717d4a83c5b1879feaf025ed9b643e54298efe6b
GP01/runs/formal/as-22july06/k4/BASE/s1/input.graph.part4.epsilon0.03.seed1.KaHyPar,prepared_20261001,GP01/runs/formal/as-22july06/k4/BASE/s1/input.graph.part4.epsilon0.03.seed1.KaHyPar,68889,e4f3650d1b7f48d739d70388dd6423f034b35f9380fabe9eb9e2e28ed583e292,0,objects/e4f3650d1b7f48d739d70388dd6423f034b35f9380fabe9eb9e2e28ed583e292
GP01/runs/formal/as-22july06/k4/BASE/s1/stdout.log,prepared_20261001,GP01/runs/formal/as-22july06/k4/BASE/s1/stdout.log,13747,51618b94d86addbf7cffdc1bd79a79779903a9dbc5af0e84d8e8fd90c0e1c001,0,objects/51618b94d86addbf7cffdc1bd79a79779903a9dbc5af0e84d8e8fd90c0e1c001
GP01/runs/formal/as-22july06/k4/BASE/s100/command.json,prepared_20261001,GP01/runs/formal/as-22july06/k4/BASE/s100/command.json,884,5ed5213f4c5a28553f740aaba595430cbe6a9926d6fd3c0322e057491cca1217,1,objects/5ed5213f4c5a28553f740aaba595430cbe6a9926d6fd3c0322e057491cca1217
GP01/runs/formal/as-22july06/k4/BASE/s100/gp01_audit.csv,prepared_20261001,GP01/runs/formal/as-22july06/k4/BASE/s100/gp01_audit.csv,458,72ff754029bce1a3d0c7c543bf25f0bded511242b1145cd636a8f5047c5d1237,1,objects/72ff754029bce1a3d0c7c543bf25f0bded511242b1145cd636a8f5047c5d1237
GP01/runs/formal/as-22july06/k4/BASE/s100/input.graph,prepared_20261001,GP01/runs/formal/as-22july06/k4/BASE/s100/input.graph,449924,c4bdbe4eef70d06944121e34717d4a83c5b1879feaf025ed9b643e54298efe6b,0,objects/c4bdbe4eef70d06944121e34717d4a83c5b1879feaf025ed9b643e54298efe6b
GP01/runs/formal/as-22july06/k4/BASE/s100/input.graph.part4.epsilon0.03.seed100.KaHyPar,prepared_20261001,GP01/runs/formal/as-22july06/k4/BASE/s100/input.graph.part4.epsilon0.03.seed100.KaHyPar,68889,2b6f79e02cd3441b57b5cd08d1fd4e86b3a386b9a0fcae60040d2a3df8a421e6,0,objects/2b6f79e02cd3441b57b5cd08d1fd4e86b3a386b9a0fcae60040d2a3df8a421e6
GP01/runs/formal/as-22july06/k4/BASE/s100/stdout.log,prepared_20261001,GP01/runs/formal/as-22july06/k4/BASE/s100/stdout.log,13750,bfaec8bc67f0a04fc2da61e529336f7caa0a5a22a0d8b71896cbb9b991cd8315,0,objects/bfaec8bc67f0a04fc2da61e529336f7caa0a5a22a0d8b71896cbb9b991cd8315
GP01/runs/formal/as-22july06/k4/BASE/s101/command.json,prepared_20261001,GP01/runs/formal/as-22july06/k4/BASE/s101/command.json,884,e45b9e10e5dcb4949a08f889086e0eda3556320e0daf385a293f514be7921d62,1,objects/e45b9e10e5dcb4949a08f889086e0eda3556320e0daf385a293f514be7921d62
GP01/runs/formal/as-22july06/k4/BASE/s101/gp01_audit.csv,prepared_20261001,GP01/runs/formal/as-22july06/k4/BASE/s101/gp01_audit.csv,458,561b6f92b23e0f3a61def2ed55636355d45a08f08a12f858f11780b04b74bb9b,1,objects/561b6f92b23e0f3a61def2ed55636355d45a08f08a12f858f11780b04b74bb9b
GP01/runs/formal/as-22july06/k4/BASE/s101/input.graph,prepared_20261001,GP01/runs/formal/as-22july06/k4/BASE/s101/input.graph,449924,c4bdbe4eef70d06944121e34717d4a83c5b1879feaf025ed9b643e54298efe6b,0,objects/c4bdbe4eef70d06944121e34717d4a83c5b1879feaf025ed9b643e54298efe6b
GP01/runs/formal/as-22july06/k4/BASE/s101/input.graph.part4.epsilon0.03.seed101.KaHyPar,prepared_20261001,GP01/runs/formal/as-22july06/k4/BASE/s101/input.graph.part4.epsilon0.03.seed101.KaHyPar,68889,85b112fdc365e43f61fcf756565437c15a7cc00498850fbb80be74eacaf87036,0,objects/85b112fdc365e43f61fcf756565437c15a7cc00498850fbb80be74eacaf87036
GP01/runs/formal/as-22july06/k4/BASE/s101/stdout.log,prepared_20261001,GP01/runs/formal/as-22july06/k4/BASE/s101/stdout.log,13750,14647ea16505dc5234a73da2f235e337b03a3857ddc70d35a02665dc2a677161,0,objects/14647ea16505dc5234a73da2f235e337b03a3857ddc70d35a02665dc2a677161
GP01/runs/formal/as-22july06/k4/BASE/s102/command.json,prepared_20261001,GP01/runs/formal/as-22july06/k4/BASE/s102/command.json,884,44ac8d0831b9dab4c4021ec7017904c5e76cbb4eee5c210923ea97e608854abd,1,objects/44ac8d0831b9dab4c4021ec7017904c5e76cbb4eee5c210923ea97e608854abd
GP01/runs/formal/as-22july06/k4/BASE/s102/gp01_audit.csv,prepared_20261001,GP01/runs/formal/as-22july06/k4/BASE/s102/gp01_audit.csv,432,52dbf9547662b79b4498acc17c74af65763e0c73eedcd4fb09b038fc08f3cf0b,1,objects/52dbf9547662b79b4498acc17c74af65763e0c73eedcd4fb09b038fc08f3cf0b
GP01/runs/formal/as-22july06/k4/BASE/s102/input.graph,prepared_20261001,GP01/runs/formal/as-22july06/k4/BASE/s102/input.graph,449924,c4bdbe4eef70d06944121e34717d4a83c5b1879feaf025ed9b643e54298efe6b,0,objects/c4bdbe4eef70d06944121e34717d4a83c5b1879feaf025ed9b643e54298efe6b
GP01/runs/formal/as-22july06/k4/BASE/s102/input.graph.part4.epsilon0.03.seed102.KaHyPar,prepared_20261001,GP01/runs/formal/as-22july06/k4/BASE/s102/input.graph.part4.epsilon0.03.seed102.KaHyPar,68889,3c0b5758c63a5d28e93bd3ce4bc9ad45c4a52c294c8d757c92f91db58436d7e0,0,objects/3c0b5758c63a5d28e93bd3ce4bc9ad45c4a52c294c8d757c92f91db58436d7e0
GP01/runs/formal/as-22july06/k4/BASE/s102/stdout.log,prepared_20261001,GP01/runs/formal/as-22july06/k4/BASE/s102/stdout.log,13750,68dee0e7a258d52ea0a7a13391926560414c08bc53459d326b137e453337c3c9,0,objects/68dee0e7a258d52ea0a7a13391926560414c08bc53459d326b137e453337c3c9
GP01/runs/formal/as-22july06/k4/BASE/s2/command.json,prepared_20261001,GP01/runs/formal/as-22july06/k4/BASE/s2/command.json,880,8cde10da358569af5765538b14821639749b7c17c81d28f6f5b62020fbbedbf0,1,objects/8cde10da358569af5765538b14821639749b7c17c81d28f6f5b62020fbbedbf0
GP01/runs/formal/as-22july06/k4/BASE/s2/gp01_audit.csv,prepared_20261001,GP01/runs/formal/as-22july06/k4/BASE/s2/gp01_audit.csv,458,e9cca4cb7a2a9ad8a1d87b600d0b1564c329a7c1a6629ccb3a4adc5a365949ab,1,objects/e9cca4cb7a2a9ad8a1d87b600d0b1564c329a7c1a6629ccb3a4adc5a365949ab
GP01/runs/formal/as-22july06/k4/BASE/s2/input.graph,prepared_20261001,GP01/runs/formal/as-22july06/k4/BASE/s2/input.graph,449924,c4bdbe4eef70d06944121e34717d4a83c5b1879feaf025ed9b643e54298efe6b,0,objects/c4bdbe4eef70d06944121e34717d4a83c5b1879feaf025ed9b643e54298efe6b
GP01/runs/formal/as-22july06/k4/BASE/s2/input.graph.part4.epsilon0.03.seed2.KaHyPar,prepared_20261001,GP01/runs/formal/as-22july06/k4/BASE/s2/input.graph.part4.epsilon0.03.seed2.KaHyPar,68889,70286248ea9d761380f2d6beaec7d9ca81ede8bdca61a8dd01eca1c17d3e3f7e,0,objects/70286248ea9d761380f2d6beaec7d9ca81ede8bdca61a8dd01eca1c17d3e3f7e
GP01/runs/formal/as-22july06/k4/BASE/s2/stdout.log,prepared_20261001,GP01/runs/formal/as-22july06/k4/BASE/s2/stdout.log,13747,a5887106bd81c684ec69c3f3769bd5406ea8104b7dd8f3edf8eac94531578410,0,objects/a5887106bd81c684ec69c3f3769bd5406ea8104b7dd8f3edf8eac94531578410
GP01/runs/formal/as-22july06/k4/BASE/s3/command.json,prepared_20261001,GP01/runs/formal/as-22july06/k4/BASE/s3/command.json,880,c5d36f97e5efb2543a0efc554d92ff31e171ac66a838e29308356db40ec11cb9,1,objects/c5d36f97e5efb2543a0efc554d92ff31e171ac66a838e29308356db40ec11cb9
GP01/runs/formal/as-22july06/k4/BASE/s3/gp01_audit.csv,prepared_20261001,GP01/runs/formal/as-22july06/k4/BASE/s3/gp01_audit.csv,432,d45a4020aa0bc931f0dabaf81b44a621cfd0c69e7dba0ff553c37cbaa38373b8,1,objects/d45a4020aa0bc931f0dabaf81b44a621cfd0c69e7dba0ff553c37cbaa38373b8
GP01/runs/formal/as-22july06/k4/BASE/s3/input.graph,prepared_20261001,GP01/runs/formal/as-22july06/k4/BASE/s3/input.graph,449924,c4bdbe4eef70d06944121e34717d4a83c5b1879feaf025ed9b643e54298efe6b,0,objects/c4bdbe4eef70d06944121e34717d4a83c5b1879feaf025ed9b643e54298efe6b
GP01/runs/formal/as-22july06/k4/BASE/s3/input.graph.part4.epsilon0.03.seed3.KaHyPar,prepared_20261001,GP01/runs/formal/as-22july06/k4/BASE/s3/input.graph.part4.epsilon0.03.seed3.KaHyPar,68889,0a62ec6a9887b16fcafe27c97f5826ec6aa36ef8aa64b75e65baeeeef4724951,0,objects/0a62ec6a9887b16fcafe27c97f5826ec6aa36ef8aa64b75e65baeeeef4724951
GP01/runs/formal/as-22july06/k4/BASE/s3/stdout.log,prepared_20261001,GP01/runs/formal/as-22july06/k4/BASE/s3/stdout.log,13747,7b9e65f036699645a87aab6ed5e3674d7516d211bc8f572a4afb0ecf8c1c57bf,0,objects/7b9e65f036699645a87aab6ed5e3674d7516d211bc8f572a4afb0ecf8c1c57bf
GP01/runs/formal/as-22july06/k4/BASE/s4/command.json,prepared_20261001,GP01/runs/formal/as-22july06/k4/BASE/s4/command.json,880,64252705a30e866214defc001c39e79fab97869d6522bdfd2ac318d5d32f065c,1,objects/64252705a30e866214defc001c39e79fab97869d6522bdfd2ac318d5d32f065c
GP01/runs/formal/as-22july06/k4/BASE/s4/gp01_audit.csv,prepared_20261001,GP01/runs/formal/as-22july06/k4/BASE/s4/gp01_audit.csv,407,dcae2a02235c95f97c54dc75f50dc7577412627127c678135917d2a4e7d12d34,1,objects/dcae2a02235c95f97c54dc75f50dc7577412627127c678135917d2a4e7d12d34
GP01/runs/formal/as-22july06/k4/BASE/s4/input.graph,prepared_20261001,GP01/runs/formal/as-22july06/k4/BASE/s4/input.graph,449924,c4bdbe4eef70d06944121e34717d4a83c5b1879feaf025ed9b643e54298efe6b,0,objects/c4bdbe4eef70d06944121e34717d4a83c5b1879feaf025ed9b643e54298efe6b
GP01/runs/formal/as-22july06/k4/BASE/s4/input.graph.part4.epsilon0.03.seed4.KaHyPar,prepared_20261001,GP01/runs/formal/as-22july06/k4/BASE/s4/input.graph.part4.epsilon0.03.seed4.KaHyPar,68889,c66ffc062bcfcccf76e911ba2250d912b785d8e66d16b86103824ebceb1dd45d,0,objects/c66ffc062bcfcccf76e911ba2250d912b785d8e66d16b86103824ebceb1dd45d
GP01/runs/formal/as-22july06/k4/BASE/s4/stdout.log,prepared_20261001,GP01/runs/formal/as-22july06/k4/BASE/s4/stdout.log,13747,faa7a8e62cafe4f024fa50371a049ff9dd67b0550d82120d84085b053b9c718c,0,objects/faa7a8e62cafe4f024fa50371a049ff9dd67b0550d82120d84085b053b9c718c
GP01/runs/formal/as-22july06/k4/BASE/s5/command.json,prepared_20261001,GP01/runs/formal/as-22july06/k4/BASE/s5/command.json,880,9835a97c2538711a9a289f455113df2f1f05dda7467b93fda6ca417a9d5bb0e8,1,objects/9835a97c2538711a9a289f455113df2f1f05dda7467b93fda6ca417a9d5bb0e8
GP01/runs/formal/as-22july06/k4/BASE/s5/gp01_audit.csv,prepared_20261001,GP01/runs/formal/as-22july06/k4/BASE/s5/gp01_audit.csv,455,dcc7530f9d985e352ad2a91bc67e8fbccc2022646f285745e99088a2ecae0e3b,1,objects/dcc7530f9d985e352ad2a91bc67e8fbccc2022646f285745e99088a2ecae0e3b
GP01/runs/formal/as-22july06/k4/BASE/s5/input.graph,prepared_20261001,GP01/runs/formal/as-22july06/k4/BASE/s5/input.graph,449924,c4bdbe4eef70d06944121e34717d4a83c5b1879feaf025ed9b643e54298efe6b,0,objects/c4bdbe4eef70d06944121e34717d4a83c5b1879feaf025ed9b643e54298efe6b
GP01/runs/formal/as-22july06/k4/BASE/s5/input.graph.part4.epsilon0.03.seed5.KaHyPar,prepared_20261001,GP01/runs/formal/as-22july06/k4/BASE/s5/input.graph.part4.epsilon0.03.seed5.KaHyPar,68889,5001fc3275d34ff4986844df6f323864638ef4db392030dcaafb69241760afaa,0,objects/5001fc3275d34ff4986844df6f323864638ef4db392030dcaafb69241760afaa
GP01/runs/formal/as-22july06/k4/BASE/s5/stdout.log,prepared_20261001,GP01/runs/formal/as-22july06/k4/BASE/s5/stdout.log,13743,f6a27bb9d07b96e28b266b2b69a222baddefc616e2038b22c3a2a29edd1322c7,0,objects/f6a27bb9d07b96e28b266b2b69a222baddefc616e2038b22c3a2a29edd1322c7
GP01/runs/formal/as-22july06/k4/BASE/s6/command.json,prepared_20261001,GP01/runs/formal/as-22july06/k4/BASE/s6/command.json,880,73a585b7bc91dfa64088847cf4a66469204f4a8ae3945da9304a1353013dc194,1,objects/73a585b7bc91dfa64088847cf4a66469204f4a8ae3945da9304a1353013dc194
GP01/runs/formal/as-22july06/k4/BASE/s6/gp01_audit.csv,prepared_20261001,GP01/runs/formal/as-22july06/k4/BASE/s6/gp01_audit.csv,432,c254b38127edf69fb5f96759b753298646156359cd0cd647d271503ade59a5d3,1,objects/c254b38127edf69fb5f96759b753298646156359cd0cd647d271503ade59a5d3
GP01/runs/formal/as-22july06/k4/BASE/s6/input.graph,prepared_20261001,GP01/runs/formal/as-22july06/k4/BASE/s6/input.graph,449924,c4bdbe4eef70d06944121e34717d4a83c5b1879feaf025ed9b643e54298efe6b,0,objects/c4bdbe4eef70d06944121e34717d4a83c5b1879feaf025ed9b643e54298efe6b
GP01/runs/formal/as-22july06/k4/BASE/s6/input.graph.part4.epsilon0.03.seed6.KaHyPar,prepared_20261001,GP01/runs/formal/as-22july06/k4/BASE/s6/input.graph.part4.epsilon0.03.seed6.KaHyPar,68889,7a83b0142365a5b7181f8c77f4062c6881ea1aabdc3c8f14cd37a5dcf5cac32c,0,objects/7a83b0142365a5b7181f8c77f4062c6881ea1aabdc3c8f14cd37a5dcf5cac32c
GP01/runs/formal/as-22july06/k4/BASE/s6/stdout.log,prepared_20261001,GP01/runs/formal/as-22july06/k4/BASE/s6/stdout.log,13747,9cad248e4bade4cda465174972e3e743991629063034c9b14ed02bb8152be1cc,0,objects/9cad248e4bade4cda465174972e3e743991629063034c9b14ed02bb8152be1cc
GP01/runs/formal/as-22july06/k4/BASE/s7/command.json,prepared_20261001,GP01/runs/formal/as-22july06/k4/BASE/s7/command.json,880,c57a942ffd0113089a9d85e6f997f7a57f36094e571f641f05154eab784866c4,1,objects/c57a942ffd0113089a9d85e6f997f7a57f36094e571f641f05154eab784866c4
GP01/runs/formal/as-22july06/k4/BASE/s7/gp01_audit.csv,prepared_20261001,GP01/runs/formal/as-22july06/k4/BASE/s7/gp01_audit.csv,432,c80174f6c65e966f1e416fb2e932d26f8e485fc6a3364704c8498e259bfeec01,1,objects/c80174f6c65e966f1e416fb2e932d26f8e485fc6a3364704c8498e259bfeec01
GP01/runs/formal/as-22july06/k4/BASE/s7/input.graph,prepared_20261001,GP01/runs/formal/as-22july06/k4/BASE/s7/input.graph,449924,c4bdbe4eef70d06944121e34717d4a83c5b1879feaf025ed9b643e54298efe6b,0,objects/c4bdbe4eef70d06944121e34717d4a83c5b1879feaf025ed9b643e54298efe6b
GP01/runs/formal/as-22july06/k4/BASE/s7/input.graph.part4.epsilon0.03.seed7.KaHyPar,prepared_20261001,GP01/runs/formal/as-22july06/k4/BASE/s7/input.graph.part4.epsilon0.03.seed7.KaHyPar,68889,4ba0473716f34e9c748acccafda42e99f04dad8e643a7ed657fe714ab8741d8f,0,objects/4ba0473716f34e9c748acccafda42e99f04dad8e643a7ed657fe714ab8741d8f
GP01/runs/formal/as-22july06/k4/BASE/s7/stdout.log,prepared_20261001,GP01/runs/formal/as-22july06/k4/BASE/s7/stdout.log,13747,c1bfb04ef7655726761049ebc3c628bf107315f076c842283273583bdd354e44,0,objects/c1bfb04ef7655726761049ebc3c628bf107315f076c842283273583bdd354e44
GP01/runs/formal/as-22july06/k4/BASE/s8/command.json,prepared_20261001,GP01/runs/formal/as-22july06/k4/BASE/s8/command.json,880,65ffca8fabbba0ec22dfce55f4c2440b6b13785af9454ea0ab80fb7ef96e1abc,1,objects/65ffca8fabbba0ec22dfce55f4c2440b6b13785af9454ea0ab80fb7ef96e1abc
GP01/runs/formal/as-22july06/k4/BASE/s8/gp01_audit.csv,prepared_20261001,GP01/runs/formal/as-22july06/k4/BASE/s8/gp01_audit.csv,432,d8084ea93b3c0c3670f630c4f65fa90414e82d90cb4e334acb56c9e47a5c0959,1,objects/d8084ea93b3c0c3670f630c4f65fa90414e82d90cb4e334acb56c9e47a5c0959
GP01/runs/formal/as-22july06/k4/BASE/s8/input.graph,prepared_20261001,GP01/runs/formal/as-22july06/k4/BASE/s8/input.graph,449924,c4bdbe4eef70d06944121e34717d4a83c5b1879feaf025ed9b643e54298efe6b,0,objects/c4bdbe4eef70d06944121e34717d4a83c5b1879feaf025ed9b643e54298efe6b
GP01/runs/formal/as-22july06/k4/BASE/s8/input.graph.part4.epsilon0.03.seed8.KaHyPar,prepared_20261001,GP01/runs/formal/as-22july06/k4/BASE/s8/input.graph.part4.epsilon0.03.seed8.KaHyPar,68889,7d06ae2d6944bef450a8c5dfb3713aa8b83a1ab6f2b35678089a18b020bede7a,0,objects/7d06ae2d6944bef450a8c5dfb3713aa8b83a1ab6f2b35678089a18b020bede7a
GP01/runs/formal/as-22july06/k4/BASE/s8/stdout.log,prepared_20261001,GP01/runs/formal/as-22july06/k4/BASE/s8/stdout.log,13747,68b56c19ba89b3e5531c94dd0a956a78cfc1e02307f8af6835fed94b82b13a23,0,objects/68b56c19ba89b3e5531c94dd0a956a78cfc1e02307f8af6835fed94b82b13a23
GP01/runs/formal/as-22july06/k4/BASE/s9/command.json,prepared_20261001,GP01/runs/formal/as-22july06/k4/BASE/s9/command.json,880,ac56273c56a1aa6ffd3e8a314a6e2807ac1406c2aef46ef00862fde4448db977,1,objects/ac56273c56a1aa6ffd3e8a314a6e2807ac1406c2aef46ef00862fde4448db977
GP01/runs/formal/as-22july06/k4/BASE/s9/gp01_audit.csv,prepared_20261001,GP01/runs/formal/as-22july06/k4/BASE/s9/gp01_audit.csv,458,da4ca9c84ea96b20bfe90aecb1f1a1e7f1ccc13e7fd1c3423201a2eeaa1ca526,1,objects/da4ca9c84ea96b20bfe90aecb1f1a1e7f1ccc13e7fd1c3423201a2eeaa1ca526
GP01/runs/formal/as-22july06/k4/BASE/s9/input.graph,prepared_20261001,GP01/runs/formal/as-22july06/k4/BASE/s9/input.graph,449924,c4bdbe4eef70d06944121e34717d4a83c5b1879feaf025ed9b643e54298efe6b,0,objects/c4bdbe4eef70d06944121e34717d4a83c5b1879feaf025ed9b643e54298efe6b
GP01/runs/formal/as-22july06/k4/BASE/s9/input.graph.part4.epsilon0.03.seed9.KaHyPar,prepared_20261001,GP01/runs/formal/as-22july06/k4/BASE/s9/input.graph.part4.epsilon0.03.seed9.KaHyPar,68889,84fcd4abd48d532088a8c4919c020e51221eef475bd5a15fa02494a7833a049c,0,objects/84fcd4abd48d532088a8c4919c020e51221eef475bd5a15fa02494a7833a049c
GP01/runs/formal/as-22july06/k4/BASE/s9/stdout.log,prepared_20261001,GP01/runs/formal/as-22july06/k4/BASE/s9/stdout.log,13746,e9df6998807a78c2b4d8c7fb0f856f519f38b9f2f3f812a1f189f4ed4bc2dfe8,0,objects/e9df6998807a78c2b4d8c7fb0f856f519f38b9f2f3f812a1f189f4ed4bc2dfe8
GP01/runs/formal/as-22july06/k4/CAL-EXACT/s100/command.json,prepared_20261001,GP01/runs/formal/as-22july06/k4/CAL-EXACT/s100/command.json,920,97d84420c31b52d9a9fb550c2079de054dc7d16779e8569ec7a0743146189b69,1,objects/97d84420c31b52d9a9fb550c2079de054dc7d16779e8569ec7a0743146189b69
GP01/runs/formal/as-22july06/k4/CAL-EXACT/s100/gp01_audit.csv,prepared_20261001,GP01/runs/formal/as-22july06/k4/CAL-EXACT/s100/gp01_audit.csv,470,4b5ef0cb765694f34221067db996e69b89af719c2e6753e26ece1f7641106493,1,objects/4b5ef0cb765694f34221067db996e69b89af719c2e6753e26ece1f7641106493
GP01/runs/formal/as-22july06/k4/CAL-EXACT/s100/input.graph,prepared_20261001,GP01/runs/formal/as-22july06/k4/CAL-EXACT/s100/input.graph,449924,c4bdbe4eef70d06944121e34717d4a83c5b1879feaf025ed9b643e54298efe6b,0,objects/c4bdbe4eef70d06944121e34717d4a83c5b1879feaf025ed9b643e54298efe6b
GP01/runs/formal/as-22july06/k4/CAL-EXACT/s100/input.graph.part4.epsilon0.03.seed100.KaHyPar,prepared_20261001,GP01/runs/formal/as-22july06/k4/CAL-EXACT/s100/input.graph.part4.epsilon0.03.seed100.KaHyPar,68889,a0649daef0f44e4767af15915ca6ef4cbee59a582e797a9efa725f7fb3fdac78,0,objects/a0649daef0f44e4767af15915ca6ef4cbee59a582e797a9efa725f7fb3fdac78
GP01/runs/formal/as-22july06/k4/CAL-EXACT/s100/stdout.log,prepared_20261001,GP01/runs/formal/as-22july06/k4/CAL-EXACT/s100/stdout.log,13751,29d770c73997e05eeab547f1257d046db2147606503bac3b30fa89b3e0c22543,0,objects/29d770c73997e05eeab547f1257d046db2147606503bac3b30fa89b3e0c22543
GP01/runs/formal/as-22july06/k4/CAL-EXACT/s101/command.json,prepared_20261001,GP01/runs/formal/as-22july06/k4/CAL-EXACT/s101/command.json,920,b93f8fb345b34e9994b87d30b4483cbd79d246ad0c307819f891753040aad220,1,objects/b93f8fb345b34e9994b87d30b4483cbd79d246ad0c307819f891753040aad220
GP01/runs/formal/as-22july06/k4/CAL-EXACT/s101/gp01_audit.csv,prepared_20261001,GP01/runs/formal/as-22july06/k4/CAL-EXACT/s101/gp01_audit.csv,469,cc7afb516e2a6774dd2dad50927f8a0455786194093892b7ea75ac0cb3c5f1de,1,objects/cc7afb516e2a6774dd2dad50927f8a0455786194093892b7ea75ac0cb3c5f1de
GP01/runs/formal/as-22july06/k4/CAL-EXACT/s101/input.graph,prepared_20261001,GP01/runs/formal/as-22july06/k4/CAL-EXACT/s101/input.graph,449924,c4bdbe4eef70d06944121e34717d4a83c5b1879feaf025ed9b643e54298efe6b,0,objects/c4bdbe4eef70d06944121e34717d4a83c5b1879feaf025ed9b643e54298efe6b
GP01/runs/formal/as-22july06/k4/CAL-EXACT/s101/input.graph.part4.epsilon0.03.seed101.KaHyPar,prepared_20261001,GP01/runs/formal/as-22july06/k4/CAL-EXACT/s101/input.graph.part4.epsilon0.03.seed101.KaHyPar,68889,d9f4455f4c6d3c65924cdbf3550b42ced2b9442971d8a4d82c5d5848b934fbd8,0,objects/d9f4455f4c6d3c65924cdbf3550b42ced2b9442971d8a4d82c5d5848b934fbd8
GP01/runs/formal/as-22july06/k4/CAL-EXACT/s101/stdout.log,prepared_20261001,GP01/runs/formal/as-22july06/k4/CAL-EXACT/s101/stdout.log,13749,20f0cc836bbdf9bdcd6b7cc8e67d426fb6024edcf0ae556476218cab40122610,0,objects/20f0cc836bbdf9bdcd6b7cc8e67d426fb6024edcf0ae556476218cab40122610
GP01/runs/formal/as-22july06/k4/CAL-EXACT/s102/command.json,prepared_20261001,GP01/runs/formal/as-22july06/k4/CAL-EXACT/s102/command.json,920,b1fa213fd5493e5ac58a2883fd91ba2597f83b81c84160a59dd5357cac5906a6,1,objects/b1fa213fd5493e5ac58a2883fd91ba2597f83b81c84160a59dd5357cac5906a6
GP01/runs/formal/as-22july06/k4/CAL-EXACT/s102/gp01_audit.csv,prepared_20261001,GP01/runs/formal/as-22july06/k4/CAL-EXACT/s102/gp01_audit.csv,469,79c8af37be10ed495ba5eb8856a42c36078b040b891b62117bf63caae886267d,1,objects/79c8af37be10ed495ba5eb8856a42c36078b040b891b62117bf63caae886267d
GP01/runs/formal/as-22july06/k4/CAL-EXACT/s102/input.graph,prepared_20261001,GP01/runs/formal/as-22july06/k4/CAL-EXACT/s102/input.graph,449924,c4bdbe4eef70d06944121e34717d4a83c5b1879feaf025ed9b643e54298efe6b,0,objects/c4bdbe4eef70d06944121e34717d4a83c5b1879feaf025ed9b643e54298efe6b
GP01/runs/formal/as-22july06/k4/CAL-EXACT/s102/input.graph.part4.epsilon0.03.seed102.KaHyPar,prepared_20261001,GP01/runs/formal/as-22july06/k4/CAL-EXACT/s102/input.graph.part4.epsilon0.03.seed102.KaHyPar,68889,cefe2bfb5bfe554fe507b28061766912173cf5849d9c828dde46d0f34ec2c370,0,objects/cefe2bfb5bfe554fe507b28061766912173cf5849d9c828dde46d0f34ec2c370
GP01/runs/formal/as-22july06/k4/CAL-EXACT/s102/stdout.log,prepared_20261001,GP01/runs/formal/as-22july06/k4/CAL-EXACT/s102/stdout.log,13749,119da6376ea121ebff686b8a6a38813f080c617233258e34c94234bc79571c81,0,objects/119da6376ea121ebff686b8a6a38813f080c617233258e34c94234bc79571c81
GP01/runs/formal/as-22july06/k4/CAL-TIE/s100/command.json,prepared_20261001,GP01/runs/formal/as-22july06/k4/CAL-TIE/s100/command.json,916,adca18405532832bc130366638ab2e033fd02bbf010db7d7f477c6b5bbb63235,1,objects/adca18405532832bc130366638ab2e033fd02bbf010db7d7f477c6b5bbb63235
GP01/runs/formal/as-22july06/k4/CAL-TIE/s100/gp01_audit.csv,prepared_20261001,GP01/runs/formal/as-22july06/k4/CAL-TIE/s100/gp01_audit.csv,495,5f6babee5e637397032b979f531cb6a1640a489c45594f9feb05b032ff3479d1,1,objects/5f6babee5e637397032b979f531cb6a1640a489c45594f9feb05b032ff3479d1
GP01/runs/formal/as-22july06/k4/CAL-TIE/s100/input.graph,prepared_20261001,GP01/runs/formal/as-22july06/k4/CAL-TIE/s100/input.graph,449924,c4bdbe4eef70d06944121e34717d4a83c5b1879feaf025ed9b643e54298efe6b,0,objects/c4bdbe4eef70d06944121e34717d4a83c5b1879feaf025ed9b643e54298efe6b
GP01/runs/formal/as-22july06/k4/CAL-TIE/s100/input.graph.part4.epsilon0.03.seed100.KaHyPar,prepared_20261001,GP01/runs/formal/as-22july06/k4/CAL-TIE/s100/input.graph.part4.epsilon0.03.seed100.KaHyPar,68889,c6e8ba81c211e47fd1101adf2916f65b13a7f9421f57b9134141d23a86f508c9,0,objects/c6e8ba81c211e47fd1101adf2916f65b13a7f9421f57b9134141d23a86f508c9
GP01/runs/formal/as-22july06/k4/CAL-TIE/s100/stdout.log,prepared_20261001,GP01/runs/formal/as-22july06/k4/CAL-TIE/s100/stdout.log,13751,d814a1e148948e07abaa61abb6fa998746bf38971906aa63a432943b8297cfcc,0,objects/d814a1e148948e07abaa61abb6fa998746bf38971906aa63a432943b8297cfcc
GP01/runs/formal/as-22july06/k4/CAL-TIE/s101/command.json,prepared_20261001,GP01/runs/formal/as-22july06/k4/CAL-TIE/s101/command.json,916,95ed23caaee7bc090ef3e717357157c0175bd9c87162aa986a98a5c40c7cb8a8,1,objects/95ed23caaee7bc090ef3e717357157c0175bd9c87162aa986a98a5c40c7cb8a8
GP01/runs/formal/as-22july06/k4/CAL-TIE/s101/gp01_audit.csv,prepared_20261001,GP01/runs/formal/as-22july06/k4/CAL-TIE/s101/gp01_audit.csv,469,c25acab8723dc3d719dc6a1ceac7a99b0f1af03ad3e1b0a13c52303204bf7f56,1,objects/c25acab8723dc3d719dc6a1ceac7a99b0f1af03ad3e1b0a13c52303204bf7f56
GP01/runs/formal/as-22july06/k4/CAL-TIE/s101/input.graph,prepared_20261001,GP01/runs/formal/as-22july06/k4/CAL-TIE/s101/input.graph,449924,c4bdbe4eef70d06944121e34717d4a83c5b1879feaf025ed9b643e54298efe6b,0,objects/c4bdbe4eef70d06944121e34717d4a83c5b1879feaf025ed9b643e54298efe6b
GP01/runs/formal/as-22july06/k4/CAL-TIE/s101/input.graph.part4.epsilon0.03.seed101.KaHyPar,prepared_20261001,GP01/runs/formal/as-22july06/k4/CAL-TIE/s101/input.graph.part4.epsilon0.03.seed101.KaHyPar,68889,7199fd5fca77f38fe11e4bf6ea84720bf1f7529514c1e75c7f83f411485232b8,0,objects/7199fd5fca77f38fe11e4bf6ea84720bf1f7529514c1e75c7f83f411485232b8
GP01/runs/formal/as-22july06/k4/CAL-TIE/s101/stdout.log,prepared_20261001,GP01/runs/formal/as-22july06/k4/CAL-TIE/s101/stdout.log,13750,e000449d414bfe672045874b785b0cb3577c0d32114433c617ce47c1300331b6,0,objects/e000449d414bfe672045874b785b0cb3577c0d32114433c617ce47c1300331b6
GP01/runs/formal/as-22july06/k4/CAL-TIE/s102/command.json,prepared_20261001,GP01/runs/formal/as-22july06/k4/CAL-TIE/s102/command.json,916,9e4f8cbe6e1d434fbc0c79ac88146316135c5015af313e7b591280add3b8c447,1,objects/9e4f8cbe6e1d434fbc0c79ac88146316135c5015af313e7b591280add3b8c447
GP01/runs/formal/as-22july06/k4/CAL-TIE/s102/gp01_audit.csv,prepared_20261001,GP01/runs/formal/as-22july06/k4/CAL-TIE/s102/gp01_audit.csv,495,5ca5e99e997c82cc8aee259cd7391570d1533c643cb25c08f4eaab51f75e792b,1,objects/5ca5e99e997c82cc8aee259cd7391570d1533c643cb25c08f4eaab51f75e792b
GP01/runs/formal/as-22july06/k4/CAL-TIE/s102/input.graph,prepared_20261001,GP01/runs/formal/as-22july06/k4/CAL-TIE/s102/input.graph,449924,c4bdbe4eef70d06944121e34717d4a83c5b1879feaf025ed9b643e54298efe6b,0,objects/c4bdbe4eef70d06944121e34717d4a83c5b1879feaf025ed9b643e54298efe6b
GP01/runs/formal/as-22july06/k4/CAL-TIE/s102/input.graph.part4.epsilon0.03.seed102.KaHyPar,prepared_20261001,GP01/runs/formal/as-22july06/k4/CAL-TIE/s102/input.graph.part4.epsilon0.03.seed102.KaHyPar,68889,6e3932f29c511ab51478803cd17bdb5bda54aa28f7be5088fd3131db38677590,0,objects/6e3932f29c511ab51478803cd17bdb5bda54aa28f7be5088fd3131db38677590
GP01/runs/formal/as-22july06/k4/CAL-TIE/s102/stdout.log,prepared_20261001,GP01/runs/formal/as-22july06/k4/CAL-TIE/s102/stdout.log,13751,61aa07f95dff736fd95c75df3a13e548d1b3a7a7f2970a3083add2a6090d6f3d,0,objects/61aa07f95dff736fd95c75df3a13e548d1b3a7a7f2970a3083add2a6090d6f3d
GP01/runs/formal/as-22july06/k4/K/s100/command.json,prepared_20261001,GP01/runs/formal/as-22july06/k4/K/s100/command.json,904,41841d5844eb7c519e07c839a360399d8a4753bfeb8bf09be5d228f3101d48fd,1,objects/41841d5844eb7c519e07c839a360399d8a4753bfeb8bf09be5d228f3101d48fd
GP01/runs/formal/as-22july06/k4/K/s100/gp01_audit.csv,prepared_20261001,GP01/runs/formal/as-22july06/k4/K/s100/gp01_audit.csv,469,e3b1736a0b8ac1f9730d39336b10cfdb267f5120247d6e9728b798df7b311269,1,objects/e3b1736a0b8ac1f9730d39336b10cfdb267f5120247d6e9728b798df7b311269
GP01/runs/formal/as-22july06/k4/K/s100/input.graph,prepared_20261001,GP01/runs/formal/as-22july06/k4/K/s100/input.graph,449924,c4bdbe4eef70d06944121e34717d4a83c5b1879feaf025ed9b643e54298efe6b,0,objects/c4bdbe4eef70d06944121e34717d4a83c5b1879feaf025ed9b643e54298efe6b
GP01/runs/formal/as-22july06/k4/K/s100/input.graph.part4.epsilon0.03.seed100.KaHyPar,prepared_20261001,GP01/runs/formal/as-22july06/k4/K/s100/input.graph.part4.epsilon0.03.seed100.KaHyPar,68889,ea30a66ab8f4a418242456be81da5f26cdc90e4e25cb3343849549124dfffb94,0,objects/ea30a66ab8f4a418242456be81da5f26cdc90e4e25cb3343849549124dfffb94
GP01/runs/formal/as-22july06/k4/K/s100/stdout.log,prepared_20261001,GP01/runs/formal/as-22july06/k4/K/s100/stdout.log,13750,515ab9d7a1d9f0dc3c1adb3b124d790eb6a073f9fc3471b506ccd109cee0459d,0,objects/515ab9d7a1d9f0dc3c1adb3b124d790eb6a073f9fc3471b506ccd109cee0459d
GP01/runs/formal/as-22july06/k4/K/s101/command.json,prepared_20261001,GP01/runs/formal/as-22july06/k4/K/s101/command.json,904,95721d8ab95128095e78821d6072e2f043725a1cb0db4189d91d81ca7d25c53e,1,objects/95721d8ab95128095e78821d6072e2f043725a1cb0db4189d91d81ca7d25c53e
GP01/runs/formal/as-22july06/k4/K/s101/gp01_audit.csv,prepared_20261001,GP01/runs/formal/as-22july06/k4/K/s101/gp01_audit.csv,521,f653ab35bd949656c926105fde9771ed7ae70542881dddb8937c1a344bd22586,1,objects/f653ab35bd949656c926105fde9771ed7ae70542881dddb8937c1a344bd22586
GP01/runs/formal/as-22july06/k4/K/s101/input.graph,prepared_20261001,GP01/runs/formal/as-22july06/k4/K/s101/input.graph,449924,c4bdbe4eef70d06944121e34717d4a83c5b1879feaf025ed9b643e54298efe6b,0,objects/c4bdbe4eef70d06944121e34717d4a83c5b1879feaf025ed9b643e54298efe6b
GP01/runs/formal/as-22july06/k4/K/s101/input.graph.part4.epsilon0.03.seed101.KaHyPar,prepared_20261001,GP01/runs/formal/as-22july06/k4/K/s101/input.graph.part4.epsilon0.03.seed101.KaHyPar,68889,9e1a23da9b48b4fa19b7250ebfbe4701b485a9e6f0c91a6c2c5d27ae3daeea46,0,objects/9e1a23da9b48b4fa19b7250ebfbe4701b485a9e6f0c91a6c2c5d27ae3daeea46
GP01/runs/formal/as-22july06/k4/K/s101/stdout.log,prepared_20261001,GP01/runs/formal/as-22july06/k4/K/s101/stdout.log,13750,0ff175fe2f9b94eb7cda978e5c8b97434f07847619fc8de3974f031af49c7b1c,0,objects/0ff175fe2f9b94eb7cda978e5c8b97434f07847619fc8de3974f031af49c7b1c
GP01/runs/formal/as-22july06/k4/K/s102/command.json,prepared_20261001,GP01/runs/formal/as-22july06/k4/K/s102/command.json,904,07c87be4bb0afb15f9788143be40b3d04f398a74c9c142f07b727930aef99e87,1,objects/07c87be4bb0afb15f9788143be40b3d04f398a74c9c142f07b727930aef99e87
GP01/runs/formal/as-22july06/k4/K/s102/gp01_audit.csv,prepared_20261001,GP01/runs/formal/as-22july06/k4/K/s102/gp01_audit.csv,495,6f00a0a9f7e966e4ffe4166c6ac71a9329ae87da525045f54c59cdb1164ab0c6,1,objects/6f00a0a9f7e966e4ffe4166c6ac71a9329ae87da525045f54c59cdb1164ab0c6
GP01/runs/formal/as-22july06/k4/K/s102/input.graph,prepared_20261001,GP01/runs/formal/as-22july06/k4/K/s102/input.graph,449924,c4bdbe4eef70d06944121e34717d4a83c5b1879feaf025ed9b643e54298efe6b,0,objects/c4bdbe4eef70d06944121e34717d4a83c5b1879feaf025ed9b643e54298efe6b
GP01/runs/formal/as-22july06/k4/K/s102/input.graph.part4.epsilon0.03.seed102.KaHyPar,prepared_20261001,GP01/runs/formal/as-22july06/k4/K/s102/input.graph.part4.epsilon0.03.seed102.KaHyPar,68889,01e13757a41763a53af864f1a5cda6adb0764f8bc17b7dae069ff5ee2715486a,0,objects/01e13757a41763a53af864f1a5cda6adb0764f8bc17b7dae069ff5ee2715486a
GP01/runs/formal/as-22july06/k4/K/s102/stdout.log,prepared_20261001,GP01/runs/formal/as-22july06/k4/K/s102/stdout.log,13750,f5d1651c9cc2cb3687955c0102382ddd978c5fba7d0dc78e67159a1a06c4f9e0,0,objects/f5d1651c9cc2cb3687955c0102382ddd978c5fba7d0dc78e67159a1a06c4f9e0
GP01/runs/formal/barth5/k32/AUTHOR/s100/command.json,prepared_20261001,GP01/runs/formal/barth5/k32/AUTHOR/s100/command.json,779,2d491865437344961b79bda1b5d71a91a9f3765c4fd5cf9769b6d45c79e57530,1,objects/2d491865437344961b79bda1b5d71a91a9f3765c4fd5cf9769b6d45c79e57530
GP01/runs/formal/barth5/k32/AUTHOR/s100/gp01_audit.csv,prepared_20261001,GP01/runs/formal/barth5/k32/AUTHOR/s100/gp01_audit.csv,1450,8631b8200094d3861bbb2430d7d605ffded5296263bc8482298a2a20ed950550,1,objects/8631b8200094d3861bbb2430d7d605ffded5296263bc8482298a2a20ed950550
GP01/runs/formal/barth5/k32/AUTHOR/s100/input.graph,prepared_20261001,GP01/runs/formal/barth5/k32/AUTHOR/s100/input.graph,485230,507c0146ed64d87800522939f56bf848939aa0f1c70e2d1aa6e82b7e174a5329,0,objects/507c0146ed64d87800522939f56bf848939aa0f1c70e2d1aa6e82b7e174a5329
GP01/runs/formal/barth5/k32/AUTHOR/s100/input.graph.part32.epsilon0.03.seed100.KaHyPar,prepared_20261001,GP01/runs/formal/barth5/k32/AUTHOR/s100/input.graph.part32.epsilon0.03.seed100.KaHyPar,57593,bbc27ab1e98b1f9025dbc0848160d06b631b0a249e5d6d3edda7153fc129ad0b,0,objects/bbc27ab1e98b1f9025dbc0848160d06b631b0a249e5d6d3edda7153fc129ad0b
GP01/runs/formal/barth5/k32/AUTHOR/s100/stdout.log,prepared_20261001,GP01/runs/formal/barth5/k32/AUTHOR/s100/stdout.log,18037,57f161bbaa4a647dede6014752e40948d677c1616a6be8b84cd383c82f192dc7,0,objects/57f161bbaa4a647dede6014752e40948d677c1616a6be8b84cd383c82f192dc7
GP01/runs/formal/barth5/k32/AUTHOR/s101/command.json,prepared_20261001,GP01/runs/formal/barth5/k32/AUTHOR/s101/command.json,779,dd687652fbe2dd989767f10167888292c35734160210381d5d4eafe911e6fce5,1,objects/dd687652fbe2dd989767f10167888292c35734160210381d5d4eafe911e6fce5
GP01/runs/formal/barth5/k32/AUTHOR/s101/gp01_audit.csv,prepared_20261001,GP01/runs/formal/barth5/k32/AUTHOR/s101/gp01_audit.csv,1531,74e4adc3de382d742d81236b7b48630b8bf7afac7b4666985292a633f8908057,1,objects/74e4adc3de382d742d81236b7b48630b8bf7afac7b4666985292a633f8908057
GP01/runs/formal/barth5/k32/AUTHOR/s101/input.graph,prepared_20261001,GP01/runs/formal/barth5/k32/AUTHOR/s101/input.graph,485230,507c0146ed64d87800522939f56bf848939aa0f1c70e2d1aa6e82b7e174a5329,0,objects/507c0146ed64d87800522939f56bf848939aa0f1c70e2d1aa6e82b7e174a5329
GP01/runs/formal/barth5/k32/AUTHOR/s101/input.graph.part32.epsilon0.03.seed101.KaHyPar,prepared_20261001,GP01/runs/formal/barth5/k32/AUTHOR/s101/input.graph.part32.epsilon0.03.seed101.KaHyPar,57570,57a1bd0f1419397c89608ba0983c7abbc261d46b8b790f8c4e300db4aad5418a,0,objects/57a1bd0f1419397c89608ba0983c7abbc261d46b8b790f8c4e300db4aad5418a
GP01/runs/formal/barth5/k32/AUTHOR/s101/stdout.log,prepared_20261001,GP01/runs/formal/barth5/k32/AUTHOR/s101/stdout.log,18037,ad812bc36e1ed3be4899aaee8079b1070d051acee5621d334993fae3b4febd78,0,objects/ad812bc36e1ed3be4899aaee8079b1070d051acee5621d334993fae3b4febd78
GP01/runs/formal/barth5/k32/AUTHOR/s102/command.json,prepared_20261001,GP01/runs/formal/barth5/k32/AUTHOR/s102/command.json,779,fdacc080c6978078a552a4cfa14623ffb72075cf677583129f94aab047e655a3,1,objects/fdacc080c6978078a552a4cfa14623ffb72075cf677583129f94aab047e655a3
GP01/runs/formal/barth5/k32/AUTHOR/s102/gp01_audit.csv,prepared_20261001,GP01/runs/formal/barth5/k32/AUTHOR/s102/gp01_audit.csv,1507,fff1110e3eb0b23cadff404892d1bb180e88d52621bf82766cd03926bdd1e453,1,objects/fff1110e3eb0b23cadff404892d1bb180e88d52621bf82766cd03926bdd1e453
GP01/runs/formal/barth5/k32/AUTHOR/s102/input.graph,prepared_20261001,GP01/runs/formal/barth5/k32/AUTHOR/s102/input.graph,485230,507c0146ed64d87800522939f56bf848939aa0f1c70e2d1aa6e82b7e174a5329,0,objects/507c0146ed64d87800522939f56bf848939aa0f1c70e2d1aa6e82b7e174a5329
GP01/runs/formal/barth5/k32/AUTHOR/s102/input.graph.part32.epsilon0.03.seed102.KaHyPar,prepared_20261001,GP01/runs/formal/barth5/k32/AUTHOR/s102/input.graph.part32.epsilon0.03.seed102.KaHyPar,57570,234a2ae4655ce439d1022b5e4cc022b42183eaf7237a5c6cf6105dd9b23a846f,0,objects/234a2ae4655ce439d1022b5e4cc022b42183eaf7237a5c6cf6105dd9b23a846f
GP01/runs/formal/barth5/k32/AUTHOR/s102/stdout.log,prepared_20261001,GP01/runs/formal/barth5/k32/AUTHOR/s102/stdout.log,18033,8b1b084da1be9fe4bde1d3879fa290233b737983f40252c392e81edd70b6e14b,0,objects/8b1b084da1be9fe4bde1d3879fa290233b737983f40252c392e81edd70b6e14b
GP01/runs/formal/barth5/k32/AVG/s100/command.json,prepared_20261001,GP01/runs/formal/barth5/k32/AVG/s100/command.json,901,d3e57c43bbf5ca898499024c9d29e2ab10b3a6b349f78b98a649bcc0ddaadcf4,1,objects/d3e57c43bbf5ca898499024c9d29e2ab10b3a6b349f78b98a649bcc0ddaadcf4
GP01/runs/formal/barth5/k32/AVG/s100/gp01_audit.csv,prepared_20261001,GP01/runs/formal/barth5/k32/AVG/s100/gp01_audit.csv,1405,04abaee7e5e53e6781f76dfdb683f08ed543b039ddcd19003497208687e05361,1,objects/04abaee7e5e53e6781f76dfdb683f08ed543b039ddcd19003497208687e05361
GP01/runs/formal/barth5/k32/AVG/s100/input.graph,prepared_20261001,GP01/runs/formal/barth5/k32/AVG/s100/input.graph,485230,507c0146ed64d87800522939f56bf848939aa0f1c70e2d1aa6e82b7e174a5329,0,objects/507c0146ed64d87800522939f56bf848939aa0f1c70e2d1aa6e82b7e174a5329
GP01/runs/formal/barth5/k32/AVG/s100/input.graph.part32.epsilon0.03.seed100.KaHyPar,prepared_20261001,GP01/runs/formal/barth5/k32/AVG/s100/input.graph.part32.epsilon0.03.seed100.KaHyPar,57526,27b6837482a028a385851af48a7446df2c439664ba71f7cb88b4b1378b287ee2,0,objects/27b6837482a028a385851af48a7446df2c439664ba71f7cb88b4b1378b287ee2
GP01/runs/formal/barth5/k32/AVG/s100/stdout.log,prepared_20261001,GP01/runs/formal/barth5/k32/AVG/s100/stdout.log,18036,4e825e9c67eaf5384425d018f38ca9001f3897f4d5a3366c6dfa8f0169c1df4b,0,objects/4e825e9c67eaf5384425d018f38ca9001f3897f4d5a3366c6dfa8f0169c1df4b
GP01/runs/formal/barth5/k32/AVG/s101/command.json,prepared_20261001,GP01/runs/formal/barth5/k32/AVG/s101/command.json,901,53fee120ac439c41ac7c8815e951b69d64dd9810f7fd0ec55ef9577b3bc7b9a9,1,objects/53fee120ac439c41ac7c8815e951b69d64dd9810f7fd0ec55ef9577b3bc7b9a9
GP01/runs/formal/barth5/k32/AVG/s101/gp01_audit.csv,prepared_20261001,GP01/runs/formal/barth5/k32/AVG/s101/gp01_audit.csv,1379,9cf0ae14affa2ad9eba995211a38f1c539b2f4c401106f0a0391254ad0f4d58a,1,objects/9cf0ae14affa2ad9eba995211a38f1c539b2f4c401106f0a0391254ad0f4d58a
GP01/runs/formal/barth5/k32/AVG/s101/input.graph,prepared_20261001,GP01/runs/formal/barth5/k32/AVG/s101/input.graph,485230,507c0146ed64d87800522939f56bf848939aa0f1c70e2d1aa6e82b7e174a5329,0,objects/507c0146ed64d87800522939f56bf848939aa0f1c70e2d1aa6e82b7e174a5329
GP01/runs/formal/barth5/k32/AVG/s101/input.graph.part32.epsilon0.03.seed101.KaHyPar,prepared_20261001,GP01/runs/formal/barth5/k32/AVG/s101/input.graph.part32.epsilon0.03.seed101.KaHyPar,57585,0fdf175a7e88e24c2247a1994de79bcc7f45d184491e210a3fa06690446cf7e4,0,objects/0fdf175a7e88e24c2247a1994de79bcc7f45d184491e210a3fa06690446cf7e4
GP01/runs/formal/barth5/k32/AVG/s101/stdout.log,prepared_20261001,GP01/runs/formal/barth5/k32/AVG/s101/stdout.log,18037,b09c01678751327df518ff917442ac65312cdd7d5bcc5c9cbf322668f47c3453,0,objects/b09c01678751327df518ff917442ac65312cdd7d5bcc5c9cbf322668f47c3453
GP01/runs/formal/barth5/k32/AVG/s102/command.json,prepared_20261001,GP01/runs/formal/barth5/k32/AVG/s102/command.json,901,182d2284f2522ef166aff3038bf23cfc95ed59678f0af987c88c733f95c9bf9e,1,objects/182d2284f2522ef166aff3038bf23cfc95ed59678f0af987c88c733f95c9bf9e
GP01/runs/formal/barth5/k32/AVG/s102/gp01_audit.csv,prepared_20261001,GP01/runs/formal/barth5/k32/AVG/s102/gp01_audit.csv,1478,6c18c6f4ce96126a2abbd490bac4e3665f82374c2980eee7dc0c93ecbeecd7ba,1,objects/6c18c6f4ce96126a2abbd490bac4e3665f82374c2980eee7dc0c93ecbeecd7ba
GP01/runs/formal/barth5/k32/AVG/s102/input.graph,prepared_20261001,GP01/runs/formal/barth5/k32/AVG/s102/input.graph,485230,507c0146ed64d87800522939f56bf848939aa0f1c70e2d1aa6e82b7e174a5329,0,objects/507c0146ed64d87800522939f56bf848939aa0f1c70e2d1aa6e82b7e174a5329
GP01/runs/formal/barth5/k32/AVG/s102/input.graph.part32.epsilon0.03.seed102.KaHyPar,prepared_20261001,GP01/runs/formal/barth5/k32/AVG/s102/input.graph.part32.epsilon0.03.seed102.KaHyPar,57573,03278c23be307e47b63834e3e47de55fb4fbd507cadb6f5a943e93bb28030f91,0,objects/03278c23be307e47b63834e3e47de55fb4fbd507cadb6f5a943e93bb28030f91
GP01/runs/formal/barth5/k32/AVG/s102/stdout.log,prepared_20261001,GP01/runs/formal/barth5/k32/AVG/s102/stdout.log,18037,68a626c0459eb5c3867a4915cc79d91302a25d157ea42b91e1cf7fd55e898ef0,0,objects/68a626c0459eb5c3867a4915cc79d91302a25d157ea42b91e1cf7fd55e898ef0
GP01/runs/formal/barth5/k32/BASE/s0/command.json,prepared_20261001,GP01/runs/formal/barth5/k32/BASE/s0/command.json,877,36cf5476d11759f46e9ffc458e3166455175659bb344ae6e81acfb757d999844,1,objects/36cf5476d11759f46e9ffc458e3166455175659bb344ae6e81acfb757d999844
GP01/runs/formal/barth5/k32/BASE/s0/gp01_audit.csv,prepared_20261001,GP01/runs/formal/barth5/k32/BASE/s0/gp01_audit.csv,1414,d74ac7d97a732785c326d5dd2e580e8b968eb7147704f8d8a6eeaff2b7b5a02c,1,objects/d74ac7d97a732785c326d5dd2e580e8b968eb7147704f8d8a6eeaff2b7b5a02c
GP01/runs/formal/barth5/k32/BASE/s0/input.graph,prepared_20261001,GP01/runs/formal/barth5/k32/BASE/s0/input.graph,485230,507c0146ed64d87800522939f56bf848939aa0f1c70e2d1aa6e82b7e174a5329,0,objects/507c0146ed64d87800522939f56bf848939aa0f1c70e2d1aa6e82b7e174a5329
GP01/runs/formal/barth5/k32/BASE/s0/input.graph.part32.epsilon0.03.seed0.KaHyPar,prepared_20261001,GP01/runs/formal/barth5/k32/BASE/s0/input.graph.part32.epsilon0.03.seed0.KaHyPar,57569,b191bcffcf348ffde27fe75e5736c1c5e1d7a446fad7c5cd5869b820f8d3ff9e,0,objects/b191bcffcf348ffde27fe75e5736c1c5e1d7a446fad7c5cd5869b820f8d3ff9e
GP01/runs/formal/barth5/k32/BASE/s0/stdout.log,prepared_20261001,GP01/runs/formal/barth5/k32/BASE/s0/stdout.log,18033,ba1e87eda1cd086d4d1246e68c774b3733d21d6de0406df9021204c21601626d,0,objects/ba1e87eda1cd086d4d1246e68c774b3733d21d6de0406df9021204c21601626d
GP01/runs/formal/barth5/k32/BASE/s1/command.json,prepared_20261001,GP01/runs/formal/barth5/k32/BASE/s1/command.json,877,18b655cfd2efd09869803ee754ad6dae9e4eaefc740ec6230918261d375a699b,1,objects/18b655cfd2efd09869803ee754ad6dae9e4eaefc740ec6230918261d375a699b
GP01/runs/formal/barth5/k32/BASE/s1/gp01_audit.csv,prepared_20261001,GP01/runs/formal/barth5/k32/BASE/s1/gp01_audit.csv,1419,f63cfd9ca2d4db36a1a828b3f5297c368ae9dcbe0ad6dc2fdbf7761881fa3d55,1,objects/f63cfd9ca2d4db36a1a828b3f5297c368ae9dcbe0ad6dc2fdbf7761881fa3d55
GP01/runs/formal/barth5/k32/BASE/s1/input.graph,prepared_20261001,GP01/runs/formal/barth5/k32/BASE/s1/input.graph,485230,507c0146ed64d87800522939f56bf848939aa0f1c70e2d1aa6e82b7e174a5329,0,objects/507c0146ed64d87800522939f56bf848939aa0f1c70e2d1aa6e82b7e174a5329
GP01/runs/formal/barth5/k32/BASE/s1/input.graph.part32.epsilon0.03.seed1.KaHyPar,prepared_20261001,GP01/runs/formal/barth5/k32/BASE/s1/input.graph.part32.epsilon0.03.seed1.KaHyPar,57588,f987a0cc36aff4de7fa438e2d52d2a05c085c792f9335a73a3cc222c31dcfde4,0,objects/f987a0cc36aff4de7fa438e2d52d2a05c085c792f9335a73a3cc222c31dcfde4
GP01/runs/formal/barth5/k32/BASE/s1/stdout.log,prepared_20261001,GP01/runs/formal/barth5/k32/BASE/s1/stdout.log,18031,f498ad333085c21d2dc4609679b5666d7cfa00568a0130590d70207c1845506c,0,objects/f498ad333085c21d2dc4609679b5666d7cfa00568a0130590d70207c1845506c
GP01/runs/formal/barth5/k32/BASE/s100/command.json,prepared_20261001,GP01/runs/formal/barth5/k32/BASE/s100/command.json,881,23561c9d54c085af9ecc274cbc9dbafe40b8a401cf3652c430381b389bd10663,1,objects/23561c9d54c085af9ecc274cbc9dbafe40b8a401cf3652c430381b389bd10663
GP01/runs/formal/barth5/k32/BASE/s100/gp01_audit.csv,prepared_20261001,GP01/runs/formal/barth5/k32/BASE/s100/gp01_audit.csv,1389,9091d74921dc66c391565baddd9a9590c164b4998de8896810d2d7d81bb9e9e8,1,objects/9091d74921dc66c391565baddd9a9590c164b4998de8896810d2d7d81bb9e9e8
GP01/runs/formal/barth5/k32/BASE/s100/input.graph,prepared_20261001,GP01/runs/formal/barth5/k32/BASE/s100/input.graph,485230,507c0146ed64d87800522939f56bf848939aa0f1c70e2d1aa6e82b7e174a5329,0,objects/507c0146ed64d87800522939f56bf848939aa0f1c70e2d1aa6e82b7e174a5329
GP01/runs/formal/barth5/k32/BASE/s100/input.graph.part32.epsilon0.03.seed100.KaHyPar,prepared_20261001,GP01/runs/formal/barth5/k32/BASE/s100/input.graph.part32.epsilon0.03.seed100.KaHyPar,57520,b13724380a7434572a66c95fc3dca5657722b51198b78e400fd6b7c222425e8c,0,objects/b13724380a7434572a66c95fc3dca5657722b51198b78e400fd6b7c222425e8c
GP01/runs/formal/barth5/k32/BASE/s100/stdout.log,prepared_20261001,GP01/runs/formal/barth5/k32/BASE/s100/stdout.log,18036,01ac8bd7a967c532cf17aa07f218bb3f83d8e25e5cd33ddaf43f42f9c111721f,0,objects/01ac8bd7a967c532cf17aa07f218bb3f83d8e25e5cd33ddaf43f42f9c111721f
GP01/runs/formal/barth5/k32/BASE/s101/command.json,prepared_20261001,GP01/runs/formal/barth5/k32/BASE/s101/command.json,881,cb54b57d2000f7080e411f4513c171ed2ed06b7f0bd6b96f3c718cae59fe0a59,1,objects/cb54b57d2000f7080e411f4513c171ed2ed06b7f0bd6b96f3c718cae59fe0a59
GP01/runs/formal/barth5/k32/BASE/s101/gp01_audit.csv,prepared_20261001,GP01/runs/formal/barth5/k32/BASE/s101/gp01_audit.csv,1390,b05bcb54944390e9a7977a329d7d52baa80223dfcd87d2505b316c00e8355366,1,objects/b05bcb54944390e9a7977a329d7d52baa80223dfcd87d2505b316c00e8355366
GP01/runs/formal/barth5/k32/BASE/s101/input.graph,prepared_20261001,GP01/runs/formal/barth5/k32/BASE/s101/input.graph,485230,507c0146ed64d87800522939f56bf848939aa0f1c70e2d1aa6e82b7e174a5329,0,objects/507c0146ed64d87800522939f56bf848939aa0f1c70e2d1aa6e82b7e174a5329
GP01/runs/formal/barth5/k32/BASE/s101/input.graph.part32.epsilon0.03.seed101.KaHyPar,prepared_20261001,GP01/runs/formal/barth5/k32/BASE/s101/input.graph.part32.epsilon0.03.seed101.KaHyPar,57620,f7f460b866851240f2ca33039605812d21fcf58efcf62b4bc625fbf2a7a1aec4,0,objects/f7f460b866851240f2ca33039605812d21fcf58efcf62b4bc625fbf2a7a1aec4
GP01/runs/formal/barth5/k32/BASE/s101/stdout.log,prepared_20261001,GP01/runs/formal/barth5/k32/BASE/s101/stdout.log,18035,46a3f964db4fb25e9950bf64fea82d17477ba8ec2692948c04b2c106b10cf9f9,0,objects/46a3f964db4fb25e9950bf64fea82d17477ba8ec2692948c04b2c106b10cf9f9
GP01/runs/formal/barth5/k32/BASE/s102/command.json,prepared_20261001,GP01/runs/formal/barth5/k32/BASE/s102/command.json,881,b3be1fb76658047b195f7cf44758d1e5dcc6eed3bca51d9a19cedacf1f2473c0,1,objects/b3be1fb76658047b195f7cf44758d1e5dcc6eed3bca51d9a19cedacf1f2473c0
GP01/runs/formal/barth5/k32/BASE/s102/gp01_audit.csv,prepared_20261001,GP01/runs/formal/barth5/k32/BASE/s102/gp01_audit.csv,1392,1b85f565ee5e6c163c30199076e249db3d6cb306308788d03858bf3303371f96,1,objects/1b85f565ee5e6c163c30199076e249db3d6cb306308788d03858bf3303371f96
GP01/runs/formal/barth5/k32/BASE/s102/input.graph,prepared_20261001,GP01/runs/formal/barth5/k32/BASE/s102/input.graph,485230,507c0146ed64d87800522939f56bf848939aa0f1c70e2d1aa6e82b7e174a5329,0,objects/507c0146ed64d87800522939f56bf848939aa0f1c70e2d1aa6e82b7e174a5329
GP01/runs/formal/barth5/k32/BASE/s102/input.graph.part32.epsilon0.03.seed102.KaHyPar,prepared_20261001,GP01/runs/formal/barth5/k32/BASE/s102/input.graph.part32.epsilon0.03.seed102.KaHyPar,57558,cce9272814263b47e011d67a0e02da806b98d1d2c8cbc0a9a74ef08db0fbfc6d,0,objects/cce9272814263b47e011d67a0e02da806b98d1d2c8cbc0a9a74ef08db0fbfc6d
GP01/runs/formal/barth5/k32/BASE/s102/stdout.log,prepared_20261001,GP01/runs/formal/barth5/k32/BASE/s102/stdout.log,18032,9e4c7e35cdfc790041b77bc7f77323b07da8a3cf82e3258f56f291a8083b8300,0,objects/9e4c7e35cdfc790041b77bc7f77323b07da8a3cf82e3258f56f291a8083b8300
GP01/runs/formal/barth5/k32/BASE/s2/command.json,prepared_20261001,GP01/runs/formal/barth5/k32/BASE/s2/command.json,877,d725f7b5b8d1b1914f1a0d28f79ecaf7119a76237f5796d4946acfba389c5645,1,objects/d725f7b5b8d1b1914f1a0d28f79ecaf7119a76237f5796d4946acfba389c5645
GP01/runs/formal/barth5/k32/BASE/s2/gp01_audit.csv,prepared_20261001,GP01/runs/formal/barth5/k32/BASE/s2/gp01_audit.csv,1471,9b29d8cadb68a6bb48a562508bd882922acfcee2a4dcd83a07ac1df838020e37,1,objects/9b29d8cadb68a6bb48a562508bd882922acfcee2a4dcd83a07ac1df838020e37
GP01/runs/formal/barth5/k32/BASE/s2/input.graph,prepared_20261001,GP01/runs/formal/barth5/k32/BASE/s2/input.graph,485230,507c0146ed64d87800522939f56bf848939aa0f1c70e2d1aa6e82b7e174a5329,0,objects/507c0146ed64d87800522939f56bf848939aa0f1c70e2d1aa6e82b7e174a5329
GP01/runs/formal/barth5/k32/BASE/s2/input.graph.part32.epsilon0.03.seed2.KaHyPar,prepared_20261001,GP01/runs/formal/barth5/k32/BASE/s2/input.graph.part32.epsilon0.03.seed2.KaHyPar,57539,217a84a840425baebeea1a458432f069323b989e919a17410c54baf3e4920f6f,0,objects/217a84a840425baebeea1a458432f069323b989e919a17410c54baf3e4920f6f
GP01/runs/formal/barth5/k32/BASE/s2/stdout.log,prepared_20261001,GP01/runs/formal/barth5/k32/BASE/s2/stdout.log,18033,ce0fe2af4b43b99073b5f37b2654b5ede62e3ed2da57366331487664b80915a0,0,objects/ce0fe2af4b43b99073b5f37b2654b5ede62e3ed2da57366331487664b80915a0
GP01/runs/formal/barth5/k32/BASE/s3/command.json,prepared_20261001,GP01/runs/formal/barth5/k32/BASE/s3/command.json,877,88bcf6aff930f072e248594a965ec7cf05033e1569268cb0e07704386c641218,1,objects/88bcf6aff930f072e248594a965ec7cf05033e1569268cb0e07704386c641218
GP01/runs/formal/barth5/k32/BASE/s3/gp01_audit.csv,prepared_20261001,GP01/runs/formal/barth5/k32/BASE/s3/gp01_audit.csv,1518,8f72e14df0cb862651c8746a9dcddbdb42a3283d9bb7a0f04ac10100d8a20691,1,objects/8f72e14df0cb862651c8746a9dcddbdb42a3283d9bb7a0f04ac10100d8a20691
GP01/runs/formal/barth5/k32/BASE/s3/input.graph,prepared_20261001,GP01/runs/formal/barth5/k32/BASE/s3/input.graph,485230,507c0146ed64d87800522939f56bf848939aa0f1c70e2d1aa6e82b7e174a5329,0,objects/507c0146ed64d87800522939f56bf848939aa0f1c70e2d1aa6e82b7e174a5329
GP01/runs/formal/barth5/k32/BASE/s3/input.graph.part32.epsilon0.03.seed3.KaHyPar,prepared_20261001,GP01/runs/formal/barth5/k32/BASE/s3/input.graph.part32.epsilon0.03.seed3.KaHyPar,57641,306a3abeb7cb6b1030b2c7dad088e981f2fdc8e3300a9d3aed775c71454cada0,0,objects/306a3abeb7cb6b1030b2c7dad088e981f2fdc8e3300a9d3aed775c71454cada0
GP01/runs/formal/barth5/k32/BASE/s3/stdout.log,prepared_20261001,GP01/runs/formal/barth5/k32/BASE/s3/stdout.log,18032,0490c606cb7dc883c78216e5587f5db157906c2657a78a14d4512801fa282421,0,objects/0490c606cb7dc883c78216e5587f5db157906c2657a78a14d4512801fa282421
GP01/runs/formal/barth5/k32/BASE/s4/command.json,prepared_20261001,GP01/runs/formal/barth5/k32/BASE/s4/command.json,877,0ebf527c1741120852848e75ef71fd5c125f70dfae1ae1a89e4338a14f040303,1,objects/0ebf527c1741120852848e75ef71fd5c125f70dfae1ae1a89e4338a14f040303
GP01/runs/formal/barth5/k32/BASE/s4/gp01_audit.csv,prepared_20261001,GP01/runs/formal/barth5/k32/BASE/s4/gp01_audit.csv,1445,ef03f16f4af2d78b9c83fe9fcc437c93462e5a6930f217717a3af7cfb05aaa40,1,objects/ef03f16f4af2d78b9c83fe9fcc437c93462e5a6930f217717a3af7cfb05aaa40
GP01/runs/formal/barth5/k32/BASE/s4/input.graph,prepared_20261001,GP01/runs/formal/barth5/k32/BASE/s4/input.graph,485230,507c0146ed64d87800522939f56bf848939aa0f1c70e2d1aa6e82b7e174a5329,0,objects/507c0146ed64d87800522939f56bf848939aa0f1c70e2d1aa6e82b7e174a5329
GP01/runs/formal/barth5/k32/BASE/s4/input.graph.part32.epsilon0.03.seed4.KaHyPar,prepared_20261001,GP01/runs/formal/barth5/k32/BASE/s4/input.graph.part32.epsilon0.03.seed4.KaHyPar,57556,36f2377eefdd1f625d815ecf36435e031cbe1f05490d23987597bca24763a02a,0,objects/36f2377eefdd1f625d815ecf36435e031cbe1f05490d23987597bca24763a02a
GP01/runs/formal/barth5/k32/BASE/s4/stdout.log,prepared_20261001,GP01/runs/formal/barth5/k32/BASE/s4/stdout.log,18032,446b293a4ac3254eae296d67f822e0ee9844dcee12d9a6676e3dacedab03ee06,0,objects/446b293a4ac3254eae296d67f822e0ee9844dcee12d9a6676e3dacedab03ee06
GP01/runs/formal/barth5/k32/BASE/s5/command.json,prepared_20261001,GP01/runs/formal/barth5/k32/BASE/s5/command.json,877,13e9eb960d3a14659ebfea009b4eb5f3aab0a5585d83848a229335f05dcbc5ca,1,objects/13e9eb960d3a14659ebfea009b4eb5f3aab0a5585d83848a229335f05dcbc5ca
GP01/runs/formal/barth5/k32/BASE/s5/gp01_audit.csv,prepared_20261001,GP01/runs/formal/barth5/k32/BASE/s5/gp01_audit.csv,1497,47ffbc71ac71ef5889c665dc52b4c072a1796d5522eb96af1a835623f0c20a36,1,objects/47ffbc71ac71ef5889c665dc52b4c072a1796d5522eb96af1a835623f0c20a36
GP01/runs/formal/barth5/k32/BASE/s5/input.graph,prepared_20261001,GP01/runs/formal/barth5/k32/BASE/s5/input.graph,485230,507c0146ed64d87800522939f56bf848939aa0f1c70e2d1aa6e82b7e174a5329,0,objects/507c0146ed64d87800522939f56bf848939aa0f1c70e2d1aa6e82b7e174a5329
GP01/runs/formal/barth5/k32/BASE/s5/input.graph.part32.epsilon0.03.seed5.KaHyPar,prepared_20261001,GP01/runs/formal/barth5/k32/BASE/s5/input.graph.part32.epsilon0.03.seed5.KaHyPar,57579,4da982a09542294fc2c8cf7bd2d74be08f529ee7a64ce3bddd2306eb044f3458,0,objects/4da982a09542294fc2c8cf7bd2d74be08f529ee7a64ce3bddd2306eb044f3458
GP01/runs/formal/barth5/k32/BASE/s5/stdout.log,prepared_20261001,GP01/runs/formal/barth5/k32/BASE/s5/stdout.log,18032,1fed9510325aee12d118a5cb12720e6cba9d32550b7f6308d59739cc06622d6d,0,objects/1fed9510325aee12d118a5cb12720e6cba9d32550b7f6308d59739cc06622d6d
GP01/runs/formal/barth5/k32/BASE/s6/command.json,prepared_20261001,GP01/runs/formal/barth5/k32/BASE/s6/command.json,877,0a95a31a191670399f7096a3476f74def86b58fb975d15f73a284860a67f7609,1,objects/0a95a31a191670399f7096a3476f74def86b58fb975d15f73a284860a67f7609
GP01/runs/formal/barth5/k32/BASE/s6/gp01_audit.csv,prepared_20261001,GP01/runs/formal/barth5/k32/BASE/s6/gp01_audit.csv,1413,c7e15cb3f3b7e372848be5edb4b948973ab51e9a7185c7a5b05f02824364906a,1,objects/c7e15cb3f3b7e372848be5edb4b948973ab51e9a7185c7a5b05f02824364906a
GP01/runs/formal/barth5/k32/BASE/s6/input.graph,prepared_20261001,GP01/runs/formal/barth5/k32/BASE/s6/input.graph,485230,507c0146ed64d87800522939f56bf848939aa0f1c70e2d1aa6e82b7e174a5329,0,objects/507c0146ed64d87800522939f56bf848939aa0f1c70e2d1aa6e82b7e174a5329
GP01/runs/formal/barth5/k32/BASE/s6/input.graph.part32.epsilon0.03.seed6.KaHyPar,prepared_20261001,GP01/runs/formal/barth5/k32/BASE/s6/input.graph.part32.epsilon0.03.seed6.KaHyPar,57598,ef0385ab4a191cf9405c22a8dadd47715d64cac437d3842c85195bb187064ef4,0,objects/ef0385ab4a191cf9405c22a8dadd47715d64cac437d3842c85195bb187064ef4
GP01/runs/formal/barth5/k32/BASE/s6/stdout.log,prepared_20261001,GP01/runs/formal/barth5/k32/BASE/s6/stdout.log,18029,95eaa70221a9bbf4a31587b67cc03a80a919403628660707d6bf3557232cb35a,0,objects/95eaa70221a9bbf4a31587b67cc03a80a919403628660707d6bf3557232cb35a
GP01/runs/formal/barth5/k32/BASE/s7/command.json,prepared_20261001,GP01/runs/formal/barth5/k32/BASE/s7/command.json,877,e69a1460d82827ba18dd9f6611c7ccd465ffefa704883255f2d40081e1f71a6e,1,objects/e69a1460d82827ba18dd9f6611c7ccd465ffefa704883255f2d40081e1f71a6e
GP01/runs/formal/barth5/k32/BASE/s7/gp01_audit.csv,prepared_20261001,GP01/runs/formal/barth5/k32/BASE/s7/gp01_audit.csv,1336,13ebd63149d60fda2c0407909d6a68733626c4f566efabc9e8bcbf1c95f68f72,1,objects/13ebd63149d60fda2c0407909d6a68733626c4f566efabc9e8bcbf1c95f68f72
GP01/runs/formal/barth5/k32/BASE/s7/input.graph,prepared_20261001,GP01/runs/formal/barth5/k32/BASE/s7/input.graph,485230,507c0146ed64d87800522939f56bf848939aa0f1c70e2d1aa6e82b7e174a5329,0,objects/507c0146ed64d87800522939f56bf848939aa0f1c70e2d1aa6e82b7e174a5329
GP01/runs/formal/barth5/k32/BASE/s7/input.graph.part32.epsilon0.03.seed7.KaHyPar,prepared_20261001,GP01/runs/formal/barth5/k32/BASE/s7/input.graph.part32.epsilon0.03.seed7.KaHyPar,57541,01f050b5071ce5daa870537775df74f0399b54649c127ae18a424531fc2e6ce4,0,objects/01f050b5071ce5daa870537775df74f0399b54649c127ae18a424531fc2e6ce4
GP01/runs/formal/barth5/k32/BASE/s7/stdout.log,prepared_20261001,GP01/runs/formal/barth5/k32/BASE/s7/stdout.log,18033,8c0349217f3b9db46b07d071a0ae63c207415f977344ff1b5b4efa7389614eaf,0,objects/8c0349217f3b9db46b07d071a0ae63c207415f977344ff1b5b4efa7389614eaf
GP01/runs/formal/barth5/k32/BASE/s8/command.json,prepared_20261001,GP01/runs/formal/barth5/k32/BASE/s8/command.json,877,a05d3e06e50d719ae404ea19ac58102da8e77b952851cf41aef8986495b94893,1,objects/a05d3e06e50d719ae404ea19ac58102da8e77b952851cf41aef8986495b94893
GP01/runs/formal/barth5/k32/BASE/s8/gp01_audit.csv,prepared_20261001,GP01/runs/formal/barth5/k32/BASE/s8/gp01_audit.csv,1441,c4feae99e1550c1be59ca1d1ecd98fd95aa879741223cc7e5a4f39ec04bf478f,1,objects/c4feae99e1550c1be59ca1d1ecd98fd95aa879741223cc7e5a4f39ec04bf478f
GP01/runs/formal/barth5/k32/BASE/s8/input.graph,prepared_20261001,GP01/runs/formal/barth5/k32/BASE/s8/input.graph,485230,507c0146ed64d87800522939f56bf848939aa0f1c70e2d1aa6e82b7e174a5329,0,objects/507c0146ed64d87800522939f56bf848939aa0f1c70e2d1aa6e82b7e174a5329
GP01/runs/formal/barth5/k32/BASE/s8/input.graph.part32.epsilon0.03.seed8.KaHyPar,prepared_20261001,GP01/runs/formal/barth5/k32/BASE/s8/input.graph.part32.epsilon0.03.seed8.KaHyPar,57603,6b6b082295e48f8f9053d14d9e2ea6913bd4f5dc739c9a850788fb0c6818d247,0,objects/6b6b082295e48f8f9053d14d9e2ea6913bd4f5dc739c9a850788fb0c6818d247
GP01/runs/formal/barth5/k32/BASE/s8/stdout.log,prepared_20261001,GP01/runs/formal/barth5/k32/BASE/s8/stdout.log,18033,f3629e11a34d5991bfa65f5c8258557cda05a06dcba6bf704e5d898bc49f3083,0,objects/f3629e11a34d5991bfa65f5c8258557cda05a06dcba6bf704e5d898bc49f3083
GP01/runs/formal/barth5/k32/BASE/s9/command.json,prepared_20261001,GP01/runs/formal/barth5/k32/BASE/s9/command.json,877,f27fe080231952df26302f6b34d51edff0c0da4db0d3a316243bb5932b1d03f5,1,objects/f27fe080231952df26302f6b34d51edff0c0da4db0d3a316243bb5932b1d03f5
GP01/runs/formal/barth5/k32/BASE/s9/gp01_audit.csv,prepared_20261001,GP01/runs/formal/barth5/k32/BASE/s9/gp01_audit.csv,1391,eed9138753e836e5206d42f5948fefe5ac0c6a262f9bccc17db397401ee91667,1,objects/eed9138753e836e5206d42f5948fefe5ac0c6a262f9bccc17db397401ee91667
GP01/runs/formal/barth5/k32/BASE/s9/input.graph,prepared_20261001,GP01/runs/formal/barth5/k32/BASE/s9/input.graph,485230,507c0146ed64d87800522939f56bf848939aa0f1c70e2d1aa6e82b7e174a5329,0,objects/507c0146ed64d87800522939f56bf848939aa0f1c70e2d1aa6e82b7e174a5329
GP01/runs/formal/barth5/k32/BASE/s9/input.graph.part32.epsilon0.03.seed9.KaHyPar,prepared_20261001,GP01/runs/formal/barth5/k32/BASE/s9/input.graph.part32.epsilon0.03.seed9.KaHyPar,57577,c37570716431d2da75d8a9eaa3e1d4ceb28eba69b0806262ff34e1f223924c98,0,objects/c37570716431d2da75d8a9eaa3e1d4ceb28eba69b0806262ff34e1f223924c98
GP01/runs/formal/barth5/k32/BASE/s9/stdout.log,prepared_20261001,GP01/runs/formal/barth5/k32/BASE/s9/stdout.log,18032,5c0d00b625c432b739dad2e0d079f25f852121857967a71351a48f7c6c246804,0,objects/5c0d00b625c432b739dad2e0d079f25f852121857967a71351a48f7c6c246804
GP01/runs/formal/barth5/k32/CAL-EXACT/s100/command.json,prepared_20261001,GP01/runs/formal/barth5/k32/CAL-EXACT/s100/command.json,913,6ebb13933cda5dffdea584e5d05158b8923c592ec93b69c14b297f4ef7cdbbf4,1,objects/6ebb13933cda5dffdea584e5d05158b8923c592ec93b69c14b297f4ef7cdbbf4
GP01/runs/formal/barth5/k32/CAL-EXACT/s100/gp01_audit.csv,prepared_20261001,GP01/runs/formal/barth5/k32/CAL-EXACT/s100/gp01_audit.csv,1431,a6973c4d5f5513c86f0618fffb089ef7e7fd196d15c0dda1ba970f536a5a1aae,1,objects/a6973c4d5f5513c86f0618fffb089ef7e7fd196d15c0dda1ba970f536a5a1aae
GP01/runs/formal/barth5/k32/CAL-EXACT/s100/input.graph,prepared_20261001,GP01/runs/formal/barth5/k32/CAL-EXACT/s100/input.graph,485230,507c0146ed64d87800522939f56bf848939aa0f1c70e2d1aa6e82b7e174a5329,0,objects/507c0146ed64d87800522939f56bf848939aa0f1c70e2d1aa6e82b7e174a5329
GP01/runs/formal/barth5/k32/CAL-EXACT/s100/input.graph.part32.epsilon0.03.seed100.KaHyPar,prepared_20261001,GP01/runs/formal/barth5/k32/CAL-EXACT/s100/input.graph.part32.epsilon0.03.seed100.KaHyPar,57582,ea8fd1d532fe4d88f28d1eec00f912c34c974bfcf17a171d453949250ff0155a,0,objects/ea8fd1d532fe4d88f28d1eec00f912c34c974bfcf17a171d453949250ff0155a
GP01/runs/formal/barth5/k32/CAL-EXACT/s100/stdout.log,prepared_20261001,GP01/runs/formal/barth5/k32/CAL-EXACT/s100/stdout.log,18037,106a16ba76e3884a4b64d049cd21e28e1f72c42ff425a81a4d70413b2f5b33e7,0,objects/106a16ba76e3884a4b64d049cd21e28e1f72c42ff425a81a4d70413b2f5b33e7
GP01/runs/formal/barth5/k32/CAL-EXACT/s101/command.json,prepared_20261001,GP01/runs/formal/barth5/k32/CAL-EXACT/s101/command.json,913,fba5cd6662989099f4b938bc0c2adb659a6f5169a8bd9d612541e2b5f292ad98,1,objects/fba5cd6662989099f4b938bc0c2adb659a6f5169a8bd9d612541e2b5f292ad98
GP01/runs/formal/barth5/k32/CAL-EXACT/s101/gp01_audit.csv,prepared_20261001,GP01/runs/formal/barth5/k32/CAL-EXACT/s101/gp01_audit.csv,1431,62cd3bccc102d2e71ea66e4892768a6ae79e5b7fa897c19e13a867d7dae488bf,1,objects/62cd3bccc102d2e71ea66e4892768a6ae79e5b7fa897c19e13a867d7dae488bf
GP01/runs/formal/barth5/k32/CAL-EXACT/s101/input.graph,prepared_20261001,GP01/runs/formal/barth5/k32/CAL-EXACT/s101/input.graph,485230,507c0146ed64d87800522939f56bf848939aa0f1c70e2d1aa6e82b7e174a5329,0,objects/507c0146ed64d87800522939f56bf848939aa0f1c70e2d1aa6e82b7e174a5329
GP01/runs/formal/barth5/k32/CAL-EXACT/s101/input.graph.part32.epsilon0.03.seed101.KaHyPar,prepared_20261001,GP01/runs/formal/barth5/k32/CAL-EXACT/s101/input.graph.part32.epsilon0.03.seed101.KaHyPar,57606,6ea71c60535d956d8a7b5521d3bead523e211c1ad6fefcfaacc687add2335462,0,objects/6ea71c60535d956d8a7b5521d3bead523e211c1ad6fefcfaacc687add2335462
GP01/runs/formal/barth5/k32/CAL-EXACT/s101/stdout.log,prepared_20261001,GP01/runs/formal/barth5/k32/CAL-EXACT/s101/stdout.log,18037,876011898d72fd1ed3c6abff80a7687a36ce3a31404c2735e2d1594c583e0a06,0,objects/876011898d72fd1ed3c6abff80a7687a36ce3a31404c2735e2d1594c583e0a06
GP01/runs/formal/barth5/k32/CAL-EXACT/s102/command.json,prepared_20261001,GP01/runs/formal/barth5/k32/CAL-EXACT/s102/command.json,913,c80ca206fb4228f12246ba43d9f7f2cef80e505c017c9670e88705afb39e6925,1,objects/c80ca206fb4228f12246ba43d9f7f2cef80e505c017c9670e88705afb39e6925
GP01/runs/formal/barth5/k32/CAL-EXACT/s102/gp01_audit.csv,prepared_20261001,GP01/runs/formal/barth5/k32/CAL-EXACT/s102/gp01_audit.csv,1451,0003a5dc2b6ed49768dbbc8563aefa6039ef71f82d33da88a280ba36abffb0d1,1,objects/0003a5dc2b6ed49768dbbc8563aefa6039ef71f82d33da88a280ba36abffb0d1
GP01/runs/formal/barth5/k32/CAL-EXACT/s102/input.graph,prepared_20261001,GP01/runs/formal/barth5/k32/CAL-EXACT/s102/input.graph,485230,507c0146ed64d87800522939f56bf848939aa0f1c70e2d1aa6e82b7e174a5329,0,objects/507c0146ed64d87800522939f56bf848939aa0f1c70e2d1aa6e82b7e174a5329
GP01/runs/formal/barth5/k32/CAL-EXACT/s102/input.graph.part32.epsilon0.03.seed102.KaHyPar,prepared_20261001,GP01/runs/formal/barth5/k32/CAL-EXACT/s102/input.graph.part32.epsilon0.03.seed102.KaHyPar,57539,ef2bc9b6c4d380ae5877569d674b9720f40c4b1685e439cbf18d0d1bdc864835,0,objects/ef2bc9b6c4d380ae5877569d674b9720f40c4b1685e439cbf18d0d1bdc864835
GP01/runs/formal/barth5/k32/CAL-EXACT/s102/stdout.log,prepared_20261001,GP01/runs/formal/barth5/k32/CAL-EXACT/s102/stdout.log,18036,137e55c1ea1ce9dd2ed9087fa63c2b1261bcf4c378029c8f8f1da556e291f36c,0,objects/137e55c1ea1ce9dd2ed9087fa63c2b1261bcf4c378029c8f8f1da556e291f36c
GP01/runs/formal/barth5/k32/CAL-TIE/s100/command.json,prepared_20261001,GP01/runs/formal/barth5/k32/CAL-TIE/s100/command.json,909,89a92b83526af5ed1579544b2ecc3b51c3b940cada02c90a94b5d5ef4008231e,1,objects/89a92b83526af5ed1579544b2ecc3b51c3b940cada02c90a94b5d5ef4008231e
GP01/runs/formal/barth5/k32/CAL-TIE/s100/gp01_audit.csv,prepared_20261001,GP01/runs/formal/barth5/k32/CAL-TIE/s100/gp01_audit.csv,1426,e2c2cf1861592da9e40af6cbcdd716a15845aa6522a94b55c813b7a1e54d0f7d,1,objects/e2c2cf1861592da9e40af6cbcdd716a15845aa6522a94b55c813b7a1e54d0f7d
GP01/runs/formal/barth5/k32/CAL-TIE/s100/input.graph,prepared_20261001,GP01/runs/formal/barth5/k32/CAL-TIE/s100/input.graph,485230,507c0146ed64d87800522939f56bf848939aa0f1c70e2d1aa6e82b7e174a5329,0,objects/507c0146ed64d87800522939f56bf848939aa0f1c70e2d1aa6e82b7e174a5329
GP01/runs/formal/barth5/k32/CAL-TIE/s100/input.graph.part32.epsilon0.03.seed100.KaHyPar,prepared_20261001,GP01/runs/formal/barth5/k32/CAL-TIE/s100/input.graph.part32.epsilon0.03.seed100.KaHyPar,57611,ef2d37fd80addcf100b54e028f9ae2ad383575771b21d91b0c2166c62c614e40,0,objects/ef2d37fd80addcf100b54e028f9ae2ad383575771b21d91b0c2166c62c614e40
GP01/runs/formal/barth5/k32/CAL-TIE/s100/stdout.log,prepared_20261001,GP01/runs/formal/barth5/k32/CAL-TIE/s100/stdout.log,18033,2bc03a2addf04d42cd2b1beac078d1b5fa5e0b9287e2fff81c45b33cca5e4590,0,objects/2bc03a2addf04d42cd2b1beac078d1b5fa5e0b9287e2fff81c45b33cca5e4590
GP01/runs/formal/barth5/k32/CAL-TIE/s101/command.json,prepared_20261001,GP01/runs/formal/barth5/k32/CAL-TIE/s101/command.json,909,f52453a6d2dd742e404c00d13a46a9a771a3f3deb28b5c690bf2e306ae6761ab,1,objects/f52453a6d2dd742e404c00d13a46a9a771a3f3deb28b5c690bf2e306ae6761ab
GP01/runs/formal/barth5/k32/CAL-TIE/s101/gp01_audit.csv,prepared_20261001,GP01/runs/formal/barth5/k32/CAL-TIE/s101/gp01_audit.csv,1426,172a37813abcacb5d35987a7cca03d1065c5b7b86e30c722ef495d1cc831fb54,1,objects/172a37813abcacb5d35987a7cca03d1065c5b7b86e30c722ef495d1cc831fb54
GP01/runs/formal/barth5/k32/CAL-TIE/s101/input.graph,prepared_20261001,GP01/runs/formal/barth5/k32/CAL-TIE/s101/input.graph,485230,507c0146ed64d87800522939f56bf848939aa0f1c70e2d1aa6e82b7e174a5329,0,objects/507c0146ed64d87800522939f56bf848939aa0f1c70e2d1aa6e82b7e174a5329
GP01/runs/formal/barth5/k32/CAL-TIE/s101/input.graph.part32.epsilon0.03.seed101.KaHyPar,prepared_20261001,GP01/runs/formal/barth5/k32/CAL-TIE/s101/input.graph.part32.epsilon0.03.seed101.KaHyPar,57580,5089791fdf38922fae20535e9c3deee70b1c1c3f40ccd0470a5355c78c506b10,0,objects/5089791fdf38922fae20535e9c3deee70b1c1c3f40ccd0470a5355c78c506b10
GP01/runs/formal/barth5/k32/CAL-TIE/s101/stdout.log,prepared_20261001,GP01/runs/formal/barth5/k32/CAL-TIE/s101/stdout.log,18035,9f9df972049460c981e0a67d91f655cde9a07be6188311f408d6c176148737b3,0,objects/9f9df972049460c981e0a67d91f655cde9a07be6188311f408d6c176148737b3
GP01/runs/formal/barth5/k32/CAL-TIE/s102/command.json,prepared_20261001,GP01/runs/formal/barth5/k32/CAL-TIE/s102/command.json,909,74067a48349ad70ef7a79eb4259b5096660b52877693738fba362cd17d401efc,1,objects/74067a48349ad70ef7a79eb4259b5096660b52877693738fba362cd17d401efc
GP01/runs/formal/barth5/k32/CAL-TIE/s102/gp01_audit.csv,prepared_20261001,GP01/runs/formal/barth5/k32/CAL-TIE/s102/gp01_audit.csv,1451,3e70b50848796698156fcb3a55d97f08c9546538d259c607c854da58315c3d70,1,objects/3e70b50848796698156fcb3a55d97f08c9546538d259c607c854da58315c3d70
GP01/runs/formal/barth5/k32/CAL-TIE/s102/input.graph,prepared_20261001,GP01/runs/formal/barth5/k32/CAL-TIE/s102/input.graph,485230,507c0146ed64d87800522939f56bf848939aa0f1c70e2d1aa6e82b7e174a5329,0,objects/507c0146ed64d87800522939f56bf848939aa0f1c70e2d1aa6e82b7e174a5329
GP01/runs/formal/barth5/k32/CAL-TIE/s102/input.graph.part32.epsilon0.03.seed102.KaHyPar,prepared_20261001,GP01/runs/formal/barth5/k32/CAL-TIE/s102/input.graph.part32.epsilon0.03.seed102.KaHyPar,57520,036313f512efb88ccbaddec0b983ba4b5fe451ecf6d61129528ee55df98182d1,0,objects/036313f512efb88ccbaddec0b983ba4b5fe451ecf6d61129528ee55df98182d1
GP01/runs/formal/barth5/k32/CAL-TIE/s102/stdout.log,prepared_20261001,GP01/runs/formal/barth5/k32/CAL-TIE/s102/stdout.log,18035,cb1b0baf34780b5574a8b42cd0bef311122b9347db5cbd4c4dd632cd19267c42,0,objects/cb1b0baf34780b5574a8b42cd0bef311122b9347db5cbd4c4dd632cd19267c42
GP01/runs/formal/barth5/k32/K/s100/command.json,prepared_20261001,GP01/runs/formal/barth5/k32/K/s100/command.json,897,fda2127f8a51e3bfafee689e4d230996eb08722563585f824faa433dd1dc43a6,1,objects/fda2127f8a51e3bfafee689e4d230996eb08722563585f824faa433dd1dc43a6
GP01/runs/formal/barth5/k32/K/s100/gp01_audit.csv,prepared_20261001,GP01/runs/formal/barth5/k32/K/s100/gp01_audit.csv,1453,f3d89d843535f75c08143613a99ed487f3425709703c8fa5290fe583b24e6bc4,1,objects/f3d89d843535f75c08143613a99ed487f3425709703c8fa5290fe583b24e6bc4
GP01/runs/formal/barth5/k32/K/s100/input.graph,prepared_20261001,GP01/runs/formal/barth5/k32/K/s100/input.graph,485230,507c0146ed64d87800522939f56bf848939aa0f1c70e2d1aa6e82b7e174a5329,0,objects/507c0146ed64d87800522939f56bf848939aa0f1c70e2d1aa6e82b7e174a5329
GP01/runs/formal/barth5/k32/K/s100/input.graph.part32.epsilon0.03.seed100.KaHyPar,prepared_20261001,GP01/runs/formal/barth5/k32/K/s100/input.graph.part32.epsilon0.03.seed100.KaHyPar,57623,94e4aa1985de755854f6b5118a11a835d7594c94e7b9c33ac9f1213c96e3cb88,0,objects/94e4aa1985de755854f6b5118a11a835d7594c94e7b9c33ac9f1213c96e3cb88
GP01/runs/formal/barth5/k32/K/s100/stdout.log,prepared_20261001,GP01/runs/formal/barth5/k32/K/s100/stdout.log,18035,3241c13faa0343f121dfee7cd90b1b8980f7629a4b34dd1aeef5253422ac651a,0,objects/3241c13faa0343f121dfee7cd90b1b8980f7629a4b34dd1aeef5253422ac651a
GP01/runs/formal/barth5/k32/K/s101/command.json,prepared_20261001,GP01/runs/formal/barth5/k32/K/s101/command.json,897,601cdd65758caf3d6246b733393f592f26c606d272b76259034eee5f36362807,1,objects/601cdd65758caf3d6246b733393f592f26c606d272b76259034eee5f36362807
GP01/runs/formal/barth5/k32/K/s101/gp01_audit.csv,prepared_20261001,GP01/runs/formal/barth5/k32/K/s101/gp01_audit.csv,1456,d1c08c8fe462ed3f7bde58f7e3cbc47ef8228cad68561ec24865bf7892dba2c1,1,objects/d1c08c8fe462ed3f7bde58f7e3cbc47ef8228cad68561ec24865bf7892dba2c1
GP01/runs/formal/barth5/k32/K/s101/input.graph,prepared_20261001,GP01/runs/formal/barth5/k32/K/s101/input.graph,485230,507c0146ed64d87800522939f56bf848939aa0f1c70e2d1aa6e82b7e174a5329,0,objects/507c0146ed64d87800522939f56bf848939aa0f1c70e2d1aa6e82b7e174a5329
GP01/runs/formal/barth5/k32/K/s101/input.graph.part32.epsilon0.03.seed101.KaHyPar,prepared_20261001,GP01/runs/formal/barth5/k32/K/s101/input.graph.part32.epsilon0.03.seed101.KaHyPar,57567,9a9737897bcb3f7eabb4e58c6cd0625b8a3a337d69e05e751206a10bff3661fb,0,objects/9a9737897bcb3f7eabb4e58c6cd0625b8a3a337d69e05e751206a10bff3661fb
GP01/runs/formal/barth5/k32/K/s101/stdout.log,prepared_20261001,GP01/runs/formal/barth5/k32/K/s101/stdout.log,18032,e8d98216481525f3b017cccc65fa01f0ef8906db1b20a11b8207b419cf90cd00,0,objects/e8d98216481525f3b017cccc65fa01f0ef8906db1b20a11b8207b419cf90cd00
GP01/runs/formal/barth5/k32/K/s102/command.json,prepared_20261001,GP01/runs/formal/barth5/k32/K/s102/command.json,897,da0169460ea2821d25e759e75ef20ca7b7a15cd12b21221bf32158df939c31e3,1,objects/da0169460ea2821d25e759e75ef20ca7b7a15cd12b21221bf32158df939c31e3
GP01/runs/formal/barth5/k32/K/s102/gp01_audit.csv,prepared_20261001,GP01/runs/formal/barth5/k32/K/s102/gp01_audit.csv,1457,c43f170cb532626e031aa17d4442e5acdbbd8f33edc3c53f06311abb4d79991f,1,objects/c43f170cb532626e031aa17d4442e5acdbbd8f33edc3c53f06311abb4d79991f
GP01/runs/formal/barth5/k32/K/s102/input.graph,prepared_20261001,GP01/runs/formal/barth5/k32/K/s102/input.graph,485230,507c0146ed64d87800522939f56bf848939aa0f1c70e2d1aa6e82b7e174a5329,0,objects/507c0146ed64d87800522939f56bf848939aa0f1c70e2d1aa6e82b7e174a5329
GP01/runs/formal/barth5/k32/K/s102/input.graph.part32.epsilon0.03.seed102.KaHyPar,prepared_20261001,GP01/runs/formal/barth5/k32/K/s102/input.graph.part32.epsilon0.03.seed102.KaHyPar,57533,69e1a0c80b71f670f034cb7ec160dc19743e45bbbe3cdd3735e97167f5b9b633,0,objects/69e1a0c80b71f670f034cb7ec160dc19743e45bbbe3cdd3735e97167f5b9b633
GP01/runs/formal/barth5/k32/K/s102/stdout.log,prepared_20261001,GP01/runs/formal/barth5/k32/K/s102/stdout.log,18037,e41fdd97b0fbd0215f386422fe91f39beca14587680b6d95d42b7bd2bcefb33d,0,objects/e41fdd97b0fbd0215f386422fe91f39beca14587680b6d95d42b7bd2bcefb33d
GP01/runs/formal/barth5/k4/AUTHOR/s100/command.json,prepared_20261001,GP01/runs/formal/barth5/k4/AUTHOR/s100/command.json,777,89aa7236f5f92bc9b8eb468a8f8696712823ba704ee4bea39cff5b0271436150,1,objects/89aa7236f5f92bc9b8eb468a8f8696712823ba704ee4bea39cff5b0271436150
GP01/runs/formal/barth5/k4/AUTHOR/s100/gp01_audit.csv,prepared_20261001,GP01/runs/formal/barth5/k4/AUTHOR/s100/gp01_audit.csv,352,843289fa5a422db3ceca98614ef75e53e6178447b6818293b15f32642073c186,1,objects/843289fa5a422db3ceca98614ef75e53e6178447b6818293b15f32642073c186
GP01/runs/formal/barth5/k4/AUTHOR/s100/input.graph,prepared_20261001,GP01/runs/formal/barth5/k4/AUTHOR/s100/input.graph,485230,507c0146ed64d87800522939f56bf848939aa0f1c70e2d1aa6e82b7e174a5329,0,objects/507c0146ed64d87800522939f56bf848939aa0f1c70e2d1aa6e82b7e174a5329
GP01/runs/formal/barth5/k4/AUTHOR/s100/input.graph.part4.epsilon0.03.seed100.KaHyPar,prepared_20261001,GP01/runs/formal/barth5/k4/AUTHOR/s100/input.graph.part4.epsilon0.03.seed100.KaHyPar,46818,b25bc0fa7521101f0f294af4f7fe12137fb758a7027f584ea1c7554a2bb084d3,0,objects/b25bc0fa7521101f0f294af4f7fe12137fb758a7027f584ea1c7554a2bb084d3
GP01/runs/formal/barth5/k4/AUTHOR/s100/stdout.log,prepared_20261001,GP01/runs/formal/barth5/k4/AUTHOR/s100/stdout.log,13744,e7b8892de2be17536820f1284910107db9f71e22856f5e6ca446f6d64ce42c4b,0,objects/e7b8892de2be17536820f1284910107db9f71e22856f5e6ca446f6d64ce42c4b
GP01/runs/formal/barth5/k4/AUTHOR/s101/command.json,prepared_20261001,GP01/runs/formal/barth5/k4/AUTHOR/s101/command.json,777,031795b3930dcc7734f00b36026c4ef8b52549046e3f292f9f7c1c7f40c1d1ca,1,objects/031795b3930dcc7734f00b36026c4ef8b52549046e3f292f9f7c1c7f40c1d1ca
GP01/runs/formal/barth5/k4/AUTHOR/s101/gp01_audit.csv,prepared_20261001,GP01/runs/formal/barth5/k4/AUTHOR/s101/gp01_audit.csv,352,75d1de8817fadd56a50e6e80488a9e573232127cad6539badf0b6ce94063c8fb,1,objects/75d1de8817fadd56a50e6e80488a9e573232127cad6539badf0b6ce94063c8fb
GP01/runs/formal/barth5/k4/AUTHOR/s101/input.graph,prepared_20261001,GP01/runs/formal/barth5/k4/AUTHOR/s101/input.graph,485230,507c0146ed64d87800522939f56bf848939aa0f1c70e2d1aa6e82b7e174a5329,0,objects/507c0146ed64d87800522939f56bf848939aa0f1c70e2d1aa6e82b7e174a5329
GP01/runs/formal/barth5/k4/AUTHOR/s101/input.graph.part4.epsilon0.03.seed101.KaHyPar,prepared_20261001,GP01/runs/formal/barth5/k4/AUTHOR/s101/input.graph.part4.epsilon0.03.seed101.KaHyPar,46818,239c7e1b302c0a1bced2aa291ea1215adecf09cd7fed30f425363ed405216f72,0,objects/239c7e1b302c0a1bced2aa291ea1215adecf09cd7fed30f425363ed405216f72
GP01/runs/formal/barth5/k4/AUTHOR/s101/stdout.log,prepared_20261001,GP01/runs/formal/barth5/k4/AUTHOR/s101/stdout.log,13745,6aee1f4bb02bc47db784b7c1fc15971bc29a056db9ba2690cafa734b4ab0e99c,0,objects/6aee1f4bb02bc47db784b7c1fc15971bc29a056db9ba2690cafa734b4ab0e99c
GP01/runs/formal/barth5/k4/AUTHOR/s102/command.json,prepared_20261001,GP01/runs/formal/barth5/k4/AUTHOR/s102/command.json,777,7a97a0f84937ef441d60cf2b1dcece905e10289d17df5d94f5c3540f9e573639,1,objects/7a97a0f84937ef441d60cf2b1dcece905e10289d17df5d94f5c3540f9e573639
GP01/runs/formal/barth5/k4/AUTHOR/s102/gp01_audit.csv,prepared_20261001,GP01/runs/formal/barth5/k4/AUTHOR/s102/gp01_audit.csv,325,ed906861a4376025093a55521f7687203c118c5431726dbd9c6674d6a43ff33d,1,objects/ed906861a4376025093a55521f7687203c118c5431726dbd9c6674d6a43ff33d
GP01/runs/formal/barth5/k4/AUTHOR/s102/input.graph,prepared_20261001,GP01/runs/formal/barth5/k4/AUTHOR/s102/input.graph,485230,507c0146ed64d87800522939f56bf848939aa0f1c70e2d1aa6e82b7e174a5329,0,objects/507c0146ed64d87800522939f56bf848939aa0f1c70e2d1aa6e82b7e174a5329
GP01/runs/formal/barth5/k4/AUTHOR/s102/input.graph.part4.epsilon0.03.seed102.KaHyPar,prepared_20261001,GP01/runs/formal/barth5/k4/AUTHOR/s102/input.graph.part4.epsilon0.03.seed102.KaHyPar,46818,bbb94e3b452684e0b09e32ae9b0939ba84b32a6089b20fe14cdbb458ed0a6251,0,objects/bbb94e3b452684e0b09e32ae9b0939ba84b32a6089b20fe14cdbb458ed0a6251
GP01/runs/formal/barth5/k4/AUTHOR/s102/stdout.log,prepared_20261001,GP01/runs/formal/barth5/k4/AUTHOR/s102/stdout.log,13744,17ad9bff12792b4d762d639b9328e36f07e5454a41d67a5cd41616b55086606d,0,objects/17ad9bff12792b4d762d639b9328e36f07e5454a41d67a5cd41616b55086606d
GP01/runs/formal/barth5/k4/AVG/s100/command.json,prepared_20261001,GP01/runs/formal/barth5/k4/AVG/s100/command.json,898,3fd79b8e9787c87d4125bc3f0740bb66308dc67a1d7ca9e195d7517257b52ee6,1,objects/3fd79b8e9787c87d4125bc3f0740bb66308dc67a1d7ca9e195d7517257b52ee6
GP01/runs/formal/barth5/k4/AVG/s100/gp01_audit.csv,prepared_20261001,GP01/runs/formal/barth5/k4/AVG/s100/gp01_audit.csv,328,c051e65e1c706c3c7e78997eaa7d2bd6e5f55a424c6bc1fbfb55b165012b6304,1,objects/c051e65e1c706c3c7e78997eaa7d2bd6e5f55a424c6bc1fbfb55b165012b6304
GP01/runs/formal/barth5/k4/AVG/s100/input.graph,prepared_20261001,GP01/runs/formal/barth5/k4/AVG/s100/input.graph,485230,507c0146ed64d87800522939f56bf848939aa0f1c70e2d1aa6e82b7e174a5329,0,objects/507c0146ed64d87800522939f56bf848939aa0f1c70e2d1aa6e82b7e174a5329
GP01/runs/formal/barth5/k4/AVG/s100/input.graph.part4.epsilon0.03.seed100.KaHyPar,prepared_20261001,GP01/runs/formal/barth5/k4/AVG/s100/input.graph.part4.epsilon0.03.seed100.KaHyPar,46818,257dd78514a574765b86948e558fb5373b85c2af561791ac9cfd14ddd3f81411,0,objects/257dd78514a574765b86948e558fb5373b85c2af561791ac9cfd14ddd3f81411
GP01/runs/formal/barth5/k4/AVG/s100/stdout.log,prepared_20261001,GP01/runs/formal/barth5/k4/AVG/s100/stdout.log,13743,b5c0f49450f6df13afd1555f11d97dcd0b3985999cb549cccc27a832cb64523e,0,objects/b5c0f49450f6df13afd1555f11d97dcd0b3985999cb549cccc27a832cb64523e
GP01/runs/formal/barth5/k4/AVG/s101/command.json,prepared_20261001,GP01/runs/formal/barth5/k4/AVG/s101/command.json,898,2080c3e7c2167271776f45f8dd281f30a302472c6be85b1cfe2a5268b8ad28f7,1,objects/2080c3e7c2167271776f45f8dd281f30a302472c6be85b1cfe2a5268b8ad28f7
GP01/runs/formal/barth5/k4/AVG/s101/gp01_audit.csv,prepared_20261001,GP01/runs/formal/barth5/k4/AVG/s101/gp01_audit.csv,328,535077c5b467dc354960a3541c608c07f4575ff8f871b52851ad501199a51dd3,1,objects/535077c5b467dc354960a3541c608c07f4575ff8f871b52851ad501199a51dd3
GP01/runs/formal/barth5/k4/AVG/s101/input.graph,prepared_20261001,GP01/runs/formal/barth5/k4/AVG/s101/input.graph,485230,507c0146ed64d87800522939f56bf848939aa0f1c70e2d1aa6e82b7e174a5329,0,objects/507c0146ed64d87800522939f56bf848939aa0f1c70e2d1aa6e82b7e174a5329
GP01/runs/formal/barth5/k4/AVG/s101/input.graph.part4.epsilon0.03.seed101.KaHyPar,prepared_20261001,GP01/runs/formal/barth5/k4/AVG/s101/input.graph.part4.epsilon0.03.seed101.KaHyPar,46818,9291dd1827ed2879729d58f859ea50d8f84c900f36d851ee2ae0dd77ecf4a5a6,0,objects/9291dd1827ed2879729d58f859ea50d8f84c900f36d851ee2ae0dd77ecf4a5a6
GP01/runs/formal/barth5/k4/AVG/s101/stdout.log,prepared_20261001,GP01/runs/formal/barth5/k4/AVG/s101/stdout.log,13742,440a4025944f17e782a323111556ba708428b95dcd6b537e531d3b2e59cda9c0,0,objects/440a4025944f17e782a323111556ba708428b95dcd6b537e531d3b2e59cda9c0
GP01/runs/formal/barth5/k4/AVG/s102/command.json,prepared_20261001,GP01/runs/formal/barth5/k4/AVG/s102/command.json,898,dfc0501faf3d4bc117027ef0bc2c84af49936fbc4478d75f95cc0cb6a0d5ee6f,1,objects/dfc0501faf3d4bc117027ef0bc2c84af49936fbc4478d75f95cc0cb6a0d5ee6f
GP01/runs/formal/barth5/k4/AVG/s102/gp01_audit.csv,prepared_20261001,GP01/runs/formal/barth5/k4/AVG/s102/gp01_audit.csv,326,e1ac355dcc5021fe997d425a44539272ccfa8424ac037746b594d6c0cc9edf3a,1,objects/e1ac355dcc5021fe997d425a44539272ccfa8424ac037746b594d6c0cc9edf3a
GP01/runs/formal/barth5/k4/AVG/s102/input.graph,prepared_20261001,GP01/runs/formal/barth5/k4/AVG/s102/input.graph,485230,507c0146ed64d87800522939f56bf848939aa0f1c70e2d1aa6e82b7e174a5329,0,objects/507c0146ed64d87800522939f56bf848939aa0f1c70e2d1aa6e82b7e174a5329
GP01/runs/formal/barth5/k4/AVG/s102/input.graph.part4.epsilon0.03.seed102.KaHyPar,prepared_20261001,GP01/runs/formal/barth5/k4/AVG/s102/input.graph.part4.epsilon0.03.seed102.KaHyPar,46818,a419f71b1c531ab62c50a9887d1f2da3fd8a242ada891ed44372d03357a63378,0,objects/a419f71b1c531ab62c50a9887d1f2da3fd8a242ada891ed44372d03357a63378
GP01/runs/formal/barth5/k4/AVG/s102/stdout.log,prepared_20261001,GP01/runs/formal/barth5/k4/AVG/s102/stdout.log,13744,cd9ddfd4799f831ba16029ca82cf792284d13ef546b0be01a026ca399f860289,0,objects/cd9ddfd4799f831ba16029ca82cf792284d13ef546b0be01a026ca399f860289
GP01/runs/formal/barth5/k4/BASE/s0/command.json,prepared_20261001,GP01/runs/formal/barth5/k4/BASE/s0/command.json,875,5b2633b5f130cf383d526b167beae3dd2a8a7e8d313c0e33e283d8109d2514a9,1,objects/5b2633b5f130cf383d526b167beae3dd2a8a7e8d313c0e33e283d8109d2514a9
GP01/runs/formal/barth5/k4/BASE/s0/gp01_audit.csv,prepared_20261001,GP01/runs/formal/barth5/k4/BASE/s0/gp01_audit.csv,316,f3bf63394ae4e414d0b59270b694ef43f49683fdfc32bd33dc5e7361d6fe38b5,1,objects/f3bf63394ae4e414d0b59270b694ef43f49683fdfc32bd33dc5e7361d6fe38b5
GP01/runs/formal/barth5/k4/BASE/s0/input.graph,prepared_20261001,GP01/runs/formal/barth5/k4/BASE/s0/input.graph,485230,507c0146ed64d87800522939f56bf848939aa0f1c70e2d1aa6e82b7e174a5329,0,objects/507c0146ed64d87800522939f56bf848939aa0f1c70e2d1aa6e82b7e174a5329
GP01/runs/formal/barth5/k4/BASE/s0/input.graph.part4.epsilon0.03.seed0.KaHyPar,prepared_20261001,GP01/runs/formal/barth5/k4/BASE/s0/input.graph.part4.epsilon0.03.seed0.KaHyPar,46818,2c254b90ea2e9884120bd23f493b635d440c79af50a3fde6a555fc8ded789ce1,0,objects/2c254b90ea2e9884120bd23f493b635d440c79af50a3fde6a555fc8ded789ce1
GP01/runs/formal/barth5/k4/BASE/s0/stdout.log,prepared_20261001,GP01/runs/formal/barth5/k4/BASE/s0/stdout.log,13740,de29334c9fb544c1eb5b610699878cb47649dcc88db76701142013cb802a4d26,0,objects/de29334c9fb544c1eb5b610699878cb47649dcc88db76701142013cb802a4d26
GP01/runs/formal/barth5/k4/BASE/s1/command.json,prepared_20261001,GP01/runs/formal/barth5/k4/BASE/s1/command.json,875,ab4d5c68e8e71f899f6f411f267320752a352bed7e55d6671c7a9efc17ccc1a1,1,objects/ab4d5c68e8e71f899f6f411f267320752a352bed7e55d6671c7a9efc17ccc1a1
GP01/runs/formal/barth5/k4/BASE/s1/gp01_audit.csv,prepared_20261001,GP01/runs/formal/barth5/k4/BASE/s1/gp01_audit.csv,316,c883cf6dcacde67984f95267371bd3203e1fe43c4c22ac6bcdc78ea921ba074b,1,objects/c883cf6dcacde67984f95267371bd3203e1fe43c4c22ac6bcdc78ea921ba074b
GP01/runs/formal/barth5/k4/BASE/s1/input.graph,prepared_20261001,GP01/runs/formal/barth5/k4/BASE/s1/input.graph,485230,507c0146ed64d87800522939f56bf848939aa0f1c70e2d1aa6e82b7e174a5329,0,objects/507c0146ed64d87800522939f56bf848939aa0f1c70e2d1aa6e82b7e174a5329
GP01/runs/formal/barth5/k4/BASE/s1/input.graph.part4.epsilon0.03.seed1.KaHyPar,prepared_20261001,GP01/runs/formal/barth5/k4/BASE/s1/input.graph.part4.epsilon0.03.seed1.KaHyPar,46818,29cf4961f4a73832f93a39ffc03656289c942caee2108b62c3c50a609314c4cb,0,objects/29cf4961f4a73832f93a39ffc03656289c942caee2108b62c3c50a609314c4cb
GP01/runs/formal/barth5/k4/BASE/s1/stdout.log,prepared_20261001,GP01/runs/formal/barth5/k4/BASE/s1/stdout.log,13745,07fa7f7eeac5250797098f624b4af28d41b9cb07b985b5b929b5fce49cbdab91,0,objects/07fa7f7eeac5250797098f624b4af28d41b9cb07b985b5b929b5fce49cbdab91
GP01/runs/formal/barth5/k4/BASE/s100/command.json,prepared_20261001,GP01/runs/formal/barth5/k4/BASE/s100/command.json,879,e4c05c0cdc0c6921b1286d261410411d22dcd604ab2026c30187fecb8c38b30d,1,objects/e4c05c0cdc0c6921b1286d261410411d22dcd604ab2026c30187fecb8c38b30d
GP01/runs/formal/barth5/k4/BASE/s100/gp01_audit.csv,prepared_20261001,GP01/runs/formal/barth5/k4/BASE/s100/gp01_audit.csv,314,575c5d874df918353103ffbf8f0d173f68048dfe043dab7571b0fd86b6fd230d,1,objects/575c5d874df918353103ffbf8f0d173f68048dfe043dab7571b0fd86b6fd230d
GP01/runs/formal/barth5/k4/BASE/s100/input.graph,prepared_20261001,GP01/runs/formal/barth5/k4/BASE/s100/input.graph,485230,507c0146ed64d87800522939f56bf848939aa0f1c70e2d1aa6e82b7e174a5329,0,objects/507c0146ed64d87800522939f56bf848939aa0f1c70e2d1aa6e82b7e174a5329
GP01/runs/formal/barth5/k4/BASE/s100/input.graph.part4.epsilon0.03.seed100.KaHyPar,prepared_20261001,GP01/runs/formal/barth5/k4/BASE/s100/input.graph.part4.epsilon0.03.seed100.KaHyPar,46818,209dfd70334909f7adc65f71e0960c92d9944b3c48c9580b004c16c99ecf2459,0,objects/209dfd70334909f7adc65f71e0960c92d9944b3c48c9580b004c16c99ecf2459
GP01/runs/formal/barth5/k4/BASE/s100/stdout.log,prepared_20261001,GP01/runs/formal/barth5/k4/BASE/s100/stdout.log,13743,b4a9e77084f5e188977c62d7ba55dc59db476c57f903754f805de0aa6714fe33,0,objects/b4a9e77084f5e188977c62d7ba55dc59db476c57f903754f805de0aa6714fe33
GP01/runs/formal/barth5/k4/BASE/s101/command.json,prepared_20261001,GP01/runs/formal/barth5/k4/BASE/s101/command.json,879,104ab999bd1275ece680f726728e833bbf1e1da06bd2f1872fc70814a399d830,1,objects/104ab999bd1275ece680f726728e833bbf1e1da06bd2f1872fc70814a399d830
GP01/runs/formal/barth5/k4/BASE/s101/gp01_audit.csv,prepared_20261001,GP01/runs/formal/barth5/k4/BASE/s101/gp01_audit.csv,316,a0653d535ff62b1eba4b5f1b15b27d300cab77c9ed1d4ae9d05e1ee84017e214,1,objects/a0653d535ff62b1eba4b5f1b15b27d300cab77c9ed1d4ae9d05e1ee84017e214
GP01/runs/formal/barth5/k4/BASE/s101/input.graph,prepared_20261001,GP01/runs/formal/barth5/k4/BASE/s101/input.graph,485230,507c0146ed64d87800522939f56bf848939aa0f1c70e2d1aa6e82b7e174a5329,0,objects/507c0146ed64d87800522939f56bf848939aa0f1c70e2d1aa6e82b7e174a5329
GP01/runs/formal/barth5/k4/BASE/s101/input.graph.part4.epsilon0.03.seed101.KaHyPar,prepared_20261001,GP01/runs/formal/barth5/k4/BASE/s101/input.graph.part4.epsilon0.03.seed101.KaHyPar,46818,c53f379b5034d5cc40c45651804b0fe11b1452d7feef87581be74e90b5da6e06,0,objects/c53f379b5034d5cc40c45651804b0fe11b1452d7feef87581be74e90b5da6e06
GP01/runs/formal/barth5/k4/BASE/s101/stdout.log,prepared_20261001,GP01/runs/formal/barth5/k4/BASE/s101/stdout.log,13742,5d8369befe82a2e5631520e1b633c64fde12fa5d1e5dfc496b180f2ae0e99db1,0,objects/5d8369befe82a2e5631520e1b633c64fde12fa5d1e5dfc496b180f2ae0e99db1
GP01/runs/formal/barth5/k4/BASE/s102/command.json,prepared_20261001,GP01/runs/formal/barth5/k4/BASE/s102/command.json,879,7a7ff099c4f4441664a77432dfc17c948dd5657f8799aea4a98c5230c9f47d58,1,objects/7a7ff099c4f4441664a77432dfc17c948dd5657f8799aea4a98c5230c9f47d58
GP01/runs/formal/barth5/k4/BASE/s102/gp01_audit.csv,prepared_20261001,GP01/runs/formal/barth5/k4/BASE/s102/gp01_audit.csv,289,db0b2e570af60f74f4e1c1e143f186f7060b3ce4901cd87d515b92e5dd2aecd7,1,objects/db0b2e570af60f74f4e1c1e143f186f7060b3ce4901cd87d515b92e5dd2aecd7
GP01/runs/formal/barth5/k4/BASE/s102/input.graph,prepared_20261001,GP01/runs/formal/barth5/k4/BASE/s102/input.graph,485230,507c0146ed64d87800522939f56bf848939aa0f1c70e2d1aa6e82b7e174a5329,0,objects/507c0146ed64d87800522939f56bf848939aa0f1c70e2d1aa6e82b7e174a5329
GP01/runs/formal/barth5/k4/BASE/s102/input.graph.part4.epsilon0.03.seed102.KaHyPar,prepared_20261001,GP01/runs/formal/barth5/k4/BASE/s102/input.graph.part4.epsilon0.03.seed102.KaHyPar,46818,ee51ad4278e3b2dbbd387e2986ef6b3c463bc9ff8037e2dbf7b9d4c768bad164,0,objects/ee51ad4278e3b2dbbd387e2986ef6b3c463bc9ff8037e2dbf7b9d4c768bad164
GP01/runs/formal/barth5/k4/BASE/s102/stdout.log,prepared_20261001,GP01/runs/formal/barth5/k4/BASE/s102/stdout.log,13741,b156c73daf8e2340033169795399de54c4e05facacd88dbc7fa01701eac5b682,0,objects/b156c73daf8e2340033169795399de54c4e05facacd88dbc7fa01701eac5b682
GP01/runs/formal/barth5/k4/BASE/s2/command.json,prepared_20261001,GP01/runs/formal/barth5/k4/BASE/s2/command.json,875,b860fc28bb60a9d3d0cf24674a7d0cb030745d45febe169461f1fa12d47b1122,1,objects/b860fc28bb60a9d3d0cf24674a7d0cb030745d45febe169461f1fa12d47b1122
GP01/runs/formal/barth5/k4/BASE/s2/gp01_audit.csv,prepared_20261001,GP01/runs/formal/barth5/k4/BASE/s2/gp01_audit.csv,316,4f565d3f69018d1ded9c5ad7de7235722c58fa2e1c7111d05451c8407ff66925,1,objects/4f565d3f69018d1ded9c5ad7de7235722c58fa2e1c7111d05451c8407ff66925
GP01/runs/formal/barth5/k4/BASE/s2/input.graph,prepared_20261001,GP01/runs/formal/barth5/k4/BASE/s2/input.graph,485230,507c0146ed64d87800522939f56bf848939aa0f1c70e2d1aa6e82b7e174a5329,0,objects/507c0146ed64d87800522939f56bf848939aa0f1c70e2d1aa6e82b7e174a5329
GP01/runs/formal/barth5/k4/BASE/s2/input.graph.part4.epsilon0.03.seed2.KaHyPar,prepared_20261001,GP01/runs/formal/barth5/k4/BASE/s2/input.graph.part4.epsilon0.03.seed2.KaHyPar,46818,576086da9a3f1053e4740361bdfb02be56f9b5327c6dbb6ec1df00c055c72a82,0,objects/576086da9a3f1053e4740361bdfb02be56f9b5327c6dbb6ec1df00c055c72a82
GP01/runs/formal/barth5/k4/BASE/s2/stdout.log,prepared_20261001,GP01/runs/formal/barth5/k4/BASE/s2/stdout.log,13738,e11ab4d94cd925a2803a21b4a0eab79e5d01bc8c99212bfaad9b930175008e3d,0,objects/e11ab4d94cd925a2803a21b4a0eab79e5d01bc8c99212bfaad9b930175008e3d
GP01/runs/formal/barth5/k4/BASE/s3/command.json,prepared_20261001,GP01/runs/formal/barth5/k4/BASE/s3/command.json,875,0440c73cf834b429953247a341068b07a24ad40ce3e86663bb64676ace5c6520,1,objects/0440c73cf834b429953247a341068b07a24ad40ce3e86663bb64676ace5c6520
GP01/runs/formal/barth5/k4/BASE/s3/gp01_audit.csv,prepared_20261001,GP01/runs/formal/barth5/k4/BASE/s3/gp01_audit.csv,316,588ed4dc3ab5fe4746179d280a880d3b983b0cd5f1284fd17c8d45511738d218,1,objects/588ed4dc3ab5fe4746179d280a880d3b983b0cd5f1284fd17c8d45511738d218
GP01/runs/formal/barth5/k4/BASE/s3/input.graph,prepared_20261001,GP01/runs/formal/barth5/k4/BASE/s3/input.graph,485230,507c0146ed64d87800522939f56bf848939aa0f1c70e2d1aa6e82b7e174a5329,0,objects/507c0146ed64d87800522939f56bf848939aa0f1c70e2d1aa6e82b7e174a5329
GP01/runs/formal/barth5/k4/BASE/s3/input.graph.part4.epsilon0.03.seed3.KaHyPar,prepared_20261001,GP01/runs/formal/barth5/k4/BASE/s3/input.graph.part4.epsilon0.03.seed3.KaHyPar,46818,f9da2e8ce0857ee1f824138e76de4fec0f6f241eaeb0465a33b6ddc3439284a3,0,objects/f9da2e8ce0857ee1f824138e76de4fec0f6f241eaeb0465a33b6ddc3439284a3
GP01/runs/formal/barth5/k4/BASE/s3/stdout.log,prepared_20261001,GP01/runs/formal/barth5/k4/BASE/s3/stdout.log,13739,26e0d9442428c84cdc24e0e462ba610c53a2a5b45f3c93a8ed8fb924be9ee92c,0,objects/26e0d9442428c84cdc24e0e462ba610c53a2a5b45f3c93a8ed8fb924be9ee92c
GP01/runs/formal/barth5/k4/BASE/s4/command.json,prepared_20261001,GP01/runs/formal/barth5/k4/BASE/s4/command.json,875,2d4e5097212969aae1459c9854a2b20d677ce49fe63c1709ef3db7c1cd79fc9c,1,objects/2d4e5097212969aae1459c9854a2b20d677ce49fe63c1709ef3db7c1cd79fc9c
GP01/runs/formal/barth5/k4/BASE/s4/gp01_audit.csv,prepared_20261001,GP01/runs/formal/barth5/k4/BASE/s4/gp01_audit.csv,316,b75263eb13f76217ff6d285274a4e86277ef406e35d84cf2a5878f2123163941,1,objects/b75263eb13f76217ff6d285274a4e86277ef406e35d84cf2a5878f2123163941
GP01/runs/formal/barth5/k4/BASE/s4/input.graph,prepared_20261001,GP01/runs/formal/barth5/k4/BASE/s4/input.graph,485230,507c0146ed64d87800522939f56bf848939aa0f1c70e2d1aa6e82b7e174a5329,0,objects/507c0146ed64d87800522939f56bf848939aa0f1c70e2d1aa6e82b7e174a5329
GP01/runs/formal/barth5/k4/BASE/s4/input.graph.part4.epsilon0.03.seed4.KaHyPar,prepared_20261001,GP01/runs/formal/barth5/k4/BASE/s4/input.graph.part4.epsilon0.03.seed4.KaHyPar,46818,484939985d687b7779715238df29bc43c5e0c2913ab801a61106ac6da4fa0266,0,objects/484939985d687b7779715238df29bc43c5e0c2913ab801a61106ac6da4fa0266
GP01/runs/formal/barth5/k4/BASE/s4/stdout.log,prepared_20261001,GP01/runs/formal/barth5/k4/BASE/s4/stdout.log,13739,be59827b80b2c00006ed8d8f55a821ab7219be82e9a99d60a2b3ae34d06e4ece,0,objects/be59827b80b2c00006ed8d8f55a821ab7219be82e9a99d60a2b3ae34d06e4ece
GP01/runs/formal/barth5/k4/BASE/s5/command.json,prepared_20261001,GP01/runs/formal/barth5/k4/BASE/s5/command.json,875,24115a54f1c90309448de8481559047c7f6fae8231a4991d024b5b0e635dd557,1,objects/24115a54f1c90309448de8481559047c7f6fae8231a4991d024b5b0e635dd557
GP01/runs/formal/barth5/k4/BASE/s5/gp01_audit.csv,prepared_20261001,GP01/runs/formal/barth5/k4/BASE/s5/gp01_audit.csv,314,263eaa1bcb9ecde0a63c46331a60a2bf1f04b2130b273c075ef61b34716dd36a,1,objects/263eaa1bcb9ecde0a63c46331a60a2bf1f04b2130b273c075ef61b34716dd36a
GP01/runs/formal/barth5/k4/BASE/s5/input.graph,prepared_20261001,GP01/runs/formal/barth5/k4/BASE/s5/input.graph,485230,507c0146ed64d87800522939f56bf848939aa0f1c70e2d1aa6e82b7e174a5329,0,objects/507c0146ed64d87800522939f56bf848939aa0f1c70e2d1aa6e82b7e174a5329
GP01/runs/formal/barth5/k4/BASE/s5/input.graph.part4.epsilon0.03.seed5.KaHyPar,prepared_20261001,GP01/runs/formal/barth5/k4/BASE/s5/input.graph.part4.epsilon0.03.seed5.KaHyPar,46818,421950cff69011208e8a22ba67028ed3de552609e56132feb2c6fda442f4366c,0,objects/421950cff69011208e8a22ba67028ed3de552609e56132feb2c6fda442f4366c
GP01/runs/formal/barth5/k4/BASE/s5/stdout.log,prepared_20261001,GP01/runs/formal/barth5/k4/BASE/s5/stdout.log,13739,dbeeabeff43dd20b87eea6ee151888568dabae44cc5446bd53d6e3bcdaaf8961,0,objects/dbeeabeff43dd20b87eea6ee151888568dabae44cc5446bd53d6e3bcdaaf8961
GP01/runs/formal/barth5/k4/BASE/s6/command.json,prepared_20261001,GP01/runs/formal/barth5/k4/BASE/s6/command.json,875,f6ce39e1cc69b08fba54b6b06716790e66dac9af0e561028ae92400b29e5d00a,1,objects/f6ce39e1cc69b08fba54b6b06716790e66dac9af0e561028ae92400b29e5d00a
GP01/runs/formal/barth5/k4/BASE/s6/gp01_audit.csv,prepared_20261001,GP01/runs/formal/barth5/k4/BASE/s6/gp01_audit.csv,316,6babade6fd247cf468ab039bbe6d2bcd8ce16f4752ef97a5900de97f17907c5e,1,objects/6babade6fd247cf468ab039bbe6d2bcd8ce16f4752ef97a5900de97f17907c5e
GP01/runs/formal/barth5/k4/BASE/s6/input.graph,prepared_20261001,GP01/runs/formal/barth5/k4/BASE/s6/input.graph,485230,507c0146ed64d87800522939f56bf848939aa0f1c70e2d1aa6e82b7e174a5329,0,objects/507c0146ed64d87800522939f56bf848939aa0f1c70e2d1aa6e82b7e174a5329
GP01/runs/formal/barth5/k4/BASE/s6/input.graph.part4.epsilon0.03.seed6.KaHyPar,prepared_20261001,GP01/runs/formal/barth5/k4/BASE/s6/input.graph.part4.epsilon0.03.seed6.KaHyPar,46818,435587376061e1659453c1b0b37512a6b08f46485a8991a7bdb90372e8a5e59c,0,objects/435587376061e1659453c1b0b37512a6b08f46485a8991a7bdb90372e8a5e59c
GP01/runs/formal/barth5/k4/BASE/s6/stdout.log,prepared_20261001,GP01/runs/formal/barth5/k4/BASE/s6/stdout.log,13742,233356401c53aaf3de9a71d14e8c1db6c487a3a8d7f43e95b2052b603a418cb2,0,objects/233356401c53aaf3de9a71d14e8c1db6c487a3a8d7f43e95b2052b603a418cb2
GP01/runs/formal/barth5/k4/BASE/s7/command.json,prepared_20261001,GP01/runs/formal/barth5/k4/BASE/s7/command.json,875,ebd7e76703dda6c30484743c29bc3f9be1dd9f2e784effa82b56d8416de96172,1,objects/ebd7e76703dda6c30484743c29bc3f9be1dd9f2e784effa82b56d8416de96172
GP01/runs/formal/barth5/k4/BASE/s7/gp01_audit.csv,prepared_20261001,GP01/runs/formal/barth5/k4/BASE/s7/gp01_audit.csv,314,cd43f65d800f4b31841a03f7d89801ce90d07636fd1156720f6912ab55828b4e,1,objects/cd43f65d800f4b31841a03f7d89801ce90d07636fd1156720f6912ab55828b4e
GP01/runs/formal/barth5/k4/BASE/s7/input.graph,prepared_20261001,GP01/runs/formal/barth5/k4/BASE/s7/input.graph,485230,507c0146ed64d87800522939f56bf848939aa0f1c70e2d1aa6e82b7e174a5329,0,objects/507c0146ed64d87800522939f56bf848939aa0f1c70e2d1aa6e82b7e174a5329
GP01/runs/formal/barth5/k4/BASE/s7/input.graph.part4.epsilon0.03.seed7.KaHyPar,prepared_20261001,GP01/runs/formal/barth5/k4/BASE/s7/input.graph.part4.epsilon0.03.seed7.KaHyPar,46818,4a7d56534db44d32f5c5586a17950be06f73d6bed6f48f18fb62e92dac1d1056,0,objects/4a7d56534db44d32f5c5586a17950be06f73d6bed6f48f18fb62e92dac1d1056
GP01/runs/formal/barth5/k4/BASE/s7/stdout.log,prepared_20261001,GP01/runs/formal/barth5/k4/BASE/s7/stdout.log,13737,36d7ab99bb34c269e3e714b4726679420a3672dc3abb913b4fb199fcab56c29c,0,objects/36d7ab99bb34c269e3e714b4726679420a3672dc3abb913b4fb199fcab56c29c
GP01/runs/formal/barth5/k4/BASE/s8/command.json,prepared_20261001,GP01/runs/formal/barth5/k4/BASE/s8/command.json,875,86f4eb51fa7ed44e2b2fa6d07a571085ac38976dbaa304db3e2842b18121b9c3,1,objects/86f4eb51fa7ed44e2b2fa6d07a571085ac38976dbaa304db3e2842b18121b9c3
GP01/runs/formal/barth5/k4/BASE/s8/gp01_audit.csv,prepared_20261001,GP01/runs/formal/barth5/k4/BASE/s8/gp01_audit.csv,316,a147e0425d1176008a26cccba0f186b0c5437f44ecea1de9ae832e4b2c535cb6,1,objects/a147e0425d1176008a26cccba0f186b0c5437f44ecea1de9ae832e4b2c535cb6
GP01/runs/formal/barth5/k4/BASE/s8/input.graph,prepared_20261001,GP01/runs/formal/barth5/k4/BASE/s8/input.graph,485230,507c0146ed64d87800522939f56bf848939aa0f1c70e2d1aa6e82b7e174a5329,0,objects/507c0146ed64d87800522939f56bf848939aa0f1c70e2d1aa6e82b7e174a5329
GP01/runs/formal/barth5/k4/BASE/s8/input.graph.part4.epsilon0.03.seed8.KaHyPar,prepared_20261001,GP01/runs/formal/barth5/k4/BASE/s8/input.graph.part4.epsilon0.03.seed8.KaHyPar,46818,0820156433bb7924d6bce5e4e10079ac6147bf4b0539bb68c5400be135ae47bd,0,objects/0820156433bb7924d6bce5e4e10079ac6147bf4b0539bb68c5400be135ae47bd
GP01/runs/formal/barth5/k4/BASE/s8/stdout.log,prepared_20261001,GP01/runs/formal/barth5/k4/BASE/s8/stdout.log,13740,29545a57db2349f09fea90bd39a48fc1a715884095546eccebabecede08e54f3,0,objects/29545a57db2349f09fea90bd39a48fc1a715884095546eccebabecede08e54f3
GP01/runs/formal/barth5/k4/BASE/s9/command.json,prepared_20261001,GP01/runs/formal/barth5/k4/BASE/s9/command.json,875,61813925f1851a2770afda0b9a8ab67a04d9f87bf42580c60c923e1fb957bc5b,1,objects/61813925f1851a2770afda0b9a8ab67a04d9f87bf42580c60c923e1fb957bc5b
GP01/runs/formal/barth5/k4/BASE/s9/gp01_audit.csv,prepared_20261001,GP01/runs/formal/barth5/k4/BASE/s9/gp01_audit.csv,314,f071b0ea98a20063d38bf9f916cb0529a2967d3d5375f514bd0dd69329d1b2b7,1,objects/f071b0ea98a20063d38bf9f916cb0529a2967d3d5375f514bd0dd69329d1b2b7
GP01/runs/formal/barth5/k4/BASE/s9/input.graph,prepared_20261001,GP01/runs/formal/barth5/k4/BASE/s9/input.graph,485230,507c0146ed64d87800522939f56bf848939aa0f1c70e2d1aa6e82b7e174a5329,0,objects/507c0146ed64d87800522939f56bf848939aa0f1c70e2d1aa6e82b7e174a5329
GP01/runs/formal/barth5/k4/BASE/s9/input.graph.part4.epsilon0.03.seed9.KaHyPar,prepared_20261001,GP01/runs/formal/barth5/k4/BASE/s9/input.graph.part4.epsilon0.03.seed9.KaHyPar,46818,67c03ba7b136f01c7a9510fb7755b3f131d3133cd59123bd75e2a2a33771d61b,0,objects/67c03ba7b136f01c7a9510fb7755b3f131d3133cd59123bd75e2a2a33771d61b
GP01/runs/formal/barth5/k4/BASE/s9/stdout.log,prepared_20261001,GP01/runs/formal/barth5/k4/BASE/s9/stdout.log,13741,3a54a582ec59b5389833a97a44e69a65df8e33126acfe45729ca4a30b5035f94,0,objects/3a54a582ec59b5389833a97a44e69a65df8e33126acfe45729ca4a30b5035f94
GP01/runs/formal/barth5/k4/CAL-EXACT/s100/command.json,prepared_20261001,GP01/runs/formal/barth5/k4/CAL-EXACT/s100/command.json,910,c6b1b4d2d2207903e5b264e4f6edd6f2b962bcd9b008b6e20530a4b374ff8753,1,objects/c6b1b4d2d2207903e5b264e4f6edd6f2b962bcd9b008b6e20530a4b374ff8753
GP01/runs/formal/barth5/k4/CAL-EXACT/s100/gp01_audit.csv,prepared_20261001,GP01/runs/formal/barth5/k4/CAL-EXACT/s100/gp01_audit.csv,351,e38176dd49a867696052b6e28af64a367e5e6f1a9c562c3e107de88623feea03,1,objects/e38176dd49a867696052b6e28af64a367e5e6f1a9c562c3e107de88623feea03
GP01/runs/formal/barth5/k4/CAL-EXACT/s100/input.graph,prepared_20261001,GP01/runs/formal/barth5/k4/CAL-EXACT/s100/input.graph,485230,507c0146ed64d87800522939f56bf848939aa0f1c70e2d1aa6e82b7e174a5329,0,objects/507c0146ed64d87800522939f56bf848939aa0f1c70e2d1aa6e82b7e174a5329
GP01/runs/formal/barth5/k4/CAL-EXACT/s100/input.graph.part4.epsilon0.03.seed100.KaHyPar,prepared_20261001,GP01/runs/formal/barth5/k4/CAL-EXACT/s100/input.graph.part4.epsilon0.03.seed100.KaHyPar,46818,324b66ff84dabb9d2626a4ac16d96eeba9e2b4bf958deb7cdc8bc7a102998ab3,0,objects/324b66ff84dabb9d2626a4ac16d96eeba9e2b4bf958deb7cdc8bc7a102998ab3
GP01/runs/formal/barth5/k4/CAL-EXACT/s100/stdout.log,prepared_20261001,GP01/runs/formal/barth5/k4/CAL-EXACT/s100/stdout.log,13746,79937be55a10356eb4999e77abcb3ae64a0197c46d417d2fdf5222d2942068af,0,objects/79937be55a10356eb4999e77abcb3ae64a0197c46d417d2fdf5222d2942068af
GP01/runs/formal/barth5/k4/CAL-EXACT/s101/command.json,prepared_20261001,GP01/runs/formal/barth5/k4/CAL-EXACT/s101/command.json,910,ebdb85552a9475f253d166b8b5946bb57ffbbf0a762562f659f9ffcac1e6cea6,1,objects/ebdb85552a9475f253d166b8b5946bb57ffbbf0a762562f659f9ffcac1e6cea6
GP01/runs/formal/barth5/k4/CAL-EXACT/s101/gp01_audit.csv,prepared_20261001,GP01/runs/formal/barth5/k4/CAL-EXACT/s101/gp01_audit.csv,353,e5c6172025129649a700a742fc0e506019eaa1ddd1467f9489b8e73972d6fbf9,1,objects/e5c6172025129649a700a742fc0e506019eaa1ddd1467f9489b8e73972d6fbf9
GP01/runs/formal/barth5/k4/CAL-EXACT/s101/input.graph,prepared_20261001,GP01/runs/formal/barth5/k4/CAL-EXACT/s101/input.graph,485230,507c0146ed64d87800522939f56bf848939aa0f1c70e2d1aa6e82b7e174a5329,0,objects/507c0146ed64d87800522939f56bf848939aa0f1c70e2d1aa6e82b7e174a5329
GP01/runs/formal/barth5/k4/CAL-EXACT/s101/input.graph.part4.epsilon0.03.seed101.KaHyPar,prepared_20261001,GP01/runs/formal/barth5/k4/CAL-EXACT/s101/input.graph.part4.epsilon0.03.seed101.KaHyPar,46818,6aebaeb031aac4b9b1b0d73f0a8e16579ebb26918cce38d48ab6e19cf325b114,0,objects/6aebaeb031aac4b9b1b0d73f0a8e16579ebb26918cce38d48ab6e19cf325b114
GP01/runs/formal/barth5/k4/CAL-EXACT/s101/stdout.log,prepared_20261001,GP01/runs/formal/barth5/k4/CAL-EXACT/s101/stdout.log,13744,a0733d7f694d44d8ffb20d525a020d8eb903c332de76ba02934f497d2f7ff076,0,objects/a0733d7f694d44d8ffb20d525a020d8eb903c332de76ba02934f497d2f7ff076
GP01/runs/formal/barth5/k4/CAL-EXACT/s102/command.json,prepared_20261001,GP01/runs/formal/barth5/k4/CAL-EXACT/s102/command.json,910,5468844de1a80fa7af3383ce3176b7d7ae53b2844766ddb3ac42901b7f9b1ac7,1,objects/5468844de1a80fa7af3383ce3176b7d7ae53b2844766ddb3ac42901b7f9b1ac7
GP01/runs/formal/barth5/k4/CAL-EXACT/s102/gp01_audit.csv,prepared_20261001,GP01/runs/formal/barth5/k4/CAL-EXACT/s102/gp01_audit.csv,351,cb423f6f2e1b8b03bb4f10583a81095ad329337f3ad1ee6eedd6d89bb06a149e,1,objects/cb423f6f2e1b8b03bb4f10583a81095ad329337f3ad1ee6eedd6d89bb06a149e
GP01/runs/formal/barth5/k4/CAL-EXACT/s102/input.graph,prepared_20261001,GP01/runs/formal/barth5/k4/CAL-EXACT/s102/input.graph,485230,507c0146ed64d87800522939f56bf848939aa0f1c70e2d1aa6e82b7e174a5329,0,objects/507c0146ed64d87800522939f56bf848939aa0f1c70e2d1aa6e82b7e174a5329
GP01/runs/formal/barth5/k4/CAL-EXACT/s102/input.graph.part4.epsilon0.03.seed102.KaHyPar,prepared_20261001,GP01/runs/formal/barth5/k4/CAL-EXACT/s102/input.graph.part4.epsilon0.03.seed102.KaHyPar,46818,b6fc1afc3b3ceb9c36bd59308988462390987e2625373ed5bd7eced9e9d58c1c,0,objects/b6fc1afc3b3ceb9c36bd59308988462390987e2625373ed5bd7eced9e9d58c1c
GP01/runs/formal/barth5/k4/CAL-EXACT/s102/stdout.log,prepared_20261001,GP01/runs/formal/barth5/k4/CAL-EXACT/s102/stdout.log,13745,d4a27e09f3af8b92c94c94cd5e2a0005f4d75b6228ccc13bcfcd95b224ae3cf6,0,objects/d4a27e09f3af8b92c94c94cd5e2a0005f4d75b6228ccc13bcfcd95b224ae3cf6
GP01/runs/formal/barth5/k4/CAL-TIE/s100/command.json,prepared_20261001,GP01/runs/formal/barth5/k4/CAL-TIE/s100/command.json,906,bb8bcc0e412b1f13482ff73da716454ee802aa69c55f6733c5d9e76692e9b81e,1,objects/bb8bcc0e412b1f13482ff73da716454ee802aa69c55f6733c5d9e76692e9b81e
GP01/runs/formal/barth5/k4/CAL-TIE/s100/gp01_audit.csv,prepared_20261001,GP01/runs/formal/barth5/k4/CAL-TIE/s100/gp01_audit.csv,326,20f81996e811aa2cff09de0c2a3ea29071ca4a4025ffb7c5fb28b6dc5fb32606,1,objects/20f81996e811aa2cff09de0c2a3ea29071ca4a4025ffb7c5fb28b6dc5fb32606
GP01/runs/formal/barth5/k4/CAL-TIE/s100/input.graph,prepared_20261001,GP01/runs/formal/barth5/k4/CAL-TIE/s100/input.graph,485230,507c0146ed64d87800522939f56bf848939aa0f1c70e2d1aa6e82b7e174a5329,0,objects/507c0146ed64d87800522939f56bf848939aa0f1c70e2d1aa6e82b7e174a5329
GP01/runs/formal/barth5/k4/CAL-TIE/s100/input.graph.part4.epsilon0.03.seed100.KaHyPar,prepared_20261001,GP01/runs/formal/barth5/k4/CAL-TIE/s100/input.graph.part4.epsilon0.03.seed100.KaHyPar,46818,d44b25c4017c92a402eaef559da8319b09062d52cb30b30d4a2bb977a3223353,0,objects/d44b25c4017c92a402eaef559da8319b09062d52cb30b30d4a2bb977a3223353
GP01/runs/formal/barth5/k4/CAL-TIE/s100/stdout.log,prepared_20261001,GP01/runs/formal/barth5/k4/CAL-TIE/s100/stdout.log,13746,99dc9432bf1a7b62db473924c26fd057e01eb894f582ca1ac52e7fba3e47937c,0,objects/99dc9432bf1a7b62db473924c26fd057e01eb894f582ca1ac52e7fba3e47937c
GP01/runs/formal/barth5/k4/CAL-TIE/s101/command.json,prepared_20261001,GP01/runs/formal/barth5/k4/CAL-TIE/s101/command.json,906,522631e00d83bb4da3f21967782465d669c39fbfa13cbdad2c56c658876858ca,1,objects/522631e00d83bb4da3f21967782465d669c39fbfa13cbdad2c56c658876858ca
GP01/runs/formal/barth5/k4/CAL-TIE/s101/gp01_audit.csv,prepared_20261001,GP01/runs/formal/barth5/k4/CAL-TIE/s101/gp01_audit.csv,328,7ecbbc4024ab8b586188c0c5613a47dc2cf397f2cd378b07f07253af06b389f5,1,objects/7ecbbc4024ab8b586188c0c5613a47dc2cf397f2cd378b07f07253af06b389f5
GP01/runs/formal/barth5/k4/CAL-TIE/s101/input.graph,prepared_20261001,GP01/runs/formal/barth5/k4/CAL-TIE/s101/input.graph,485230,507c0146ed64d87800522939f56bf848939aa0f1c70e2d1aa6e82b7e174a5329,0,objects/507c0146ed64d87800522939f56bf848939aa0f1c70e2d1aa6e82b7e174a5329
GP01/runs/formal/barth5/k4/CAL-TIE/s101/input.graph.part4.epsilon0.03.seed101.KaHyPar,prepared_20261001,GP01/runs/formal/barth5/k4/CAL-TIE/s101/input.graph.part4.epsilon0.03.seed101.KaHyPar,46818,8f8dc2b7fa641d7de32d0212c680295f51cf8bc83012c02f8be047621cb964b5,0,objects/8f8dc2b7fa641d7de32d0212c680295f51cf8bc83012c02f8be047621cb964b5
GP01/runs/formal/barth5/k4/CAL-TIE/s101/stdout.log,prepared_20261001,GP01/runs/formal/barth5/k4/CAL-TIE/s101/stdout.log,13741,9d0c88e2f062d5167349aad03acb48507c6b1313691b43274db8b4a2ff068a19,0,objects/9d0c88e2f062d5167349aad03acb48507c6b1313691b43274db8b4a2ff068a19
GP01/runs/formal/barth5/k4/CAL-TIE/s102/command.json,prepared_20261001,GP01/runs/formal/barth5/k4/CAL-TIE/s102/command.json,906,6d4a9a8d6ff17b660df57c3a0623c7bc67d8809ade7ae5b8e2ca5d4e735ec707,1,objects/6d4a9a8d6ff17b660df57c3a0623c7bc67d8809ade7ae5b8e2ca5d4e735ec707
GP01/runs/formal/barth5/k4/CAL-TIE/s102/gp01_audit.csv,prepared_20261001,GP01/runs/formal/barth5/k4/CAL-TIE/s102/gp01_audit.csv,326,60e7fbf18508fc674a269984921d87ebce6dafe43036110721bf4fdb4ac04fda,1,objects/60e7fbf18508fc674a269984921d87ebce6dafe43036110721bf4fdb4ac04fda
GP01/runs/formal/barth5/k4/CAL-TIE/s102/input.graph,prepared_20261001,GP01/runs/formal/barth5/k4/CAL-TIE/s102/input.graph,485230,507c0146ed64d87800522939f56bf848939aa0f1c70e2d1aa6e82b7e174a5329,0,objects/507c0146ed64d87800522939f56bf848939aa0f1c70e2d1aa6e82b7e174a5329
GP01/runs/formal/barth5/k4/CAL-TIE/s102/input.graph.part4.epsilon0.03.seed102.KaHyPar,prepared_20261001,GP01/runs/formal/barth5/k4/CAL-TIE/s102/input.graph.part4.epsilon0.03.seed102.KaHyPar,46818,c0f135e76559433206aeac19ca3bef0b22977fc7e133b0c16356b3cff337bd65,0,objects/c0f135e76559433206aeac19ca3bef0b22977fc7e133b0c16356b3cff337bd65
GP01/runs/formal/barth5/k4/CAL-TIE/s102/stdout.log,prepared_20261001,GP01/runs/formal/barth5/k4/CAL-TIE/s102/stdout.log,13744,71f838f0f79926ee7eb74db23525d3d2a97ce354fecba3569e0101b872811d8a,0,objects/71f838f0f79926ee7eb74db23525d3d2a97ce354fecba3569e0101b872811d8a
GP01/runs/formal/barth5/k4/K/s100/command.json,prepared_20261001,GP01/runs/formal/barth5/k4/K/s100/command.json,894,aea8a6d87c2f35c5410898d1b7cce21f5d79074bd738132d5966ef384d5c5d8c,1,objects/aea8a6d87c2f35c5410898d1b7cce21f5d79074bd738132d5966ef384d5c5d8c
GP01/runs/formal/barth5/k4/K/s100/gp01_audit.csv,prepared_20261001,GP01/runs/formal/barth5/k4/K/s100/gp01_audit.csv,328,051b418d838a6a3e5a6daf4e01e0900684fc8a0a942b044d45d0eb78fcdc9de9,1,objects/051b418d838a6a3e5a6daf4e01e0900684fc8a0a942b044d45d0eb78fcdc9de9
GP01/runs/formal/barth5/k4/K/s100/input.graph,prepared_20261001,GP01/runs/formal/barth5/k4/K/s100/input.graph,485230,507c0146ed64d87800522939f56bf848939aa0f1c70e2d1aa6e82b7e174a5329,0,objects/507c0146ed64d87800522939f56bf848939aa0f1c70e2d1aa6e82b7e174a5329
GP01/runs/formal/barth5/k4/K/s100/input.graph.part4.epsilon0.03.seed100.KaHyPar,prepared_20261001,GP01/runs/formal/barth5/k4/K/s100/input.graph.part4.epsilon0.03.seed100.KaHyPar,46818,e734ecc1ef676f911bbabd33ec11efc8afac02c31c39e63055f0ba6048f18257,0,objects/e734ecc1ef676f911bbabd33ec11efc8afac02c31c39e63055f0ba6048f18257
GP01/runs/formal/barth5/k4/K/s100/stdout.log,prepared_20261001,GP01/runs/formal/barth5/k4/K/s100/stdout.log,13744,08c16138e49c64691767f6bbcbfbf6a9bdaa18107b20938f06e2e137b935ca2c,0,objects/08c16138e49c64691767f6bbcbfbf6a9bdaa18107b20938f06e2e137b935ca2c
GP01/runs/formal/barth5/k4/K/s101/command.json,prepared_20261001,GP01/runs/formal/barth5/k4/K/s101/command.json,894,316dbf79a18104cba0d884a435f36a845aca7181eecbb4a8a8740522dfbb3ea9,1,objects/316dbf79a18104cba0d884a435f36a845aca7181eecbb4a8a8740522dfbb3ea9
GP01/runs/formal/barth5/k4/K/s101/gp01_audit.csv,prepared_20261001,GP01/runs/formal/barth5/k4/K/s101/gp01_audit.csv,328,ebc4368ab8acdce67a4216414763dc9807afef877496de6e01720274c9a0d2ef,1,objects/ebc4368ab8acdce67a4216414763dc9807afef877496de6e01720274c9a0d2ef
GP01/runs/formal/barth5/k4/K/s101/input.graph,prepared_20261001,GP01/runs/formal/barth5/k4/K/s101/input.graph,485230,507c0146ed64d87800522939f56bf848939aa0f1c70e2d1aa6e82b7e174a5329,0,objects/507c0146ed64d87800522939f56bf848939aa0f1c70e2d1aa6e82b7e174a5329
GP01/runs/formal/barth5/k4/K/s101/input.graph.part4.epsilon0.03.seed101.KaHyPar,prepared_20261001,GP01/runs/formal/barth5/k4/K/s101/input.graph.part4.epsilon0.03.seed101.KaHyPar,46818,08acf04fbee6ead63aa04de80aa5596cf5589e745cb48ae0f0cd65b61eef066c,0,objects/08acf04fbee6ead63aa04de80aa5596cf5589e745cb48ae0f0cd65b61eef066c
GP01/runs/formal/barth5/k4/K/s101/stdout.log,prepared_20261001,GP01/runs/formal/barth5/k4/K/s101/stdout.log,13743,7a09e185c368f5de2297e9074af1377a8d3218c2aad7bf93e6824250bf10091f,0,objects/7a09e185c368f5de2297e9074af1377a8d3218c2aad7bf93e6824250bf10091f
GP01/runs/formal/barth5/k4/K/s102/command.json,prepared_20261001,GP01/runs/formal/barth5/k4/K/s102/command.json,894,93cd49452b5afa8e34765405e0df2f06005c6ddbd5be7991c9943326c4f3cc4b,1,objects/93cd49452b5afa8e34765405e0df2f06005c6ddbd5be7991c9943326c4f3cc4b
GP01/runs/formal/barth5/k4/K/s102/gp01_audit.csv,prepared_20261001,GP01/runs/formal/barth5/k4/K/s102/gp01_audit.csv,326,de3d4b74a0e63857a3c11a1a2916a681adbf9988695983fa81f562dabab80b10,1,objects/de3d4b74a0e63857a3c11a1a2916a681adbf9988695983fa81f562dabab80b10
GP01/runs/formal/barth5/k4/K/s102/input.graph,prepared_20261001,GP01/runs/formal/barth5/k4/K/s102/input.graph,485230,507c0146ed64d87800522939f56bf848939aa0f1c70e2d1aa6e82b7e174a5329,0,objects/507c0146ed64d87800522939f56bf848939aa0f1c70e2d1aa6e82b7e174a5329
GP01/runs/formal/barth5/k4/K/s102/input.graph.part4.epsilon0.03.seed102.KaHyPar,prepared_20261001,GP01/runs/formal/barth5/k4/K/s102/input.graph.part4.epsilon0.03.seed102.KaHyPar,46818,ea109bfe01de8eabd5ad21ecd3883f424a1f5f9660d0ce60ef9696c79b080ac4,0,objects/ea109bfe01de8eabd5ad21ecd3883f424a1f5f9660d0ce60ef9696c79b080ac4
GP01/runs/formal/barth5/k4/K/s102/stdout.log,prepared_20261001,GP01/runs/formal/barth5/k4/K/s102/stdout.log,13742,91ff21170761d027222f70ccffb6dd720a2a29a35f6df70b1985519afbba0fe1,0,objects/91ff21170761d027222f70ccffb6dd720a2a29a35f6df70b1985519afbba0fe1
GP01/runs/formal/wing_nodal/k32/AUTHOR/s100/command.json,prepared_20261001,GP01/runs/formal/wing_nodal/k32/AUTHOR/s100/command.json,783,a91e59d3e214c4917368b3b427b13a80cd149736948847d4e36a34dcce021d87,1,objects/a91e59d3e214c4917368b3b427b13a80cd149736948847d4e36a34dcce021d87
GP01/runs/formal/wing_nodal/k32/AUTHOR/s100/gp01_audit.csv,prepared_20261001,GP01/runs/formal/wing_nodal/k32/AUTHOR/s100/gp01_audit.csv,1383,a1401a0013f848e8068a837a8374de7d8f89ab0a5ab0d63f9489f4457ff32d21,1,objects/a1401a0013f848e8068a837a8374de7d8f89ab0a5ab0d63f9489f4457ff32d21
GP01/runs/formal/wing_nodal/k32/AUTHOR/s100/input.graph,prepared_20261001,GP01/runs/formal/wing_nodal/k32/AUTHOR/s100/input.graph,757013,b7f60e0f96640232559a528f46251c7b810bfafcfc6b41657deb7af7e54a5ed8,0,objects/b7f60e0f96640232559a528f46251c7b810bfafcfc6b41657deb7af7e54a5ed8
GP01/runs/formal/wing_nodal/k32/AUTHOR/s100/input.graph.part32.epsilon0.03.seed100.KaHyPar,prepared_20261001,GP01/runs/formal/wing_nodal/k32/AUTHOR/s100/input.graph.part32.epsilon0.03.seed100.KaHyPar,40354,d73b5b90789657c0563ad1152257480ae7bff8e88d234aabcd6c0e2cf5a169cb,0,objects/d73b5b90789657c0563ad1152257480ae7bff8e88d234aabcd6c0e2cf5a169cb
GP01/runs/formal/wing_nodal/k32/AUTHOR/s100/stdout.log,prepared_20261001,GP01/runs/formal/wing_nodal/k32/AUTHOR/s100/stdout.log,18041,6a7032423894805046456c8ca19a8f1e1d35dc79a12c933847b0b85b32b9bcca,0,objects/6a7032423894805046456c8ca19a8f1e1d35dc79a12c933847b0b85b32b9bcca
GP01/runs/formal/wing_nodal/k32/AUTHOR/s101/command.json,prepared_20261001,GP01/runs/formal/wing_nodal/k32/AUTHOR/s101/command.json,783,802912c0dd6e0c380da6150d13d3952493800b153176f7542e65350934e2b0a6,1,objects/802912c0dd6e0c380da6150d13d3952493800b153176f7542e65350934e2b0a6
GP01/runs/formal/wing_nodal/k32/AUTHOR/s101/gp01_audit.csv,prepared_20261001,GP01/runs/formal/wing_nodal/k32/AUTHOR/s101/gp01_audit.csv,1333,2eddbd998fc797cbce044ca11fcea73a811ce9c564b24987777c6fc00746c4ec,1,objects/2eddbd998fc797cbce044ca11fcea73a811ce9c564b24987777c6fc00746c4ec
GP01/runs/formal/wing_nodal/k32/AUTHOR/s101/input.graph,prepared_20261001,GP01/runs/formal/wing_nodal/k32/AUTHOR/s101/input.graph,757013,b7f60e0f96640232559a528f46251c7b810bfafcfc6b41657deb7af7e54a5ed8,0,objects/b7f60e0f96640232559a528f46251c7b810bfafcfc6b41657deb7af7e54a5ed8
GP01/runs/formal/wing_nodal/k32/AUTHOR/s101/input.graph.part32.epsilon0.03.seed101.KaHyPar,prepared_20261001,GP01/runs/formal/wing_nodal/k32/AUTHOR/s101/input.graph.part32.epsilon0.03.seed101.KaHyPar,40327,745fd3d65d2e186ee3c8a3c24c289f666cbbfc6fce6cc946f294992cdbb3be10,0,objects/745fd3d65d2e186ee3c8a3c24c289f666cbbfc6fce6cc946f294992cdbb3be10
GP01/runs/formal/wing_nodal/k32/AUTHOR/s101/stdout.log,prepared_20261001,GP01/runs/formal/wing_nodal/k32/AUTHOR/s101/stdout.log,18042,e3b061393e8019450d5f8708b38395428fb615e8d850581a8947520a9afd9dfb,0,objects/e3b061393e8019450d5f8708b38395428fb615e8d850581a8947520a9afd9dfb
GP01/runs/formal/wing_nodal/k32/AUTHOR/s102/command.json,prepared_20261001,GP01/runs/formal/wing_nodal/k32/AUTHOR/s102/command.json,783,f9cfa3bdb137da7aae5e801828382501c7bc8bcfef1d9a4ca6351df0a413730c,1,objects/f9cfa3bdb137da7aae5e801828382501c7bc8bcfef1d9a4ca6351df0a413730c
GP01/runs/formal/wing_nodal/k32/AUTHOR/s102/gp01_audit.csv,prepared_20261001,GP01/runs/formal/wing_nodal/k32/AUTHOR/s102/gp01_audit.csv,1306,bfee5843a0463c15eaf58cc908d8d23875bb64694b9953baeb6d1e8649020b11,1,objects/bfee5843a0463c15eaf58cc908d8d23875bb64694b9953baeb6d1e8649020b11
GP01/runs/formal/wing_nodal/k32/AUTHOR/s102/input.graph,prepared_20261001,GP01/runs/formal/wing_nodal/k32/AUTHOR/s102/input.graph,757013,b7f60e0f96640232559a528f46251c7b810bfafcfc6b41657deb7af7e54a5ed8,0,objects/b7f60e0f96640232559a528f46251c7b810bfafcfc6b41657deb7af7e54a5ed8
GP01/runs/formal/wing_nodal/k32/AUTHOR/s102/input.graph.part32.epsilon0.03.seed102.KaHyPar,prepared_20261001,GP01/runs/formal/wing_nodal/k32/AUTHOR/s102/input.graph.part32.epsilon0.03.seed102.KaHyPar,40310,cc3856febd322a8b9a266398c2535198ec9ec434b960145c7dc4c6ce5dda795b,0,objects/cc3856febd322a8b9a266398c2535198ec9ec434b960145c7dc4c6ce5dda795b
GP01/runs/formal/wing_nodal/k32/AUTHOR/s102/stdout.log,prepared_20261001,GP01/runs/formal/wing_nodal/k32/AUTHOR/s102/stdout.log,18041,c72f664f26aaf1afcb54c63d4ef92a1f6b3ae1da22e23e9c1d9a080f6b4ce537,0,objects/c72f664f26aaf1afcb54c63d4ef92a1f6b3ae1da22e23e9c1d9a080f6b4ce537
GP01/runs/formal/wing_nodal/k32/AVG/s100/command.json,prepared_20261001,GP01/runs/formal/wing_nodal/k32/AVG/s100/command.json,909,a048e30452e5abac4a7e9c5b8c57969230feb978937ebe1ed1b2483a205d27cf,1,objects/a048e30452e5abac4a7e9c5b8c57969230feb978937ebe1ed1b2483a205d27cf
GP01/runs/formal/wing_nodal/k32/AVG/s100/gp01_audit.csv,prepared_20261001,GP01/runs/formal/wing_nodal/k32/AVG/s100/gp01_audit.csv,1360,11be5ef53d3580daaea490401b283f090748e06b7802031b29388dcb6801676e,1,objects/11be5ef53d3580daaea490401b283f090748e06b7802031b29388dcb6801676e
GP01/runs/formal/wing_nodal/k32/AVG/s100/input.graph,prepared_20261001,GP01/runs/formal/wing_nodal/k32/AVG/s100/input.graph,757013,b7f60e0f96640232559a528f46251c7b810bfafcfc6b41657deb7af7e54a5ed8,0,objects/b7f60e0f96640232559a528f46251c7b810bfafcfc6b41657deb7af7e54a5ed8
GP01/runs/formal/wing_nodal/k32/AVG/s100/input.graph.part32.epsilon0.03.seed100.KaHyPar,prepared_20261001,GP01/runs/formal/wing_nodal/k32/AVG/s100/input.graph.part32.epsilon0.03.seed100.KaHyPar,40385,0e9b0b7ec939b179373e7ca2c8434c395b1a7c46f7003e6a1fc5ccf3d6a40e8f,0,objects/0e9b0b7ec939b179373e7ca2c8434c395b1a7c46f7003e6a1fc5ccf3d6a40e8f
GP01/runs/formal/wing_nodal/k32/AVG/s100/stdout.log,prepared_20261001,GP01/runs/formal/wing_nodal/k32/AVG/s100/stdout.log,18042,85637d77b017d780a43ded69df4f63c07942904a46427be8737729b856721172,0,objects/85637d77b017d780a43ded69df4f63c07942904a46427be8737729b856721172
GP01/runs/formal/wing_nodal/k32/AVG/s101/command.json,prepared_20261001,GP01/runs/formal/wing_nodal/k32/AVG/s101/command.json,909,33aa498a0b5110581f034b142244f37465a4d8de56d460a0708afdbf9937d30f,1,objects/33aa498a0b5110581f034b142244f37465a4d8de56d460a0708afdbf9937d30f
GP01/runs/formal/wing_nodal/k32/AVG/s101/gp01_audit.csv,prepared_20261001,GP01/runs/formal/wing_nodal/k32/AVG/s101/gp01_audit.csv,1385,c98679f8d714a9bb59a0fa887d39fe72c9100e9b5266cdde714235443aea8ce1,1,objects/c98679f8d714a9bb59a0fa887d39fe72c9100e9b5266cdde714235443aea8ce1
GP01/runs/formal/wing_nodal/k32/AVG/s101/input.graph,prepared_20261001,GP01/runs/formal/wing_nodal/k32/AVG/s101/input.graph,757013,b7f60e0f96640232559a528f46251c7b810bfafcfc6b41657deb7af7e54a5ed8,0,objects/b7f60e0f96640232559a528f46251c7b810bfafcfc6b41657deb7af7e54a5ed8
GP01/runs/formal/wing_nodal/k32/AVG/s101/input.graph.part32.epsilon0.03.seed101.KaHyPar,prepared_20261001,GP01/runs/formal/wing_nodal/k32/AVG/s101/input.graph.part32.epsilon0.03.seed101.KaHyPar,40284,95e434218688eebd896d999aedbaa746b9caebddff2f1c968545cdbfec2a2b4f,0,objects/95e434218688eebd896d999aedbaa746b9caebddff2f1c968545cdbfec2a2b4f
GP01/runs/formal/wing_nodal/k32/AVG/s101/stdout.log,prepared_20261001,GP01/runs/formal/wing_nodal/k32/AVG/s101/stdout.log,18042,0e10101e44d88c48232d7b8237ed28b20b1c84c8bf31f315f519cd334e405b5a,0,objects/0e10101e44d88c48232d7b8237ed28b20b1c84c8bf31f315f519cd334e405b5a
GP01/runs/formal/wing_nodal/k32/AVG/s102/command.json,prepared_20261001,GP01/runs/formal/wing_nodal/k32/AVG/s102/command.json,909,bf10dd76f3c031c021bd9319aed9835cedf20d1fbc8c635ec81a2f1042e848d6,1,objects/bf10dd76f3c031c021bd9319aed9835cedf20d1fbc8c635ec81a2f1042e848d6
GP01/runs/formal/wing_nodal/k32/AVG/s102/gp01_audit.csv,prepared_20261001,GP01/runs/formal/wing_nodal/k32/AVG/s102/gp01_audit.csv,1382,d66f1c2d5bcf86eda462cf2dcba46e4502d49a3ad2176e42a4235405f57dbb52,1,objects/d66f1c2d5bcf86eda462cf2dcba46e4502d49a3ad2176e42a4235405f57dbb52
GP01/runs/formal/wing_nodal/k32/AVG/s102/input.graph,prepared_20261001,GP01/runs/formal/wing_nodal/k32/AVG/s102/input.graph,757013,b7f60e0f96640232559a528f46251c7b810bfafcfc6b41657deb7af7e54a5ed8,0,objects/b7f60e0f96640232559a528f46251c7b810bfafcfc6b41657deb7af7e54a5ed8
GP01/runs/formal/wing_nodal/k32/AVG/s102/input.graph.part32.epsilon0.03.seed102.KaHyPar,prepared_20261001,GP01/runs/formal/wing_nodal/k32/AVG/s102/input.graph.part32.epsilon0.03.seed102.KaHyPar,40396,f494b3044fbcff6af13c9ad9c9f4c2a4f59586ac1824d7fd43266a92dabcc138,0,objects/f494b3044fbcff6af13c9ad9c9f4c2a4f59586ac1824d7fd43266a92dabcc138
GP01/runs/formal/wing_nodal/k32/AVG/s102/stdout.log,prepared_20261001,GP01/runs/formal/wing_nodal/k32/AVG/s102/stdout.log,18041,064628096c16be3d916ab86809a0bcb1094401ad158ca967e2ca186fa82e2bbd,0,objects/064628096c16be3d916ab86809a0bcb1094401ad158ca967e2ca186fa82e2bbd
GP01/runs/formal/wing_nodal/k32/BASE/s0/command.json,prepared_20261001,GP01/runs/formal/wing_nodal/k32/BASE/s0/command.json,881,e2e37f864334c716e8e2f613a39f9bca8b19504121fb05303b5ed7a744d0401a,1,objects/e2e37f864334c716e8e2f613a39f9bca8b19504121fb05303b5ed7a744d0401a
GP01/runs/formal/wing_nodal/k32/BASE/s0/gp01_audit.csv,prepared_20261001,GP01/runs/formal/wing_nodal/k32/BASE/s0/gp01_audit.csv,1396,22708dcdc2bfa994fa52837b1247f1293fb329357f65cbe00809c9efa28c3a1c,1,objects/22708dcdc2bfa994fa52837b1247f1293fb329357f65cbe00809c9efa28c3a1c
GP01/runs/formal/wing_nodal/k32/BASE/s0/input.graph,prepared_20261001,GP01/runs/formal/wing_nodal/k32/BASE/s0/input.graph,757013,b7f60e0f96640232559a528f46251c7b810bfafcfc6b41657deb7af7e54a5ed8,0,objects/b7f60e0f96640232559a528f46251c7b810bfafcfc6b41657deb7af7e54a5ed8
GP01/runs/formal/wing_nodal/k32/BASE/s0/input.graph.part32.epsilon0.03.seed0.KaHyPar,prepared_20261001,GP01/runs/formal/wing_nodal/k32/BASE/s0/input.graph.part32.epsilon0.03.seed0.KaHyPar,40387,57aebbc7d24044da30521f2bfcd325aeec8b0848fbbb130c40fc824bc4e2810e,0,objects/57aebbc7d24044da30521f2bfcd325aeec8b0848fbbb130c40fc824bc4e2810e
GP01/runs/formal/wing_nodal/k32/BASE/s0/stdout.log,prepared_20261001,GP01/runs/formal/wing_nodal/k32/BASE/s0/stdout.log,18037,653eb9dc9230dd2d59c7ffedb10a1dd4d40a994350982049d18116a96026f745,0,objects/653eb9dc9230dd2d59c7ffedb10a1dd4d40a994350982049d18116a96026f745
GP01/runs/formal/wing_nodal/k32/BASE/s1/command.json,prepared_20261001,GP01/runs/formal/wing_nodal/k32/BASE/s1/command.json,881,08406e898d3a6c1c83c7d88a037f856181e2fdb66930144098d06f6661b31ab7,1,objects/08406e898d3a6c1c83c7d88a037f856181e2fdb66930144098d06f6661b31ab7
GP01/runs/formal/wing_nodal/k32/BASE/s1/gp01_audit.csv,prepared_20261001,GP01/runs/formal/wing_nodal/k32/BASE/s1/gp01_audit.csv,1314,7f5a7d45a306afdcf1c2c38aadbbfaf8185c30c42d5f1c3c654002ee48c88d25,1,objects/7f5a7d45a306afdcf1c2c38aadbbfaf8185c30c42d5f1c3c654002ee48c88d25
GP01/runs/formal/wing_nodal/k32/BASE/s1/input.graph,prepared_20261001,GP01/runs/formal/wing_nodal/k32/BASE/s1/input.graph,757013,b7f60e0f96640232559a528f46251c7b810bfafcfc6b41657deb7af7e54a5ed8,0,objects/b7f60e0f96640232559a528f46251c7b810bfafcfc6b41657deb7af7e54a5ed8
GP01/runs/formal/wing_nodal/k32/BASE/s1/input.graph.part32.epsilon0.03.seed1.KaHyPar,prepared_20261001,GP01/runs/formal/wing_nodal/k32/BASE/s1/input.graph.part32.epsilon0.03.seed1.KaHyPar,40415,439cc2b9377cb1aa08a637cfb9982f6c4fd0db0fa2eed68ccb54b2db461224a8,0,objects/439cc2b9377cb1aa08a637cfb9982f6c4fd0db0fa2eed68ccb54b2db461224a8
GP01/runs/formal/wing_nodal/k32/BASE/s1/stdout.log,prepared_20261001,GP01/runs/formal/wing_nodal/k32/BASE/s1/stdout.log,18036,a5abc1443713e1b468392627d65743f14c8f07f9e54231c8e4394ed189c2e9f4,0,objects/a5abc1443713e1b468392627d65743f14c8f07f9e54231c8e4394ed189c2e9f4
GP01/runs/formal/wing_nodal/k32/BASE/s100/command.json,prepared_20261001,GP01/runs/formal/wing_nodal/k32/BASE/s100/command.json,885,1c63c7837d778c6dee882476403a591f46cde527ed21aa2a23fc480d63cf36f1,1,objects/1c63c7837d778c6dee882476403a591f46cde527ed21aa2a23fc480d63cf36f1
GP01/runs/formal/wing_nodal/k32/BASE/s100/gp01_audit.csv,prepared_20261001,GP01/runs/formal/wing_nodal/k32/BASE/s100/gp01_audit.csv,1372,e8f0b0d6e94e68663e484f7659026bcde688015c66e2de93d457690621450fe8,1,objects/e8f0b0d6e94e68663e484f7659026bcde688015c66e2de93d457690621450fe8
GP01/runs/formal/wing_nodal/k32/BASE/s100/input.graph,prepared_20261001,GP01/runs/formal/wing_nodal/k32/BASE/s100/input.graph,757013,b7f60e0f96640232559a528f46251c7b810bfafcfc6b41657deb7af7e54a5ed8,0,objects/b7f60e0f96640232559a528f46251c7b810bfafcfc6b41657deb7af7e54a5ed8
GP01/runs/formal/wing_nodal/k32/BASE/s100/input.graph.part32.epsilon0.03.seed100.KaHyPar,prepared_20261001,GP01/runs/formal/wing_nodal/k32/BASE/s100/input.graph.part32.epsilon0.03.seed100.KaHyPar,40352,b991d6dcdb28c3c1da9f13ec7ab28b4156204b803b6d5242b0081cfa24e9ab4f,0,objects/b991d6dcdb28c3c1da9f13ec7ab28b4156204b803b6d5242b0081cfa24e9ab4f
GP01/runs/formal/wing_nodal/k32/BASE/s100/stdout.log,prepared_20261001,GP01/runs/formal/wing_nodal/k32/BASE/s100/stdout.log,18042,c7f23e4d66ba0d7cc9340b4a5edc04f6930ad6e9b80c4300f87dae4fd75d6896,0,objects/c7f23e4d66ba0d7cc9340b4a5edc04f6930ad6e9b80c4300f87dae4fd75d6896
GP01/runs/formal/wing_nodal/k32/BASE/s101/command.json,prepared_20261001,GP01/runs/formal/wing_nodal/k32/BASE/s101/command.json,885,140c57b5ea38d5494d21638c4e3a31946c7bef82e982fe62b16e236e4f439daf,1,objects/140c57b5ea38d5494d21638c4e3a31946c7bef82e982fe62b16e236e4f439daf
GP01/runs/formal/wing_nodal/k32/BASE/s101/gp01_audit.csv,prepared_20261001,GP01/runs/formal/wing_nodal/k32/BASE/s101/gp01_audit.csv,1424,66a938a1e2e4360d34e929f95b7fb06b2f8ec517947aa1aac571383289bd9681,1,objects/66a938a1e2e4360d34e929f95b7fb06b2f8ec517947aa1aac571383289bd9681
GP01/runs/formal/wing_nodal/k32/BASE/s101/input.graph,prepared_20261001,GP01/runs/formal/wing_nodal/k32/BASE/s101/input.graph,757013,b7f60e0f96640232559a528f46251c7b810bfafcfc6b41657deb7af7e54a5ed8,0,objects/b7f60e0f96640232559a528f46251c7b810bfafcfc6b41657deb7af7e54a5ed8
GP01/runs/formal/wing_nodal/k32/BASE/s101/input.graph.part32.epsilon0.03.seed101.KaHyPar,prepared_20261001,GP01/runs/formal/wing_nodal/k32/BASE/s101/input.graph.part32.epsilon0.03.seed101.KaHyPar,40317,e0f45872c552219cb1628ce6c3b7ca9ee397d700ed4fbc98be7e9e3905639869,0,objects/e0f45872c552219cb1628ce6c3b7ca9ee397d700ed4fbc98be7e9e3905639869
GP01/runs/formal/wing_nodal/k32/BASE/s101/stdout.log,prepared_20261001,GP01/runs/formal/wing_nodal/k32/BASE/s101/stdout.log,18039,4a2875d2218b2d593d7a2ef5e8dab68190c3e2efac8d03db2e74bcc1ea9fc77d,0,objects/4a2875d2218b2d593d7a2ef5e8dab68190c3e2efac8d03db2e74bcc1ea9fc77d
GP01/runs/formal/wing_nodal/k32/BASE/s102/command.json,prepared_20261001,GP01/runs/formal/wing_nodal/k32/BASE/s102/command.json,885,161dce4d56724fa661966011c4fa6c7775554c1343a22ebecfbd325fef1cbd47,1,objects/161dce4d56724fa661966011c4fa6c7775554c1343a22ebecfbd325fef1cbd47
GP01/runs/formal/wing_nodal/k32/BASE/s102/gp01_audit.csv,prepared_20261001,GP01/runs/formal/wing_nodal/k32/BASE/s102/gp01_audit.csv,1264,b8bf3499d9bd152034c17e7ce88d11c87f09a88a04cefa226c387188b496097b,1,objects/b8bf3499d9bd152034c17e7ce88d11c87f09a88a04cefa226c387188b496097b
GP01/runs/formal/wing_nodal/k32/BASE/s102/input.graph,prepared_20261001,GP01/runs/formal/wing_nodal/k32/BASE/s102/input.graph,757013,b7f60e0f96640232559a528f46251c7b810bfafcfc6b41657deb7af7e54a5ed8,0,objects/b7f60e0f96640232559a528f46251c7b810bfafcfc6b41657deb7af7e54a5ed8
GP01/runs/formal/wing_nodal/k32/BASE/s102/input.graph.part32.epsilon0.03.seed102.KaHyPar,prepared_20261001,GP01/runs/formal/wing_nodal/k32/BASE/s102/input.graph.part32.epsilon0.03.seed102.KaHyPar,40320,7edd277df6bd6638c1c327344da49671beb01351256042678d2b7d8602fed0fc,0,objects/7edd277df6bd6638c1c327344da49671beb01351256042678d2b7d8602fed0fc
GP01/runs/formal/wing_nodal/k32/BASE/s102/stdout.log,prepared_20261001,GP01/runs/formal/wing_nodal/k32/BASE/s102/stdout.log,18042,efbb49f24dfb6560f9a1bdbd6c215c1f1da1c11bc91c8be893a7d15d3f564477,0,objects/efbb49f24dfb6560f9a1bdbd6c215c1f1da1c11bc91c8be893a7d15d3f564477
GP01/runs/formal/wing_nodal/k32/BASE/s2/command.json,prepared_20261001,GP01/runs/formal/wing_nodal/k32/BASE/s2/command.json,881,572def2941331b21f4527c92f411796a90c7950849f673d96abbb3742f6bb55c,1,objects/572def2941331b21f4527c92f411796a90c7950849f673d96abbb3742f6bb55c
GP01/runs/formal/wing_nodal/k32/BASE/s2/gp01_audit.csv,prepared_20261001,GP01/runs/formal/wing_nodal/k32/BASE/s2/gp01_audit.csv,1372,998cd48ab753cd7e9853a9c9e95bf9480bff962e48faaba08dc463785b01f1fe,1,objects/998cd48ab753cd7e9853a9c9e95bf9480bff962e48faaba08dc463785b01f1fe
GP01/runs/formal/wing_nodal/k32/BASE/s2/input.graph,prepared_20261001,GP01/runs/formal/wing_nodal/k32/BASE/s2/input.graph,757013,b7f60e0f96640232559a528f46251c7b810bfafcfc6b41657deb7af7e54a5ed8,0,objects/b7f60e0f96640232559a528f46251c7b810bfafcfc6b41657deb7af7e54a5ed8
GP01/runs/formal/wing_nodal/k32/BASE/s2/input.graph.part32.epsilon0.03.seed2.KaHyPar,prepared_20261001,GP01/runs/formal/wing_nodal/k32/BASE/s2/input.graph.part32.epsilon0.03.seed2.KaHyPar,40293,152e70414de112b96547c0a6e0b5b5fc3f3981e9b49ec648e94392e31fd9ce1b,0,objects/152e70414de112b96547c0a6e0b5b5fc3f3981e9b49ec648e94392e31fd9ce1b
GP01/runs/formal/wing_nodal/k32/BASE/s2/stdout.log,prepared_20261001,GP01/runs/formal/wing_nodal/k32/BASE/s2/stdout.log,18036,025d80fdd963a25d8053718395901849288cbd2d8dd7648e405675696598e463,0,objects/025d80fdd963a25d8053718395901849288cbd2d8dd7648e405675696598e463
GP01/runs/formal/wing_nodal/k32/BASE/s3/command.json,prepared_20261001,GP01/runs/formal/wing_nodal/k32/BASE/s3/command.json,881,a3b61623fbb7e2acf719fbfb2974fa69978492adbfd8fbf2be164e5c46682150,1,objects/a3b61623fbb7e2acf719fbfb2974fa69978492adbfd8fbf2be164e5c46682150
GP01/runs/formal/wing_nodal/k32/BASE/s3/gp01_audit.csv,prepared_20261001,GP01/runs/formal/wing_nodal/k32/BASE/s3/gp01_audit.csv,1342,5ea5dab917b054ac9d329b528d3350c99887aeac82fdf5f7deb9666fdb405e34,1,objects/5ea5dab917b054ac9d329b528d3350c99887aeac82fdf5f7deb9666fdb405e34
GP01/runs/formal/wing_nodal/k32/BASE/s3/input.graph,prepared_20261001,GP01/runs/formal/wing_nodal/k32/BASE/s3/input.graph,757013,b7f60e0f96640232559a528f46251c7b810bfafcfc6b41657deb7af7e54a5ed8,0,objects/b7f60e0f96640232559a528f46251c7b810bfafcfc6b41657deb7af7e54a5ed8
GP01/runs/formal/wing_nodal/k32/BASE/s3/input.graph.part32.epsilon0.03.seed3.KaHyPar,prepared_20261001,GP01/runs/formal/wing_nodal/k32/BASE/s3/input.graph.part32.epsilon0.03.seed3.KaHyPar,40270,61e90c13c7f8926d4b0c52219567cb159516e81cf869955691983a13db328c06,0,objects/61e90c13c7f8926d4b0c52219567cb159516e81cf869955691983a13db328c06
GP01/runs/formal/wing_nodal/k32/BASE/s3/stdout.log,prepared_20261001,GP01/runs/formal/wing_nodal/k32/BASE/s3/stdout.log,18037,3eb91348c02bc74a27927d5663bd2e37a6e6c16da0ca4b0773aefef59c493383,0,objects/3eb91348c02bc74a27927d5663bd2e37a6e6c16da0ca4b0773aefef59c493383
GP01/runs/formal/wing_nodal/k32/BASE/s4/command.json,prepared_20261001,GP01/runs/formal/wing_nodal/k32/BASE/s4/command.json,881,25df977fc6ce60ccaeb513789aa65026223b8dbcdbe05ad7d68fb7106e645494,1,objects/25df977fc6ce60ccaeb513789aa65026223b8dbcdbe05ad7d68fb7106e645494
GP01/runs/formal/wing_nodal/k32/BASE/s4/gp01_audit.csv,prepared_20261001,GP01/runs/formal/wing_nodal/k32/BASE/s4/gp01_audit.csv,1343,42cdc2a771f6554844f51642344047f21080babcd776fa7db7ebfb71ecee5ad1,1,objects/42cdc2a771f6554844f51642344047f21080babcd776fa7db7ebfb71ecee5ad1
GP01/runs/formal/wing_nodal/k32/BASE/s4/input.graph,prepared_20261001,GP01/runs/formal/wing_nodal/k32/BASE/s4/input.graph,757013,b7f60e0f96640232559a528f46251c7b810bfafcfc6b41657deb7af7e54a5ed8,0,objects/b7f60e0f96640232559a528f46251c7b810bfafcfc6b41657deb7af7e54a5ed8
GP01/runs/formal/wing_nodal/k32/BASE/s4/input.graph.part32.epsilon0.03.seed4.KaHyPar,prepared_20261001,GP01/runs/formal/wing_nodal/k32/BASE/s4/input.graph.part32.epsilon0.03.seed4.KaHyPar,40401,4181108eba74bd01619859dcde296700ad1d01ef5628d455eacbb61ba443a408,0,objects/4181108eba74bd01619859dcde296700ad1d01ef5628d455eacbb61ba443a408
GP01/runs/formal/wing_nodal/k32/BASE/s4/stdout.log,prepared_20261001,GP01/runs/formal/wing_nodal/k32/BASE/s4/stdout.log,18037,50bed3e2048a9f7d639945459c4b5061ce0f6e6f896a2bb57ee3547fda9926a0,0,objects/50bed3e2048a9f7d639945459c4b5061ce0f6e6f896a2bb57ee3547fda9926a0
GP01/runs/formal/wing_nodal/k32/BASE/s5/command.json,prepared_20261001,GP01/runs/formal/wing_nodal/k32/BASE/s5/command.json,881,87a127df54fa4789f9be467077b901f9727d49e8b27969771a703e2d1a1730e9,1,objects/87a127df54fa4789f9be467077b901f9727d49e8b27969771a703e2d1a1730e9
GP01/runs/formal/wing_nodal/k32/BASE/s5/gp01_audit.csv,prepared_20261001,GP01/runs/formal/wing_nodal/k32/BASE/s5/gp01_audit.csv,1320,99f686a34539eeeff732132b4ef0c448ee157ab5c3afce13ef301ec55ca6c530,1,objects/99f686a34539eeeff732132b4ef0c448ee157ab5c3afce13ef301ec55ca6c530
GP01/runs/formal/wing_nodal/k32/BASE/s5/input.graph,prepared_20261001,GP01/runs/formal/wing_nodal/k32/BASE/s5/input.graph,757013,b7f60e0f96640232559a528f46251c7b810bfafcfc6b41657deb7af7e54a5ed8,0,objects/b7f60e0f96640232559a528f46251c7b810bfafcfc6b41657deb7af7e54a5ed8
GP01/runs/formal/wing_nodal/k32/BASE/s5/input.graph.part32.epsilon0.03.seed5.KaHyPar,prepared_20261001,GP01/runs/formal/wing_nodal/k32/BASE/s5/input.graph.part32.epsilon0.03.seed5.KaHyPar,40317,b08cee5468e26eeba942e444acba15e2a7229378b2629a3574930794e15fa8e4,0,objects/b08cee5468e26eeba942e444acba15e2a7229378b2629a3574930794e15fa8e4
GP01/runs/formal/wing_nodal/k32/BASE/s5/stdout.log,prepared_20261001,GP01/runs/formal/wing_nodal/k32/BASE/s5/stdout.log,18037,14f8e0fa411b39d4a839a6e96eb19aaea8fd77ec51cd5ada850c19b27efc860a,0,objects/14f8e0fa411b39d4a839a6e96eb19aaea8fd77ec51cd5ada850c19b27efc860a
GP01/runs/formal/wing_nodal/k32/BASE/s6/command.json,prepared_20261001,GP01/runs/formal/wing_nodal/k32/BASE/s6/command.json,881,297aa7c954d8f746bcf0acbe9c11d87d88f679df5032a621946ad82b28798702,1,objects/297aa7c954d8f746bcf0acbe9c11d87d88f679df5032a621946ad82b28798702
GP01/runs/formal/wing_nodal/k32/BASE/s6/gp01_audit.csv,prepared_20261001,GP01/runs/formal/wing_nodal/k32/BASE/s6/gp01_audit.csv,1319,24d93b00a9a94b0f17f3a872eb2a370c11a6b863b4d8fbdb7d288ac468797e6d,1,objects/24d93b00a9a94b0f17f3a872eb2a370c11a6b863b4d8fbdb7d288ac468797e6d
GP01/runs/formal/wing_nodal/k32/BASE/s6/input.graph,prepared_20261001,GP01/runs/formal/wing_nodal/k32/BASE/s6/input.graph,757013,b7f60e0f96640232559a528f46251c7b810bfafcfc6b41657deb7af7e54a5ed8,0,objects/b7f60e0f96640232559a528f46251c7b810bfafcfc6b41657deb7af7e54a5ed8
GP01/runs/formal/wing_nodal/k32/BASE/s6/input.graph.part32.epsilon0.03.seed6.KaHyPar,prepared_20261001,GP01/runs/formal/wing_nodal/k32/BASE/s6/input.graph.part32.epsilon0.03.seed6.KaHyPar,40395,62bf3570a5d3a1b6f7e1e9eab12766643eb573ae80a54a101490390af10289d2,0,objects/62bf3570a5d3a1b6f7e1e9eab12766643eb573ae80a54a101490390af10289d2
GP01/runs/formal/wing_nodal/k32/BASE/s6/stdout.log,prepared_20261001,GP01/runs/formal/wing_nodal/k32/BASE/s6/stdout.log,18038,29b8f4261c77d59320a5bd7959dc880eb82987f14460450e9345455a39803dc4,0,objects/29b8f4261c77d59320a5bd7959dc880eb82987f14460450e9345455a39803dc4
GP01/runs/formal/wing_nodal/k32/BASE/s7/command.json,prepared_20261001,GP01/runs/formal/wing_nodal/k32/BASE/s7/command.json,881,e806632bd1cb7ebad400fc4d98d46bb744521b04defe5614b70a4a94522a8306,1,objects/e806632bd1cb7ebad400fc4d98d46bb744521b04defe5614b70a4a94522a8306
GP01/runs/formal/wing_nodal/k32/BASE/s7/gp01_audit.csv,prepared_20261001,GP01/runs/formal/wing_nodal/k32/BASE/s7/gp01_audit.csv,1296,2252134841ff04fa3d97dde867827986c4b294b49b2dfc919eed7773322bedbe,1,objects/2252134841ff04fa3d97dde867827986c4b294b49b2dfc919eed7773322bedbe
GP01/runs/formal/wing_nodal/k32/BASE/s7/input.graph,prepared_20261001,GP01/runs/formal/wing_nodal/k32/BASE/s7/input.graph,757013,b7f60e0f96640232559a528f46251c7b810bfafcfc6b41657deb7af7e54a5ed8,0,objects/b7f60e0f96640232559a528f46251c7b810bfafcfc6b41657deb7af7e54a5ed8
GP01/runs/formal/wing_nodal/k32/BASE/s7/input.graph.part32.epsilon0.03.seed7.KaHyPar,prepared_20261001,GP01/runs/formal/wing_nodal/k32/BASE/s7/input.graph.part32.epsilon0.03.seed7.KaHyPar,40358,fccab69758a364e57f1d2f8c3e5d522a6139c50e38a82f5184436f0a4d580c3b,0,objects/fccab69758a364e57f1d2f8c3e5d522a6139c50e38a82f5184436f0a4d580c3b
GP01/runs/formal/wing_nodal/k32/BASE/s7/stdout.log,prepared_20261001,GP01/runs/formal/wing_nodal/k32/BASE/s7/stdout.log,18037,b1f5756f3b42f7db18b3ddb94fa5c695a8741facd10b9dbf7c942a8b8cce187a,0,objects/b1f5756f3b42f7db18b3ddb94fa5c695a8741facd10b9dbf7c942a8b8cce187a
GP01/runs/formal/wing_nodal/k32/BASE/s8/command.json,prepared_20261001,GP01/runs/formal/wing_nodal/k32/BASE/s8/command.json,881,eb5d9ae70e55628e622303fddddc5205ef28c09962aea3dcdd8b7bd01a2a2d50,1,objects/eb5d9ae70e55628e622303fddddc5205ef28c09962aea3dcdd8b7bd01a2a2d50
GP01/runs/formal/wing_nodal/k32/BASE/s8/gp01_audit.csv,prepared_20261001,GP01/runs/formal/wing_nodal/k32/BASE/s8/gp01_audit.csv,1346,4859f8d3b42d6e838a7f059cd85f6de972912f0f049246114c170ebe7c7d44cd,1,objects/4859f8d3b42d6e838a7f059cd85f6de972912f0f049246114c170ebe7c7d44cd
GP01/runs/formal/wing_nodal/k32/BASE/s8/input.graph,prepared_20261001,GP01/runs/formal/wing_nodal/k32/BASE/s8/input.graph,757013,b7f60e0f96640232559a528f46251c7b810bfafcfc6b41657deb7af7e54a5ed8,0,objects/b7f60e0f96640232559a528f46251c7b810bfafcfc6b41657deb7af7e54a5ed8
GP01/runs/formal/wing_nodal/k32/BASE/s8/input.graph.part32.epsilon0.03.seed8.KaHyPar,prepared_20261001,GP01/runs/formal/wing_nodal/k32/BASE/s8/input.graph.part32.epsilon0.03.seed8.KaHyPar,40338,2374cbcb37d96d9ed6ab0b3a2f3dad931a20d2c6bfd2d7d48e330ce651352fb8,0,objects/2374cbcb37d96d9ed6ab0b3a2f3dad931a20d2c6bfd2d7d48e330ce651352fb8
GP01/runs/formal/wing_nodal/k32/BASE/s8/stdout.log,prepared_20261001,GP01/runs/formal/wing_nodal/k32/BASE/s8/stdout.log,18036,2561f0360e77bf1f916192d9c14aa0cb0b73a1066f2d1d95e5faef8353f2547d,0,objects/2561f0360e77bf1f916192d9c14aa0cb0b73a1066f2d1d95e5faef8353f2547d
GP01/runs/formal/wing_nodal/k32/BASE/s9/command.json,prepared_20261001,GP01/runs/formal/wing_nodal/k32/BASE/s9/command.json,881,48fc9667d18c5f8856fc4369371a7a1710a3edc3a66a695aaebd8ffcc6ad6808,1,objects/48fc9667d18c5f8856fc4369371a7a1710a3edc3a66a695aaebd8ffcc6ad6808
GP01/runs/formal/wing_nodal/k32/BASE/s9/gp01_audit.csv,prepared_20261001,GP01/runs/formal/wing_nodal/k32/BASE/s9/gp01_audit.csv,1266,8b339b4ffe1bf24b2c9c69bd01ff55dfd606837a9008b20e79665d47a6c11e57,1,objects/8b339b4ffe1bf24b2c9c69bd01ff55dfd606837a9008b20e79665d47a6c11e57
GP01/runs/formal/wing_nodal/k32/BASE/s9/input.graph,prepared_20261001,GP01/runs/formal/wing_nodal/k32/BASE/s9/input.graph,757013,b7f60e0f96640232559a528f46251c7b810bfafcfc6b41657deb7af7e54a5ed8,0,objects/b7f60e0f96640232559a528f46251c7b810bfafcfc6b41657deb7af7e54a5ed8
GP01/runs/formal/wing_nodal/k32/BASE/s9/input.graph.part32.epsilon0.03.seed9.KaHyPar,prepared_20261001,GP01/runs/formal/wing_nodal/k32/BASE/s9/input.graph.part32.epsilon0.03.seed9.KaHyPar,40429,49bc351132c738b59737b58b656cc2791a4aff35275a153e7062ccdd1caddf61,0,objects/49bc351132c738b59737b58b656cc2791a4aff35275a153e7062ccdd1caddf61
GP01/runs/formal/wing_nodal/k32/BASE/s9/stdout.log,prepared_20261001,GP01/runs/formal/wing_nodal/k32/BASE/s9/stdout.log,18037,699838e56d99b57f9cc050f630b05bfb3c1b65de04d41aecd7b476f8563b268c,0,objects/699838e56d99b57f9cc050f630b05bfb3c1b65de04d41aecd7b476f8563b268c
GP01/runs/formal/wing_nodal/k32/CAL-EXACT/s100/command.json,prepared_20261001,GP01/runs/formal/wing_nodal/k32/CAL-EXACT/s100/command.json,921,50951186186c7c13efe869043e6b2f05399a88e36622c484ede948ae53a12306,1,objects/50951186186c7c13efe869043e6b2f05399a88e36622c484ede948ae53a12306
GP01/runs/formal/wing_nodal/k32/CAL-EXACT/s100/gp01_audit.csv,prepared_20261001,GP01/runs/formal/wing_nodal/k32/CAL-EXACT/s100/gp01_audit.csv,1359,33756cf6d785a2832d397cf53ab805cc5a8413f8c33731e9989b7ab8a7044e07,1,objects/33756cf6d785a2832d397cf53ab805cc5a8413f8c33731e9989b7ab8a7044e07
GP01/runs/formal/wing_nodal/k32/CAL-EXACT/s100/input.graph,prepared_20261001,GP01/runs/formal/wing_nodal/k32/CAL-EXACT/s100/input.graph,757013,b7f60e0f96640232559a528f46251c7b810bfafcfc6b41657deb7af7e54a5ed8,0,objects/b7f60e0f96640232559a528f46251c7b810bfafcfc6b41657deb7af7e54a5ed8
GP01/runs/formal/wing_nodal/k32/CAL-EXACT/s100/input.graph.part32.epsilon0.03.seed100.KaHyPar,prepared_20261001,GP01/runs/formal/wing_nodal/k32/CAL-EXACT/s100/input.graph.part32.epsilon0.03.seed100.KaHyPar,40397,a56f8690b91ba22ceab0df8cf91997141e3ada20be3a6312242c1e7ad3d969cf,0,objects/a56f8690b91ba22ceab0df8cf91997141e3ada20be3a6312242c1e7ad3d969cf
GP01/runs/formal/wing_nodal/k32/CAL-EXACT/s100/stdout.log,prepared_20261001,GP01/runs/formal/wing_nodal/k32/CAL-EXACT/s100/stdout.log,18041,de10696a27a069fe441e64e947128e1bcae9f3e1c02e2c89a891312af26825a2,0,objects/de10696a27a069fe441e64e947128e1bcae9f3e1c02e2c89a891312af26825a2
GP01/runs/formal/wing_nodal/k32/CAL-EXACT/s101/command.json,prepared_20261001,GP01/runs/formal/wing_nodal/k32/CAL-EXACT/s101/command.json,921,27c9d05812a7cb573bbf7e6f0fb07e0c23df4f51dab0ea2dd061c8b2bf6d2cf1,1,objects/27c9d05812a7cb573bbf7e6f0fb07e0c23df4f51dab0ea2dd061c8b2bf6d2cf1
GP01/runs/formal/wing_nodal/k32/CAL-EXACT/s101/gp01_audit.csv,prepared_20261001,GP01/runs/formal/wing_nodal/k32/CAL-EXACT/s101/gp01_audit.csv,1282,b0de838bce42366b61326f50989601c9ec1e20a8f87a750cacdcd668f1c7ac1a,1,objects/b0de838bce42366b61326f50989601c9ec1e20a8f87a750cacdcd668f1c7ac1a
GP01/runs/formal/wing_nodal/k32/CAL-EXACT/s101/input.graph,prepared_20261001,GP01/runs/formal/wing_nodal/k32/CAL-EXACT/s101/input.graph,757013,b7f60e0f96640232559a528f46251c7b810bfafcfc6b41657deb7af7e54a5ed8,0,objects/b7f60e0f96640232559a528f46251c7b810bfafcfc6b41657deb7af7e54a5ed8
GP01/runs/formal/wing_nodal/k32/CAL-EXACT/s101/input.graph.part32.epsilon0.03.seed101.KaHyPar,prepared_20261001,GP01/runs/formal/wing_nodal/k32/CAL-EXACT/s101/input.graph.part32.epsilon0.03.seed101.KaHyPar,40298,60e16139f1900899012a85a638b02fce91d63330ac2f4c225bce1a6199e82aac,0,objects/60e16139f1900899012a85a638b02fce91d63330ac2f4c225bce1a6199e82aac
GP01/runs/formal/wing_nodal/k32/CAL-EXACT/s101/stdout.log,prepared_20261001,GP01/runs/formal/wing_nodal/k32/CAL-EXACT/s101/stdout.log,18041,89c67d1fa2b6d0f4959f439593daff918146e365a968a8c49a90f2d7493ffaea,0,objects/89c67d1fa2b6d0f4959f439593daff918146e365a968a8c49a90f2d7493ffaea
GP01/runs/formal/wing_nodal/k32/CAL-EXACT/s102/command.json,prepared_20261001,GP01/runs/formal/wing_nodal/k32/CAL-EXACT/s102/command.json,921,75a599d71a57ec5d4565003b7963c35a60104b21ae0e1cb81e1559689ae262bf,1,objects/75a599d71a57ec5d4565003b7963c35a60104b21ae0e1cb81e1559689ae262bf
GP01/runs/formal/wing_nodal/k32/CAL-EXACT/s102/gp01_audit.csv,prepared_20261001,GP01/runs/formal/wing_nodal/k32/CAL-EXACT/s102/gp01_audit.csv,1257,4221b2b2ad15b969e9698bec9a35ad8ff581ebbbc0616a3449e5696a400468a4,1,objects/4221b2b2ad15b969e9698bec9a35ad8ff581ebbbc0616a3449e5696a400468a4
GP01/runs/formal/wing_nodal/k32/CAL-EXACT/s102/input.graph,prepared_20261001,GP01/runs/formal/wing_nodal/k32/CAL-EXACT/s102/input.graph,757013,b7f60e0f96640232559a528f46251c7b810bfafcfc6b41657deb7af7e54a5ed8,0,objects/b7f60e0f96640232559a528f46251c7b810bfafcfc6b41657deb7af7e54a5ed8
GP01/runs/formal/wing_nodal/k32/CAL-EXACT/s102/input.graph.part32.epsilon0.03.seed102.KaHyPar,prepared_20261001,GP01/runs/formal/wing_nodal/k32/CAL-EXACT/s102/input.graph.part32.epsilon0.03.seed102.KaHyPar,40328,53be3df626a2fa25f963ab5cb9e7c6bd5aba7d3ba284904c2ca35bc1c48e8b38,0,objects/53be3df626a2fa25f963ab5cb9e7c6bd5aba7d3ba284904c2ca35bc1c48e8b38
GP01/runs/formal/wing_nodal/k32/CAL-EXACT/s102/stdout.log,prepared_20261001,GP01/runs/formal/wing_nodal/k32/CAL-EXACT/s102/stdout.log,18040,09ab97c52941f35d5625e6a7055560ea509ea2519b3ba8b321193b20231245d4,0,objects/09ab97c52941f35d5625e6a7055560ea509ea2519b3ba8b321193b20231245d4
GP01/runs/formal/wing_nodal/k32/CAL-TIE/s100/command.json,prepared_20261001,GP01/runs/formal/wing_nodal/k32/CAL-TIE/s100/command.json,917,e25a5387141d22fe26b17ca28abab76d779393d554d627917870465f593a2c8c,1,objects/e25a5387141d22fe26b17ca28abab76d779393d554d627917870465f593a2c8c
GP01/runs/formal/wing_nodal/k32/CAL-TIE/s100/gp01_audit.csv,prepared_20261001,GP01/runs/formal/wing_nodal/k32/CAL-TIE/s100/gp01_audit.csv,1358,943bb8c72f3401faabd1789c13dbcaa08a55c0c3f783cb9ef9099e155ae5ed4f,1,objects/943bb8c72f3401faabd1789c13dbcaa08a55c0c3f783cb9ef9099e155ae5ed4f
GP01/runs/formal/wing_nodal/k32/CAL-TIE/s100/input.graph,prepared_20261001,GP01/runs/formal/wing_nodal/k32/CAL-TIE/s100/input.graph,757013,b7f60e0f96640232559a528f46251c7b810bfafcfc6b41657deb7af7e54a5ed8,0,objects/b7f60e0f96640232559a528f46251c7b810bfafcfc6b41657deb7af7e54a5ed8
GP01/runs/formal/wing_nodal/k32/CAL-TIE/s100/input.graph.part32.epsilon0.03.seed100.KaHyPar,prepared_20261001,GP01/runs/formal/wing_nodal/k32/CAL-TIE/s100/input.graph.part32.epsilon0.03.seed100.KaHyPar,40320,900c37449abae3cc24b375b13da0803491ec521d6ddb94e8f1be3705a8b70567,0,objects/900c37449abae3cc24b375b13da0803491ec521d6ddb94e8f1be3705a8b70567
GP01/runs/formal/wing_nodal/k32/CAL-TIE/s100/stdout.log,prepared_20261001,GP01/runs/formal/wing_nodal/k32/CAL-TIE/s100/stdout.log,18040,b662628aab40cb3118eac8c7a329a8ffc52cd1a85d9816d0e4df7e3e29a8dbdf,0,objects/b662628aab40cb3118eac8c7a329a8ffc52cd1a85d9816d0e4df7e3e29a8dbdf
GP01/runs/formal/wing_nodal/k32/CAL-TIE/s101/command.json,prepared_20261001,GP01/runs/formal/wing_nodal/k32/CAL-TIE/s101/command.json,917,d1ed45501387b0c08ae477b3a0323fdce9884de419fc04ddca39397f4c85e64c,1,objects/d1ed45501387b0c08ae477b3a0323fdce9884de419fc04ddca39397f4c85e64c
GP01/runs/formal/wing_nodal/k32/CAL-TIE/s101/gp01_audit.csv,prepared_20261001,GP01/runs/formal/wing_nodal/k32/CAL-TIE/s101/gp01_audit.csv,1464,fa89572c73ce0d16874b06f613b75b137785bbbab50fdaeb9c270e915af0c557,1,objects/fa89572c73ce0d16874b06f613b75b137785bbbab50fdaeb9c270e915af0c557
GP01/runs/formal/wing_nodal/k32/CAL-TIE/s101/input.graph,prepared_20261001,GP01/runs/formal/wing_nodal/k32/CAL-TIE/s101/input.graph,757013,b7f60e0f96640232559a528f46251c7b810bfafcfc6b41657deb7af7e54a5ed8,0,objects/b7f60e0f96640232559a528f46251c7b810bfafcfc6b41657deb7af7e54a5ed8
GP01/runs/formal/wing_nodal/k32/CAL-TIE/s101/input.graph.part32.epsilon0.03.seed101.KaHyPar,prepared_20261001,GP01/runs/formal/wing_nodal/k32/CAL-TIE/s101/input.graph.part32.epsilon0.03.seed101.KaHyPar,40321,aef0982d75d174fdd6efd7b248b8057988f4835b7197d5401d049d9af3ab2e2f,0,objects/aef0982d75d174fdd6efd7b248b8057988f4835b7197d5401d049d9af3ab2e2f
GP01/runs/formal/wing_nodal/k32/CAL-TIE/s101/stdout.log,prepared_20261001,GP01/runs/formal/wing_nodal/k32/CAL-TIE/s101/stdout.log,18039,8b4db5a898b08beb05eda21c24069c39eadcc041dc0bfbaa4f81b0e94ada190c,0,objects/8b4db5a898b08beb05eda21c24069c39eadcc041dc0bfbaa4f81b0e94ada190c
GP01/runs/formal/wing_nodal/k32/CAL-TIE/s102/command.json,prepared_20261001,GP01/runs/formal/wing_nodal/k32/CAL-TIE/s102/command.json,917,26b1f05bbfac585dba1bb39b300ccd5fa1cfbbf34a3346bb53ffdc2859304e0b,1,objects/26b1f05bbfac585dba1bb39b300ccd5fa1cfbbf34a3346bb53ffdc2859304e0b
GP01/runs/formal/wing_nodal/k32/CAL-TIE/s102/gp01_audit.csv,prepared_20261001,GP01/runs/formal/wing_nodal/k32/CAL-TIE/s102/gp01_audit.csv,1383,e26cfdca112d469fdfa3571da5438f3f6456e69989c14d233302318ce398f510,1,objects/e26cfdca112d469fdfa3571da5438f3f6456e69989c14d233302318ce398f510
GP01/runs/formal/wing_nodal/k32/CAL-TIE/s102/input.graph,prepared_20261001,GP01/runs/formal/wing_nodal/k32/CAL-TIE/s102/input.graph,757013,b7f60e0f96640232559a528f46251c7b810bfafcfc6b41657deb7af7e54a5ed8,0,objects/b7f60e0f96640232559a528f46251c7b810bfafcfc6b41657deb7af7e54a5ed8
GP01/runs/formal/wing_nodal/k32/CAL-TIE/s102/input.graph.part32.epsilon0.03.seed102.KaHyPar,prepared_20261001,GP01/runs/formal/wing_nodal/k32/CAL-TIE/s102/input.graph.part32.epsilon0.03.seed102.KaHyPar,40402,1710935e1bd962c3b0f9e292ec151c358a9d89353c5572861d1300b3231a9b09,0,objects/1710935e1bd962c3b0f9e292ec151c358a9d89353c5572861d1300b3231a9b09
GP01/runs/formal/wing_nodal/k32/CAL-TIE/s102/stdout.log,prepared_20261001,GP01/runs/formal/wing_nodal/k32/CAL-TIE/s102/stdout.log,18039,6fb8ec62002c044c7e3b0b0cc7876c57e419c0d02ecc2c0e3b762deb416ff4c2,0,objects/6fb8ec62002c044c7e3b0b0cc7876c57e419c0d02ecc2c0e3b762deb416ff4c2
GP01/runs/formal/wing_nodal/k32/K/s100/command.json,prepared_20261001,GP01/runs/formal/wing_nodal/k32/K/s100/command.json,905,c7fbeeea9a820c18edf3845897e39bee14be88d3e8b95544864dabf59d6105d4,1,objects/c7fbeeea9a820c18edf3845897e39bee14be88d3e8b95544864dabf59d6105d4
GP01/runs/formal/wing_nodal/k32/K/s100/gp01_audit.csv,prepared_20261001,GP01/runs/formal/wing_nodal/k32/K/s100/gp01_audit.csv,1283,64009ac61138df7f4a5817494e8ed010589a33ba3e191958bada6352d7319dba,1,objects/64009ac61138df7f4a5817494e8ed010589a33ba3e191958bada6352d7319dba
GP01/runs/formal/wing_nodal/k32/K/s100/input.graph,prepared_20261001,GP01/runs/formal/wing_nodal/k32/K/s100/input.graph,757013,b7f60e0f96640232559a528f46251c7b810bfafcfc6b41657deb7af7e54a5ed8,0,objects/b7f60e0f96640232559a528f46251c7b810bfafcfc6b41657deb7af7e54a5ed8
GP01/runs/formal/wing_nodal/k32/K/s100/input.graph.part32.epsilon0.03.seed100.KaHyPar,prepared_20261001,GP01/runs/formal/wing_nodal/k32/K/s100/input.graph.part32.epsilon0.03.seed100.KaHyPar,40326,375c33ad72ee340a65e0590b458d1504e05fb796f5d2b9966e31c3be9637a42c,0,objects/375c33ad72ee340a65e0590b458d1504e05fb796f5d2b9966e31c3be9637a42c
GP01/runs/formal/wing_nodal/k32/K/s100/stdout.log,prepared_20261001,GP01/runs/formal/wing_nodal/k32/K/s100/stdout.log,18042,8bca06cb3bcdc0b908d14ae02e90c17ca065496f11892fc96f0c275127e87060,0,objects/8bca06cb3bcdc0b908d14ae02e90c17ca065496f11892fc96f0c275127e87060
GP01/runs/formal/wing_nodal/k32/K/s101/command.json,prepared_20261001,GP01/runs/formal/wing_nodal/k32/K/s101/command.json,905,967b612da37bf92074de32f1099eb32e01b82f8806504ec8531865ae69ad289d,1,objects/967b612da37bf92074de32f1099eb32e01b82f8806504ec8531865ae69ad289d
GP01/runs/formal/wing_nodal/k32/K/s101/gp01_audit.csv,prepared_20261001,GP01/runs/formal/wing_nodal/k32/K/s101/gp01_audit.csv,1309,575f803bcb2535b704cfa2e0094aa11326da6a4389ff924b54643896ac274402,1,objects/575f803bcb2535b704cfa2e0094aa11326da6a4389ff924b54643896ac274402
GP01/runs/formal/wing_nodal/k32/K/s101/input.graph,prepared_20261001,GP01/runs/formal/wing_nodal/k32/K/s101/input.graph,757013,b7f60e0f96640232559a528f46251c7b810bfafcfc6b41657deb7af7e54a5ed8,0,objects/b7f60e0f96640232559a528f46251c7b810bfafcfc6b41657deb7af7e54a5ed8
GP01/runs/formal/wing_nodal/k32/K/s101/input.graph.part32.epsilon0.03.seed101.KaHyPar,prepared_20261001,GP01/runs/formal/wing_nodal/k32/K/s101/input.graph.part32.epsilon0.03.seed101.KaHyPar,40338,0d9e0f3845957372df97a5140afdbb7294c15b7439aa7602983373b458126a12,0,objects/0d9e0f3845957372df97a5140afdbb7294c15b7439aa7602983373b458126a12
GP01/runs/formal/wing_nodal/k32/K/s101/stdout.log,prepared_20261001,GP01/runs/formal/wing_nodal/k32/K/s101/stdout.log,18041,d758b73087eb7e7115e0c4325a8179201290e76946f081631dc6fa115a6ddfde,0,objects/d758b73087eb7e7115e0c4325a8179201290e76946f081631dc6fa115a6ddfde
GP01/runs/formal/wing_nodal/k32/K/s102/command.json,prepared_20261001,GP01/runs/formal/wing_nodal/k32/K/s102/command.json,905,871ff85202b2592a98690b66c18ac1ba37bd9fd4d425ba2f623c86de78d1a327,1,objects/871ff85202b2592a98690b66c18ac1ba37bd9fd4d425ba2f623c86de78d1a327
GP01/runs/formal/wing_nodal/k32/K/s102/gp01_audit.csv,prepared_20261001,GP01/runs/formal/wing_nodal/k32/K/s102/gp01_audit.csv,1281,3195e35bd5856f54cdab614e18291ff4d66b29c80ac724d5b35a46a669e1f6d6,1,objects/3195e35bd5856f54cdab614e18291ff4d66b29c80ac724d5b35a46a669e1f6d6
GP01/runs/formal/wing_nodal/k32/K/s102/input.graph,prepared_20261001,GP01/runs/formal/wing_nodal/k32/K/s102/input.graph,757013,b7f60e0f96640232559a528f46251c7b810bfafcfc6b41657deb7af7e54a5ed8,0,objects/b7f60e0f96640232559a528f46251c7b810bfafcfc6b41657deb7af7e54a5ed8
GP01/runs/formal/wing_nodal/k32/K/s102/input.graph.part32.epsilon0.03.seed102.KaHyPar,prepared_20261001,GP01/runs/formal/wing_nodal/k32/K/s102/input.graph.part32.epsilon0.03.seed102.KaHyPar,40304,a2afb2433d729e7554cc6a12cfcf6c595b300dbc17fd68932130e78de3166ca1,0,objects/a2afb2433d729e7554cc6a12cfcf6c595b300dbc17fd68932130e78de3166ca1
GP01/runs/formal/wing_nodal/k32/K/s102/stdout.log,prepared_20261001,GP01/runs/formal/wing_nodal/k32/K/s102/stdout.log,18040,a3dc35cdfabfa61c35008da0ea937ebb6a5f825cba8966cc336ad2205bdb4a52,0,objects/a3dc35cdfabfa61c35008da0ea937ebb6a5f825cba8966cc336ad2205bdb4a52
GP01/runs/formal/wing_nodal/k4/AUTHOR/s100/command.json,prepared_20261001,GP01/runs/formal/wing_nodal/k4/AUTHOR/s100/command.json,781,9596288a183a1a35d4c63344a088e5a94f2024744e882cca5d9989f65f026c2c,1,objects/9596288a183a1a35d4c63344a088e5a94f2024744e882cca5d9989f65f026c2c
GP01/runs/formal/wing_nodal/k4/AUTHOR/s100/gp01_audit.csv,prepared_20261001,GP01/runs/formal/wing_nodal/k4/AUTHOR/s100/gp01_audit.csv,330,c3a2fbf0f4e885f8f8d495907bcc8be02619454521086d4eaa2ec21955e6b565,1,objects/c3a2fbf0f4e885f8f8d495907bcc8be02619454521086d4eaa2ec21955e6b565
GP01/runs/formal/wing_nodal/k4/AUTHOR/s100/input.graph,prepared_20261001,GP01/runs/formal/wing_nodal/k4/AUTHOR/s100/input.graph,757013,b7f60e0f96640232559a528f46251c7b810bfafcfc6b41657deb7af7e54a5ed8,0,objects/b7f60e0f96640232559a528f46251c7b810bfafcfc6b41657deb7af7e54a5ed8
GP01/runs/formal/wing_nodal/k4/AUTHOR/s100/input.graph.part4.epsilon0.03.seed100.KaHyPar,prepared_20261001,GP01/runs/formal/wing_nodal/k4/AUTHOR/s100/input.graph.part4.epsilon0.03.seed100.KaHyPar,32811,ed694c4f8fa7d607507dc95f8b3988c7091308d42da42f8c0a081b0f323bd44d,0,objects/ed694c4f8fa7d607507dc95f8b3988c7091308d42da42f8c0a081b0f323bd44d
GP01/runs/formal/wing_nodal/k4/AUTHOR/s100/stdout.log,prepared_20261001,GP01/runs/formal/wing_nodal/k4/AUTHOR/s100/stdout.log,13750,9dde711b64c777d4a5e47a39b1d4edd271db207f203d4cc0ff75768971798262,0,objects/9dde711b64c777d4a5e47a39b1d4edd271db207f203d4cc0ff75768971798262
GP01/runs/formal/wing_nodal/k4/AUTHOR/s101/command.json,prepared_20261001,GP01/runs/formal/wing_nodal/k4/AUTHOR/s101/command.json,781,c5dfbb32bfded201ac31bce2162412c5243b85d1db881696ec5453e1a5bacf78,1,objects/c5dfbb32bfded201ac31bce2162412c5243b85d1db881696ec5453e1a5bacf78
GP01/runs/formal/wing_nodal/k4/AUTHOR/s101/gp01_audit.csv,prepared_20261001,GP01/runs/formal/wing_nodal/k4/AUTHOR/s101/gp01_audit.csv,330,685726e0bc24b2227fd6dffbc95d2c4b5b9582c33d85dc6997c880b5d45b4b8a,1,objects/685726e0bc24b2227fd6dffbc95d2c4b5b9582c33d85dc6997c880b5d45b4b8a
GP01/runs/formal/wing_nodal/k4/AUTHOR/s101/input.graph,prepared_20261001,GP01/runs/formal/wing_nodal/k4/AUTHOR/s101/input.graph,757013,b7f60e0f96640232559a528f46251c7b810bfafcfc6b41657deb7af7e54a5ed8,0,objects/b7f60e0f96640232559a528f46251c7b810bfafcfc6b41657deb7af7e54a5ed8
GP01/runs/formal/wing_nodal/k4/AUTHOR/s101/input.graph.part4.epsilon0.03.seed101.KaHyPar,prepared_20261001,GP01/runs/formal/wing_nodal/k4/AUTHOR/s101/input.graph.part4.epsilon0.03.seed101.KaHyPar,32811,47cec58aa909dae3fb97663aa78977b7fd9cceb97735d0682f70756d803c3475,0,objects/47cec58aa909dae3fb97663aa78977b7fd9cceb97735d0682f70756d803c3475
GP01/runs/formal/wing_nodal/k4/AUTHOR/s101/stdout.log,prepared_20261001,GP01/runs/formal/wing_nodal/k4/AUTHOR/s101/stdout.log,13750,132a34a929b9c1310fe6fa2c077e469c3528f445140e3f30148c528850678182,0,objects/132a34a929b9c1310fe6fa2c077e469c3528f445140e3f30148c528850678182
GP01/runs/formal/wing_nodal/k4/AUTHOR/s102/command.json,prepared_20261001,GP01/runs/formal/wing_nodal/k4/AUTHOR/s102/command.json,781,bd87fe9a8e487876f06c4ae829c635c206a9a76c404c37434f2206fd71f72dc2,1,objects/bd87fe9a8e487876f06c4ae829c635c206a9a76c404c37434f2206fd71f72dc2
GP01/runs/formal/wing_nodal/k4/AUTHOR/s102/gp01_audit.csv,prepared_20261001,GP01/runs/formal/wing_nodal/k4/AUTHOR/s102/gp01_audit.csv,330,bd8a4a7e1244c1e6864d0bb7975e8038e437543379d32c87aacd6a35dfc53406,1,objects/bd8a4a7e1244c1e6864d0bb7975e8038e437543379d32c87aacd6a35dfc53406
GP01/runs/formal/wing_nodal/k4/AUTHOR/s102/input.graph,prepared_20261001,GP01/runs/formal/wing_nodal/k4/AUTHOR/s102/input.graph,757013,b7f60e0f96640232559a528f46251c7b810bfafcfc6b41657deb7af7e54a5ed8,0,objects/b7f60e0f96640232559a528f46251c7b810bfafcfc6b41657deb7af7e54a5ed8
GP01/runs/formal/wing_nodal/k4/AUTHOR/s102/input.graph.part4.epsilon0.03.seed102.KaHyPar,prepared_20261001,GP01/runs/formal/wing_nodal/k4/AUTHOR/s102/input.graph.part4.epsilon0.03.seed102.KaHyPar,32811,c61bf1e410e5a1b964e93468f91945d51e0ba569d7fdd0e0996767896e2b1a52,0,objects/c61bf1e410e5a1b964e93468f91945d51e0ba569d7fdd0e0996767896e2b1a52
GP01/runs/formal/wing_nodal/k4/AUTHOR/s102/stdout.log,prepared_20261001,GP01/runs/formal/wing_nodal/k4/AUTHOR/s102/stdout.log,13747,596159d583f4fec3ddc0ff86943966315a8be7ae694bcd0dc8d998a9542fdbc1,0,objects/596159d583f4fec3ddc0ff86943966315a8be7ae694bcd0dc8d998a9542fdbc1
GP01/runs/formal/wing_nodal/k4/AVG/s100/command.json,prepared_20261001,GP01/runs/formal/wing_nodal/k4/AVG/s100/command.json,906,5396bf841b17bfedd7d77fdf5efd2f598d5270c9e0072fa88dffb1825fcd897a,1,objects/5396bf841b17bfedd7d77fdf5efd2f598d5270c9e0072fa88dffb1825fcd897a
GP01/runs/formal/wing_nodal/k4/AVG/s100/gp01_audit.csv,prepared_20261001,GP01/runs/formal/wing_nodal/k4/AVG/s100/gp01_audit.csv,357,3ba1212671eb742fe10e84351086e14af41391da6e33a1d9d61214d07f347aba,1,objects/3ba1212671eb742fe10e84351086e14af41391da6e33a1d9d61214d07f347aba
GP01/runs/formal/wing_nodal/k4/AVG/s100/input.graph,prepared_20261001,GP01/runs/formal/wing_nodal/k4/AVG/s100/input.graph,757013,b7f60e0f96640232559a528f46251c7b810bfafcfc6b41657deb7af7e54a5ed8,0,objects/b7f60e0f96640232559a528f46251c7b810bfafcfc6b41657deb7af7e54a5ed8
GP01/runs/formal/wing_nodal/k4/AVG/s100/input.graph.part4.epsilon0.03.seed100.KaHyPar,prepared_20261001,GP01/runs/formal/wing_nodal/k4/AVG/s100/input.graph.part4.epsilon0.03.seed100.KaHyPar,32811,4241bcef39d7a9174e2c245fd8c455b85294e748bcd5d44669bc41e0fee5517b,0,objects/4241bcef39d7a9174e2c245fd8c455b85294e748bcd5d44669bc41e0fee5517b
GP01/runs/formal/wing_nodal/k4/AVG/s100/stdout.log,prepared_20261001,GP01/runs/formal/wing_nodal/k4/AVG/s100/stdout.log,13747,22292446167f1c06dd14d140ae84d910c87364fc53ef57f163e74e3932af867c,0,objects/22292446167f1c06dd14d140ae84d910c87364fc53ef57f163e74e3932af867c
GP01/runs/formal/wing_nodal/k4/AVG/s101/command.json,prepared_20261001,GP01/runs/formal/wing_nodal/k4/AVG/s101/command.json,906,0ffe37faa457aebae0495cafd3307f2cd1e5fbcd27e9c363a6c987714fb4a8ab,1,objects/0ffe37faa457aebae0495cafd3307f2cd1e5fbcd27e9c363a6c987714fb4a8ab
GP01/runs/formal/wing_nodal/k4/AVG/s101/gp01_audit.csv,prepared_20261001,GP01/runs/formal/wing_nodal/k4/AVG/s101/gp01_audit.csv,357,52106a73cc869cf0c8cab9fcb4b47946db1bbe0c107a108309d6c572faf24b0b,1,objects/52106a73cc869cf0c8cab9fcb4b47946db1bbe0c107a108309d6c572faf24b0b
GP01/runs/formal/wing_nodal/k4/AVG/s101/input.graph,prepared_20261001,GP01/runs/formal/wing_nodal/k4/AVG/s101/input.graph,757013,b7f60e0f96640232559a528f46251c7b810bfafcfc6b41657deb7af7e54a5ed8,0,objects/b7f60e0f96640232559a528f46251c7b810bfafcfc6b41657deb7af7e54a5ed8
GP01/runs/formal/wing_nodal/k4/AVG/s101/input.graph.part4.epsilon0.03.seed101.KaHyPar,prepared_20261001,GP01/runs/formal/wing_nodal/k4/AVG/s101/input.graph.part4.epsilon0.03.seed101.KaHyPar,32811,465a147afa980fa0450fef46550c741a7975533a94699c26216267ee21ce41f4,0,objects/465a147afa980fa0450fef46550c741a7975533a94699c26216267ee21ce41f4
GP01/runs/formal/wing_nodal/k4/AVG/s101/stdout.log,prepared_20261001,GP01/runs/formal/wing_nodal/k4/AVG/s101/stdout.log,13749,3d39512ea993e57d0b3314a12ed97e8d18b42afe5c211f6d98e8136857867966,0,objects/3d39512ea993e57d0b3314a12ed97e8d18b42afe5c211f6d98e8136857867966
GP01/runs/formal/wing_nodal/k4/AVG/s102/command.json,prepared_20261001,GP01/runs/formal/wing_nodal/k4/AVG/s102/command.json,906,bd931702bd7c41e368e5a6d4b73f36ea07a4b0f4943749ac33533c1bf075ca61,1,objects/bd931702bd7c41e368e5a6d4b73f36ea07a4b0f4943749ac33533c1bf075ca61
GP01/runs/formal/wing_nodal/k4/AVG/s102/gp01_audit.csv,prepared_20261001,GP01/runs/formal/wing_nodal/k4/AVG/s102/gp01_audit.csv,356,486c4b48541cc1df48d332922a50a97067ccd98df06cd5a6880a4e9587dd3b0f,1,objects/486c4b48541cc1df48d332922a50a97067ccd98df06cd5a6880a4e9587dd3b0f
GP01/runs/formal/wing_nodal/k4/AVG/s102/input.graph,prepared_20261001,GP01/runs/formal/wing_nodal/k4/AVG/s102/input.graph,757013,b7f60e0f96640232559a528f46251c7b810bfafcfc6b41657deb7af7e54a5ed8,0,objects/b7f60e0f96640232559a528f46251c7b810bfafcfc6b41657deb7af7e54a5ed8
GP01/runs/formal/wing_nodal/k4/AVG/s102/input.graph.part4.epsilon0.03.seed102.KaHyPar,prepared_20261001,GP01/runs/formal/wing_nodal/k4/AVG/s102/input.graph.part4.epsilon0.03.seed102.KaHyPar,32811,6706b21c64407ceb2b266bdab6b010e56a78f35f716b2dd951888174edaaab8d,0,objects/6706b21c64407ceb2b266bdab6b010e56a78f35f716b2dd951888174edaaab8d
GP01/runs/formal/wing_nodal/k4/AVG/s102/stdout.log,prepared_20261001,GP01/runs/formal/wing_nodal/k4/AVG/s102/stdout.log,13749,8a96c123e7250b7f7fbb47d9e886c67198b560289fbd1435606f072280360096,0,objects/8a96c123e7250b7f7fbb47d9e886c67198b560289fbd1435606f072280360096
GP01/runs/formal/wing_nodal/k4/BASE/s0/command.json,prepared_20261001,GP01/runs/formal/wing_nodal/k4/BASE/s0/command.json,879,63915558cdb293cb082bd840d1cbcc538a0d6a84e990b8a4a339fd82b9a562a0,1,objects/63915558cdb293cb082bd840d1cbcc538a0d6a84e990b8a4a339fd82b9a562a0
GP01/runs/formal/wing_nodal/k4/BASE/s0/gp01_audit.csv,prepared_20261001,GP01/runs/formal/wing_nodal/k4/BASE/s0/gp01_audit.csv,293,d8de05f2739062b73c1a2de9528f0f589671178024971ca597b19c9ff7545032,1,objects/d8de05f2739062b73c1a2de9528f0f589671178024971ca597b19c9ff7545032
GP01/runs/formal/wing_nodal/k4/BASE/s0/input.graph,prepared_20261001,GP01/runs/formal/wing_nodal/k4/BASE/s0/input.graph,757013,b7f60e0f96640232559a528f46251c7b810bfafcfc6b41657deb7af7e54a5ed8,0,objects/b7f60e0f96640232559a528f46251c7b810bfafcfc6b41657deb7af7e54a5ed8
GP01/runs/formal/wing_nodal/k4/BASE/s0/input.graph.part4.epsilon0.03.seed0.KaHyPar,prepared_20261001,GP01/runs/formal/wing_nodal/k4/BASE/s0/input.graph.part4.epsilon0.03.seed0.KaHyPar,32811,b65f587707036be3f7952a853b7d46d45f5d26e3e7583818da7c4ee32ae83944,0,objects/b65f587707036be3f7952a853b7d46d45f5d26e3e7583818da7c4ee32ae83944
GP01/runs/formal/wing_nodal/k4/BASE/s0/stdout.log,prepared_20261001,GP01/runs/formal/wing_nodal/k4/BASE/s0/stdout.log,13745,fcaec2ad0e4734d743a8c13f61fb25344a820dd177867327aa6152f4031d7b55,0,objects/fcaec2ad0e4734d743a8c13f61fb25344a820dd177867327aa6152f4031d7b55
GP01/runs/formal/wing_nodal/k4/BASE/s1/command.json,prepared_20261001,GP01/runs/formal/wing_nodal/k4/BASE/s1/command.json,879,080569156c9805ef62a7d03d67d399ca835dd9f77acda1d8e3f766eeb6c43056,1,objects/080569156c9805ef62a7d03d67d399ca835dd9f77acda1d8e3f766eeb6c43056
GP01/runs/formal/wing_nodal/k4/BASE/s1/gp01_audit.csv,prepared_20261001,GP01/runs/formal/wing_nodal/k4/BASE/s1/gp01_audit.csv,293,94f2cbdaa16423fd3d6cc34c03690c1dc4fe30fa63ba98c42d25041d824458a9,1,objects/94f2cbdaa16423fd3d6cc34c03690c1dc4fe30fa63ba98c42d25041d824458a9
GP01/runs/formal/wing_nodal/k4/BASE/s1/input.graph,prepared_20261001,GP01/runs/formal/wing_nodal/k4/BASE/s1/input.graph,757013,b7f60e0f96640232559a528f46251c7b810bfafcfc6b41657deb7af7e54a5ed8,0,objects/b7f60e0f96640232559a528f46251c7b810bfafcfc6b41657deb7af7e54a5ed8
GP01/runs/formal/wing_nodal/k4/BASE/s1/input.graph.part4.epsilon0.03.seed1.KaHyPar,prepared_20261001,GP01/runs/formal/wing_nodal/k4/BASE/s1/input.graph.part4.epsilon0.03.seed1.KaHyPar,32811,3aac55333402fe952ddaa970e23788493340ca96049bf4ab6194c21c83aa55ca,0,objects/3aac55333402fe952ddaa970e23788493340ca96049bf4ab6194c21c83aa55ca
GP01/runs/formal/wing_nodal/k4/BASE/s1/stdout.log,prepared_20261001,GP01/runs/formal/wing_nodal/k4/BASE/s1/stdout.log,13746,34f59d0d45dc820bfe3a86b7532faa1e5c0b6a0d36fa95cf82be544d03a740b6,0,objects/34f59d0d45dc820bfe3a86b7532faa1e5c0b6a0d36fa95cf82be544d03a740b6
GP01/runs/formal/wing_nodal/k4/BASE/s100/command.json,prepared_20261001,GP01/runs/formal/wing_nodal/k4/BASE/s100/command.json,883,e2e3f7d768e01624b1110ad0a647adf4cdad63887678947cea0ef2db2e40c7b4,1,objects/e2e3f7d768e01624b1110ad0a647adf4cdad63887678947cea0ef2db2e40c7b4
GP01/runs/formal/wing_nodal/k4/BASE/s100/gp01_audit.csv,prepared_20261001,GP01/runs/formal/wing_nodal/k4/BASE/s100/gp01_audit.csv,293,38f69302e8933c5332fbd4abd788804fb33ea8b096ddc3d6ca7e0ba17aa2ea15,1,objects/38f69302e8933c5332fbd4abd788804fb33ea8b096ddc3d6ca7e0ba17aa2ea15
GP01/runs/formal/wing_nodal/k4/BASE/s100/input.graph,prepared_20261001,GP01/runs/formal/wing_nodal/k4/BASE/s100/input.graph,757013,b7f60e0f96640232559a528f46251c7b810bfafcfc6b41657deb7af7e54a5ed8,0,objects/b7f60e0f96640232559a528f46251c7b810bfafcfc6b41657deb7af7e54a5ed8
GP01/runs/formal/wing_nodal/k4/BASE/s100/input.graph.part4.epsilon0.03.seed100.KaHyPar,prepared_20261001,GP01/runs/formal/wing_nodal/k4/BASE/s100/input.graph.part4.epsilon0.03.seed100.KaHyPar,32811,8f19aa3943f1f36bed97b035ee3f21a5adfcffeab8e0e06fcb00f1c7645660b3,0,objects/8f19aa3943f1f36bed97b035ee3f21a5adfcffeab8e0e06fcb00f1c7645660b3
GP01/runs/formal/wing_nodal/k4/BASE/s100/stdout.log,prepared_20261001,GP01/runs/formal/wing_nodal/k4/BASE/s100/stdout.log,13749,b17d6764b410f4f0ec5e4d80dbe05af7d5a5e3870c63400fc5cb1d351f35162d,0,objects/b17d6764b410f4f0ec5e4d80dbe05af7d5a5e3870c63400fc5cb1d351f35162d
GP01/runs/formal/wing_nodal/k4/BASE/s101/command.json,prepared_20261001,GP01/runs/formal/wing_nodal/k4/BASE/s101/command.json,883,0d097a88296a0bf14745dbd8c38398ec9904a268280745b46b70e09a85bcdd25,1,objects/0d097a88296a0bf14745dbd8c38398ec9904a268280745b46b70e09a85bcdd25
GP01/runs/formal/wing_nodal/k4/BASE/s101/gp01_audit.csv,prepared_20261001,GP01/runs/formal/wing_nodal/k4/BASE/s101/gp01_audit.csv,293,d8d7f0bedfe789dffcbca270df760cd90537744eb32d76cc749e425175e4da7b,1,objects/d8d7f0bedfe789dffcbca270df760cd90537744eb32d76cc749e425175e4da7b
GP01/runs/formal/wing_nodal/k4/BASE/s101/input.graph,prepared_20261001,GP01/runs/formal/wing_nodal/k4/BASE/s101/input.graph,757013,b7f60e0f96640232559a528f46251c7b810bfafcfc6b41657deb7af7e54a5ed8,0,objects/b7f60e0f96640232559a528f46251c7b810bfafcfc6b41657deb7af7e54a5ed8
GP01/runs/formal/wing_nodal/k4/BASE/s101/input.graph.part4.epsilon0.03.seed101.KaHyPar,prepared_20261001,GP01/runs/formal/wing_nodal/k4/BASE/s101/input.graph.part4.epsilon0.03.seed101.KaHyPar,32811,da3e522a4e6c35101d4764bd49924087dd75d6e8fbca01d3df4af74ab4ba126f,0,objects/da3e522a4e6c35101d4764bd49924087dd75d6e8fbca01d3df4af74ab4ba126f
GP01/runs/formal/wing_nodal/k4/BASE/s101/stdout.log,prepared_20261001,GP01/runs/formal/wing_nodal/k4/BASE/s101/stdout.log,13750,956f7476315a556df5bc863417de68b1eaacacd372804428f02c88f0d9c0daf7,0,objects/956f7476315a556df5bc863417de68b1eaacacd372804428f02c88f0d9c0daf7
GP01/runs/formal/wing_nodal/k4/BASE/s102/command.json,prepared_20261001,GP01/runs/formal/wing_nodal/k4/BASE/s102/command.json,883,6abeab615060cfc242640306cd98e0c3a9d4f49a843b6ae87f058b6e23b0efab,1,objects/6abeab615060cfc242640306cd98e0c3a9d4f49a843b6ae87f058b6e23b0efab
GP01/runs/formal/wing_nodal/k4/BASE/s102/gp01_audit.csv,prepared_20261001,GP01/runs/formal/wing_nodal/k4/BASE/s102/gp01_audit.csv,293,485b495c4bf95db50ab9b22a12398a7b3a75fd876d90215b2d20bd978773a9f6,1,objects/485b495c4bf95db50ab9b22a12398a7b3a75fd876d90215b2d20bd978773a9f6
GP01/runs/formal/wing_nodal/k4/BASE/s102/input.graph,prepared_20261001,GP01/runs/formal/wing_nodal/k4/BASE/s102/input.graph,757013,b7f60e0f96640232559a528f46251c7b810bfafcfc6b41657deb7af7e54a5ed8,0,objects/b7f60e0f96640232559a528f46251c7b810bfafcfc6b41657deb7af7e54a5ed8
GP01/runs/formal/wing_nodal/k4/BASE/s102/input.graph.part4.epsilon0.03.seed102.KaHyPar,prepared_20261001,GP01/runs/formal/wing_nodal/k4/BASE/s102/input.graph.part4.epsilon0.03.seed102.KaHyPar,32811,a0398a451c8b797a78b886d7af5f2f27c313b979891e95ae0f65dba40363b9a7,0,objects/a0398a451c8b797a78b886d7af5f2f27c313b979891e95ae0f65dba40363b9a7
GP01/runs/formal/wing_nodal/k4/BASE/s102/stdout.log,prepared_20261001,GP01/runs/formal/wing_nodal/k4/BASE/s102/stdout.log,13750,0f6c0d7a622dc60bfcf964f4ae25e2be945e034d2fa7c582421500f3ee15417a,0,objects/0f6c0d7a622dc60bfcf964f4ae25e2be945e034d2fa7c582421500f3ee15417a
GP01/runs/formal/wing_nodal/k4/BASE/s2/command.json,prepared_20261001,GP01/runs/formal/wing_nodal/k4/BASE/s2/command.json,879,6ae4f010b90cd76dcc26d97393b6a615d3b1f959d09b3b227ffc756161c3fac2,1,objects/6ae4f010b90cd76dcc26d97393b6a615d3b1f959d09b3b227ffc756161c3fac2
GP01/runs/formal/wing_nodal/k4/BASE/s2/gp01_audit.csv,prepared_20261001,GP01/runs/formal/wing_nodal/k4/BASE/s2/gp01_audit.csv,293,55f53b11104bcd4dd479d52d20df3f0bcd170ac9a88f3cf4a93d08fce502a5c7,1,objects/55f53b11104bcd4dd479d52d20df3f0bcd170ac9a88f3cf4a93d08fce502a5c7
GP01/runs/formal/wing_nodal/k4/BASE/s2/input.graph,prepared_20261001,GP01/runs/formal/wing_nodal/k4/BASE/s2/input.graph,757013,b7f60e0f96640232559a528f46251c7b810bfafcfc6b41657deb7af7e54a5ed8,0,objects/b7f60e0f96640232559a528f46251c7b810bfafcfc6b41657deb7af7e54a5ed8
GP01/runs/formal/wing_nodal/k4/BASE/s2/input.graph.part4.epsilon0.03.seed2.KaHyPar,prepared_20261001,GP01/runs/formal/wing_nodal/k4/BASE/s2/input.graph.part4.epsilon0.03.seed2.KaHyPar,32811,4d140b326187ddc091fc1c2f14d88b1893c5f453b5ac18354a93b97007393052,0,objects/4d140b326187ddc091fc1c2f14d88b1893c5f453b5ac18354a93b97007393052
GP01/runs/formal/wing_nodal/k4/BASE/s2/stdout.log,prepared_20261001,GP01/runs/formal/wing_nodal/k4/BASE/s2/stdout.log,13746,be208fc2491697185468ab017b021492429bc8a4d748d5e93bfafcde8abec2c1,0,objects/be208fc2491697185468ab017b021492429bc8a4d748d5e93bfafcde8abec2c1
GP01/runs/formal/wing_nodal/k4/BASE/s3/command.json,prepared_20261001,GP01/runs/formal/wing_nodal/k4/BASE/s3/command.json,879,608fa3958c19b13b7b59e181ac95937baf5bff132685fe2b5bc78989cefad8e5,1,objects/608fa3958c19b13b7b59e181ac95937baf5bff132685fe2b5bc78989cefad8e5
GP01/runs/formal/wing_nodal/k4/BASE/s3/gp01_audit.csv,prepared_20261001,GP01/runs/formal/wing_nodal/k4/BASE/s3/gp01_audit.csv,293,8fab11c4b060f3fb0dc047c0286451429b6c2c55e497307edf409493a90f3889,1,objects/8fab11c4b060f3fb0dc047c0286451429b6c2c55e497307edf409493a90f3889
GP01/runs/formal/wing_nodal/k4/BASE/s3/input.graph,prepared_20261001,GP01/runs/formal/wing_nodal/k4/BASE/s3/input.graph,757013,b7f60e0f96640232559a528f46251c7b810bfafcfc6b41657deb7af7e54a5ed8,0,objects/b7f60e0f96640232559a528f46251c7b810bfafcfc6b41657deb7af7e54a5ed8
GP01/runs/formal/wing_nodal/k4/BASE/s3/input.graph.part4.epsilon0.03.seed3.KaHyPar,prepared_20261001,GP01/runs/formal/wing_nodal/k4/BASE/s3/input.graph.part4.epsilon0.03.seed3.KaHyPar,32811,5e4eb43ef42e83179476b47fcca2f829a1a0b1740f416efbcb0ebbc6bd66e450,0,objects/5e4eb43ef42e83179476b47fcca2f829a1a0b1740f416efbcb0ebbc6bd66e450
GP01/runs/formal/wing_nodal/k4/BASE/s3/stdout.log,prepared_20261001,GP01/runs/formal/wing_nodal/k4/BASE/s3/stdout.log,13745,2e72a8d1e76543ea6c589040fb3910c23ed02fe83a926765c560e9a8d4b8bcf6,0,objects/2e72a8d1e76543ea6c589040fb3910c23ed02fe83a926765c560e9a8d4b8bcf6
GP01/runs/formal/wing_nodal/k4/BASE/s4/command.json,prepared_20261001,GP01/runs/formal/wing_nodal/k4/BASE/s4/command.json,879,5fafb4b8d8cf154f2f3dcd535e41777bbe1e7a4788e02cf99318f33c3f09e285,1,objects/5fafb4b8d8cf154f2f3dcd535e41777bbe1e7a4788e02cf99318f33c3f09e285
GP01/runs/formal/wing_nodal/k4/BASE/s4/gp01_audit.csv,prepared_20261001,GP01/runs/formal/wing_nodal/k4/BASE/s4/gp01_audit.csv,293,1d4272fb93570cfd9cbd4a23185c2f86cafd5ec6facb6c94894101a8779cedeb,1,objects/1d4272fb93570cfd9cbd4a23185c2f86cafd5ec6facb6c94894101a8779cedeb
GP01/runs/formal/wing_nodal/k4/BASE/s4/input.graph,prepared_20261001,GP01/runs/formal/wing_nodal/k4/BASE/s4/input.graph,757013,b7f60e0f96640232559a528f46251c7b810bfafcfc6b41657deb7af7e54a5ed8,0,objects/b7f60e0f96640232559a528f46251c7b810bfafcfc6b41657deb7af7e54a5ed8
GP01/runs/formal/wing_nodal/k4/BASE/s4/input.graph.part4.epsilon0.03.seed4.KaHyPar,prepared_20261001,GP01/runs/formal/wing_nodal/k4/BASE/s4/input.graph.part4.epsilon0.03.seed4.KaHyPar,32811,6e6a5806ba07bd00b3329ba21ee29795ac08f178bd129d9fb267e5b262fe1535,0,objects/6e6a5806ba07bd00b3329ba21ee29795ac08f178bd129d9fb267e5b262fe1535
GP01/runs/formal/wing_nodal/k4/BASE/s4/stdout.log,prepared_20261001,GP01/runs/formal/wing_nodal/k4/BASE/s4/stdout.log,13746,a989649c022ede0294711f6ec0514760f944a8235dd49e41bc15fb5810ab1643,0,objects/a989649c022ede0294711f6ec0514760f944a8235dd49e41bc15fb5810ab1643
GP01/runs/formal/wing_nodal/k4/BASE/s5/command.json,prepared_20261001,GP01/runs/formal/wing_nodal/k4/BASE/s5/command.json,879,279eab2845918643a0c6db2519a3e39159e9c9a89f632459af9b409e2dfe8f2b,1,objects/279eab2845918643a0c6db2519a3e39159e9c9a89f632459af9b409e2dfe8f2b
GP01/runs/formal/wing_nodal/k4/BASE/s5/gp01_audit.csv,prepared_20261001,GP01/runs/formal/wing_nodal/k4/BASE/s5/gp01_audit.csv,293,e52c13b4e00efd6910fee1a6c08572d066ed2f026432dec6463bd910c35b6e39,1,objects/e52c13b4e00efd6910fee1a6c08572d066ed2f026432dec6463bd910c35b6e39
GP01/runs/formal/wing_nodal/k4/BASE/s5/input.graph,prepared_20261001,GP01/runs/formal/wing_nodal/k4/BASE/s5/input.graph,757013,b7f60e0f96640232559a528f46251c7b810bfafcfc6b41657deb7af7e54a5ed8,0,objects/b7f60e0f96640232559a528f46251c7b810bfafcfc6b41657deb7af7e54a5ed8
GP01/runs/formal/wing_nodal/k4/BASE/s5/input.graph.part4.epsilon0.03.seed5.KaHyPar,prepared_20261001,GP01/runs/formal/wing_nodal/k4/BASE/s5/input.graph.part4.epsilon0.03.seed5.KaHyPar,32811,595592219b135d999a65511e472f7323a32eed17e9883840c9c9d12ed75ddebe,0,objects/595592219b135d999a65511e472f7323a32eed17e9883840c9c9d12ed75ddebe
GP01/runs/formal/wing_nodal/k4/BASE/s5/stdout.log,prepared_20261001,GP01/runs/formal/wing_nodal/k4/BASE/s5/stdout.log,13745,8abfda7cf642fb3361f1ed0177b0c37a71b0b6f646dfea3e0b465c1cd06b38d1,0,objects/8abfda7cf642fb3361f1ed0177b0c37a71b0b6f646dfea3e0b465c1cd06b38d1
GP01/runs/formal/wing_nodal/k4/BASE/s6/command.json,prepared_20261001,GP01/runs/formal/wing_nodal/k4/BASE/s6/command.json,879,600c489b75e385b4d84fc1e49fdbbc618f2cd999964c62f8c2325d3dd55a06c6,1,objects/600c489b75e385b4d84fc1e49fdbbc618f2cd999964c62f8c2325d3dd55a06c6
GP01/runs/formal/wing_nodal/k4/BASE/s6/gp01_audit.csv,prepared_20261001,GP01/runs/formal/wing_nodal/k4/BASE/s6/gp01_audit.csv,293,1fca04828cec64ec8b08061b1f1522ac015e6b61cdd29a96700e154b6a814d77,1,objects/1fca04828cec64ec8b08061b1f1522ac015e6b61cdd29a96700e154b6a814d77
GP01/runs/formal/wing_nodal/k4/BASE/s6/input.graph,prepared_20261001,GP01/runs/formal/wing_nodal/k4/BASE/s6/input.graph,757013,b7f60e0f96640232559a528f46251c7b810bfafcfc6b41657deb7af7e54a5ed8,0,objects/b7f60e0f96640232559a528f46251c7b810bfafcfc6b41657deb7af7e54a5ed8
GP01/runs/formal/wing_nodal/k4/BASE/s6/input.graph.part4.epsilon0.03.seed6.KaHyPar,prepared_20261001,GP01/runs/formal/wing_nodal/k4/BASE/s6/input.graph.part4.epsilon0.03.seed6.KaHyPar,32811,a50c79c361e76e39c9b0a0c8f3881be8f5ce8d3af6b20eea9d02b0e64920c58f,0,objects/a50c79c361e76e39c9b0a0c8f3881be8f5ce8d3af6b20eea9d02b0e64920c58f
GP01/runs/formal/wing_nodal/k4/BASE/s6/stdout.log,prepared_20261001,GP01/runs/formal/wing_nodal/k4/BASE/s6/stdout.log,13745,0ed39a8a674e0636680569b4924346963a0c14cf91cdcfdb1d54ee3e83574258,0,objects/0ed39a8a674e0636680569b4924346963a0c14cf91cdcfdb1d54ee3e83574258
GP01/runs/formal/wing_nodal/k4/BASE/s7/command.json,prepared_20261001,GP01/runs/formal/wing_nodal/k4/BASE/s7/command.json,879,cfa65bd0bf9001c3d9bc3102153a193299d6176b21a6987a15acd30263188eeb,1,objects/cfa65bd0bf9001c3d9bc3102153a193299d6176b21a6987a15acd30263188eeb
GP01/runs/formal/wing_nodal/k4/BASE/s7/gp01_audit.csv,prepared_20261001,GP01/runs/formal/wing_nodal/k4/BASE/s7/gp01_audit.csv,318,6f176f4d4ed8803f4c94c5dc8e2676e3db55f76e1fdd30198a248413176663ab,1,objects/6f176f4d4ed8803f4c94c5dc8e2676e3db55f76e1fdd30198a248413176663ab
GP01/runs/formal/wing_nodal/k4/BASE/s7/input.graph,prepared_20261001,GP01/runs/formal/wing_nodal/k4/BASE/s7/input.graph,757013,b7f60e0f96640232559a528f46251c7b810bfafcfc6b41657deb7af7e54a5ed8,0,objects/b7f60e0f96640232559a528f46251c7b810bfafcfc6b41657deb7af7e54a5ed8
GP01/runs/formal/wing_nodal/k4/BASE/s7/input.graph.part4.epsilon0.03.seed7.KaHyPar,prepared_20261001,GP01/runs/formal/wing_nodal/k4/BASE/s7/input.graph.part4.epsilon0.03.seed7.KaHyPar,32811,d893aab89bc6fbd2a89dc2c266f0ea53ac4a157d5f73fca5c9e5c61e4ef2fed2,0,objects/d893aab89bc6fbd2a89dc2c266f0ea53ac4a157d5f73fca5c9e5c61e4ef2fed2
GP01/runs/formal/wing_nodal/k4/BASE/s7/stdout.log,prepared_20261001,GP01/runs/formal/wing_nodal/k4/BASE/s7/stdout.log,13745,60cce4cc12d6527a363fb23db31a0c56ac0e32030a8e529f1a673f05312b84df,0,objects/60cce4cc12d6527a363fb23db31a0c56ac0e32030a8e529f1a673f05312b84df
GP01/runs/formal/wing_nodal/k4/BASE/s8/command.json,prepared_20261001,GP01/runs/formal/wing_nodal/k4/BASE/s8/command.json,879,00032235576d04b44c03f6d66634aec853ddd57b497131830320a0af1d2573b3,1,objects/00032235576d04b44c03f6d66634aec853ddd57b497131830320a0af1d2573b3
GP01/runs/formal/wing_nodal/k4/BASE/s8/gp01_audit.csv,prepared_20261001,GP01/runs/formal/wing_nodal/k4/BASE/s8/gp01_audit.csv,293,9161d21643206c940d5309a026311e38accc37176611ea9185d7e71b2d5ab4fb,1,objects/9161d21643206c940d5309a026311e38accc37176611ea9185d7e71b2d5ab4fb
GP01/runs/formal/wing_nodal/k4/BASE/s8/input.graph,prepared_20261001,GP01/runs/formal/wing_nodal/k4/BASE/s8/input.graph,757013,b7f60e0f96640232559a528f46251c7b810bfafcfc6b41657deb7af7e54a5ed8,0,objects/b7f60e0f96640232559a528f46251c7b810bfafcfc6b41657deb7af7e54a5ed8
GP01/runs/formal/wing_nodal/k4/BASE/s8/input.graph.part4.epsilon0.03.seed8.KaHyPar,prepared_20261001,GP01/runs/formal/wing_nodal/k4/BASE/s8/input.graph.part4.epsilon0.03.seed8.KaHyPar,32811,51bfab21769669ad48f50388390b3fdf95bbfb61779501802f53c9cbd01c87f9,0,objects/51bfab21769669ad48f50388390b3fdf95bbfb61779501802f53c9cbd01c87f9
GP01/runs/formal/wing_nodal/k4/BASE/s8/stdout.log,prepared_20261001,GP01/runs/formal/wing_nodal/k4/BASE/s8/stdout.log,13744,110bf7a5dfd264116e4d0ff1d20fdd8722548e0f8090d672775e61508bda5d12,0,objects/110bf7a5dfd264116e4d0ff1d20fdd8722548e0f8090d672775e61508bda5d12
GP01/runs/formal/wing_nodal/k4/BASE/s9/command.json,prepared_20261001,GP01/runs/formal/wing_nodal/k4/BASE/s9/command.json,879,7167fe19e897be734d1b4bda8365d14823ea4e7b35f831bed8a6bd9338ffb04f,1,objects/7167fe19e897be734d1b4bda8365d14823ea4e7b35f831bed8a6bd9338ffb04f
GP01/runs/formal/wing_nodal/k4/BASE/s9/gp01_audit.csv,prepared_20261001,GP01/runs/formal/wing_nodal/k4/BASE/s9/gp01_audit.csv,293,4f5144a21c5b0ee89b76e628b6336384f632d2000f4ea3592395089ed25e9d0c,1,objects/4f5144a21c5b0ee89b76e628b6336384f632d2000f4ea3592395089ed25e9d0c
GP01/runs/formal/wing_nodal/k4/BASE/s9/input.graph,prepared_20261001,GP01/runs/formal/wing_nodal/k4/BASE/s9/input.graph,757013,b7f60e0f96640232559a528f46251c7b810bfafcfc6b41657deb7af7e54a5ed8,0,objects/b7f60e0f96640232559a528f46251c7b810bfafcfc6b41657deb7af7e54a5ed8
GP01/runs/formal/wing_nodal/k4/BASE/s9/input.graph.part4.epsilon0.03.seed9.KaHyPar,prepared_20261001,GP01/runs/formal/wing_nodal/k4/BASE/s9/input.graph.part4.epsilon0.03.seed9.KaHyPar,32811,9808a1ac3b5312b5b2f562814a90324f82a1dcb364d59ed7b3df7f0439a559c0,0,objects/9808a1ac3b5312b5b2f562814a90324f82a1dcb364d59ed7b3df7f0439a559c0
GP01/runs/formal/wing_nodal/k4/BASE/s9/stdout.log,prepared_20261001,GP01/runs/formal/wing_nodal/k4/BASE/s9/stdout.log,13745,581be09b89b22ae91e645f363639f0f5e5d6cccc38b4adfb04a0312b6e8a9fa0,0,objects/581be09b89b22ae91e645f363639f0f5e5d6cccc38b4adfb04a0312b6e8a9fa0
GP01/runs/formal/wing_nodal/k4/CAL-EXACT/s100/command.json,prepared_20261001,GP01/runs/formal/wing_nodal/k4/CAL-EXACT/s100/command.json,918,80a36c9a978d3fb5347cbdf7d4f4ad555a82c8bafd66468f5862b3ae56a29441,1,objects/80a36c9a978d3fb5347cbdf7d4f4ad555a82c8bafd66468f5862b3ae56a29441
GP01/runs/formal/wing_nodal/k4/CAL-EXACT/s100/gp01_audit.csv,prepared_20261001,GP01/runs/formal/wing_nodal/k4/CAL-EXACT/s100/gp01_audit.csv,331,234624c5208f66304f661d63e56948e86a211ea99a0e576680c0b62b504417f6,1,objects/234624c5208f66304f661d63e56948e86a211ea99a0e576680c0b62b504417f6
GP01/runs/formal/wing_nodal/k4/CAL-EXACT/s100/input.graph,prepared_20261001,GP01/runs/formal/wing_nodal/k4/CAL-EXACT/s100/input.graph,757013,b7f60e0f96640232559a528f46251c7b810bfafcfc6b41657deb7af7e54a5ed8,0,objects/b7f60e0f96640232559a528f46251c7b810bfafcfc6b41657deb7af7e54a5ed8
GP01/runs/formal/wing_nodal/k4/CAL-EXACT/s100/input.graph.part4.epsilon0.03.seed100.KaHyPar,prepared_20261001,GP01/runs/formal/wing_nodal/k4/CAL-EXACT/s100/input.graph.part4.epsilon0.03.seed100.KaHyPar,32811,2759c0bfb0f018c269cc0ad77be7111fa601c95ad69d653a22702c16ac5395dc,0,objects/2759c0bfb0f018c269cc0ad77be7111fa601c95ad69d653a22702c16ac5395dc
GP01/runs/formal/wing_nodal/k4/CAL-EXACT/s100/stdout.log,prepared_20261001,GP01/runs/formal/wing_nodal/k4/CAL-EXACT/s100/stdout.log,13750,0c13d226c773656d6b0dad6fab665b630fcf5c3bee492a3fb762922636823753,0,objects/0c13d226c773656d6b0dad6fab665b630fcf5c3bee492a3fb762922636823753
GP01/runs/formal/wing_nodal/k4/CAL-EXACT/s101/command.json,prepared_20261001,GP01/runs/formal/wing_nodal/k4/CAL-EXACT/s101/command.json,918,f27ebe5c0256c17d604eda9a1e8b147c71e688a7779b37b8b769976dd85c2f8d,1,objects/f27ebe5c0256c17d604eda9a1e8b147c71e688a7779b37b8b769976dd85c2f8d
GP01/runs/formal/wing_nodal/k4/CAL-EXACT/s101/gp01_audit.csv,prepared_20261001,GP01/runs/formal/wing_nodal/k4/CAL-EXACT/s101/gp01_audit.csv,331,b6929dfe12d6de915f77b5cc74f47621e17bfb1f894dac7e9c5d3363c595f799,1,objects/b6929dfe12d6de915f77b5cc74f47621e17bfb1f894dac7e9c5d3363c595f799
GP01/runs/formal/wing_nodal/k4/CAL-EXACT/s101/input.graph,prepared_20261001,GP01/runs/formal/wing_nodal/k4/CAL-EXACT/s101/input.graph,757013,b7f60e0f96640232559a528f46251c7b810bfafcfc6b41657deb7af7e54a5ed8,0,objects/b7f60e0f96640232559a528f46251c7b810bfafcfc6b41657deb7af7e54a5ed8
GP01/runs/formal/wing_nodal/k4/CAL-EXACT/s101/input.graph.part4.epsilon0.03.seed101.KaHyPar,prepared_20261001,GP01/runs/formal/wing_nodal/k4/CAL-EXACT/s101/input.graph.part4.epsilon0.03.seed101.KaHyPar,32811,ccd3dafbbefe7d236119087f8d02b7479add6e3ad60b9395634e403604df9d0e,0,objects/ccd3dafbbefe7d236119087f8d02b7479add6e3ad60b9395634e403604df9d0e
GP01/runs/formal/wing_nodal/k4/CAL-EXACT/s101/stdout.log,prepared_20261001,GP01/runs/formal/wing_nodal/k4/CAL-EXACT/s101/stdout.log,13748,411551b699f979b17281957a263301d067ea49477c335725432ecdf825ec7a66,0,objects/411551b699f979b17281957a263301d067ea49477c335725432ecdf825ec7a66
GP01/runs/formal/wing_nodal/k4/CAL-EXACT/s102/command.json,prepared_20261001,GP01/runs/formal/wing_nodal/k4/CAL-EXACT/s102/command.json,918,bd82f4c6d6002eb7883cd1263f05da9530fe35ab60cb3c126cbdca1d1f11527a,1,objects/bd82f4c6d6002eb7883cd1263f05da9530fe35ab60cb3c126cbdca1d1f11527a
GP01/runs/formal/wing_nodal/k4/CAL-EXACT/s102/gp01_audit.csv,prepared_20261001,GP01/runs/formal/wing_nodal/k4/CAL-EXACT/s102/gp01_audit.csv,331,aba9005ffe3f1040a3506846ece69c49abb253dbc30c394734e419e891848b8b,1,objects/aba9005ffe3f1040a3506846ece69c49abb253dbc30c394734e419e891848b8b
GP01/runs/formal/wing_nodal/k4/CAL-EXACT/s102/input.graph,prepared_20261001,GP01/runs/formal/wing_nodal/k4/CAL-EXACT/s102/input.graph,757013,b7f60e0f96640232559a528f46251c7b810bfafcfc6b41657deb7af7e54a5ed8,0,objects/b7f60e0f96640232559a528f46251c7b810bfafcfc6b41657deb7af7e54a5ed8
GP01/runs/formal/wing_nodal/k4/CAL-EXACT/s102/input.graph.part4.epsilon0.03.seed102.KaHyPar,prepared_20261001,GP01/runs/formal/wing_nodal/k4/CAL-EXACT/s102/input.graph.part4.epsilon0.03.seed102.KaHyPar,32811,7295f1c23083900c5352c69466e5ece1dfc2f618cdf873967acd06d2e181665d,0,objects/7295f1c23083900c5352c69466e5ece1dfc2f618cdf873967acd06d2e181665d
GP01/runs/formal/wing_nodal/k4/CAL-EXACT/s102/stdout.log,prepared_20261001,GP01/runs/formal/wing_nodal/k4/CAL-EXACT/s102/stdout.log,13747,b03ea467cb413b76770a938820416a73aae460f3d6d31752d6822244ccc0ac58,0,objects/b03ea467cb413b76770a938820416a73aae460f3d6d31752d6822244ccc0ac58
GP01/runs/formal/wing_nodal/k4/CAL-TIE/s100/command.json,prepared_20261001,GP01/runs/formal/wing_nodal/k4/CAL-TIE/s100/command.json,914,c5aff2c858c94b4fc4110480ed2a667d09a5839445348bdd8639242e4f10a166,1,objects/c5aff2c858c94b4fc4110480ed2a667d09a5839445348bdd8639242e4f10a166
GP01/runs/formal/wing_nodal/k4/CAL-TIE/s100/gp01_audit.csv,prepared_20261001,GP01/runs/formal/wing_nodal/k4/CAL-TIE/s100/gp01_audit.csv,331,1feb070be54289608d9005485932d21f63d8e8beb7dcb99740030da0e30403c9,1,objects/1feb070be54289608d9005485932d21f63d8e8beb7dcb99740030da0e30403c9
GP01/runs/formal/wing_nodal/k4/CAL-TIE/s100/input.graph,prepared_20261001,GP01/runs/formal/wing_nodal/k4/CAL-TIE/s100/input.graph,757013,b7f60e0f96640232559a528f46251c7b810bfafcfc6b41657deb7af7e54a5ed8,0,objects/b7f60e0f96640232559a528f46251c7b810bfafcfc6b41657deb7af7e54a5ed8
GP01/runs/formal/wing_nodal/k4/CAL-TIE/s100/input.graph.part4.epsilon0.03.seed100.KaHyPar,prepared_20261001,GP01/runs/formal/wing_nodal/k4/CAL-TIE/s100/input.graph.part4.epsilon0.03.seed100.KaHyPar,32811,28bd937102823cb0f76fc0fd2aac8a0eca406ec84cca9a98bfda5a517757f838,0,objects/28bd937102823cb0f76fc0fd2aac8a0eca406ec84cca9a98bfda5a517757f838
GP01/runs/formal/wing_nodal/k4/CAL-TIE/s100/stdout.log,prepared_20261001,GP01/runs/formal/wing_nodal/k4/CAL-TIE/s100/stdout.log,13746,5aad088f55f03046252875bd48a9b8df8d549043e1656f9b8d575ac6b5b308d6,0,objects/5aad088f55f03046252875bd48a9b8df8d549043e1656f9b8d575ac6b5b308d6
GP01/runs/formal/wing_nodal/k4/CAL-TIE/s101/command.json,prepared_20261001,GP01/runs/formal/wing_nodal/k4/CAL-TIE/s101/command.json,914,e48a81f019b6acf7346b78a76121b29b90cbdabe8b60e010f4c5ec25c8ab911c,1,objects/e48a81f019b6acf7346b78a76121b29b90cbdabe8b60e010f4c5ec25c8ab911c
GP01/runs/formal/wing_nodal/k4/CAL-TIE/s101/gp01_audit.csv,prepared_20261001,GP01/runs/formal/wing_nodal/k4/CAL-TIE/s101/gp01_audit.csv,331,979eaff90569c8eb876f3b804b1739f2bdf1ca223084e94dc5eb79651d19eb43,1,objects/979eaff90569c8eb876f3b804b1739f2bdf1ca223084e94dc5eb79651d19eb43
GP01/runs/formal/wing_nodal/k4/CAL-TIE/s101/input.graph,prepared_20261001,GP01/runs/formal/wing_nodal/k4/CAL-TIE/s101/input.graph,757013,b7f60e0f96640232559a528f46251c7b810bfafcfc6b41657deb7af7e54a5ed8,0,objects/b7f60e0f96640232559a528f46251c7b810bfafcfc6b41657deb7af7e54a5ed8
GP01/runs/formal/wing_nodal/k4/CAL-TIE/s101/input.graph.part4.epsilon0.03.seed101.KaHyPar,prepared_20261001,GP01/runs/formal/wing_nodal/k4/CAL-TIE/s101/input.graph.part4.epsilon0.03.seed101.KaHyPar,32811,9e2268489771c7b5476adadaed3bbc2c09a9bda6572df09951bff04a0c4b0b7a,0,objects/9e2268489771c7b5476adadaed3bbc2c09a9bda6572df09951bff04a0c4b0b7a
GP01/runs/formal/wing_nodal/k4/CAL-TIE/s101/stdout.log,prepared_20261001,GP01/runs/formal/wing_nodal/k4/CAL-TIE/s101/stdout.log,13750,fd035543907dcfd36d8547682893b921abd9b45a6fde4b7223dcb247de3041e6,0,objects/fd035543907dcfd36d8547682893b921abd9b45a6fde4b7223dcb247de3041e6
GP01/runs/formal/wing_nodal/k4/CAL-TIE/s102/command.json,prepared_20261001,GP01/runs/formal/wing_nodal/k4/CAL-TIE/s102/command.json,914,7b799ca5c481855eeeb1a09b303ae7842ff5eab2742bb92115e0bf81a0c2f0f8,1,objects/7b799ca5c481855eeeb1a09b303ae7842ff5eab2742bb92115e0bf81a0c2f0f8
GP01/runs/formal/wing_nodal/k4/CAL-TIE/s102/gp01_audit.csv,prepared_20261001,GP01/runs/formal/wing_nodal/k4/CAL-TIE/s102/gp01_audit.csv,331,edd9ae190fa87482a6807e8a936fff3e9fbfe5206833808f1d8d97feb238b808,1,objects/edd9ae190fa87482a6807e8a936fff3e9fbfe5206833808f1d8d97feb238b808
GP01/runs/formal/wing_nodal/k4/CAL-TIE/s102/input.graph,prepared_20261001,GP01/runs/formal/wing_nodal/k4/CAL-TIE/s102/input.graph,757013,b7f60e0f96640232559a528f46251c7b810bfafcfc6b41657deb7af7e54a5ed8,0,objects/b7f60e0f96640232559a528f46251c7b810bfafcfc6b41657deb7af7e54a5ed8
GP01/runs/formal/wing_nodal/k4/CAL-TIE/s102/input.graph.part4.epsilon0.03.seed102.KaHyPar,prepared_20261001,GP01/runs/formal/wing_nodal/k4/CAL-TIE/s102/input.graph.part4.epsilon0.03.seed102.KaHyPar,32811,fdc327101e312b529ce4836d8d7095b5a84cc734c2eee0da1a976293bbb15a15,0,objects/fdc327101e312b529ce4836d8d7095b5a84cc734c2eee0da1a976293bbb15a15
GP01/runs/formal/wing_nodal/k4/CAL-TIE/s102/stdout.log,prepared_20261001,GP01/runs/formal/wing_nodal/k4/CAL-TIE/s102/stdout.log,13750,8980ba75d9fc11a28c1332471e44675bcd1be32fd78ed927bad5935d852e4bfb,0,objects/8980ba75d9fc11a28c1332471e44675bcd1be32fd78ed927bad5935d852e4bfb
GP01/runs/formal/wing_nodal/k4/K/s100/command.json,prepared_20261001,GP01/runs/formal/wing_nodal/k4/K/s100/command.json,902,abb55e795e0a901a5ccd1991274320e8fda8a97281ad5c9cabad7e44bb4b04e1,1,objects/abb55e795e0a901a5ccd1991274320e8fda8a97281ad5c9cabad7e44bb4b04e1
GP01/runs/formal/wing_nodal/k4/K/s100/gp01_audit.csv,prepared_20261001,GP01/runs/formal/wing_nodal/k4/K/s100/gp01_audit.csv,331,c51b5dfca9e843e20b1eacff6cd515aeee98c293ae332e5f0d558dc062bb20ed,1,objects/c51b5dfca9e843e20b1eacff6cd515aeee98c293ae332e5f0d558dc062bb20ed
GP01/runs/formal/wing_nodal/k4/K/s100/input.graph,prepared_20261001,GP01/runs/formal/wing_nodal/k4/K/s100/input.graph,757013,b7f60e0f96640232559a528f46251c7b810bfafcfc6b41657deb7af7e54a5ed8,0,objects/b7f60e0f96640232559a528f46251c7b810bfafcfc6b41657deb7af7e54a5ed8
GP01/runs/formal/wing_nodal/k4/K/s100/input.graph.part4.epsilon0.03.seed100.KaHyPar,prepared_20261001,GP01/runs/formal/wing_nodal/k4/K/s100/input.graph.part4.epsilon0.03.seed100.KaHyPar,32811,ec12ca7fc17bd626e260788888ae54dc333cd86fe06930053af1bf61fb6c9232,0,objects/ec12ca7fc17bd626e260788888ae54dc333cd86fe06930053af1bf61fb6c9232
GP01/runs/formal/wing_nodal/k4/K/s100/stdout.log,prepared_20261001,GP01/runs/formal/wing_nodal/k4/K/s100/stdout.log,13747,9cfca59dc98e543ad0a4ea99c9219d749b78936c7346063a8507edc443ff557b,0,objects/9cfca59dc98e543ad0a4ea99c9219d749b78936c7346063a8507edc443ff557b
GP01/runs/formal/wing_nodal/k4/K/s101/command.json,prepared_20261001,GP01/runs/formal/wing_nodal/k4/K/s101/command.json,902,ad06391b7c265db1118eee4e4d9b0b409aa8db2dfefa5c2cb280abc0e1897d5a,1,objects/ad06391b7c265db1118eee4e4d9b0b409aa8db2dfefa5c2cb280abc0e1897d5a
GP01/runs/formal/wing_nodal/k4/K/s101/gp01_audit.csv,prepared_20261001,GP01/runs/formal/wing_nodal/k4/K/s101/gp01_audit.csv,331,fa61421c2842cae9d528c69c49a54747e3ef32ad9f5361d739d4681595433e5d,1,objects/fa61421c2842cae9d528c69c49a54747e3ef32ad9f5361d739d4681595433e5d
GP01/runs/formal/wing_nodal/k4/K/s101/input.graph,prepared_20261001,GP01/runs/formal/wing_nodal/k4/K/s101/input.graph,757013,b7f60e0f96640232559a528f46251c7b810bfafcfc6b41657deb7af7e54a5ed8,0,objects/b7f60e0f96640232559a528f46251c7b810bfafcfc6b41657deb7af7e54a5ed8
GP01/runs/formal/wing_nodal/k4/K/s101/input.graph.part4.epsilon0.03.seed101.KaHyPar,prepared_20261001,GP01/runs/formal/wing_nodal/k4/K/s101/input.graph.part4.epsilon0.03.seed101.KaHyPar,32811,5b3a7f0f51699530a9429a25a0c2fcc1d31a5ec07cd6ed5ef3adc10f3fda533a,0,objects/5b3a7f0f51699530a9429a25a0c2fcc1d31a5ec07cd6ed5ef3adc10f3fda533a
GP01/runs/formal/wing_nodal/k4/K/s101/stdout.log,prepared_20261001,GP01/runs/formal/wing_nodal/k4/K/s101/stdout.log,13749,03afb6d5675d23221c8543b33ce3e297fcecc3f8fa478c3ede9daa20ecabe3bf,0,objects/03afb6d5675d23221c8543b33ce3e297fcecc3f8fa478c3ede9daa20ecabe3bf
GP01/runs/formal/wing_nodal/k4/K/s102/command.json,prepared_20261001,GP01/runs/formal/wing_nodal/k4/K/s102/command.json,902,b8da82d64547932b227fd22729ecadbf423bcea8209038472b1649e174c1118b,1,objects/b8da82d64547932b227fd22729ecadbf423bcea8209038472b1649e174c1118b
GP01/runs/formal/wing_nodal/k4/K/s102/gp01_audit.csv,prepared_20261001,GP01/runs/formal/wing_nodal/k4/K/s102/gp01_audit.csv,331,3b15d8760c487489cb0f1d2808f00fcb5647fd8c99009c814deccec95154a253,1,objects/3b15d8760c487489cb0f1d2808f00fcb5647fd8c99009c814deccec95154a253
GP01/runs/formal/wing_nodal/k4/K/s102/input.graph,prepared_20261001,GP01/runs/formal/wing_nodal/k4/K/s102/input.graph,757013,b7f60e0f96640232559a528f46251c7b810bfafcfc6b41657deb7af7e54a5ed8,0,objects/b7f60e0f96640232559a528f46251c7b810bfafcfc6b41657deb7af7e54a5ed8
GP01/runs/formal/wing_nodal/k4/K/s102/input.graph.part4.epsilon0.03.seed102.KaHyPar,prepared_20261001,GP01/runs/formal/wing_nodal/k4/K/s102/input.graph.part4.epsilon0.03.seed102.KaHyPar,32811,cbada1e59508f59e6ff660d9e494b6b6633c8fa6ce4434afd4a11cd8ec0803bf,0,objects/cbada1e59508f59e6ff660d9e494b6b6633c8fa6ce4434afd4a11cd8ec0803bf
GP01/runs/formal/wing_nodal/k4/K/s102/stdout.log,prepared_20261001,GP01/runs/formal/wing_nodal/k4/K/s102/stdout.log,13750,3d4d07f6f83252d61e592be41f3fc95463bcc690a3727709612bd86079c242f9,0,objects/3d4d07f6f83252d61e592be41f3fc95463bcc690a3727709612bd86079c242f9
GP01/runs/interface-audit/barth5_k32_s100/model/command.json,prepared_20261001,GP01/runs/interface-audit/barth5_k32_s100/model/command.json,701,9579b61d768456254ada8dbb020d22f4630e34c859ca2e0dd479532af7c3914c,1,objects/9579b61d768456254ada8dbb020d22f4630e34c859ca2e0dd479532af7c3914c
GP01/runs/interface-audit/barth5_k32_s100/model/gp01_audit.csv,prepared_20261001,GP01/runs/interface-audit/barth5_k32_s100/model/gp01_audit.csv,1450,8631b8200094d3861bbb2430d7d605ffded5296263bc8482298a2a20ed950550,1,objects/8631b8200094d3861bbb2430d7d605ffded5296263bc8482298a2a20ed950550
GP01/runs/interface-audit/barth5_k32_s100/model/input.graph,prepared_20261001,GP01/runs/interface-audit/barth5_k32_s100/model/input.graph,485230,507c0146ed64d87800522939f56bf848939aa0f1c70e2d1aa6e82b7e174a5329,0,objects/507c0146ed64d87800522939f56bf848939aa0f1c70e2d1aa6e82b7e174a5329
GP01/runs/interface-audit/barth5_k32_s100/model/input.graph.part32.epsilon0.03.seed100.KaHyPar,prepared_20261001,GP01/runs/interface-audit/barth5_k32_s100/model/input.graph.part32.epsilon0.03.seed100.KaHyPar,57593,bbc27ab1e98b1f9025dbc0848160d06b631b0a249e5d6d3edda7153fc129ad0b,0,objects/bbc27ab1e98b1f9025dbc0848160d06b631b0a249e5d6d3edda7153fc129ad0b
GP01/runs/interface-audit/barth5_k32_s100/model/model_scores.csv,prepared_20261001,GP01/runs/interface-audit/barth5_k32_s100/model/model_scores.csv,2964183,2577af47399806feb43e591a4b05d6677b03be67ad9a653e02595b921de52d21,0,objects/2577af47399806feb43e591a4b05d6677b03be67ad9a653e02595b921de52d21
GP01/runs/interface-audit/barth5_k32_s100/model/stdout.log,prepared_20261001,GP01/runs/interface-audit/barth5_k32_s100/model/stdout.log,18036,e955fc75e64e5ee5a88cd21382b6c9a0a783ae5881a97bfdab38913f4c665b5f,0,objects/e955fc75e64e5ee5a88cd21382b6c9a0a783ae5881a97bfdab38913f4c665b5f
GP01/runs/interface-audit/barth5_k32_s100/replay/command.json,prepared_20261001,GP01/runs/interface-audit/barth5_k32_s100/replay/command.json,703,0a7cf17c5397cab274e2cd65e2bc3197863363994da5f8ff646f1f0cd415eaea,1,objects/0a7cf17c5397cab274e2cd65e2bc3197863363994da5f8ff646f1f0cd415eaea
GP01/runs/interface-audit/barth5_k32_s100/replay/gp01_audit.csv,prepared_20261001,GP01/runs/interface-audit/barth5_k32_s100/replay/gp01_audit.csv,1451,03b7fcde385b829902e9e18dcea8c02e465e1c5f1186bcbc47f498f686979aae,1,objects/03b7fcde385b829902e9e18dcea8c02e465e1c5f1186bcbc47f498f686979aae
GP01/runs/interface-audit/barth5_k32_s100/replay/input.graph,prepared_20261001,GP01/runs/interface-audit/barth5_k32_s100/replay/input.graph,485230,507c0146ed64d87800522939f56bf848939aa0f1c70e2d1aa6e82b7e174a5329,0,objects/507c0146ed64d87800522939f56bf848939aa0f1c70e2d1aa6e82b7e174a5329
GP01/runs/interface-audit/barth5_k32_s100/replay/input.graph.part32.epsilon0.03.seed100.KaHyPar,prepared_20261001,GP01/runs/interface-audit/barth5_k32_s100/replay/input.graph.part32.epsilon0.03.seed100.KaHyPar,57593,bbc27ab1e98b1f9025dbc0848160d06b631b0a249e5d6d3edda7153fc129ad0b,0,objects/bbc27ab1e98b1f9025dbc0848160d06b631b0a249e5d6d3edda7153fc129ad0b
GP01/runs/interface-audit/barth5_k32_s100/replay/stdout.log,prepared_20261001,GP01/runs/interface-audit/barth5_k32_s100/replay/stdout.log,18036,87151c0ed797665e8dead7c38333010798320f9df9dad75bdc9225c10e5ae59c,0,objects/87151c0ed797665e8dead7c38333010798320f9df9dad75bdc9225c10e5ae59c
GP01/runs/interface-audit/barth5_k4_s100/model/command.json,prepared_20261001,GP01/runs/interface-audit/barth5_k4_s100/model/command.json,699,bc82ab977d786e511a76e4e86c140d0eefa154caec1d0a625d3e917ef6807cc9,1,objects/bc82ab977d786e511a76e4e86c140d0eefa154caec1d0a625d3e917ef6807cc9
GP01/runs/interface-audit/barth5_k4_s100/model/gp01_audit.csv,prepared_20261001,GP01/runs/interface-audit/barth5_k4_s100/model/gp01_audit.csv,352,843289fa5a422db3ceca98614ef75e53e6178447b6818293b15f32642073c186,1,objects/843289fa5a422db3ceca98614ef75e53e6178447b6818293b15f32642073c186
GP01/runs/interface-audit/barth5_k4_s100/model/input.graph,prepared_20261001,GP01/runs/interface-audit/barth5_k4_s100/model/input.graph,485230,507c0146ed64d87800522939f56bf848939aa0f1c70e2d1aa6e82b7e174a5329,0,objects/507c0146ed64d87800522939f56bf848939aa0f1c70e2d1aa6e82b7e174a5329
GP01/runs/interface-audit/barth5_k4_s100/model/input.graph.part4.epsilon0.03.seed100.KaHyPar,prepared_20261001,GP01/runs/interface-audit/barth5_k4_s100/model/input.graph.part4.epsilon0.03.seed100.KaHyPar,46818,b25bc0fa7521101f0f294af4f7fe12137fb758a7027f584ea1c7554a2bb084d3,0,objects/b25bc0fa7521101f0f294af4f7fe12137fb758a7027f584ea1c7554a2bb084d3
GP01/runs/interface-audit/barth5_k4_s100/model/model_scores.csv,prepared_20261001,GP01/runs/interface-audit/barth5_k4_s100/model/model_scores.csv,2964183,2577af47399806feb43e591a4b05d6677b03be67ad9a653e02595b921de52d21,0,objects/2577af47399806feb43e591a4b05d6677b03be67ad9a653e02595b921de52d21
GP01/runs/interface-audit/barth5_k4_s100/model/stdout.log,prepared_20261001,GP01/runs/interface-audit/barth5_k4_s100/model/stdout.log,13742,3da97da46d358950685d6925ffd6bd1010dbb743e51fe8a6cc26139a1ed9e613,0,objects/3da97da46d358950685d6925ffd6bd1010dbb743e51fe8a6cc26139a1ed9e613
GP01/runs/interface-audit/barth5_k4_s100/replay/command.json,prepared_20261001,GP01/runs/interface-audit/barth5_k4_s100/replay/command.json,701,3f799600d1293e942f770edc00802e3f50bef6994eb17e615eb4f5ad77aff88e,1,objects/3f799600d1293e942f770edc00802e3f50bef6994eb17e615eb4f5ad77aff88e
GP01/runs/interface-audit/barth5_k4_s100/replay/gp01_audit.csv,prepared_20261001,GP01/runs/interface-audit/barth5_k4_s100/replay/gp01_audit.csv,353,9a8074071853608b66e334072abcbb8bc13af865a5e38840d784efc32ed45540,1,objects/9a8074071853608b66e334072abcbb8bc13af865a5e38840d784efc32ed45540
GP01/runs/interface-audit/barth5_k4_s100/replay/input.graph,prepared_20261001,GP01/runs/interface-audit/barth5_k4_s100/replay/input.graph,485230,507c0146ed64d87800522939f56bf848939aa0f1c70e2d1aa6e82b7e174a5329,0,objects/507c0146ed64d87800522939f56bf848939aa0f1c70e2d1aa6e82b7e174a5329
GP01/runs/interface-audit/barth5_k4_s100/replay/input.graph.part4.epsilon0.03.seed100.KaHyPar,prepared_20261001,GP01/runs/interface-audit/barth5_k4_s100/replay/input.graph.part4.epsilon0.03.seed100.KaHyPar,46818,b25bc0fa7521101f0f294af4f7fe12137fb758a7027f584ea1c7554a2bb084d3,0,objects/b25bc0fa7521101f0f294af4f7fe12137fb758a7027f584ea1c7554a2bb084d3
GP01/runs/interface-audit/barth5_k4_s100/replay/stdout.log,prepared_20261001,GP01/runs/interface-audit/barth5_k4_s100/replay/stdout.log,13744,a017c30f9428cad5157ffce7ddc5fe53f0b95559d37c88ebd28506ea7104e8f7,0,objects/a017c30f9428cad5157ffce7ddc5fe53f0b95559d37c88ebd28506ea7104e8f7
GP01/runs/interface-audit/interface_audit_results.json,prepared_20261001,GP01/runs/interface-audit/interface_audit_results.json,73757,b0bcabf7d12826450c1da4287291c111dec2d931bcc0638b18b9b98f1b080ce6,1,objects/b0bcabf7d12826450c1da4287291c111dec2d931bcc0638b18b9b98f1b080ce6
GP01/runs/interface-audit/interface_audit_status.json,prepared_20261001,GP01/runs/interface-audit/interface_audit_status.json,88,173b25dc354705037b10523753995b1ed9dde2734bc2ce6456a839c33477cdd9,1,objects/173b25dc354705037b10523753995b1ed9dde2734bc2ce6456a839c33477cdd9
GP01/runs/interface-audit/wing_nodal_k32_s100/model/command.json,prepared_20261001,GP01/runs/interface-audit/wing_nodal_k32_s100/model/command.json,705,05f92be6b117a51e8fc883b6c1451a8eace6cabaeace1847c0f711a7f99d578d,1,objects/05f92be6b117a51e8fc883b6c1451a8eace6cabaeace1847c0f711a7f99d578d
GP01/runs/interface-audit/wing_nodal_k32_s100/model/gp01_audit.csv,prepared_20261001,GP01/runs/interface-audit/wing_nodal_k32_s100/model/gp01_audit.csv,1383,a1401a0013f848e8068a837a8374de7d8f89ab0a5ab0d63f9489f4457ff32d21,1,objects/a1401a0013f848e8068a837a8374de7d8f89ab0a5ab0d63f9489f4457ff32d21
GP01/runs/interface-audit/wing_nodal_k32_s100/model/input.graph,prepared_20261001,GP01/runs/interface-audit/wing_nodal_k32_s100/model/input.graph,757013,b7f60e0f96640232559a528f46251c7b810bfafcfc6b41657deb7af7e54a5ed8,0,objects/b7f60e0f96640232559a528f46251c7b810bfafcfc6b41657deb7af7e54a5ed8
GP01/runs/interface-audit/wing_nodal_k32_s100/model/input.graph.part32.epsilon0.03.seed100.KaHyPar,prepared_20261001,GP01/runs/interface-audit/wing_nodal_k32_s100/model/input.graph.part32.epsilon0.03.seed100.KaHyPar,40354,d73b5b90789657c0563ad1152257480ae7bff8e88d234aabcd6c0e2cf5a169cb,0,objects/d73b5b90789657c0563ad1152257480ae7bff8e88d234aabcd6c0e2cf5a169cb
GP01/runs/interface-audit/wing_nodal_k32_s100/model/model_scores.csv,prepared_20261001,GP01/runs/interface-audit/wing_nodal_k32_s100/model/model_scores.csv,4695109,3ed1affa8f403ddbf875344c7a2742209b7acb322ebb785635d29066e3cb7c96,0,objects/3ed1affa8f403ddbf875344c7a2742209b7acb322ebb785635d29066e3cb7c96
GP01/runs/interface-audit/wing_nodal_k32_s100/model/stdout.log,prepared_20261001,GP01/runs/interface-audit/wing_nodal_k32_s100/model/stdout.log,18041,c387bc69528362b60baa215885140134f360b0d4e290118813501bd1de27a3b2,0,objects/c387bc69528362b60baa215885140134f360b0d4e290118813501bd1de27a3b2
GP01/runs/interface-audit/wing_nodal_k32_s100/replay/command.json,prepared_20261001,GP01/runs/interface-audit/wing_nodal_k32_s100/replay/command.json,707,e96c6d6c551c3c6447b0da1b7c9e4f2989a3d66688c67c5628ff05914bc3c1a9,1,objects/e96c6d6c551c3c6447b0da1b7c9e4f2989a3d66688c67c5628ff05914bc3c1a9
GP01/runs/interface-audit/wing_nodal_k32_s100/replay/gp01_audit.csv,prepared_20261001,GP01/runs/interface-audit/wing_nodal_k32_s100/replay/gp01_audit.csv,1384,ee6de5823de18532e2b2422960ff11b5a9710792780426847b3b956da1d4cf6c,1,objects/ee6de5823de18532e2b2422960ff11b5a9710792780426847b3b956da1d4cf6c
GP01/runs/interface-audit/wing_nodal_k32_s100/replay/input.graph,prepared_20261001,GP01/runs/interface-audit/wing_nodal_k32_s100/replay/input.graph,757013,b7f60e0f96640232559a528f46251c7b810bfafcfc6b41657deb7af7e54a5ed8,0,objects/b7f60e0f96640232559a528f46251c7b810bfafcfc6b41657deb7af7e54a5ed8
GP01/runs/interface-audit/wing_nodal_k32_s100/replay/input.graph.part32.epsilon0.03.seed100.KaHyPar,prepared_20261001,GP01/runs/interface-audit/wing_nodal_k32_s100/replay/input.graph.part32.epsilon0.03.seed100.KaHyPar,40354,d73b5b90789657c0563ad1152257480ae7bff8e88d234aabcd6c0e2cf5a169cb,0,objects/d73b5b90789657c0563ad1152257480ae7bff8e88d234aabcd6c0e2cf5a169cb
GP01/runs/interface-audit/wing_nodal_k32_s100/replay/stdout.log,prepared_20261001,GP01/runs/interface-audit/wing_nodal_k32_s100/replay/stdout.log,18042,3684e96045ed4426efaa50c49813d2374d2101d04f5347e55bc00df62061e7ca,0,objects/3684e96045ed4426efaa50c49813d2374d2101d04f5347e55bc00df62061e7ca
GP01/runs/interface-audit/wing_nodal_k4_s100/model/command.json,prepared_20261001,GP01/runs/interface-audit/wing_nodal_k4_s100/model/command.json,703,bb9c0f5a094632febebbab4a46135c95eeb2eddabcca841837bdcf95cc9991b2,1,objects/bb9c0f5a094632febebbab4a46135c95eeb2eddabcca841837bdcf95cc9991b2
GP01/runs/interface-audit/wing_nodal_k4_s100/model/gp01_audit.csv,prepared_20261001,GP01/runs/interface-audit/wing_nodal_k4_s100/model/gp01_audit.csv,330,c3a2fbf0f4e885f8f8d495907bcc8be02619454521086d4eaa2ec21955e6b565,1,objects/c3a2fbf0f4e885f8f8d495907bcc8be02619454521086d4eaa2ec21955e6b565
GP01/runs/interface-audit/wing_nodal_k4_s100/model/input.graph,prepared_20261001,GP01/runs/interface-audit/wing_nodal_k4_s100/model/input.graph,757013,b7f60e0f96640232559a528f46251c7b810bfafcfc6b41657deb7af7e54a5ed8,0,objects/b7f60e0f96640232559a528f46251c7b810bfafcfc6b41657deb7af7e54a5ed8
GP01/runs/interface-audit/wing_nodal_k4_s100/model/input.graph.part4.epsilon0.03.seed100.KaHyPar,prepared_20261001,GP01/runs/interface-audit/wing_nodal_k4_s100/model/input.graph.part4.epsilon0.03.seed100.KaHyPar,32811,ed694c4f8fa7d607507dc95f8b3988c7091308d42da42f8c0a081b0f323bd44d,0,objects/ed694c4f8fa7d607507dc95f8b3988c7091308d42da42f8c0a081b0f323bd44d
GP01/runs/interface-audit/wing_nodal_k4_s100/model/model_scores.csv,prepared_20261001,GP01/runs/interface-audit/wing_nodal_k4_s100/model/model_scores.csv,4695109,3ed1affa8f403ddbf875344c7a2742209b7acb322ebb785635d29066e3cb7c96,0,objects/3ed1affa8f403ddbf875344c7a2742209b7acb322ebb785635d29066e3cb7c96
GP01/runs/interface-audit/wing_nodal_k4_s100/model/stdout.log,prepared_20261001,GP01/runs/interface-audit/wing_nodal_k4_s100/model/stdout.log,13749,eda36430cb8abae24915dd225e873d0711325fc1e6f260fc245c522b551747f6,0,objects/eda36430cb8abae24915dd225e873d0711325fc1e6f260fc245c522b551747f6
GP01/runs/interface-audit/wing_nodal_k4_s100/replay/command.json,prepared_20261001,GP01/runs/interface-audit/wing_nodal_k4_s100/replay/command.json,705,f9c5f03fd9391b6c52a9f5adb2effe11d58471012e0eeb6aa4628475b0a2cced,1,objects/f9c5f03fd9391b6c52a9f5adb2effe11d58471012e0eeb6aa4628475b0a2cced
GP01/runs/interface-audit/wing_nodal_k4_s100/replay/gp01_audit.csv,prepared_20261001,GP01/runs/interface-audit/wing_nodal_k4_s100/replay/gp01_audit.csv,331,e62e1f814a564768448ef60c0ed6741a29f9d6257bb7fe2a58cabb38539b7a95,1,objects/e62e1f814a564768448ef60c0ed6741a29f9d6257bb7fe2a58cabb38539b7a95
GP01/runs/interface-audit/wing_nodal_k4_s100/replay/input.graph,prepared_20261001,GP01/runs/interface-audit/wing_nodal_k4_s100/replay/input.graph,757013,b7f60e0f96640232559a528f46251c7b810bfafcfc6b41657deb7af7e54a5ed8,0,objects/b7f60e0f96640232559a528f46251c7b810bfafcfc6b41657deb7af7e54a5ed8
GP01/runs/interface-audit/wing_nodal_k4_s100/replay/input.graph.part4.epsilon0.03.seed100.KaHyPar,prepared_20261001,GP01/runs/interface-audit/wing_nodal_k4_s100/replay/input.graph.part4.epsilon0.03.seed100.KaHyPar,32811,ed694c4f8fa7d607507dc95f8b3988c7091308d42da42f8c0a081b0f323bd44d,0,objects/ed694c4f8fa7d607507dc95f8b3988c7091308d42da42f8c0a081b0f323bd44d
GP01/runs/interface-audit/wing_nodal_k4_s100/replay/stdout.log,prepared_20261001,GP01/runs/interface-audit/wing_nodal_k4_s100/replay/stdout.log,13750,8c31e97060239e6e46bd60e8120fd82499e358fe8c5efc6297fa79ae0ff2be8e,0,objects/8c31e97060239e6e46bd60e8120fd82499e358fe8c5efc6297fa79ae0ff2be8e
GP01/runs/interface-smoke-model/gp01_audit.csv,prepared_20261001,GP01/runs/interface-smoke-model/gp01_audit.csv,164,1c35af610747208faa4928d4899553a517bff9663943bebdbac7a42596d13450,1,objects/1c35af610747208faa4928d4899553a517bff9663943bebdbac7a42596d13450
GP01/runs/interface-smoke-model/input.graph,prepared_20261001,GP01/runs/interface-smoke-model/input.graph,16598,d09b12563f8c48dda480e7b3ee0c9dc4bf9201cdaa4292d06cafc06e43822ab6,0,objects/d09b12563f8c48dda480e7b3ee0c9dc4bf9201cdaa4292d06cafc06e43822ab6
GP01/runs/interface-smoke-model/input.graph.part4.epsilon0.03.seed100.KaHyPar,prepared_20261001,GP01/runs/interface-smoke-model/input.graph.part4.epsilon0.03.seed100.KaHyPar,3072,b1833af31980bbe9a05f3443b649e22a601ddcd431bdb97377af4cb57395d697,0,objects/b1833af31980bbe9a05f3443b649e22a601ddcd431bdb97377af4cb57395d697
GP01/runs/interface-smoke-model/model_scores.csv,prepared_20261001,GP01/runs/interface-smoke-model/model_scores.csv,113111,4660e27d8cefbdbdaaf0e157b61276b9b26c2a0fc6372c74c2fef96d0a2f08e7,1,objects/4660e27d8cefbdbdaaf0e157b61276b9b26c2a0fc6372c74c2fef96d0a2f08e7
GP01/runs/interface-smoke-model/model_stdout.log,prepared_20261001,GP01/runs/interface-smoke-model/model_stdout.log,13428,41b29f6cf9eb1b0aeb244cf4a739abb00239fc5ab891ba9cc8b71d306d514db0,0,objects/41b29f6cf9eb1b0aeb244cf4a739abb00239fc5ab891ba9cc8b71d306d514db0
GP01/runs/interface-smoke-model/stdout.log,prepared_20261001,GP01/runs/interface-smoke-model/stdout.log,0,e3b0c44298fc1c149afbf4c8996fb92427ae41e4649b934ca495991b7852b855,0,objects/e3b0c44298fc1c149afbf4c8996fb92427ae41e4649b934ca495991b7852b855
GP01/runs/interface-smoke-replay/gp01_audit.csv,prepared_20261001,GP01/runs/interface-smoke-replay/gp01_audit.csv,165,2841577d69dea04a5796dd38546541479460eca702663bebf90d457cd0272395,1,objects/2841577d69dea04a5796dd38546541479460eca702663bebf90d457cd0272395
GP01/runs/interface-smoke-replay/input.graph,prepared_20261001,GP01/runs/interface-smoke-replay/input.graph,16598,d09b12563f8c48dda480e7b3ee0c9dc4bf9201cdaa4292d06cafc06e43822ab6,0,objects/d09b12563f8c48dda480e7b3ee0c9dc4bf9201cdaa4292d06cafc06e43822ab6
GP01/runs/interface-smoke-replay/input.graph.part4.epsilon0.03.seed100.KaHyPar,prepared_20261001,GP01/runs/interface-smoke-replay/input.graph.part4.epsilon0.03.seed100.KaHyPar,3072,b1833af31980bbe9a05f3443b649e22a601ddcd431bdb97377af4cb57395d697,0,objects/b1833af31980bbe9a05f3443b649e22a601ddcd431bdb97377af4cb57395d697
GP01/runs/interface-smoke-replay/replay_stdout.log,prepared_20261001,GP01/runs/interface-smoke-replay/replay_stdout.log,13427,feb7cd236ae2263088a1e24bcb22b5759036e4005a85d55a6495c31b7ba29ddb,0,objects/feb7cd236ae2263088a1e24bcb22b5759036e4005a85d55a6495c31b7ba29ddb
GP01/scripts/build_ratings.py,prepared_20261001,GP01/scripts/build_ratings.py,6694,cd4e54b214b01aad170932ecac72055642bff8bea47fae96df660738ac5a5698,1,objects/cd4e54b214b01aad170932ecac72055642bff8bea47fae96df660738ac5a5698
GP01/scripts/gp01_common.py,prepared_20261001,GP01/scripts/gp01_common.py,8252,b977217145fbeeca337eea0e6d27ec2bf03dc17fd5f402bba4fb90fa985a8361,1,objects/b977217145fbeeca337eea0e6d27ec2bf03dc17fd5f402bba4fb90fa985a8361
GP01/scripts/prepare_graphs.py,prepared_20261001,GP01/scripts/prepare_graphs.py,5481,46ab695f42726d4d1af3c15a35d54478fb4f35c359167a87c1c1423c4cf554fd,1,objects/46ab695f42726d4d1af3c15a35d54478fb4f35c359167a87c1c1423c4cf554fd
GP01/scripts/run_evaluation.py,prepared_20261001,GP01/scripts/run_evaluation.py,3491,fdf177ba044288c0c717d43cebfe01675111398335e01bccbc52e3f35a2209c3,1,objects/fdf177ba044288c0c717d43cebfe01675111398335e01bccbc52e3f35a2209c3
GP01/scripts/run_interface_audit.py,prepared_20261001,GP01/scripts/run_interface_audit.py,11044,04a07ce46d9539d88fd3987697c1de90f55cb16fe14e40d7115694f361ee185a,1,objects/04a07ce46d9539d88fd3987697c1de90f55cb16fe14e40d7115694f361ee185a
GP01/scripts/run_teachers.py,prepared_20261001,GP01/scripts/run_teachers.py,2448,b97123590085defdd31bdae997301b0a3cf1e705624a818196c6c4d720c980f6,1,objects/b97123590085defdd31bdae997301b0a3cf1e705624a818196c6c4d720c980f6
GP01/scripts/summarize_audit.py,prepared_20261001,GP01/scripts/summarize_audit.py,3373,7677b6a83242b2d05fcef2abc4e7d8ca89e3ddd837e30f39cd981f1e9d02b695,1,objects/7677b6a83242b2d05fcef2abc4e7d8ca89e3ddd837e30f39cd981f1e9d02b695
GP01/scripts/summarize_gp01.py,prepared_20261001,GP01/scripts/summarize_gp01.py,8970,a9ed7b90ef0f67fcb49d4911e8d54a8ecedd693a15b05bd3e68b3b60865a75aa,1,objects/a9ed7b90ef0f67fcb49d4911e8d54a8ecedd693a15b05bd3e68b3b60865a75aa
