method_id,step,retriever,ranker,M,repeat,restricted_oracle_node,restricted_oracle_gain,pool_best_node,pool_best_gain,selected_node,selected_gain,candidate_loss,ranking_loss,total_regret,decomposition_error,retrieval_runtime_seconds,reranking_runtime_seconds,gain_evaluation_runtime_seconds
method-001,1,Degree,OriginalOrder,10,,1265,85.8,1265,85.8,916,29.2,0.0,56.599999999999994,56.599999999999994,0.0,9.270000009564683e-05,3.000000106112566e-07,0.36648399999967296
method-001,2,Degree,OriginalOrder,10,,1265,85.7,1265,85.7,410,49.8,0.0,35.900000000000006,35.900000000000006,0.0,8.919999982026638e-05,4.000003173132427e-07,0.4635588999999527
method-001,3,Degree,OriginalOrder,10,,1265,87.6,1265,87.6,1265,87.6,0.0,0.0,0.0,0.0,8.750000006330083e-05,1.9999970390927047e-07,0.38674489999993966
method-001,4,Degree,OriginalOrder,10,,310,46.5,310,46.5,830,23.8,0.0,22.7,22.7,0.0,9.279999994760146e-05,9.999985195463523e-08,0.46707969999988563
method-001,5,Degree,OriginalOrder,10,,228,56.9,310,47.1,1249,17.3,9.799999999999997,29.8,39.599999999999994,-3.552713678800501e-15,9.869999985312461e-05,3.000000106112566e-07,0.39948279999998704
method-001,6,Degree,OriginalOrder,10,,3519,62.1,310,37.3,72,5.8,24.800000000000004,31.499999999999996,56.300000000000004,3.552713678800501e-15,0.000105000000075961,3.000000106112566e-07,0.4884483000000728
method-001,7,Degree,OriginalOrder,10,,3519,53.0,310,37.2,98,9.8,15.799999999999997,27.400000000000002,43.2,3.552713678800501e-15,8.719999959794222e-05,2.0000015865662135e-07,0.4888093999998091
method-001,8,Degree,OriginalOrder,10,,228,51.8,892,38.7,1423,11.5,13.099999999999994,27.200000000000003,40.3,0.0,9.509999972578953e-05,3.000000106112566e-07,0.4458526999997048
method-001,9,Degree,OriginalOrder,10,,228,57.1,310,41.8,310,41.8,15.300000000000004,0.0,15.300000000000004,0.0,8.680000019012368e-05,1.9999970390927047e-07,0.43574820000003456
method-001,10,Degree,OriginalOrder,10,,228,58.0,892,34.1,985,29.8,23.9,4.300000000000001,28.2,0.0,8.309999975608662e-05,2.0000015865662135e-07,0.39618960000007064
method-002,1,Degree,MarginalGainPredictor,10,,1265,85.8,1265,85.8,1265,85.8,0.0,0.0,0.0,0.0,9.270000009564683e-05,0.0010723999998845102,0.36648399999967296
method-002,2,Degree,MarginalGainPredictor,10,,3519,58.5,410,50.6,410,50.6,7.899999999999999,0.0,7.899999999999999,0.0,8.670000033816905e-05,0.0011527000001478882,0.32897410000032323
method-002,3,Degree,MarginalGainPredictor,10,,9070,55.0,310,42.2,310,42.2,12.799999999999997,0.0,12.799999999999997,0.0,8.780000007391209e-05,0.001289199999973789,0.417258700000275
method-002,4,Degree,MarginalGainPredictor,10,,228,46.4,658,35.8,985,32.5,10.600000000000001,3.299999999999997,13.899999999999999,0.0,0.00010210000027655042,0.001239000000168744,0.4145181000003504
method-002,5,Degree,MarginalGainPredictor,10,,228,56.9,1807,37.4,1807,37.4,19.5,0.0,19.5,0.0,0.0001299000000472006,0.0014313000001493492,0.43453180000005887
method-002,6,Degree,MarginalGainPredictor,10,,3519,57.6,658,28.6,916,15.1,29.0,13.500000000000002,42.5,-1.7763568394002505e-15,8.789999992586672e-05,0.0012526000000434578,0.33366720000003625
method-002,7,Degree,MarginalGainPredictor,10,,3519,51.2,658,24.8,820,18.0,26.400000000000002,6.800000000000001,33.2,0.0,9.100000033868128e-05,0.0011681000000862696,0.43330680000008215
method-002,8,Degree,MarginalGainPredictor,10,,228,51.3,892,38.6,1249,14.7,12.699999999999996,23.900000000000002,36.599999999999994,-3.552713678800501e-15,9.820000013860408e-05,0.0015699999999014835,0.45155439999962255
method-002,9,Degree,MarginalGainPredictor,10,,228,65.8,830,33.1,1423,13.0,32.699999999999996,20.1,52.8,0.0,0.00010019999990618089,0.0013711999999941327,0.4423114000001078
method-002,10,Degree,MarginalGainPredictor,10,,228,57.4,892,33.2,1352,11.6,24.199999999999996,21.6,45.8,0.0,8.389999993596575e-05,0.001315599999998085,0.4494866000000002
method-003,1,Degree,OriginalOrder,20,,1265,85.8,1265,85.8,916,29.2,0.0,56.599999999999994,56.599999999999994,0.0,9.270000009564683e-05,3.000000106112566e-07,0.36648399999967296
method-003,2,Degree,OriginalOrder,20,,1265,85.7,1265,85.7,410,49.8,0.0,35.900000000000006,35.900000000000006,0.0,8.919999982026638e-05,2.0000015865662135e-07,0.4635588999999527
method-003,3,Degree,OriginalOrder,20,,1265,87.6,1265,87.6,1265,87.6,0.0,0.0,0.0,0.0,8.750000006330083e-05,3.000000106112566e-07,0.38674489999993966
method-003,4,Degree,OriginalOrder,20,,310,46.5,310,46.5,830,23.8,0.0,22.7,22.7,0.0,9.279999994760146e-05,3.000000106112566e-07,0.46707969999988563
method-003,5,Degree,OriginalOrder,20,,228,56.9,310,47.1,1249,17.3,9.799999999999997,29.8,39.599999999999994,-3.552713678800501e-15,9.869999985312461e-05,3.000000106112566e-07,0.39948279999998704
method-003,6,Degree,OriginalOrder,20,,3519,62.1,892,37.4,72,5.8,24.700000000000003,31.599999999999998,56.300000000000004,3.552713678800501e-15,0.000105000000075961,1.9999970390927047e-07,0.4884483000000728
method-003,7,Degree,OriginalOrder,20,,3519,53.0,310,37.2,98,9.8,15.799999999999997,27.400000000000002,43.2,3.552713678800501e-15,8.719999959794222e-05,3.000000106112566e-07,0.4888093999998091
method-003,8,Degree,OriginalOrder,20,,228,51.8,892,38.7,1423,11.5,13.099999999999994,27.200000000000003,40.3,0.0,9.509999972578953e-05,2.0000015865662135e-07,0.4458526999997048
method-003,9,Degree,OriginalOrder,20,,228,57.1,310,41.8,310,41.8,15.300000000000004,0.0,15.300000000000004,0.0,8.680000019012368e-05,4.000003173132427e-07,0.43574820000003456
method-003,10,Degree,OriginalOrder,20,,228,58.0,892,34.1,985,29.8,23.9,4.300000000000001,28.2,0.0,8.309999975608662e-05,1.9999970390927047e-07,0.39618960000007064
method-004,1,Degree,MarginalGainPredictor,20,,1265,85.8,1265,85.8,1265,85.8,0.0,0.0,0.0,0.0,9.270000009564683e-05,0.0005020000003241876,0.36648399999967296
method-004,2,Degree,MarginalGainPredictor,20,,3519,58.5,410,50.6,410,50.6,7.899999999999999,0.0,7.899999999999999,0.0,8.670000033816905e-05,0.0005045999996582395,0.32897410000032323
method-004,3,Degree,MarginalGainPredictor,20,,9070,55.0,1807,42.6,310,42.2,12.399999999999999,0.3999999999999986,12.799999999999997,0.0,8.780000007391209e-05,0.0006496999999399122,0.417258700000275
method-004,4,Degree,MarginalGainPredictor,20,,228,46.4,658,35.8,1807,27.9,10.600000000000001,7.899999999999999,18.5,0.0,0.00010210000027655042,0.0006039999998392886,0.4145181000003504
method-004,5,Degree,MarginalGainPredictor,20,,228,56.9,892,38.9,985,30.1,18.0,8.799999999999997,26.799999999999997,0.0,8.55999996929313e-05,0.0011850000000777072,0.4879611000001205
method-004,6,Degree,MarginalGainPredictor,20,,3519,57.6,892,40.7,820,18.3,16.9,22.400000000000002,39.3,-3.552713678800501e-15,8.280000020022271e-05,0.0012887999996564758,0.47717380000040066
method-004,7,Degree,MarginalGainPredictor,20,,3519,51.3,3916,33.6,1277,0.0,17.699999999999996,33.6,51.3,0.0,8.279999974547536e-05,0.0011337000000821718,0.3779438999999911
method-004,8,Degree,MarginalGainPredictor,20,,228,51.3,892,38.6,916,5.4,12.699999999999996,33.2,45.9,0.0,9.850000014921534e-05,0.0013165999998818734,0.39873880000004647
method-004,9,Degree,MarginalGainPredictor,20,,228,65.8,830,33.1,2216,32.1,32.699999999999996,1.0,33.699999999999996,0.0,8.440000010523363e-05,0.0012629000002561952,0.42587379999986297
method-004,10,Degree,MarginalGainPredictor,20,,228,57.5,892,33.2,1249,8.3,24.299999999999997,24.900000000000002,49.2,3.552713678800501e-15,0.00013900000021749293,0.0012497000002440473,0.5310727999999472
method-005,1,Degree,OriginalOrder,50,,1265,85.8,1265,85.8,916,29.2,0.0,56.599999999999994,56.599999999999994,0.0,9.270000009564683e-05,2.0000015865662135e-07,0.36648399999967296
method-005,2,Degree,OriginalOrder,50,,1265,85.7,1265,85.7,410,49.8,0.0,35.900000000000006,35.900000000000006,0.0,8.919999982026638e-05,1.9999970390927047e-07,0.4635588999999527
method-005,3,Degree,OriginalOrder,50,,1265,87.6,1265,87.6,1265,87.6,0.0,0.0,0.0,0.0,8.750000006330083e-05,2.0000015865662135e-07,0.38674489999993966
method-005,4,Degree,OriginalOrder,50,,310,46.5,310,46.5,830,23.8,0.0,22.7,22.7,0.0,9.279999994760146e-05,3.000000106112566e-07,0.46707969999988563
method-005,5,Degree,OriginalOrder,50,,228,56.9,228,56.9,1249,17.3,0.0,39.599999999999994,39.599999999999994,0.0,9.869999985312461e-05,3.000000106112566e-07,0.39948279999998704
method-005,6,Degree,OriginalOrder,50,,3519,62.1,228,51.8,72,5.8,10.300000000000004,46.0,56.300000000000004,0.0,0.000105000000075961,2.0000015865662135e-07,0.4884483000000728
method-005,7,Degree,OriginalOrder,50,,3519,53.0,228,42.2,98,9.8,10.799999999999997,32.400000000000006,43.2,0.0,8.719999959794222e-05,3.000000106112566e-07,0.4888093999998091
method-005,8,Degree,OriginalOrder,50,,228,51.8,228,51.8,1423,11.5,0.0,40.3,40.3,0.0,9.509999972578953e-05,2.999995558639057e-07,0.4458526999997048
method-005,9,Degree,OriginalOrder,50,,228,57.1,228,57.1,310,41.8,0.0,15.300000000000004,15.300000000000004,0.0,8.680000019012368e-05,2.0000015865662135e-07,0.43574820000003456
method-005,10,Degree,OriginalOrder,50,,228,58.0,228,58.0,985,29.8,0.0,28.2,28.2,0.0,8.309999975608662e-05,2.0000015865662135e-07,0.39618960000007064
method-006,1,Degree,MarginalGainPredictor,50,,1265,85.8,1265,85.8,1265,85.8,0.0,0.0,0.0,0.0,9.270000009564683e-05,0.0005232000003161374,0.36648399999967296
method-006,2,Degree,MarginalGainPredictor,50,,3519,58.5,228,52.8,410,50.6,5.700000000000003,2.1999999999999957,7.899999999999999,0.0,8.670000033816905e-05,0.0005388999998103827,0.32897410000032323
method-006,3,Degree,MarginalGainPredictor,50,,9070,55.0,228,47.4,310,42.2,7.600000000000001,5.199999999999996,12.799999999999997,0.0,8.780000007391209e-05,0.0006065000002308807,0.417258700000275
method-006,4,Degree,MarginalGainPredictor,50,,228,46.4,228,46.4,1807,27.9,0.0,18.5,18.5,0.0,0.00010210000027655042,0.0005990999998175539,0.4145181000003504
method-006,5,Degree,MarginalGainPredictor,50,,228,56.9,228,56.9,985,30.1,0.0,26.799999999999997,26.799999999999997,0.0,8.55999996929313e-05,0.0005372000000534172,0.4879611000001205
method-006,6,Degree,MarginalGainPredictor,50,,3519,57.6,228,51.9,2216,32.5,5.700000000000003,19.4,25.1,0.0,8.280000020022271e-05,0.000637799999822164,0.47717380000040066
method-006,7,Degree,MarginalGainPredictor,50,,3519,51.5,228,42.1,820,18.0,9.399999999999999,24.1,33.5,0.0,9.790000012799283e-05,0.0012911000003441586,0.47836129999996047
method-006,8,Degree,MarginalGainPredictor,50,,228,51.3,228,51.3,1277,0.0,0.0,51.3,51.3,0.0,0.00010869999960050336,0.0016679000000294764,0.4937406000003648
method-006,9,Degree,MarginalGainPredictor,50,,228,65.8,228,65.8,7995,15.6,0.0,50.199999999999996,50.199999999999996,0.0,8.329999991474324e-05,0.0013272999999571766,0.4785603000000265
method-006,10,Degree,MarginalGainPredictor,50,,228,57.5,228,57.5,916,8.0,0.0,49.5,49.5,0.0,8.859999979904387e-05,0.001393000000007305,0.5192296000000169
method-007,1,Degree,OriginalOrder,100,,1265,85.8,1265,85.8,916,29.2,0.0,56.599999999999994,56.599999999999994,0.0,9.270000009564683e-05,2.0000015865662135e-07,0.36648399999967296
method-007,2,Degree,OriginalOrder,100,,1265,85.7,1265,85.7,410,49.8,0.0,35.900000000000006,35.900000000000006,0.0,8.919999982026638e-05,2.0000015865662135e-07,0.4635588999999527
method-007,3,Degree,OriginalOrder,100,,1265,87.6,1265,87.6,1265,87.6,0.0,0.0,0.0,0.0,8.750000006330083e-05,2.0000015865662135e-07,0.38674489999993966
method-007,4,Degree,OriginalOrder,100,,310,46.5,310,46.5,830,23.8,0.0,22.7,22.7,0.0,9.279999994760146e-05,2.0000015865662135e-07,0.46707969999988563
method-007,5,Degree,OriginalOrder,100,,228,56.9,228,56.9,1249,17.3,0.0,39.599999999999994,39.599999999999994,0.0,9.869999985312461e-05,3.000000106112566e-07,0.39948279999998704
method-007,6,Degree,OriginalOrder,100,,3519,62.1,3519,62.1,72,5.8,0.0,56.300000000000004,56.300000000000004,0.0,0.000105000000075961,2.0000015865662135e-07,0.4884483000000728
method-007,7,Degree,OriginalOrder,100,,3519,53.0,3519,53.0,98,9.8,0.0,43.2,43.2,0.0,8.719999959794222e-05,3.000000106112566e-07,0.4888093999998091
method-007,8,Degree,OriginalOrder,100,,228,51.8,228,51.8,1423,11.5,0.0,40.3,40.3,0.0,9.509999972578953e-05,3.000000106112566e-07,0.4458526999997048
method-007,9,Degree,OriginalOrder,100,,228,57.1,228,57.1,310,41.8,0.0,15.300000000000004,15.300000000000004,0.0,8.680000019012368e-05,1.9999970390927047e-07,0.43574820000003456
method-007,10,Degree,OriginalOrder,100,,228,58.0,228,58.0,985,29.8,0.0,28.2,28.2,0.0,8.309999975608662e-05,3.999998625658918e-07,0.39618960000007064
method-008,1,Degree,MarginalGainPredictor,100,,1265,85.8,1265,85.8,1265,85.8,0.0,0.0,0.0,0.0,9.270000009564683e-05,0.0005787999998574378,0.36648399999967296
method-008,2,Degree,MarginalGainPredictor,100,,3519,58.5,3519,58.5,410,50.6,0.0,7.899999999999999,7.899999999999999,0.0,8.670000033816905e-05,0.0005656000003000372,0.32897410000032323
method-008,3,Degree,MarginalGainPredictor,100,,9070,55.0,9070,55.0,310,42.2,0.0,12.799999999999997,12.799999999999997,0.0,8.780000007391209e-05,0.0006039999998392886,0.417258700000275
method-008,4,Degree,MarginalGainPredictor,100,,228,46.4,228,46.4,1807,27.9,0.0,18.5,18.5,0.0,0.00010210000027655042,0.0006476999997175881,0.4145181000003504
method-008,5,Degree,MarginalGainPredictor,100,,228,56.9,228,56.9,985,30.1,0.0,26.799999999999997,26.799999999999997,0.0,8.55999996929313e-05,0.0006945999998606567,0.4879611000001205
method-008,6,Degree,MarginalGainPredictor,100,,3519,57.6,3519,57.6,2216,32.5,0.0,25.1,25.1,0.0,8.280000020022271e-05,0.0006190999997670588,0.47717380000040066
method-008,7,Degree,MarginalGainPredictor,100,,3519,51.5,3519,51.5,820,18.0,0.0,33.5,33.5,0.0,9.790000012799283e-05,0.0006823000003350899,0.47836129999996047
method-008,8,Degree,MarginalGainPredictor,100,,228,51.3,228,51.3,1277,0.0,0.0,51.3,51.3,0.0,0.00010869999960050336,0.0007982000001902634,0.4937406000003648
method-008,9,Degree,MarginalGainPredictor,100,,228,65.8,228,65.8,7995,15.6,0.0,50.199999999999996,50.199999999999996,0.0,8.329999991474324e-05,0.000758000000132597,0.4785603000000265
method-008,10,Degree,MarginalGainPredictor,100,,228,57.5,228,57.5,916,8.0,0.0,49.5,49.5,0.0,8.859999979904387e-05,0.0008041000000957865,0.5192296000000169
method-009,1,DegreeDiscount,OriginalOrder,10,,1265,85.8,1277,85.8,12802,22.4,0.0,63.4,63.4,0.0,0.0030962999999246676,2.0000015865662135e-07,0.36648399999967296
method-009,2,DegreeDiscount,OriginalOrder,10,,1265,88.1,1277,88.1,12803,0.0,0.0,88.1,88.1,0.0,0.001838900000166177,1.9999970390927047e-07,0.46865669999988313
method-009,3,DegreeDiscount,OriginalOrder,10,,1265,100.6,1277,100.6,1352,12.7,0.0,87.89999999999999,87.89999999999999,0.0,0.0020348000002741173,3.999998625658918e-07,0.5003355999997439
method-009,4,DegreeDiscount,OriginalOrder,10,,1265,85.1,1277,85.1,12804,0.4,0.0,84.69999999999999,84.69999999999999,0.0,0.001900299999761046,2.0000015865662135e-07,0.3845780999999988
method-009,5,DegreeDiscount,OriginalOrder,10,,1265,94.9,1277,94.9,310,50.0,0.0,44.900000000000006,44.900000000000006,0.0,0.001859999999851425,5.000001692678779e-07,0.39955930000041917
method-009,6,DegreeDiscount,OriginalOrder,10,,1265,80.8,1277,80.8,905,22.4,0.0,58.4,58.4,0.0,0.0019502999998621817,1.9999970390927047e-07,0.3822870000003604
method-009,7,DegreeDiscount,OriginalOrder,10,,1265,80.0,1277,80.0,72,14.3,0.0,65.7,65.7,0.0,0.0019475999997666804,4.000003173132427e-07,0.4756578999999874
method-009,8,DegreeDiscount,OriginalOrder,10,,1265,84.4,1277,84.4,1277,84.4,0.0,0.0,0.0,0.0,0.0019684000003508118,1.9999970390927047e-07,0.4938264000002164
method-009,9,DegreeDiscount,OriginalOrder,10,,228,66.5,1807,43.6,1249,22.0,22.9,21.6,44.5,0.0,0.0019025000001420267,5.000001692678779e-07,0.40701979999994364
method-009,10,DegreeDiscount,OriginalOrder,10,,228,58.1,1807,37.0,1439,19.4,21.1,17.6,38.7,0.0,0.001997700000174518,3.000000106112566e-07,0.4989881999999852
method-010,1,DegreeDiscount,MarginalGainPredictor,10,,1265,85.8,1277,85.8,310,49.0,0.0,36.8,36.8,0.0,0.0030962999999246676,0.0004525999997895269,0.36648399999967296
method-010,2,DegreeDiscount,MarginalGainPredictor,10,,1265,87.5,1277,87.5,1277,87.5,0.0,0.0,0.0,0.0,0.001964999999927386,0.0012733999997180945,0.32759219999979905
method-010,3,DegreeDiscount,MarginalGainPredictor,10,,9070,57.1,12802,25.0,1249,21.3,32.1,3.6999999999999993,35.8,-3.552713678800501e-15,0.001974499999960244,0.0012179000000287488,0.3244502000002285
method-010,4,DegreeDiscount,MarginalGainPredictor,10,,410,48.5,12802,23.5,1816,14.3,25.0,9.2,34.2,3.552713678800501e-15,0.0019839999999931024,0.0012417999996614526,0.4177583999999115
method-010,5,DegreeDiscount,MarginalGainPredictor,10,,228,56.9,1439,30.0,1439,30.0,26.9,0.0,26.9,0.0,0.0019072000000051048,0.0011537000000316766,0.4200794000003043
method-010,6,DegreeDiscount,MarginalGainPredictor,10,,3519,57.6,4679,22.1,1423,17.4,35.5,4.700000000000003,40.2,0.0,0.0019895999998880143,0.0012464000001273234,0.42228479999994306
method-010,7,DegreeDiscount,MarginalGainPredictor,10,,3519,47.7,181,33.8,1352,14.3,13.900000000000006,19.499999999999996,33.400000000000006,3.552713678800501e-15,0.0019578999999794178,0.0012212000001454726,0.3729229000000487
method-010,8,DegreeDiscount,MarginalGainPredictor,10,,228,51.9,181,25.7,72,10.5,26.2,15.2,41.4,0.0,0.0021282999996401486,0.0013565000003836758,0.33795680000002903
method-010,9,DegreeDiscount,MarginalGainPredictor,10,,228,66.5,181,23.5,1807,12.0,43.0,11.5,54.5,0.0,0.001934700000219891,0.001344400000107271,0.4388984999995955
method-010,10,DegreeDiscount,MarginalGainPredictor,10,,228,57.4,1920,24.8,1920,24.8,32.599999999999994,0.0,32.599999999999994,0.0,0.002473900000040885,0.001349499999832915,0.3361677000002601
method-011,1,DegreeDiscount,OriginalOrder,20,,1265,85.8,1277,85.8,12802,22.4,0.0,63.4,63.4,0.0,0.0030962999999246676,2.0000015865662135e-07,0.36648399999967296
method-011,2,DegreeDiscount,OriginalOrder,20,,1265,88.1,1277,88.1,12803,0.0,0.0,88.1,88.1,0.0,0.001838900000166177,3.999998625658918e-07,0.46865669999988313
method-011,3,DegreeDiscount,OriginalOrder,20,,1265,100.6,1277,100.6,1352,12.7,0.0,87.89999999999999,87.89999999999999,0.0,0.0020348000002741173,1.9999970390927047e-07,0.5003355999997439
method-011,4,DegreeDiscount,OriginalOrder,20,,1265,85.1,1277,85.1,12804,0.4,0.0,84.69999999999999,84.69999999999999,0.0,0.001900299999761046,3.999998625658918e-07,0.3845780999999988
method-011,5,DegreeDiscount,OriginalOrder,20,,1265,94.9,1277,94.9,310,50.0,0.0,44.900000000000006,44.900000000000006,0.0,0.001859999999851425,1.9999970390927047e-07,0.39955930000041917
method-011,6,DegreeDiscount,OriginalOrder,20,,1265,80.8,1277,80.8,905,22.4,0.0,58.4,58.4,0.0,0.0019502999998621817,3.999998625658918e-07,0.3822870000003604
method-011,7,DegreeDiscount,OriginalOrder,20,,1265,80.0,1265,80.0,72,14.3,0.0,65.7,65.7,0.0,0.0019475999997666804,3.999998625658918e-07,0.4756578999999874
method-011,8,DegreeDiscount,OriginalOrder,20,,1265,84.4,1265,84.4,1277,84.4,0.0,0.0,0.0,0.0,0.0019684000003508118,3.999998625658918e-07,0.4938264000002164
method-011,9,DegreeDiscount,OriginalOrder,20,,228,66.5,1807,43.6,1249,22.0,22.9,21.6,44.5,0.0,0.0019025000001420267,3.000000106112566e-07,0.40701979999994364
method-011,10,DegreeDiscount,OriginalOrder,20,,228,58.1,1807,37.0,1439,19.4,21.1,17.6,38.7,0.0,0.001997700000174518,3.000000106112566e-07,0.4989881999999852
method-012,1,DegreeDiscount,MarginalGainPredictor,20,,1265,85.8,1277,85.8,310,49.0,0.0,36.8,36.8,0.0,0.0030962999999246676,0.0004170000001977314,0.36648399999967296
method-012,2,DegreeDiscount,MarginalGainPredictor,20,,1265,87.5,1277,87.5,1807,33.8,0.0,53.7,53.7,0.0,0.001964999999927386,0.0006183999998938816,0.32759219999979905
method-012,3,DegreeDiscount,MarginalGainPredictor,20,,1265,91.5,1277,91.5,1277,91.5,0.0,0.0,0.0,0.0,0.0018450000002303568,0.0012495999999373453,0.47764439999991737
method-012,4,DegreeDiscount,MarginalGainPredictor,20,,410,48.6,1920,35.4,1423,11.3,13.200000000000003,24.099999999999998,37.3,-3.552713678800501e-15,0.001859700000295561,0.001215400000091904,0.3840110999999524
method-012,5,DegreeDiscount,MarginalGainPredictor,20,,228,56.9,8264,31.5,1439,30.0,25.4,1.5,26.9,0.0,0.0020049999998263957,0.0012084999998478452,0.3849822999995922
method-012,6,DegreeDiscount,MarginalGainPredictor,20,,3519,57.0,2023,28.1,1265,0.0,28.9,28.1,57.0,0.0,0.0019100999998045154,0.001211400000102003,0.493836999999985
method-012,7,DegreeDiscount,MarginalGainPredictor,20,,3519,46.9,181,34.0,1352,14.5,12.899999999999999,19.5,32.4,0.0,0.00208680000014283,0.0012442999995982973,0.4891872000002877
method-012,8,DegreeDiscount,MarginalGainPredictor,20,,228,51.9,3916,29.3,1920,23.3,22.599999999999998,6.0,28.599999999999998,0.0,0.0018479000000297674,0.0012316000002101646,0.4890470999998797
method-012,9,DegreeDiscount,MarginalGainPredictor,20,,228,66.4,3916,24.8,72,9.9,41.60000000000001,14.9,56.50000000000001,-1.7763568394002505e-15,0.0018171000001530047,0.001284399999804009,0.40740009999990434
method-012,10,DegreeDiscount,MarginalGainPredictor,20,,228,57.4,2023,23.7,3916,23.0,33.7,0.6999999999999993,34.4,-3.552713678800501e-15,0.0019775999999183114,0.0013106000001243956,0.5295456999997441
method-013,1,DegreeDiscount,OriginalOrder,50,,1265,85.8,1265,85.8,12802,22.4,0.0,63.4,63.4,0.0,0.0030962999999246676,1.9999970390927047e-07,0.36648399999967296
method-013,2,DegreeDiscount,OriginalOrder,50,,1265,88.1,1265,88.1,12803,0.0,0.0,88.1,88.1,0.0,0.001838900000166177,1.9999970390927047e-07,0.46865669999988313
method-013,3,DegreeDiscount,OriginalOrder,50,,1265,100.6,1265,100.6,1352,12.7,0.0,87.89999999999999,87.89999999999999,0.0,0.0020348000002741173,3.999998625658918e-07,0.5003355999997439
method-013,4,DegreeDiscount,OriginalOrder,50,,1265,85.1,1265,85.1,12804,0.4,0.0,84.69999999999999,84.69999999999999,0.0,0.001900299999761046,2.0000015865662135e-07,0.3845780999999988
method-013,5,DegreeDiscount,OriginalOrder,50,,1265,94.9,1265,94.9,310,50.0,0.0,44.900000000000006,44.900000000000006,0.0,0.001859999999851425,2.0000015865662135e-07,0.39955930000041917
method-013,6,DegreeDiscount,OriginalOrder,50,,1265,80.8,1265,80.8,905,22.4,0.0,58.4,58.4,0.0,0.0019502999998621817,3.000000106112566e-07,0.3822870000003604
method-013,7,DegreeDiscount,OriginalOrder,50,,1265,80.0,1265,80.0,72,14.3,0.0,65.7,65.7,0.0,0.0019475999997666804,2.999995558639057e-07,0.4756578999999874
method-013,8,DegreeDiscount,OriginalOrder,50,,1265,84.4,1265,84.4,1277,84.4,0.0,0.0,0.0,0.0,0.0019684000003508118,3.000000106112566e-07,0.4938264000002164
method-013,9,DegreeDiscount,OriginalOrder,50,,228,66.5,3519,56.8,1249,22.0,9.700000000000003,34.8,44.5,0.0,0.0019025000001420267,6.000000212225132e-07,0.40701979999994364
method-013,10,DegreeDiscount,OriginalOrder,50,,228,58.1,410,51.7,1439,19.4,6.399999999999999,32.300000000000004,38.7,0.0,0.001997700000174518,3.000000106112566e-07,0.4989881999999852
method-014,1,DegreeDiscount,MarginalGainPredictor,50,,1265,85.8,1265,85.8,1265,85.8,0.0,0.0,0.0,0.0,0.0030962999999246676,0.0004552000000330736,0.36648399999967296
method-014,2,DegreeDiscount,MarginalGainPredictor,50,,3519,58.5,410,50.6,410,50.6,7.899999999999999,0.0,7.899999999999999,0.0,0.003091399999902933,0.000611899999967136,0.32897410000032323
method-014,3,DegreeDiscount,MarginalGainPredictor,50,,9070,55.0,9070,55.0,310,42.2,0.0,12.799999999999997,12.799999999999997,0.0,0.0031154999996942934,0.0007303999996111088,0.417258700000275
method-014,4,DegreeDiscount,MarginalGainPredictor,50,,228,46.4,8264,36.2,1807,27.9,10.199999999999996,8.300000000000004,18.5,0.0,0.002696999999898253,0.0007573000002594199,0.4145181000003504
method-014,5,DegreeDiscount,MarginalGainPredictor,50,,228,56.9,5753,42.7,985,30.1,14.199999999999996,12.600000000000001,26.799999999999997,0.0,0.002667600000222592,0.000782800000251882,0.4879611000001205
method-014,6,DegreeDiscount,MarginalGainPredictor,50,,3519,57.6,3519,57.6,1277,0.0,0.0,57.6,57.6,0.0,0.003058000000237371,0.0006591000001208158,0.47717380000040066
method-014,7,DegreeDiscount,MarginalGainPredictor,50,,3519,51.5,3519,51.5,7995,16.7,0.0,34.8,34.8,0.0,0.001845199999934266,0.0012379999998302083,0.3929408999997577
method-014,8,DegreeDiscount,MarginalGainPredictor,50,,228,51.3,3519,43.9,1423,11.8,7.399999999999999,32.099999999999994,39.5,7.105427357601002e-15,0.001964300000054209,0.0013678999998774088,0.3874402999999802
method-014,9,DegreeDiscount,MarginalGainPredictor,50,,228,65.8,3519,54.7,1816,0.0,11.099999999999994,54.7,65.8,0.0,0.0018280000003869645,0.001294799999868701,0.4925981999999749
method-014,10,DegreeDiscount,MarginalGainPredictor,50,,228,57.4,3519,42.2,1439,19.2,15.199999999999996,23.000000000000004,38.2,3.552713678800501e-15,0.001810899999782123,0.0013342000002012355,0.57399149999992
method-015,1,DegreeDiscount,OriginalOrder,100,,1265,85.8,1265,85.8,12802,22.4,0.0,63.4,63.4,0.0,0.0030962999999246676,2.0000015865662135e-07,0.36648399999967296
method-015,2,DegreeDiscount,OriginalOrder,100,,1265,88.1,1265,88.1,12803,0.0,0.0,88.1,88.1,0.0,0.001838900000166177,2.0000015865662135e-07,0.46865669999988313
method-015,3,DegreeDiscount,OriginalOrder,100,,1265,100.6,1265,100.6,1352,12.7,0.0,87.89999999999999,87.89999999999999,0.0,0.0020348000002741173,1.9999970390927047e-07,0.5003355999997439
method-015,4,DegreeDiscount,OriginalOrder,100,,1265,85.1,1265,85.1,12804,0.4,0.0,84.69999999999999,84.69999999999999,0.0,0.001900299999761046,3.000000106112566e-07,0.3845780999999988
method-015,5,DegreeDiscount,OriginalOrder,100,,1265,94.9,1265,94.9,310,50.0,0.0,44.900000000000006,44.900000000000006,0.0,0.001859999999851425,3.000000106112566e-07,0.39955930000041917
method-015,6,DegreeDiscount,OriginalOrder,100,,1265,80.8,1265,80.8,905,22.4,0.0,58.4,58.4,0.0,0.0019502999998621817,1.9999970390927047e-07,0.3822870000003604
method-015,7,DegreeDiscount,OriginalOrder,100,,1265,80.0,1265,80.0,72,14.3,0.0,65.7,65.7,0.0,0.0019475999997666804,3.000000106112566e-07,0.4756578999999874
method-015,8,DegreeDiscount,OriginalOrder,100,,1265,84.4,1265,84.4,1277,84.4,0.0,0.0,0.0,0.0,0.0019684000003508118,3.999998625658918e-07,0.4938264000002164
method-015,9,DegreeDiscount,OriginalOrder,100,,228,66.5,228,66.5,1249,22.0,0.0,44.5,44.5,0.0,0.0019025000001420267,3.999998625658918e-07,0.40701979999994364
method-015,10,DegreeDiscount,OriginalOrder,100,,228,58.1,228,58.1,1439,19.4,0.0,38.7,38.7,0.0,0.001997700000174518,6.000000212225132e-07,0.4989881999999852
method-016,1,DegreeDiscount,MarginalGainPredictor,100,,1265,85.8,1265,85.8,1265,85.8,0.0,0.0,0.0,0.0,0.0030962999999246676,0.0005493999997270294,0.36648399999967296
method-016,2,DegreeDiscount,MarginalGainPredictor,100,,3519,58.5,3519,58.5,410,50.6,0.0,7.899999999999999,7.899999999999999,0.0,0.003091399999902933,0.0005916000000070198,0.32897410000032323
method-016,3,DegreeDiscount,MarginalGainPredictor,100,,9070,55.0,9070,55.0,310,42.2,0.0,12.799999999999997,12.799999999999997,0.0,0.0031154999996942934,0.0006510000002890592,0.417258700000275
method-016,4,DegreeDiscount,MarginalGainPredictor,100,,228,46.4,228,46.4,1807,27.9,0.0,18.5,18.5,0.0,0.002696999999898253,0.000665000000026339,0.4145181000003504
method-016,5,DegreeDiscount,MarginalGainPredictor,100,,228,56.9,228,56.9,985,30.1,0.0,26.799999999999997,26.799999999999997,0.0,0.002667600000222592,0.0006268000001909968,0.4879611000001205
method-016,6,DegreeDiscount,MarginalGainPredictor,100,,3519,57.6,3519,57.6,2216,32.5,0.0,25.1,25.1,0.0,0.003058000000237371,0.0006283000002440531,0.47717380000040066
method-016,7,DegreeDiscount,MarginalGainPredictor,100,,3519,51.5,3519,51.5,820,18.0,0.0,33.5,33.5,0.0,0.0032344999999622814,0.0008201000000553904,0.47836129999996047
method-016,8,DegreeDiscount,MarginalGainPredictor,100,,228,51.3,228,51.3,1277,0.0,0.0,51.3,51.3,0.0,0.003066199999921082,0.0011828000001514738,0.4937406000003648
method-016,9,DegreeDiscount,MarginalGainPredictor,100,,228,65.8,228,65.8,7995,15.6,0.0,50.199999999999996,50.199999999999996,0.0,0.0030569000000468805,0.0008560999999644991,0.4785603000000265
method-016,10,DegreeDiscount,MarginalGainPredictor,100,,228,57.5,228,57.5,1423,14.7,0.0,42.8,42.8,0.0,0.003050599999824044,0.0007577999999739404,0.5192296000000169
method-017,1,FeatureDQN,OriginalOrder,10,,1265,85.8,4826,21.4,2034,15.5,64.4,5.899999999999999,70.3,-7.105427357601002e-15,0.0013965000002826855,3.000000106112566e-07,0.36648399999967296
method-017,2,FeatureDQN,OriginalOrder,10,,1265,87.2,905,16.0,1126,6.5,71.2,9.5,80.7,0.0,0.001029100000323524,1.9999970390927047e-07,0.4807693000002473
method-017,3,FeatureDQN,OriginalOrder,10,,1265,98.8,7963,17.9,1158,2.6,80.9,15.299999999999999,96.2,-1.7763568394002505e-15,0.001360700000077486,3.999998625658918e-07,0.3863393999999971
method-017,4,FeatureDQN,OriginalOrder,10,,1265,84.2,4826,19.3,4826,19.3,64.9,0.0,64.9,0.0,0.0011982000000898552,3.000000106112566e-07,0.46809929999972155
method-017,5,FeatureDQN,OriginalOrder,10,,1265,94.8,7963,26.6,1236,5.2,68.19999999999999,21.400000000000002,89.6,3.552713678800501e-15,0.001269999999749416,1.9999970390927047e-07,0.46507770000016535
method-017,6,FeatureDQN,OriginalOrder,10,,1265,86.1,2105,23.4,723,2.8,62.699999999999996,20.599999999999998,83.3,3.552713678800501e-15,0.001120100000207458,5.000001692678779e-07,0.4032382999998845
method-017,7,FeatureDQN,OriginalOrder,10,,1265,78.0,892,30.5,711,2.6,47.5,27.9,75.4,7.105427357601002e-15,0.0010833999999704247,5.000001692678779e-07,0.4835988999998335
method-017,8,FeatureDQN,OriginalOrder,10,,1265,89.9,228,52.2,461,10.5,37.7,41.7,79.4,0.0,0.0013172999997550505,3.000000106112566e-07,0.4995586000000003
method-017,9,FeatureDQN,OriginalOrder,10,,1265,67.6,228,66.2,905,10.1,1.3999999999999915,56.1,57.49999999999999,0.0,0.001267599999664526,2.0000015865662135e-07,0.504430400000274
method-017,10,FeatureDQN,OriginalOrder,10,,1265,90.2,228,57.8,2510,16.8,32.400000000000006,41.0,73.4,0.0,0.0011970999998993648,3.000000106112566e-07,0.3929468999999699
method-018,1,FeatureDQN,MarginalGainPredictor,10,,1265,85.8,4826,21.4,905,20.6,64.4,0.7999999999999972,65.19999999999999,-1.4210854715202004e-14,0.0013965000002826855,0.0004318000001148903,0.36648399999967296
method-018,2,FeatureDQN,MarginalGainPredictor,10,,1265,84.3,461,13.6,2510,11.8,70.7,1.799999999999999,72.5,-1.7763568394002505e-15,0.0016036000001804496,0.0011193000000275788,0.44089160000021366
method-018,3,FeatureDQN,MarginalGainPredictor,10,,1265,97.7,7963,17.9,7963,17.9,79.80000000000001,0.0,79.80000000000001,0.0,0.0011093000002802,0.0009764999999788415,0.43059249999987514
method-018,4,FeatureDQN,MarginalGainPredictor,10,,1265,84.1,4826,19.3,1158,3.6,64.8,15.700000000000001,80.5,1.7763568394002505e-15,0.001232200000231387,0.0009980999998333573,0.42978339999990567
method-018,5,FeatureDQN,MarginalGainPredictor,10,,1265,90.4,2105,19.2,2105,19.2,71.2,0.0,71.2,0.0,0.0010540999996919709,0.0010530999998081825,0.4225538000000597
method-018,6,FeatureDQN,MarginalGainPredictor,10,,1265,80.9,4826,19.0,2854,14.6,61.900000000000006,4.4,66.30000000000001,5.329070518200751e-15,0.0012443999999049993,0.0010124999998879503,0.4185912000002645
method-018,7,FeatureDQN,MarginalGainPredictor,10,,1265,79.6,892,22.8,892,22.8,56.8,0.0,56.8,0.0,0.0011321000001771608,0.0010010999999394699,0.3203110999997989
method-018,8,FeatureDQN,MarginalGainPredictor,10,,1265,86.5,228,52.3,228,52.3,34.2,0.0,34.2,0.0,0.001113199999963399,0.0011657999998533342,0.4603359999996428
method-018,9,FeatureDQN,MarginalGainPredictor,10,,1265,69.4,4826,12.1,2032,8.6,57.300000000000004,3.5,60.800000000000004,0.0,0.0011987999996563303,0.0010545999998612388,0.33318169999984093
method-018,10,FeatureDQN,MarginalGainPredictor,10,,1265,88.6,1236,12.3,4826,6.7,76.3,5.6000000000000005,81.89999999999999,-6.217248937900877e-15,0.0011756999997487583,0.0011854000003950205,0.5012504000001172
method-019,1,FeatureDQN,OriginalOrder,20,,1265,85.8,228,51.8,2034,15.5,34.0,36.3,70.3,0.0,0.0013965000002826855,2.0000015865662135e-07,0.36648399999967296
method-019,2,FeatureDQN,OriginalOrder,20,,1265,87.2,228,53.7,1126,6.5,33.5,47.2,80.7,0.0,0.001029100000323524,3.000000106112566e-07,0.4807693000002473
method-019,3,FeatureDQN,OriginalOrder,20,,1265,98.8,228,47.4,1158,2.6,51.4,44.8,96.2,7.105427357601002e-15,0.001360700000077486,2.0000015865662135e-07,0.3863393999999971
method-019,4,FeatureDQN,OriginalOrder,20,,1265,84.2,228,47.0,4826,19.3,37.2,27.7,64.9,3.552713678800501e-15,0.0011982000000898552,2.0000015865662135e-07,0.46809929999972155
method-019,5,FeatureDQN,OriginalOrder,20,,1265,94.8,228,56.7,1236,5.2,38.099999999999994,51.5,89.6,0.0,0.001269999999749416,2.0000015865662135e-07,0.46507770000016535
method-019,6,FeatureDQN,OriginalOrder,20,,1265,86.1,228,52.1,723,2.8,33.99999999999999,49.300000000000004,83.3,0.0,0.001120100000207458,3.000000106112566e-07,0.4032382999998845
method-019,7,FeatureDQN,OriginalOrder,20,,1265,78.0,228,42.1,711,2.6,35.9,39.5,75.4,7.105427357601002e-15,0.0010833999999704247,1.9999970390927047e-07,0.4835988999998335
method-019,8,FeatureDQN,OriginalOrder,20,,1265,89.9,228,52.2,461,10.5,37.7,41.7,79.4,0.0,0.0013172999997550505,3.000000106112566e-07,0.4995586000000003
method-019,9,FeatureDQN,OriginalOrder,20,,1265,67.6,228,66.2,905,10.1,1.3999999999999915,56.1,57.49999999999999,0.0,0.001267599999664526,1.9999970390927047e-07,0.504430400000274
method-019,10,FeatureDQN,OriginalOrder,20,,1265,90.2,228,57.8,2510,16.8,32.400000000000006,41.0,73.4,0.0,0.0011970999998993648,2.999995558639057e-07,0.3929468999999699
method-020,1,FeatureDQN,MarginalGainPredictor,20,,1265,85.8,228,51.8,892,31.3,34.0,20.499999999999996,54.5,3.552713678800501e-15,0.0013965000002826855,0.0004137000000810076,0.36648399999967296
method-020,2,FeatureDQN,MarginalGainPredictor,20,,1265,84.3,228,53.7,3916,27.3,30.599999999999994,26.400000000000002,57.0,3.552713678800501e-15,0.0011839999997391715,0.0010396000002401706,0.4060908000001291
method-020,3,FeatureDQN,MarginalGainPredictor,20,,1265,97.1,228,43.1,2105,17.4,53.99999999999999,25.700000000000003,79.69999999999999,-7.105427357601002e-15,0.0013914000001022941,0.0010567999997874722,0.39412350000020524
method-020,4,FeatureDQN,MarginalGainPredictor,20,,1265,84.2,228,46.7,7963,18.9,37.5,27.800000000000004,65.30000000000001,7.105427357601002e-15,0.0011728999998013023,0.0010726999998951214,0.38837770000009186
method-020,5,FeatureDQN,MarginalGainPredictor,20,,1265,89.0,228,56.5,2122,20.0,32.5,36.5,69.0,0.0,0.0011888999997609062,0.0010339000000385568,0.3984874000002492
method-020,6,FeatureDQN,MarginalGainPredictor,20,,1265,85.5,228,50.4,905,9.9,35.1,40.5,75.6,-7.105427357601002e-15,0.001070499999968888,0.0010586999997030944,0.3956880999999157
method-020,7,FeatureDQN,MarginalGainPredictor,20,,1265,79.4,228,41.5,901,9.6,37.900000000000006,31.9,69.80000000000001,7.105427357601002e-15,0.0011180000001331791,0.0010148000001208857,0.47560329999987516
method-020,8,FeatureDQN,MarginalGainPredictor,20,,1265,90.5,228,52.2,2510,17.0,38.3,35.2,73.5,0.0,0.0012768000001415203,0.0010553000001891633,0.40324859999964247
method-020,9,FeatureDQN,MarginalGainPredictor,20,,1265,70.4,228,66.7,4331,16.4,3.700000000000003,50.300000000000004,54.00000000000001,0.0,0.0012830000000576547,0.0010316000002603687,0.5551387000000432
method-020,10,FeatureDQN,MarginalGainPredictor,20,,1265,89.0,228,53.9,228,53.9,35.1,0.0,35.1,0.0,0.0018447000002197456,0.001349600000139617,0.4332770000000892
method-021,1,FeatureDQN,OriginalOrder,50,,1265,85.8,228,51.8,2034,15.5,34.0,36.3,70.3,0.0,0.0013965000002826855,1.9999970390927047e-07,0.36648399999967296
method-021,2,FeatureDQN,OriginalOrder,50,,1265,87.2,228,53.7,1126,6.5,33.5,47.2,80.7,0.0,0.001029100000323524,2.0000015865662135e-07,0.4807693000002473
method-021,3,FeatureDQN,OriginalOrder,50,,1265,98.8,228,47.4,1158,2.6,51.4,44.8,96.2,7.105427357601002e-15,0.001360700000077486,3.000000106112566e-07,0.3863393999999971
method-021,4,FeatureDQN,OriginalOrder,50,,1265,84.2,228,47.0,4826,19.3,37.2,27.7,64.9,3.552713678800501e-15,0.0011982000000898552,3.000000106112566e-07,0.46809929999972155
method-021,5,FeatureDQN,OriginalOrder,50,,1265,94.8,228,56.7,1236,5.2,38.099999999999994,51.5,89.6,0.0,0.001269999999749416,3.000000106112566e-07,0.46507770000016535
method-021,6,FeatureDQN,OriginalOrder,50,,1265,86.1,228,52.1,723,2.8,33.99999999999999,49.300000000000004,83.3,0.0,0.001120100000207458,3.000000106112566e-07,0.4032382999998845
method-021,7,FeatureDQN,OriginalOrder,50,,1265,78.0,228,42.1,711,2.6,35.9,39.5,75.4,7.105427357601002e-15,0.0010833999999704247,2.0000015865662135e-07,0.4835988999998335
method-021,8,FeatureDQN,OriginalOrder,50,,1265,89.9,228,52.2,461,10.5,37.7,41.7,79.4,0.0,0.0013172999997550505,2.0000015865662135e-07,0.4995586000000003
method-021,9,FeatureDQN,OriginalOrder,50,,1265,67.6,228,66.2,905,10.1,1.3999999999999915,56.1,57.49999999999999,0.0,0.001267599999664526,1.9999970390927047e-07,0.504430400000274
method-021,10,FeatureDQN,OriginalOrder,50,,1265,90.2,228,57.8,2510,16.8,32.400000000000006,41.0,73.4,0.0,0.0011970999998993648,3.000000106112566e-07,0.3929468999999699
method-022,1,FeatureDQN,MarginalGainPredictor,50,,1265,85.8,228,51.8,916,29.2,34.0,22.599999999999998,56.599999999999994,-3.552713678800501e-15,0.0013965000002826855,0.0004436999997778912,0.36648399999967296
method-022,2,FeatureDQN,MarginalGainPredictor,50,,1265,85.7,228,52.8,1423,20.4,32.900000000000006,32.4,65.30000000000001,7.105427357601002e-15,0.001272399999834306,0.0006029999999555002,0.4635588999999527
method-022,3,FeatureDQN,MarginalGainPredictor,50,,1265,87.7,228,45.7,3916,41.0,42.0,4.700000000000003,46.7,0.0,0.0011875999998665066,0.0010489000001143722,0.4697391000004245
method-022,4,FeatureDQN,MarginalGainPredictor,50,,1265,70.7,228,46.8,892,28.3,23.900000000000006,18.499999999999996,42.400000000000006,3.552713678800501e-15,0.001182999999855383,0.0010551000000305066,0.48613090000026205
method-022,5,FeatureDQN,MarginalGainPredictor,50,,1265,83.3,228,56.5,592,17.6,26.799999999999997,38.9,65.69999999999999,-7.105427357601002e-15,0.0011500999999043415,0.0010772000000542903,0.4669760000001588
method-022,6,FeatureDQN,MarginalGainPredictor,50,,1265,77.2,228,52.0,2105,23.8,25.200000000000003,28.2,53.400000000000006,3.552713678800501e-15,0.0010910999999396154,0.0011825999999928172,0.4745020000000295
method-022,7,FeatureDQN,MarginalGainPredictor,50,,1265,73.8,228,41.5,4331,16.5,32.3,25.0,57.3,0.0,0.0011070000000472646,0.0010886000000027707,0.3931053000001157
method-022,8,FeatureDQN,MarginalGainPredictor,50,,1265,80.5,228,46.4,7963,22.2,34.1,24.2,58.3,-3.552713678800501e-15,0.001493300000220188,0.0015143000000534812,0.5378436999999394
method-022,9,FeatureDQN,MarginalGainPredictor,50,,1265,63.3,228,62.0,2014,13.4,1.2999999999999972,48.6,49.9,0.0,0.0011441999999988184,0.0011954999999943539,0.5639690000002702
method-022,10,FeatureDQN,MarginalGainPredictor,50,,1265,86.8,228,53.9,12804,5.6,32.9,48.3,81.2,7.105427357601002e-15,0.0012228000000504835,0.001090100000055827,0.5243732999997519
method-023,1,FeatureDQN,OriginalOrder,100,,1265,85.8,228,51.8,2034,15.5,34.0,36.3,70.3,0.0,0.0013965000002826855,6.999998731771484e-07,0.36648399999967296
method-023,2,FeatureDQN,OriginalOrder,100,,1265,87.2,228,53.7,1126,6.5,33.5,47.2,80.7,0.0,0.001029100000323524,1.9999970390927047e-07,0.4807693000002473
method-023,3,FeatureDQN,OriginalOrder,100,,1265,98.8,228,47.4,1158,2.6,51.4,44.8,96.2,7.105427357601002e-15,0.001360700000077486,3.999998625658918e-07,0.3863393999999971
method-023,4,FeatureDQN,OriginalOrder,100,,1265,84.2,228,47.0,4826,19.3,37.2,27.7,64.9,3.552713678800501e-15,0.0011982000000898552,2.0000015865662135e-07,0.46809929999972155
method-023,5,FeatureDQN,OriginalOrder,100,,1265,94.8,228,56.7,1236,5.2,38.099999999999994,51.5,89.6,0.0,0.001269999999749416,3.000000106112566e-07,0.46507770000016535
method-023,6,FeatureDQN,OriginalOrder,100,,1265,86.1,228,52.1,723,2.8,33.99999999999999,49.300000000000004,83.3,0.0,0.001120100000207458,2.0000015865662135e-07,0.4032382999998845
method-023,7,FeatureDQN,OriginalOrder,100,,1265,78.0,228,42.1,711,2.6,35.9,39.5,75.4,7.105427357601002e-15,0.0010833999999704247,3.000000106112566e-07,0.4835988999998335
method-023,8,FeatureDQN,OriginalOrder,100,,1265,89.9,228,52.2,461,10.5,37.7,41.7,79.4,0.0,0.0013172999997550505,1.9999970390927047e-07,0.4995586000000003
method-023,9,FeatureDQN,OriginalOrder,100,,1265,67.6,228,66.2,905,10.1,1.3999999999999915,56.1,57.49999999999999,0.0,0.001267599999664526,4.000003173132427e-07,0.504430400000274
method-023,10,FeatureDQN,OriginalOrder,100,,1265,90.2,228,57.8,2510,16.8,32.400000000000006,41.0,73.4,0.0,0.0011970999998993648,2.0000015865662135e-07,0.3929468999999699
method-024,1,FeatureDQN,MarginalGainPredictor,100,,1265,85.8,228,51.8,916,29.2,34.0,22.599999999999998,56.599999999999994,-3.552713678800501e-15,0.0013965000002826855,0.000523700000030658,0.36648399999967296
method-024,2,FeatureDQN,MarginalGainPredictor,100,,1265,85.7,228,52.8,1423,20.4,32.900000000000006,32.4,65.30000000000001,7.105427357601002e-15,0.001272399999834306,0.00058069999977306,0.4635588999999527
method-024,3,FeatureDQN,MarginalGainPredictor,100,,1265,87.7,228,45.7,1352,12.4,42.0,33.300000000000004,75.3,-7.105427357601002e-15,0.0011875999998665066,0.0006698000001961191,0.4697391000004245
method-024,4,FeatureDQN,MarginalGainPredictor,100,,1265,70.7,228,47.0,1255,10.0,23.700000000000003,37.0,60.7,0.0,0.0013604999999188294,0.0011540999998942425,0.383177600000181
method-024,5,FeatureDQN,MarginalGainPredictor,100,,1265,79.4,228,57.1,658,20.3,22.300000000000004,36.8,59.10000000000001,7.105427357601002e-15,0.0011193000000275788,0.0011615999997047766,0.3748391000003721
method-024,6,FeatureDQN,MarginalGainPredictor,100,,1265,79.0,228,51.0,1920,19.5,28.0,31.5,59.5,0.0,0.0012323999999352964,0.0010999000000992964,0.38598229999979594
method-024,7,FeatureDQN,MarginalGainPredictor,100,,1265,73.1,228,42.2,3916,28.9,30.89999999999999,13.300000000000004,44.199999999999996,0.0,0.0013546000000133063,0.0012083999999958905,0.5087487999999212
method-024,8,FeatureDQN,MarginalGainPredictor,100,,1265,79.1,228,52.5,408,15.2,26.599999999999994,37.3,63.89999999999999,0.0,0.0014828999997007486,0.0011411000000407512,0.4165477000001374
method-024,9,FeatureDQN,MarginalGainPredictor,100,,228,66.0,228,66.0,830,29.3,0.0,36.7,36.7,0.0,0.0013315999999576889,0.001294799999868701,0.447429700000157
method-024,10,FeatureDQN,MarginalGainPredictor,100,,1265,70.2,228,57.4,820,29.8,12.800000000000004,27.599999999999998,40.400000000000006,3.552713678800501e-15,0.0011951999999837426,0.0011173999996572093,0.39432410000017626
method-025,1,Random,OriginalOrder,10,0,1265,85.8,228,51.8,118,13.3,34.0,38.5,72.5,0.0,4.149999995206599e-05,9.999985195463523e-08,0.36648399999967296
method-025,2,Random,OriginalOrder,10,0,1265,88.1,1255,19.7,1249,17.9,68.39999999999999,1.8000000000000007,70.19999999999999,-3.552713678800501e-15,4.170000011072261e-05,9.999985195463523e-08,0.5054949000000306
method-025,3,Random,OriginalOrder,10,0,1265,97.7,5454,19.9,6314,9.9,77.80000000000001,9.999999999999998,87.8,-1.2434497875801753e-14,4.000000035375706e-05,2.0000015865662135e-07,0.4400946999999178
method-025,4,Random,OriginalOrder,10,0,1265,82.7,1265,82.7,188,12.3,0.0,70.4,70.4,0.0,5.689999989044736e-05,3.000000106112566e-07,0.46655509999982314
method-025,5,Random,OriginalOrder,10,0,1265,85.1,647,24.1,2414,16.8,60.99999999999999,7.300000000000001,68.3,3.552713678800501e-15,3.949999972974183e-05,1.0000030670198612e-07,0.4840669000000162
method-025,6,Random,OriginalOrder,10,0,1265,86.0,3519,64.2,905,22.2,21.799999999999997,42.0,63.8,0.0,5.9500000133994035e-05,9.999985195463523e-08,0.4845147999999426
method-025,7,Random,OriginalOrder,10,0,1265,79.7,228,42.2,1392,4.1,37.5,38.1,75.60000000000001,7.105427357601002e-15,6.989999974393868e-05,3.000000106112566e-07,0.38309049999998024
method-025,8,Random,OriginalOrder,10,0,1265,91.1,3519,56.2,2368,9.4,34.89999999999999,46.800000000000004,81.69999999999999,-7.105427357601002e-15,4.290000015316764e-05,2.0000015865662135e-07,0.6604062999999769
method-025,9,Random,OriginalOrder,10,0,1265,69.3,1265,69.3,1580,7.6,0.0,61.699999999999996,61.699999999999996,0.0,4.260000014255638e-05,2.0000015865662135e-07,0.5325147000003199
method-025,10,Random,OriginalOrder,10,0,1265,80.5,423,28.2,4934,21.1,52.3,7.099999999999998,59.4,3.552713678800501e-15,4.0100000205711694e-05,2.0000015865662135e-07,0.5125630000002275
method-026,1,Random,MarginalGainPredictor,10,0,1265,85.8,228,51.8,6314,16.5,34.0,35.3,69.3,0.0,4.149999995206599e-05,0.0003353000001879991,0.36648399999967296
method-026,2,Random,MarginalGainPredictor,10,0,1265,87.5,4679,29.3,1249,17.9,58.2,11.400000000000002,69.6,-1.0658141036401503e-14,5.409999994299142e-05,0.0012987000000066473,0.3689334000000599
method-026,3,Random,MarginalGainPredictor,10,0,1265,99.5,5753,38.6,5753,38.6,60.9,0.0,60.9,0.0,3.980000019510044e-05,0.0012445000002117013,0.41169570000010935
method-026,4,Random,MarginalGainPredictor,10,0,1265,81.0,1265,81.0,1265,81.0,0.0,0.0,0.0,0.0,5.2600000344682485e-05,0.001236099999914586,0.31593519999978525
method-026,5,Random,MarginalGainPredictor,10,0,228,56.9,1785,20.3,5454,17.2,36.599999999999994,3.1000000000000014,39.7,7.105427357601002e-15,4.600000011123484e-05,0.001320699999723729,0.320724600000176
method-026,6,Random,MarginalGainPredictor,10,0,3519,62.2,985,32.1,985,32.1,30.1,0.0,30.1,0.0,4.4999999772699084e-05,0.0012711000003946538,0.31758739999986574
method-026,7,Random,MarginalGainPredictor,10,0,3519,53.8,2054,28.6,7995,20.1,25.199999999999996,8.5,33.699999999999996,0.0,3.990000004705507e-05,0.0011887999999089516,0.4220167999997102
method-026,8,Random,MarginalGainPredictor,10,0,228,52.0,3519,45.5,916,5.1,6.5,40.4,46.9,0.0,3.979999974035309e-05,0.0011747999997169245,0.39727819999961866
method-026,9,Random,MarginalGainPredictor,10,0,228,66.7,404,16.4,72,12.7,50.300000000000004,3.6999999999999993,54.0,-3.552713678800501e-15,4.0100000205711694e-05,0.001292100000227947,0.3417570000001433
method-026,10,Random,MarginalGainPredictor,10,0,228,58.0,310,42.2,310,42.2,15.799999999999997,0.0,15.799999999999997,0.0,5.8200000239594374e-05,0.0013136999996277154,0.4674977999998191
method-027,1,Random,OriginalOrder,20,0,1265,85.8,228,51.8,118,13.3,34.0,38.5,72.5,0.0,4.149999995206599e-05,1.9999970390927047e-07,0.36648399999967296
method-027,2,Random,OriginalOrder,20,0,1265,88.1,228,53.7,1249,17.9,34.39999999999999,35.800000000000004,70.19999999999999,-7.105427357601002e-15,4.170000011072261e-05,3.000000106112566e-07,0.5054949000000306
method-027,3,Random,OriginalOrder,20,0,1265,97.7,7995,32.2,6314,9.9,65.5,22.300000000000004,87.8,-7.105427357601002e-15,4.000000035375706e-05,2.0000015865662135e-07,0.4400946999999178
method-027,4,Random,OriginalOrder,20,0,1265,82.7,1265,82.7,188,12.3,0.0,70.4,70.4,0.0,5.689999989044736e-05,3.999998625658918e-07,0.46655509999982314
method-027,5,Random,OriginalOrder,20,0,1265,85.1,1807,38.7,2414,16.8,46.39999999999999,21.900000000000002,68.3,3.552713678800501e-15,3.949999972974183e-05,3.999998625658918e-07,0.4840669000000162
method-027,6,Random,OriginalOrder,20,0,1265,86.0,3519,64.2,905,22.2,21.799999999999997,42.0,63.8,0.0,5.9500000133994035e-05,2.0000015865662135e-07,0.4845147999999426
method-027,7,Random,OriginalOrder,20,0,1265,79.7,228,42.2,1392,4.1,37.5,38.1,75.60000000000001,7.105427357601002e-15,6.989999974393868e-05,1.9999970390927047e-07,0.38309049999998024
method-027,8,Random,OriginalOrder,20,0,1265,91.1,3519,56.2,2368,9.4,34.89999999999999,46.800000000000004,81.69999999999999,-7.105427357601002e-15,4.290000015316764e-05,2.0000015865662135e-07,0.6604062999999769
method-027,9,Random,OriginalOrder,20,0,1265,69.3,1265,69.3,1580,7.6,0.0,61.699999999999996,61.699999999999996,0.0,4.260000014255638e-05,3.999998625658918e-07,0.5325147000003199
method-027,10,Random,OriginalOrder,20,0,1265,80.5,820,29.1,4934,21.1,51.4,8.0,59.4,0.0,4.0100000205711694e-05,3.999998625658918e-07,0.5125630000002275
method-028,1,Random,MarginalGainPredictor,20,0,1265,85.8,228,51.8,6314,16.5,34.0,35.3,69.3,0.0,4.149999995206599e-05,0.0003050000000257569,0.36648399999967296
method-028,2,Random,MarginalGainPredictor,20,0,1265,87.5,1920,29.5,1249,17.9,58.0,11.600000000000001,69.6,-7.105427357601002e-15,5.409999994299142e-05,0.0006134999998721469,0.3689334000000599
method-028,3,Random,MarginalGainPredictor,20,0,1265,99.5,228,47.4,5753,38.6,52.1,8.799999999999997,60.9,0.0,3.980000019510044e-05,0.000602699999944889,0.41169570000010935
method-028,4,Random,MarginalGainPredictor,20,0,1265,81.0,1265,81.0,1265,81.0,0.0,0.0,0.0,0.0,5.2600000344682485e-05,0.0006928000002517365,0.31593519999978525
method-028,5,Random,MarginalGainPredictor,20,0,228,56.9,7123,29.1,7995,19.1,27.799999999999997,10.0,37.8,0.0,4.600000011123484e-05,0.0006057000000510016,0.320724600000176
method-028,6,Random,MarginalGainPredictor,20,0,3519,59.1,985,32.3,985,32.3,26.800000000000004,0.0,26.800000000000004,0.0,3.930000002583256e-05,0.0012560000000121363,0.4675858000000517
method-028,7,Random,MarginalGainPredictor,20,0,3519,52.7,3519,52.7,181,30.4,0.0,22.300000000000004,22.300000000000004,0.0,4.4800000068789814e-05,0.0012403999999150983,0.3858362999999372
method-028,8,Random,MarginalGainPredictor,20,0,228,52.0,3519,45.2,916,9.9,6.799999999999997,35.300000000000004,42.1,0.0,5.400000009103678e-05,0.0012438000003385241,0.5699940999998034
method-028,9,Random,MarginalGainPredictor,20,0,228,64.0,410,42.1,410,42.1,21.9,0.0,21.9,0.0,4.149999995206599e-05,0.0012440000000424334,0.4950210000001789
method-028,10,Random,MarginalGainPredictor,20,0,228,58.0,310,42.6,310,42.6,15.399999999999999,0.0,15.399999999999999,0.0,4.020000005766633e-05,0.001279300000078365,0.3994804999997541
method-029,1,Random,OriginalOrder,50,0,1265,85.8,1265,85.8,118,13.3,0.0,72.5,72.5,0.0,4.149999995206599e-05,2.0000015865662135e-07,0.36648399999967296
method-029,2,Random,OriginalOrder,50,0,1265,88.1,1277,88.1,1249,17.9,0.0,70.19999999999999,70.19999999999999,0.0,4.170000011072261e-05,1.9999970390927047e-07,0.5054949000000306
method-029,3,Random,OriginalOrder,50,0,1265,97.7,985,36.1,6314,9.9,61.6,26.200000000000003,87.8,-7.105427357601002e-15,4.000000035375706e-05,3.000000106112566e-07,0.4400946999999178
method-029,4,Random,OriginalOrder,50,0,1265,82.7,1265,82.7,188,12.3,0.0,70.4,70.4,0.0,5.689999989044736e-05,1.9999970390927047e-07,0.46655509999982314
method-029,5,Random,OriginalOrder,50,0,1265,85.1,1807,38.7,2414,16.8,46.39999999999999,21.900000000000002,68.3,3.552713678800501e-15,3.949999972974183e-05,3.999998625658918e-07,0.4840669000000162
method-029,6,Random,OriginalOrder,50,0,1265,86.0,1277,86.0,905,22.2,0.0,63.8,63.8,0.0,5.9500000133994035e-05,3.000000106112566e-07,0.4845147999999426
method-029,7,Random,OriginalOrder,50,0,1265,79.7,228,42.2,1392,4.1,37.5,38.1,75.60000000000001,7.105427357601002e-15,6.989999974393868e-05,3.000000106112566e-07,0.38309049999998024
method-029,8,Random,OriginalOrder,50,0,1265,91.1,3519,56.2,2368,9.4,34.89999999999999,46.800000000000004,81.69999999999999,-7.105427357601002e-15,4.290000015316764e-05,3.000000106112566e-07,0.6604062999999769
method-029,9,Random,OriginalOrder,50,0,1265,69.3,1265,69.3,1580,7.6,0.0,61.699999999999996,61.699999999999996,0.0,4.260000014255638e-05,3.000000106112566e-07,0.5325147000003199
method-029,10,Random,OriginalOrder,50,0,1265,80.5,820,29.1,4934,21.1,51.4,8.0,59.4,0.0,4.0100000205711694e-05,2.0000015865662135e-07,0.5125630000002275
method-030,1,Random,MarginalGainPredictor,50,0,1265,85.8,1265,85.8,1265,85.8,0.0,0.0,0.0,0.0,4.149999995206599e-05,0.00046530000008715433,0.36648399999967296
method-030,2,Random,MarginalGainPredictor,50,0,3519,58.5,228,52.8,1807,33.7,5.700000000000003,19.099999999999994,24.799999999999997,0.0,5.0600000122358324e-05,0.0006300000000010186,0.32897410000032323
method-030,3,Random,MarginalGainPredictor,50,0,9070,57.1,985,36.0,985,36.0,21.1,0.0,21.1,0.0,4.069999977218686e-05,0.0013316999998096435,0.4910722999998143
method-030,4,Random,MarginalGainPredictor,50,0,410,48.0,228,46.3,2216,27.5,1.7000000000000028,18.799999999999997,20.5,0.0,4.020000005766633e-05,0.0012851999999838881,0.5006757999999536
method-030,5,Random,MarginalGainPredictor,50,0,228,56.9,228,56.9,820,17.5,0.0,39.4,39.4,0.0,4.0099999750964344e-05,0.0012844000002587563,0.48352939999995215
method-030,6,Random,MarginalGainPredictor,50,0,3519,59.3,892,40.4,410,30.3,18.9,10.099999999999998,28.999999999999996,0.0,4.2300000131945126e-05,0.001273599999876751,0.4790211999998064
method-030,7,Random,MarginalGainPredictor,50,0,3519,52.8,9070,44.8,1277,0.0,8.0,44.8,52.8,0.0,3.999999989900971e-05,0.001231000000188942,0.4712467999997898
method-030,8,Random,MarginalGainPredictor,50,0,228,51.6,3519,45.9,916,5.4,5.700000000000003,40.5,46.2,0.0,4.0099999750964344e-05,0.0013487000001077831,0.4088547999999719
method-030,9,Random,MarginalGainPredictor,50,0,228,66.0,830,35.1,1352,22.9,30.9,12.200000000000003,43.1,0.0,3.910000032192329e-05,0.0013401999999587133,0.4135811000001013
method-030,10,Random,MarginalGainPredictor,50,0,228,57.5,3519,43.4,1423,14.8,14.100000000000001,28.599999999999998,42.7,3.552713678800501e-15,4.129999979340937e-05,0.0013045000000602158,0.47267009999995935
method-031,1,Random,OriginalOrder,100,0,1265,85.8,1265,85.8,118,13.3,0.0,72.5,72.5,0.0,4.149999995206599e-05,3.000000106112566e-07,0.36648399999967296
method-031,2,Random,OriginalOrder,100,0,1265,88.1,1277,88.1,1249,17.9,0.0,70.19999999999999,70.19999999999999,0.0,4.170000011072261e-05,2.0000015865662135e-07,0.5054949000000306
method-031,3,Random,OriginalOrder,100,0,1265,97.7,1920,41.4,6314,9.9,56.300000000000004,31.5,87.8,-7.105427357601002e-15,4.000000035375706e-05,3.999998625658918e-07,0.4400946999999178
method-031,4,Random,OriginalOrder,100,0,1265,82.7,1265,82.7,188,12.3,0.0,70.4,70.4,0.0,5.689999989044736e-05,3.000000106112566e-07,0.46655509999982314
method-031,5,Random,OriginalOrder,100,0,1265,85.1,228,57.1,2414,16.8,27.999999999999993,40.3,68.3,7.105427357601002e-15,3.949999972974183e-05,2.0000015865662135e-07,0.4840669000000162
method-031,6,Random,OriginalOrder,100,0,1265,86.0,1265,86.0,905,22.2,0.0,63.8,63.8,0.0,5.9500000133994035e-05,9.000000318337698e-07,0.4845147999999426
method-031,7,Random,OriginalOrder,100,0,1265,79.7,1265,79.7,1392,4.1,0.0,75.60000000000001,75.60000000000001,0.0,6.989999974393868e-05,3.000000106112566e-07,0.38309049999998024
method-031,8,Random,OriginalOrder,100,0,1265,91.1,1277,91.1,2368,9.4,0.0,81.69999999999999,81.69999999999999,0.0,4.290000015316764e-05,1.0000030670198612e-07,0.6604062999999769
method-031,9,Random,OriginalOrder,100,0,1265,69.3,1265,69.3,1580,7.6,0.0,61.699999999999996,61.699999999999996,0.0,4.260000014255638e-05,2.0000015865662135e-07,0.5325147000003199
method-031,10,Random,OriginalOrder,100,0,1265,80.5,1265,80.5,4934,21.1,0.0,59.4,59.4,0.0,4.0100000205711694e-05,4.000003173132427e-07,0.5125630000002275
method-032,1,Random,MarginalGainPredictor,100,0,1265,85.8,1265,85.8,1265,85.8,0.0,0.0,0.0,0.0,4.149999995206599e-05,0.0004843000001528708,0.36648399999967296
method-032,2,Random,MarginalGainPredictor,100,0,3519,58.5,3519,58.5,410,50.6,0.0,7.899999999999999,7.899999999999999,0.0,5.0600000122358324e-05,0.0006108999996286002,0.32897410000032323
method-032,3,Random,MarginalGainPredictor,100,0,9070,55.0,1807,42.6,1807,42.6,12.399999999999999,0.0,12.399999999999999,0.0,4.999999964638846e-05,0.0008826999996927043,0.417258700000275
method-032,4,Random,MarginalGainPredictor,100,0,310,46.9,228,46.4,985,32.6,0.5,13.799999999999997,14.299999999999997,0.0,4.1000000237545464e-05,0.0013613999999506632,0.4777132999997775
method-032,5,Random,MarginalGainPredictor,100,0,228,56.9,228,56.9,310,46.9,0.0,10.0,10.0,0.0,3.969999988839845e-05,0.001394599999912316,0.38166769999997996
method-032,6,Random,MarginalGainPredictor,100,0,3519,57.6,3519,57.6,2216,32.5,0.0,25.1,25.1,0.0,3.930000002583256e-05,0.0016132000000652624,0.3956748999999036
method-032,7,Random,MarginalGainPredictor,100,0,3519,51.5,3519,51.5,1277,0.0,0.0,51.5,51.5,0.0,4.1199999941454735e-05,0.001434600000266073,0.5066547999999784
method-032,8,Random,MarginalGainPredictor,100,0,228,51.3,3519,45.8,7995,13.2,5.5,32.599999999999994,38.099999999999994,0.0,5.2099999720667256e-05,0.0014280000000326254,0.5477580999995553
method-032,9,Random,MarginalGainPredictor,100,0,228,65.8,5753,37.3,916,12.8,28.5,24.499999999999996,53.0,3.552713678800501e-15,7.099999993442907e-05,0.0013245999998616753,0.4794491000002381
method-032,10,Random,MarginalGainPredictor,100,0,228,57.5,3519,42.5,820,17.1,15.0,25.4,40.4,0.0,4.160000025876798e-05,0.001401399999849673,0.4022875999999087
method-033,1,Random,OriginalOrder,10,1,1265,85.8,2216,32.9,181,25.9,52.9,7.0,59.9,0.0,4.949999993186793e-05,2.0000015865662135e-07,0.36648399999967296
method-033,2,Random,OriginalOrder,10,1,1265,88.1,3078,22.2,12381,6.5,65.89999999999999,15.7,81.6,3.552713678800501e-15,5.719999990105862e-05,2.0000015865662135e-07,0.531688000000031
method-033,3,Random,OriginalOrder,10,1,1265,100.4,7123,26.5,547,17.8,73.9,8.7,82.60000000000001,3.552713678800501e-15,3.990000004705507e-05,2.0000015865662135e-07,0.37895830000024944
method-033,4,Random,OriginalOrder,10,1,1265,83.6,1920,36.6,7995,12.6,46.99999999999999,24.0,71.0,7.105427357601002e-15,5.0099999953090446e-05,1.0000030670198612e-07,0.39483689999997296
method-033,5,Random,OriginalOrder,10,1,1265,91.3,1265,91.3,7993,8.0,0.0,83.3,83.3,0.0,3.9199999719130574e-05,2.0000015865662135e-07,0.4950181000003795
method-033,6,Random,OriginalOrder,10,1,1265,82.4,2021,28.7,12380,4.8,53.7,23.9,77.60000000000001,7.105427357601002e-15,4.200000012133387e-05,1.9999970390927047e-07,0.5126498999998148
method-033,7,Random,OriginalOrder,10,1,1265,81.0,228,42.2,657,7.2,38.8,35.0,73.8,0.0,3.930000002583256e-05,1.9999970390927047e-07,0.3808066999999937
method-033,8,Random,OriginalOrder,10,1,1265,89.0,1277,89.0,2034,10.4,0.0,78.6,78.6,0.0,4.080000007888884e-05,2.0000015865662135e-07,0.5702702000003228
method-033,9,Random,OriginalOrder,10,1,1265,66.9,4934,22.5,4934,22.5,44.400000000000006,0.0,44.400000000000006,0.0,5.6599999879836105e-05,1.9999970390927047e-07,0.3979605999998057
method-033,10,Random,OriginalOrder,10,1,1265,89.3,1277,89.3,1943,9.4,0.0,79.89999999999999,79.89999999999999,0.0,4.4099999740865314e-05,2.0000015865662135e-07,0.49160829999982525
method-034,1,Random,MarginalGainPredictor,10,1,1265,85.8,2216,32.9,2216,32.9,52.9,0.0,52.9,0.0,4.949999993186793e-05,0.00037429999974847306,0.36648399999967296
method-034,2,Random,MarginalGainPredictor,10,1,1265,88.1,6158,15.6,2014,12.5,72.5,3.0999999999999996,75.6,-5.329070518200751e-15,4.1400000100111356e-05,0.0012642000001505949,0.3242347000000336
method-034,3,Random,MarginalGainPredictor,10,1,1265,98.1,7123,26.5,6314,9.9,71.6,16.6,88.19999999999999,-7.105427357601002e-15,4.149999995206599e-05,0.001319599999987986,0.4234380999996574
method-034,4,Random,MarginalGainPredictor,10,1,1265,83.9,228,47.0,1439,24.3,36.900000000000006,22.7,59.60000000000001,3.552713678800501e-15,3.999999989900971e-05,0.001262499999938882,0.42931959999987157
method-034,5,Random,MarginalGainPredictor,10,1,1265,91.8,1265,91.8,1265,91.8,0.0,0.0,0.0,0.0,4.34999997196428e-05,0.0013266000000839995,0.3320017999999436
method-034,6,Random,MarginalGainPredictor,10,1,3519,58.7,181,22.4,1255,7.7,36.300000000000004,14.7,51.0,-3.552713678800501e-15,4.379999973025406e-05,0.0012259999998605053,0.3239877000000888
method-034,7,Random,MarginalGainPredictor,10,1,3519,49.3,8264,25.2,1352,16.4,24.099999999999998,8.8,32.9,0.0,4.3399999867688166e-05,0.0012105000000701693,0.4221652000001086
method-034,8,Random,MarginalGainPredictor,10,1,228,52.5,1140,30.9,4679,21.0,21.6,9.899999999999999,31.5,0.0,5.980000014460529e-05,0.0012216000000080385,0.38934459999973114
method-034,9,Random,MarginalGainPredictor,10,1,228,66.1,9070,36.0,9070,36.0,30.099999999999994,0.0,30.099999999999994,0.0,5.019999980504508e-05,0.0012745999997605395,0.44170119999989765
method-034,10,Random,MarginalGainPredictor,10,1,228,57.9,423,23.7,1978,22.6,34.2,1.0999999999999979,35.3,-3.552713678800501e-15,3.9399999877787195e-05,0.0012903000001642795,0.32241690000000744
method-035,1,Random,OriginalOrder,20,1,1265,85.8,9070,33.3,181,25.9,52.5,7.399999999999999,59.9,0.0,4.949999993186793e-05,1.9999970390927047e-07,0.36648399999967296
method-035,2,Random,OriginalOrder,20,1,1265,88.1,1807,33.6,12381,6.5,54.49999999999999,27.1,81.6,0.0,5.719999990105862e-05,3.000000106112566e-07,0.531688000000031
method-035,3,Random,OriginalOrder,20,1,1265,100.4,228,47.4,547,17.8,53.00000000000001,29.599999999999998,82.60000000000001,3.552713678800501e-15,3.990000004705507e-05,3.000000106112566e-07,0.37895830000024944
method-035,4,Random,OriginalOrder,20,1,1265,83.6,1920,36.6,7995,12.6,46.99999999999999,24.0,71.0,7.105427357601002e-15,5.0099999953090446e-05,2.0000015865662135e-07,0.39483689999997296
method-035,5,Random,OriginalOrder,20,1,1265,91.3,1265,91.3,7993,8.0,0.0,83.3,83.3,0.0,3.9199999719130574e-05,3.000000106112566e-07,0.4950181000003795
method-035,6,Random,OriginalOrder,20,1,1265,82.4,2021,28.7,12380,4.8,53.7,23.9,77.60000000000001,7.105427357601002e-15,4.200000012133387e-05,4.000003173132427e-07,0.5126498999998148
method-035,7,Random,OriginalOrder,20,1,1265,81.0,228,42.2,657,7.2,38.8,35.0,73.8,0.0,3.930000002583256e-05,3.000000106112566e-07,0.3808066999999937
method-035,8,Random,OriginalOrder,20,1,1265,89.0,1277,89.0,2034,10.4,0.0,78.6,78.6,0.0,4.080000007888884e-05,3.000000106112566e-07,0.5702702000003228
method-035,9,Random,OriginalOrder,20,1,1265,66.9,228,58.2,4934,22.5,8.700000000000003,35.7,44.400000000000006,0.0,5.6599999879836105e-05,3.000000106112566e-07,0.3979605999998057
method-035,10,Random,OriginalOrder,20,1,1265,89.3,1277,89.3,1943,9.4,0.0,79.89999999999999,79.89999999999999,0.0,4.4099999740865314e-05,3.000000106112566e-07,0.49160829999982525
method-036,1,Random,MarginalGainPredictor,20,1,1265,85.8,9070,33.3,2216,32.9,52.5,0.3999999999999986,52.9,0.0,4.949999993186793e-05,0.00040300000000570435,0.36648399999967296
method-036,2,Random,MarginalGainPredictor,20,1,1265,88.1,1807,34.2,1807,34.2,53.89999999999999,0.0,53.89999999999999,0.0,4.1400000100111356e-05,0.0006098000003476045,0.3242347000000336
method-036,3,Random,MarginalGainPredictor,20,1,1265,94.4,7123,26.4,3078,19.4,68.0,7.0,75.0,0.0,4.059999992023222e-05,0.0012794999997822742,0.3841019999999844
method-036,4,Random,MarginalGainPredictor,20,1,1265,83.1,1277,83.1,1277,83.1,0.0,0.0,0.0,0.0,4.020000005766633e-05,0.0012328000002526096,0.38660980000031486
method-036,5,Random,MarginalGainPredictor,20,1,228,56.9,1439,30.1,1265,0.0,26.799999999999997,30.1,56.9,0.0,4.859999990003416e-05,0.0012220000003253517,0.46905390000029
method-036,6,Random,MarginalGainPredictor,20,1,3519,60.1,4679,23.3,3916,21.7,36.8,1.6000000000000014,38.400000000000006,7.105427357601002e-15,4.0100000205711694e-05,0.0012850000002799788,0.4771117000000231
method-036,7,Random,MarginalGainPredictor,20,1,3519,52.7,8264,25.4,1352,14.3,27.300000000000004,11.099999999999998,38.400000000000006,3.552713678800501e-15,4.780000017490238e-05,0.0012446999999156105,0.39132629999994606
method-036,8,Random,MarginalGainPredictor,20,1,228,52.2,2442,17.0,916,5.4,35.2,11.6,46.800000000000004,1.7763568394002505e-15,5.850000025020563e-05,0.001264900000023772,0.49379850000013903
method-036,9,Random,MarginalGainPredictor,20,1,228,66.7,692,25.1,692,25.1,41.6,0.0,41.6,0.0,5.4399999953602673e-05,0.0014320000000225264,0.55016680000017
method-036,10,Random,MarginalGainPredictor,20,1,228,56.9,985,30.6,985,30.6,26.299999999999997,0.0,26.299999999999997,0.0,3.979999974035309e-05,0.001310399999965739,0.4593817999998464
method-037,1,Random,OriginalOrder,50,1,1265,85.8,9070,33.3,181,25.9,52.5,7.399999999999999,59.9,0.0,4.949999993186793e-05,1.9999970390927047e-07,0.36648399999967296
method-037,2,Random,OriginalOrder,50,1,1265,88.1,647,46.8,12381,6.5,41.3,40.3,81.6,0.0,5.719999990105862e-05,2.0000015865662135e-07,0.531688000000031
method-037,3,Random,OriginalOrder,50,1,1265,100.4,9070,57.1,547,17.8,43.300000000000004,39.3,82.60000000000001,7.105427357601002e-15,3.990000004705507e-05,3.000000106112566e-07,0.37895830000024944
method-037,4,Random,OriginalOrder,50,1,1265,83.6,228,46.8,7995,12.6,36.8,34.199999999999996,71.0,7.105427357601002e-15,5.0099999953090446e-05,1.9999970390927047e-07,0.39483689999997296
method-037,5,Random,OriginalOrder,50,1,1265,91.3,1265,91.3,7993,8.0,0.0,83.3,83.3,0.0,3.9199999719130574e-05,3.000000106112566e-07,0.4950181000003795
method-037,6,Random,OriginalOrder,50,1,1265,82.4,3519,55.3,12380,4.8,27.10000000000001,50.5,77.60000000000001,0.0,4.200000012133387e-05,1.9999970390927047e-07,0.5126498999998148
method-037,7,Random,OriginalOrder,50,1,1265,81.0,1265,81.0,657,7.2,0.0,73.8,73.8,0.0,3.930000002583256e-05,8.000001798791345e-07,0.3808066999999937
method-037,8,Random,OriginalOrder,50,1,1265,89.0,1277,89.0,2034,10.4,0.0,78.6,78.6,0.0,4.080000007888884e-05,7.000003279244993e-07,0.5702702000003228
method-037,9,Random,OriginalOrder,50,1,1265,66.9,1265,66.9,4934,22.5,0.0,44.400000000000006,44.400000000000006,0.0,5.6599999879836105e-05,3.000000106112566e-07,0.3979605999998057
method-037,10,Random,OriginalOrder,50,1,1265,89.3,1277,89.3,1943,9.4,0.0,79.89999999999999,79.89999999999999,0.0,4.4099999740865314e-05,1.9999970390927047e-07,0.49160829999982525
method-038,1,Random,MarginalGainPredictor,50,1,1265,85.8,9070,33.3,2216,32.9,52.5,0.3999999999999986,52.9,0.0,4.949999993186793e-05,0.0004104999998162384,0.36648399999967296
method-038,2,Random,MarginalGainPredictor,50,1,1265,88.1,647,46.9,1807,34.2,41.199999999999996,12.699999999999996,53.89999999999999,0.0,4.1400000100111356e-05,0.0005808999999317166,0.3242347000000336
method-038,3,Random,MarginalGainPredictor,50,1,1265,94.4,9070,57.1,410,46.8,37.300000000000004,10.300000000000004,47.60000000000001,0.0,4.059999992023222e-05,0.0006696999998894171,0.3841019999999844
method-038,4,Random,MarginalGainPredictor,50,1,1265,83.1,1920,36.3,1249,19.3,46.8,16.999999999999996,63.8,3.552713678800501e-15,4.0499999613530235e-05,0.0012837000003855792,0.4757099000003109
method-038,5,Random,MarginalGainPredictor,50,1,1265,84.3,1265,84.3,1265,84.3,0.0,0.0,0.0,0.0,4.0099999750964344e-05,0.001382599999942613,0.4855520000000979
method-038,6,Random,MarginalGainPredictor,50,1,3519,60.2,228,51.9,916,15.6,8.300000000000004,36.3,44.6,0.0,3.90000000152213e-05,0.0012988000003133493,0.3973117000000457
method-038,7,Random,MarginalGainPredictor,50,1,3519,52.5,228,42.2,820,19.5,10.299999999999997,22.700000000000003,33.0,0.0,4.309999985707691e-05,0.0012471999998524552,0.4778009999999995
method-038,8,Random,MarginalGainPredictor,50,1,228,51.6,7123,38.6,1816,0.0,13.0,38.6,51.6,0.0,4.090000038559083e-05,0.0012333999998190848,0.4537651000000551
method-038,9,Random,MarginalGainPredictor,50,1,228,66.0,3519,54.6,985,34.5,11.399999999999999,20.1,31.5,0.0,4.080000007888884e-05,0.0012407999997776642,0.4139212999998563
method-038,10,Random,MarginalGainPredictor,50,1,228,57.5,5753,41.9,1439,19.2,15.600000000000001,22.7,38.3,-3.552713678800501e-15,3.969999988839845e-05,0.0013036999998803367,0.3975900999998885
method-039,1,Random,OriginalOrder,100,1,1265,85.8,9070,33.3,181,25.9,52.5,7.399999999999999,59.9,0.0,4.949999993186793e-05,2.0000015865662135e-07,0.36648399999967296
method-039,2,Random,OriginalOrder,100,1,1265,88.1,1265,88.1,12381,6.5,0.0,81.6,81.6,0.0,5.719999990105862e-05,2.0000015865662135e-07,0.531688000000031
method-039,3,Random,OriginalOrder,100,1,1265,100.4,1265,100.4,547,17.8,0.0,82.60000000000001,82.60000000000001,0.0,3.990000004705507e-05,2.0000015865662135e-07,0.37895830000024944
method-039,4,Random,OriginalOrder,100,1,1265,83.6,1277,83.6,7995,12.6,0.0,71.0,71.0,0.0,5.0099999953090446e-05,3.000000106112566e-07,0.39483689999997296
method-039,5,Random,OriginalOrder,100,1,1265,91.3,1265,91.3,7993,8.0,0.0,83.3,83.3,0.0,3.9199999719130574e-05,3.000000106112566e-07,0.4950181000003795
method-039,6,Random,OriginalOrder,100,1,1265,82.4,1277,82.4,12380,4.8,0.0,77.60000000000001,77.60000000000001,0.0,4.200000012133387e-05,3.000000106112566e-07,0.5126498999998148
method-039,7,Random,OriginalOrder,100,1,1265,81.0,1265,81.0,657,7.2,0.0,73.8,73.8,0.0,3.930000002583256e-05,3.999998625658918e-07,0.3808066999999937
method-039,8,Random,OriginalOrder,100,1,1265,89.0,1277,89.0,2034,10.4,0.0,78.6,78.6,0.0,4.080000007888884e-05,2.0000015865662135e-07,0.5702702000003228
method-039,9,Random,OriginalOrder,100,1,1265,66.9,1265,66.9,4934,22.5,0.0,44.400000000000006,44.400000000000006,0.0,5.6599999879836105e-05,2.0000015865662135e-07,0.3979605999998057
method-039,10,Random,OriginalOrder,100,1,1265,89.3,1277,89.3,1943,9.4,0.0,79.89999999999999,79.89999999999999,0.0,4.4099999740865314e-05,4.000003173132427e-07,0.49160829999982525
method-040,1,Random,MarginalGainPredictor,100,1,1265,85.8,9070,33.3,2216,32.9,52.5,0.3999999999999986,52.9,0.0,4.949999993186793e-05,0.0004450000001270382,0.36648399999967296
method-040,2,Random,MarginalGainPredictor,100,1,1265,88.1,1265,88.1,1265,88.1,0.0,0.0,0.0,0.0,4.1400000100111356e-05,0.0005866000001333305,0.3242347000000336
method-040,3,Random,MarginalGainPredictor,100,1,9070,57.1,9070,57.1,410,43.3,0.0,13.800000000000004,13.800000000000004,0.0,4.040000021632295e-05,0.0013458999997055798,0.46923489999971935
method-040,4,Random,MarginalGainPredictor,100,1,310,47.0,1920,36.2,1807,28.0,10.799999999999997,8.200000000000003,19.0,0.0,4.089999993084348e-05,0.0013556999997490493,0.47899839999990945
method-040,5,Random,MarginalGainPredictor,100,1,228,56.9,892,38.9,820,16.3,18.0,22.599999999999998,40.599999999999994,-3.552713678800501e-15,3.879999985656468e-05,0.0013941999995950027,0.4103307999998833
method-040,6,Random,MarginalGainPredictor,100,1,3519,60.0,228,51.9,310,38.1,8.100000000000001,13.799999999999997,21.9,0.0,5.3200000365905e-05,0.001556199999868113,0.4874777999998514
method-040,7,Random,MarginalGainPredictor,100,1,3519,51.3,228,42.2,985,29.9,9.099999999999994,12.300000000000004,21.4,0.0,3.9399999877787195e-05,0.0013561000000663626,0.4729290000000219
method-040,8,Random,MarginalGainPredictor,100,1,228,51.3,228,51.3,916,5.4,0.0,45.9,45.9,0.0,4.239999998389976e-05,0.001119999999900756,0.5341846999999689
method-040,9,Random,MarginalGainPredictor,100,1,228,65.8,228,65.8,1249,13.7,0.0,52.099999999999994,52.099999999999994,0.0,4.169999965597526e-05,0.0013324999999895226,0.49365839999973105
method-040,10,Random,MarginalGainPredictor,100,1,228,57.5,228,57.5,1277,0.0,0.0,57.5,57.5,0.0,3.839999999399879e-05,0.0017591999999240215,0.48642819999986386
method-041,1,Random,OriginalOrder,10,2,1265,85.8,5753,42.8,985,30.6,43.0,12.199999999999996,55.199999999999996,0.0,5.0799999826267594e-05,9.999985195463523e-08,0.36648399999967296
method-041,2,Random,OriginalOrder,10,2,1265,88.1,410,50.6,2442,20.2,37.49999999999999,30.400000000000002,67.89999999999999,-3.552713678800501e-15,4.149999995206599e-05,9.999985195463523e-08,0.4775958999998693
method-041,3,Random,OriginalOrder,10,2,1265,100.2,1140,29.3,2717,22.6,70.9,6.699999999999999,77.6,-1.0658141036401503e-14,4.0500000068277586e-05,2.0000015865662135e-07,0.4786076000000321
method-041,4,Random,OriginalOrder,10,2,1265,84.9,410,48.2,4758,12.2,36.7,36.0,72.7,0.0,4.040000021632295e-05,1.9999970390927047e-07,0.3868646000000808
method-041,5,Random,OriginalOrder,10,2,1265,88.4,1265,88.4,7993,8.3,0.0,80.10000000000001,80.10000000000001,0.0,5.700000019714935e-05,3.999998625658918e-07,0.4902814000001854
method-041,6,Random,OriginalOrder,10,2,1265,86.9,7995,23.0,1785,20.0,63.900000000000006,3.0,66.9,0.0,3.9600000036443816e-05,1.9999970390927047e-07,0.3743666000000303
method-041,7,Random,OriginalOrder,10,2,1265,81.6,181,33.0,2122,17.6,48.599999999999994,15.399999999999999,63.99999999999999,0.0,3.97000003431458e-05,1.9999970390927047e-07,0.3978844000002937
method-041,8,Random,OriginalOrder,10,2,1265,91.2,1265,91.2,2368,9.4,0.0,81.8,81.8,0.0,4.289999969842029e-05,2.0000015865662135e-07,0.40192879999995057
method-041,9,Random,OriginalOrder,10,2,1265,71.4,310,44.6,2146,14.8,26.800000000000004,29.8,56.60000000000001,3.552713678800501e-15,4.2299999677197775e-05,6.000000212225132e-07,0.42147460000023784
method-041,10,Random,OriginalOrder,10,2,1265,90.9,1140,27.6,58,5.7,63.300000000000004,21.900000000000002,85.2,-3.552713678800501e-15,3.789999982473091e-05,9.999985195463523e-08,0.37261639999996987
method-042,1,Random,MarginalGainPredictor,10,2,1265,85.8,5753,42.8,985,30.6,43.0,12.199999999999996,55.199999999999996,0.0,5.0799999826267594e-05,0.00036980000004405156,0.36648399999967296
method-042,2,Random,MarginalGainPredictor,10,2,1265,88.1,410,50.6,410,50.6,37.49999999999999,0.0,37.49999999999999,0.0,4.149999995206599e-05,0.001184700000067096,0.4775958999998693
method-042,3,Random,MarginalGainPredictor,10,2,1265,97.0,1140,29.2,1423,18.1,67.8,11.099999999999998,78.9,1.0658141036401503e-14,4.3900000036956044e-05,0.0013139000002411194,0.3225440000001072
method-042,4,Random,MarginalGainPredictor,10,2,1265,80.4,1265,80.4,1265,80.4,0.0,0.0,0.0,0.0,3.930000002583256e-05,0.0012479000001803797,0.4284855000000789
method-042,5,Random,MarginalGainPredictor,10,2,228,56.9,12802,21.6,1277,0.0,35.3,21.6,56.9,0.0,3.950000018448918e-05,0.0013355999999475898,0.3206057000002147
method-042,6,Random,MarginalGainPredictor,10,2,3519,61.3,3810,14.7,4305,11.4,46.599999999999994,3.299999999999999,49.9,5.329070518200751e-15,3.979999974035309e-05,0.0012208000002829067,0.43322019999959593
method-042,7,Random,MarginalGainPredictor,10,2,3519,51.2,1807,36.3,1807,36.3,14.900000000000006,0.0,14.900000000000006,0.0,4.040000021632295e-05,0.0012292999999772292,0.42401939999990645
method-042,8,Random,MarginalGainPredictor,10,2,228,51.6,656,25.4,1249,14.7,26.200000000000003,10.7,36.900000000000006,3.552713678800501e-15,5.120000014358084e-05,0.001276500000130909,0.4911974999999984
method-042,9,Random,MarginalGainPredictor,10,2,228,66.0,656,23.9,1352,22.7,42.1,1.1999999999999993,43.3,-3.552713678800501e-15,6.619999976464896e-05,0.0012369000000944652,0.4479718000002322
method-042,10,Random,MarginalGainPredictor,10,2,228,57.4,5753,41.7,5753,41.7,15.699999999999996,0.0,15.699999999999996,0.0,3.909999986717594e-05,0.0012194999999337597,0.44246659999998883
method-043,1,Random,OriginalOrder,20,2,1265,85.8,5753,42.8,985,30.6,43.0,12.199999999999996,55.199999999999996,0.0,5.0799999826267594e-05,2.0000015865662135e-07,0.36648399999967296
method-043,2,Random,OriginalOrder,20,2,1265,88.1,410,50.6,2442,20.2,37.49999999999999,30.400000000000002,67.89999999999999,-3.552713678800501e-15,4.149999995206599e-05,3.000000106112566e-07,0.4775958999998693
method-043,3,Random,OriginalOrder,20,2,1265,100.2,2477,31.2,2717,22.6,69.0,8.599999999999998,77.6,-3.552713678800501e-15,4.0500000068277586e-05,1.9999970390927047e-07,0.4786076000000321
method-043,4,Random,OriginalOrder,20,2,1265,84.9,410,48.2,4758,12.2,36.7,36.0,72.7,0.0,4.040000021632295e-05,2.0000015865662135e-07,0.3868646000000808
method-043,5,Random,OriginalOrder,20,2,1265,88.4,1265,88.4,7993,8.3,0.0,80.10000000000001,80.10000000000001,0.0,5.700000019714935e-05,3.000000106112566e-07,0.4902814000001854
method-043,6,Random,OriginalOrder,20,2,1265,86.9,4285,23.2,1785,20.0,63.7,3.1999999999999993,66.9,3.552713678800501e-15,3.9600000036443816e-05,2.0000015865662135e-07,0.3743666000000303
method-043,7,Random,OriginalOrder,20,2,1265,81.6,310,35.8,2122,17.6,45.8,18.199999999999996,63.99999999999999,0.0,3.97000003431458e-05,2.0000015865662135e-07,0.3978844000002937
method-043,8,Random,OriginalOrder,20,2,1265,91.2,1265,91.2,2368,9.4,0.0,81.8,81.8,0.0,4.289999969842029e-05,3.000000106112566e-07,0.40192879999995057
method-043,9,Random,OriginalOrder,20,2,1265,71.4,310,44.6,2146,14.8,26.800000000000004,29.8,56.60000000000001,3.552713678800501e-15,4.2299999677197775e-05,3.000000106112566e-07,0.42147460000023784
method-043,10,Random,OriginalOrder,20,2,1265,90.9,1140,27.6,58,5.7,63.300000000000004,21.900000000000002,85.2,-3.552713678800501e-15,3.789999982473091e-05,3.000000106112566e-07,0.37261639999996987
method-044,1,Random,MarginalGainPredictor,20,2,1265,85.8,5753,42.8,985,30.6,43.0,12.199999999999996,55.199999999999996,0.0,5.0799999826267594e-05,0.00040570000010120566,0.36648399999967296
method-044,2,Random,MarginalGainPredictor,20,2,1265,88.1,410,50.6,410,50.6,37.49999999999999,0.0,37.49999999999999,0.0,4.149999995206599e-05,0.0005038999997850624,0.4775958999998693
method-044,3,Random,MarginalGainPredictor,20,2,1265,97.0,1140,29.2,1423,18.1,67.8,11.099999999999998,78.9,1.0658141036401503e-14,4.3900000036956044e-05,0.0005869999999958964,0.3225440000001072
method-044,4,Random,MarginalGainPredictor,20,2,1265,80.4,1265,80.4,1265,80.4,0.0,0.0,0.0,0.0,3.930000002583256e-05,0.0006536999999298132,0.4284855000000789
method-044,5,Random,MarginalGainPredictor,20,2,228,56.9,9070,33.3,1277,0.0,23.6,33.3,56.9,0.0,3.950000018448918e-05,0.0006787999996049621,0.3206057000002147
method-044,6,Random,MarginalGainPredictor,20,2,3519,61.3,4172,16.5,679,14.7,44.8,1.8000000000000007,46.599999999999994,-3.552713678800501e-15,3.979999974035309e-05,0.0005298999999467924,0.43322019999959593
method-044,7,Random,MarginalGainPredictor,20,2,3519,51.3,228,42.1,1807,37.4,9.199999999999996,4.700000000000003,13.899999999999999,0.0,3.9200000173877925e-05,0.0012616000003617955,0.3865069999997104
method-044,8,Random,MarginalGainPredictor,20,2,228,51.6,2122,27.1,1249,14.7,24.5,12.400000000000002,36.900000000000006,3.552713678800501e-15,4.220000027999049e-05,0.0010750999999800115,0.427308499999981
method-044,9,Random,MarginalGainPredictor,20,2,228,66.0,2021,34.1,2216,32.1,31.9,2.0,33.9,0.0,3.930000002583256e-05,0.0012904999998681888,0.39036239999995814
method-044,10,Random,MarginalGainPredictor,20,2,228,57.4,5753,41.9,5753,41.9,15.5,0.0,15.5,0.0,3.779999997277628e-05,0.0012891000001218345,0.5025661999998192
method-045,1,Random,OriginalOrder,50,2,1265,85.8,1277,85.8,985,30.6,0.0,55.199999999999996,55.199999999999996,0.0,5.0799999826267594e-05,2.0000015865662135e-07,0.36648399999967296
method-045,2,Random,OriginalOrder,50,2,1265,88.1,410,50.6,2442,20.2,37.49999999999999,30.400000000000002,67.89999999999999,-3.552713678800501e-15,4.149999995206599e-05,1.9999970390927047e-07,0.4775958999998693
method-045,3,Random,OriginalOrder,50,2,1265,100.2,3519,55.7,2717,22.6,44.5,33.1,77.6,-7.105427357601002e-15,4.0500000068277586e-05,1.9999970390927047e-07,0.4786076000000321
method-045,4,Random,OriginalOrder,50,2,1265,84.9,410,48.2,4758,12.2,36.7,36.0,72.7,0.0,4.040000021632295e-05,1.9999970390927047e-07,0.3868646000000808
method-045,5,Random,OriginalOrder,50,2,1265,88.4,1265,88.4,7993,8.3,0.0,80.10000000000001,80.10000000000001,0.0,5.700000019714935e-05,3.000000106112566e-07,0.4902814000001854
method-045,6,Random,OriginalOrder,50,2,1265,86.9,7123,30.5,1785,20.0,56.400000000000006,10.5,66.9,0.0,3.9600000036443816e-05,1.9999970390927047e-07,0.3743666000000303
method-045,7,Random,OriginalOrder,50,2,1265,81.6,228,42.1,2122,17.6,39.49999999999999,24.5,63.99999999999999,0.0,3.97000003431458e-05,2.0000015865662135e-07,0.3978844000002937
method-045,8,Random,OriginalOrder,50,2,1265,91.2,1265,91.2,2368,9.4,0.0,81.8,81.8,0.0,4.289999969842029e-05,1.9999970390927047e-07,0.40192879999995057
method-045,9,Random,OriginalOrder,50,2,1265,71.4,1265,71.4,2146,14.8,0.0,56.60000000000001,56.60000000000001,0.0,4.2299999677197775e-05,1.9999970390927047e-07,0.42147460000023784
method-045,10,Random,OriginalOrder,50,2,1265,90.9,2216,28.7,58,5.7,62.2,23.0,85.2,0.0,3.789999982473091e-05,3.000000106112566e-07,0.37261639999996987
method-046,1,Random,MarginalGainPredictor,50,2,1265,85.8,1277,85.8,410,51.7,0.0,34.099999999999994,34.099999999999994,0.0,5.0799999826267594e-05,0.0004019000002699613,0.36648399999967296
method-046,2,Random,MarginalGainPredictor,50,2,1265,88.1,1265,88.1,1265,88.1,0.0,0.0,0.0,0.0,4.070000022693421e-05,0.001307499999711581,0.4095220999997764
method-046,3,Random,MarginalGainPredictor,50,2,9070,55.0,228,47.4,310,42.2,7.600000000000001,5.199999999999996,12.799999999999997,0.0,4.069999977218686e-05,0.0013312999999470776,0.4813039000000572
method-046,4,Random,MarginalGainPredictor,50,2,228,46.4,1920,35.0,985,32.5,11.399999999999999,2.5,13.899999999999999,0.0,3.979999974035309e-05,0.0013656999999511754,0.3937657000001309
method-046,5,Random,MarginalGainPredictor,50,2,228,56.9,228,56.9,1277,0.0,0.0,56.9,56.9,0.0,4.020000005766633e-05,0.001305300000240095,0.47393730000021606
method-046,6,Random,MarginalGainPredictor,50,2,3519,59.5,647,38.1,6314,11.1,21.4,27.0,48.4,0.0,3.950000018448918e-05,0.0013467999997374136,0.4748313000000053
method-046,7,Random,MarginalGainPredictor,50,2,3519,52.5,3519,52.5,1807,37.0,0.0,15.5,15.5,0.0,5.4399999953602673e-05,0.0015366000002359215,0.5994009000000915
method-046,8,Random,MarginalGainPredictor,50,2,228,51.3,228,51.3,1249,14.7,0.0,36.599999999999994,36.599999999999994,0.0,4.0500000068277586e-05,0.0012714999998024723,0.555489999999736
method-046,9,Random,MarginalGainPredictor,50,2,228,65.8,2021,33.3,916,13.5,32.5,19.799999999999997,52.3,0.0,4.059999992023222e-05,0.001367500000014843,0.49054089999981443
method-046,10,Random,MarginalGainPredictor,50,2,228,57.5,5753,41.1,1352,11.7,16.4,29.400000000000002,45.8,-3.552713678800501e-15,4.0100000205711694e-05,0.00126239999963218,0.39034910000009404
method-047,1,Random,OriginalOrder,100,2,1265,85.8,1277,85.8,985,30.6,0.0,55.199999999999996,55.199999999999996,0.0,5.0799999826267594e-05,9.999985195463523e-08,0.36648399999967296
method-047,2,Random,OriginalOrder,100,2,1265,88.1,1277,88.1,2442,20.2,0.0,67.89999999999999,67.89999999999999,0.0,4.149999995206599e-05,3.000000106112566e-07,0.4775958999998693
method-047,3,Random,OriginalOrder,100,2,1265,100.2,1265,100.2,2717,22.6,0.0,77.6,77.6,0.0,4.0500000068277586e-05,2.0000015865662135e-07,0.4786076000000321
method-047,4,Random,OriginalOrder,100,2,1265,84.9,410,48.2,4758,12.2,36.7,36.0,72.7,0.0,4.040000021632295e-05,3.000000106112566e-07,0.3868646000000808
method-047,5,Random,OriginalOrder,100,2,1265,88.4,1265,88.4,7993,8.3,0.0,80.10000000000001,80.10000000000001,0.0,5.700000019714935e-05,3.999998625658918e-07,0.4902814000001854
method-047,6,Random,OriginalOrder,100,2,1265,86.9,310,42.3,1785,20.0,44.60000000000001,22.299999999999997,66.9,0.0,3.9600000036443816e-05,2.0000015865662135e-07,0.3743666000000303
method-047,7,Random,OriginalOrder,100,2,1265,81.6,228,42.1,2122,17.6,39.49999999999999,24.5,63.99999999999999,0.0,3.97000003431458e-05,3.999998625658918e-07,0.3978844000002937
method-047,8,Random,OriginalOrder,100,2,1265,91.2,1265,91.2,2368,9.4,0.0,81.8,81.8,0.0,4.289999969842029e-05,3.999998625658918e-07,0.40192879999995057
method-047,9,Random,OriginalOrder,100,2,1265,71.4,1265,71.4,2146,14.8,0.0,56.60000000000001,56.60000000000001,0.0,4.2299999677197775e-05,2.999995558639057e-07,0.42147460000023784
method-047,10,Random,OriginalOrder,100,2,1265,90.9,1265,90.9,58,5.7,0.0,85.2,85.2,0.0,3.789999982473091e-05,3.000000106112566e-07,0.37261639999996987
method-048,1,Random,MarginalGainPredictor,100,2,1265,85.8,1277,85.8,410,51.7,0.0,34.099999999999994,34.099999999999994,0.0,5.0799999826267594e-05,0.00045729999965260504,0.36648399999967296
method-048,2,Random,MarginalGainPredictor,100,2,1265,88.1,1265,88.1,1265,88.1,0.0,0.0,0.0,0.0,4.070000022693421e-05,0.0007475000002159504,0.4095220999997764
method-048,3,Random,MarginalGainPredictor,100,2,9070,55.0,9070,55.0,310,42.2,0.0,12.799999999999997,12.799999999999997,0.0,4.069999977218686e-05,0.0007295000000340224,0.4813039000000572
method-048,4,Random,MarginalGainPredictor,100,2,228,46.4,228,46.4,985,32.5,0.0,13.899999999999999,13.899999999999999,0.0,3.979999974035309e-05,0.0007394999997814011,0.3937657000001309
method-048,5,Random,MarginalGainPredictor,100,2,228,56.9,228,56.9,1277,0.0,0.0,56.9,56.9,0.0,4.020000005766633e-05,0.000713999999788939,0.47393730000021606
method-048,6,Random,MarginalGainPredictor,100,2,3519,59.5,3519,59.5,916,20.5,0.0,39.0,39.0,0.0,3.950000018448918e-05,0.0006146999999145919,0.4748313000000053
method-048,7,Random,MarginalGainPredictor,100,2,3519,52.2,3519,52.2,1807,34.1,0.0,18.1,18.1,0.0,3.950000018448918e-05,0.0012613999997483916,0.6011945000000196
method-048,8,Random,MarginalGainPredictor,100,2,228,51.3,7123,38.5,2216,28.7,12.799999999999997,9.8,22.599999999999998,0.0,4.089999993084348e-05,0.0013485999998010811,0.4566533999995954
method-048,9,Random,MarginalGainPredictor,100,2,228,65.8,228,65.8,1816,0.0,0.0,65.8,65.8,0.0,3.990000004705507e-05,0.0013813000000482134,0.5138637000000017
method-048,10,Random,MarginalGainPredictor,100,2,228,57.5,3519,43.6,820,17.1,13.899999999999999,26.5,40.4,0.0,4.399999988891068e-05,0.001389000000017404,0.4813924999998562
method-049,1,Random,OriginalOrder,10,3,1265,85.8,547,22.6,5454,20.9,63.199999999999996,1.7000000000000028,64.9,7.105427357601002e-15,4.779999972015503e-05,2.0000015865662135e-07,0.36648399999967296
method-049,2,Random,OriginalOrder,10,3,1265,86.2,9070,30.3,597,13.0,55.900000000000006,17.3,73.2,-3.552713678800501e-15,4.1000000237545464e-05,1.0000030670198612e-07,0.48050419999981386
method-049,3,Random,OriginalOrder,10,3,1265,98.7,228,47.2,802,5.4,51.5,41.800000000000004,93.3,-7.105427357601002e-15,3.999999989900971e-05,4.000003173132427e-07,0.3545977999997376
method-049,4,Random,OriginalOrder,10,3,1265,81.0,1277,81.0,7123,28.7,0.0,52.3,52.3,0.0,4.080000007888884e-05,1.9999970390927047e-07,0.46543629999996483
method-049,5,Random,OriginalOrder,10,3,1265,90.8,2216,27.8,2272,14.0,63.0,13.8,76.8,-3.552713678800501e-15,3.9199999719130574e-05,1.0000030670198612e-07,0.40474710000034975
method-049,6,Random,OriginalOrder,10,3,1265,80.2,1807,45.3,12382,3.1,34.900000000000006,42.199999999999996,77.10000000000001,7.105427357601002e-15,3.930000002583256e-05,1.0000030670198612e-07,0.3499264000001858
method-049,7,Random,OriginalOrder,10,3,1265,80.2,1816,23.2,1816,23.2,57.0,0.0,57.0,0.0,4.960000023856992e-05,2.0000015865662135e-07,0.3870296000000053
method-049,8,Random,OriginalOrder,10,3,1265,85.8,547,16.0,3700,15.6,69.8,0.40000000000000036,70.2,5.329070518200751e-15,4.3199999709031545e-05,2.0000015865662135e-07,0.504614599999968
method-049,9,Random,OriginalOrder,10,3,1265,67.3,228,66.7,228,66.7,0.5999999999999943,0.0,0.5999999999999943,0.0,4.03999997615756e-05,9.999985195463523e-08,0.42463520000001154
method-049,10,Random,OriginalOrder,10,3,1265,89.1,1978,22.8,2477,22.2,66.3,0.6000000000000014,66.89999999999999,-7.105427357601002e-15,4.0499999613530235e-05,3.000000106112566e-07,0.38316660000009506
method-050,1,Random,MarginalGainPredictor,10,3,1265,85.8,547,22.6,1255,11.1,63.199999999999996,11.500000000000002,74.7,5.329070518200751e-15,4.779999972015503e-05,0.00036730000010720687,0.36648399999967296
method-050,2,Random,MarginalGainPredictor,10,3,1265,85.0,9070,30.3,9070,30.3,54.7,0.0,54.7,0.0,4.1199999941454735e-05,0.0015699999999014835,0.42581479999989824
method-050,3,Random,MarginalGainPredictor,10,3,1265,96.8,7995,35.6,7995,35.6,61.199999999999996,0.0,61.199999999999996,0.0,3.859999969790806e-05,0.0012848000001213222,0.4172266000000491
method-050,4,Random,MarginalGainPredictor,10,3,1265,81.2,7123,28.5,3916,21.1,52.7,7.399999999999999,60.1,0.0,5.0999999984924216e-05,0.0011849000002257526,0.4276796999997714
method-050,5,Random,MarginalGainPredictor,10,3,1265,87.9,1818,13.1,699,9.8,74.80000000000001,3.299999999999999,78.10000000000001,-1.7763568394002505e-15,3.999999989900971e-05,0.0012705999997706385,0.4230456000000231
method-050,6,Random,MarginalGainPredictor,10,3,1265,83.1,1807,43.8,1807,43.8,39.3,0.0,39.3,0.0,4.1199999941454735e-05,0.0013854000003448164,0.4343516999997519
method-050,7,Random,MarginalGainPredictor,10,3,1265,80.0,5753,28.9,3078,21.0,51.1,7.899999999999999,59.0,0.0,3.969999988839845e-05,0.0012632000002668065,0.4261160999999447
method-050,8,Random,MarginalGainPredictor,10,3,1265,85.5,647,34.2,1249,14.8,51.3,19.400000000000002,70.7,3.552713678800501e-15,4.949999993186793e-05,0.0012510999999904016,0.3526288000002751
method-050,9,Random,MarginalGainPredictor,10,3,228,66.6,1352,22.6,1352,22.6,43.99999999999999,0.0,43.99999999999999,0.0,4.459999991013319e-05,0.001244600000063656,0.4540017999997872
method-050,10,Random,MarginalGainPredictor,10,3,1265,77.6,647,30.2,181,21.9,47.39999999999999,8.3,55.699999999999996,3.552713678800501e-15,4.2300000131945126e-05,0.0012086000001545472,0.43325210000011793
method-051,1,Random,OriginalOrder,20,3,1265,85.8,830,27.1,5454,20.9,58.699999999999996,6.200000000000003,64.9,7.105427357601002e-15,4.779999972015503e-05,1.0000030670198612e-07,0.36648399999967296
method-051,2,Random,OriginalOrder,20,3,1265,86.2,9070,30.3,597,13.0,55.900000000000006,17.3,73.2,-3.552713678800501e-15,4.1000000237545464e-05,7.000003279244993e-07,0.48050419999981386
method-051,3,Random,OriginalOrder,20,3,1265,98.7,228,47.2,802,5.4,51.5,41.800000000000004,93.3,-7.105427357601002e-15,3.999999989900971e-05,3.000000106112566e-07,0.3545977999997376
method-051,4,Random,OriginalOrder,20,3,1265,81.0,1277,81.0,7123,28.7,0.0,52.3,52.3,0.0,4.080000007888884e-05,1.9999970390927047e-07,0.46543629999996483
method-051,5,Random,OriginalOrder,20,3,1265,90.8,2216,27.8,2272,14.0,63.0,13.8,76.8,-3.552713678800501e-15,3.9199999719130574e-05,3.000000106112566e-07,0.40474710000034975
method-051,6,Random,OriginalOrder,20,3,1265,80.2,1807,45.3,12382,3.1,34.900000000000006,42.199999999999996,77.10000000000001,7.105427357601002e-15,3.930000002583256e-05,3.000000106112566e-07,0.3499264000001858
method-051,7,Random,OriginalOrder,20,3,1265,80.2,1807,37.6,1816,23.2,42.6,14.400000000000002,57.0,-3.552713678800501e-15,4.960000023856992e-05,3.000000106112566e-07,0.3870296000000053
method-051,8,Random,OriginalOrder,20,3,1265,85.8,1920,22.3,3700,15.6,63.5,6.700000000000001,70.2,1.7763568394002505e-15,4.3199999709031545e-05,3.000000106112566e-07,0.504614599999968
method-051,9,Random,OriginalOrder,20,3,1265,67.3,228,66.7,228,66.7,0.5999999999999943,0.0,0.5999999999999943,0.0,4.03999997615756e-05,3.000000106112566e-07,0.42463520000001154
method-051,10,Random,OriginalOrder,20,3,1265,89.1,1265,89.1,2477,22.2,0.0,66.89999999999999,66.89999999999999,0.0,4.0499999613530235e-05,1.9999970390927047e-07,0.38316660000009506
method-052,1,Random,MarginalGainPredictor,20,3,1265,85.8,830,27.1,820,19.4,58.699999999999996,7.700000000000003,66.4,7.105427357601002e-15,4.779999972015503e-05,0.0003913000000466127,0.36648399999967296
method-052,2,Random,MarginalGainPredictor,20,3,1265,87.9,9070,30.3,1816,15.4,57.60000000000001,14.9,72.5,-8.881784197001252e-15,4.149999995206599e-05,0.0012805999999727646,0.3929721999998037
method-052,3,Random,MarginalGainPredictor,20,3,1265,93.9,1277,93.9,1277,93.9,0.0,0.0,0.0,0.0,4.479999961404246e-05,0.0011955999998463085,0.4726490000002741
method-052,4,Random,MarginalGainPredictor,20,3,410,48.2,9070,27.9,9070,27.9,20.300000000000004,0.0,20.300000000000004,0.0,4.089999993084348e-05,0.0012635000002774177,0.380873700000393
method-052,5,Random,MarginalGainPredictor,20,3,228,56.9,4938,14.3,1255,7.6,42.599999999999994,6.700000000000001,49.3,1.7763568394002505e-15,4.739999985758914e-05,0.001289599999836355,0.3844807000000401
method-052,6,Random,MarginalGainPredictor,20,3,3519,59.7,3519,59.7,1807,14.9,0.0,44.800000000000004,44.800000000000004,0.0,3.870000000461005e-05,0.0012521000003289373,0.37813580000010916
method-052,7,Random,MarginalGainPredictor,20,3,3519,50.6,3078,21.0,3078,21.0,29.6,0.0,29.6,0.0,4.0099999750964344e-05,0.0012217999997119477,0.3809147000001758
method-052,8,Random,MarginalGainPredictor,20,3,228,52.2,647,33.8,1249,14.7,18.400000000000006,19.099999999999998,37.5,-3.552713678800501e-15,3.90000000152213e-05,0.0012570999997478793,0.5004046999997627
method-052,9,Random,MarginalGainPredictor,20,3,228,66.6,1352,22.9,7995,18.2,43.699999999999996,4.699999999999999,48.39999999999999,-3.552713678800501e-15,3.989999959230772e-05,0.001239999999597785,0.414743400000134
method-052,10,Random,MarginalGainPredictor,20,3,228,57.4,2216,28.7,1265,0.0,28.7,28.7,57.4,0.0,3.999999989900971e-05,0.0012859000003118126,0.387044799999785
method-053,1,Random,OriginalOrder,50,3,1265,85.8,228,51.8,5454,20.9,34.0,30.9,64.9,7.105427357601002e-15,4.779999972015503e-05,2.0000015865662135e-07,0.36648399999967296
method-053,2,Random,OriginalOrder,50,3,1265,86.2,410,50.5,597,13.0,35.7,37.5,73.2,0.0,4.1000000237545464e-05,1.9999970390927047e-07,0.48050419999981386
method-053,3,Random,OriginalOrder,50,3,1265,98.7,228,47.2,802,5.4,51.5,41.800000000000004,93.3,-7.105427357601002e-15,3.999999989900971e-05,2.0000015865662135e-07,0.3545977999997376
method-053,4,Random,OriginalOrder,50,3,1265,81.0,1277,81.0,7123,28.7,0.0,52.3,52.3,0.0,4.080000007888884e-05,3.000000106112566e-07,0.46543629999996483
method-053,5,Random,OriginalOrder,50,3,1265,90.8,228,57.0,2272,14.0,33.8,43.0,76.8,0.0,3.9199999719130574e-05,3.000000106112566e-07,0.40474710000034975
method-053,6,Random,OriginalOrder,50,3,1265,80.2,1807,45.3,12382,3.1,34.900000000000006,42.199999999999996,77.10000000000001,7.105427357601002e-15,3.930000002583256e-05,2.0000015865662135e-07,0.3499264000001858
method-053,7,Random,OriginalOrder,50,3,1265,80.2,9070,46.8,1816,23.2,33.400000000000006,23.599999999999998,57.0,-3.552713678800501e-15,4.960000023856992e-05,3.000000106112566e-07,0.3870296000000053
method-053,8,Random,OriginalOrder,50,3,1265,85.8,228,52.1,3700,15.6,33.699999999999996,36.5,70.2,7.105427357601002e-15,4.3199999709031545e-05,3.000000106112566e-07,0.504614599999968
method-053,9,Random,OriginalOrder,50,3,1265,67.3,228,66.7,228,66.7,0.5999999999999943,0.0,0.5999999999999943,0.0,4.03999997615756e-05,3.999998625658918e-07,0.42463520000001154
method-053,10,Random,OriginalOrder,50,3,1265,89.1,1265,89.1,2477,22.2,0.0,66.89999999999999,66.89999999999999,0.0,4.0499999613530235e-05,1.9999970390927047e-07,0.38316660000009506
method-054,1,Random,MarginalGainPredictor,50,3,1265,85.8,228,51.8,410,51.7,34.0,0.09999999999999432,34.099999999999994,0.0,4.779999972015503e-05,0.00041880000026139896,0.36648399999967296
method-054,2,Random,MarginalGainPredictor,50,3,1265,88.1,1265,88.1,1265,88.1,0.0,0.0,0.0,0.0,5.069999997431296e-05,0.0007058000001052278,0.4095220999997764
method-054,3,Random,MarginalGainPredictor,50,3,9070,55.0,228,47.4,310,42.2,7.600000000000001,5.199999999999996,12.799999999999997,0.0,4.799999987881165e-05,0.0005840999997417384,0.4813039000000572
method-054,4,Random,MarginalGainPredictor,50,3,228,46.4,5753,33.8,916,20.0,12.600000000000001,13.799999999999997,26.4,0.0,5.090000013296958e-05,0.0007165000001805311,0.3937657000001309
method-054,5,Random,MarginalGainPredictor,50,3,228,56.9,3519,35.5,820,16.2,21.4,19.3,40.7,3.552713678800501e-15,4.400000034365803e-05,0.0013283000002957124,0.48012470000003304
method-054,6,Random,MarginalGainPredictor,50,3,3519,60.0,985,32.6,985,32.6,27.4,0.0,27.4,0.0,3.8300000142044155e-05,0.001313899999786372,0.47105069999997795
method-054,7,Random,MarginalGainPredictor,50,3,3519,52.0,3225,31.6,1277,0.0,20.4,31.6,52.0,0.0,3.990000004705507e-05,0.0012503000002652698,0.46473050000031435
method-054,8,Random,MarginalGainPredictor,50,3,228,51.5,647,33.3,1807,30.0,18.200000000000003,3.299999999999997,21.5,0.0,6.60000000607397e-05,0.001344400000107271,0.4677292999999736
method-054,9,Random,MarginalGainPredictor,50,3,228,65.8,3519,54.8,1255,7.2,11.0,47.599999999999994,58.599999999999994,0.0,4.020000005766633e-05,0.001421800000116491,0.491162699999677
method-054,10,Random,MarginalGainPredictor,50,3,228,57.5,1140,29.8,7995,14.9,27.7,14.9,42.6,1.7763568394002505e-15,3.9600000036443816e-05,0.0013318000001163455,0.4799006999996891
method-055,1,Random,OriginalOrder,100,3,1265,85.8,1277,85.8,5454,20.9,0.0,64.9,64.9,0.0,4.779999972015503e-05,2.0000015865662135e-07,0.36648399999967296
method-055,2,Random,OriginalOrder,100,3,1265,86.2,1277,86.2,597,13.0,0.0,73.2,73.2,0.0,4.1000000237545464e-05,3.000000106112566e-07,0.48050419999981386
method-055,3,Random,OriginalOrder,100,3,1265,98.7,1807,48.1,802,5.4,50.6,42.7,93.3,-7.105427357601002e-15,3.999999989900971e-05,2.0000015865662135e-07,0.3545977999997376
method-055,4,Random,OriginalOrder,100,3,1265,81.0,1265,81.0,7123,28.7,0.0,52.3,52.3,0.0,4.080000007888884e-05,4.000003173132427e-07,0.46543629999996483
method-055,5,Random,OriginalOrder,100,3,1265,90.8,1277,90.8,2272,14.0,0.0,76.8,76.8,0.0,3.9199999719130574e-05,2.0000015865662135e-07,0.40474710000034975
method-055,6,Random,OriginalOrder,100,3,1265,80.2,1277,80.2,12382,3.1,0.0,77.10000000000001,77.10000000000001,0.0,3.930000002583256e-05,2.0000015865662135e-07,0.3499264000001858
method-055,7,Random,OriginalOrder,100,3,1265,80.2,1265,80.2,1816,23.2,0.0,57.0,57.0,0.0,4.960000023856992e-05,3.999998625658918e-07,0.3870296000000053
method-055,8,Random,OriginalOrder,100,3,1265,85.8,228,52.1,3700,15.6,33.699999999999996,36.5,70.2,7.105427357601002e-15,4.3199999709031545e-05,3.000000106112566e-07,0.504614599999968
method-055,9,Random,OriginalOrder,100,3,1265,67.3,228,66.7,228,66.7,0.5999999999999943,0.0,0.5999999999999943,0.0,4.03999997615756e-05,1.9999970390927047e-07,0.42463520000001154
method-055,10,Random,OriginalOrder,100,3,1265,89.1,1265,89.1,2477,22.2,0.0,66.89999999999999,66.89999999999999,0.0,4.0499999613530235e-05,3.999998625658918e-07,0.38316660000009506
method-056,1,Random,MarginalGainPredictor,100,3,1265,85.8,1277,85.8,410,51.7,0.0,34.099999999999994,34.099999999999994,0.0,4.779999972015503e-05,0.0004444000001058157,0.36648399999967296
method-056,2,Random,MarginalGainPredictor,100,3,1265,88.1,1265,88.1,1265,88.1,0.0,0.0,0.0,0.0,5.069999997431296e-05,0.0006488999997600331,0.4095220999997764
method-056,3,Random,MarginalGainPredictor,100,3,9070,55.0,228,47.4,310,42.2,7.600000000000001,5.199999999999996,12.799999999999997,0.0,4.799999987881165e-05,0.0006125999998403131,0.4813039000000572
method-056,4,Random,MarginalGainPredictor,100,3,228,46.4,658,35.8,2216,27.5,10.600000000000001,8.299999999999997,18.9,0.0,5.090000013296958e-05,0.0007184000000961532,0.3937657000001309
method-056,5,Random,MarginalGainPredictor,100,3,228,56.9,5753,42.9,1807,38.0,14.0,4.899999999999999,18.9,0.0,5.409999994299142e-05,0.001328299999840965,0.39591180000024906
method-056,6,Random,MarginalGainPredictor,100,3,3519,58.4,892,40.7,1277,0.0,17.699999999999996,40.7,58.4,0.0,4.1400000100111356e-05,0.0013625000001411536,0.5008437999999842
method-056,7,Random,MarginalGainPredictor,100,3,3519,51.5,3519,51.5,985,31.4,0.0,20.1,20.1,0.0,4.040000021632295e-05,0.0013705999999729102,0.46582130000024335
method-056,8,Random,MarginalGainPredictor,100,3,228,51.3,228,51.3,7995,13.2,0.0,38.099999999999994,38.099999999999994,0.0,5.319999991115765e-05,0.001354300000002695,0.4867952999998124
method-056,9,Random,MarginalGainPredictor,100,3,228,65.8,3519,54.8,1816,0.0,11.0,54.8,65.8,0.0,5.1500000154192094e-05,0.0014474999998128624,0.4011067000001276
method-056,10,Random,MarginalGainPredictor,100,3,228,57.5,3519,42.6,820,17.1,14.899999999999999,25.5,40.4,0.0,3.989999959230772e-05,0.001331099999788421,0.37448200000017096
method-057,1,Random,OriginalOrder,10,4,1265,85.8,410,51.7,189,16.8,34.099999999999994,34.900000000000006,69.0,0.0,4.839999974137754e-05,9.999985195463523e-08,0.36648399999967296
method-057,2,Random,OriginalOrder,10,4,1265,88.1,3078,22.2,2854,11.4,65.89999999999999,10.799999999999999,76.69999999999999,-1.7763568394002505e-15,3.999999989900971e-05,2.0000015865662135e-07,0.46614420000014434
method-057,3,Random,OriginalOrder,10,4,1265,100.5,2216,29.7,2216,29.7,70.8,0.0,70.8,0.0,3.990000004705507e-05,1.9999970390927047e-07,0.38298470000017915
method-057,4,Random,OriginalOrder,10,4,1265,83.5,2477,26.8,2455,10.6,56.7,16.200000000000003,72.9,0.0,4.3900000036956044e-05,3.000000106112566e-07,0.48347419999981867
method-057,5,Random,OriginalOrder,10,4,1265,89.9,1265,89.9,595,8.2,0.0,81.7,81.7,0.0,6.209999992279336e-05,2.0000015865662135e-07,0.46998660000008385
method-057,6,Random,OriginalOrder,10,4,1265,85.2,1140,25.4,12380,5.4,59.800000000000004,20.0,79.8,-7.105427357601002e-15,6.220000022949534e-05,3.000000106112566e-07,0.4291454999997768
method-057,7,Random,OriginalOrder,10,4,1265,81.8,310,37.8,193,9.6,44.0,28.199999999999996,72.2,7.105427357601002e-15,3.980000019510044e-05,2.0000015865662135e-07,0.39001630000029763
method-057,8,Random,OriginalOrder,10,4,1265,92.0,647,37.3,3916,30.2,54.7,7.099999999999998,61.8,-3.552713678800501e-15,5.0600000122358324e-05,9.999985195463523e-08,0.5002362999998695
method-057,9,Random,OriginalOrder,10,4,1265,70.3,1807,43.9,2717,18.2,26.4,25.7,52.099999999999994,-3.552713678800501e-15,4.1400000100111356e-05,1.9999970390927047e-07,0.5186155999999755
method-057,10,Random,OriginalOrder,10,4,1265,92.1,1978,21.0,11247,3.3,71.1,17.7,88.8,3.552713678800501e-15,3.680000008898787e-05,1.9999970390927047e-07,0.4939532999997027
method-058,1,Random,MarginalGainPredictor,10,4,1265,85.8,410,51.7,410,51.7,34.099999999999994,0.0,34.099999999999994,0.0,4.839999974137754e-05,0.00036420000014913967,0.36648399999967296
method-058,2,Random,MarginalGainPredictor,10,4,1265,88.1,1140,26.8,597,13.2,61.3,13.600000000000001,74.89999999999999,-7.105427357601002e-15,3.060000017285347e-05,0.0011632000000645348,0.4095220999997764
method-058,3,Random,MarginalGainPredictor,10,4,1265,97.1,181,24.2,1352,12.3,72.89999999999999,11.899999999999999,84.8,7.105427357601002e-15,4.0100000205711694e-05,0.0013030999998591142,0.43663150000020323
method-058,4,Random,MarginalGainPredictor,10,4,1265,84.8,1920,33.5,1920,33.5,51.3,0.0,51.3,0.0,4.080000007888884e-05,0.0014684000002489483,0.32371039999998175
method-058,5,Random,MarginalGainPredictor,10,4,1265,83.8,830,28.8,98,19.4,55.0,9.400000000000002,64.4,3.552713678800501e-15,4.0299999909620965e-05,0.0012279000002308749,0.44641460000002553
method-058,6,Random,MarginalGainPredictor,10,4,1265,84.0,1816,30.6,1816,30.6,53.4,0.0,53.4,0.0,3.909999986717594e-05,0.0012630999999601045,0.46687659999997777
method-058,7,Random,MarginalGainPredictor,10,4,1265,76.6,2216,36.6,2216,36.6,39.99999999999999,0.0,39.99999999999999,0.0,4.020000005766633e-05,0.0012391999998726533,0.4136830000002192
method-058,8,Random,MarginalGainPredictor,10,4,1265,87.5,310,30.5,310,30.5,57.0,0.0,57.0,0.0,3.9399999877787195e-05,0.001360599999770784,0.339709600000333
method-058,9,Random,MarginalGainPredictor,10,4,1265,66.8,4934,22.5,4934,22.5,44.3,0.0,44.3,0.0,4.1000000237545464e-05,0.0012434999998731655,0.33729019999964294
method-058,10,Random,MarginalGainPredictor,10,4,1265,86.3,2122,26.3,1439,20.0,60.0,6.300000000000001,66.3,-3.552713678800501e-15,4.089999993084348e-05,0.0012151000000812928,0.4345941000001403
method-059,1,Random,OriginalOrder,20,4,1265,85.8,410,51.7,189,16.8,34.099999999999994,34.900000000000006,69.0,0.0,4.839999974137754e-05,2.0000015865662135e-07,0.36648399999967296
method-059,2,Random,OriginalOrder,20,4,1265,88.1,1265,88.1,2854,11.4,0.0,76.69999999999999,76.69999999999999,0.0,3.999999989900971e-05,2.0000015865662135e-07,0.46614420000014434
method-059,3,Random,OriginalOrder,20,4,1265,100.5,2216,29.7,2216,29.7,70.8,0.0,70.8,0.0,3.990000004705507e-05,3.000000106112566e-07,0.38298470000017915
method-059,4,Random,OriginalOrder,20,4,1265,83.5,228,47.0,2455,10.6,36.5,36.4,72.9,7.105427357601002e-15,4.3900000036956044e-05,3.000000106112566e-07,0.48347419999981867
method-059,5,Random,OriginalOrder,20,4,1265,89.9,1265,89.9,595,8.2,0.0,81.7,81.7,0.0,6.209999992279336e-05,6.000000212225132e-07,0.46998660000008385
method-059,6,Random,OriginalOrder,20,4,1265,85.2,2023,33.1,12380,5.4,52.1,27.700000000000003,79.8,-7.105427357601002e-15,6.220000022949534e-05,3.000000106112566e-07,0.4291454999997768
method-059,7,Random,OriginalOrder,20,4,1265,81.8,310,37.8,193,9.6,44.0,28.199999999999996,72.2,7.105427357601002e-15,3.980000019510044e-05,3.000000106112566e-07,0.39001630000029763
method-059,8,Random,OriginalOrder,20,4,1265,92.0,7123,41.4,3916,30.2,50.6,11.2,61.8,-3.552713678800501e-15,5.0600000122358324e-05,3.000000106112566e-07,0.5002362999998695
method-059,9,Random,OriginalOrder,20,4,1265,70.3,1807,43.9,2717,18.2,26.4,25.7,52.099999999999994,-3.552713678800501e-15,4.1400000100111356e-05,4.000003173132427e-07,0.5186155999999755
method-059,10,Random,OriginalOrder,20,4,1265,92.1,1816,24.4,11247,3.3,67.69999999999999,21.099999999999998,88.8,1.0658141036401503e-14,3.680000008898787e-05,3.000000106112566e-07,0.4939532999997027
method-060,1,Random,MarginalGainPredictor,20,4,1265,85.8,410,51.7,410,51.7,34.099999999999994,0.0,34.099999999999994,0.0,4.839999974137754e-05,0.0003752000002350542,0.36648399999967296
method-060,2,Random,MarginalGainPredictor,20,4,1265,88.1,1140,26.8,916,21.8,61.3,5.0,66.3,0.0,3.060000017285347e-05,0.0006176000001687498,0.4095220999997764
method-060,3,Random,MarginalGainPredictor,20,4,1265,87.6,1807,39.0,1807,39.0,48.599999999999994,0.0,48.599999999999994,0.0,3.980000019510044e-05,0.0012304000001677196,0.41078849999985323
method-060,4,Random,MarginalGainPredictor,20,4,1265,74.1,647,29.4,98,19.5,44.699999999999996,9.899999999999999,54.599999999999994,0.0,4.089999993084348e-05,0.0012860999995609745,0.4686658999999054
method-060,5,Random,MarginalGainPredictor,20,4,1265,84.3,310,45.5,310,45.5,38.8,0.0,38.8,0.0,5.0099999953090446e-05,0.0012663000002248737,0.41081050000002506
method-060,6,Random,MarginalGainPredictor,20,4,1265,73.6,2122,32.8,3078,17.4,40.8,15.399999999999999,56.199999999999996,0.0,3.909999986717594e-05,0.0012145000000600703,0.38467679999985194
method-060,7,Random,MarginalGainPredictor,20,4,1265,76.1,2477,26.9,1352,16.4,49.199999999999996,10.5,59.699999999999996,0.0,3.969999988839845e-05,0.0012461999999686668,0.39226819999976215
method-060,8,Random,MarginalGainPredictor,20,4,1265,80.4,3519,52.7,820,18.6,27.700000000000003,34.1,61.800000000000004,0.0,4.5900000259280205e-05,0.001271800000267831,0.51079720000007
method-060,9,Random,MarginalGainPredictor,20,4,228,65.8,228,65.8,1265,61.1,0.0,4.699999999999996,4.699999999999996,0.0,3.950000018448918e-05,0.0013141999997969833,0.5064774000002217
method-060,10,Random,MarginalGainPredictor,20,4,228,57.5,1439,19.2,7995,14.8,38.3,4.399999999999999,42.7,7.105427357601002e-15,3.9399999877787195e-05,0.0012633999999707157,0.4047544000000016
method-061,1,Random,OriginalOrder,50,4,1265,85.8,1265,85.8,189,16.8,0.0,69.0,69.0,0.0,4.839999974137754e-05,2.0000015865662135e-07,0.36648399999967296
method-061,2,Random,OriginalOrder,50,4,1265,88.1,1265,88.1,2854,11.4,0.0,76.69999999999999,76.69999999999999,0.0,3.999999989900971e-05,3.000000106112566e-07,0.46614420000014434
method-061,3,Random,OriginalOrder,50,4,1265,100.5,1265,100.5,2216,29.7,0.0,70.8,70.8,0.0,3.990000004705507e-05,3.000000106112566e-07,0.38298470000017915
method-061,4,Random,OriginalOrder,50,4,1265,83.5,228,47.0,2455,10.6,36.5,36.4,72.9,7.105427357601002e-15,4.3900000036956044e-05,2.0000015865662135e-07,0.48347419999981867
method-061,5,Random,OriginalOrder,50,4,1265,89.9,1265,89.9,595,8.2,0.0,81.7,81.7,0.0,6.209999992279336e-05,3.999998625658918e-07,0.46998660000008385
method-061,6,Random,OriginalOrder,50,4,1265,85.2,1265,85.2,12380,5.4,0.0,79.8,79.8,0.0,6.220000022949534e-05,4.000003173132427e-07,0.4291454999997768
method-061,7,Random,OriginalOrder,50,4,1265,81.8,310,37.8,193,9.6,44.0,28.199999999999996,72.2,7.105427357601002e-15,3.980000019510044e-05,3.000000106112566e-07,0.39001630000029763
method-061,8,Random,OriginalOrder,50,4,1265,92.0,410,46.4,3916,30.2,45.6,16.2,61.8,-3.552713678800501e-15,5.0600000122358324e-05,1.9999970390927047e-07,0.5002362999998695
method-061,9,Random,OriginalOrder,50,4,1265,70.3,1807,43.9,2717,18.2,26.4,25.7,52.099999999999994,-3.552713678800501e-15,4.1400000100111356e-05,3.000000106112566e-07,0.5186155999999755
method-061,10,Random,OriginalOrder,50,4,1265,92.1,228,57.5,11247,3.3,34.599999999999994,54.2,88.8,0.0,3.680000008898787e-05,2.0000015865662135e-07,0.4939532999997027
method-062,1,Random,MarginalGainPredictor,50,4,1265,85.8,1265,85.8,1265,85.8,0.0,0.0,0.0,0.0,4.839999974137754e-05,0.0004139999996368715,0.36648399999967296
method-062,2,Random,MarginalGainPredictor,50,4,3519,58.5,892,35.1,916,20.2,23.4,14.900000000000002,38.3,-3.552713678800501e-15,5.03999999637017e-05,0.0005744999998569256,0.32897410000032323
method-062,3,Random,MarginalGainPredictor,50,4,9070,57.1,1807,38.7,1807,38.7,18.4,0.0,18.4,0.0,4.639999997380073e-05,0.0013401999999587133,0.4841854000001149
method-062,4,Random,MarginalGainPredictor,50,4,410,48.6,1920,36.3,2216,27.5,12.300000000000004,8.799999999999997,21.1,0.0,4.129999979340937e-05,0.0012371000002531218,0.4768146000001252
method-062,5,Random,MarginalGainPredictor,50,4,228,56.9,310,47.1,410,44.4,9.799999999999997,2.700000000000003,12.5,0.0,4.040000021632295e-05,0.0013082999998914602,0.45264080000015383
method-062,6,Random,MarginalGainPredictor,50,4,3519,60.2,2122,31.6,1816,0.0,28.6,31.6,60.2,0.0,4.0500000068277586e-05,0.001245699999799399,0.4788498000002619
method-062,7,Random,MarginalGainPredictor,50,4,3519,52.6,181,30.2,1277,0.0,22.400000000000002,30.2,52.6,0.0,4.42000000475673e-05,0.0013119999998707499,0.4719435000001795
method-062,8,Random,MarginalGainPredictor,50,4,228,51.6,3519,46.9,985,26.8,4.700000000000003,20.099999999999998,24.8,0.0,3.980000019510044e-05,0.0013112999999975727,0.4322069000004376
method-062,9,Random,MarginalGainPredictor,50,4,228,66.0,228,66.0,7995,17.7,0.0,48.3,48.3,0.0,4.1000000237545464e-05,0.0013049999997747364,0.5218543000000864
method-062,10,Random,MarginalGainPredictor,50,4,228,57.5,228,57.5,310,42.6,0.0,14.899999999999999,14.899999999999999,0.0,3.9600000036443816e-05,0.0012111999999433465,0.477274800000032
method-063,1,Random,OriginalOrder,100,4,1265,85.8,1265,85.8,189,16.8,0.0,69.0,69.0,0.0,4.839999974137754e-05,9.999985195463523e-08,0.36648399999967296
method-063,2,Random,OriginalOrder,100,4,1265,88.1,1265,88.1,2854,11.4,0.0,76.69999999999999,76.69999999999999,0.0,3.999999989900971e-05,3.000000106112566e-07,0.46614420000014434
method-063,3,Random,OriginalOrder,100,4,1265,100.5,1265,100.5,2216,29.7,0.0,70.8,70.8,0.0,3.990000004705507e-05,3.000000106112566e-07,0.38298470000017915
method-063,4,Random,OriginalOrder,100,4,1265,83.5,228,47.0,2455,10.6,36.5,36.4,72.9,7.105427357601002e-15,4.3900000036956044e-05,3.000000106112566e-07,0.48347419999981867
method-063,5,Random,OriginalOrder,100,4,1265,89.9,1265,89.9,595,8.2,0.0,81.7,81.7,0.0,6.209999992279336e-05,3.000000106112566e-07,0.46998660000008385
method-063,6,Random,OriginalOrder,100,4,1265,85.2,1265,85.2,12380,5.4,0.0,79.8,79.8,0.0,6.220000022949534e-05,1.9999970390927047e-07,0.4291454999997768
method-063,7,Random,OriginalOrder,100,4,1265,81.8,3519,55.5,193,9.6,26.299999999999997,45.9,72.2,7.105427357601002e-15,3.980000019510044e-05,4.000003173132427e-07,0.39001630000029763
method-063,8,Random,OriginalOrder,100,4,1265,92.0,3519,55.1,3916,30.2,36.9,24.900000000000002,61.8,-3.552713678800501e-15,5.0600000122358324e-05,3.000000106112566e-07,0.5002362999998695
method-063,9,Random,OriginalOrder,100,4,1265,70.3,1277,70.3,2717,18.2,0.0,52.099999999999994,52.099999999999994,0.0,4.1400000100111356e-05,3.000000106112566e-07,0.5186155999999755
method-063,10,Random,OriginalOrder,100,4,1265,92.1,1277,92.1,11247,3.3,0.0,88.8,88.8,0.0,3.680000008898787e-05,2.0000015865662135e-07,0.4939532999997027
method-064,1,Random,MarginalGainPredictor,100,4,1265,85.8,1265,85.8,1265,85.8,0.0,0.0,0.0,0.0,4.839999974137754e-05,0.0004414999998516578,0.36648399999967296
method-064,2,Random,MarginalGainPredictor,100,4,3519,58.5,228,52.8,410,50.6,5.700000000000003,2.1999999999999957,7.899999999999999,0.0,5.03999999637017e-05,0.0005759999999099819,0.32897410000032323
method-064,3,Random,MarginalGainPredictor,100,4,9070,55.0,228,47.4,1807,42.6,7.600000000000001,4.799999999999997,12.399999999999999,0.0,3.990000004705507e-05,0.0005663000001732144,0.417258700000275
method-064,4,Random,MarginalGainPredictor,100,4,310,46.9,228,46.4,985,32.6,0.5,13.799999999999997,14.299999999999997,0.0,4.710000030172523e-05,0.0006342000001495762,0.4777132999997775
method-064,5,Random,MarginalGainPredictor,100,4,228,56.9,310,46.9,310,46.9,10.0,0.0,10.0,0.0,5.2799999593844404e-05,0.0007601000002068758,0.38166769999997996
method-064,6,Random,MarginalGainPredictor,100,4,3519,57.6,3519,57.6,916,15.1,0.0,42.5,42.5,0.0,5.7499999911669875e-05,0.0006326999996417726,0.3956748999999036
method-064,7,Random,MarginalGainPredictor,100,4,3519,51.2,3519,51.2,2216,36.6,0.0,14.600000000000001,14.600000000000001,0.0,5.25000000379805e-05,0.0013989999997647828,0.47577559999990626
method-064,8,Random,MarginalGainPredictor,100,4,228,51.3,228,51.3,820,17.8,0.0,33.5,33.5,0.0,4.239999998389976e-05,0.0013425000001916487,0.5028214999997545
method-064,9,Random,MarginalGainPredictor,100,4,228,65.8,2477,34.9,1277,0.0,30.9,34.9,65.8,0.0,4.0100000205711694e-05,0.0013700999998036423,0.40705019999995784
method-064,10,Random,MarginalGainPredictor,100,4,228,57.5,3519,43.4,1816,0.0,14.100000000000001,43.4,57.5,0.0,4.6800000291113975e-05,0.0013010000002395827,0.3930155999996714
method-065,1,Random,OriginalOrder,10,5,1265,85.8,985,30.6,1352,11.2,55.199999999999996,19.400000000000002,74.6,-3.552713678800501e-15,4.709999984697788e-05,9.999985195463523e-08,0.36648399999967296
method-065,2,Random,OriginalOrder,10,5,1265,85.1,1277,85.1,12375,11.1,0.0,74.0,74.0,0.0,4.1599999804020626e-05,1.0000030670198612e-07,0.38645069999984116
method-065,3,Random,OriginalOrder,10,5,1265,100.0,1439,20.3,1580,4.8,79.7,15.5,95.2,0.0,4.080000007888884e-05,3.000000106112566e-07,0.47085229999993317
method-065,4,Random,OriginalOrder,10,5,1265,84.8,5753,37.7,1638,9.9,47.099999999999994,27.800000000000004,74.89999999999999,-7.105427357601002e-15,4.3900000036956044e-05,2.0000015865662135e-07,0.38421740000012505
method-065,5,Random,OriginalOrder,10,5,1265,94.3,5753,47.6,1140,23.4,46.699999999999996,24.200000000000003,70.9,7.105427357601002e-15,4.179999996267725e-05,2.0000015865662135e-07,0.41027429999985543
method-065,6,Random,OriginalOrder,10,5,1265,85.7,5753,42.6,5753,42.6,43.1,0.0,43.1,0.0,4.7699999868200393e-05,1.9999970390927047e-07,0.5263504999998077
method-065,7,Random,OriginalOrder,10,5,1265,80.3,4331,16.5,2066,7.6,63.8,8.9,72.7,5.329070518200751e-15,4.7900000026857015e-05,1.9999970390927047e-07,0.38987579999957234
method-065,8,Random,OriginalOrder,10,5,1265,85.6,692,35.9,9077,11.1,49.699999999999996,24.799999999999997,74.5,7.105427357601002e-15,4.040000021632295e-05,1.9999970390927047e-07,0.44695329999967726
method-065,9,Random,OriginalOrder,10,5,1265,68.5,2477,37.3,3078,21.5,31.200000000000003,15.799999999999997,47.0,0.0,3.999999989900971e-05,1.0000030670198612e-07,0.5197311000001719
method-065,10,Random,OriginalOrder,10,5,1265,82.8,1541,11.6,11248,3.6,71.2,8.0,79.2,0.0,3.990000004705507e-05,3.000000106112566e-07,0.4556032000000414
method-066,1,Random,MarginalGainPredictor,10,5,1265,85.8,985,30.6,985,30.6,55.199999999999996,0.0,55.199999999999996,0.0,4.709999984697788e-05,0.0003821000000243657,0.36648399999967296
method-066,2,Random,MarginalGainPredictor,10,5,1265,88.1,1277,88.1,1277,88.1,0.0,0.0,0.0,0.0,3.169999990859651e-05,0.0012072000004081929,0.4775958999998693
method-066,3,Random,MarginalGainPredictor,10,5,9070,57.1,1439,18.3,1439,18.3,38.8,0.0,38.8,0.0,0.00011309999990771757,0.0012408999996296188,0.32550899999978355
method-066,4,Random,MarginalGainPredictor,10,5,410,48.0,5753,33.9,5753,33.9,14.100000000000001,0.0,14.100000000000001,0.0,3.8300000142044155e-05,0.001232200000231387,0.4597984000001816
method-066,5,Random,MarginalGainPredictor,10,5,228,56.9,3225,24.9,692,23.9,32.0,1.0,33.0,0.0,4.0100000205711694e-05,0.0013102000002618297,0.4196870000000672
method-066,6,Random,MarginalGainPredictor,10,5,3519,59.6,5454,15.2,5454,15.2,44.400000000000006,0.0,44.400000000000006,0.0,5.0099999953090446e-05,0.0012176999998700921,0.32437079999999696
method-066,7,Random,MarginalGainPredictor,10,5,3519,51.9,3810,12.9,597,8.5,39.0,4.4,43.4,-1.7763568394002505e-15,4.340000032243552e-05,0.0011830000003101304,0.42191189999994094
method-066,8,Random,MarginalGainPredictor,10,5,410,45.6,592,20.5,820,17.8,25.1,2.6999999999999993,27.8,0.0,3.859999969790806e-05,0.0012467999999898893,0.4369859999997061
method-066,9,Random,MarginalGainPredictor,10,5,228,66.7,2122,28.7,916,16.0,38.0,12.7,50.7,3.552713678800501e-15,3.930000002583256e-05,0.0012932999998156447,0.3232158000000709
method-066,10,Random,MarginalGainPredictor,10,5,228,58.0,2023,24.9,9608,16.7,33.1,8.2,41.3,-3.552713678800501e-15,3.950000018448918e-05,0.001264900000023772,0.3187883000000511
method-067,1,Random,OriginalOrder,20,5,1265,85.8,2477,31.0,1352,11.2,54.8,19.8,74.6,-3.552713678800501e-15,4.709999984697788e-05,9.999985195463523e-08,0.36648399999967296
method-067,2,Random,OriginalOrder,20,5,1265,85.1,1277,85.1,12375,11.1,0.0,74.0,74.0,0.0,4.1599999804020626e-05,5.000001692678779e-07,0.38645069999984116
method-067,3,Random,OriginalOrder,20,5,1265,100.0,1807,48.8,1580,4.8,51.2,44.0,95.2,0.0,4.080000007888884e-05,1.9999970390927047e-07,0.47085229999993317
method-067,4,Random,OriginalOrder,20,5,1265,84.8,3519,44.4,1638,9.9,40.4,34.5,74.89999999999999,-7.105427357601002e-15,4.3900000036956044e-05,3.999998625658918e-07,0.38421740000012505
method-067,5,Random,OriginalOrder,20,5,1265,94.3,5753,47.6,1140,23.4,46.699999999999996,24.200000000000003,70.9,7.105427357601002e-15,4.179999996267725e-05,1.9999970390927047e-07,0.41027429999985543
method-067,6,Random,OriginalOrder,20,5,1265,85.7,5753,42.6,5753,42.6,43.1,0.0,43.1,0.0,4.7699999868200393e-05,3.000000106112566e-07,0.5263504999998077
method-067,7,Random,OriginalOrder,20,5,1265,80.3,2717,25.6,2066,7.6,54.699999999999996,18.0,72.7,7.105427357601002e-15,4.7900000026857015e-05,3.000000106112566e-07,0.38987579999957234
method-067,8,Random,OriginalOrder,20,5,1265,85.6,1807,38.2,9077,11.1,47.39999999999999,27.1,74.5,7.105427357601002e-15,4.040000021632295e-05,2.0000015865662135e-07,0.44695329999967726
method-067,9,Random,OriginalOrder,20,5,1265,68.5,1807,46.4,3078,21.5,22.1,24.9,47.0,0.0,3.999999989900971e-05,1.9999970390927047e-07,0.5197311000001719
method-067,10,Random,OriginalOrder,20,5,1265,82.8,181,22.6,11248,3.6,60.199999999999996,19.0,79.2,7.105427357601002e-15,3.990000004705507e-05,3.000000106112566e-07,0.4556032000000414
method-068,1,Random,MarginalGainPredictor,20,5,1265,85.8,2477,31.0,985,30.6,54.8,0.3999999999999986,55.199999999999996,0.0,4.709999984697788e-05,0.0003845000001092558,0.36648399999967296
method-068,2,Random,MarginalGainPredictor,20,5,1265,88.1,1277,88.1,1807,34.2,0.0,53.89999999999999,53.89999999999999,0.0,3.169999990859651e-05,0.0005841000001964858,0.4775958999998693
method-068,3,Random,MarginalGainPredictor,20,5,1265,94.3,2054,23.3,1423,18.3,71.0,5.0,76.0,0.0,4.189999981463188e-05,0.001280799999676674,0.47421410000015385
method-068,4,Random,MarginalGainPredictor,20,5,1265,79.3,1277,79.3,310,47.8,0.0,31.5,31.5,0.0,3.870000000461005e-05,0.0012708999997812498,0.3738435999998728
method-068,5,Random,MarginalGainPredictor,20,5,1265,88.6,3225,24.9,3078,21.5,63.699999999999996,3.3999999999999986,67.1,0.0,5.2600000344682485e-05,0.001239000000168744,0.38922059999958947
method-068,6,Random,MarginalGainPredictor,20,5,1265,74.1,3519,59.4,410,34.8,14.699999999999996,24.6,39.3,0.0,3.950000018448918e-05,0.001254899999821646,0.47361410000030446
method-068,7,Random,MarginalGainPredictor,20,5,1265,73.5,3700,20.1,3700,20.1,53.4,0.0,53.4,0.0,3.879999985656468e-05,0.0012712999996438157,0.3829723000003469
method-068,8,Random,MarginalGainPredictor,20,5,1265,84.6,1277,84.6,1277,84.6,0.0,0.0,0.0,0.0,4.089999993084348e-05,0.0013506000000234053,0.410624000000098
method-068,9,Random,MarginalGainPredictor,20,5,228,65.8,2717,19.2,916,12.1,46.599999999999994,7.1,53.699999999999996,1.7763568394002505e-15,4.0100000205711694e-05,0.0012576999997691019,0.5026696999998421
method-068,10,Random,MarginalGainPredictor,20,5,228,57.4,4285,27.1,699,10.5,30.299999999999997,16.6,46.9,0.0,3.839999999399879e-05,0.0012560000000121363,0.4970562000003156
method-069,1,Random,OriginalOrder,50,5,1265,85.8,2477,31.0,1352,11.2,54.8,19.8,74.6,-3.552713678800501e-15,4.709999984697788e-05,2.0000015865662135e-07,0.36648399999967296
method-069,2,Random,OriginalOrder,50,5,1265,85.1,1277,85.1,12375,11.1,0.0,74.0,74.0,0.0,4.1599999804020626e-05,2.0000015865662135e-07,0.38645069999984116
method-069,3,Random,OriginalOrder,50,5,1265,100.0,1807,48.8,1580,4.8,51.2,44.0,95.2,0.0,4.080000007888884e-05,3.999998625658918e-07,0.47085229999993317
method-069,4,Random,OriginalOrder,50,5,1265,84.8,3519,44.4,1638,9.9,40.4,34.5,74.89999999999999,-7.105427357601002e-15,4.3900000036956044e-05,2.0000015865662135e-07,0.38421740000012505
method-069,5,Random,OriginalOrder,50,5,1265,94.3,310,49.9,1140,23.4,44.4,26.5,70.9,7.105427357601002e-15,4.179999996267725e-05,2.0000015865662135e-07,0.41027429999985543
method-069,6,Random,OriginalOrder,50,5,1265,85.7,1807,47.2,5753,42.6,38.5,4.600000000000001,43.1,0.0,4.7699999868200393e-05,3.999998625658918e-07,0.5263504999998077
method-069,7,Random,OriginalOrder,50,5,1265,80.3,181,35.4,2066,7.6,44.9,27.799999999999997,72.7,7.105427357601002e-15,4.7900000026857015e-05,3.000000106112566e-07,0.38987579999957234
method-069,8,Random,OriginalOrder,50,5,1265,85.6,892,39.4,9077,11.1,46.199999999999996,28.299999999999997,74.5,7.105427357601002e-15,4.040000021632295e-05,3.999998625658918e-07,0.44695329999967726
method-069,9,Random,OriginalOrder,50,5,1265,68.5,1277,68.5,3078,21.5,0.0,47.0,47.0,0.0,3.999999989900971e-05,2.0000015865662135e-07,0.5197311000001719
method-069,10,Random,OriginalOrder,50,5,1265,82.8,410,51.9,11248,3.6,30.9,48.3,79.2,7.105427357601002e-15,3.990000004705507e-05,3.000000106112566e-07,0.4556032000000414
method-070,1,Random,MarginalGainPredictor,50,5,1265,85.8,2477,31.0,985,30.6,54.8,0.3999999999999986,55.199999999999996,0.0,4.709999984697788e-05,0.00040249999983643647,0.36648399999967296
method-070,2,Random,MarginalGainPredictor,50,5,1265,88.1,1277,88.1,410,50.6,0.0,37.49999999999999,37.49999999999999,0.0,3.169999990859651e-05,0.0005799000000479282,0.4775958999998693
method-070,3,Random,MarginalGainPredictor,50,5,1265,97.0,310,45.1,310,45.1,51.9,0.0,51.9,0.0,5.42000002496934e-05,0.0007173999997576175,0.3225440000001072
method-070,4,Random,MarginalGainPredictor,50,5,1265,83.6,1277,83.6,1277,83.6,0.0,0.0,0.0,0.0,4.889999991064542e-05,0.0013021999998272804,0.4783545000000231
method-070,5,Random,MarginalGainPredictor,50,5,228,56.9,2122,28.9,1920,18.1,28.0,10.799999999999997,38.8,0.0,3.950000018448918e-05,0.0013141999997969833,0.469724000000042
method-070,6,Random,MarginalGainPredictor,50,5,3519,59.5,3519,59.5,1265,0.0,0.0,59.5,59.5,0.0,5.000000010113581e-05,0.0013223000000834872,0.3925443999996787
method-070,7,Random,MarginalGainPredictor,50,5,3519,52.5,3519,52.5,820,18.0,0.0,34.5,34.5,0.0,3.8300000142044155e-05,0.0012547999999696913,0.46219609999980094
method-070,8,Random,MarginalGainPredictor,50,5,228,51.6,228,51.6,1816,17.7,0.0,33.900000000000006,33.900000000000006,0.0,8.989999969344353e-05,0.0012584000000970263,0.5069330999999693
method-070,9,Random,MarginalGainPredictor,50,5,228,65.7,228,65.7,916,13.5,0.0,52.2,52.2,0.0,4.909999961455469e-05,0.0013318999999683,0.3916865000001053
method-070,10,Random,MarginalGainPredictor,50,5,228,57.5,228,57.5,1249,8.4,0.0,49.1,49.1,0.0,5.3499999921768904e-05,0.0013091000000713393,0.46801179999965825
method-071,1,Random,OriginalOrder,100,5,1265,85.8,1277,85.8,1352,11.2,0.0,74.6,74.6,0.0,4.709999984697788e-05,2.0000015865662135e-07,0.36648399999967296
method-071,2,Random,OriginalOrder,100,5,1265,85.1,1265,85.1,12375,11.1,0.0,74.0,74.0,0.0,4.1599999804020626e-05,2.0000015865662135e-07,0.38645069999984116
method-071,3,Random,OriginalOrder,100,5,1265,100.0,3519,55.6,1580,4.8,44.4,50.800000000000004,95.2,0.0,4.080000007888884e-05,3.000000106112566e-07,0.47085229999993317
method-071,4,Random,OriginalOrder,100,5,1265,84.8,3519,44.4,1638,9.9,40.4,34.5,74.89999999999999,-7.105427357601002e-15,4.3900000036956044e-05,4.99999714520527e-07,0.38421740000012505
method-071,5,Random,OriginalOrder,100,5,1265,94.3,310,49.9,1140,23.4,44.4,26.5,70.9,7.105427357601002e-15,4.179999996267725e-05,3.000000106112566e-07,0.41027429999985543
method-071,6,Random,OriginalOrder,100,5,1265,85.7,1265,85.7,5753,42.6,0.0,43.1,43.1,0.0,4.7699999868200393e-05,2.0000015865662135e-07,0.5263504999998077
method-071,7,Random,OriginalOrder,100,5,1265,80.3,1265,80.3,2066,7.6,0.0,72.7,72.7,0.0,4.7900000026857015e-05,3.000000106112566e-07,0.38987579999957234
method-071,8,Random,OriginalOrder,100,5,1265,85.6,1265,85.6,9077,11.1,0.0,74.5,74.5,0.0,4.040000021632295e-05,2.0000015865662135e-07,0.44695329999967726
method-071,9,Random,OriginalOrder,100,5,1265,68.5,1265,68.5,3078,21.5,0.0,47.0,47.0,0.0,3.999999989900971e-05,1.9999970390927047e-07,0.5197311000001719
method-071,10,Random,OriginalOrder,100,5,1265,82.8,1265,82.8,11248,3.6,0.0,79.2,79.2,0.0,3.990000004705507e-05,2.0000015865662135e-07,0.4556032000000414
method-072,1,Random,MarginalGainPredictor,100,5,1265,85.8,1277,85.8,410,51.7,0.0,34.099999999999994,34.099999999999994,0.0,4.709999984697788e-05,0.0004475000000638829,0.36648399999967296
method-072,2,Random,MarginalGainPredictor,100,5,1265,88.1,1265,88.1,1265,88.1,0.0,0.0,0.0,0.0,4.959999978382257e-05,0.0006023999999342777,0.4095220999997764
method-072,3,Random,MarginalGainPredictor,100,5,9070,55.0,3519,52.4,985,36.0,2.6000000000000014,16.4,19.0,0.0,5.1799999710056e-05,0.0006251999998312385,0.4813039000000572
method-072,4,Random,MarginalGainPredictor,100,5,310,46.9,310,46.9,310,46.9,0.0,0.0,0.0,0.0,4.069999977218686e-05,0.0012670999999500054,0.46811650000017835
method-072,5,Random,MarginalGainPredictor,100,5,228,56.9,228,56.9,1277,0.0,0.0,56.9,56.9,0.0,4.0299999909620965e-05,0.001307999999880849,0.383240300000125
method-072,6,Random,MarginalGainPredictor,100,5,3519,59.5,3519,59.5,1807,39.4,0.0,20.1,20.1,0.0,5.289999990054639e-05,0.0013035000001764274,0.4770094999998946
method-072,7,Random,MarginalGainPredictor,100,5,3519,51.5,3519,51.5,2216,36.6,0.0,14.899999999999999,14.899999999999999,0.0,3.839999999399879e-05,0.0013102000002618297,0.47202629999992496
method-072,8,Random,MarginalGainPredictor,100,5,228,51.3,228,51.3,916,5.4,0.0,45.9,45.9,0.0,4.859999990003416e-05,0.0013420000000223808,0.40165440000009767
method-072,9,Random,MarginalGainPredictor,100,5,228,65.8,228,65.8,7995,14.9,0.0,50.9,50.9,0.0,4.440000020622392e-05,0.0013343999999051448,0.4995627000002969
method-072,10,Random,MarginalGainPredictor,100,5,228,57.5,228,57.5,1249,8.2,0.0,49.3,49.3,0.0,5.229999987932388e-05,0.0013326000002962246,0.4150875000000269
method-073,1,Random,OriginalOrder,10,6,1265,85.8,647,30.3,475,17.8,55.5,12.5,68.0,0.0,4.709999984697788e-05,9.999985195463523e-08,0.36648399999967296
method-073,2,Random,OriginalOrder,10,6,1265,87.4,287,21.3,618,15.1,66.10000000000001,6.200000000000001,72.30000000000001,1.7763568394002505e-15,4.1199999941454735e-05,2.0000015865662135e-07,0.4782541999998102
method-073,3,Random,OriginalOrder,10,6,1265,100.6,228,47.4,541,6.4,53.199999999999996,41.0,94.19999999999999,-7.105427357601002e-15,4.1000000237545464e-05,1.9999970390927047e-07,0.3842720000002373
method-073,4,Random,OriginalOrder,10,6,1265,84.4,410,48.8,6159,5.3,35.60000000000001,43.5,79.10000000000001,0.0,4.0099999750964344e-05,2.0000015865662135e-07,0.3889453000001595
method-073,5,Random,OriginalOrder,10,6,1265,95.2,2021,31.6,11248,5.0,63.6,26.6,90.2,0.0,0.00011559999984456226,2.0000015865662135e-07,0.4690170999997463
method-073,6,Random,OriginalOrder,10,6,1265,84.9,905,22.5,14031,3.9,62.400000000000006,18.6,81.0,-7.105427357601002e-15,4.179999996267725e-05,1.0000030670198612e-07,0.480541799999628
method-073,7,Random,OriginalOrder,10,6,1265,83.2,181,35.9,4679,14.4,47.300000000000004,21.5,68.8,-7.105427357601002e-15,3.990000004705507e-05,1.9999970390927047e-07,0.38305880000007164
method-073,8,Random,OriginalOrder,10,6,1265,90.5,98,18.0,11245,5.5,72.5,12.5,85.0,0.0,5.499999997482519e-05,2.0000015865662135e-07,0.4919552000001204
method-073,9,Random,OriginalOrder,10,6,1265,71.0,2021,31.9,656,24.2,39.1,7.699999999999999,46.8,-3.552713678800501e-15,4.2800000301213004e-05,2.0000015865662135e-07,0.4128939000001992
method-073,10,Random,OriginalOrder,10,6,1265,90.8,228,58.0,776,3.7,32.8,54.3,87.1,0.0,4.0100000205711694e-05,2.0000015865662135e-07,0.48034710000001724
method-074,1,Random,MarginalGainPredictor,10,6,1265,85.8,647,30.3,1352,11.2,55.5,19.1,74.6,-7.105427357601002e-15,4.709999984697788e-05,0.0003866000001835346,0.36648399999967296
method-074,2,Random,MarginalGainPredictor,10,6,1265,85.1,1636,18.6,618,18.0,66.5,0.6000000000000014,67.1,-7.105427357601002e-15,3.1399999897985253e-05,0.0012123999999857915,0.38645069999984116
method-074,3,Random,MarginalGainPredictor,10,6,1265,100.0,7995,35.5,7995,35.5,64.5,0.0,64.5,0.0,5.4600000112259295e-05,0.0012176999998700921,0.42660090000026685
method-074,4,Random,MarginalGainPredictor,10,6,1265,84.9,410,48.8,410,48.8,36.10000000000001,0.0,36.10000000000001,0.0,4.2300000131945126e-05,0.0015923000000839238,0.455390499999794
method-074,5,Random,MarginalGainPredictor,10,6,1265,94.5,9070,33.3,1920,27.2,61.2,6.099999999999998,67.3,-3.552713678800501e-15,5.909999981668079e-05,0.0013069000001451059,0.42001840000011725
method-074,6,Random,MarginalGainPredictor,10,6,1265,82.3,4285,21.8,4285,21.8,60.5,0.0,60.5,0.0,3.9600000036443816e-05,0.0012169000001449604,0.32205500000009124
method-074,7,Random,MarginalGainPredictor,10,6,1265,80.6,3225,31.6,916,15.9,48.99999999999999,15.700000000000001,64.69999999999999,-5.329070518200751e-15,4.6300000121846097e-05,0.0012123999999857915,0.44200150000006033
method-074,8,Random,MarginalGainPredictor,10,6,1265,81.9,228,51.9,310,35.1,30.000000000000007,16.799999999999997,46.800000000000004,0.0,3.9199999719130574e-05,0.0012315999997554172,0.43083400000023175
method-074,9,Random,MarginalGainPredictor,10,6,1265,63.3,1785,19.6,1638,10.7,43.699999999999996,8.900000000000002,52.599999999999994,-3.552713678800501e-15,5.03999999637017e-05,0.001290900000185502,0.4446621000001869
method-074,10,Random,MarginalGainPredictor,10,6,1265,85.3,5753,38.4,1816,19.8,46.9,18.599999999999998,65.5,3.552713678800501e-15,3.999999989900971e-05,0.0012728000001516193,0.3150452999998379
method-075,1,Random,OriginalOrder,20,6,1265,85.8,5753,42.8,475,17.8,43.0,24.999999999999996,68.0,3.552713678800501e-15,4.709999984697788e-05,2.0000015865662135e-07,0.36648399999967296
method-075,2,Random,OriginalOrder,20,6,1265,87.4,410,50.6,618,15.1,36.800000000000004,35.5,72.30000000000001,7.105427357601002e-15,4.1199999941454735e-05,3.000000106112566e-07,0.4782541999998102
method-075,3,Random,OriginalOrder,20,6,1265,100.6,228,47.4,541,6.4,53.199999999999996,41.0,94.19999999999999,-7.105427357601002e-15,4.1000000237545464e-05,2.0000015865662135e-07,0.3842720000002373
method-075,4,Random,OriginalOrder,20,6,1265,84.4,410,48.8,6159,5.3,35.60000000000001,43.5,79.10000000000001,0.0,4.0099999750964344e-05,1.9999970390927047e-07,0.3889453000001595
method-075,5,Random,OriginalOrder,20,6,1265,95.2,1807,37.2,11248,5.0,58.0,32.2,90.2,0.0,0.00011559999984456226,3.000000106112566e-07,0.4690170999997463
method-075,6,Random,OriginalOrder,20,6,1265,84.9,1807,45.6,14031,3.9,39.300000000000004,41.7,81.0,-7.105427357601002e-15,4.179999996267725e-05,1.9999970390927047e-07,0.480541799999628
method-075,7,Random,OriginalOrder,20,6,1265,83.2,1277,83.2,4679,14.4,0.0,68.8,68.8,0.0,3.990000004705507e-05,2.0000015865662135e-07,0.38305880000007164
method-075,8,Random,OriginalOrder,20,6,1265,90.5,5454,21.9,11245,5.5,68.6,16.4,85.0,7.105427357601002e-15,5.499999997482519e-05,3.000000106112566e-07,0.4919552000001204
method-075,9,Random,OriginalOrder,20,6,1265,71.0,1277,71.0,656,24.2,0.0,46.8,46.8,0.0,4.2800000301213004e-05,2.999995558639057e-07,0.4128939000001992
method-075,10,Random,OriginalOrder,20,6,1265,90.8,228,58.0,776,3.7,32.8,54.3,87.1,0.0,4.0100000205711694e-05,3.000000106112566e-07,0.48034710000001724
method-076,1,Random,MarginalGainPredictor,20,6,1265,85.8,5753,42.8,1439,32.8,43.0,10.0,53.0,0.0,4.709999984697788e-05,0.00039259999994101236,0.36648399999967296
method-076,2,Random,MarginalGainPredictor,20,6,1265,87.8,410,50.6,410,50.6,37.199999999999996,0.0,37.199999999999996,0.0,4.019999960291898e-05,0.0011993999996775528,0.3865236999999979
method-076,3,Random,MarginalGainPredictor,20,6,1265,95.1,1265,95.1,1265,95.1,0.0,0.0,0.0,0.0,5.289999990054639e-05,0.001222200000029261,0.4810281000000032
method-076,4,Random,MarginalGainPredictor,20,6,310,46.6,658,36.2,658,36.2,10.399999999999999,0.0,10.399999999999999,0.0,3.990000004705507e-05,0.0011582000001908455,0.3904929999998785
method-076,5,Random,MarginalGainPredictor,20,6,228,56.9,892,38.8,1920,18.0,18.1,20.799999999999997,38.9,0.0,6.789999997636187e-05,0.0012641999996958475,0.40670989999989615
method-076,6,Random,MarginalGainPredictor,20,6,3519,59.9,892,35.6,916,20.8,24.299999999999997,14.8,39.099999999999994,-3.552713678800501e-15,5.160000000614673e-05,0.0012486999999055115,0.48286129999996774
method-076,7,Random,MarginalGainPredictor,20,6,3519,51.3,3519,51.3,6314,14.3,0.0,37.0,37.0,0.0,3.9600000036443816e-05,0.0012179999998807034,0.35677899999973306
method-076,8,Random,MarginalGainPredictor,20,6,228,51.8,228,51.8,310,33.6,0.0,18.199999999999996,18.199999999999996,0.0,4.549999994196696e-05,0.0012995000001865264,0.3959647000001496
method-076,9,Random,MarginalGainPredictor,20,6,228,65.3,2021,33.7,3700,14.1,31.599999999999994,19.6,51.199999999999996,0.0,4.650000028050272e-05,0.0012022999999317108,0.47212390000004234
method-076,10,Random,MarginalGainPredictor,20,6,228,58.0,228,58.0,3078,18.2,0.0,39.8,39.8,0.0,4.1599999804020626e-05,0.001345099999980448,0.4830723999998554
method-077,1,Random,OriginalOrder,50,6,1265,85.8,228,51.8,475,17.8,34.0,34.0,68.0,0.0,4.709999984697788e-05,3.000000106112566e-07,0.36648399999967296
method-077,2,Random,OriginalOrder,50,6,1265,87.4,228,53.7,618,15.1,33.7,38.6,72.30000000000001,7.105427357601002e-15,4.1199999941454735e-05,2.0000015865662135e-07,0.4782541999998102
method-077,3,Random,OriginalOrder,50,6,1265,100.6,228,47.4,541,6.4,53.199999999999996,41.0,94.19999999999999,-7.105427357601002e-15,4.1000000237545464e-05,2.0000015865662135e-07,0.3842720000002373
method-077,4,Random,OriginalOrder,50,6,1265,84.4,410,48.8,6159,5.3,35.60000000000001,43.5,79.10000000000001,0.0,4.0099999750964344e-05,2.0000015865662135e-07,0.3889453000001595
method-077,5,Random,OriginalOrder,50,6,1265,95.2,1277,95.2,11248,5.0,0.0,90.2,90.2,0.0,0.00011559999984456226,2.0000015865662135e-07,0.4690170999997463
method-077,6,Random,OriginalOrder,50,6,1265,84.9,1807,45.6,14031,3.9,39.300000000000004,41.7,81.0,-7.105427357601002e-15,4.179999996267725e-05,3.000000106112566e-07,0.480541799999628
method-077,7,Random,OriginalOrder,50,6,1265,83.2,1265,83.2,4679,14.4,0.0,68.8,68.8,0.0,3.990000004705507e-05,3.000000106112566e-07,0.38305880000007164
method-077,8,Random,OriginalOrder,50,6,1265,90.5,892,40.1,11245,5.5,50.4,34.6,85.0,0.0,5.499999997482519e-05,3.000000106112566e-07,0.4919552000001204
method-077,9,Random,OriginalOrder,50,6,1265,71.0,1277,71.0,656,24.2,0.0,46.8,46.8,0.0,4.2800000301213004e-05,3.000000106112566e-07,0.4128939000001992
method-077,10,Random,OriginalOrder,50,6,1265,90.8,228,58.0,776,3.7,32.8,54.3,87.1,0.0,4.0100000205711694e-05,3.000000106112566e-07,0.48034710000001724
method-078,1,Random,MarginalGainPredictor,50,6,1265,85.8,228,51.8,820,19.4,34.0,32.4,66.4,7.105427357601002e-15,4.709999984697788e-05,0.0004398000000946922,0.36648399999967296
method-078,2,Random,MarginalGainPredictor,50,6,1265,87.9,5753,43.7,410,43.0,44.2,0.7000000000000028,44.900000000000006,0.0,5.220000002736924e-05,0.0006680999999844062,0.3929721999998037
method-078,3,Random,MarginalGainPredictor,50,6,1265,96.5,1265,96.5,1265,96.5,0.0,0.0,0.0,0.0,4.649999982575537e-05,0.0013324999999895226,0.38451420000001235
method-078,4,Random,MarginalGainPredictor,50,6,310,47.0,658,36.2,3078,17.7,10.799999999999997,18.500000000000004,29.3,0.0,3.97000003431458e-05,0.0013540999998440384,0.47440580000011323
method-078,5,Random,MarginalGainPredictor,50,6,228,56.9,892,38.9,1807,37.9,18.0,1.0,19.0,0.0,4.2099999973288504e-05,0.0013005000000703149,0.47351279999975304
method-078,6,Random,MarginalGainPredictor,50,6,3519,59.8,5753,43.2,310,38.1,16.599999999999994,5.100000000000001,21.699999999999996,0.0,5.0799999826267594e-05,0.0013245000000097207,0.39080890000013824
method-078,7,Random,MarginalGainPredictor,50,6,3519,51.2,3519,51.2,7995,16.6,0.0,34.6,34.6,0.0,3.999999989900971e-05,0.0013077999997221923,0.4746580000000904
method-078,8,Random,MarginalGainPredictor,50,6,228,51.3,228,51.3,985,26.0,0.0,25.299999999999997,25.299999999999997,0.0,4.1400000100111356e-05,0.0012697999995907594,0.4828480999999556
method-078,9,Random,MarginalGainPredictor,50,6,228,65.8,2477,35.2,1277,0.0,30.599999999999994,35.2,65.8,0.0,3.9400000332534546e-05,0.0013523999996323255,0.42449660000011136
method-078,10,Random,MarginalGainPredictor,50,6,228,57.5,9070,35.0,1439,19.2,22.5,15.8,38.3,-3.552713678800501e-15,3.980000019510044e-05,0.0013616999999612744,0.36766880000004676
method-079,1,Random,OriginalOrder,100,6,1265,85.8,1265,85.8,475,17.8,0.0,68.0,68.0,0.0,4.709999984697788e-05,9.999985195463523e-08,0.36648399999967296
method-079,2,Random,OriginalOrder,100,6,1265,87.4,1277,87.4,618,15.1,0.0,72.30000000000001,72.30000000000001,0.0,4.1199999941454735e-05,1.9999970390927047e-07,0.4782541999998102
method-079,3,Random,OriginalOrder,100,6,1265,100.6,228,47.4,541,6.4,53.199999999999996,41.0,94.19999999999999,-7.105427357601002e-15,4.1000000237545464e-05,3.000000106112566e-07,0.3842720000002373
method-079,4,Random,OriginalOrder,100,6,1265,84.4,410,48.8,6159,5.3,35.60000000000001,43.5,79.10000000000001,0.0,4.0099999750964344e-05,3.000000106112566e-07,0.3889453000001595
method-079,5,Random,OriginalOrder,100,6,1265,95.2,1277,95.2,11248,5.0,0.0,90.2,90.2,0.0,0.00011559999984456226,3.000000106112566e-07,0.4690170999997463
method-079,6,Random,OriginalOrder,100,6,1265,84.9,1807,45.6,14031,3.9,39.300000000000004,41.7,81.0,-7.105427357601002e-15,4.179999996267725e-05,3.000000106112566e-07,0.480541799999628
method-079,7,Random,OriginalOrder,100,6,1265,83.2,1265,83.2,4679,14.4,0.0,68.8,68.8,0.0,3.990000004705507e-05,1.9999970390927047e-07,0.38305880000007164
method-079,8,Random,OriginalOrder,100,6,1265,90.5,7123,41.6,11245,5.5,48.9,36.1,85.0,0.0,5.499999997482519e-05,3.000000106112566e-07,0.4919552000001204
method-079,9,Random,OriginalOrder,100,6,1265,71.0,1265,71.0,656,24.2,0.0,46.8,46.8,0.0,4.2800000301213004e-05,3.000000106112566e-07,0.4128939000001992
method-079,10,Random,OriginalOrder,100,6,1265,90.8,228,58.0,776,3.7,32.8,54.3,87.1,0.0,4.0100000205711694e-05,3.999998625658918e-07,0.48034710000001724
method-080,1,Random,MarginalGainPredictor,100,6,1265,85.8,1265,85.8,1265,85.8,0.0,0.0,0.0,0.0,4.709999984697788e-05,0.00047889999996186816,0.36648399999967296
method-080,2,Random,MarginalGainPredictor,100,6,3519,58.5,3519,58.5,410,50.6,0.0,7.899999999999999,7.899999999999999,0.0,5.020000025979243e-05,0.0006669999997939158,0.32897410000032323
method-080,3,Random,MarginalGainPredictor,100,6,9070,55.0,228,47.4,985,36.0,7.600000000000001,11.399999999999999,19.0,0.0,4.949999993186793e-05,0.000777499999912834,0.417258700000275
method-080,4,Random,MarginalGainPredictor,100,6,310,46.9,310,46.9,310,46.9,0.0,0.0,0.0,0.0,5.1500000154192094e-05,0.00132469999971363,0.4690119000001687
method-080,5,Random,MarginalGainPredictor,100,6,228,56.9,228,56.9,820,15.2,0.0,41.7,41.7,0.0,3.9600000036443816e-05,0.0014280000000326254,0.405371699999705
method-080,6,Random,MarginalGainPredictor,100,6,3519,59.2,2216,32.5,2216,32.5,26.700000000000003,0.0,26.700000000000003,0.0,6.970000004002941e-05,0.0013600000002043089,0.470835900000111
method-080,7,Random,MarginalGainPredictor,100,6,3519,52.3,3519,52.3,7995,17.5,0.0,34.8,34.8,0.0,4.949999993186793e-05,0.001411299999745097,0.49500190000026123
method-080,8,Random,MarginalGainPredictor,100,6,228,51.5,3519,44.4,1807,35.4,7.100000000000001,9.0,16.1,0.0,5.450000026030466e-05,0.0013484000000971719,0.41724939999994604
method-080,9,Random,MarginalGainPredictor,100,6,228,65.8,228,65.8,1277,0.0,0.0,65.8,65.8,0.0,5.759999976362451e-05,0.001380700000026991,0.5042222000001857
method-080,10,Random,MarginalGainPredictor,100,6,228,57.5,3519,42.4,916,8.0,15.100000000000001,34.4,49.5,0.0,4.489999992074445e-05,0.0013467000003402063,0.47352890000001935
method-081,1,Random,OriginalOrder,10,7,1265,85.8,2216,32.9,4934,23.7,52.9,9.2,62.099999999999994,-3.552713678800501e-15,4.73000000056345e-05,9.999985195463523e-08,0.36648399999967296
method-081,2,Random,OriginalOrder,10,7,1265,88.1,1140,27.1,692,17.3,60.99999999999999,9.8,70.8,3.552713678800501e-15,4.1599999804020626e-05,2.0000015865662135e-07,0.47311489999992773
method-081,3,Random,OriginalOrder,10,7,1265,97.1,3700,24.0,1423,18.5,73.1,5.5,78.6,0.0,3.9200000173877925e-05,9.999985195463523e-08,0.5119586000000709
method-081,4,Random,OriginalOrder,10,7,1265,79.6,4103,17.3,4103,17.3,62.3,0.0,62.3,0.0,4.579999995257822e-05,2.0000015865662135e-07,0.38691419999986465
method-081,5,Random,OriginalOrder,10,7,1265,93.3,1439,33.7,985,32.1,59.599999999999994,1.6000000000000014,61.199999999999996,0.0,5.289999990054639e-05,2.0000015865662135e-07,0.4805360999998811
method-081,6,Random,OriginalOrder,10,7,1265,86.3,1265,86.3,1126,5.9,0.0,80.39999999999999,80.39999999999999,0.0,4.760000001624576e-05,2.0000015865662135e-07,0.4725940999996965
method-081,7,Random,OriginalOrder,10,7,1265,70.9,1277,70.9,11796,16.3,0.0,54.60000000000001,54.60000000000001,0.0,5.329999976311228e-05,1.9999970390927047e-07,0.3909409000002597
method-081,8,Random,OriginalOrder,10,7,1265,89.8,228,45.5,679,11.0,44.3,34.5,78.8,0.0,3.839999999399879e-05,1.9999970390927047e-07,0.4839118999998391
method-081,9,Random,OriginalOrder,10,7,1265,68.0,1265,68.0,1140,26.8,0.0,41.2,41.2,0.0,3.9399999877787195e-05,5.000001692678779e-07,0.40061839999998483
method-081,10,Random,OriginalOrder,10,7,1265,90.9,2442,23.0,4824,10.3,67.9,12.7,80.60000000000001,3.552713678800501e-15,5.330000021785963e-05,2.0000015865662135e-07,0.5303307999997742
method-082,1,Random,MarginalGainPredictor,10,7,1265,85.8,2216,32.9,2216,32.9,52.9,0.0,52.9,0.0,4.73000000056345e-05,0.0004206000003250665,0.36648399999967296
method-082,2,Random,MarginalGainPredictor,10,7,1265,88.1,228,53.7,1816,15.4,34.39999999999999,38.300000000000004,72.69999999999999,-7.105427357601002e-15,3.670000023703324e-05,0.0011978000002272893,0.3242347000000336
method-082,3,Random,MarginalGainPredictor,10,7,1265,94.6,3700,24.0,1423,18.5,70.6,5.5,76.1,0.0,4.540000009001233e-05,0.0012957999997524894,0.32007100000009814
method-082,4,Random,MarginalGainPredictor,10,7,1265,79.6,1818,16.5,611,11.0,63.099999999999994,5.5,68.6,0.0,5.1199999688833486e-05,0.0012191000000711938,0.417015900000024
method-082,5,Random,MarginalGainPredictor,10,7,1265,92.2,985,31.5,985,31.5,60.7,0.0,60.7,0.0,5.2400000186025864e-05,0.0012363000000732427,0.3187815999999657
method-082,6,Random,MarginalGainPredictor,10,7,1265,78.1,1265,78.1,1265,78.1,0.0,0.0,0.0,0.0,3.8100000438134884e-05,0.0012930000002597808,0.31812289999970744
method-082,7,Random,MarginalGainPredictor,10,7,3519,51.3,3916,29.6,3916,29.6,21.699999999999996,0.0,21.699999999999996,0.0,3.949999972974183e-05,0.0012646000000131608,0.42709869999998773
method-082,8,Random,MarginalGainPredictor,10,7,228,52.1,1140,30.7,1277,0.0,21.400000000000002,30.7,52.1,0.0,4.929999977321131e-05,0.0012452000000848784,0.3277094999998553
method-082,9,Random,MarginalGainPredictor,10,7,228,63.2,830,34.1,1807,17.0,29.1,17.1,46.2,0.0,4.1000000237545464e-05,0.0012618000000657048,0.4338793000001715
method-082,10,Random,MarginalGainPredictor,10,7,228,56.9,4934,21.1,4934,21.1,35.8,0.0,35.8,0.0,3.9600000036443816e-05,0.0012797000003956782,0.32454120000011244
method-083,1,Random,OriginalOrder,20,7,1265,85.8,1807,43.6,4934,23.7,42.199999999999996,19.900000000000002,62.099999999999994,-3.552713678800501e-15,4.73000000056345e-05,2.0000015865662135e-07,0.36648399999967296
method-083,2,Random,OriginalOrder,20,7,1265,88.1,410,50.6,692,17.3,37.49999999999999,33.3,70.8,7.105427357601002e-15,4.1599999804020626e-05,3.999998625658918e-07,0.47311489999992773
method-083,3,Random,OriginalOrder,20,7,1265,97.1,830,25.7,1423,18.5,71.39999999999999,7.199999999999999,78.6,3.552713678800501e-15,3.9200000173877925e-05,3.000000106112566e-07,0.5119586000000709
method-083,4,Random,OriginalOrder,20,7,1265,79.6,5454,29.6,4103,17.3,49.99999999999999,12.3,62.3,3.552713678800501e-15,4.579999995257822e-05,2.0000015865662135e-07,0.38691419999986465
method-083,5,Random,OriginalOrder,20,7,1265,93.3,1439,33.7,985,32.1,59.599999999999994,1.6000000000000014,61.199999999999996,0.0,5.289999990054639e-05,3.000000106112566e-07,0.4805360999998811
method-083,6,Random,OriginalOrder,20,7,1265,86.3,1265,86.3,1126,5.9,0.0,80.39999999999999,80.39999999999999,0.0,4.760000001624576e-05,3.000000106112566e-07,0.4725940999996965
method-083,7,Random,OriginalOrder,20,7,1265,70.9,1277,70.9,11796,16.3,0.0,54.60000000000001,54.60000000000001,0.0,5.329999976311228e-05,2.0000015865662135e-07,0.3909409000002597
method-083,8,Random,OriginalOrder,20,7,1265,89.8,228,45.5,679,11.0,44.3,34.5,78.8,0.0,3.839999999399879e-05,1.9999970390927047e-07,0.4839118999998391
method-083,9,Random,OriginalOrder,20,7,1265,68.0,1265,68.0,1140,26.8,0.0,41.2,41.2,0.0,3.9399999877787195e-05,3.000000106112566e-07,0.40061839999998483
method-083,10,Random,OriginalOrder,20,7,1265,90.9,5753,44.5,4824,10.3,46.400000000000006,34.2,80.60000000000001,0.0,5.330000021785963e-05,6.000000212225132e-07,0.5303307999997742
method-084,1,Random,MarginalGainPredictor,20,7,1265,85.8,1807,43.6,1807,43.6,42.199999999999996,0.0,42.199999999999996,0.0,4.73000000056345e-05,0.0005920999997215404,0.36648399999967296
method-084,2,Random,MarginalGainPredictor,20,7,1265,87.6,228,53.7,410,50.6,33.89999999999999,3.1000000000000014,36.99999999999999,0.0,4.019999960291898e-05,0.001259699999991426,0.49057509999965987
method-084,3,Random,MarginalGainPredictor,20,7,1265,90.9,310,44.6,310,44.6,46.300000000000004,0.0,46.300000000000004,0.0,4.0299999909620965e-05,0.0012725999999929627,0.4708087999997588
method-084,4,Random,MarginalGainPredictor,20,7,1265,82.0,5753,36.0,9070,27.4,46.0,8.600000000000001,54.6,0.0,3.990000004705507e-05,0.0012460999996619648,0.3919725999999173
method-084,5,Random,MarginalGainPredictor,20,7,1265,90.1,3519,42.9,916,23.1,47.199999999999996,19.799999999999997,67.0,7.105427357601002e-15,6.67000003886642e-05,0.0013033000000177708,0.4668514999998479
method-084,6,Random,MarginalGainPredictor,20,7,1265,73.9,2146,19.0,1249,9.9,54.900000000000006,9.1,64.0,-5.329070518200751e-15,3.930000002583256e-05,0.001210200000059558,0.47328550000020186
method-084,7,Random,MarginalGainPredictor,20,7,1265,80.7,2216,36.6,2216,36.6,44.1,0.0,44.1,0.0,3.930000002583256e-05,0.0012588999998115469,0.39475030000039624
method-084,8,Random,MarginalGainPredictor,20,7,1265,82.5,3225,33.3,618,14.1,49.2,19.199999999999996,68.4,7.105427357601002e-15,4.0100000205711694e-05,0.001245299999936833,0.48633449999988443
method-084,9,Random,MarginalGainPredictor,20,7,1265,64.3,3916,23.7,820,18.1,40.599999999999994,5.599999999999998,46.199999999999996,3.552713678800501e-15,3.90000000152213e-05,0.001246399999672576,0.41821210000034625
method-084,10,Random,MarginalGainPredictor,20,7,1265,77.8,892,33.1,985,30.1,44.699999999999996,3.0,47.699999999999996,0.0,4.9899999794433825e-05,0.001376599999730388,0.4808179999999993
method-085,1,Random,OriginalOrder,50,7,1265,85.8,228,51.8,4934,23.7,34.0,28.099999999999998,62.099999999999994,-3.552713678800501e-15,4.73000000056345e-05,2.0000015865662135e-07,0.36648399999967296
method-085,2,Random,OriginalOrder,50,7,1265,88.1,1265,88.1,692,17.3,0.0,70.8,70.8,0.0,4.1599999804020626e-05,3.000000106112566e-07,0.47311489999992773
method-085,3,Random,OriginalOrder,50,7,1265,97.1,1265,97.1,1423,18.5,0.0,78.6,78.6,0.0,3.9200000173877925e-05,3.000000106112566e-07,0.5119586000000709
method-085,4,Random,OriginalOrder,50,7,1265,79.6,228,40.8,4103,17.3,38.8,23.499999999999996,62.3,3.552713678800501e-15,4.579999995257822e-05,4.99999714520527e-07,0.38691419999986465
method-085,5,Random,OriginalOrder,50,7,1265,93.3,1277,93.3,985,32.1,0.0,61.199999999999996,61.199999999999996,0.0,5.289999990054639e-05,3.000000106112566e-07,0.4805360999998811
method-085,6,Random,OriginalOrder,50,7,1265,86.3,1265,86.3,1126,5.9,0.0,80.39999999999999,80.39999999999999,0.0,4.760000001624576e-05,4.000003173132427e-07,0.4725940999996965
method-085,7,Random,OriginalOrder,50,7,1265,70.9,1277,70.9,11796,16.3,0.0,54.60000000000001,54.60000000000001,0.0,5.329999976311228e-05,3.999998625658918e-07,0.3909409000002597
method-085,8,Random,OriginalOrder,50,7,1265,89.8,1277,89.8,679,11.0,0.0,78.8,78.8,0.0,3.839999999399879e-05,3.000000106112566e-07,0.4839118999998391
method-085,9,Random,OriginalOrder,50,7,1265,68.0,1265,68.0,1140,26.8,0.0,41.2,41.2,0.0,3.9399999877787195e-05,2.0000015865662135e-07,0.40061839999998483
method-085,10,Random,OriginalOrder,50,7,1265,90.9,228,51.3,4824,10.3,39.60000000000001,41.0,80.60000000000001,0.0,5.330000021785963e-05,1.9999970390927047e-07,0.5303307999997742
method-086,1,Random,MarginalGainPredictor,50,7,1265,85.8,228,51.8,1807,43.6,34.0,8.199999999999996,42.199999999999996,0.0,4.73000000056345e-05,0.00045300000010684016,0.36648399999967296
method-086,2,Random,MarginalGainPredictor,50,7,1265,87.6,1265,87.6,1265,87.6,0.0,0.0,0.0,0.0,4.019999960291898e-05,0.0007128000002012413,0.49057509999965987
method-086,3,Random,MarginalGainPredictor,50,7,9070,57.1,410,43.3,410,43.3,13.800000000000004,0.0,13.800000000000004,0.0,3.950000018448918e-05,0.001361900000119931,0.47431349999988015
method-086,4,Random,MarginalGainPredictor,50,7,310,46.9,5753,34.6,2216,27.5,12.299999999999997,7.100000000000001,19.4,0.0,6.530000018756255e-05,0.00135790000013003,0.5328772999996545
method-086,5,Random,MarginalGainPredictor,50,7,228,56.9,5753,43.3,1277,0.0,13.600000000000001,43.3,56.9,0.0,3.990000004705507e-05,0.0012974999999642023,0.4762046000000737
method-086,6,Random,MarginalGainPredictor,50,7,3519,60.2,2477,34.4,985,34.0,25.800000000000004,0.3999999999999986,26.200000000000003,0.0,4.619999981514411e-05,0.0012916000000586791,0.38247009999986403
method-086,7,Random,MarginalGainPredictor,50,7,3519,53.0,3519,53.0,9070,44.8,0.0,8.200000000000003,8.200000000000003,0.0,6.91000000188069e-05,0.0013079000000288943,0.47309939999968265
method-086,8,Random,MarginalGainPredictor,50,7,228,51.6,5753,37.4,820,17.8,14.200000000000003,19.599999999999998,33.8,-3.552713678800501e-15,3.950000018448918e-05,0.0013193999998293293,0.3849003999998786
method-086,9,Random,MarginalGainPredictor,50,7,228,65.9,830,35.0,1249,13.7,30.900000000000006,21.3,52.2,-3.552713678800501e-15,3.950000018448918e-05,0.0016890000001694716,0.5102690000003349
method-086,10,Random,MarginalGainPredictor,50,7,228,57.4,310,43.4,310,43.4,14.0,0.0,14.0,0.0,3.969999988839845e-05,0.0013134000000718515,0.40933589999986
method-087,1,Random,OriginalOrder,100,7,1265,85.8,1265,85.8,4934,23.7,0.0,62.099999999999994,62.099999999999994,0.0,4.73000000056345e-05,2.0000015865662135e-07,0.36648399999967296
method-087,2,Random,OriginalOrder,100,7,1265,88.1,1265,88.1,692,17.3,0.0,70.8,70.8,0.0,4.1599999804020626e-05,2.0000015865662135e-07,0.47311489999992773
method-087,3,Random,OriginalOrder,100,7,1265,97.1,1265,97.1,1423,18.5,0.0,78.6,78.6,0.0,3.9200000173877925e-05,3.000000106112566e-07,0.5119586000000709
method-087,4,Random,OriginalOrder,100,7,1265,79.6,1277,79.6,4103,17.3,0.0,62.3,62.3,0.0,4.579999995257822e-05,3.000000106112566e-07,0.38691419999986465
method-087,5,Random,OriginalOrder,100,7,1265,93.3,1277,93.3,985,32.1,0.0,61.199999999999996,61.199999999999996,0.0,5.289999990054639e-05,3.000000106112566e-07,0.4805360999998811
method-087,6,Random,OriginalOrder,100,7,1265,86.3,1265,86.3,1126,5.9,0.0,80.39999999999999,80.39999999999999,0.0,4.760000001624576e-05,6.000000212225132e-07,0.4725940999996965
method-087,7,Random,OriginalOrder,100,7,1265,70.9,1265,70.9,11796,16.3,0.0,54.60000000000001,54.60000000000001,0.0,5.329999976311228e-05,2.0000015865662135e-07,0.3909409000002597
method-087,8,Random,OriginalOrder,100,7,1265,89.8,1277,89.8,679,11.0,0.0,78.8,78.8,0.0,3.839999999399879e-05,1.9999970390927047e-07,0.4839118999998391
method-087,9,Random,OriginalOrder,100,7,1265,68.0,1265,68.0,1140,26.8,0.0,41.2,41.2,0.0,3.9399999877787195e-05,3.999998625658918e-07,0.40061839999998483
method-087,10,Random,OriginalOrder,100,7,1265,90.9,1265,90.9,4824,10.3,0.0,80.60000000000001,80.60000000000001,0.0,5.330000021785963e-05,3.000000106112566e-07,0.5303307999997742
method-088,1,Random,MarginalGainPredictor,100,7,1265,85.8,1265,85.8,1265,85.8,0.0,0.0,0.0,0.0,4.73000000056345e-05,0.00045140000020182924,0.36648399999967296
method-088,2,Random,MarginalGainPredictor,100,7,3519,58.5,228,52.8,410,50.6,5.700000000000003,2.1999999999999957,7.899999999999999,0.0,5.109999983687885e-05,0.0006595999998353363,0.32897410000032323
method-088,3,Random,MarginalGainPredictor,100,7,9070,55.0,1807,42.6,1807,42.6,12.399999999999999,0.0,12.399999999999999,0.0,5.069999997431296e-05,0.0007492999998248706,0.417258700000275
method-088,4,Random,MarginalGainPredictor,100,7,310,46.9,1920,36.2,985,32.6,10.699999999999996,3.6000000000000014,14.299999999999997,0.0,5.25000000379805e-05,0.0007466000001841167,0.4777132999997775
method-088,5,Random,MarginalGainPredictor,100,7,228,56.9,228,56.9,310,46.9,0.0,10.0,10.0,0.0,4.9700000090524554e-05,0.0007527999996455037,0.38166769999997996
method-088,6,Random,MarginalGainPredictor,100,7,3519,57.6,892,40.7,820,18.3,16.9,22.400000000000002,39.3,-3.552713678800501e-15,5.0600000122358324e-05,0.0009853999999904772,0.3956748999999036
method-088,7,Random,MarginalGainPredictor,100,7,3519,51.3,3519,51.3,1277,0.0,0.0,51.3,51.3,0.0,3.9600000036443816e-05,0.0013608999997813953,0.4841873000000305
method-088,8,Random,MarginalGainPredictor,100,7,228,51.3,3519,45.1,2216,28.7,6.199999999999996,16.400000000000002,22.599999999999998,0.0,4.9900000249181176e-05,0.001398200000039651,0.5057711999997991
method-088,9,Random,MarginalGainPredictor,100,7,228,65.8,3519,55.1,7995,15.6,10.699999999999996,39.5,50.199999999999996,0.0,3.969999988839845e-05,0.0013225000002421439,0.39257769999994707
method-088,10,Random,MarginalGainPredictor,100,7,228,57.5,892,33.2,1249,8.2,24.299999999999997,25.000000000000004,49.3,-3.552713678800501e-15,3.9399999877787195e-05,0.0013094999999339052,0.4870005000002493
method-089,1,Random,OriginalOrder,10,8,1265,85.8,1443,22.4,6159,8.0,63.4,14.399999999999999,77.8,0.0,4.750000016429112e-05,9.999985195463523e-08,0.36648399999967296
method-089,2,Random,OriginalOrder,10,8,1265,88.1,5753,43.7,12380,3.7,44.39999999999999,40.0,84.39999999999999,0.0,4.3000000005122274e-05,1.9999970390927047e-07,0.40156989999968573
method-089,3,Random,OriginalOrder,10,8,1265,100.6,3916,44.2,14013,4.0,56.39999999999999,40.2,96.6,0.0,4.000000035375706e-05,3.000000106112566e-07,0.38449820000005275
method-089,4,Random,OriginalOrder,10,8,1265,85.1,5753,37.8,5753,37.8,47.3,0.0,47.3,0.0,4.380000018500141e-05,2.0000015865662135e-07,0.48544089999995776
method-089,5,Random,OriginalOrder,10,8,1265,91.4,310,50.4,647,27.7,41.00000000000001,22.7,63.7,-3.552713678800501e-15,4.170000011072261e-05,1.0000030670198612e-07,0.40029169999979786
method-089,6,Random,OriginalOrder,10,8,1265,86.1,3519,21.8,2455,9.9,64.3,11.9,76.19999999999999,-8.881784197001252e-15,4.5399999635264976e-05,2.0000015865662135e-07,0.4727864999999838
method-089,7,Random,OriginalOrder,10,8,1265,80.3,3916,35.1,541,6.0,45.199999999999996,29.1,74.3,0.0,5.830000009154901e-05,1.9999970390927047e-07,0.5169799000000239
method-089,8,Random,OriginalOrder,10,8,1265,85.4,4859,18.9,916,16.7,66.5,2.1999999999999993,68.7,3.552713678800501e-15,4.03999997615756e-05,9.999985195463523e-08,0.4859686999998303
method-089,9,Random,OriginalOrder,10,8,1265,63.6,1978,15.6,547,15.3,48.0,0.29999999999999893,48.3,-1.7763568394002505e-15,3.980000019510044e-05,1.0000030670198612e-07,0.49977720000015324
method-089,10,Random,OriginalOrder,10,8,1265,78.4,2122,26.3,2034,7.6,52.10000000000001,18.700000000000003,70.80000000000001,0.0,3.890000016326667e-05,1.9999970390927047e-07,0.3941727000001265
method-090,1,Random,MarginalGainPredictor,10,8,1265,85.8,1443,22.4,7377,16.8,63.4,5.599999999999998,69.0,3.552713678800501e-15,4.750000016429112e-05,0.0003031000001101347,0.36648399999967296
method-090,2,Random,MarginalGainPredictor,10,8,1265,85.6,5753,43.5,5753,43.5,42.099999999999994,0.0,42.099999999999994,0.0,5.529999998543644e-05,0.0012165999996796018,0.45744550000017625
method-090,3,Random,MarginalGainPredictor,10,8,1265,97.7,3916,44.1,7995,27.5,53.6,16.6,70.2,0.0,5.229999987932388e-05,0.001326000000062777,0.42126690000031886
method-090,4,Random,MarginalGainPredictor,10,8,1265,80.1,892,29.5,892,29.5,50.599999999999994,0.0,50.599999999999994,0.0,4.130000024815672e-05,0.00123089999988224,0.3241548999999395
method-090,5,Random,MarginalGainPredictor,10,8,1265,87.2,310,49.1,310,49.1,38.1,0.0,38.1,0.0,4.11000000895001e-05,0.0013326999996934319,0.41971990000001824
method-090,6,Random,MarginalGainPredictor,10,8,1265,78.4,9070,30.9,1423,18.7,47.50000000000001,12.2,59.7,-3.552713678800501e-15,3.979999974035309e-05,0.0012413999997988867,0.4513868999997612
method-090,7,Random,MarginalGainPredictor,10,8,1265,73.8,658,26.9,658,26.9,46.9,0.0,46.9,0.0,4.1200000396202086e-05,0.0013670999996975297,0.48708940000005896
method-090,8,Random,MarginalGainPredictor,10,8,1265,82.6,9070,27.9,916,13.7,54.699999999999996,14.2,68.89999999999999,-3.552713678800501e-15,5.210000017541461e-05,0.0013436000003821391,0.34030040000016015
method-090,9,Random,MarginalGainPredictor,10,8,228,66.1,1818,15.5,1818,15.5,50.599999999999994,0.0,50.599999999999994,0.0,3.90000000152213e-05,0.0012295999999878404,0.338623699999971
method-090,10,Random,MarginalGainPredictor,10,8,1265,82.6,820,30.1,820,30.1,52.49999999999999,0.0,52.49999999999999,0.0,3.860000015265541e-05,0.0012540000002445595,0.42689030000019557
method-091,1,Random,OriginalOrder,20,8,1265,85.8,1443,22.4,6159,8.0,63.4,14.399999999999999,77.8,0.0,4.750000016429112e-05,2.0000015865662135e-07,0.36648399999967296
method-091,2,Random,OriginalOrder,20,8,1265,88.1,5753,43.7,12380,3.7,44.39999999999999,40.0,84.39999999999999,0.0,4.3000000005122274e-05,3.000000106112566e-07,0.40156989999968573
method-091,3,Random,OriginalOrder,20,8,1265,100.6,1277,100.6,14013,4.0,0.0,96.6,96.6,0.0,4.000000035375706e-05,1.9999970390927047e-07,0.38449820000005275
method-091,4,Random,OriginalOrder,20,8,1265,85.1,3519,44.6,5753,37.8,40.49999999999999,6.800000000000004,47.3,0.0,4.380000018500141e-05,2.0000015865662135e-07,0.48544089999995776
method-091,5,Random,OriginalOrder,20,8,1265,91.4,310,50.4,647,27.7,41.00000000000001,22.7,63.7,-3.552713678800501e-15,4.170000011072261e-05,4.000003173132427e-07,0.40029169999979786
method-091,6,Random,OriginalOrder,20,8,1265,86.1,3519,21.8,2455,9.9,64.3,11.9,76.19999999999999,-8.881784197001252e-15,4.5399999635264976e-05,3.000000106112566e-07,0.4727864999999838
method-091,7,Random,OriginalOrder,20,8,1265,80.3,3916,35.1,541,6.0,45.199999999999996,29.1,74.3,0.0,5.830000009154901e-05,1.9999970390927047e-07,0.5169799000000239
method-091,8,Random,OriginalOrder,20,8,1265,85.4,985,26.4,916,16.7,59.00000000000001,9.7,68.7,-3.552713678800501e-15,4.03999997615756e-05,2.0000015865662135e-07,0.4859686999998303
method-091,9,Random,OriginalOrder,20,8,1265,63.6,1249,21.0,547,15.3,42.6,5.699999999999999,48.3,-3.552713678800501e-15,3.980000019510044e-05,3.999998625658918e-07,0.49977720000015324
method-091,10,Random,OriginalOrder,20,8,1265,78.4,410,51.4,2034,7.6,27.000000000000007,43.8,70.80000000000001,7.105427357601002e-15,3.890000016326667e-05,3.000000106112566e-07,0.3941727000001265
method-092,1,Random,MarginalGainPredictor,20,8,1265,85.8,1443,22.4,1423,19.2,63.4,3.1999999999999993,66.6,-3.552713678800501e-15,4.750000016429112e-05,0.0002996999996867089,0.36648399999967296
method-092,2,Random,MarginalGainPredictor,20,8,1265,84.1,1807,34.1,1807,34.1,49.99999999999999,0.0,49.99999999999999,0.0,5.0099999953090446e-05,0.0012198999997963256,0.39190069999995103
method-092,3,Random,MarginalGainPredictor,20,8,1265,91.1,1140,29.3,1352,12.7,61.8,16.6,78.39999999999999,-7.105427357601002e-15,4.269999999451102e-05,0.0012443999999049993,0.3967003000002478
method-092,4,Random,MarginalGainPredictor,20,8,1265,79.5,1277,79.5,1277,79.5,0.0,0.0,0.0,0.0,4.11000000895001e-05,0.0012598999996953353,0.47436219999963214
method-092,5,Random,MarginalGainPredictor,20,8,228,56.9,985,31.5,985,31.5,25.4,0.0,25.4,0.0,5.229999987932388e-05,0.0016067000001385168,0.41541510000024573
method-092,6,Random,MarginalGainPredictor,20,8,3519,59.5,310,36.8,310,36.8,22.700000000000003,0.0,22.700000000000003,0.0,3.930000002583256e-05,0.0012295000001358858,0.39903229999981704
method-092,7,Random,MarginalGainPredictor,20,8,3519,48.8,181,34.2,3078,21.2,14.599999999999994,13.000000000000004,27.599999999999998,0.0,3.979999974035309e-05,0.0012068999999428343,0.40339650000032634
method-092,8,Random,MarginalGainPredictor,20,8,228,51.9,892,38.6,2216,28.7,13.299999999999997,9.900000000000002,23.2,0.0,3.969999988839845e-05,0.0012299999998504063,0.49278300000014497
method-092,9,Random,MarginalGainPredictor,20,8,228,66.5,2122,28.8,1255,7.2,37.7,21.6,59.3,-7.105427357601002e-15,3.9399999877787195e-05,0.0012295999999878404,0.5080305999999837
method-092,10,Random,MarginalGainPredictor,20,8,228,57.4,892,33.2,916,9.4,24.199999999999996,23.800000000000004,48.0,0.0,3.8300000142044155e-05,0.001231299999744806,0.37640390000024126
method-093,1,Random,OriginalOrder,50,8,1265,85.8,1439,32.8,6159,8.0,53.0,24.799999999999997,77.8,0.0,4.750000016429112e-05,2.0000015865662135e-07,0.36648399999967296
method-093,2,Random,OriginalOrder,50,8,1265,88.1,5753,43.7,12380,3.7,44.39999999999999,40.0,84.39999999999999,0.0,4.3000000005122274e-05,3.000000106112566e-07,0.40156989999968573
method-093,3,Random,OriginalOrder,50,8,1265,100.6,1277,100.6,14013,4.0,0.0,96.6,96.6,0.0,4.000000035375706e-05,4.000003173132427e-07,0.38449820000005275
method-093,4,Random,OriginalOrder,50,8,1265,85.1,3519,44.6,5753,37.8,40.49999999999999,6.800000000000004,47.3,0.0,4.380000018500141e-05,1.9999970390927047e-07,0.48544089999995776
method-093,5,Random,OriginalOrder,50,8,1265,91.4,310,50.4,647,27.7,41.00000000000001,22.7,63.7,-3.552713678800501e-15,4.170000011072261e-05,7.000003279244993e-07,0.40029169999979786
method-093,6,Random,OriginalOrder,50,8,1265,86.1,1807,46.3,2455,9.9,39.8,36.4,76.19999999999999,-7.105427357601002e-15,4.5399999635264976e-05,3.000000106112566e-07,0.4727864999999838
method-093,7,Random,OriginalOrder,50,8,1265,80.3,1807,37.6,541,6.0,42.699999999999996,31.6,74.3,0.0,5.830000009154901e-05,3.999998625658918e-07,0.5169799000000239
method-093,8,Random,OriginalOrder,50,8,1265,85.4,410,45.8,916,16.7,39.60000000000001,29.099999999999998,68.7,-3.552713678800501e-15,4.03999997615756e-05,3.000000106112566e-07,0.4859686999998303
method-093,9,Random,OriginalOrder,50,8,1265,63.6,1265,63.6,547,15.3,0.0,48.3,48.3,0.0,3.980000019510044e-05,3.000000106112566e-07,0.49977720000015324
method-093,10,Random,OriginalOrder,50,8,1265,78.4,410,51.4,2034,7.6,27.000000000000007,43.8,70.80000000000001,7.105427357601002e-15,3.890000016326667e-05,3.000000106112566e-07,0.3941727000001265
method-094,1,Random,MarginalGainPredictor,50,8,1265,85.8,1439,32.8,820,19.4,53.0,13.399999999999999,66.4,7.105427357601002e-15,4.750000016429112e-05,0.00030030000016267877,0.36648399999967296
method-094,2,Random,MarginalGainPredictor,50,8,1265,87.9,9070,30.3,916,22.0,57.60000000000001,8.3,65.9,-3.552713678800501e-15,6.10999995842576e-05,0.0006581999996342347,0.3929721999998037
method-094,3,Random,MarginalGainPredictor,50,8,1265,90.3,1265,90.3,1265,90.3,0.0,0.0,0.0,0.0,4.099999978279811e-05,0.0013493000001290056,0.47027810000008685
method-094,4,Random,MarginalGainPredictor,50,8,410,48.2,310,46.5,310,46.5,1.7000000000000028,0.0,1.7000000000000028,0.0,4.11000000895001e-05,0.001294900000175403,0.38742420000016864
method-094,5,Random,MarginalGainPredictor,50,8,228,56.9,5753,42.5,985,30.6,14.399999999999999,11.899999999999999,26.299999999999997,0.0,5.0600000122358324e-05,0.0014026999997440726,0.5168052000003627
method-094,6,Random,MarginalGainPredictor,50,8,3519,59.3,647,38.1,410,30.0,21.199999999999996,8.100000000000001,29.299999999999997,0.0,3.8499999845953425e-05,0.0012879000000793894,0.47678389999964566
method-094,7,Random,MarginalGainPredictor,50,8,3519,52.0,228,42.1,1277,0.0,9.899999999999999,42.1,52.0,0.0,4.579999995257822e-05,0.0013863999997738574,0.47579399999995076
method-094,8,Random,MarginalGainPredictor,50,8,228,51.5,892,38.6,2216,28.7,12.899999999999999,9.900000000000002,22.8,0.0,3.9399999877787195e-05,0.0013636999997288513,0.39377360000025874
method-094,9,Random,MarginalGainPredictor,50,8,228,65.8,228,65.8,1249,22.3,0.0,43.5,43.5,0.0,5.319999991115765e-05,0.0014830999998594052,0.49508139999989
method-094,10,Random,MarginalGainPredictor,50,8,228,58.1,5753,41.9,1423,14.8,16.200000000000003,27.099999999999998,43.3,-3.552713678800501e-15,3.90000000152213e-05,0.00136579999980313,0.47908700000016324
method-095,1,Random,OriginalOrder,100,8,1265,85.8,1277,85.8,6159,8.0,0.0,77.8,77.8,0.0,4.750000016429112e-05,1.9999970390927047e-07,0.36648399999967296
method-095,2,Random,OriginalOrder,100,8,1265,88.1,1265,88.1,12380,3.7,0.0,84.39999999999999,84.39999999999999,0.0,4.3000000005122274e-05,2.0000015865662135e-07,0.40156989999968573
method-095,3,Random,OriginalOrder,100,8,1265,100.6,1277,100.6,14013,4.0,0.0,96.6,96.6,0.0,4.000000035375706e-05,2.0000015865662135e-07,0.38449820000005275
method-095,4,Random,OriginalOrder,100,8,1265,85.1,1265,85.1,5753,37.8,0.0,47.3,47.3,0.0,4.380000018500141e-05,1.9999970390927047e-07,0.48544089999995776
method-095,5,Random,OriginalOrder,100,8,1265,91.4,310,50.4,647,27.7,41.00000000000001,22.7,63.7,-3.552713678800501e-15,4.170000011072261e-05,4.000003173132427e-07,0.40029169999979786
method-095,6,Random,OriginalOrder,100,8,1265,86.1,1277,86.1,2455,9.9,0.0,76.19999999999999,76.19999999999999,0.0,4.5399999635264976e-05,3.000000106112566e-07,0.4727864999999838
method-095,7,Random,OriginalOrder,100,8,1265,80.3,9070,46.3,541,6.0,34.0,40.3,74.3,0.0,5.830000009154901e-05,1.9999970390927047e-07,0.5169799000000239
method-095,8,Random,OriginalOrder,100,8,1265,85.4,1265,85.4,916,16.7,0.0,68.7,68.7,0.0,4.03999997615756e-05,3.000000106112566e-07,0.4859686999998303
method-095,9,Random,OriginalOrder,100,8,1265,63.6,1265,63.6,547,15.3,0.0,48.3,48.3,0.0,3.980000019510044e-05,2.0000015865662135e-07,0.49977720000015324
method-095,10,Random,OriginalOrder,100,8,1265,78.4,1265,78.4,2034,7.6,0.0,70.80000000000001,70.80000000000001,0.0,3.890000016326667e-05,1.9999970390927047e-07,0.3941727000001265
method-096,1,Random,MarginalGainPredictor,100,8,1265,85.8,1277,85.8,1807,43.6,0.0,42.199999999999996,42.199999999999996,0.0,4.750000016429112e-05,0.0003359000002092216,0.36648399999967296
method-096,2,Random,MarginalGainPredictor,100,8,1265,87.6,1265,87.6,1265,87.6,0.0,0.0,0.0,0.0,4.9900000249181176e-05,0.0005826999999953841,0.49057509999965987
method-096,3,Random,MarginalGainPredictor,100,8,9070,57.1,410,43.3,410,43.3,13.800000000000004,0.0,13.800000000000004,0.0,5.1900000016757986e-05,0.0007777000000714906,0.47431349999988015
method-096,4,Random,MarginalGainPredictor,100,8,310,46.9,310,46.9,310,46.9,0.0,0.0,0.0,0.0,5.2800000048591755e-05,0.0007239000001391105,0.5328772999996545
method-096,5,Random,MarginalGainPredictor,100,8,228,56.9,228,56.9,985,30.1,0.0,26.799999999999997,26.799999999999997,0.0,4.200000012133387e-05,0.0015642999996998697,0.42200439999987793
method-096,6,Random,MarginalGainPredictor,100,8,3519,57.6,228,51.9,1277,0.0,5.700000000000003,51.9,57.6,0.0,3.990000004705507e-05,0.0013794999999845459,0.3664767000000211
method-096,7,Random,MarginalGainPredictor,100,8,3519,51.5,3519,51.5,820,18.0,0.0,33.5,33.5,0.0,3.909999986717594e-05,0.0013699999999516876,0.4745479000002888
method-096,8,Random,MarginalGainPredictor,100,8,228,51.3,228,51.3,2216,28.7,0.0,22.599999999999998,22.599999999999998,0.0,4.0300000364368316e-05,0.0014836999998806277,0.49419620000026043
method-096,9,Random,MarginalGainPredictor,100,8,228,65.8,228,65.8,916,13.5,0.0,52.3,52.3,0.0,5.269999974188977e-05,0.0013073999998596264,0.40839779999987513
method-096,10,Random,MarginalGainPredictor,100,8,228,57.5,228,57.5,1249,8.3,0.0,49.2,49.2,0.0,3.879999985656468e-05,0.0012829999996029073,0.3879767999997057
method-097,1,Random,OriginalOrder,10,9,1265,85.8,8264,28.7,776,5.0,57.099999999999994,23.7,80.8,3.552713678800501e-15,3.400000014153193e-05,1.0000030670198612e-07,0.36648399999967296
method-097,2,Random,OriginalOrder,10,9,1265,87.6,2023,30.3,927,8.2,57.3,22.1,79.39999999999999,-7.105427357601002e-15,5.030000011174707e-05,2.0000015865662135e-07,0.4694629000000532
method-097,3,Random,OriginalOrder,10,9,1265,98.5,12802,25.0,1423,18.4,73.5,6.600000000000001,80.1,-7.105427357601002e-15,4.130000024815672e-05,1.9999970390927047e-07,0.47876300000007177
method-097,4,Random,OriginalOrder,10,9,1265,79.7,1807,29.3,4331,17.6,50.400000000000006,11.7,62.1,-3.552713678800501e-15,4.1199999941454735e-05,1.9999970390927047e-07,0.4739615999997113
method-097,5,Random,OriginalOrder,10,9,1265,91.6,7963,24.8,7963,24.8,66.8,0.0,66.8,0.0,4.079999962414149e-05,9.999985195463523e-08,0.520637699999952
method-097,6,Random,OriginalOrder,10,9,1265,82.9,658,31.4,1943,8.8,51.50000000000001,22.599999999999998,74.10000000000001,3.552713678800501e-15,4.0500000068277586e-05,2.0000015865662135e-07,0.49909180000031483
method-097,7,Random,OriginalOrder,10,9,1265,73.3,3519,49.9,9070,46.8,23.4,3.1000000000000014,26.5,0.0,4.129999979340937e-05,3.999998625658918e-07,0.41175479999992604
method-097,8,Random,OriginalOrder,10,9,1265,87.6,1277,87.6,3606,10.7,0.0,76.89999999999999,76.89999999999999,0.0,3.9600000036443816e-05,2.0000015865662135e-07,0.38140999999995984
method-097,9,Random,OriginalOrder,10,9,1265,68.8,1920,22.6,699,12.2,46.199999999999996,10.400000000000002,56.599999999999994,-3.552713678800501e-15,4.279999984646565e-05,9.999985195463523e-08,0.48906650000026275
method-097,10,Random,OriginalOrder,10,9,1265,88.5,1265,88.5,461,11.0,0.0,77.5,77.5,0.0,3.879999985656468e-05,2.0000015865662135e-07,0.4782304000000295
method-098,1,Random,MarginalGainPredictor,10,9,1265,85.8,8264,28.7,820,19.4,57.099999999999994,9.3,66.4,1.0658141036401503e-14,3.400000014153193e-05,0.00029029999996055267,0.36648399999967296
method-098,2,Random,MarginalGainPredictor,10,9,1265,87.9,2023,30.3,408,19.4,57.60000000000001,10.900000000000002,68.5,-1.0658141036401503e-14,3.169999990859651e-05,0.00120550000019648,0.3929721999998037
method-098,3,Random,MarginalGainPredictor,10,9,1265,99.3,1277,99.3,1277,99.3,0.0,0.0,0.0,0.0,4.089999993084348e-05,0.001285700000153156,0.3206105999997817
method-098,4,Random,MarginalGainPredictor,10,9,410,48.2,1807,28.0,1807,28.0,20.200000000000003,0.0,20.200000000000003,0.0,4.250000029060175e-05,0.0012738999998873624,0.43401089999997566
method-098,5,Random,MarginalGainPredictor,10,9,228,56.9,892,38.8,3916,29.1,18.1,9.699999999999996,27.799999999999997,0.0,4.150000040681334e-05,0.0014148000000204775,0.4393454999999449
method-098,6,Random,MarginalGainPredictor,10,9,3519,59.4,658,28.1,658,28.1,31.299999999999997,0.0,31.299999999999997,0.0,4.070000022693421e-05,0.0013609000002361427,0.440390600000228
method-098,7,Random,MarginalGainPredictor,10,9,3519,52.3,3078,21.2,3078,21.2,31.099999999999998,0.0,31.099999999999998,0.0,4.019999960291898e-05,0.0012502999998105224,0.4467807000000903
method-098,8,Random,MarginalGainPredictor,10,9,228,52.2,2023,24.9,916,5.4,27.300000000000004,19.5,46.800000000000004,0.0,3.930000002583256e-05,0.0012704000000667293,0.455742999999984
method-098,9,Random,MarginalGainPredictor,10,9,228,66.1,3225,24.7,7995,17.6,41.39999999999999,7.099999999999998,48.49999999999999,3.552713678800501e-15,4.290000015316764e-05,0.0013008000000809261,0.33101399999986825
method-098,10,Random,MarginalGainPredictor,10,9,228,56.8,11243,14.0,1255,5.6,42.8,8.4,51.199999999999996,-1.7763568394002505e-15,3.979999974035309e-05,0.0014624999998886778,0.42722319999984393
method-099,1,Random,OriginalOrder,20,9,1265,85.8,1277,85.8,776,5.0,0.0,80.8,80.8,0.0,3.400000014153193e-05,2.0000015865662135e-07,0.36648399999967296
method-099,2,Random,OriginalOrder,20,9,1265,87.6,228,53.7,927,8.2,33.89999999999999,45.5,79.39999999999999,0.0,5.030000011174707e-05,4.99999714520527e-07,0.4694629000000532
method-099,3,Random,OriginalOrder,20,9,1265,98.5,1277,98.5,1423,18.4,0.0,80.1,80.1,0.0,4.130000024815672e-05,3.999998625658918e-07,0.47876300000007177
method-099,4,Random,OriginalOrder,20,9,1265,79.7,916,30.4,4331,17.6,49.300000000000004,12.799999999999997,62.1,0.0,4.1199999941454735e-05,3.000000106112566e-07,0.4739615999997113
method-099,5,Random,OriginalOrder,20,9,1265,91.6,228,52.4,7963,24.8,39.199999999999996,27.599999999999998,66.8,3.552713678800501e-15,4.079999962414149e-05,6.000000212225132e-07,0.520637699999952
method-099,6,Random,OriginalOrder,20,9,1265,82.9,658,31.4,1943,8.8,51.50000000000001,22.599999999999998,74.10000000000001,3.552713678800501e-15,4.0500000068277586e-05,1.9999970390927047e-07,0.49909180000031483
method-099,7,Random,OriginalOrder,20,9,1265,73.3,3519,49.9,9070,46.8,23.4,3.1000000000000014,26.5,0.0,4.129999979340937e-05,3.000000106112566e-07,0.41175479999992604
method-099,8,Random,OriginalOrder,20,9,1265,87.6,1277,87.6,3606,10.7,0.0,76.89999999999999,76.89999999999999,0.0,3.9600000036443816e-05,3.000000106112566e-07,0.38140999999995984
method-099,9,Random,OriginalOrder,20,9,1265,68.8,830,36.7,699,12.2,32.099999999999994,24.500000000000004,56.599999999999994,-3.552713678800501e-15,4.279999984646565e-05,3.999998625658918e-07,0.48906650000026275
method-099,10,Random,OriginalOrder,20,9,1265,88.5,1265,88.5,461,11.0,0.0,77.5,77.5,0.0,3.879999985656468e-05,3.000000106112566e-07,0.4782304000000295
method-100,1,Random,MarginalGainPredictor,20,9,1265,85.8,1277,85.8,820,19.4,0.0,66.4,66.4,0.0,3.400000014153193e-05,0.00027780000027632923,0.36648399999967296
method-100,2,Random,MarginalGainPredictor,20,9,1265,87.9,2023,30.3,7995,17.7,57.60000000000001,12.600000000000001,70.2,-7.105427357601002e-15,3.169999990859651e-05,0.0006054999998923449,0.3929721999998037
method-100,3,Random,MarginalGainPredictor,20,9,1265,87.8,3916,44.2,985,34.6,43.599999999999994,9.600000000000001,53.199999999999996,0.0,4.070000022693421e-05,0.0011954999999943539,0.4754478999998355
method-100,4,Random,MarginalGainPredictor,20,9,1265,84.1,1807,29.5,1807,29.5,54.599999999999994,0.0,54.599999999999994,0.0,4.2100000428035855e-05,0.0012485000002016022,0.3848246999996263
method-100,5,Random,MarginalGainPredictor,20,9,1265,93.2,1277,93.2,1277,93.2,0.0,0.0,0.0,0.0,4.440000020622392e-05,0.0012409999999363208,0.4038322999999764
method-100,6,Random,MarginalGainPredictor,20,9,3519,56.2,658,27.5,658,27.5,28.700000000000003,0.0,28.700000000000003,0.0,4.040000021632295e-05,0.0012434000000212109,0.40105899999980466
method-100,7,Random,MarginalGainPredictor,20,9,3519,51.5,1249,21.2,1249,21.2,30.3,0.0,30.3,0.0,4.8600000354781514e-05,0.001255700000001525,0.43586709999999584
method-100,8,Random,MarginalGainPredictor,20,9,228,52.2,2023,28.3,916,4.7,23.900000000000002,23.6,47.5,-3.552713678800501e-15,3.8299999687296804e-05,0.00123940000003131,0.389422800000375
method-100,9,Random,MarginalGainPredictor,20,9,228,66.3,3225,24.7,72,11.9,41.599999999999994,12.799999999999999,54.4,5.329070518200751e-15,4.569999964587623e-05,0.0012486000000535569,0.5134644999998272
method-100,10,Random,MarginalGainPredictor,20,9,228,57.4,1140,29.8,5454,11.3,27.599999999999998,18.5,46.099999999999994,-3.552713678800501e-15,3.870000000461005e-05,0.0012648000001718174,0.39631169999984195
method-101,1,Random,OriginalOrder,50,9,1265,85.8,1277,85.8,776,5.0,0.0,80.8,80.8,0.0,3.400000014153193e-05,1.9999970390927047e-07,0.36648399999967296
method-101,2,Random,OriginalOrder,50,9,1265,87.6,228,53.7,927,8.2,33.89999999999999,45.5,79.39999999999999,0.0,5.030000011174707e-05,1.9999970390927047e-07,0.4694629000000532
method-101,3,Random,OriginalOrder,50,9,1265,98.5,1277,98.5,1423,18.4,0.0,80.1,80.1,0.0,4.130000024815672e-05,3.000000106112566e-07,0.47876300000007177
method-101,4,Random,OriginalOrder,50,9,1265,79.7,5753,37.1,4331,17.6,42.6,19.5,62.1,0.0,4.1199999941454735e-05,4.000003173132427e-07,0.4739615999997113
method-101,5,Random,OriginalOrder,50,9,1265,91.6,1277,91.6,7963,24.8,0.0,66.8,66.8,0.0,4.079999962414149e-05,3.000000106112566e-07,0.520637699999952
method-101,6,Random,OriginalOrder,50,9,1265,82.9,2122,32.9,1943,8.8,50.00000000000001,24.099999999999998,74.10000000000001,3.552713678800501e-15,4.0500000068277586e-05,3.999998625658918e-07,0.49909180000031483
method-101,7,Random,OriginalOrder,50,9,1265,73.3,1265,73.3,9070,46.8,0.0,26.5,26.5,0.0,4.129999979340937e-05,3.000000106112566e-07,0.41175479999992604
method-101,8,Random,OriginalOrder,50,9,1265,87.6,1277,87.6,3606,10.7,0.0,76.89999999999999,76.89999999999999,0.0,3.9600000036443816e-05,2.0000015865662135e-07,0.38140999999995984
method-101,9,Random,OriginalOrder,50,9,1265,68.8,1277,68.8,699,12.2,0.0,56.599999999999994,56.599999999999994,0.0,4.279999984646565e-05,3.999998625658918e-07,0.48906650000026275
method-101,10,Random,OriginalOrder,50,9,1265,88.5,1265,88.5,461,11.0,0.0,77.5,77.5,0.0,3.879999985656468e-05,3.000000106112566e-07,0.4782304000000295
method-102,1,Random,MarginalGainPredictor,50,9,1265,85.8,1277,85.8,310,49.0,0.0,36.8,36.8,0.0,3.400000014153193e-05,0.00029830000039510196,0.36648399999967296
method-102,2,Random,MarginalGainPredictor,50,9,1265,87.5,228,53.7,410,50.5,33.8,3.200000000000003,37.0,0.0,5.139999984749011e-05,0.000571600000057515,0.32759219999979905
method-102,3,Random,MarginalGainPredictor,50,9,1265,94.2,1277,94.2,985,36.1,0.0,58.1,58.1,0.0,3.9200000173877925e-05,0.0013751999999840336,0.386446199999682
method-102,4,Random,MarginalGainPredictor,50,9,1265,83.6,916,30.0,2216,27.5,53.599999999999994,2.5,56.099999999999994,0.0,4.1399999645364005e-05,0.001380599999720289,0.46906380000018544
method-102,5,Random,MarginalGainPredictor,50,9,1265,91.6,1265,91.6,1265,91.6,0.0,0.0,0.0,0.0,4.0099999750964344e-05,0.0012334999996710394,0.46296339999980773
method-102,6,Random,MarginalGainPredictor,50,9,3519,59.5,3519,59.5,6314,11.1,0.0,48.4,48.4,0.0,3.930000002583256e-05,0.0012387000001581328,0.48951979999992545
method-102,7,Random,MarginalGainPredictor,50,9,3519,52.5,3519,52.5,1277,0.0,0.0,52.5,52.5,0.0,4.079999962414149e-05,0.0013241000001471548,0.49230390000002444
method-102,8,Random,MarginalGainPredictor,50,9,228,51.6,892,40.0,916,10.9,11.600000000000001,29.1,40.7,0.0,4.0299999909620965e-05,0.0013522999997803709,0.5568057999998928
method-102,9,Random,MarginalGainPredictor,50,9,228,65.8,5753,37.6,7995,15.4,28.199999999999996,22.200000000000003,50.4,0.0,3.9200000173877925e-05,0.0013538000002881745,0.3930852999997114
method-102,10,Random,MarginalGainPredictor,50,9,228,58.1,1140,29.8,820,16.7,28.3,13.100000000000001,41.400000000000006,3.552713678800501e-15,3.990000004705507e-05,0.0014970000001994777,0.5028407999998308
method-103,1,Random,OriginalOrder,100,9,1265,85.8,1265,85.8,776,5.0,0.0,80.8,80.8,0.0,3.400000014153193e-05,1.0000030670198612e-07,0.36648399999967296
method-103,2,Random,OriginalOrder,100,9,1265,87.6,1265,87.6,927,8.2,0.0,79.39999999999999,79.39999999999999,0.0,5.030000011174707e-05,2.0000015865662135e-07,0.4694629000000532
method-103,3,Random,OriginalOrder,100,9,1265,98.5,1277,98.5,1423,18.4,0.0,80.1,80.1,0.0,4.130000024815672e-05,3.000000106112566e-07,0.47876300000007177
method-103,4,Random,OriginalOrder,100,9,1265,79.7,1277,79.7,4331,17.6,0.0,62.1,62.1,0.0,4.1199999941454735e-05,2.0000015865662135e-07,0.4739615999997113
method-103,5,Random,OriginalOrder,100,9,1265,91.6,1277,91.6,7963,24.8,0.0,66.8,66.8,0.0,4.079999962414149e-05,2.0000015865662135e-07,0.520637699999952
method-103,6,Random,OriginalOrder,100,9,1265,82.9,1277,82.9,1943,8.8,0.0,74.10000000000001,74.10000000000001,0.0,4.0500000068277586e-05,3.000000106112566e-07,0.49909180000031483
method-103,7,Random,OriginalOrder,100,9,1265,73.3,1265,73.3,9070,46.8,0.0,26.5,26.5,0.0,4.129999979340937e-05,3.000000106112566e-07,0.41175479999992604
method-103,8,Random,OriginalOrder,100,9,1265,87.6,1277,87.6,3606,10.7,0.0,76.89999999999999,76.89999999999999,0.0,3.9600000036443816e-05,3.000000106112566e-07,0.38140999999995984
method-103,9,Random,OriginalOrder,100,9,1265,68.8,1265,68.8,699,12.2,0.0,56.599999999999994,56.599999999999994,0.0,4.279999984646565e-05,3.999998625658918e-07,0.48906650000026275
method-103,10,Random,OriginalOrder,100,9,1265,88.5,1265,88.5,461,11.0,0.0,77.5,77.5,0.0,3.879999985656468e-05,3.000000106112566e-07,0.4782304000000295
method-104,1,Random,MarginalGainPredictor,100,9,1265,85.8,1265,85.8,1265,85.8,0.0,0.0,0.0,0.0,3.400000014153193e-05,0.0003278999997746723,0.36648399999967296
method-104,2,Random,MarginalGainPredictor,100,9,3519,58.5,228,52.8,410,50.6,5.700000000000003,2.1999999999999957,7.899999999999999,0.0,4.840000019612489e-05,0.0006140999998933694,0.32897410000032323
method-104,3,Random,MarginalGainPredictor,100,9,9070,55.0,3916,41.3,985,36.0,13.700000000000003,5.299999999999997,19.0,0.0,3.709999964485178e-05,0.0007808000000295579,0.417258700000275
method-104,4,Random,MarginalGainPredictor,100,9,310,46.9,228,46.3,1807,28.0,0.6000000000000014,18.299999999999997,18.9,0.0,3.790000027947826e-05,0.0006659999999101274,0.4690119000001687
method-104,5,Random,MarginalGainPredictor,100,9,228,56.9,310,46.9,310,46.9,10.0,0.0,10.0,0.0,3.999999989900971e-05,0.0013561000000663626,0.39453190000040195
method-104,6,Random,MarginalGainPredictor,100,9,3519,57.6,3519,57.6,2216,32.5,0.0,25.1,25.1,0.0,4.3000000005122274e-05,0.001373399999920366,0.41130269999985103
method-104,7,Random,MarginalGainPredictor,100,9,3519,51.5,3519,51.5,1277,0.0,0.0,51.5,51.5,0.0,3.969999988839845e-05,0.0012872999996034196,0.4971335000000181
method-104,8,Random,MarginalGainPredictor,100,9,228,51.3,892,38.6,820,17.8,12.699999999999996,20.8,33.5,3.552713678800501e-15,4.530000023805769e-05,0.0012872000002062123,0.46349959999997736
method-104,9,Random,MarginalGainPredictor,100,9,228,65.8,3519,55.1,1249,13.7,10.699999999999996,41.400000000000006,52.099999999999994,-7.105427357601002e-15,4.3199999709031545e-05,0.0013406000002760265,0.4877115999997841
method-104,10,Random,MarginalGainPredictor,100,9,228,57.5,3519,42.8,7995,16.4,14.700000000000003,26.4,41.1,0.0,5.7899999774235766e-05,0.0014958000001570326,0.4024691000004168
