step,retriever,ranker,M,repeat,restricted_oracle_node,restricted_oracle_gain,pool_best_node,pool_best_gain,selected_node,selected_gain,candidate_loss,ranking_loss,total_regret,decomposition_error,retrieval_runtime_seconds,reranking_runtime_seconds,gain_evaluation_runtime_seconds
1,Degree,OriginalOrder,10,,1265,85.8,1265,85.8,916,29.2,0.0,56.599999999999994,56.599999999999994,0.0,9.610000006432529e-05,1.9999970390927047e-07,0.4660189999999602
1,Degree,MarginalGainPredictor,10,,1265,85.8,1265,85.8,1265,85.8,0.0,0.0,0.0,0.0,9.610000006432529e-05,0.00270070000033229,0.4660189999999602
1,Degree,OriginalOrder,20,,1265,85.8,1265,85.8,916,29.2,0.0,56.599999999999994,56.599999999999994,0.0,9.610000006432529e-05,4.99999714520527e-07,0.4660189999999602
1,Degree,MarginalGainPredictor,20,,1265,85.8,1265,85.8,1265,85.8,0.0,0.0,0.0,0.0,9.610000006432529e-05,0.0008005999998204061,0.4660189999999602
1,Degree,OriginalOrder,50,,1265,85.8,1265,85.8,916,29.2,0.0,56.599999999999994,56.599999999999994,0.0,9.610000006432529e-05,3.000000106112566e-07,0.4660189999999602
1,Degree,MarginalGainPredictor,50,,1265,85.8,1265,85.8,1265,85.8,0.0,0.0,0.0,0.0,9.610000006432529e-05,0.0011604000001170789,0.4660189999999602
1,Degree,OriginalOrder,100,,1265,85.8,1265,85.8,916,29.2,0.0,56.599999999999994,56.599999999999994,0.0,9.610000006432529e-05,4.99999714520527e-07,0.4660189999999602
1,Degree,MarginalGainPredictor,100,,1265,85.8,1265,85.8,1265,85.8,0.0,0.0,0.0,0.0,9.610000006432529e-05,0.0006797000000915432,0.4660189999999602
1,DegreeDiscount,OriginalOrder,10,,1265,85.8,1277,85.8,12802,22.4,0.0,63.4,63.4,0.0,0.0031211999998959072,5.000001692678779e-07,0.4660189999999602
1,DegreeDiscount,MarginalGainPredictor,10,,1265,85.8,1277,85.8,310,49.0,0.0,36.8,36.8,0.0,0.0031211999998959072,0.0004349999999249121,0.4660189999999602
1,DegreeDiscount,OriginalOrder,20,,1265,85.8,1277,85.8,12802,22.4,0.0,63.4,63.4,0.0,0.0031211999998959072,2.0000015865662135e-07,0.4660189999999602
1,DegreeDiscount,MarginalGainPredictor,20,,1265,85.8,1277,85.8,310,49.0,0.0,36.8,36.8,0.0,0.0031211999998959072,0.0003791000003730005,0.4660189999999602
1,DegreeDiscount,OriginalOrder,50,,1265,85.8,1265,85.8,12802,22.4,0.0,63.4,63.4,0.0,0.0031211999998959072,3.000000106112566e-07,0.4660189999999602
1,DegreeDiscount,MarginalGainPredictor,50,,1265,85.8,1265,85.8,1265,85.8,0.0,0.0,0.0,0.0,0.0031211999998959072,0.00041030000011232914,0.4660189999999602
1,DegreeDiscount,OriginalOrder,100,,1265,85.8,1265,85.8,12802,22.4,0.0,63.4,63.4,0.0,0.0031211999998959072,2.0000015865662135e-07,0.4660189999999602
1,DegreeDiscount,MarginalGainPredictor,100,,1265,85.8,1265,85.8,1265,85.8,0.0,0.0,0.0,0.0,0.0031211999998959072,0.0004235000001244771,0.4660189999999602
1,FeatureDQN,OriginalOrder,10,,1265,85.8,4826,21.4,2034,15.5,64.4,5.899999999999999,70.3,-7.105427357601002e-15,0.0015236999997796374,2.0000015865662135e-07,0.4660189999999602
1,FeatureDQN,MarginalGainPredictor,10,,1265,85.8,4826,21.4,905,20.6,64.4,0.7999999999999972,65.19999999999999,-1.4210854715202004e-14,0.0015236999997796374,0.00040760000001682783,0.4660189999999602
1,FeatureDQN,OriginalOrder,20,,1265,85.8,228,51.8,2034,15.5,34.0,36.3,70.3,0.0,0.0015236999997796374,9.999985195463523e-08,0.4660189999999602
1,FeatureDQN,MarginalGainPredictor,20,,1265,85.8,228,51.8,892,31.3,34.0,20.499999999999996,54.5,3.552713678800501e-15,0.0015236999997796374,0.00041499999997540726,0.4660189999999602
1,FeatureDQN,OriginalOrder,50,,1265,85.8,228,51.8,2034,15.5,34.0,36.3,70.3,0.0,0.0015236999997796374,3.000000106112566e-07,0.4660189999999602
1,FeatureDQN,MarginalGainPredictor,50,,1265,85.8,228,51.8,916,29.2,34.0,22.599999999999998,56.599999999999994,-3.552713678800501e-15,0.0015236999997796374,0.0005000000001018634,0.4660189999999602
1,FeatureDQN,OriginalOrder,100,,1265,85.8,228,51.8,2034,15.5,34.0,36.3,70.3,0.0,0.0015236999997796374,1.9999970390927047e-07,0.4660189999999602
1,FeatureDQN,MarginalGainPredictor,100,,1265,85.8,228,51.8,916,29.2,34.0,22.599999999999998,56.599999999999994,-3.552713678800501e-15,0.0015236999997796374,0.0005022000000280968,0.4660189999999602
1,Random,OriginalOrder,10,0,1265,85.8,228,51.8,118,13.3,34.0,38.5,72.5,0.0,6.0599999869737076e-05,2.0000015865662135e-07,0.4660189999999602
1,Random,MarginalGainPredictor,10,0,1265,85.8,228,51.8,6314,16.5,34.0,35.3,69.3,0.0,6.0599999869737076e-05,0.00039310000011028023,0.4660189999999602
1,Random,OriginalOrder,20,0,1265,85.8,228,51.8,118,13.3,34.0,38.5,72.5,0.0,6.0599999869737076e-05,3.000000106112566e-07,0.4660189999999602
1,Random,MarginalGainPredictor,20,0,1265,85.8,228,51.8,6314,16.5,34.0,35.3,69.3,0.0,6.0599999869737076e-05,0.00041590000000724103,0.4660189999999602
1,Random,OriginalOrder,50,0,1265,85.8,1265,85.8,118,13.3,0.0,72.5,72.5,0.0,6.0599999869737076e-05,1.9999970390927047e-07,0.4660189999999602
1,Random,MarginalGainPredictor,50,0,1265,85.8,1265,85.8,1265,85.8,0.0,0.0,0.0,0.0,6.0599999869737076e-05,0.00041770000007090857,0.4660189999999602
1,Random,OriginalOrder,100,0,1265,85.8,1265,85.8,118,13.3,0.0,72.5,72.5,0.0,6.0599999869737076e-05,1.9999970390927047e-07,0.4660189999999602
1,Random,MarginalGainPredictor,100,0,1265,85.8,1265,85.8,1265,85.8,0.0,0.0,0.0,0.0,6.0599999869737076e-05,0.0004567999999380845,0.4660189999999602
1,Random,OriginalOrder,10,1,1265,85.8,2216,32.9,181,25.9,52.9,7.0,59.9,0.0,4.9900000249181176e-05,1.0000030670198612e-07,0.4660189999999602
1,Random,MarginalGainPredictor,10,1,1265,85.8,2216,32.9,2216,32.9,52.9,0.0,52.9,0.0,4.9900000249181176e-05,0.0003685000001496519,0.4660189999999602
1,Random,OriginalOrder,20,1,1265,85.8,9070,33.3,181,25.9,52.5,7.399999999999999,59.9,0.0,4.9900000249181176e-05,2.0000015865662135e-07,0.4660189999999602
1,Random,MarginalGainPredictor,20,1,1265,85.8,9070,33.3,2216,32.9,52.5,0.3999999999999986,52.9,0.0,4.9900000249181176e-05,0.0003702999997585721,0.4660189999999602
1,Random,OriginalOrder,50,1,1265,85.8,9070,33.3,181,25.9,52.5,7.399999999999999,59.9,0.0,4.9900000249181176e-05,2.0000015865662135e-07,0.4660189999999602
1,Random,MarginalGainPredictor,50,1,1265,85.8,9070,33.3,2216,32.9,52.5,0.3999999999999986,52.9,0.0,4.9900000249181176e-05,0.00040709999984755996,0.4660189999999602
1,Random,OriginalOrder,100,1,1265,85.8,9070,33.3,181,25.9,52.5,7.399999999999999,59.9,0.0,4.9900000249181176e-05,2.0000015865662135e-07,0.4660189999999602
1,Random,MarginalGainPredictor,100,1,1265,85.8,9070,33.3,2216,32.9,52.5,0.3999999999999986,52.9,0.0,4.9900000249181176e-05,0.0004517000002124405,0.4660189999999602
1,Random,OriginalOrder,10,2,1265,85.8,5753,42.8,985,30.6,43.0,12.199999999999996,55.199999999999996,0.0,4.6300000121846097e-05,9.999985195463523e-08,0.4660189999999602
1,Random,MarginalGainPredictor,10,2,1265,85.8,5753,42.8,985,30.6,43.0,12.199999999999996,55.199999999999996,0.0,4.6300000121846097e-05,0.00036749999981111614,0.4660189999999602
1,Random,OriginalOrder,20,2,1265,85.8,5753,42.8,985,30.6,43.0,12.199999999999996,55.199999999999996,0.0,4.6300000121846097e-05,2.0000015865662135e-07,0.4660189999999602
1,Random,MarginalGainPredictor,20,2,1265,85.8,5753,42.8,985,30.6,43.0,12.199999999999996,55.199999999999996,0.0,4.6300000121846097e-05,0.0003713999999490625,0.4660189999999602
1,Random,OriginalOrder,50,2,1265,85.8,1277,85.8,985,30.6,0.0,55.199999999999996,55.199999999999996,0.0,4.6300000121846097e-05,9.999985195463523e-08,0.4660189999999602
1,Random,MarginalGainPredictor,50,2,1265,85.8,1277,85.8,410,51.7,0.0,34.099999999999994,34.099999999999994,0.0,4.6300000121846097e-05,0.0004327999999986787,0.4660189999999602
1,Random,OriginalOrder,100,2,1265,85.8,1277,85.8,985,30.6,0.0,55.199999999999996,55.199999999999996,0.0,4.6300000121846097e-05,9.999985195463523e-08,0.4660189999999602
1,Random,MarginalGainPredictor,100,2,1265,85.8,1277,85.8,410,51.7,0.0,34.099999999999994,34.099999999999994,0.0,4.6300000121846097e-05,0.0004598999998961517,0.4660189999999602
1,Random,OriginalOrder,10,3,1265,85.8,547,22.6,5454,20.9,63.199999999999996,1.7000000000000028,64.9,7.105427357601002e-15,4.819999958272092e-05,1.0000030670198612e-07,0.4660189999999602
1,Random,MarginalGainPredictor,10,3,1265,85.8,547,22.6,1255,11.1,63.199999999999996,11.500000000000002,74.7,5.329070518200751e-15,4.819999958272092e-05,0.0003687999997055158,0.4660189999999602
1,Random,OriginalOrder,20,3,1265,85.8,830,27.1,5454,20.9,58.699999999999996,6.200000000000003,64.9,7.105427357601002e-15,4.819999958272092e-05,2.0000015865662135e-07,0.4660189999999602
1,Random,MarginalGainPredictor,20,3,1265,85.8,830,27.1,820,19.4,58.699999999999996,7.700000000000003,66.4,7.105427357601002e-15,4.819999958272092e-05,0.0003697000001920969,0.4660189999999602
1,Random,OriginalOrder,50,3,1265,85.8,228,51.8,5454,20.9,34.0,30.9,64.9,7.105427357601002e-15,4.819999958272092e-05,3.000000106112566e-07,0.4660189999999602
1,Random,MarginalGainPredictor,50,3,1265,85.8,228,51.8,410,51.7,34.0,0.09999999999999432,34.099999999999994,0.0,4.819999958272092e-05,0.00040510000007998315,0.4660189999999602
1,Random,OriginalOrder,100,3,1265,85.8,1277,85.8,5454,20.9,0.0,64.9,64.9,0.0,4.819999958272092e-05,1.9999970390927047e-07,0.4660189999999602
1,Random,MarginalGainPredictor,100,3,1265,85.8,1277,85.8,410,51.7,0.0,34.099999999999994,34.099999999999994,0.0,4.819999958272092e-05,0.0004643000002033659,0.4660189999999602
1,Random,OriginalOrder,10,4,1265,85.8,410,51.7,189,16.8,34.099999999999994,34.900000000000006,69.0,0.0,4.840000019612489e-05,2.0000015865662135e-07,0.4660189999999602
1,Random,MarginalGainPredictor,10,4,1265,85.8,410,51.7,410,51.7,34.099999999999994,0.0,34.099999999999994,0.0,4.840000019612489e-05,0.00036980000004405156,0.4660189999999602
1,Random,OriginalOrder,20,4,1265,85.8,410,51.7,189,16.8,34.099999999999994,34.900000000000006,69.0,0.0,4.840000019612489e-05,1.9999970390927047e-07,0.4660189999999602
1,Random,MarginalGainPredictor,20,4,1265,85.8,410,51.7,410,51.7,34.099999999999994,0.0,34.099999999999994,0.0,4.840000019612489e-05,0.0003706000002239307,0.4660189999999602
1,Random,OriginalOrder,50,4,1265,85.8,1265,85.8,189,16.8,0.0,69.0,69.0,0.0,4.840000019612489e-05,9.999985195463523e-08,0.4660189999999602
1,Random,MarginalGainPredictor,50,4,1265,85.8,1265,85.8,1265,85.8,0.0,0.0,0.0,0.0,4.840000019612489e-05,0.0004143000001022301,0.4660189999999602
1,Random,OriginalOrder,100,4,1265,85.8,1265,85.8,189,16.8,0.0,69.0,69.0,0.0,4.840000019612489e-05,9.999985195463523e-08,0.4660189999999602
1,Random,MarginalGainPredictor,100,4,1265,85.8,1265,85.8,1265,85.8,0.0,0.0,0.0,0.0,4.840000019612489e-05,0.00046939999992900994,0.4660189999999602
1,Random,OriginalOrder,10,5,1265,85.8,985,30.6,1352,11.2,55.199999999999996,19.400000000000002,74.6,-3.552713678800501e-15,4.6999999995023245e-05,9.999985195463523e-08,0.4660189999999602
1,Random,MarginalGainPredictor,10,5,1265,85.8,985,30.6,985,30.6,55.199999999999996,0.0,55.199999999999996,0.0,4.6999999995023245e-05,0.0003997000003437279,0.4660189999999602
1,Random,OriginalOrder,20,5,1265,85.8,2477,31.0,1352,11.2,54.8,19.8,74.6,-3.552713678800501e-15,4.6999999995023245e-05,1.0000030670198612e-07,0.4660189999999602
1,Random,MarginalGainPredictor,20,5,1265,85.8,2477,31.0,985,30.6,54.8,0.3999999999999986,55.199999999999996,0.0,4.6999999995023245e-05,0.00037619999966409523,0.4660189999999602
1,Random,OriginalOrder,50,5,1265,85.8,2477,31.0,1352,11.2,54.8,19.8,74.6,-3.552713678800501e-15,4.6999999995023245e-05,2.0000015865662135e-07,0.4660189999999602
1,Random,MarginalGainPredictor,50,5,1265,85.8,2477,31.0,985,30.6,54.8,0.3999999999999986,55.199999999999996,0.0,4.6999999995023245e-05,0.00040200000012191595,0.4660189999999602
1,Random,OriginalOrder,100,5,1265,85.8,1277,85.8,1352,11.2,0.0,74.6,74.6,0.0,4.6999999995023245e-05,2.0000015865662135e-07,0.4660189999999602
1,Random,MarginalGainPredictor,100,5,1265,85.8,1277,85.8,410,51.7,0.0,34.099999999999994,34.099999999999994,0.0,4.6999999995023245e-05,0.0004475000000638829,0.4660189999999602
1,Random,OriginalOrder,10,6,1265,85.8,647,30.3,475,17.8,55.5,12.5,68.0,0.0,4.6799999836366624e-05,2.0000015865662135e-07,0.4660189999999602
1,Random,MarginalGainPredictor,10,6,1265,85.8,647,30.3,1352,11.2,55.5,19.1,74.6,-7.105427357601002e-15,4.6799999836366624e-05,0.0003756999999495747,0.4660189999999602
1,Random,OriginalOrder,20,6,1265,85.8,5753,42.8,475,17.8,43.0,24.999999999999996,68.0,3.552713678800501e-15,4.6799999836366624e-05,9.999985195463523e-08,0.4660189999999602
1,Random,MarginalGainPredictor,20,6,1265,85.8,5753,42.8,1439,32.8,43.0,10.0,53.0,0.0,4.6799999836366624e-05,0.00037229999998089625,0.4660189999999602
1,Random,OriginalOrder,50,6,1265,85.8,228,51.8,475,17.8,34.0,34.0,68.0,0.0,4.6799999836366624e-05,1.0000030670198612e-07,0.4660189999999602
1,Random,MarginalGainPredictor,50,6,1265,85.8,228,51.8,820,19.4,34.0,32.4,66.4,7.105427357601002e-15,4.6799999836366624e-05,0.0004090000002179295,0.4660189999999602
1,Random,OriginalOrder,100,6,1265,85.8,1265,85.8,475,17.8,0.0,68.0,68.0,0.0,4.6799999836366624e-05,1.9999970390927047e-07,0.4660189999999602
1,Random,MarginalGainPredictor,100,6,1265,85.8,1265,85.8,1265,85.8,0.0,0.0,0.0,0.0,4.6799999836366624e-05,0.0004482999997890147,0.4660189999999602
1,Random,OriginalOrder,10,7,1265,85.8,2216,32.9,4934,23.7,52.9,9.2,62.099999999999994,-3.552713678800501e-15,4.669999998441199e-05,2.0000015865662135e-07,0.4660189999999602
1,Random,MarginalGainPredictor,10,7,1265,85.8,2216,32.9,2216,32.9,52.9,0.0,52.9,0.0,4.669999998441199e-05,0.0004013000002487388,0.4660189999999602
1,Random,OriginalOrder,20,7,1265,85.8,1807,43.6,4934,23.7,42.199999999999996,19.900000000000002,62.099999999999994,-3.552713678800501e-15,4.669999998441199e-05,2.0000015865662135e-07,0.4660189999999602
1,Random,MarginalGainPredictor,20,7,1265,85.8,1807,43.6,1807,43.6,42.199999999999996,0.0,42.199999999999996,0.0,4.669999998441199e-05,0.00039160000005722395,0.4660189999999602
1,Random,OriginalOrder,50,7,1265,85.8,228,51.8,4934,23.7,34.0,28.099999999999998,62.099999999999994,-3.552713678800501e-15,4.669999998441199e-05,1.9999970390927047e-07,0.4660189999999602
1,Random,MarginalGainPredictor,50,7,1265,85.8,228,51.8,1807,43.6,34.0,8.199999999999996,42.199999999999996,0.0,4.669999998441199e-05,0.00040189999981521396,0.4660189999999602
1,Random,OriginalOrder,100,7,1265,85.8,1265,85.8,4934,23.7,0.0,62.099999999999994,62.099999999999994,0.0,4.669999998441199e-05,2.0000015865662135e-07,0.4660189999999602
1,Random,MarginalGainPredictor,100,7,1265,85.8,1265,85.8,1265,85.8,0.0,0.0,0.0,0.0,4.669999998441199e-05,0.0005776999996669474,0.4660189999999602
1,Random,OriginalOrder,10,8,1265,85.8,1443,22.4,6159,8.0,63.4,14.399999999999999,77.8,0.0,5.8600000102160266e-05,9.999985195463523e-08,0.4660189999999602
1,Random,MarginalGainPredictor,10,8,1265,85.8,1443,22.4,7377,16.8,63.4,5.599999999999998,69.0,3.552713678800501e-15,5.8600000102160266e-05,0.0005283999998937361,0.4660189999999602
1,Random,OriginalOrder,20,8,1265,85.8,1443,22.4,6159,8.0,63.4,14.399999999999999,77.8,0.0,5.8600000102160266e-05,9.999985195463523e-08,0.4660189999999602
1,Random,MarginalGainPredictor,20,8,1265,85.8,1443,22.4,1423,19.2,63.4,3.1999999999999993,66.6,-3.552713678800501e-15,5.8600000102160266e-05,0.0004195000001345761,0.4660189999999602
1,Random,OriginalOrder,50,8,1265,85.8,1439,32.8,6159,8.0,53.0,24.799999999999997,77.8,0.0,5.8600000102160266e-05,2.0000015865662135e-07,0.4660189999999602
1,Random,MarginalGainPredictor,50,8,1265,85.8,1439,32.8,820,19.4,53.0,13.399999999999999,66.4,7.105427357601002e-15,5.8600000102160266e-05,0.0004370999999991909,0.4660189999999602
1,Random,OriginalOrder,100,8,1265,85.8,1277,85.8,6159,8.0,0.0,77.8,77.8,0.0,5.8600000102160266e-05,2.0000015865662135e-07,0.4660189999999602
1,Random,MarginalGainPredictor,100,8,1265,85.8,1277,85.8,1807,43.6,0.0,42.199999999999996,42.199999999999996,0.0,5.8600000102160266e-05,0.00046939999992900994,0.4660189999999602
1,Random,OriginalOrder,10,9,1265,85.8,8264,28.7,776,5.0,57.099999999999994,23.7,80.8,3.552713678800501e-15,4.5899999804532854e-05,9.999985195463523e-08,0.4660189999999602
1,Random,MarginalGainPredictor,10,9,1265,85.8,8264,28.7,820,19.4,57.099999999999994,9.3,66.4,1.0658141036401503e-14,4.5899999804532854e-05,0.0003895999998348998,0.4660189999999602
1,Random,OriginalOrder,20,9,1265,85.8,1277,85.8,776,5.0,0.0,80.8,80.8,0.0,4.5899999804532854e-05,2.0000015865662135e-07,0.4660189999999602
1,Random,MarginalGainPredictor,20,9,1265,85.8,1277,85.8,820,19.4,0.0,66.4,66.4,0.0,4.5899999804532854e-05,0.00039669999978286796,0.4660189999999602
1,Random,OriginalOrder,50,9,1265,85.8,1277,85.8,776,5.0,0.0,80.8,80.8,0.0,4.5899999804532854e-05,2.0000015865662135e-07,0.4660189999999602
1,Random,MarginalGainPredictor,50,9,1265,85.8,1277,85.8,310,49.0,0.0,36.8,36.8,0.0,4.5899999804532854e-05,0.0004233999998177751,0.4660189999999602
1,Random,OriginalOrder,100,9,1265,85.8,1265,85.8,776,5.0,0.0,80.8,80.8,0.0,4.5899999804532854e-05,1.9999970390927047e-07,0.4660189999999602
1,Random,MarginalGainPredictor,100,9,1265,85.8,1265,85.8,1265,85.8,0.0,0.0,0.0,0.0,4.5899999804532854e-05,0.0004610000000866421,0.4660189999999602
2,Degree,OriginalOrder,10,,3519,58.5,410,50.6,916,20.2,7.899999999999999,30.400000000000002,38.3,-3.552713678800501e-15,9.76999999693362e-05,1.9999970390927047e-07,0.39878100000032646
2,Degree,MarginalGainPredictor,10,,3519,58.5,410,50.6,410,50.6,7.899999999999999,0.0,7.899999999999999,0.0,9.76999999693362e-05,0.0012856000003012014,0.39878100000032646
2,Degree,OriginalOrder,20,,3519,58.5,410,50.6,916,20.2,7.899999999999999,30.400000000000002,38.3,-3.552713678800501e-15,9.76999999693362e-05,3.000000106112566e-07,0.39878100000032646
2,Degree,MarginalGainPredictor,20,,3519,58.5,410,50.6,410,50.6,7.899999999999999,0.0,7.899999999999999,0.0,9.76999999693362e-05,0.0005707000000256812,0.39878100000032646
2,Degree,OriginalOrder,50,,3519,58.5,228,52.8,916,20.2,5.700000000000003,32.599999999999994,38.3,0.0,9.76999999693362e-05,2.0000015865662135e-07,0.39878100000032646
2,Degree,MarginalGainPredictor,50,,3519,58.5,228,52.8,410,50.6,5.700000000000003,2.1999999999999957,7.899999999999999,0.0,9.76999999693362e-05,0.0006030999998074549,0.39878100000032646
2,Degree,OriginalOrder,100,,3519,58.5,3519,58.5,916,20.2,0.0,38.3,38.3,0.0,9.76999999693362e-05,2.0000015865662135e-07,0.39878100000032646
2,Degree,MarginalGainPredictor,100,,3519,58.5,3519,58.5,410,50.6,0.0,7.899999999999999,7.899999999999999,0.0,9.76999999693362e-05,0.0006099999995967664,0.39878100000032646
2,DegreeDiscount,OriginalOrder,10,,3519,58.5,310,38.2,12802,23.9,20.299999999999997,14.300000000000004,34.6,0.0,0.0030959000000621018,1.9999970390927047e-07,0.39878100000032646
2,DegreeDiscount,MarginalGainPredictor,10,,3519,58.5,310,38.2,310,38.2,20.299999999999997,0.0,20.299999999999997,0.0,0.0030959000000621018,0.0005539999997381528,0.39878100000032646
2,DegreeDiscount,OriginalOrder,20,,3519,58.5,310,38.2,12802,23.9,20.299999999999997,14.300000000000004,34.6,0.0,0.0030959000000621018,1.9999970390927047e-07,0.39878100000032646
2,DegreeDiscount,MarginalGainPredictor,20,,3519,58.5,310,38.2,310,38.2,20.299999999999997,0.0,20.299999999999997,0.0,0.0030959000000621018,0.0004816999999093241,0.39878100000032646
2,DegreeDiscount,OriginalOrder,50,,3519,58.5,410,50.6,12802,23.9,7.899999999999999,26.700000000000003,34.6,0.0,0.0030959000000621018,2.0000015865662135e-07,0.39878100000032646
2,DegreeDiscount,MarginalGainPredictor,50,,3519,58.5,410,50.6,410,50.6,7.899999999999999,0.0,7.899999999999999,0.0,0.0030959000000621018,0.0004843000001528708,0.39878100000032646
2,DegreeDiscount,OriginalOrder,100,,3519,58.5,3519,58.5,12802,23.9,0.0,34.6,34.6,0.0,0.0030959000000621018,2.0000015865662135e-07,0.39878100000032646
2,DegreeDiscount,MarginalGainPredictor,100,,3519,58.5,3519,58.5,410,50.6,0.0,7.899999999999999,7.899999999999999,0.0,0.0030959000000621018,0.0005323000000316824,0.39878100000032646
2,FeatureDQN,OriginalOrder,10,,3519,58.5,461,13.3,2034,4.5,45.2,8.8,54.0,-3.552713678800501e-15,0.0012164999998276471,2.0000015865662135e-07,0.39878100000032646
2,FeatureDQN,MarginalGainPredictor,10,,3519,58.5,461,13.3,905,13.3,45.2,0.0,45.2,0.0,0.0012164999998276471,0.00048779999997350387,0.39878100000032646
2,FeatureDQN,OriginalOrder,20,,3519,58.5,228,52.8,2034,4.5,5.700000000000003,48.3,54.0,0.0,0.0012164999998276471,1.9999970390927047e-07,0.39878100000032646
2,FeatureDQN,MarginalGainPredictor,20,,3519,58.5,228,52.8,892,35.1,5.700000000000003,17.699999999999996,23.4,0.0,0.0012164999998276471,0.00047469999981331057,0.39878100000032646
2,FeatureDQN,OriginalOrder,50,,3519,58.5,228,52.8,2034,4.5,5.700000000000003,48.3,54.0,0.0,0.0012164999998276471,3.000000106112566e-07,0.39878100000032646
2,FeatureDQN,MarginalGainPredictor,50,,3519,58.5,228,52.8,916,20.2,5.700000000000003,32.599999999999994,38.3,0.0,0.0012164999998276471,0.0004731999997602543,0.39878100000032646
2,FeatureDQN,OriginalOrder,100,,3519,58.5,228,52.8,2034,4.5,5.700000000000003,48.3,54.0,0.0,0.0012164999998276471,1.9999970390927047e-07,0.39878100000032646
2,FeatureDQN,MarginalGainPredictor,100,,3519,58.5,228,52.8,916,20.2,5.700000000000003,32.599999999999994,38.3,0.0,0.0012164999998276471,0.0005486000000018976,0.39878100000032646
2,Random,OriginalOrder,10,0,3519,58.5,1439,18.0,72,16.8,40.5,1.1999999999999993,41.7,3.552713678800501e-15,5.4800000270915916e-05,9.999985195463523e-08,0.39878100000032646
2,Random,MarginalGainPredictor,10,0,3519,58.5,1439,18.0,1439,18.0,40.5,0.0,40.5,0.0,5.4800000270915916e-05,0.0004631000001609209,0.39878100000032646
2,Random,OriginalOrder,20,0,3519,58.5,228,52.8,72,16.8,5.700000000000003,36.0,41.7,0.0,5.4800000270915916e-05,3.000000106112566e-07,0.39878100000032646
2,Random,MarginalGainPredictor,20,0,3519,58.5,228,52.8,1439,18.0,5.700000000000003,34.8,40.5,0.0,5.4800000270915916e-05,0.00044470000011642696,0.39878100000032646
2,Random,OriginalOrder,50,0,3519,58.5,228,52.8,72,16.8,5.700000000000003,36.0,41.7,0.0,5.4800000270915916e-05,1.9999970390927047e-07,0.39878100000032646
2,Random,MarginalGainPredictor,50,0,3519,58.5,228,52.8,1807,33.7,5.700000000000003,19.099999999999994,24.799999999999997,0.0,5.4800000270915916e-05,0.0004737999997814768,0.39878100000032646
2,Random,OriginalOrder,100,0,3519,58.5,3519,58.5,72,16.8,0.0,41.7,41.7,0.0,5.4800000270915916e-05,2.0000015865662135e-07,0.39878100000032646
2,Random,MarginalGainPredictor,100,0,3519,58.5,3519,58.5,410,50.6,0.0,7.899999999999999,7.899999999999999,0.0,5.4800000270915916e-05,0.0005161999997653766,0.39878100000032646
2,Random,OriginalOrder,10,1,3519,58.5,6158,15.6,12381,6.5,42.9,9.1,52.0,1.7763568394002505e-15,5.1699999858101364e-05,1.0000030670198612e-07,0.39878100000032646
2,Random,MarginalGainPredictor,10,1,3519,58.5,6158,15.6,2014,12.3,42.9,3.299999999999999,46.2,5.329070518200751e-15,5.1699999858101364e-05,0.00046710000015082187,0.39878100000032646
2,Random,OriginalOrder,20,1,3519,58.5,916,20.2,12381,6.5,38.3,13.7,52.0,3.552713678800501e-15,5.1699999858101364e-05,3.000000106112566e-07,0.39878100000032646
2,Random,MarginalGainPredictor,20,1,3519,58.5,916,20.2,916,20.2,38.3,0.0,38.3,0.0,5.1699999858101364e-05,0.0004441999999471591,0.39878100000032646
2,Random,OriginalOrder,50,1,3519,58.5,647,40.6,12381,6.5,17.9,34.1,52.0,0.0,5.1699999858101364e-05,9.999985195463523e-08,0.39878100000032646
2,Random,MarginalGainPredictor,50,1,3519,58.5,647,40.6,916,20.2,17.9,20.400000000000002,38.3,-3.552713678800501e-15,5.1699999858101364e-05,0.0004681999998865649,0.39878100000032646
2,Random,OriginalOrder,100,1,3519,58.5,647,40.6,12381,6.5,17.9,34.1,52.0,0.0,5.1699999858101364e-05,2.0000015865662135e-07,0.39878100000032646
2,Random,MarginalGainPredictor,100,1,3519,58.5,647,40.6,985,34.9,17.9,5.700000000000003,23.6,0.0,5.1699999858101364e-05,0.0005082999996375293,0.39878100000032646
2,Random,OriginalOrder,10,2,3519,58.5,410,50.6,2442,19.9,7.899999999999999,30.700000000000003,38.6,0.0,4.859999990003416e-05,1.0000030670198612e-07,0.39878100000032646
2,Random,MarginalGainPredictor,10,2,3519,58.5,410,50.6,410,50.6,7.899999999999999,0.0,7.899999999999999,0.0,4.859999990003416e-05,0.00045780000027662027,0.39878100000032646
2,Random,OriginalOrder,20,2,3519,58.5,410,50.6,2442,19.9,7.899999999999999,30.700000000000003,38.6,0.0,4.859999990003416e-05,1.9999970390927047e-07,0.39878100000032646
2,Random,MarginalGainPredictor,20,2,3519,58.5,410,50.6,410,50.6,7.899999999999999,0.0,7.899999999999999,0.0,4.859999990003416e-05,0.0004478999999264488,0.39878100000032646
2,Random,OriginalOrder,50,2,3519,58.5,410,50.6,2442,19.9,7.899999999999999,30.700000000000003,38.6,0.0,4.859999990003416e-05,2.0000015865662135e-07,0.39878100000032646
2,Random,MarginalGainPredictor,50,2,3519,58.5,410,50.6,410,50.6,7.899999999999999,0.0,7.899999999999999,0.0,4.859999990003416e-05,0.0004677000001720444,0.39878100000032646
2,Random,OriginalOrder,100,2,3519,58.5,410,50.6,2442,19.9,7.899999999999999,30.700000000000003,38.6,0.0,4.859999990003416e-05,2.0000015865662135e-07,0.39878100000032646
2,Random,MarginalGainPredictor,100,2,3519,58.5,410,50.6,410,50.6,7.899999999999999,0.0,7.899999999999999,0.0,4.859999990003416e-05,0.0005071000000498316,0.39878100000032646
2,Random,OriginalOrder,10,3,3519,58.5,9070,30.3,597,13.1,28.2,17.200000000000003,45.4,-3.552713678800501e-15,4.6999999995023245e-05,2.0000015865662135e-07,0.39878100000032646
2,Random,MarginalGainPredictor,10,3,3519,58.5,9070,30.3,9070,30.3,28.2,0.0,28.2,0.0,4.6999999995023245e-05,0.00046169999995981925,0.39878100000032646
2,Random,OriginalOrder,20,3,3519,58.5,1807,33.7,597,13.1,24.799999999999997,20.6,45.4,0.0,4.6999999995023245e-05,2.0000015865662135e-07,0.39878100000032646
2,Random,MarginalGainPredictor,20,3,3519,58.5,1807,33.7,1807,33.7,24.799999999999997,0.0,24.799999999999997,0.0,4.6999999995023245e-05,0.0004481000000851054,0.39878100000032646
2,Random,OriginalOrder,50,3,3519,58.5,228,52.8,597,13.1,5.700000000000003,39.699999999999996,45.4,0.0,4.6999999995023245e-05,9.999985195463523e-08,0.39878100000032646
2,Random,MarginalGainPredictor,50,3,3519,58.5,228,52.8,410,50.6,5.700000000000003,2.1999999999999957,7.899999999999999,0.0,4.6999999995023245e-05,0.000536399999873538,0.39878100000032646
2,Random,OriginalOrder,100,3,3519,58.5,228,52.8,597,13.1,5.700000000000003,39.699999999999996,45.4,0.0,4.6999999995023245e-05,2.0000015865662135e-07,0.39878100000032646
2,Random,MarginalGainPredictor,100,3,3519,58.5,228,52.8,410,50.6,5.700000000000003,2.1999999999999957,7.899999999999999,0.0,4.6999999995023245e-05,0.0005393999999796506,0.39878100000032646
2,Random,OriginalOrder,10,4,3519,58.5,1140,25.7,2854,7.6,32.8,18.1,50.9,0.0,4.6799999836366624e-05,9.999985195463523e-08,0.39878100000032646
2,Random,MarginalGainPredictor,10,4,3519,58.5,1140,25.7,597,13.1,32.8,12.6,45.4,1.7763568394002505e-15,4.6799999836366624e-05,0.000449799999842071,0.39878100000032646
2,Random,OriginalOrder,20,4,3519,58.5,1140,25.7,2854,7.6,32.8,18.1,50.9,0.0,4.6799999836366624e-05,2.0000015865662135e-07,0.39878100000032646
2,Random,MarginalGainPredictor,20,4,3519,58.5,1140,25.7,916,20.2,32.8,5.5,38.3,0.0,4.6799999836366624e-05,0.00044620000016948325,0.39878100000032646
2,Random,OriginalOrder,50,4,3519,58.5,892,35.1,2854,7.6,23.4,27.5,50.9,0.0,4.6799999836366624e-05,1.0000030670198612e-07,0.39878100000032646
2,Random,MarginalGainPredictor,50,4,3519,58.5,892,35.1,916,20.2,23.4,14.900000000000002,38.3,-3.552713678800501e-15,4.6799999836366624e-05,0.0004756000002998917,0.39878100000032646
2,Random,OriginalOrder,100,4,3519,58.5,228,52.8,2854,7.6,5.700000000000003,45.199999999999996,50.9,0.0,4.6799999836366624e-05,9.999985195463523e-08,0.39878100000032646
2,Random,MarginalGainPredictor,100,4,3519,58.5,228,52.8,410,50.6,5.700000000000003,2.1999999999999957,7.899999999999999,0.0,4.6799999836366624e-05,0.0005237999998826126,0.39878100000032646
2,Random,OriginalOrder,10,5,3519,58.5,4285,22.3,12375,11.1,36.2,11.200000000000001,47.4,-5.329070518200751e-15,6.260000009206124e-05,9.999985195463523e-08,0.39878100000032646
2,Random,MarginalGainPredictor,10,5,3519,58.5,4285,22.3,1277,0.0,36.2,22.3,58.5,-3.552713678800501e-15,6.260000009206124e-05,0.00045880000016040867,0.39878100000032646
2,Random,OriginalOrder,20,5,3519,58.5,1807,33.7,12375,11.1,24.799999999999997,22.6,47.4,0.0,6.260000009206124e-05,9.999985195463523e-08,0.39878100000032646
2,Random,MarginalGainPredictor,20,5,3519,58.5,1807,33.7,1807,33.7,24.799999999999997,0.0,24.799999999999997,0.0,6.260000009206124e-05,0.00044699999989461503,0.39878100000032646
2,Random,OriginalOrder,50,5,3519,58.5,410,50.6,12375,11.1,7.899999999999999,39.5,47.4,0.0,6.260000009206124e-05,2.0000015865662135e-07,0.39878100000032646
2,Random,MarginalGainPredictor,50,5,3519,58.5,410,50.6,410,50.6,7.899999999999999,0.0,7.899999999999999,0.0,6.260000009206124e-05,0.0004844000000048254,0.39878100000032646
2,Random,OriginalOrder,100,5,3519,58.5,410,50.6,12375,11.1,7.899999999999999,39.5,47.4,0.0,6.260000009206124e-05,2.0000015865662135e-07,0.39878100000032646
2,Random,MarginalGainPredictor,100,5,3519,58.5,410,50.6,410,50.6,7.899999999999999,0.0,7.899999999999999,0.0,6.260000009206124e-05,0.0005361999997148814,0.39878100000032646
2,Random,OriginalOrder,10,6,3519,58.5,1636,18.5,679,11.4,40.0,7.1,47.1,1.7763568394002505e-15,4.779999972015503e-05,1.0000030670198612e-07,0.39878100000032646
2,Random,MarginalGainPredictor,10,6,3519,58.5,1636,18.5,618,18.0,40.0,0.5,40.5,0.0,4.779999972015503e-05,0.00045040000031804084,0.39878100000032646
2,Random,OriginalOrder,20,6,3519,58.5,410,50.6,679,11.4,7.899999999999999,39.2,47.1,0.0,4.779999972015503e-05,2.0000015865662135e-07,0.39878100000032646
2,Random,MarginalGainPredictor,20,6,3519,58.5,410,50.6,410,50.6,7.899999999999999,0.0,7.899999999999999,0.0,4.779999972015503e-05,0.00044570000000021537,0.39878100000032646
2,Random,OriginalOrder,50,6,3519,58.5,410,50.6,679,11.4,7.899999999999999,39.2,47.1,0.0,4.779999972015503e-05,2.0000015865662135e-07,0.39878100000032646
2,Random,MarginalGainPredictor,50,6,3519,58.5,410,50.6,410,50.6,7.899999999999999,0.0,7.899999999999999,0.0,4.779999972015503e-05,0.0004768000003423367,0.39878100000032646
2,Random,OriginalOrder,100,6,3519,58.5,3519,58.5,679,11.4,0.0,47.1,47.1,0.0,4.779999972015503e-05,9.999985195463523e-08,0.39878100000032646
2,Random,MarginalGainPredictor,100,6,3519,58.5,3519,58.5,410,50.6,0.0,7.899999999999999,7.899999999999999,0.0,4.779999972015503e-05,0.0005671000003530935,0.39878100000032646
2,Random,OriginalOrder,10,7,3519,58.5,228,52.8,776,7.6,5.700000000000003,45.199999999999996,50.9,0.0,4.73000000056345e-05,2.0000015865662135e-07,0.39878100000032646
2,Random,MarginalGainPredictor,10,7,3519,58.5,228,52.8,1816,15.3,5.700000000000003,37.5,43.2,0.0,4.73000000056345e-05,0.0004382000001896813,0.39878100000032646
2,Random,OriginalOrder,20,7,3519,58.5,228,52.8,776,7.6,5.700000000000003,45.199999999999996,50.9,0.0,4.73000000056345e-05,2.0000015865662135e-07,0.39878100000032646
2,Random,MarginalGainPredictor,20,7,3519,58.5,228,52.8,410,50.6,5.700000000000003,2.1999999999999957,7.899999999999999,0.0,4.73000000056345e-05,0.00044189999971422367,0.39878100000032646
2,Random,OriginalOrder,50,7,3519,58.5,228,52.8,776,7.6,5.700000000000003,45.199999999999996,50.9,0.0,4.73000000056345e-05,2.0000015865662135e-07,0.39878100000032646
2,Random,MarginalGainPredictor,50,7,3519,58.5,228,52.8,410,50.6,5.700000000000003,2.1999999999999957,7.899999999999999,0.0,4.73000000056345e-05,0.0004828000000998145,0.39878100000032646
2,Random,OriginalOrder,100,7,3519,58.5,228,52.8,776,7.6,5.700000000000003,45.199999999999996,50.9,0.0,4.73000000056345e-05,2.0000015865662135e-07,0.39878100000032646
2,Random,MarginalGainPredictor,100,7,3519,58.5,228,52.8,410,50.6,5.700000000000003,2.1999999999999957,7.899999999999999,0.0,4.73000000056345e-05,0.000526100000115548,0.39878100000032646
2,Random,OriginalOrder,10,8,3519,58.5,9070,30.3,163,5.6,28.2,24.700000000000003,52.9,-3.552713678800501e-15,4.86999997519888e-05,1.9999970390927047e-07,0.39878100000032646
2,Random,MarginalGainPredictor,10,8,3519,58.5,9070,30.3,1816,15.3,28.2,15.0,43.2,3.552713678800501e-15,4.86999997519888e-05,0.00044359999992593657,0.39878100000032646
2,Random,OriginalOrder,20,8,3519,58.5,1807,33.7,163,5.6,24.799999999999997,28.1,52.9,0.0,4.86999997519888e-05,2.0000015865662135e-07,0.39878100000032646
2,Random,MarginalGainPredictor,20,8,3519,58.5,1807,33.7,1807,33.7,24.799999999999997,0.0,24.799999999999997,0.0,4.86999997519888e-05,0.00044000000025334884,0.39878100000032646
2,Random,OriginalOrder,50,8,3519,58.5,1807,33.7,163,5.6,24.799999999999997,28.1,52.9,0.0,4.86999997519888e-05,1.9999970390927047e-07,0.39878100000032646
2,Random,MarginalGainPredictor,50,8,3519,58.5,1807,33.7,1807,33.7,24.799999999999997,0.0,24.799999999999997,0.0,4.86999997519888e-05,0.0004791000001205248,0.39878100000032646
2,Random,OriginalOrder,100,8,3519,58.5,228,52.8,163,5.6,5.700000000000003,47.199999999999996,52.9,0.0,4.86999997519888e-05,1.9999970390927047e-07,0.39878100000032646
2,Random,MarginalGainPredictor,100,8,3519,58.5,228,52.8,1807,33.7,5.700000000000003,19.099999999999994,24.799999999999997,0.0,4.86999997519888e-05,0.0005523999998331419,0.39878100000032646
2,Random,OriginalOrder,10,9,3519,58.5,2023,26.0,927,8.3,32.5,17.7,50.2,3.552713678800501e-15,4.7699999868200393e-05,9.999985195463523e-08,0.39878100000032646
2,Random,MarginalGainPredictor,10,9,3519,58.5,2023,26.0,658,23.6,32.5,2.3999999999999986,34.9,0.0,4.7699999868200393e-05,0.0004377000000204134,0.39878100000032646
2,Random,OriginalOrder,20,9,3519,58.5,2023,26.0,927,8.3,32.5,17.7,50.2,3.552713678800501e-15,4.7699999868200393e-05,2.0000015865662135e-07,0.39878100000032646
2,Random,MarginalGainPredictor,20,9,3519,58.5,2023,26.0,7995,17.5,32.5,8.5,41.0,0.0,4.7699999868200393e-05,0.0005700000001525041,0.39878100000032646
2,Random,OriginalOrder,50,9,3519,58.5,228,52.8,927,8.3,5.700000000000003,44.5,50.2,0.0,4.7699999868200393e-05,2.0000015865662135e-07,0.39878100000032646
2,Random,MarginalGainPredictor,50,9,3519,58.5,228,52.8,410,50.6,5.700000000000003,2.1999999999999957,7.899999999999999,0.0,4.7699999868200393e-05,0.0004710999996859755,0.39878100000032646
2,Random,OriginalOrder,100,9,3519,58.5,228,52.8,927,8.3,5.700000000000003,44.5,50.2,0.0,4.7699999868200393e-05,2.0000015865662135e-07,0.39878100000032646
2,Random,MarginalGainPredictor,100,9,3519,58.5,228,52.8,410,50.6,5.700000000000003,2.1999999999999957,7.899999999999999,0.0,4.7699999868200393e-05,0.0005258000001049368,0.39878100000032646
3,Degree,OriginalOrder,10,,9070,57.1,410,42.6,916,22.3,14.5,20.3,34.8,-3.552713678800501e-15,8.889999980965513e-05,2.0000015865662135e-07,0.4692223999995804
3,Degree,MarginalGainPredictor,10,,9070,57.1,410,42.6,410,42.6,14.5,0.0,14.5,0.0,8.889999980965513e-05,0.0011992999998255982,0.4692223999995804
3,Degree,OriginalOrder,20,,9070,57.1,410,42.6,916,22.3,14.5,20.3,34.8,-3.552713678800501e-15,8.889999980965513e-05,5.000001692678779e-07,0.4692223999995804
3,Degree,MarginalGainPredictor,20,,9070,57.1,410,42.6,410,42.6,14.5,0.0,14.5,0.0,8.889999980965513e-05,0.0006129000003056717,0.4692223999995804
3,Degree,OriginalOrder,50,,9070,57.1,228,47.4,916,22.3,9.700000000000003,25.099999999999998,34.8,-3.552713678800501e-15,8.889999980965513e-05,4.000003173132427e-07,0.4692223999995804
3,Degree,MarginalGainPredictor,50,,9070,57.1,228,47.4,410,42.6,9.700000000000003,4.799999999999997,14.5,0.0,8.889999980965513e-05,0.0006155999999464257,0.4692223999995804
3,Degree,OriginalOrder,100,,9070,57.1,9070,57.1,916,22.3,0.0,34.8,34.8,0.0,8.889999980965513e-05,3.000000106112566e-07,0.4692223999995804
3,Degree,MarginalGainPredictor,100,,9070,57.1,9070,57.1,410,42.6,0.0,14.5,14.5,0.0,8.889999980965513e-05,0.0006390000003193563,0.4692223999995804
3,DegreeDiscount,OriginalOrder,10,,9070,57.1,310,41.7,12802,25.0,15.399999999999999,16.700000000000003,32.1,0.0,0.003086499999881198,3.000000106112566e-07,0.4692223999995804
3,DegreeDiscount,MarginalGainPredictor,10,,9070,57.1,310,41.7,310,41.7,15.399999999999999,0.0,15.399999999999999,0.0,0.003086499999881198,0.0005245999996077444,0.4692223999995804
3,DegreeDiscount,OriginalOrder,20,,9070,57.1,1920,42.2,12802,25.0,14.899999999999999,17.200000000000003,32.1,0.0,0.003086499999881198,1.9999970390927047e-07,0.4692223999995804
3,DegreeDiscount,MarginalGainPredictor,20,,9070,57.1,1920,42.2,310,41.7,14.899999999999999,0.5,15.399999999999999,0.0,0.003086499999881198,0.0005269999996926344,0.4692223999995804
3,DegreeDiscount,OriginalOrder,50,,9070,57.1,9070,57.1,12802,25.0,0.0,32.1,32.1,0.0,0.003086499999881198,1.9999970390927047e-07,0.4692223999995804
3,DegreeDiscount,MarginalGainPredictor,50,,9070,57.1,9070,57.1,410,42.6,0.0,14.5,14.5,0.0,0.003086499999881198,0.0005109999997330306,0.4692223999995804
3,DegreeDiscount,OriginalOrder,100,,9070,57.1,9070,57.1,12802,25.0,0.0,32.1,32.1,0.0,0.003086499999881198,1.9999970390927047e-07,0.4692223999995804
3,DegreeDiscount,MarginalGainPredictor,100,,9070,57.1,9070,57.1,410,42.6,0.0,14.5,14.5,0.0,0.003086499999881198,0.0005557999998018204,0.4692223999995804
3,FeatureDQN,OriginalOrder,10,,9070,57.1,905,15.9,2034,13.5,41.2,2.4000000000000004,43.6,-1.7763568394002505e-15,0.0012406999999257096,9.999985195463523e-08,0.4692223999995804
3,FeatureDQN,MarginalGainPredictor,10,,9070,57.1,905,15.9,905,15.9,41.2,0.0,41.2,0.0,0.0012406999999257096,0.00048489999971934594,0.4692223999995804
3,FeatureDQN,OriginalOrder,20,,9070,57.1,228,47.4,2034,13.5,9.700000000000003,33.9,43.6,0.0,0.0012406999999257096,1.9999970390927047e-07,0.4692223999995804
3,FeatureDQN,MarginalGainPredictor,20,,9070,57.1,228,47.4,892,35.3,9.700000000000003,12.100000000000001,21.800000000000004,0.0,0.0012406999999257096,0.000483400000121037,0.4692223999995804
3,FeatureDQN,OriginalOrder,50,,9070,57.1,228,47.4,2034,13.5,9.700000000000003,33.9,43.6,0.0,0.0012406999999257096,1.0000030670198612e-07,0.4692223999995804
3,FeatureDQN,MarginalGainPredictor,50,,9070,57.1,228,47.4,916,22.3,9.700000000000003,25.099999999999998,34.8,-3.552713678800501e-15,0.0012406999999257096,0.000506899999891175,0.4692223999995804
3,FeatureDQN,OriginalOrder,100,,9070,57.1,228,47.4,2034,13.5,9.700000000000003,33.9,43.6,0.0,0.0012406999999257096,1.9999970390927047e-07,0.4692223999995804
3,FeatureDQN,MarginalGainPredictor,100,,9070,57.1,228,47.4,916,22.3,9.700000000000003,25.099999999999998,34.8,-3.552713678800501e-15,0.0012406999999257096,0.0005581000000347558,0.4692223999995804
3,Random,OriginalOrder,10,0,9070,57.1,5753,37.2,6314,9.1,19.9,28.1,48.0,0.0,5.2800000048591755e-05,2.0000015865662135e-07,0.4692223999995804
3,Random,MarginalGainPredictor,10,0,9070,57.1,5753,37.2,6314,9.1,19.9,28.1,48.0,0.0,5.2800000048591755e-05,0.00047220000033121323,0.4692223999995804
3,Random,OriginalOrder,20,0,9070,57.1,228,47.4,6314,9.1,9.700000000000003,38.3,48.0,0.0,5.2800000048591755e-05,1.9999970390927047e-07,0.4692223999995804
3,Random,MarginalGainPredictor,20,0,9070,57.1,228,47.4,6314,9.1,9.700000000000003,38.3,48.0,0.0,5.2800000048591755e-05,0.0004748999999719672,0.4692223999995804
3,Random,OriginalOrder,50,0,9070,57.1,228,47.4,6314,9.1,9.700000000000003,38.3,48.0,0.0,5.2800000048591755e-05,1.9999970390927047e-07,0.4692223999995804
3,Random,MarginalGainPredictor,50,0,9070,57.1,228,47.4,985,36.0,9.700000000000003,11.399999999999999,21.1,0.0,5.2800000048591755e-05,0.0004999000002499088,0.4692223999995804
3,Random,OriginalOrder,100,0,9070,57.1,228,47.4,6314,9.1,9.700000000000003,38.3,48.0,0.0,5.2800000048591755e-05,2.0000015865662135e-07,0.4692223999995804
3,Random,MarginalGainPredictor,100,0,9070,57.1,228,47.4,985,36.0,9.700000000000003,11.399999999999999,21.1,0.0,5.2800000048591755e-05,0.0005774999999630381,0.4692223999995804
3,Random,OriginalOrder,10,1,9070,57.1,7123,26.2,547,15.1,30.900000000000002,11.1,42.0,-1.7763568394002505e-15,4.960000023856992e-05,1.9999970390927047e-07,0.4692223999995804
3,Random,MarginalGainPredictor,10,1,9070,57.1,7123,26.2,6314,9.1,30.900000000000002,17.1,48.0,-3.552713678800501e-15,4.960000023856992e-05,0.0004910000002382731,0.4692223999995804
3,Random,OriginalOrder,20,1,9070,57.1,7123,26.2,547,15.1,30.900000000000002,11.1,42.0,-1.7763568394002505e-15,4.960000023856992e-05,1.9999970390927047e-07,0.4692223999995804
3,Random,MarginalGainPredictor,20,1,9070,57.1,7123,26.2,7995,20.9,30.900000000000002,5.300000000000001,36.2,0.0,4.960000023856992e-05,0.0004721999998764659,0.4692223999995804
3,Random,OriginalOrder,50,1,9070,57.1,9070,57.1,547,15.1,0.0,42.0,42.0,0.0,4.960000023856992e-05,1.9999970390927047e-07,0.4692223999995804
3,Random,MarginalGainPredictor,50,1,9070,57.1,9070,57.1,410,42.6,0.0,14.5,14.5,0.0,4.960000023856992e-05,0.0006086999997023668,0.4692223999995804
3,Random,OriginalOrder,100,1,9070,57.1,9070,57.1,547,15.1,0.0,42.0,42.0,0.0,4.960000023856992e-05,3.000000106112566e-07,0.4692223999995804
3,Random,MarginalGainPredictor,100,1,9070,57.1,9070,57.1,410,42.6,0.0,14.5,14.5,0.0,4.960000023856992e-05,0.0006515000000035798,0.4692223999995804
3,Random,OriginalOrder,10,2,9070,57.1,1140,28.8,4859,15.1,28.3,13.700000000000001,42.0,-1.7763568394002505e-15,4.780000017490238e-05,1.9999970390927047e-07,0.4692223999995804
3,Random,MarginalGainPredictor,10,2,9070,57.1,1140,28.8,1423,15.2,28.3,13.600000000000001,41.900000000000006,3.552713678800501e-15,4.780000017490238e-05,0.000496499999826483,0.4692223999995804
3,Random,OriginalOrder,20,2,9070,57.1,1140,28.8,4859,15.1,28.3,13.700000000000001,42.0,-1.7763568394002505e-15,4.780000017490238e-05,1.9999970390927047e-07,0.4692223999995804
3,Random,MarginalGainPredictor,20,2,9070,57.1,1140,28.8,1423,15.2,28.3,13.600000000000001,41.900000000000006,3.552713678800501e-15,4.780000017490238e-05,0.000478099999781989,0.4692223999995804
3,Random,OriginalOrder,50,2,9070,57.1,410,42.6,4859,15.1,14.5,27.5,42.0,0.0,4.780000017490238e-05,2.0000015865662135e-07,0.4692223999995804
3,Random,MarginalGainPredictor,50,2,9070,57.1,410,42.6,410,42.6,14.5,0.0,14.5,0.0,4.780000017490238e-05,0.0005280000000311702,0.4692223999995804
3,Random,OriginalOrder,100,2,9070,57.1,9070,57.1,4859,15.1,0.0,42.0,42.0,0.0,4.780000017490238e-05,9.999985195463523e-08,0.4692223999995804
3,Random,MarginalGainPredictor,100,2,9070,57.1,9070,57.1,410,42.6,0.0,14.5,14.5,0.0,4.780000017490238e-05,0.000548399999843241,0.4692223999995804
3,Random,OriginalOrder,10,3,9070,57.1,9561,23.7,802,5.0,33.400000000000006,18.7,52.1,-3.552713678800501e-15,4.6799999836366624e-05,9.999985195463523e-08,0.4692223999995804
3,Random,MarginalGainPredictor,10,3,9070,57.1,9561,23.7,7995,20.9,33.400000000000006,2.8000000000000007,36.2,-3.552713678800501e-15,4.6799999836366624e-05,0.00045589999990625074,0.4692223999995804
3,Random,OriginalOrder,20,3,9070,57.1,9561,23.7,802,5.0,33.400000000000006,18.7,52.1,-3.552713678800501e-15,4.6799999836366624e-05,2.0000015865662135e-07,0.4692223999995804
3,Random,MarginalGainPredictor,20,3,9070,57.1,9561,23.7,1277,0.0,33.400000000000006,23.7,57.1,-3.552713678800501e-15,4.6799999836366624e-05,0.0004805999997188337,0.4692223999995804
3,Random,OriginalOrder,50,3,9070,57.1,2122,36.6,802,5.0,20.5,31.6,52.1,0.0,4.6799999836366624e-05,1.9999970390927047e-07,0.4692223999995804
3,Random,MarginalGainPredictor,50,3,9070,57.1,2122,36.6,2216,29.7,20.5,6.900000000000002,27.400000000000002,0.0,4.6799999836366624e-05,0.0005112999997436418,0.4692223999995804
3,Random,OriginalOrder,100,3,9070,57.1,1920,42.2,802,5.0,14.899999999999999,37.2,52.1,0.0,4.6799999836366624e-05,9.999985195463523e-08,0.4692223999995804
3,Random,MarginalGainPredictor,100,3,9070,57.1,1920,42.2,310,41.7,14.899999999999999,0.5,15.399999999999999,0.0,4.6799999836366624e-05,0.0005648000001201581,0.4692223999995804
3,Random,OriginalOrder,10,4,9070,57.1,4285,28.1,12375,10.6,29.0,17.5,46.5,0.0,4.619999981514411e-05,9.999985195463523e-08,0.4692223999995804
3,Random,MarginalGainPredictor,10,4,9070,57.1,4285,28.1,1352,12.0,29.0,16.1,45.1,0.0,4.619999981514411e-05,0.00045970000019224244,0.4692223999995804
3,Random,OriginalOrder,20,4,9070,57.1,4285,28.1,12375,10.6,29.0,17.5,46.5,0.0,4.619999981514411e-05,2.0000015865662135e-07,0.4692223999995804
3,Random,MarginalGainPredictor,20,4,9070,57.1,4285,28.1,1352,12.0,29.0,16.1,45.1,0.0,4.619999981514411e-05,0.00047630000017306884,0.4692223999995804
3,Random,OriginalOrder,50,4,9070,57.1,4285,28.1,12375,10.6,29.0,17.5,46.5,0.0,4.619999981514411e-05,2.0000015865662135e-07,0.4692223999995804
3,Random,MarginalGainPredictor,50,4,9070,57.1,4285,28.1,1439,17.3,29.0,10.8,39.8,-3.552713678800501e-15,4.619999981514411e-05,0.0005310999999892374,0.4692223999995804
3,Random,OriginalOrder,100,4,9070,57.1,410,42.6,12375,10.6,14.5,32.0,46.5,0.0,4.619999981514411e-05,1.0000030670198612e-07,0.4692223999995804
3,Random,MarginalGainPredictor,100,4,9070,57.1,410,42.6,410,42.6,14.5,0.0,14.5,0.0,4.619999981514411e-05,0.000548399999843241,0.4692223999995804
3,Random,OriginalOrder,10,5,9070,57.1,932,8.4,1580,4.2,48.7,4.2,52.9,-4.440892098500626e-15,4.8000000333559e-05,2.0000015865662135e-07,0.4692223999995804
3,Random,MarginalGainPredictor,10,5,9070,57.1,932,8.4,699,5.9,48.7,2.5,51.2,0.0,4.8000000333559e-05,0.00045880000016040867,0.4692223999995804
3,Random,OriginalOrder,20,5,9070,57.1,310,41.7,1580,4.2,15.399999999999999,37.5,52.9,0.0,4.8000000333559e-05,1.9999970390927047e-07,0.4692223999995804
3,Random,MarginalGainPredictor,20,5,9070,57.1,310,41.7,310,41.7,15.399999999999999,0.0,15.399999999999999,0.0,4.8000000333559e-05,0.00048680000008971547,0.4692223999995804
3,Random,OriginalOrder,50,5,9070,57.1,310,41.7,1580,4.2,15.399999999999999,37.5,52.9,0.0,4.8000000333559e-05,2.0000015865662135e-07,0.4692223999995804
3,Random,MarginalGainPredictor,50,5,9070,57.1,310,41.7,310,41.7,15.399999999999999,0.0,15.399999999999999,0.0,4.8000000333559e-05,0.0005041999997956736,0.4692223999995804
3,Random,OriginalOrder,100,5,9070,57.1,410,42.6,1580,4.2,14.5,38.4,52.9,0.0,4.8000000333559e-05,2.0000015865662135e-07,0.4692223999995804
3,Random,MarginalGainPredictor,100,5,9070,57.1,410,42.6,410,42.6,14.5,0.0,14.5,0.0,4.8000000333559e-05,0.0005458999999063963,0.4692223999995804
3,Random,OriginalOrder,10,6,9070,57.1,228,47.4,541,5.6,9.700000000000003,41.8,51.5,0.0,4.659999967771e-05,9.999985195463523e-08,0.4692223999995804
3,Random,MarginalGainPredictor,10,6,9070,57.1,228,47.4,611,16.8,9.700000000000003,30.599999999999998,40.3,-3.552713678800501e-15,4.659999967771e-05,0.0004779999999300344,0.4692223999995804
3,Random,OriginalOrder,20,6,9070,57.1,228,47.4,541,5.6,9.700000000000003,41.8,51.5,0.0,4.659999967771e-05,9.999985195463523e-08,0.4692223999995804
3,Random,MarginalGainPredictor,20,6,9070,57.1,228,47.4,410,42.6,9.700000000000003,4.799999999999997,14.5,0.0,4.659999967771e-05,0.0005066999997325183,0.4692223999995804
3,Random,OriginalOrder,50,6,9070,57.1,228,47.4,541,5.6,9.700000000000003,41.8,51.5,0.0,4.659999967771e-05,1.9999970390927047e-07,0.4692223999995804
3,Random,MarginalGainPredictor,50,6,9070,57.1,228,47.4,410,42.6,9.700000000000003,4.799999999999997,14.5,0.0,4.659999967771e-05,0.0005075999997643521,0.4692223999995804
3,Random,OriginalOrder,100,6,9070,57.1,228,47.4,541,5.6,9.700000000000003,41.8,51.5,0.0,4.659999967771e-05,3.000000106112566e-07,0.4692223999995804
3,Random,MarginalGainPredictor,100,6,9070,57.1,228,47.4,410,42.6,9.700000000000003,4.799999999999997,14.5,0.0,4.659999967771e-05,0.0005484999996951956,0.4692223999995804
3,Random,OriginalOrder,10,7,9070,57.1,310,41.7,310,41.7,15.399999999999999,0.0,15.399999999999999,0.0,4.660000013245735e-05,1.9999970390927047e-07,0.4692223999995804
3,Random,MarginalGainPredictor,10,7,9070,57.1,310,41.7,310,41.7,15.399999999999999,0.0,15.399999999999999,0.0,4.660000013245735e-05,0.0004647000000659318,0.4692223999995804
3,Random,OriginalOrder,20,7,9070,57.1,310,41.7,310,41.7,15.399999999999999,0.0,15.399999999999999,0.0,4.660000013245735e-05,1.0000030670198612e-07,0.4692223999995804
3,Random,MarginalGainPredictor,20,7,9070,57.1,310,41.7,310,41.7,15.399999999999999,0.0,15.399999999999999,0.0,4.660000013245735e-05,0.00047670000003563473,0.4692223999995804
3,Random,OriginalOrder,50,7,9070,57.1,410,42.6,310,41.7,14.5,0.8999999999999986,15.399999999999999,0.0,4.660000013245735e-05,9.999985195463523e-08,0.4692223999995804
3,Random,MarginalGainPredictor,50,7,9070,57.1,410,42.6,410,42.6,14.5,0.0,14.5,0.0,4.660000013245735e-05,0.0005043000001023756,0.4692223999995804
3,Random,OriginalOrder,100,7,9070,57.1,410,42.6,310,41.7,14.5,0.8999999999999986,15.399999999999999,0.0,4.660000013245735e-05,2.0000015865662135e-07,0.4692223999995804
3,Random,MarginalGainPredictor,100,7,9070,57.1,410,42.6,410,42.6,14.5,0.0,14.5,0.0,4.660000013245735e-05,0.0005439999999907741,0.4692223999995804
3,Random,OriginalOrder,10,8,9070,57.1,1920,42.2,14013,4.0,14.899999999999999,38.2,53.1,0.0,4.6800000291113975e-05,9.999985195463523e-08,0.4692223999995804
3,Random,MarginalGainPredictor,10,8,9070,57.1,1920,42.2,1807,40.6,14.899999999999999,1.6000000000000014,16.5,0.0,4.6800000291113975e-05,0.0004939000000376836,0.4692223999995804
3,Random,OriginalOrder,20,8,9070,57.1,1920,42.2,14013,4.0,14.899999999999999,38.2,53.1,0.0,4.6800000291113975e-05,2.0000015865662135e-07,0.4692223999995804
3,Random,MarginalGainPredictor,20,8,9070,57.1,1920,42.2,1807,40.6,14.899999999999999,1.6000000000000014,16.5,0.0,4.6800000291113975e-05,0.0004862999999204476,0.4692223999995804
3,Random,OriginalOrder,50,8,9070,57.1,410,42.6,14013,4.0,14.5,38.6,53.1,0.0,4.6800000291113975e-05,1.9999970390927047e-07,0.4692223999995804
3,Random,MarginalGainPredictor,50,8,9070,57.1,410,42.6,410,42.6,14.5,0.0,14.5,0.0,4.6800000291113975e-05,0.0005139999998391431,0.4692223999995804
3,Random,OriginalOrder,100,8,9070,57.1,410,42.6,14013,4.0,14.5,38.6,53.1,0.0,4.6800000291113975e-05,2.0000015865662135e-07,0.4692223999995804
3,Random,MarginalGainPredictor,100,8,9070,57.1,410,42.6,410,42.6,14.5,0.0,14.5,0.0,4.6800000291113975e-05,0.0005386000002545188,0.4692223999995804
3,Random,OriginalOrder,10,9,9070,57.1,310,41.7,310,41.7,15.399999999999999,0.0,15.399999999999999,0.0,4.760000001624576e-05,9.999985195463523e-08,0.4692223999995804
3,Random,MarginalGainPredictor,10,9,9070,57.1,310,41.7,310,41.7,15.399999999999999,0.0,15.399999999999999,0.0,4.760000001624576e-05,0.00047150000000328873,0.4692223999995804
3,Random,OriginalOrder,20,9,9070,57.1,310,41.7,310,41.7,15.399999999999999,0.0,15.399999999999999,0.0,4.760000001624576e-05,2.0000015865662135e-07,0.4692223999995804
3,Random,MarginalGainPredictor,20,9,9070,57.1,310,41.7,310,41.7,15.399999999999999,0.0,15.399999999999999,0.0,4.760000001624576e-05,0.0004901000002064393,0.4692223999995804
3,Random,OriginalOrder,50,9,9070,57.1,310,41.7,310,41.7,15.399999999999999,0.0,15.399999999999999,0.0,4.760000001624576e-05,2.0000015865662135e-07,0.4692223999995804
3,Random,MarginalGainPredictor,50,9,9070,57.1,310,41.7,310,41.7,15.399999999999999,0.0,15.399999999999999,0.0,4.760000001624576e-05,0.0004997999999432068,0.4692223999995804
3,Random,OriginalOrder,100,9,9070,57.1,228,47.4,310,41.7,9.700000000000003,5.699999999999996,15.399999999999999,0.0,4.760000001624576e-05,9.999985195463523e-08,0.4692223999995804
3,Random,MarginalGainPredictor,100,9,9070,57.1,228,47.4,310,41.7,9.700000000000003,5.699999999999996,15.399999999999999,0.0,4.760000001624576e-05,0.0005717999997614243,0.4692223999995804
4,Degree,OriginalOrder,10,,410,48.2,410,48.2,916,19.9,0.0,28.300000000000004,28.300000000000004,0.0,8.860000025379122e-05,2.0000015865662135e-07,0.37338510000017777
4,Degree,MarginalGainPredictor,10,,410,48.2,410,48.2,410,48.2,0.0,0.0,0.0,0.0,8.860000025379122e-05,0.0012578000000758038,0.37338510000017777
4,Degree,OriginalOrder,20,,410,48.2,410,48.2,916,19.9,0.0,28.300000000000004,28.300000000000004,0.0,8.860000025379122e-05,3.999998625658918e-07,0.37338510000017777
4,Degree,MarginalGainPredictor,20,,410,48.2,410,48.2,410,48.2,0.0,0.0,0.0,0.0,8.860000025379122e-05,0.000600000000304135,0.37338510000017777
4,Degree,OriginalOrder,50,,410,48.2,410,48.2,916,19.9,0.0,28.300000000000004,28.300000000000004,0.0,8.860000025379122e-05,3.000000106112566e-07,0.37338510000017777
4,Degree,MarginalGainPredictor,50,,410,48.2,410,48.2,410,48.2,0.0,0.0,0.0,0.0,8.860000025379122e-05,0.0006812000001445995,0.37338510000017777
4,Degree,OriginalOrder,100,,410,48.2,410,48.2,916,19.9,0.0,28.300000000000004,28.300000000000004,0.0,8.860000025379122e-05,5.000001692678779e-07,0.37338510000017777
4,Degree,MarginalGainPredictor,100,,410,48.2,410,48.2,410,48.2,0.0,0.0,0.0,0.0,8.860000025379122e-05,0.0006046000003152585,0.37338510000017777
4,DegreeDiscount,OriginalOrder,10,,410,48.2,310,45.2,12802,23.5,3.0,21.700000000000003,24.700000000000003,0.0,0.003062599999793747,2.0000015865662135e-07,0.37338510000017777
4,DegreeDiscount,MarginalGainPredictor,10,,410,48.2,310,45.2,310,45.2,3.0,0.0,3.0,0.0,0.003062599999793747,0.0005602999999609892,0.37338510000017777
4,DegreeDiscount,OriginalOrder,20,,410,48.2,310,45.2,12802,23.5,3.0,21.700000000000003,24.700000000000003,0.0,0.003062599999793747,2.0000015865662135e-07,0.37338510000017777
4,DegreeDiscount,MarginalGainPredictor,20,,410,48.2,310,45.2,310,45.2,3.0,0.0,3.0,0.0,0.003062599999793747,0.0005267999999887252,0.37338510000017777
4,DegreeDiscount,OriginalOrder,50,,410,48.2,410,48.2,12802,23.5,0.0,24.700000000000003,24.700000000000003,0.0,0.003062599999793747,2.0000015865662135e-07,0.37338510000017777
4,DegreeDiscount,MarginalGainPredictor,50,,410,48.2,410,48.2,410,48.2,0.0,0.0,0.0,0.0,0.003062599999793747,0.0005131000002620567,0.37338510000017777
4,DegreeDiscount,OriginalOrder,100,,410,48.2,410,48.2,12802,23.5,0.0,24.700000000000003,24.700000000000003,0.0,0.003062599999793747,2.0000015865662135e-07,0.37338510000017777
4,DegreeDiscount,MarginalGainPredictor,100,,410,48.2,410,48.2,410,48.2,0.0,0.0,0.0,0.0,0.003062599999793747,0.000550900000234833,0.37338510000017777
4,FeatureDQN,OriginalOrder,10,,410,48.2,4826,19.3,2034,9.6,28.900000000000002,9.700000000000001,38.6,-1.7763568394002505e-15,0.0012637999998332816,2.0000015865662135e-07,0.37338510000017777
4,FeatureDQN,MarginalGainPredictor,10,,410,48.2,4826,19.3,905,9.9,28.900000000000002,9.4,38.300000000000004,1.7763568394002505e-15,0.0012637999998332816,0.00046999999995023245,0.37338510000017777
4,FeatureDQN,OriginalOrder,20,,410,48.2,228,46.4,2034,9.6,1.8000000000000043,36.8,38.6,0.0,0.0012637999998332816,9.999985195463523e-08,0.37338510000017777
4,FeatureDQN,MarginalGainPredictor,20,,410,48.2,228,46.4,892,28.8,1.8000000000000043,17.599999999999998,19.400000000000002,0.0,0.0012637999998332816,0.0004659999999603315,0.37338510000017777
4,FeatureDQN,OriginalOrder,50,,410,48.2,228,46.4,2034,9.6,1.8000000000000043,36.8,38.6,0.0,0.0012637999998332816,1.9999970390927047e-07,0.37338510000017777
4,FeatureDQN,MarginalGainPredictor,50,,410,48.2,228,46.4,916,19.9,1.8000000000000043,26.5,28.300000000000004,0.0,0.0012637999998332816,0.0005007999998269952,0.37338510000017777
4,FeatureDQN,OriginalOrder,100,,410,48.2,228,46.4,2034,9.6,1.8000000000000043,36.8,38.6,0.0,0.0012637999998332816,1.0000030670198612e-07,0.37338510000017777
4,FeatureDQN,MarginalGainPredictor,100,,410,48.2,228,46.4,916,19.9,1.8000000000000043,26.5,28.300000000000004,0.0,0.0012637999998332816,0.0005482000001393317,0.37338510000017777
4,Random,OriginalOrder,10,0,410,48.2,592,25.4,188,12.2,22.800000000000004,13.2,36.0,-3.552713678800501e-15,5.4600000112259295e-05,9.999985195463523e-08,0.37338510000017777
4,Random,MarginalGainPredictor,10,0,410,48.2,592,25.4,830,23.8,22.800000000000004,1.5999999999999979,24.400000000000002,0.0,5.4600000112259295e-05,0.00045250000039231963,0.37338510000017777
4,Random,OriginalOrder,20,0,410,48.2,1920,35.8,188,12.2,12.400000000000006,23.599999999999998,36.0,-3.552713678800501e-15,5.4600000112259295e-05,2.0000015865662135e-07,0.37338510000017777
4,Random,MarginalGainPredictor,20,0,410,48.2,1920,35.8,985,33.1,12.400000000000006,2.6999999999999957,15.100000000000001,0.0,5.4600000112259295e-05,0.0004548000001705077,0.37338510000017777
4,Random,OriginalOrder,50,0,410,48.2,1920,35.8,188,12.2,12.400000000000006,23.599999999999998,36.0,-3.552713678800501e-15,5.4600000112259295e-05,2.0000015865662135e-07,0.37338510000017777
4,Random,MarginalGainPredictor,50,0,410,48.2,1920,35.8,1807,27.4,12.400000000000006,8.399999999999999,20.800000000000004,0.0,5.4600000112259295e-05,0.0005419999997684499,0.37338510000017777
4,Random,OriginalOrder,100,0,410,48.2,228,46.4,188,12.2,1.8000000000000043,34.2,36.0,-7.105427357601002e-15,5.4600000112259295e-05,2.0000015865662135e-07,0.37338510000017777
4,Random,MarginalGainPredictor,100,0,410,48.2,228,46.4,310,45.2,1.8000000000000043,1.1999999999999957,3.0,0.0,5.4600000112259295e-05,0.0005729999998038693,0.37338510000017777
4,Random,OriginalOrder,10,1,410,48.2,228,46.4,282,12.4,1.8000000000000043,34.0,35.800000000000004,0.0,4.9199999921256676e-05,1.9999970390927047e-07,0.37338510000017777
4,Random,MarginalGainPredictor,10,1,410,48.2,228,46.4,1277,0.0,1.8000000000000043,46.4,48.2,0.0,4.9199999921256676e-05,0.000523700000030658,0.37338510000017777
4,Random,OriginalOrder,20,1,410,48.2,228,46.4,282,12.4,1.8000000000000043,34.0,35.800000000000004,0.0,4.9199999921256676e-05,1.9999970390927047e-07,0.37338510000017777
4,Random,MarginalGainPredictor,20,1,410,48.2,228,46.4,1277,0.0,1.8000000000000043,46.4,48.2,0.0,4.9199999921256676e-05,0.0004650999999284977,0.37338510000017777
4,Random,OriginalOrder,50,1,410,48.2,228,46.4,282,12.4,1.8000000000000043,34.0,35.800000000000004,0.0,4.9199999921256676e-05,2.0000015865662135e-07,0.37338510000017777
4,Random,MarginalGainPredictor,50,1,410,48.2,228,46.4,1807,27.4,1.8000000000000043,19.0,20.800000000000004,0.0,4.9199999921256676e-05,0.0005022000000280968,0.37338510000017777
4,Random,OriginalOrder,100,1,410,48.2,228,46.4,282,12.4,1.8000000000000043,34.0,35.800000000000004,0.0,4.9199999921256676e-05,1.0000030670198612e-07,0.37338510000017777
4,Random,MarginalGainPredictor,100,1,410,48.2,228,46.4,1807,27.4,1.8000000000000043,19.0,20.800000000000004,0.0,4.9199999921256676e-05,0.0005444000003080873,0.37338510000017777
4,Random,OriginalOrder,10,2,410,48.2,410,48.2,12383,2.3,0.0,45.900000000000006,45.900000000000006,0.0,5.03999999637017e-05,1.0000030670198612e-07,0.37338510000017777
4,Random,MarginalGainPredictor,10,2,410,48.2,410,48.2,410,48.2,0.0,0.0,0.0,0.0,5.03999999637017e-05,0.0004505000001699955,0.37338510000017777
4,Random,OriginalOrder,20,2,410,48.2,410,48.2,12383,2.3,0.0,45.900000000000006,45.900000000000006,0.0,5.03999999637017e-05,1.9999970390927047e-07,0.37338510000017777
4,Random,MarginalGainPredictor,20,2,410,48.2,410,48.2,410,48.2,0.0,0.0,0.0,0.0,5.03999999637017e-05,0.00047519999998257845,0.37338510000017777
4,Random,OriginalOrder,50,2,410,48.2,410,48.2,12383,2.3,0.0,45.900000000000006,45.900000000000006,0.0,5.03999999637017e-05,1.0000030670198612e-07,0.37338510000017777
4,Random,MarginalGainPredictor,50,2,410,48.2,410,48.2,410,48.2,0.0,0.0,0.0,0.0,5.03999999637017e-05,0.0004952999997840379,0.37338510000017777
4,Random,OriginalOrder,100,2,410,48.2,410,48.2,12383,2.3,0.0,45.900000000000006,45.900000000000006,0.0,5.03999999637017e-05,2.0000015865662135e-07,0.37338510000017777
4,Random,MarginalGainPredictor,100,2,410,48.2,410,48.2,410,48.2,0.0,0.0,0.0,0.0,5.03999999637017e-05,0.0005965000000287546,0.37338510000017777
4,Random,OriginalOrder,10,3,410,48.2,7123,25.7,7123,25.7,22.500000000000004,0.0,22.500000000000004,0.0,4.8299999889422907e-05,2.0000015865662135e-07,0.37338510000017777
4,Random,MarginalGainPredictor,10,3,410,48.2,7123,25.7,1249,19.0,22.500000000000004,6.699999999999999,29.200000000000003,0.0,4.8299999889422907e-05,0.0004698000002463232,0.37338510000017777
4,Random,OriginalOrder,20,3,410,48.2,7123,25.7,7123,25.7,22.500000000000004,0.0,22.500000000000004,0.0,4.8299999889422907e-05,3.000000106112566e-07,0.37338510000017777
4,Random,MarginalGainPredictor,20,3,410,48.2,7123,25.7,820,13.1,22.500000000000004,12.6,35.1,-1.7763568394002505e-15,4.8299999889422907e-05,0.0004893999998785148,0.37338510000017777
4,Random,OriginalOrder,50,3,410,48.2,4285,28.7,7123,25.7,19.500000000000004,3.0,22.500000000000004,0.0,4.8299999889422907e-05,2.0000015865662135e-07,0.37338510000017777
4,Random,MarginalGainPredictor,50,3,410,48.2,4285,28.7,820,13.1,19.500000000000004,15.6,35.1,-1.7763568394002505e-15,4.8299999889422907e-05,0.0004952999997840379,0.37338510000017777
4,Random,OriginalOrder,100,3,410,48.2,410,48.2,7123,25.7,0.0,22.500000000000004,22.500000000000004,0.0,4.8299999889422907e-05,2.0000015865662135e-07,0.37338510000017777
4,Random,MarginalGainPredictor,100,3,410,48.2,410,48.2,410,48.2,0.0,0.0,0.0,0.0,4.8299999889422907e-05,0.000555999999960477,0.37338510000017777
4,Random,OriginalOrder,10,4,410,48.2,2477,25.4,2510,11.2,22.800000000000004,14.2,37.0,-3.552713678800501e-15,4.7200000153679866e-05,1.0000030670198612e-07,0.37338510000017777
4,Random,MarginalGainPredictor,10,4,410,48.2,2477,25.4,1277,0.0,22.800000000000004,25.4,48.2,0.0,4.7200000153679866e-05,0.0004535999996733153,0.37338510000017777
4,Random,OriginalOrder,20,4,410,48.2,228,46.4,2510,11.2,1.8000000000000043,35.2,37.0,-7.105427357601002e-15,4.7200000153679866e-05,1.9999970390927047e-07,0.37338510000017777
4,Random,MarginalGainPredictor,20,4,410,48.2,228,46.4,1277,0.0,1.8000000000000043,46.4,48.2,0.0,4.7200000153679866e-05,0.0004975000001650187,0.37338510000017777
4,Random,OriginalOrder,50,4,410,48.2,228,46.4,2510,11.2,1.8000000000000043,35.2,37.0,-7.105427357601002e-15,4.7200000153679866e-05,2.0000015865662135e-07,0.37338510000017777
4,Random,MarginalGainPredictor,50,4,410,48.2,228,46.4,1277,0.0,1.8000000000000043,46.4,48.2,0.0,4.7200000153679866e-05,0.0004925000002913293,0.37338510000017777
4,Random,OriginalOrder,100,4,410,48.2,228,46.4,2510,11.2,1.8000000000000043,35.2,37.0,-7.105427357601002e-15,4.7200000153679866e-05,1.9999970390927047e-07,0.37338510000017777
4,Random,MarginalGainPredictor,100,4,410,48.2,228,46.4,310,45.2,1.8000000000000043,1.1999999999999957,3.0,0.0,4.7200000153679866e-05,0.0005562999999710883,0.37338510000017777
4,Random,OriginalOrder,10,5,410,48.2,5454,28.2,1638,9.9,20.000000000000004,18.299999999999997,38.300000000000004,3.552713678800501e-15,4.650000028050272e-05,1.0000030670198612e-07,0.37338510000017777
4,Random,MarginalGainPredictor,10,5,410,48.2,5454,28.2,5454,28.2,20.000000000000004,0.0,20.000000000000004,0.0,4.650000028050272e-05,0.00046150000025591,0.37338510000017777
4,Random,OriginalOrder,20,5,410,48.2,310,45.2,1638,9.9,3.0,35.300000000000004,38.300000000000004,0.0,4.650000028050272e-05,2.0000015865662135e-07,0.37338510000017777
4,Random,MarginalGainPredictor,20,5,410,48.2,310,45.2,310,45.2,3.0,0.0,3.0,0.0,4.650000028050272e-05,0.00046629999997094274,0.37338510000017777
4,Random,OriginalOrder,50,5,410,48.2,310,45.2,1638,9.9,3.0,35.300000000000004,38.300000000000004,0.0,4.650000028050272e-05,1.0000030670198612e-07,0.37338510000017777
4,Random,MarginalGainPredictor,50,5,410,48.2,310,45.2,310,45.2,3.0,0.0,3.0,0.0,4.650000028050272e-05,0.0004933999998684158,0.37338510000017777
4,Random,OriginalOrder,100,5,410,48.2,228,46.4,1638,9.9,1.8000000000000043,36.5,38.300000000000004,0.0,4.650000028050272e-05,1.9999970390927047e-07,0.37338510000017777
4,Random,MarginalGainPredictor,100,5,410,48.2,228,46.4,310,45.2,1.8000000000000043,1.1999999999999957,3.0,0.0,4.650000028050272e-05,0.0005433999999695516,0.37338510000017777
4,Random,OriginalOrder,10,6,410,48.2,410,48.2,9077,11.6,0.0,36.6,36.6,0.0,4.6299999667098746e-05,2.0000015865662135e-07,0.37338510000017777
4,Random,MarginalGainPredictor,10,6,410,48.2,410,48.2,410,48.2,0.0,0.0,0.0,0.0,4.6299999667098746e-05,0.00048560000004727044,0.37338510000017777
4,Random,OriginalOrder,20,6,410,48.2,410,48.2,9077,11.6,0.0,36.6,36.6,0.0,4.6299999667098746e-05,2.0000015865662135e-07,0.37338510000017777
4,Random,MarginalGainPredictor,20,6,410,48.2,410,48.2,410,48.2,0.0,0.0,0.0,0.0,4.6299999667098746e-05,0.0004818999996132334,0.37338510000017777
4,Random,OriginalOrder,50,6,410,48.2,410,48.2,9077,11.6,0.0,36.6,36.6,0.0,4.6299999667098746e-05,2.0000015865662135e-07,0.37338510000017777
4,Random,MarginalGainPredictor,50,6,410,48.2,410,48.2,410,48.2,0.0,0.0,0.0,0.0,4.6299999667098746e-05,0.0005285000002004381,0.37338510000017777
4,Random,OriginalOrder,100,6,410,48.2,410,48.2,9077,11.6,0.0,36.6,36.6,0.0,4.6299999667098746e-05,2.0000015865662135e-07,0.37338510000017777
4,Random,MarginalGainPredictor,100,6,410,48.2,410,48.2,410,48.2,0.0,0.0,0.0,0.0,4.6299999667098746e-05,0.0005337999996299914,0.37338510000017777
4,Random,OriginalOrder,10,7,410,48.2,124,13.3,4824,10.8,34.900000000000006,2.5,37.400000000000006,0.0,4.579999995257822e-05,9.999985195463523e-08,0.37338510000017777
4,Random,MarginalGainPredictor,10,7,410,48.2,124,13.3,611,11.0,34.900000000000006,2.3000000000000007,37.2,-3.552713678800501e-15,4.579999995257822e-05,0.00046150000025591,0.37338510000017777
4,Random,OriginalOrder,20,7,410,48.2,5454,28.2,4824,10.8,20.000000000000004,17.4,37.400000000000006,3.552713678800501e-15,4.579999995257822e-05,1.9999970390927047e-07,0.37338510000017777
4,Random,MarginalGainPredictor,20,7,410,48.2,5454,28.2,3078,17.7,20.000000000000004,10.5,30.500000000000004,0.0,4.579999995257822e-05,0.0004687000000558328,0.37338510000017777
4,Random,OriginalOrder,50,7,410,48.2,228,46.4,4824,10.8,1.8000000000000043,35.599999999999994,37.400000000000006,7.105427357601002e-15,4.579999995257822e-05,2.0000015865662135e-07,0.37338510000017777
4,Random,MarginalGainPredictor,50,7,410,48.2,228,46.4,916,19.9,1.8000000000000043,26.5,28.300000000000004,0.0,4.579999995257822e-05,0.0004891999997198582,0.37338510000017777
4,Random,OriginalOrder,100,7,410,48.2,228,46.4,4824,10.8,1.8000000000000043,35.599999999999994,37.400000000000006,7.105427357601002e-15,4.579999995257822e-05,2.0000015865662135e-07,0.37338510000017777
4,Random,MarginalGainPredictor,100,7,410,48.2,228,46.4,310,45.2,1.8000000000000043,1.1999999999999957,3.0,0.0,4.579999995257822e-05,0.0005357000000003609,0.37338510000017777
4,Random,OriginalOrder,10,8,410,48.2,2216,27.5,12377,7.7,20.700000000000003,19.8,40.5,-3.552713678800501e-15,4.799999987881165e-05,2.0000015865662135e-07,0.37338510000017777
4,Random,MarginalGainPredictor,10,8,410,48.2,2216,27.5,2216,27.5,20.700000000000003,0.0,20.700000000000003,0.0,4.799999987881165e-05,0.000733599999875878,0.37338510000017777
4,Random,OriginalOrder,20,8,410,48.2,8264,36.8,12377,7.7,11.400000000000006,29.099999999999998,40.5,-3.552713678800501e-15,4.799999987881165e-05,3.999998625658918e-07,0.37338510000017777
4,Random,MarginalGainPredictor,20,8,410,48.2,8264,36.8,2216,27.5,11.400000000000006,9.299999999999997,20.700000000000003,0.0,4.799999987881165e-05,0.00048489999971934594,0.37338510000017777
4,Random,OriginalOrder,50,8,410,48.2,8264,36.8,12377,7.7,11.400000000000006,29.099999999999998,40.5,-3.552713678800501e-15,4.799999987881165e-05,1.9999970390927047e-07,0.37338510000017777
4,Random,MarginalGainPredictor,50,8,410,48.2,8264,36.8,2216,27.5,11.400000000000006,9.299999999999997,20.700000000000003,0.0,4.799999987881165e-05,0.0004357999996500439,0.37338510000017777
4,Random,OriginalOrder,100,8,410,48.2,8264,36.8,12377,7.7,11.400000000000006,29.099999999999998,40.5,-3.552713678800501e-15,4.799999987881165e-05,2.0000015865662135e-07,0.37338510000017777
4,Random,MarginalGainPredictor,100,8,410,48.2,8264,36.8,2216,27.5,11.400000000000006,9.299999999999997,20.700000000000003,0.0,4.799999987881165e-05,0.0005270999999993364,0.37338510000017777
4,Random,OriginalOrder,10,9,410,48.2,2216,27.5,2034,9.6,20.700000000000003,17.9,38.6,0.0,5.7300000207760604e-05,1.9999970390927047e-07,0.37338510000017777
4,Random,MarginalGainPredictor,10,9,410,48.2,2216,27.5,1807,27.4,20.700000000000003,0.10000000000000142,20.800000000000004,0.0,5.7300000207760604e-05,0.0005182000004424481,0.37338510000017777
4,Random,OriginalOrder,20,9,410,48.2,2216,27.5,2034,9.6,20.700000000000003,17.9,38.6,0.0,5.7300000207760604e-05,1.0000030670198612e-07,0.37338510000017777
4,Random,MarginalGainPredictor,20,9,410,48.2,2216,27.5,1807,27.4,20.700000000000003,0.10000000000000142,20.800000000000004,0.0,5.7300000207760604e-05,0.0005163999999240332,0.37338510000017777
4,Random,OriginalOrder,50,9,410,48.2,1920,35.8,2034,9.6,12.400000000000006,26.199999999999996,38.6,0.0,5.7300000207760604e-05,2.0000015865662135e-07,0.37338510000017777
4,Random,MarginalGainPredictor,50,9,410,48.2,1920,35.8,1807,27.4,12.400000000000006,8.399999999999999,20.800000000000004,0.0,5.7300000207760604e-05,0.0005421999999271065,0.37338510000017777
4,Random,OriginalOrder,100,9,410,48.2,228,46.4,2034,9.6,1.8000000000000043,36.8,38.6,0.0,5.7300000207760604e-05,2.0000015865662135e-07,0.37338510000017777
4,Random,MarginalGainPredictor,100,9,410,48.2,228,46.4,1807,27.4,1.8000000000000043,19.0,20.800000000000004,0.0,5.7300000207760604e-05,0.0005644000002575922,0.37338510000017777
5,Degree,OriginalOrder,10,,228,56.8,310,47.5,916,19.6,9.299999999999997,27.9,37.199999999999996,0.0,0.00014280000004873727,3.000000106112566e-07,0.4776366999999482
5,Degree,MarginalGainPredictor,10,,228,56.8,310,47.5,310,47.5,9.299999999999997,0.0,9.299999999999997,0.0,0.00014280000004873727,0.0013146999999662512,0.4776366999999482
5,Degree,OriginalOrder,20,,228,56.8,310,47.5,916,19.6,9.299999999999997,27.9,37.199999999999996,0.0,0.00014280000004873727,3.000000106112566e-07,0.4776366999999482
5,Degree,MarginalGainPredictor,20,,228,56.8,310,47.5,310,47.5,9.299999999999997,0.0,9.299999999999997,0.0,0.00014280000004873727,0.000712900000053196,0.4776366999999482
5,Degree,OriginalOrder,50,,228,56.8,228,56.8,916,19.6,0.0,37.199999999999996,37.199999999999996,0.0,0.00014280000004873727,3.999998625658918e-07,0.4776366999999482
5,Degree,MarginalGainPredictor,50,,228,56.8,228,56.8,310,47.5,0.0,9.299999999999997,9.299999999999997,0.0,0.00014280000004873727,0.0006851999996797531,0.4776366999999482
5,Degree,OriginalOrder,100,,228,56.8,228,56.8,916,19.6,0.0,37.199999999999996,37.199999999999996,0.0,0.00014280000004873727,3.000000106112566e-07,0.4776366999999482
5,Degree,MarginalGainPredictor,100,,228,56.8,228,56.8,310,47.5,0.0,9.299999999999997,9.299999999999997,0.0,0.00014280000004873727,0.0006287999999585736,0.4776366999999482
5,DegreeDiscount,OriginalOrder,10,,228,56.8,310,47.5,12802,21.6,9.299999999999997,25.9,35.199999999999996,0.0,0.003112099999725615,2.0000015865662135e-07,0.4776366999999482
5,DegreeDiscount,MarginalGainPredictor,10,,228,56.8,310,47.5,310,47.5,9.299999999999997,0.0,9.299999999999997,0.0,0.003112099999725615,0.0005864999998266285,0.4776366999999482
5,DegreeDiscount,OriginalOrder,20,,228,56.8,310,47.5,12802,21.6,9.299999999999997,25.9,35.199999999999996,0.0,0.003112099999725615,2.0000015865662135e-07,0.4776366999999482
5,DegreeDiscount,MarginalGainPredictor,20,,228,56.8,310,47.5,310,47.5,9.299999999999997,0.0,9.299999999999997,0.0,0.003112099999725615,0.00048409999999421416,0.4776366999999482
5,DegreeDiscount,OriginalOrder,50,,228,56.8,310,47.5,12802,21.6,9.299999999999997,25.9,35.199999999999996,0.0,0.003112099999725615,2.0000015865662135e-07,0.4776366999999482
5,DegreeDiscount,MarginalGainPredictor,50,,228,56.8,310,47.5,310,47.5,9.299999999999997,0.0,9.299999999999997,0.0,0.003112099999725615,0.0005034999999224965,0.4776366999999482
5,DegreeDiscount,OriginalOrder,100,,228,56.8,228,56.8,12802,21.6,0.0,35.199999999999996,35.199999999999996,0.0,0.003112099999725615,2.0000015865662135e-07,0.4776366999999482
5,DegreeDiscount,MarginalGainPredictor,100,,228,56.8,228,56.8,310,47.5,0.0,9.299999999999997,9.299999999999997,0.0,0.003112099999725615,0.000592400000186899,0.4776366999999482
5,FeatureDQN,OriginalOrder,10,,228,56.8,905,18.4,2034,8.8,38.4,9.599999999999998,48.0,3.552713678800501e-15,0.001265999999759515,2.0000015865662135e-07,0.4776366999999482
5,FeatureDQN,MarginalGainPredictor,10,,228,56.8,905,18.4,905,18.4,38.4,0.0,38.4,0.0,0.001265999999759515,0.0004798000004484493,0.4776366999999482
5,FeatureDQN,OriginalOrder,20,,228,56.8,228,56.8,2034,8.8,0.0,48.0,48.0,0.0,0.001265999999759515,9.999985195463523e-08,0.4776366999999482
5,FeatureDQN,MarginalGainPredictor,20,,228,56.8,228,56.8,892,38.9,0.0,17.9,17.9,0.0,0.001265999999759515,0.00047030000041559106,0.4776366999999482
5,FeatureDQN,OriginalOrder,50,,228,56.8,228,56.8,2034,8.8,0.0,48.0,48.0,0.0,0.001265999999759515,1.9999970390927047e-07,0.4776366999999482
5,FeatureDQN,MarginalGainPredictor,50,,228,56.8,228,56.8,916,19.6,0.0,37.199999999999996,37.199999999999996,0.0,0.001265999999759515,0.0004997000000912522,0.4776366999999482
5,FeatureDQN,OriginalOrder,100,,228,56.8,228,56.8,2034,8.8,0.0,48.0,48.0,0.0,0.001265999999759515,1.9999970390927047e-07,0.4776366999999482
5,FeatureDQN,MarginalGainPredictor,100,,228,56.8,228,56.8,916,19.6,0.0,37.199999999999996,37.199999999999996,0.0,0.001265999999759515,0.0005948999996689963,0.4776366999999482
5,Random,OriginalOrder,10,0,228,56.8,4331,21.0,2414,16.3,35.8,4.699999999999999,40.5,3.552713678800501e-15,5.620000001727021e-05,2.0000015865662135e-07,0.4776366999999482
5,Random,MarginalGainPredictor,10,0,228,56.8,4331,21.0,5454,18.9,35.8,2.1000000000000014,37.9,0.0,5.620000001727021e-05,0.000494899999921472,0.4776366999999482
5,Random,OriginalOrder,20,0,228,56.8,7123,29.7,2414,16.3,27.099999999999998,13.399999999999999,40.5,3.552713678800501e-15,5.620000001727021e-05,2.0000015865662135e-07,0.4776366999999482
5,Random,MarginalGainPredictor,20,0,228,56.8,7123,29.7,7995,18.6,27.099999999999998,11.099999999999998,38.199999999999996,0.0,5.620000001727021e-05,0.0004688000003625348,0.4776366999999482
5,Random,OriginalOrder,50,0,228,56.8,310,47.5,2414,16.3,9.299999999999997,31.2,40.5,3.552713678800501e-15,5.620000001727021e-05,9.999985195463523e-08,0.4776366999999482
5,Random,MarginalGainPredictor,50,0,228,56.8,310,47.5,310,47.5,9.299999999999997,0.0,9.299999999999997,0.0,5.620000001727021e-05,0.000495000000228174,0.4776366999999482
5,Random,OriginalOrder,100,0,228,56.8,228,56.8,2414,16.3,0.0,40.5,40.5,0.0,5.620000001727021e-05,2.0000015865662135e-07,0.4776366999999482
5,Random,MarginalGainPredictor,100,0,228,56.8,228,56.8,310,47.5,0.0,9.299999999999997,9.299999999999997,0.0,5.620000001727021e-05,0.0005779999996775587,0.4776366999999482
5,Random,OriginalOrder,10,1,228,56.8,1807,37.6,7993,4.3,19.199999999999996,33.300000000000004,52.5,0.0,5.120000014358084e-05,9.999985195463523e-08,0.4776366999999482
5,Random,MarginalGainPredictor,10,1,228,56.8,1807,37.6,1807,37.6,19.199999999999996,0.0,19.199999999999996,0.0,5.120000014358084e-05,0.0004602999997587176,0.4776366999999482
5,Random,OriginalOrder,20,1,228,56.8,1807,37.6,7993,4.3,19.199999999999996,33.300000000000004,52.5,0.0,5.120000014358084e-05,2.0000015865662135e-07,0.4776366999999482
5,Random,MarginalGainPredictor,20,1,228,56.8,1807,37.6,1807,37.6,19.199999999999996,0.0,19.199999999999996,0.0,5.120000014358084e-05,0.00046070000007603085,0.4776366999999482
5,Random,OriginalOrder,50,1,228,56.8,1807,37.6,7993,4.3,19.199999999999996,33.300000000000004,52.5,0.0,5.120000014358084e-05,2.0000015865662135e-07,0.4776366999999482
5,Random,MarginalGainPredictor,50,1,228,56.8,1807,37.6,1807,37.6,19.199999999999996,0.0,19.199999999999996,0.0,5.120000014358084e-05,0.00048790000028020586,0.4776366999999482
5,Random,OriginalOrder,100,1,228,56.8,228,56.8,7993,4.3,0.0,52.5,52.5,0.0,5.120000014358084e-05,3.000000106112566e-07,0.4776366999999482
5,Random,MarginalGainPredictor,100,1,228,56.8,228,56.8,1807,37.6,0.0,19.199999999999996,19.199999999999996,0.0,5.120000014358084e-05,0.0005669999995916442,0.4776366999999482
5,Random,OriginalOrder,10,2,228,56.8,2216,27.8,7993,4.3,28.999999999999996,23.5,52.5,3.552713678800501e-15,4.979999994247919e-05,2.0000015865662135e-07,0.4776366999999482
5,Random,MarginalGainPredictor,10,2,228,56.8,2216,27.8,2216,27.8,28.999999999999996,0.0,28.999999999999996,0.0,4.979999994247919e-05,0.00045720000025539775,0.4776366999999482
5,Random,OriginalOrder,20,2,228,56.8,5753,43.5,7993,4.3,13.299999999999997,39.2,52.5,0.0,4.979999994247919e-05,2.0000015865662135e-07,0.4776366999999482
5,Random,MarginalGainPredictor,20,2,228,56.8,5753,43.5,2216,27.8,13.299999999999997,15.7,28.999999999999996,0.0,4.979999994247919e-05,0.0004735000002256129,0.4776366999999482
5,Random,OriginalOrder,50,2,228,56.8,5753,43.5,7993,4.3,13.299999999999997,39.2,52.5,0.0,4.979999994247919e-05,1.9999970390927047e-07,0.4776366999999482
5,Random,MarginalGainPredictor,50,2,228,56.8,5753,43.5,2216,27.8,13.299999999999997,15.7,28.999999999999996,0.0,4.979999994247919e-05,0.0005526999998437532,0.4776366999999482
5,Random,OriginalOrder,100,2,228,56.8,310,47.5,7993,4.3,9.299999999999997,43.2,52.5,0.0,4.979999994247919e-05,2.0000015865662135e-07,0.4776366999999482
5,Random,MarginalGainPredictor,100,2,228,56.8,310,47.5,310,47.5,9.299999999999997,0.0,9.299999999999997,0.0,4.979999994247919e-05,0.000574000000142405,0.4776366999999482
5,Random,OriginalOrder,10,3,228,56.8,1816,20.9,2455,9.6,35.9,11.299999999999999,47.199999999999996,-1.7763568394002505e-15,4.850000004807953e-05,2.0000015865662135e-07,0.4776366999999482
5,Random,MarginalGainPredictor,10,3,228,56.8,1816,20.9,1816,20.9,35.9,0.0,35.9,0.0,4.850000004807953e-05,0.0004681000000346103,0.4776366999999482
5,Random,OriginalOrder,20,3,228,56.8,1816,20.9,2455,9.6,35.9,11.299999999999999,47.199999999999996,-1.7763568394002505e-15,4.850000004807953e-05,2.0000015865662135e-07,0.4776366999999482
5,Random,MarginalGainPredictor,20,3,228,56.8,1816,20.9,1277,0.0,35.9,20.9,56.8,0.0,4.850000004807953e-05,0.0004635000000234868,0.4776366999999482
5,Random,OriginalOrder,50,3,228,56.8,1807,37.6,2455,9.6,19.199999999999996,28.0,47.199999999999996,0.0,4.850000004807953e-05,1.9999970390927047e-07,0.4776366999999482
5,Random,MarginalGainPredictor,50,3,228,56.8,1807,37.6,1807,37.6,19.199999999999996,0.0,19.199999999999996,0.0,4.850000004807953e-05,0.0005195000003368477,0.4776366999999482
5,Random,OriginalOrder,100,3,228,56.8,5753,43.5,2455,9.6,13.299999999999997,33.9,47.199999999999996,0.0,4.850000004807953e-05,2.0000015865662135e-07,0.4776366999999482
5,Random,MarginalGainPredictor,100,3,228,56.8,5753,43.5,1807,37.6,13.299999999999997,5.899999999999999,19.199999999999996,0.0,4.850000004807953e-05,0.0005477999998220184,0.4776366999999482
5,Random,OriginalOrder,10,4,228,56.8,4934,25.4,595,7.9,31.4,17.5,48.9,0.0,4.7200000153679866e-05,9.999985195463523e-08,0.4776366999999482
5,Random,MarginalGainPredictor,10,4,228,56.8,4934,25.4,1249,17.4,31.4,8.0,39.4,0.0,4.7200000153679866e-05,0.00046019999990676297,0.4776366999999482
5,Random,OriginalOrder,20,4,228,56.8,892,38.9,595,7.9,17.9,31.0,48.9,0.0,4.7200000153679866e-05,2.0000015865662135e-07,0.4776366999999482
5,Random,MarginalGainPredictor,20,4,228,56.8,892,38.9,1249,17.4,17.9,21.5,39.4,0.0,4.7200000153679866e-05,0.0004758999998557556,0.4776366999999482
5,Random,OriginalOrder,50,4,228,56.8,228,56.8,595,7.9,0.0,48.9,48.9,0.0,4.7200000153679866e-05,1.0000030670198612e-07,0.4776366999999482
5,Random,MarginalGainPredictor,50,4,228,56.8,228,56.8,310,47.5,0.0,9.299999999999997,9.299999999999997,0.0,4.7200000153679866e-05,0.0005046000001129869,0.4776366999999482
5,Random,OriginalOrder,100,4,228,56.8,228,56.8,595,7.9,0.0,48.9,48.9,0.0,4.7200000153679866e-05,1.0000030670198612e-07,0.4776366999999482
5,Random,MarginalGainPredictor,100,4,228,56.8,228,56.8,310,47.5,0.0,9.299999999999997,9.299999999999997,0.0,4.7200000153679866e-05,0.0005449000000226079,0.4776366999999482
5,Random,OriginalOrder,10,5,228,56.8,5753,43.5,1140,22.7,13.299999999999997,20.8,34.099999999999994,-3.552713678800501e-15,4.669999998441199e-05,2.0000015865662135e-07,0.4776366999999482
5,Random,MarginalGainPredictor,10,5,228,56.8,5753,43.5,5753,43.5,13.299999999999997,0.0,13.299999999999997,0.0,4.669999998441199e-05,0.0004597999995894497,0.4776366999999482
5,Random,OriginalOrder,20,5,228,56.8,5753,43.5,1140,22.7,13.299999999999997,20.8,34.099999999999994,-3.552713678800501e-15,4.669999998441199e-05,2.0000015865662135e-07,0.4776366999999482
5,Random,MarginalGainPredictor,20,5,228,56.8,5753,43.5,5753,43.5,13.299999999999997,0.0,13.299999999999997,0.0,4.669999998441199e-05,0.0004579000001285749,0.4776366999999482
5,Random,OriginalOrder,50,5,228,56.8,5753,43.5,1140,22.7,13.299999999999997,20.8,34.099999999999994,-3.552713678800501e-15,4.669999998441199e-05,2.0000015865662135e-07,0.4776366999999482
5,Random,MarginalGainPredictor,50,5,228,56.8,5753,43.5,3078,19.9,13.299999999999997,23.6,36.9,0.0,4.669999998441199e-05,0.0005190000001675799,0.4776366999999482
5,Random,OriginalOrder,100,5,228,56.8,310,47.5,1140,22.7,9.299999999999997,24.8,34.099999999999994,-3.552713678800501e-15,4.669999998441199e-05,2.0000015865662135e-07,0.4776366999999482
5,Random,MarginalGainPredictor,100,5,228,56.8,310,47.5,310,47.5,9.299999999999997,0.0,9.299999999999997,0.0,4.669999998441199e-05,0.0005581000000347558,0.4776366999999482
5,Random,OriginalOrder,10,6,228,56.8,692,23.9,88,4.8,32.9,19.099999999999998,52.0,3.552713678800501e-15,4.73000000056345e-05,2.0000015865662135e-07,0.4776366999999482
5,Random,MarginalGainPredictor,10,6,228,56.8,692,23.9,692,23.9,32.9,0.0,32.9,0.0,4.73000000056345e-05,0.00044950000028620707,0.4776366999999482
5,Random,OriginalOrder,20,6,228,56.8,2477,25.5,88,4.8,31.299999999999997,20.7,52.0,3.552713678800501e-15,4.73000000056345e-05,1.9999970390927047e-07,0.4776366999999482
5,Random,MarginalGainPredictor,20,6,228,56.8,2477,25.5,820,15.8,31.299999999999997,9.7,41.0,3.552713678800501e-15,4.73000000056345e-05,0.00046400000019275467,0.4776366999999482
5,Random,OriginalOrder,50,6,228,56.8,892,38.9,88,4.8,17.9,34.1,52.0,0.0,4.73000000056345e-05,2.0000015865662135e-07,0.4776366999999482
5,Random,MarginalGainPredictor,50,6,228,56.8,892,38.9,1807,37.6,17.9,1.2999999999999972,19.199999999999996,0.0,4.73000000056345e-05,0.0005005999996683386,0.4776366999999482
5,Random,OriginalOrder,100,6,228,56.8,228,56.8,88,4.8,0.0,52.0,52.0,0.0,4.73000000056345e-05,2.0000015865662135e-07,0.4776366999999482
5,Random,MarginalGainPredictor,100,6,228,56.8,228,56.8,1807,37.6,0.0,19.199999999999996,19.199999999999996,0.0,4.73000000056345e-05,0.0005611000001408684,0.4776366999999482
5,Random,OriginalOrder,10,7,228,56.8,4331,21.0,408,13.0,35.8,8.0,43.8,0.0,4.649999982575537e-05,2.0000015865662135e-07,0.4776366999999482
5,Random,MarginalGainPredictor,10,7,228,56.8,4331,21.0,916,19.6,35.8,1.3999999999999986,37.199999999999996,0.0,4.649999982575537e-05,0.0004597999995894497,0.4776366999999482
5,Random,OriginalOrder,20,7,228,56.8,3225,24.9,408,13.0,31.9,11.899999999999999,43.8,0.0,4.649999982575537e-05,1.9999970390927047e-07,0.4776366999999482
5,Random,MarginalGainPredictor,20,7,228,56.8,3225,24.9,916,19.6,31.9,5.299999999999997,37.199999999999996,0.0,4.649999982575537e-05,0.00045839999984309543,0.4776366999999482
5,Random,OriginalOrder,50,7,228,56.8,3916,27.2,408,13.0,29.599999999999998,14.2,43.8,0.0,4.649999982575537e-05,1.9999970390927047e-07,0.4776366999999482
5,Random,MarginalGainPredictor,50,7,228,56.8,3916,27.2,916,19.6,29.599999999999998,7.599999999999998,37.199999999999996,0.0,4.649999982575537e-05,0.0005294999996294791,0.4776366999999482
5,Random,OriginalOrder,100,7,228,56.8,228,56.8,408,13.0,0.0,43.8,43.8,0.0,4.649999982575537e-05,1.9999970390927047e-07,0.4776366999999482
5,Random,MarginalGainPredictor,100,7,228,56.8,228,56.8,310,47.5,0.0,9.299999999999997,9.299999999999997,0.0,4.649999982575537e-05,0.000541599999905884,0.4776366999999482
5,Random,OriginalOrder,10,8,228,56.8,1807,37.6,1978,15.5,19.199999999999996,22.1,41.3,0.0,4.73000000056345e-05,9.999985195463523e-08,0.4776366999999482
5,Random,MarginalGainPredictor,10,8,228,56.8,1807,37.6,1807,37.6,19.199999999999996,0.0,19.199999999999996,0.0,4.73000000056345e-05,0.0004586999998537067,0.4776366999999482
5,Random,OriginalOrder,20,8,228,56.8,5753,43.5,1978,15.5,13.299999999999997,28.0,41.3,0.0,4.73000000056345e-05,2.0000015865662135e-07,0.4776366999999482
5,Random,MarginalGainPredictor,20,8,228,56.8,5753,43.5,1807,37.6,13.299999999999997,5.899999999999999,19.199999999999996,0.0,4.73000000056345e-05,0.00046419999989666394,0.4776366999999482
5,Random,OriginalOrder,50,8,228,56.8,228,56.8,1978,15.5,0.0,41.3,41.3,0.0,4.73000000056345e-05,2.0000015865662135e-07,0.4776366999999482
5,Random,MarginalGainPredictor,50,8,228,56.8,228,56.8,310,47.5,0.0,9.299999999999997,9.299999999999997,0.0,4.73000000056345e-05,0.0005022999998800515,0.4776366999999482
5,Random,OriginalOrder,100,8,228,56.8,228,56.8,1978,15.5,0.0,41.3,41.3,0.0,4.73000000056345e-05,1.9999970390927047e-07,0.4776366999999482
5,Random,MarginalGainPredictor,100,8,228,56.8,228,56.8,310,47.5,0.0,9.299999999999997,9.299999999999997,0.0,4.73000000056345e-05,0.0005388999998103827,0.4776366999999482
5,Random,OriginalOrder,10,9,228,56.8,8264,32.8,8264,32.8,24.0,0.0,24.0,0.0,4.6999999995023245e-05,1.0000030670198612e-07,0.4776366999999482
5,Random,MarginalGainPredictor,10,9,228,56.8,8264,32.8,820,15.8,24.0,16.999999999999996,41.0,3.552713678800501e-15,4.6999999995023245e-05,0.000447100000201317,0.4776366999999482
5,Random,OriginalOrder,20,9,228,56.8,8264,32.8,8264,32.8,24.0,0.0,24.0,0.0,4.6999999995023245e-05,2.0000015865662135e-07,0.4776366999999482
5,Random,MarginalGainPredictor,20,9,228,56.8,8264,32.8,820,15.8,24.0,16.999999999999996,41.0,3.552713678800501e-15,4.6999999995023245e-05,0.00048659999993105885,0.4776366999999482
5,Random,OriginalOrder,50,9,228,56.8,8264,32.8,8264,32.8,24.0,0.0,24.0,0.0,4.6999999995023245e-05,1.9999970390927047e-07,0.4776366999999482
5,Random,MarginalGainPredictor,50,9,228,56.8,8264,32.8,820,15.8,24.0,16.999999999999996,41.0,3.552713678800501e-15,4.6999999995023245e-05,0.000498899999911373,0.4776366999999482
5,Random,OriginalOrder,100,9,228,56.8,228,56.8,8264,32.8,0.0,24.0,24.0,0.0,4.6999999995023245e-05,9.999985195463523e-08,0.4776366999999482
5,Random,MarginalGainPredictor,100,9,228,56.8,228,56.8,310,47.5,0.0,9.299999999999997,9.299999999999997,0.0,4.6999999995023245e-05,0.0005387999999584281,0.4776366999999482
6,Degree,OriginalOrder,10,,5753,43.8,310,36.8,916,21.1,7.0,15.699999999999996,22.699999999999996,0.0,8.620000016890117e-05,1.9999970390927047e-07,0.4017708000001221
6,Degree,MarginalGainPredictor,10,,5753,43.8,310,36.8,310,36.8,7.0,0.0,7.0,0.0,8.620000016890117e-05,0.0012465999998312327,0.4017708000001221
6,Degree,OriginalOrder,20,,5753,43.8,892,40.1,916,21.1,3.6999999999999957,19.0,22.699999999999996,0.0,8.620000016890117e-05,3.999998625658918e-07,0.4017708000001221
6,Degree,MarginalGainPredictor,20,,5753,43.8,892,40.1,310,36.8,3.6999999999999957,3.3000000000000043,7.0,0.0,8.620000016890117e-05,0.0005826000001434295,0.4017708000001221
6,Degree,OriginalOrder,50,,5753,43.8,5753,43.8,916,21.1,0.0,22.699999999999996,22.699999999999996,0.0,8.620000016890117e-05,2.0000015865662135e-07,0.4017708000001221
6,Degree,MarginalGainPredictor,50,,5753,43.8,5753,43.8,310,36.8,0.0,7.0,7.0,0.0,8.620000016890117e-05,0.0005498000000443426,0.4017708000001221
6,Degree,OriginalOrder,100,,5753,43.8,5753,43.8,916,21.1,0.0,22.699999999999996,22.699999999999996,0.0,8.620000016890117e-05,3.000000106112566e-07,0.4017708000001221
6,Degree,MarginalGainPredictor,100,,5753,43.8,5753,43.8,310,36.8,0.0,7.0,7.0,0.0,8.620000016890117e-05,0.0005881000001863868,0.4017708000001221
6,DegreeDiscount,OriginalOrder,10,,5753,43.8,310,36.8,12802,18.9,7.0,17.9,24.9,0.0,0.002605600000151753,3.000000106112566e-07,0.4017708000001221
6,DegreeDiscount,MarginalGainPredictor,10,,5753,43.8,310,36.8,310,36.8,7.0,0.0,7.0,0.0,0.002605600000151753,0.0011006999998244282,0.4017708000001221
6,DegreeDiscount,OriginalOrder,20,,5753,43.8,1807,37.4,12802,18.9,6.399999999999999,18.5,24.9,0.0,0.002605600000151753,2.0000015865662135e-07,0.4017708000001221
6,DegreeDiscount,MarginalGainPredictor,20,,5753,43.8,1807,37.4,310,36.8,6.399999999999999,0.6000000000000014,7.0,0.0,0.002605600000151753,0.0005758000002060726,0.4017708000001221
6,DegreeDiscount,OriginalOrder,50,,5753,43.8,5753,43.8,12802,18.9,0.0,24.9,24.9,0.0,0.002605600000151753,2.0000015865662135e-07,0.4017708000001221
6,DegreeDiscount,MarginalGainPredictor,50,,5753,43.8,5753,43.8,310,36.8,0.0,7.0,7.0,0.0,0.002605600000151753,0.0005175000001145236,0.4017708000001221
6,DegreeDiscount,OriginalOrder,100,,5753,43.8,5753,43.8,12802,18.9,0.0,24.9,24.9,0.0,0.002605600000151753,2.0000015865662135e-07,0.4017708000001221
6,DegreeDiscount,MarginalGainPredictor,100,,5753,43.8,5753,43.8,310,36.8,0.0,7.0,7.0,0.0,0.002605600000151753,0.000567600000067614,0.4017708000001221
6,FeatureDQN,OriginalOrder,10,,5753,43.8,905,20.9,2034,8.3,22.9,12.599999999999998,35.5,3.552713678800501e-15,0.001244099999894388,2.0000015865662135e-07,0.4017708000001221
6,FeatureDQN,MarginalGainPredictor,10,,5753,43.8,905,20.9,905,20.9,22.9,0.0,22.9,0.0,0.001244099999894388,0.00047050000011950033,0.4017708000001221
6,FeatureDQN,OriginalOrder,20,,5753,43.8,892,40.1,2034,8.3,3.6999999999999957,31.8,35.5,3.552713678800501e-15,0.001244099999894388,2.0000015865662135e-07,0.4017708000001221
6,FeatureDQN,MarginalGainPredictor,20,,5753,43.8,892,40.1,3916,20.6,3.6999999999999957,19.5,23.199999999999996,0.0,0.001244099999894388,0.00048399999968751217,0.4017708000001221
6,FeatureDQN,OriginalOrder,50,,5753,43.8,892,40.1,2034,8.3,3.6999999999999957,31.8,35.5,3.552713678800501e-15,0.001244099999894388,2.0000015865662135e-07,0.4017708000001221
6,FeatureDQN,MarginalGainPredictor,50,,5753,43.8,892,40.1,916,21.1,3.6999999999999957,19.0,22.699999999999996,0.0,0.001244099999894388,0.0005139999998391431,0.4017708000001221
6,FeatureDQN,OriginalOrder,100,,5753,43.8,892,40.1,2034,8.3,3.6999999999999957,31.8,35.5,3.552713678800501e-15,0.001244099999894388,2.0000015865662135e-07,0.4017708000001221
6,FeatureDQN,MarginalGainPredictor,100,,5753,43.8,892,40.1,916,21.1,3.6999999999999957,19.0,22.699999999999996,0.0,0.001244099999894388,0.0008236000003307709,0.4017708000001221
6,Random,OriginalOrder,10,0,5753,43.8,985,33.2,928,10.1,10.599999999999994,23.1,33.699999999999996,0.0,5.509999982677982e-05,9.999985195463523e-08,0.4017708000001221
6,Random,MarginalGainPredictor,10,0,5753,43.8,985,33.2,985,33.2,10.599999999999994,0.0,10.599999999999994,0.0,5.509999982677982e-05,0.000449799999842071,0.4017708000001221
6,Random,OriginalOrder,20,0,5753,43.8,985,33.2,928,10.1,10.599999999999994,23.1,33.699999999999996,0.0,5.509999982677982e-05,1.0000030670198612e-07,0.4017708000001221
6,Random,MarginalGainPredictor,20,0,5753,43.8,985,33.2,985,33.2,10.599999999999994,0.0,10.599999999999994,0.0,5.509999982677982e-05,0.00046340000017153216,0.4017708000001221
6,Random,OriginalOrder,50,0,5753,43.8,985,33.2,928,10.1,10.599999999999994,23.1,33.699999999999996,0.0,5.509999982677982e-05,2.0000015865662135e-07,0.4017708000001221
6,Random,MarginalGainPredictor,50,0,5753,43.8,985,33.2,985,33.2,10.599999999999994,0.0,10.599999999999994,0.0,5.509999982677982e-05,0.0004953000002387853,0.4017708000001221
6,Random,OriginalOrder,100,0,5753,43.8,985,33.2,928,10.1,10.599999999999994,23.1,33.699999999999996,0.0,5.509999982677982e-05,2.0000015865662135e-07,0.4017708000001221
6,Random,MarginalGainPredictor,100,0,5753,43.8,985,33.2,985,33.2,10.599999999999994,0.0,10.599999999999994,0.0,5.509999982677982e-05,0.0005473000001074979,0.4017708000001221
6,Random,OriginalOrder,10,1,5753,43.8,181,21.9,181,21.9,21.9,0.0,21.9,0.0,4.94000000799133e-05,2.0000015865662135e-07,0.4017708000001221
6,Random,MarginalGainPredictor,10,1,5753,43.8,181,21.9,1277,0.0,21.9,21.9,43.8,0.0,4.94000000799133e-05,0.0004430999997566687,0.4017708000001221
6,Random,OriginalOrder,20,1,5753,43.8,1439,23.2,181,21.9,20.599999999999998,1.3000000000000007,21.9,0.0,4.94000000799133e-05,1.9999970390927047e-07,0.4017708000001221
6,Random,MarginalGainPredictor,20,1,5753,43.8,1439,23.2,1277,0.0,20.599999999999998,23.2,43.8,0.0,4.94000000799133e-05,0.0004868999999416701,0.4017708000001221
6,Random,OriginalOrder,50,1,5753,43.8,5753,43.8,181,21.9,0.0,21.9,21.9,0.0,4.94000000799133e-05,1.9999970390927047e-07,0.4017708000001221
6,Random,MarginalGainPredictor,50,1,5753,43.8,5753,43.8,2216,32.5,0.0,11.299999999999997,11.299999999999997,0.0,4.94000000799133e-05,0.0005011000002923538,0.4017708000001221
6,Random,OriginalOrder,100,1,5753,43.8,5753,43.8,181,21.9,0.0,21.9,21.9,0.0,4.94000000799133e-05,2.0000015865662135e-07,0.4017708000001221
6,Random,MarginalGainPredictor,100,1,5753,43.8,5753,43.8,310,36.8,0.0,7.0,7.0,0.0,4.94000000799133e-05,0.0005427000000963744,0.4017708000001221
6,Random,OriginalOrder,10,2,5753,43.8,1140,23.1,2368,14.3,20.699999999999996,8.8,29.499999999999996,0.0,5.000000010113581e-05,2.0000015865662135e-07,0.4017708000001221
6,Random,MarginalGainPredictor,10,2,5753,43.8,1140,23.1,1140,23.1,20.699999999999996,0.0,20.699999999999996,0.0,5.000000010113581e-05,0.00044709999974656967,0.4017708000001221
6,Random,OriginalOrder,20,2,5753,43.8,1140,23.1,2368,14.3,20.699999999999996,8.8,29.499999999999996,0.0,5.000000010113581e-05,1.0000030670198612e-07,0.4017708000001221
6,Random,MarginalGainPredictor,20,2,5753,43.8,1140,23.1,3078,16.7,20.699999999999996,6.400000000000002,27.099999999999998,0.0,5.000000010113581e-05,0.0004787999996551662,0.4017708000001221
6,Random,OriginalOrder,50,2,5753,43.8,892,40.1,2368,14.3,3.6999999999999957,25.8,29.499999999999996,0.0,5.000000010113581e-05,1.9999970390927047e-07,0.4017708000001221
6,Random,MarginalGainPredictor,50,2,5753,43.8,892,40.1,310,36.8,3.6999999999999957,3.3000000000000043,7.0,0.0,5.000000010113581e-05,0.0007829999999557913,0.4017708000001221
6,Random,OriginalOrder,100,2,5753,43.8,892,40.1,2368,14.3,3.6999999999999957,25.8,29.499999999999996,0.0,5.000000010113581e-05,1.9999970390927047e-07,0.4017708000001221
6,Random,MarginalGainPredictor,100,2,5753,43.8,892,40.1,310,36.8,3.6999999999999957,3.3000000000000043,7.0,0.0,5.000000010113581e-05,0.0005261999999675027,0.4017708000001221
6,Random,OriginalOrder,10,3,5753,43.8,2122,29.0,1244,9.8,14.799999999999997,19.2,34.0,3.552713678800501e-15,4.750000016429112e-05,9.999985195463523e-08,0.4017708000001221
6,Random,MarginalGainPredictor,10,3,5753,43.8,2122,29.0,820,19.6,14.799999999999997,9.399999999999999,24.199999999999996,0.0,4.750000016429112e-05,0.0004945000000589062,0.4017708000001221
6,Random,OriginalOrder,20,3,5753,43.8,3225,29.7,1244,9.8,14.099999999999998,19.9,34.0,3.552713678800501e-15,4.750000016429112e-05,1.9999970390927047e-07,0.4017708000001221
6,Random,MarginalGainPredictor,20,3,5753,43.8,3225,29.7,820,19.6,14.099999999999998,10.099999999999998,24.199999999999996,0.0,4.750000016429112e-05,0.0004543000000012398,0.4017708000001221
6,Random,OriginalOrder,50,3,5753,43.8,3225,29.7,1244,9.8,14.099999999999998,19.9,34.0,3.552713678800501e-15,4.750000016429112e-05,2.0000015865662135e-07,0.4017708000001221
6,Random,MarginalGainPredictor,50,3,5753,43.8,3225,29.7,820,19.6,14.099999999999998,10.099999999999998,24.199999999999996,0.0,4.750000016429112e-05,0.0005633000000671018,0.4017708000001221
6,Random,OriginalOrder,100,3,5753,43.8,3225,29.7,1244,9.8,14.099999999999998,19.9,34.0,3.552713678800501e-15,4.750000016429112e-05,1.9999970390927047e-07,0.4017708000001221
6,Random,MarginalGainPredictor,100,3,5753,43.8,3225,29.7,820,19.6,14.099999999999998,10.099999999999998,24.199999999999996,0.0,4.750000016429112e-05,0.000512099999923521,0.4017708000001221
6,Random,OriginalOrder,10,4,5753,43.8,3225,29.7,181,21.9,14.099999999999998,7.800000000000001,21.9,0.0,3.49000001733657e-05,1.0000030670198612e-07,0.4017708000001221
6,Random,MarginalGainPredictor,10,4,5753,43.8,3225,29.7,1816,23.0,14.099999999999998,6.699999999999999,20.799999999999997,0.0,3.49000001733657e-05,0.0003720999998222396,0.4017708000001221
6,Random,OriginalOrder,20,4,5753,43.8,3225,29.7,181,21.9,14.099999999999998,7.800000000000001,21.9,0.0,3.49000001733657e-05,2.0000015865662135e-07,0.4017708000001221
6,Random,MarginalGainPredictor,20,4,5753,43.8,3225,29.7,1816,23.0,14.099999999999998,6.699999999999999,20.799999999999997,0.0,3.49000001733657e-05,0.0003623000002335175,0.4017708000001221
6,Random,OriginalOrder,50,4,5753,43.8,3225,29.7,181,21.9,14.099999999999998,7.800000000000001,21.9,0.0,3.49000001733657e-05,2.0000015865662135e-07,0.4017708000001221
6,Random,MarginalGainPredictor,50,4,5753,43.8,3225,29.7,1249,11.7,14.099999999999998,18.0,32.099999999999994,-3.552713678800501e-15,3.49000001733657e-05,0.0004009000003861729,0.4017708000001221
6,Random,OriginalOrder,100,4,5753,43.8,3225,29.7,181,21.9,14.099999999999998,7.800000000000001,21.9,0.0,3.49000001733657e-05,1.9999970390927047e-07,0.4017708000001221
6,Random,MarginalGainPredictor,100,4,5753,43.8,3225,29.7,1277,0.0,14.099999999999998,29.7,43.8,0.0,3.49000001733657e-05,0.000408299999890005,0.4017708000001221
6,Random,OriginalOrder,10,5,5753,43.8,5753,43.8,5753,43.8,0.0,0.0,0.0,0.0,3.400000014153193e-05,9.999985195463523e-08,0.4017708000001221
6,Random,MarginalGainPredictor,10,5,5753,43.8,5753,43.8,5753,43.8,0.0,0.0,0.0,0.0,3.400000014153193e-05,0.00035209999987273477,0.4017708000001221
6,Random,OriginalOrder,20,5,5753,43.8,5753,43.8,5753,43.8,0.0,0.0,0.0,0.0,3.400000014153193e-05,1.0000030670198612e-07,0.4017708000001221
6,Random,MarginalGainPredictor,20,5,5753,43.8,5753,43.8,1352,14.9,0.0,28.9,28.9,0.0,3.400000014153193e-05,0.0003728000001501641,0.4017708000001221
6,Random,OriginalOrder,50,5,5753,43.8,5753,43.8,5753,43.8,0.0,0.0,0.0,0.0,3.400000014153193e-05,9.999985195463523e-08,0.4017708000001221
6,Random,MarginalGainPredictor,50,5,5753,43.8,5753,43.8,1807,37.4,0.0,6.399999999999999,6.399999999999999,0.0,3.400000014153193e-05,0.0006561000000147033,0.4017708000001221
6,Random,OriginalOrder,100,5,5753,43.8,5753,43.8,5753,43.8,0.0,0.0,0.0,0.0,3.400000014153193e-05,9.999985195463523e-08,0.4017708000001221
6,Random,MarginalGainPredictor,100,5,5753,43.8,5753,43.8,1807,37.4,0.0,6.399999999999999,6.399999999999999,0.0,3.400000014153193e-05,0.00041490000012345263,0.4017708000001221
6,Random,OriginalOrder,10,6,5753,43.8,181,21.9,461,13.5,21.9,8.399999999999999,30.299999999999997,0.0,3.460000016275444e-05,9.999985195463523e-08,0.4017708000001221
6,Random,MarginalGainPredictor,10,6,5753,43.8,181,21.9,1040,7.6,21.9,14.299999999999999,36.199999999999996,-1.7763568394002505e-15,3.460000016275444e-05,0.00035109999998894637,0.4017708000001221
6,Random,OriginalOrder,20,6,5753,43.8,1140,23.1,461,13.5,20.699999999999996,9.600000000000001,30.299999999999997,0.0,3.460000016275444e-05,9.999985195463523e-08,0.4017708000001221
6,Random,MarginalGainPredictor,20,6,5753,43.8,1140,23.1,820,19.6,20.699999999999996,3.5,24.199999999999996,0.0,3.460000016275444e-05,0.00036030000001119333,0.4017708000001221
6,Random,OriginalOrder,50,6,5753,43.8,310,36.8,461,13.5,7.0,23.299999999999997,30.299999999999997,0.0,3.460000016275444e-05,2.0000015865662135e-07,0.4017708000001221
6,Random,MarginalGainPredictor,50,6,5753,43.8,310,36.8,310,36.8,7.0,0.0,7.0,0.0,3.460000016275444e-05,0.00037639999982275185,0.4017708000001221
6,Random,OriginalOrder,100,6,5753,43.8,310,36.8,461,13.5,7.0,23.299999999999997,30.299999999999997,0.0,3.460000016275444e-05,2.0000015865662135e-07,0.4017708000001221
6,Random,MarginalGainPredictor,100,6,5753,43.8,310,36.8,310,36.8,7.0,0.0,7.0,0.0,3.460000016275444e-05,0.00042520000033619,0.4017708000001221
6,Random,OriginalOrder,10,7,5753,43.8,1140,23.1,1126,6.3,20.699999999999996,16.8,37.5,3.552713678800501e-15,3.2899999951041536e-05,1.0000030670198612e-07,0.4017708000001221
6,Random,MarginalGainPredictor,10,7,5753,43.8,1140,23.1,1249,11.7,20.699999999999996,11.400000000000002,32.099999999999994,-3.552713678800501e-15,3.2899999951041536e-05,0.0003501999999571126,0.4017708000001221
6,Random,OriginalOrder,20,7,5753,43.8,4679,23.3,1126,6.3,20.499999999999996,17.0,37.5,3.552713678800501e-15,3.2899999951041536e-05,2.0000015865662135e-07,0.4017708000001221
6,Random,MarginalGainPredictor,20,7,5753,43.8,4679,23.3,1249,11.7,20.499999999999996,11.600000000000001,32.099999999999994,-3.552713678800501e-15,3.2899999951041536e-05,0.0003517999998621235,0.4017708000001221
6,Random,OriginalOrder,50,7,5753,43.8,892,40.1,1126,6.3,3.6999999999999957,33.800000000000004,37.5,0.0,3.2899999951041536e-05,1.0000030670198612e-07,0.4017708000001221
6,Random,MarginalGainPredictor,50,7,5753,43.8,892,40.1,985,33.2,3.6999999999999957,6.899999999999999,10.599999999999994,0.0,3.2899999951041536e-05,0.00038609999955951935,0.4017708000001221
6,Random,OriginalOrder,100,7,5753,43.8,892,40.1,1126,6.3,3.6999999999999957,33.800000000000004,37.5,0.0,3.2899999951041536e-05,1.9999970390927047e-07,0.4017708000001221
6,Random,MarginalGainPredictor,100,7,5753,43.8,892,40.1,1807,37.4,3.6999999999999957,2.700000000000003,6.399999999999999,0.0,3.2899999951041536e-05,0.0004061999998157262,0.4017708000001221
6,Random,OriginalOrder,10,8,5753,43.8,985,33.2,2854,16.6,10.599999999999994,16.6,27.199999999999996,0.0,3.4700000014709076e-05,1.0000030670198612e-07,0.4017708000001221
6,Random,MarginalGainPredictor,10,8,5753,43.8,985,33.2,985,33.2,10.599999999999994,0.0,10.599999999999994,0.0,3.4700000014709076e-05,0.0003675000002658635,0.4017708000001221
6,Random,OriginalOrder,20,8,5753,43.8,892,40.1,2854,16.6,3.6999999999999957,23.5,27.199999999999996,0.0,3.4700000014709076e-05,9.999985195463523e-08,0.4017708000001221
6,Random,MarginalGainPredictor,20,8,5753,43.8,892,40.1,985,33.2,3.6999999999999957,6.899999999999999,10.599999999999994,0.0,3.4700000014709076e-05,0.00035919999982070294,0.4017708000001221
6,Random,OriginalOrder,50,8,5753,43.8,892,40.1,2854,16.6,3.6999999999999957,23.5,27.199999999999996,0.0,3.4700000014709076e-05,9.999985195463523e-08,0.4017708000001221
6,Random,MarginalGainPredictor,50,8,5753,43.8,892,40.1,985,33.2,3.6999999999999957,6.899999999999999,10.599999999999994,0.0,3.4700000014709076e-05,0.00037679999968531774,0.4017708000001221
6,Random,OriginalOrder,100,8,5753,43.8,892,40.1,2854,16.6,3.6999999999999957,23.5,27.199999999999996,0.0,3.4700000014709076e-05,2.0000015865662135e-07,0.4017708000001221
6,Random,MarginalGainPredictor,100,8,5753,43.8,892,40.1,310,36.8,3.6999999999999957,3.3000000000000043,7.0,0.0,3.4700000014709076e-05,0.0004080000003341411,0.4017708000001221
6,Random,OriginalOrder,10,9,5753,43.8,2021,25.1,2021,25.1,18.699999999999996,0.0,18.699999999999996,0.0,3.349999997226405e-05,1.0000030670198612e-07,0.4017708000001221
6,Random,MarginalGainPredictor,10,9,5753,43.8,2021,25.1,1352,14.9,18.699999999999996,10.200000000000001,28.9,1.7763568394002505e-15,3.349999997226405e-05,0.0006278000000747852,0.4017708000001221
6,Random,OriginalOrder,20,9,5753,43.8,2021,25.1,2021,25.1,18.699999999999996,0.0,18.699999999999996,0.0,3.349999997226405e-05,9.999985195463523e-08,0.4017708000001221
6,Random,MarginalGainPredictor,20,9,5753,43.8,2021,25.1,1352,14.9,18.699999999999996,10.200000000000001,28.9,1.7763568394002505e-15,3.349999997226405e-05,0.00036210000007486087,0.4017708000001221
6,Random,OriginalOrder,50,9,5753,43.8,2477,34.1,2021,25.1,9.699999999999996,9.0,18.699999999999996,0.0,3.349999997226405e-05,9.999985195463523e-08,0.4017708000001221
6,Random,MarginalGainPredictor,50,9,5753,43.8,2477,34.1,1352,14.9,9.699999999999996,19.200000000000003,28.9,0.0,3.349999997226405e-05,0.0003897999999935564,0.4017708000001221
6,Random,OriginalOrder,100,9,5753,43.8,892,40.1,2021,25.1,3.6999999999999957,15.0,18.699999999999996,0.0,3.349999997226405e-05,9.999985195463523e-08,0.4017708000001221
6,Random,MarginalGainPredictor,100,9,5753,43.8,892,40.1,1807,37.4,3.6999999999999957,2.700000000000003,6.399999999999999,0.0,3.349999997226405e-05,0.00040689999968890334,0.4017708000001221
7,Degree,OriginalOrder,10,,2216,36.6,310,36.2,916,20.3,0.3999999999999986,15.900000000000002,16.3,0.0,8.579999985158793e-05,1.0000030670198612e-07,0.4723920999999791
7,Degree,MarginalGainPredictor,10,,2216,36.6,310,36.2,310,36.2,0.3999999999999986,0.0,0.3999999999999986,0.0,8.579999985158793e-05,0.0012329000001045642,0.4723920999999791
7,Degree,OriginalOrder,20,,2216,36.6,310,36.2,916,20.3,0.3999999999999986,15.900000000000002,16.3,0.0,8.579999985158793e-05,3.000000106112566e-07,0.4723920999999791
7,Degree,MarginalGainPredictor,20,,2216,36.6,310,36.2,310,36.2,0.3999999999999986,0.0,0.3999999999999986,0.0,8.579999985158793e-05,0.0006014000000504893,0.4723920999999791
7,Degree,OriginalOrder,50,,2216,36.6,2216,36.6,916,20.3,0.0,16.3,16.3,0.0,8.579999985158793e-05,3.000000106112566e-07,0.4723920999999791
7,Degree,MarginalGainPredictor,50,,2216,36.6,2216,36.6,310,36.2,0.0,0.3999999999999986,0.3999999999999986,0.0,8.579999985158793e-05,0.0005527999996957078,0.4723920999999791
7,Degree,OriginalOrder,100,,2216,36.6,2216,36.6,916,20.3,0.0,16.3,16.3,0.0,8.579999985158793e-05,2.0000015865662135e-07,0.4723920999999791
7,Degree,MarginalGainPredictor,100,,2216,36.6,2216,36.6,310,36.2,0.0,0.3999999999999986,0.3999999999999986,0.0,8.579999985158793e-05,0.0005822000002808636,0.4723920999999791
7,DegreeDiscount,OriginalOrder,10,,2216,36.6,310,36.2,12802,25.4,0.3999999999999986,10.800000000000004,11.200000000000003,0.0,0.0030978999998296786,3.000000106112566e-07,0.4723920999999791
7,DegreeDiscount,MarginalGainPredictor,10,,2216,36.6,310,36.2,310,36.2,0.3999999999999986,0.0,0.3999999999999986,0.0,0.0030978999998296786,0.0004948000000695174,0.4723920999999791
7,DegreeDiscount,OriginalOrder,20,,2216,36.6,310,36.2,12802,25.4,0.3999999999999986,10.800000000000004,11.200000000000003,0.0,0.0030978999998296786,2.0000015865662135e-07,0.4723920999999791
7,DegreeDiscount,MarginalGainPredictor,20,,2216,36.6,310,36.2,310,36.2,0.3999999999999986,0.0,0.3999999999999986,0.0,0.0030978999998296786,0.0004582999999911408,0.4723920999999791
7,DegreeDiscount,OriginalOrder,50,,2216,36.6,310,36.2,12802,25.4,0.3999999999999986,10.800000000000004,11.200000000000003,0.0,0.0030978999998296786,2.0000015865662135e-07,0.4723920999999791
7,DegreeDiscount,MarginalGainPredictor,50,,2216,36.6,310,36.2,310,36.2,0.3999999999999986,0.0,0.3999999999999986,0.0,0.0030978999998296786,0.0005057000003034773,0.4723920999999791
7,DegreeDiscount,OriginalOrder,100,,2216,36.6,2216,36.6,12802,25.4,0.0,11.200000000000003,11.200000000000003,0.0,0.0030978999998296786,1.9999970390927047e-07,0.4723920999999791
7,DegreeDiscount,MarginalGainPredictor,100,,2216,36.6,2216,36.6,310,36.2,0.0,0.3999999999999986,0.3999999999999986,0.0,0.0030978999998296786,0.000580800000079762,0.4723920999999791
7,FeatureDQN,OriginalOrder,10,,2216,36.6,905,19.1,2034,9.8,17.5,9.3,26.8,0.0,0.0012665000003835303,9.999985195463523e-08,0.4723920999999791
7,FeatureDQN,MarginalGainPredictor,10,,2216,36.6,905,19.1,905,19.1,17.5,0.0,17.5,0.0,0.0012665000003835303,0.00047459999996135593,0.4723920999999791
7,FeatureDQN,OriginalOrder,20,,2216,36.6,892,32.5,2034,9.8,4.100000000000001,22.7,26.8,0.0,0.0012665000003835303,1.9999970390927047e-07,0.4723920999999791
7,FeatureDQN,MarginalGainPredictor,20,,2216,36.6,892,32.5,3916,32.3,4.100000000000001,0.20000000000000284,4.300000000000004,0.0,0.0012665000003835303,0.0004472999999052263,0.4723920999999791
7,FeatureDQN,OriginalOrder,50,,2216,36.6,892,32.5,2034,9.8,4.100000000000001,22.7,26.8,0.0,0.0012665000003835303,1.9999970390927047e-07,0.4723920999999791
7,FeatureDQN,MarginalGainPredictor,50,,2216,36.6,892,32.5,916,20.3,4.100000000000001,12.2,16.3,0.0,0.0012665000003835303,0.00047659999972893274,0.4723920999999791
7,FeatureDQN,OriginalOrder,100,,2216,36.6,892,32.5,2034,9.8,4.100000000000001,22.7,26.8,0.0,0.0012665000003835303,3.999998625658918e-07,0.4723920999999791
7,FeatureDQN,MarginalGainPredictor,100,,2216,36.6,892,32.5,916,20.3,4.100000000000001,12.2,16.3,0.0,0.0012665000003835303,0.0005274000000099477,0.4723920999999791
7,Random,OriginalOrder,10,0,2216,36.6,7995,19.2,2146,15.6,17.400000000000002,3.5999999999999996,21.0,-1.7763568394002505e-15,5.430000010164804e-05,9.999985195463523e-08,0.4723920999999791
7,Random,MarginalGainPredictor,10,0,2216,36.6,7995,19.2,7995,19.2,17.400000000000002,0.0,17.400000000000002,0.0,5.430000010164804e-05,0.00045240000008561765,0.4723920999999791
7,Random,OriginalOrder,20,0,2216,36.6,3225,31.6,2146,15.6,5.0,16.0,21.0,0.0,5.430000010164804e-05,2.0000015865662135e-07,0.4723920999999791
7,Random,MarginalGainPredictor,20,0,2216,36.6,3225,31.6,7995,19.2,5.0,12.400000000000002,17.400000000000002,0.0,5.430000010164804e-05,0.0004791999999724794,0.4723920999999791
7,Random,OriginalOrder,50,0,2216,36.6,892,32.5,2146,15.6,4.100000000000001,16.9,21.0,0.0,5.430000010164804e-05,1.9999970390927047e-07,0.4723920999999791
7,Random,MarginalGainPredictor,50,0,2216,36.6,892,32.5,7995,19.2,4.100000000000001,13.3,17.400000000000002,0.0,5.430000010164804e-05,0.000646599999981845,0.4723920999999791
7,Random,OriginalOrder,100,0,2216,36.6,892,32.5,2146,15.6,4.100000000000001,16.9,21.0,0.0,5.430000010164804e-05,1.9999970390927047e-07,0.4723920999999791
7,Random,MarginalGainPredictor,100,0,2216,36.6,892,32.5,7995,19.2,4.100000000000001,13.3,17.400000000000002,0.0,5.430000010164804e-05,0.0005854999999428401,0.4723920999999791
7,Random,OriginalOrder,10,1,2216,36.6,1807,35.6,657,7.0,1.0,28.6,29.6,0.0,4.930000022795866e-05,1.0000030670198612e-07,0.4723920999999791
7,Random,MarginalGainPredictor,10,1,2216,36.6,1807,35.6,1807,35.6,1.0,0.0,1.0,0.0,4.930000022795866e-05,0.0004791000001205248,0.4723920999999791
7,Random,OriginalOrder,20,1,2216,36.6,1807,35.6,657,7.0,1.0,28.6,29.6,0.0,4.930000022795866e-05,3.000000106112566e-07,0.4723920999999791
7,Random,MarginalGainPredictor,20,1,2216,36.6,1807,35.6,1807,35.6,1.0,0.0,1.0,0.0,4.930000022795866e-05,0.0004629999998542189,0.4723920999999791
7,Random,OriginalOrder,50,1,2216,36.6,310,36.2,657,7.0,0.3999999999999986,29.200000000000003,29.6,0.0,4.930000022795866e-05,2.0000015865662135e-07,0.4723920999999791
7,Random,MarginalGainPredictor,50,1,2216,36.6,310,36.2,310,36.2,0.3999999999999986,0.0,0.3999999999999986,0.0,4.930000022795866e-05,0.0004785999999512569,0.4723920999999791
7,Random,OriginalOrder,100,1,2216,36.6,2216,36.6,657,7.0,0.0,29.6,29.6,0.0,4.930000022795866e-05,1.9999970390927047e-07,0.4723920999999791
7,Random,MarginalGainPredictor,100,1,2216,36.6,2216,36.6,310,36.2,0.0,0.3999999999999986,0.3999999999999986,0.0,4.930000022795866e-05,0.0005378999999265943,0.4723920999999791
7,Random,OriginalOrder,10,2,2216,36.6,310,36.2,12383,2.4,0.3999999999999986,33.800000000000004,34.2,0.0,4.820000003746827e-05,9.999985195463523e-08,0.4723920999999791
7,Random,MarginalGainPredictor,10,2,2216,36.6,310,36.2,310,36.2,0.3999999999999986,0.0,0.3999999999999986,0.0,4.820000003746827e-05,0.00043640000012601377,0.4723920999999791
7,Random,OriginalOrder,20,2,2216,36.6,310,36.2,12383,2.4,0.3999999999999986,33.800000000000004,34.2,0.0,4.820000003746827e-05,2.0000015865662135e-07,0.4723920999999791
7,Random,MarginalGainPredictor,20,2,2216,36.6,310,36.2,310,36.2,0.3999999999999986,0.0,0.3999999999999986,0.0,4.820000003746827e-05,0.0004460000000108266,0.4723920999999791
7,Random,OriginalOrder,50,2,2216,36.6,2216,36.6,12383,2.4,0.0,34.2,34.2,0.0,4.820000003746827e-05,9.999985195463523e-08,0.4723920999999791
7,Random,MarginalGainPredictor,50,2,2216,36.6,2216,36.6,310,36.2,0.0,0.3999999999999986,0.3999999999999986,0.0,4.820000003746827e-05,0.00048000000015235855,0.4723920999999791
7,Random,OriginalOrder,100,2,2216,36.6,2216,36.6,12383,2.4,0.0,34.2,34.2,0.0,4.820000003746827e-05,2.0000015865662135e-07,0.4723920999999791
7,Random,MarginalGainPredictor,100,2,2216,36.6,2216,36.6,310,36.2,0.0,0.3999999999999986,0.3999999999999986,0.0,4.820000003746827e-05,0.0005378999999265943,0.4723920999999791
7,Random,OriginalOrder,10,3,2216,36.6,2054,26.4,5454,19.6,10.200000000000003,6.799999999999997,17.0,0.0,4.619999981514411e-05,9.999985195463523e-08,0.4723920999999791
7,Random,MarginalGainPredictor,10,3,2216,36.6,2054,26.4,5454,19.6,10.200000000000003,6.799999999999997,17.0,0.0,4.619999981514411e-05,0.00044620000016948325,0.4723920999999791
7,Random,OriginalOrder,20,3,2216,36.6,2054,26.4,5454,19.6,10.200000000000003,6.799999999999997,17.0,0.0,4.619999981514411e-05,2.0000015865662135e-07,0.4723920999999791
7,Random,MarginalGainPredictor,20,3,2216,36.6,2054,26.4,820,19.3,10.200000000000003,7.099999999999998,17.3,0.0,4.619999981514411e-05,0.0004440000002432498,0.4723920999999791
7,Random,OriginalOrder,50,3,2216,36.6,2216,36.6,5454,19.6,0.0,17.0,17.0,0.0,4.619999981514411e-05,1.9999970390927047e-07,0.4723920999999791
7,Random,MarginalGainPredictor,50,3,2216,36.6,2216,36.6,310,36.2,0.0,0.3999999999999986,0.3999999999999986,0.0,4.619999981514411e-05,0.00047679999988758937,0.4723920999999791
7,Random,OriginalOrder,100,3,2216,36.6,2216,36.6,5454,19.6,0.0,17.0,17.0,0.0,4.619999981514411e-05,2.0000015865662135e-07,0.4723920999999791
7,Random,MarginalGainPredictor,100,3,2216,36.6,2216,36.6,310,36.2,0.0,0.3999999999999986,0.3999999999999986,0.0,4.619999981514411e-05,0.0005347999999685271,0.4723920999999791
7,Random,OriginalOrder,10,4,2216,36.6,4103,19.7,656,6.8,16.900000000000002,12.899999999999999,29.8,0.0,4.6300000121846097e-05,9.999985195463523e-08,0.4723920999999791
7,Random,MarginalGainPredictor,10,4,2216,36.6,4103,19.7,1439,15.5,16.900000000000002,4.199999999999999,21.1,0.0,4.6300000121846097e-05,0.00044609999986278126,0.4723920999999791
7,Random,OriginalOrder,20,4,2216,36.6,181,31.5,656,6.8,5.100000000000001,24.7,29.8,0.0,4.6300000121846097e-05,9.999985195463523e-08,0.4723920999999791
7,Random,MarginalGainPredictor,20,4,2216,36.6,181,31.5,7995,19.2,5.100000000000001,12.3,17.400000000000002,0.0,4.6300000121846097e-05,0.00044160000015835976,0.4723920999999791
7,Random,OriginalOrder,50,4,2216,36.6,181,31.5,656,6.8,5.100000000000001,24.7,29.8,0.0,4.6300000121846097e-05,2.0000015865662135e-07,0.4723920999999791
7,Random,MarginalGainPredictor,50,4,2216,36.6,181,31.5,7995,19.2,5.100000000000001,12.3,17.400000000000002,0.0,4.6300000121846097e-05,0.0004761000000144122,0.4723920999999791
7,Random,OriginalOrder,100,4,2216,36.6,181,31.5,656,6.8,5.100000000000001,24.7,29.8,0.0,4.6300000121846097e-05,9.999985195463523e-08,0.4723920999999791
7,Random,MarginalGainPredictor,100,4,2216,36.6,181,31.5,985,31.3,5.100000000000001,0.1999999999999993,5.300000000000001,0.0,4.6300000121846097e-05,0.000569099999665923,0.4723920999999791
7,Random,OriginalOrder,10,5,2216,36.6,4331,14.1,2066,4.5,22.5,9.6,32.1,1.7763568394002505e-15,4.669999998441199e-05,1.9999970390927047e-07,0.4723920999999791
7,Random,MarginalGainPredictor,10,5,2216,36.6,4331,14.1,597,8.5,22.5,5.6,28.1,1.7763568394002505e-15,4.669999998441199e-05,0.0004507000003286521,0.4723920999999791
7,Random,OriginalOrder,20,5,2216,36.6,3700,19.8,2066,4.5,16.8,15.3,32.1,0.0,4.669999998441199e-05,1.9999970390927047e-07,0.4723920999999791
7,Random,MarginalGainPredictor,20,5,2216,36.6,3700,19.8,3700,19.8,16.8,0.0,16.8,0.0,4.669999998441199e-05,0.0004533000001174514,0.4723920999999791
7,Random,OriginalOrder,50,5,2216,36.6,2216,36.6,2066,4.5,0.0,32.1,32.1,0.0,4.669999998441199e-05,2.0000015865662135e-07,0.4723920999999791
7,Random,MarginalGainPredictor,50,5,2216,36.6,2216,36.6,1807,35.6,0.0,1.0,1.0,0.0,4.669999998441199e-05,0.0004904999996142578,0.4723920999999791
7,Random,OriginalOrder,100,5,2216,36.6,2216,36.6,2066,4.5,0.0,32.1,32.1,0.0,4.669999998441199e-05,1.9999970390927047e-07,0.4723920999999791
7,Random,MarginalGainPredictor,100,5,2216,36.6,2216,36.6,1807,35.6,0.0,1.0,1.0,0.0,4.669999998441199e-05,0.0005358999997042702,0.4723920999999791
7,Random,OriginalOrder,10,6,2216,36.6,189,20.6,189,20.6,16.0,0.0,16.0,0.0,4.7199999698932515e-05,2.0000015865662135e-07,0.4723920999999791
7,Random,MarginalGainPredictor,10,6,2216,36.6,189,20.6,916,20.3,16.0,0.3000000000000007,16.3,0.0,4.7199999698932515e-05,0.00046550000024581095,0.4723920999999791
7,Random,OriginalOrder,20,6,2216,36.6,7123,26.0,189,20.6,10.600000000000001,5.399999999999999,16.0,0.0,4.7199999698932515e-05,1.9999970390927047e-07,0.4723920999999791
7,Random,MarginalGainPredictor,20,6,2216,36.6,7123,26.0,7995,19.2,10.600000000000001,6.800000000000001,17.400000000000002,0.0,4.7199999698932515e-05,0.0004478999999264488,0.4723920999999791
7,Random,OriginalOrder,50,6,2216,36.6,3225,31.6,189,20.6,5.0,11.0,16.0,0.0,4.7199999698932515e-05,1.9999970390927047e-07,0.4723920999999791
7,Random,MarginalGainPredictor,50,6,2216,36.6,3225,31.6,985,31.3,5.0,0.3000000000000007,5.300000000000001,0.0,4.7199999698932515e-05,0.0005053999998381187,0.4723920999999791
7,Random,OriginalOrder,100,6,2216,36.6,2216,36.6,189,20.6,0.0,16.0,16.0,0.0,4.7199999698932515e-05,2.0000015865662135e-07,0.4723920999999791
7,Random,MarginalGainPredictor,100,6,2216,36.6,2216,36.6,310,36.2,0.0,0.3999999999999986,0.3999999999999986,0.0,4.7199999698932515e-05,0.0005402000001595297,0.4723920999999791
7,Random,OriginalOrder,10,7,2216,36.6,1920,19.3,17,5.9,17.3,13.4,30.700000000000003,1.7763568394002505e-15,4.739999985758914e-05,2.0000015865662135e-07,0.4723920999999791
7,Random,MarginalGainPredictor,10,7,2216,36.6,1920,19.3,1277,0.0,17.3,19.3,36.6,0.0,4.739999985758914e-05,0.0004500000000007276,0.4723920999999791
7,Random,OriginalOrder,20,7,2216,36.6,5454,19.6,17,5.9,17.0,13.700000000000001,30.700000000000003,1.7763568394002505e-15,4.739999985758914e-05,2.0000015865662135e-07,0.4723920999999791
7,Random,MarginalGainPredictor,20,7,2216,36.6,5454,19.6,1277,0.0,17.0,19.6,36.6,0.0,4.739999985758914e-05,0.00044859999979962595,0.4723920999999791
7,Random,OriginalOrder,50,7,2216,36.6,3916,32.3,17,5.9,4.300000000000004,26.4,30.700000000000003,0.0,4.739999985758914e-05,2.0000015865662135e-07,0.4723920999999791
7,Random,MarginalGainPredictor,50,7,2216,36.6,3916,32.3,1277,0.0,4.300000000000004,32.3,36.6,0.0,4.739999985758914e-05,0.0004913000002488843,0.4723920999999791
7,Random,OriginalOrder,100,7,2216,36.6,3916,32.3,17,5.9,4.300000000000004,26.4,30.700000000000003,0.0,4.739999985758914e-05,1.9999970390927047e-07,0.4723920999999791
7,Random,MarginalGainPredictor,100,7,2216,36.6,3916,32.3,820,19.3,4.300000000000004,12.999999999999996,17.3,0.0,4.739999985758914e-05,0.0006695000001855078,0.4723920999999791
7,Random,OriginalOrder,10,8,2216,36.6,658,27.3,932,9.6,9.3,17.700000000000003,27.0,-3.552713678800501e-15,4.9700000090524554e-05,1.0000030670198612e-07,0.4723920999999791
7,Random,MarginalGainPredictor,10,8,2216,36.6,658,27.3,658,27.3,9.3,0.0,9.3,0.0,4.9700000090524554e-05,0.0004795999998350453,0.4723920999999791
7,Random,OriginalOrder,20,8,2216,36.6,658,27.3,932,9.6,9.3,17.700000000000003,27.0,-3.552713678800501e-15,4.9700000090524554e-05,2.0000015865662135e-07,0.4723920999999791
7,Random,MarginalGainPredictor,20,8,2216,36.6,658,27.3,658,27.3,9.3,0.0,9.3,0.0,4.9700000090524554e-05,0.00047580000000380096,0.4723920999999791
7,Random,OriginalOrder,50,8,2216,36.6,3225,31.6,932,9.6,5.0,22.0,27.0,0.0,4.9700000090524554e-05,9.999985195463523e-08,0.4723920999999791
7,Random,MarginalGainPredictor,50,8,2216,36.6,3225,31.6,820,19.3,5.0,12.3,17.3,0.0,4.9700000090524554e-05,0.000528900000063004,0.4723920999999791
7,Random,OriginalOrder,100,8,2216,36.6,2216,36.6,932,9.6,0.0,27.0,27.0,0.0,4.9700000090524554e-05,2.0000015865662135e-07,0.4723920999999791
7,Random,MarginalGainPredictor,100,8,2216,36.6,2216,36.6,2216,36.6,0.0,0.0,0.0,0.0,4.9700000090524554e-05,0.0005591999997704988,0.4723920999999791
7,Random,OriginalOrder,10,9,2216,36.6,4103,19.7,547,11.9,16.900000000000002,7.799999999999999,24.700000000000003,1.7763568394002505e-15,4.780000017490238e-05,9.999985195463523e-08,0.4723920999999791
7,Random,MarginalGainPredictor,10,9,2216,36.6,4103,19.7,72,9.4,16.900000000000002,10.299999999999999,27.200000000000003,1.7763568394002505e-15,4.780000017490238e-05,0.000449799999842071,0.4723920999999791
7,Random,OriginalOrder,20,9,2216,36.6,892,32.5,547,11.9,4.100000000000001,20.6,24.700000000000003,0.0,4.780000017490238e-05,2.0000015865662135e-07,0.4723920999999791
7,Random,MarginalGainPredictor,20,9,2216,36.6,892,32.5,1277,0.0,4.100000000000001,32.5,36.6,0.0,4.780000017490238e-05,0.00047170000016194535,0.4723920999999791
7,Random,OriginalOrder,50,9,2216,36.6,2216,36.6,547,11.9,0.0,24.700000000000003,24.700000000000003,0.0,4.780000017490238e-05,1.9999970390927047e-07,0.4723920999999791
7,Random,MarginalGainPredictor,50,9,2216,36.6,2216,36.6,2216,36.6,0.0,0.0,0.0,0.0,4.780000017490238e-05,0.0004859000000578817,0.4723920999999791
7,Random,OriginalOrder,100,9,2216,36.6,2216,36.6,547,11.9,0.0,24.700000000000003,24.700000000000003,0.0,4.780000017490238e-05,2.0000015865662135e-07,0.4723920999999791
7,Random,MarginalGainPredictor,100,9,2216,36.6,2216,36.6,310,36.2,0.0,0.3999999999999986,0.3999999999999986,0.0,4.780000017490238e-05,0.0005260000002635934,0.4723920999999791
8,Degree,OriginalOrder,10,,892,39.3,310,32.6,916,10.9,6.699999999999996,21.700000000000003,28.4,0.0,8.179999986168696e-05,1.9999970390927047e-07,0.38661099999990256
8,Degree,MarginalGainPredictor,10,,892,39.3,310,32.6,310,32.6,6.699999999999996,0.0,6.699999999999996,0.0,8.179999986168696e-05,0.001352000000224507,0.38661099999990256
8,Degree,OriginalOrder,20,,892,39.3,892,39.3,916,10.9,0.0,28.4,28.4,0.0,8.179999986168696e-05,3.000000106112566e-07,0.38661099999990256
8,Degree,MarginalGainPredictor,20,,892,39.3,892,39.3,310,32.6,0.0,6.699999999999996,6.699999999999996,0.0,8.179999986168696e-05,0.0005791000003227964,0.38661099999990256
8,Degree,OriginalOrder,50,,892,39.3,892,39.3,916,10.9,0.0,28.4,28.4,0.0,8.179999986168696e-05,2.0000015865662135e-07,0.38661099999990256
8,Degree,MarginalGainPredictor,50,,892,39.3,892,39.3,310,32.6,0.0,6.699999999999996,6.699999999999996,0.0,8.179999986168696e-05,0.0005730000002586166,0.38661099999990256
8,Degree,OriginalOrder,100,,892,39.3,892,39.3,916,10.9,0.0,28.4,28.4,0.0,8.179999986168696e-05,2.0000015865662135e-07,0.38661099999990256
8,Degree,MarginalGainPredictor,100,,892,39.3,892,39.3,310,32.6,0.0,6.699999999999996,6.699999999999996,0.0,8.179999986168696e-05,0.0006143999999039806,0.38661099999990256
8,DegreeDiscount,OriginalOrder,10,,892,39.3,310,32.6,12802,21.5,6.699999999999996,11.100000000000001,17.799999999999997,0.0,0.0030694999995830585,2.0000015865662135e-07,0.38661099999990256
8,DegreeDiscount,MarginalGainPredictor,10,,892,39.3,310,32.6,310,32.6,6.699999999999996,0.0,6.699999999999996,0.0,0.0030694999995830585,0.0005233000001680921,0.38661099999990256
8,DegreeDiscount,OriginalOrder,20,,892,39.3,1807,33.9,12802,21.5,5.399999999999999,12.399999999999999,17.799999999999997,0.0,0.0030694999995830585,3.000000106112566e-07,0.38661099999990256
8,DegreeDiscount,MarginalGainPredictor,20,,892,39.3,1807,33.9,310,32.6,5.399999999999999,1.2999999999999972,6.699999999999996,0.0,0.0030694999995830585,0.0005264999999781139,0.38661099999990256
8,DegreeDiscount,OriginalOrder,50,,892,39.3,1807,33.9,12802,21.5,5.399999999999999,12.399999999999999,17.799999999999997,0.0,0.0030694999995830585,9.999985195463523e-08,0.38661099999990256
8,DegreeDiscount,MarginalGainPredictor,50,,892,39.3,1807,33.9,310,32.6,5.399999999999999,1.2999999999999972,6.699999999999996,0.0,0.0030694999995830585,0.0005071999999017862,0.38661099999990256
8,DegreeDiscount,OriginalOrder,100,,892,39.3,892,39.3,12802,21.5,0.0,17.799999999999997,17.799999999999997,0.0,0.0030694999995830585,3.000000106112566e-07,0.38661099999990256
8,DegreeDiscount,MarginalGainPredictor,100,,892,39.3,892,39.3,310,32.6,0.0,6.699999999999996,6.699999999999996,0.0,0.0030694999995830585,0.000537700000222685,0.38661099999990256
8,FeatureDQN,OriginalOrder,10,,892,39.3,4826,13.8,2034,9.2,25.499999999999996,4.600000000000001,30.099999999999998,0.0,0.0013401000001067587,2.0000015865662135e-07,0.38661099999990256
8,FeatureDQN,MarginalGainPredictor,10,,892,39.3,4826,13.8,905,13.3,25.499999999999996,0.5,25.999999999999996,0.0,0.0013401000001067587,0.0004761000000144122,0.38661099999990256
8,FeatureDQN,OriginalOrder,20,,892,39.3,892,39.3,2034,9.2,0.0,30.099999999999998,30.099999999999998,0.0,0.0013401000001067587,2.0000015865662135e-07,0.38661099999990256
8,FeatureDQN,MarginalGainPredictor,20,,892,39.3,892,39.3,3916,28.8,0.0,10.499999999999996,10.499999999999996,0.0,0.0013401000001067587,0.0004662000001189881,0.38661099999990256
8,FeatureDQN,OriginalOrder,50,,892,39.3,892,39.3,2034,9.2,0.0,30.099999999999998,30.099999999999998,0.0,0.0013401000001067587,2.0000015865662135e-07,0.38661099999990256
8,FeatureDQN,MarginalGainPredictor,50,,892,39.3,892,39.3,916,10.9,0.0,28.4,28.4,0.0,0.0013401000001067587,0.0005076999996163067,0.38661099999990256
8,FeatureDQN,OriginalOrder,100,,892,39.3,892,39.3,2034,9.2,0.0,30.099999999999998,30.099999999999998,0.0,0.0013401000001067587,9.999985195463523e-08,0.38661099999990256
8,FeatureDQN,MarginalGainPredictor,100,,892,39.3,892,39.3,916,10.9,0.0,28.4,28.4,0.0,0.0013401000001067587,0.000532500000190339,0.38661099999990256
8,Random,OriginalOrder,10,0,892,39.3,3225,33.3,2854,5.4,6.0,27.9,33.9,0.0,5.220000002736924e-05,2.0000015865662135e-07,0.38661099999990256
8,Random,MarginalGainPredictor,10,0,892,39.3,3225,33.3,916,10.9,6.0,22.4,28.4,0.0,5.220000002736924e-05,0.0004466999998840038,0.38661099999990256
8,Random,OriginalOrder,20,0,892,39.3,3225,33.3,2854,5.4,6.0,27.9,33.9,0.0,5.220000002736924e-05,9.999985195463523e-08,0.38661099999990256
8,Random,MarginalGainPredictor,20,0,892,39.3,3225,33.3,985,26.1,6.0,7.199999999999996,13.199999999999996,0.0,5.220000002736924e-05,0.0004638999998860527,0.38661099999990256
8,Random,OriginalOrder,50,0,892,39.3,3225,33.3,2854,5.4,6.0,27.9,33.9,0.0,5.220000002736924e-05,9.999985195463523e-08,0.38661099999990256
8,Random,MarginalGainPredictor,50,0,892,39.3,3225,33.3,985,26.1,6.0,7.199999999999996,13.199999999999996,0.0,5.220000002736924e-05,0.0005172000001039123,0.38661099999990256
8,Random,OriginalOrder,100,0,892,39.3,7123,38.6,2854,5.4,0.6999999999999957,33.2,33.9,0.0,5.220000002736924e-05,9.999985195463523e-08,0.38661099999990256
8,Random,MarginalGainPredictor,100,0,892,39.3,7123,38.6,985,26.1,0.6999999999999957,12.5,13.199999999999996,0.0,5.220000002736924e-05,0.0005403000000114844,0.38661099999990256
8,Random,OriginalOrder,10,1,892,39.3,1140,24.9,163,7.2,14.399999999999999,17.7,32.099999999999994,-3.552713678800501e-15,4.669999998441199e-05,2.0000015865662135e-07,0.38661099999990256
8,Random,MarginalGainPredictor,10,1,892,39.3,1140,24.9,4679,0.0,14.399999999999999,24.9,39.3,0.0,4.669999998441199e-05,0.00044680000019070576,0.38661099999990256
8,Random,OriginalOrder,20,1,892,39.3,1140,24.9,163,7.2,14.399999999999999,17.7,32.099999999999994,-3.552713678800501e-15,4.669999998441199e-05,2.0000015865662135e-07,0.38661099999990256
8,Random,MarginalGainPredictor,20,1,892,39.3,1140,24.9,916,10.9,14.399999999999999,13.999999999999998,28.4,1.7763568394002505e-15,4.669999998441199e-05,0.0004656999999497202,0.38661099999990256
8,Random,OriginalOrder,50,1,892,39.3,892,39.3,163,7.2,0.0,32.099999999999994,32.099999999999994,0.0,4.669999998441199e-05,1.9999970390927047e-07,0.38661099999990256
8,Random,MarginalGainPredictor,50,1,892,39.3,892,39.3,916,10.9,0.0,28.4,28.4,0.0,4.669999998441199e-05,0.0007679000000280212,0.38661099999990256
8,Random,OriginalOrder,100,1,892,39.3,892,39.3,163,7.2,0.0,32.099999999999994,32.099999999999994,0.0,4.669999998441199e-05,1.0000030670198612e-07,0.38661099999990256
8,Random,MarginalGainPredictor,100,1,892,39.3,892,39.3,1807,33.9,0.0,5.399999999999999,5.399999999999999,0.0,4.669999998441199e-05,0.000551999999970576,0.38661099999990256
8,Random,OriginalOrder,10,2,892,39.3,658,24.5,2854,5.4,14.799999999999997,19.1,33.9,0.0,4.5700000100623583e-05,1.0000030670198612e-07,0.38661099999990256
8,Random,MarginalGainPredictor,10,2,892,39.3,658,24.5,1249,16.6,14.799999999999997,7.899999999999999,22.699999999999996,0.0,4.5700000100623583e-05,0.0006441000000450003,0.38661099999990256
8,Random,OriginalOrder,20,2,892,39.3,658,24.5,2854,5.4,14.799999999999997,19.1,33.9,0.0,4.5700000100623583e-05,2.0000015865662135e-07,0.38661099999990256
8,Random,MarginalGainPredictor,20,2,892,39.3,658,24.5,1249,16.6,14.799999999999997,7.899999999999999,22.699999999999996,0.0,4.5700000100623583e-05,0.0005380000002332963,0.38661099999990256
8,Random,OriginalOrder,50,2,892,39.3,892,39.3,2854,5.4,0.0,33.9,33.9,0.0,4.5700000100623583e-05,3.000000106112566e-07,0.38661099999990256
8,Random,MarginalGainPredictor,50,2,892,39.3,892,39.3,7995,10.3,0.0,28.999999999999996,28.999999999999996,0.0,4.5700000100623583e-05,0.0005207999997765,0.38661099999990256
8,Random,OriginalOrder,100,2,892,39.3,892,39.3,2854,5.4,0.0,33.9,33.9,0.0,4.5700000100623583e-05,1.9999970390927047e-07,0.38661099999990256
8,Random,MarginalGainPredictor,100,2,892,39.3,892,39.3,820,17.9,0.0,21.4,21.4,0.0,4.5700000100623583e-05,0.0005516999999599648,0.38661099999990256
8,Random,OriginalOrder,10,3,892,39.3,9608,18.0,4172,11.8,21.299999999999997,6.199999999999999,27.499999999999996,0.0,4.760000001624576e-05,1.9999970390927047e-07,0.38661099999990256
8,Random,MarginalGainPredictor,10,3,892,39.3,9608,18.0,98,16.7,21.299999999999997,1.3000000000000007,22.599999999999998,0.0,4.760000001624576e-05,0.0004447999999683816,0.38661099999990256
8,Random,OriginalOrder,20,3,892,39.3,9608,18.0,4172,11.8,21.299999999999997,6.199999999999999,27.499999999999996,0.0,4.760000001624576e-05,9.999985195463523e-08,0.38661099999990256
8,Random,MarginalGainPredictor,20,3,892,39.3,9608,18.0,1277,0.0,21.299999999999997,18.0,39.3,0.0,4.760000001624576e-05,0.00046019999990676297,0.38661099999990256
8,Random,OriginalOrder,50,3,892,39.3,3225,33.3,4172,11.8,6.0,21.499999999999996,27.499999999999996,0.0,4.760000001624576e-05,1.9999970390927047e-07,0.38661099999990256
8,Random,MarginalGainPredictor,50,3,892,39.3,3225,33.3,1277,0.0,6.0,33.3,39.3,0.0,4.760000001624576e-05,0.0004764000000250235,0.38661099999990256
8,Random,OriginalOrder,100,3,892,39.3,7123,38.6,4172,11.8,0.6999999999999957,26.8,27.499999999999996,0.0,4.760000001624576e-05,1.0000030670198612e-07,0.38661099999990256
8,Random,MarginalGainPredictor,100,3,892,39.3,7123,38.6,820,17.9,0.6999999999999957,20.700000000000003,21.4,0.0,4.760000001624576e-05,0.0005304999999680149,0.38661099999990256
8,Random,OriginalOrder,10,4,892,39.3,310,32.6,578,9.7,6.699999999999996,22.900000000000002,29.599999999999998,0.0,4.6800000291113975e-05,9.999985195463523e-08,0.38661099999990256
8,Random,MarginalGainPredictor,10,4,892,39.3,310,32.6,310,32.6,6.699999999999996,0.0,6.699999999999996,0.0,4.6800000291113975e-05,0.0004453000001376495,0.38661099999990256
8,Random,OriginalOrder,20,4,892,39.3,310,32.6,578,9.7,6.699999999999996,22.900000000000002,29.599999999999998,0.0,4.6800000291113975e-05,2.0000015865662135e-07,0.38661099999990256
8,Random,MarginalGainPredictor,20,4,892,39.3,310,32.6,310,32.6,6.699999999999996,0.0,6.699999999999996,0.0,4.6800000291113975e-05,0.00047690000019429135,0.38661099999990256
8,Random,OriginalOrder,50,4,892,39.3,310,32.6,578,9.7,6.699999999999996,22.900000000000002,29.599999999999998,0.0,4.6800000291113975e-05,3.000000106112566e-07,0.38661099999990256
8,Random,MarginalGainPredictor,50,4,892,39.3,310,32.6,310,32.6,6.699999999999996,0.0,6.699999999999996,0.0,4.6800000291113975e-05,0.0004944000002069515,0.38661099999990256
8,Random,OriginalOrder,100,4,892,39.3,1807,33.9,578,9.7,5.399999999999999,24.2,29.599999999999998,0.0,4.6800000291113975e-05,9.999985195463523e-08,0.38661099999990256
8,Random,MarginalGainPredictor,100,4,892,39.3,1807,33.9,310,32.6,5.399999999999999,1.2999999999999972,6.699999999999996,0.0,4.6800000291113975e-05,0.0005502999997588631,0.38661099999990256
8,Random,OriginalOrder,10,5,892,39.3,892,39.3,11249,2.4,0.0,36.9,36.9,0.0,4.650000028050272e-05,2.0000015865662135e-07,0.38661099999990256
8,Random,MarginalGainPredictor,10,5,892,39.3,892,39.3,820,17.9,0.0,21.4,21.4,0.0,4.650000028050272e-05,0.0004502000001593842,0.38661099999990256
8,Random,OriginalOrder,20,5,892,39.3,892,39.3,11249,2.4,0.0,36.9,36.9,0.0,4.650000028050272e-05,1.9999970390927047e-07,0.38661099999990256
8,Random,MarginalGainPredictor,20,5,892,39.3,892,39.3,820,17.9,0.0,21.4,21.4,0.0,4.650000028050272e-05,0.0004646000002139772,0.38661099999990256
8,Random,OriginalOrder,50,5,892,39.3,892,39.3,11249,2.4,0.0,36.9,36.9,0.0,4.650000028050272e-05,1.0000030670198612e-07,0.38661099999990256
8,Random,MarginalGainPredictor,50,5,892,39.3,892,39.3,820,17.9,0.0,21.4,21.4,0.0,4.650000028050272e-05,0.00047440000025744666,0.38661099999990256
8,Random,OriginalOrder,100,5,892,39.3,892,39.3,11249,2.4,0.0,36.9,36.9,0.0,4.650000028050272e-05,9.999985195463523e-08,0.38661099999990256
8,Random,MarginalGainPredictor,100,5,892,39.3,892,39.3,820,17.9,0.0,21.4,21.4,0.0,4.650000028050272e-05,0.0005217999996602884,0.38661099999990256
8,Random,OriginalOrder,10,6,892,39.3,310,32.6,1392,4.4,6.699999999999996,28.200000000000003,34.9,0.0,4.710000030172523e-05,9.999985195463523e-08,0.38661099999990256
8,Random,MarginalGainPredictor,10,6,892,39.3,310,32.6,310,32.6,6.699999999999996,0.0,6.699999999999996,0.0,4.710000030172523e-05,0.0004357000002528366,0.38661099999990256
8,Random,OriginalOrder,20,6,892,39.3,310,32.6,1392,4.4,6.699999999999996,28.200000000000003,34.9,0.0,4.710000030172523e-05,1.9999970390927047e-07,0.38661099999990256
8,Random,MarginalGainPredictor,20,6,892,39.3,310,32.6,310,32.6,6.699999999999996,0.0,6.699999999999996,0.0,4.710000030172523e-05,0.0004764000000250235,0.38661099999990256
8,Random,OriginalOrder,50,6,892,39.3,310,32.6,1392,4.4,6.699999999999996,28.200000000000003,34.9,0.0,4.710000030172523e-05,3.000000106112566e-07,0.38661099999990256
8,Random,MarginalGainPredictor,50,6,892,39.3,310,32.6,310,32.6,6.699999999999996,0.0,6.699999999999996,0.0,4.710000030172523e-05,0.00047630000017306884,0.38661099999990256
8,Random,OriginalOrder,100,6,892,39.3,7123,38.6,1392,4.4,0.6999999999999957,34.2,34.9,0.0,4.710000030172523e-05,1.9999970390927047e-07,0.38661099999990256
8,Random,MarginalGainPredictor,100,6,892,39.3,7123,38.6,310,32.6,0.6999999999999957,6.0,6.699999999999996,0.0,4.710000030172523e-05,0.000535199999831093,0.38661099999990256
8,Random,OriginalOrder,10,7,892,39.3,3916,28.8,679,11.0,10.499999999999996,17.8,28.299999999999997,0.0,4.5199999931355705e-05,9.999985195463523e-08,0.38661099999990256
8,Random,MarginalGainPredictor,10,7,892,39.3,3916,28.8,1255,9.2,10.499999999999996,19.6,30.099999999999998,0.0,4.5199999931355705e-05,0.0004554999995889375,0.38661099999990256
8,Random,OriginalOrder,20,7,892,39.3,3916,28.8,679,11.0,10.499999999999996,17.8,28.299999999999997,0.0,4.5199999931355705e-05,2.0000015865662135e-07,0.38661099999990256
8,Random,MarginalGainPredictor,20,7,892,39.3,3916,28.8,1255,9.2,10.499999999999996,19.6,30.099999999999998,0.0,4.5199999931355705e-05,0.0004739999999401334,0.38661099999990256
8,Random,OriginalOrder,50,7,892,39.3,1807,33.9,679,11.0,5.399999999999999,22.9,28.299999999999997,0.0,4.5199999931355705e-05,1.9999970390927047e-07,0.38661099999990256
8,Random,MarginalGainPredictor,50,7,892,39.3,1807,33.9,1807,33.9,5.399999999999999,0.0,5.399999999999999,0.0,4.5199999931355705e-05,0.00047459999996135593,0.38661099999990256
8,Random,OriginalOrder,100,7,892,39.3,892,39.3,679,11.0,0.0,28.299999999999997,28.299999999999997,0.0,4.5199999931355705e-05,1.9999970390927047e-07,0.38661099999990256
8,Random,MarginalGainPredictor,100,7,892,39.3,892,39.3,1807,33.9,0.0,5.399999999999999,5.399999999999999,0.0,4.5199999931355705e-05,0.0005268999998406798,0.38661099999990256
8,Random,OriginalOrder,10,8,892,39.3,547,14.0,916,10.9,25.299999999999997,3.0999999999999996,28.4,1.7763568394002505e-15,4.619999981514411e-05,1.0000030670198612e-07,0.38661099999990256
8,Random,MarginalGainPredictor,10,8,892,39.3,547,14.0,916,10.9,25.299999999999997,3.0999999999999996,28.4,1.7763568394002505e-15,4.619999981514411e-05,0.00044759999991583754,0.38661099999990256
8,Random,OriginalOrder,20,8,892,39.3,1807,33.9,916,10.9,5.399999999999999,23.0,28.4,0.0,4.619999981514411e-05,2.0000015865662135e-07,0.38661099999990256
8,Random,MarginalGainPredictor,20,8,892,39.3,1807,33.9,1807,33.9,5.399999999999999,0.0,5.399999999999999,0.0,4.619999981514411e-05,0.00047519999998257845,0.38661099999990256
8,Random,OriginalOrder,50,8,892,39.3,7123,38.6,916,10.9,0.6999999999999957,27.700000000000003,28.4,0.0,4.619999981514411e-05,9.999985195463523e-08,0.38661099999990256
8,Random,MarginalGainPredictor,50,8,892,39.3,7123,38.6,1807,33.9,0.6999999999999957,4.700000000000003,5.399999999999999,0.0,4.619999981514411e-05,0.0004959000002600078,0.38661099999990256
8,Random,OriginalOrder,100,8,892,39.3,892,39.3,916,10.9,0.0,28.4,28.4,0.0,4.619999981514411e-05,2.0000015865662135e-07,0.38661099999990256
8,Random,MarginalGainPredictor,100,8,892,39.3,892,39.3,1807,33.9,0.0,5.399999999999999,5.399999999999999,0.0,4.619999981514411e-05,0.0005169000000933011,0.38661099999990256
8,Random,OriginalOrder,10,9,892,39.3,2023,29.5,3606,0.0,9.799999999999997,29.5,39.3,0.0,4.5899999804532854e-05,2.0000015865662135e-07,0.38661099999990256
8,Random,MarginalGainPredictor,10,9,892,39.3,2023,29.5,916,10.9,9.799999999999997,18.6,28.4,0.0,4.5899999804532854e-05,0.0004393000003801717,0.38661099999990256
8,Random,OriginalOrder,20,9,892,39.3,310,32.6,3606,0.0,6.699999999999996,32.6,39.3,0.0,4.5899999804532854e-05,2.0000015865662135e-07,0.38661099999990256
8,Random,MarginalGainPredictor,20,9,892,39.3,310,32.6,310,32.6,6.699999999999996,0.0,6.699999999999996,0.0,4.5899999804532854e-05,0.0005393999999796506,0.38661099999990256
8,Random,OriginalOrder,50,9,892,39.3,310,32.6,3606,0.0,6.699999999999996,32.6,39.3,0.0,4.5899999804532854e-05,2.0000015865662135e-07,0.38661099999990256
8,Random,MarginalGainPredictor,50,9,892,39.3,310,32.6,310,32.6,6.699999999999996,0.0,6.699999999999996,0.0,4.5899999804532854e-05,0.0005565000001297449,0.38661099999990256
8,Random,OriginalOrder,100,9,892,39.3,7123,38.6,3606,0.0,0.6999999999999957,38.6,39.3,0.0,4.5899999804532854e-05,2.0000015865662135e-07,0.38661099999990256
8,Random,MarginalGainPredictor,100,9,892,39.3,7123,38.6,310,32.6,0.6999999999999957,6.0,6.699999999999996,0.0,4.5899999804532854e-05,0.0005479999999806751,0.38661099999990256
9,Degree,OriginalOrder,10,,310,46.7,310,46.7,916,18.1,0.0,28.6,28.6,0.0,8.24999997348641e-05,2.0000015865662135e-07,0.4596897999999783
9,Degree,MarginalGainPredictor,10,,310,46.7,310,46.7,310,46.7,0.0,0.0,0.0,0.0,8.24999997348641e-05,0.0012338999999883526,0.4596897999999783
9,Degree,OriginalOrder,20,,310,46.7,310,46.7,916,18.1,0.0,28.6,28.6,0.0,8.24999997348641e-05,4.000003173132427e-07,0.4596897999999783
9,Degree,MarginalGainPredictor,20,,310,46.7,310,46.7,310,46.7,0.0,0.0,0.0,0.0,8.24999997348641e-05,0.0006496000000879576,0.4596897999999783
9,Degree,OriginalOrder,50,,310,46.7,310,46.7,916,18.1,0.0,28.6,28.6,0.0,8.24999997348641e-05,1.0000030670198612e-07,0.4596897999999783
9,Degree,MarginalGainPredictor,50,,310,46.7,310,46.7,310,46.7,0.0,0.0,0.0,0.0,8.24999997348641e-05,0.0006186999999044929,0.4596897999999783
9,Degree,OriginalOrder,100,,310,46.7,310,46.7,916,18.1,0.0,28.6,28.6,0.0,8.24999997348641e-05,1.9999970390927047e-07,0.4596897999999783
9,Degree,MarginalGainPredictor,100,,310,46.7,310,46.7,310,46.7,0.0,0.0,0.0,0.0,8.24999997348641e-05,0.0006816000000071654,0.4596897999999783
9,DegreeDiscount,OriginalOrder,10,,310,46.7,310,46.7,12802,18.7,0.0,28.000000000000004,28.000000000000004,0.0,0.0030510000001413573,1.9999970390927047e-07,0.4596897999999783
9,DegreeDiscount,MarginalGainPredictor,10,,310,46.7,310,46.7,310,46.7,0.0,0.0,0.0,0.0,0.0030510000001413573,0.0006164999999782594,0.4596897999999783
9,DegreeDiscount,OriginalOrder,20,,310,46.7,310,46.7,12802,18.7,0.0,28.000000000000004,28.000000000000004,0.0,0.0030510000001413573,3.000000106112566e-07,0.4596897999999783
9,DegreeDiscount,MarginalGainPredictor,20,,310,46.7,310,46.7,310,46.7,0.0,0.0,0.0,0.0,0.0030510000001413573,0.0006278999999267398,0.4596897999999783
9,DegreeDiscount,OriginalOrder,50,,310,46.7,310,46.7,12802,18.7,0.0,28.000000000000004,28.000000000000004,0.0,0.0030510000001413573,2.0000015865662135e-07,0.4596897999999783
9,DegreeDiscount,MarginalGainPredictor,50,,310,46.7,310,46.7,310,46.7,0.0,0.0,0.0,0.0,0.0030510000001413573,0.000541599999905884,0.4596897999999783
9,DegreeDiscount,OriginalOrder,100,,310,46.7,310,46.7,12802,18.7,0.0,28.000000000000004,28.000000000000004,0.0,0.0030510000001413573,9.999985195463523e-08,0.4596897999999783
9,DegreeDiscount,MarginalGainPredictor,100,,310,46.7,310,46.7,310,46.7,0.0,0.0,0.0,0.0,0.0030510000001413573,0.0005919000000176311,0.4596897999999783
9,FeatureDQN,OriginalOrder,10,,310,46.7,4826,11.9,2034,9.8,34.800000000000004,2.0999999999999996,36.900000000000006,1.7763568394002505e-15,0.0012760999998135958,9.999985195463523e-08,0.4596897999999783
9,FeatureDQN,MarginalGainPredictor,10,,310,46.7,4826,11.9,905,4.2,34.800000000000004,7.7,42.5,-4.440892098500626e-15,0.0012760999998135958,0.000509299999976065,0.4596897999999783
9,FeatureDQN,OriginalOrder,20,,310,46.7,3916,22.8,2034,9.8,23.900000000000002,13.0,36.900000000000006,3.552713678800501e-15,0.0012760999998135958,2.0000015865662135e-07,0.4596897999999783
9,FeatureDQN,MarginalGainPredictor,20,,310,46.7,3916,22.8,3916,22.8,23.900000000000002,0.0,23.900000000000002,0.0,0.0012760999998135958,0.0004688000003625348,0.4596897999999783
9,FeatureDQN,OriginalOrder,50,,310,46.7,2122,22.9,2034,9.8,23.800000000000004,13.099999999999998,36.900000000000006,3.552713678800501e-15,0.0012760999998135958,1.0000030670198612e-07,0.4596897999999783
9,FeatureDQN,MarginalGainPredictor,50,,310,46.7,2122,22.9,916,18.1,23.800000000000004,4.799999999999997,28.6,0.0,0.0012760999998135958,0.0005005000002711313,0.4596897999999783
9,FeatureDQN,OriginalOrder,100,,310,46.7,658,34.5,2034,9.8,12.200000000000003,24.7,36.900000000000006,3.552713678800501e-15,0.0012760999998135958,9.999985195463523e-08,0.4596897999999783
9,FeatureDQN,MarginalGainPredictor,100,,310,46.7,658,34.5,916,18.1,12.200000000000003,16.4,28.6,0.0,0.0012760999998135958,0.0005510999999387423,0.4596897999999783
9,Random,OriginalOrder,10,0,310,46.7,1249,20.8,1918,8.4,25.900000000000002,12.4,38.300000000000004,1.7763568394002505e-15,5.319999991115765e-05,9.999985195463523e-08,0.4596897999999783
9,Random,MarginalGainPredictor,10,0,310,46.7,1249,20.8,1249,20.8,25.900000000000002,0.0,25.900000000000002,0.0,5.319999991115765e-05,0.00046070000007603085,0.4596897999999783
9,Random,OriginalOrder,20,0,310,46.7,8264,36.9,1918,8.4,9.800000000000004,28.5,38.300000000000004,0.0,5.319999991115765e-05,2.0000015865662135e-07,0.4596897999999783
9,Random,MarginalGainPredictor,20,0,310,46.7,8264,36.9,916,18.1,9.800000000000004,18.799999999999997,28.6,0.0,5.319999991115765e-05,0.00047270000004573376,0.4596897999999783
9,Random,OriginalOrder,50,0,310,46.7,8264,36.9,1918,8.4,9.800000000000004,28.5,38.300000000000004,0.0,5.319999991115765e-05,1.9999970390927047e-07,0.4596897999999783
9,Random,MarginalGainPredictor,50,0,310,46.7,8264,36.9,916,18.1,9.800000000000004,18.799999999999997,28.6,0.0,5.319999991115765e-05,0.0005001999998057727,0.4596897999999783
9,Random,OriginalOrder,100,0,310,46.7,1807,43.0,1918,8.4,3.700000000000003,34.6,38.300000000000004,0.0,5.319999991115765e-05,2.0000015865662135e-07,0.4596897999999783
9,Random,MarginalGainPredictor,100,0,310,46.7,1807,43.0,1807,43.0,3.700000000000003,0.0,3.700000000000003,0.0,5.319999991115765e-05,0.0005888999999115185,0.4596897999999783
9,Random,OriginalOrder,10,1,310,46.7,7963,20.3,7963,20.3,26.400000000000002,0.0,26.400000000000002,0.0,4.8800000058690784e-05,9.999985195463523e-08,0.4596897999999783
9,Random,MarginalGainPredictor,10,1,310,46.7,7963,20.3,4331,11.7,26.400000000000002,8.600000000000001,35.0,-3.552713678800501e-15,4.8800000058690784e-05,0.00045820000013918616,0.4596897999999783
9,Random,OriginalOrder,20,1,310,46.7,7963,20.3,7963,20.3,26.400000000000002,0.0,26.400000000000002,0.0,4.8800000058690784e-05,1.9999970390927047e-07,0.4596897999999783
9,Random,MarginalGainPredictor,20,1,310,46.7,7963,20.3,4305,12.7,26.400000000000002,7.600000000000001,34.0,-3.552713678800501e-15,4.8800000058690784e-05,0.0004638999998860527,0.4596897999999783
9,Random,OriginalOrder,50,1,310,46.7,310,46.7,7963,20.3,0.0,26.400000000000002,26.400000000000002,0.0,4.8800000058690784e-05,2.0000015865662135e-07,0.4596897999999783
9,Random,MarginalGainPredictor,50,1,310,46.7,310,46.7,310,46.7,0.0,0.0,0.0,0.0,4.8800000058690784e-05,0.0004988000000594184,0.4596897999999783
9,Random,OriginalOrder,100,1,310,46.7,310,46.7,7963,20.3,0.0,26.400000000000002,26.400000000000002,0.0,4.8800000058690784e-05,2.0000015865662135e-07,0.4596897999999783
9,Random,MarginalGainPredictor,100,1,310,46.7,310,46.7,310,46.7,0.0,0.0,0.0,0.0,4.8800000058690784e-05,0.0005615999998553889,0.4596897999999783
9,Random,OriginalOrder,10,2,310,46.7,985,32.5,287,14.1,14.200000000000003,18.4,32.6,0.0,4.709999984697788e-05,9.999985195463523e-08,0.4596897999999783
9,Random,MarginalGainPredictor,10,2,310,46.7,985,32.5,985,32.5,14.200000000000003,0.0,14.200000000000003,0.0,4.709999984697788e-05,0.00047099999983402085,0.4596897999999783
9,Random,OriginalOrder,20,2,310,46.7,985,32.5,287,14.1,14.200000000000003,18.4,32.6,0.0,4.709999984697788e-05,2.0000015865662135e-07,0.4596897999999783
9,Random,MarginalGainPredictor,20,2,310,46.7,985,32.5,985,32.5,14.200000000000003,0.0,14.200000000000003,0.0,4.709999984697788e-05,0.0004579000001285749,0.4596897999999783
9,Random,OriginalOrder,50,2,310,46.7,8264,36.9,287,14.1,9.800000000000004,22.799999999999997,32.6,0.0,4.709999984697788e-05,1.0000030670198612e-07,0.4596897999999783
9,Random,MarginalGainPredictor,50,2,310,46.7,8264,36.9,985,32.5,9.800000000000004,4.399999999999999,14.200000000000003,0.0,4.709999984697788e-05,0.0004872000004070287,0.4596897999999783
9,Random,OriginalOrder,100,2,310,46.7,8264,36.9,287,14.1,9.800000000000004,22.799999999999997,32.6,0.0,4.709999984697788e-05,2.0000015865662135e-07,0.4596897999999783
9,Random,MarginalGainPredictor,100,2,310,46.7,8264,36.9,985,32.5,9.800000000000004,4.399999999999999,14.200000000000003,0.0,4.709999984697788e-05,0.000559899999643676,0.4596897999999783
9,Random,OriginalOrder,10,3,310,46.7,1807,43.0,124,7.8,3.700000000000003,35.2,38.900000000000006,0.0,4.669999998441199e-05,9.999985195463523e-08,0.4596897999999783
9,Random,MarginalGainPredictor,10,3,310,46.7,1807,43.0,1807,43.0,3.700000000000003,0.0,3.700000000000003,0.0,4.669999998441199e-05,0.000450999999884516,0.4596897999999783
9,Random,OriginalOrder,20,3,310,46.7,1807,43.0,124,7.8,3.700000000000003,35.2,38.900000000000006,0.0,4.669999998441199e-05,3.000000106112566e-07,0.4596897999999783
9,Random,MarginalGainPredictor,20,3,310,46.7,1807,43.0,1807,43.0,3.700000000000003,0.0,3.700000000000003,0.0,4.669999998441199e-05,0.00046300000030896626,0.4596897999999783
9,Random,OriginalOrder,50,3,310,46.7,1807,43.0,124,7.8,3.700000000000003,35.2,38.900000000000006,0.0,4.669999998441199e-05,2.0000015865662135e-07,0.4596897999999783
9,Random,MarginalGainPredictor,50,3,310,46.7,1807,43.0,1807,43.0,3.700000000000003,0.0,3.700000000000003,0.0,4.669999998441199e-05,0.0005153000001882901,0.4596897999999783
9,Random,OriginalOrder,100,3,310,46.7,1807,43.0,124,7.8,3.700000000000003,35.2,38.900000000000006,0.0,4.669999998441199e-05,2.0000015865662135e-07,0.4596897999999783
9,Random,MarginalGainPredictor,100,3,310,46.7,1807,43.0,1807,43.0,3.700000000000003,0.0,3.700000000000003,0.0,4.669999998441199e-05,0.0005562000001191336,0.4596897999999783
9,Random,OriginalOrder,10,4,310,46.7,4934,22.5,4859,12.3,24.200000000000003,10.2,34.400000000000006,3.552713678800501e-15,4.73000000056345e-05,2.0000015865662135e-07,0.4596897999999783
9,Random,MarginalGainPredictor,10,4,310,46.7,4934,22.5,820,16.7,24.200000000000003,5.800000000000001,30.000000000000004,0.0,4.73000000056345e-05,0.0004564000000755186,0.4596897999999783
9,Random,OriginalOrder,20,4,310,46.7,4285,23.7,4859,12.3,23.000000000000004,11.399999999999999,34.400000000000006,3.552713678800501e-15,4.73000000056345e-05,9.999985195463523e-08,0.4596897999999783
9,Random,MarginalGainPredictor,20,4,310,46.7,4285,23.7,820,16.7,23.000000000000004,7.0,30.000000000000004,0.0,4.73000000056345e-05,0.0004525999997895269,0.4596897999999783
9,Random,OriginalOrder,50,4,310,46.7,2477,36.5,4859,12.3,10.200000000000003,24.2,34.400000000000006,3.552713678800501e-15,4.73000000056345e-05,2.0000015865662135e-07,0.4596897999999783
9,Random,MarginalGainPredictor,50,4,310,46.7,2477,36.5,820,16.7,10.200000000000003,19.8,30.000000000000004,0.0,4.73000000056345e-05,0.0005068000000392203,0.4596897999999783
9,Random,OriginalOrder,100,4,310,46.7,1807,43.0,4859,12.3,3.700000000000003,30.7,34.400000000000006,3.552713678800501e-15,4.73000000056345e-05,1.0000030670198612e-07,0.4596897999999783
9,Random,MarginalGainPredictor,100,4,310,46.7,1807,43.0,1807,43.0,3.700000000000003,0.0,3.700000000000003,0.0,4.73000000056345e-05,0.0005591999997704988,0.4596897999999783
9,Random,OriginalOrder,10,5,310,46.7,2122,22.9,12379,7.4,23.800000000000004,15.499999999999998,39.300000000000004,1.7763568394002505e-15,4.639999997380073e-05,9.999985195463523e-08,0.4596897999999783
9,Random,MarginalGainPredictor,10,5,310,46.7,2122,22.9,916,18.1,23.800000000000004,4.799999999999997,28.6,0.0,4.639999997380073e-05,0.00050809999993362,0.4596897999999783
9,Random,OriginalOrder,20,5,310,46.7,310,46.7,12379,7.4,0.0,39.300000000000004,39.300000000000004,0.0,4.639999997380073e-05,1.9999970390927047e-07,0.4596897999999783
9,Random,MarginalGainPredictor,20,5,310,46.7,310,46.7,310,46.7,0.0,0.0,0.0,0.0,4.639999997380073e-05,0.0004447999999683816,0.4596897999999783
9,Random,OriginalOrder,50,5,310,46.7,310,46.7,12379,7.4,0.0,39.300000000000004,39.300000000000004,0.0,4.639999997380073e-05,2.0000015865662135e-07,0.4596897999999783
9,Random,MarginalGainPredictor,50,5,310,46.7,310,46.7,310,46.7,0.0,0.0,0.0,0.0,4.639999997380073e-05,0.0005193000001781911,0.4596897999999783
9,Random,OriginalOrder,100,5,310,46.7,310,46.7,12379,7.4,0.0,39.300000000000004,39.300000000000004,0.0,4.639999997380073e-05,2.0000015865662135e-07,0.4596897999999783
9,Random,MarginalGainPredictor,100,5,310,46.7,310,46.7,310,46.7,0.0,0.0,0.0,0.0,4.639999997380073e-05,0.0005415000000539294,0.4596897999999783
9,Random,OriginalOrder,10,6,310,46.7,1785,18.7,1126,6.4,28.000000000000004,12.299999999999999,40.300000000000004,1.7763568394002505e-15,4.540000009001233e-05,9.999985195463523e-08,0.4596897999999783
9,Random,MarginalGainPredictor,10,6,310,46.7,1785,18.7,699,10.3,28.000000000000004,8.399999999999999,36.400000000000006,3.552713678800501e-15,4.540000009001233e-05,0.00043900000036956044,0.4596897999999783
9,Random,OriginalOrder,20,6,310,46.7,2477,36.5,1126,6.4,10.200000000000003,30.1,40.300000000000004,0.0,4.540000009001233e-05,2.0000015865662135e-07,0.4596897999999783
9,Random,MarginalGainPredictor,20,6,310,46.7,2477,36.5,699,10.3,10.200000000000003,26.2,36.400000000000006,3.552713678800501e-15,4.540000009001233e-05,0.0004376000001684588,0.4596897999999783
9,Random,OriginalOrder,50,6,310,46.7,2477,36.5,1126,6.4,10.200000000000003,30.1,40.300000000000004,0.0,4.540000009001233e-05,9.999985195463523e-08,0.4596897999999783
9,Random,MarginalGainPredictor,50,6,310,46.7,2477,36.5,820,16.7,10.200000000000003,19.8,30.000000000000004,0.0,4.540000009001233e-05,0.0005168000002413464,0.4596897999999783
9,Random,OriginalOrder,100,6,310,46.7,2477,36.5,1126,6.4,10.200000000000003,30.1,40.300000000000004,0.0,4.540000009001233e-05,2.0000015865662135e-07,0.4596897999999783
9,Random,MarginalGainPredictor,100,6,310,46.7,2477,36.5,820,16.7,10.200000000000003,19.8,30.000000000000004,0.0,4.540000009001233e-05,0.000536399999873538,0.4596897999999783
9,Random,OriginalOrder,10,7,310,46.7,4934,22.5,124,7.8,24.200000000000003,14.7,38.900000000000006,3.552713678800501e-15,5.069999997431296e-05,9.999985195463523e-08,0.4596897999999783
9,Random,MarginalGainPredictor,10,7,310,46.7,4934,22.5,1249,20.8,24.200000000000003,1.6999999999999993,25.900000000000002,0.0,5.069999997431296e-05,0.00043550000009418,0.4596897999999783
9,Random,OriginalOrder,20,7,310,46.7,4934,22.5,124,7.8,24.200000000000003,14.7,38.900000000000006,3.552713678800501e-15,5.069999997431296e-05,1.9999970390927047e-07,0.4596897999999783
9,Random,MarginalGainPredictor,20,7,310,46.7,4934,22.5,820,16.7,24.200000000000003,5.800000000000001,30.000000000000004,0.0,5.069999997431296e-05,0.00044819999993706006,0.4596897999999783
9,Random,OriginalOrder,50,7,310,46.7,4285,23.7,124,7.8,23.000000000000004,15.899999999999999,38.900000000000006,3.552713678800501e-15,5.069999997431296e-05,2.0000015865662135e-07,0.4596897999999783
9,Random,MarginalGainPredictor,50,7,310,46.7,4285,23.7,820,16.7,23.000000000000004,7.0,30.000000000000004,0.0,5.069999997431296e-05,0.0004928000003019406,0.4596897999999783
9,Random,OriginalOrder,100,7,310,46.7,8264,36.9,124,7.8,9.800000000000004,29.099999999999998,38.900000000000006,3.552713678800501e-15,5.069999997431296e-05,2.0000015865662135e-07,0.4596897999999783
9,Random,MarginalGainPredictor,100,7,310,46.7,8264,36.9,820,16.7,9.800000000000004,20.2,30.000000000000004,0.0,5.069999997431296e-05,0.0005132000001140113,0.4596897999999783
9,Random,OriginalOrder,10,8,310,46.7,1816,24.9,2122,22.9,21.800000000000004,2.0,23.800000000000004,0.0,4.5900000259280205e-05,9.999985195463523e-08,0.4596897999999783
9,Random,MarginalGainPredictor,10,8,310,46.7,1816,24.9,1816,24.9,21.800000000000004,0.0,21.800000000000004,0.0,4.5900000259280205e-05,0.00043640000012601377,0.4596897999999783
9,Random,OriginalOrder,20,8,310,46.7,1816,24.9,2122,22.9,21.800000000000004,2.0,23.800000000000004,0.0,4.5900000259280205e-05,2.0000015865662135e-07,0.4596897999999783
9,Random,MarginalGainPredictor,20,8,310,46.7,1816,24.9,820,16.7,21.800000000000004,8.2,30.000000000000004,0.0,4.5900000259280205e-05,0.0004512000000431726,0.4596897999999783
9,Random,OriginalOrder,50,8,310,46.7,1816,24.9,2122,22.9,21.800000000000004,2.0,23.800000000000004,0.0,4.5900000259280205e-05,9.999985195463523e-08,0.4596897999999783
9,Random,MarginalGainPredictor,50,8,310,46.7,1816,24.9,820,16.7,21.800000000000004,8.2,30.000000000000004,0.0,4.5900000259280205e-05,0.0005564000002777902,0.4596897999999783
9,Random,OriginalOrder,100,8,310,46.7,8264,36.9,2122,22.9,9.800000000000004,14.0,23.800000000000004,0.0,4.5900000259280205e-05,2.0000015865662135e-07,0.4596897999999783
9,Random,MarginalGainPredictor,100,8,310,46.7,8264,36.9,985,32.5,9.800000000000004,4.399999999999999,14.200000000000003,0.0,4.5900000259280205e-05,0.0005333999997674255,0.4596897999999783
9,Random,OriginalOrder,10,9,310,46.7,2023,21.4,11796,14.7,25.300000000000004,6.699999999999999,32.0,-3.552713678800501e-15,5.129999999553547e-05,1.0000030670198612e-07,0.4596897999999783
9,Random,MarginalGainPredictor,10,9,310,46.7,2023,21.4,189,11.8,25.300000000000004,9.599999999999998,34.900000000000006,3.552713678800501e-15,5.129999999553547e-05,0.0004542000001492852,0.4596897999999783
9,Random,OriginalOrder,20,9,310,46.7,4103,23.7,11796,14.7,23.000000000000004,9.0,32.0,-3.552713678800501e-15,5.129999999553547e-05,2.0000015865662135e-07,0.4596897999999783
9,Random,MarginalGainPredictor,20,9,310,46.7,4103,23.7,1255,7.5,23.000000000000004,16.2,39.2,0.0,5.129999999553547e-05,0.00045319999981074943,0.4596897999999783
9,Random,OriginalOrder,50,9,310,46.7,4103,23.7,11796,14.7,23.000000000000004,9.0,32.0,-3.552713678800501e-15,5.129999999553547e-05,9.999985195463523e-08,0.4596897999999783
9,Random,MarginalGainPredictor,50,9,310,46.7,4103,23.7,820,16.7,23.000000000000004,7.0,30.000000000000004,0.0,5.129999999553547e-05,0.0004991000000700296,0.4596897999999783
9,Random,OriginalOrder,100,9,310,46.7,658,34.5,11796,14.7,12.200000000000003,19.8,32.0,-3.552713678800501e-15,5.129999999553547e-05,9.999985195463523e-08,0.4596897999999783
9,Random,MarginalGainPredictor,100,9,310,46.7,658,34.5,985,32.5,12.200000000000003,2.0,14.200000000000003,0.0,5.129999999553547e-05,0.0005195000003368477,0.4596897999999783
10,Degree,OriginalOrder,10,,1807,37.3,658,32.3,916,15.0,5.0,17.299999999999997,22.299999999999997,0.0,9.629999976823456e-05,1.9999970390927047e-07,0.47894480000013573
10,Degree,MarginalGainPredictor,10,,1807,37.3,658,32.3,985,29.9,5.0,2.3999999999999986,7.399999999999999,0.0,9.629999976823456e-05,0.0012552000002870045,0.47894480000013573
10,Degree,OriginalOrder,20,,1807,37.3,1807,37.3,916,15.0,0.0,22.299999999999997,22.299999999999997,0.0,9.629999976823456e-05,3.000000106112566e-07,0.47894480000013573
10,Degree,MarginalGainPredictor,20,,1807,37.3,1807,37.3,1807,37.3,0.0,0.0,0.0,0.0,9.629999976823456e-05,0.0006414999998014537,0.47894480000013573
10,Degree,OriginalOrder,50,,1807,37.3,1807,37.3,916,15.0,0.0,22.299999999999997,22.299999999999997,0.0,9.629999976823456e-05,3.000000106112566e-07,0.47894480000013573
10,Degree,MarginalGainPredictor,50,,1807,37.3,1807,37.3,1807,37.3,0.0,0.0,0.0,0.0,9.629999976823456e-05,0.000598599999648286,0.47894480000013573
10,Degree,OriginalOrder,100,,1807,37.3,1807,37.3,916,15.0,0.0,22.299999999999997,22.299999999999997,0.0,9.629999976823456e-05,3.000000106112566e-07,0.47894480000013573
10,Degree,MarginalGainPredictor,100,,1807,37.3,1807,37.3,1807,37.3,0.0,0.0,0.0,0.0,9.629999976823456e-05,0.0006237999996301369,0.47894480000013573
10,DegreeDiscount,OriginalOrder,10,,1807,37.3,12802,19.3,12802,19.3,17.999999999999996,0.0,17.999999999999996,0.0,0.0030409000000872766,3.000000106112566e-07,0.47894480000013573
10,DegreeDiscount,MarginalGainPredictor,10,,1807,37.3,12802,19.3,1249,8.9,17.999999999999996,10.4,28.4,1.7763568394002505e-15,0.0030409000000872766,0.0006347000003188441,0.47894480000013573
10,DegreeDiscount,OriginalOrder,20,,1807,37.3,1807,37.3,12802,19.3,0.0,17.999999999999996,17.999999999999996,0.0,0.0030409000000872766,2.0000015865662135e-07,0.47894480000013573
10,DegreeDiscount,MarginalGainPredictor,20,,1807,37.3,1807,37.3,1807,37.3,0.0,0.0,0.0,0.0,0.0030409000000872766,0.0005292999999255699,0.47894480000013573
10,DegreeDiscount,OriginalOrder,50,,1807,37.3,1807,37.3,12802,19.3,0.0,17.999999999999996,17.999999999999996,0.0,0.0030409000000872766,3.000000106112566e-07,0.47894480000013573
10,DegreeDiscount,MarginalGainPredictor,50,,1807,37.3,1807,37.3,1807,37.3,0.0,0.0,0.0,0.0,0.0030409000000872766,0.0005162000002201239,0.47894480000013573
10,DegreeDiscount,OriginalOrder,100,,1807,37.3,1807,37.3,12802,19.3,0.0,17.999999999999996,17.999999999999996,0.0,0.0030409000000872766,3.999998625658918e-07,0.47894480000013573
10,DegreeDiscount,MarginalGainPredictor,100,,1807,37.3,1807,37.3,1807,37.3,0.0,0.0,0.0,0.0,0.0030409000000872766,0.0005761000002166838,0.47894480000013573
10,FeatureDQN,OriginalOrder,10,,1807,37.3,1236,10.8,2034,5.9,26.499999999999996,4.9,31.4,1.7763568394002505e-15,0.001383100000111881,3.000000106112566e-07,0.47894480000013573
10,FeatureDQN,MarginalGainPredictor,10,,1807,37.3,1236,10.8,905,6.4,26.499999999999996,4.4,30.9,1.7763568394002505e-15,0.001383100000111881,0.0005553999999392545,0.47894480000013573
10,FeatureDQN,OriginalOrder,20,,1807,37.3,3916,27.2,2034,5.9,10.099999999999998,21.299999999999997,31.4,3.552713678800501e-15,0.001383100000111881,3.000000106112566e-07,0.47894480000013573
10,FeatureDQN,MarginalGainPredictor,20,,1807,37.3,3916,27.2,3916,27.2,10.099999999999998,0.0,10.099999999999998,0.0,0.001383100000111881,0.0005166999999346444,0.47894480000013573
10,FeatureDQN,OriginalOrder,50,,1807,37.3,3916,27.2,2034,5.9,10.099999999999998,21.299999999999997,31.4,3.552713678800501e-15,0.001383100000111881,9.999985195463523e-08,0.47894480000013573
10,FeatureDQN,MarginalGainPredictor,50,,1807,37.3,3916,27.2,916,15.0,10.099999999999998,12.2,22.299999999999997,0.0,0.001383100000111881,0.0005270000001473818,0.47894480000013573
10,FeatureDQN,OriginalOrder,100,,1807,37.3,658,32.3,2034,5.9,5.0,26.4,31.4,0.0,0.001383100000111881,9.999985195463523e-08,0.47894480000013573
10,FeatureDQN,MarginalGainPredictor,100,,1807,37.3,658,32.3,916,15.0,5.0,17.299999999999997,22.299999999999997,0.0,0.001383100000111881,0.0005777999999736494,0.47894480000013573
10,Random,OriginalOrder,10,0,1807,37.3,985,29.9,9561,14.2,7.399999999999999,15.7,23.099999999999998,0.0,5.430000010164804e-05,1.9999970390927047e-07,0.47894480000013573
10,Random,MarginalGainPredictor,10,0,1807,37.3,985,29.9,985,29.9,7.399999999999999,0.0,7.399999999999999,0.0,5.430000010164804e-05,0.00046579999980167486,0.47894480000013573
10,Random,OriginalOrder,20,0,1807,37.3,985,29.9,9561,14.2,7.399999999999999,15.7,23.099999999999998,0.0,5.430000010164804e-05,1.9999970390927047e-07,0.47894480000013573
10,Random,MarginalGainPredictor,20,0,1807,37.3,985,29.9,985,29.9,7.399999999999999,0.0,7.399999999999999,0.0,5.430000010164804e-05,0.00045789999967382755,0.47894480000013573
10,Random,OriginalOrder,50,0,1807,37.3,985,29.9,9561,14.2,7.399999999999999,15.7,23.099999999999998,0.0,5.430000010164804e-05,2.0000015865662135e-07,0.47894480000013573
10,Random,MarginalGainPredictor,50,0,1807,37.3,985,29.9,985,29.9,7.399999999999999,0.0,7.399999999999999,0.0,5.430000010164804e-05,0.0005422000003818539,0.47894480000013573
10,Random,OriginalOrder,100,0,1807,37.3,985,29.9,9561,14.2,7.399999999999999,15.7,23.099999999999998,0.0,5.430000010164804e-05,1.0000030670198612e-07,0.47894480000013573
10,Random,MarginalGainPredictor,100,0,1807,37.3,985,29.9,985,29.9,7.399999999999999,0.0,7.399999999999999,0.0,5.430000010164804e-05,0.0005688999999620137,0.47894480000013573
10,Random,OriginalOrder,10,1,1807,37.3,618,20.0,2145,4.8,17.299999999999997,15.2,32.5,3.552713678800501e-15,4.9199999921256676e-05,9.999985195463523e-08,0.47894480000013573
10,Random,MarginalGainPredictor,10,1,1807,37.3,618,20.0,618,20.0,17.299999999999997,0.0,17.299999999999997,0.0,4.9199999921256676e-05,0.00044049999996786937,0.47894480000013573
10,Random,OriginalOrder,20,1,1807,37.3,4285,25.8,2145,4.8,11.499999999999996,21.0,32.5,3.552713678800501e-15,4.9199999921256676e-05,2.0000015865662135e-07,0.47894480000013573
10,Random,MarginalGainPredictor,20,1,1807,37.3,4285,25.8,408,16.9,11.499999999999996,8.900000000000002,20.4,0.0,4.9199999921256676e-05,0.0004598999998961517,0.47894480000013573
10,Random,OriginalOrder,50,1,1807,37.3,7123,27.3,2145,4.8,9.999999999999996,22.5,32.5,3.552713678800501e-15,4.9199999921256676e-05,2.0000015865662135e-07,0.47894480000013573
10,Random,MarginalGainPredictor,50,1,1807,37.3,7123,27.3,1920,24.0,9.999999999999996,3.3000000000000007,13.299999999999997,0.0,4.9199999921256676e-05,0.000499000000218075,0.47894480000013573
10,Random,OriginalOrder,100,1,1807,37.3,1807,37.3,2145,4.8,0.0,32.5,32.5,0.0,4.9199999921256676e-05,2.0000015865662135e-07,0.47894480000013573
10,Random,MarginalGainPredictor,100,1,1807,37.3,1807,37.3,1807,37.3,0.0,0.0,0.0,0.0,4.9199999921256676e-05,0.0005291000002216606,0.47894480000013573
10,Random,OriginalOrder,10,2,1807,37.3,985,29.9,58,5.3,7.399999999999999,24.599999999999998,31.999999999999996,0.0,4.740000031233649e-05,1.9999970390927047e-07,0.47894480000013573
10,Random,MarginalGainPredictor,10,2,1807,37.3,985,29.9,985,29.9,7.399999999999999,0.0,7.399999999999999,0.0,4.740000031233649e-05,0.000461299999642506,0.47894480000013573
10,Random,OriginalOrder,20,2,1807,37.3,985,29.9,58,5.3,7.399999999999999,24.599999999999998,31.999999999999996,0.0,4.740000031233649e-05,2.0000015865662135e-07,0.47894480000013573
10,Random,MarginalGainPredictor,20,2,1807,37.3,985,29.9,985,29.9,7.399999999999999,0.0,7.399999999999999,0.0,4.740000031233649e-05,0.00048040000001492444,0.47894480000013573
10,Random,OriginalOrder,50,2,1807,37.3,985,29.9,58,5.3,7.399999999999999,24.599999999999998,31.999999999999996,0.0,4.740000031233649e-05,2.0000015865662135e-07,0.47894480000013573
10,Random,MarginalGainPredictor,50,2,1807,37.3,985,29.9,985,29.9,7.399999999999999,0.0,7.399999999999999,0.0,4.740000031233649e-05,0.0004930999998578045,0.47894480000013573
10,Random,OriginalOrder,100,2,1807,37.3,1807,37.3,58,5.3,0.0,31.999999999999996,31.999999999999996,0.0,4.740000031233649e-05,9.999985195463523e-08,0.47894480000013573
10,Random,MarginalGainPredictor,100,2,1807,37.3,1807,37.3,1807,37.3,0.0,0.0,0.0,0.0,4.740000031233649e-05,0.0005352999996830476,0.47894480000013573
10,Random,OriginalOrder,10,3,1807,37.3,7123,27.3,2717,0.0,9.999999999999996,27.3,37.3,0.0,4.660000013245735e-05,2.0000015865662135e-07,0.47894480000013573
10,Random,MarginalGainPredictor,10,3,1807,37.3,7123,27.3,647,0.0,9.999999999999996,27.3,37.3,0.0,4.660000013245735e-05,0.00044819999993706006,0.47894480000013573
10,Random,OriginalOrder,20,3,1807,37.3,7123,27.3,2717,0.0,9.999999999999996,27.3,37.3,0.0,4.660000013245735e-05,1.9999970390927047e-07,0.47894480000013573
10,Random,MarginalGainPredictor,20,3,1807,37.3,7123,27.3,1249,8.9,9.999999999999996,18.4,28.4,3.552713678800501e-15,4.660000013245735e-05,0.0004672000000027765,0.47894480000013573
10,Random,OriginalOrder,50,3,1807,37.3,7123,27.3,2717,0.0,9.999999999999996,27.3,37.3,0.0,4.660000013245735e-05,2.0000015865662135e-07,0.47894480000013573
10,Random,MarginalGainPredictor,50,3,1807,37.3,7123,27.3,1249,8.9,9.999999999999996,18.4,28.4,3.552713678800501e-15,4.660000013245735e-05,0.0004844000000048254,0.47894480000013573
10,Random,OriginalOrder,100,3,1807,37.3,1807,37.3,2717,0.0,0.0,37.3,37.3,0.0,4.660000013245735e-05,2.0000015865662135e-07,0.47894480000013573
10,Random,MarginalGainPredictor,100,3,1807,37.3,1807,37.3,1807,37.3,0.0,0.0,0.0,0.0,4.660000013245735e-05,0.0005298000000948377,0.47894480000013573
10,Random,OriginalOrder,10,4,1807,37.3,2146,17.5,3,4.9,19.799999999999997,12.6,32.4,1.7763568394002505e-15,4.5700000100623583e-05,9.999985195463523e-08,0.47894480000013573
10,Random,MarginalGainPredictor,10,4,1807,37.3,2146,17.5,679,7.7,19.799999999999997,9.8,29.599999999999998,0.0,4.5700000100623583e-05,0.00043520000008356874,0.47894480000013573
10,Random,OriginalOrder,20,4,1807,37.3,1807,37.3,3,4.9,0.0,32.4,32.4,0.0,4.5700000100623583e-05,2.0000015865662135e-07,0.47894480000013573
10,Random,MarginalGainPredictor,20,4,1807,37.3,1807,37.3,1807,37.3,0.0,0.0,0.0,0.0,4.5700000100623583e-05,0.00048609999976179097,0.47894480000013573
10,Random,OriginalOrder,50,4,1807,37.3,1807,37.3,3,4.9,0.0,32.4,32.4,0.0,4.5700000100623583e-05,1.9999970390927047e-07,0.47894480000013573
10,Random,MarginalGainPredictor,50,4,1807,37.3,1807,37.3,1807,37.3,0.0,0.0,0.0,0.0,4.5700000100623583e-05,0.0004887000000053376,0.47894480000013573
10,Random,OriginalOrder,100,4,1807,37.3,1807,37.3,3,4.9,0.0,32.4,32.4,0.0,4.5700000100623583e-05,2.0000015865662135e-07,0.47894480000013573
10,Random,MarginalGainPredictor,100,4,1807,37.3,1807,37.3,1807,37.3,0.0,0.0,0.0,0.0,4.5700000100623583e-05,0.0005177000002731802,0.47894480000013573
10,Random,OriginalOrder,10,5,1807,37.3,2023,23.8,88,2.3,13.499999999999996,21.5,35.0,3.552713678800501e-15,4.5700000100623583e-05,1.9999970390927047e-07,0.47894480000013573
10,Random,MarginalGainPredictor,10,5,1807,37.3,2023,23.8,9608,16.7,13.499999999999996,7.100000000000001,20.599999999999998,0.0,4.5700000100623583e-05,0.0004336000001785578,0.47894480000013573
10,Random,OriginalOrder,20,5,1807,37.3,4285,25.8,88,2.3,11.499999999999996,23.5,35.0,3.552713678800501e-15,4.5700000100623583e-05,9.999985195463523e-08,0.47894480000013573
10,Random,MarginalGainPredictor,20,5,1807,37.3,4285,25.8,699,9.7,11.499999999999996,16.1,27.599999999999998,0.0,4.5700000100623583e-05,0.0004619999999704305,0.47894480000013573
10,Random,OriginalOrder,50,5,1807,37.3,4285,25.8,88,2.3,11.499999999999996,23.5,35.0,3.552713678800501e-15,4.5700000100623583e-05,1.9999970390927047e-07,0.47894480000013573
10,Random,MarginalGainPredictor,50,5,1807,37.3,4285,25.8,1423,14.3,11.499999999999996,11.5,22.999999999999996,0.0,4.5700000100623583e-05,0.0005175999999664782,0.47894480000013573
10,Random,OriginalOrder,100,5,1807,37.3,3916,27.2,88,2.3,10.099999999999998,24.9,35.0,3.552713678800501e-15,4.5700000100623583e-05,2.0000015865662135e-07,0.47894480000013573
10,Random,MarginalGainPredictor,100,5,1807,37.3,3916,27.2,7995,12.6,10.099999999999998,14.6,24.699999999999996,-1.7763568394002505e-15,4.5700000100623583e-05,0.000554799999918032,0.47894480000013573
10,Random,OriginalOrder,10,6,1807,37.3,3078,18.3,11243,14.0,18.999999999999996,4.300000000000001,23.299999999999997,0.0,4.6300000121846097e-05,9.999985195463523e-08,0.47894480000013573
10,Random,MarginalGainPredictor,10,6,1807,37.3,3078,18.3,3078,18.3,18.999999999999996,0.0,18.999999999999996,0.0,4.6300000121846097e-05,0.0004411999998410465,0.47894480000013573
10,Random,OriginalOrder,20,6,1807,37.3,3078,18.3,11243,14.0,18.999999999999996,4.300000000000001,23.299999999999997,0.0,4.6300000121846097e-05,2.0000015865662135e-07,0.47894480000013573
10,Random,MarginalGainPredictor,20,6,1807,37.3,3078,18.3,3078,18.3,18.999999999999996,0.0,18.999999999999996,0.0,4.6300000121846097e-05,0.0004595000000335858,0.47894480000013573
10,Random,OriginalOrder,50,6,1807,37.3,985,29.9,11243,14.0,7.399999999999999,15.899999999999999,23.299999999999997,0.0,4.6300000121846097e-05,1.9999970390927047e-07,0.47894480000013573
10,Random,MarginalGainPredictor,50,6,1807,37.3,985,29.9,985,29.9,7.399999999999999,0.0,7.399999999999999,0.0,4.6300000121846097e-05,0.0004788000001099135,0.47894480000013573
10,Random,OriginalOrder,100,6,1807,37.3,985,29.9,11243,14.0,7.399999999999999,15.899999999999999,23.299999999999997,0.0,4.6300000121846097e-05,3.000000106112566e-07,0.47894480000013573
10,Random,MarginalGainPredictor,100,6,1807,37.3,985,29.9,985,29.9,7.399999999999999,0.0,7.399999999999999,0.0,4.6300000121846097e-05,0.0005295999999361811,0.47894480000013573
10,Random,OriginalOrder,10,7,1807,37.3,1807,37.3,6314,13.8,0.0,23.499999999999996,23.499999999999996,0.0,4.5899999804532854e-05,2.0000015865662135e-07,0.47894480000013573
10,Random,MarginalGainPredictor,10,7,1807,37.3,1807,37.3,1807,37.3,0.0,0.0,0.0,0.0,4.5899999804532854e-05,0.00043509999977686675,0.47894480000013573
10,Random,OriginalOrder,20,7,1807,37.3,1807,37.3,6314,13.8,0.0,23.499999999999996,23.499999999999996,0.0,4.5899999804532854e-05,2.0000015865662135e-07,0.47894480000013573
10,Random,MarginalGainPredictor,20,7,1807,37.3,1807,37.3,1807,37.3,0.0,0.0,0.0,0.0,4.5899999804532854e-05,0.0004637000001821434,0.47894480000013573
10,Random,OriginalOrder,50,7,1807,37.3,1807,37.3,6314,13.8,0.0,23.499999999999996,23.499999999999996,0.0,4.5899999804532854e-05,2.0000015865662135e-07,0.47894480000013573
10,Random,MarginalGainPredictor,50,7,1807,37.3,1807,37.3,1807,37.3,0.0,0.0,0.0,0.0,4.5899999804532854e-05,0.00048500000002604793,0.47894480000013573
10,Random,OriginalOrder,100,7,1807,37.3,1807,37.3,6314,13.8,0.0,23.499999999999996,23.499999999999996,0.0,4.5899999804532854e-05,2.0000015865662135e-07,0.47894480000013573
10,Random,MarginalGainPredictor,100,7,1807,37.3,1807,37.3,1807,37.3,0.0,0.0,0.0,0.0,4.5899999804532854e-05,0.0005300000002534944,0.47894480000013573
10,Random,OriginalOrder,10,8,1807,37.3,3916,27.2,181,20.3,10.099999999999998,6.899999999999999,16.999999999999996,0.0,4.709999984697788e-05,9.999985195463523e-08,0.47894480000013573
10,Random,MarginalGainPredictor,10,8,1807,37.3,3916,27.2,3916,27.2,10.099999999999998,0.0,10.099999999999998,0.0,4.709999984697788e-05,0.00045240000008561765,0.47894480000013573
10,Random,OriginalOrder,20,8,1807,37.3,7123,27.3,181,20.3,9.999999999999996,7.0,16.999999999999996,0.0,4.709999984697788e-05,2.0000015865662135e-07,0.47894480000013573
10,Random,MarginalGainPredictor,20,8,1807,37.3,7123,27.3,916,15.0,9.999999999999996,12.3,22.299999999999997,0.0,4.709999984697788e-05,0.0004635999998754414,0.47894480000013573
10,Random,OriginalOrder,50,8,1807,37.3,7123,27.3,181,20.3,9.999999999999996,7.0,16.999999999999996,0.0,4.709999984697788e-05,1.9999970390927047e-07,0.47894480000013573
10,Random,MarginalGainPredictor,50,8,1807,37.3,7123,27.3,820,18.1,9.999999999999996,9.2,19.199999999999996,0.0,4.709999984697788e-05,0.0004853999998886138,0.47894480000013573
10,Random,OriginalOrder,100,8,1807,37.3,1807,37.3,181,20.3,0.0,16.999999999999996,16.999999999999996,0.0,4.709999984697788e-05,2.0000015865662135e-07,0.47894480000013573
10,Random,MarginalGainPredictor,100,8,1807,37.3,1807,37.3,1807,37.3,0.0,0.0,0.0,0.0,4.709999984697788e-05,0.0005251000002317596,0.47894480000013573
10,Random,OriginalOrder,10,9,1807,37.3,4285,25.8,723,5.5,11.499999999999996,20.3,31.799999999999997,0.0,4.660000013245735e-05,9.999985195463523e-08,0.47894480000013573
10,Random,MarginalGainPredictor,10,9,1807,37.3,4285,25.8,1249,8.9,11.499999999999996,16.9,28.4,3.552713678800501e-15,4.660000013245735e-05,0.00046059999976932886,0.47894480000013573
10,Random,OriginalOrder,20,9,1807,37.3,4285,25.8,723,5.5,11.499999999999996,20.3,31.799999999999997,0.0,4.660000013245735e-05,1.9999970390927047e-07,0.47894480000013573
10,Random,MarginalGainPredictor,20,9,1807,37.3,4285,25.8,1249,8.9,11.499999999999996,16.9,28.4,3.552713678800501e-15,4.660000013245735e-05,0.0004444000001058157,0.47894480000013573
10,Random,OriginalOrder,50,9,1807,37.3,1807,37.3,723,5.5,0.0,31.799999999999997,31.799999999999997,0.0,4.660000013245735e-05,2.0000015865662135e-07,0.47894480000013573
10,Random,MarginalGainPredictor,50,9,1807,37.3,1807,37.3,1807,37.3,0.0,0.0,0.0,0.0,4.660000013245735e-05,0.0004794999999830907,0.47894480000013573
10,Random,OriginalOrder,100,9,1807,37.3,1807,37.3,723,5.5,0.0,31.799999999999997,31.799999999999997,0.0,4.660000013245735e-05,9.999985195463523e-08,0.47894480000013573
10,Random,MarginalGainPredictor,100,9,1807,37.3,1807,37.3,1807,37.3,0.0,0.0,0.0,0.0,4.660000013245735e-05,0.0005224000001362583,0.47894480000013573
