step,timestamp,nn20_raw_cost,fallback_raw_cost,cost_difference,cumulative_cost_difference,nn20_actual_dispatch_l1,fallback_actual_dispatch_l1,nn20_redispatch_command_l1,fallback_redispatch_command_l1
1,2035-01-08 00:05:00,933.2689208984375,933.2689208984375,0.0,0.0,0.0,0.0,0.0,0.0
2,2035-01-08 00:10:00,892.2114868164062,892.2114868164062,0.0,0.0,0.0,0.0,0.0,0.0
3,2035-01-08 00:15:00,859.3994750976562,859.3994750976562,0.0,0.0,0.0,0.0,0.0,0.0
4,2035-01-08 00:20:00,828.5791015625,828.5791015625,0.0,0.0,0.0,0.0,0.0,0.0
5,2035-01-08 00:25:00,803.9822387695312,803.9822387695312,0.0,0.0,0.0,0.0,0.0,0.0
6,2035-01-08 00:30:00,787.1184692382812,787.1184692382812,0.0,0.0,0.0,0.0,0.0,0.0
7,2035-01-08 00:35:00,776.872314453125,776.872314453125,0.0,0.0,0.0,0.0,0.0,0.0
8,2035-01-08 00:40:00,766.7504272460938,766.7504272460938,0.0,0.0,0.0,0.0,0.0,0.0
9,2035-01-08 00:45:00,760.4874877929688,760.4874877929688,0.0,0.0,0.0,0.0,0.0,0.0
10,2035-01-08 00:50:00,756.6891479492188,756.6891479492188,0.0,0.0,0.0,0.0,0.0,0.0
11,2035-01-08 00:55:00,750.4122924804688,750.4122924804688,0.0,0.0,0.0,0.0,0.0,0.0
12,2035-01-08 01:00:00,710.946044921875,710.946044921875,0.0,0.0,0.0,0.0,0.0,0.0
13,2035-01-08 01:05:00,712.8743896484375,712.8743896484375,0.0,0.0,0.0,0.0,0.0,0.0
14,2035-01-08 01:10:00,723.12255859375,723.12255859375,0.0,0.0,0.0,0.0,0.0,0.0
15,2035-01-08 01:15:00,730.1151733398438,730.1151733398438,0.0,0.0,0.0,0.0,0.0,0.0
16,2035-01-08 01:20:00,752.4003295898438,752.4003295898438,0.0,0.0,0.0,0.0,0.0,0.0
17,2035-01-08 01:25:00,769.5072631835938,769.5072631835938,0.0,0.0,0.0,0.0,0.0,0.0
18,2035-01-08 01:30:00,838.4649658203125,838.4649658203125,0.0,0.0,0.0,0.0,0.0,0.0
19,2035-01-08 01:35:00,865.88671875,865.88671875,0.0,0.0,0.0,0.0,0.0,0.0
20,2035-01-08 01:40:00,898.1202392578125,898.1202392578125,0.0,0.0,0.0,0.0,0.0,0.0
21,2035-01-08 01:45:00,909.0413818359375,909.0413818359375,0.0,0.0,0.0,0.0,0.0,0.0
22,2035-01-08 01:50:00,926.1593017578125,926.1593017578125,0.0,0.0,0.0,0.0,0.0,0.0
23,2035-01-08 01:55:00,948.1942749023438,948.1942749023438,0.0,0.0,0.0,0.0,0.0,0.0
24,2035-01-08 02:00:00,954.222412109375,954.222412109375,0.0,0.0,0.0,0.0,0.0,0.0
25,2035-01-08 02:05:00,961.792236328125,961.792236328125,0.0,0.0,0.0,0.0,0.0,0.0
26,2035-01-08 02:10:00,978.0489501953125,978.0489501953125,0.0,0.0,0.0,0.0,0.0,0.0
27,2035-01-08 02:15:00,979.7131958007812,979.7131958007812,0.0,0.0,0.0,0.0,0.0,0.0
28,2035-01-08 02:20:00,983.85107421875,983.85107421875,0.0,0.0,0.0,0.0,0.0,0.0
29,2035-01-08 02:25:00,986.0640258789062,986.0640258789062,0.0,0.0,0.0,0.0,0.0,0.0
30,2035-01-08 02:30:00,987.2614135742188,987.2614135742188,0.0,0.0,0.0,0.0,0.0,0.0
31,2035-01-08 02:35:00,985.6002197265625,985.6002197265625,0.0,0.0,0.0,0.0,0.0,0.0
32,2035-01-08 02:40:00,988.5679931640625,988.5679931640625,0.0,0.0,0.0,0.0,0.0,0.0
33,2035-01-08 02:45:00,991.38720703125,991.38720703125,0.0,0.0,0.0,0.0,0.0,0.0
34,2035-01-08 02:50:00,980.9712524414062,980.9712524414062,0.0,0.0,0.0,0.0,0.0,0.0
35,2035-01-08 02:55:00,976.2240600585938,976.2240600585938,0.0,0.0,0.0,0.0,0.0,0.0
36,2035-01-08 03:00:00,967.5117797851562,967.5117797851562,0.0,0.0,0.0,0.0,0.0,0.0
37,2035-01-08 03:05:00,966.6751098632812,966.6751098632812,0.0,0.0,0.0,0.0,0.0,0.0
38,2035-01-08 03:10:00,968.1150512695312,968.1150512695312,0.0,0.0,0.0,0.0,0.0,0.0
39,2035-01-08 03:15:00,972.4257202148438,972.4257202148438,0.0,0.0,0.0,0.0,0.0,0.0
40,2035-01-08 03:20:00,983.7510375976562,983.7510375976562,0.0,0.0,0.0,0.0,0.0,0.0
41,2035-01-08 03:25:00,997.6652221679688,997.6652221679688,0.0,0.0,0.0,0.0,0.0,0.0
42,2035-01-08 03:30:00,1014.662353515625,1014.662353515625,0.0,0.0,0.0,0.0,0.0,0.0
43,2035-01-08 03:35:00,1030.62890625,1030.62890625,0.0,0.0,0.0,0.0,0.0,0.0
44,2035-01-08 03:40:00,1037.6982421875,1037.6982421875,0.0,0.0,0.0,0.0,0.0,0.0
45,2035-01-08 03:45:00,995.252685546875,995.252685546875,0.0,0.0,0.0,0.0,0.0,0.0
46,2035-01-08 03:50:00,1007.1358642578125,1007.1358642578125,0.0,0.0,0.0,0.0,0.0,0.0
47,2035-01-08 03:55:00,1022.049560546875,1022.049560546875,0.0,0.0,0.0,0.0,0.0,0.0
48,2035-01-08 04:00:00,1040.603515625,1040.603515625,0.0,0.0,0.0,0.0,0.0,0.0
49,2035-01-08 04:05:00,1057.3857421875,1057.3857421875,0.0,0.0,0.0,0.0,0.0,0.0
50,2035-01-08 04:10:00,1081.080810546875,1081.080810546875,0.0,0.0,0.0,0.0,0.0,0.0
51,2035-01-08 04:15:00,1089.437744140625,1089.437744140625,0.0,0.0,0.0,0.0,0.0,0.0
52,2035-01-08 04:20:00,1083.0147705078125,1083.0147705078125,0.0,0.0,0.0,0.0,0.0,0.0
53,2035-01-08 04:25:00,1084.974365234375,1084.974365234375,0.0,0.0,0.0,0.0,0.0,0.0
54,2035-01-08 04:30:00,1084.478759765625,1084.478759765625,0.0,0.0,0.0,0.0,0.0,0.0
55,2035-01-08 04:35:00,1090.86181640625,1090.86181640625,0.0,0.0,0.0,0.0,0.0,0.0
56,2035-01-08 04:40:00,1082.607421875,1082.607421875,0.0,0.0,0.0,0.0,0.0,0.0
57,2035-01-08 04:45:00,1087.1220703125,1087.1220703125,0.0,0.0,0.0,0.0,0.0,0.0
58,2035-01-08 04:50:00,1054.7481689453125,1054.7481689453125,0.0,0.0,0.0,0.0,0.0,0.0
59,2035-01-08 04:55:00,1034.8583984375,1034.8583984375,0.0,0.0,0.0,0.0,0.0,0.0
60,2035-01-08 05:00:00,1010.2518920898438,1010.2518920898438,0.0,0.0,0.0,0.0,0.0,0.0
61,2035-01-08 05:05:00,997.5797729492188,997.5797729492188,0.0,0.0,0.0,0.0,0.0,0.0
62,2035-01-08 05:10:00,975.6478271484375,975.6478271484375,0.0,0.0,0.0,0.0,0.0,0.0
63,2035-01-08 05:15:00,962.303466796875,962.303466796875,0.0,0.0,0.0,0.0,0.0,0.0
64,2035-01-08 05:20:00,944.9117431640625,944.9117431640625,0.0,0.0,0.0,0.0,0.0,0.0
65,2035-01-08 05:25:00,980.147705078125,980.147705078125,0.0,0.0,0.0,0.0,0.0,0.0
66,2035-01-08 05:30:00,910.70068359375,910.70068359375,0.0,0.0,0.0,0.0,0.0,0.0
67,2035-01-08 05:35:00,889.3013916015625,889.3013916015625,0.0,0.0,0.0,0.0,0.0,0.0
68,2035-01-08 05:40:00,864.38720703125,864.38720703125,0.0,0.0,0.0,0.0,0.0,0.0
69,2035-01-08 05:45:00,844.3892822265625,844.3892822265625,0.0,0.0,0.0,0.0,0.0,0.0
70,2035-01-08 05:50:00,828.7520751953125,828.7520751953125,0.0,0.0,0.0,0.0,0.0,0.0
71,2035-01-08 05:55:00,815.3023681640625,815.3023681640625,0.0,0.0,0.0,0.0,0.0,0.0
72,2035-01-08 06:00:00,804.478759765625,804.478759765625,0.0,0.0,0.0,0.0,0.0,0.0
73,2035-01-08 06:05:00,800.8529052734375,800.8529052734375,0.0,0.0,0.0,0.0,0.0,0.0
74,2035-01-08 06:10:00,799.5113525390625,799.5113525390625,0.0,0.0,0.0,0.0,0.0,0.0
75,2035-01-08 06:15:00,798.89892578125,798.89892578125,0.0,0.0,0.0,0.0,0.0,0.0
76,2035-01-08 06:20:00,848.8137817382812,848.8137817382812,0.0,0.0,0.0,0.0,0.0,0.0
77,2035-01-08 06:25:00,848.5076293945312,848.5076293945312,0.0,0.0,0.0,0.0,0.0,0.0
78,2035-01-08 06:30:00,855.3828735351562,855.3828735351562,0.0,0.0,0.0,0.0,0.0,0.0
79,2035-01-08 06:35:00,857.0864868164062,857.0864868164062,0.0,0.0,0.0,0.0,0.0,0.0
80,2035-01-08 06:40:00,861.8670654296875,861.8670654296875,0.0,0.0,0.0,0.0,0.0,0.0
81,2035-01-08 06:45:00,869.4971313476562,869.4971313476562,0.0,0.0,0.0,0.0,0.0,0.0
82,2035-01-08 06:50:00,882.453369140625,882.453369140625,0.0,0.0,0.0,0.0,0.0,0.0
83,2035-01-08 06:55:00,893.9879150390625,893.9879150390625,0.0,0.0,0.0,0.0,0.0,0.0
84,2035-01-08 07:00:00,908.441650390625,908.441650390625,0.0,0.0,0.0,0.0,0.0,0.0
85,2035-01-08 07:05:00,936.1124267578125,936.1124267578125,0.0,0.0,0.0,0.0,0.0,0.0
86,2035-01-08 07:10:00,956.5592651367188,956.5592651367188,0.0,0.0,0.0,0.0,0.0,0.0
87,2035-01-08 07:15:00,978.8462524414062,978.8462524414062,0.0,0.0,0.0,0.0,0.0,0.0
88,2035-01-08 07:20:00,1003.0702514648438,1003.0702514648438,0.0,0.0,0.0,0.0,0.0,0.0
89,2035-01-08 07:25:00,1031.853515625,1031.853515625,0.0,0.0,0.0,0.0,0.0,0.0
90,2035-01-08 07:30:00,1053.6009521484375,1053.6009521484375,0.0,0.0,0.0,0.0,0.0,0.0
91,2035-01-08 07:35:00,1076.603271484375,1076.603271484375,0.0,0.0,0.0,0.0,0.0,0.0
92,2035-01-08 07:40:00,1089.611083984375,1089.611083984375,0.0,0.0,0.0,0.0,0.0,0.0
93,2035-01-08 07:45:00,1091.37841796875,1091.37841796875,0.0,0.0,0.0,0.0,0.0,0.0
94,2035-01-08 07:50:00,1100.9788818359375,1100.9788818359375,0.0,0.0,0.0,0.0,0.0,0.0
95,2035-01-08 07:55:00,1092.651611328125,1092.651611328125,0.0,0.0,0.0,0.0,0.0,0.0
96,2035-01-08 08:00:00,1089.9051513671875,1089.9051513671875,0.0,0.0,0.0,0.0,0.0,0.0
97,2035-01-08 08:05:00,1083.884765625,1083.884765625,0.0,0.0,0.0,0.0,0.0,0.0
98,2035-01-08 08:10:00,1084.5001220703125,1084.5001220703125,0.0,0.0,0.0,0.0,0.0,0.0
99,2035-01-08 08:15:00,1103.288818359375,1103.288818359375,0.0,0.0,0.0,0.0,0.0,0.0
100,2035-01-08 08:20:00,1106.4384765625,1106.4384765625,0.0,0.0,0.0,0.0,0.0,0.0
101,2035-01-08 08:25:00,1099.3660888671875,1099.3660888671875,0.0,0.0,0.0,0.0,0.0,0.0
102,2035-01-08 08:30:00,1098.8326416015625,1098.8326416015625,0.0,0.0,0.0,0.0,0.0,0.0
103,2035-01-08 08:35:00,1092.3878173828125,1092.3878173828125,0.0,0.0,0.0,0.0,0.0,0.0
104,2035-01-08 08:40:00,1082.50244140625,1082.50244140625,0.0,0.0,0.0,0.0,0.0,0.0
105,2035-01-08 08:45:00,1059.754638671875,1059.754638671875,0.0,0.0,0.0,0.0,0.0,0.0
106,2035-01-08 08:50:00,1036.611328125,1036.611328125,0.0,0.0,0.0,0.0,0.0,0.0
107,2035-01-08 08:55:00,973.2352905273438,973.2352905273438,0.0,0.0,0.0,0.0,0.0,0.0
108,2035-01-08 09:00:00,1018.1624755859375,1018.1624755859375,0.0,0.0,0.0,0.0,0.0,0.0
109,2035-01-08 09:05:00,1017.4488525390625,1017.4488525390625,0.0,0.0,0.0,0.0,0.0,0.0
110,2035-01-08 09:10:00,1018.3912963867188,1018.3912963867188,0.0,0.0,0.0,0.0,0.0,0.0
111,2035-01-08 09:15:00,1030.0411376953125,1030.0411376953125,0.0,0.0,0.0,0.0,0.0,0.0
112,2035-01-08 09:20:00,1042.549072265625,1042.549072265625,0.0,0.0,0.0,0.0,0.0,0.0
113,2035-01-08 09:25:00,1054.02734375,1054.02734375,0.0,0.0,0.0,0.0,0.0,0.0
114,2035-01-08 09:30:00,1063.98046875,1063.98046875,0.0,0.0,0.0,0.0,0.0,0.0
115,2035-01-08 09:35:00,1078.9798583984375,1078.9798583984375,0.0,0.0,0.0,0.0,0.0,0.0
116,2035-01-08 09:40:00,1087.0465087890625,1087.0465087890625,0.0,0.0,0.0,0.0,0.0,0.0
117,2035-01-08 09:45:00,1108.0693359375,1108.0693359375,0.0,0.0,0.0,0.0,0.0,0.0
118,2035-01-08 09:50:00,1137.2830810546875,1137.2830810546875,0.0,0.0,0.0,0.0,0.0,0.0
119,2035-01-08 09:55:00,1159.745849609375,1159.745849609375,0.0,0.0,0.0,0.0,0.0,0.0
120,2035-01-08 10:00:00,1163.798828125,1163.798828125,0.0,0.0,0.0,0.0,0.0,0.0
121,2035-01-08 10:05:00,1179.5985107421875,1179.5985107421875,0.0,0.0,0.0,0.0,0.0,0.0
122,2035-01-08 10:10:00,1183.92138671875,1183.92138671875,0.0,0.0,0.0,0.0,0.0,0.0
123,2035-01-08 10:15:00,1199.9423828125,1199.9423828125,0.0,0.0,0.0,0.0,0.0,0.0
124,2035-01-08 10:20:00,1207.52392578125,1207.52392578125,0.0,0.0,0.0,0.0,0.0,0.0
125,2035-01-08 10:25:00,1212.8985595703125,1212.8985595703125,0.0,0.0,0.0,0.0,0.0,0.0
126,2035-01-08 10:30:00,1223.18408203125,1223.18408203125,0.0,0.0,0.0,0.0,0.0,0.0
127,2035-01-08 10:35:00,1229.46826171875,1229.46826171875,0.0,0.0,0.0,0.0,0.0,0.0
128,2035-01-08 10:40:00,1242.1942138671875,1242.1942138671875,0.0,0.0,0.0,0.0,0.0,0.0
129,2035-01-08 10:45:00,1250.5867919921875,1250.5867919921875,0.0,0.0,0.0,0.0,0.0,0.0
130,2035-01-08 10:50:00,1787.392333984375,1787.392333984375,0.0,0.0,33.257397055625916,33.257397055625916,33.45506751537323,33.45506751537323
131,2035-01-08 10:55:00,1658.455810546875,1658.455810546875,0.0,0.0,33.32216375236385,33.32216375236385,0.0,0.0
132,2035-01-08 11:00:00,1663.2750244140625,1663.2750244140625,0.0,0.0,33.47756873731487,33.47756873731487,0.0,0.0
133,2035-01-08 11:05:00,1583.361328125,1583.361328125,0.0,0.0,34.04408018121467,34.04408018121467,0.0,0.0
134,2035-01-08 11:10:00,1584.1361083984375,1584.1361083984375,0.0,0.0,34.04408041963325,34.04408041963325,0.0,0.0
135,2035-01-08 11:15:00,1587.525634765625,1587.525634765625,0.0,0.0,34.044080658051826,34.044080658051826,0.0,0.0
136,2035-01-08 11:20:00,1599.010009765625,1599.010009765625,0.0,0.0,34.044080896470405,34.044080896470405,0.0,0.0
137,2035-01-08 11:25:00,1594.689208984375,1594.689208984375,0.0,0.0,34.044081134888984,34.044081134888984,0.0,0.0
138,2035-01-08 11:30:00,1562.195556640625,1562.195556640625,0.0,0.0,34.04408137330756,34.04408137330756,0.0,0.0
139,2035-01-08 11:35:00,1546.646728515625,1546.646728515625,0.0,0.0,34.04408161172614,34.04408161172614,0.0,0.0
140,2035-01-08 11:40:00,1522.635498046875,1522.635498046875,0.0,0.0,34.04408185014472,34.04408185014472,0.0,0.0
141,2035-01-08 11:45:00,1599.1190185546875,1599.1190185546875,0.0,0.0,34.029632806777954,34.029632806777954,0.0,0.0
142,2035-01-08 11:50:00,1597.637451171875,1597.637451171875,0.0,0.0,34.0296328750441,34.0296328750441,0.0,0.0
143,2035-01-08 11:55:00,1585.981689453125,1585.981689453125,0.0,0.0,34.02963294331024,34.02963294331024,0.0,0.0
144,2035-01-08 12:00:00,1573.94091796875,1573.94091796875,0.0,0.0,34.02963301157638,34.02963301157638,0.0,0.0
145,2035-01-08 12:05:00,1576.654052734375,1576.654052734375,0.0,0.0,34.029633079842526,34.029633079842526,0.0,0.0
146,2035-01-08 12:10:00,1578.88818359375,1578.88818359375,0.0,0.0,34.02963314810867,34.02963314810867,0.0,0.0
147,2035-01-08 12:15:00,1582.353271484375,1582.353271484375,0.0,0.0,34.02963321637482,34.02963321637482,0.0,0.0
148,2035-01-08 12:20:00,1594.1787109375,1594.1787109375,0.0,0.0,34.02963328464096,34.02963328464096,0.0,0.0
149,2035-01-08 12:25:00,1591.0072021484375,1591.0072021484375,0.0,0.0,34.0296333529071,34.0296333529071,0.0,0.0
150,2035-01-08 12:30:00,1606.4539794921875,1606.4539794921875,0.0,0.0,34.02963342117325,34.02963342117325,0.0,0.0
151,2035-01-08 12:35:00,1611.6962890625,1611.6962890625,0.0,0.0,34.0296334894394,34.0296334894394,0.0,0.0
152,2035-01-08 12:40:00,1616.2069091796875,1616.2069091796875,0.0,0.0,34.02963355770554,34.02963355770554,0.0,0.0
153,2035-01-08 12:45:00,1615.0145263671875,1615.0145263671875,0.0,0.0,34.02963362597169,34.02963362597169,0.0,0.0
154,2035-01-08 12:50:00,1618.462158203125,1618.462158203125,0.0,0.0,34.02963369423784,34.02963369423784,0.0,0.0
155,2035-01-08 12:55:00,1622.731689453125,1622.731689453125,0.0,0.0,34.02963376250398,34.02963376250398,0.0,0.0
156,2035-01-08 13:00:00,1610.0361328125,1610.0361328125,0.0,0.0,34.02963383077012,34.02963383077012,0.0,0.0
157,2035-01-08 13:05:00,1593.445068359375,1593.445068359375,0.0,0.0,34.02963389903627,34.02963389903627,0.0,0.0
158,2035-01-08 13:10:00,1570.44287109375,1570.44287109375,0.0,0.0,34.029633967302416,34.029633967302416,0.0,0.0
159,2035-01-08 13:15:00,1550.129150390625,1550.129150390625,0.0,0.0,34.02963403556856,34.02963403556856,0.0,0.0
160,2035-01-08 13:20:00,1533.029052734375,1533.029052734375,0.0,0.0,34.02963410383471,34.02963410383471,0.0,0.0
161,2035-01-08 13:25:00,1511.25146484375,1511.25146484375,0.0,0.0,34.029634172100856,34.029634172100856,0.0,0.0
162,2035-01-08 13:30:00,1472.052734375,1472.052734375,0.0,0.0,33.849515191363025,33.849515191363025,0.0,0.0
163,2035-01-08 13:35:00,1385.226806640625,1385.226806640625,0.0,0.0,34.05184302224734,34.05184302224734,0.0,0.0
164,2035-01-08 13:40:00,1364.6163330078125,1364.6163330078125,0.0,0.0,33.83453766002276,33.83453766002276,0.0,0.0
165,2035-01-08 13:45:00,1438.393310546875,1438.393310546875,0.0,0.0,34.26049667427287,34.26049667427287,0.0,0.0
166,2035-01-08 13:50:00,1440.224365234375,1440.224365234375,0.0,0.0,34.95752742886543,34.95752742886543,0.0,0.0
167,2035-01-08 13:55:00,1430.314697265625,1430.314697265625,0.0,0.0,34.95752754807472,34.95752754807472,0.0,0.0
168,2035-01-08 14:00:00,1424.50341796875,1424.50341796875,0.0,0.0,34.95752766728401,34.95752766728401,0.0,0.0
169,2035-01-08 14:05:00,1419.259033203125,1419.259033203125,0.0,0.0,34.9575277864933,34.9575277864933,0.0,0.0
170,2035-01-08 14:10:00,1419.343994140625,1419.343994140625,0.0,0.0,34.95752790570259,34.95752790570259,0.0,0.0
171,2035-01-08 14:15:00,1422.475341796875,1422.475341796875,0.0,0.0,34.95752802491188,34.95752802491188,0.0,0.0
172,2035-01-08 14:20:00,1425.279541015625,1425.279541015625,0.0,0.0,34.95752814412117,34.95752814412117,0.0,0.0
173,2035-01-08 14:25:00,1427.653076171875,1427.653076171875,0.0,0.0,34.95752826333046,34.95752826333046,0.0,0.0
174,2035-01-08 14:30:00,1429.095947265625,1429.095947265625,0.0,0.0,34.95752838253975,34.95752838253975,0.0,0.0
175,2035-01-08 14:35:00,1430.55712890625,1430.55712890625,0.0,0.0,34.95752850174904,34.95752850174904,0.0,0.0
176,2035-01-08 14:40:00,1438.114501953125,1438.114501953125,0.0,0.0,34.95752862095833,34.95752862095833,0.0,0.0
177,2035-01-08 14:45:00,1436.789794921875,1436.789794921875,0.0,0.0,34.95752874016762,34.95752874016762,0.0,0.0
178,2035-01-08 14:50:00,1435.6680908203125,1435.6680908203125,0.0,0.0,34.95752885937691,34.95752885937691,0.0,0.0
179,2035-01-08 14:55:00,1428.2320556640625,1428.2320556640625,0.0,0.0,34.9575289785862,34.9575289785862,0.0,0.0
180,2035-01-08 15:00:00,1429.7022705078125,1429.7022705078125,0.0,0.0,34.95752909779549,34.95752909779549,0.0,0.0
181,2035-01-08 15:05:00,1426.443603515625,1426.443603515625,0.0,0.0,34.957529217004776,34.957529217004776,0.0,0.0
182,2035-01-08 15:10:00,1427.0498046875,1427.0498046875,0.0,0.0,34.957529336214066,34.957529336214066,0.0,0.0
183,2035-01-08 15:15:00,1436.78369140625,1436.78369140625,0.0,0.0,34.957529455423355,34.957529455423355,0.0,0.0
184,2035-01-08 15:20:00,1447.675537109375,1447.675537109375,0.0,0.0,34.957529574632645,34.957529574632645,0.0,0.0
185,2035-01-08 15:25:00,1460.55908203125,1460.55908203125,0.0,0.0,34.957529693841934,34.957529693841934,0.0,0.0
186,2035-01-08 15:30:00,1475.4615478515625,1475.4615478515625,0.0,0.0,34.957529813051224,34.957529813051224,0.0,0.0
187,2035-01-08 15:35:00,1488.7603759765625,1488.7603759765625,0.0,0.0,34.95752993226051,34.95752993226051,0.0,0.0
188,2035-01-08 15:40:00,1493.6591796875,1493.6591796875,0.0,0.0,34.9575300514698,34.9575300514698,0.0,0.0
189,2035-01-08 15:45:00,1505.7484130859375,1505.7484130859375,0.0,0.0,34.95753017067909,34.95753017067909,0.0,0.0
190,2035-01-08 15:50:00,1509.8074951171875,1509.8074951171875,0.0,0.0,34.95753028988838,34.95753028988838,0.0,0.0
191,2035-01-08 15:55:00,1513.6785888671875,1513.6785888671875,0.0,0.0,34.95753040909767,34.95753040909767,0.0,0.0
192,2035-01-08 16:00:00,1511.9537353515625,1511.9537353515625,0.0,0.0,34.95753052830696,34.95753052830696,0.0,0.0
193,2035-01-08 16:05:00,1508.6676025390625,1508.6676025390625,0.0,0.0,34.95753064751625,34.95753064751625,0.0,0.0
194,2035-01-08 16:10:00,1509.5377197265625,1509.5377197265625,0.0,0.0,34.95753076672554,34.95753076672554,0.0,0.0
195,2035-01-08 16:15:00,1517.167724609375,1517.167724609375,0.0,0.0,34.95753088593483,34.95753088593483,0.0,0.0
196,2035-01-08 16:20:00,1523.1910400390625,1523.1910400390625,0.0,0.0,34.95753100514412,34.95753100514412,0.0,0.0
197,2035-01-08 16:25:00,1534.571044921875,1534.571044921875,0.0,0.0,34.95753112435341,34.95753112435341,0.0,0.0
198,2035-01-08 16:30:00,1540.564208984375,1540.564208984375,0.0,0.0,34.9575312435627,34.9575312435627,0.0,0.0
199,2035-01-08 16:35:00,1544.8353271484375,1544.8353271484375,0.0,0.0,34.95753136277199,34.95753136277199,0.0,0.0
200,2035-01-08 16:40:00,1548.021484375,1548.021484375,0.0,0.0,34.95753148198128,34.95753148198128,0.0,0.0
201,2035-01-08 16:45:00,1548.6640625,1548.6640625,0.0,0.0,34.95753160119057,34.95753160119057,0.0,0.0
202,2035-01-08 16:50:00,1550.8648681640625,1550.8648681640625,0.0,0.0,34.95753172039986,34.95753172039986,0.0,0.0
203,2035-01-08 16:55:00,1556.1456298828125,1556.1456298828125,0.0,0.0,34.957531839609146,34.957531839609146,0.0,0.0
204,2035-01-08 17:00:00,1564.8548583984375,1564.8548583984375,0.0,0.0,34.957531958818436,34.957531958818436,0.0,0.0
205,2035-01-08 17:05:00,1573.2489013671875,1573.2489013671875,0.0,0.0,34.957532078027725,34.957532078027725,0.0,0.0
206,2035-01-08 17:10:00,1587.8328857421875,1587.8328857421875,0.0,0.0,34.957532197237015,34.957532197237015,0.0,0.0
207,2035-01-08 17:15:00,1605.86083984375,1605.86083984375,0.0,0.0,34.957532316446304,34.957532316446304,0.0,0.0
208,2035-01-08 17:20:00,1625.76806640625,1625.76806640625,0.0,0.0,34.957532435655594,34.957532435655594,0.0,0.0
209,2035-01-08 17:25:00,1643.9111328125,1643.9111328125,0.0,0.0,34.95753255486488,34.95753255486488,0.0,0.0
210,2035-01-08 17:30:00,1661.172119140625,1661.172119140625,0.0,0.0,34.95753267407417,34.95753267407417,0.0,0.0
211,2035-01-08 17:35:00,1684.356201171875,1684.356201171875,0.0,0.0,34.95753279328346,34.95753279328346,0.0,0.0
212,2035-01-08 17:40:00,1710.68115234375,1710.68115234375,0.0,0.0,34.95753291249275,34.95753291249275,0.0,0.0
213,2035-01-08 17:45:00,1856.097412109375,1856.097412109375,0.0,0.0,41.06859993934631,41.06859993934631,11.721098348498344,11.721098348498344
214,2035-01-08 17:50:00,1800.72802734375,1800.72802734375,0.0,0.0,39.04776041869991,39.04776041869991,0.0,0.0
215,2035-01-08 17:55:00,1797.2996826171875,1797.2996826171875,0.0,0.0,38.80608467588172,38.80608467588172,0.0,0.0
216,2035-01-08 18:00:00,1805.648193359375,1805.648193359375,0.0,0.0,38.80608443746314,38.80608443746314,0.0,0.0
217,2035-01-08 18:05:00,1828.711181640625,1828.711181640625,0.0,0.0,38.80608419904456,38.80608419904456,0.0,0.0
218,2035-01-08 18:10:00,1844.447265625,1844.447265625,0.0,0.0,38.80608396062598,38.80608396062598,0.0,0.0
219,2035-01-08 18:15:00,1861.177490234375,1861.177490234375,0.0,0.0,38.806083722207404,38.806083722207404,0.0,0.0
220,2035-01-08 18:20:00,1863.2509765625,1863.2509765625,0.0,0.0,38.806083483788825,38.806083483788825,0.0,0.0
221,2035-01-08 18:25:00,2347.657470703125,2097.054443359375,-250.60302734375,-250.60302734375,57.81810530190341,49.33421184782855,33.1857907474041,21.423516750335693
222,2035-01-08 18:30:00,2220.3212890625,1964.293212890625,-256.028076171875,-506.631103515625,65.00798608362675,48.267924235668026,0.0,0.0
223,2035-01-08 18:35:00,2219.06494140625,1988.5057373046875,-230.5592041015625,-737.1903076171875,65.222247838974,49.82413896918297,0.0,0.0
224,2035-01-08 18:40:00,2210.152587890625,1986.6778564453125,-223.4747314453125,-960.6650390625,65.222247838974,49.82413896918297,0.0,0.0
225,2035-01-08 18:45:00,2202.892333984375,1985.180419921875,-217.7119140625,-1178.376953125,65.222247838974,49.82413896918297,0.0,0.0
226,2035-01-08 18:50:00,2198.672607421875,1987.82080078125,-210.851806640625,-1389.228759765625,65.222247838974,49.82413896918297,0.0,0.0
227,2035-01-08 18:55:00,2188.44775390625,1982.4854736328125,-205.9622802734375,-1595.1910400390625,65.222247838974,49.82413896918297,0.0,0.0
228,2035-01-08 19:00:00,2180.15673828125,1979.3267822265625,-200.8299560546875,-1796.02099609375,65.222247838974,49.82413896918297,0.0,0.0
229,2035-01-08 19:05:00,2173.078125,1977.2987060546875,-195.7794189453125,-1991.8004150390625,65.222247838974,49.82413896918297,0.0,0.0
230,2035-01-08 19:10:00,2171.07470703125,1980.22412109375,-190.8505859375,-2182.6510009765625,65.222247838974,49.82413896918297,0.0,0.0
231,2035-01-08 19:15:00,2156.64501953125,1970.15673828125,-186.48828125,-2369.1392822265625,65.222247838974,49.82413896918297,0.0,0.0
232,2035-01-08 19:20:00,2139.8662109375,1956.98828125,-182.8779296875,-2552.0172119140625,65.222247838974,49.82413896918297,0.0,0.0
233,2035-01-08 19:25:00,2125.21533203125,1945.4324951171875,-179.7828369140625,-2731.800048828125,65.222247838974,49.82413896918297,0.0,0.0
234,2035-01-08 19:30:00,2111.16796875,1934.1131591796875,-177.0548095703125,-2908.8548583984375,65.222247838974,49.82413896918297,0.0,0.0
235,2035-01-08 19:35:00,2105.583984375,1930.5028076171875,-175.0811767578125,-3083.93603515625,65.222247838974,49.82413896918297,0.0,0.0
236,2035-01-08 19:40:00,2087.37109375,1910.2257080078125,-177.1453857421875,-3261.0814208984375,65.222247838974,49.82413896918297,0.0,0.0
237,2035-01-08 19:45:00,2073.72705078125,1894.2349853515625,-179.4920654296875,-3440.573486328125,65.222247838974,49.82413896918297,0.0,0.0
238,2035-01-08 19:50:00,2063.0380859375,1880.3330078125,-182.705078125,-3623.278564453125,65.222247838974,49.82413896918297,0.0,0.0
239,2035-01-08 19:55:00,2057.17529296875,1871.2933349609375,-185.8819580078125,-3809.1605224609375,65.222247838974,49.82413896918297,0.0,0.0
240,2035-01-08 20:00:00,2056.56591796875,1866.985595703125,-189.580322265625,-3998.7408447265625,65.222247838974,49.82413896918297,0.0,0.0
241,2035-01-08 20:05:00,2063.10498046875,1869.892822265625,-193.212158203125,-4191.9530029296875,65.222247838974,49.82413896918297,0.0,0.0
242,2035-01-08 20:10:00,2078.11328125,1881.057373046875,-197.055908203125,-4389.0089111328125,65.222247838974,49.82413896918297,0.0,0.0
243,2035-01-08 20:15:00,2099.357421875,1898.5396728515625,-200.8177490234375,-4589.82666015625,65.222247838974,49.82413896918297,0.0,0.0
244,2035-01-08 20:20:00,2122.15673828125,1917.7103271484375,-204.4464111328125,-4794.2730712890625,65.222247838974,49.82413896918297,0.0,0.0
245,2035-01-08 20:25:00,2144.04052734375,1935.1439208984375,-208.8966064453125,-5003.169677734375,65.222247838974,49.82413896918297,0.0,0.0
246,2035-01-08 20:30:00,2162.1533203125,1947.8363037109375,-214.3170166015625,-5217.4866943359375,65.222247838974,49.82413896918297,0.0,0.0
247,2035-01-08 20:35:00,2186.05908203125,2087.3388671875,-98.72021484375,-5316.2069091796875,65.222247838974,49.82413896918297,0.0,0.0
248,2035-01-08 20:40:00,2209.58251953125,2102.232421875,-107.35009765625,-5423.5570068359375,65.222247838974,49.82413896918297,0.0,0.0
249,2035-01-08 20:45:00,2161.0888671875,2112.49072265625,-48.59814453125,-5472.1551513671875,59.864066257225204,49.82413896918297,0.0,0.0
250,2035-01-08 20:50:00,2170.50439453125,2120.95703125,-49.54736328125,-5521.7025146484375,59.864066272126365,49.6358644283282,0.0,0.0
251,2035-01-08 20:55:00,2293.260986328125,2130.3388671875,-162.922119140625,-5684.6246337890625,68.9852805343362,49.635864666746784,8.518996447324753,0.0
252,2035-01-08 21:00:00,2202.217529296875,2104.41748046875,-97.800048828125,-5782.4246826171875,65.98259973068707,49.63586490516536,0.0,0.0
253,2035-01-08 21:05:00,2185.19873046875,2105.11474609375,-80.083984375,-5862.5086669921875,64.71962283466928,49.635865143583935,0.0,0.0
254,2035-01-08 21:10:00,2147.21826171875,2070.6572265625,-76.56103515625,-5939.0697021484375,64.71962295760386,49.824139922857285,0.0,0.0
255,2035-01-08 21:15:00,2128.9267578125,2054.21484375,-74.7119140625,-6013.7816162109375,64.71962288309805,49.824139922857285,0.0,0.0
256,2035-01-08 21:20:00,2099.482421875,2025.8134765625,-73.6689453125,-6087.4505615234375,64.71962300230734,49.824139922857285,0.0,0.0
257,2035-01-08 21:25:00,2139.291259765625,2007.8214111328125,-131.4698486328125,-6218.92041015625,69.74306839704514,49.63586538200252,0.0,0.0
258,2035-01-08 21:30:00,2110.119873046875,1975.767333984375,-134.3525390625,-6353.27294921875,69.74306839704514,49.6358656204211,0.0,0.0
259,2035-01-08 21:35:00,2025.188720703125,1947.1962890625,-77.992431640625,-6431.265380859375,64.71962300230734,49.63586585883967,0.0,0.0
260,2035-01-08 21:40:00,1998.50927734375,1921.041259765625,-77.468017578125,-6508.7333984375,64.71962292780154,49.63586609725826,0.0,0.0
261,2035-01-08 21:45:00,2040.43994140625,1910.055419921875,-130.384521484375,-6639.117919921875,69.74306839704514,49.63586633567684,0.0,0.0
262,2035-01-08 21:50:00,2024.967529296875,1895.42578125,-129.541748046875,-6768.65966796875,69.74306839704514,49.63586657409541,0.0,0.0
263,2035-01-08 21:55:00,2009.222412109375,1881.74853515625,-127.473876953125,-6896.133544921875,69.74306839704514,49.82414135336876,0.0,0.0
264,2035-01-08 22:00:00,1937.274658203125,1866.0882568359375,-71.1864013671875,-6967.3199462890625,64.71962300230734,49.82414135336876,0.0,0.0
265,2035-01-08 22:05:00,1985.640869140625,1861.9990234375,-123.641845703125,-7090.9617919921875,69.74306839704514,49.82414135336876,0.0,0.0
266,2035-01-08 22:10:00,1920.116943359375,1848.260009765625,-71.85693359375,-7162.8187255859375,64.71962300230734,49.635866812513996,0.0,0.0
267,2035-01-08 22:15:00,1910.513427734375,1839.53564453125,-70.977783203125,-7233.7965087890625,64.71962292780154,49.635867050932575,0.0,0.0
268,2035-01-08 22:20:00,1907.4970703125,1837.913818359375,-69.583251953125,-7303.3797607421875,64.71962304701083,49.63586728935115,0.0,0.0
269,2035-01-08 22:25:00,1896.520263671875,1829.9503173828125,-66.5699462890625,-7369.94970703125,64.71962297250502,49.63586752776973,0.0,0.0
270,2035-01-08 22:30:00,1885.413330078125,1821.5321044921875,-63.8812255859375,-7433.8309326171875,64.71962309171431,49.63586776618831,0.0,0.0
271,2035-01-08 22:35:00,1879.1624755859375,1818.4764404296875,-60.68603515625,-7494.5169677734375,64.7196230172085,49.635868004606884,0.0,0.0
272,2035-01-08 22:40:00,1875.38525390625,1818.103515625,-57.28173828125,-7551.7987060546875,64.7196231364178,49.63586824302547,0.0,0.0
273,2035-01-08 22:45:00,1879.086669921875,1824.933349609375,-54.1533203125,-7605.9520263671875,64.71962306191199,49.63586848144405,0.0,0.0
274,2035-01-08 22:50:00,1884.788818359375,1833.051513671875,-51.7373046875,-7657.6893310546875,64.71962318112128,49.63586871986262,0.0,0.0
275,2035-01-08 22:55:00,1943.681884765625,1844.486083984375,-99.19580078125,-7756.8851318359375,68.76445132680237,49.63586895828121,0.0,0.0
276,2035-01-08 23:00:00,1964.2724609375,1856.3631591796875,-107.9093017578125,-7864.79443359375,69.74306672625244,49.63586919669979,0.0,0.0
277,2035-01-08 23:05:00,1970.144287109375,1873.096923828125,-97.04736328125,-7961.841796875,69.74306672625244,49.82414397597313,0.0,0.0
278,2035-01-08 23:10:00,1919.740966796875,1878.7020263671875,-41.0389404296875,-8002.8807373046875,64.71962465633624,49.82414397597313,0.0,0.0
279,2035-01-08 23:15:00,1918.0040283203125,1875.6221923828125,-42.3818359375,-8045.2625732421875,64.71962458183043,49.82414397597313,0.0,0.0
280,2035-01-08 23:20:00,1922.0418701171875,1875.9127197265625,-46.129150390625,-8091.3917236328125,64.71962470103972,49.63586943511836,0.0,0.0
281,2035-01-08 23:25:00,1913.79931640625,1862.471435546875,-51.327880859375,-8142.7196044921875,64.71962462653391,49.635869673536945,0.0,0.0
282,2035-01-08 23:30:00,1943.33154296875,1838.6722412109375,-104.6593017578125,-8247.37890625,69.74306672811508,49.82414445281028,0.0,0.0
283,2035-01-08 23:35:00,1905.960205078125,1809.8040771484375,-96.1561279296875,-8343.535034179688,69.74306672811508,49.82414445281028,0.0,0.0
284,2035-01-08 23:40:00,1884.2764892578125,1782.8790283203125,-101.3974609375,-8444.932495117188,69.74306672811508,49.82414445281028,0.0,0.0
285,2035-01-08 23:45:00,1861.695556640625,1758.3033447265625,-103.3922119140625,-8548.32470703125,69.74306672811508,49.82414445281028,0.0,0.0
286,2035-01-08 23:50:00,1842.46728515625,1738.90234375,-103.56494140625,-8651.8896484375,69.74306672811508,49.82414445281028,0.0,0.0
287,2035-01-08 23:55:00,1823.848388671875,1722.9359130859375,-100.9124755859375,-8752.802124023438,69.74306672811508,49.82414445281028,0.0,0.0
288,2035-01-09 00:00:00,1808.09716796875,1709.9342041015625,-98.1629638671875,-8850.965087890625,69.74306672811508,49.82414445281028,0.0,0.0
289,2035-01-09 00:05:00,1791.433349609375,1674.0089111328125,-117.4244384765625,-8968.389526367188,69.74306672811508,49.82414445281028,0.0,0.0
290,2035-01-09 00:10:00,1778.362060546875,1663.3201904296875,-115.0418701171875,-9083.431396484375,69.74306672811508,49.82414445281028,0.0,0.0
291,2035-01-09 00:15:00,1763.4990234375,1649.31201171875,-114.18701171875,-9197.618408203125,69.74306672811508,49.82414445281028,0.0,0.0
292,2035-01-09 00:20:00,1743.65234375,1628.804443359375,-114.847900390625,-9312.46630859375,69.74306672811508,49.82414445281028,0.0,0.0
293,2035-01-09 00:25:00,1729.6744384765625,1626.867431640625,-102.8070068359375,-9415.273315429688,69.74306672811508,49.82414445281028,0.0,0.0
294,2035-01-09 00:30:00,1715.0145263671875,1611.27685546875,-103.7376708984375,-9519.010986328125,69.74306672811508,49.82414445281028,0.0,0.0
295,2035-01-09 00:35:00,1703.27392578125,1598.496337890625,-104.777587890625,-9623.78857421875,69.74306672811508,49.82414445281028,0.0,0.0
296,2035-01-09 00:40:00,1691.05419921875,1583.666748046875,-107.387451171875,-9731.176025390625,69.74306672811508,49.82414445281028,0.0,0.0
297,2035-01-09 00:45:00,1684.2275390625,1574.89990234375,-109.32763671875,-9840.503662109375,69.74306672811508,49.82414445281028,0.0,0.0
298,2035-01-09 00:50:00,1673.6357421875,1446.5377197265625,-227.0980224609375,-10067.601684570312,69.74306672811508,49.82414445281028,0.0,0.0
299,2035-01-09 00:55:00,1663.677490234375,1430.41357421875,-233.263916015625,-10300.865600585938,69.74306672811508,49.82414445281028,0.0,0.0
300,2035-01-09 01:00:00,1655.08056640625,1421.68017578125,-233.400390625,-10534.265991210938,69.74306672811508,49.82414445281028,0.0,0.0
301,2035-01-09 01:05:00,1649.90283203125,1416.5751953125,-233.32763671875,-10767.593627929688,69.74306672811508,49.82414445281028,0.0,0.0
302,2035-01-09 01:10:00,1647.34423828125,1414.20458984375,-233.1396484375,-11000.733276367188,69.74306672811508,49.82414445281028,0.0,0.0
303,2035-01-09 01:15:00,1634.4093017578125,1400.802734375,-233.6065673828125,-11234.33984375,69.74306672811508,49.82414445281028,0.0,0.0
304,2035-01-09 01:20:00,1622.395751953125,1388.292236328125,-234.103515625,-11468.443359375,69.74306672811508,49.82414445281028,0.0,0.0
305,2035-01-09 01:25:00,1616.181396484375,1381.820068359375,-234.361328125,-11702.8046875,69.74306672811508,49.82414445281028,0.0,0.0
306,2035-01-09 01:30:00,1605.7412109375,1370.834228515625,-234.906982421875,-11937.711669921875,69.74306672811508,49.82414445281028,0.0,0.0
307,2035-01-09 01:35:00,1598.0595703125,1362.716064453125,-235.343505859375,-12173.05517578125,69.74306672811508,49.82414445281028,0.0,0.0
308,2035-01-09 01:40:00,1591.4481201171875,1355.771240234375,-235.6768798828125,-12408.732055664062,69.74306672811508,49.82414445281028,0.0,0.0
309,2035-01-09 01:45:00,1589.54443359375,1353.7431640625,-235.80126953125,-12644.533325195312,69.74306672811508,49.82414445281028,0.0,0.0
310,2035-01-09 01:50:00,1588.134765625,1352.297119140625,-235.837646484375,-12880.370971679688,69.74306672811508,49.82414445281028,0.0,0.0
311,2035-01-09 01:55:00,1589.435302734375,1353.509765625,-235.925537109375,-13116.296508789062,69.74306672811508,49.82414445281028,0.0,0.0
312,2035-01-09 02:00:00,1588.3076171875,1352.3729248046875,-235.9346923828125,-13352.231201171875,69.74306672811508,49.82414445281028,0.0,0.0
313,2035-01-09 02:05:00,1589.86865234375,1353.8856201171875,-235.9830322265625,-13588.214233398438,69.74306672811508,49.82414445281028,0.0,0.0
314,2035-01-09 02:10:00,1593.845947265625,1357.856689453125,-235.9892578125,-13824.203491210938,69.74306672811508,49.82414445281028,0.0,0.0
315,2035-01-09 02:15:00,1595.6708984375,1359.533203125,-236.1376953125,-14060.341186523438,69.74306672811508,49.82414445281028,0.0,0.0
316,2035-01-09 02:20:00,1599.681396484375,1363.428466796875,-236.2529296875,-14296.594116210938,69.74306672811508,49.82414445281028,0.0,0.0
317,2035-01-09 02:25:00,1579.1905517578125,1361.375732421875,-217.8148193359375,-14514.408935546875,68.02760804072022,49.635869911955524,0.0,0.0
318,2035-01-09 02:30:00,1533.520751953125,1356.0859375,-177.434814453125,-14691.84375,64.719625282185,49.635870150374096,0.0,0.0
319,2035-01-09 02:35:00,1529.7406005859375,1352.22705078125,-177.5135498046875,-14869.357299804688,64.7196252076792,49.63587038879268,0.0,0.0
320,2035-01-09 02:40:00,1521.42236328125,1343.678466796875,-177.743896484375,-15047.101196289062,64.71962532688849,49.63587062721126,0.0,0.0
321,2035-01-09 02:45:00,1513.1890869140625,1335.26318359375,-177.9259033203125,-15225.027099609375,64.71962525238268,49.63587086562983,0.0,0.0
322,2035-01-09 02:50:00,1496.910400390625,1318.490478515625,-178.419921875,-15403.447021484375,64.71962537159197,49.63587110404842,0.0,0.0
323,2035-01-09 02:55:00,1488.82861328125,1310.257080078125,-178.571533203125,-15582.0185546875,64.71962529708617,49.635871342467,0.0,0.0
324,2035-01-09 03:00:00,1477.572998046875,1298.774169921875,-178.798828125,-15760.8173828125,64.71962541629546,49.63587158088557,0.0,0.0
325,2035-01-09 03:05:00,1467.4329833984375,1288.306640625,-179.1263427734375,-15939.943725585938,64.71962534178965,49.63587181930416,0.0,0.0
326,2035-01-09 03:10:00,1461.0457763671875,1281.782958984375,-179.2628173828125,-16119.20654296875,64.71962546099894,49.635872057722736,0.0,0.0
327,2035-01-09 03:15:00,1455.413330078125,1275.9990234375,-179.414306640625,-16298.620849609375,64.71962538649314,49.63587229614131,0.0,0.0
328,2035-01-09 03:20:00,1453.7552490234375,1274.3076171875,-179.4476318359375,-16478.068481445312,64.71962550570242,49.635872534559894,0.0,0.0
329,2035-01-09 03:25:00,1448.338134765625,1268.6661376953125,-179.6719970703125,-16657.740478515625,64.71962543119662,49.63587277297847,0.0,0.0
330,2035-01-09 03:30:00,1443.551513671875,1263.5672607421875,-179.9842529296875,-16837.724731445312,64.71962555040591,49.635873011397045,0.0,0.0
331,2035-01-09 03:35:00,1438.728515625,1258.456298828125,-180.272216796875,-17017.996948242188,64.7196254759001,49.63587324981563,0.0,0.0
332,2035-01-09 03:40:00,1433.223388671875,1252.678466796875,-180.544921875,-17198.541870117188,64.71962559510939,49.63587348823421,0.0,0.0
333,2035-01-09 03:45:00,1429.51904296875,1248.895263671875,-180.623779296875,-17379.165649414062,64.71962552060359,49.63587372665278,0.0,0.0
334,2035-01-09 03:50:00,1425.76318359375,1245.139404296875,-180.623779296875,-17559.789428710938,64.71962563981288,49.63587396507137,0.0,0.0
335,2035-01-09 03:55:00,1423.78662109375,1243.193115234375,-180.593505859375,-17740.382934570312,64.71962556530707,49.63587420348995,0.0,0.0
336,2035-01-09 04:00:00,1422.192138671875,1241.6531982421875,-180.5389404296875,-17920.921875,64.71962568451636,49.63587444190852,0.0,0.0
337,2035-01-09 04:05:00,1420.40673828125,1239.8798828125,-180.52685546875,-18101.44873046875,64.71962561001055,49.635874680327106,0.0,0.0
338,2035-01-09 04:10:00,1419.4154052734375,1238.8916015625,-180.5238037109375,-18281.972534179688,64.71962572921984,49.635874918745685,0.0,0.0
339,2035-01-09 04:15:00,1418.654541015625,1238.1640625,-180.490478515625,-18462.463012695312,64.71962565471404,49.63587515716426,0.0,0.0
340,2035-01-09 04:20:00,1419.060791015625,1238.64599609375,-180.414794921875,-18642.877807617188,64.71962577392333,49.63587539558284,0.0,0.0
341,2035-01-09 04:25:00,1420.2823486328125,1239.9071044921875,-180.375244140625,-18823.253051757812,64.71962569941752,49.63587563400142,0.0,0.0
342,2035-01-09 04:30:00,1419.194091796875,1241.198974609375,-177.9951171875,-19001.248168945312,64.71962581862681,49.824150413274765,0.0,0.0
343,2035-01-09 04:35:00,1419.77001953125,1239.3099365234375,-180.4600830078125,-19181.708251953125,64.719625744121,49.635875872419994,0.0,0.0
344,2035-01-09 04:40:00,1428.0718994140625,1237.68505859375,-190.3868408203125,-19372.095092773438,65.50370458886027,49.63587611083858,0.0,0.0
345,2035-01-09 04:45:00,1417.4541015625,1236.5361328125,-180.91796875,-19553.013061523438,64.7196250139641,49.63587634925716,0.0,0.0
346,2035-01-09 04:50:00,1415.5654296875,1234.417236328125,-181.148193359375,-19734.161254882812,64.71962519277804,49.63587658767573,0.0,0.0
347,2035-01-09 04:55:00,1448.6527099609375,1234.68408203125,-213.9686279296875,-19948.1298828125,67.32187219438129,49.63587682609432,0.0,0.0
348,2035-01-09 05:00:00,1449.892578125,1182.77197265625,-267.12060546875,-20215.25048828125,67.35800271023982,45.42574677531593,0.0,0.0
349,2035-01-09 05:05:00,1453.197509765625,1186.171142578125,-267.0263671875,-20482.27685546875,67.36147782572516,45.43876188823924,0.0,0.0
350,2035-01-09 05:10:00,1454.3433837890625,1187.095703125,-267.2476806640625,-20749.524536132812,67.3614768694897,45.43876212665782,0.0,0.0
351,2035-01-09 05:15:00,1455.15576171875,1187.6807861328125,-267.4749755859375,-21016.99951171875,67.36147591534973,45.4387623650764,0.0,0.0
352,2035-01-09 05:20:00,1455.866943359375,1188.1136474609375,-267.7532958984375,-21284.752807617188,67.35820396113195,45.42747797732227,0.0,0.0
353,2035-01-09 05:25:00,1459.01953125,1244.11474609375,-214.90478515625,-21499.657592773438,67.32303975996547,49.63587730293147,0.0,0.0
354,2035-01-09 05:30:00,1430.922607421875,1248.4951171875,-182.427490234375,-21682.085083007812,64.7196226744818,49.635877541350055,0.0,0.0
355,2035-01-09 05:35:00,1443.17529296875,1256.00439453125,-187.1708984375,-21869.255981445312,65.32190800830722,49.82415232062339,0.0,0.0
356,2035-01-09 05:40:00,1502.915771484375,1259.0838623046875,-243.8319091796875,-22113.087890625,69.74306970834732,49.635877779768634,0.0,0.0
357,2035-01-09 05:45:00,1511.021728515625,1270.6522216796875,-240.3695068359375,-22353.457397460938,69.74306970834732,49.82415255904198,0.0,0.0
358,2035-01-09 05:50:00,1521.701416015625,1282.505126953125,-239.1962890625,-22592.653686523438,69.74306970834732,49.82415255904198,0.0,0.0
359,2035-01-09 05:55:00,1535.1396484375,1297.080078125,-238.0595703125,-22830.713256835938,69.74306970834732,49.82415255904198,0.0,0.0
360,2035-01-09 06:00:00,1546.756103515625,1309.60595703125,-237.150146484375,-23067.863403320312,69.74306970834732,49.82415255904198,0.0,0.0
361,2035-01-09 06:05:00,1562.10400390625,1325.954345703125,-236.149658203125,-23304.013061523438,69.74306970834732,49.82415255904198,0.0,0.0
362,2035-01-09 06:10:00,1578.391845703125,1343.0484619140625,-235.3433837890625,-23539.3564453125,69.74306970834732,49.82415255904198,0.0,0.0
363,2035-01-09 06:15:00,1598.966064453125,1364.53515625,-234.430908203125,-23773.787353515625,69.74306970834732,49.82415255904198,0.0,0.0
364,2035-01-09 06:20:00,1615.40234375,1381.580810546875,-233.821533203125,-24007.60888671875,69.74306970834732,49.82415255904198,0.0,0.0
365,2035-01-09 06:25:00,1627.0308837890625,1393.56396484375,-233.4669189453125,-24241.075805664062,69.74306970834732,49.82415255904198,0.0,0.0
366,2035-01-09 06:30:00,1637.540771484375,1404.18896484375,-233.351806640625,-24474.427612304688,69.74306970834732,49.82415255904198,0.0,0.0
367,2035-01-09 06:35:00,1641.22998046875,1407.8145751953125,-233.4154052734375,-24707.843017578125,69.74306970834732,49.82415255904198,0.0,0.0
368,2035-01-09 06:40:00,1636.701171875,1402.8673095703125,-233.8338623046875,-24941.676879882812,69.74306970834732,49.82415255904198,0.0,0.0
369,2035-01-09 06:45:00,1634.933837890625,1400.7786865234375,-234.1551513671875,-25175.83203125,69.74306970834732,49.82415255904198,0.0,0.0
370,2035-01-09 06:50:00,1629.8623046875,1395.185791015625,-234.676513671875,-25410.508544921875,69.74306970834732,49.82415255904198,0.0,0.0
371,2035-01-09 06:55:00,1624.69677734375,1389.471435546875,-235.225341796875,-25645.73388671875,69.74306970834732,49.82415255904198,0.0,0.0
372,2035-01-09 07:00:00,1621.4500732421875,1385.758056640625,-235.6920166015625,-25881.425903320312,69.74306970834732,49.82415255904198,0.0,0.0
373,2035-01-09 07:05:00,1619.0673828125,1382.82958984375,-236.23779296875,-26117.663696289062,69.74306970834732,49.82415255904198,0.0,0.0
374,2035-01-09 07:10:00,1619.619140625,1383.017578125,-236.6015625,-26354.265258789062,69.74306970834732,49.82415255904198,0.0,0.0
375,2035-01-09 07:15:00,1624.1783447265625,1387.449462890625,-236.7288818359375,-26590.994140625,69.74306970834732,49.82415255904198,0.0,0.0
376,2035-01-09 07:20:00,1632.681396484375,1395.973876953125,-236.70751953125,-26827.70166015625,69.74306970834732,49.82415255904198,0.0,0.0
377,2035-01-09 07:25:00,1638.826171875,1402.1761474609375,-236.6500244140625,-27064.351684570312,69.74306970834732,49.82415255904198,0.0,0.0
378,2035-01-09 07:30:00,1650.087890625,1413.7652587890625,-236.3226318359375,-27300.67431640625,69.74306970834732,49.82415255904198,0.0,0.0
379,2035-01-09 07:35:00,1663.674560546875,1427.8370361328125,-235.8375244140625,-27536.511840820312,69.74306970834732,49.82415255904198,0.0,0.0
380,2035-01-09 07:40:00,1683.7576904296875,1448.778076171875,-234.9796142578125,-27771.491455078125,69.74306970834732,49.82415255904198,0.0,0.0
381,2035-01-09 07:45:00,1708.257568359375,1474.23291015625,-234.024658203125,-28005.51611328125,69.74306970834732,49.82415255904198,0.0,0.0
382,2035-01-09 07:50:00,1741.3544921875,1508.4696044921875,-232.8848876953125,-28238.401000976562,69.74306970834732,49.82415255904198,0.0,0.0
383,2035-01-09 07:55:00,1773.58447265625,1541.62109375,-231.96337890625,-28470.364379882812,69.74306970834732,49.82415255904198,0.0,0.0
384,2035-01-09 08:00:00,1811.486328125,1580.856689453125,-230.629638671875,-28700.994018554688,69.74306970834732,49.82415255904198,0.0,0.0
385,2035-01-09 08:05:00,1839.6026611328125,1609.482421875,-230.1202392578125,-28931.1142578125,69.74306970834732,49.82415255904198,0.0,0.0
386,2035-01-09 08:10:00,1864.890625,1635.4827880859375,-229.4078369140625,-29160.522094726562,69.74306970834732,49.82415255904198,0.0,0.0
387,2035-01-09 08:15:00,1890.48193359375,1661.683349609375,-228.798583984375,-29389.320678710938,69.74306970834732,49.82415255904198,0.0,0.0
388,2035-01-09 08:20:00,1910.8134765625,1682.0604248046875,-228.7530517578125,-29618.07373046875,69.74306970834732,49.82415255904198,0.0,0.0
389,2035-01-09 08:25:00,1919.65625,1690.654541015625,-229.001708984375,-29847.075439453125,69.74306970834732,49.82415255904198,0.0,0.0
390,2035-01-09 08:30:00,1921.920654296875,1692.482421875,-229.438232421875,-30076.513671875,69.74306970834732,49.82415255904198,0.0,0.0
391,2035-01-09 08:35:00,1930.15087890625,1700.2034912109375,-229.9473876953125,-30306.461059570312,69.74306970834732,49.82415255904198,0.0,0.0
392,2035-01-09 08:40:00,1934.491943359375,1704.5050048828125,-229.9869384765625,-30536.447998046875,69.74306970834732,49.82415255904198,0.0,0.0
393,2035-01-09 08:45:00,1929.702392578125,1699.13037109375,-230.572021484375,-30767.02001953125,69.74306970834732,49.82415255904198,0.0,0.0
394,2035-01-09 08:50:00,1926.9892578125,1696.0806884765625,-230.9085693359375,-30997.928588867188,69.74306970834732,49.82415255904198,0.0,0.0
395,2035-01-09 08:55:00,1920.598876953125,1689.078125,-231.520751953125,-31229.449340820312,69.74306970834732,49.82415255904198,0.0,0.0
396,2035-01-09 09:00:00,1916.318603515625,1684.267333984375,-232.05126953125,-31461.500610351562,69.74306970834732,49.82415255904198,0.0,0.0
397,2035-01-09 09:05:00,1910.91064453125,1678.098388671875,-232.812255859375,-31694.312866210938,69.74306970834732,49.82415255904198,0.0,0.0
398,2035-01-09 09:10:00,1907.50634765625,1674.13623046875,-233.3701171875,-31927.682983398438,69.74306970834732,49.82415255904198,0.0,0.0
399,2035-01-09 09:15:00,1979.208251953125,1673.7877197265625,-305.4205322265625,-32233.103515625,69.74306970834732,49.82415255904198,0.0,0.0
400,2035-01-09 09:20:00,1983.70703125,1676.4765625,-307.23046875,-32540.333984375,69.74306970834732,49.82415255904198,0.0,0.0
401,2035-01-09 09:25:00,1980.823974609375,1672.6328125,-308.191162109375,-32848.525146484375,69.74306970834732,49.82415255904198,0.0,0.0
402,2035-01-09 09:30:00,1990.421630859375,1681.766357421875,-308.6552734375,-33157.180419921875,69.74306970834732,49.82415255904198,0.0,0.0
403,2035-01-09 09:35:00,1984.958984375,1675.69140625,-309.267578125,-33466.447998046875,69.74306970834732,49.82415255904198,0.0,0.0
404,2035-01-09 09:40:00,1977.07421875,1665.55126953125,-311.52294921875,-33777.970947265625,69.74306970834732,49.82415255904198,0.0,0.0
405,2035-01-09 09:45:00,1976.85595703125,1663.3021240234375,-313.5538330078125,-34091.52478027344,69.74306970834732,49.82415255904198,0.0,0.0
406,2035-01-09 09:50:00,1965.924560546875,1650.7884521484375,-315.1361083984375,-34406.660888671875,69.74306970834732,49.82415255904198,0.0,0.0
407,2035-01-09 09:55:00,1963.663330078125,1647.0416259765625,-316.6217041015625,-34723.28259277344,69.74306970834732,49.82415255904198,0.0,0.0
408,2035-01-09 10:00:00,1963.011474609375,1644.84375,-318.167724609375,-35041.45031738281,69.74306970834732,49.82415255904198,0.0,0.0
409,2035-01-09 10:05:00,1966.5400390625,1643.8040771484375,-322.7359619140625,-35364.186279296875,69.74306970834732,49.82415255904198,0.0,0.0
410,2035-01-09 10:10:00,1966.9189453125,1643.60400390625,-323.31494140625,-35687.501220703125,69.74306970834732,49.82415255904198,0.0,0.0
411,2035-01-09 10:15:00,1965.279052734375,1639.784423828125,-325.49462890625,-36012.995849609375,69.74306970834732,49.82415255904198,0.0,0.0
412,2035-01-09 10:20:00,1957.121337890625,1630.447509765625,-326.673828125,-36339.669677734375,69.74306970834732,49.82415255904198,0.0,0.0
413,2035-01-09 10:25:00,1959.60107421875,1630.911376953125,-328.689697265625,-36668.359375,69.74306970834732,49.82415255904198,0.0,0.0
414,2035-01-09 10:30:00,2074.63330078125,1729.5687255859375,-345.0645751953125,-37013.42395019531,59.15300887450576,49.82415255904198,33.69367033243179,0.0
415,2035-01-09 10:35:00,1740.4822998046875,1733.521728515625,-6.9605712890625,-37020.384521484375,57.72970120515674,49.82415255904198,0.0,0.0
416,2035-01-09 10:40:00,1761.9442138671875,1738.666015625,-23.2781982421875,-37043.66271972656,57.68132320046425,49.82415255904198,0.0,0.0
417,2035-01-09 10:45:00,1758.7279052734375,1718.03076171875,-40.6971435546875,-37084.35986328125,57.68132320046425,49.635878018187206,0.0,0.0
418,2035-01-09 10:50:00,1778.55029296875,1724.34521484375,-54.205078125,-37138.56494140625,57.68132320046425,49.63587825660579,0.0,0.0
419,2035-01-09 10:55:00,1791.00634765625,1724.97265625,-66.03369140625,-37204.5986328125,57.68132320046425,49.63587849502437,0.0,0.0
420,2035-01-09 11:00:00,1788.1214599609375,1702.524169921875,-85.5972900390625,-37290.19592285156,55.90577396005392,47.003725073383976,0.0,0.0
421,2035-01-09 11:05:00,1830.90771484375,1695.31201171875,-135.595703125,-37425.79162597656,57.70712020070277,45.43875950405345,0.0,0.0
422,2035-01-09 11:10:00,1856.483642578125,1713.08837890625,-143.395263671875,-37569.18688964844,57.70712019604616,45.43875974247203,0.0,0.0
423,2035-01-09 11:15:00,1888.3074951171875,1738.52783203125,-149.7796630859375,-37718.966552734375,57.70712020070277,45.43875998089061,0.0,0.0
424,2035-01-09 11:20:00,2356.4033203125,2291.739013671875,-64.664306640625,-37783.630859375,79.29927343130112,78.54810189743512,39.485592521727085,31.968962654471397
425,2035-01-09 11:25:00,2154.81201171875,2150.8955078125,-3.91650390625,-37787.54736328125,78.72989739477634,78.50943895344608,0.0,0.0
426,2035-01-09 11:30:00,2168.33837890625,2151.481689453125,-16.856689453125,-37804.404052734375,80.33489495702088,79.01539093543761,0.0,0.0
427,2035-01-09 11:35:00,2165.81640625,2148.447265625,-17.369140625,-37821.773193359375,80.33489495702088,79.01539081622832,0.0,0.0
428,2035-01-09 11:40:00,2169.544921875,2152.1728515625,-17.3720703125,-37839.145263671875,80.33489495702088,79.01539069701903,0.0,0.0
429,2035-01-09 11:45:00,2181.904052734375,2164.198486328125,-17.70556640625,-37856.850830078125,80.33489495702088,79.01539057780974,0.0,0.0
430,2035-01-09 11:50:00,2220.348388671875,2203.681396484375,-16.6669921875,-37873.517822265625,80.33489495702088,79.10952770709991,0.0,0.0
431,2035-01-09 11:55:00,2262.206298828125,2245.384521484375,-16.82177734375,-37890.339599609375,80.33489495702088,79.10952770709991,0.0,0.0
432,2035-01-09 12:00:00,2356.713623046875,2286.211669921875,-70.501953125,-37960.841552734375,80.33489495702088,79.10952770709991,0.0,0.0
433,2035-01-09 12:05:00,2385.0390625,2366.771240234375,-18.267822265625,-37979.109375,80.33489495702088,79.10952770709991,0.0,0.0
434,2035-01-09 12:10:00,2429.876708984375,2411.390625,-18.486083984375,-37997.595458984375,80.33489495702088,79.10952770709991,0.0,0.0
435,2035-01-09 12:15:00,2431.9775390625,2413.224609375,-18.7529296875,-38016.348388671875,80.33489495702088,79.10952770709991,0.0,0.0
436,2035-01-09 12:20:00,2451.884765625,2432.683349609375,-19.201416015625,-38035.5498046875,80.33489495702088,79.10952770709991,0.0,0.0
437,2035-01-09 12:25:00,2459.751220703125,2440.407470703125,-19.34375,-38054.8935546875,80.33489495702088,79.10952770709991,0.0,0.0
438,2035-01-09 12:30:00,2476.0146484375,2456.301025390625,-19.713623046875,-38074.607177734375,80.33489495702088,79.10952770709991,0.0,0.0
439,2035-01-09 12:35:00,2494.178955078125,2474.286376953125,-19.892578125,-38094.499755859375,80.33489495702088,79.10952770709991,0.0,0.0
440,2035-01-09 12:40:00,2512.0625,2490.9677734375,-21.0947265625,-38115.594482421875,80.31351017122142,78.99524043330894,0.0,0.0
441,2035-01-09 12:45:00,2546.079345703125,2526.097412109375,-19.98193359375,-38135.576416015625,80.42713056335197,79.17479196681597,0.0,0.0
442,2035-01-09 12:50:00,2562.73095703125,2546.201904296875,-16.529052734375,-38152.10546875,80.42712960967765,79.17479244365313,0.0,0.0
443,2035-01-09 12:55:00,2545.515380859375,2533.43359375,-12.081787109375,-38164.187255859375,80.42712865600333,79.17479292049029,0.0,0.0
444,2035-01-09 13:00:00,2539.146240234375,2532.7392578125,-6.406982421875,-38170.59423828125,80.42712770232902,79.17479339732745,0.0,0.0
445,2035-01-09 13:05:00,2533.7919921875,2532.34375,-1.4482421875,-38172.04248046875,80.31350874070995,78.99524269828544,0.0,0.0
446,2035-01-09 13:10:00,2504.271240234375,2510.748046875,6.476806640625,-38165.565673828125,80.32201003198497,78.99524341354117,0.0,0.0
447,2035-01-09 13:15:00,2443.288330078125,2458.171142578125,14.8828125,-38150.682861328125,80.32201027040355,78.99524412879691,0.0,0.0
448,2035-01-09 13:20:00,2382.41455078125,2407.0556640625,24.64111328125,-38126.041748046875,80.32201050882213,78.99524484405265,0.0,0.0
449,2035-01-09 13:25:00,2296.201171875,2323.328125,27.126953125,-38098.914794921875,80.32201074724071,78.99524555930839,0.0,0.0
450,2035-01-09 13:30:00,2268.71240234375,2284.459228515625,15.746826171875,-38083.16796875,80.32201098565929,78.99524627456412,0.0,0.0
451,2035-01-09 13:35:00,2246.2548828125,2253.84521484375,7.59033203125,-38075.57763671875,80.3348970990628,79.10953439585865,0.0,0.0
452,2035-01-09 13:40:00,2218.03271484375,2217.368408203125,-0.664306640625,-38076.241943359375,80.3348970990628,79.10953439585865,0.0,0.0
453,2035-01-09 13:45:00,2206.958740234375,2199.761962890625,-7.19677734375,-38083.438720703125,80.3348970990628,79.10953439585865,0.0,0.0
454,2035-01-09 13:50:00,2182.71337890625,2157.07666015625,-25.63671875,-38109.075439453125,80.3348970990628,79.10953439585865,0.0,0.0
455,2035-01-09 13:55:00,2162.71826171875,2142.725830078125,-19.992431640625,-38129.06787109375,80.3348970990628,79.10953439585865,0.0,0.0
456,2035-01-09 14:00:00,2169.36328125,2149.125,-20.23828125,-38149.30615234375,80.3348970990628,79.10953439585865,0.0,0.0
457,2035-01-09 14:05:00,2169.942138671875,2149.579833984375,-20.3623046875,-38169.66845703125,80.3348970990628,79.10953439585865,0.0,0.0
458,2035-01-09 14:10:00,2175.122802734375,2154.58154296875,-20.541259765625,-38190.209716796875,80.3348970990628,79.10953439585865,0.0,0.0
459,2035-01-09 14:15:00,2183.69873046875,2163.033203125,-20.66552734375,-38210.875244140625,80.3348970990628,79.10953439585865,0.0,0.0
460,2035-01-09 14:20:00,2185.24169921875,2164.5458984375,-20.69580078125,-38231.571044921875,80.3348970990628,79.10953439585865,0.0,0.0
461,2035-01-09 14:25:00,2196.2578125,2175.434814453125,-20.822998046875,-38252.39404296875,80.3348970990628,79.10953439585865,0.0,0.0
462,2035-01-09 14:30:00,2189.3857421875,2168.6171875,-20.7685546875,-38273.16259765625,80.3348970990628,79.10953439585865,0.0,0.0
463,2035-01-09 14:35:00,2189.80712890625,2169.12939453125,-20.677734375,-38293.84033203125,80.3348970990628,79.10953439585865,0.0,0.0
464,2035-01-09 14:40:00,2186.775634765625,2166.267822265625,-20.5078125,-38314.34814453125,80.3348970990628,79.10953439585865,0.0,0.0
465,2035-01-09 14:45:00,2188.406494140625,2168.02587890625,-20.380615234375,-38334.728759765625,80.3348970990628,79.10953439585865,0.0,0.0
466,2035-01-09 14:50:00,2181.98583984375,2161.91162109375,-20.07421875,-38354.802978515625,80.3348970990628,79.10953439585865,0.0,0.0
467,2035-01-09 14:55:00,2185.32666015625,2165.5673828125,-19.75927734375,-38374.562255859375,80.3348970990628,79.10953439585865,0.0,0.0
468,2035-01-09 15:00:00,2197.30078125,2177.79931640625,-19.50146484375,-38394.063720703125,80.3348970990628,79.10953439585865,0.0,0.0
469,2035-01-09 15:05:00,2210.14794921875,2190.86767578125,-19.2802734375,-38413.343994140625,80.3348970990628,79.10953439585865,0.0,0.0
470,2035-01-09 15:10:00,2242.0322265625,2222.679443359375,-19.352783203125,-38432.69677734375,80.3348970990628,79.10953439585865,0.0,0.0
471,2035-01-09 15:15:00,2244.411865234375,2225.21337890625,-19.198486328125,-38451.895263671875,80.3348970990628,79.10953439585865,0.0,0.0
472,2035-01-09 15:20:00,2259.238525390625,2240.10400390625,-19.134521484375,-38471.02978515625,80.3348970990628,79.10953439585865,0.0,0.0
473,2035-01-09 15:25:00,2225.4775390625,2206.749267578125,-18.728271484375,-38489.758056640625,80.3348970990628,79.10953439585865,0.0,0.0
474,2035-01-09 15:30:00,2249.32568359375,2230.28515625,-19.04052734375,-38508.798583984375,80.3348970990628,79.10953439585865,0.0,0.0
475,2035-01-09 15:35:00,2229.98828125,2210.9296875,-19.05859375,-38527.857177734375,80.3348970990628,79.10953439585865,0.0,0.0
476,2035-01-09 15:40:00,2213.98876953125,2194.890380859375,-19.098388671875,-38546.95556640625,80.3348970990628,79.10953439585865,0.0,0.0
477,2035-01-09 15:45:00,2197.6220703125,2178.53271484375,-19.08935546875,-38566.044921875,80.3348970990628,79.10953439585865,0.0,0.0
478,2035-01-09 15:50:00,2193.25390625,2174.0615234375,-19.1923828125,-38585.2373046875,80.3348970990628,79.10953439585865,0.0,0.0
479,2035-01-09 15:55:00,2003.711669921875,1985.562255859375,-18.1494140625,-38603.38671875,80.3348970990628,79.10953439585865,0.0,0.0
480,2035-01-09 16:00:00,1984.7803955078125,1966.65234375,-18.1280517578125,-38621.51477050781,80.3348970990628,79.10953439585865,0.0,0.0
481,2035-01-09 16:05:00,1974.646484375,1956.4970703125,-18.1494140625,-38639.66418457031,80.3348970990628,79.10953439585865,0.0,0.0
482,2035-01-09 16:10:00,1957.64013671875,1939.587890625,-18.05224609375,-38657.71643066406,80.3348970990628,79.10953439585865,0.0,0.0
483,2035-01-09 16:15:00,1943.447021484375,1925.4947509765625,-17.9522705078125,-38675.668701171875,80.3348970990628,79.10953439585865,0.0,0.0
484,2035-01-09 16:20:00,1920.578125,1902.798583984375,-17.779541015625,-38693.4482421875,80.3348970990628,79.10953439585865,0.0,0.0
485,2035-01-09 16:25:00,1900.1888427734375,1882.6124267578125,-17.576416015625,-38711.024658203125,80.3348970990628,79.10953439585865,0.0,0.0
486,2035-01-09 16:30:00,1883.19775390625,1865.8365478515625,-17.3612060546875,-38728.38586425781,80.3348970990628,79.10953439585865,0.0,0.0
487,2035-01-09 16:35:00,1865.1123046875,1848.0634765625,-17.048828125,-38745.43469238281,80.3348970990628,79.10953439585865,0.0,0.0
488,2035-01-09 16:40:00,1848.806396484375,1832.0848388671875,-16.7215576171875,-38762.15625,80.3348970990628,79.10953439585865,0.0,0.0
489,2035-01-09 16:45:00,1838.969482421875,1822.5419921875,-16.427490234375,-38778.583740234375,80.3348970990628,79.10953439585865,0.0,0.0
490,2035-01-09 16:50:00,1832.900634765625,1816.7640380859375,-16.1365966796875,-38794.72033691406,80.3348970990628,79.10953439585865,0.0,0.0
491,2035-01-09 16:55:00,1827.61376953125,1811.73193359375,-15.8818359375,-38810.60217285156,80.3348970990628,79.10953439585865,0.0,0.0
492,2035-01-09 17:00:00,1830.429931640625,1814.72998046875,-15.699951171875,-38826.30212402344,80.3348970990628,79.10953439585865,0.0,0.0
493,2035-01-09 17:05:00,1835.941162109375,1820.413818359375,-15.52734375,-38841.82946777344,80.3348970990628,79.10953439585865,0.0,0.0
494,2035-01-09 17:10:00,1840.79443359375,1825.4429931640625,-15.3514404296875,-38857.180908203125,80.3348970990628,79.10953439585865,0.0,0.0
495,2035-01-09 17:15:00,1854.493408203125,1839.169189453125,-15.32421875,-38872.505126953125,80.3348970990628,79.10953439585865,0.0,0.0
496,2035-01-09 17:20:00,1868.892578125,1853.5836181640625,-15.3089599609375,-38887.81408691406,80.3348970990628,79.10953439585865,0.0,0.0
497,2035-01-09 17:25:00,1879.09619140625,1863.666015625,-15.43017578125,-38903.24426269531,80.3348970990628,79.10953439585865,0.0,0.0
498,2035-01-09 17:30:00,1891.282470703125,1875.588623046875,-15.69384765625,-38918.93811035156,80.3348970990628,79.10953439585865,0.0,0.0
499,2035-01-09 17:35:00,1904.9329833984375,1888.99658203125,-15.9364013671875,-38934.87451171875,80.3348970990628,79.10953439585865,0.0,0.0
500,2035-01-09 17:40:00,1918.42578125,1902.301513671875,-16.124267578125,-38950.998779296875,80.3348970990628,79.10953439585865,0.0,0.0
501,2035-01-09 17:45:00,1931.5670166015625,1915.2364501953125,-16.33056640625,-38967.329345703125,80.3348970990628,79.10953439585865,0.0,0.0
502,2035-01-09 17:50:00,1950.0101318359375,1933.412841796875,-16.5972900390625,-38983.92663574219,80.3348970990628,79.10953439585865,0.0,0.0
503,2035-01-09 17:55:00,1965.0125732421875,1948.18798828125,-16.8245849609375,-39000.751220703125,80.3348970990628,79.10953439585865,0.0,0.0
504,2035-01-09 18:00:00,1978.117431640625,1961.089599609375,-17.02783203125,-39017.779052734375,80.3348970990628,79.10953439585865,0.0,0.0
505,2035-01-09 18:05:00,1978.684326171875,1961.5291748046875,-17.1551513671875,-39034.93420410156,80.3348970990628,79.10953439585865,0.0,0.0
506,2035-01-09 18:10:00,1983.679931640625,1966.370361328125,-17.3095703125,-39052.24377441406,80.3348970990628,79.10953439585865,0.0,0.0
507,2035-01-09 18:15:00,1984.62890625,1967.316162109375,-17.312744140625,-39069.55651855469,80.3348970990628,79.10953439585865,0.0,0.0
508,2035-01-09 18:20:00,1992.510498046875,1975.0947265625,-17.415771484375,-39086.97229003906,80.3348970990628,79.10953439585865,0.0,0.0
509,2035-01-09 18:25:00,1995.64794921875,1978.1746826171875,-17.4732666015625,-39104.445556640625,80.3348970990628,79.10953439585865,0.0,0.0
510,2035-01-09 18:30:00,1996.82421875,1979.3994140625,-17.4248046875,-39121.870361328125,80.3348970990628,79.10953439585865,0.0,0.0
511,2035-01-09 18:35:00,2000.6256103515625,1983.264404296875,-17.3612060546875,-39139.23156738281,80.3348970990628,79.10953439585865,0.0,0.0
512,2035-01-09 18:40:00,2007.9586181640625,1990.685302734375,-17.2733154296875,-39156.5048828125,80.3348970990628,79.10953439585865,0.0,0.0
513,2035-01-09 18:45:00,2024.8011474609375,2007.549072265625,-17.2520751953125,-39173.75695800781,80.3348970990628,79.10953439585865,0.0,0.0
514,2035-01-09 18:50:00,2034.6259765625,2017.5557861328125,-17.0701904296875,-39190.8271484375,80.3348970990628,79.10953439585865,0.0,0.0
515,2035-01-09 18:55:00,2045.1419677734375,2028.2596435546875,-16.88232421875,-39207.70947265625,80.3348970990628,79.10953439585865,0.0,0.0
516,2035-01-09 19:00:00,2055.86083984375,2039.2061767578125,-16.6546630859375,-39224.36413574219,80.3348970990628,79.10953439585865,0.0,0.0
517,2035-01-09 19:05:00,2056.81298828125,2040.4822998046875,-16.3306884765625,-39240.69482421875,80.3348970990628,79.10953439585865,0.0,0.0
518,2035-01-09 19:10:00,2066.01025390625,2049.89794921875,-16.1123046875,-39256.80712890625,80.3348970990628,79.10953439585865,0.0,0.0
519,2035-01-09 19:15:00,2402.07177734375,2441.211181640625,39.139404296875,-39217.667724609375,87.44251787662506,89.03160452283919,19.59651108086109,22.790058620274067
520,2035-01-09 19:20:00,2288.548828125,2303.45068359375,14.90185546875,-39202.765869140625,87.11123141646385,88.45275223255157,0.0,0.0
521,2035-01-09 19:25:00,2329.30126953125,2344.15673828125,14.85546875,-39187.910400390625,88.78318849205971,90.14318513870239,0.0,0.0
522,2035-01-09 19:30:00,2339.235107421875,2353.869140625,14.634033203125,-39173.2763671875,88.78318849205971,90.14318513870239,0.0,0.0
523,2035-01-09 19:35:00,2344.14599609375,2358.44384765625,14.2978515625,-39158.978515625,88.78318849205971,90.14318513870239,0.0,0.0
524,2035-01-09 19:40:00,2353.60400390625,2367.58349609375,13.9794921875,-39144.9990234375,88.78318849205971,90.14318513870239,0.0,0.0
525,2035-01-09 19:45:00,2345.734375,2359.64111328125,13.90673828125,-39131.09228515625,88.78318849205971,90.14318513870239,0.0,0.0
526,2035-01-09 19:50:00,2338.94091796875,2352.77197265625,13.8310546875,-39117.26123046875,88.78318849205971,90.14318513870239,0.0,0.0
527,2035-01-09 19:55:00,2328.412841796875,2342.21044921875,13.797607421875,-39103.463623046875,88.78318849205971,90.14318513870239,0.0,0.0
528,2035-01-09 20:00:00,2310.455078125,2324.164306640625,13.709228515625,-39089.75439453125,88.78318849205971,90.14318513870239,0.0,0.0
529,2035-01-09 20:05:00,2327.015625,2339.62158203125,12.60595703125,-39077.1484375,88.78318849205971,90.14318513870239,0.0,0.0
530,2035-01-09 20:10:00,2322.89599609375,2335.43212890625,12.5361328125,-39064.6123046875,88.78318849205971,90.14318513870239,0.0,0.0
531,2035-01-09 20:15:00,2316.396484375,2328.86328125,12.466796875,-39052.1455078125,88.78318849205971,90.14318513870239,0.0,0.0
532,2035-01-09 20:20:00,2299.87841796875,2312.375244140625,12.496826171875,-39039.648681640625,88.78318849205971,90.14318513870239,0.0,0.0
533,2035-01-09 20:25:00,2293.30615234375,2305.86669921875,12.560546875,-39027.088134765625,88.78318849205971,90.14318513870239,0.0,0.0
534,2035-01-09 20:30:00,2280.2529296875,2293.00146484375,12.74853515625,-39014.339599609375,88.78318849205971,90.14318513870239,0.0,0.0
535,2035-01-09 20:35:00,2273.116943359375,2286.001953125,12.885009765625,-39001.45458984375,88.78318849205971,90.14318513870239,0.0,0.0
536,2035-01-09 20:40:00,2201.14208984375,2214.19384765625,13.0517578125,-38988.40283203125,88.78318849205971,90.14318513870239,0.0,0.0
537,2035-01-09 20:45:00,2185.818359375,2199.05810546875,13.23974609375,-38975.1630859375,88.78318849205971,90.14318513870239,0.0,0.0
538,2035-01-09 20:50:00,2170.43408203125,2183.86474609375,13.4306640625,-38961.732421875,88.78318849205971,90.14318513870239,0.0,0.0
539,2035-01-09 20:55:00,2152.53955078125,2166.26123046875,13.7216796875,-38948.0107421875,88.78318849205971,90.14318513870239,0.0,0.0
540,2035-01-09 21:00:00,2138.2705078125,2152.310546875,14.0400390625,-38933.970703125,88.78318849205971,90.14318513870239,0.0,0.0
541,2035-01-09 21:05:00,2120.697509765625,2135.09228515625,14.394775390625,-38919.575927734375,88.78318849205971,90.14318513870239,0.0,0.0
542,2035-01-09 21:10:00,2154.14599609375,2168.74072265625,14.5947265625,-38904.981201171875,88.78318849205971,90.14318513870239,0.0,0.0
543,2035-01-09 21:15:00,2147.59228515625,2162.559814453125,14.967529296875,-38890.013671875,88.78318849205971,90.14318513870239,0.0,0.0
544,2035-01-09 21:20:00,2147.3798828125,2162.65380859375,15.27392578125,-38874.73974609375,88.78318849205971,90.14318513870239,0.0,0.0
545,2035-01-09 21:25:00,2146.63720703125,2162.268798828125,15.631591796875,-38859.108154296875,88.78318849205971,90.14318513870239,0.0,0.0
546,2035-01-09 21:30:00,2148.3623046875,2164.3603515625,15.998046875,-38843.110107421875,88.78318849205971,90.14318513870239,0.0,0.0
547,2035-01-09 21:35:00,2158.3505859375,2174.667236328125,16.316650390625,-38826.79345703125,88.78318849205971,90.14318513870239,0.0,0.0
548,2035-01-09 21:40:00,2094.509033203125,3205.758056640625,1111.2490234375,-37715.54443359375,88.78318849205971,114.19523978233337,0.0,72.0525358915329
549,2035-01-09 21:45:00,2300.3671875,3090.388916015625,790.021728515625,-36925.522705078125,93.37997218966484,137.77723109722137,13.305220797657967,29.8967142701149
550,2035-01-09 21:50:00,2278.317138671875,3079.26171875,800.944580078125,-36124.578125,91.67051051557064,151.88405752182007,0.0,0.0
551,2035-01-09 21:55:00,2282.830078125,3179.876220703125,897.046142578125,-35227.531982421875,91.06619673882597,161.90544908408992,0.0,0.0
552,2035-01-09 22:00:00,2291.2392578125,3274.954345703125,983.715087890625,-34243.81689453125,91.06619901870363,171.99346130256527,0.0,0.0
553,2035-01-09 22:05:00,2416.0615234375,3672.72900390625,1256.66748046875,-32987.1494140625,93.02961853146553,190.6660787380206,0.4528827667236328,17.77475242316723
554,2035-01-09 22:10:00,2439.083984375,3795.83984375,1356.755859375,-31630.3935546875,92.94508099555969,200.97320108775966,0.0,0.0
555,2035-01-09 22:15:00,2480.52880859375,3747.9287109375,1267.39990234375,-30362.99365234375,93.05779792368412,203.0378250992762,0.0,0.0
556,2035-01-09 22:20:00,2517.56640625,3867.90625,1350.33984375,-29012.65380859375,93.05779792368412,207.8043261170387,0.0,0.0
557,2035-01-09 22:25:00,2548.28076171875,3945.520751953125,1397.239990234375,-27615.413818359375,93.05779792368412,211.27429527044293,0.0,0.0
558,2035-01-09 22:30:00,2582.00537109375,3981.53076171875,1399.525390625,-26215.888427734375,93.05779792368412,215.02429658174515,0.0,0.0
559,2035-01-09 22:35:00,2601.43359375,3982.204345703125,1380.770751953125,-24835.11767578125,93.05779792368412,215.4337986111641,0.0,0.0
560,2035-01-09 22:40:00,2698.04150390625,4326.69384765625,1628.65234375,-23206.46533203125,93.05779792368412,224.4685854911804,0.0,0.0
561,2035-01-09 22:45:00,2758.07568359375,4289.38134765625,1531.3056640625,-21675.15966796875,93.05779792368412,225.85927337408066,0.0,0.0
562,2035-01-09 22:50:00,2804.189453125,4342.84912109375,1538.65966796875,-20136.5,93.05779792368412,228.69926744699478,0.0,0.0
563,2035-01-09 22:55:00,2839.799560546875,4393.1220703125,1553.322509765625,-18583.177490234375,93.05779792368412,230.12925630807877,0.0,0.0
564,2035-01-09 23:00:00,2863.811279296875,4416.05615234375,1552.244873046875,-17030.9326171875,93.05779792368412,231.6892402768135,0.0,0.0
565,2035-01-09 23:05:00,2900.4580078125,4547.07177734375,1646.61376953125,-15384.31884765625,93.05779792368412,234.23746237158775,0.0,0.0
566,2035-01-09 23:10:00,2902.8134765625,4510.58984375,1607.7763671875,-13776.54248046875,93.05779792368412,238.57928431034088,0.0,0.0
567,2035-01-09 23:15:00,2906.423828125,4475.04541015625,1568.62158203125,-12207.9208984375,93.05779792368412,239.13924545049665,0.0,0.0
568,2035-01-09 23:20:00,2894.09228515625,4435.81689453125,1541.724609375,-10666.1962890625,93.05779792368412,242.39925462007523,0.0,0.0
569,2035-01-09 23:25:00,2866.239501953125,4466.11865234375,1599.879150390625,-9066.317138671875,93.05779792368412,241.44924783706665,0.0,0.0
570,2035-01-09 23:30:00,2825.145751953125,4381.62939453125,1556.483642578125,-7509.83349609375,93.05779792368412,245.5492467880249,0.0,0.0
571,2035-01-09 23:35:00,2789.511474609375,4410.458984375,1620.947509765625,-5888.885986328125,93.05779792368412,243.3902707695961,0.0,0.0
572,2035-01-09 23:40:00,2745.7744140625,4382.8984375,1637.1240234375,-4251.761962890625,93.05779792368412,248.1397625207901,0.0,0.0
573,2035-01-09 23:45:00,2770.8017578125,4585.103515625,1814.3017578125,-2437.460205078125,93.05779792368412,258.9410492181778,0.0,0.0
574,2035-01-09 23:50:00,2729.08642578125,4916.89697265625,2187.810546875,-249.649658203125,93.05779792368412,277.5449125766754,0.0,28.51659757643938
575,2035-01-09 23:55:00,2699.37841796875,4809.68310546875,2110.3046875,1860.655029296875,93.05779792368412,283.94156301021576,0.0,0.0
576,2035-01-10 00:00:00,2690.214599609375,5097.9453125,2407.730712890625,4268.3857421875,93.05779792368412,291.2259598970413,0.0,31.94813996553421
577,2035-01-10 00:05:00,2693.75537109375,4944.23388671875,2250.478515625,6518.8642578125,93.05779792368412,289.65066720460527,0.0,0.0
578,2035-01-10 00:10:00,2678.470703125,4698.14990234375,2019.67919921875,8538.54345703125,93.05779792368412,282.9008275112974,0.0,0.0
579,2035-01-10 00:15:00,2659.154541015625,4860.24267578125,2201.088134765625,10739.631591796875,93.05779792368412,286.50728004341,0.0,3.565672665834427
580,2035-01-10 00:20:00,2633.93017578125,4521.77783203125,1887.84765625,12627.479248046875,93.05779792368412,272.7896521455514,0.0,0.0
581,2035-01-10 00:25:00,2617.5,4564.70703125,1947.20703125,14574.686279296875,93.05779792368412,270.3203682816493,0.0,0.0
582,2035-01-10 00:30:00,2584.966796875,4258.35107421875,1673.38427734375,16248.070556640625,93.05779792368412,254.65460596148841,0.0,0.0
583,2035-01-10 00:35:00,2557.68505859375,4050.19091796875,1492.505859375,17740.576416015625,92.61086948215961,240.07161072556843,0.0,0.0
584,2035-01-10 00:40:00,2551.2685546875,3855.57958984375,1304.31103515625,19044.887451171875,93.19541325335376,222.64121831783993,0.0,0.0
585,2035-01-10 00:45:00,2549.816650390625,3684.54150390625,1134.724853515625,20179.6123046875,93.19541325335376,208.55802659520847,0.0,0.0
586,2035-01-10 00:50:00,2557.45263671875,3490.13671875,932.68408203125,21112.29638671875,93.19541325335376,192.68556974658713,0.0,0.0
587,2035-01-10 00:55:00,2565.50732421875,3435.151611328125,869.644287109375,21981.940673828125,93.19541325335376,181.74412663111434,0.0,0.0
588,2035-01-10 01:00:00,2582.195068359375,3322.591552734375,740.396484375,22722.337158203125,93.19541325335376,170.25500009784446,0.0,0.0
589,2035-01-10 01:05:00,2611.62109375,3346.863525390625,735.242431640625,23457.57958984375,93.19541325335376,163.85988833585725,0.0,0.0
590,2035-01-10 01:10:00,2601.08984375,3323.20947265625,722.11962890625,24179.69921875,93.19541325335376,160.1620278490518,0.0,0.0
591,2035-01-10 01:15:00,2593.783203125,3499.375,905.591796875,25085.291015625,92.61087056994438,166.74191774343126,0.0,0.0
592,2035-01-10 01:20:00,2481.31689453125,3556.3330078125,1075.01611328125,26160.30712890625,93.05780006945133,171.24190937642925,0.0,0.0
593,2035-01-10 01:25:00,2503.4462890625,3653.998046875,1150.5517578125,27310.85888671875,93.05780006945133,176.22086072628372,0.0,0.0
594,2035-01-10 01:30:00,2518.41845703125,3772.65966796875,1254.2412109375,28565.10009765625,93.05780006945133,184.52717410688274,0.0,0.0
595,2035-01-10 01:35:00,2539.892822265625,3809.80810546875,1269.915283203125,29835.015380859375,93.05780006945133,189.95770437185638,0.0,0.0
596,2035-01-10 01:40:00,2544.8642578125,4009.76416015625,1464.89990234375,31299.915283203125,93.05780006945133,202.69194236871772,0.0,0.0
597,2035-01-10 01:45:00,2550.78466796875,4101.24462890625,1550.4599609375,32850.375244140625,93.05780006945133,212.14824286391013,0.0,0.0
598,2035-01-10 01:50:00,2558.851318359375,4159.560546875,1600.709228515625,34451.08447265625,93.05780006945133,218.64694573645463,0.0,0.0
599,2035-01-10 01:55:00,2577.374267578125,4249.25830078125,1671.884033203125,36122.968505859375,92.61087162792683,226.1287560081946,0.0,0.0
600,2035-01-10 02:00:00,2599.22265625,4286.67138671875,1687.44873046875,37810.417236328125,93.19541539912098,229.3548702580665,0.0,0.0
601,2035-01-10 02:05:00,2591.50146484375,4207.076171875,1615.57470703125,39425.991943359375,93.19541539912098,232.11870185861332,0.0,0.0
602,2035-01-10 02:10:00,2576.86279296875,4130.0439453125,1553.18115234375,40979.173095703125,93.19541539912098,227.833775295112,0.0,0.0
603,2035-01-10 02:15:00,2543.23828125,4048.725341796875,1505.487060546875,42484.66015625,93.19541539912098,223.95453855970842,0.0,0.0
604,2035-01-10 02:20:00,2514.87646484375,3952.8271484375,1437.95068359375,43922.61083984375,93.19541539912098,219.0134009254907,0.0,0.0
605,2035-01-10 02:25:00,2452.51953125,3747.090087890625,1294.570556640625,45217.181396484375,92.6108727157116,211.50737070207467,0.0,0.0
606,2035-01-10 02:30:00,2440.526123046875,3665.46923828125,1224.943115234375,46442.12451171875,93.05780221521854,202.31585139696472,0.0,0.0
607,2035-01-10 02:35:00,2412.373291015625,3418.3916015625,1006.018310546875,47448.142822265625,93.05780221521854,187.75358989004962,0.0,0.0
608,2035-01-10 02:40:00,2375.30224609375,3286.65966796875,911.357421875,48359.500244140625,93.05780221521854,176.01792409186237,0.0,0.0
609,2035-01-10 02:45:00,2337.21240234375,3089.761962890625,752.549560546875,49112.0498046875,93.05780221521854,162.59680966203086,0.0,0.0
610,2035-01-10 02:50:00,2304.39453125,2915.365234375,610.970703125,49723.0205078125,93.05780221521854,149.43623777394168,0.0,0.0
611,2035-01-10 02:55:00,2282.607666015625,2845.4453125,562.837646484375,50285.858154296875,93.05780221521854,143.10366132025592,0.0,0.0
612,2035-01-10 03:00:00,2223.74658203125,2792.279541015625,568.532958984375,50854.39111328125,90.62372025847435,144.0022832966315,0.0,0.0
613,2035-01-10 03:05:00,2223.005859375,2817.317626953125,594.311767578125,51448.702880859375,93.19541539912098,140.35067872533546,0.0,0.0
614,2035-01-10 03:10:00,2212.841796875,2809.903076171875,597.061279296875,52045.76416015625,93.19541539912098,140.17983276972518,0.0,0.0
615,2035-01-10 03:15:00,2190.663818359375,2788.31982421875,597.656005859375,52643.420166015625,93.19541539912098,140.17983315715537,0.0,0.0
616,2035-01-10 03:20:00,2174.4580078125,2772.57470703125,598.11669921875,53241.536865234375,93.19541539912098,140.17983351478324,0.0,0.0
617,2035-01-10 03:25:00,2161.7685546875,2761.795166015625,600.026611328125,53841.5634765625,93.19541539912098,140.1798338724111,0.0,0.0
618,2035-01-10 03:30:00,2153.092529296875,2757.131103515625,604.03857421875,54445.60205078125,93.19541539912098,140.17983423003898,0.0,0.0
619,2035-01-10 03:35:00,2106.258056640625,2770.64208984375,664.384033203125,55109.986083984375,90.62371882796288,142.28557369773262,0.0,0.0
620,2035-01-10 03:40:00,2104.15869140625,2762.051513671875,657.892822265625,55767.87890625,91.5161339789629,142.28557477061622,0.0,0.0
621,2035-01-10 03:45:00,2121.84765625,2739.757568359375,617.909912109375,56385.788818359375,93.19541611437671,140.15769278833613,0.0,0.0
622,2035-01-10 03:50:00,2077.46044921875,2756.580078125,679.11962890625,57064.908447265625,90.30246786773205,141.50297100012176,0.0,0.0
623,2035-01-10 03:55:00,2109.4736328125,2705.11181640625,595.63818359375,57660.546630859375,93.19541682963245,138.04877868125186,0.0,0.0
624,2035-01-10 04:00:00,2122.248046875,2749.419677734375,627.171630859375,58287.71826171875,93.19541682963245,137.95732647756085,0.0,0.0
625,2035-01-10 04:05:00,2116.64599609375,2752.55029296875,635.904296875,58923.62255859375,93.19541682963245,140.8633300496076,0.0,0.0
626,2035-01-10 04:10:00,2112.30810546875,2779.885498046875,667.577392578125,59591.199951171875,93.19541682963245,142.66333862969623,0.0,0.0
627,2035-01-10 04:15:00,2120.059326171875,2810.7158203125,690.656494140625,60281.8564453125,93.19541682963245,144.99667911061988,0.0,0.0
628,2035-01-10 04:20:00,2106.9384765625,2846.7822265625,739.84375,61021.7001953125,92.61087414622307,149.53736155395382,0.0,0.0
629,2035-01-10 04:25:00,2088.915771484375,2881.369140625,792.453369140625,61814.153564453125,90.46309572458267,150.72682813097708,0.0,0.0
630,2035-01-10 04:30:00,2112.97900390625,2818.54248046875,705.5634765625,62519.717041015625,93.0578050762415,150.3996844506728,0.0,0.0
631,2035-01-10 04:35:00,2074.140625,2728.752197265625,654.611572265625,63174.32861328125,90.70403614640236,149.7215638524758,0.0,0.0
632,2035-01-10 04:40:00,2093.346435546875,2697.562255859375,604.2158203125,63778.54443359375,93.19541897539966,146.99667435714946,0.0,0.0
633,2035-01-10 04:45:00,2086.971435546875,2646.35986328125,559.388427734375,64337.932861328125,93.19541897539966,145.8011786771749,0.0,0.0
634,2035-01-10 04:50:00,2079.183837890625,2663.711669921875,584.52783203125,64922.460693359375,93.19541897539966,146.2299985123609,0.0,0.0
635,2035-01-10 04:55:00,2043.96435546875,2636.427001953125,592.462646484375,65514.92333984375,91.34771902859211,147.3996787286269,0.0,0.0
636,2035-01-10 05:00:00,2050.53173828125,2622.8720703125,572.34033203125,66087.263671875,93.05780328810215,146.40576333467834,0.0,0.0
637,2035-01-10 05:05:00,2043.7445068359375,2628.310791015625,584.5662841796875,66671.82995605469,93.05780328810215,145.45839390818946,0.0,0.0
638,2035-01-10 05:10:00,2028.26611328125,2550.846923828125,522.580810546875,67194.41076660156,93.05780328810215,143.52050258879535,0.0,0.0
639,2035-01-10 05:15:00,2011.9874267578125,2556.138671875,544.1512451171875,67738.56201171875,93.05780328810215,142.1612891918885,0.0,0.0
640,2035-01-10 05:20:00,2002.171630859375,2555.140380859375,552.96875,68291.53076171875,93.05780328810215,141.4651764995324,0.0,0.0
641,2035-01-10 05:25:00,1983.27685546875,2532.129150390625,548.852294921875,68840.38305664062,93.05780328810215,141.25991894965046,0.0,0.0
642,2035-01-10 05:30:00,1975.36181640625,2524.738525390625,549.376708984375,69389.759765625,93.05780328810215,140.99675763313644,0.0,0.0
643,2035-01-10 05:35:00,1971.539306640625,2494.15380859375,522.614501953125,69912.37426757812,93.05780328810215,141.00201871161335,0.0,0.0
644,2035-01-10 05:40:00,1967.904541015625,2480.307373046875,512.40283203125,70424.77709960938,93.05780328810215,140.11255048875682,0.0,0.0
645,2035-01-10 05:45:00,1965.80078125,2469.968505859375,504.167724609375,70928.94482421875,93.05780328810215,139.7599112532007,0.0,0.0
646,2035-01-10 05:50:00,1956.436767578125,2458.375,501.938232421875,71430.88305664062,93.05780328810215,139.56089284558766,0.0,0.0
647,2035-01-10 05:55:00,1956.58837890625,2458.007080078125,501.418701171875,71932.3017578125,93.05780328810215,139.74411373873227,0.0,0.0
648,2035-01-10 06:00:00,1951.692626953125,2467.757080078125,516.064453125,72448.3662109375,93.05780328810215,140.20726747726076,0.0,0.0
649,2035-01-10 06:05:00,1959.6046142578125,2480.124755859375,520.5201416015625,72968.88635253906,93.05780328810215,141.27568621103637,0.0,0.0
650,2035-01-10 06:10:00,1977.9931640625,2541.134033203125,563.140869140625,73532.02722167969,93.05780328810215,142.58332854983382,0.0,0.0
651,2035-01-10 06:15:00,1993.335205078125,2574.23095703125,580.895751953125,74112.92297363281,93.05780328810215,145.35312034849994,0.0,0.0
652,2035-01-10 06:20:00,2013.824462890625,2661.69677734375,647.872314453125,74760.79528808594,93.05780328810215,148.37173189138048,0.0,0.0
653,2035-01-10 06:25:00,2037.133056640625,2721.97900390625,684.845947265625,75445.64123535156,93.05780328810215,152.90330176343195,0.0,0.0
654,2035-01-10 06:30:00,2060.71728515625,2807.844482421875,747.127197265625,76192.76843261719,93.05780328810215,157.09803605739944,0.0,0.0
655,2035-01-10 06:35:00,2097.93701171875,2886.462646484375,788.525634765625,76981.29406738281,93.05780328810215,161.7612044579255,0.0,0.0
656,2035-01-10 06:40:00,2131.221923828125,2951.63623046875,820.414306640625,77801.70837402344,93.05780328810215,165.99924028207533,0.0,0.0
657,2035-01-10 06:45:00,2154.30322265625,3064.0986328125,909.79541015625,78711.50378417969,93.05780328810215,170.60503976707332,0.0,0.0
658,2035-01-10 06:50:00,2169.75732421875,3166.7763671875,997.01904296875,79708.52282714844,93.05780328810215,178.4548054561019,0.0,0.0
659,2035-01-10 06:55:00,2176.85986328125,3216.385986328125,1039.526123046875,80748.04895019531,93.05780328810215,181.96481987833977,0.0,0.0
660,2035-01-10 07:00:00,2183.7744140625,3244.200439453125,1060.426025390625,81808.47497558594,93.05780328810215,184.8748239353299,0.0,0.0
661,2035-01-10 07:05:00,2194.427001953125,3290.263916015625,1095.8369140625,82904.31188964844,93.05780328810215,187.0248193591833,0.0,0.0
662,2035-01-10 07:10:00,2189.66162109375,3189.03662109375,999.375,83903.68688964844,93.05780328810215,186.26262670755386,0.0,0.0
663,2035-01-10 07:15:00,2191.25,3191.472412109375,1000.222412109375,84903.90930175781,93.05780328810215,182.81417021155357,0.0,0.0
664,2035-01-10 07:20:00,2182.0556640625,3133.05810546875,951.00244140625,85854.91174316406,93.05780328810215,179.46121594309807,0.0,0.0
665,2035-01-10 07:25:00,2177.38427734375,2992.396728515625,815.012451171875,86669.92419433594,93.05780328810215,169.23507618904114,0.0,0.0
666,2035-01-10 07:30:00,2166.1044921875,2902.46533203125,736.36083984375,87406.28503417969,93.05780328810215,161.8525688201189,0.0,0.0
667,2035-01-10 07:35:00,2148.48876953125,2881.41845703125,732.9296875,88139.21472167969,93.05780328810215,158.72342178225517,0.0,0.0
668,2035-01-10 07:40:00,2098.973876953125,2819.13232421875,720.158447265625,88859.37316894531,93.05780328810215,152.81070393323898,0.0,0.0
669,2035-01-10 07:45:00,2087.89404296875,2787.10595703125,699.2119140625,89558.58508300781,93.05780328810215,148.89663544297218,0.0,0.0
670,2035-01-10 07:50:00,2088.181884765625,2760.99951171875,672.817626953125,90231.40270996094,93.05780328810215,144.75482362508774,0.0,0.0
671,2035-01-10 07:55:00,2094.493408203125,2768.296875,673.803466796875,90905.20617675781,93.05780328810215,142.08761562407017,0.0,0.0
672,2035-01-10 08:00:00,2105.44287109375,2787.390869140625,681.947998046875,91587.15417480469,93.05780328810215,142.20878697931767,0.0,0.0
673,2035-01-10 08:05:00,2113.927734375,2828.344970703125,714.417236328125,92301.57141113281,93.05780328810215,143.06878627836704,0.0,0.0
674,2035-01-10 08:10:00,2133.00146484375,2843.764892578125,710.763427734375,93012.33483886719,93.05780328810215,142.69878982380033,0.0,0.0
675,2035-01-10 08:15:00,2153.16943359375,2888.160888671875,734.991455078125,93747.32629394531,93.05780328810215,142.48943903669715,0.0,0.0
676,2035-01-10 08:20:00,2184.4384765625,2932.32421875,747.8857421875,94495.21203613281,93.05780328810215,143.47826849669218,0.0,0.0
677,2035-01-10 08:25:00,2195.8759765625,2973.481201171875,777.605224609375,95272.81726074219,93.05780328810215,145.67099173367023,0.0,0.0
678,2035-01-10 08:30:00,2209.16552734375,3082.925537109375,873.760009765625,96146.57727050781,93.05780328810215,150.78304135799408,0.0,0.0
679,2035-01-10 08:35:00,2225.326171875,3122.44970703125,897.12353515625,97043.70080566406,93.05780328810215,154.27729433774948,0.0,0.0
680,2035-01-10 08:40:00,2252.60888671875,3296.173828125,1043.56494140625,98087.26574707031,93.05780328810215,164.3287399355322,0.0,0.0
681,2035-01-10 08:45:00,2269.539306640625,3322.48876953125,1052.949462890625,99140.21520996094,93.05780328810215,171.1392039451748,0.0,0.0
682,2035-01-10 08:50:00,2286.77880859375,3323.6142578125,1036.83544921875,100177.05065917969,93.05780328810215,172.73222766816616,0.0,0.0
683,2035-01-10 08:55:00,2302.02099609375,3377.042724609375,1075.021728515625,101252.07238769531,93.05780328810215,176.957284912467,0.0,0.0
684,2035-01-10 09:00:00,2320.921630859375,3447.383056640625,1126.46142578125,102378.53381347656,93.05780328810215,181.26499877870083,0.0,0.0
685,2035-01-10 09:05:00,2335.863525390625,3601.070556640625,1265.20703125,103643.74084472656,93.05780328810215,191.23221648856997,0.0,0.0
686,2035-01-10 09:10:00,2348.21337890625,3516.35888671875,1168.1455078125,104811.88635253906,93.05780328810215,191.33661534637213,0.0,0.0
687,2035-01-10 09:15:00,2364.0498046875,3564.2119140625,1200.162109375,106012.04846191406,93.05780328810215,191.4072688370943,0.0,0.0
688,2035-01-10 09:20:00,2367.114501953125,3553.58349609375,1186.468994140625,107198.51745605469,93.05780328810215,193.27662310004234,0.0,0.0
689,2035-01-10 09:25:00,2379.3037109375,3527.4140625,1148.1103515625,108346.62780761719,93.05780328810215,192.7966201305389,0.0,0.0
690,2035-01-10 09:30:00,2382.5048828125,3556.447021484375,1173.942138671875,109520.56994628906,93.05780328810215,191.32725708931684,0.0,0.0
691,2035-01-10 09:35:00,2393.51806640625,3533.9306640625,1140.41259765625,110660.98254394531,93.05780328810215,192.47659485042095,0.0,0.0
692,2035-01-10 09:40:00,2399.056396484375,3523.63525390625,1124.578857421875,111785.56140136719,93.05780328810215,191.11659490317106,0.0,0.0
693,2035-01-10 09:45:00,2406.3046875,3475.43408203125,1069.12939453125,112854.69079589844,93.05780328810215,189.7566073834896,0.0,0.0
694,2035-01-10 09:50:00,2433.15673828125,3501.06396484375,1067.9072265625,113922.59802246094,93.05780328810215,186.8566065505147,0.0,0.0
695,2035-01-10 09:55:00,2452.488037109375,3346.122314453125,893.63427734375,114816.23229980469,93.05780328810215,179.94141866266727,0.0,0.0
696,2035-01-10 10:00:00,2474.97216796875,3373.422119140625,898.449951171875,115714.68225097656,93.05780328810215,176.88114917938583,0.0,0.0
697,2035-01-10 10:05:00,2498.9111328125,3332.511474609375,833.600341796875,116548.28259277344,93.05780328810215,174.1539099133479,0.0,0.0
698,2035-01-10 10:10:00,2500.472412109375,3236.725341796875,736.2529296875,117284.53552246094,93.05780328810215,167.45662823979728,0.0,0.0
699,2035-01-10 10:15:00,2513.09521484375,3249.5966796875,736.50146484375,118021.03698730469,93.05780328810215,166.12736930613391,0.0,0.0
700,2035-01-10 10:20:00,2521.71337890625,3149.708740234375,627.995361328125,118649.03234863281,93.05780328810215,158.18508408133857,0.0,0.0
701,2035-01-10 10:25:00,2536.446044921875,3180.593505859375,644.1474609375,119293.17980957031,93.05780328810215,157.0906334436404,0.0,0.0
702,2035-01-10 10:30:00,2553.191650390625,3320.250732421875,767.05908203125,120060.23889160156,93.05780328810215,161.385028637098,0.0,16.56400516629219
703,2035-01-10 10:35:00,2569.044189453125,3163.242919921875,594.19873046875,120654.43762207031,92.52666480839252,153.78763990764492,0.0,0.0
704,2035-01-10 10:40:00,2604.5458984375,3087.977783203125,483.431884765625,121137.86950683594,93.19541897539966,147.05944411287055,0.0,0.0
705,2035-01-10 10:45:00,2970.8505859375,3840.761962890625,869.911376953125,122007.78088378906,120.82254228656164,172.4592897204493,39.67014308273792,39.25390362739563
706,2035-01-10 10:50:00,2883.8251953125,3658.15673828125,774.33154296875,122782.11242675781,127.42403673295847,191.43271681496844,0.0,0.0
707,2035-01-10 10:55:00,2977.6064453125,4060.739501953125,1083.133056640625,123865.24548339844,124.3201233661639,202.66483551839337,2.3452071479987353,46.547415018081665
708,2035-01-10 11:00:00,2982.142578125,3800.005859375,817.86328125,124683.10876464844,125.27997315590255,202.4290701431964,0.0,0.0
709,2035-01-10 11:05:00,2956.4990234375,4007.068115234375,1050.569091796875,125733.67785644531,125.25792024199836,210.86502146551356,0.0,24.696390748023987
710,2035-01-10 11:10:00,2941.544921875,3806.717041015625,865.172119140625,126598.84997558594,125.25792022709719,208.7616103721593,0.0,0.0
711,2035-01-10 11:15:00,2921.3134765625,3806.682373046875,885.368896484375,127484.21887207031,125.25792024199836,211.07635609636054,0.0,0.0
712,2035-01-10 11:20:00,2897.38623046875,3805.150634765625,907.764404296875,128391.98327636719,125.25792022709719,211.9522860927318,0.0,0.0
713,2035-01-10 11:25:00,2885.106201171875,3802.02001953125,916.913818359375,129308.89709472656,125.25792024199836,213.4318943900798,0.0,0.0
714,2035-01-10 11:30:00,2843.0390625,3783.88525390625,940.84619140625,130249.74328613281,125.25792022709719,214.83191208371863,0.0,0.0
715,2035-01-10 11:35:00,2816.12939453125,3786.036376953125,969.906982421875,131219.6502685547,125.25792024199836,216.34301467070327,0.0,0.0
716,2035-01-10 11:40:00,2799.171875,3773.991943359375,974.820068359375,132194.47033691406,125.25792022709719,216.32579462060676,0.0,0.0
717,2035-01-10 11:45:00,2777.92431640625,3792.750732421875,1014.826416015625,133209.2967529297,125.25792024199836,216.88747136125312,0.0,0.0
718,2035-01-10 11:50:00,2783.4296875,3766.955810546875,983.526123046875,134192.82287597656,125.25792022709719,216.3694094551538,0.0,0.0
719,2035-01-10 11:55:00,2816.644775390625,3726.27685546875,909.632080078125,135102.4549560547,125.25792024199836,211.50114110687718,0.0,0.0
720,2035-01-10 12:00:00,2809.5634765625,3758.422119140625,948.858642578125,136051.3135986328,125.25792022709719,213.1171000135873,0.0,0.0
721,2035-01-10 12:05:00,2820.891845703125,3690.305908203125,869.4140625,136920.7276611328,125.25792024199836,207.82462046125872,0.0,0.0
722,2035-01-10 12:10:00,2833.52685546875,3697.434814453125,863.907958984375,137784.6356201172,124.5860655605793,208.3860619134175,0.0,0.0
723,2035-01-10 12:15:00,2845.9814453125,3749.36572265625,903.38427734375,138688.01989746094,125.1172043979168,209.50809340839257,0.0,0.0
724,2035-01-10 12:20:00,2847.866943359375,3704.873779296875,857.0068359375,139545.02673339844,125.1172043979168,206.54802725379338,0.0,0.0
725,2035-01-10 12:25:00,2872.74267578125,3767.866943359375,895.124267578125,140440.15100097656,125.1172043979168,209.46779113178127,0.0,0.0
726,2035-01-10 12:30:00,2892.59228515625,3840.182373046875,947.590087890625,141387.7410888672,125.1172043979168,211.15566795234554,0.0,0.0
727,2035-01-10 12:35:00,2925.4560546875,3918.729248046875,993.273193359375,142381.01428222656,125.1172043979168,212.87309500947592,0.0,0.0
728,2035-01-10 12:40:00,2950.29833984375,3939.58837890625,989.2900390625,143370.30432128906,125.1172043979168,212.87309500947592,0.0,0.0
729,2035-01-10 12:45:00,2966.052734375,3953.141845703125,987.089111328125,144357.3934326172,125.1172043979168,212.87309500947592,0.0,0.0
730,2035-01-10 12:50:00,2976.859619140625,3962.63330078125,985.773681640625,145343.1671142578,125.1172043979168,212.87309500947592,0.0,0.0
731,2035-01-10 12:55:00,2984.235107421875,3967.77734375,983.542236328125,146326.70935058594,125.1172043979168,212.87309500947592,0.0,0.0
732,2035-01-10 13:00:00,2983.913818359375,4094.7734375,1110.859619140625,147437.56896972656,125.1172043979168,218.99094143509865,0.0,19.354603059589863
733,2035-01-10 13:05:00,2958.96533203125,3993.26513671875,1034.2998046875,148471.86877441406,125.1172043979168,220.25241740699857,0.0,0.0
734,2035-01-10 13:10:00,2932.41015625,3971.53369140625,1039.12353515625,149510.9923095703,125.1172043979168,220.65605613589284,0.0,0.0
735,2035-01-10 13:15:00,2896.89697265625,3937.32421875,1040.42724609375,150551.41955566406,125.1172043979168,220.65605613589284,0.0,0.0
736,2035-01-10 13:20:00,2857.673828125,3899.41650390625,1041.74267578125,151593.1622314453,125.1172043979168,220.65605613589284,0.0,0.0
737,2035-01-10 13:25:00,2806.26708984375,3851.356201171875,1045.089111328125,152638.25134277344,125.1172043979168,220.65605613589284,0.0,0.0
738,2035-01-10 13:30:00,2760.225830078125,3807.54638671875,1047.320556640625,153685.57189941406,125.1172043979168,220.65605613589284,0.0,0.0
739,2035-01-10 13:35:00,2711.75048828125,3718.39208984375,1006.6416015625,154692.21350097656,125.1172043979168,219.08522322689166,0.0,0.0
740,2035-01-10 13:40:00,2685.259033203125,3694.00537109375,1008.746337890625,155700.9598388672,125.1172043979168,219.08522242967956,0.0,0.0
741,2035-01-10 13:45:00,2653.92333984375,3666.0146484375,1012.09130859375,156713.05114746094,125.1172043979168,219.08522161756625,0.0,0.0
742,2035-01-10 13:50:00,2622.06005859375,3640.619140625,1018.55908203125,157731.6102294922,125.1172043979168,219.08522082035415,0.0,0.0
743,2035-01-10 13:55:00,2583.782470703125,3608.9638671875,1025.181396484375,158756.79162597656,125.1172043979168,219.08522000824084,0.0,0.0
744,2035-01-10 14:00:00,2570.7080078125,3642.867431640625,1072.159423828125,159828.9510498047,125.1172043979168,220.6560520157218,0.0,0.0
745,2035-01-10 14:05:00,2561.883544921875,3637.835205078125,1075.95166015625,160904.90270996094,125.1172043979168,220.6560520157218,0.0,0.0
746,2035-01-10 14:10:00,2554.013916015625,3821.447509765625,1267.43359375,162172.33630371094,125.1172043979168,216.70641165226695,0.0,24.31041056662798
747,2035-01-10 14:15:00,2537.43212890625,3586.776611328125,1049.344482421875,163221.6807861328,125.1172043979168,215.57608279789565,0.0,0.0
748,2035-01-10 14:20:00,2521.4990234375,4031.988037109375,1510.489013671875,164732.1697998047,125.1172043979168,229.21494315378365,0.0,30.697942584753036
749,2035-01-10 14:25:00,2510.75537109375,3726.458740234375,1215.703369140625,165947.8731689453,125.20115213756435,227.24711103737354,0.0,0.0
750,2035-01-10 14:30:00,2510.8583984375,3750.923828125,1240.0654296875,167187.9385986328,125.20115356807582,225.54920905828473,0.0,0.0
751,2035-01-10 14:35:00,2512.64404296875,3834.101318359375,1321.457275390625,168509.39587402344,125.2011549985873,231.13099080510437,0.0,0.0
752,2035-01-10 14:40:00,2511.18603515625,3810.151611328125,1298.965576171875,169808.3614501953,125.20115642909877,233.4146837424487,0.0,0.0
753,2035-01-10 14:45:00,2510.992431640625,3837.8115234375,1326.819091796875,171135.1805419922,125.11721035838127,234.30533817782995,0.0,0.0
754,2035-01-10 14:50:00,2522.56640625,3751.75732421875,1229.19091796875,172364.37145996094,125.11721040308475,233.53448048233983,0.0,0.0
755,2035-01-10 14:55:00,2530.435791015625,3771.1376953125,1240.701904296875,173605.0733642578,125.11721044778824,230.18470005691051,0.0,0.0
756,2035-01-10 15:00:00,2525.0732421875,3684.4150390625,1159.341796875,174764.4151611328,125.11721049249172,227.96367526054382,0.0,0.0
757,2035-01-10 15:05:00,2514.23583984375,3707.82861328125,1193.5927734375,175958.0079345703,125.1172105371952,229.40223881602287,0.0,0.0
758,2035-01-10 15:10:00,2509.55859375,3841.349609375,1331.791015625,177289.7989501953,125.11721062660217,234.3482537716627,0.0,0.0
759,2035-01-10 15:15:00,2510.949951171875,3859.848388671875,1348.8984375,178638.6973876953,125.11721071600914,234.8353845179081,0.0,0.0
760,2035-01-10 15:20:00,2506.62109375,3794.266845703125,1287.645751953125,179926.34313964844,125.11721080541611,234.8353845179081,0.0,0.0
761,2035-01-10 15:25:00,2509.4462890625,3797.85595703125,1288.40966796875,181214.7528076172,125.1172105371952,234.8353845179081,0.0,0.0
762,2035-01-10 15:30:00,2515.42138671875,3805.076904296875,1289.655517578125,182504.4083251953,125.1172102689743,234.8353845179081,0.0,0.0
763,2035-01-10 15:35:00,2522.47509765625,3813.525390625,1291.05029296875,183795.45861816406,125.11721016466618,234.8353845179081,0.0,0.0
764,2035-01-10 15:40:00,2530.890380859375,3822.61962890625,1291.729248046875,185087.18786621094,125.11721006035803,234.8353845179081,0.0,0.0
765,2035-01-10 15:45:00,2533.73388671875,3826.378662109375,1292.644775390625,186379.83264160156,125.1172100007534,234.8353845179081,0.0,0.0
766,2035-01-10 15:50:00,2545.7744140625,3838.004150390625,1292.229736328125,187672.0623779297,125.11720974743365,234.8353845179081,0.0,0.0
767,2035-01-10 15:55:00,2558.38525390625,3851.818359375,1293.43310546875,188965.49548339844,125.1172095388174,234.8353845179081,0.0,0.0
768,2035-01-10 16:00:00,2570.02880859375,3864.310546875,1294.28173828125,190259.7772216797,125.11720903217791,234.8353845179081,0.0,0.0
769,2035-01-10 16:05:00,2596.456787109375,3889.96240234375,1293.505615234375,191553.28283691406,125.11720728874205,234.8353845179081,0.0,0.0
770,2035-01-10 16:10:00,2621.832763671875,3913.85009765625,1292.017333984375,192845.30017089844,125.11720545589922,234.8353845179081,0.0,0.0
771,2035-01-10 16:15:00,2648.854736328125,3939.02587890625,1290.171142578125,194135.47131347656,125.11720016598701,234.8353845179081,0.0,0.0
772,2035-01-10 16:20:00,2676.522705078125,3965.21728515625,1288.694580078125,195424.1658935547,125.117206081748,234.8353845179081,0.0,0.0
773,2035-01-10 16:25:00,2717.4345703125,4002.76123046875,1285.32666015625,196709.49255371094,125.11719197034836,234.8353845179081,0.0,0.0
774,2035-01-10 16:30:00,2758.249267578125,4040.80859375,1282.559326171875,197992.0518798828,125.11718532443047,234.8353845179081,0.0,0.0
775,2035-01-10 16:35:00,2819.608154296875,4121.80224609375,1302.194091796875,199294.2459716797,125.11718562245369,234.4433959741145,0.0,0.0
776,2035-01-10 16:40:00,2864.900146484375,4170.85595703125,1305.955810546875,200600.20178222656,125.11717733740805,228.20180948171765,0.0,0.0
777,2035-01-10 16:45:00,2923.01220703125,4413.24609375,1490.23388671875,202090.4356689453,125.11716623604298,242.40397373214364,0.0,0.0
778,2035-01-10 16:50:00,2965.664306640625,4576.36083984375,1610.696533203125,203701.13220214844,125.11717194318771,255.6053306295653,0.0,0.0
779,2035-01-10 16:55:00,2988.7666015625,4697.8291015625,1709.0625,205410.19470214844,125.11715838313101,266.99739017989486,0.0,0.0
780,2035-01-10 17:00:00,2988.220947265625,4660.9970703125,1672.776123046875,207082.9708251953,125.11715574562548,270.47227041760925,0.0,0.0
781,2035-01-10 17:05:00,2982.39453125,4712.708984375,1730.314453125,208813.2852783203,125.11715471744536,275.7564472942613,0.0,0.0
782,2035-01-10 17:10:00,2988.7451171875,4676.82861328125,1688.08349609375,210501.36877441406,125.11714485287666,278.08466167747974,0.0,0.0
783,2035-01-10 17:15:00,2984.06787109375,4650.49853515625,1666.4306640625,212167.79943847656,125.11713805794716,277.34468162059784,0.0,0.0
784,2035-01-10 17:20:00,2979.55078125,4620.8203125,1641.26953125,213809.06896972656,125.11713574826717,275.284668803215,0.0,0.0
785,2035-01-10 17:25:00,2954.7568359375,4577.3759765625,1622.619140625,215431.68811035156,125.1171286702156,272.70467807352543,0.0,0.0
786,2035-01-10 17:30:00,2922.50244140625,4518.380859375,1595.87841796875,217027.5665283203,125.11712484061718,270.23468928039074,0.0,0.0
787,2035-01-10 17:35:00,2900.591796875,4411.537109375,1510.9453125,218538.5118408203,125.11712227761745,264.89781737327576,0.0,0.0
788,2035-01-10 17:40:00,2873.196533203125,4409.08203125,1535.885498046875,220074.3973388672,125.11711311340332,261.407159589231,0.0,0.0
789,2035-01-10 17:45:00,2852.043212890625,4195.1455078125,1343.102294921875,221417.49963378906,125.11710809171198,250.31727552329176,0.0,0.0
790,2035-01-10 17:50:00,2823.9453125,4109.4736328125,1285.5283203125,222703.02795410156,125.11710588634014,245.2565893596875,0.0,0.0
791,2035-01-10 17:55:00,2799.802734375,4134.49365234375,1334.69091796875,224037.7188720703,125.11709704995154,245.48991598849167,0.0,0.0
792,2035-01-10 18:00:00,2749.399169921875,4066.138916015625,1316.73974609375,225354.45861816406,125.11709050834179,242.56754093532436,0.0,0.0
793,2035-01-10 18:05:00,2731.538330078125,4021.072021484375,1289.53369140625,226643.9923095703,125.11709091067314,239.41838424568047,0.0,0.0
794,2035-01-10 18:10:00,2721.33447265625,3989.9091796875,1268.57470703125,227912.56701660156,125.11707565188408,236.55178411965244,0.0,0.0
795,2035-01-10 18:15:00,2713.037353515625,3968.12939453125,1255.092041015625,229167.6590576172,125.1170834004879,234.38517319326274,0.0,0.0
796,2035-01-10 18:20:00,2710.330078125,3917.225341796875,1206.895263671875,230374.55432128906,125.11707285046577,231.61833249692788,0.0,0.0
797,2035-01-10 18:25:00,2709.34814453125,3903.571044921875,1194.222900390625,231568.7772216797,125.11706188321114,229.04228492741458,0.0,0.0
798,2035-01-10 18:30:00,2706.7138671875,3914.178955078125,1207.465087890625,232776.2423095703,125.11707091331482,228.76755487089028,0.0,0.0
799,2035-01-10 18:35:00,2709.41162109375,3965.194091796875,1255.782470703125,234032.02478027344,125.11705687642097,231.32714147865772,0.0,0.0
800,2035-01-10 18:40:00,2724.14111328125,3958.49951171875,1234.3583984375,235266.38317871094,125.1170499920845,229.33714461326596,0.0,0.0
801,2035-01-10 18:45:00,2740.79248046875,3949.171142578125,1208.378662109375,236474.7618408203,125.117045417428,227.40714854002,0.0,0.0
802,2035-01-10 18:50:00,2761.09375,3986.989990234375,1225.896240234375,237700.6580810547,125.11704117059706,225.5477956830582,0.0,0.0
803,2035-01-10 18:55:00,2773.37109375,3971.980224609375,1198.609130859375,238899.26721191406,125.1170320212841,226.42715111374855,0.0,0.0
804,2035-01-10 19:00:00,2793.0751953125,3984.13427734375,1191.05908203125,240090.3262939453,125.1170260310173,225.35746058821678,0.0,0.0
805,2035-01-10 19:05:00,2814.9072265625,4076.53125,1261.6240234375,241351.9503173828,125.11702686548232,226.6152193620801,0.0,7.98709512501955
806,2035-01-10 19:10:00,2832.14697265625,4013.289306640625,1181.142333984375,242533.0926513672,125.11702753603457,229.82385748624802,0.0,0.0
807,2035-01-10 19:15:00,2855.1767578125,4012.153564453125,1156.976806640625,243690.0694580078,125.11702117323875,225.39130905270576,0.0,0.0
808,2035-01-10 19:20:00,2878.42138671875,4033.0908203125,1154.66943359375,244844.73889160156,125.11701934039593,224.8823083266616,0.0,0.0
809,2035-01-10 19:25:00,2904.340087890625,4077.90771484375,1173.567626953125,246018.3065185547,125.11701454222202,224.722950482741,0.0,0.0
810,2035-01-10 19:30:00,2924.1650390625,4067.02490234375,1142.85986328125,247161.16638183594,125.11701032519339,226.2823023200035,0.0,0.0
811,2035-01-10 19:35:00,2934.865966796875,4076.533203125,1141.667236328125,248302.83361816406,125.11699628829955,223.6823137626052,0.0,0.0
812,2035-01-10 19:40:00,2956.771484375,4076.586669921875,1119.815185546875,249422.64880371094,125.11700376868248,223.48230355978012,0.0,0.0
813,2035-01-10 19:45:00,2968.46630859375,4086.49560546875,1118.029296875,250540.67810058594,125.11698895692824,221.58230722509322,0.0,0.0
814,2035-01-10 19:50:00,2969.411865234375,4079.1728515625,1109.760986328125,251650.43908691406,125.11698120832443,221.8206709101796,0.0,0.0
815,2035-01-10 19:55:00,2964.34326171875,4092.755859375,1128.41259765625,252778.8516845703,125.11699083447455,222.96067789196965,0.0,0.0
816,2035-01-10 20:00:00,2958.623046875,4101.57177734375,1142.94873046875,253921.80041503906,125.11697688698767,223.93334100395438,0.0,0.0
817,2035-01-10 20:05:00,2940.13134765625,4102.083984375,1161.95263671875,255083.7530517578,125.11696788668633,224.56958961486814,0.0,0.0
818,2035-01-10 20:10:00,2920.75146484375,4081.806640625,1161.05517578125,256244.80822753906,125.11696411669254,224.56958961486814,0.0,0.0
819,2035-01-10 20:15:00,2896.112060546875,4057.22216796875,1161.110107421875,257405.91833496094,125.11695539951324,224.56958961486814,0.0,0.0
820,2035-01-10 20:20:00,2876.15625,4037.417724609375,1161.261474609375,258567.1798095703,125.11695131659506,224.56958961486814,0.0,0.0
821,2035-01-10 20:25:00,2858.80419921875,4018.69287109375,1159.888671875,259727.0684814453,125.11694687604904,224.56958961486814,0.0,0.0
822,2035-01-10 20:30:00,2846.7119140625,4005.7001953125,1158.98828125,260886.0567626953,125.11694738268851,224.56958961486814,0.0,0.0
823,2035-01-10 20:35:00,2829.75732421875,3989.2333984375,1159.47607421875,262045.53283691406,125.11694568395613,224.56958961486814,0.0,0.0
824,2035-01-10 20:40:00,2822.842529296875,3980.994140625,1158.151611328125,263203.6844482422,125.11693307757376,224.56958961486814,0.0,0.0
825,2035-01-10 20:45:00,2810.99560546875,3968.3955078125,1157.39990234375,264361.08435058594,125.1169321089983,224.56958961486814,0.0,0.0
826,2035-01-10 20:50:00,2808.652587890625,3964.67919921875,1156.026611328125,265517.11096191406,125.11693088710307,224.56958961486814,0.0,0.0
827,2035-01-10 20:55:00,2810.73828125,3965.8583984375,1155.1201171875,266672.23107910156,125.11692434549332,224.56958961486814,0.0,0.0
828,2035-01-10 21:00:00,2812.94482421875,3970.08984375,1157.14501953125,267829.3760986328,125.11691972613335,224.41432312875983,0.0,0.0
829,2035-01-10 21:05:00,2818.24365234375,3984.056640625,1165.81298828125,268995.18908691406,125.11691196262836,223.43270291388032,0.0,0.0
830,2035-01-10 21:10:00,2825.60693359375,3953.74267578125,1128.1357421875,270123.32482910156,125.11690859496593,221.3615778405219,0.0,0.0
831,2035-01-10 21:15:00,2824.59423828125,3960.733154296875,1136.138916015625,271259.4637451172,125.11690750718115,223.19093611370772,0.0,0.0
832,2035-01-10 21:20:00,2839.778564453125,4068.3671875,1228.588623046875,272488.05236816406,125.11689651012419,226.71635562181473,0.0,0.0
833,2035-01-10 21:25:00,3870.11083984375,4210.86279296875,340.751953125,272828.80432128906,147.407749786973,236.56083757989109,47.88925647735596,0.0
834,2035-01-10 21:30:00,3279.65283203125,4245.38037109375,965.7275390625,273794.53186035156,139.92207415867597,239.9232853502035,0.0,0.0
835,2035-01-10 21:35:00,3244.283447265625,4247.57177734375,1003.288330078125,274797.8201904297,137.96825396277927,240.62314388816228,0.0,0.0
836,2035-01-10 21:40:00,3329.321044921875,4300.2705078125,970.949462890625,275768.7696533203,144.54608147506588,247.27054809321635,0.0,0.0
837,2035-01-10 21:45:00,3306.316650390625,5323.34033203125,2017.023681640625,277785.79333496094,143.62150185470455,280.2708851016032,0.0,40.319698452949524
838,2035-01-10 21:50:00,3793.409912109375,4813.5673828125,1020.157470703125,278805.95080566406,165.32291477088802,279.4517083979117,35.20413841307163,0.0
839,2035-01-10 21:55:00,3436.21923828125,4865.3193359375,1429.10009765625,280235.0509033203,163.17144968275898,282.2958635083305,0.0,0.0
840,2035-01-10 22:00:00,3381.714111328125,4852.138671875,1470.424560546875,281705.4754638672,162.74321985905044,286.3700556076037,0.0,0.0
841,2035-01-10 22:05:00,3403.784912109375,4858.46142578125,1454.676513671875,283160.15197753906,166.62029378776424,288.30164956216686,0.0,0.0
842,2035-01-10 22:10:00,3462.839599609375,4912.2919921875,1449.452392578125,284609.6043701172,170.60633370280266,293.9519743844867,0.0,0.0
843,2035-01-10 22:15:00,3504.31396484375,4947.8720703125,1443.55810546875,286053.16247558594,172.68073871731758,295.09857154637575,0.0,0.0
844,2035-01-10 22:20:00,3495.4169921875,4936.99853515625,1441.58154296875,287494.7440185547,172.68073871731758,297.55792974308133,0.0,0.0
845,2035-01-10 22:25:00,3488.211181640625,4942.74755859375,1454.536376953125,288949.2803955078,172.68073871731758,298.13791765552014,0.0,0.0
846,2035-01-10 22:30:00,3493.825439453125,4921.9033203125,1428.077880859375,290377.3582763672,172.68073871731758,298.51793855428696,0.0,0.0
847,2035-01-10 22:35:00,3493.94677734375,4923.16064453125,1429.2138671875,291806.5721435547,172.68073871731758,297.09792460501194,0.0,0.0
848,2035-01-10 22:40:00,3512.6806640625,4952.3486328125,1439.66796875,293246.2401123047,172.68073871731758,297.0379243316129,0.0,0.0
849,2035-01-10 22:45:00,3532.615234375,4921.7998046875,1389.1845703125,294635.4246826172,172.68073871731758,297.0979039669037,0.0,0.0
850,2035-01-10 22:50:00,3553.835205078125,4908.8623046875,1355.027099609375,295990.45178222656,172.68073871731758,293.87791469693184,0.0,0.0
851,2035-01-10 22:55:00,3577.4228515625,4908.5341796875,1331.111328125,297321.56311035156,172.68073871731758,291.13791216909885,0.0,0.0
852,2035-01-10 23:00:00,3582.13037109375,4858.90869140625,1276.7783203125,298598.34143066406,172.68073871731758,288.61791172623634,0.0,0.0
853,2035-01-10 23:05:00,3576.5498046875,4805.0986328125,1228.548828125,299826.89025878906,172.68073871731758,284.3979195058346,0.0,0.0
854,2035-01-10 23:10:00,3582.13037109375,4776.80419921875,1194.673828125,301021.56408691406,172.68073871731758,280.33791249990463,0.0,0.0
855,2035-01-10 23:15:00,3586.17138671875,4729.85791015625,1143.6865234375,302165.25061035156,172.68073871731758,276.997911721468,0.0,0.0
856,2035-01-10 23:20:00,3578.016845703125,4695.76220703125,1117.745361328125,303282.9959716797,172.68073871731758,273.01791705191135,0.0,0.0
857,2035-01-10 23:25:00,3561.107666015625,4586.0205078125,1024.912841796875,304307.90881347656,172.68073871731758,268.0350058376789,0.0,0.0
858,2035-01-10 23:30:00,3543.50732421875,4555.05859375,1011.55126953125,305319.4600830078,172.68073871731758,264.2379139363766,0.0,0.0
859,2035-01-10 23:35:00,3532.836669921875,4510.1953125,977.358642578125,306296.81872558594,172.68073871731758,260.71791438758373,0.0,0.0
860,2035-01-10 23:40:00,3536.2802734375,4502.7412109375,966.4609375,307263.27966308594,172.68073871731758,257.87792429327965,0.0,0.0
861,2035-01-10 23:45:00,3530.23876953125,4415.54541015625,885.306640625,308148.58630371094,172.68073871731758,254.36561587452888,0.0,0.0
862,2035-01-10 23:50:00,3527.30126953125,4405.44677734375,878.1455078125,309026.73181152344,172.68073871731758,251.21790927648541,0.0,0.0
863,2035-01-10 23:55:00,3520.9716796875,4374.9931640625,854.021484375,309880.75329589844,172.68073871731758,248.59791372716427,0.0,0.0
864,2035-01-11 00:00:00,3515.466552734375,4388.03271484375,872.566162109375,310753.3194580078,172.68073871731758,246.9179097265005,0.0,0.0
865,2035-01-11 00:05:00,3502.91064453125,4354.5771484375,851.66650390625,311604.98596191406,172.68073871731758,247.25791977345943,0.0,0.0
866,2035-01-11 00:10:00,3485.876953125,4355.4716796875,869.5947265625,312474.58068847656,172.68073871731758,246.21791267953813,0.0,0.0
867,2035-01-11 00:15:00,3477.59814453125,4337.2890625,859.69091796875,313334.2716064453,172.68073871731758,246.71792167425156,0.0,0.0
868,2035-01-11 00:20:00,3454.216796875,4319.099609375,864.8828125,314199.1544189453,172.68073871731758,246.1779195293784,0.0,0.0
869,2035-01-11 00:25:00,3429.78369140625,4316.8525390625,887.06884765625,315086.22326660156,172.68073871731758,246.58856028318402,0.0,0.0
870,2035-01-11 00:30:00,3403.4287109375,4286.59326171875,883.16455078125,315969.3878173828,172.68073871731758,247.73791693896055,0.0,0.0
871,2035-01-11 00:35:00,3385.740478515625,4289.89697265625,904.156494140625,316873.54431152344,172.68073871731758,247.95857819914815,0.0,0.0
872,2035-01-11 00:40:00,3278.2978515625,4289.34033203125,1011.04248046875,317884.5867919922,172.68073871731758,249.478581385687,0.0,0.0
873,2035-01-11 00:45:00,3193.224609375,4277.57568359375,1084.35107421875,318968.93786621094,172.68073871731758,251.01792937889695,0.0,0.0
874,2035-01-11 00:50:00,3174.12353515625,4273.7080078125,1099.58447265625,320068.5223388672,172.68073871731758,251.92857404239476,0.0,0.0
875,2035-01-11 00:55:00,3165.759765625,4299.2685546875,1133.5087890625,321202.0311279297,172.68073871731758,253.67856236547232,0.0,0.0
876,2035-01-11 01:00:00,3162.10400390625,4202.15283203125,1040.048828125,322242.0799560547,172.68073871731758,256.0285594468005,0.0,0.0
877,2035-01-11 01:05:00,3157.881103515625,4122.845703125,964.964599609375,323207.04455566406,172.68073871731758,257.01790542155504,0.0,0.0
878,2035-01-11 01:10:00,3161.006591796875,4177.2900390625,1016.283447265625,324223.3280029297,172.68073871731758,257.7885663062334,0.0,0.0
879,2035-01-11 01:15:00,3167.469482421875,4190.439453125,1022.969970703125,325246.2979736328,172.68073871731758,260.6585650080815,0.0,0.0
880,2035-01-11 01:20:00,3170.419189453125,4195.478515625,1025.059326171875,326271.3572998047,172.68073871731758,261.8579096235335,0.0,0.0
881,2035-01-11 01:25:00,3170.15234375,4206.30078125,1036.1484375,327307.5057373047,172.68073871731758,262.4414127767086,0.0,0.0
882,2035-01-11 01:30:00,3183.316650390625,4310.57080078125,1127.254150390625,328434.7598876953,172.67049768567085,266.2371400296688,0.0,0.0
883,2035-01-11 01:35:00,3228.747314453125,4313.46484375,1084.717529296875,329519.4774169922,171.82192142307758,269.03608614206314,0.0,0.0
884,2035-01-11 01:40:00,3171.68017578125,4300.4736328125,1128.79345703125,330648.27087402344,167.51988480985165,270.95542553812265,0.0,0.0
885,2035-01-11 01:45:00,3098.507568359375,4262.48779296875,1163.980224609375,331812.2510986328,163.75584799051285,270.1542292460799,0.0,0.0
886,2035-01-11 01:50:00,3083.739990234375,4238.169921875,1154.429931640625,332966.68103027344,164.93726729516857,267.3647691971528,0.0,0.0
887,2035-01-11 01:55:00,3149.759521484375,4165.822265625,1016.062744140625,333982.74377441406,166.56883989934795,266.37649782662265,0.0,0.0
888,2035-01-11 02:00:00,3110.824462890625,4157.84765625,1047.023193359375,335029.76696777344,166.74779107336872,265.8331812835204,0.0,0.0
889,2035-01-11 02:05:00,3068.864990234375,4124.2880859375,1055.423095703125,336085.19006347656,165.5372616863715,264.5895137703883,0.0,0.0
890,2035-01-11 02:10:00,3037.9072265625,4001.415771484375,963.508544921875,337048.69860839844,163.97410403852336,258.1955270088183,0.0,0.0
891,2035-01-11 02:15:00,2960.90185546875,3973.090087890625,1012.188232421875,338060.8868408203,162.7026065206992,257.1499721026885,0.0,0.0
892,2035-01-11 02:20:00,2975.890380859375,3855.88427734375,879.993896484375,338940.8807373047,166.07245673899524,250.27896574799888,0.0,0.0
893,2035-01-11 02:25:00,2992.466064453125,3870.051513671875,877.58544921875,339818.46618652344,169.15678705935352,250.574897936629,0.0,0.0
894,2035-01-11 02:30:00,3032.086181640625,3852.904296875,820.818115234375,340639.2843017578,171.83820523981922,250.2367097056376,0.0,0.0
895,2035-01-11 02:35:00,3026.3486328125,3829.4892578125,803.140625,341442.4249267578,172.31418176655643,249.0419759965407,0.0,0.0
896,2035-01-11 02:40:00,3012.428466796875,3797.665771484375,785.2373046875,342227.6622314453,172.3141831970679,247.8719648039805,0.0,0.0
897,2035-01-11 02:45:00,3002.44091796875,3782.578857421875,780.137939453125,343007.80017089844,172.31418462757938,246.64196070198884,0.0,0.0
898,2035-01-11 02:50:00,2983.78125,3718.614501953125,734.833251953125,343742.63342285156,172.31418605809085,243.90632557039132,0.0,0.0
899,2035-01-11 02:55:00,2975.621337890625,3730.944580078125,755.3232421875,344497.95666503906,172.31418748860233,243.44724265401234,0.0,0.0
900,2035-01-11 03:00:00,2966.802001953125,3689.188720703125,722.38671875,345220.34338378906,172.3141889191138,242.0119213229882,0.0,0.0
901,2035-01-11 03:05:00,2964.51953125,3749.140869140625,784.621337890625,346004.9647216797,172.31419034962528,243.23948226039283,0.0,0.0
902,2035-01-11 03:10:00,2952.412109375,3667.97412109375,715.56201171875,346720.52673339844,172.31419178013675,242.0305196559893,0.0,0.0
903,2035-01-11 03:15:00,2946.97412109375,3718.07568359375,771.1015625,347491.62829589844,172.31419321064823,244.06953977708687,0.0,0.0
904,2035-01-11 03:20:00,2940.86474609375,3720.3369140625,779.47216796875,348271.1004638672,172.3141946411597,244.3537702328431,0.0,0.0
905,2035-01-11 03:25:00,2931.3857421875,3690.816162109375,759.430419921875,349030.53088378906,172.31419607167118,245.02355735664239,0.0,0.0
906,2035-01-11 03:30:00,2924.556884765625,3742.599609375,818.042724609375,349848.57360839844,172.31419750218265,246.94850621287694,0.0,0.0
907,2035-01-11 03:35:00,2914.26220703125,3717.37158203125,803.109375,350651.68298339844,172.31419893269413,247.4062669790255,0.0,0.0
908,2035-01-11 03:40:00,2905.150634765625,3731.21484375,826.064208984375,351477.7471923828,172.3142003632056,248.7279145038592,0.0,0.0
909,2035-01-11 03:45:00,2898.179931640625,3759.89599609375,861.716064453125,352339.46325683594,172.31420179371707,250.06268417005413,0.0,0.0
910,2035-01-11 03:50:00,2889.33935546875,3753.232421875,863.89306640625,353203.3563232422,172.31420322422855,250.0626856005656,0.0,0.0
911,2035-01-11 03:55:00,2882.5947265625,3747.93603515625,865.34130859375,354068.69763183594,172.31420465474002,250.06268703107708,0.0,0.0
912,2035-01-11 04:00:00,2876.90673828125,3742.75390625,865.84716796875,354934.5447998047,172.3142060852515,250.06268846158855,0.0,0.0
913,2035-01-11 04:05:00,2869.6201171875,3737.177490234375,867.557373046875,355802.10217285156,172.31420751576297,250.06268989210002,0.0,0.0
914,2035-01-11 04:10:00,2866.0732421875,3734.864990234375,868.791748046875,356670.89392089844,172.31420894627445,250.0626913226115,0.0,0.0
915,2035-01-11 04:15:00,2865.87158203125,3735.310546875,869.43896484375,357540.3328857422,172.31421037678592,250.06269275312297,0.0,0.0
916,2035-01-11 04:20:00,2865.44677734375,3736.042236328125,870.595458984375,358410.92834472656,172.3142118072974,250.06269418363445,0.0,0.0
917,2035-01-11 04:25:00,2863.661376953125,3734.341064453125,870.6796875,359281.60803222656,172.31421323780887,250.06269561414592,0.0,0.0
918,2035-01-11 04:30:00,2865.254150390625,3736.77392578125,871.519775390625,360153.1278076172,172.31421466832035,250.0626970446574,0.0,0.0
919,2035-01-11 04:35:00,2863.1162109375,3736.12353515625,873.00732421875,361026.13513183594,172.31421609883182,250.06269847516887,0.0,0.0
920,2035-01-11 04:40:00,2862.00537109375,3735.1298828125,873.12451171875,361899.2596435547,172.3142175293433,250.06269990568035,0.0,0.0
921,2035-01-11 04:45:00,2861.2705078125,3734.23876953125,872.96826171875,362772.22790527344,172.31421895985477,250.06270133619182,0.0,0.0
922,2035-01-11 04:50:00,2862.0654296875,3734.413330078125,872.347900390625,363644.57580566406,172.31422039036624,250.0627027667033,0.0,0.0
923,2035-01-11 04:55:00,2865.41064453125,3736.819091796875,871.408447265625,364515.9842529297,172.31422182087772,250.06270419721477,0.0,0.0
924,2035-01-11 05:00:00,2869.26806640625,3739.113525390625,869.845458984375,365385.82971191406,172.3142232513892,250.06270562772625,0.0,0.0
925,2035-01-11 05:05:00,2879.400146484375,3747.18310546875,867.782958984375,366253.61267089844,172.31422468190067,250.06270705823772,0.0,0.0
926,2035-01-11 05:10:00,2891.02001953125,3756.457275390625,865.437255859375,367119.0499267578,172.31422611241214,250.0627084887492,0.0,0.0
927,2035-01-11 05:15:00,2906.662353515625,3768.959228515625,862.296875,367981.3468017578,172.31422754292362,250.06270991926067,0.0,0.0
928,2035-01-11 05:20:00,2920.609619140625,3780.1455078125,859.535888671875,368840.8826904297,172.3142289734351,250.06271134977214,0.0,0.0
929,2035-01-11 05:25:00,2934.3642578125,3791.1328125,856.7685546875,369697.6512451172,172.31423040394657,250.06271278028362,0.0,0.0
930,2035-01-11 05:30:00,2941.39794921875,3796.78759765625,855.3896484375,370553.0408935547,172.31423183445804,250.0627142107951,0.0,0.0
931,2035-01-11 05:35:00,2949.88623046875,3803.6767578125,853.79052734375,371406.83142089844,172.31423326496952,250.06271564130657,0.0,0.0
932,2035-01-11 05:40:00,2950.10302734375,3802.32177734375,852.21875,372259.05017089844,172.314234695481,250.06271707181804,0.0,0.0
933,2035-01-11 05:45:00,2969.46435546875,3858.49853515625,889.0341796875,373148.08435058594,172.68078517913818,252.97203359007835,0.0,0.0
934,2035-01-11 05:50:00,2965.71728515625,3853.51513671875,887.7978515625,374035.88220214844,172.68078517913818,252.97203357145187,0.0,0.0
935,2035-01-11 05:55:00,2967.321044921875,3854.1181640625,886.797119140625,374922.67932128906,172.68078517913818,252.97203355282545,0.0,0.0
936,2035-01-11 06:00:00,2967.9423828125,3854.2939453125,886.3515625,375809.03088378906,172.68078517913818,252.972033534199,0.0,0.0
937,2035-01-11 06:05:00,2970.828369140625,3854.751953125,883.923583984375,376692.95446777344,172.68078517913818,252.97203351184726,0.0,0.0
938,2035-01-11 06:10:00,2975.7724609375,3856.434326171875,880.661865234375,377573.6163330078,172.68078517913818,252.97203348949552,0.0,0.0
939,2035-01-11 06:15:00,2986.26123046875,3864.40380859375,878.142578125,378451.7589111328,172.68078517913818,252.97203346714377,0.0,0.0
940,2035-01-11 06:20:00,3000.92724609375,3875.8232421875,874.89599609375,379326.65490722656,172.68078517913818,252.97203344106674,0.0,0.0
941,2035-01-11 06:25:00,3016.87255859375,3885.972412109375,869.099853515625,380195.7547607422,172.68078517913818,252.97203341498968,0.0,0.0
942,2035-01-11 06:30:00,3032.17822265625,3896.85498046875,864.6767578125,381060.4315185547,172.68078517913818,252.9720333851874,0.0,0.0
943,2035-01-11 06:35:00,3046.738037109375,3906.925537109375,860.1875,381920.6190185547,172.68078517913818,252.97203335538507,0.0,0.0
944,2035-01-11 06:40:00,3061.57666015625,3917.16259765625,855.5859375,382776.2049560547,172.68078517913818,252.97203332185745,0.0,0.0
945,2035-01-11 06:45:00,3077.46435546875,3929.072998046875,851.608642578125,383627.8135986328,172.68078517913818,252.97203328460455,0.0,0.0
946,2035-01-11 06:50:00,3093.276123046875,3940.67431640625,847.398193359375,384475.2117919922,172.68078517913818,252.97203324735162,0.0,0.0
947,2035-01-11 06:55:00,3118.31884765625,3959.435546875,841.11669921875,385316.32849121094,172.68078517913818,252.97203320637345,0.0,0.0
948,2035-01-11 07:00:00,3145.06494140625,3979.833984375,834.76904296875,386151.0975341797,172.68078517913818,252.97203316166997,0.0,0.0
949,2035-01-11 07:05:00,3172.720458984375,4001.7451171875,829.024658203125,386980.1221923828,172.68078517913818,252.97203311324117,0.0,0.0
950,2035-01-11 07:10:00,3081.6689453125,4032.107666015625,950.438720703125,387930.56091308594,172.68078517913818,252.97203306108713,0.0,0.0
951,2035-01-11 07:15:00,3111.303955078125,4058.474853515625,947.1708984375,388877.73181152344,172.68078517913818,252.97203300520778,0.0,0.0
952,2035-01-11 07:20:00,3146.3623046875,4090.004638671875,943.642333984375,389821.3741455078,172.68078517913818,252.9720329456031,0.0,0.0
953,2035-01-11 07:25:00,3183.10595703125,4123.3955078125,940.28955078125,390761.66369628906,172.68078517913818,252.9720328822732,0.0,0.0
954,2035-01-11 07:30:00,3225.106201171875,4161.39453125,936.288330078125,391697.9520263672,172.68078517913818,252.97203281521797,0.0,0.0
955,2035-01-11 07:35:00,3243.4736328125,4177.82470703125,934.35107421875,392632.30310058594,172.68078517913818,252.97203274443743,0.0,0.0
956,2035-01-11 07:40:00,3264.09619140625,4196.7255859375,932.62939453125,393564.9324951172,172.68078517913818,252.97203266620633,0.0,0.0
957,2035-01-11 07:45:00,3282.2666015625,4212.4462890625,930.1796875,394495.1121826172,172.68078517913818,252.97203258424997,0.0,0.0
958,2035-01-11 07:50:00,3282.85791015625,4211.99169921875,929.1337890625,395424.2459716797,172.68078517913818,252.972032494843,0.0,0.0
959,2035-01-11 07:55:00,3276.6826171875,4204.8984375,928.2158203125,396352.4617919922,172.68078517913818,252.97203239798543,0.0,0.0
960,2035-01-11 08:00:00,3262.48046875,4190.4658203125,927.9853515625,397280.4471435547,172.68078517913818,252.9720322974026,0.0,0.0
961,2035-01-11 08:05:00,3249.5546875,4177.64599609375,928.09130859375,398208.53845214844,172.68078517913818,252.9720321893692,0.0,0.0
962,2035-01-11 08:10:00,3237.31689453125,4165.7021484375,928.38525390625,399136.9237060547,172.68078517913818,252.97203207388517,0.0,0.0
963,2035-01-11 08:15:00,3224.099853515625,4151.96044921875,927.860595703125,400064.7843017578,172.68078517913818,252.97203147038815,0.0,0.0
964,2035-01-11 08:20:00,3221.538330078125,4149.10498046875,927.566650390625,400992.35095214844,172.68078517913818,252.9720308408141,0.0,0.0
965,2035-01-11 08:25:00,3212.095458984375,4139.013671875,926.918212890625,401919.26916503906,172.68078517913818,252.972030185163,0.0,0.0
966,2035-01-11 08:30:00,3205.60205078125,4132.2626953125,926.66064453125,402845.9298095703,172.68078517913818,252.9720294997096,0.0,0.0
967,2035-01-11 08:35:00,3197.39306640625,4123.3408203125,925.94775390625,403771.87756347656,172.68078517913818,252.97202830389142,0.0,0.0
968,2035-01-11 08:40:00,3185.20068359375,4111.1669921875,925.96630859375,404697.8438720703,172.68078517913818,252.972027041018,0.0,0.0
969,2035-01-11 08:45:00,3179.14697265625,4104.63427734375,925.4873046875,405623.3311767578,172.68078517913818,252.97202522680163,0.0,0.0
970,2035-01-11 08:50:00,3173.561279296875,4095.955322265625,922.39404296875,406545.72521972656,172.6605441570282,252.9720242731273,0.0,0.0
971,2035-01-11 08:55:00,3182.95361328125,4089.57666015625,906.623046875,407452.34826660156,172.24811604619026,252.92027447000143,0.0,0.0
972,2035-01-11 09:00:00,3150.213134765625,4098.0693359375,947.856201171875,408400.20446777344,169.90589264035225,252.33514357358217,0.0,0.0
973,2035-01-11 09:05:00,3104.385009765625,4050.6220703125,946.237060546875,409346.4415283203,167.24589148163795,249.63514825329182,0.0,0.0
974,2035-01-11 09:10:00,3078.03564453125,4024.81005859375,946.7744140625,410293.2159423828,164.93589374423027,247.23515662550926,0.0,0.0
975,2035-01-11 09:15:00,3050.09130859375,4020.87548828125,970.7841796875,411264.0001220703,164.19963094592094,247.65605913102624,0.0,0.0
976,2035-01-11 09:20:00,3055.982666015625,4041.282958984375,985.30029296875,412249.30041503906,165.639638453722,250.536052711308,0.0,0.0
977,2035-01-11 09:25:00,3059.524169921875,4027.022705078125,967.49853515625,413216.7989501953,166.79963392019272,252.49538968130946,0.0,0.0
978,2035-01-11 09:30:00,3051.8349609375,4030.225341796875,978.390380859375,414195.1893310547,167.39963999390602,251.87542299926278,0.0,0.0
979,2035-01-11 09:35:00,3050.870361328125,3968.921142578125,918.05078125,415113.2401123047,166.65963986516,248.17180535197258,0.0,0.0
980,2035-01-11 09:40:00,3018.6201171875,3971.172119140625,952.552001953125,416065.7921142578,166.51963213086128,247.08447453379628,0.0,0.0
981,2035-01-11 09:45:00,2986.150634765625,4025.2431640625,1039.092529296875,417104.8846435547,164.39963188767433,250.34624652564526,0.0,0.0
982,2035-01-11 09:50:00,3007.13427734375,4096.24365234375,1089.109375,418193.9940185547,164.88589119911194,252.97203668951985,0.0,0.0
983,2035-01-11 09:55:00,2971.361572265625,4013.8466796875,1042.485107421875,419236.47912597656,167.07615639929645,250.0627213782536,0.0,0.0
984,2035-01-11 10:00:00,3025.424072265625,3987.373291015625,961.94921875,420198.42834472656,170.79381015066974,250.06272279386394,0.0,0.0
985,2035-01-11 10:05:00,3075.48388671875,3998.285400390625,922.801513671875,421121.22985839844,172.3142311192023,250.06272422437542,0.0,0.0
986,2035-01-11 10:10:00,3086.052734375,4008.2822265625,922.2294921875,422043.45935058594,172.31423254971378,250.0627256548869,0.0,0.0
987,2035-01-11 10:15:00,3100.0,4021.33203125,921.33203125,422964.79138183594,172.31423398022525,250.06272708539836,0.0,0.0
988,2035-01-11 10:20:00,3112.779052734375,4033.20166015625,920.422607421875,423885.2139892578,172.31423541073673,250.06272851590984,0.0,0.0
989,2035-01-11 10:25:00,3130.40576171875,4049.6181640625,919.21240234375,424804.42639160156,172.3142368412482,250.0627299464213,0.0,0.0
990,2035-01-11 10:30:00,3190.072265625,4095.69482421875,905.62255859375,425710.0489501953,172.6807873249054,251.19957239925859,0.0,0.0
991,2035-01-11 10:35:00,3186.526123046875,4102.5224609375,915.996337890625,426626.04528808594,172.31423755650394,250.06272996132245,0.0,0.0
992,2035-01-11 10:40:00,3249.403076171875,4201.89453125,952.491455078125,427578.53674316406,172.68078804016113,252.97204646095634,0.0,0.0
993,2035-01-11 10:45:00,3265.891845703125,4177.73291015625,911.841064453125,428490.3778076172,172.31423827175968,250.0627313769328,0.0,0.0
994,2035-01-11 10:50:00,3303.22900390625,4213.32373046875,910.0947265625,429400.4725341797,172.31423970227115,250.06273280744426,0.0,0.0
995,2035-01-11 10:55:00,3358.283447265625,4266.1376953125,907.854248046875,430308.32678222656,172.31424113278263,250.06273423795574,0.0,0.0
996,2035-01-11 11:00:00,3430.99072265625,4375.46728515625,944.4765625,431252.80334472656,172.68079161643982,252.97205075621605,0.0,0.0
997,2035-01-11 11:05:00,3595.571533203125,4709.45458984375,1113.883056640625,432366.6864013672,160.72379046678543,265.6240827292204,8.133307420648634,65.00257110595703
998,2035-01-11 11:10:00,3592.3935546875,4484.421875,892.0283203125,433258.7147216797,159.20358377695084,262.5013076663017,0.0,0.0
999,2035-01-11 11:15:00,3657.446044921875,4530.6171875,873.171142578125,434131.8858642578,159.33087289333344,263.01621666550636,0.0,0.0
1000,2035-01-11 11:20:00,3702.450439453125,4780.37548828125,1077.925048828125,435209.81091308594,159.33087289333344,261.39491898939013,0.0,2.149761639535427
1001,2035-01-11 11:25:00,3740.5126953125,4827.734375,1087.2216796875,436297.03259277344,159.33087289333344,262.4777767062187,0.0,0.0
1002,2035-01-11 11:30:00,3775.41650390625,4852.8681640625,1077.45166015625,437374.4842529297,159.33087289333344,261.93757812306285,0.0,0.0
1003,2035-01-11 11:35:00,3769.3779296875,4836.52587890625,1067.14794921875,438441.63220214844,158.9543454564082,259.10016220350735,0.0,0.0
1004,2035-01-11 11:40:00,3792.30419921875,4862.7080078125,1070.40380859375,439512.0360107422,158.95434366826885,260.2012739210295,0.0,0.0
1005,2035-01-11 11:45:00,4025.7041015625,4883.2216796875,857.517578125,440369.5535888672,158.9543418801295,262.7012600964772,0.0,0.0
1006,2035-01-11 11:50:00,3986.399658203125,4946.640625,960.240966796875,441329.79455566406,155.51454638604991,263.33657665465944,0.0,0.0
1007,2035-01-11 11:55:00,4048.512939453125,4868.68115234375,820.168212890625,442149.9627685547,158.92042051086173,257.45399983057723,0.0,0.0
1008,2035-01-11 12:00:00,3977.62646484375,4802.11376953125,824.4873046875,442974.4500732422,149.11677856573806,253.71815206686006,0.0,0.0
1009,2035-01-11 12:05:00,3938.175537109375,4772.43505859375,834.259521484375,443808.70959472656,150.29533956775413,255.45033648440585,0.0,0.0
1010,2035-01-11 12:10:00,3994.811767578125,4775.236328125,780.424560546875,444589.13415527344,157.89534167775855,257.5763594044183,0.0,0.0
1011,2035-01-11 12:15:00,4045.000732421875,4771.4501953125,726.449462890625,445315.58361816406,165.96200392970786,259.3017502484654,0.0,0.0
1012,2035-01-11 12:20:00,4108.16064453125,4774.35498046875,666.1943359375,445981.77795410156,174.2953371239637,261.3525614423488,0.0,0.0
1013,2035-01-11 12:25:00,4044.902587890625,4714.35595703125,669.453369140625,446651.2313232422,180.4253460300897,260.4994416368936,0.0,0.0
1014,2035-01-11 12:30:00,4104.6259765625,4680.89697265625,576.27099609375,447227.50231933594,187.12867410311446,260.49947962740407,0.0,0.0
1015,2035-01-11 12:35:00,4134.21728515625,4654.53369140625,520.31640625,447747.81872558594,192.35666481981022,255.6167034638856,0.0,0.0
1016,2035-01-11 12:40:00,4075.060546875,4610.01025390625,534.94970703125,448282.7684326172,191.111519230697,253.2636738421206,0.0,0.0
1017,2035-01-11 12:45:00,4089.42919921875,4621.61328125,532.18408203125,448814.95251464844,192.66235099563343,254.32313160428748,0.0,0.0
1018,2035-01-11 12:50:00,4063.699951171875,4624.9736328125,561.273681640625,449376.22619628906,192.43417982587562,256.4306779337858,0.0,0.0
1019,2035-01-11 12:55:00,3997.572265625,4622.44775390625,624.87548828125,450001.1016845703,189.9208415282701,259.03705581853137,0.0,0.0
1020,2035-01-11 13:00:00,4037.05517578125,4681.82666015625,644.771484375,450645.8731689453,188.95682079920516,259.87134262749896,0.0,0.0
1021,2035-01-11 13:05:00,3923.96142578125,4670.20361328125,746.2421875,451392.1153564453,184.56924782523856,261.3321181518768,0.0,0.0
1022,2035-01-11 13:10:00,3871.1083984375,4658.15234375,787.0439453125,452179.1593017578,180.95998744497047,260.49949940869556,0.0,0.0
1023,2035-01-11 13:15:00,3866.728515625,4659.53271484375,792.80419921875,452971.96350097656,178.8133203519319,260.4993904439543,0.0,0.0
1024,2035-01-11 13:20:00,3934.001953125,4654.23828125,720.236328125,453692.19982910156,185.27145915393703,260.10311635498874,0.0,0.0
1025,2035-01-11 13:25:00,3995.4072265625,4630.7373046875,635.330078125,454327.52990722656,191.43329597179763,260.1031196779477,0.0,0.0
1026,2035-01-11 13:30:00,3968.359130859375,4626.53955078125,658.180419921875,454985.71032714844,189.04597403769367,260.1031229860055,0.0,0.0
1027,2035-01-11 13:35:00,3925.45654296875,4604.640625,679.18408203125,455664.8944091797,186.19656556014888,260.10312629406326,0.0,0.0
1028,2035-01-11 13:40:00,3908.891357421875,4581.9189453125,673.027587890625,456337.9219970703,184.5228780425059,260.10312960212104,0.0,0.0
1029,2035-01-11 13:45:00,3870.274658203125,4564.4306640625,694.156005859375,457032.0780029297,183.92814298634403,260.10313291017883,0.0,0.0
1030,2035-01-11 13:50:00,3864.062255859375,4543.884765625,679.822509765625,457711.9005126953,183.04393713836544,259.65115583603256,0.0,0.0
1031,2035-01-11 13:55:00,3794.40478515625,4504.74560546875,710.3408203125,458422.2413330078,183.54919647340648,259.561894423412,0.0,0.0
1032,2035-01-11 14:00:00,3775.97900390625,4504.39990234375,728.4208984375,459150.6622314453,182.207094124602,261.4145424357521,0.0,0.0
1033,2035-01-11 14:05:00,3807.745849609375,4554.2021484375,746.456298828125,459897.11853027344,183.55755233764648,266.7485062908381,0.0,0.0
1034,2035-01-11 14:10:00,3788.416748046875,4534.79248046875,746.375732421875,460643.4942626953,185.73756125569344,268.49850172456354,0.0,0.0
1035,2035-01-11 14:15:00,3768.046630859375,4522.90576171875,754.859130859375,461398.3533935547,186.97756001353264,269.81850159727037,0.0,0.0
1036,2035-01-11 14:20:00,4161.92822265625,4502.22412109375,340.2958984375,461738.6492919922,193.4612429141998,271.28783155977726,48.474635392427444,0.0
1037,2035-01-11 14:25:00,3679.55078125,4507.72705078125,828.17626953125,462566.82556152344,185.95212161540985,271.84851132519543,0.0,0.0
1038,2035-01-11 14:30:00,3593.291259765625,4514.9248046875,921.633544921875,463488.4591064453,183.98303884267807,273.65852154418826,0.0,0.0
1039,2035-01-11 14:35:00,3644.419677734375,4494.83203125,850.412353515625,464338.87145996094,186.74343407154083,275.4878605827689,0.0,0.0
1040,2035-01-11 14:40:00,3569.040771484375,4481.23681640625,912.196044921875,465251.0675048828,188.43342316150665,274.6878728084266,0.0,0.0
1041,2035-01-11 14:45:00,3596.363525390625,4469.6611328125,873.297607421875,466124.3651123047,186.51341831684113,274.88786974549294,0.0,0.0
1042,2035-01-11 14:50:00,3459.51904296875,4445.42919921875,985.91015625,467110.2752685547,181.1826097369194,271.16043666005135,0.0,0.0
1043,2035-01-11 14:55:00,3412.30419921875,4167.521484375,755.21728515625,467865.49255371094,174.93947960436344,252.3789478159415,0.0,0.0
1044,2035-01-11 15:00:00,3463.736328125,4314.29638671875,850.56005859375,468716.0526123047,179.17673125863075,264.11570759777896,0.0,0.0
1045,2035-01-11 15:05:00,3420.07275390625,4369.34521484375,949.2724609375,469665.3250732422,177.98307436704636,269.5972725301981,0.0,0.0
1046,2035-01-11 15:10:00,3393.518310546875,4363.97119140625,970.452880859375,470635.77795410156,175.3030606508255,266.2878648266196,0.0,0.0
1047,2035-01-11 15:15:00,3366.13134765625,4349.3349609375,983.20361328125,471618.9815673828,172.72306406497955,264.98784625530243,0.0,0.0
1048,2035-01-11 15:20:00,3359.429931640625,4269.0009765625,909.571044921875,472528.5526123047,170.05306732654572,262.0165437236428,0.0,0.0
1049,2035-01-11 15:25:00,3293.8056640625,4307.486328125,1013.6806640625,473542.2332763672,165.9090605378151,262.2055477835238,0.0,0.0
1050,2035-01-11 15:30:00,3244.040283203125,4315.283203125,1071.242919921875,474613.47619628906,161.37022899091244,262.2055477835238,0.0,0.0
1051,2035-01-11 15:35:00,3202.63330078125,4334.908203125,1132.27490234375,475745.7510986328,156.68671657145023,262.2055477835238,0.0,0.0
1052,2035-01-11 15:40:00,3131.074462890625,4336.6728515625,1205.598388671875,476951.3494873047,151.580846875906,262.2055477835238,0.0,0.0
1053,2035-01-11 15:45:00,3134.806640625,4351.0537109375,1216.2470703125,478167.5965576172,150.46347722411156,262.2055477835238,0.0,0.0
1054,2035-01-11 15:50:00,3224.3076171875,4374.07421875,1149.7666015625,479317.3631591797,155.45071974396706,262.2055477835238,0.0,0.0
1055,2035-01-11 15:55:00,3338.310546875,4395.26953125,1056.958984375,480374.3221435547,159.9508642554283,262.2055477835238,0.0,0.0
1056,2035-01-11 16:00:00,3404.353515625,4421.87646484375,1017.52294921875,481391.84509277344,161.55573883652687,262.2055477835238,0.0,0.0
1057,2035-01-11 16:05:00,3410.331298828125,4430.4765625,1020.145263671875,482411.9903564453,161.55573883652687,262.2055477835238,0.0,0.0
1058,2035-01-11 16:10:00,3417.84619140625,4439.36474609375,1021.5185546875,483433.5089111328,161.55573883652687,262.2055477835238,0.0,0.0
1059,2035-01-11 16:15:00,3421.92333984375,4445.77001953125,1023.8466796875,484457.3555908203,161.55573883652687,262.2055477835238,0.0,0.0
1060,2035-01-11 16:20:00,3424.67578125,4451.0419921875,1026.3662109375,485483.7218017578,161.55573883652687,262.2055477835238,0.0,0.0
1061,2035-01-11 16:25:00,3422.817626953125,4451.693359375,1028.875732421875,486512.5975341797,161.55573883652687,262.2055477835238,0.0,0.0
1062,2035-01-11 16:30:00,3419.1103515625,4449.88671875,1030.7763671875,487543.3739013672,161.55573883652687,262.2055477835238,0.0,0.0
1063,2035-01-11 16:35:00,3391.73046875,4425.02294921875,1033.29248046875,488576.66638183594,161.55573883652687,262.2055477835238,0.0,0.0
1064,2035-01-11 16:40:00,3392.7490234375,4423.552734375,1030.8037109375,489607.47009277344,161.55573883652687,262.2055477835238,0.0,0.0
1065,2035-01-11 16:45:00,3400.332763671875,4419.0751953125,1018.742431640625,490626.21252441406,161.5557383298874,262.2055477835238,0.0,0.0
1066,2035-01-11 16:50:00,3377.28857421875,4415.58935546875,1038.30078125,491664.51330566406,153.64346420764923,262.2055477835238,0.0,0.0
1067,2035-01-11 16:55:00,3273.863525390625,4406.16162109375,1132.298095703125,492796.8114013672,154.50168770551682,262.2055477835238,0.0,0.0
1068,2035-01-11 17:00:00,3378.356201171875,4399.2197265625,1020.863525390625,493817.6749267578,163.588809132576,262.2055477835238,0.0,0.0
1069,2035-01-11 17:05:00,3503.234130859375,4397.25634765625,894.022216796875,494711.6971435547,173.5656574368477,262.2020382620394,0.0,0.0
1070,2035-01-11 17:10:00,3598.773681640625,4427.92041015625,829.146728515625,495540.8438720703,182.59141558408737,261.76035438477993,0.0,0.0
1071,2035-01-11 17:15:00,3710.013427734375,4511.98046875,801.967041015625,496342.81091308594,191.8836648464203,266.50407575815916,0.0,0.0
1072,2035-01-11 17:20:00,3697.514892578125,4649.6806640625,952.165771484375,497294.9766845703,195.1205894947052,276.6447626501322,0.0,0.0
1073,2035-01-11 17:25:00,3793.4228515625,4668.78515625,875.3623046875,498170.3389892578,203.55285221338272,280.70905470848083,0.0,0.0
1074,2035-01-11 17:30:00,3910.234130859375,4771.11376953125,860.879638671875,499031.2186279297,210.55033087730408,287.3107957728207,0.0,0.0
1075,2035-01-11 17:35:00,3834.54052734375,4720.0234375,885.48291015625,499916.70153808594,211.00066006183621,290.8018972426653,0.0,0.0
1076,2035-01-11 17:40:00,3735.637939453125,4693.85498046875,958.217041015625,500874.91857910156,209.12251687049863,290.10191041976213,0.0,0.0
1077,2035-01-11 17:45:00,3548.6005859375,4627.1533203125,1078.552734375,501953.47131347656,199.3468944132328,289.20191460847855,0.0,0.0
1078,2035-01-11 17:50:00,3433.908203125,4602.009765625,1168.1015625,503121.57287597656,190.45977035164833,285.10825937986374,0.0,0.0
1079,2035-01-11 17:55:00,3302.08251953125,4560.39208984375,1258.3095703125,504379.88244628906,180.68291875720024,282.6057510524988,0.0,0.0
1080,2035-01-11 18:00:00,3149.89013671875,4545.50341796875,1395.61328125,505775.49572753906,168.83701437711716,278.8057691603899,0.0,0.0
1081,2035-01-11 18:05:00,2987.05419921875,4531.98828125,1544.93408203125,507320.4298095703,156.34731754660606,276.28784973174334,0.0,0.0
1082,2035-01-11 18:10:00,2984.155029296875,4499.22900390625,1515.073974609375,508835.5037841797,151.6590954363346,275.6878449469805,0.0,0.0
1083,2035-01-11 18:15:00,3064.04345703125,4453.916015625,1389.87255859375,510225.37634277344,158.25771343708038,273.0878327637911,0.0,0.0
1084,2035-01-11 18:20:00,3096.311279296875,4440.26513671875,1343.953857421875,511569.3302001953,158.2508410513401,270.48785687983036,0.0,0.0
1085,2035-01-11 18:25:00,3154.355712890625,4395.9111328125,1241.555419921875,512810.8856201172,161.55574241280556,269.78785076737404,0.0,0.0
1086,2035-01-11 18:30:00,3125.478515625,4361.35498046875,1235.87646484375,514046.76208496094,161.55574241280556,267.8878563120961,0.0,0.0
1087,2035-01-11 18:35:00,3101.042236328125,4332.9208984375,1231.878662109375,515278.6407470703,161.55574241280556,266.98786267638206,0.0,0.0
1088,2035-01-11 18:40:00,3080.307373046875,4296.49609375,1216.188720703125,516494.82946777344,161.55574241280556,266.1878445148468,0.0,0.0
1089,2035-01-11 18:45:00,3070.500732421875,4283.78515625,1213.284423828125,517708.11389160156,161.55574241280556,264.38784143328667,0.0,0.0
1090,2035-01-11 18:50:00,3053.8583984375,4274.7412109375,1220.8828125,518928.99670410156,161.55574241280556,263.68784357979894,0.0,0.0
1091,2035-01-11 18:55:00,3098.849853515625,4271.47216796875,1172.622314453125,520101.6190185547,161.355663895607,263.787855014205,0.0,0.0
1092,2035-01-11 19:00:00,3025.91015625,4258.419921875,1232.509765625,521334.1287841797,156.6467246413231,264.08784279227257,0.0,0.0
1093,2035-01-11 19:05:00,2996.892578125,4255.66064453125,1258.76806640625,522592.89685058594,153.76348054409027,263.787855014205,0.0,0.0
1094,2035-01-11 19:10:00,3100.583984375,4245.24560546875,1144.66162109375,523737.5584716797,161.52229642868042,264.0878437310457,0.0,0.0
1095,2035-01-11 19:15:00,3161.363037109375,4246.4951171875,1085.132080078125,524822.6905517578,168.15316528081894,263.98783161491156,0.0,0.0
1096,2035-01-11 19:20:00,3180.367919921875,4226.001953125,1045.634033203125,525868.3245849609,171.56529265642166,264.48783142119646,0.0,0.0
1097,2035-01-11 19:25:00,3193.43408203125,4236.94775390625,1043.513671875,526911.8382568359,174.703066945076,263.2885049204342,0.0,0.0
1098,2035-01-11 19:30:00,3200.64892578125,4239.4267578125,1038.77783203125,527950.6160888672,177.8230773806572,264.4878310114145,0.0,0.0
1099,2035-01-11 19:35:00,3232.839111328125,4252.30322265625,1019.464111328125,528970.0802001953,179.82308214902878,262.8878608830273,0.0,0.0
1100,2035-01-11 19:40:00,3371.97216796875,4176.453125,804.48095703125,529774.5611572266,185.6678776061999,260.4987363136279,6.640736058354378,0.0
1101,2035-01-11 19:45:00,3221.927001953125,4174.49169921875,952.564697265625,530727.1258544922,181.84069540266864,259.6189366645085,0.0,0.0
1102,2035-01-11 19:50:00,3265.6064453125,4162.96240234375,897.35595703125,531624.4818115234,182.53829347257488,259.8603056884276,0.0,0.0
1103,2035-01-11 19:55:00,3100.155029296875,4186.46630859375,1086.311279296875,532710.7930908203,175.18291338448398,260.1089971650763,0.0,0.0
1104,2035-01-11 20:00:00,3111.44677734375,4181.34423828125,1069.8974609375,533780.6905517578,173.12736106579177,260.10899833411895,0.0,0.0
1105,2035-01-11 20:05:00,3006.928466796875,4186.39111328125,1179.462646484375,534960.1531982422,166.0571039236056,260.1089994824397,0.0,0.0
1106,2035-01-11 20:10:00,2939.8603515625,4199.8564453125,1259.99609375,536220.1492919922,160.26226901178234,259.91811984692686,0.0,0.0
1107,2035-01-11 20:15:00,2852.59130859375,4189.10400390625,1336.5126953125,537556.6619873047,153.68291609649532,259.5797092086541,0.0,0.0
1108,2035-01-11 20:20:00,2834.07666015625,4215.64013671875,1381.5634765625,538938.2254638672,149.8081457912922,262.0695409551263,0.0,0.0
1109,2035-01-11 20:25:00,2881.46826171875,4199.62744140625,1318.1591796875,540256.3846435547,153.08831294541233,259.6933876938092,0.0,0.0
1110,2035-01-11 20:30:00,2934.528076171875,4232.92578125,1298.397705078125,541554.7823486328,151.54990165595882,260.27431310628526,0.0,0.0
1111,2035-01-11 20:35:00,2963.127197265625,4240.4560546875,1277.328857421875,542832.1112060547,152.07875379090183,262.33220607702606,0.0,0.0
1112,2035-01-11 20:40:00,2982.10302734375,4008.785888671875,1026.682861328125,543858.7940673828,152.07875236039035,241.37149798785322,0.0,27.56285798549652
1113,2035-01-11 20:45:00,3001.54833984375,4045.895263671875,1044.346923828125,544903.1409912109,152.07875092987888,243.3936531460749,0.0,0.0
1114,2035-01-11 20:50:00,3006.724609375,4105.91259765625,1099.18798828125,546002.3289794922,152.0787494993674,247.2025408959853,0.0,0.0
1115,2035-01-11 20:55:00,3054.79345703125,3884.472900390625,829.679443359375,546832.0084228516,153.5868413746357,227.23692344874144,0.0,28.34380728006363
1116,2035-01-11 21:00:00,3054.64501953125,3916.5166015625,861.87158203125,547693.8800048828,153.5868413746357,230.92401060461998,0.0,0.0
1117,2035-01-11 21:05:00,3054.138671875,3957.380126953125,903.241455078125,548597.1214599609,153.5868413746357,233.4810711145401,0.0,0.0
1118,2035-01-11 21:10:00,3042.625244140625,3947.48779296875,904.862548828125,549501.9840087891,153.5868413746357,232.99394139647484,0.0,0.0
1119,2035-01-11 21:15:00,3033.615966796875,3937.68408203125,904.068115234375,550406.0521240234,153.5868413746357,232.99394139647484,0.0,0.0
1120,2035-01-11 21:20:00,3021.4267578125,3925.537353515625,904.110595703125,551310.1627197266,153.5868413746357,232.99394139647484,0.0,0.0
1121,2035-01-11 21:25:00,3017.54638671875,3920.41748046875,902.87109375,552213.0338134766,153.5868413746357,232.99394139647484,0.0,0.0
1122,2035-01-11 21:30:00,3012.602294921875,3915.224609375,902.622314453125,553115.6561279297,153.5868413746357,232.99394139647484,0.0,0.0
1123,2035-01-11 21:35:00,2974.03369140625,3921.041015625,947.00732421875,554062.6634521484,153.5868413746357,233.19518255628643,0.0,0.0
1124,2035-01-11 21:40:00,2963.91162109375,4054.52880859375,1090.6171875,555153.2806396484,153.5868413746357,238.24347960948944,0.0,0.0
1125,2035-01-11 21:45:00,2941.133544921875,4204.109375,1262.975830078125,556416.2564697266,153.5868413746357,249.30353846214712,0.0,0.0
1126,2035-01-11 21:50:00,2916.00927734375,4421.4150390625,1505.40576171875,557921.6622314453,153.5868413746357,263.05069219786674,0.0,0.0
1127,2035-01-11 21:55:00,2909.68115234375,4617.58935546875,1707.908203125,559629.5704345703,153.58684086799622,278.3151194434613,0.0,0.0
1128,2035-01-11 22:00:00,2909.9873046875,4744.0380859375,1834.05078125,561463.6212158203,149.79032241468303,290.8077648161816,0.0,0.0
1129,2035-01-11 22:05:00,2980.037841796875,4889.61572265625,1909.577880859375,563373.1990966797,157.50327455167644,305.161386304153,0.0,0.0
1130,2035-01-11 22:10:00,3071.685546875,5001.36328125,1929.677734375,565302.8768310547,165.69031720523708,317.3388148072081,0.0,0.0
1131,2035-01-11 22:15:00,3238.19775390625,5124.12890625,1885.93115234375,567188.8079833984,175.35670428638332,324.172511479901,0.0,0.0
1132,2035-01-11 22:20:00,3315.888671875,5220.78564453125,1904.89697265625,569093.7049560547,184.58104532957077,333.3512080013752,0.0,0.0
1133,2035-01-11 22:25:00,3290.744384765625,5207.0908203125,1916.346435546875,571010.0513916016,184.95256620645523,335.7483302196488,0.0,0.0
1134,2035-01-11 22:30:00,3270.539306640625,5191.4208984375,1920.881591796875,572930.9329833984,184.8708939254284,336.2083361297846,0.0,0.0
1135,2035-01-11 22:35:00,3281.865478515625,5086.89453125,1805.029052734375,574735.9620361328,183.50934219360352,331.5140355229378,0.0,0.0
1136,2035-01-11 22:40:00,3185.2724609375,4839.9814453125,1654.708984375,576390.6710205078,180.74400748312473,317.7088995873928,0.0,0.0
1137,2035-01-11 22:45:00,3103.63134765625,4740.1015625,1636.47021484375,578027.1412353516,176.22166883945465,309.59074108302593,0.0,0.0
1138,2035-01-11 22:50:00,2950.007080078125,4459.8603515625,1509.853271484375,579536.9945068359,167.2261636853218,297.82627579569817,0.0,0.0
1139,2035-01-11 22:55:00,2880.45703125,4313.50146484375,1433.04443359375,580970.0389404297,160.60556364059448,286.2157946676016,0.0,0.0
1140,2035-01-11 23:00:00,2768.004638671875,4134.8251953125,1366.820556640625,582336.8594970703,152.641603410244,273.4577054902911,0.0,0.0
1141,2035-01-11 23:05:00,2779.2978515625,4016.89892578125,1237.60107421875,583574.4605712891,153.39348405599594,262.2018333077431,0.0,0.0
1142,2035-01-11 23:10:00,2899.426513671875,3862.1962890625,962.769775390625,584537.2303466797,153.38441762328148,250.13324926793575,0.0,0.0
1143,2035-01-11 23:15:00,2919.44091796875,3784.242919921875,864.802001953125,585402.0323486328,153.5868413746357,240.54246799647805,0.0,0.0
1144,2035-01-11 23:20:00,2927.173828125,3783.26171875,856.087890625,586258.1202392578,153.5868413746357,237.09781196713445,0.0,0.0
1145,2035-01-11 23:25:00,2929.68408203125,3816.191162109375,886.507080078125,587144.6273193359,153.5868413746357,233.56244677305222,0.0,0.0
1146,2035-01-11 23:30:00,2907.703125,3821.73876953125,914.03564453125,588058.6629638672,153.5868413746357,232.99394115433097,0.0,0.0
1147,2035-01-11 23:35:00,2888.70849609375,3822.72705078125,934.0185546875,588992.6815185547,153.5868413746357,232.99394115433097,0.0,0.0
1148,2035-01-11 23:40:00,2894.073974609375,3827.073974609375,933.0,589925.6815185547,153.5868413746357,232.99394115433097,0.0,0.0
1149,2035-01-11 23:45:00,2897.38427734375,3829.59912109375,932.21484375,590857.8963623047,153.5868413746357,232.99394115433097,0.0,0.0
1150,2035-01-11 23:50:00,2902.616455078125,3834.13720703125,931.520751953125,591789.4171142578,153.5868413746357,232.99394115433097,0.0,0.0
1151,2035-01-11 23:55:00,2917.106689453125,3847.108642578125,930.001953125,592719.4190673828,153.5868413746357,232.99394115433097,0.0,0.0
1152,2035-01-12 00:00:00,2919.583251953125,3848.65771484375,929.074462890625,593648.4935302734,153.5868413746357,232.99394115433097,0.0,0.0
1153,2035-01-12 00:05:00,2933.5732421875,3861.041015625,927.4677734375,594575.9613037109,153.5868413746357,232.99394115433097,0.0,0.0
1154,2035-01-12 00:10:00,2933.5458984375,3860.5498046875,927.00390625,595502.9652099609,153.5868413746357,232.99394115433097,0.0,0.0
1155,2035-01-12 00:15:00,2930.00830078125,3857.1123046875,927.10400390625,596430.0692138672,153.5868413746357,232.99394115433097,0.0,0.0
1156,2035-01-12 00:20:00,2933.448974609375,3860.364990234375,926.916015625,597356.9852294922,153.5868413746357,232.99394115433097,0.0,0.0
1157,2035-01-12 00:25:00,2918.36767578125,3846.6357421875,928.26806640625,598285.2532958984,153.5868413746357,232.99394115433097,0.0,0.0
1158,2035-01-12 00:30:00,2899.0849609375,3828.98388671875,929.89892578125,599215.1522216797,153.5868413746357,232.99394115433097,0.0,0.0
1159,2035-01-12 00:35:00,2887.77783203125,3818.640625,930.86279296875,600146.0150146484,153.5868413746357,232.99394115433097,0.0,0.0
1160,2035-01-12 00:40:00,2876.685791015625,3809.989990234375,933.30419921875,601079.3192138672,153.5868413746357,233.0157224573195,0.0,0.0
1161,2035-01-12 00:45:00,2879.638427734375,3851.662841796875,972.0244140625,602051.3436279297,153.5868413746357,233.7935135439038,0.0,0.0
1162,2035-01-12 00:50:00,2876.46435546875,3883.559814453125,1007.095458984375,603058.4390869141,153.5868413746357,236.55807372182608,0.0,0.0
1163,2035-01-12 00:55:00,2875.56103515625,4111.5595703125,1235.99853515625,604294.4376220703,153.5868413746357,248.10655121225864,0.0,0.0
1164,2035-01-12 01:00:00,2867.03076171875,4383.919921875,1516.88916015625,605811.3267822266,153.5868413746357,264.46183617040515,0.0,0.0
1165,2035-01-12 01:05:00,2853.30419921875,4437.556640625,1584.25244140625,607395.5792236328,153.58684223890305,274.87616091035306,0.0,0.0
1166,2035-01-12 01:10:00,2879.761474609375,4582.43115234375,1702.669677734375,609098.2489013672,153.58443200588226,285.845595613122,0.0,0.0
1167,2035-01-12 01:15:00,2890.089111328125,4730.49853515625,1840.409423828125,610938.6583251953,150.52285374701023,297.676152292639,0.0,0.0
1168,2035-01-12 01:20:00,2912.320556640625,4672.08740234375,1759.766845703125,612698.4251708984,153.5256685614586,298.9769026786089,0.0,0.0
1169,2035-01-12 01:25:00,2917.94482421875,4669.69091796875,1751.74609375,614450.1712646484,156.1656675338745,301.56624427065253,0.0,0.0
1170,2035-01-12 01:30:00,2914.881591796875,4600.7529296875,1685.871337890625,616136.0426025391,157.02568417787552,300.56839022040367,0.0,0.0
1171,2035-01-12 01:35:00,2865.965087890625,4432.8115234375,1566.846435546875,617702.8890380859,156.60565933585167,289.89760672301054,0.0,0.0
1172,2035-01-12 01:40:00,2842.8876953125,4176.11767578125,1333.22998046875,619036.1190185547,154.62567779421806,275.94202247262,0.0,0.0
1173,2035-01-12 01:45:00,2719.75830078125,4096.25146484375,1376.4931640625,620412.6121826172,149.12580303017967,265.40984894995563,0.0,0.0
1174,2035-01-12 01:50:00,2666.2529296875,3929.897216796875,1263.644287109375,621676.2564697266,146.09298328225486,256.11140142296426,0.0,0.0
1175,2035-01-12 01:55:00,2682.394775390625,3897.35888671875,1214.964111328125,622891.2205810547,148.29772314344518,250.26398520086875,0.0,0.0
1176,2035-01-12 02:00:00,2812.435546875,3979.128173828125,1166.692626953125,624057.9132080078,153.58443224430084,253.1107733398676,0.0,0.0
1177,2035-01-12 02:05:00,2796.0712890625,3902.018310546875,1105.947021484375,625163.8602294922,153.58684208989143,249.45077347755432,0.0,0.0
1178,2035-01-12 02:10:00,2776.124755859375,3858.25048828125,1082.125732421875,626245.9859619141,153.58684208989143,245.57076068222523,0.0,0.0
1179,2035-01-12 02:15:00,2772.180908203125,3818.889404296875,1046.70849609375,627292.6944580078,153.58684208989143,243.3107581734657,0.0,0.0
1180,2035-01-12 02:20:00,2766.6728515625,3824.8466796875,1058.173828125,628350.8682861328,153.58684208989143,241.37078871205446,0.0,0.0
1181,2035-01-12 02:25:00,2769.00390625,3832.72998046875,1063.72607421875,629414.5943603516,153.58684208989143,241.69077214598653,0.0,0.0
1182,2035-01-12 02:30:00,2769.728515625,3871.7275390625,1101.9990234375,630516.5933837891,153.58684208989143,242.58143358677626,0.0,0.0
1183,2035-01-12 02:35:00,2764.035400390625,3933.954345703125,1169.9189453125,631686.5123291016,153.58684208989143,245.4814319461584,0.0,0.0
1184,2035-01-12 02:40:00,2759.6064453125,3996.62841796875,1237.02197265625,632923.5343017578,153.58684208989143,249.90143063664436,0.0,0.0
1185,2035-01-12 02:45:00,2756.87841796875,4052.33740234375,1295.458984375,634218.9932861328,153.58684208989143,254.48143576085567,0.0,0.0
1186,2035-01-12 02:50:00,2751.47314453125,4146.3095703125,1394.83642578125,635613.8297119141,153.58684208989143,260.7948513329029,0.0,0.0
1187,2035-01-12 02:55:00,2741.8212890625,4224.50537109375,1482.68408203125,637096.5137939453,153.58684208989143,266.56189346313477,0.0,0.0
1188,2035-01-12 03:00:00,2747.583984375,4263.642578125,1516.05859375,638612.5723876953,153.58684208989143,270.2766941189766,0.0,0.0
1189,2035-01-12 03:05:00,2715.879150390625,4263.31298828125,1547.433837890625,640160.0062255859,152.07874878411167,272.4037934831249,0.0,0.0
1190,2035-01-12 03:10:00,2702.528076171875,4294.88818359375,1592.360107421875,641752.3663330078,152.0787473536002,276.3564343071448,0.0,0.0
1191,2035-01-12 03:15:00,2707.833984375,4267.4150390625,1559.5810546875,643311.9473876953,152.10518871908062,278.7769874996411,0.0,0.0
1192,2035-01-12 03:20:00,2723.5869140625,4098.99853515625,1375.41162109375,644687.3590087891,151.6080434537398,270.1233416042196,0.0,0.0
1193,2035-01-12 03:25:00,2680.665771484375,3951.56201171875,1270.896240234375,645958.2552490234,146.8598493022655,258.0396412817572,0.0,0.0
1194,2035-01-12 03:30:00,2688.546630859375,3874.863037109375,1186.31640625,647144.5716552734,149.94754289750927,254.5551961875426,0.0,0.0
1195,2035-01-12 03:35:00,2682.64501953125,3707.34033203125,1024.6953125,648169.2669677734,150.44754456643932,244.71150910024517,0.0,0.0
1196,2035-01-12 03:40:00,2708.627685546875,3643.262451171875,934.634765625,649103.9017333984,152.48195362091064,239.03898318856955,0.0,0.0
1197,2035-01-12 03:45:00,2722.75634765625,3632.995361328125,910.239013671875,650014.1407470703,153.48442512750626,235.9755056798458,0.0,0.0
1198,2035-01-12 03:50:00,2713.729248046875,3655.533203125,941.803955078125,650955.9447021484,153.58684316277504,232.99395689368245,0.0,0.0
1199,2035-01-12 03:55:00,2710.049072265625,3651.4345703125,941.385498046875,651897.3302001953,153.58684316277504,232.99395689368245,0.0,0.0
1200,2035-01-12 04:00:00,2722.48388671875,3661.550537109375,939.066650390625,652836.3968505859,153.58684316277504,232.99395689368245,0.0,0.0
1201,2035-01-12 04:05:00,2702.407958984375,3621.52099609375,919.113037109375,653755.5098876953,152.07874985699527,230.57945317690243,0.0,0.0
1202,2035-01-12 04:10:00,2718.369384765625,3635.43798828125,917.068603515625,654672.5784912109,152.0787484264838,230.5794510460364,0.0,0.0
1203,2035-01-12 04:15:00,2772.320068359375,3705.46923828125,933.149169921875,655605.7276611328,153.5868403017521,232.99395272135735,0.0,0.0
1204,2035-01-12 04:20:00,2781.720458984375,3713.884521484375,932.1640625,656537.8917236328,153.5868403017521,232.99395272880793,0.0,0.0
1205,2035-01-12 04:25:00,2788.9775390625,3720.474853515625,931.497314453125,657469.3890380859,153.5868403017521,232.99395273625848,0.0,0.0
1206,2035-01-12 04:30:00,2796.84716796875,3727.574462890625,930.727294921875,658400.1163330078,153.5868403017521,232.99395274743435,0.0,0.0
1207,2035-01-12 04:35:00,2818.881103515625,3735.534912109375,916.65380859375,659316.7701416016,153.58684116601944,232.99395275861022,0.0,0.0
1208,2035-01-12 04:40:00,2850.1083984375,3748.33056640625,898.22216796875,660214.9923095703,152.48442482948303,232.9939527697861,0.0,0.0
1209,2035-01-12 04:45:00,2817.417236328125,3758.54638671875,941.129150390625,661156.1214599609,149.3556665033102,232.99395278096196,0.0,0.0
1210,2035-01-12 04:50:00,2881.786865234375,3771.6298828125,889.843017578125,662045.9644775391,152.93568021059036,232.99395279213783,0.0,0.0
1211,2035-01-12 04:55:00,2945.42236328125,3786.34130859375,840.9189453125,662886.8834228516,156.9356665611267,232.99395280703902,0.0,0.0
1212,2035-01-12 05:00:00,2978.22802734375,3812.762939453125,834.534912109375,663721.4183349609,160.36566907167435,233.13518815860152,0.0,0.0
1213,2035-01-12 05:05:00,3010.833740234375,3897.325927734375,886.4921875,664607.9105224609,161.2383077657687,233.4914077139365,0.0,0.0
1214,2035-01-12 05:10:00,3040.75244140625,4094.922119140625,1054.169677734375,665662.0802001953,164.64356665973537,245.28582332896985,0.0,0.0
1215,2035-01-12 05:15:00,3004.396240234375,4329.26416015625,1324.867919921875,666986.9481201172,161.60288010368095,256.6911888783143,0.0,0.0
1216,2035-01-12 05:20:00,3005.899658203125,4382.296875,1376.397216796875,668363.3453369141,162.050280792806,265.2077923251127,0.0,0.0
1217,2035-01-12 05:25:00,3074.720458984375,4622.22509765625,1547.504638671875,669910.8499755859,169.51724370484226,282.67570889190756,0.0,0.0
1218,2035-01-12 05:30:00,3044.586181640625,4594.77099609375,1550.184814453125,671461.0347900391,168.63304143314235,286.2792472160327,0.0,0.0
1219,2035-01-12 05:35:00,3031.677490234375,4652.88623046875,1621.208740234375,673082.2435302734,167.5804058826434,291.8532988718616,0.0,0.0
1220,2035-01-12 05:40:00,3028.969970703125,4681.69140625,1652.721435546875,674734.9649658203,168.2856723368168,297.72447038441896,0.0,0.0
1221,2035-01-12 05:45:00,2960.810546875,4671.546875,1710.736328125,676445.7012939453,165.5156746506691,297.7791416104883,0.0,0.0
1222,2035-01-12 05:50:00,2929.36962890625,4591.638671875,1662.26904296875,678107.9703369141,162.65567350387573,297.52625572681427,0.0,0.0
1223,2035-01-12 05:55:00,2860.359619140625,4499.96142578125,1639.601806640625,679747.5721435547,160.335682451725,291.89754554629326,0.0,0.0
1224,2035-01-12 06:00:00,2817.142822265625,4424.2841796875,1607.141357421875,681354.7135009766,156.45569115877151,286.7493767142296,0.0,0.0
1225,2035-01-12 06:05:00,2796.7041015625,4388.546875,1591.8427734375,682946.5562744141,153.18566265702248,283.0083608031273,0.0,0.0
1226,2035-01-12 06:10:00,2796.984619140625,4288.3740234375,1491.389404296875,684437.9456787109,150.71566435694695,275.8358641862869,0.0,0.0
1227,2035-01-12 06:15:00,2802.744873046875,4182.66650390625,1379.921630859375,685817.8673095703,148.10566725116223,265.29529225826263,0.0,0.0
1228,2035-01-12 06:20:00,2890.57373046875,4228.98193359375,1338.408203125,687156.2755126953,151.1819718182087,264.1190403997898,0.0,0.0
1229,2035-01-12 06:25:00,3006.27490234375,4251.28662109375,1245.01171875,688401.2872314453,153.58437675237656,260.1862564086914,0.0,0.0
1230,2035-01-12 06:30:00,3071.799560546875,4301.6435546875,1229.843994140625,689631.1312255859,153.58684995770454,259.2862453889102,0.0,0.0
1231,2035-01-12 06:35:00,3134.5224609375,4385.21435546875,1250.69189453125,690881.8231201172,153.58684995770454,260.6237124502659,0.0,0.0
1232,2035-01-12 06:40:00,3205.65771484375,4595.9921875,1390.33447265625,692272.1575927734,153.58684995770454,269.9772268217057,0.0,0.0
1233,2035-01-12 06:45:00,3266.107177734375,4796.0458984375,1529.938720703125,693802.0963134766,153.58684995770454,280.3630345305428,0.0,0.0
1234,2035-01-12 06:50:00,3330.27001953125,4943.24853515625,1612.978515625,695415.0748291016,153.58684995770454,289.9942205809057,0.0,0.0
1235,2035-01-12 06:55:00,3391.286376953125,5068.92236328125,1677.635986328125,697092.7108154297,153.58684995770454,298.3396263383329,0.0,0.0
1236,2035-01-12 07:00:00,3446.701416015625,5317.345703125,1870.644287109375,698963.3551025391,153.5868508219719,311.4801804497838,0.0,0.0
1237,2035-01-12 07:05:00,3536.186279296875,5303.13330078125,1766.947021484375,700730.3021240234,153.48449665308,315.1746425330639,0.0,0.0
1238,2035-01-12 07:10:00,3572.270263671875,5604.7060546875,2032.435791015625,702762.7379150391,149.99671249091625,329.68596818717197,0.0,0.0
1239,2035-01-12 07:15:00,3685.6279296875,5562.32568359375,1876.69775390625,704639.4356689453,155.11906683444977,331.3900478631258,0.0,0.0
1240,2035-01-12 07:20:00,4131.607421875,5608.9560546875,1477.3486328125,706116.7843017578,170.12548172473907,335.03006491903216,8.378463506698608,0.0
1241,2035-01-12 07:25:00,4186.5390625,5668.4208984375,1481.8818359375,707598.6661376953,177.53882098197937,336.70009222626686,0.0,0.0
1242,2035-01-12 07:30:00,4400.60693359375,5739.16748046875,1338.560546875,708937.2266845703,187.95933890342712,339.1800585836172,0.0,0.0
1243,2035-01-12 07:35:00,4498.32861328125,5705.337890625,1207.00927734375,710144.2359619141,197.29015803337097,340.810639500618,0.0,0.0
1244,2035-01-12 07:40:00,4567.35498046875,5783.01513671875,1215.66015625,711359.8961181641,205.4210539460182,339.87625789642334,0.0,0.0
1245,2035-01-12 07:45:00,4639.0390625,5748.84326171875,1109.80419921875,712469.7003173828,214.30048805475235,342.7987481504679,0.0,0.0
1246,2035-01-12 07:50:00,4725.07666015625,5982.7001953125,1257.62353515625,713727.3238525391,224.5695815682411,351.9021656718105,0.0,0.0
1247,2035-01-12 07:55:00,4760.46435546875,6077.875,1317.41064453125,715044.7344970703,234.28514194488525,361.61261857207865,0.0,0.0
1248,2035-01-12 08:00:00,4724.7998046875,6065.9306640625,1341.130859375,716385.8653564453,240.67268002033234,365.6859291791916,0.0,0.0
1249,2035-01-12 08:05:00,4772.357421875,6039.56640625,1267.208984375,717653.0743408203,248.53151148557663,368.8219527490437,0.0,0.0
1250,2035-01-12 08:10:00,4631.13818359375,6015.86865234375,1384.73046875,719037.8048095703,248.8848533630371,370.47127264738083,0.0,0.0
1251,2035-01-12 08:15:00,4606.29052734375,5876.55224609375,1270.26171875,720308.0665283203,249.83481109142303,366.6403074860573,0.0,0.0
1252,2035-01-12 08:20:00,4558.54931640625,5851.11767578125,1292.568359375,721600.6348876953,250.9648196995258,361.8112992942333,0.0,0.0
1253,2035-01-12 08:25:00,4434.0693359375,5655.89697265625,1221.82763671875,722822.4625244141,249.61484906077382,349.5412293076515,0.0,0.0
1254,2035-01-12 08:30:00,4203.6875,5685.4111328125,1481.7236328125,724304.1861572266,238.79759352569454,346.4767496055829,0.922330766916275,0.0
1255,2035-01-12 08:35:00,4109.34033203125,5418.8916015625,1309.55126953125,725613.7374267578,232.20173122649066,334.1216056263911,0.0,0.0
1256,2035-01-12 08:40:00,4065.802734375,5348.42724609375,1282.62451171875,726896.3619384766,226.4114069855677,325.3063255465495,0.0,0.0
1257,2035-01-12 08:45:00,4059.7734375,5322.033203125,1262.259765625,728158.6217041016,223.04656267166135,320.15104975551367,0.0,0.0
1258,2035-01-12 08:50:00,4014.053955078125,5219.5576171875,1205.503662109375,729364.1253662109,216.65412485599518,309.98943776637316,0.0,0.0
1259,2035-01-12 08:55:00,4020.93701171875,5081.46435546875,1060.52734375,730424.6527099609,213.18597425520417,298.34185399860144,0.0,0.0
1260,2035-01-12 09:00:00,3994.263671875,5040.947265625,1046.68359375,731471.3363037109,207.96949660778046,289.5370947867632,0.0,0.0
1261,2035-01-12 09:05:00,4019.52001953125,5010.36181640625,990.841796875,732462.1781005859,205.0293726623058,280.8910911679268,0.0,15.089718639850616
1262,2035-01-12 09:10:00,4031.81494140625,4987.71728515625,955.90234375,733418.0804443359,201.94936969876287,279.7887232899666,0.0,0.0
1263,2035-01-12 09:15:00,4067.595458984375,5029.87158203125,962.276123046875,734380.3565673828,200.4192675948143,276.15172980725765,4.148912638425827,0.0
1264,2035-01-12 09:20:00,4100.646484375,4956.37158203125,855.72509765625,735236.0816650391,198.75580322742462,272.17589515447617,0.0,0.0
1265,2035-01-12 09:25:00,4171.24169921875,5012.19677734375,840.955078125,736077.0367431641,199.5443665385246,269.2117456868291,0.0,0.0
1266,2035-01-12 09:30:00,4244.9892578125,5007.28857421875,762.29931640625,736839.3360595703,201.28438234329224,267.9322484135628,0.0,0.0
1267,2035-01-12 09:35:00,4359.6005859375,5092.650390625,733.0498046875,737572.3858642578,205.58601909875867,266.58239805698395,0.0,0.0
1268,2035-01-12 09:40:00,4352.28759765625,5106.75048828125,754.462890625,738326.8487548828,206.72000484828823,269.01318209533565,0.0,0.0
1269,2035-01-12 09:45:00,4437.96142578125,5176.1162109375,738.15478515625,739065.0035400391,209.9621205842959,272.4896892449724,0.0,0.0
1270,2035-01-12 09:50:00,4429.66748046875,5206.1220703125,776.45458984375,739841.4581298828,205.80463678965316,272.57108978757606,0.0,0.0
1271,2035-01-12 09:55:00,4431.970703125,5402.78369140625,970.81298828125,740812.2711181641,204.211929066274,279.5815928412412,0.0,0.0
1272,2035-01-12 10:00:00,4529.15087890625,5536.9833984375,1007.83251953125,741820.1036376953,208.99657468328223,290.8043722493385,0.0,0.0
1273,2035-01-12 10:05:00,4442.35302734375,5530.61376953125,1088.2607421875,742908.3643798828,205.85637570748077,296.17791068384395,0.0,0.0
1274,2035-01-12 10:10:00,4364.79736328125,5351.71240234375,986.9150390625,743895.2794189453,203.09499428996784,294.2552791965936,0.0,0.0
1275,2035-01-12 10:15:00,4325.1767578125,5295.81005859375,970.63330078125,744865.9127197266,200.4894781840776,290.6415570659374,0.0,0.0
1276,2035-01-12 10:20:00,4295.943359375,5119.31494140625,823.37158203125,745689.2843017578,195.94436521658645,280.27878318557487,0.0,0.0
1277,2035-01-12 10:25:00,4170.04296875,4855.5859375,685.54296875,746374.8272705078,188.1078159643148,262.7512261254524,0.0,0.0
1278,2035-01-12 10:30:00,4033.522216796875,4816.8701171875,783.347900390625,747158.1751708984,179.5129142237638,253.8160012198423,0.0,0.0
1279,2035-01-12 10:35:00,3987.322509765625,4598.224609375,610.902099609375,747769.0772705078,172.32329340109573,238.82608783075557,0.0,0.0
1280,2035-01-12 10:40:00,3826.34912109375,4567.9921875,741.64306640625,748510.7203369141,164.6895829869245,231.4699781371091,4.749531909823418,0.0
1281,2035-01-12 10:45:00,3723.092041015625,4606.796875,883.704833984375,749394.4251708984,156.41605610975967,229.73120365867362,0.0,0.0
1282,2035-01-12 10:50:00,3635.17919921875,4633.78173828125,998.6025390625,750393.0277099609,149.22812774607883,230.4097813946937,0.0,0.0
1283,2035-01-12 10:55:00,3655.13525390625,4588.37060546875,933.2353515625,751326.2630615234,152.88830326328025,230.6764321459268,0.0,0.0
1284,2035-01-12 11:00:00,3632.065185546875,4591.28515625,959.219970703125,752285.4830322266,152.677754632281,233.72951552932133,0.0,0.0
1285,2035-01-12 11:05:00,3633.10693359375,4545.51171875,912.40478515625,753197.8878173828,154.8398264861571,233.8377271435129,0.0,0.0
1286,2035-01-12 11:10:00,3700.561767578125,4593.46044921875,892.898681640625,754090.7864990234,156.4658237910735,233.9615221192034,0.0,0.0
1287,2035-01-12 11:15:00,3652.91943359375,4621.17822265625,968.2587890625,755059.0452880859,151.9391855580543,232.36241675185008,0.0,0.0
1288,2035-01-12 11:20:00,3718.970458984375,4720.03466796875,1001.064208984375,756060.1094970703,150.79969210753188,236.91976792940838,0.0,0.0
1289,2035-01-12 11:25:00,3744.587158203125,4890.462890625,1145.875732421875,757205.9852294922,150.51145787367568,243.70469765195594,0.0,0.0
1290,2035-01-12 11:30:00,3885.765380859375,5029.36669921875,1143.601318359375,758349.5865478516,157.96700922975288,252.03434978255973,0.0,0.0
1291,2035-01-12 11:35:00,3987.599609375,5251.8525390625,1264.2529296875,759613.8394775391,167.6892300678228,265.39167660118983,0.0,0.0
1292,2035-01-12 11:40:00,4202.94677734375,5873.1015625,1670.15478515625,761283.9942626953,179.8100052906011,297.8369044942592,0.0,15.682230085134506
1293,2035-01-12 11:45:00,4499.966796875,6196.24951171875,1696.28271484375,762980.2769775391,197.95749889144645,323.5968489108418,0.0,0.0
1294,2035-01-12 11:50:00,4991.41064453125,6907.400390625,1915.98974609375,764896.2667236328,224.1491168571447,356.88980845937476,0.0,1.313134141266346
1295,2035-01-12 11:55:00,5251.9287109375,7574.05126953125,2322.12255859375,767218.3892822266,247.9602617455457,399.682165410537,0.0,0.0
1296,2035-01-12 12:00:00,5506.20458984375,7837.5595703125,2331.35498046875,769549.7442626953,270.56631694564567,431.44787434319,0.0,0.0
1297,2035-01-12 12:05:00,5667.82080078125,8124.4951171875,2456.67431640625,772006.4185791016,288.71943209895835,452.1578855572079,0.0,2.696854889392853
1298,2035-01-12 12:10:00,5563.94921875,8036.3154296875,2472.3662109375,774478.7847900391,294.5922373069261,454.31699162552104,0.0,0.9312254190444946
1299,2035-01-12 12:15:00,5600.75537109375,7943.6767578125,2342.92138671875,776821.7061767578,291.79811770214656,452.95682176608534,0.0,2.055255703628063
1300,2035-01-12 12:20:00,5787.80810546875,7880.3740234375,2092.56591796875,778914.2720947266,311.4420086575483,465.2540015701852,8.622219413518906,15.196254106238484
1301,2035-01-12 12:25:00,5494.24267578125,7526.13525390625,2031.892578125,780946.1646728516,301.6276971829866,455.9864113538242,0.0,2.1826770193874836
1302,2035-01-12 12:30:00,5472.04052734375,7332.455078125,1860.41455078125,782806.5792236328,296.40481628308044,443.99513515008584,0.0,0.0
1303,2035-01-12 12:35:00,5122.62158203125,6922.95458984375,1800.3330078125,784606.9122314453,279.99625719914184,421.6337938627039,0.0,0.0
1304,2035-01-12 12:40:00,4996.6474609375,6548.62109375,1551.9736328125,786158.8858642578,268.3527221811746,397.4280049392764,0.0,0.0
1305,2035-01-12 12:45:00,4606.1875,6102.97412109375,1496.78662109375,787655.6724853516,247.62913565168128,368.9734259929319,0.0,0.0
1306,2035-01-12 12:50:00,4369.0732421875,5715.75048828125,1346.67724609375,789002.3497314453,227.93803261050923,340.93168337473617,0.0,0.0
1307,2035-01-12 12:55:00,4219.97998046875,5498.90869140625,1278.9287109375,790281.2784423828,212.7792782021497,318.6752948893045,0.0,0.0
1308,2035-01-12 13:00:00,3953.322265625,5201.2568359375,1247.9345703125,791529.2130126953,195.22473852166877,297.9626057131027,0.0,0.0
1309,2035-01-12 13:05:00,3967.541748046875,5197.89990234375,1230.358154296875,792759.5711669922,188.11721287498221,288.9951473383044,0.0,0.0
1310,2035-01-12 13:10:00,3879.047119140625,5115.87939453125,1236.832275390625,793996.4034423828,181.04320145973907,282.61259688267455,0.0,0.0
1311,2035-01-12 13:15:00,3796.473388671875,5140.29052734375,1343.817138671875,795340.2205810547,174.52970261702285,283.1091953648065,0.0,0.0
1312,2035-01-12 13:20:00,3777.711181640625,4970.849609375,1193.138427734375,796533.3590087891,170.75471161136375,273.663096442986,0.0,0.0
1313,2035-01-12 13:25:00,3754.96337890625,5028.24951171875,1273.2861328125,797806.6451416016,167.63444430956588,274.5176705850099,0.0,0.0
1314,2035-01-12 13:30:00,3752.043701171875,5061.7587890625,1309.715087890625,799116.3602294922,165.60695926675544,274.44593903252826,0.0,0.0
1315,2035-01-12 13:35:00,3837.177978515625,5137.74755859375,1300.569580078125,800416.9298095703,167.63279636034713,275.01671517185605,0.0,0.0
1316,2035-01-12 13:40:00,3836.15478515625,5284.3701171875,1448.21533203125,801865.1451416016,168.1284814460014,282.68316378274903,0.0,0.0
1317,2035-01-12 13:45:00,3861.340576171875,5544.9140625,1683.573486328125,803548.7186279297,169.22096390852676,299.0433363110569,0.0,0.0
1318,2035-01-12 13:50:00,3907.70361328125,5803.19775390625,1895.494140625,805444.2127685547,172.30537091026054,317.49696081334696,0.0,0.0
1319,2035-01-12 13:55:00,3987.161376953125,6047.24267578125,2060.081298828125,807504.2940673828,175.7164889110063,336.01914402859256,0.0,0.0
1320,2035-01-12 14:00:00,4003.876708984375,6323.28369140625,2319.406982421875,809823.7010498047,182.06198118457542,355.033897141162,0.0,0.0
1321,2035-01-12 14:05:00,4326.3740234375,6686.58544921875,2360.21142578125,812183.9124755859,200.10257915982947,378.4839481545423,0.0,0.0
1322,2035-01-12 14:10:00,4462.96826171875,7090.67236328125,2627.7041015625,814811.6165771484,214.070904715154,405.7255513222699,0.0,0.0
1323,2035-01-12 14:15:00,4999.32080078125,7600.6123046875,2601.29150390625,817412.9080810547,243.69893733987556,438.39369188265846,0.0,0.0
1324,2035-01-12 14:20:00,5124.44287109375,8041.0986328125,2916.65576171875,820329.5638427734,264.9288687540029,471.0046400038336,0.0,0.0
1325,2035-01-12 14:25:00,6532.9296875,8500.1611328125,1967.2314453125,822296.7952880859,333.0173981702792,505.7355599721704,52.609904050827026,0.0
1326,2035-01-12 14:30:00,6571.99755859375,8819.12890625,2247.13134765625,824543.9266357422,375.168592563914,535.5879232978259,0.0,0.0
1327,2035-01-12 14:35:00,7320.8896484375,9221.9833984375,1901.09375,826445.0203857422,423.1564423954951,563.4954319542085,20.544328287243843,0.0
1328,2035-01-12 14:40:00,7481.13037109375,9420.76953125,1939.63916015625,828384.6595458984,452.0776901758181,588.821497881403,0.0,0.0
1329,2035-01-12 14:45:00,7738.595703125,9719.599609375,1981.00390625,830365.6634521484,478.8537170804011,610.794213167941,0.0,0.0
1330,2035-01-12 14:50:00,7823.560546875,10589.330078125,2765.76953125,833131.4329833984,491.37120192413204,642.2721376187073,0.0,54.94159793294966
1331,2035-01-12 14:55:00,7921.2431640625,9836.3203125,1915.0771484375,835046.5101318359,502.0676330162023,633.7838879872761,32.44675946235657,0.0
1332,2035-01-12 15:00:00,7744.283203125,9952.908203125,2208.625,837255.1351318359,503.65404801730983,640.7887458039258,0.0,0.0
1333,2035-01-12 15:05:00,7873.94091796875,9989.8193359375,2115.87841796875,839371.0135498047,510.62913944487445,645.6182110739683,0.0,0.0
1334,2035-01-12 15:10:00,8054.24951171875,10060.1416015625,2005.89208984375,841376.9056396484,525.4735804796219,656.4063439286219,0.0,0.0
1335,2035-01-12 15:15:00,7990.8251953125,9917.494140625,1926.6689453125,843303.5745849609,530.5186640322208,654.8968665599823,0.0,0.0
1336,2035-01-12 15:20:00,7820.19873046875,9547.0830078125,1726.88427734375,845030.4588623047,517.6671070158482,629.8778809905052,0.0,0.0
1337,2035-01-12 15:25:00,7796.49267578125,9313.513671875,1517.02099609375,846547.4798583984,509.64268453419203,607.8243122696877,0.0,0.0
1338,2035-01-12 15:30:00,7173.78955078125,8591.494140625,1417.70458984375,847965.1844482422,476.4975280761718,569.31793705374,0.0,0.0
1339,2035-01-12 15:35:00,6838.849609375,8267.1962890625,1428.3466796875,849393.5311279297,445.1297194063663,537.2243269532919,0.0,0.0
1340,2035-01-12 15:40:00,6449.599609375,7742.4462890625,1292.8466796875,850686.3778076172,411.02847668528557,501.1561646014452,0.0,0.0
1341,2035-01-12 15:45:00,5858.43798828125,7265.75439453125,1407.31640625,852093.6942138672,368.0677687525749,466.161293298006,0.0,0.0
1342,2035-01-12 15:50:00,5633.2041015625,6844.00830078125,1210.80419921875,853304.4984130859,335.6015103459358,433.16056837141514,10.075444523245096,0.0
1343,2035-01-12 15:55:00,5211.1689453125,6467.865234375,1256.6962890625,854561.1947021484,297.0098425745964,403.0750802159309,7.635578613728285,0.0
1344,2035-01-12 16:00:00,5038.9814453125,6396.759765625,1357.7783203125,855918.9730224609,269.98890739679337,386.0930757969618,0.0,0.0
1345,2035-01-12 16:05:00,4988.15234375,6102.26220703125,1114.10986328125,857033.0828857422,254.9843297600746,369.1990696042776,0.0,0.0
1346,2035-01-12 16:10:00,5011.078125,5794.59716796875,783.51904296875,857816.6019287109,249.74373266287145,353.05442690849304,0.0,0.0
1347,2035-01-12 16:15:00,5006.75439453125,5675.8076171875,669.05322265625,858485.6551513672,247.19465202093124,342.6634680405259,0.0,0.0
1348,2035-01-12 16:20:00,4968.63916015625,5405.75830078125,437.119140625,858922.7742919922,246.67319625616074,327.329927533865,0.0,0.0
1349,2035-01-12 16:25:00,4931.04443359375,5127.02392578125,195.9794921875,859118.7537841797,248.2131994962692,309.53000342845917,0.0,0.0
1350,2035-01-12 16:30:00,4922.24169921875,5091.95654296875,169.71484375,859288.4686279297,251.91320455074307,300.98592844605446,0.0,0.0
1351,2035-01-12 16:35:00,4891.10107421875,4761.24755859375,-129.853515625,859158.6151123047,256.51319497823715,287.55751248449087,0.0,0.0
1352,2035-01-12 16:40:00,4843.18017578125,4652.43359375,-190.74658203125,858967.8685302734,260.47319811582565,277.81876745820045,0.0,0.0
1353,2035-01-12 16:45:00,4916.076171875,4707.97412109375,-208.10205078125,858759.7664794922,268.54096806049347,277.28101040422916,0.0,0.0
1354,2035-01-12 16:50:00,4820.09033203125,4719.09375,-100.99658203125,858658.7698974609,270.973221719265,276.96833416074514,0.0,0.0
1355,2035-01-12 16:55:00,4766.54931640625,4689.6572265625,-76.89208984375,858581.8778076172,277.06314557790756,279.9944039499387,0.0,0.0
1356,2035-01-12 17:00:00,4783.40673828125,4881.4208984375,98.01416015625,858679.8919677734,282.26651906967163,290.0132846273482,0.0,0.0
1357,2035-01-12 17:05:00,4715.10400390625,4806.45361328125,91.349609375,858771.2415771484,284.37319481372833,291.27889040485024,0.0,0.0
1358,2035-01-12 17:10:00,4667.71337890625,4782.603515625,114.89013671875,858886.1317138672,284.4532364308834,295.1082691885531,0.0,0.0
1359,2035-01-12 17:15:00,4623.19482421875,4803.56591796875,180.37109375,859066.5028076172,283.0332497358322,295.79893013834953,0.0,0.0
1360,2035-01-12 17:20:00,4636.20068359375,4823.64111328125,187.4404296875,859253.9432373047,282.1932253241539,298.318901270628,0.0,0.0
1361,2035-01-12 17:25:00,4440.8974609375,4614.77783203125,173.88037109375,859427.8236083984,274.8773257434368,292.0754450932145,0.0,0.0
1362,2035-01-12 17:30:00,4495.91259765625,4686.9248046875,191.01220703125,859618.8358154297,273.5532278716564,291.44829300045967,0.0,0.0
1363,2035-01-12 17:35:00,4443.24267578125,4645.11962890625,201.876953125,859820.7127685547,270.07322204113007,289.01820258796215,0.0,0.0
1364,2035-01-12 17:40:00,4339.59326171875,4586.8154296875,247.22216796875,860067.9349365234,262.36457056467407,284.7145213699805,0.0,0.0
1365,2035-01-12 17:45:00,4278.8330078125,4654.19091796875,375.35791015625,860443.2928466797,257.28502984260194,283.63163607482784,0.0,0.0
1366,2035-01-12 17:50:00,4298.81982421875,4720.2666015625,421.44677734375,860864.7396240234,255.2316846764552,287.9263844118359,0.0,0.0
1367,2035-01-12 17:55:00,4202.97607421875,4819.60888671875,616.6328125,861481.3724365234,249.985033898698,295.4367131433355,0.0,0.0
1368,2035-01-12 18:00:00,4300.8896484375,4907.72900390625,606.83935546875,862088.2117919922,250.59415531158444,301.7592679262161,0.0,0.0
1369,2035-01-12 18:05:00,4259.787109375,4998.08544921875,738.29833984375,862826.5101318359,249.8955496549606,308.0738969668746,0.0,0.0
1370,2035-01-12 18:10:00,4296.86669921875,5162.3212890625,865.45458984375,863691.9647216797,249.77557390928266,320.52143906615674,0.0,0.0
1371,2035-01-12 18:15:00,4269.29248046875,5218.69970703125,949.4072265625,864641.3719482422,251.69558829069138,328.50858468189836,0.0,0.0
1372,2035-01-12 18:20:00,4368.28759765625,5312.23681640625,943.94921875,865585.3211669922,256.07910323143005,336.8843301292509,0.0,0.0
1373,2035-01-12 18:25:00,4359.22900390625,5398.73828125,1039.50927734375,866624.8304443359,259.59554666280746,345.09402272850275,0.0,0.0
1374,2035-01-12 18:30:00,5370.5322265625,6366.0673828125,995.53515625,867620.3656005859,293.35986881618373,394.49358960156314,43.96149180829525,67.65150570869446
1375,2035-01-12 18:35:00,4854.37109375,6329.19580078125,1474.82470703125,869095.1903076172,293.8210367328393,413.6769473041313,0.0,0.0
1376,2035-01-12 18:40:00,4872.4677734375,7107.46533203125,2234.99755859375,871330.1878662109,295.2270305669772,439.49043914218413,0.0,76.09404444694519
1377,2035-01-12 18:45:00,6165.5400390625,7096.1044921875,930.564453125,872260.7523193359,354.17907469634883,464.9788329816329,65.6417088508606,0.0
1378,2035-01-12 18:50:00,5543.2939453125,7850.984375,2307.6904296875,874568.4427490234,348.2192283189761,504.2824149644839,0.0,73.29829931259155
1379,2035-01-12 18:55:00,5560.54052734375,7524.7470703125,1964.20654296875,876532.6492919922,350.24378954534404,512.1538654184806,0.0,0.0
1380,2035-01-12 19:00:00,5510.7158203125,8343.220703125,2832.5048828125,879365.1541748047,351.64901291494243,539.0707742470222,0.0,43.64472642540932
1381,2035-01-12 19:05:00,5501.2744140625,7521.74267578125,2020.46826171875,881385.6224365234,349.870099357413,518.4259591913687,0.0,0.0
1382,2035-01-12 19:10:00,5456.080078125,7317.22021484375,1861.14013671875,883246.7625732422,347.84381680850856,507.66006671552526,0.0,0.0
1383,2035-01-12 19:15:00,5301.13818359375,7184.181640625,1883.04345703125,885129.8060302734,338.7527265250683,498.39592230319977,0.0,0.0
1384,2035-01-12 19:20:00,5221.95849609375,7133.18408203125,1911.2255859375,887041.0316162109,330.58352559804916,488.89236310869455,0.0,0.0
1385,2035-01-12 19:25:00,5261.255859375,6959.92431640625,1698.66845703125,888739.7000732422,329.18434807658195,478.1468810513615,0.0,0.0
1386,2035-01-12 19:30:00,4988.228515625,6850.04638671875,1861.81787109375,890601.5179443359,315.1189120411873,469.27554120123386,0.0,0.0
1387,2035-01-12 19:35:00,4866.75244140625,6674.33349609375,1807.5810546875,892409.0989990234,303.9904277920723,459.02911099046463,0.0,0.0
1388,2035-01-12 19:40:00,4898.31103515625,6628.26611328125,1729.955078125,894139.0540771484,300.4882668927312,454.2734921574592,0.0,0.0
1389,2035-01-12 19:45:00,4888.154296875,6580.75732421875,1692.60302734375,895831.6571044922,296.8720282316208,448.85801561176777,0.0,0.0
1390,2035-01-12 19:50:00,4785.42724609375,6528.28759765625,1742.8603515625,897574.5174560547,291.1693095564842,443.449474832043,0.0,0.0
1391,2035-01-12 19:55:00,4781.95068359375,6500.51220703125,1718.5615234375,899293.0789794922,287.40202686190605,439.90909960307175,0.0,0.0
1392,2035-01-12 20:00:00,4714.51611328125,6470.73095703125,1756.21484375,901049.2938232422,284.4621395692229,437.31476636976004,0.0,0.0
1393,2035-01-12 20:05:00,4820.84375,6500.38134765625,1679.53759765625,902728.8314208984,286.0857692360878,436.2853850061074,0.0,0.0
1394,2035-01-12 20:10:00,4780.78369140625,6488.78369140625,1708.0,904436.8314208984,284.9758907780051,437.4247464258224,0.0,0.0
1395,2035-01-12 20:15:00,4755.78564453125,6455.7294921875,1699.94384765625,906136.7752685547,284.7955668270588,437.21476922184223,0.0,0.0
1396,2035-01-12 20:20:00,4799.03466796875,6414.00732421875,1614.97265625,907751.7479248047,285.49067375063896,435.2795109525323,0.0,0.0
1397,2035-01-12 20:25:00,4714.85546875,6343.8466796875,1628.9912109375,909380.7391357422,283.1535132146346,431.01354642500155,0.0,0.0
1398,2035-01-12 20:30:00,4782.84375,6401.26416015625,1618.42041015625,910999.1595458984,284.7747324026095,431.8110413188951,0.0,0.0
1399,2035-01-12 20:35:00,4718.546875,6343.44677734375,1624.89990234375,912624.0594482422,287.0256177186966,434.6713340654969,0.0,0.0
1400,2035-01-12 20:40:00,4823.14990234375,6405.96044921875,1582.810546875,914206.8699951172,289.1519920825958,436.12156387884164,0.0,0.0
1401,2035-01-12 20:45:00,4836.92578125,6396.62353515625,1559.69775390625,915766.5677490234,291.92562334899776,433.6005247375833,0.0,0.0
1402,2035-01-12 20:50:00,4895.943359375,6557.61376953125,1661.67041015625,917428.2381591797,297.80459760789745,443.9542451809066,0.0,13.264070749282837
1403,2035-01-12 20:55:00,4929.6298828125,6527.98779296875,1598.35791015625,919026.5960693359,302.75195109014385,446.71542819504606,0.0,0.0
1404,2035-01-12 21:00:00,4996.6640625,6539.978515625,1543.314453125,920569.9105224609,307.0835114038455,446.61451416377895,0.0,0.0
1405,2035-01-12 21:05:00,5032.03857421875,6577.015625,1544.97705078125,922114.8875732422,311.61510120992534,448.90394197319614,0.0,0.0
1406,2035-01-12 21:10:00,5157.68408203125,6647.1806640625,1489.49658203125,923604.3841552734,317.90529321794384,452.2934166799205,0.0,0.0
1407,2035-01-12 21:15:00,5151.6513671875,6662.00732421875,1510.35595703125,925114.7401123047,321.8414112842547,455.62503013675087,0.0,0.0
1408,2035-01-12 21:20:00,5173.35791015625,6726.36474609375,1553.0068359375,926667.7469482422,323.3466675794589,457.26185767267816,0.0,0.0
1409,2035-01-12 21:25:00,5234.99169921875,6754.57177734375,1519.580078125,928187.3270263672,325.5256160414683,460.7513843021261,0.0,0.0
1410,2035-01-12 21:30:00,5255.88330078125,6817.2626953125,1561.37939453125,929748.7064208984,328.7308718777167,463.86185780455344,0.0,0.0
1411,2035-01-12 21:35:00,5290.22314453125,6840.841796875,1550.61865234375,931299.3250732422,330.67384367351406,467.246051385151,0.0,0.0
1412,2035-01-12 21:40:00,5367.75634765625,6901.32275390625,1533.56640625,932832.8914794922,334.3700945890414,470.24608407690175,0.0,0.0
1413,2035-01-12 21:45:00,5412.8994140625,6932.21923828125,1519.31982421875,934352.2113037109,339.4384992039668,474.331906973468,0.0,0.0
1414,2035-01-12 21:50:00,5401.1474609375,6935.6083984375,1534.4609375,935886.6722412109,342.6858203030097,477.0101674414145,0.0,0.0
1415,2035-01-12 21:55:00,5545.79248046875,6993.99560546875,1448.203125,937334.8753662109,347.92208050851696,478.97700457376413,0.0,0.0
1416,2035-01-12 22:00:00,5442.669921875,6973.8046875,1531.134765625,938866.0101318359,350.72268056039684,481.94450821642744,0.0,0.0
1417,2035-01-12 22:05:00,5587.8994140625,7068.1005859375,1480.201171875,940346.2113037109,353.02667611007564,483.50216903452747,0.0,0.0
1418,2035-01-12 22:10:00,5531.56494140625,7074.8642578125,1543.29931640625,941889.5106201172,356.41740240816944,487.8095106697546,0.0,0.0
1419,2035-01-12 22:15:00,5562.1181640625,7071.44189453125,1509.32373046875,943398.8343505859,357.5121681607234,490.2428441858756,0.0,0.0
1420,2035-01-12 22:20:00,5564.083984375,7052.2509765625,1488.1669921875,944887.0013427734,359.87004368667476,491.1095587900745,0.0,0.0
1421,2035-01-12 22:25:00,5641.95068359375,7128.4697265625,1486.51904296875,946373.5203857422,363.12708609466426,493.8495814979833,0.0,0.0
1422,2035-01-12 22:30:00,5680.177734375,7108.28271484375,1428.10498046875,947801.6253662109,369.7519828081131,500.21701928228134,0.0,0.0
1423,2035-01-12 22:35:00,5693.4755859375,7126.873046875,1433.3974609375,949235.0228271484,371.1319625377655,495.6320283259265,0.0,0.0
1424,2035-01-12 22:40:00,5711.53759765625,7118.87353515625,1407.3359375,950642.3587646484,372.87197172641754,496.49203591793776,0.0,0.0
1425,2035-01-12 22:45:00,5643.27197265625,7038.119140625,1394.84716796875,952037.2059326172,372.79199823737144,495.39208732545376,0.0,0.0
1426,2035-01-12 22:50:00,5704.51171875,7003.2177734375,1298.7060546875,953335.9119873047,370.77198338508606,490.65205179154873,0.0,0.0
1427,2035-01-12 22:55:00,5648.07568359375,6932.71533203125,1284.6396484375,954620.5516357422,371.5419587790966,486.93044068664307,0.0,0.0
1428,2035-01-12 23:00:00,5474.99365234375,6853.58203125,1378.58837890625,955999.1400146484,361.28096175193787,481.22910582274193,0.0,0.0
1429,2035-01-12 23:05:00,5493.41748046875,6791.6328125,1298.21533203125,957297.3553466797,359.49198400974274,475.5241464599967,0.0,0.0
1430,2035-01-12 23:10:00,5256.26171875,6660.70458984375,1404.44287109375,958701.7982177734,345.96301940083504,468.15662963688374,0.0,0.0
1431,2035-01-12 23:15:00,5088.912109375,6571.57275390625,1482.66064453125,960184.4588623047,333.9236905872822,461.21777552366257,0.0,0.0
1432,2035-01-12 23:20:00,4960.53173828125,6524.29833984375,1563.7666015625,961748.2254638672,322.59515631198883,456.6331361308694,0.0,0.0
1433,2035-01-12 23:25:00,4760.9326171875,6371.2685546875,1610.3359375,963358.5614013672,309.0772180855274,447.9014791697264,0.0,0.0
1434,2035-01-12 23:30:00,4676.20068359375,6346.447265625,1670.24658203125,965028.8079833984,298.65945467352867,442.8131442219019,0.0,0.0
1435,2035-01-12 23:35:00,4507.40625,6199.146484375,1691.740234375,966720.5482177734,287.05190002918243,434.7352042496204,0.0,0.0
1436,2035-01-12 23:40:00,4571.05712890625,6163.03466796875,1591.9775390625,968312.5257568359,287.07551634311676,429.1806306764483,0.0,0.0
1437,2035-01-12 23:45:00,4604.18408203125,6098.7919921875,1494.60791015625,969807.1336669922,287.70204393193126,423.3331158980727,0.0,0.0
1438,2035-01-12 23:50:00,4730.15234375,6043.00439453125,1312.85205078125,971119.9857177734,293.48993948102,417.6731276065111,0.0,0.0
1439,2035-01-12 23:55:00,4762.9921875,5992.87841796875,1229.88623046875,972349.8719482422,294.9990121424198,413.4331210404634,0.0,0.0
1440,2035-01-13 00:00:00,4763.70703125,5993.77685546875,1230.06982421875,973579.9417724609,294.9990121424198,410.05311146378517,0.0,0.0
1441,2035-01-13 00:05:00,4761.94287109375,5996.708984375,1234.76611328125,974814.7078857422,294.9990121424198,409.3731429614126,0.0,0.0
1442,2035-01-13 00:10:00,4754.1220703125,5927.72314453125,1173.60107421875,975988.3089599609,294.9990121424198,406.7767073735595,0.0,13.024758771061897
1443,2035-01-13 00:15:00,4760.8974609375,5959.96337890625,1199.06591796875,977187.3748779297,294.9990121424198,407.31442792713636,0.0,0.0
1444,2035-01-13 00:20:00,4759.302734375,6026.85595703125,1267.55322265625,978454.9281005859,294.9990121424198,411.79522894322866,0.0,0.0
1445,2035-01-13 00:25:00,4756.55908203125,6082.54052734375,1325.9814453125,979780.9095458984,294.9990121424198,416.4152384698391,0.0,0.0
1446,2035-01-13 00:30:00,4750.30517578125,6116.083984375,1365.77880859375,981146.6883544922,294.9990121126175,420.8952121883631,0.0,0.0
1447,2035-01-13 00:35:00,4757.01904296875,6142.02734375,1385.00830078125,982531.6966552734,294.6965829730034,424.61524025350803,0.0,0.0
1448,2035-01-13 00:40:00,4697.921875,6133.59375,1435.671875,983967.3685302734,292.79411578178406,427.11525846924627,0.0,0.0
1449,2035-01-13 00:45:00,4712.0625,6176.7001953125,1464.6376953125,985432.0062255859,292.09412932395935,429.0952176451683,0.0,0.0
1450,2035-01-13 00:50:00,4661.68115234375,6106.71875,1445.03759765625,986877.0438232422,289.09174805879593,430.15973994880915,0.0,0.0
1451,2035-01-13 00:55:00,4563.19921875,5987.37353515625,1424.17431640625,988301.2181396484,286.59176927804947,423.92264911532396,0.0,0.0
1452,2035-01-13 01:00:00,4534.84716796875,5672.263671875,1137.41650390625,989438.6346435547,287.055952034043,404.6630935101675,0.0,0.0
1453,2035-01-13 01:05:00,4522.1953125,5509.232421875,987.037109375,990425.6717529297,289.13163099353187,393.12431252849274,0.0,0.0
1454,2035-01-13 01:10:00,4559.62353515625,5340.11572265625,780.4921875,991206.1639404297,291.97938137416713,380.9379036809223,0.0,0.0
1455,2035-01-13 01:15:00,4558.32763671875,5391.93408203125,833.6064453125,992039.7703857422,293.1397226071822,379.15474929575794,0.0,0.0
1456,2035-01-13 01:20:00,4584.52978515625,5452.66015625,868.13037109375,992907.9007568359,294.9989983141422,383.4319685548544,0.0,0.0
1457,2035-01-13 01:25:00,4557.6318359375,5513.4072265625,955.775390625,993863.6761474609,294.9989983141422,384.55521634966135,0.0,0.0
1458,2035-01-13 01:30:00,4537.53076171875,5495.9462890625,958.41552734375,994822.0916748047,294.9989983141422,384.55521634966135,0.0,0.0
1459,2035-01-13 01:35:00,4519.3056640625,5481.9443359375,962.638671875,995784.7303466797,294.9989983141422,384.55521634966135,0.0,0.0
1460,2035-01-13 01:40:00,4503.5576171875,5471.9560546875,968.3984375,996753.1287841797,294.9989983141422,384.55521634966135,0.0,0.0
1461,2035-01-13 01:45:00,4491.541015625,5462.45849609375,970.91748046875,997724.0462646484,294.9989983141422,384.55521634966135,0.0,0.0
1462,2035-01-13 01:50:00,4488.8583984375,5463.91943359375,975.06103515625,998699.1072998047,294.9989983141422,384.55521634966135,0.0,0.0
1463,2035-01-13 01:55:00,4480.767578125,5407.65673828125,926.88916015625,999625.9964599609,294.9989983141422,383.49059895798564,0.0,0.0
1464,2035-01-13 02:00:00,4421.1494140625,5372.3955078125,951.24609375,1000577.2425537109,293.14226099018924,381.0315484843122,0.0,0.0
1465,2035-01-13 02:05:00,4345.1416015625,5364.6689453125,1019.52734375,1001596.7698974609,293.1422681427466,381.031551099466,0.0,0.0
1466,2035-01-13 02:10:00,4295.29638671875,5359.83642578125,1064.5400390625,1002661.3099365234,293.142275295304,381.0315526417362,0.0,0.0
1467,2035-01-13 02:15:00,4296.5458984375,5360.73388671875,1064.18798828125,1003725.4979248047,293.77386608719826,381.6631328240037,0.0,0.0
1468,2035-01-13 02:20:00,4335.59619140625,5386.3369140625,1050.74072265625,1004776.2386474609,294.99901309609413,384.18534883484244,0.0,0.0
1469,2035-01-13 02:25:00,4332.89208984375,5423.11669921875,1090.224609375,1005866.4632568359,294.99901309609413,384.5552261173725,0.0,0.0
1470,2035-01-13 02:30:00,4335.29296875,5424.65380859375,1089.36083984375,1006955.8240966797,294.99901309609413,384.5552261173725,0.0,0.0
1471,2035-01-13 02:35:00,4337.8271484375,5425.71484375,1087.8876953125,1008043.7117919922,294.99901309609413,384.5552261173725,0.0,0.0
1472,2035-01-13 02:40:00,4340.02490234375,5427.45751953125,1087.4326171875,1009131.1444091797,294.99901309609413,384.5552261173725,0.0,0.0
1473,2035-01-13 02:45:00,4295.1904296875,5352.94970703125,1057.75927734375,1010188.9036865234,293.6685936152935,381.55787172168493,0.0,0.0
1474,2035-01-13 02:50:00,4292.28515625,5349.568359375,1057.283203125,1011246.1868896484,293.668592184782,381.5578702837229,0.0,0.0
1475,2035-01-13 02:55:00,4282.21044921875,5338.7314453125,1056.52099609375,1012302.7078857422,293.1422729111182,381.0315529919135,0.0,0.0
1476,2035-01-13 03:00:00,4278.65185546875,5333.9921875,1055.34033203125,1013358.0482177734,293.14228006367557,381.031554563986,0.0,0.0
1477,2035-01-13 03:05:00,4268.5673828125,5269.39599609375,1000.82861328125,1014358.8768310547,293.14228721623294,376.5725440001952,0.0,0.0
1478,2035-01-13 03:10:00,4260.00732421875,5259.56884765625,999.5615234375,1015358.4383544922,293.1422943687903,376.4563953048455,0.0,0.0
1479,2035-01-13 03:15:00,4253.6083984375,5253.0078125,999.3994140625,1016357.8377685547,293.1423015213477,376.4563957667815,0.0,0.0
1480,2035-01-13 03:20:00,4246.64404296875,5243.5,996.85595703125,1017354.6937255859,293.14230867390506,376.340250603007,0.0,0.0
1481,2035-01-13 03:25:00,4241.03125,5295.86328125,1054.83203125,1018409.5257568359,293.14231582646244,381.0315526491868,0.0,0.0
1482,2035-01-13 03:30:00,4237.59033203125,5292.951171875,1055.36083984375,1019464.8865966797,293.1423229790198,381.03155419145696,0.0,0.0
1483,2035-01-13 03:35:00,4235.5458984375,5291.40087890625,1055.85498046875,1020520.7415771484,293.1423301315772,381.0315568364131,0.0,0.0
1484,2035-01-13 03:40:00,4233.03125,5289.12451171875,1056.09326171875,1021576.8348388672,293.14233728413456,381.03155834888094,0.0,0.0
1485,2035-01-13 03:45:00,4231.041015625,5286.9384765625,1055.8974609375,1022632.7322998047,293.14234443669193,381.03156099383705,0.0,0.0
1486,2035-01-13 03:50:00,4249.3486328125,5310.533203125,1061.1845703125,1023693.9168701172,293.1423515892493,381.03156253610723,0.0,0.0
1487,2035-01-13 03:55:00,4223.9775390625,5305.56494140625,1081.58740234375,1024775.5042724609,293.1423587418067,381.03156518106334,0.0,0.0
1488,2035-01-13 04:00:00,4223.38134765625,5304.41748046875,1081.0361328125,1025856.5404052734,293.14236589436405,381.0315666935312,0.0,0.0
1489,2035-01-13 04:05:00,4221.240234375,5301.650390625,1080.41015625,1026936.9505615234,293.1423730469214,381.0315693384873,0.0,0.0
1490,2035-01-13 04:10:00,4218.86181640625,5298.66748046875,1079.8056640625,1028016.7562255859,293.1423801994788,381.0315708807575,0.0,0.0
1491,2035-01-13 04:15:00,4221.68310546875,5300.43505859375,1078.751953125,1029095.5081787109,293.14238735203617,381.0315735257136,0.0,0.0
1492,2035-01-13 04:20:00,4221.66796875,5299.8779296875,1078.2099609375,1030173.7181396484,293.14239450459354,381.0315750381815,0.0,0.0
1493,2035-01-13 04:25:00,4223.12548828125,5300.7900390625,1077.66455078125,1031251.3826904297,293.1424016571509,381.0315776831376,0.0,0.0
1494,2035-01-13 04:30:00,4224.8125,5301.80810546875,1076.99560546875,1032328.3782958984,293.1424088097083,381.03157922540777,0.0,0.0
1495,2035-01-13 04:35:00,4225.36328125,5301.982421875,1076.619140625,1033404.9974365234,293.14241596226566,381.0315818703639,0.0,0.0
1496,2035-01-13 04:40:00,4226.78759765625,5303.22607421875,1076.4384765625,1034481.4359130859,293.14242311482303,381.03158338283174,0.0,0.0
1497,2035-01-13 04:45:00,4228.943359375,5304.92724609375,1075.98388671875,1035557.4197998047,293.1424302673804,381.03158602778785,0.0,0.0
1498,2035-01-13 04:50:00,4229.310546875,5305.044921875,1075.734375,1036633.1541748047,293.1424374199378,381.03158757005804,0.0,0.0
1499,2035-01-13 04:55:00,4233.2734375,5308.697265625,1075.423828125,1037708.5780029297,293.14244457249515,381.03159021501415,0.0,0.0
1500,2035-01-13 05:00:00,4238.25390625,5313.177734375,1074.923828125,1038783.5018310547,293.1424517250525,381.031591727482,0.0,0.0
1501,2035-01-13 05:05:00,4240.822265625,5302.8486328125,1062.0263671875,1039845.5281982422,293.1424588776099,380.0237149215209,0.0,0.0
1502,2035-01-13 05:10:00,4246.28515625,5274.45068359375,1028.16552734375,1040873.6937255859,293.14246603016727,377.269440299915,0.0,0.0
1503,2035-01-13 05:15:00,4249.98583984375,5306.998046875,1057.01220703125,1041930.7059326172,293.14247318272464,379.6903817868697,0.0,0.0
1504,2035-01-13 05:20:00,4253.9873046875,5279.91943359375,1025.93212890625,1042956.6380615234,293.142480335282,377.1532932287919,0.0,0.0
1505,2035-01-13 05:25:00,4262.505859375,5289.81494140625,1027.30908203125,1043983.9471435547,293.1424874878394,377.26943940584533,0.0,0.0
1506,2035-01-13 05:30:00,4263.962890625,5303.013671875,1039.05078125,1045022.9979248047,293.14249464039676,378.3114754176604,0.0,0.0
1507,2035-01-13 05:35:00,4268.09765625,5294.72998046875,1026.63232421875,1046049.6302490234,293.14250179295414,377.26944131319397,0.0,0.0
1508,2035-01-13 05:40:00,4272.322265625,5298.63525390625,1026.31298828125,1047075.9432373047,293.1425089455115,377.2694417900311,0.0,0.0
1509,2035-01-13 05:45:00,4279.2744140625,5301.0947265625,1021.8203125,1048097.7635498047,293.1425160980689,376.9210130042302,0.0,0.0
1510,2035-01-13 05:50:00,4284.869140625,5308.2421875,1023.373046875,1049121.1365966797,293.14252325062625,377.03715073232524,0.0,0.0
1511,2035-01-13 05:55:00,4290.94287109375,5303.70703125,1012.76416015625,1050133.900756836,293.2059459305274,377.2350148624646,0.0,0.0
1512,2035-01-13 06:00:00,4280.5126953125,5313.001953125,1032.4892578125,1051166.3900146484,291.9850150561797,377.59756347452276,0.0,0.0
1513,2035-01-13 06:05:00,4272.17822265625,5363.443359375,1091.26513671875,1052257.6551513672,291.0692281342017,380.8225103608238,0.0,0.0
1514,2035-01-13 06:10:00,4273.21533203125,5371.6220703125,1098.40673828125,1053356.0618896484,290.4639508343207,380.65584219907396,0.0,0.0
1515,2035-01-13 06:15:00,4269.9501953125,5355.57373046875,1085.62353515625,1054441.6854248047,289.95342077975147,380.4154873556363,0.0,0.0
1516,2035-01-13 06:20:00,4252.60888671875,5369.365234375,1116.75634765625,1055558.441772461,289.60080634717815,380.7575987866985,0.0,0.0
1517,2035-01-13 06:25:00,4275.236328125,5368.0673828125,1092.8310546875,1056651.2728271484,290.35345929031246,380.78039339099996,0.0,0.0
1518,2035-01-13 06:30:00,4281.42578125,5396.306640625,1114.880859375,1057766.1536865234,290.50080820918083,381.40112609416246,0.0,0.0
1519,2035-01-13 06:35:00,4326.65966796875,5421.5703125,1094.91064453125,1058861.0643310547,291.22183328037136,381.0315824291574,0.0,0.0
1520,2035-01-13 06:40:00,4361.7998046875,5441.6748046875,1079.875,1059940.9393310547,291.56395884518497,381.03158400122993,0.0,0.0
1521,2035-01-13 06:45:00,4379.171875,5468.326171875,1089.154296875,1061030.0936279297,291.0481702900397,381.0315866163837,0.0,0.0
1522,2035-01-13 06:50:00,4408.048828125,5496.17236328125,1088.12353515625,1062118.217163086,290.85870908861034,381.0315881884562,0.0,0.0
1523,2035-01-13 06:55:00,4443.50830078125,5528.634765625,1085.12646484375,1063203.3436279297,290.49025004272335,381.0315907738077,0.0,0.0
1524,2035-01-13 07:00:00,4460.89697265625,5560.16650390625,1099.26953125,1064302.6131591797,289.484997890042,381.0315923458802,0.0,0.0
1525,2035-01-13 07:05:00,4493.06640625,5608.88720703125,1115.82080078125,1065418.433959961,288.595521948384,381.06601112996213,0.0,0.0
1526,2035-01-13 07:10:00,4520.2734375,5777.0986328125,1256.8251953125,1066675.2591552734,287.52712579731815,383.1114097750651,0.0,0.0
1527,2035-01-13 07:15:00,4533.7294921875,5961.75439453125,1428.02490234375,1068103.2840576172,285.8323642230498,395.4090364976691,0.0,0.0
1528,2035-01-13 07:20:00,4546.70068359375,6235.0546875,1688.35400390625,1069791.6380615234,284.0270934916007,412.1948369139245,0.0,0.0
1529,2035-01-13 07:25:00,4618.4736328125,6374.1865234375,1755.712890625,1071547.3509521484,284.36069070463054,425.8885481628494,0.0,0.0
1530,2035-01-13 07:30:00,4791.22021484375,6438.564453125,1647.34423828125,1073194.6951904297,292.9699193752276,433.9790317631232,0.0,0.0
1531,2035-01-13 07:35:00,4836.9453125,6512.18212890625,1675.23681640625,1074869.932006836,298.14548634652965,440.9033201551901,0.0,0.0
1532,2035-01-13 07:40:00,4912.81982421875,6573.88037109375,1661.060546875,1076530.992553711,303.6253554738032,447.17168285240405,0.0,0.0
1533,2035-01-13 07:45:00,4863.48046875,6531.3896484375,1667.9091796875,1078198.9017333984,307.072749576615,450.07087524895536,0.0,0.0
1534,2035-01-13 07:50:00,4848.5751953125,6376.3095703125,1527.734375,1079726.6361083984,305.78853874568813,441.3163507013487,0.0,0.0
1535,2035-01-13 07:55:00,4581.2939453125,6194.8349609375,1613.541015625,1081340.1771240234,293.2866592324244,431.0000880277621,0.0,0.0
1536,2035-01-13 08:00:00,4624.94384765625,5931.62451171875,1306.6806640625,1082646.857788086,290.79332915608757,414.8041288169006,0.0,0.0
1537,2035-01-13 08:05:00,4628.10986328125,5639.84716796875,1011.7373046875,1083658.5950927734,289.3328411794173,394.7237557061853,0.0,0.0
1538,2035-01-13 08:10:00,4585.544921875,5496.17431640625,910.62939453125,1084569.2244873047,288.901274017142,381.4495880967843,0.0,0.0
1539,2035-01-13 08:15:00,4545.18603515625,5659.083984375,1113.89794921875,1085683.1224365234,288.01178847913616,379.86352976326816,0.0,0.0
1540,2035-01-13 08:20:00,4480.6396484375,5635.4931640625,1154.853515625,1086837.9759521484,287.01704164509647,380.21254836683147,0.0,0.0
1541,2035-01-13 08:25:00,4419.1455078125,5608.1533203125,1189.0078125,1088026.9837646484,285.2959932303893,379.76254974965923,0.0,0.0
1542,2035-01-13 08:30:00,4439.95263671875,5599.99267578125,1160.0400390625,1089187.023803711,284.92099819247596,379.1847743532526,0.0,0.0
1543,2035-01-13 08:35:00,4381.31982421875,5578.90478515625,1197.5849609375,1090384.6087646484,284.9538965589272,380.9372748053538,0.0,0.0
1544,2035-01-13 08:40:00,4336.37548828125,5545.86767578125,1209.4921875,1091594.1009521484,284.1122282958495,380.43726558153503,0.0,0.0
1545,2035-01-13 08:45:00,4342.30078125,5528.96533203125,1186.66455078125,1092780.7655029297,284.1245093560683,380.4705993599164,0.0,0.0
1546,2035-01-13 08:50:00,4313.4990234375,5451.376953125,1137.8779296875,1093918.6434326172,283.9753890848624,377.8829253679978,0.0,0.0
1547,2035-01-13 08:55:00,4324.125,5487.53515625,1163.41015625,1095082.0535888672,284.0578456140029,379.0039535081851,0.0,0.0
1548,2035-01-13 09:00:00,4322.6005859375,5452.49072265625,1129.89013671875,1096211.943725586,284.22451283697956,377.0975766396987,0.0,0.0
1549,2035-01-13 09:05:00,4340.63427734375,5414.6884765625,1074.05419921875,1097285.9979248047,284.6280319905745,375.64107353155487,0.0,0.0
1550,2035-01-13 09:10:00,4378.548828125,5410.302734375,1031.75390625,1098317.7518310547,285.52761534516685,374.4691089755761,0.0,0.0
1551,2035-01-13 09:15:00,4407.5029296875,5448.09228515625,1040.58935546875,1099358.3411865234,287.8328636801707,376.09822397594326,0.0,0.0
1552,2035-01-13 09:20:00,4436.4951171875,5464.384765625,1027.8896484375,1100386.230834961,289.48549475436084,376.78102701072567,0.0,0.0
1553,2035-01-13 09:25:00,4486.06396484375,5482.5849609375,996.52099609375,1101382.7518310547,291.32758622531765,377.3799844375717,0.0,0.0
1554,2035-01-13 09:30:00,4549.24365234375,5534.00732421875,984.763671875,1102367.5155029297,294.0381208575236,379.0958857751357,0.0,0.0
1555,2035-01-13 09:35:00,4602.57275390625,5583.58740234375,981.0146484375,1103348.5301513672,296.6433928525912,380.49440803294056,0.0,0.0
1556,2035-01-13 09:40:00,4709.939453125,5635.1650390625,925.2255859375,1104273.7557373047,299.73811828260295,380.7306916407215,0.0,0.0
1557,2035-01-13 09:45:00,4762.70166015625,5669.7529296875,907.05126953125,1105180.807006836,303.7275698698031,380.7067301488387,0.0,0.0
1558,2035-01-13 09:50:00,4856.904296875,5809.419921875,952.515625,1106133.322631836,306.6959889448153,381.89045109515064,0.0,0.0
1559,2035-01-13 09:55:00,4900.0107421875,5968.8173828125,1068.806640625,1107202.129272461,309.55915372733944,389.8422103739249,0.0,0.0
1560,2035-01-13 10:00:00,5024.1572265625,6226.9482421875,1202.791015625,1108404.920288086,312.96445112590663,405.838640246624,0.0,0.0
1561,2035-01-13 10:05:00,5077.4560546875,6292.9853515625,1215.529296875,1109620.449584961,318.13813149099224,414.0218606210219,0.0,0.0
1562,2035-01-13 10:10:00,5122.36572265625,6425.61328125,1303.24755859375,1110923.6971435547,320.74494796161525,423.5449192440974,0.0,0.0
1563,2035-01-13 10:15:00,5191.81005859375,6518.35205078125,1326.5419921875,1112250.2391357422,323.28968184356563,430.7525115079152,0.0,0.0
1564,2035-01-13 10:20:00,5309.36474609375,6746.47412109375,1437.109375,1113687.3485107422,327.6596071637141,441.7894523321556,0.0,0.0
1565,2035-01-13 10:25:00,5270.66015625,6613.19677734375,1342.53662109375,1115029.885131836,326.2167473948466,435.3815094811652,0.0,0.0
1566,2035-01-13 10:30:00,5124.3095703125,6484.80126953125,1360.49169921875,1116390.3768310547,315.41061987643116,428.31148031556944,0.0,0.0
1567,2035-01-13 10:35:00,4929.25,6352.6611328125,1423.4111328125,1117813.7879638672,299.7919574064945,416.37258096530053,0.0,0.0
1568,2035-01-13 10:40:00,5000.5009765625,6500.72802734375,1500.22705078125,1119314.0150146484,302.48410503396735,424.5670896538249,0.0,0.0
1569,2035-01-13 10:45:00,5021.390625,6319.1123046875,1297.7216796875,1120611.736694336,304.89268885383353,420.5742200289569,0.0,0.0
1570,2035-01-13 10:50:00,5066.58056640625,6421.1875,1354.60693359375,1121966.3436279297,310.27041923169963,424.9746800122593,0.0,0.0
1571,2035-01-13 10:55:00,5239.62255859375,6607.38818359375,1367.765625,1123334.1092529297,324.2765420294272,438.9478862734322,0.0,0.0
1572,2035-01-13 11:00:00,5109.3759765625,6352.1943359375,1242.818359375,1124576.9276123047,315.6355128205287,424.56311112286494,0.0,0.0
1573,2035-01-13 11:05:00,5070.84716796875,6286.0380859375,1215.19091796875,1125792.1185302734,312.10244931940906,417.02068490179227,0.0,0.0
1574,2035-01-13 11:10:00,5240.41552734375,6353.52880859375,1113.11328125,1126905.2318115234,328.2079521930682,425.7800405436937,0.0,0.0
1575,2035-01-13 11:15:00,5457.587890625,6548.11181640625,1090.52392578125,1127995.7557373047,340.70125346546047,437.36150689439813,0.0,0.0
1576,2035-01-13 11:20:00,5396.82763671875,6515.80029296875,1118.97265625,1129114.7283935547,341.40125571851604,436.9368654267673,0.0,0.0
1577,2035-01-13 11:25:00,5387.1220703125,6484.8603515625,1097.73828125,1130212.4666748047,339.5328542507159,432.66123921440885,0.0,0.0
1578,2035-01-13 11:30:00,5346.59326171875,6354.59765625,1008.00439453125,1131220.471069336,338.6591687715518,424.83103639276663,0.0,0.0
1579,2035-01-13 11:35:00,5317.15380859375,6346.9375,1029.78369140625,1132250.2547607422,336.68022071485393,422.1333138097725,0.0,0.0
1580,2035-01-13 11:40:00,5330.83544921875,6315.3935546875,984.55810546875,1133234.812866211,335.8539055502879,418.7105416406593,0.0,0.0
1581,2035-01-13 11:45:00,5293.74365234375,6273.1259765625,979.38232421875,1134214.1951904297,335.5065281904208,415.72768238677594,0.0,0.0
1582,2035-01-13 11:50:00,5260.10400390625,6227.52490234375,967.4208984375,1135181.6160888672,333.55918060903423,412.68934813632586,0.0,0.0
1583,2035-01-13 11:55:00,5251.0654296875,6246.13427734375,995.06884765625,1136176.6849365234,331.61706872944706,412.42135516299817,0.0,0.0
1584,2035-01-13 12:00:00,5262.89208984375,6334.619140625,1071.72705078125,1137248.4119873047,330.74336676959865,414.3725469960736,0.0,0.0
1585,2035-01-13 12:05:00,5262.1357421875,6362.76025390625,1100.62451171875,1138349.0364990234,330.35387884740703,418.4928810877536,0.0,0.0
1586,2035-01-13 12:10:00,5247.78515625,6339.1796875,1091.39453125,1139440.4310302734,329.17491822605007,420.04017416133496,0.0,0.0
1587,2035-01-13 12:15:00,5232.55126953125,6453.5986328125,1221.04736328125,1140661.4783935547,327.93282347087734,422.88823610459434,0.0,0.0
1588,2035-01-13 12:20:00,5235.703125,6501.26611328125,1265.56298828125,1141927.041381836,326.0433453536498,428.20965399880873,0.0,0.0
1589,2035-01-13 12:25:00,5291.291015625,6643.73828125,1352.447265625,1143279.488647461,325.22910400395267,434.19350495104663,0.0,0.0
1590,2035-01-13 12:30:00,5386.3876953125,6720.32080078125,1333.93310546875,1144613.4217529297,326.8896419322955,440.67771684107356,0.0,0.0
1591,2035-01-13 12:35:00,5392.29833984375,6710.8837890625,1318.58544921875,1145932.0072021484,329.3806702709662,444.0226645312177,0.0,0.0
1592,2035-01-13 12:40:00,5495.44921875,6786.296875,1290.84765625,1147222.8548583984,331.8096158421504,445.36136442710625,0.0,0.0
1593,2035-01-13 12:45:00,5502.19873046875,6843.52294921875,1341.32421875,1148564.1790771484,334.4095780468451,447.9601881432718,0.0,0.0
1594,2035-01-13 12:50:00,5517.29833984375,6850.2392578125,1332.94091796875,1149897.1199951172,333.29905959133976,449.0706925607191,0.0,0.0
1595,2035-01-13 12:55:00,5656.212890625,6881.171875,1224.958984375,1151122.0789794922,332.18331041102283,447.9996244526373,0.0,0.0
1596,2035-01-13 13:00:00,5577.47607421875,6643.13623046875,1065.66015625,1152187.7391357422,328.30057505433433,435.71584865552353,0.0,0.0
1597,2035-01-13 13:05:00,5599.76171875,6773.8876953125,1174.1259765625,1153361.8651123047,325.5727536893355,436.8384547448622,0.0,0.0
1598,2035-01-13 13:10:00,5538.02392578125,6801.7978515625,1263.77392578125,1154625.639038086,320.4767792067396,425.4564454956817,0.0,0.0
1599,2035-01-13 13:15:00,5574.35302734375,6835.212890625,1260.85986328125,1155886.4989013672,318.7513053632247,423.9948057747351,0.0,0.0
1600,2035-01-13 13:20:00,5520.56005859375,6632.525390625,1111.96533203125,1156998.4642333984,317.37499719028347,412.0006507291364,0.0,0.0
1601,2035-01-13 13:25:00,5492.07373046875,6592.486328125,1100.41259765625,1158098.8768310547,315.3749882793891,406.9714003047811,0.0,0.0
1602,2035-01-13 13:30:00,5438.03759765625,6362.025390625,923.98779296875,1159022.8646240234,314.57500334744327,395.5697125672268,0.0,0.0
1603,2035-01-13 13:35:00,5334.59130859375,6316.134765625,981.54345703125,1160004.4080810547,311.466339296745,392.10960602675544,0.0,0.0
1604,2035-01-13 13:40:00,5301.4453125,6270.50048828125,969.05517578125,1160973.463256836,309.59605108861797,388.8102290714996,0.0,0.0
1605,2035-01-13 13:45:00,5230.6875,6342.28271484375,1111.59521484375,1162085.0584716797,307.3855328476893,388.72541459565036,0.0,0.0
1606,2035-01-13 13:50:00,5166.0654296875,6331.880859375,1165.8154296875,1163250.8739013672,304.83816363577716,388.6437310716974,0.0,0.0
1607,2035-01-13 13:55:00,5071.13525390625,6319.4130859375,1248.27783203125,1164499.1517333984,300.22817652587764,388.90372576107256,0.0,0.0
1608,2035-01-13 14:00:00,5042.58349609375,6298.01904296875,1255.435546875,1165754.5872802734,298.1592276311385,389.2703962801861,0.0,0.0
1609,2035-01-13 14:05:00,4982.09033203125,6326.421875,1344.33154296875,1167098.9188232422,295.48258825306766,390.10416522164815,0.0,0.0
1610,2035-01-13 14:10:00,4930.3095703125,6290.77734375,1360.4677734375,1168459.3865966797,292.50130022232406,390.7388407430517,0.0,0.0
1611,2035-01-13 14:15:00,4864.6015625,6327.16796875,1462.56640625,1169921.9530029297,288.02688984208726,391.5259685135352,0.0,0.0
1612,2035-01-13 14:20:00,4873.21630859375,6344.302734375,1471.08642578125,1171393.039428711,287.8340924895274,392.62422366728055,0.0,0.0
1613,2035-01-13 14:25:00,4854.3017578125,6367.26806640625,1512.96630859375,1172906.0057373047,286.90427049164646,393.6786099291312,0.0,0.0
1614,2035-01-13 14:30:00,4873.9697265625,6377.03466796875,1503.06494140625,1174409.070678711,286.5884686327445,394.71195145611637,0.0,0.0
1615,2035-01-13 14:35:00,4786.77978515625,6336.28173828125,1549.501953125,1175958.572631836,285.03441852991455,396.3029469131397,0.0,0.0
1616,2035-01-13 14:40:00,4810.359375,6330.87109375,1520.51171875,1177479.084350586,285.57092592780464,397.7198817982244,0.0,0.0
1617,2035-01-13 14:45:00,4765.58447265625,6328.86083984375,1563.2763671875,1179042.3607177734,285.4691735125052,399.84616388924405,0.0,0.0
1618,2035-01-13 14:50:00,4756.97607421875,6343.5732421875,1586.59716796875,1180628.9578857422,285.4270634568202,401.91985907134585,0.0,0.0
1619,2035-01-13 14:55:00,4750.35986328125,6349.201171875,1598.84130859375,1182227.799194336,285.53232570652835,403.9892364997322,0.0,0.0
1620,2035-01-13 15:00:00,4751.75341796875,6359.98193359375,1608.228515625,1183836.027709961,285.8498795247542,405.79510115933584,0.0,0.0
1621,2035-01-13 15:05:00,4764.2255859375,6359.1630859375,1594.9375,1185430.965209961,286.24286173944347,407.12142705087535,0.0,0.0
1622,2035-01-13 15:10:00,4796.689453125,6393.451171875,1596.76171875,1187027.726928711,287.11654662256115,407.6910327878686,0.0,0.0
1623,2035-01-13 15:15:00,4807.30419921875,6427.4248046875,1620.12060546875,1188647.8475341797,287.8007529592978,409.8309167810621,0.0,0.0
1624,2035-01-13 15:20:00,4828.00146484375,6553.95849609375,1725.95703125,1190373.8045654297,288.40075599317424,414.6516827410924,0.0,0.0
1625,2035-01-13 15:25:00,4851.30712890625,6641.58984375,1790.28271484375,1192164.0872802734,288.9744370198714,422.5674992716776,0.0,0.0
1626,2035-01-13 15:30:00,4867.486328125,6701.26513671875,1833.77880859375,1193997.8660888672,289.43813795511596,429.2674555993544,0.0,0.0
1627,2035-01-13 15:35:00,4936.541015625,6794.310546875,1857.76953125,1195855.6356201172,291.06445430879467,435.3937656423914,0.0,0.0
1628,2035-01-13 15:40:00,5029.71533203125,6905.44140625,1875.72607421875,1197731.361694336,295.6647301912308,444.531896520406,0.0,0.0
1629,2035-01-13 15:45:00,5107.0556640625,6972.9296875,1865.8740234375,1199597.2357177734,297.92763739824295,447.55189713835716,0.0,0.0
1630,2035-01-13 15:50:00,5096.568359375,6934.921875,1838.353515625,1201435.5892333984,300.2588741481304,449.6364833153784,0.0,0.0
1631,2035-01-13 15:55:00,5117.02734375,6944.7587890625,1827.7314453125,1203263.320678711,299.5817984342575,448.2412750981748,0.0,0.0
1632,2035-01-13 16:00:00,5200.71337890625,6975.83056640625,1775.1171875,1205038.437866211,300.9617953300476,448.3919182721583,0.0,0.0
1633,2035-01-13 16:05:00,5150.5673828125,6850.1259765625,1699.55859375,1206737.996459961,302.7317935824394,445.7811030745506,0.0,0.0
1634,2035-01-13 16:10:00,5043.53125,6822.77001953125,1779.23876953125,1208517.2352294922,296.6243649367243,441.29433269798756,0.0,0.0
1635,2035-01-13 16:15:00,5108.76904296875,6766.94091796875,1658.171875,1210175.4071044922,293.450564622879,436.1858441978693,0.0,0.0
1636,2035-01-13 16:20:00,4997.24462890625,6669.2001953125,1671.95556640625,1211847.3626708984,289.99256967008114,428.3241956830024,0.0,0.0
1637,2035-01-13 16:25:00,5030.07275390625,6641.1025390625,1611.02978515625,1213458.3924560547,289.1223699450493,423.6045571565628,0.0,0.0
1638,2035-01-13 16:30:00,5062.64306640625,6518.35107421875,1455.7080078125,1214914.1004638672,288.6551457941532,415.3792160898447,0.0,0.0
1639,2035-01-13 16:35:00,5031.70947265625,6491.900390625,1460.19091796875,1216374.291381836,288.2551482319832,410.1396630108356,0.0,0.0
1640,2035-01-13 16:40:00,4961.09765625,6207.23486328125,1246.13720703125,1217620.4285888672,285.70776458744876,394.03642454844885,0.0,0.0
1641,2035-01-13 16:45:00,4955.095703125,6115.43212890625,1160.33642578125,1218780.7650146484,286.1674103355872,390.3456762648093,0.0,0.0
1642,2035-01-13 16:50:00,4911.16064453125,6126.9248046875,1215.76416015625,1219996.5291748047,286.5042543924319,388.14972597275846,0.0,0.0
1643,2035-01-13 16:55:00,4972.88916015625,6261.39013671875,1288.5009765625,1221285.0301513672,289.28847497701645,392.124386165291,0.0,0.0
1644,2035-01-13 17:00:00,4870.4150390625,6132.9326171875,1262.517578125,1222547.5477294922,287.7621526039111,388.22796162133085,0.0,0.0
1645,2035-01-13 17:05:00,4850.8193359375,6083.84326171875,1233.02392578125,1223780.5716552734,288.54461073045604,388.227959736334,0.0,0.0
1646,2035-01-13 17:10:00,4865.650390625,6085.14013671875,1219.48974609375,1225000.0614013672,291.1951517909765,391.18174649588764,0.0,0.0
1647,2035-01-13 17:15:00,4825.1689453125,6014.55859375,1189.3896484375,1226189.4510498047,290.53288268213146,388.2279597214328,0.0,0.0
1648,2035-01-13 17:20:00,4798.90869140625,5992.9150390625,1194.00634765625,1227383.457397461,293.09076528911464,388.22795783643596,0.0,0.0
1649,2035-01-13 17:25:00,4785.86181640625,5978.8349609375,1192.97314453125,1228576.4305419922,293.5065644300448,388.22795541499727,0.0,0.0
1650,2035-01-13 17:30:00,4794.2138671875,5970.916015625,1176.7021484375,1229753.1326904297,293.90130194191806,388.2279535300003,0.0,0.0
1651,2035-01-13 17:35:00,4779.08740234375,5967.1943359375,1188.10693359375,1230941.2396240234,294.2855238235461,388.22795113836395,0.0,0.0
1652,2035-01-13 17:40:00,4765.57763671875,5972.05419921875,1206.4765625,1232147.7161865234,293.52762817506664,388.2279492533671,0.0,0.0
1653,2035-01-13 17:45:00,4727.205078125,5980.54248046875,1253.33740234375,1233401.0535888672,291.62762307290905,388.2279468319284,0.0,0.0
1654,2035-01-13 17:50:00,4734.12646484375,6074.2783203125,1340.15185546875,1234741.205444336,290.7034705989063,392.09050396829844,0.0,0.0
1655,2035-01-13 17:55:00,4732.94677734375,6082.1416015625,1349.19482421875,1236090.4002685547,289.2084828913212,392.09050396829844,0.0,0.0
1656,2035-01-13 18:00:00,4701.1396484375,6098.33251953125,1397.19287109375,1237487.5931396484,286.89208763837814,392.09050396829844,0.0,0.0
1657,2035-01-13 18:05:00,4745.58203125,6117.6064453125,1372.0244140625,1238859.617553711,287.4854256436229,392.09050396829844,0.0,0.0
1658,2035-01-13 18:10:00,4812.7236328125,6126.8037109375,1314.080078125,1240173.697631836,291.49428683519363,392.09050396829844,0.0,0.0
1659,2035-01-13 18:15:00,4918.796875,6146.32275390625,1227.52587890625,1241401.2235107422,294.99920931458473,392.09050396829844,0.0,0.0
1660,2035-01-13 18:20:00,4875.19482421875,6069.60986328125,1194.4150390625,1242595.6385498047,293.14247199063175,388.2279449469315,0.0,0.0
1661,2035-01-13 18:25:00,4894.73681640625,6090.1630859375,1195.42626953125,1243791.064819336,293.1424791431891,388.2279430321323,0.0,0.0
1662,2035-01-13 18:30:00,4897.537109375,6092.9970703125,1195.4599609375,1244986.5247802734,293.1424862957465,388.22794067029827,0.0,0.0
1663,2035-01-13 18:35:00,4904.8359375,6100.822265625,1195.986328125,1246182.5111083984,293.14249344830387,388.22793920253383,0.0,0.0
1664,2035-01-13 18:40:00,4903.3330078125,6150.751953125,1247.4189453125,1247429.930053711,293.14250060086124,388.22793684069984,0.0,0.0
1665,2035-01-13 18:45:00,4897.54638671875,6144.814453125,1247.26806640625,1248677.1981201172,293.1425077534186,388.2279349259006,0.0,0.0
1666,2035-01-13 18:50:00,4884.82421875,6130.7197265625,1245.8955078125,1249923.0936279297,293.142514905976,388.2279325640665,0.0,0.0
1667,2035-01-13 18:55:00,4868.7724609375,6114.2783203125,1245.505859375,1251168.5994873047,293.14252205853336,388.2279310963022,0.0,0.0
1668,2035-01-13 19:00:00,4854.0849609375,6099.0693359375,1244.984375,1252413.5838623047,293.14252921109073,388.22792873446815,0.0,0.0
1669,2035-01-13 19:05:00,4886.6162109375,6164.03125,1277.4150390625,1253690.9989013672,294.99927321076393,392.09048582986,0.0,0.0
1670,2035-01-13 19:10:00,4873.32958984375,6148.9345703125,1275.60498046875,1254966.603881836,294.99927321076393,392.09048582986,0.0,0.0
1671,2035-01-13 19:15:00,4854.953125,6127.08740234375,1272.13427734375,1256238.7381591797,294.99927321076393,392.09048582986,0.0,0.0
1672,2035-01-13 19:20:00,4838.7197265625,6108.68359375,1269.9638671875,1257508.7020263672,294.99927321076393,392.09048582986,0.0,0.0
1673,2035-01-13 19:25:00,4828.34033203125,6049.55908203125,1221.21875,1258729.9207763672,294.99927321076393,392.09048582986,0.0,0.0
1674,2035-01-13 19:30:00,4815.12353515625,6037.30029296875,1222.1767578125,1259952.0975341797,294.99927321076393,392.09048582986,0.0,0.0
1675,2035-01-13 19:35:00,4805.2802734375,6028.37255859375,1223.09228515625,1261175.189819336,294.99927321076393,392.09048582986,0.0,0.0
1676,2035-01-13 19:40:00,4792.0302734375,6016.0380859375,1224.0078125,1262399.197631836,294.99927321076393,392.09048582986,0.0,0.0
1677,2035-01-13 19:45:00,4781.71435546875,5956.4931640625,1174.77880859375,1263573.9764404297,294.99927321076393,391.3080323524773,0.0,0.0
1678,2035-01-13 19:50:00,4722.7958984375,5913.90087890625,1191.10498046875,1264765.0814208984,293.14253588681095,388.22792968069183,0.0,0.0
1679,2035-01-13 19:55:00,4713.5732421875,5904.548828125,1190.9755859375,1265956.057006836,293.1425430393683,388.227927795695,0.0,0.0
1680,2035-01-13 20:00:00,4707.3193359375,5898.43359375,1191.1142578125,1267147.1712646484,293.1425501919257,388.2279253742563,0.0,0.0
1681,2035-01-13 20:05:00,4701.296875,5893.08251953125,1191.78564453125,1268338.9569091797,293.14255734448307,388.22792348925935,0.0,0.0
1682,2035-01-13 20:10:00,4702.9921875,5894.7900390625,1191.7978515625,1269530.7547607422,293.14256449704044,388.227921097623,0.0,0.0
1683,2035-01-13 20:15:00,4707.73486328125,5900.09814453125,1192.36328125,1270723.1180419922,293.1425716495978,388.22791921262615,0.0,0.0
1684,2035-01-13 20:20:00,4712.01708984375,5904.5849609375,1192.56787109375,1271915.685913086,293.1425788021552,388.22791679118745,0.0,0.0
1685,2035-01-13 20:25:00,4712.16455078125,5905.29541015625,1193.130859375,1273108.816772461,293.14258595471256,388.2279149061905,0.0,0.0
1686,2035-01-13 20:30:00,4720.57470703125,5914.08154296875,1193.5068359375,1274302.3236083984,293.14259310726993,388.22791251455413,0.0,0.0
1687,2035-01-13 20:35:00,4726.17529296875,5920.6611328125,1194.48583984375,1275496.8094482422,293.1426002598273,388.2279106295573,0.0,0.0
1688,2035-01-13 20:40:00,4725.8623046875,5921.19677734375,1195.33447265625,1276692.1439208984,293.1426074123847,388.2279082081186,0.0,0.0
1689,2035-01-13 20:45:00,4722.96240234375,5918.7548828125,1195.79248046875,1277887.9364013672,293.14261456494205,388.22790632312166,0.0,0.0
1690,2035-01-13 20:50:00,4726.53369140625,5923.3525390625,1196.81884765625,1279084.7552490234,293.1426217174994,388.2279039314853,0.0,0.0
1691,2035-01-13 20:55:00,4728.7109375,5926.5869140625,1197.8759765625,1280282.631225586,293.1426288700568,388.22790204648845,0.0,0.0
1692,2035-01-13 21:00:00,4720.89404296875,5919.953125,1199.05908203125,1281481.6903076172,293.14263602261417,388.22789962504976,0.0,0.0
1693,2035-01-13 21:05:00,4711.4306640625,5911.43798828125,1200.00732421875,1282681.697631836,293.14264317517154,388.2278977400528,0.0,0.0
1694,2035-01-13 21:10:00,4702.9306640625,5902.09765625,1199.1669921875,1283880.8646240234,293.1426503277289,388.22789534841644,0.0,0.0
1695,2035-01-13 21:15:00,4697.89013671875,5897.6806640625,1199.79052734375,1285080.6551513672,293.1426574802863,388.2278934634196,0.0,0.0
1696,2035-01-13 21:20:00,4680.8232421875,5880.80029296875,1199.97705078125,1286280.6322021484,293.14266463284366,388.2278910419809,0.0,0.0
1697,2035-01-13 21:25:00,4678.30908203125,5880.07177734375,1201.7626953125,1287482.394897461,293.14267178540103,388.22788915698396,0.0,0.0
1698,2035-01-13 21:30:00,4679.71826171875,5883.603515625,1203.88525390625,1288686.2801513672,293.1426789379584,388.2278867653476,0.0,0.0
1699,2035-01-13 21:35:00,4675.4970703125,5881.0625,1205.5654296875,1289891.8455810547,293.1426860905158,388.22788488035076,0.0,0.0
1700,2035-01-13 21:40:00,4670.685546875,5874.7900390625,1204.1044921875,1291095.9500732422,293.14269324307315,388.22788245891206,0.0,0.0
1701,2035-01-13 21:45:00,4661.38427734375,5863.80859375,1202.42431640625,1292298.3743896484,293.1427003956305,388.2278805739151,0.0,0.0
1702,2035-01-13 21:50:00,4659.0810546875,5859.3798828125,1200.298828125,1293498.6732177734,293.1427075481879,388.22787818227874,0.0,0.0
1703,2035-01-13 21:55:00,4663.71875,5863.90771484375,1200.18896484375,1294698.8621826172,293.1427147007453,388.2278762972819,0.0,0.0
1704,2035-01-13 22:00:00,4670.47216796875,5869.98095703125,1199.5087890625,1295898.3709716797,293.14272185330265,388.2278738758432,0.0,0.0
1705,2035-01-13 22:05:00,4678.85498046875,5878.13818359375,1199.283203125,1297097.6541748047,293.14272900586,388.22787199084627,0.0,0.0
1706,2035-01-13 22:10:00,4683.3056640625,5881.1162109375,1197.810546875,1298295.4647216797,293.1427361584174,388.2278695992099,0.0,0.0
1707,2035-01-13 22:15:00,4691.82666015625,5888.0625,1196.23583984375,1299491.7005615234,293.14274331097477,388.22786771421306,0.0,0.0
1708,2035-01-13 22:20:00,4708.724609375,5904.20751953125,1195.48291015625,1300687.1834716797,293.14275046353214,388.22786529277437,0.0,0.0
1709,2035-01-13 22:25:00,4742.70849609375,5970.3623046875,1227.65380859375,1301914.8372802734,294.99949446320534,392.0904224291444,0.0,0.0
1710,2035-01-13 22:30:00,4741.083984375,5966.29443359375,1225.21044921875,1303140.0477294922,294.99949446320534,392.0904224291444,0.0,0.0
1711,2035-01-13 22:35:00,4754.3642578125,5979.1689453125,1224.8046875,1304364.8524169922,294.99949446320534,392.0904224291444,0.0,0.0
1712,2035-01-13 22:40:00,4797.03759765625,6022.52734375,1225.48974609375,1305590.342163086,294.99949446320534,392.0904224291444,0.0,0.0
1713,2035-01-13 22:45:00,4833.57861328125,6054.9814453125,1221.40283203125,1306811.7449951172,294.99949580430984,392.0904224291444,0.0,0.0
1714,2035-01-13 22:50:00,4880.2900390625,6091.509765625,1211.2197265625,1308022.9647216797,294.79707431793213,392.0904224291444,0.0,0.0
1715,2035-01-13 22:55:00,4887.1669921875,6127.392578125,1240.2255859375,1309263.1903076172,293.5946176350117,392.0904224291444,0.0,0.0
1716,2035-01-13 23:00:00,4928.5751953125,6151.32568359375,1222.75048828125,1310485.9407958984,293.5946189761162,392.0904224291444,0.0,0.0
1717,2035-01-13 23:05:00,4917.78759765625,6162.11767578125,1244.330078125,1311730.2708740234,292.294634103775,392.0904224291444,0.0,0.0
1718,2035-01-13 23:10:00,4882.13037109375,6207.9951171875,1325.86474609375,1313056.1356201172,287.1913065314293,392.0904224291444,8.094530463218689,0.0
1719,2035-01-13 23:15:00,4798.5166015625,6212.84521484375,1414.32861328125,1314470.4642333984,284.15981674194336,392.35337817668915,8.058990687131882,1.0373074561357498
1720,2035-01-13 23:20:00,4747.8056640625,6204.4267578125,1456.62109375,1315927.0853271484,283.80364325642586,392.0320791080594,0.3735572025179863,0.24613981135189533
1721,2035-01-13 23:25:00,4743.99072265625,6199.2685546875,1455.27783203125,1317382.3631591797,283.6248748600483,392.0802112184465,0.08863985142670572,0.0
1722,2035-01-13 23:30:00,4768.59423828125,6144.49609375,1375.90185546875,1318758.2650146484,283.7803727388382,392.09042143821716,0.0,0.0
1723,2035-01-13 23:35:00,4744.919921875,6127.69873046875,1382.77880859375,1320141.0438232422,283.98703789711,392.09042143821716,0.0,0.0
1724,2035-01-13 23:40:00,4764.43115234375,6121.390625,1356.95947265625,1321498.0032958984,284.4070357680321,392.09042143821716,0.0,0.0
1725,2035-01-13 23:45:00,4768.5712890625,6129.4326171875,1360.861328125,1322858.8646240234,284.90037006139755,392.09042143821716,0.0,0.0
1726,2035-01-13 23:50:00,4776.953125,6144.7021484375,1367.7490234375,1324226.613647461,285.4403739273548,392.09042143821716,0.0,0.0
1727,2035-01-13 23:55:00,4789.66943359375,6150.310546875,1360.64111328125,1325587.2547607422,286.42860317230225,392.09042143821716,0.0,0.0
1728,2035-01-14 00:00:00,4826.51318359375,6156.91259765625,1330.3994140625,1326917.6541748047,288.2386245727539,392.09042143821716,0.0,0.0
1729,2035-01-14 00:05:00,4829.09033203125,6157.74609375,1328.65576171875,1328246.3099365234,290.0586168766022,392.09042143821716,0.0,0.0
1730,2035-01-14 00:10:00,4847.509765625,6153.3720703125,1305.8623046875,1329552.172241211,290.39861845970154,392.09042143821716,0.0,0.0
1731,2035-01-14 00:15:00,4883.0126953125,6171.72265625,1288.7099609375,1330840.8822021484,290.82859790325165,392.5434651970863,0.0,0.0
1732,2035-01-14 00:20:00,4829.31982421875,6162.85205078125,1333.5322265625,1332174.414428711,292.10856437683105,393.1770620308816,0.0,0.0
1733,2035-01-14 00:25:00,4813.76171875,6204.21044921875,1390.44873046875,1333564.8631591797,290.848566621542,394.92226749658585,0.0,0.0
1734,2035-01-14 00:30:00,4774.87255859375,6085.572265625,1310.69970703125,1334875.562866211,290.9385712146759,393.6311151869595,0.0,7.143252350389957
1735,2035-01-14 00:35:00,4703.4091796875,6056.52734375,1353.1181640625,1336228.6810302734,290.21857863664627,394.5726172924041,0.0,0.0
1736,2035-01-14 00:40:00,4689.44140625,6027.5380859375,1338.0966796875,1337566.777709961,287.80857279896736,394.86546301469207,0.0,0.0
1737,2035-01-14 00:45:00,4615.9755859375,5975.73779296875,1359.76220703125,1338926.5399169922,286.2585631608963,394.61686883866787,0.0,0.0
1738,2035-01-14 00:50:00,4583.0458984375,5918.662109375,1335.6162109375,1340262.1561279297,284.58703392744064,393.75687050819397,0.0,0.0
1739,2035-01-14 00:55:00,4459.73388671875,5758.400390625,1298.66650390625,1341560.822631836,280.1940979204046,387.1061632997262,0.0,0.0
1740,2035-01-14 01:00:00,4467.29248046875,5748.9794921875,1281.68701171875,1342842.5096435547,279.9984489596354,385.83109884624355,0.0,0.0
1741,2035-01-14 01:05:00,4487.041015625,5785.71044921875,1298.66943359375,1344141.1790771484,281.49284183979034,387.74115155637264,0.0,0.0
1742,2035-01-14 01:10:00,4504.26953125,5839.916015625,1335.646484375,1345476.8255615234,282.1920679807663,389.94547999277705,0.0,0.0
1743,2035-01-14 01:15:00,4494.45703125,5828.775390625,1334.318359375,1346811.1439208984,282.1920679807663,389.94547999277705,0.0,0.0
1744,2035-01-14 01:20:00,4478.0087890625,5811.49951171875,1333.49072265625,1348144.6346435547,282.1920679807663,389.94547999277705,0.0,0.0
1745,2035-01-14 01:25:00,4465.6982421875,5798.32177734375,1332.62353515625,1349477.258178711,282.1920679807663,389.94547999277705,0.0,0.0
1746,2035-01-14 01:30:00,4452.27490234375,5783.9892578125,1331.71435546875,1350808.9725341797,282.1920679807663,389.94547999277705,0.0,0.0
1747,2035-01-14 01:35:00,4455.21240234375,5786.32373046875,1331.111328125,1352140.0838623047,282.1920679807663,389.94547999277705,0.0,0.0
1748,2035-01-14 01:40:00,4457.3583984375,5787.8330078125,1330.474609375,1353470.5584716797,282.1920679807663,389.94547999277705,0.0,0.0
1749,2035-01-14 01:45:00,4462.7060546875,5792.744140625,1330.0380859375,1354800.5965576172,282.1920679807663,389.94547999277705,0.0,0.0
1750,2035-01-14 01:50:00,4476.63818359375,5806.87353515625,1330.2353515625,1356130.8319091797,282.1920679807663,389.94547999277705,0.0,0.0
1751,2035-01-14 01:55:00,4467.7353515625,5798.4765625,1330.7412109375,1357461.5731201172,282.1920679807663,389.94547999277705,0.0,0.0
1752,2035-01-14 02:00:00,4482.9951171875,5813.97021484375,1330.97509765625,1358792.5482177734,282.1920679807663,389.94547999277705,0.0,0.0
1753,2035-01-14 02:05:00,4496.67919921875,5828.00537109375,1331.326171875,1360123.8743896484,282.1920679807663,389.94547999277705,0.0,0.0
1754,2035-01-14 02:10:00,4501.72314453125,5832.6708984375,1330.94775390625,1361454.8221435547,282.1920679807663,389.94547999277705,0.0,0.0
1755,2035-01-14 02:15:00,4497.59765625,5827.7021484375,1330.1044921875,1362784.9266357422,282.1920679807663,389.94547999277705,0.0,0.0
1756,2035-01-14 02:20:00,4493.177734375,5822.203125,1329.025390625,1364113.9520263672,282.1920679807663,389.94547999277705,0.0,0.0
1757,2035-01-14 02:25:00,4488.8427734375,5810.990234375,1322.1474609375,1365436.0994873047,282.2730421423912,389.94547999277705,0.0,0.0
1758,2035-01-14 02:30:00,4541.01123046875,5803.21142578125,1262.2001953125,1366698.2996826172,283.1870334148407,389.94547999277705,0.0,0.0
1759,2035-01-14 02:35:00,4529.7568359375,5783.6953125,1253.9384765625,1367952.2381591797,284.50035643577576,389.94547999277705,0.0,0.0
1760,2035-01-14 02:40:00,4525.55224609375,5767.99853515625,1242.4462890625,1369194.6844482422,285.69369518756866,389.94547999277705,0.0,0.0
1761,2035-01-14 02:45:00,4528.8974609375,5742.96826171875,1214.07080078125,1370408.7552490234,288.30857795476913,389.94547999277705,0.0,0.0
1762,2035-01-14 02:50:00,4553.9306640625,5715.32470703125,1161.39404296875,1371570.1492919922,291.7485692501068,389.94547999277705,0.0,0.0
1763,2035-01-14 02:55:00,4568.521484375,5686.5537109375,1118.0322265625,1372688.1815185547,295.6285682320595,389.94547999277705,0.0,0.0
1764,2035-01-14 03:00:00,4579.822265625,5659.255859375,1079.43359375,1373767.6151123047,299.1085603237152,389.94547999277705,0.0,0.0
1765,2035-01-14 03:05:00,4570.3603515625,5637.09619140625,1066.73583984375,1374834.3509521484,301.79856127500534,389.94547999277705,0.0,0.0
1766,2035-01-14 03:10:00,4551.81396484375,5556.47802734375,1004.6640625,1375839.0150146484,303.24897652864456,387.93708574771875,0.0,0.0
1767,2035-01-14 03:15:00,4512.82275390625,5519.49072265625,1006.66796875,1376845.6829833984,302.933192840861,386.0423492706286,0.0,0.0
1768,2035-01-14 03:20:00,4499.42333984375,5501.93017578125,1002.5068359375,1377848.189819336,303.42265050773494,386.04234639470445,0.0,0.0
1769,2035-01-14 03:25:00,4451.07080078125,5492.6318359375,1041.56103515625,1378889.7508544922,302.7647720939385,386.0423435485827,0.0,0.0
1770,2035-01-14 03:30:00,4415.98388671875,5495.60693359375,1079.623046875,1379969.3739013672,300.24373728697174,386.04234067265855,0.0,0.0
1771,2035-01-14 03:35:00,4340.87255859375,5469.8583984375,1128.98583984375,1381098.359741211,295.43113640611045,383.7574183857905,0.0,0.0
1772,2035-01-14 03:40:00,4312.13720703125,5492.1455078125,1180.00830078125,1382278.3680419922,291.4288387811648,384.424085310744,0.0,0.0
1773,2035-01-14 03:45:00,4207.54443359375,5529.6708984375,1322.12646484375,1383600.494506836,283.74500871364944,386.0423416412341,0.0,0.0
1774,2035-01-14 03:50:00,4178.65185546875,5523.71826171875,1345.06640625,1384945.560913086,281.775539747523,386.04233876531,0.0,0.0
1775,2035-01-14 03:55:00,4180.39990234375,5528.87890625,1348.47900390625,1386294.0399169922,279.8903247035014,386.0423359191882,0.0,0.0
1776,2035-01-14 04:00:00,4285.39794921875,5623.94580078125,1338.5478515625,1387632.5877685547,282.3527243435383,389.9454647228122,0.0,0.0
1777,2035-01-14 04:05:00,4318.3349609375,5643.91064453125,1325.57568359375,1388958.1634521484,282.1920730173588,389.9454647228122,0.0,0.0
1778,2035-01-14 04:10:00,4336.94482421875,5662.70849609375,1325.763671875,1390283.9271240234,282.1920730173588,389.9454647228122,0.0,0.0
1779,2035-01-14 04:15:00,4370.072265625,5696.00244140625,1325.93017578125,1391609.8572998047,282.1920730173588,389.9454647228122,0.0,0.0
1780,2035-01-14 04:20:00,4403.0419921875,5729.10888671875,1326.06689453125,1392935.924194336,282.1920730173588,389.9454647228122,0.0,0.0
1781,2035-01-14 04:25:00,4431.322265625,5756.955078125,1325.6328125,1394261.557006836,282.1920730173588,389.9454647228122,0.0,0.0
1782,2035-01-14 04:30:00,4457.58935546875,5782.83154296875,1325.2421875,1395586.799194336,282.1920730173588,389.9454647228122,0.0,0.0
1783,2035-01-14 04:35:00,4425.8046875,5722.0927734375,1296.2880859375,1396883.0872802734,279.85074179534786,386.0423335201012,0.0,0.0
1784,2035-01-14 04:40:00,4438.71044921875,5734.09521484375,1295.384765625,1398178.4720458984,279.8507398581969,386.04233067397945,0.0,0.0
1785,2035-01-14 04:45:00,4454.560546875,5748.9033203125,1294.3427734375,1399472.814819336,279.85073818926685,386.0423277980553,0.0,0.0
1786,2035-01-14 04:50:00,4527.26611328125,5850.1103515625,1322.84423828125,1400795.6590576172,282.19206765294075,389.94545662775636,0.0,0.0
1787,2035-01-14 04:55:00,4537.3603515625,5859.4716796875,1322.111328125,1402117.7703857422,282.19206765294075,389.94545662775636,0.0,0.0
1788,2035-01-14 05:00:00,4550.9716796875,5872.26416015625,1321.29248046875,1403439.062866211,282.19206765294075,389.94545662775636,0.0,0.0
1789,2035-01-14 05:05:00,4563.4853515625,5883.8955078125,1320.41015625,1404759.473022461,282.19206765294075,389.94545662775636,0.0,0.0
1790,2035-01-14 05:10:00,4587.5546875,5907.2646484375,1319.7099609375,1406079.1829833984,282.19206765294075,389.94545662775636,0.0,0.0
1791,2035-01-14 05:15:00,4609.40283203125,5920.95166015625,1311.548828125,1407390.7318115234,282.2925425171852,389.94545662775636,0.0,0.0
1792,2035-01-14 05:20:00,4719.06982421875,5940.50439453125,1221.4345703125,1408612.166381836,284.28741204738617,389.94545662775636,0.0,0.0
1793,2035-01-14 05:25:00,4762.66259765625,5956.701171875,1194.03857421875,1409806.2049560547,286.3520768880844,389.94545662775636,0.0,0.0
1794,2035-01-14 05:30:00,4767.22802734375,5879.46044921875,1112.232421875,1410918.4373779297,287.94370918636196,386.04232542877065,0.0,0.0
1795,2035-01-14 05:35:00,4905.77978515625,5936.228515625,1030.44873046875,1411948.8861083984,296.33558618192546,386.66386812840574,0.0,0.0
1796,2035-01-14 05:40:00,5052.359375,6152.150390625,1099.791015625,1413048.6771240234,304.67143886451595,391.06868456359,0.0,0.0
1797,2035-01-14 05:45:00,5199.6923828125,6448.99853515625,1249.30615234375,1414297.9832763672,312.41878341798656,406.61675705303423,0.0,0.0
1798,2035-01-14 05:50:00,5342.4462890625,6757.509765625,1415.0634765625,1415713.0467529297,320.29281245832317,428.94182084416025,0.0,0.0
1799,2035-01-14 05:55:00,5418.24267578125,6896.12890625,1477.88623046875,1417190.9329833984,327.9237257755267,446.5498645502048,0.0,0.0
1800,2035-01-14 06:00:00,5828.21728515625,7364.05029296875,1535.8330078125,1418726.765991211,348.61514329080455,474.53325652246343,0.0,0.0
1801,2035-01-14 06:05:00,5985.6474609375,7492.00537109375,1506.35791015625,1420233.1239013672,366.37151079540126,494.3324311963188,0.0,0.0
1802,2035-01-14 06:10:00,5921.58740234375,7489.77685546875,1568.189453125,1421801.3133544922,371.9844033635127,504.3892728007304,0.0,0.0
1803,2035-01-14 06:15:00,6135.8173828125,7649.08154296875,1513.26416015625,1423314.5775146484,387.1949156737792,517.3982364154326,0.0,0.0
1804,2035-01-14 06:20:00,5983.82763671875,7568.25390625,1584.42626953125,1424899.0037841797,388.4754262185561,523.4125218643712,0.0,0.0
1805,2035-01-14 06:25:00,5976.544921875,7467.87060546875,1491.32568359375,1426390.3294677734,389.90180047516697,523.1417168295848,0.0,0.0
1806,2035-01-14 06:30:00,5545.30615234375,6992.40283203125,1447.0966796875,1427837.426147461,373.2272250569331,502.09576129083507,0.0,0.0
1807,2035-01-14 06:35:00,5461.3896484375,6690.29931640625,1228.90966796875,1429066.3358154297,363.523274815725,480.92134340767734,0.0,0.0
1808,2035-01-14 06:40:00,5170.984375,6424.15771484375,1253.17333984375,1430319.5091552734,346.3595629930496,461.31002770364285,0.0,0.0
1809,2035-01-14 06:45:00,4921.41943359375,6124.5146484375,1203.09521484375,1431522.6043701172,326.83228251338005,436.324412047863,0.0,0.0
1810,2035-01-14 06:50:00,4612.20361328125,5888.13330078125,1275.9296875,1432798.5340576172,305.3554864823818,414.4100617021322,0.0,0.0
1811,2035-01-14 06:55:00,4604.833984375,5778.9462890625,1174.1123046875,1433972.6463623047,295.5017735660076,399.5290594547987,0.0,0.0
1812,2035-01-14 07:00:00,4452.32177734375,5539.42724609375,1087.10546875,1435059.7518310547,285.8813101500273,383.82038128376007,0.0,0.0
1813,2035-01-14 07:05:00,4436.1064453125,5691.373046875,1255.2666015625,1436315.0184326172,284.642243295908,382.5886384397745,0.0,0.0
1814,2035-01-14 07:10:00,4521.1064453125,5722.6083984375,1201.501953125,1437516.5203857422,284.38483357429504,382.10144425556064,0.0,0.0
1815,2035-01-14 07:15:00,4526.4208984375,5711.7802734375,1185.359375,1438701.8797607422,284.7758866250515,382.10144425556064,0.0,0.0
1816,2035-01-14 07:20:00,4508.3447265625,5693.74658203125,1185.40185546875,1439887.281616211,284.7758866250515,382.10144425556064,0.0,0.0
1817,2035-01-14 07:25:00,4496.388671875,5682.302734375,1185.9140625,1441073.195678711,284.7758866250515,382.10144425556064,0.0,0.0
1818,2035-01-14 07:30:00,4487.861328125,5674.48486328125,1186.62353515625,1442259.8192138672,284.7758866250515,382.10144425556064,0.0,0.0
1819,2035-01-14 07:35:00,4484.28759765625,5672.0234375,1187.73583984375,1443447.555053711,284.7758866250515,382.10144425556064,0.0,0.0
1820,2035-01-14 07:40:00,4466.77783203125,5654.68359375,1187.90576171875,1444635.4608154297,284.7758866250515,382.10144425556064,0.0,0.0
1821,2035-01-14 07:45:00,4482.392578125,5669.810546875,1187.41796875,1445822.8787841797,284.7758866250515,382.10144425556064,0.0,0.0
1822,2035-01-14 07:50:00,4492.34814453125,5678.94091796875,1186.5927734375,1447009.4715576172,284.7758866250515,382.10144425556064,0.0,0.0
1823,2035-01-14 07:55:00,4496.8828125,5682.09375,1185.2109375,1448194.6824951172,284.7758866250515,382.10144425556064,0.0,0.0
1824,2035-01-14 08:00:00,4503.5126953125,5687.80517578125,1184.29248046875,1449378.974975586,284.7758866250515,382.10144425556064,0.0,0.0
1825,2035-01-14 08:05:00,4514.216796875,5697.75390625,1183.537109375,1450562.512084961,284.7758866250515,382.10144425556064,0.0,0.0
1826,2035-01-14 08:10:00,4523.501953125,5706.57861328125,1183.07666015625,1451745.5887451172,284.7758866250515,382.10144425556064,0.0,0.0
1827,2035-01-14 08:15:00,4537.8193359375,5720.44140625,1182.6220703125,1452928.2108154297,284.7758866250515,382.10144425556064,0.0,0.0
1828,2035-01-14 08:20:00,4551.16015625,5733.158203125,1181.998046875,1454110.2088623047,284.7758866250515,382.10144425556064,0.0,0.0
1829,2035-01-14 08:25:00,4541.2509765625,5723.7001953125,1182.44921875,1455292.6580810547,284.7758866250515,382.10144425556064,0.0,0.0
1830,2035-01-14 08:30:00,4547.865234375,5729.5595703125,1181.6943359375,1456474.3524169922,284.7758866250515,382.10144425556064,0.0,0.0
1831,2035-01-14 08:35:00,4560.3271484375,5741.1669921875,1180.83984375,1457655.1922607422,284.7758866250515,382.10144425556064,0.0,0.0
1832,2035-01-14 08:40:00,4563.32861328125,5743.146484375,1179.81787109375,1458835.010131836,284.7758866250515,382.10144425556064,0.0,0.0
1833,2035-01-14 08:45:00,4567.94287109375,5669.046875,1101.10400390625,1459936.1141357422,283.16728436117046,378.2359295329916,0.0,0.0
1834,2035-01-14 08:50:00,4598.7861328125,5679.21240234375,1080.42626953125,1461016.5404052734,282.6698075896966,378.23593214814537,0.0,0.0
1835,2035-01-14 08:55:00,4662.259765625,5716.052734375,1053.79296875,1462070.3333740234,284.6154268897044,378.2359347409474,0.0,0.0
1836,2035-01-14 09:00:00,4754.15234375,5774.83740234375,1020.68505859375,1463091.0184326172,289.5437230384814,378.42302627963,0.0,0.0
1837,2035-01-14 09:05:00,4801.79833984375,5855.87451171875,1054.076171875,1464145.0946044922,293.6542370236384,379.90345724587314,0.0,0.0
1838,2035-01-14 09:10:00,4845.65966796875,5873.06689453125,1027.4072265625,1465172.5018310547,296.9015875375735,381.67847528968923,0.0,0.0
1839,2035-01-14 09:15:00,4849.3408203125,5896.65673828125,1047.31591796875,1466219.8177490234,299.5542386687266,385.50642803599106,0.0,0.0
1840,2035-01-14 09:20:00,4862.51513671875,5929.9765625,1067.46142578125,1467287.2791748047,300.6805473483073,389.14848321591484,0.0,0.0
1841,2035-01-14 09:25:00,4881.04150390625,6027.9638671875,1146.92236328125,1468434.201538086,301.017386964606,393.04595979218357,0.0,0.0
1842,2035-01-14 09:30:00,4821.14697265625,6037.1689453125,1216.02197265625,1469650.2235107422,297.4120507231819,396.2168977624642,0.0,0.0
1843,2035-01-14 09:35:00,4826.5869140625,6082.90576171875,1256.31884765625,1470906.5423583984,293.50746890817754,396.6906096405255,0.0,0.0
1844,2035-01-14 09:40:00,4780.54833984375,6072.18115234375,1291.6328125,1472198.1751708984,289.88839483176343,396.8853638685213,0.0,0.0
1845,2035-01-14 09:45:00,4671.6884765625,6082.95068359375,1411.26220703125,1473609.4373779297,283.3332630312907,396.71401003663414,0.0,0.0
1846,2035-01-14 09:50:00,4684.10400390625,6085.06298828125,1400.958984375,1475010.3963623047,282.49076586131923,396.74053972129695,0.0,0.0
1847,2035-01-14 09:55:00,4700.69775390625,6096.9765625,1396.27880859375,1476406.6751708984,280.92021728222244,396.4352733260857,0.0,0.0
1848,2035-01-14 10:00:00,4773.5478515625,6097.5009765625,1323.953125,1477730.6282958984,282.6296622968184,396.4142429149615,0.0,0.0
1849,2035-01-14 10:05:00,4785.173828125,6040.04931640625,1254.87548828125,1478985.5037841797,282.62966405515544,393.37628098492496,0.0,0.0
1850,2035-01-14 10:10:00,4783.3466796875,5999.6806640625,1216.333984375,1480201.8377685547,282.6296658432948,389.8167250669467,0.0,0.0
1851,2035-01-14 10:15:00,4782.9794921875,5892.48046875,1109.5009765625,1481311.3387451172,282.62966763143413,382.4310074440109,0.0,0.0
1852,2035-01-14 10:20:00,4787.857421875,5912.14306640625,1124.28564453125,1482435.6243896484,282.6296694195735,380.7224697983729,0.0,0.0
1853,2035-01-14 10:25:00,4780.8291015625,5877.81005859375,1096.98095703125,1483532.6053466797,282.6296712077128,378.76172178153865,0.0,0.0
1854,2035-01-14 10:30:00,4769.21875,5870.39453125,1101.17578125,1484633.7811279297,282.62967299585216,377.7460726118552,0.0,0.0
1855,2035-01-14 10:35:00,4749.6650390625,5894.62109375,1144.9560546875,1485778.7371826172,282.6296747839915,378.2359426124858,0.0,0.0
1856,2035-01-14 10:40:00,4746.1025390625,5890.5048828125,1144.40234375,1486923.1395263672,282.62967657213085,378.23594520528786,0.0,0.0
1857,2035-01-14 10:45:00,4707.19970703125,5852.0927734375,1144.89306640625,1488068.0325927734,282.6296783602702,378.23594782044165,0.0,0.0
1858,2035-01-14 10:50:00,4699.10595703125,5842.78564453125,1143.6796875,1489211.7122802734,282.62968014840953,378.2359504132437,0.0,0.0
1859,2035-01-14 10:55:00,4667.4990234375,5810.76904296875,1143.27001953125,1490354.9822998047,282.6296819365489,378.2359530283975,0.0,0.0
1860,2035-01-14 11:00:00,4638.2734375,5780.88720703125,1142.61376953125,1491497.596069336,282.6296837246882,378.23595562119954,0.0,0.0
1861,2035-01-14 11:05:00,4619.55419921875,5758.95166015625,1139.3974609375,1492636.9935302734,282.6616465664374,378.2359582363533,0.0,0.0
1862,2035-01-14 11:10:00,4649.65869140625,5727.353515625,1077.69482421875,1493714.6883544922,283.3047041810023,378.2359608291554,0.0,0.0
1863,2035-01-14 11:15:00,4630.5869140625,5709.38037109375,1078.79345703125,1494793.4818115234,283.0382122910487,378.23596344430916,0.0,0.0
1864,2035-01-14 11:20:00,4613.736328125,5690.287109375,1076.55078125,1495870.0325927734,284.4487435026931,378.2359660371112,0.0,0.0
1865,2035-01-14 11:25:00,4632.23681640625,5677.62841796875,1045.3916015625,1496915.424194336,288.05418162708156,378.235968652265,0.0,0.0
1866,2035-01-14 11:30:00,4669.587890625,5681.720703125,1012.1328125,1497927.557006836,291.0804756796824,378.23597124506705,0.0,0.0
1867,2035-01-14 11:35:00,4701.9921875,5694.990234375,992.998046875,1498920.555053711,293.64890243773334,378.23597386022084,0.0,0.0
1868,2035-01-14 11:40:00,4742.90380859375,5716.10693359375,973.203125,1499893.758178711,295.57522054676883,378.2359764530229,0.0,0.0
1869,2035-01-14 11:45:00,4753.57080078125,5740.81640625,987.24560546875,1500881.0037841797,296.6015457427966,378.2359790681767,0.0,0.0
1870,2035-01-14 11:50:00,4799.28076171875,5779.32177734375,980.041015625,1501861.0447998047,296.55946909551494,378.2359816609787,0.0,0.0
1871,2035-01-14 11:55:00,4851.109375,5805.11181640625,954.00244140625,1502815.047241211,297.4383913791644,378.2359842761325,0.0,0.0
1872,2035-01-14 12:00:00,4863.69921875,5884.2919921875,1020.5927734375,1503835.6400146484,298.25415783290737,379.09521749530904,0.0,0.0
1873,2035-01-14 12:05:00,4907.1396484375,6243.0390625,1335.8994140625,1505171.539428711,297.701542488383,392.0829528943541,0.0,0.0
1874,2035-01-14 12:10:00,4956.705078125,6457.05615234375,1500.35107421875,1506671.8905029297,297.62260194783084,409.5072187740261,0.0,0.0
1875,2035-01-14 12:15:00,5021.57861328125,6595.5947265625,1574.01611328125,1508245.906616211,298.8452091730105,423.9008704750704,0.0,0.0
1876,2035-01-14 12:20:00,5400.9140625,6850.57421875,1449.66015625,1509695.566772461,315.0270337379443,440.9124911386425,0.0,0.0
1877,2035-01-14 12:25:00,5454.9423828125,6920.859375,1465.9169921875,1511161.4837646484,323.989168158816,450.7004771745669,0.0,0.0
1878,2035-01-14 12:30:00,5602.3701171875,6998.59033203125,1396.22021484375,1512557.7039794922,334.1646616971957,458.4985301560627,0.0,0.0
1879,2035-01-14 12:35:00,5747.216796875,7109.794921875,1362.578125,1513920.2821044922,344.1501916563975,466.7699025041329,0.0,0.0
1880,2035-01-14 12:40:00,5758.24267578125,7173.86474609375,1415.6220703125,1515335.9041748047,348.0542828357684,473.5225823438632,0.0,0.0
1881,2035-01-14 12:45:00,5867.4306640625,7263.50439453125,1396.07373046875,1516731.9779052734,356.44618069295757,479.48602750812637,0.0,0.0
1882,2035-01-14 12:50:00,5702.0234375,7461.80419921875,1759.78076171875,1518491.7586669922,357.58267066542976,491.1788660800921,0.0,19.02673575282097
1883,2035-01-14 12:55:00,5798.48046875,7486.62841796875,1688.14794921875,1520179.906616211,357.40683662061565,496.54991124400834,0.0,0.0
1884,2035-01-14 13:00:00,5784.22021484375,7503.57568359375,1719.35546875,1521899.262084961,358.771307728337,500.1100612181144,0.0,0.0
1885,2035-01-14 13:05:00,5577.345703125,7453.900390625,1876.5546875,1523775.816772461,350.85050641660564,502.65349747071014,0.0,0.0
1886,2035-01-14 13:10:00,5423.69921875,7168.251953125,1744.552734375,1525520.369506836,341.24378713135593,488.37925500337946,0.0,0.0
1887,2035-01-14 13:15:00,5397.9765625,7094.60546875,1696.62890625,1527216.998413086,335.01131974820964,479.49152933721416,0.0,0.0
1888,2035-01-14 13:20:00,5260.82861328125,6630.89599609375,1370.0673828125,1528587.0657958984,326.98954307203167,454.69876677458154,0.0,0.0
1889,2035-01-14 13:25:00,5245.27099609375,6289.1064453125,1043.83544921875,1529630.9012451172,324.7724664910602,428.6031072243022,0.0,0.0
1890,2035-01-14 13:30:00,5090.63232421875,6171.048828125,1080.41650390625,1530711.3177490234,317.4420095599162,412.6771783745753,0.0,0.0
1891,2035-01-14 13:35:00,4931.60546875,6063.06689453125,1131.46142578125,1531842.7791748047,307.8268425679671,401.8185209846961,0.0,0.0
1892,2035-01-14 13:40:00,4826.1943359375,5839.29296875,1013.0986328125,1532855.8778076172,300.672560564326,390.986927351998,0.0,0.0
1893,2035-01-14 13:45:00,4693.54052734375,5912.5380859375,1218.99755859375,1534074.875366211,292.6087419009673,393.90907248024814,0.0,0.0
1894,2035-01-14 13:50:00,4631.646484375,5933.009765625,1301.36328125,1535376.238647461,285.858044675635,391.4585856414305,0.0,0.0
1895,2035-01-14 13:55:00,4589.67333984375,6000.9111328125,1411.23779296875,1536787.4764404297,282.2385669267642,393.7041288084256,0.0,0.0
1896,2035-01-14 14:00:00,4599.50390625,5976.82861328125,1377.32470703125,1538164.801147461,283.6930938280093,393.70413697426187,0.0,0.0
1897,2035-01-14 14:05:00,4679.046875,5991.6640625,1312.6171875,1539477.418334961,282.62045206789844,393.70414514009826,0.0,0.0
1898,2035-01-14 14:10:00,4747.62109375,6079.2939453125,1331.6728515625,1540809.0911865234,284.7666743695736,396.63150190934533,0.0,0.0
1899,2035-01-14 14:15:00,4749.51904296875,6081.40673828125,1331.8876953125,1542140.978881836,284.7666743695736,396.63150190934533,0.0,0.0
1900,2035-01-14 14:20:00,4702.0390625,6015.34619140625,1313.30712890625,1543454.2860107422,282.62045382623546,393.70415348474853,0.0,0.0
1901,2035-01-14 14:25:00,4706.3994140625,6021.45556640625,1315.05615234375,1544769.342163086,282.6204556143748,393.7041616505848,0.0,0.0
1902,2035-01-14 14:30:00,4707.9951171875,6024.5361328125,1316.541015625,1546085.883178711,282.62045740251415,393.7041698164212,0.0,0.0
1903,2035-01-14 14:35:00,4741.083984375,6057.5400390625,1316.4560546875,1547402.3392333984,282.6204591906535,393.70417798225753,0.0,0.0
1904,2035-01-14 14:40:00,4834.228515625,6168.86083984375,1334.63232421875,1548736.9715576172,284.76668152213097,396.63153475150466,0.0,0.0
1905,2035-01-14 14:45:00,4867.27734375,6201.56689453125,1334.28955078125,1550071.2611083984,284.76668152213097,396.63153475150466,0.0,0.0
1906,2035-01-14 14:50:00,4908.3408203125,6242.98828125,1334.6474609375,1551405.908569336,284.76668152213097,396.63153475150466,0.0,0.0
1907,2035-01-14 14:55:00,4894.0703125,6319.98095703125,1425.91064453125,1552831.8192138672,282.62046097879283,391.0503434781822,0.0,0.0
1908,2035-01-14 15:00:00,4933.482421875,6706.74609375,1773.263671875,1554605.0828857422,282.6204627669322,413.15600756098496,0.0,0.0
1909,2035-01-14 15:05:00,5054.68896484375,6975.814453125,1921.12548828125,1556526.2083740234,283.53768508796566,435.7871559477316,0.0,0.0
1910,2035-01-14 15:10:00,5579.1611328125,7345.83642578125,1766.67529296875,1558292.8836669922,304.0177457845675,462.7746159872877,0.0,0.0
1911,2035-01-14 15:15:00,5621.9580078125,7446.1015625,1824.1435546875,1560117.0272216797,322.254536441611,481.0896653226482,0.0,0.0
1912,2035-01-14 15:20:00,5893.220703125,7691.1630859375,1797.9423828125,1561914.9696044922,342.9867038047778,500.71393550475113,0.0,0.0
1913,2035-01-14 15:25:00,5965.1044921875,7776.34375,1811.2392578125,1563726.2088623047,356.53248529796474,514.4761953354719,0.0,0.0
1914,2035-01-14 15:30:00,5932.4580078125,7702.71533203125,1770.25732421875,1565496.4661865234,360.7912601745593,518.1532517588603,0.0,0.0
1915,2035-01-14 15:35:00,5820.7880859375,7604.01171875,1783.2236328125,1567279.689819336,361.8764234996306,517.2264096951949,0.0,0.0
1916,2035-01-14 15:40:00,5641.216796875,7371.34814453125,1730.13134765625,1569009.8211669922,350.373956522988,502.83848669295185,0.0,0.0
1917,2035-01-14 15:45:00,5433.13037109375,7124.08642578125,1690.9560546875,1570700.7772216797,336.9294186449515,487.04163653318756,0.0,0.0
1918,2035-01-14 15:50:00,5192.95556640625,6864.90478515625,1671.94921875,1572372.7264404297,320.4213436460959,468.54255930249565,0.0,0.0
1919,2035-01-14 15:55:00,5202.22607421875,6661.0673828125,1458.84130859375,1573831.5677490234,312.99764441614025,451.31091190044754,0.0,0.0
1920,2035-01-14 16:00:00,5168.9462890625,6540.0703125,1371.1240234375,1575202.691772461,310.0805087621229,438.4808577514159,0.0,0.0
1921,2035-01-14 16:05:00,5220.8037109375,6386.43359375,1165.6298828125,1576368.3216552734,310.3207881450653,427.19829273223877,0.0,0.0
1922,2035-01-14 16:10:00,5215.6787109375,6307.99755859375,1092.31884765625,1577460.6405029297,308.9401014447212,415.254304677248,0.0,0.0
1923,2035-01-14 16:15:00,5127.4169921875,6075.890625,948.4736328125,1578409.1141357422,306.6120318389403,398.8611567607986,0.0,0.0
1924,2035-01-14 16:20:00,5088.73291015625,6051.7822265625,963.04931640625,1579372.1634521484,306.3541278756129,394.5399330324399,0.0,0.0
1925,2035-01-14 16:25:00,5076.21337890625,6040.7685546875,964.55517578125,1580336.7186279297,306.0593784964549,392.953670702027,0.0,0.0
1926,2035-01-14 16:30:00,5075.95263671875,6074.7236328125,998.77099609375,1581335.4896240234,306.9751560307013,394.07261358861797,0.0,0.0
1927,2035-01-14 16:35:00,5034.36083984375,6078.8193359375,1044.45849609375,1582379.9481201172,307.70672719840877,394.2254653341042,0.0,0.0
1928,2035-01-14 16:40:00,5062.5869140625,6105.96533203125,1043.37841796875,1583423.326538086,307.7120124614703,394.3314543097185,0.0,0.0
1929,2035-01-14 16:45:00,5038.40283203125,6134.84716796875,1096.4443359375,1584519.7708740234,308.6172978497016,396.6240974004286,0.0,0.0
1930,2035-01-14 16:50:00,5110.6416015625,6319.25146484375,1208.60986328125,1585728.3807373047,310.91844683885574,408.42000153288245,0.0,0.0
1931,2035-01-14 16:55:00,5034.5,6412.1826171875,1377.6826171875,1587106.0633544922,309.0120276427733,416.07692769271307,0.0,0.0
1932,2035-01-14 17:00:00,5051.8046875,6500.244140625,1448.439453125,1588554.5028076172,309.30674373273723,425.31638514165746,0.0,0.0
1933,2035-01-14 17:05:00,5115.6240234375,6551.54150390625,1435.91748046875,1589990.420288086,311.65650784139507,433.3418865269886,0.0,0.0
1934,2035-01-14 17:10:00,5292.90185546875,6785.4873046875,1492.58544921875,1591483.0057373047,323.1572344816195,449.6302164579647,0.0,0.0
1935,2035-01-14 17:15:00,5487.29541015625,7045.81103515625,1558.515625,1593041.5213623047,335.84871118430965,466.8115878804492,0.0,0.0
1936,2035-01-14 17:20:00,5592.30859375,7162.958984375,1570.650390625,1594612.1717529297,347.7921101963984,481.3203790221269,0.0,0.0
1937,2035-01-14 17:25:00,5777.9208984375,7373.79150390625,1595.87060546875,1596208.0423583984,362.08890747194164,497.71957751325317,0.0,0.0
1938,2035-01-14 17:30:00,5992.25927734375,7579.06787109375,1586.80859375,1597794.8509521484,379.3009198225009,515.2879123325365,0.0,0.0
1939,2035-01-14 17:35:00,6251.8603515625,7926.90869140625,1675.04833984375,1599469.8992919922,399.6996031320559,535.7116582757699,0.0,0.0
1940,2035-01-14 17:40:00,6288.74169921875,8077.3955078125,1788.65380859375,1601258.553100586,412.0463678157794,552.5173797449934,0.0,0.0
1941,2035-01-14 17:45:00,6520.0263671875,8345.232421875,1825.2060546875,1603083.7591552734,428.34819900159704,571.8667594307008,0.0,0.0
1942,2035-01-14 17:50:00,6853.0859375,8502.060546875,1648.974609375,1604732.7337646484,454.154946565628,589.142138027586,23.165394842624664,0.0
1943,2035-01-14 17:55:00,6642.923828125,8366.44921875,1723.525390625,1606456.2591552734,450.25065317749977,589.8289555762894,0.0,0.0
1944,2035-01-14 18:00:00,6699.111328125,8422.60546875,1723.494140625,1608179.7532958984,452.2958768606186,592.2103670015931,0.0,0.0
1945,2035-01-14 18:05:00,6690.53466796875,8443.5224609375,1752.98779296875,1609932.7410888672,454.5500728189945,596.3103425838053,0.0,0.0
1946,2035-01-14 18:10:00,6560.77978515625,8333.94140625,1773.16162109375,1611705.902709961,452.4027183577418,597.328932672739,0.0,0.0
1947,2035-01-14 18:15:00,6412.2841796875,8133.58251953125,1721.29833984375,1613427.2010498047,439.46936556696886,583.9271704256535,0.0,0.0
1948,2035-01-14 18:20:00,6161.970703125,7843.583984375,1681.61328125,1615108.8143310547,423.6599032878876,566.6196109950542,0.0,0.0
1949,2035-01-14 18:25:00,5640.8056640625,7333.8310546875,1693.025390625,1616801.8397216797,394.0599683523178,537.9663560092449,0.0,0.0
1950,2035-01-14 18:30:00,5464.84228515625,7184.8974609375,1720.05517578125,1618521.894897461,370.748481541872,516.592620447278,0.0,0.0
1951,2035-01-14 18:35:00,5104.763671875,6817.71484375,1712.951171875,1620234.846069336,345.5614036023617,491.7168936580419,0.0,0.0
1952,2035-01-14 18:40:00,4896.12451171875,6642.044921875,1745.92041015625,1621980.7664794922,320.08046758174896,469.687196418643,0.0,0.0
1953,2035-01-14 18:45:00,4895.55126953125,6470.56982421875,1575.0185546875,1623555.7850341797,308.19158828258514,451.46676047146315,0.0,0.0
1954,2035-01-14 18:50:00,4899.662109375,6206.20849609375,1306.54638671875,1624862.3314208984,303.91610707342625,429.97898633778095,0.0,0.0
1955,2035-01-14 18:55:00,4954.0791015625,6234.5986328125,1280.51953125,1626142.8509521484,301.84480506181717,419.7036675810814,0.0,0.0
1956,2035-01-14 19:00:00,4918.0556640625,6063.98681640625,1145.93115234375,1627288.7821044922,301.07814306020737,406.62555781751865,0.0,0.0
1957,2035-01-14 19:05:00,5001.7509765625,6141.68310546875,1139.93212890625,1628428.7142333984,300.90883657336235,404.68312349915504,0.0,0.0
1958,2035-01-14 19:10:00,4997.94775390625,6096.818359375,1098.87060546875,1629527.5848388672,300.93281891942024,398.97305878996843,0.0,0.0
1959,2035-01-14 19:15:00,5000.88818359375,6126.1259765625,1125.23779296875,1630652.822631836,300.93281891942024,397.06267658621067,0.0,0.0
1960,2035-01-14 19:20:00,5000.71240234375,6142.98583984375,1142.2734375,1631795.096069336,300.93281891942024,397.38066386803985,0.0,0.0
1961,2035-01-14 19:25:00,4999.78759765625,6197.0615234375,1197.27392578125,1632992.3699951172,300.93281891942024,397.8749954104423,0.0,0.0
1962,2035-01-14 19:30:00,5008.7548828125,6383.66357421875,1374.90869140625,1634367.2786865234,300.93281891942024,408.2535042865201,0.0,0.0
1963,2035-01-14 19:35:00,4983.4365234375,6527.0400390625,1543.603515625,1635910.8822021484,300.93281891942024,421.0141997217433,0.0,0.0
1964,2035-01-14 19:40:00,5003.59033203125,7079.72314453125,2076.1328125,1637987.0150146484,300.84258568286896,422.2905173227191,0.0,60.315377712249756
1965,2035-01-14 19:45:00,5077.65234375,6919.3916015625,1841.7392578125,1639828.754272461,300.1221016943455,451.5623544892296,0.0,0.0
1966,2035-01-14 19:50:00,5256.70361328125,7069.12109375,1812.41748046875,1641641.1717529297,309.16576904058456,469.80264366976917,0.0,0.0
1967,2035-01-14 19:55:00,5489.0947265625,7311.27490234375,1822.18017578125,1643463.351928711,324.4803160429001,489.11342547927046,0.0,0.0
1968,2035-01-14 20:00:00,5778.90673828125,7512.642578125,1733.73583984375,1645197.0877685547,344.7475047111511,506.9287201575935,0.0,0.0
1969,2035-01-14 20:05:00,5880.4814453125,7660.1357421875,1779.654296875,1646976.7420654297,359.1291888356209,522.3082145219669,0.0,0.0
1970,2035-01-14 20:10:00,5906.4970703125,7622.74560546875,1716.24853515625,1648692.990600586,368.30521512031555,527.8028627336025,0.0,0.0
1971,2035-01-14 20:15:00,6051.1669921875,7854.06494140625,1802.89794921875,1650495.8885498047,379.20356345176697,542.2004035841674,0.0,0.0
1972,2035-01-14 20:20:00,5926.0576171875,7719.42724609375,1793.36962890625,1652289.258178711,379.87632620334625,542.9999297947215,0.0,0.0
1973,2035-01-14 20:25:00,5891.6982421875,7648.7978515625,1757.099609375,1654046.357788086,380.92634069919586,542.6393321752548,0.0,0.0
1974,2035-01-14 20:30:00,5683.5595703125,7495.8203125,1812.2607421875,1655858.6185302734,370.66252142190933,534.9163672924042,0.0,0.0
1975,2035-01-14 20:35:00,5406.767578125,7152.42822265625,1745.66064453125,1657604.2791748047,355.01747783188694,515.3078988111483,0.0,0.0
1976,2035-01-14 20:40:00,5244.4091796875,6943.2890625,1698.8798828125,1659303.1590576172,342.8175267792212,501.17417260174625,0.0,0.0
1977,2035-01-14 20:45:00,4952.9111328125,6692.7275390625,1739.81640625,1661042.9754638672,324.2310506618487,483.6967805392014,0.0,0.0
1978,2035-01-14 20:50:00,4878.1064453125,6531.7958984375,1653.689453125,1662696.6649169922,312.49237435226314,468.50646119480007,0.0,0.0
1979,2035-01-14 20:55:00,4716.7060546875,6343.3115234375,1626.60546875,1664323.2703857422,300.7467557704913,453.0208706325757,0.0,0.0
1980,2035-01-14 21:00:00,4763.580078125,6092.7138671875,1329.1337890625,1665652.4041748047,299.5971261775958,434.82212056879865,0.0,0.0
1981,2035-01-14 21:05:00,4835.7958984375,6020.685546875,1184.8896484375,1666837.2938232422,298.80870606665485,422.30524209802024,0.0,0.0
1982,2035-01-14 21:10:00,4865.7314453125,6062.20654296875,1196.47509765625,1668033.7689208984,300.5978705883026,420.5831109881401,0.0,0.0
1983,2035-01-14 21:15:00,4891.8115234375,6090.560546875,1198.7490234375,1669232.517944336,300.932815939188,417.05653300881386,0.0,0.0
1984,2035-01-14 21:20:00,4874.90576171875,6045.24462890625,1170.3388671875,1670402.8568115234,300.932815939188,412.6466048806906,0.0,0.0
1985,2035-01-14 21:25:00,4864.24853515625,6042.80029296875,1178.5517578125,1671581.408569336,300.89257127046585,410.076563231647,0.0,0.0
1986,2035-01-14 21:30:00,4872.10546875,6067.52734375,1195.421875,1672776.830444336,300.62842333316803,410.3171911537647,0.0,0.0
1987,2035-01-14 21:35:00,4857.02880859375,6088.828125,1231.79931640625,1674008.6297607422,300.1111838966608,411.95719509571785,0.0,0.0
1988,2035-01-14 21:40:00,4820.86865234375,6059.2900390625,1238.42138671875,1675247.051147461,298.53573872809284,411.4779403825196,0.0,0.0
1989,2035-01-14 21:45:00,4821.82421875,6135.36474609375,1313.54052734375,1676560.5916748047,299.39384629492633,415.77267607216703,0.0,0.0
1990,2035-01-14 21:50:00,4847.86474609375,6185.16357421875,1337.298828125,1677897.8905029297,300.0915165460574,420.746364987539,0.0,0.0
1991,2035-01-14 21:55:00,4895.26318359375,6191.17138671875,1295.908203125,1679193.7987060547,301.49935066615217,424.22656872038715,0.0,0.0
1992,2035-01-14 22:00:00,4962.3310546875,6269.03125,1306.7001953125,1680500.4989013672,307.92392714981906,427.72538088922374,0.0,0.0
1993,2035-01-14 22:05:00,5013.88818359375,6330.65185546875,1316.763671875,1681817.2625732422,313.70288013582103,432.97798027013414,0.0,0.0
1994,2035-01-14 22:10:00,5004.779296875,6264.29150390625,1259.51220703125,1683076.7747802734,317.87657993202083,435.57393149201744,0.0,0.0
1995,2035-01-14 22:15:00,4978.732421875,6247.72021484375,1268.98779296875,1684345.7625732422,319.4449493504035,434.5686748093831,0.0,0.0
1996,2035-01-14 22:20:00,4961.11279296875,6250.90625,1289.79345703125,1685635.5560302734,321.01276087760925,436.0165218263864,0.0,0.0
1997,2035-01-14 22:25:00,4879.01904296875,6120.42919921875,1241.41015625,1686876.9661865234,316.81233440339565,429.74142074584955,0.0,0.0
1998,2035-01-14 22:30:00,4816.19580078125,6096.86474609375,1280.6689453125,1688157.635131836,311.7386013865471,425.37088811397547,0.0,0.0
1999,2035-01-14 22:35:00,4749.310546875,5867.43505859375,1118.12451171875,1689275.7596435547,306.94820111989975,412.8593289107084,0.0,0.0
2000,2035-01-14 22:40:00,4728.0361328125,5748.40380859375,1020.36767578125,1690296.127319336,302.9447453171015,402.77218428999186,0.0,0.0
2001,2035-01-14 22:45:00,4716.4736328125,5716.10400390625,999.63037109375,1691295.7576904297,302.17806854844093,397.5458151102066,0.0,0.0
2002,2035-01-14 22:50:00,4699.69921875,5558.98291015625,859.28369140625,1692155.041381836,301.17808279395103,384.65105767548084,0.0,0.0
2003,2035-01-14 22:55:00,4720.111328125,5547.10009765625,826.98876953125,1692982.0301513672,300.4416700452566,380.5000123232603,0.0,0.0
2004,2035-01-14 23:00:00,4753.4794921875,5604.9677734375,851.48828125,1693833.5184326172,300.9328104555607,382.28952091932297,0.0,0.0
2005,2035-01-14 23:05:00,4746.0615234375,5694.53955078125,948.47802734375,1694781.996459961,300.9328104555607,384.58319399133325,0.0,0.0
2006,2035-01-14 23:10:00,4740.44140625,5690.8974609375,950.4560546875,1695732.4525146484,300.9328104555607,384.5798911638558,0.0,0.0
2007,2035-01-14 23:15:00,4732.99609375,5686.83740234375,953.84130859375,1696686.2938232422,300.9328104555607,384.5825738608837,0.0,0.0
2008,2035-01-14 23:20:00,4734.38134765625,5689.271484375,954.89013671875,1697641.183959961,300.9328104555607,384.5825738608837,0.0,0.0
2009,2035-01-14 23:25:00,4728.69140625,5686.01904296875,957.32763671875,1698598.5115966797,300.9328104555607,384.5825738608837,0.0,0.0
2010,2035-01-14 23:30:00,4717.4267578125,5678.10693359375,960.68017578125,1699559.191772461,300.9328104555607,384.5825738608837,0.0,0.0
2011,2035-01-14 23:35:00,4708.9052734375,5671.85595703125,962.95068359375,1700522.1424560547,300.9328104555607,384.5825738608837,0.0,0.0
2012,2035-01-14 23:40:00,4700.44775390625,5666.26318359375,965.8154296875,1701487.9578857422,300.9328104555607,384.5825738608837,0.0,0.0
2013,2035-01-14 23:45:00,4702.36669921875,5668.7822265625,966.41552734375,1702454.373413086,300.9328104555607,384.5825738608837,0.0,0.0
2014,2035-01-14 23:50:00,4698.8681640625,5666.478515625,967.6103515625,1703421.9837646484,300.9328104555607,384.5825738608837,0.0,0.0
2015,2035-01-14 23:55:00,4704.130859375,5671.404296875,967.2734375,1704389.2572021484,300.9328104555607,384.5825738608837,0.0,0.0
2016,2035-01-15 00:00:00,4725.30517578125,5687.44677734375,962.1416015625,1705351.398803711,300.9328104555607,384.5825738608837,0.0,0.0
2017,2035-01-15 00:05:00,4675.25244140625,5625.78515625,950.53271484375,1706301.9315185547,299.1768118656146,382.2089767522084,0.0,0.0
